taxon_id,scientific_name,vernacular_name_ja,taxon_group_ja,redlist_kanagawa,redlist_national,ias_category,gbif_match_type,source_id,reason
abbottina rivularis,Abbottina rivularis,ツチフキ,汽水・淡水魚類,,絶滅危惧IB類（EN）,,,moe_redlist,GBIFへの照会自体が未実施（gbif_taxon_key欠落・gbif_match_type=NULL）
abelia chinensis var. ionandra,Abelia chinensis var. ionandra,タイワンツクバネウツギ,維管束植物,,絶滅危惧ⅠＡ類（CR）,,,moe_redlist,GBIFへの照会自体が未実施（gbif_taxon_key欠落・gbif_match_type=NULL）
abelmoschus moschatus var. betulifolius,Abelmoschus moschatus var. betulifolius,センカクトロロアオイ,維管束植物,,絶滅危惧ⅠＡ類（CR）,,,moe_redlist,GBIFへの照会自体が未実施（gbif_taxon_key欠落・gbif_match_type=NULL）
abrodictyum boninense,Abrodictyum boninense,ハハジマホラゴケ,維管束植物,,絶滅危惧Ⅱ類（VU）,,,moe_redlist,GBIFへの照会自体が未実施（gbif_taxon_key欠落・gbif_match_type=NULL）
abroscelis anchoralis,Abroscelis anchoralis,イカリモンハンミョウ,昆虫類,,絶滅危惧IB類（EN）,,,moe_redlist,GBIFへの照会自体が未実施（gbif_taxon_key欠落・gbif_match_type=NULL）
acacia confusa,Acacia confusa,ソウシジュ（タイワンアカシア）,植物,,,重点対策外来種,,moe_ias_list,GBIFへの照会自体が未実施（gbif_taxon_key欠落・gbif_match_type=NULL）
acacia longifolia,Acacia longifolia,ナガバアカシア,植物,,,重点対策外来種,,moe_ias_list,GBIFへの照会自体が未実施（gbif_taxon_key欠落・gbif_match_type=NULL）
acacia mearnsii,Acacia mearnsii,モリシマアカシア,植物,,,重点対策外来種,,moe_ias_list,GBIFへの照会自体が未実施（gbif_taxon_key欠落・gbif_match_type=NULL）
acacia melanoxylon,Acacia melanoxylon,メラノキシロンアカシア（ブラックウッドアカシア）,植物,,,重点対策外来種,,moe_ias_list,GBIFへの照会自体が未実施（gbif_taxon_key欠落・gbif_match_type=NULL）
acalolepta boninensis,Acalolepta boninensis,オガサワラビロウドカミキリ,昆虫類,,準絶滅危惧（NT）,,,moe_redlist,GBIFへの照会自体が未実施（gbif_taxon_key欠落・gbif_match_type=NULL）
acalolepta degener,Acalolepta degener,ヒメビロウドカミキリ,昆虫類,,準絶滅危惧（NT）,,,moe_redlist,GBIFへの照会自体が未実施（gbif_taxon_key欠落・gbif_match_type=NULL）
acanthaspis cincticrus,Acanthaspis cincticrus,ハリサシガメ,昆虫類,,準絶滅危惧（NT）,,,moe_redlist,GBIFへの照会自体が未実施（gbif_taxon_key欠落・gbif_match_type=NULL）
acanthephippium pictum,Acanthephippium pictum,エンレイショウキラン,維管束植物,,絶滅危惧ⅠＡ類（CR）,,,moe_redlist,GBIFへの照会自体が未実施（gbif_taxon_key欠落・gbif_match_type=NULL）
acanthephippium sylhetense,Acanthephippium sylhetense,タイワンショウキラン,維管束植物,,絶滅危惧ⅠＡ類（CR）,,,moe_redlist,GBIFへの照会自体が未実施（gbif_taxon_key欠落・gbif_match_type=NULL）
acanthogobius hasta,Acanthogobius hasta,ハゼクチ,汽水・淡水魚類,,絶滅危惧II類（VU）,,,moe_redlist,GBIFへの照会自体が未実施（gbif_taxon_key欠落・gbif_match_type=NULL）
acanthogobius insularis,Acanthogobius insularis,ミナミアシシロハゼ,汽水・淡水魚類,,絶滅危惧II類（VU）,,,moe_redlist,GBIFへの照会自体が未実施（gbif_taxon_key欠落・gbif_match_type=NULL）
acanthopagrus pacificus,Acanthopagrus pacificus,ナンヨウチヌ,汽水・淡水魚類,,絶滅危惧II類（VU）,,,moe_redlist,GBIFへの照会自体が未実施（gbif_taxon_key欠落・gbif_match_type=NULL）
acanthurus achilles,Acanthurus achilles,アカツキハギ,魚類（海洋生物）,,情報不足（DD）,,,moe_redlist,GBIFへの照会自体が未実施（gbif_taxon_key欠落・gbif_match_type=NULL）
accipiter gentilis fujiyamae,Accipiter gentilis fujiyamae,オオタカ,鳥類,,準絶滅危惧（NT）,,,moe_redlist,GBIFへの照会自体が未実施（gbif_taxon_key欠落・gbif_match_type=NULL）
accipiter gularis iwasakii,Accipiter gularis iwasakii,リュウキュウツミ,鳥類,,情報不足（DD）,,,moe_redlist,GBIFへの照会自体が未実施（gbif_taxon_key欠落・gbif_match_type=NULL）
accipiter nisus nisosimilis,Accipiter nisus nisosimilis,ハイタカ,鳥類,,準絶滅危惧（NT）,,,moe_redlist,GBIFへの照会自体が未実施（gbif_taxon_key欠落・gbif_match_type=NULL）
acentrogobius audax,Acentrogobius audax,ニセツムギハゼ,汽水・淡水魚類,,準絶滅危惧（NT）,,,moe_redlist,GBIFへの照会自体が未実施（gbif_taxon_key欠落・gbif_match_type=NULL）
acentrogobius caninus,Acentrogobius caninus,ホクロハゼ,汽水・淡水魚類,,準絶滅危惧（NT）,,,moe_redlist,GBIFへの照会自体が未実施（gbif_taxon_key欠落・gbif_match_type=NULL）
acentrogobius suluensis,Acentrogobius suluensis,ホホグロスジハゼ,汽水・淡水魚類,,準絶滅危惧（NT）,,,moe_redlist,GBIFへの照会自体が未実施（gbif_taxon_key欠落・gbif_match_type=NULL）
acentrogobius viridipunctatus,Acentrogobius viridipunctatus,キララハゼ,汽水・淡水魚類,,絶滅危惧II類（VU）,,,moe_redlist,GBIFへの照会自体が未実施（gbif_taxon_key欠落・gbif_match_type=NULL）
acer amamiense,Acer amamiense,アマミカジカエデ,維管束植物,,絶滅危惧ⅠＡ類（CR）,,,moe_redlist,GBIFへの照会自体が未実施（gbif_taxon_key欠落・gbif_match_type=NULL）
acer itoanum,Acer itoanum,クスノハカエデ,維管束植物,,絶滅危惧Ⅱ類（VU）,,,moe_redlist,GBIFへの照会自体が未実施（gbif_taxon_key欠落・gbif_match_type=NULL）
acer miyabei,Acer miyabei,クロビイタヤ,維管束植物,,絶滅危惧Ⅱ類（VU）,,,moe_redlist,GBIFへの照会自体が未実施（gbif_taxon_key欠落・gbif_match_type=NULL）
acer miyabei f. shibatae,Acer miyabei f. shibatae,シバタカエデ,維管束植物,,絶滅危惧ⅠB類（EN）,,,moe_redlist,GBIFへの照会自体が未実施（gbif_taxon_key欠落・gbif_match_type=NULL）
acer pictum subsp. taishakuense,Acer pictum subsp. taishakuense,タイシャクイタヤ,維管束植物,,絶滅危惧ⅠB類（EN）,,,moe_redlist,GBIFへの照会自体が未実施（gbif_taxon_key欠落・gbif_match_type=NULL）
acer pycnanthum,Acer pycnanthum,ハナノキ,維管束植物,,絶滅危惧Ⅱ類（VU）,,,moe_redlist,GBIFへの照会自体が未実施（gbif_taxon_key欠落・gbif_match_type=NULL）
acetabularia caliculus,Acetabularia caliculus,ホソエガサ,藻類,,準絶滅危惧（NT）,,,moe_redlist,GBIFへの照会自体が未実施（gbif_taxon_key欠落・gbif_match_type=NULL）
acetabularia ryukyuensis,Acetabularia ryukyuensis,カサノリ,藻類,,絶滅危惧Ⅱ類（VU）,,,moe_redlist,GBIFへの照会自体が未実施（gbif_taxon_key欠落・gbif_match_type=NULL）
acheilognathus melanogaster,Acheilognathus melanogaster,タナゴ,汽水・淡水魚類,,絶滅危惧IB類（EN）,,,moe_redlist,GBIFへの照会自体が未実施（gbif_taxon_key欠落・gbif_match_type=NULL）
acheilognathus tabira erythropterus,Acheilognathus tabira erythropterus,アカヒレタビラ,汽水・淡水魚類,,絶滅危惧IB類（EN）,,,moe_redlist,GBIFへの照会自体が未実施（gbif_taxon_key欠落・gbif_match_type=NULL）
acheilognathus tabira tabira,Acheilognathus tabira tabira,シロヒレタビラ,汽水・淡水魚類,,絶滅危惧IB類（EN）,,,moe_redlist,GBIFへの照会自体が未実施（gbif_taxon_key欠落・gbif_match_type=NULL）
acheilognathus tabira tohokuensis,Acheilognathus tabira tohokuensis,キタノアカヒレタビラ,汽水・淡水魚類,,絶滅危惧IB類（EN）,,,moe_redlist,GBIFへの照会自体が未実施（gbif_taxon_key欠落・gbif_match_type=NULL）
achillea alpina subsp. japonica,Achillea alpina subsp. japonica,キタノコギリソウ,維管束植物,,絶滅危惧Ⅱ類（VU）,,,moe_redlist,GBIFへの照会自体が未実施（gbif_taxon_key欠落・gbif_match_type=NULL）
achillea alpina subsp. subcartilaginea,Achillea alpina subsp. subcartilaginea,アソノコギリソウ,維管束植物,,準絶滅危惧（NT）,,,moe_redlist,GBIFへの照会自体が未実施（gbif_taxon_key欠落・gbif_match_type=NULL）
achillea ptarmica subsp. macrocephala var. yezoensis,Achillea ptarmica subsp. macrocephala var. yezoensis,ホソバエゾノコギリ,維管束植物,,絶滅危惧ⅠB類（EN）,,,moe_redlist,GBIFへの照会自体が未実施（gbif_taxon_key欠落・gbif_match_type=NULL）
acilius kishii,Acilius kishii,ヤシャゲンゴロウ,昆虫類,,絶滅危惧IB類（EN）,,,moe_redlist,GBIFへの照会自体が未実施（gbif_taxon_key欠落・gbif_match_type=NULL）
acmaeopleura parvula,Acmaeopleura parvula,小笠原諸島のヒメアカイソガニ,甲殻類（海洋生物）,,絶滅のおそれのある地域個体群（LP）,,,moe_redlist,GBIFへの照会自体が未実施（gbif_taxon_key欠落・gbif_match_type=NULL）
aconitum chrysopilum,Aconitum chrysopilum,イブキレイジンソウ,維管束植物,,準絶滅危惧（NT）,,,moe_redlist,GBIFへの照会自体が未実施（gbif_taxon_key欠落・gbif_match_type=NULL）
aconitum ciliare,Aconitum ciliare,ハナカズラ,維管束植物,,絶滅危惧ⅠB類（EN）,,,moe_redlist,GBIFへの照会自体が未実施（gbif_taxon_key欠落・gbif_match_type=NULL）
aconitum gassanense,Aconitum gassanense,ガッサントリカブト,維管束植物,,絶滅危惧Ⅱ類（VU）,,,moe_redlist,GBIFへの照会自体が未実施（gbif_taxon_key欠落・gbif_match_type=NULL）
aconitum iidemontanum,Aconitum iidemontanum,イイデトリカブト,維管束植物,,絶滅危惧ⅠＡ類（CR）,,,moe_redlist,GBIFへの照会自体が未実施（gbif_taxon_key欠落・gbif_match_type=NULL）
aconitum jaluense subsp. iwatekense,Aconitum jaluense subsp. iwatekense,センウズモドキ,維管束植物,,絶滅危惧Ⅱ類（VU）,,,moe_redlist,GBIFへの照会自体が未実施（gbif_taxon_key欠落・gbif_match_type=NULL）
aconitum jaluense subsp. jaluense,Aconitum jaluense subsp. jaluense,コウライブシ,維管束植物,,絶滅危惧ⅠＡ類（CR）,,,moe_redlist,GBIFへの照会自体が未実施（gbif_taxon_key欠落・gbif_match_type=NULL）
aconitum japonicum subsp. maritimum var. iyariense,Aconitum japonicum subsp. maritimum var. iyariense,イヤリトリカブト,維管束植物,,絶滅危惧ⅠＡ類（CR）,,,moe_redlist,GBIFへの照会自体が未実施（gbif_taxon_key欠落・gbif_match_type=NULL）
aconitum kitadakense,Aconitum kitadakense,キタダケトリカブト,維管束植物,,絶滅危惧ⅠＡ類（CR）,,,moe_redlist,GBIFへの照会自体が未実施（gbif_taxon_key欠落・gbif_match_type=NULL）
aconitum mashikense,Aconitum mashikense,マシケレイジンソウ,維管束植物,,絶滅危惧Ⅱ類（VU）,,,moe_redlist,GBIFへの照会自体が未実施（gbif_taxon_key欠落・gbif_match_type=NULL）
aconitum metajaponicum,Aconitum metajaponicum,オンタケブシ,維管束植物,,絶滅危惧ⅠＡ類（CR）,,,moe_redlist,GBIFへの照会自体が未実施（gbif_taxon_key欠落・gbif_match_type=NULL）
aconitum misaoanum,Aconitum misaoanum,シレトコトリカブト,維管束植物,,絶滅危惧ⅠB類（EN）,,,moe_redlist,GBIFへの照会自体が未実施（gbif_taxon_key欠落・gbif_match_type=NULL）
aconitum nipponicum subsp. micranthum,Aconitum nipponicum subsp. micranthum,キタザワブシ,維管束植物,,絶滅危惧Ⅱ類（VU）,,,moe_redlist,GBIFへの照会自体が未実施（gbif_taxon_key欠落・gbif_match_type=NULL）
aconitum nipponicum subsp. nipponicum var. septemcarpum,Aconitum nipponicum subsp. nipponicum var. septemcarpum,ミョウコウトリカブト,維管束植物,,絶滅危惧Ⅱ類（VU）,,,moe_redlist,GBIFへの照会自体が未実施（gbif_taxon_key欠落・gbif_match_type=NULL）
aconitum okuyamae var. wagaense,Aconitum okuyamae var. wagaense,ワガトリカブト,維管束植物,,絶滅危惧Ⅱ類（VU）,,,moe_redlist,GBIFへの照会自体が未実施（gbif_taxon_key欠落・gbif_match_type=NULL）
aconitum senanense subsp. senanense var. isidzukae,Aconitum senanense subsp. senanense var. isidzukae,オオサワトリカブト,維管束植物,,絶滅危惧ⅠＡ類（CR）,,,moe_redlist,GBIFへの照会自体が未実施（gbif_taxon_key欠落・gbif_match_type=NULL）
aconitum yamazakii,Aconitum yamazakii,ダイセツトリカブト,維管束植物,,絶滅危惧ⅠB類（EN）,,,moe_redlist,GBIFへの照会自体が未実施（gbif_taxon_key欠落・gbif_match_type=NULL）
aconitum zigzag subsp. zigzag,Aconitum zigzag subsp. zigzag,タカネトリカブト,維管束植物,,絶滅危惧Ⅱ類（VU）,,,moe_redlist,GBIFへの照会自体が未実施（gbif_taxon_key欠落・gbif_match_type=NULL）
aconogonon ajanense,Aconogonon ajanense,ヒメイワタデ,維管束植物,,絶滅危惧Ⅱ類（VU）,,,moe_redlist,GBIFへの照会自体が未実施（gbif_taxon_key欠落・gbif_match_type=NULL）
acrilla acuminata,Acrilla acuminata,ウネナシイトカケ,貝類,,絶滅危惧II類（VU）,,,moe_redlist,GBIFへの照会自体が未実施（gbif_taxon_key欠落・gbif_match_type=NULL）
acrobolbus ciliatus,Acrobolbus ciliatus,チチブイチョウゴケ,蘚苔類,,準絶滅危惧（NT）,,,moe_redlist,GBIFへの照会自体が未実施（gbif_taxon_key欠落・gbif_match_type=NULL）
acrobolbus knightii,Acrobolbus knightii,ケハネゴケモドキ,蘚苔類,,絶滅危惧Ⅱ類（VU）,,,moe_redlist,GBIFへの照会自体が未実施（gbif_taxon_key欠落・gbif_match_type=NULL）
acronicta carbonaria,Acronicta carbonaria,ウスズミケンモン,昆虫類,,準絶滅危惧（NT）,,,moe_redlist,GBIFへの照会自体が未実施（gbif_taxon_key欠落・gbif_match_type=NULL）
acronicta digna,Acronicta digna,クビグロケンモン,昆虫類,,準絶滅危惧（NT）,,,moe_redlist,GBIFへの照会自体が未実施（gbif_taxon_key欠落・gbif_match_type=NULL）
acronicta lutea,Acronicta lutea,ウスジロケンモン,昆虫類,,準絶滅危惧（NT）,,,moe_redlist,GBIFへの照会自体が未実施（gbif_taxon_key欠落・gbif_match_type=NULL）
acroporium secundum,Acroporium secundum,シマフデノホゴケ,蘚苔類,,絶滅危惧ⅠB類（EN）,,,moe_redlist,GBIFへの照会自体が未実施（gbif_taxon_key欠落・gbif_match_type=NULL）
acropsopilio boopis,Acropsopilio boopis,アワマメザトウムシ,その他無脊椎動物,,情報不足（DD）,,,moe_redlist,GBIFへの照会自体が未実施（gbif_taxon_key欠落・gbif_match_type=NULL）
acroscyphus sphaerophoroides,Acroscyphus sphaerophoroides,カニメゴケ,地衣類,,情報不足（DD）,,,moe_redlist,GBIFへの照会自体が未実施（gbif_taxon_key欠落・gbif_match_type=NULL）
acrostichum aureum,Acrostichum aureum,ミミモチシダ,維管束植物,,絶滅危惧ⅠB類（EN）,,,moe_redlist,GBIFへの照会自体が未実施（gbif_taxon_key欠落・gbif_match_type=NULL）
acteocina decoratoides,Acteocina decoratoides,コメツブツララ,貝類,,絶滅危惧II類（VU）,,,moe_redlist,GBIFへの照会自体が未実施（gbif_taxon_key欠落・gbif_match_type=NULL）
acteocina koyasensis,Acteocina koyasensis,コヤスツララ,貝類,,準絶滅危惧（NT）,,,moe_redlist,GBIFへの照会自体が未実施（gbif_taxon_key欠落・gbif_match_type=NULL）
actias gnoma,Actias gnoma,オナガミズアオ,昆虫類,,準絶滅危惧（NT）,,,moe_redlist,GBIFへの照会自体が未実施（gbif_taxon_key欠落・gbif_match_type=NULL）
actinidia chinensis var. deliciosa,Actinidia chinensis var. deliciosa,キウイフルーツ（シナサルナシ）,植物,,,適切な管理が必要な産業上重要な外来種（産業管理外来種）,,moe_ias_list,GBIFへの照会自体が未実施（gbif_taxon_key欠落・gbif_match_type=NULL）
actinoscirpus grossus,Actinoscirpus grossus,オオサンカクイ,維管束植物,,絶滅危惧Ⅱ類（VU）,,,moe_redlist,GBIFへの照会自体が未実施（gbif_taxon_key欠落・gbif_match_type=NULL）
aculepeira matsudae,Aculepeira matsudae,マツダタカネオニグモ,その他無脊椎動物,,絶滅危惧II類（VU）,,,moe_redlist,GBIFへの照会自体が未実施（gbif_taxon_key欠落・gbif_match_type=NULL）
acystopteris tenuisecta,Acystopteris tenuisecta,ホウライウスヒメワラビ,維管束植物,,絶滅危惧ⅠＡ類（CR）,,,moe_redlist,GBIFへの照会自体が未実施（gbif_taxon_key欠落・gbif_match_type=NULL）
adenophora hatsushimae,Adenophora hatsushimae,ツクシイワシャジン,維管束植物,,絶滅危惧ⅠＡ類（CR）,,,moe_redlist,GBIFへの照会自体が未実施（gbif_taxon_key欠落・gbif_match_type=NULL）
adenophora maximowicziana,Adenophora maximowicziana,ヒナシャジン,維管束植物,,絶滅危惧Ⅱ類（VU）,,,moe_redlist,GBIFへの照会自体が未実施（gbif_taxon_key欠落・gbif_match_type=NULL）
adenophora nikoensis var. teramotoi,Adenophora nikoensis var. teramotoi,シライワシャジン,維管束植物,,絶滅危惧Ⅱ類（VU）,,,moe_redlist,GBIFへの照会自体が未実施（gbif_taxon_key欠落・gbif_match_type=NULL）
adenophora palustris,Adenophora palustris,ヤチシャジン,維管束植物,,絶滅危惧ⅠB類（EN）,,,moe_redlist,GBIFへの照会自体が未実施（gbif_taxon_key欠落・gbif_match_type=NULL）
adenophora pereskiifolia var. yamadae,Adenophora pereskiifolia var. yamadae,ユウバリシャジン,維管束植物,,絶滅危惧ⅠＡ類（CR）,,,moe_redlist,GBIFへの照会自体が未実施（gbif_taxon_key欠落・gbif_match_type=NULL）
adenophora stricta var. stricta,Adenophora stricta var. stricta,トウシャジン,維管束植物,,情報不足（DD）,,,moe_redlist,GBIFへの照会自体が未実施（gbif_taxon_key欠落・gbif_match_type=NULL）
adenophora takedae var. howozana,Adenophora takedae var. howozana,ホウオウシャジン,維管束植物,,絶滅危惧ⅠB類（EN）,,,moe_redlist,GBIFへの照会自体が未実施（gbif_taxon_key欠落・gbif_match_type=NULL）
adenophora tashiroi,Adenophora tashiroi,シマシャジン,維管束植物,,絶滅危惧ⅠB類（EN）,,,moe_redlist,GBIFへの照会自体が未実施（gbif_taxon_key欠落・gbif_match_type=NULL）
adenophora uryuensis,Adenophora uryuensis,シラトリシャジン,維管束植物,,絶滅危惧Ⅱ類（VU）,,,moe_redlist,GBIFへの照会自体が未実施（gbif_taxon_key欠落・gbif_match_type=NULL）
adiantum capillus-junonis,Adiantum capillus-junonis,ホウライクジャク,維管束植物,,絶滅危惧ⅠB類（EN）,,,moe_redlist,GBIFへの照会自体が未実施（gbif_taxon_key欠落・gbif_match_type=NULL）
adiantum diaphanum,Adiantum diaphanum,スキヤクジャク,維管束植物,,準絶滅危惧（NT）,,,moe_redlist,GBIFへの照会自体が未実施（gbif_taxon_key欠落・gbif_match_type=NULL）
adiantum edgeworthii,Adiantum edgeworthii,オトメクジャク,維管束植物,,絶滅危惧ⅠB類（EN）,,,moe_redlist,GBIFへの照会自体が未実施（gbif_taxon_key欠落・gbif_match_type=NULL）
adiantum ogasawarense,Adiantum ogasawarense,イワホウライシダ,維管束植物,,絶滅危惧Ⅱ類（VU）,,,moe_redlist,GBIFへの照会自体が未実施（gbif_taxon_key欠落・gbif_match_type=NULL）
adinopsis nippon,Adinopsis nippon,ヤチハネカクシ,昆虫類,,情報不足（DD）,,,moe_redlist,GBIFへの照会自体が未実施（gbif_taxon_key欠落・gbif_match_type=NULL）
adisura atkinsoni,Adisura atkinsoni,アカヘリヤガ,昆虫類,,準絶滅危惧（NT）,,,moe_redlist,GBIFへの照会自体が未実施（gbif_taxon_key欠落・gbif_match_type=NULL）
adonis multiflora,Adonis multiflora,ミチノクフクジュソウ,維管束植物,,準絶滅危惧（NT）,,,moe_redlist,GBIFへの照会自体が未実施（gbif_taxon_key欠落・gbif_match_type=NULL）
adonis shikokuensis,Adonis shikokuensis,シコクフクジュソウ,維管束植物,,絶滅危惧Ⅱ類（VU）,,,moe_redlist,GBIFへの照会自体が未実施（gbif_taxon_key欠落・gbif_match_type=NULL）
aegagropila brownii,Aegagropila brownii,マリモ,藻類,,絶滅危惧ⅠＡ類（CR）,,NONE,moe_redlist,GBIFへ照会したが一致しなかった（gbif_match_type=NONE）
aegista aemula hadaka,Aegista aemula hadaka,ハダカケマイマイ,貝類,,準絶滅危惧（NT）,,,moe_redlist,GBIFへの照会自体が未実施（gbif_taxon_key欠落・gbif_match_type=NULL）
aegista aemula shikokuensis,Aegista aemula shikokuensis,シコクケマイマイ,貝類,,準絶滅危惧（NT）,,,moe_redlist,GBIFへの照会自体が未実施（gbif_taxon_key欠落・gbif_match_type=NULL）
aegista caerulea,Aegista caerulea,ミズイロオオベソマイマイ,貝類,,準絶滅危惧（NT）,,,moe_redlist,GBIFへの照会自体が未実施（gbif_taxon_key欠落・gbif_match_type=NULL）
aegista calcicola,Aegista calcicola,イシマキシロマイマイ,貝類,,絶滅危惧II類（VU）,,,moe_redlist,GBIFへの照会自体が未実施（gbif_taxon_key欠落・gbif_match_type=NULL）
aegista carinata,Aegista carinata,カドバリオトメマイマイ,貝類,,準絶滅危惧（NT）,,,moe_redlist,GBIFへの照会自体が未実施（gbif_taxon_key欠落・gbif_match_type=NULL）
aegista cavicollis,Aegista cavicollis,クチマガリマイマイ,貝類,,準絶滅危惧（NT）,,,moe_redlist,GBIFへの照会自体が未実施（gbif_taxon_key欠落・gbif_match_type=NULL）
aegista caviconus,Aegista caviconus,ヤギヅノマイマイ,貝類,,準絶滅危惧（NT）,,,moe_redlist,GBIFへの照会自体が未実施（gbif_taxon_key欠落・gbif_match_type=NULL）
aegista cavitectum,Aegista cavitectum,タシママイマイ,貝類,,絶滅危惧II類（VU）,,,moe_redlist,GBIFへの照会自体が未実施（gbif_taxon_key欠落・gbif_match_type=NULL）
aegista collinsoni collinsoni,Aegista collinsoni collinsoni,タシナミオトメマイマイ,貝類,,準絶滅危惧（NT）,,,moe_redlist,GBIFへの照会自体が未実施（gbif_taxon_key欠落・gbif_match_type=NULL）
aegista collinsoni lischkeana,Aegista collinsoni lischkeana,リシケオトメマイマイ,貝類,,準絶滅危惧（NT）,,,moe_redlist,GBIFへの照会自体が未実施（gbif_taxon_key欠落・gbif_match_type=NULL）
aegista conella,Aegista conella,コウニケマイマイ,貝類,,準絶滅危惧（NT）,,,moe_redlist,GBIFへの照会自体が未実施（gbif_taxon_key欠落・gbif_match_type=NULL）
aegista conomphala,Aegista conomphala,ヘソカドケマイマイ,貝類,,準絶滅危惧（NT）,,,moe_redlist,GBIFへの照会自体が未実施（gbif_taxon_key欠落・gbif_match_type=NULL）
aegista elegantissima,Aegista elegantissima,シュリケマイマイ,貝類,,準絶滅危惧（NT）,,,moe_redlist,GBIFへの照会自体が未実施（gbif_taxon_key欠落・gbif_match_type=NULL）
aegista esakii,Aegista esakii,エサキケマイマイ,貝類,,準絶滅危惧（NT）,,,moe_redlist,GBIFへの照会自体が未実施（gbif_taxon_key欠落・gbif_match_type=NULL）
aegista eumenes pergranosa,Aegista eumenes pergranosa,アラハダシロマイマイ,貝類,,絶滅危惧II類（VU）,,,moe_redlist,GBIFへの照会自体が未実施（gbif_taxon_key欠落・gbif_match_type=NULL）
aegista fausta,Aegista fausta,サチマイマイ,貝類,,絶滅危惧II類（VU）,,,moe_redlist,GBIFへの照会自体が未実施（gbif_taxon_key欠落・gbif_match_type=NULL）
aegista friedeliana humerosa,Aegista friedeliana humerosa,コシキフリイデルマイマイ,貝類,,準絶滅危惧（NT）,,,moe_redlist,GBIFへの照会自体が未実施（gbif_taxon_key欠落・gbif_match_type=NULL）
aegista friedeliana vestita,Aegista friedeliana vestita,オオシマフリイデルマイマイ,貝類,,絶滅危惧II類（VU）,,,moe_redlist,GBIFへの照会自体が未実施（gbif_taxon_key欠落・gbif_match_type=NULL）
aegista hachijoensis,Aegista hachijoensis,ツバキカドマイマイ,貝類,,絶滅危惧II類（VU）,,,moe_redlist,GBIFへの照会自体が未実施（gbif_taxon_key欠落・gbif_match_type=NULL）
aegista hatakedai hatakedai,Aegista hatakedai hatakedai,ハタケダマイマイ,貝類,,準絶滅危惧（NT）,,,moe_redlist,GBIFへの照会自体が未実施（gbif_taxon_key欠落・gbif_match_type=NULL）
aegista hatakedai kawamurai,Aegista hatakedai kawamurai,カワムラマイマイ,貝類,,情報不足（DD）,,,moe_redlist,GBIFへの照会自体が未実施（gbif_taxon_key欠落・gbif_match_type=NULL）
aegista hilgendorfi hilgendorfi,Aegista hilgendorfi hilgendorfi,ヒルゲンドルフマイマイ,貝類,,準絶滅危惧（NT）,,,moe_redlist,GBIFへの照会自体が未実施（gbif_taxon_key欠落・gbif_match_type=NULL）
aegista hiroshifukudai,Aegista hiroshifukudai,チョウシュウシロマイマイ,貝類,,絶滅危惧II類（VU）,,,moe_redlist,GBIFへの照会自体が未実施（gbif_taxon_key欠落・gbif_match_type=NULL）
aegista inexpectata,Aegista inexpectata,オモイガケナマイマイ,貝類,,絶滅危惧I類（CR+EN）,,,moe_redlist,GBIFへの照会自体が未実施（gbif_taxon_key欠落・gbif_match_type=NULL）
aegista intonsa,Aegista intonsa,モリサキオオベソマイマイ,貝類,,絶滅危惧I類（CR+EN）,,,moe_redlist,GBIFへの照会自体が未実施（gbif_taxon_key欠落・gbif_match_type=NULL）
aegista itoi,Aegista itoi,イトウケマイマイ,貝類,,準絶滅危惧（NT）,,,moe_redlist,GBIFへの照会自体が未実施（gbif_taxon_key欠落・gbif_match_type=NULL）
aegista kandai,Aegista kandai,カンダマイマイ,貝類,,絶滅危惧I類（CR+EN）,,,moe_redlist,GBIFへの照会自体が未実施（gbif_taxon_key欠落・gbif_match_type=NULL）
aegista kiusiuensis oshimana,Aegista kiusiuensis oshimana,オオシマケマイマイ,貝類,,準絶滅危惧（NT）,,,moe_redlist,GBIFへの照会自体が未実施（gbif_taxon_key欠落・gbif_match_type=NULL）
aegista kiusiuensis tokunovaga,Aegista kiusiuensis tokunovaga,トクノシマケマイマイ,貝類,,絶滅危惧II類（VU）,,,moe_redlist,GBIFへの照会自体が未実施（gbif_taxon_key欠落・gbif_match_type=NULL）
aegista kobensis discus,Aegista kobensis discus,ヒラコウベマイマイ,貝類,,準絶滅危惧（NT）,,,moe_redlist,GBIFへの照会自体が未実施（gbif_taxon_key欠落・gbif_match_type=NULL）
aegista kobensis gotoensis,Aegista kobensis gotoensis,ゴトウコウベマイマイ,貝類,,準絶滅危惧（NT）,,,moe_redlist,GBIFへの照会自体が未実施（gbif_taxon_key欠落・gbif_match_type=NULL）
aegista kobensis koshikijimana,Aegista kobensis koshikijimana,コシキコウベマイマイ,貝類,,準絶滅危惧（NT）,,,moe_redlist,GBIFへの照会自体が未実施（gbif_taxon_key欠落・gbif_match_type=NULL）
aegista kobensis tsumiyamai,Aegista kobensis tsumiyamai,ツミヤママイマイ,貝類,,情報不足（DD）,,,moe_redlist,GBIFへの照会自体が未実施（gbif_taxon_key欠落・gbif_match_type=NULL）
aegista kunimiensis,Aegista kunimiensis,ササミケマイマイ,貝類,,情報不足（DD）,,,moe_redlist,GBIFへの照会自体が未実施（gbif_taxon_key欠落・gbif_match_type=NULL）
aegista latizona,Aegista latizona,クロオビオトメマイマイ,貝類,,準絶滅危惧（NT）,,,moe_redlist,GBIFへの照会自体が未実施（gbif_taxon_key欠落・gbif_match_type=NULL）
aegista lepidophora lepidophora,Aegista lepidophora lepidophora,ウロコケマイマイ,貝類,,絶滅危惧I類（CR+EN）,,,moe_redlist,GBIFへの照会自体が未実施（gbif_taxon_key欠落・gbif_match_type=NULL）
aegista lepidophora scutifera,Aegista lepidophora scutifera,カドマルウロコケマイマイ,貝類,,絶滅危惧II類（VU）,,,moe_redlist,GBIFへの照会自体が未実施（gbif_taxon_key欠落・gbif_match_type=NULL）
aegista marginata,Aegista marginata,ヘリトリケマイマイ,貝類,,絶滅危惧I類（CR+EN）,,,moe_redlist,GBIFへの照会自体が未実施（gbif_taxon_key欠落・gbif_match_type=NULL）
aegista mayasana,Aegista mayasana,マヤサンマイマイ,貝類,,絶滅危惧II類（VU）,,,moe_redlist,GBIFへの照会自体が未実施（gbif_taxon_key欠落・gbif_match_type=NULL）
aegista meiacoshimensis,Aegista meiacoshimensis,ナガシリマルホソマイマイ,貝類,,準絶滅危惧（NT）,,,moe_redlist,GBIFへの照会自体が未実施（gbif_taxon_key欠落・gbif_match_type=NULL）
aegista mikuriyensis,Aegista mikuriyensis,コケラマイマイ,貝類,,準絶滅危惧（NT）,,,moe_redlist,GBIFへの照会自体が未実施（gbif_taxon_key欠落・gbif_match_type=NULL）
aegista minima,Aegista minima,マメヒロベソマイマイ,貝類,,絶滅危惧II類（VU）,,,moe_redlist,GBIFへの照会自体が未実施（gbif_taxon_key欠落・gbif_match_type=NULL）
aegista nitens,Aegista nitens,ミドリマイマイ,貝類,,絶滅危惧I類（CR+EN）,,,moe_redlist,GBIFへの照会自体が未実施（gbif_taxon_key欠落・gbif_match_type=NULL）
aegista nunobikiensis,Aegista nunobikiensis,ヌノビキケマイマイ,貝類,,絶滅危惧II類（VU）,,,moe_redlist,GBIFへの照会自体が未実施（gbif_taxon_key欠落・gbif_match_type=NULL）
aegista omiensis,Aegista omiensis,オウミケマイマイ,貝類,,絶滅危惧II類（VU）,,,moe_redlist,GBIFへの照会自体が未実施（gbif_taxon_key欠落・gbif_match_type=NULL）
aegista omma,Aegista omma,オマオオベソマイマイ,貝類,,準絶滅危惧（NT）,,,moe_redlist,GBIFへの照会自体が未実施（gbif_taxon_key欠落・gbif_match_type=NULL）
aegista optima,Aegista optima,ケショウマイマイ,貝類,,絶滅危惧I類（CR+EN）,,,moe_redlist,GBIFへの照会自体が未実施（gbif_taxon_key欠落・gbif_match_type=NULL）
aegista pallens,Aegista pallens,シロマイマイ,貝類,,準絶滅危惧（NT）,,,moe_redlist,GBIFへの照会自体が未実施（gbif_taxon_key欠落・gbif_match_type=NULL）
aegista pressa,Aegista pressa,ヒラケマイマイ,貝類,,準絶滅危惧（NT）,,,moe_redlist,GBIFへの照会自体が未実施（gbif_taxon_key欠落・gbif_match_type=NULL）
aegista proba goniosoma,Aegista proba goniosoma,カドコオオベソマイマイ,貝類,,準絶滅危惧（NT）,,,moe_redlist,GBIFへの照会自体が未実施（gbif_taxon_key欠落・gbif_match_type=NULL）
aegista proba goniosomoides,Aegista proba goniosomoides,ミヤマオオベソマイマイ,貝類,,絶滅危惧II類（VU）,,,moe_redlist,GBIFへの照会自体が未実施（gbif_taxon_key欠落・gbif_match_type=NULL）
aegista scepasma,Aegista scepasma,イトマンケマイマイ,貝類,,絶滅危惧II類（VU）,,,moe_redlist,GBIFへの照会自体が未実施（gbif_taxon_key欠落・gbif_match_type=NULL）
aegista squarrosa squarrosa,Aegista squarrosa squarrosa,マルテンスオオベソマイマイ,貝類,,絶滅危惧II類（VU）,,,moe_redlist,GBIFへの照会自体が未実施（gbif_taxon_key欠落・gbif_match_type=NULL）
aegista squarrosa tokunoshimana,Aegista squarrosa tokunoshimana,トクノシマオオベソマイマイ,貝類,,絶滅危惧II類（VU）,,,moe_redlist,GBIFへの照会自体が未実施（gbif_taxon_key欠落・gbif_match_type=NULL）
aegista stenomphala,Aegista stenomphala,イソムラマイマイ,貝類,,絶滅危惧I類（CR+EN）,,,moe_redlist,GBIFへの照会自体が未実施（gbif_taxon_key欠落・gbif_match_type=NULL）
aegista tadai,Aegista tadai,イトヒキオオベソマイマイ,貝類,,絶滅危惧I類（CR+EN）,,,moe_redlist,GBIFへの照会自体が未実施（gbif_taxon_key欠落・gbif_match_type=NULL）
aegista takarai,Aegista takarai,タカラホソマイマイ,貝類,,絶滅危惧II類（VU）,,,moe_redlist,GBIFへの照会自体が未実施（gbif_taxon_key欠落・gbif_match_type=NULL）
aegista tokyoensis,Aegista tokyoensis,トウキョウコオオベソマイマイ,貝類,,準絶滅危惧（NT）,,,moe_redlist,GBIFへの照会自体が未実施（gbif_taxon_key欠落・gbif_match_type=NULL）
aegista trochula,Aegista trochula,ツシマケマイマイ,貝類,,準絶滅危惧（NT）,,,moe_redlist,GBIFへの照会自体が未実施（gbif_taxon_key欠落・gbif_match_type=NULL）
aegista tumida cavata,Aegista tumida cavata,キイオオベソマイマイ,貝類,,準絶滅危惧（NT）,,,moe_redlist,GBIFへの照会自体が未実施（gbif_taxon_key欠落・gbif_match_type=NULL）
aegista tumida tumida,Aegista tumida tumida,フチマルオオベソマイマイ,貝類,,準絶滅危惧（NT）,,,moe_redlist,GBIFへの照会自体が未実施（gbif_taxon_key欠落・gbif_match_type=NULL）
aegista turrita,Aegista turrita,トウガタホソマイマイ,貝類,,絶滅危惧I類（CR+EN）,,,moe_redlist,GBIFへの照会自体が未実施（gbif_taxon_key欠落・gbif_match_type=NULL）
aegolius funereus pallens,Aegolius funereus pallens,キンメフクロウ,鳥類,,情報不足（DD）,,,moe_redlist,GBIFへの照会自体が未実施（gbif_taxon_key欠落・gbif_match_type=NULL）
aerobryidium laosiense,Aerobryidium laosiense,トサノタスキゴケ,蘚苔類,,絶滅危惧Ⅱ類（VU）,,,moe_redlist,GBIFへの照会自体が未実施（gbif_taxon_key欠落・gbif_match_type=NULL）
aerobryopsis parisii,Aerobryopsis parisii,ヒカゲノカズラモドキ,蘚苔類,,絶滅危惧Ⅱ類（VU）,,,moe_redlist,GBIFへの照会自体が未実施（gbif_taxon_key欠落・gbif_match_type=NULL）
aerobryum speciosum var. nipponicum,Aerobryum speciosum var. nipponicum,ミハラシゴケ,蘚苔類,,情報不足（DD）,,,moe_redlist,GBIFへの照会自体が未実施（gbif_taxon_key欠落・gbif_match_type=NULL）
aeromachus inachus inachus,Aeromachus inachus inachus,ホシチャバネセセリ,昆虫類,,絶滅危惧IB類（EN）,,,moe_redlist,GBIFへの照会自体が未実施（gbif_taxon_key欠落・gbif_match_type=NULL）
aeschna mixta soneharai,Aeschna mixta soneharai,マダラヤンマ,昆虫類,,準絶滅危惧（NT）,,,moe_redlist,GBIFへの照会自体が未実施（gbif_taxon_key欠落・gbif_match_type=NULL）
aeschna subarctica subarctica,Aeschna subarctica subarctica,イイジマルリボシヤンマ,昆虫類,,準絶滅危惧（NT）,,,moe_redlist,GBIFへの照会自体が未実施（gbif_taxon_key欠落・gbif_match_type=NULL）
aeschnophlebia anisoptera,Aeschnophlebia anisoptera,ネアカヨシヤンマ,昆虫類,,準絶滅危惧（NT）,,,moe_redlist,GBIFへの照会自体が未実施（gbif_taxon_key欠落・gbif_match_type=NULL）
aeschnophlebia longistigma,Aeschnophlebia longistigma,アオヤンマ,昆虫類,,準絶滅危惧（NT）,,,moe_redlist,GBIFへの照会自体が未実施（gbif_taxon_key欠落・gbif_match_type=NULL）
aeschynanthus acuminatus,Aeschynanthus acuminatus,ナガミカズラ,維管束植物,,絶滅危惧ⅠＡ類（CR）,,,moe_redlist,GBIFへの照会自体が未実施（gbif_taxon_key欠落・gbif_match_type=NULL）
aethaloperca rogaa,Aethaloperca rogaa,クロハタ,魚類（海洋生物）,,情報不足（DD）,,,moe_redlist,GBIFへの照会自体が未実施（gbif_taxon_key欠落・gbif_match_type=NULL）
aetobatus narinari,Aetobatus narinari,マダラトビエイ,魚類（海洋生物）,,情報不足（DD）,,,moe_redlist,GBIFへの照会自体が未実施（gbif_taxon_key欠落・gbif_match_type=NULL）
agabus affinis,Agabus affinis,オクエゾクロマメゲンゴロウ,昆虫類,,準絶滅危惧（NT）,,,moe_redlist,GBIFへの照会自体が未実施（gbif_taxon_key欠落・gbif_match_type=NULL）
agapanthia japonica,Agapanthia japonica,フサヒゲルリカミキリ,昆虫類,,絶滅危惧IA類（CR）,,,moe_redlist,GBIFへの照会自体が未実施（gbif_taxon_key欠落・gbif_match_type=NULL）
agapanthia sakaii,Agapanthia sakaii,ミチノクケマダラカミキリ,昆虫類,,絶滅危惧II類（VU）,,,moe_redlist,GBIFへの照会自体が未実施（gbif_taxon_key欠落・gbif_match_type=NULL）
agave americana,Agave americana,アオノリュウゼツラン（リュウゼツラン）,植物,,,重点対策外来種,,moe_ias_list,GBIFへの照会自体が未実施（gbif_taxon_key欠落・gbif_match_type=NULL）
agenocimbex jucunda,Agenocimbex jucunda,ホシアシブトハバチ,昆虫類,,情報不足（DD）,,,moe_redlist,GBIFへの照会自体が未実施（gbif_taxon_key欠落・gbif_match_type=NULL）
ageratum conyzoides、a. houstinianum,Ageratum conyzoides、A. houstinianum,カッコウアザミ、ムラサキカッコウアザミ（オオカッコウアザミ）、アゲラタム（総称名）,植物,,,その他の総合対策外来種,,moe_ias_list,GBIFへの照会自体が未実施（gbif_taxon_key欠落・gbif_match_type=NULL）
aglaomorpha coronans,Aglaomorpha coronans,カザリシダ,維管束植物,,絶滅危惧ⅠＡ類（CR）,,,moe_redlist,GBIFへの照会自体が未実施（gbif_taxon_key欠落・gbif_match_type=NULL）
agrilus boninensis,Agrilus boninensis,オガサワラナガタマムシ,昆虫類,,情報不足（DD）,,,moe_redlist,GBIFへの照会自体が未実施（gbif_taxon_key欠落・gbif_match_type=NULL）
agrilus suzukii,Agrilus suzukii,シラフオガサワラナガタマムシ,昆虫類,,情報不足（DD）,,,moe_redlist,GBIFへの照会自体が未実施（gbif_taxon_key欠落・gbif_match_type=NULL）
agrimonia coreana,Agrimonia coreana,チョウセンキンミズヒキ,維管束植物,,絶滅危惧Ⅱ類（VU）,,,moe_redlist,GBIFへの照会自体が未実施（gbif_taxon_key欠落・gbif_match_type=NULL）
agriocnemis pygmaea,Agriocnemis pygmaea,ヒメイトトンボ,昆虫類,,準絶滅危惧（NT）,,,moe_redlist,GBIFへの照会自体が未実施（gbif_taxon_key欠落・gbif_match_type=NULL）
agriodesma navicula,Agriodesma navicula,オビクイ,貝類,,絶滅危惧II類（VU）,,,moe_redlist,GBIFへの照会自体が未実施（gbif_taxon_key欠落・gbif_match_type=NULL）
agriotypus gracilis,Agriotypus gracilis,ミズバチ,昆虫類,,情報不足（DD）,,,moe_redlist,GBIFへの照会自体が未実施（gbif_taxon_key欠落・gbif_match_type=NULL）
agrostis gigantea、agrostis nigra,Agrostis gigantea、Agrostis nigra,コヌカグサ（レッドトップ）、クロコヌカグサ,植物,,,適切な管理が必要な産業上重要な外来種（産業管理外来種）,,moe_ias_list,GBIFへの照会自体が未実施（gbif_taxon_key欠落・gbif_match_type=NULL）
agrostis hideoi,Agrostis hideoi,ユキクラヌカボ,維管束植物,,絶滅危惧Ⅱ類（VU）,,,moe_redlist,GBIFへの照会自体が未実施（gbif_taxon_key欠落・gbif_match_type=NULL）
agrostis valvata,Agrostis valvata,ヒメコヌカグサ,維管束植物,,準絶滅危惧（NT）,,,moe_redlist,GBIFへの照会自体が未実施（gbif_taxon_key欠落・gbif_match_type=NULL）
agrotis desertorum,Agrotis desertorum,ハマヤガ,昆虫類,,準絶滅危惧（NT）,,,moe_redlist,GBIFへの照会自体が未実施（gbif_taxon_key欠落・gbif_match_type=NULL）
ailanthus altissima,Ailanthus altissima,ニワウルシ（シンジュ）,植物,,,重点対策外来種,,moe_ias_list,GBIFへの照会自体が未実施（gbif_taxon_key欠落・gbif_match_type=NULL）
ainohelix io,Ainohelix io,アケボノマイマイ,貝類,,準絶滅危惧（NT）,,,moe_redlist,GBIFへの照会自体が未実施（gbif_taxon_key欠落・gbif_match_type=NULL）
ainsliaea fragrans,Ainsliaea fragrans,マルバテイショウソウ,維管束植物,,絶滅危惧Ⅱ類（VU）,,,moe_redlist,GBIFへの照会自体が未実施（gbif_taxon_key欠落・gbif_match_type=NULL）
ainsliaea oblonga,Ainsliaea oblonga,ナガバハグマ,維管束植物,,絶滅危惧Ⅱ類（VU）,,,moe_redlist,GBIFへの照会自体が未実施（gbif_taxon_key欠落・gbif_match_type=NULL）
ainsliaea oblonga var. latifolia,Ainsliaea oblonga var. latifolia,オオナガバハグマ,維管束植物,,情報不足（DD）,,,moe_redlist,GBIFへの照会自体が未実施（gbif_taxon_key欠落・gbif_match_type=NULL）
aiteng mysticus,Aiteng mysticus,ヒミツナメクジ,貝類,,絶滅危惧II類（VU）,,,moe_redlist,GBIFへの照会自体が未実施（gbif_taxon_key欠落・gbif_match_type=NULL）
ajuga boninsimae,Ajuga boninsimae,シマカコソウ,維管束植物,,絶滅危惧ⅠＡ類（CR）,,,moe_redlist,GBIFへの照会自体が未実施（gbif_taxon_key欠落・gbif_match_type=NULL）
ajuga ciliata var. villosior,Ajuga ciliata var. villosior,カイジンドウ,維管束植物,,絶滅危惧Ⅱ類（VU）,,,moe_redlist,GBIFへの照会自体が未実施（gbif_taxon_key欠落・gbif_match_type=NULL）
ajuga incisa,Ajuga incisa,ヒイラギソウ,維管束植物,,絶滅危惧Ⅱ類（VU）,,,moe_redlist,GBIFへの照会自体が未実施（gbif_taxon_key欠落・gbif_match_type=NULL）
ajuga makinoi,Ajuga makinoi,タチキランソウ,維管束植物,,準絶滅危惧（NT）,,,moe_redlist,GBIFへの照会自体が未実施（gbif_taxon_key欠落・gbif_match_type=NULL）
ajuga shikotanensis,Ajuga shikotanensis,ツルカコソウ,維管束植物,,絶滅危惧Ⅱ類（VU）,,,moe_redlist,GBIFへの照会自体が未実施（gbif_taxon_key欠落・gbif_match_type=NULL）
akalaphycus liagoroides,Akalaphycus liagoroides,コナハダモドキ,藻類,,情報不足（DD）,,,moe_redlist,GBIFへの照会自体が未実施（gbif_taxon_key欠落・gbif_match_type=NULL）
akalaphycus setchelliae,Akalaphycus setchelliae,ナンバンガラガラモドキ,藻類,,情報不足（DD）,,,moe_redlist,GBIFへの照会自体が未実施（gbif_taxon_key欠落・gbif_match_type=NULL）
akiyoshia akka,Akiyoshia akka,アッカミジンツボ,貝類,,情報不足（DD）,,,moe_redlist,GBIFへの照会自体が未実施（gbif_taxon_key欠落・gbif_match_type=NULL）
akiyoshia cylindrica,Akiyoshia cylindrica,ホソミジンツボ,貝類,,情報不足（DD）,,,moe_redlist,GBIFへの照会自体が未実施（gbif_taxon_key欠落・gbif_match_type=NULL）
akiyoshia kawanensis,Akiyoshia kawanensis,カワネミジンツボ,貝類,,情報不足（DD）,,,moe_redlist,GBIFへの照会自体が未実施（gbif_taxon_key欠落・gbif_match_type=NULL）
akiyoshia kishiiana,Akiyoshia kishiiana,サガノミジンツボ,貝類,,情報不足（DD）,,,moe_redlist,GBIFへの照会自体が未実施（gbif_taxon_key欠落・gbif_match_type=NULL）
akiyoshia kobayashii,Akiyoshia kobayashii,コバヤシミジンツボ,貝類,,絶滅危惧II類（VU）,,,moe_redlist,GBIFへの照会自体が未実施（gbif_taxon_key欠落・gbif_match_type=NULL）
akiyoshia morimotoi,Akiyoshia morimotoi,コウチミジンツボ,貝類,,情報不足（DD）,,,moe_redlist,GBIFへの照会自体が未実施（gbif_taxon_key欠落・gbif_match_type=NULL）
akiyoshia nanatsugamaensis,Akiyoshia nanatsugamaensis,ナナツガマミジンツボ,貝類,,絶滅危惧I類（CR+EN）,,,moe_redlist,GBIFへの照会自体が未実施（gbif_taxon_key欠落・gbif_match_type=NULL）
akiyoshia scalaris,Akiyoshia scalaris,クルイミジンツボ,貝類,,情報不足（DD）,,,moe_redlist,GBIFへの照会自体が未実施（gbif_taxon_key欠落・gbif_match_type=NULL）
akiyoshia uenoi,Akiyoshia uenoi,アキヨシミジンツボ,貝類,,絶滅危惧II類（VU）,,,moe_redlist,GBIFへの照会自体が未実施（gbif_taxon_key欠落・gbif_match_type=NULL）
akkesiphycus lubricus,Akkesiphycus lubricus,コンブモドキ,藻類,,情報不足（DD）,,,moe_redlist,GBIFへの照会自体が未実施（gbif_taxon_key欠落・gbif_match_type=NULL）
alaria angusta,Alaria angusta,ホソバワカメ,藻類,,情報不足（DD）,,,moe_redlist,GBIFへの照会自体が未実施（gbif_taxon_key欠落・gbif_match_type=NULL）
albizia kalkora,Albizia kalkora,オオバネムノキ,維管束植物,,絶滅危惧ⅠB類（EN）,,,moe_redlist,GBIFへの照会自体が未実施（gbif_taxon_key欠落・gbif_match_type=NULL）
albizia retusa,Albizia retusa,ヤエヤマネムノキ,維管束植物,,絶滅危惧ⅠB類（EN）,,,moe_redlist,GBIFへの照会自体が未実施（gbif_taxon_key欠落・gbif_match_type=NULL）
alchemilla japonica,Alchemilla japonica,ハゴロモグサ,維管束植物,,準絶滅危惧（NT）,,,moe_redlist,GBIFへの照会自体が未実施（gbif_taxon_key欠落・gbif_match_type=NULL）
aldrovanda vesiculosa,Aldrovanda vesiculosa,ムジナモ,維管束植物,,絶滅危惧ⅠＡ類（CR）,,,moe_redlist,GBIFへの照会自体が未実施（gbif_taxon_key欠落・gbif_match_type=NULL）
alisma canaliculatum var. azuminoense,Alisma canaliculatum var. azuminoense,アズミノヘラオモダカ,維管束植物,,絶滅危惧ⅠＡ類（CR）,,,moe_redlist,GBIFへの照会自体が未実施（gbif_taxon_key欠落・gbif_match_type=NULL）
alisma canaliculatum var. harimense,Alisma canaliculatum var. harimense,ホソバヘラオモダカ,維管束植物,,絶滅危惧ⅠＡ類（CR）,,,moe_redlist,GBIFへの照会自体が未実施（gbif_taxon_key欠落・gbif_match_type=NULL）
alisma rariflorum,Alisma rariflorum,トウゴクヘラオモダカ,維管束植物,,絶滅危惧ⅠB類（EN）,,,moe_redlist,GBIFへの照会自体が未実施（gbif_taxon_key欠落・gbif_match_type=NULL）
allepithema nagayamai,Allepithema nagayamai,ナガヤマヤマツボ,貝類,,絶滅危惧I類（CR+EN）,,,moe_redlist,GBIFへの照会自体が未実施（gbif_taxon_key欠落・gbif_match_type=NULL）
allium inutile,Allium inutile,ステゴビル,維管束植物,,絶滅危惧Ⅱ類（VU）,,,moe_redlist,GBIFへの照会自体が未実施（gbif_taxon_key欠落・gbif_match_type=NULL）
allium kiiense,Allium kiiense,キイイトラッキョウ,維管束植物,,絶滅危惧Ⅱ類（VU）,,,moe_redlist,GBIFへの照会自体が未実施（gbif_taxon_key欠落・gbif_match_type=NULL）
allium schoenoprasum var. idzuense,Allium schoenoprasum var. idzuense,イズアサツキ,維管束植物,,絶滅危惧Ⅱ類（VU）,,,moe_redlist,GBIFへの照会自体が未実施（gbif_taxon_key欠落・gbif_match_type=NULL）
allium schoenoprasum var. shibutuense,Allium schoenoprasum var. shibutuense,シブツアサツキ,維管束植物,,準絶滅危惧（NT）,,,moe_redlist,GBIFへの照会自体が未実施（gbif_taxon_key欠落・gbif_match_type=NULL）
allium togashii,Allium togashii,カンカケイニラ,維管束植物,,絶滅危惧ⅠB類（EN）,,,moe_redlist,GBIFへの照会自体が未実施（gbif_taxon_key欠落・gbif_match_type=NULL）
allium virgunculae var. koshikiense,Allium virgunculae var. koshikiense,コシキイトラッキョウ,維管束植物,,絶滅危惧ⅠB類（EN）,,,moe_redlist,GBIFへの照会自体が未実施（gbif_taxon_key欠落・gbif_match_type=NULL）
allium virgunculae var. virgunculae,Allium virgunculae var. virgunculae,イトラッキョウ,維管束植物,,準絶滅危惧（NT）,,,moe_redlist,GBIFへの照会自体が未実施（gbif_taxon_key欠落・gbif_match_type=NULL）
allium virgunculae var. yakushimense,Allium virgunculae var. yakushimense,ヤクシマイトラッキョウ,維管束植物,,絶滅危惧ⅠB類（EN）,,,moe_redlist,GBIFへの照会自体が未実施（gbif_taxon_key欠落・gbif_match_type=NULL）
allopachria bimaculata,Allopachria bimaculata,フタキボシケシゲンゴロウ,昆虫類,,準絶滅危惧（NT）,,,moe_redlist,GBIFへの照会自体が未実施（gbif_taxon_key欠落・gbif_match_type=NULL）
allopachria flavomaculata,Allopachria flavomaculata,キボシケシゲンゴロウ,昆虫類,,情報不足（DD）,,,moe_redlist,GBIFへの照会自体が未実施（gbif_taxon_key欠落・gbif_match_type=NULL）
allotraeus boninensis,Allotraeus boninensis,オガサワラトビイロカミキリ,昆虫類,,絶滅危惧II類（VU）,,,moe_redlist,GBIFへの照会自体が未実施（gbif_taxon_key欠落・gbif_match_type=NULL）
alnus trabeculosa,Alnus trabeculosa,サクラバハンノキ,維管束植物,,準絶滅危惧（NT）,,,moe_redlist,GBIFへの照会自体が未実施（gbif_taxon_key欠落・gbif_match_type=NULL）
aloa lactinea,Aloa lactinea,マエアカヒトリ,昆虫類,,準絶滅危惧（NT）,,,moe_redlist,GBIFへの照会自体が未実施（gbif_taxon_key欠落・gbif_match_type=NULL）
alopecosa hokkaidensis,Alopecosa hokkaidensis,アシマダラコモリグモ,その他無脊椎動物,,情報不足（DD）,,,moe_redlist,GBIFへの照会自体が未実施（gbif_taxon_key欠落・gbif_match_type=NULL）
alpheus dolichodactylus,Alpheus dolichodactylus,ハシボソテッポウエビ,甲殻類（海洋生物）,,準絶滅危惧（NT）,,,moe_redlist,GBIFへの照会自体が未実施（gbif_taxon_key欠落・gbif_match_type=NULL）
alpheus ikedosoma,Alpheus ikedosoma,ユメユムシテッポウエビ,甲殻類（海洋生物）,,情報不足（DD）,,,moe_redlist,GBIFへの照会自体が未実施（gbif_taxon_key欠落・gbif_match_type=NULL）
alpheus sp.,Alpheus sp.,マングローブテッポウエビ,甲殻類（海洋生物）,,準絶滅危惧（NT）,,,moe_redlist,GBIFへの照会自体が未実施（gbif_taxon_key欠落・gbif_match_type=NULL）
alpinia boninsimensis,Alpinia boninsimensis,シマクマタケラン,維管束植物,,情報不足（DD）,,,moe_redlist,GBIFへの照会自体が未実施（gbif_taxon_key欠落・gbif_match_type=NULL）
amamiclytus nobuoi,Amamiclytus nobuoi,ケズネチビトラカミキリ,昆虫類,,情報不足（DD）,,,moe_redlist,GBIFへの照会自体が未実施（gbif_taxon_key欠落・gbif_match_type=NULL）
amamiku amamensis,Amamiku amamensis,アマミミナミサワガニ,その他無脊椎動物,,絶滅危惧II類（VU）,,,moe_redlist,GBIFへの照会自体が未実施（gbif_taxon_key欠落・gbif_match_type=NULL）
amana erythronioides,Amana erythronioides,ヒロハノアマナ,維管束植物,,絶滅危惧Ⅱ類（VU）,,,moe_redlist,GBIFへの照会自体が未実施（gbif_taxon_key欠落・gbif_match_type=NULL）
amanita squarrosa,Amanita squarrosa,コササクレシロオニタケ,菌類,,情報不足（DD）,,,moe_redlist,GBIFへの照会自体が未実施（gbif_taxon_key欠落・gbif_match_type=NULL）
amata flava aritai,Amata flava aritai,ツマキカノコ,昆虫類,,準絶滅危惧（NT）,,,moe_redlist,GBIFへの照会自体が未実施（gbif_taxon_key欠落・gbif_match_type=NULL）
amathina tricarinata,Amathina tricarinata,イソチドリ,貝類,,絶滅危惧I類（CR+EN）,,,moe_redlist,GBIFへの照会自体が未実施（gbif_taxon_key欠落・gbif_match_type=NULL）
ambassis interrupta,Ambassis interrupta,ナンヨウタカサゴイシモチ,汽水・淡水魚類,,情報不足（DD）,,,moe_redlist,GBIFへの照会自体が未実施（gbif_taxon_key欠落・gbif_match_type=NULL）
ambassis macracanthus,Ambassis macracanthus,ハナダカタカサゴイシモチ,汽水・淡水魚類,,情報不足（DD）,,,moe_redlist,GBIFへの照会自体が未実施（gbif_taxon_key欠落・gbif_match_type=NULL）
amblychaeturichthys hexanema,Amblychaeturichthys hexanema,アカハゼ,魚類（海洋生物）,,準絶滅危惧（NT）,,,moe_redlist,GBIFへの照会自体が未実施（gbif_taxon_key欠落・gbif_match_type=NULL）
amblychaeturichthys sciistius,Amblychaeturichthys sciistius,コモチジャコ,魚類（海洋生物）,,準絶滅危惧（NT）,,,moe_redlist,GBIFへの照会自体が未実施（gbif_taxon_key欠落・gbif_match_type=NULL）
amblycirrhitus bimaculus,Amblycirrhitus bimaculus,フタホシゴンベ,魚類（海洋生物）,,情報不足（DD）,,,moe_redlist,GBIFへの照会自体が未実施（gbif_taxon_key欠落・gbif_match_type=NULL）
amblyglyphidodon ternatensis,Amblyglyphidodon ternatensis,ニセクラカオスズメダイ,魚類（海洋生物）,,情報不足（DD）,,,moe_redlist,GBIFへの照会自体が未実施（gbif_taxon_key欠落・gbif_match_type=NULL）
amblygobius linki,Amblygobius linki,ワカケサラサハゼ,汽水・淡水魚類,,準絶滅危惧（NT）,,,moe_redlist,GBIFへの照会自体が未実施（gbif_taxon_key欠落・gbif_match_type=NULL）
amblyopone fulvida,Amblyopone fulvida,ケシノコギリハリアリ,昆虫類,,準絶滅危惧（NT）,,,moe_redlist,GBIFへの照会自体が未実施（gbif_taxon_key欠落・gbif_match_type=NULL）
ambrosia trifida,Ambrosia trifida,オオブタクサ（クワモドキ）,植物,,,重点対策外来種,,moe_ias_list,GBIFへの照会自体が未実施（gbif_taxon_key欠落・gbif_match_type=NULL）
amethystea caerulea,Amethystea caerulea,ルリハッカ,維管束植物,,絶滅危惧ⅠＡ類（CR）,,,moe_redlist,GBIFへの照会自体が未実施（gbif_taxon_key欠落・gbif_match_type=NULL）
ammophila arenaria,Ammophila arenaria,ビーチグラス,植物,,,侵入予防外来種,NONE,moe_ias_list,GBIFへ照会したが一致しなかった（gbif_match_type=NONE）
ammophila atripes japonica,Ammophila atripes japonica,フジジガバチ,昆虫類,,準絶滅危惧（NT）,,,moe_redlist,GBIFへの照会自体が未実施（gbif_taxon_key欠落・gbif_match_type=NULL）
ammophila breviligulata,Ammophila breviligulata,オオハマガヤ（アメリカハマニンニク、アメリカカイガンソウ）,植物,,,重点対策外来種,,moe_ias_list,GBIFへの照会自体が未実施（gbif_taxon_key欠落・gbif_match_type=NULL）
amorpha fruticosa,Amorpha fruticosa,イタチハギ（クロバナエンジュ）,植物,,,重点対策外来種,,moe_ias_list,GBIFへの照会自体が未実施（gbif_taxon_key欠落・gbif_match_type=NULL）
amorphophallus kiusianus,Amorphophallus kiusianus,ヤマコンニャク,維管束植物,,絶滅危惧Ⅱ類（VU）,,,moe_redlist,GBIFへの照会自体が未実施（gbif_taxon_key欠落・gbif_match_type=NULL）
amphinemura kawaii,Amphinemura kawaii,カワイオナシカワゲラ,昆虫類,,情報不足（DD）,,,moe_redlist,GBIFへの照会自体が未実施（gbif_taxon_key欠落・gbif_match_type=NULL）
amphiprion polymnus,Amphiprion polymnus,トウアカクマノミ,魚類（海洋生物）,,情報不足（DD）,,,moe_redlist,GBIFへの照会自体が未実施（gbif_taxon_key欠落・gbif_match_type=NULL）
amphiprion sandaracinos,Amphiprion sandaracinos,セジロクマノミ,魚類（海洋生物）,,準絶滅危惧（NT）,,,moe_redlist,GBIFへの照会自体が未実施（gbif_taxon_key欠落・gbif_match_type=NULL）
amphipyra okinawensis,Amphipyra okinawensis,クロシマカラスヨトウ,昆虫類,,準絶滅危惧（NT）,,,moe_redlist,GBIFへの照会自体が未実施（gbif_taxon_key欠落・gbif_match_type=NULL）
amraica kimurai,Amraica kimurai,サキシマオオエダシャク,昆虫類,,絶滅危惧II類（VU）,,,moe_redlist,GBIFへの照会自体が未実施（gbif_taxon_key欠落・gbif_match_type=NULL）
amsonia elliptica,Amsonia elliptica,チョウジソウ,維管束植物,,準絶滅危惧（NT）,,,moe_redlist,GBIFへの照会自体が未実施（gbif_taxon_key欠落・gbif_match_type=NULL）
anaciaeschna jaspidea,Anaciaeschna jaspidea,トビイロヤンマ,昆虫類,,絶滅危惧IB類（EN）,,,moe_redlist,GBIFへの照会自体が未実施（gbif_taxon_key欠落・gbif_match_type=NULL）
anadara crebricostata,Anadara crebricostata,メオトサルボオ,貝類,,絶滅危惧II類（VU）,,,moe_redlist,GBIFへの照会自体が未実施（gbif_taxon_key欠落・gbif_match_type=NULL）
anadara globosa,Anadara globosa,クマサルボオ,貝類,,絶滅危惧II類（VU）,,,moe_redlist,GBIFへの照会自体が未実施（gbif_taxon_key欠落・gbif_match_type=NULL）
anadara troscheli,Anadara troscheli,ヒメアカガイ,貝類,,絶滅危惧I類（CR+EN）,,,moe_redlist,GBIFへの照会自体が未実施（gbif_taxon_key欠落・gbif_match_type=NULL）
anadastus pulchelloides,Anadastus pulchelloides,オビヒメコメツキモドキ,昆虫類,,絶滅危惧II類（VU）,,,moe_redlist,GBIFへの照会自体が未実施（gbif_taxon_key欠落・gbif_match_type=NULL）
anaphalis sinica var. pernivea,Anaphalis sinica var. pernivea,トダイハハコ,維管束植物,,絶滅危惧Ⅱ類（VU）,,,moe_redlist,GBIFへの照会自体が未実施（gbif_taxon_key欠落・gbif_match_type=NULL）
anaphalis sinica var. viscosissima,Anaphalis sinica var. viscosissima,クリヤマハハコ,維管束植物,,絶滅危惧Ⅱ類（VU）,,,moe_redlist,GBIFへの照会自体が未実施（gbif_taxon_key欠落・gbif_match_type=NULL）
anaphalis sinica var. yakusimensis,Anaphalis sinica var. yakusimensis,ヤクシマウスユキソウ,維管束植物,,絶滅危惧ⅠＡ類（CR）,,,moe_redlist,GBIFへの照会自体が未実施（gbif_taxon_key欠落・gbif_match_type=NULL）
anarta melanopa,Anarta melanopa,コイズミヨトウ,昆虫類,,準絶滅危惧（NT）,,,moe_redlist,GBIFへの照会自体が未実施（gbif_taxon_key欠落・gbif_match_type=NULL）
anas formosa,Anas formosa,トモエガモ,鳥類,,情報不足（DD）,,,moe_redlist,GBIFへの照会自体が未実施（gbif_taxon_key欠落・gbif_match_type=NULL）
anastrepta orcadensis,Anastrepta orcadensis,タチクモマゴケ,蘚苔類,,準絶滅危惧（NT）,,,moe_redlist,GBIFへの照会自体が未実施（gbif_taxon_key欠落・gbif_match_type=NULL）
anatinella nicobarica,Anatinella nicobarica,チトセノハナガイ,貝類,,絶滅危惧II類（VU）,,,moe_redlist,GBIFへの照会自体が未実施（gbif_taxon_key欠落・gbif_match_type=NULL）
ancyrobdella biwae,Ancyrobdella biwae,イカリビル,その他無脊椎動物,,情報不足（DD）,,,moe_redlist,GBIFへの照会自体が未実施（gbif_taxon_key欠落・gbif_match_type=NULL）
ancyrobdella smaragdina,Ancyrobdella smaragdina,ミドリビル,その他無脊椎動物,,情報不足（DD）,,,moe_redlist,GBIFへの照会自体が未実施（gbif_taxon_key欠落・gbif_match_type=NULL）
andamia reyi,Andamia reyi,カンムリヨダレカケ,魚類（海洋生物）,,情報不足（DD）,,,moe_redlist,GBIFへの照会自体が未実施（gbif_taxon_key欠落・gbif_match_type=NULL）
andreaea nivalis,Andreaea nivalis,ガッサンクロゴケ,蘚苔類,,準絶滅危惧（NT）,,,moe_redlist,GBIFへの照会自体が未実施（gbif_taxon_key欠落・gbif_match_type=NULL）
andrena yasumatsui,Andrena yasumatsui,ヤスマツヒメハナバチ,昆虫類,,情報不足（DD）,,,moe_redlist,GBIFへの照会自体が未実施（gbif_taxon_key欠落・gbif_match_type=NULL）
andropogon virginicus,Andropogon virginicus,メリケンカルカヤ,植物,,,その他の総合対策外来種,,moe_ias_list,GBIFへの照会自体が未実施（gbif_taxon_key欠落・gbif_match_type=NULL）
androsace chamaejasme subsp. lehmanniana,Androsace chamaejasme subsp. lehmanniana,トチナイソウ,維管束植物,,絶滅危惧ⅠB類（EN）,,,moe_redlist,GBIFへの照会自体が未実施（gbif_taxon_key欠落・gbif_match_type=NULL）
anelassorhyncusmucosus,Anelassorhyncusmucosus,ミドリユムシ,その他無脊椎動物（海洋生物）,,情報不足（DD）,,NONE,moe_redlist,GBIFへ照会したが一致しなかった（gbif_match_type=NONE）
anemone amurensis,Anemone amurensis,ウラホロイチゲ,維管束植物,,絶滅危惧Ⅱ類（VU）,,,moe_redlist,GBIFへの照会自体が未実施（gbif_taxon_key欠落・gbif_match_type=NULL）
anemone dichotoma,Anemone dichotoma,フタマタイチゲ,維管束植物,,準絶滅危惧（NT）,,,moe_redlist,GBIFへの照会自体が未実施（gbif_taxon_key欠落・gbif_match_type=NULL）
anemone sikokiana,Anemone sikokiana,シコクイチゲ,維管束植物,,絶滅危惧ⅠB類（EN）,,,moe_redlist,GBIFへの照会自体が未実施（gbif_taxon_key欠落・gbif_match_type=NULL）
angelica cryptotaeniifolia var. cryptotaeniifolia,Angelica cryptotaeniifolia var. cryptotaeniifolia,ミヤマノダケ,維管束植物,,絶滅危惧ⅠＡ類（CR）,,,moe_redlist,GBIFへの照会自体が未実施（gbif_taxon_key欠落・gbif_match_type=NULL）
angelica cryptotaeniifolia var. kyushiana,Angelica cryptotaeniifolia var. kyushiana,ツクシミヤマノダケ,維管束植物,,絶滅危惧ⅠＡ類（CR）,,,moe_redlist,GBIFへの照会自体が未実施（gbif_taxon_key欠落・gbif_match_type=NULL）
angelica decursiva var. angustiloba,Angelica decursiva var. angustiloba,ホソバノダケ,維管束植物,,情報不足（DD）,,,moe_redlist,GBIFへの照会自体が未実施（gbif_taxon_key欠落・gbif_match_type=NULL）
angelica furcijuga,Angelica furcijuga,ヒュウガトウキ,維管束植物,,絶滅危惧Ⅱ類（VU）,,,moe_redlist,GBIFへの照会自体が未実施（gbif_taxon_key欠落・gbif_match_type=NULL）
angelica japonica var. boninensis,Angelica japonica var. boninensis,ムニンハマウド,維管束植物,,絶滅危惧Ⅱ類（VU）,,,moe_redlist,GBIFへの照会自体が未実施（gbif_taxon_key欠落・gbif_match_type=NULL）
angelica minamitanii,Angelica minamitanii,ヒュウガセンキュウ,維管束植物,,絶滅危惧ⅠB類（EN）,,,moe_redlist,GBIFへの照会自体が未実施（gbif_taxon_key欠落・gbif_match_type=NULL）
angelica pseudoshikokiana,Angelica pseudoshikokiana,ツクシトウキ,維管束植物,,絶滅危惧ⅠＡ類（CR）,,,moe_redlist,GBIFへの照会自体が未実施（gbif_taxon_key欠落・gbif_match_type=NULL）
angelica saxicola,Angelica saxicola,イシヅチボウフウ,維管束植物,,絶滅危惧ⅠB類（EN）,,,moe_redlist,GBIFへの照会自体が未実施（gbif_taxon_key欠落・gbif_match_type=NULL）
angelica shikokiana,Angelica shikokiana,イヌトウキ,維管束植物,,絶滅危惧Ⅱ類（VU）,,,moe_redlist,GBIFへの照会自体が未実施（gbif_taxon_key欠落・gbif_match_type=NULL）
angelica shikokiana var. mayebarana,Angelica shikokiana var. mayebarana,クマノダケ,維管束植物,,絶滅危惧ⅠB類（EN）,,,moe_redlist,GBIFへの照会自体が未実施（gbif_taxon_key欠落・gbif_match_type=NULL）
angelica sinanomontana,Angelica sinanomontana,シナノノダケ,維管束植物,,絶滅危惧ⅠＡ類（CR）,,,moe_redlist,GBIFへの照会自体が未実施（gbif_taxon_key欠落・gbif_match_type=NULL）
angelica stenoloba,Angelica stenoloba,ホソバトウキ,維管束植物,,絶滅危惧Ⅱ類（VU）,,,moe_redlist,GBIFへの照会自体が未実施（gbif_taxon_key欠落・gbif_match_type=NULL）
angelica stenoloba var. valens,Angelica stenoloba var. valens,トカチトウキ,維管束植物,,絶滅危惧ⅠB類（EN）,,,moe_redlist,GBIFへの照会自体が未実施（gbif_taxon_key欠落・gbif_match_type=NULL）
angelica tenuisecta,Angelica tenuisecta,カワゼンゴ,維管束植物,,絶滅危惧Ⅱ類（VU）,,,moe_redlist,GBIFへの照会自体が未実施（gbif_taxon_key欠落・gbif_match_type=NULL）
angelica ubatakensis,Angelica ubatakensis,ウバタケニンジン,維管束植物,,絶滅危惧ⅠB類（EN）,,,moe_redlist,GBIFへの照会自体が未実施（gbif_taxon_key欠落・gbif_match_type=NULL）
angelica ubatakensis var. ubatakensis,Angelica ubatakensis var. ubatakensis,オオウバタケニンジン,維管束植物,,絶滅危惧Ⅱ類（VU）,,,moe_redlist,GBIFへの照会自体が未実施（gbif_taxon_key欠落・gbif_match_type=NULL）
angelica yakusimensis,Angelica yakusimensis,ヤクシマノダケ,維管束植物,,絶滅危惧Ⅱ類（VU）,,,moe_redlist,GBIFへの照会自体が未実施（gbif_taxon_key欠落・gbif_match_type=NULL）
angelica yoshinagae,Angelica yoshinagae,トサボウフウ,維管束植物,,絶滅危惧ⅠB類（EN）,,,moe_redlist,GBIFへの照会自体が未実施（gbif_taxon_key欠落・gbif_match_type=NULL）
angiopteris fokiensis,Angiopteris fokiensis,ヒノタニリュウビンタイ,維管束植物,,絶滅危惧ⅠＡ類（CR）,,,moe_redlist,GBIFへの照会自体が未実施（gbif_taxon_key欠落・gbif_match_type=NULL）
anguilla bicolor pacifica,Anguilla  bicolor pacifica,ニューギニアウナギ,汽水・淡水魚類,,情報不足（DD）,,,moe_redlist,GBIFへの照会自体が未実施（gbif_taxon_key欠落・gbif_match_type=NULL）
anguilla japonica,Anguilla japonica,ニホンウナギ,汽水・淡水魚類,,絶滅危惧IB類（EN）,,,moe_redlist,GBIFへの照会自体が未実施（gbif_taxon_key欠落・gbif_match_type=NULL）
angustassiminea castanea,Angustassiminea castanea,クリイロカワザンショウ,貝類,,準絶滅危惧（NT）,,,moe_redlist,GBIFへの照会自体が未実施（gbif_taxon_key欠落・gbif_match_type=NULL）
aniculus sibogae,Aniculus sibogae,クロシマオニヤドカリ,甲殻類（海洋生物）,,情報不足（DD）,,,moe_redlist,GBIFへの照会自体が未実施（gbif_taxon_key欠落・gbif_match_type=NULL）
aniseia martinicensis,Aniseia martinicensis,ナガバアサガオ,維管束植物,,絶滅危惧ⅠＡ類（CR）,,,moe_redlist,GBIFへの照会自体が未実施（gbif_taxon_key欠落・gbif_match_type=NULL）
anisodevonia ohshimai,Anisodevonia ohshimai,ヒノマルズキン,貝類,,準絶滅危惧（NT）,,,moe_redlist,GBIFへの照会自体が未実施（gbif_taxon_key欠落・gbif_match_type=NULL）
anochetus shohki,Anochetus shohki,ヒメアギトアリ,昆虫類,,準絶滅危惧（NT）,,,moe_redlist,GBIFへの照会自体が未実施（gbif_taxon_key欠落・gbif_match_type=NULL）
anoectochilus formosanus,Anoectochilus formosanus,キバナシュスラン,維管束植物,,絶滅危惧ⅠＡ類（CR）,,,moe_redlist,GBIFへの照会自体が未実施（gbif_taxon_key欠落・gbif_match_type=NULL）
anoectochilus koshunensis,Anoectochilus koshunensis,コウシュンシュスラン,維管束植物,,絶滅危惧ⅠＡ類（CR）,,,moe_redlist,GBIFへの照会自体が未実施（gbif_taxon_key欠落・gbif_match_type=NULL）
anomalodiscus squamosus,Anomalodiscus squamosus,シオヤガイ,貝類,,準絶滅危惧（NT）,,,moe_redlist,GBIFへの照会自体が未実施（gbif_taxon_key欠落・gbif_match_type=NULL）
anomiostrea coralliophila,Anomiostrea coralliophila,サンゴガキ,貝類,,絶滅危惧II類（VU）,,,moe_redlist,GBIFへの照会自体が未実施（gbif_taxon_key欠落・gbif_match_type=NULL）
anomobryum yasudae,Anomobryum yasudae,ヤスダゴケ,蘚苔類,,情報不足（DD）,,,moe_redlist,GBIFへの照会自体が未実施（gbif_taxon_key欠落・gbif_match_type=NULL）
anopheles saperoi,Anopheles saperoi,オオハマハマダラカ,昆虫類,,準絶滅危惧（NT）,,,moe_redlist,GBIFへの照会自体が未実施（gbif_taxon_key欠落・gbif_match_type=NULL）
anopheles yatsushiroensis,Anopheles yatsushiroensis,ヤツシロハマダラカ,昆虫類,,絶滅危惧IA類（CR）,,,moe_redlist,GBIFへの照会自体が未実施（gbif_taxon_key欠落・gbif_match_type=NULL）
anoplius eous,Anoplius eous,アケボノベッコウ,昆虫類,,情報不足（DD）,,,moe_redlist,GBIFへの照会自体が未実施（gbif_taxon_key欠落・gbif_match_type=NULL）
anoplius viaticus,Anoplius viaticus,ムツボシベッコウ,昆虫類,,準絶滅危惧（NT）,,,moe_redlist,GBIFへの照会自体が未実施（gbif_taxon_key欠落・gbif_match_type=NULL）
"anoploderomorha excavata (bates, 1884)","Anoploderomorha excavata (Bates, 1884)",ミヤマクロハナカミキリ,昆虫類・クモ類,準絶滅危惧（NT）,,,NONE,kanagawa_redlist,GBIFへ照会したが一致しなかった（gbif_match_type=NONE）
anser fabalis serrerostris,Anser fabalis serrerostris,ヒシクイ,鳥類,,準絶滅危惧（NT）,,,moe_redlist,GBIFへの照会自体が未実施（gbif_taxon_key欠落・gbif_match_type=NULL）
antecaridina lauensis,Antecaridina lauensis,ドウクツヌマエビ,その他無脊椎動物,,絶滅危惧II類（VU）,,,moe_redlist,GBIFへの照会自体が未実施（gbif_taxon_key欠落・gbif_match_type=NULL）
antennaria dioica,Antennaria dioica,エゾノチチコグサ,維管束植物,,絶滅危惧ⅠＡ類（CR）,,,moe_redlist,GBIFへの照会自体が未実施（gbif_taxon_key欠落・gbif_match_type=NULL）
anthocharis cardamines hayashii,Anthocharis cardamines hayashii,クモマツマキチョウ八ヶ岳・南アルプス亜種,昆虫類,,絶滅危惧II類（VU）,,,moe_redlist,GBIFへの照会自体が未実施（gbif_taxon_key欠落・gbif_match_type=NULL）
anthocharis cardamines isshikii,Anthocharis cardamines isshikii,クモマツマキチョウ北アルプス・戸隠亜種,昆虫類,,準絶滅危惧（NT）,,,moe_redlist,GBIFへの照会自体が未実施（gbif_taxon_key欠落・gbif_match_type=NULL）
anthoxanthum odoratum,Anthoxanthum odoratum,ハルガヤ（スイートバーナルグラス）,植物,,,その他の総合対策外来種,,moe_ias_list,GBIFへの照会自体が未実施（gbif_taxon_key欠落・gbif_match_type=NULL）
anthoxanthum odoratum subsp. nipponicum,Anthoxanthum odoratum subsp. nipponicum,ミヤマハルガヤ,維管束植物,,絶滅危惧Ⅱ類（VU）,,,moe_redlist,GBIFへの照会自体が未実施（gbif_taxon_key欠落・gbif_match_type=NULL）
anthoxanthum pluriflorum var. pluriflorum,Anthoxanthum pluriflorum var. pluriflorum,エゾコウボウ,維管束植物,,絶滅危惧ⅠB類（EN）,,,moe_redlist,GBIFへの照会自体が未実施（gbif_taxon_key欠落・gbif_match_type=NULL）
anticlea sibirica,Anticlea sibirica,リシリソウ,維管束植物,,絶滅危惧Ⅱ類（VU）,,,moe_redlist,GBIFへの照会自体が未実施（gbif_taxon_key欠落・gbif_match_type=NULL）
antigius butleri kurinodakensis,Antigius butleri kurinodakensis,ウスイロオナガシジミ鹿児島県栗野岳亜種,昆虫類,,絶滅危惧IA類（CR）,,,moe_redlist,GBIFへの照会自体が未実施（gbif_taxon_key欠落・gbif_match_type=NULL）
antrodiaetus roretzii,Antrodiaetus roretzii,カネコトタテグモ,その他無脊椎動物,,準絶滅危惧（NT）,,,moe_redlist,GBIFへの照会自体が未実施（gbif_taxon_key欠落・gbif_match_type=NULL）
antrophyum formosanum,Antrophyum formosanum,シマタキミシダ,維管束植物,,絶滅危惧ⅠＡ類（CR）,,,moe_redlist,GBIFへの照会自体が未実施（gbif_taxon_key欠落・gbif_match_type=NULL）
antrophyum obovatum,Antrophyum obovatum,タキミシダ,維管束植物,,絶滅危惧Ⅱ類（VU）,,,moe_redlist,GBIFへの照会自体が未実施（gbif_taxon_key欠落・gbif_match_type=NULL）
aongstroemia julacea,Aongstroemia julacea,フジサンギンゴケモドキ,蘚苔類,,情報不足（DD）,,,moe_redlist,GBIFへの照会自体が未実施（gbif_taxon_key欠落・gbif_match_type=NULL）
aongstroemia orientalis,Aongstroemia orientalis,ハタキゴケ,蘚苔類,,情報不足（DD）,,,moe_redlist,GBIFへの照会自体が未実施（gbif_taxon_key欠落・gbif_match_type=NULL）
aoroidesmyojinensis,Aoroidesmyojinensis,ミョウジンブラブラソコエビ,甲殻類（海洋生物）,,情報不足（DD）,,,moe_redlist,GBIFへの照会自体が未実施（gbif_taxon_key欠落・gbif_match_type=NULL）
apalopteron familiare hahasima,Apalopteron familiare hahasima,ハハジマメグロ,鳥類,,絶滅危惧II類（VU）,,,moe_redlist,GBIFへの照会自体が未実施（gbif_taxon_key欠落・gbif_match_type=NULL）
aphaenogaster edentula,Aphaenogaster edentula,トゲナシアシナガアリ,昆虫類,,準絶滅危惧（NT）,,,moe_redlist,GBIFへの照会自体が未実施（gbif_taxon_key欠落・gbif_match_type=NULL）
aphaenogaster gamagumayaa,Aphaenogaster gamagumayaa,ガマアシナガアリ,昆虫類,,絶滅危惧IA類（CR）,,,moe_redlist,GBIFへの照会自体が未実施（gbif_taxon_key欠落・gbif_match_type=NULL）
apharinodes papageno,Apharinodes papageno,オオウロコアリヅカムシ,昆虫類,,情報不足（DD）,,,moe_redlist,GBIFへの照会自体が未実施（gbif_taxon_key欠落・gbif_match_type=NULL）
aphelocheirus nawae,Aphelocheirus nawae,トゲナベブタムシ,昆虫類,,絶滅危惧II類（VU）,,,moe_redlist,GBIFへの照会自体が未実施（gbif_taxon_key欠落・gbif_match_type=NULL）
aphodius brachysomus,Aphodius brachysomus,セマルオオマグソコガネ,昆虫類,,情報不足（DD）,,,moe_redlist,GBIFへの照会自体が未実施（gbif_taxon_key欠落・gbif_match_type=NULL）
aphodius gotoi,Aphodius gotoi,ツヤケシマグソコガネ,昆虫類,,絶滅危惧II類（VU）,,,moe_redlist,GBIFへの照会自体が未実施（gbif_taxon_key欠落・gbif_match_type=NULL）
aphodius kiuchii,Aphodius kiuchii,ダイセツマグソコガネ,昆虫類,,準絶滅危惧（NT）,,,moe_redlist,GBIFへの照会自体が未実施（gbif_taxon_key欠落・gbif_match_type=NULL）
aphodius languidulus,Aphodius languidulus,キバネマグソコガネ,昆虫類,,準絶滅危惧（NT）,,,moe_redlist,GBIFへの照会自体が未実施（gbif_taxon_key欠落・gbif_match_type=NULL）
aphodius sturmi,Aphodius sturmi,ヒメキイロマグソコガネ,昆虫類,,準絶滅危惧（NT）,,,moe_redlist,GBIFへの照会自体が未実施（gbif_taxon_key欠落・gbif_match_type=NULL）
aphodius variabilis,Aphodius variabilis,クロモンマグソコガネ,昆虫類,,準絶滅危惧（NT）,,,moe_redlist,GBIFへの照会自体が未実施（gbif_taxon_key欠落・gbif_match_type=NULL）
aphrodora kurodai,Aphrodora kurodai,ウスハマグリ,貝類,,絶滅危惧I類（CR+EN）,,,moe_redlist,GBIFへの照会自体が未実施（gbif_taxon_key欠落・gbif_match_type=NULL）
aphyllorchis montana,Aphyllorchis montana,タネガシマムヨウラン,維管束植物,,絶滅危惧ⅠB類（EN）,,,moe_redlist,GBIFへの照会自体が未実施（gbif_taxon_key欠落・gbif_match_type=NULL）
apochima excavata,Apochima excavata,クワトゲエダシャク,昆虫類,,準絶滅危惧（NT）,,,moe_redlist,GBIFへの照会自体が未実施（gbif_taxon_key欠落・gbif_match_type=NULL）
apocryptodon punctatus,Apocryptodon punctatus,タビラクチ,汽水・淡水魚類,,絶滅危惧II類（VU）,,,moe_redlist,GBIFへの照会自体が未実施（gbif_taxon_key欠落・gbif_match_type=NULL）
apocynum venetum var. basikurumon,Apocynum venetum var. basikurumon,バシクルモン,維管束植物,,絶滅危惧Ⅱ類（VU）,,,moe_redlist,GBIFへの照会自体が未実施（gbif_taxon_key欠落・gbif_match_type=NULL）
apodicarpum ikenoi,Apodicarpum ikenoi,エキサイゼリ,維管束植物,,準絶滅危惧（NT）,,,moe_redlist,GBIFへの照会自体が未実施（gbif_taxon_key欠落・gbif_match_type=NULL）
apolymetis meyeri,Apolymetis meyeri,チリメンジュロウジン,貝類,,絶滅危惧IA類（CR）,,,moe_redlist,GBIFへの照会自体が未実施（gbif_taxon_key欠落・gbif_match_type=NULL）
aporia hippia japonica,Aporia hippia japonica,ミヤマシロチョウ,昆虫類,,絶滅危惧IB類（EN）,,,moe_redlist,GBIFへの照会自体が未実施（gbif_taxon_key欠落・gbif_match_type=NULL）
apostasia nipponica,Apostasia nipponica,ヤクシマラン,維管束植物,,絶滅危惧ⅠB類（EN）,,,moe_redlist,GBIFへの照会自体が未実施（gbif_taxon_key欠落・gbif_match_type=NULL）
apotreubia nana,Apotreubia nana,ヒメトロイブゴケ,蘚苔類,,絶滅危惧Ⅱ類（VU）,,,moe_redlist,GBIFへの照会自体が未実施（gbif_taxon_key欠落・gbif_match_type=NULL）
appasus japonicus,Appasus japonicus,コオイムシ,昆虫類,,準絶滅危惧（NT）,,,moe_redlist,GBIFへの照会自体が未実施（gbif_taxon_key欠落・gbif_match_type=NULL）
aptocyclus ventricosus,Aptocyclus ventricosus,ホテイウオ,魚類（海洋生物）,,情報不足（DD）,,,moe_redlist,GBIFへの照会自体が未実施（gbif_taxon_key欠落・gbif_match_type=NULL）
aptychella robusta,Aptychella robusta,オオタマコモチイトゴケ,蘚苔類,,絶滅危惧Ⅱ類（VU）,,,moe_redlist,GBIFへの照会自体が未実施（gbif_taxon_key欠落・gbif_match_type=NULL）
aquila chrysaetos japonica,Aquila chrysaetos japonica,イヌワシ,鳥類,,絶滅危惧IB類（EN）,,,moe_redlist,GBIFへの照会自体が未実施（gbif_taxon_key欠落・gbif_match_type=NULL）
arabidopsis halleri subsp. gemmifera var. umezawana,Arabidopsis halleri subsp. gemmifera var. umezawana,リシリハタザオ,維管束植物,,絶滅危惧ⅠB類（EN）,,,moe_redlist,GBIFへの照会自体が未実施（gbif_taxon_key欠落・gbif_match_type=NULL）
arabidopsis kamchatica subsp. kawasakiana,Arabidopsis kamchatica subsp. kawasakiana,タチスズシロソウ,維管束植物,,絶滅危惧Ⅱ類（VU）,,,moe_redlist,GBIFへの照会自体が未実施（gbif_taxon_key欠落・gbif_match_type=NULL）
arabis flagellosa var. kawachiensis,Arabis flagellosa var. kawachiensis,カワチスズシロソウ,維管束植物,,絶滅危惧Ⅱ類（VU）,,,moe_redlist,GBIFへの照会自体が未実施（gbif_taxon_key欠落・gbif_match_type=NULL）
arabis tanakana,Arabis tanakana,クモイナズナ,維管束植物,,絶滅危惧Ⅱ類（VU）,,,moe_redlist,GBIFへの照会自体が未実施（gbif_taxon_key欠落・gbif_match_type=NULL）
arachniodes cantilenae,Arachniodes cantilenae,イツキカナワラビ,維管束植物,,絶滅危惧ⅠＡ類（CR）,,,moe_redlist,GBIFへの照会自体が未実施（gbif_taxon_key欠落・gbif_match_type=NULL）
arachniodes cavaleriei,Arachniodes cavaleriei,ヤクシマカナワラビ,維管束植物,,絶滅危惧Ⅱ類（VU）,,,moe_redlist,GBIFへの照会自体が未実施（gbif_taxon_key欠落・gbif_match_type=NULL）
arachniodes davalliiformis,Arachniodes davalliiformis,ハチジョウカナワラビ,維管束植物,,準絶滅危惧（NT）,,,moe_redlist,GBIFへの照会自体が未実施（gbif_taxon_key欠落・gbif_match_type=NULL）
arachniodes exilis f. oohorae,Arachniodes exilis f. oohorae,アタシカカナワラビ,維管束植物,,絶滅危惧ⅠＡ類（CR）,,,moe_redlist,GBIFへの照会自体が未実施（gbif_taxon_key欠落・gbif_match_type=NULL）
arachniodes hekiana,Arachniodes hekiana,シビカナワラビ,維管束植物,,絶滅危惧Ⅱ類（VU）,,,moe_redlist,GBIFへの照会自体が未実施（gbif_taxon_key欠落・gbif_match_type=NULL）
arachniodes hiugana,Arachniodes hiugana,ヒュウガカナワラビ,維管束植物,,絶滅危惧ⅠＡ類（CR）,,,moe_redlist,GBIFへの照会自体が未実施（gbif_taxon_key欠落・gbif_match_type=NULL）
arachniodes quadripinnata subsp. fimbriata,Arachniodes quadripinnata subsp. fimbriata,ヒロハナライシダ,維管束植物,,絶滅危惧ⅠＡ類（CR）,,,moe_redlist,GBIFへの照会自体が未実施（gbif_taxon_key欠落・gbif_match_type=NULL）
arachniodes simulans,Arachniodes simulans,ヒゴカナワラビ,維管束植物,,絶滅危惧ⅠＡ類（CR）,,,moe_redlist,GBIFへの照会自体が未実施（gbif_taxon_key欠落・gbif_match_type=NULL）
arachniodes yaoshanensis,Arachniodes yaoshanensis,ツルダカナワラビ,維管束植物,,絶滅危惧ⅠＡ類（CR）,,,moe_redlist,GBIFへの照会自体が未実施（gbif_taxon_key欠落・gbif_match_type=NULL）
arachniodes yasu-inouei var. yasu-inouei,Arachniodes yasu-inouei var. yasu-inouei,ハガクレカナワラビ,維管束植物,,絶滅危惧Ⅱ類（VU）,,,moe_redlist,GBIFへの照会自体が未実施（gbif_taxon_key欠落・gbif_match_type=NULL）
aradus betulae,Aradus betulae,カバヒラタカメムシ,昆虫類,,情報不足（DD）,,,moe_redlist,GBIFへの照会自体が未実施（gbif_taxon_key欠落・gbif_match_type=NULL）
aradus herculeanus,Aradus herculeanus,オオカバヒラタカメムシ,昆虫類,,準絶滅危惧（NT）,,,moe_redlist,GBIFへの照会自体が未実施（gbif_taxon_key欠落・gbif_match_type=NULL）
arcania novemspinosa,Arcania novemspinosa,ニシヒラトゲコブシ,甲殻類（海洋生物）,,情報不足（DD）,,,moe_redlist,GBIFへの照会自体が未実施（gbif_taxon_key欠落・gbif_match_type=NULL）
archiearis notha okanoi,Archiearis notha okanoi,クロフカバシャク,昆虫類,,絶滅危惧II類（VU）,,,moe_redlist,GBIFへの照会自体が未実施（gbif_taxon_key欠落・gbif_match_type=NULL）
archilejeunea amakawana,Archilejeunea amakawana,アマカワヒメゴヘイゴケ,蘚苔類,,絶滅危惧ⅠB類（EN）,,,moe_redlist,GBIFへの照会自体が未実施（gbif_taxon_key欠落・gbif_match_type=NULL）
arctocorisa kurilensis,Arctocorisa kurilensis,チシマミズムシ,昆虫類,,情報不足（DD）,,,moe_redlist,GBIFへの照会自体が未実施（gbif_taxon_key欠落・gbif_match_type=NULL）
arctotheca calendula、a. prostrata,Arctotheca calendula、A. prostrata,ワタゲハナグルマ、ワタゲツルハナグルマ（アークトセカ・カレンジュラ）,植物,,,その他の総合対策外来種,,moe_ias_list,GBIFへの照会自体が未実施（gbif_taxon_key欠落・gbif_match_type=NULL）
arcuatula japonica,Arcuatula japonica,ヤマホトトギス,貝類,,準絶滅危惧（NT）,,,moe_redlist,GBIFへの照会自体が未実施（gbif_taxon_key欠落・gbif_match_type=NULL）
ardisia cymosa,Ardisia cymosa,シナヤブコウジ,維管束植物,,絶滅危惧ⅠB類（EN）,,,moe_redlist,GBIFへの照会自体が未実施（gbif_taxon_key欠落・gbif_match_type=NULL）
ardisia walkeri,Ardisia walkeri,オオツルコウジ,維管束植物,,絶滅危惧ⅠB類（EN）,,,moe_redlist,GBIFへの照会自体が未実施（gbif_taxon_key欠落・gbif_match_type=NULL）
arenaria katoana var. katoana,Arenaria katoana var. katoana,カトウハコベ,維管束植物,,絶滅危惧Ⅱ類（VU）,,,moe_redlist,GBIFへの照会自体が未実施（gbif_taxon_key欠落・gbif_match_type=NULL）
arenaria katoana var. lanceolata,Arenaria katoana var. lanceolata,アポイツメクサ,維管束植物,,絶滅危惧ⅠB類（EN）,,,moe_redlist,GBIFへの照会自体が未実施（gbif_taxon_key欠落・gbif_match_type=NULL）
arenaria merckioides var. chokaiensis,Arenaria merckioides var. chokaiensis,チョウカイフスマ,維管束植物,,絶滅危惧Ⅱ類（VU）,,,moe_redlist,GBIFへの照会自体が未実施（gbif_taxon_key欠落・gbif_match_type=NULL）
arenifodiens vagina,Arenifodiens vagina,イシワリマクラ,貝類,,準絶滅危惧（NT）,,,moe_redlist,GBIFへの照会自体が未実施（gbif_taxon_key欠落・gbif_match_type=NULL）
argogorytes nipponis,Argogorytes nipponis,ニッポンアワフキバチ,昆虫類,,情報不足（DD）,,,moe_redlist,GBIFへの照会自体が未実施（gbif_taxon_key欠落・gbif_match_type=NULL）
argyroneta aquatica,Argyroneta aquatica,ミズグモ,その他無脊椎動物,,絶滅危惧II類（VU）,,,moe_redlist,GBIFへの照会自体が未実施（gbif_taxon_key欠落・gbif_match_type=NULL）
argyronome laodice japonica,Argyronome laodice japonica,ウラギンスジヒョウモン,昆虫類,,絶滅危惧II類（VU）,,,moe_redlist,GBIFへの照会自体が未実施（gbif_taxon_key欠落・gbif_match_type=NULL）
arinia japonica,Arinia japonica,シリブトゴマガイ,貝類,,絶滅危惧II類（VU）,,,moe_redlist,GBIFへの照会自体が未実施（gbif_taxon_key欠落・gbif_match_type=NULL）
arisaema abei,Arisaema abei,ツルギテンナンショウ,維管束植物,,絶滅危惧ⅠB類（EN）,,,moe_redlist,GBIFへの照会自体が未実施（gbif_taxon_key欠落・gbif_match_type=NULL）
arisaema aprile,Arisaema aprile,オドリコテンナンショウ,維管束植物,,絶滅危惧ⅠＡ類（CR）,,,moe_redlist,GBIFへの照会自体が未実施（gbif_taxon_key欠落・gbif_match_type=NULL）
arisaema cucullatum,Arisaema cucullatum,ホロテンナンショウ,維管束植物,,絶滅危惧ⅠＡ類（CR）,,,moe_redlist,GBIFへの照会自体が未実施（gbif_taxon_key欠落・gbif_match_type=NULL）
arisaema heterocephalum subsp. heterocephalum,Arisaema heterocephalum subsp. heterocephalum,アマミテンナンショウ,維管束植物,,絶滅危惧ⅠB類（EN）,,,moe_redlist,GBIFへの照会自体が未実施（gbif_taxon_key欠落・gbif_match_type=NULL）
arisaema heterocephalum subsp. majus,Arisaema heterocephalum subsp. majus,オオアマミテンナンショウ,維管束植物,,絶滅危惧ⅠＡ類（CR）,,,moe_redlist,GBIFへの照会自体が未実施（gbif_taxon_key欠落・gbif_match_type=NULL）
arisaema heterocephalum subsp. okinawense,Arisaema heterocephalum subsp. okinawense,オキナワテンナンショウ,維管束植物,,絶滅危惧ⅠＡ類（CR）,,,moe_redlist,GBIFへの照会自体が未実施（gbif_taxon_key欠落・gbif_match_type=NULL）
arisaema heterophyllum,Arisaema heterophyllum,マイヅルテンナンショウ,維管束植物,,準絶滅危惧（NT）,,,moe_redlist,GBIFへの照会自体が未実施（gbif_taxon_key欠落・gbif_match_type=NULL）
arisaema inaense,Arisaema inaense,イナヒロハテンナンショウ,維管束植物,,絶滅危惧ⅠＡ類（CR）,,,moe_redlist,GBIFへの照会自体が未実施（gbif_taxon_key欠落・gbif_match_type=NULL）
arisaema ishizuchiense,Arisaema ishizuchiense,イシヅチテンナンショウ,維管束植物,,絶滅危惧ⅠＡ類（CR）,,,moe_redlist,GBIFへの照会自体が未実施（gbif_taxon_key欠落・gbif_match_type=NULL）
arisaema iyoanum subsp. iyoanum,Arisaema iyoanum subsp. iyoanum,オモゴウテンナンショウ,維管束植物,,準絶滅危惧（NT）,,,moe_redlist,GBIFへの照会自体が未実施（gbif_taxon_key欠落・gbif_match_type=NULL）
arisaema iyoanum subsp. nakaianum,Arisaema iyoanum subsp. nakaianum,シコクテンナンショウ,維管束植物,,絶滅危惧ⅠB類（EN）,,,moe_redlist,GBIFへの照会自体が未実施（gbif_taxon_key欠落・gbif_match_type=NULL）
arisaema kawashimae,Arisaema kawashimae,トクノシマテンナンショウ,維管束植物,,絶滅危惧ⅠＡ類（CR）,,,moe_redlist,GBIFへの照会自体が未実施（gbif_taxon_key欠落・gbif_match_type=NULL）
arisaema kuratae,Arisaema kuratae,アマギテンナンショウ,維管束植物,,絶滅危惧ⅠＡ類（CR）,,,moe_redlist,GBIFへの照会自体が未実施（gbif_taxon_key欠落・gbif_match_type=NULL）
arisaema longipedunculatum var. longipedunculatum,Arisaema longipedunculatum var. longipedunculatum,シコクヒロハテンナンショウ,維管束植物,,絶滅危惧ⅠＡ類（CR）,,,moe_redlist,GBIFへの照会自体が未実施（gbif_taxon_key欠落・gbif_match_type=NULL）
arisaema longipedunculatum var. yakumontanum,Arisaema longipedunculatum var. yakumontanum,ヤクシマヒロハテンナンショウ,維管束植物,,絶滅危惧ⅠB類（EN）,,,moe_redlist,GBIFへの照会自体が未実施（gbif_taxon_key欠落・gbif_match_type=NULL）
arisaema minamitanii,Arisaema minamitanii,ヒュウガヒロハテンナンショウ,維管束植物,,絶滅危惧ⅠＡ類（CR）,,,moe_redlist,GBIFへの照会自体が未実施（gbif_taxon_key欠落・gbif_match_type=NULL）
arisaema minus,Arisaema minus,ハリママムシグサ,維管束植物,,絶滅危惧ⅠB類（EN）,,,moe_redlist,GBIFへの照会自体が未実施（gbif_taxon_key欠落・gbif_match_type=NULL）
arisaema nagiense,Arisaema nagiense,ナギヒロハテンナンショウ,維管束植物,,絶滅危惧ⅠＡ類（CR）,,,moe_redlist,GBIFへの照会自体が未実施（gbif_taxon_key欠落・gbif_match_type=NULL）
arisaema nambae,Arisaema nambae,タカハシテンナンショウ,維管束植物,,絶滅危惧Ⅱ類（VU）,,,moe_redlist,GBIFへの照会自体が未実施（gbif_taxon_key欠落・gbif_match_type=NULL）
arisaema nikoense subsp. australe,Arisaema nikoense subsp. australe,オオミネテンナンショウ,維管束植物,,絶滅危惧ⅠB類（EN）,,,moe_redlist,GBIFへの照会自体が未実施（gbif_taxon_key欠落・gbif_match_type=NULL）
arisaema nikoense subsp. brevicollum,Arisaema nikoense subsp. brevicollum,カミコウチテンナンショウ,維管束植物,,絶滅危惧ⅠB類（EN）,,,moe_redlist,GBIFへの照会自体が未実施（gbif_taxon_key欠落・gbif_match_type=NULL）
arisaema ogatae,Arisaema ogatae,ツクシテンナンショウ,維管束植物,,絶滅危惧ⅠＡ類（CR）,,,moe_redlist,GBIFへの照会自体が未実施（gbif_taxon_key欠落・gbif_match_type=NULL）
arisaema sachalinense,Arisaema sachalinense,カラフトヒロハテンナンショウ,維管束植物,,絶滅危惧ⅠB類（EN）,,,moe_redlist,GBIFへの照会自体が未実施（gbif_taxon_key欠落・gbif_match_type=NULL）
arisaema seppikoense,Arisaema seppikoense,セッピコテンナンショウ,維管束植物,,絶滅危惧ⅠＡ類（CR）,,,moe_redlist,GBIFへの照会自体が未実施（gbif_taxon_key欠落・gbif_match_type=NULL）
arisaema sikokianum,Arisaema sikokianum,ユキモチソウ,維管束植物,,準絶滅危惧（NT）,,,moe_redlist,GBIFへの照会自体が未実施（gbif_taxon_key欠落・gbif_match_type=NULL）
aristida boninensis,Aristida boninensis,マツバシバ,維管束植物,,絶滅危惧Ⅱ類（VU）,,,moe_redlist,GBIFへの照会自体が未実施（gbif_taxon_key欠落・gbif_match_type=NULL）
aristida takeoi,Aristida takeoi,オオマツバシバ,維管束植物,,絶滅危惧Ⅱ類（VU）,,,moe_redlist,GBIFへの照会自体が未実施（gbif_taxon_key欠落・gbif_match_type=NULL）
aristolochia contorta,Aristolochia contorta,マルバウマノスズクサ,維管束植物,,絶滅危惧Ⅱ類（VU）,,,moe_redlist,GBIFへの照会自体が未実施（gbif_taxon_key欠落・gbif_match_type=NULL）
aristolochia zollingeriana,Aristolochia zollingeriana,コウシュンウマノスズクサ,維管束植物,,絶滅危惧Ⅱ類（VU）,,,moe_redlist,GBIFへの照会自体が未実施（gbif_taxon_key欠落・gbif_match_type=NULL）
armadilloniscus japonicus,Armadilloniscus japonicus,ニホンハマワラジムシ,甲殻類（海洋生物）,,情報不足（DD）,,,moe_redlist,GBIFへの照会自体が未実施（gbif_taxon_key欠落・gbif_match_type=NULL）
arnica sachalinensis,Arnica sachalinensis,オオウサギギク,維管束植物,,絶滅危惧ⅠB類（EN）,,,moe_redlist,GBIFへの照会自体が未実施（gbif_taxon_key欠落・gbif_match_type=NULL）
artemisia congesta,Artemisia congesta,オニオトコヨモギ,維管束植物,,絶滅危惧Ⅱ類（VU）,,,moe_redlist,GBIFへの照会自体が未実施（gbif_taxon_key欠落・gbif_match_type=NULL）
artemisia fukudo,Artemisia fukudo,フクド,維管束植物,,準絶滅危惧（NT）,,,moe_redlist,GBIFへの照会自体が未実施（gbif_taxon_key欠落・gbif_match_type=NULL）
artemisia gilvescens,Artemisia gilvescens,ワタヨモギ,維管束植物,,絶滅危惧ⅠB類（EN）,,,moe_redlist,GBIFへの照会自体が未実施（gbif_taxon_key欠落・gbif_match_type=NULL）
artemisia glomerata,Artemisia glomerata,ハハコヨモギ,維管束植物,,絶滅危惧Ⅱ類（VU）,,,moe_redlist,GBIFへの照会自体が未実施（gbif_taxon_key欠落・gbif_match_type=NULL）
artemisia gmelinii,Artemisia gmelinii,イワヨモギ,維管束植物,,絶滅危惧Ⅱ類（VU）,,,moe_redlist,GBIFへの照会自体が未実施（gbif_taxon_key欠落・gbif_match_type=NULL）
artemisia kitadakensis,Artemisia kitadakensis,キタダケヨモギ,維管束植物,,絶滅危惧ⅠB類（EN）,,,moe_redlist,GBIFへの照会自体が未実施（gbif_taxon_key欠落・gbif_match_type=NULL）
artemisia koidzumii var. megaphylla,Artemisia koidzumii var. megaphylla,オオバヨモギ,維管束植物,,絶滅危惧ⅠB類（EN）,,,moe_redlist,GBIFへの照会自体が未実施（gbif_taxon_key欠落・gbif_match_type=NULL）
artemisia momiyamae,Artemisia momiyamae,ユキヨモギ,維管束植物,,絶滅危惧ⅠB類（EN）,,,moe_redlist,GBIFへの照会自体が未実施（gbif_taxon_key欠落・gbif_match_type=NULL）
artemisia rubripes,Artemisia rubripes,ヤブヨモギ,維管束植物,,絶滅危惧Ⅱ類（VU）,,,moe_redlist,GBIFへの照会自体が未実施（gbif_taxon_key欠落・gbif_match_type=NULL）
artemisia stolonifera,Artemisia stolonifera,ヒロハヤマヨモギ,維管束植物,,準絶滅危惧（NT）,,,moe_redlist,GBIFへの照会自体が未実施（gbif_taxon_key欠落・gbif_match_type=NULL）
artemisia tanacetifolia,Artemisia tanacetifolia,シコタンヨモギ,維管束植物,,絶滅危惧Ⅱ類（VU）,,,moe_redlist,GBIFへの照会自体が未実施（gbif_taxon_key欠落・gbif_match_type=NULL）
artemisia tsuneoi,Artemisia tsuneoi,マシュウヨモギ,維管束植物,,情報不足（DD）,,,moe_redlist,GBIFへの照会自体が未実施（gbif_taxon_key欠落・gbif_match_type=NULL）
arthonia cyanea,Arthonia cyanea,アマミホシゴケ,地衣類,,情報不足（DD）,,,moe_redlist,GBIFへの照会自体が未実施（gbif_taxon_key欠落・gbif_match_type=NULL）
arthonia fuscocyanea,Arthonia fuscocyanea,チャイロホシゴケ,地衣類,,情報不足（DD）,,,moe_redlist,GBIFへの照会自体が未実施（gbif_taxon_key欠落・gbif_match_type=NULL）
arthritica japonica,Arthritica japonica,ガンヅキ,貝類,,絶滅危惧I類（CR+EN）,,,moe_redlist,GBIFへの照会自体が未実施（gbif_taxon_key欠落・gbif_match_type=NULL）
arthritica reikoae,Arthritica reikoae,ガタヅキ（コハギガイ）,貝類,,情報不足（DD）,,,moe_redlist,GBIFへの照会自体が未実施（gbif_taxon_key欠落・gbif_match_type=NULL）
arthropteris palisotii,Arthropteris palisotii,ワラビツナギ,維管束植物,,絶滅危惧ⅠＡ類（CR）,,,moe_redlist,GBIFへの照会自体が未実施（gbif_taxon_key欠落・gbif_match_type=NULL）
artipe eryx okinawana,Artipe eryx okinawana,イワカワシジミ,昆虫類,,準絶滅危惧（NT）,,,moe_redlist,GBIFへの照会自体が未実施（gbif_taxon_key欠落・gbif_match_type=NULL）
artocarpus altilis,Artocarpus altilis,パンノキ,植物,,,重点対策外来種,,moe_ias_list,GBIFへの照会自体が未実施（gbif_taxon_key欠落・gbif_match_type=NULL）
aruncus dioicus var. subrotundus,Aruncus dioicus var. subrotundus,アポイヤマブキショウマ,維管束植物,,絶滅危惧Ⅱ類（VU）,,,moe_redlist,GBIFへの照会自体が未実施（gbif_taxon_key欠落・gbif_match_type=NULL）
arundina graminifolia,Arundina graminifolia,ナリヤラン,維管束植物,,絶滅危惧ⅠB類（EN）,,,moe_redlist,GBIFへの照会自体が未実施（gbif_taxon_key欠落・gbif_match_type=NULL）
arundinella hirta var. livens,Arundinella hirta var. livens,シロケトダシバ,維管束植物,,絶滅危惧ⅠB類（EN）,,,moe_redlist,GBIFへの照会自体が未実施（gbif_taxon_key欠落・gbif_match_type=NULL）
arundinella riparia,Arundinella riparia,ミギワトダシバ,維管束植物,,準絶滅危惧（NT）,,,moe_redlist,GBIFへの照会自体が未実施（gbif_taxon_key欠落・gbif_match_type=NULL）
asarum caudigerum,Asarum caudigerum,オナガサイシン,維管束植物,,絶滅危惧ⅠＡ類（CR）,,,moe_redlist,GBIFへの照会自体が未実施（gbif_taxon_key欠落・gbif_match_type=NULL）
asarum celsum,Asarum celsum,ミヤビカンアオイ,維管束植物,,絶滅危惧ⅠB類（EN）,,,moe_redlist,GBIFへの照会自体が未実施（gbif_taxon_key欠落・gbif_match_type=NULL）
asarum costatum,Asarum costatum,トサノアオイ,維管束植物,,準絶滅危惧（NT）,,,moe_redlist,GBIFへの照会自体が未実施（gbif_taxon_key欠落・gbif_match_type=NULL）
asarum crassum,Asarum crassum,ナンゴクアオイ,維管束植物,,絶滅危惧Ⅱ類（VU）,,,moe_redlist,GBIFへの照会自体が未実施（gbif_taxon_key欠落・gbif_match_type=NULL）
asarum curvistigma,Asarum curvistigma,カギガタアオイ,維管束植物,,絶滅危惧ⅠB類（EN）,,,moe_redlist,GBIFへの照会自体が未実施（gbif_taxon_key欠落・gbif_match_type=NULL）
asarum dilatatum,Asarum dilatatum,スエヒロアオイ,維管束植物,,絶滅危惧ⅠB類（EN）,,,moe_redlist,GBIFへの照会自体が未実施（gbif_taxon_key欠落・gbif_match_type=NULL）
asarum dimidiatum,Asarum dimidiatum,クロフネサイシン,維管束植物,,準絶滅危惧（NT）,,,moe_redlist,GBIFへの照会自体が未実施（gbif_taxon_key欠落・gbif_match_type=NULL）
asarum dissitum,Asarum dissitum,オモロカンアオイ,維管束植物,,準絶滅危惧（NT）,,,moe_redlist,GBIFへの照会自体が未実施（gbif_taxon_key欠落・gbif_match_type=NULL）
asarum fauriei var. fauriei,Asarum fauriei var. fauriei,ミチノクサイシン,維管束植物,,絶滅危惧Ⅱ類（VU）,,,moe_redlist,GBIFへの照会自体が未実施（gbif_taxon_key欠落・gbif_match_type=NULL）
asarum fauriei var. nakaianum,Asarum fauriei var. nakaianum,ミヤマアオイ,維管束植物,,絶滅危惧Ⅱ類（VU）,,,moe_redlist,GBIFへの照会自体が未実施（gbif_taxon_key欠落・gbif_match_type=NULL）
asarum fudsinoi,Asarum fudsinoi,フジノカンアオイ,維管束植物,,絶滅危惧Ⅱ類（VU）,,,moe_redlist,GBIFへの照会自体が未実施（gbif_taxon_key欠落・gbif_match_type=NULL）
asarum gusk,Asarum gusk,グスクカンアオイ,維管束植物,,絶滅危惧ⅠＡ類（CR）,,,moe_redlist,GBIFへの照会自体が未実施（gbif_taxon_key欠落・gbif_match_type=NULL）
asarum hatsushimae,Asarum hatsushimae,ハツシマカンアオイ,維管束植物,,絶滅危惧ⅠB類（EN）,,,moe_redlist,GBIFへの照会自体が未実施（gbif_taxon_key欠落・gbif_match_type=NULL）
asarum hexalobum var. controversum,Asarum hexalobum var. controversum,シジキカンアオイ,維管束植物,,絶滅危惧ⅠＡ類（CR）,,,moe_redlist,GBIFへの照会自体が未実施（gbif_taxon_key欠落・gbif_match_type=NULL）
asarum hexalobum var. perfectum,Asarum hexalobum var. perfectum,キンチャクアオイ,維管束植物,,準絶滅危惧（NT）,,,moe_redlist,GBIFへの照会自体が未実施（gbif_taxon_key欠落・gbif_match_type=NULL）
asarum kinoshitae,Asarum kinoshitae,ジュロウカンアオイ,維管束植物,,絶滅危惧ⅠＡ類（CR）,,,moe_redlist,GBIFへの照会自体が未実施（gbif_taxon_key欠落・gbif_match_type=NULL）
asarum kiusianum var. kiusianum,Asarum kiusianum var. kiusianum,ツクシアオイ,維管束植物,,絶滅危惧Ⅱ類（VU）,,,moe_redlist,GBIFへの照会自体が未実施（gbif_taxon_key欠落・gbif_match_type=NULL）
asarum kooyanum,Asarum kooyanum,コウヤカンアオイ,維管束植物,,絶滅危惧ⅠB類（EN）,,,moe_redlist,GBIFへの照会自体が未実施（gbif_taxon_key欠落・gbif_match_type=NULL）
asarum kumageanum var. kumageanum,Asarum kumageanum var. kumageanum,クワイバカンアオイ,維管束植物,,絶滅危惧Ⅱ類（VU）,,,moe_redlist,GBIFへの照会自体が未実施（gbif_taxon_key欠落・gbif_match_type=NULL）
asarum kumageanum var. satakeanum,Asarum kumageanum var. satakeanum,ムラクモアオイ,維管束植物,,絶滅危惧ⅠB類（EN）,,,moe_redlist,GBIFへの照会自体が未実施（gbif_taxon_key欠落・gbif_match_type=NULL）
asarum kurosawae,Asarum kurosawae,イワタカンアオイ,維管束植物,,絶滅危惧ⅠB類（EN）,,,moe_redlist,GBIFへの照会自体が未実施（gbif_taxon_key欠落・gbif_match_type=NULL）
asarum leucosepalum,Asarum leucosepalum,タニムラアオイ,維管束植物,,絶滅危惧ⅠＡ類（CR）,,,moe_redlist,GBIFへの照会自体が未実施（gbif_taxon_key欠落・gbif_match_type=NULL）
asarum lutchuense,Asarum lutchuense,オオバカンアオイ,維管束植物,,準絶滅危惧（NT）,,,moe_redlist,GBIFへの照会自体が未実施（gbif_taxon_key欠落・gbif_match_type=NULL）
asarum majale,Asarum majale,コトウカンアオイ,維管束植物,,絶滅危惧ⅠB類（EN）,,,moe_redlist,GBIFへの照会自体が未実施（gbif_taxon_key欠落・gbif_match_type=NULL）
asarum maruyamae,Asarum maruyamae,イズモサイシン,維管束植物,,情報不足（DD）,,,moe_redlist,GBIFへの照会自体が未実施（gbif_taxon_key欠落・gbif_match_type=NULL）
asarum megacalyx,Asarum megacalyx,コシノカンアオイ,維管束植物,,準絶滅危惧（NT）,,,moe_redlist,GBIFへの照会自体が未実施（gbif_taxon_key欠落・gbif_match_type=NULL）
asarum minamitanianum,Asarum minamitanianum,オナガカンアオイ,維管束植物,,絶滅危惧ⅠＡ類（CR）,,,moe_redlist,GBIFへの照会自体が未実施（gbif_taxon_key欠落・gbif_match_type=NULL）
asarum misandrum,Asarum misandrum,アソサイシン,維管束植物,,絶滅危惧ⅠB類（EN）,,,moe_redlist,GBIFへの照会自体が未実施（gbif_taxon_key欠落・gbif_match_type=NULL）
asarum mitoanum,Asarum mitoanum,フクエジマカンアオイ,維管束植物,,絶滅危惧ⅠＡ類（CR）,,,moe_redlist,GBIFへの照会自体が未実施（gbif_taxon_key欠落・gbif_match_type=NULL）
asarum monodoriflorum,Asarum monodoriflorum,モノドラカンアオイ,維管束植物,,絶滅危惧ⅠＡ類（CR）,,,moe_redlist,GBIFへの照会自体が未実施（gbif_taxon_key欠落・gbif_match_type=NULL）
asarum muramatsui var. muramatsui,Asarum muramatsui var. muramatsui,アマギカンアオイ,維管束植物,,絶滅危惧Ⅱ類（VU）,,,moe_redlist,GBIFへの照会自体が未実施（gbif_taxon_key欠落・gbif_match_type=NULL）
asarum nazeanum,Asarum nazeanum,ナゼカンアオイ,維管束植物,,絶滅危惧ⅠＡ類（CR）,,,moe_redlist,GBIFへの照会自体が未実施（gbif_taxon_key欠落・gbif_match_type=NULL）
asarum nipponicum var. nankaiense,Asarum nipponicum var. nankaiense,ナンカイアオイ,維管束植物,,絶滅危惧Ⅱ類（VU）,,,moe_redlist,GBIFへの照会自体が未実施（gbif_taxon_key欠落・gbif_match_type=NULL）
asarum okinawense,Asarum okinawense,ヒナカンアオイ,維管束植物,,絶滅危惧ⅠＡ類（CR）,,,moe_redlist,GBIFへの照会自体が未実施（gbif_taxon_key欠落・gbif_match_type=NULL）
asarum pellucidum,Asarum pellucidum,トリガミネカンアオイ,維管束植物,,絶滅危惧ⅠＡ類（CR）,,,moe_redlist,GBIFへの照会自体が未実施（gbif_taxon_key欠落・gbif_match_type=NULL）
asarum sakawanum var. sakawanum,Asarum sakawanum var. sakawanum,サカワサイシン,維管束植物,,絶滅危惧Ⅱ類（VU）,,,moe_redlist,GBIFへの照会自体が未実施（gbif_taxon_key欠落・gbif_match_type=NULL）
asarum sakawanum var. stellatum,Asarum sakawanum var. stellatum,ホシザキカンアオイ,維管束植物,,絶滅危惧ⅠB類（EN）,,,moe_redlist,GBIFへの照会自体が未実施（gbif_taxon_key欠落・gbif_match_type=NULL）
asarum satsumense,Asarum satsumense,サツマアオイ,維管束植物,,絶滅危惧ⅠＡ類（CR）,,,moe_redlist,GBIFへの照会自体が未実施（gbif_taxon_key欠落・gbif_match_type=NULL）
asarum savatieri subsp. pseudosavatieri var. pseudosavatieri,Asarum savatieri subsp. pseudosavatieri var. pseudosavatieri,ズソウカンアオイ,維管束植物,,準絶滅危惧（NT）,,,moe_redlist,GBIFへの照会自体が未実施（gbif_taxon_key欠落・gbif_match_type=NULL）
asarum savatieri subsp. savatieri,Asarum savatieri subsp. savatieri,オトメアオイ,維管束植物,,準絶滅危惧（NT）,,,moe_redlist,GBIFへの照会自体が未実施（gbif_taxon_key欠落・gbif_match_type=NULL）
asarum senkakuinsulare,Asarum senkakuinsulare,センカクカンアオイ,維管束植物,,絶滅危惧ⅠＡ類（CR）,,,moe_redlist,GBIFへの照会自体が未実施（gbif_taxon_key欠落・gbif_match_type=NULL）
asarum simile,Asarum simile,トクノシマカンアオイ,維管束植物,,絶滅危惧Ⅱ類（VU）,,,moe_redlist,GBIFへの照会自体が未実施（gbif_taxon_key欠落・gbif_match_type=NULL）
asarum subglobosum,Asarum subglobosum,マルミカンアオイ,維管束植物,,絶滅危惧ⅠB類（EN）,,,moe_redlist,GBIFへの照会自体が未実施（gbif_taxon_key欠落・gbif_match_type=NULL）
asarum tabatanum,Asarum tabatanum,アサトカンアオイ,維管束植物,,絶滅危惧ⅠＡ類（CR）,,,moe_redlist,GBIFへの照会自体が未実施（gbif_taxon_key欠落・gbif_match_type=NULL）
asarum takaoi var. austrokiiensis,Asarum takaoi var. austrokiiensis,キナンカンアオイ,維管束植物,,絶滅危惧Ⅱ類（VU）,,,moe_redlist,GBIFへの照会自体が未実施（gbif_taxon_key欠落・gbif_match_type=NULL）
asarum tamaense,Asarum tamaense,タマノカンアオイ,維管束植物,,絶滅危惧Ⅱ類（VU）,,,moe_redlist,GBIFへの照会自体が未実施（gbif_taxon_key欠落・gbif_match_type=NULL）
asarum tokarense,Asarum tokarense,トカラカンアオイ,維管束植物,,準絶滅危惧（NT）,,,moe_redlist,GBIFへの照会自体が未実施（gbif_taxon_key欠落・gbif_match_type=NULL）
asarum trigynum,Asarum trigynum,サンコカンアオイ,維管束植物,,絶滅危惧ⅠB類（EN）,,,moe_redlist,GBIFへの照会自体が未実施（gbif_taxon_key欠落・gbif_match_type=NULL）
asarum trinacriforme,Asarum trinacriforme,カケロマカンアオイ,維管束植物,,絶滅危惧ⅠB類（EN）,,,moe_redlist,GBIFへの照会自体が未実施（gbif_taxon_key欠落・gbif_match_type=NULL）
asarum yaeyamense,Asarum yaeyamense,ヤエヤマカンアオイ,維管束植物,,絶滅危惧ⅠB類（EN）,,,moe_redlist,GBIFへの照会自体が未実施（gbif_taxon_key欠落・gbif_match_type=NULL）
asarum yakusimense,Asarum yakusimense,オニカンアオイ,維管束植物,,絶滅危惧Ⅱ類（VU）,,,moe_redlist,GBIFへの照会自体が未実施（gbif_taxon_key欠落・gbif_match_type=NULL）
asclepios shiranui,Asclepios shiranui,シオアメンボ,昆虫類,,絶滅危惧II類（VU）,,,moe_redlist,GBIFへの照会自体が未実施（gbif_taxon_key欠落・gbif_match_type=NULL）
ascosparassis shimizuensis,Ascosparassis shimizuensis,アカハナビラタケ,菌類,,情報不足（DD）,,,moe_redlist,GBIFへの照会自体が未実施（gbif_taxon_key欠落・gbif_match_type=NULL）
asiagomphus amamiensis amamiensis,Asiagomphus amamiensis amamiensis,アマミサナエ,昆虫類,,準絶滅危惧（NT）,,,moe_redlist,GBIFへの照会自体が未実施（gbif_taxon_key欠落・gbif_match_type=NULL）
asiagomphus amamiensis okinawanus,Asiagomphus amamiensis okinawanus,オキナワサナエ,昆虫類,,準絶滅危惧（NT）,,,moe_redlist,GBIFへの照会自体が未実施（gbif_taxon_key欠落・gbif_match_type=NULL）
asiagomphus pryeri,Asiagomphus pryeri,キイロサナエ,昆虫類,,準絶滅危惧（NT）,,,moe_redlist,GBIFへの照会自体が未実施（gbif_taxon_key欠落・gbif_match_type=NULL）
asiagomphus yayeyamensis,Asiagomphus yayeyamensis,ヤエヤマサナエ,昆虫類,,準絶滅危惧（NT）,,,moe_redlist,GBIFへの照会自体が未実施（gbif_taxon_key欠落・gbif_match_type=NULL）
asimitellaria acerina,Asimitellaria acerina,モミジチャルメルソウ,維管束植物,,準絶滅危惧（NT）,,,moe_redlist,GBIFへの照会自体が未実施（gbif_taxon_key欠落・gbif_match_type=NULL）
asimitellaria amamiana,Asimitellaria amamiana,アマミチャルメルソウ,維管束植物,,絶滅危惧ⅠＡ類（CR）,,,moe_redlist,GBIFへの照会自体が未実施（gbif_taxon_key欠落・gbif_match_type=NULL）
asimitellaria kiusiana,Asimitellaria kiusiana,ツクシチャルメルソウ,維管束植物,,準絶滅危惧（NT）,,,moe_redlist,GBIFへの照会自体が未実施（gbif_taxon_key欠落・gbif_match_type=NULL）
asimitellaria stylosa,Asimitellaria stylosa,タキミチャルメルソウ,維管束植物,,準絶滅危惧（NT）,,,moe_redlist,GBIFへの照会自体が未実施（gbif_taxon_key欠落・gbif_match_type=NULL）
asparagus kiusianus,Asparagus kiusianus,ハマタマボウキ,維管束植物,,絶滅危惧Ⅱ類（VU）,,,moe_redlist,GBIFへの照会自体が未実施（gbif_taxon_key欠落・gbif_match_type=NULL）
asparagus oligoclonos,Asparagus oligoclonos,タマボウキ,維管束植物,,絶滅危惧ⅠB類（EN）,,,moe_redlist,GBIFへの照会自体が未実施（gbif_taxon_key欠落・gbif_match_type=NULL）
aspidopholas yoshimurai,Aspidopholas yoshimurai,イシゴロモ,貝類,,絶滅危惧I類（CR+EN）,,,moe_redlist,GBIFへの照会自体が未実施（gbif_taxon_key欠落・gbif_match_type=NULL）
asplenium antiquum,Asplenium antiquum,オオタニワタリ,維管束植物,,準絶滅危惧（NT）,,,moe_redlist,GBIFへの照会自体が未実施（gbif_taxon_key欠落・gbif_match_type=NULL）
asplenium castaneoviride,Asplenium castaneoviride,ヤマドリトラノオ,維管束植物,,絶滅危惧ⅠＡ類（CR）,,,moe_redlist,GBIFへの照会自体が未実施（gbif_taxon_key欠落・gbif_match_type=NULL）
asplenium coenobiale,Asplenium coenobiale,クロガネシダ,維管束植物,,絶滅危惧Ⅱ類（VU）,,,moe_redlist,GBIFへの照会自体が未実施（gbif_taxon_key欠落・gbif_match_type=NULL）
asplenium ensiforme,Asplenium ensiforme,ホコガタシダ,維管束植物,,絶滅危惧ⅠＡ類（CR）,,,moe_redlist,GBIFへの照会自体が未実施（gbif_taxon_key欠落・gbif_match_type=NULL）
asplenium formosae,Asplenium formosae,マキノシダ,維管束植物,,絶滅危惧ⅠB類（EN）,,,moe_redlist,GBIFへの照会自体が未実施（gbif_taxon_key欠落・gbif_match_type=NULL）
asplenium griffithianum,Asplenium griffithianum,フササジラン,維管束植物,,絶滅危惧ⅠＡ類（CR）,,,moe_redlist,GBIFへの照会自体が未実施（gbif_taxon_key欠落・gbif_match_type=NULL）
asplenium micantifrons,Asplenium micantifrons,ナンカイシダ,維管束植物,,絶滅危惧Ⅱ類（VU）,,,moe_redlist,GBIFへの照会自体が未実施（gbif_taxon_key欠落・gbif_match_type=NULL）
asplenium oligophlebium var. iezimaense,Asplenium oligophlebium var. iezimaense,イエジマチャセンシダ,維管束植物,,絶滅危惧ⅠＡ類（CR）,,,moe_redlist,GBIFへの照会自体が未実施（gbif_taxon_key欠落・gbif_match_type=NULL）
asplenium polyodon,Asplenium polyodon,ムニンシダ,維管束植物,,絶滅危惧Ⅱ類（VU）,,,moe_redlist,GBIFへの照会自体が未実施（gbif_taxon_key欠落・gbif_match_type=NULL）
asplenium pseudowilfordii,Asplenium pseudowilfordii,オクタマシダ,維管束植物,,絶滅危惧Ⅱ類（VU）,,,moe_redlist,GBIFへの照会自体が未実施（gbif_taxon_key欠落・gbif_match_type=NULL）
asplenium ruta-muraria,Asplenium ruta-muraria,イチョウシダ,維管束植物,,準絶滅危惧（NT）,,,moe_redlist,GBIFへの照会自体が未実施（gbif_taxon_key欠落・gbif_match_type=NULL）
asplenium shimurae,Asplenium shimurae,テンリュウヌリトラノオ,維管束植物,,絶滅危惧Ⅱ類（VU）,,,moe_redlist,GBIFへの照会自体が未実施（gbif_taxon_key欠落・gbif_match_type=NULL）
asplenium tenerum,Asplenium tenerum,オトメシダ,維管束植物,,絶滅危惧Ⅱ類（VU）,,,moe_redlist,GBIFへの照会自体が未実施（gbif_taxon_key欠落・gbif_match_type=NULL）
asplenium varians,Asplenium varians,イノウエトラノオ,維管束植物,,準絶滅危惧（NT）,,,moe_redlist,GBIFへの照会自体が未実施（gbif_taxon_key欠落・gbif_match_type=NULL）
assiminea estuarina,Assiminea estuarina,ツブカワザンショウ,貝類,,準絶滅危惧（NT）,,,moe_redlist,GBIFへの照会自体が未実施（gbif_taxon_key欠落・gbif_match_type=NULL）
assiminea parasitologica,Assiminea parasitologica,ムシヤドリカワザンショウ,貝類,,準絶滅危惧（NT）,,,moe_redlist,GBIFへの照会自体が未実施（gbif_taxon_key欠落・gbif_match_type=NULL）
assiminea sp. a,Assiminea sp. A,テシオカワザンショウ,貝類,,準絶滅危惧（NT）,,,moe_redlist,GBIFへの照会自体が未実施（gbif_taxon_key欠落・gbif_match_type=NULL）
assiminea sp. b,Assiminea sp. B,イヨカワザンショウ（ヤミカワザンショウ）,貝類,,準絶滅危惧（NT）,,,moe_redlist,GBIFへの照会自体が未実施（gbif_taxon_key欠落・gbif_match_type=NULL）
assiminea sp. c,Assiminea sp. C,アッケシカワザンショウ,貝類,,準絶滅危惧（NT）,,,moe_redlist,GBIFへの照会自体が未実施（gbif_taxon_key欠落・gbif_match_type=NULL）
assiminea sp. e,Assiminea sp. E,ムツカワザンショウ,貝類,,絶滅危惧II類（VU）,,,moe_redlist,GBIFへの照会自体が未実施（gbif_taxon_key欠落・gbif_match_type=NULL）
assiminea sp. f,Assiminea sp. F,マンゴクウラカワザンショウ,貝類,,絶滅危惧II類（VU）,,,moe_redlist,GBIFへの照会自体が未実施（gbif_taxon_key欠落・gbif_match_type=NULL）
assiminea sp. g,Assiminea sp. G,マツシマカワザンショウ,貝類,,絶滅危惧II類（VU）,,,moe_redlist,GBIFへの照会自体が未実施（gbif_taxon_key欠落・gbif_match_type=NULL）
assiminea sp. h,Assiminea sp. H,マツカワウラカワザンショウ,貝類,,絶滅危惧II類（VU）,,,moe_redlist,GBIFへの照会自体が未実施（gbif_taxon_key欠落・gbif_match_type=NULL）
assiminea sp. i,Assiminea sp. I,オオシンデンカワザンショウ,貝類,,絶滅危惧II類（VU）,,,moe_redlist,GBIFへの照会自体が未実施（gbif_taxon_key欠落・gbif_match_type=NULL）
assiminea sp. j,Assiminea sp. J,ヒナタムシヤドリカワザンショウ,貝類,,準絶滅危惧（NT）,,,moe_redlist,GBIFへの照会自体が未実施（gbif_taxon_key欠落・gbif_match_type=NULL）
assimineidae gen. a & sp.,Assimineidae gen. A & sp.,オイランカワザンショウ,貝類,,準絶滅危惧（NT）,,,moe_redlist,GBIFへの照会自体が未実施（gbif_taxon_key欠落・gbif_match_type=NULL）
assimineidae gen. a yoshidayukioi,Assimineidae gen. A  yoshidayukioi,ヨシダカワザンショウ,貝類,,準絶滅危惧（NT）,,,moe_redlist,GBIFへの照会自体が未実施（gbif_taxon_key欠落・gbif_match_type=NULL）
assimineidae gen. b kyushuensis,Assimineidae gen. B kyushuensis,オオクリイロカワザンショウ,貝類,,絶滅危惧I類（CR+EN）,,,moe_redlist,GBIFへの照会自体が未実施（gbif_taxon_key欠落・gbif_match_type=NULL）
assimineidae gen. c & sp.,Assimineidae gen. C & sp.,コーヒーイロカワザンショウ,貝類,,絶滅危惧II類（VU）,,,moe_redlist,GBIFへの照会自体が未実施（gbif_taxon_key欠落・gbif_match_type=NULL）
assimineidae gen. d & sp.,Assimineidae gen. D & sp.,カハタレカワザンショウ,貝類,,絶滅危惧II類（VU）,,,moe_redlist,GBIFへの照会自体が未実施（gbif_taxon_key欠落・gbif_match_type=NULL）
aster asagrayi var. asagrayi,Aster asagrayi var. asagrayi,イソノギク,維管束植物,,絶滅危惧ⅠB類（EN）,,,moe_redlist,GBIFへの照会自体が未実施（gbif_taxon_key欠落・gbif_match_type=NULL）
aster asagrayi var. walkeri,Aster asagrayi var. walkeri,ヨナクニイソノギク,維管束植物,,絶滅危惧ⅠB類（EN）,,,moe_redlist,GBIFへの照会自体が未実施（gbif_taxon_key欠落・gbif_match_type=NULL）
aster dimorphophyllus,Aster dimorphophyllus,タテヤマギク,維管束植物,,準絶滅危惧（NT）,,,moe_redlist,GBIFへの照会自体が未実施（gbif_taxon_key欠落・gbif_match_type=NULL）
aster hispidus var. koidzumianus,Aster hispidus var. koidzumianus,ブゼンノギク,維管束植物,,準絶滅危惧（NT）,,,moe_redlist,GBIFへの照会自体が未実施（gbif_taxon_key欠落・gbif_match_type=NULL）
aster hispidus var. leptocladus,Aster hispidus var. leptocladus,ヤナギノギク,維管束植物,,絶滅危惧Ⅱ類（VU）,,,moe_redlist,GBIFへの照会自体が未実施（gbif_taxon_key欠落・gbif_match_type=NULL）
aster kantoensis,Aster kantoensis,カワラノギク,維管束植物,,絶滅危惧ⅠB類（EN）,,,moe_redlist,GBIFへの照会自体が未実施（gbif_taxon_key欠落・gbif_match_type=NULL）
aster koshikiensis,Aster koshikiensis,コシキギク,維管束植物,,絶滅危惧Ⅱ類（VU）,,,moe_redlist,GBIFへの照会自体が未実施（gbif_taxon_key欠落・gbif_match_type=NULL）
aster maackii,Aster maackii,ヒゴシオン,維管束植物,,絶滅危惧Ⅱ類（VU）,,,moe_redlist,GBIFへの照会自体が未実施（gbif_taxon_key欠落・gbif_match_type=NULL）
aster miyagii,Aster miyagii,オキナワギク,維管束植物,,絶滅危惧Ⅱ類（VU）,,,moe_redlist,GBIFへの照会自体が未実施（gbif_taxon_key欠落・gbif_match_type=NULL）
aster novae-angliae,Aster novae-angliae,ネバリノギク,植物,,,その他の総合対策外来種,,moe_ias_list,GBIFへの照会自体が未実施（gbif_taxon_key欠落・gbif_match_type=NULL）
aster novi-belgii,Aster novi-belgii,ユウゼンギク,植物,,,その他の総合対策外来種,,moe_ias_list,GBIFへの照会自体が未実施（gbif_taxon_key欠落・gbif_match_type=NULL）
aster rugulosus var. shibukawaensis,Aster rugulosus var. shibukawaensis,シブカワシロギク,維管束植物,,絶滅危惧ⅠB類（EN）,,,moe_redlist,GBIFへの照会自体が未実施（gbif_taxon_key欠落・gbif_match_type=NULL）
aster sohayakiensis,Aster sohayakiensis,ホソバノギク,維管束植物,,絶滅危惧Ⅱ類（VU）,,,moe_redlist,GBIFへの照会自体が未実施（gbif_taxon_key欠落・gbif_match_type=NULL）
aster tataricus,Aster tataricus,シオン,維管束植物,,絶滅危惧Ⅱ類（VU）,,,moe_redlist,GBIFへの照会自体が未実施（gbif_taxon_key欠落・gbif_match_type=NULL）
aster tenuipes,Aster tenuipes,クルマギク,維管束植物,,絶滅危惧ⅠB類（EN）,,,moe_redlist,GBIFへの照会自体が未実施（gbif_taxon_key欠落・gbif_match_type=NULL）
aster ujiinsularis,Aster ujiinsularis,オオイソノギク,維管束植物,,絶滅危惧ⅠＡ類（CR）,,,moe_redlist,GBIFへの照会自体が未実施（gbif_taxon_key欠落・gbif_match_type=NULL）
aster yakushimensis,Aster yakushimensis,ヤクシマノギク,維管束植物,,絶滅危惧ⅠＡ類（CR）,,,moe_redlist,GBIFへの照会自体が未実施（gbif_taxon_key欠落・gbif_match_type=NULL）
asterella cruciata,Asterella cruciata,オオサイハイゴケ,蘚苔類,,絶滅危惧Ⅱ類（VU）,,,moe_redlist,GBIFへの照会自体が未実施（gbif_taxon_key欠落・gbif_match_type=NULL）
asterella wallichiana,Asterella wallichiana,オキナワサイハイゴケ,蘚苔類,,準絶滅危惧（NT）,,,moe_redlist,GBIFへの照会自体が未実施（gbif_taxon_key欠落・gbif_match_type=NULL）
asterinella hiugensis,Asterinella hiugensis,ヒュウガハンチクキン,菌類,,情報不足（DD）,,,moe_redlist,GBIFへの照会自体が未実施（gbif_taxon_key欠落・gbif_match_type=NULL）
asterophora parasitica,Asterophora parasitica,ナガエノヤグラタケ,菌類,,情報不足（DD）,,,moe_redlist,GBIFへの照会自体が未実施（gbif_taxon_key欠落・gbif_match_type=NULL）
asthenognathus inaequipes,Asthenognathus inaequipes,ヨコナガモドキ,甲殻類（海洋生物）,,準絶滅危惧（NT）,,,moe_redlist,GBIFへの照会自体が未実施（gbif_taxon_key欠落・gbif_match_type=NULL）
astilbe chinensis,Astilbe chinensis,オオチダケサシ,維管束植物,,絶滅危惧ⅠＡ類（CR）,,,moe_redlist,GBIFへの照会自体が未実施（gbif_taxon_key欠落・gbif_match_type=NULL）
astilbe odontophylla var. okuyamae,Astilbe odontophylla var. okuyamae,ミカワショウマ,維管束植物,,準絶滅危惧（NT）,,,moe_redlist,GBIFへの照会自体が未実施（gbif_taxon_key欠落・gbif_match_type=NULL）
astilbe platyphylla,Astilbe platyphylla,モミジバショウマ,維管束植物,,絶滅危惧ⅠB類（EN）,,,moe_redlist,GBIFへの照会自体が未実施（gbif_taxon_key欠落・gbif_match_type=NULL）
astilbe thunbergii var. longipedicellata,Astilbe thunbergii var. longipedicellata,ツクシアカショウマ,維管束植物,,準絶滅危惧（NT）,,,moe_redlist,GBIFへの照会自体が未実施（gbif_taxon_key欠落・gbif_match_type=NULL）
astilbe tsushimensis,Astilbe tsushimensis,ツシマアカショウマ,維管束植物,,絶滅危惧ⅠＡ類（CR）,,,moe_redlist,GBIFへの照会自体が未実施（gbif_taxon_key欠落・gbif_match_type=NULL）
astragalus frigidus subsp. parviflorus,Astragalus frigidus subsp. parviflorus,リシリオウギ,維管束植物,,絶滅危惧Ⅱ類（VU）,,,moe_redlist,GBIFへの照会自体が未実施（gbif_taxon_key欠落・gbif_match_type=NULL）
astragalus japonicus,Astragalus japonicus,エゾモメンヅル,維管束植物,,絶滅危惧ⅠＡ類（CR）,,,moe_redlist,GBIFへの照会自体が未実施（gbif_taxon_key欠落・gbif_match_type=NULL）
astragalus schelichovii,Astragalus schelichovii,カラフトモメンヅル,維管束植物,,絶滅危惧ⅠB類（EN）,,,moe_redlist,GBIFへの照会自体が未実施（gbif_taxon_key欠落・gbif_match_type=NULL）
astragalus tokachiensis,Astragalus tokachiensis,トカチオウギ,維管束植物,,絶滅危惧ⅠB類（EN）,,,moe_redlist,GBIFへの照会自体が未実施（gbif_taxon_key欠落・gbif_match_type=NULL）
astragalus yamamotoi,Astragalus yamamotoi,カリバオウギ,維管束植物,,絶滅危惧ⅠB類（EN）,,,moe_redlist,GBIFへの照会自体が未実施（gbif_taxon_key欠落・gbif_match_type=NULL）
atactodea striata,Atactodea striata,イソハマグリ,貝類,,準絶滅危惧（NT）,,,moe_redlist,GBIFへの照会自体が未実施（gbif_taxon_key欠落・gbif_match_type=NULL）
atherinomorus duodecimalis,Atherinomorus duodecimalis,ネッタイイソイワシ,汽水・淡水魚類,,情報不足（DD）,,,moe_redlist,GBIFへの照会自体が未実施（gbif_taxon_key欠落・gbif_match_type=NULL）
athyrium arisanense var. arisanense,Athyrium arisanense var. arisanense,タイワンアリサンイヌワラビ,維管束植物,,絶滅危惧ⅠＡ類（CR）,,,moe_redlist,GBIFへの照会自体が未実施（gbif_taxon_key欠落・gbif_match_type=NULL）
athyrium arisanense var. kenzo-satakei,Athyrium arisanense var. kenzo-satakei,シビイヌワラビ,維管束植物,,絶滅危惧ⅠＡ類（CR）,,,moe_redlist,GBIFへの照会自体が未実施（gbif_taxon_key欠落・gbif_match_type=NULL）
athyrium atkinsonii,Athyrium atkinsonii,テバコワラビ,維管束植物,,絶滅危惧Ⅱ類（VU）,,,moe_redlist,GBIFへの照会自体が未実施（gbif_taxon_key欠落・gbif_match_type=NULL）
athyrium eremicola,Athyrium eremicola,ヘイケイヌワラビ,維管束植物,,絶滅危惧Ⅱ類（VU）,,,moe_redlist,GBIFへの照会自体が未実施（gbif_taxon_key欠落・gbif_match_type=NULL）
athyrium masamunei,Athyrium masamunei,ヤクイヌワラビ,維管束植物,,絶滅危惧ⅠＡ類（CR）,,,moe_redlist,GBIFへの照会自体が未実施（gbif_taxon_key欠落・gbif_match_type=NULL）
athyrium nakanoi,Athyrium nakanoi,ヒメホウビシダ,維管束植物,,絶滅危惧Ⅱ類（VU）,,,moe_redlist,GBIFへの照会自体が未実施（gbif_taxon_key欠落・gbif_match_type=NULL）
athyrium neglectum subsp. australe,Athyrium neglectum subsp. australe,シイバサトメシダ,維管束植物,,絶滅危惧ⅠＡ類（CR）,,,moe_redlist,GBIFへの照会自体が未実施（gbif_taxon_key欠落・gbif_match_type=NULL）
athyrium nudum,Athyrium nudum,ホソバシケチシダ,維管束植物,,絶滅危惧ⅠB類（EN）,,,moe_redlist,GBIFへの照会自体が未実施（gbif_taxon_key欠落・gbif_match_type=NULL）
athyrium opacum f. glabrescens,Athyrium opacum f. glabrescens,ナンゴクシケチシダ,維管束植物,,絶滅危惧ⅠＡ類（CR）,,,moe_redlist,GBIFへの照会自体が未実施（gbif_taxon_key欠落・gbif_match_type=NULL）
athyrium palustre,Athyrium palustre,サカバサトメシダ,維管束植物,,絶滅危惧Ⅱ類（VU）,,,moe_redlist,GBIFへの照会自体が未実施（gbif_taxon_key欠落・gbif_match_type=NULL）
athyrium reflexipinnum,Athyrium reflexipinnum,サカバイヌワラビ,維管束植物,,絶滅危惧ⅠＡ類（CR）,,,moe_redlist,GBIFへの照会自体が未実施（gbif_taxon_key欠落・gbif_match_type=NULL）
athyrium silvicola,Athyrium silvicola,タカサゴイヌワラビ,維管束植物,,絶滅危惧ⅠＡ類（CR）,,,moe_redlist,GBIFへの照会自体が未実施（gbif_taxon_key欠落・gbif_match_type=NULL）
athyrium spinescens,Athyrium spinescens,トゲヤマイヌワラビ,維管束植物,,絶滅危惧ⅠＡ類（CR）,,,moe_redlist,GBIFへの照会自体が未実施（gbif_taxon_key欠落・gbif_match_type=NULL）
athyrium strigillosum,Athyrium strigillosum,コモチイヌワラビ,維管束植物,,絶滅危惧ⅠB類（EN）,,,moe_redlist,GBIFへの照会自体が未実施（gbif_taxon_key欠落・gbif_match_type=NULL）
athyrium subrigescens,Athyrium subrigescens,ホウライイヌワラビ,維管束植物,,絶滅危惧ⅠB類（EN）,,,moe_redlist,GBIFへの照会自体が未実施（gbif_taxon_key欠落・gbif_match_type=NULL）
athyrium tozanense,Athyrium tozanense,シマイヌワラビ,維管束植物,,絶滅危惧ⅠB類（EN）,,,moe_redlist,GBIFへの照会自体が未実施（gbif_taxon_key欠落・gbif_match_type=NULL）
athyrium viridescentipes,Athyrium viridescentipes,アオグキイヌワラビ,維管束植物,,絶滅危惧ⅠB類（EN）,,,moe_redlist,GBIFへの照会自体が未実施（gbif_taxon_key欠落・gbif_match_type=NULL）
athyrium yakusimense,Athyrium yakusimense,ヤクシマタニイヌワラビ,維管束植物,,絶滅危惧ⅠＡ類（CR）,,,moe_redlist,GBIFへの照会自体が未実施（gbif_taxon_key欠落・gbif_match_type=NULL）
atoportunus gustavi,Atoportunus gustavi,モモイロドウクツガザミ,甲殻類（海洋生物）,,準絶滅危惧（NT）,,,moe_redlist,GBIFへの照会自体が未実施（gbif_taxon_key欠落・gbif_match_type=NULL）
atrina japonica,Atrina japonica,ズベタイラギ,貝類,,準絶滅危惧（NT）,,,moe_redlist,GBIFへの照会自体が未実施（gbif_taxon_key欠落・gbif_match_type=NULL）
atrina lischkeana,Atrina lischkeana,タイラギ（リシケタイラギ）,貝類,,準絶滅危惧（NT）,,,moe_redlist,GBIFへの照会自体が未実施（gbif_taxon_key欠落・gbif_match_type=NULL）
atriplex prostrata,Atriplex prostrata,ホコガタアカザ,植物,,,その他の総合対策外来種,,moe_ias_list,GBIFへの照会自体が未実施（gbif_taxon_key欠落・gbif_match_type=NULL）
attacus atlas,Attacus atlas,ヨナグニサン,昆虫類,,準絶滅危惧（NT）,,,moe_redlist,GBIFへの照会自体が未実施（gbif_taxon_key欠落・gbif_match_type=NULL）
atyoida pilipes,Atyoida pilipes,ミナミオニヌマエビ,その他無脊椎動物,,準絶滅危惧（NT）,,,moe_redlist,GBIFへの照会自体が未実施（gbif_taxon_key欠落・gbif_match_type=NULL）
aulacopilum glaucum subsp. trichophyllum,Aulacopilum glaucum subsp. trichophyllum,アオシマヒメシワゴケ,蘚苔類,,準絶滅危惧（NT）,,,moe_redlist,GBIFへの照会自体が未実施（gbif_taxon_key欠落・gbif_match_type=NULL）
aureoboletus viscosus,Aureoboletus viscosus,アキノアシナガイグチ,菌類,,情報不足（DD）,,,moe_redlist,GBIFへの照会自体が未実施（gbif_taxon_key欠落・gbif_match_type=NULL）
auriculastra duplicata,Auriculastra duplicata,ナラビオカミミガイ,貝類,,絶滅危惧II類（VU）,,,moe_redlist,GBIFへの照会自体が未実施（gbif_taxon_key欠落・gbif_match_type=NULL）
aurophora dochmia,Aurophora dochmia,ヒュウガサラタケ,菌類,,情報不足（DD）,,,moe_redlist,GBIFへの照会自体が未実施（gbif_taxon_key欠落・gbif_match_type=NULL）
austriella corrugata,Austriella corrugata,シワツキガイ,貝類,,準絶滅危惧（NT）,,,moe_redlist,GBIFへの照会自体が未実施（gbif_taxon_key欠落・gbif_match_type=NULL）
austrohancockia amamiensis,Austrohancockia amamiensis,アマミヒラタヒシバッタ,昆虫類,,情報不足（DD）,,,moe_redlist,GBIFへの照会自体が未実施（gbif_taxon_key欠落・gbif_match_type=NULL）
austruca lactea,Austruca lactea,ハクセンシオマネキ,その他無脊椎動物,,絶滅危惧II類（VU）,,,moe_redlist,GBIFへの照会自体が未実施（gbif_taxon_key欠落・gbif_match_type=NULL）
austruca triangularis,Austruca triangularis,シモフリシオマネキ,甲殻類（海洋生物）,,準絶滅危惧（NT）,,,moe_redlist,GBIFへの照会自体が未実施（gbif_taxon_key欠落・gbif_match_type=NULL）
avicennia marina,Avicennia marina,ヒルギダマシ,維管束植物,,絶滅危惧Ⅱ類（VU）,,,moe_redlist,GBIFへの照会自体が未実施（gbif_taxon_key欠落・gbif_match_type=NULL）
avrainvillea erecta,Avrainvillea erecta,コテングノハウチワ,藻類,,情報不足（DD）,,,moe_redlist,GBIFへの照会自体が未実施（gbif_taxon_key欠落・gbif_match_type=NULL）
avrainvillea riukiuensis,Avrainvillea riukiuensis,テングノハウチワ,藻類,,情報不足（DD）,,,moe_redlist,GBIFへの照会自体が未実施（gbif_taxon_key欠落・gbif_match_type=NULL）
awalycaeus abei,Awalycaeus abei,アツブタムシオイ,貝類,,絶滅危惧II類（VU）,,,moe_redlist,GBIFへの照会自体が未実施（gbif_taxon_key欠落・gbif_match_type=NULL）
awalycaeus akiratadai,Awalycaeus akiratadai,タダアツブタムシオイ,貝類,,絶滅危惧I類（CR+EN）,,,moe_redlist,GBIFへの照会自体が未実施（gbif_taxon_key欠落・gbif_match_type=NULL）
awalycaeus yanoshokoae,Awalycaeus yanoshokoae,サルダアツブタムシオイ,貝類,,絶滅危惧IB類（EN）,,,moe_redlist,GBIFへの照会自体が未実施（gbif_taxon_key欠落・gbif_match_type=NULL）
awatrechus hygrobius,Awatrechus hygrobius,リュウノメクラチビゴミムシ,昆虫類,,絶滅危惧IB類（EN）,,,moe_redlist,GBIFへの照会自体が未実施（gbif_taxon_key欠落・gbif_match_type=NULL）
axymyia japonica,Axymyia japonica,ヤマトクチキカ,昆虫類,,情報不足（DD）,,,moe_redlist,GBIFへの照会自体が未実施（gbif_taxon_key欠落・gbif_match_type=NULL）
azolla japonica,Azolla japonica,オオアカウキクサ,維管束植物,,絶滅危惧ⅠB類（EN）,,,moe_redlist,GBIFへの照会自体が未実施（gbif_taxon_key欠落・gbif_match_type=NULL）
azolla pinnata subsp. asiatica,Azolla pinnata subsp. asiatica,アカウキクサ,維管束植物,,絶滅危惧ⅠB類（EN）,,,moe_redlist,GBIFへの照会自体が未実施（gbif_taxon_key欠落・gbif_match_type=NULL）
azorinus scheepmakeri,Azorinus scheepmakeri,オオズングリアゲマキ,貝類,,絶滅危惧I類（CR+EN）,,,moe_redlist,GBIFへの照会自体が未実施（gbif_taxon_key欠落・gbif_match_type=NULL）
babylonia japonica,Babylonia japonica,バイ,貝類,,準絶滅危惧（NT）,,,moe_redlist,GBIFへの照会自体が未実施（gbif_taxon_key欠落・gbif_match_type=NULL）
babylonia kirana,Babylonia kirana,ウスイロバイ,貝類,,絶滅危惧II類（VU）,,,moe_redlist,GBIFへの照会自体が未実施（gbif_taxon_key欠落・gbif_match_type=NULL）
bacopa rotundifolia,Bacopa rotundifolia,ウキアゼナ（バコパ・ロトンディフォリア、カラカワクサ）,植物,,,その他の総合対策外来種,,moe_ias_list,GBIFへの照会自体が未実施（gbif_taxon_key欠落・gbif_match_type=NULL）
bacteridium vittatum,Bacteridium vittatum,イトカケゴウナ,貝類,,準絶滅危惧（NT）,,,moe_redlist,GBIFへの照会自体が未実施（gbif_taxon_key欠落・gbif_match_type=NULL）
badimia pallidula,Badimia pallidula,ヨツハシゴケ,地衣類,,情報不足（DD）,,,moe_redlist,GBIFへの照会自体が未実施（gbif_taxon_key欠落・gbif_match_type=NULL）
baeomyces sanguineus,Baeomyces sanguineus,チゾメセンニンゴケ,地衣類,,情報不足（DD）,,,moe_redlist,GBIFへの照会自体が未実施（gbif_taxon_key欠落・gbif_match_type=NULL）
balanoglossusmisakiensis,Balanoglossusmisakiensis,ミサキギボシムシ,その他無脊椎動物（海洋生物）,,準絶滅危惧（NT）,,NONE,moe_redlist,GBIFへ照会したが一致しなかった（gbif_match_type=NONE）
balanophora nipponica,Balanophora nipponica,ミヤマツチトリモチ,維管束植物,,絶滅危惧Ⅱ類（VU）,,,moe_redlist,GBIFへの照会自体が未実施（gbif_taxon_key欠落・gbif_match_type=NULL）
balanophora subcupularis,Balanophora subcupularis,アマクサツチトリモチ,維管束植物,,絶滅危惧Ⅱ類（VU）,,,moe_redlist,GBIFへの照会自体が未実施（gbif_taxon_key欠落・gbif_match_type=NULL）
balanophora yakushimensis,Balanophora yakushimensis,ヤクシマツチトリモチ,維管束植物,,準絶滅危惧（NT）,,,moe_redlist,GBIFへの照会自体が未実施（gbif_taxon_key欠落・gbif_match_type=NULL）
balataea octomaculata,Balataea octomaculata,ヤホシホソマダラ,昆虫類,,準絶滅危惧（NT）,,,moe_redlist,GBIFへの照会自体が未実施（gbif_taxon_key欠落・gbif_match_type=NULL）
bangia atropurpurea,Bangia atropurpurea,タニウシケノリ,藻類,,絶滅危惧Ⅱ類（VU）,,,moe_redlist,GBIFへの照会自体が未実施（gbif_taxon_key欠落・gbif_match_type=NULL）
bangiopsis subsimplex,Bangiopsis subsimplex,ニセウシケノリ,藻類,,情報不足（DD）,,,moe_redlist,GBIFへの照会自体が未実施（gbif_taxon_key欠落・gbif_match_type=NULL）
bapalmuia palmularis,Bapalmuia palmularis,ナガミイボゴケ,地衣類,,情報不足（DD）,,,moe_redlist,GBIFへの照会自体が未実施（gbif_taxon_key欠落・gbif_match_type=NULL）
barbarea vulgaris,Barbarea vulgaris,ハルザキヤマガラシ（セイヨウヤマガラシ）,植物,,,その他の総合対策外来種,,moe_ias_list,GBIFへの照会自体が未実施（gbif_taxon_key欠落・gbif_match_type=NULL）
barbastella leucomelas,Barbastella leucomelas,四国のチチブコウモリ,哺乳類,,絶滅のおそれのある地域個体群（LP）,,,moe_redlist,GBIFへの照会自体が未実施（gbif_taxon_key欠落・gbif_match_type=NULL）
barbouriidae gen. sp.,Barbouriidae gen. sp.,ガマモエビ,甲殻類（海洋生物）,,情報不足（DD）,,,moe_redlist,GBIFへの照会自体が未実施（gbif_taxon_key欠落・gbif_match_type=NULL）
barnea japonica,Barnea japonica,ウミタケ,貝類,,絶滅危惧II類（VU）,,,moe_redlist,GBIFへの照会自体が未実施（gbif_taxon_key欠落・gbif_match_type=NULL）
barrimysia cumingii,Barrimysia cumingii,アケボノガイ,貝類,,絶滅危惧II類（VU）,,,moe_redlist,GBIFへの照会自体が未実施（gbif_taxon_key欠落・gbif_match_type=NULL）
barrimysia siphonosomae,Barrimysia siphonosomae,ホシムシアケボノガイ,貝類,,絶滅危惧II類（VU）,,,moe_redlist,GBIFへの照会自体が未実施（gbif_taxon_key欠落・gbif_match_type=NULL）
barringtonia asiatica,Barringtonia asiatica,ゴバンノアシ,維管束植物,,絶滅危惧ⅠＡ類（CR）,,,moe_redlist,GBIFへの照会自体が未実施（gbif_taxon_key欠落・gbif_match_type=NULL）
barubria fuscorubra,Barubria fuscorubra,ツエミハシゴケ,地衣類,,情報不足（DD）,,,moe_redlist,GBIFへの照会自体が未実施（gbif_taxon_key欠落・gbif_match_type=NULL）
baryrhynchus yaeyamensis,Baryrhynchus yaeyamensis,ヤエヤマミツギリゾウムシ,昆虫類,,情報不足（DD）,,,moe_redlist,GBIFへの照会自体が未実施（gbif_taxon_key欠落・gbif_match_type=NULL）
basella rubra,Basella rubra,ツルムラサキ,植物,,,その他の総合対策外来種,,moe_ias_list,GBIFへの照会自体が未実施（gbif_taxon_key欠落・gbif_match_type=NULL）
basterotia gouldi,Basterotia gouldi,イソカゼ,貝類,,絶滅危惧I類（CR+EN）,,,moe_redlist,GBIFへの照会自体が未実施（gbif_taxon_key欠落・gbif_match_type=NULL）
bathygobius peterophilus,Bathygobius peterophilus,シジミハゼ,魚類（海洋生物）,,準絶滅危惧（NT）,,,moe_redlist,GBIFへの照会自体が未実施（gbif_taxon_key欠落・gbif_match_type=NULL）
bathygobius sp.,Bathygobius sp.,カワクモハゼ,汽水・淡水魚類,,絶滅危惧IA類（CR）,,,moe_redlist,GBIFへの照会自体が未実施（gbif_taxon_key欠落・gbif_match_type=NULL）
batillaria multiformis,Batillaria multiformis,ウミニナ,貝類,,準絶滅危惧（NT）,,,moe_redlist,GBIFへの照会自体が未実施（gbif_taxon_key欠落・gbif_match_type=NULL）
batillaria zonalis,Batillaria zonalis,イボウミニナ,貝類,,絶滅危惧II類（VU）,,,moe_redlist,GBIFへの照会自体が未実施（gbif_taxon_key欠落・gbif_match_type=NULL）
batrachospermum gelatinosum f. gelatinosum,Batrachospermum gelatinosum f. gelatinosum,カワモズク,藻類,,準絶滅危惧（NT）,,,moe_redlist,GBIFへの照会自体が未実施（gbif_taxon_key欠落・gbif_match_type=NULL）
batrachospermum gelatinosum f. spermatoinvolucrum,Batrachospermum gelatinosum f. spermatoinvolucrum,ミョウテンジカワモズク,藻類,,絶滅危惧ⅠB類（EN）,,,moe_redlist,GBIFへの照会自体が未実施（gbif_taxon_key欠落・gbif_match_type=NULL）
batrachospermum sporiferum,Batrachospermum sporiferum,アズキイロカワモズク,藻類,,情報不足（DD）,,,moe_redlist,GBIFへの照会自体が未実施（gbif_taxon_key欠落・gbif_match_type=NULL）
batrachospermum tortuosum var. majus,Batrachospermum tortuosum var. majus,ヤエヤマカワモズク,藻類,,情報不足（DD）,,,moe_redlist,GBIFへの照会自体が未実施（gbif_taxon_key欠落・gbif_match_type=NULL）
batracomorphus ogasawarensis,Batracomorphus ogasawarensis,オガサワラアオズキンヨコバイ,昆虫類,,準絶滅危惧（NT）,,,moe_redlist,GBIFへの照会自体が未実施（gbif_taxon_key欠落・gbif_match_type=NULL）
bazzania ovistipula,Bazzania ovistipula,カネマルムチゴケ,蘚苔類,,絶滅危惧Ⅱ類（VU）,,,moe_redlist,GBIFへの照会自体が未実施（gbif_taxon_key欠落・gbif_match_type=NULL）
begonia fenicis,Begonia fenicis,コウトウシュウカイドウ,維管束植物,,絶滅危惧Ⅱ類（VU）,,,moe_redlist,GBIFへの照会自体が未実施（gbif_taxon_key欠落・gbif_match_type=NULL）
begonia formosana,Begonia formosana,マルヤマシュウカイドウ,維管束植物,,準絶滅危惧（NT）,,,moe_redlist,GBIFへの照会自体が未実施（gbif_taxon_key欠落・gbif_match_type=NULL）
beilschmiedia erythrophloia,Beilschmiedia erythrophloia,アカハダクスノキ,維管束植物,,準絶滅危惧（NT）,,,moe_redlist,GBIFへの照会自体が未実施（gbif_taxon_key欠落・gbif_match_type=NULL）
bekkochlamys danjoensis,Bekkochlamys danjoensis,ダンジョベッコウ,貝類,,情報不足（DD）,,,moe_redlist,GBIFへの照会自体が未実施（gbif_taxon_key欠落・gbif_match_type=NULL）
bekkochlamys depressa,Bekkochlamys depressa,コウベヒラベッコウ,貝類,,情報不足（DD）,,,moe_redlist,GBIFへの照会自体が未実施（gbif_taxon_key欠落・gbif_match_type=NULL）
bekkochlamys dulcis,Bekkochlamys dulcis,オオヒラベッコウ,貝類,,情報不足（DD）,,,moe_redlist,GBIFへの照会自体が未実施（gbif_taxon_key欠落・gbif_match_type=NULL）
bekkochlamys kagaensis,Bekkochlamys kagaensis,ミドリベッコウ,貝類,,情報不足（DD）,,,moe_redlist,GBIFへの照会自体が未実施（gbif_taxon_key欠落・gbif_match_type=NULL）
bekkochlamys koshikijimana,Bekkochlamys koshikijimana,コシキオオヒラベッコウ,貝類,,情報不足（DD）,,,moe_redlist,GBIFへの照会自体が未実施（gbif_taxon_key欠落・gbif_match_type=NULL）
bekkochlamys kurodai,Bekkochlamys kurodai,ミヤコベッコウ,貝類,,情報不足（DD）,,,moe_redlist,GBIFへの照会自体が未実施（gbif_taxon_key欠落・gbif_match_type=NULL）
bekkochlamys kuroshimana,Bekkochlamys kuroshimana,クロシマベッコウ,貝類,,情報不足（DD）,,,moe_redlist,GBIFへの照会自体が未実施（gbif_taxon_key欠落・gbif_match_type=NULL）
bekkochlamys masakii,Bekkochlamys masakii,マサキベッコウ,貝類,,絶滅危惧II類（VU）,,,moe_redlist,GBIFへの照会自体が未実施（gbif_taxon_key欠落・gbif_match_type=NULL）
bekkochlamys micrograpta,Bekkochlamys micrograpta,ヒラベッコウ,貝類,,情報不足（DD）,,,moe_redlist,GBIFへの照会自体が未実施（gbif_taxon_key欠落・gbif_match_type=NULL）
bekkochlamys nikkoensis,Bekkochlamys nikkoensis,ニッコウヒラベッコウ,貝類,,情報不足（DD）,,,moe_redlist,GBIFへの照会自体が未実施（gbif_taxon_key欠落・gbif_match_type=NULL）
bekkochlamys perfragilis,Bekkochlamys perfragilis,ベッコウマイマイ,貝類,,情報不足（DD）,,,moe_redlist,GBIFへの照会自体が未実施（gbif_taxon_key欠落・gbif_match_type=NULL）
bekkochlamys sakui,Bekkochlamys sakui,ヤクシマベッコウ,貝類,,情報不足（DD）,,,moe_redlist,GBIFへの照会自体が未実施（gbif_taxon_key欠落・gbif_match_type=NULL）
bekkochlamys septentrionalis,Bekkochlamys septentrionalis,カントウベッコウ,貝類,,情報不足（DD）,,,moe_redlist,GBIFへの照会自体が未実施（gbif_taxon_key欠落・gbif_match_type=NULL）
bekkochlamys serena,Bekkochlamys serena,スカシベッコウ,貝類,,準絶滅危惧（NT）,,,moe_redlist,GBIFへの照会自体が未実施（gbif_taxon_key欠落・gbif_match_type=NULL）
bekkochlamys shikokuensis,Bekkochlamys shikokuensis,シコクベッコウ,貝類,,情報不足（DD）,,,moe_redlist,GBIFへの照会自体が未実施（gbif_taxon_key欠落・gbif_match_type=NULL）
bekkochlamys sp.,Bekkochlamys sp.,オキナワテラマチベッコウ,貝類,,絶滅危惧IB類（EN）,,,moe_redlist,GBIFへの照会自体が未実施（gbif_taxon_key欠落・gbif_match_type=NULL）
bekkochlamys subrejecta,Bekkochlamys subrejecta,ツシマベッコウ,貝類,,絶滅危惧II類（VU）,,,moe_redlist,GBIFへの照会自体が未実施（gbif_taxon_key欠落・gbif_match_type=NULL）
bekkochlamys teramachii,Bekkochlamys teramachii,テラマチベッコウ,貝類,,準絶滅危惧（NT）,,,moe_redlist,GBIFへの照会自体が未実施（gbif_taxon_key欠落・gbif_match_type=NULL）
belobranchus belobranchus,Belobranchus belobranchus,エリトゲハゼ,汽水・淡水魚類,,情報不足（DD）,,,moe_redlist,GBIFへの照会自体が未実施（gbif_taxon_key欠落・gbif_match_type=NULL）
bembecinus anthracinus ogasawaraensis,Bembecinus anthracinus ogasawaraensis,オガサワラスナハキバチ,昆虫類,,準絶滅危惧（NT）,,,moe_redlist,GBIFへの照会自体が未実施（gbif_taxon_key欠落・gbif_match_type=NULL）
bembecinus hungaricus japonicus,Bembecinus hungaricus japonicus,ヤマトスナハキバチ,昆虫類,,情報不足（DD）,,,moe_redlist,GBIFへの照会自体が未実施（gbif_taxon_key欠落・gbif_match_type=NULL）
bembidion aestuarii,Bembidion aestuarii,キバネキバナガミズギワゴミムシ,昆虫類,,絶滅危惧II類（VU）,,,moe_redlist,GBIFへの照会自体が未実施（gbif_taxon_key欠落・gbif_match_type=NULL）
bembidion nakamurai,Bembidion nakamurai,サツマキバナガミズギワゴミムシ,昆虫類,,絶滅危惧IB類（EN）,,,moe_redlist,GBIFへの照会自体が未実施（gbif_taxon_key欠落・gbif_match_type=NULL）
bembidion sumaoi,Bembidion sumaoi,オオキバナガミズギワゴミムシ,昆虫類,,絶滅危惧II類（VU）,,,moe_redlist,GBIFへの照会自体が未実施（gbif_taxon_key欠落・gbif_match_type=NULL）
bembidion tsutsuii,Bembidion tsutsuii,ツツイキバナガミズギワゴミムシ,昆虫類,,準絶滅危惧（NT）,,,moe_redlist,GBIFへの照会自体が未実施（gbif_taxon_key欠落・gbif_match_type=NULL）
bembidion umi,Bembidion umi,ウミミズギワゴミムシ,昆虫類,,準絶滅危惧（NT）,,,moe_redlist,GBIFへの照会自体が未実施（gbif_taxon_key欠落・gbif_match_type=NULL）
bembix formosana,Bembix formosana,タイワンハナダカバチ,昆虫類,,準絶滅危惧（NT）,,,moe_redlist,GBIFへの照会自体が未実施（gbif_taxon_key欠落・gbif_match_type=NULL）
bembix niponica,Bembix niponica,ニッポンハナダカバチ,昆虫類,,絶滅危惧II類（VU）,,,moe_redlist,GBIFへの照会自体が未実施（gbif_taxon_key欠落・gbif_match_type=NULL）
benkara sinensis,Benkara sinensis,ヒジハリノキ,維管束植物,,絶滅危惧ⅠB類（EN）,,,moe_redlist,GBIFへの照会自体が未実施（gbif_taxon_key欠落・gbif_match_type=NULL）
bensonella plicidens,Bensonella plicidens,クチマガリスナガイ,貝類,,絶滅危惧II類（VU）,,,moe_redlist,GBIFへの照会自体が未実施（gbif_taxon_key欠落・gbif_match_type=NULL）
berberis japonica,Berberis japonica,ヒイラギナンテン,植物,,,その他の総合対策外来種,,moe_ias_list,GBIFへの照会自体が未実施（gbif_taxon_key欠落・gbif_match_type=NULL）
berteroella maximowiczii,Berteroella maximowiczii,ハナナズナ,維管束植物,,絶滅危惧ⅠＡ類（CR）,,,moe_redlist,GBIFへの照会自体が未実施（gbif_taxon_key欠落・gbif_match_type=NULL）
betaeus gelasinifer,Betaeus gelasinifer,エクボテッポウエビモドキ,甲殻類（海洋生物）,,情報不足（DD）,,,moe_redlist,GBIFへの照会自体が未実施（gbif_taxon_key欠落・gbif_match_type=NULL）
betaphycus gelatinus,Betaphycus gelatinus,カタメンキリンサイ,藻類,,情報不足（DD）,,,moe_redlist,GBIFへの照会自体が未実施（gbif_taxon_key欠落・gbif_match_type=NULL）
betula apoiensis,Betula apoiensis,アポイカンバ,維管束植物,,絶滅危惧ⅠB類（EN）,,,moe_redlist,GBIFへの照会自体が未実施（gbif_taxon_key欠落・gbif_match_type=NULL）
betula chichibuensis,Betula chichibuensis,チチブミネバリ,維管束植物,,絶滅危惧Ⅱ類（VU）,,,moe_redlist,GBIFへの照会自体が未実施（gbif_taxon_key欠落・gbif_match_type=NULL）
betula davurica var. davurica,Betula davurica var. davurica,ヤエガワカンバ,維管束植物,,準絶滅危惧（NT）,,,moe_redlist,GBIFへの照会自体が未実施（gbif_taxon_key欠落・gbif_match_type=NULL）
betula ovalifolia,Betula ovalifolia,ヤチカンバ,維管束植物,,絶滅危惧Ⅱ類（VU）,,,moe_redlist,GBIFへの照会自体が未実施（gbif_taxon_key欠落・gbif_match_type=NULL）
bidens cernua,Bidens cernua,ヤナギタウコギ,維管束植物,,絶滅危惧Ⅱ類（VU）,,,moe_redlist,GBIFへの照会自体が未実施（gbif_taxon_key欠落・gbif_match_type=NULL）
bidens frondosa,Bidens frondosa,アメリカセンダングサ,植物,,,その他の総合対策外来種,,moe_ias_list,GBIFへの照会自体が未実施（gbif_taxon_key欠落・gbif_match_type=NULL）
bidens pilosa var. radiata,Bidens pilosa var. radiata,タチアワユキセンダングサ（オオバナセンダングサ）,植物,,,その他の総合対策外来種,,moe_ias_list,GBIFへの照会自体が未実施（gbif_taxon_key欠落・gbif_match_type=NULL）
birgus latro,Birgus latro,ヤシガニ,その他無脊椎動物,,絶滅危惧II類（VU）,,,moe_redlist,GBIFへの照会自体が未実施（gbif_taxon_key欠落・gbif_match_type=NULL）
bischofia javanica,Bischofia javanica,小笠原諸島・奄美諸島などのアカギ,植物,,,緊急対策外来種,,moe_ias_list,GBIFへの照会自体が未実施（gbif_taxon_key欠落・gbif_match_type=NULL）
bistorta hayachinensis,Bistorta hayachinensis,ナンブトラノオ,維管束植物,,絶滅危惧ⅠＡ類（CR）,,,moe_redlist,GBIFへの照会自体が未実施（gbif_taxon_key欠落・gbif_match_type=NULL）
bithynia inabai,Bithynia inabai,イナバマメタニシ,貝類,,絶滅危惧II類（VU）,,,moe_redlist,GBIFへの照会自体が未実施（gbif_taxon_key欠落・gbif_match_type=NULL）
bithynia moltschanovi,Bithynia moltschanovi,エゾマメタニシ,貝類,,準絶滅危惧（NT）,,,moe_redlist,GBIFへの照会自体が未実施（gbif_taxon_key欠落・gbif_match_type=NULL）
bittacus sinensis,Bittacus sinensis,ホシガガンボモドキ,昆虫類,,情報不足（DD）,,,moe_redlist,GBIFへの照会自体が未実施（gbif_taxon_key欠落・gbif_match_type=NULL）
biwakovalvata biwaensis,Biwakovalvata biwaensis,ビワコミズシタダミ,貝類,,準絶滅危惧（NT）,,,moe_redlist,GBIFへの照会自体が未実施（gbif_taxon_key欠落・gbif_match_type=NULL）
biwia yodoensis,Biwia yodoensis,ヨドゼゼラ,汽水・淡水魚類,,絶滅危惧IB類（EN）,,,moe_redlist,GBIFへの照会自体が未実施（gbif_taxon_key欠落・gbif_match_type=NULL）
biwia zezera,Biwia zezera,ゼゼラ,汽水・淡水魚類,,絶滅危惧II類（VU）,,,moe_redlist,GBIFへの照会自体が未実施（gbif_taxon_key欠落・gbif_match_type=NULL）
blanfordia bensoni,Blanfordia bensoni,オカマメタニシ,貝類,,絶滅危惧II類（VU）,,,moe_redlist,GBIFへの照会自体が未実施（gbif_taxon_key欠落・gbif_match_type=NULL）
blanfordia japonica,Blanfordia japonica,イツマデガイ,貝類,,準絶滅危惧（NT）,,,moe_redlist,GBIFへの照会自体が未実施（gbif_taxon_key欠落・gbif_match_type=NULL）
blanfordia simplex,Blanfordia simplex,ヒメオカマメタニシ,貝類,,準絶滅危惧（NT）,,,moe_redlist,GBIFへの照会自体が未実施（gbif_taxon_key欠落・gbif_match_type=NULL）
blaps japonensis,Blaps japonensis,ヤマトオサムシダマシ,昆虫類,,準絶滅危惧（NT）,,,moe_redlist,GBIFへの照会自体が未実施（gbif_taxon_key欠落・gbif_match_type=NULL）
blastus cochinchinensis,Blastus cochinchinensis,ミヤマハシカンボク,維管束植物,,準絶滅危惧（NT）,,,moe_redlist,GBIFへの照会自体が未実施（gbif_taxon_key欠落・gbif_match_type=NULL）
blauneria leonardi,Blauneria leonardi,サカマキオカミミガイ,貝類,,絶滅危惧II類（VU）,,,moe_redlist,GBIFへの照会自体が未実施（gbif_taxon_key欠落・gbif_match_type=NULL）
bledius salsus,Bledius salsus,オオツノハネカクシ,昆虫類,,情報不足（DD）,,,moe_redlist,GBIFへの照会自体が未実施（gbif_taxon_key欠落・gbif_match_type=NULL）
bletilla striata var. striata,Bletilla striata var. striata,シラン,維管束植物,,準絶滅危惧（NT）,,,moe_redlist,GBIFへの照会自体が未実施（gbif_taxon_key欠落・gbif_match_type=NULL）
blidingia ramifera,Blidingia ramifera,カワアオノリ,藻類,,絶滅危惧ⅠB類（EN）,,,moe_redlist,GBIFへの照会自体が未実施（gbif_taxon_key欠落・gbif_match_type=NULL）
blindiadelphus recurvatus,Blindiadelphus recurvatus,キヌシッポゴケ,蘚苔類,,情報不足（DD）,,,moe_redlist,GBIFへの照会自体が未実施（gbif_taxon_key欠落・gbif_match_type=NULL）
blyxa alternifolia,Blyxa alternifolia,セトヤナギスブタ,維管束植物,,絶滅危惧ⅠＡ類（CR）,,,moe_redlist,GBIFへの照会自体が未実施（gbif_taxon_key欠落・gbif_match_type=NULL）
blyxa aubertii,Blyxa aubertii,マルミスブタ,維管束植物,,絶滅危惧Ⅱ類（VU）,,,moe_redlist,GBIFへの照会自体が未実施（gbif_taxon_key欠落・gbif_match_type=NULL）
blyxa echinosperma,Blyxa echinosperma,スブタ,維管束植物,,絶滅危惧Ⅱ類（VU）,,,moe_redlist,GBIFへの照会自体が未実施（gbif_taxon_key欠落・gbif_match_type=NULL）
boehmeria formosana,Boehmeria formosana,タイワントリアシ,維管束植物,,準絶滅危惧（NT）,,,moe_redlist,GBIFへの照会自体が未実施（gbif_taxon_key欠落・gbif_match_type=NULL）
boehmeria yaeyamensis,Boehmeria yaeyamensis,ヤエヤマラセイタソウ,維管束植物,,準絶滅危惧（NT）,,,moe_redlist,GBIFへの照会自体が未実施（gbif_taxon_key欠落・gbif_match_type=NULL）
bolbometoponmuricatum,Bolbometoponmuricatum,カンムリブダイ,魚類（海洋生物）,,絶滅危惧IB 類（EN）,,NONE,moe_redlist,GBIFへ照会したが一致しなかった（gbif_match_type=NONE）
boleophthalmus pectinirostris,Boleophthalmus pectinirostris,ムツゴロウ,汽水・淡水魚類,,絶滅危惧IB類（EN）,,,moe_redlist,GBIFへの照会自体が未実施（gbif_taxon_key欠落・gbif_match_type=NULL）
boletopsis grisea,Boletopsis grisea,クロカワ,菌類,,準絶滅危惧（NT）,,,moe_redlist,GBIFへの照会自体が未実施（gbif_taxon_key欠落・gbif_match_type=NULL）
boletus edulis,Boletus edulis,ヤマドリタケ,菌類,,情報不足（DD）,,,moe_redlist,GBIFへの照会自体が未実施（gbif_taxon_key欠落・gbif_match_type=NULL）
bombus consobrinus wittenburgi,Bombus consobrinus wittenburgi,ナガマルハナバチ,昆虫類,,情報不足（DD）,,,moe_redlist,GBIFへの照会自体が未実施（gbif_taxon_key欠落・gbif_match_type=NULL）
bombus florilegus,Bombus florilegus,ノサップマルハナバチ,昆虫類,,準絶滅危惧（NT）,,,moe_redlist,GBIFへの照会自体が未実施（gbif_taxon_key欠落・gbif_match_type=NULL）
bombus ignitus,Bombus ignitus,クロマルハナバチ,昆虫類,,準絶滅危惧（NT）,,,moe_redlist,GBIFへの照会自体が未実施（gbif_taxon_key欠落・gbif_match_type=NULL）
bombus ussurensis,Bombus ussurensis,ウスリーマルハナバチ,昆虫類,,情報不足（DD）,,,moe_redlist,GBIFへの照会自体が未実施（gbif_taxon_key欠落・gbif_match_type=NULL）
bonartemis histrio,Bonartemis histrio,オイノカガミ,貝類,,準絶滅危惧（NT）,,,moe_redlist,GBIFへの照会自体が未実施（gbif_taxon_key欠落・gbif_match_type=NULL）
boninella anoplos,Boninella anoplos,ケズネオガサワラカミキリ,昆虫類,,絶滅危惧IA類（CR）,,,moe_redlist,GBIFへの照会自体が未実施（gbif_taxon_key欠落・gbif_match_type=NULL）
boninella hirsuta,Boninella hirsuta,アラゲオガサワラカミキリ,昆虫類,,絶滅危惧IA類（CR）,,,moe_redlist,GBIFへの照会自体が未実施（gbif_taxon_key欠落・gbif_match_type=NULL）
boninella igai,Boninella igai,ヒメオガサワラカミキリ,昆虫類,,絶滅危惧IA類（CR）,,,moe_redlist,GBIFへの照会自体が未実施（gbif_taxon_key欠落・gbif_match_type=NULL）
boninella karubei,Boninella karubei,ムコジマオガサワラカミキリ,昆虫類,,絶滅危惧IB類（EN）,,,moe_redlist,GBIFへの照会自体が未実施（gbif_taxon_key欠落・gbif_match_type=NULL）
boninella satoi masatakai,Boninella satoi masatakai,サトウオガサワラカミキリ母島亜種,昆虫類,,絶滅危惧IA類（CR）,,,moe_redlist,GBIFへの照会自体が未実施（gbif_taxon_key欠落・gbif_match_type=NULL）
boninella satoi satoi,Boninella satoi satoi,サトウオガサワラカミキリ父島列島亜種,昆虫類,,絶滅危惧II類（VU）,,,moe_redlist,GBIFへの照会自体が未実施（gbif_taxon_key欠落・gbif_match_type=NULL）
boninella takakuwai,Boninella takakuwai,ケブカオガサワラカミキリ,昆虫類,,絶滅危惧II類（VU）,,,moe_redlist,GBIFへの照会自体が未実施（gbif_taxon_key欠落・gbif_match_type=NULL）
boninena callistoderma,Boninena callistoderma,ハハジマキセルモドキ,貝類,,絶滅危惧I類（CR+EN）,,,moe_redlist,GBIFへの照会自体が未実施（gbif_taxon_key欠落・gbif_match_type=NULL）
boninena hiraseana chichijimana,Boninena hiraseana chichijimana,チチジマキセルモドキ,貝類,,絶滅危惧I類（CR+EN）,,,moe_redlist,GBIFへの照会自体が未実施（gbif_taxon_key欠落・gbif_match_type=NULL）
boninena hiraseana hiraseana,Boninena hiraseana hiraseana,ヒラセキセルモドキ,貝類,,絶滅危惧I類（CR+EN）,,,moe_redlist,GBIFへの照会自体が未実施（gbif_taxon_key欠落・gbif_match_type=NULL）
boninena ogasawarae,Boninena ogasawarae,オガサワラキセルモドキ,貝類,,絶滅危惧I類（CR+EN）,,,moe_redlist,GBIFへの照会自体が未実施（gbif_taxon_key欠落・gbif_match_type=NULL）
boninnadagara crinomorpha,Boninnadagara crinomorpha,マルバエダシャク,昆虫類,,準絶滅危惧（NT）,,,moe_redlist,GBIFへの照会自体が未実施（gbif_taxon_key欠落・gbif_match_type=NULL）
boninoleiops kitajimai,Boninoleiops kitajimai,キタジマモモブトカミキリ,昆虫類,,情報不足（DD）,,,moe_redlist,GBIFへの照会自体が未実施（gbif_taxon_key欠落・gbif_match_type=NULL）
boninosuccinea ogasawarae,Boninosuccinea ogasawarae,オガサワラオカモノアラガイ,貝類,,絶滅危惧I類（CR+EN）,,,moe_redlist,GBIFへの照会自体が未実施（gbif_taxon_key欠落・gbif_match_type=NULL）
boninosuccinea punctulispira,Boninosuccinea punctulispira,テンスジオカモノアラガイ,貝類,,絶滅危惧I類（CR+EN）,,,moe_redlist,GBIFへの照会自体が未実施（gbif_taxon_key欠落・gbif_match_type=NULL）
boninoxya anijimensis,Boninoxya anijimensis,アニジマイナゴ,昆虫類,,情報不足（DD）,,,moe_redlist,GBIFへの照会自体が未実施（gbif_taxon_key欠落・gbif_match_type=NULL）
boninthemis insularis,Boninthemis insularis,シマアカネ,昆虫類,,絶滅危惧II類（VU）,,,moe_redlist,GBIFへの照会自体が未実施（gbif_taxon_key欠落・gbif_match_type=NULL）
bonipogonius fujitai,Bonipogonius fujitai,ヒゲシロアラゲカミキリ,昆虫類,,絶滅危惧IA類（CR）,,,moe_redlist,GBIFへの照会自体が未実施（gbif_taxon_key欠落・gbif_match_type=NULL）
bonnaya tenuifolia,Bonnaya tenuifolia,ヒメクチバシグサ,維管束植物,,情報不足（DD）,,,moe_redlist,GBIFへの照会自体が未実施（gbif_taxon_key欠落・gbif_match_type=NULL）
bonnosukea serrulata,Bonnosukea serrulata,クイシコモチイトゴケ,蘚苔類,,情報不足（DD）,,,moe_redlist,GBIFへの照会自体が未実施（gbif_taxon_key欠落・gbif_match_type=NULL）
bontia bontioides,Bontia bontioides,ハマジンチョウ,維管束植物,,絶滅危惧Ⅱ類（VU）,,,moe_redlist,GBIFへの照会自体が未実施（gbif_taxon_key欠落・gbif_match_type=NULL）
boodleopsis pusilla,Boodleopsis pusilla,モツレチョウチン,藻類,,準絶滅危惧（NT）,,,moe_redlist,GBIFへの照会自体が未実施（gbif_taxon_key欠落・gbif_match_type=NULL）
bornetella nitida,Bornetella nitida,ナガミズタマ,藻類,,準絶滅危惧（NT）,,,moe_redlist,GBIFへの照会自体が未実施（gbif_taxon_key欠落・gbif_match_type=NULL）
bornetella oligospora,Bornetella oligospora,カタミズタマ,藻類,,準絶滅危惧（NT）,,,moe_redlist,GBIFへの照会自体が未実施（gbif_taxon_key欠落・gbif_match_type=NULL）
borniopsis ariakensis,Borniopsis ariakensis,アリアケケボリ,貝類,,絶滅危惧I類（CR+EN）,,,moe_redlist,GBIFへの照会自体が未実施（gbif_taxon_key欠落・gbif_match_type=NULL）
borniopsis sp．,Borniopsis sp．,ヨコヅナケボリ,貝類,,絶滅危惧IA類（CR）,,,moe_redlist,GBIFへの照会自体が未実施（gbif_taxon_key欠落・gbif_match_type=NULL）
borniopsis tsurumaru,Borniopsis tsurumaru,ツルマルケボリガイ,貝類,,絶滅危惧II類（VU）,,,moe_redlist,GBIFへの照会自体が未実施（gbif_taxon_key欠落・gbif_match_type=NULL）
bostrychia flagellifera,Bostrychia flagellifera,フサコケモドキ,藻類,,情報不足（DD）,,,moe_redlist,GBIFへの照会自体が未実施（gbif_taxon_key欠落・gbif_match_type=NULL）
bostrychia simpliciuscula,Bostrychia simpliciuscula,タニコケモドキ,藻類,,準絶滅危惧（NT）,,,moe_redlist,GBIFへの照会自体が未実施（gbif_taxon_key欠落・gbif_match_type=NULL）
bostrychus sinensis,Bostrychus sinensis,ジャノメハゼ,汽水・淡水魚類,,絶滅危惧IB類（EN）,,,moe_redlist,GBIFへの照会自体が未実施（gbif_taxon_key欠落・gbif_match_type=NULL）
bothriochloa bladhii,Bothriochloa bladhii,モンツキガヤ（アイダガヤ、ナンゴクヒメアブラススキ）,植物,,,重点対策外来種,,moe_ias_list,GBIFへの照会自体が未実施（gbif_taxon_key欠落・gbif_match_type=NULL）
botrychium formosanum,Botrychium formosanum,ホウライハナワラビ,維管束植物,,準絶滅危惧（NT）,,,moe_redlist,GBIFへの照会自体が未実施（gbif_taxon_key欠落・gbif_match_type=NULL）
botrychium lanceolatum,Botrychium lanceolatum,ミヤマハナワラビ,維管束植物,,絶滅危惧ⅠＡ類（CR）,,,moe_redlist,GBIFへの照会自体が未実施（gbif_taxon_key欠落・gbif_match_type=NULL）
botrychium lunaria,Botrychium lunaria,ヒメハナワラビ,維管束植物,,絶滅危惧Ⅱ類（VU）,,,moe_redlist,GBIFへの照会自体が未実施（gbif_taxon_key欠落・gbif_match_type=NULL）
botrychium microphyllum,Botrychium microphyllum,イブリハナワラビ,維管束植物,,絶滅危惧ⅠB類（EN）,,,moe_redlist,GBIFへの照会自体が未実施（gbif_taxon_key欠落・gbif_match_type=NULL）
botrychium triangularifolium,Botrychium triangularifolium,ミドリハナワラビ,維管束植物,,絶滅危惧ⅠＡ類（CR）,,,moe_redlist,GBIFへの照会自体が未実施（gbif_taxon_key欠落・gbif_match_type=NULL）
bovista dryina,Bovista dryina,ハマベダンゴタケ,菌類,,情報不足（DD）,,,moe_redlist,GBIFへの照会自体が未実施（gbif_taxon_key欠落・gbif_match_type=NULL）
brabira kasaii,Brabira kasaii,チャホシホソバナミシャク,昆虫類,,絶滅危惧IB類（EN）,,,moe_redlist,GBIFへの照会自体が未実施（gbif_taxon_key欠落・gbif_match_type=NULL）
brachydontium noguchii,Brachydontium noguchii,ノグチゴケ,蘚苔類,,情報不足（DD）,,,moe_redlist,GBIFへの照会自体が未実施（gbif_taxon_key欠落・gbif_match_type=NULL）
brachydontium trichodes,Brachydontium trichodes,キヌシッポゴケモドキ,蘚苔類,,情報不足（DD）,,,moe_redlist,GBIFへの照会自体が未実施（gbif_taxon_key欠落・gbif_match_type=NULL）
brachymna tenuis,Brachymna tenuis,ヒラタトガリカメムシ,昆虫類,,準絶滅危惧（NT）,,,moe_redlist,GBIFへの照会自体が未実施（gbif_taxon_key欠落・gbif_match_type=NULL）
brachyramphus marmoratus perdix,Brachyramphus marmoratus perdix,マダラウミスズメ,鳥類,,情報不足（DD）,,,moe_redlist,GBIFへの照会自体が未実施（gbif_taxon_key欠落・gbif_match_type=NULL）
brachystomia umboniocola,Brachystomia umboniocola,イボキサゴナカセクチキレモドキ,貝類,,絶滅危惧II類（VU）,,,moe_redlist,GBIFへの照会自体が未実施（gbif_taxon_key欠落・gbif_match_type=NULL）
bradybaena circulus hiroshihorii,Bradybaena circulus hiroshihorii,ホリマイマイ,貝類,,準絶滅危惧（NT）,,,moe_redlist,GBIFへの照会自体が未実施（gbif_taxon_key欠落・gbif_match_type=NULL）
bradybaena phaeogramma,Bradybaena phaeogramma,伊豆諸島のタメトモマイマイ,貝類,,絶滅のおそれのある地域個体群（LP）,,,moe_redlist,GBIFへの照会自体が未実施（gbif_taxon_key欠落・gbif_match_type=NULL）
bradybaena phaeogramma iheyaensis,Bradybaena phaeogramma iheyaensis,イヘヤタメトモマイマイ,貝類,,準絶滅危惧（NT）,,,moe_redlist,GBIFへの照会自体が未実施（gbif_taxon_key欠落・gbif_match_type=NULL）
branta bernicla orientalis,Branta bernicla orientalis,コクガン,鳥類,,絶滅危惧II類（VU）,,,moe_redlist,GBIFへの照会自体が未実施（gbif_taxon_key欠落・gbif_match_type=NULL）
branta canadensis leucopareia,Branta canadensis leucopareia,シジュウカラガン,鳥類,,絶滅危惧II類（VU）,,,moe_redlist,GBIFへの照会自体が未実施（gbif_taxon_key欠落・gbif_match_type=NULL）
brassica juncea,Brassica juncea,セイヨウカラシナ（カラシナ）,植物,,,その他の総合対策外来種,,moe_ias_list,GBIFへの照会自体が未実施（gbif_taxon_key欠落・gbif_match_type=NULL）
bredia okinawensis,Bredia okinawensis,コバノミヤマノボタン,維管束植物,,絶滅危惧Ⅱ類（VU）,,,moe_redlist,GBIFへの照会自体が未実施（gbif_taxon_key欠落・gbif_match_type=NULL）
brenthis daphne iwatensis,Brenthis daphne iwatensis,ヒョウモンチョウ北海道・本州北部亜種,昆虫類,,準絶滅危惧（NT）,,,moe_redlist,GBIFへの照会自体が未実施（gbif_taxon_key欠落・gbif_match_type=NULL）
brenthis daphne rabdia,Brenthis daphne rabdia,ヒョウモンチョウ本州中部亜種,昆虫類,,絶滅危惧II類（VU）,,,moe_redlist,GBIFへの照会自体が未実施（gbif_taxon_key欠落・gbif_match_type=NULL）
bresilia gibbosa,Bresilia gibbosa,マンザセキヨウエビ,甲殻類（海洋生物）,,情報不足（DD）,,,moe_redlist,GBIFへの照会自体が未実施（gbif_taxon_key欠落・gbif_match_type=NULL）
bresilia rufioculus,Bresilia rufioculus,メヒカリセキヨウエビ,甲殻類（海洋生物）,,情報不足（DD）,,,moe_redlist,GBIFへの照会自体が未実施（gbif_taxon_key欠落・gbif_match_type=NULL）
breutelia arundinifolia,Breutelia arundinifolia,ウワバミゴケ,蘚苔類,,絶滅危惧ⅠB類（EN）,,,moe_redlist,GBIFへの照会自体が未実施（gbif_taxon_key欠落・gbif_match_type=NULL）
brigantiaea nipponica,Brigantiaea nipponica,オオサビイボゴケ,地衣類,,情報不足（DD）,,,moe_redlist,GBIFへの照会自体が未実施（gbif_taxon_key欠落・gbif_match_type=NULL）
bruchia microspora,Bruchia microspora,ヒトヨシゴケ,蘚苔類,,情報不足（DD）,,,moe_redlist,GBIFへの照会自体が未実施（gbif_taxon_key欠落・gbif_match_type=NULL）
bryanthus gmelinii,Bryanthus gmelinii,チシマツガザクラ,維管束植物,,絶滅危惧Ⅱ類（VU）,,,moe_redlist,GBIFへの照会自体が未実施（gbif_taxon_key欠落・gbif_match_type=NULL）
bryochenea vestitissima,Bryochenea vestitissima,スギバシノブゴケ,蘚苔類,,情報不足（DD）,,,moe_redlist,GBIFへの照会自体が未実施（gbif_taxon_key欠落・gbif_match_type=NULL）
bryonorrisia acutifolia,Bryonorrisia acutifolia,トガリバギボウシゴケ,蘚苔類,,絶滅危惧Ⅱ類（VU）,,,moe_redlist,GBIFへの照会自体が未実施（gbif_taxon_key欠落・gbif_match_type=NULL）
bryophyllum pinnatum,Bryophyllum pinnatum,セイロンベンケイ（トウロウソウ、セイロンベンケイソウ、ハカラメ）,植物,,,重点対策外来種,,moe_ias_list,GBIFへの照会自体が未実施（gbif_taxon_key欠落・gbif_match_type=NULL）
buckia vaucheri,Buckia vaucheri,ハイヒバゴケモドキ,蘚苔類,,情報不足（DD）,,,moe_redlist,GBIFへの照会自体が未実施（gbif_taxon_key欠落・gbif_match_type=NULL）
buddleja davidii,Buddleja davidii,フサフジウツギ（ニシキフジウツギ、チチブフジウツギ、ブッドレア）,植物,,,重点対策外来種,,moe_ias_list,GBIFへの照会自体が未実施（gbif_taxon_key欠落・gbif_match_type=NULL）
bulbophyllum affine,Bulbophyllum affine,クスクスラン,維管束植物,,絶滅危惧ⅠＡ類（CR）,,,moe_redlist,GBIFへの照会自体が未実施（gbif_taxon_key欠落・gbif_match_type=NULL）
bulbophyllum boninense,Bulbophyllum boninense,オガサワラシコウラン,維管束植物,,絶滅危惧Ⅱ類（VU）,,,moe_redlist,GBIFへの照会自体が未実施（gbif_taxon_key欠落・gbif_match_type=NULL）
bulbophyllum drymoglossum,Bulbophyllum drymoglossum,マメヅタラン,維管束植物,,準絶滅危惧（NT）,,,moe_redlist,GBIFへの照会自体が未実施（gbif_taxon_key欠落・gbif_match_type=NULL）
bulbophyllum inconspicuum,Bulbophyllum inconspicuum,ムギラン,維管束植物,,準絶滅危惧（NT）,,,moe_redlist,GBIFへの照会自体が未実施（gbif_taxon_key欠落・gbif_match_type=NULL）
bulbophyllum japonicum,Bulbophyllum japonicum,ミヤマムギラン,維管束植物,,準絶滅危惧（NT）,,,moe_redlist,GBIFへの照会自体が未実施（gbif_taxon_key欠落・gbif_match_type=NULL）
bulbophyllum macraei var. macraei,Bulbophyllum macraei var. macraei,シコウラン,維管束植物,,絶滅危惧ⅠＡ類（CR）,,,moe_redlist,GBIFへの照会自体が未実施（gbif_taxon_key欠落・gbif_match_type=NULL）
bulbophyllum macraei var. tanegashimense,Bulbophyllum macraei var. tanegashimense,タネガシマシコウラン,維管束植物,,絶滅危惧ⅠＡ類（CR）,,,moe_redlist,GBIFへの照会自体が未実施（gbif_taxon_key欠落・gbif_match_type=NULL）
bulbostylis densa var. capitata,Bulbostylis densa var. capitata,イトテンツキ,維管束植物,,準絶滅危惧（NT）,,,moe_redlist,GBIFへの照会自体が未実施（gbif_taxon_key欠落・gbif_match_type=NULL）
bunaka gyrinoides,Bunaka gyrinoides,オウギハゼ,汽水・淡水魚類,,準絶滅危惧（NT）,,,moe_redlist,GBIFへの照会自体が未実施（gbif_taxon_key欠落・gbif_match_type=NULL）
bupleurum ajanense,Bupleurum ajanense,レブンサイコ,維管束植物,,絶滅危惧ⅠB類（EN）,,,moe_redlist,GBIFへの照会自体が未実施（gbif_taxon_key欠落・gbif_match_type=NULL）
bupleurum quadriradiatum,Bupleurum quadriradiatum,フジワラサイコ,維管束植物,,絶滅危惧ⅠＡ類（CR）,,,moe_redlist,GBIFへの照会自体が未実施（gbif_taxon_key欠落・gbif_match_type=NULL）
bupleurum stenophyllum var. stenophyllum,Bupleurum stenophyllum var. stenophyllum,ミシマサイコ,維管束植物,,絶滅危惧Ⅱ類（VU）,,,moe_redlist,GBIFへの照会自体が未実施（gbif_taxon_key欠落・gbif_match_type=NULL）
burmannia nepalensis,Burmannia nepalensis,キリシマシャクジョウ,維管束植物,,絶滅危惧Ⅱ類（VU）,,,moe_redlist,GBIFへの照会自体が未実施（gbif_taxon_key欠落・gbif_match_type=NULL）
buteo buteo toyoshimai,Buteo buteo toyoshimai,オガサワラノスリ,鳥類,,絶滅危惧IB類（EN）,,,moe_redlist,GBIFへの照会自体が未実施（gbif_taxon_key欠落・gbif_match_type=NULL）
butis amboinensis,Butis amboinensis,ヤエヤマノコギリハゼ,汽水・淡水魚類,,絶滅危惧IA類（CR）,,,moe_redlist,GBIFへの照会自体が未実施（gbif_taxon_key欠落・gbif_match_type=NULL）
buxus liukiuensis,Buxus liukiuensis,オキナワツゲ,維管束植物,,絶滅危惧Ⅱ類（VU）,,,moe_redlist,GBIFへの照会自体が未実施（gbif_taxon_key欠落・gbif_match_type=NULL）
buxus microphylla subsp. sinica,Buxus microphylla subsp. sinica,タイワンアサマツゲ,維管束植物,,絶滅危惧ⅠＡ類（CR）,,,moe_redlist,GBIFへの照会自体が未実施（gbif_taxon_key欠落・gbif_match_type=NULL）
buxus microphylla var. insularis,Buxus microphylla var. insularis,チョウセンヒメツゲ,維管束植物,,準絶滅危惧（NT）,,,moe_redlist,GBIFへの照会自体が未実施（gbif_taxon_key欠落・gbif_match_type=NULL）
byssobornia adamsi,Byssobornia adamsi,セワケガイ,貝類,,絶滅危惧II類（VU）,,,moe_redlist,GBIFへの照会自体が未実施（gbif_taxon_key欠落・gbif_match_type=NULL）
byssoloma annuum,Byssoloma annuum,ウスチャワタヘリゴケ,地衣類,,情報不足（DD）,,,moe_redlist,GBIFへの照会自体が未実施（gbif_taxon_key欠落・gbif_match_type=NULL）
cabomba caroliniana,Cabomba caroliniana,ハゴロモモ（フサジュンサイ、カモンバ）,植物,,,重点対策外来種,,moe_ias_list,GBIFへの照会自体が未実施（gbif_taxon_key欠落・gbif_match_type=NULL）
cacopsylla boninofatsiae,Cacopsylla boninofatsiae,ムニンヤツデキジラミ,昆虫類,,絶滅危惧II類（VU）,,,moe_redlist,GBIFへの照会自体が未実施（gbif_taxon_key欠落・gbif_match_type=NULL）
cacopsylla maculipennis,Cacopsylla maculipennis,チャマダラキジラミ,昆虫類,,絶滅危惧II類（VU）,,,moe_redlist,GBIFへの照会自体が未実施（gbif_taxon_key欠落・gbif_match_type=NULL）
cadakia punctata,Cadakia punctata,クチベニツキガイ,貝類,,絶滅危惧II類（VU）,,,moe_redlist,GBIFへの照会自体が未実施（gbif_taxon_key欠落・gbif_match_type=NULL）
cadella crebrimaculata,Cadella crebrimaculata,ホシヤマナミノコザラ,貝類,,絶滅危惧II類（VU）,,,moe_redlist,GBIFへの照会自体が未実施（gbif_taxon_key欠落・gbif_match_type=NULL）
cadella sp.,Cadella sp.,リュウキュウクサビザラ,貝類,,絶滅危惧II類（VU）,,,moe_redlist,GBIFへの照会自体が未実施（gbif_taxon_key欠落・gbif_match_type=NULL）
caenosclerogibba japonica,Caenosclerogibba japonica,シロアリモドキヤドリバチ,昆虫類,,情報不足（DD）,,,moe_redlist,GBIFへの照会自体が未実施（gbif_taxon_key欠落・gbif_match_type=NULL）
cajanus scarabaeoides,Cajanus scarabaeoides,ビロードヒメクズ,維管束植物,,絶滅危惧Ⅱ類（VU）,,,moe_redlist,GBIFへの照会自体が未実施（gbif_taxon_key欠落・gbif_match_type=NULL）
cakile edentula,Cakile edentula,オニハマダイコン,植物,,,その他の総合対策外来種,,moe_ias_list,GBIFへの照会自体が未実施（gbif_taxon_key欠落・gbif_match_type=NULL）
calamagrostis autumnalis subsp. autumnalis,Calamagrostis autumnalis subsp. autumnalis,キリシマノガリヤス,維管束植物,,絶滅危惧ⅠＡ類（CR）,,,moe_redlist,GBIFへの照会自体が未実施（gbif_taxon_key欠落・gbif_match_type=NULL）
calamagrostis masamunei,Calamagrostis masamunei,ヤクシマノガリヤス,維管束植物,,絶滅危惧Ⅱ類（VU）,,,moe_redlist,GBIFへの照会自体が未実施（gbif_taxon_key欠落・gbif_match_type=NULL）
calamagrostis nana subsp. hayachinensis,Calamagrostis nana subsp. hayachinensis,ザラツキヒナガリヤス,維管束植物,,絶滅危惧Ⅱ類（VU）,,,moe_redlist,GBIFへの照会自体が未実施（gbif_taxon_key欠落・gbif_match_type=NULL）
calamagrostis nana subsp. ohminensis,Calamagrostis nana subsp. ohminensis,オオミネヒナノガリヤス,維管束植物,,情報不足（DD）,,,moe_redlist,GBIFへの照会自体が未実施（gbif_taxon_key欠落・gbif_match_type=NULL）
calamagrostis onibitoana,Calamagrostis onibitoana,オニビトノガリヤス,維管束植物,,絶滅危惧ⅠB類（EN）,,,moe_redlist,GBIFへの照会自体が未実施（gbif_taxon_key欠落・gbif_match_type=NULL）
calamagrostis purpurea subsp. amurensis,Calamagrostis purpurea subsp. amurensis,アムールイワノガリヤス,維管束植物,,絶滅危惧ⅠB類（EN）,,,moe_redlist,GBIFへの照会自体が未実施（gbif_taxon_key欠落・gbif_match_type=NULL）
calamagrostis tashiroi subsp. tashiroi,Calamagrostis tashiroi subsp. tashiroi,タシロノガリヤス,維管束植物,,絶滅危惧ⅠB類（EN）,,,moe_redlist,GBIFへの照会自体が未実施（gbif_taxon_key欠落・gbif_match_type=NULL）
calamus sp.,Calamus sp.,トウ属の一種（カラムス）,植物,,,その他の総合対策外来種,,moe_ias_list,GBIFへの照会自体が未実施（gbif_taxon_key欠落・gbif_match_type=NULL）
calanthe alismifolia,Calanthe alismifolia,ダルマエビネ,維管束植物,,絶滅危惧Ⅱ類（VU）,,,moe_redlist,GBIFへの照会自体が未実施（gbif_taxon_key欠落・gbif_match_type=NULL）
calanthe alpina,Calanthe alpina,キソエビネ,維管束植物,,絶滅危惧ⅠＡ類（CR）,,,moe_redlist,GBIFへの照会自体が未実施（gbif_taxon_key欠落・gbif_match_type=NULL）
calanthe amamiana,Calanthe amamiana,アマミエビネ,維管束植物,,絶滅危惧ⅠＡ類（CR）,,,moe_redlist,GBIFへの照会自体が未実施（gbif_taxon_key欠落・gbif_match_type=NULL）
calanthe aristulifera,Calanthe aristulifera,キリシマエビネ,維管束植物,,絶滅危惧ⅠB類（EN）,,,moe_redlist,GBIFへの照会自体が未実施（gbif_taxon_key欠落・gbif_match_type=NULL）
calanthe davidii var. bungoana,Calanthe davidii var. bungoana,タガネラン,維管束植物,,絶滅危惧ⅠＡ類（CR）,,,moe_redlist,GBIFへの照会自体が未実施（gbif_taxon_key欠落・gbif_match_type=NULL）
calanthe densiflora,Calanthe densiflora,タマザキエビネ,維管束植物,,絶滅危惧ⅠＡ類（CR）,,,moe_redlist,GBIFへの照会自体が未実施（gbif_taxon_key欠落・gbif_match_type=NULL）
calanthe discolor var. discolor,Calanthe discolor var. discolor,エビネ,維管束植物,,準絶滅危惧（NT）,,,moe_redlist,GBIFへの照会自体が未実施（gbif_taxon_key欠落・gbif_match_type=NULL）
calanthe formosana,Calanthe formosana,タイワンエビネ,維管束植物,,絶滅危惧ⅠB類（EN）,,,moe_redlist,GBIFへの照会自体が未実施（gbif_taxon_key欠落・gbif_match_type=NULL）
calanthe hattorii,Calanthe hattorii,アサヒエビネ,維管束植物,,絶滅危惧Ⅱ類（VU）,,,moe_redlist,GBIFへの照会自体が未実施（gbif_taxon_key欠落・gbif_match_type=NULL）
calanthe hoshii,Calanthe hoshii,ホシツルラン,維管束植物,,絶滅危惧ⅠＡ類（CR）,,,moe_redlist,GBIFへの照会自体が未実施（gbif_taxon_key欠落・gbif_match_type=NULL）
calanthe izuinsularis,Calanthe izuinsularis,オオキリシマエビネ,維管束植物,,絶滅危惧ⅠB類（EN）,,,moe_redlist,GBIFへの照会自体が未実施（gbif_taxon_key欠落・gbif_match_type=NULL）
calanthe lyroglossa,Calanthe lyroglossa,レンギョウエビネ,維管束植物,,絶滅危惧Ⅱ類（VU）,,,moe_redlist,GBIFへの照会自体が未実施（gbif_taxon_key欠落・gbif_match_type=NULL）
calanthe mannii,Calanthe mannii,サクラジマエビネ,維管束植物,,絶滅危惧ⅠＡ類（CR）,,,moe_redlist,GBIFへの照会自体が未実施（gbif_taxon_key欠落・gbif_match_type=NULL）
calanthe masuca,Calanthe masuca,オナガエビネ,維管束植物,,絶滅危惧Ⅱ類（VU）,,,moe_redlist,GBIFへの照会自体が未実施（gbif_taxon_key欠落・gbif_match_type=NULL）
calanthe nipponica,Calanthe nipponica,キンセイラン,維管束植物,,絶滅危惧Ⅱ類（VU）,,,moe_redlist,GBIFへの照会自体が未実施（gbif_taxon_key欠落・gbif_match_type=NULL）
calanthe puberula var. okushirensis,Calanthe puberula var. okushirensis,オクシリエビネ,維管束植物,,情報不足（DD）,,,moe_redlist,GBIFへの照会自体が未実施（gbif_taxon_key欠落・gbif_match_type=NULL）
calanthe puberula var. puberula,Calanthe puberula var. puberula,ナツエビネ,維管束植物,,絶滅危惧Ⅱ類（VU）,,,moe_redlist,GBIFへの照会自体が未実施（gbif_taxon_key欠落・gbif_match_type=NULL）
calanthe sieboldii,Calanthe sieboldii,キエビネ,維管束植物,,絶滅危惧Ⅱ類（VU）,,,moe_redlist,GBIFへの照会自体が未実施（gbif_taxon_key欠落・gbif_match_type=NULL）
calanthe tokunoshimensis,Calanthe tokunoshimensis,トクノシマエビネ,維管束植物,,絶滅危惧ⅠB類（EN）,,,moe_redlist,GBIFへの照会自体が未実施（gbif_taxon_key欠落・gbif_match_type=NULL）
calanthe tricarinata,Calanthe tricarinata,サルメンエビネ,維管束植物,,絶滅危惧Ⅱ類（VU）,,,moe_redlist,GBIFへの照会自体が未実施（gbif_taxon_key欠落・gbif_match_type=NULL）
calanthe triplicata,Calanthe triplicata,ツルラン,維管束植物,,絶滅危惧Ⅱ類（VU）,,,moe_redlist,GBIFへの照会自体が未実施（gbif_taxon_key欠落・gbif_match_type=NULL）
calappa clypeata,Calappa clypeata,ヒメカラッパ,甲殻類（海洋生物）,,情報不足（DD）,,,moe_redlist,GBIFへの照会自体が未実施（gbif_taxon_key欠落・gbif_match_type=NULL）
calappa quadrimaculata,Calappa quadrimaculata,ヨツモンカラッパ,甲殻類（海洋生物）,,情報不足（DD）,,,moe_redlist,GBIFへの照会自体が未実施（gbif_taxon_key欠落・gbif_match_type=NULL）
caldesia parnassiifolia,Caldesia parnassiifolia,マルバオモダカ,維管束植物,,絶滅危惧Ⅱ類（VU）,,,moe_redlist,GBIFへの照会自体が未実施（gbif_taxon_key欠落・gbif_match_type=NULL）
calicium muriformis,Calicium muriformis,イシガキピンゴケ,地衣類,,情報不足（DD）,,,moe_redlist,GBIFへの照会自体が未実施（gbif_taxon_key欠落・gbif_match_type=NULL）
calla palustris,Calla palustris,ヒメカイウ,維管束植物,,準絶滅危惧（NT）,,,moe_redlist,GBIFへの照会自体が未実施（gbif_taxon_key欠落・gbif_match_type=NULL）
callianthemum hondoense,Callianthemum hondoense,キタダケソウ,維管束植物,,絶滅危惧Ⅱ類（VU）,,,moe_redlist,GBIFへの照会自体が未実施（gbif_taxon_key欠落・gbif_match_type=NULL）
callianthemum kirigishiense,Callianthemum kirigishiense,キリギシソウ,維管束植物,,絶滅危惧ⅠＡ類（CR）,,,moe_redlist,GBIFへの照会自体が未実施（gbif_taxon_key欠落・gbif_match_type=NULL）
callianthemum miyabeanum,Callianthemum miyabeanum,ヒダカソウ,維管束植物,,絶滅危惧ⅠＡ類（CR）,,,moe_redlist,GBIFへの照会自体が未実施（gbif_taxon_key欠落・gbif_match_type=NULL）
callicarpa formosana,Callicarpa formosana,ホウライムラサキ,維管束植物,,絶滅危惧ⅠＡ類（CR）,,,moe_redlist,GBIFへの照会自体が未実施（gbif_taxon_key欠落・gbif_match_type=NULL）
callicarpa glabra,Callicarpa glabra,シマムラサキ,維管束植物,,絶滅危惧ⅠＡ類（CR）,,,moe_redlist,GBIFへの照会自体が未実施（gbif_taxon_key欠落・gbif_match_type=NULL）
callicarpa kochiana,Callicarpa kochiana,ビロードムラサキ,維管束植物,,絶滅危惧Ⅱ類（VU）,,,moe_redlist,GBIFへの照会自体が未実施（gbif_taxon_key欠落・gbif_match_type=NULL）
callicarpa longissima,Callicarpa longissima,タカクマムラサキ,維管束植物,,絶滅危惧ⅠB類（EN）,,,moe_redlist,GBIFへの照会自体が未実施（gbif_taxon_key欠落・gbif_match_type=NULL）
callicarpa oshimensis var. okinawensis,Callicarpa oshimensis var. okinawensis,オキナワヤブムラサキ,維管束植物,,絶滅危惧Ⅱ類（VU）,,,moe_redlist,GBIFへの照会自体が未実施（gbif_taxon_key欠落・gbif_match_type=NULL）
callicarpa parvifolia,Callicarpa parvifolia,ウラジロコムラサキ,維管束植物,,絶滅危惧ⅠB類（EN）,,,moe_redlist,GBIFへの照会自体が未実施（gbif_taxon_key欠落・gbif_match_type=NULL）
callicarpa pilosissima,Callicarpa pilosissima,ホソバムラサキ,維管束植物,,絶滅危惧ⅠＡ類（CR）,,,moe_redlist,GBIFへの照会自体が未実施（gbif_taxon_key欠落・gbif_match_type=NULL）
callicarpa shikokiana,Callicarpa shikokiana,トサムラサキ,維管束植物,,絶滅危惧Ⅱ類（VU）,,,moe_redlist,GBIFへの照会自体が未実施（gbif_taxon_key欠落・gbif_match_type=NULL）
callicostella papillata,Callicostella papillata,サオヒメゴケ,蘚苔類,,絶滅危惧Ⅱ類（VU）,,,moe_redlist,GBIFへの照会自体が未実施（gbif_taxon_key欠落・gbif_match_type=NULL）
callista erycina,Callista erycina,フジイロハマグリ,貝類,,準絶滅危惧（NT）,,,moe_redlist,GBIFへの照会自体が未実施（gbif_taxon_key欠落・gbif_match_type=NULL）
callistopteris apiifolia,Callistopteris apiifolia,キクモバホラゴケ,維管束植物,,絶滅危惧ⅠＡ類（CR）,,,moe_redlist,GBIFへの照会自体が未実施（gbif_taxon_key欠落・gbif_match_type=NULL）
calliteara virginea,Calliteara virginea,ウスジロドクガ,昆虫類,,準絶滅危惧（NT）,,,moe_redlist,GBIFへの照会自体が未実施（gbif_taxon_key欠落・gbif_match_type=NULL）
callitriche hermaphroditica,Callitriche hermaphroditica,チシマミズハコベ,維管束植物,,絶滅危惧Ⅱ類（VU）,,,moe_redlist,GBIFへの照会自体が未実施（gbif_taxon_key欠落・gbif_match_type=NULL）
callitriche stagnalis,Callitriche stagnalis,イケノミズハコベ,植物,,,重点対策外来種,,moe_ias_list,GBIFへの照会自体が未実施（gbif_taxon_key欠落・gbif_match_type=NULL）
callogobius sp.,Callogobius sp.,ミスジハゼ,汽水・淡水魚類,,絶滅危惧IA類（CR）,,,moe_redlist,GBIFへの照会自体が未実施（gbif_taxon_key欠落・gbif_match_type=NULL）
callopistria ogasawaraensis,Callopistria ogasawaraensis,ムニンツマキリヨトウ,昆虫類,,準絶滅危惧（NT）,,,moe_redlist,GBIFへの照会自体が未実施（gbif_taxon_key欠落・gbif_match_type=NULL）
callytron inspecularis,Callytron inspecularis,ヨドシロヘリハンミョウ,昆虫類,,絶滅危惧II類（VU）,,,moe_redlist,GBIFへの照会自体が未実施（gbif_taxon_key欠落・gbif_match_type=NULL）
callytron yuasai okinawensis,Callytron yuasai okinawensis,オキナワシロヘリハンミョウ,昆虫類,,準絶滅危惧（NT）,,,moe_redlist,GBIFへの照会自体が未実施（gbif_taxon_key欠落・gbif_match_type=NULL）
callytron yuasai yuasai,Callytron yuasai yuasai,シロヘリハンミョウ,昆虫類,,準絶滅危惧（NT）,,,moe_redlist,GBIFへの照会自体が未実施（gbif_taxon_key欠落・gbif_match_type=NULL）
caloglossa adhaerens,Caloglossa adhaerens,ヒロハアヤギヌ,藻類,,準絶滅危惧（NT）,,,moe_redlist,GBIFへの照会自体が未実施（gbif_taxon_key欠落・gbif_match_type=NULL）
caloglossa continua,Caloglossa continua,アヤギヌ,藻類,,準絶滅危惧（NT）,,,moe_redlist,GBIFへの照会自体が未実施（gbif_taxon_key欠落・gbif_match_type=NULL）
caloglossa leprieurii,Caloglossa leprieurii,セイヨウアヤギヌ,藻類,,準絶滅危惧（NT）,,,moe_redlist,GBIFへの照会自体が未実施（gbif_taxon_key欠落・gbif_match_type=NULL）
caloglossa ogasawaraensis,Caloglossa ogasawaraensis,ホソアヤギヌ,藻類,,準絶滅危惧（NT）,,,moe_redlist,GBIFへの照会自体が未実施（gbif_taxon_key欠落・gbif_match_type=NULL）
calommata signata,Calommata signata,ワスレナグモ,その他無脊椎動物,,準絶滅危惧（NT）,,,moe_redlist,GBIFへの照会自体が未実施（gbif_taxon_key欠落・gbif_match_type=NULL）
calopteryx japonica,Calopteryx japonica,アオハダトンボ,昆虫類,,準絶滅危惧（NT）,,,moe_redlist,GBIFへの照会自体が未実施（gbif_taxon_key欠落・gbif_match_type=NULL）
calymperes boninense,Calymperes boninense,オガサワラカタシロゴケ,蘚苔類,,絶滅危惧Ⅱ類（VU）,,,moe_redlist,GBIFへの照会自体が未実施（gbif_taxon_key欠落・gbif_match_type=NULL）
calypso bulbosa var. bulbosa,Calypso bulbosa var. bulbosa,ヒメホテイラン,維管束植物,,絶滅危惧Ⅱ類（VU）,,,moe_redlist,GBIFへの照会自体が未実施（gbif_taxon_key欠落・gbif_match_type=NULL）
calypso bulbosa var. speciosa,Calypso bulbosa var. speciosa,ホテイラン,維管束植物,,絶滅危惧ⅠB類（EN）,,,moe_redlist,GBIFへの照会自体が未実施（gbif_taxon_key欠落・gbif_match_type=NULL）
calyptothecium philippinense,Calyptothecium philippinense,ミミヒラゴケ,蘚苔類,,絶滅危惧ⅠB類（EN）,,,moe_redlist,GBIFへの照会自体が未実施（gbif_taxon_key欠落・gbif_match_type=NULL）
cambaroides japonicus,Cambaroides japonicus,ニホンザリガニ,その他無脊椎動物,,絶滅危惧II類（VU）,,,moe_redlist,GBIFへの照会自体が未実施（gbif_taxon_key欠落・gbif_match_type=NULL）
campanula glomerata subsp. speciosa,Campanula glomerata subsp. speciosa,ヤツシロソウ,維管束植物,,絶滅危惧ⅠB類（EN）,,,moe_redlist,GBIFへの照会自体が未実施（gbif_taxon_key欠落・gbif_match_type=NULL）
camponotus amamianus,Camponotus amamianus,ツヤミカドオオアリ,昆虫類,,情報不足（DD）,,,moe_redlist,GBIFへの照会自体が未実施（gbif_taxon_key欠落・gbif_match_type=NULL）
camponotus nipponensis,Camponotus nipponensis,ケブカツヤオオアリ,昆虫類,,情報不足（DD）,,,moe_redlist,GBIFへの照会自体が未実施（gbif_taxon_key欠落・gbif_match_type=NULL）
campsosternus nobuoi,Campsosternus nobuoi,ノブオオオアオコメツキ,昆虫類,,準絶滅危惧（NT）,,,moe_redlist,GBIFへの照会自体が未実施（gbif_taxon_key欠落・gbif_match_type=NULL）
camptandriumsexdentatum,Camptandriumsexdentatum,ムツハアリアケガニ,甲殻類（海洋生物）,,準絶滅危惧（NT）,,,moe_redlist,GBIFへの照会自体が未実施（gbif_taxon_key欠落・gbif_match_type=NULL）
camptoceras hirasei,Camptoceras hirasei,カワネジガイ,貝類,,絶滅危惧IA類（CR）,,,moe_redlist,GBIFへの照会自体が未実施（gbif_taxon_key欠落・gbif_match_type=NULL）
campylopodium medium,Campylopodium medium,ヘビゴケ,蘚苔類,,絶滅危惧ⅠB類（EN）,,,moe_redlist,GBIFへの照会自体が未実施（gbif_taxon_key欠落・gbif_match_type=NULL）
campylopus fragilis,Campylopus fragilis,マユハケゴケ,蘚苔類,,情報不足（DD）,,,moe_redlist,GBIFへの照会自体が未実施（gbif_taxon_key欠落・gbif_match_type=NULL）
campylopus gracilis,Campylopus gracilis,ヒロスジツリバリゴケ,蘚苔類,,情報不足（DD）,,,moe_redlist,GBIFへの照会自体が未実施（gbif_taxon_key欠落・gbif_match_type=NULL）
campylostelium brachycarpum,Campylostelium brachycarpum,ヤマトハクチョウゴケ,蘚苔類,,準絶滅危惧（NT）,,,moe_redlist,GBIFへの照会自体が未実施（gbif_taxon_key欠落・gbif_match_type=NULL）
candidiopotamon kumejimense,Candidiopotamon kumejimense,クメジマミナミサワガニ,その他無脊椎動物,,絶滅危惧II類（VU）,,,moe_redlist,GBIFへの照会自体が未実施（gbif_taxon_key欠落・gbif_match_type=NULL）
candidiopotamon okinawense,Candidiopotamon okinawense,オキナワミナミサワガニ,その他無脊椎動物,,準絶滅危惧（NT）,,,moe_redlist,GBIFへの照会自体が未実施（gbif_taxon_key欠落・gbif_match_type=NULL）
candidiopotamon tokashikense,Candidiopotamon tokashikense,トカシキミナミサワガニ,その他無脊椎動物,,絶滅危惧II類（VU）,,,moe_redlist,GBIFへの照会自体が未実施（gbif_taxon_key欠落・gbif_match_type=NULL）
cantharus cecillei,Cantharus cecillei,オガイ,貝類,,絶滅危惧IB類（EN）,,,moe_redlist,GBIFへの照会自体が未実施（gbif_taxon_key欠落・gbif_match_type=NULL）
canthophorus niveimarginatus,Canthophorus niveimarginatus,シロヘリツチカメムシ,昆虫類,,準絶滅危惧（NT）,,,moe_redlist,GBIFへの照会自体が未実施（gbif_taxon_key欠落・gbif_match_type=NULL）
canthydrus politus,Canthydrus politus,ムツボシツヤコツブゲンゴロウ,昆虫類,,絶滅危惧II類（VU）,,,moe_redlist,GBIFへの照会自体が未実施（gbif_taxon_key欠落・gbif_match_type=NULL）
capricornis crispus,Capricornis crispus,九州地方のカモシカ,哺乳類,,絶滅のおそれのある地域個体群（LP）,,,moe_redlist,GBIFへの照会自体が未実施（gbif_taxon_key欠落・gbif_match_type=NULL）
capsula aerata,Capsula aerata,ガマヨトウ,昆虫類,,絶滅危惧II類（VU）,,,moe_redlist,GBIFへの照会自体が未実施（gbif_taxon_key欠落・gbif_match_type=NULL）
capsula sparganii,Capsula sparganii,キスジウスキヨトウ,昆虫類,,絶滅危惧II類（VU）,,,moe_redlist,GBIFへの照会自体が未実施（gbif_taxon_key欠落・gbif_match_type=NULL）
carabus arboreus ohminensis,Carabus arboreus ohminensis,コクロナガオサムシ大峰山脈亜種,昆虫類,,準絶滅危惧（NT）,,,moe_redlist,GBIFへの照会自体が未実施（gbif_taxon_key欠落・gbif_match_type=NULL）
carabus granulatus telluris,Carabus granulatus telluris,アカガネオサムシ本州亜種,昆虫類,,絶滅危惧II類（VU）,,,moe_redlist,GBIFへの照会自体が未実施（gbif_taxon_key欠落・gbif_match_type=NULL）
carabus kolbei hanatanii,Carabus kolbei hanatanii,アイヌキンオサムシ利尻島亜種,昆虫類,,絶滅危惧IB類（EN）,,,moe_redlist,GBIFへの照会自体が未実施（gbif_taxon_key欠落・gbif_match_type=NULL）
carabus maacki aquatilis,Carabus maacki aquatilis,マークオサムシ本州亜種,昆虫類,,絶滅危惧II類（VU）,,,moe_redlist,GBIFへの照会自体が未実施（gbif_taxon_key欠落・gbif_match_type=NULL）
carabus macleayi amanoi,Carabus macleayi amanoi,マックレイセアカオサムシ利尻島亜種,昆虫類,,絶滅危惧II類（VU）,,,moe_redlist,GBIFへの照会自体が未実施（gbif_taxon_key欠落・gbif_match_type=NULL）
carabus maeander nobukii,Carabus maeander nobukii,セスジアカガネオサムシ大雪山パルサ湿原亜種,昆虫類,,絶滅危惧II類（VU）,,,moe_redlist,GBIFへの照会自体が未実施（gbif_taxon_key欠落・gbif_match_type=NULL）
carabus maiyasanus ohkawai,Carabus maiyasanus ohkawai,マヤサンオサムシ鵜方亜種,昆虫類,,絶滅危惧II類（VU）,,,moe_redlist,GBIFへの照会自体が未実施（gbif_taxon_key欠落・gbif_match_type=NULL）
carabus porrecticollis pacificus,Carabus porrecticollis pacificus,アキタクロナガオサムシ富士亜種,昆虫類,,絶滅危惧II類（VU）,,,moe_redlist,GBIFへの照会自体が未実施（gbif_taxon_key欠落・gbif_match_type=NULL）
carabus tuberculosus,Carabus tuberculosus,セアカオサムシ,昆虫類,,準絶滅危惧（NT）,,,moe_redlist,GBIFへの照会自体が未実施（gbif_taxon_key欠落・gbif_match_type=NULL）
carabus uenoi,Carabus uenoi,ドウキョウオサムシ,昆虫類,,絶滅危惧II類（VU）,,,moe_redlist,GBIFへの照会自体が未実施（gbif_taxon_key欠落・gbif_match_type=NULL）
caracanthus unipinna,Caracanthus unipinna,ワタゲダンゴオコゼ,魚類（海洋生物）,,準絶滅危惧（NT）,,,moe_redlist,GBIFへの照会自体が未実施（gbif_taxon_key欠落・gbif_match_type=NULL）
caracanthusmaculatus,Caracanthusmaculatus,ダンゴオコゼ,魚類（海洋生物）,,準絶滅危惧（NT）,,,moe_redlist,GBIFへの照会自体が未実施（gbif_taxon_key欠落・gbif_match_type=NULL）
caragobius urolepis,Caragobius urolepis,アサガラハゼ,汽水・淡水魚類,,絶滅危惧II類（VU）,,,moe_redlist,GBIFへの照会自体が未実施（gbif_taxon_key欠落・gbif_match_type=NULL）
carangoides armatus,Carangoides armatus,ヨロイアジ,魚類（海洋生物）,,情報不足（DD）,,,moe_redlist,GBIFへの照会自体が未実施（gbif_taxon_key欠落・gbif_match_type=NULL）
carassius buergeri grandoculis,Carassius buergeri grandoculis,ニゴロブナ,汽水・淡水魚類,,絶滅危惧IB類（EN）,,,moe_redlist,GBIFへの照会自体が未実施（gbif_taxon_key欠落・gbif_match_type=NULL）
carassius buergeri subsp. 1,Carassius buergeri subsp. 1,ナガブナ,汽水・淡水魚類,,情報不足（DD）,,,moe_redlist,GBIFへの照会自体が未実施（gbif_taxon_key欠落・gbif_match_type=NULL）
carassius buergeri subsp. 2,Carassius buergeri subsp. 2,キンブナ,汽水・淡水魚類,,絶滅危惧II類（VU）,,,moe_redlist,GBIFへの照会自体が未実施（gbif_taxon_key欠落・gbif_match_type=NULL）
carassius cuvieri,Carassius cuvieri,ゲンゴロウブナ,汽水・淡水魚類,,絶滅危惧IB類（EN）,,,moe_redlist,GBIFへの照会自体が未実施（gbif_taxon_key欠落・gbif_match_type=NULL）
carbacanthographis iriomotensis,Carbacanthographis iriomotensis,イリオモテシロコナモジゴケ,地衣類,,情報不足（DD）,,,moe_redlist,GBIFへの照会自体が未実施（gbif_taxon_key欠落・gbif_match_type=NULL）
carbacanthographis marcescens,Carbacanthographis marcescens,ウチグロシロコナモジゴケ,地衣類,,情報不足（DD）,,,moe_redlist,GBIFへの照会自体が未実施（gbif_taxon_key欠落・gbif_match_type=NULL）
carcharhinus albimarginatus,Carcharhinus albimarginatus,ツマジロ,魚類（海洋生物）,,情報不足（DD）,,,moe_redlist,GBIFへの照会自体が未実施（gbif_taxon_key欠落・gbif_match_type=NULL）
carcharhinus brachyurus,Carcharhinus brachyurus,クロヘリメジロザメ,魚類（海洋生物）,,情報不足（DD）,,,moe_redlist,GBIFへの照会自体が未実施（gbif_taxon_key欠落・gbif_match_type=NULL）
carcharhinus brevipinna,Carcharhinus brevipinna,ハナザメ,魚類（海洋生物）,,情報不足（DD）,,,moe_redlist,GBIFへの照会自体が未実施（gbif_taxon_key欠落・gbif_match_type=NULL）
carcharhinus galapagensis,Carcharhinus galapagensis,ガラパゴスザメ,魚類（海洋生物）,,情報不足（DD）,,,moe_redlist,GBIFへの照会自体が未実施（gbif_taxon_key欠落・gbif_match_type=NULL）
carcharhinus obscurus,Carcharhinus obscurus,ドタブカ,魚類（海洋生物）,,情報不足（DD）,,,moe_redlist,GBIFへの照会自体が未実施（gbif_taxon_key欠落・gbif_match_type=NULL）
carcharhinus plumbeus,Carcharhinus plumbeus,メジロザメ（ヤジブカ）,魚類（海洋生物）,,情報不足（DD）,,,moe_redlist,GBIFへの照会自体が未実施（gbif_taxon_key欠落・gbif_match_type=NULL）
carcinus aestuarii,Carcinus aestuarii,チチュウカイミドリガニ,その他の無脊椎動物,,,その他の総合対策外来種,,moe_ias_list,GBIFへの照会自体が未実施（gbif_taxon_key欠落・gbif_match_type=NULL）
cardamine arakiana,Cardamine arakiana,オオマルバコンロンソウ,維管束植物,,絶滅危惧ⅠB類（EN）,,,moe_redlist,GBIFへの照会自体が未実施（gbif_taxon_key欠落・gbif_match_type=NULL）
cardamine kiusiana,Cardamine kiusiana,タカチホガラシ,維管束植物,,絶滅危惧ⅠB類（EN）,,,moe_redlist,GBIFへの照会自体が未実施（gbif_taxon_key欠落・gbif_match_type=NULL）
cardamine kokaiensis,Cardamine kokaiensis,コカイタネツケバナ,維管束植物,,準絶滅危惧（NT）,,,moe_redlist,GBIFへの照会自体が未実施（gbif_taxon_key欠落・gbif_match_type=NULL）
cardamine pratensis,Cardamine pratensis,ハナタネツケバナ,維管束植物,,絶滅危惧ⅠB類（EN）,,,moe_redlist,GBIFへの照会自体が未実施（gbif_taxon_key欠落・gbif_match_type=NULL）
cardamine schinziana,Cardamine schinziana,エゾノジャニンジン,維管束植物,,絶滅危惧ⅠB類（EN）,,,moe_redlist,GBIFへの照会自体が未実施（gbif_taxon_key欠落・gbif_match_type=NULL）
cardamine trifida,Cardamine trifida,ミヤウチソウ,維管束植物,,絶滅危惧ⅠB類（EN）,,,moe_redlist,GBIFへの照会自体が未実施（gbif_taxon_key欠落・gbif_match_type=NULL）
cardiandra amamiohsimensis,Cardiandra amamiohsimensis,アマミクサアジサイ,維管束植物,,絶滅危惧ⅠB類（EN）,,,moe_redlist,GBIFへの照会自体が未実施（gbif_taxon_key欠落・gbif_match_type=NULL）
cardiandra moellendorffii,Cardiandra moellendorffii,オオクサアジサイ,維管束植物,,絶滅危惧Ⅱ類（VU）,,,moe_redlist,GBIFへの照会自体が未実施（gbif_taxon_key欠落・gbif_match_type=NULL）
cardiodectes shini,Cardiodectes shini,シンノカンザシ,甲殻類（海洋生物）,,情報不足（DD）,,,moe_redlist,GBIFへの照会自体が未実施（gbif_taxon_key欠落・gbif_match_type=NULL）
cardiospermum halicacabum var. microcarpum,Cardiospermum halicacabum var. microcarpum,コフウセンカズラ,植物,,,その他の総合対策外来種,,moe_ias_list,GBIFへの照会自体が未実施（gbif_taxon_key欠落・gbif_match_type=NULL）
cardisoma rotundum,Cardisoma rotundum,ヘリトリオカガニ,その他無脊椎動物,,準絶滅危惧（NT）,,,moe_redlist,GBIFへの照会自体が未実施（gbif_taxon_key欠落・gbif_match_type=NULL）
carex aequialta,Carex aequialta,トダスゲ,維管束植物,,絶滅危惧ⅠＡ類（CR）,,,moe_redlist,GBIFへの照会自体が未実施（gbif_taxon_key欠落・gbif_match_type=NULL）
carex albidibasis,Carex albidibasis,ザラツキシラスゲ,維管束植物,,絶滅危惧ⅠＡ類（CR）,,,moe_redlist,GBIFへの照会自体が未実施（gbif_taxon_key欠落・gbif_match_type=NULL）
carex angustealata,Carex angustealata,ホザキマスクサ,維管束植物,,絶滅危惧Ⅱ類（VU）,,,moe_redlist,GBIFへの照会自体が未実施（gbif_taxon_key欠落・gbif_match_type=NULL）
carex aphyllopus var. impura,Carex aphyllopus var. impura,ヒルゼンスゲ,維管束植物,,絶滅危惧ⅠB類（EN）,,,moe_redlist,GBIFへの照会自体が未実施（gbif_taxon_key欠落・gbif_match_type=NULL）
carex apoiensis,Carex apoiensis,アポイタヌキラン,維管束植物,,絶滅危惧Ⅱ類（VU）,,,moe_redlist,GBIFへの照会自体が未実施（gbif_taxon_key欠落・gbif_match_type=NULL）
carex argyi,Carex argyi,ワンドスゲ,維管束植物,,絶滅危惧Ⅱ類（VU）,,,moe_redlist,GBIFへの照会自体が未実施（gbif_taxon_key欠落・gbif_match_type=NULL）
carex arisanensis,Carex arisanensis,アリサンタマツリスゲ,維管束植物,,絶滅危惧ⅠB類（EN）,,,moe_redlist,GBIFへの照会自体が未実施（gbif_taxon_key欠落・gbif_match_type=NULL）
carex bigelowii,Carex bigelowii,オハグロスゲ,維管束植物,,絶滅危惧ⅠB類（EN）,,,moe_redlist,GBIFへの照会自体が未実施（gbif_taxon_key欠落・gbif_match_type=NULL）
carex bohemica,Carex bohemica,カヤツリスゲ,維管束植物,,絶滅危惧ⅠB類（EN）,,,moe_redlist,GBIFへの照会自体が未実施（gbif_taxon_key欠落・gbif_match_type=NULL）
carex buxbaumii,Carex buxbaumii,タルマイスゲ,維管束植物,,絶滅危惧Ⅱ類（VU）,,,moe_redlist,GBIFへの照会自体が未実施（gbif_taxon_key欠落・gbif_match_type=NULL）
carex capricornis,Carex capricornis,ジョウロウスゲ,維管束植物,,絶滅危惧Ⅱ類（VU）,,,moe_redlist,GBIFへの照会自体が未実施（gbif_taxon_key欠落・gbif_match_type=NULL）
carex chichijimensis,Carex chichijimensis,チチジマナキリスゲ,維管束植物,,絶滅危惧ⅠB類（EN）,,,moe_redlist,GBIFへの照会自体が未実施（gbif_taxon_key欠落・gbif_match_type=NULL）
carex cinerascens,Carex cinerascens,ヌマアゼスゲ,維管束植物,,絶滅危惧Ⅱ類（VU）,,,moe_redlist,GBIFへの照会自体が未実施（gbif_taxon_key欠落・gbif_match_type=NULL）
carex collifera,Carex collifera,リュウキュウヒエスゲ,維管束植物,,絶滅危惧ⅠB類（EN）,,,moe_redlist,GBIFへの照会自体が未実施（gbif_taxon_key欠落・gbif_match_type=NULL）
carex conica var. scabrocaudata,Carex conica var. scabrocaudata,トカラカンスゲ,維管束植物,,絶滅危惧Ⅱ類（VU）,,,moe_redlist,GBIFへの照会自体が未実施（gbif_taxon_key欠落・gbif_match_type=NULL）
carex cruciata,Carex cruciata,ハナビスゲ,維管束植物,,絶滅危惧ⅠB類（EN）,,,moe_redlist,GBIFへの照会自体が未実施（gbif_taxon_key欠落・gbif_match_type=NULL）
carex diandra,Carex diandra,クリイロスゲ,維管束植物,,準絶滅危惧（NT）,,,moe_redlist,GBIFへの照会自体が未実施（gbif_taxon_key欠落・gbif_match_type=NULL）
carex disperma,Carex disperma,ホソスゲ,維管束植物,,絶滅危惧ⅠＡ類（CR）,,,moe_redlist,GBIFへの照会自体が未実施（gbif_taxon_key欠落・gbif_match_type=NULL）
carex eleusinoides,Carex eleusinoides,ヒメアゼスゲ,維管束植物,,絶滅危惧Ⅱ類（VU）,,,moe_redlist,GBIFへの照会自体が未実施（gbif_taxon_key欠落・gbif_match_type=NULL）
carex filipes var. kuzakaiensis,Carex filipes var. kuzakaiensis,オクタマツリスゲ,維管束植物,,絶滅危惧Ⅱ類（VU）,,,moe_redlist,GBIFへの照会自体が未実施（gbif_taxon_key欠落・gbif_match_type=NULL）
carex formosensis,Carex formosensis,タイワンスゲ,維管束植物,,絶滅危惧Ⅱ類（VU）,,,moe_redlist,GBIFへの照会自体が未実施（gbif_taxon_key欠落・gbif_match_type=NULL）
carex fuscidula,Carex fuscidula,タカネシバスゲ,維管束植物,,絶滅危惧ⅠB類（EN）,,,moe_redlist,GBIFへの照会自体が未実施（gbif_taxon_key欠落・gbif_match_type=NULL）
carex genkaiensis,Carex genkaiensis,ゲンカイモエギスゲ,維管束植物,,絶滅危惧ⅠB類（EN）,,,moe_redlist,GBIFへの照会自体が未実施（gbif_taxon_key欠落・gbif_match_type=NULL）
carex globularis,Carex globularis,トナカイスゲ,維管束植物,,絶滅危惧ⅠＡ類（CR）,,,moe_redlist,GBIFへの照会自体が未実施（gbif_taxon_key欠落・gbif_match_type=NULL）
carex gmelinii,Carex gmelinii,ネムロスゲ,維管束植物,,準絶滅危惧（NT）,,,moe_redlist,GBIFへの照会自体が未実施（gbif_taxon_key欠落・gbif_match_type=NULL）
carex gynocrates,Carex gynocrates,カンチスゲ,維管束植物,,絶滅危惧ⅠB類（EN）,,,moe_redlist,GBIFへの照会自体が未実施（gbif_taxon_key欠落・gbif_match_type=NULL）
carex hashimotoi,Carex hashimotoi,サヤマスゲ,維管束植物,,絶滅危惧Ⅱ類（VU）,,,moe_redlist,GBIFへの照会自体が未実施（gbif_taxon_key欠落・gbif_match_type=NULL）
carex hoozanensis,Carex hoozanensis,ホウザンスゲ,維管束植物,,絶滅危惧ⅠＡ類（CR）,,,moe_redlist,GBIFへの照会自体が未実施（gbif_taxon_key欠落・gbif_match_type=NULL）
carex hymenodon,Carex hymenodon,ヤマクボスゲ,維管束植物,,準絶滅危惧（NT）,,,moe_redlist,GBIFへの照会自体が未実施（gbif_taxon_key欠落・gbif_match_type=NULL）
carex kabanovii,Carex kabanovii,ヤリスゲ,維管束植物,,絶滅危惧ⅠＡ類（CR）,,,moe_redlist,GBIFへの照会自体が未実施（gbif_taxon_key欠落・gbif_match_type=NULL）
carex kagoshimensis,Carex kagoshimensis,セトウチスゲ,維管束植物,,絶滅危惧Ⅱ類（VU）,,,moe_redlist,GBIFへの照会自体が未実施（gbif_taxon_key欠落・gbif_match_type=NULL）
carex kujuzana,Carex kujuzana,クジュウツリスゲ,維管束植物,,準絶滅危惧（NT）,,,moe_redlist,GBIFへの照会自体が未実施（gbif_taxon_key欠落・gbif_match_type=NULL）
carex lachenalii,Carex lachenalii,タカネヤガミスゲ,維管束植物,,準絶滅危惧（NT）,,,moe_redlist,GBIFへの照会自体が未実施（gbif_taxon_key欠落・gbif_match_type=NULL）
carex laevissima,Carex laevissima,ヒメミコシガヤ,維管束植物,,絶滅危惧ⅠB類（EN）,,,moe_redlist,GBIFへの照会自体が未実施（gbif_taxon_key欠落・gbif_match_type=NULL）
carex latisquamea,Carex latisquamea,ハタベスゲ,維管束植物,,絶滅危惧ⅠB類（EN）,,,moe_redlist,GBIFへの照会自体が未実施（gbif_taxon_key欠落・gbif_match_type=NULL）
carex laxa,Carex laxa,イトナルコスゲ,維管束植物,,絶滅危惧Ⅱ類（VU）,,,moe_redlist,GBIFへの照会自体が未実施（gbif_taxon_key欠落・gbif_match_type=NULL）
carex lehmannii,Carex lehmannii,センジョウスゲ,維管束植物,,絶滅危惧ⅠＡ類（CR）,,,moe_redlist,GBIFへの照会自体が未実施（gbif_taxon_key欠落・gbif_match_type=NULL）
carex lithophila,Carex lithophila,アサマスゲ,維管束植物,,準絶滅危惧（NT）,,,moe_redlist,GBIFへの照会自体が未実施（gbif_taxon_key欠落・gbif_match_type=NULL）
carex livida,Carex livida,ムセンスゲ,維管束植物,,絶滅危惧Ⅱ類（VU）,,,moe_redlist,GBIFへの照会自体が未実施（gbif_taxon_key欠落・gbif_match_type=NULL）
carex loliacea,Carex loliacea,アカンスゲ,維管束植物,,絶滅危惧Ⅱ類（VU）,,,moe_redlist,GBIFへの照会自体が未実施（gbif_taxon_key欠落・gbif_match_type=NULL）
carex longii,Carex longii,アサハタヤガミスゲ,植物,,,重点対策外来種,,moe_ias_list,GBIFへの照会自体が未実施（gbif_taxon_key欠落・gbif_match_type=NULL）
carex longistipes,Carex longistipes,タイワンカンスゲ,維管束植物,,絶滅危惧ⅠB類（EN）,,,moe_redlist,GBIFへの照会自体が未実施（gbif_taxon_key欠落・gbif_match_type=NULL）
carex mackenziei,Carex mackenziei,ノルゲスゲ,維管束植物,,絶滅危惧ⅠB類（EN）,,,moe_redlist,GBIFへの照会自体が未実施（gbif_taxon_key欠落・gbif_match_type=NULL）
carex matsumurae,Carex matsumurae,キノクニスゲ,維管束植物,,準絶滅危惧（NT）,,,moe_redlist,GBIFへの照会自体が未実施（gbif_taxon_key欠落・gbif_match_type=NULL）
carex melanocarpa,Carex melanocarpa,タカネヒメスゲ,維管束植物,,絶滅危惧ⅠB類（EN）,,,moe_redlist,GBIFへの照会自体が未実施（gbif_taxon_key欠落・gbif_match_type=NULL）
carex meyeriana,Carex meyeriana,ヌマクロボスゲ,維管束植物,,絶滅危惧Ⅱ類（VU）,,,moe_redlist,GBIFへの照会自体が未実施（gbif_taxon_key欠落・gbif_match_type=NULL）
carex morrowii var. laxa,Carex morrowii var. laxa,ヤクシマカンスゲ,維管束植物,,準絶滅危惧（NT）,,,moe_redlist,GBIFへの照会自体が未実施（gbif_taxon_key欠落・gbif_match_type=NULL）
carex myosuroides,Carex myosuroides,ヒゲハリスゲ,維管束植物,,準絶滅危惧（NT）,,,moe_redlist,GBIFへの照会自体が未実施（gbif_taxon_key欠落・gbif_match_type=NULL）
carex nachiana,Carex nachiana,キシュウナキリスゲ,維管束植物,,絶滅危惧Ⅱ類（VU）,,,moe_redlist,GBIFへの照会自体が未実施（gbif_taxon_key欠落・gbif_match_type=NULL）
carex nemurensis,Carex nemurensis,ホソバオゼヌマスゲ,維管束植物,,準絶滅危惧（NT）,,,moe_redlist,GBIFへの照会自体が未実施（gbif_taxon_key欠落・gbif_match_type=NULL）
carex odontostoma,Carex odontostoma,ミヤマイワスゲ,維管束植物,,絶滅危惧Ⅱ類（VU）,,,moe_redlist,GBIFへの照会自体が未実施（gbif_taxon_key欠落・gbif_match_type=NULL）
carex okuboi,Carex okuboi,シマタヌキラン,維管束植物,,準絶滅危惧（NT）,,,moe_redlist,GBIFへの照会自体が未実施（gbif_taxon_key欠落・gbif_match_type=NULL）
carex omiana var. yakushimana,Carex omiana var. yakushimana,チャボカワズスゲ,維管束植物,,絶滅危惧ⅠＡ類（CR）,,,moe_redlist,GBIFへの照会自体が未実施（gbif_taxon_key欠落・gbif_match_type=NULL）
carex omurae,Carex omurae,スルガスゲ,維管束植物,,絶滅危惧Ⅱ類（VU）,,,moe_redlist,GBIFへの照会自体が未実施（gbif_taxon_key欠落・gbif_match_type=NULL）
carex pauciflora,Carex pauciflora,タカネハリスゲ,維管束植物,,準絶滅危惧（NT）,,,moe_redlist,GBIFへの照会自体が未実施（gbif_taxon_key欠落・gbif_match_type=NULL）
carex paupercula,Carex paupercula,ダケスゲ,維管束植物,,絶滅危惧Ⅱ類（VU）,,,moe_redlist,GBIFへの照会自体が未実施（gbif_taxon_key欠落・gbif_match_type=NULL）
carex paxii,Carex paxii,キビノミノボロスゲ,維管束植物,,絶滅危惧ⅠB類（EN）,,,moe_redlist,GBIFへの照会自体が未実施（gbif_taxon_key欠落・gbif_match_type=NULL）
carex peiktusani,Carex peiktusani,マンシュウクロカワスゲ,維管束植物,,絶滅危惧ⅠB類（EN）,,,moe_redlist,GBIFへの照会自体が未実施（gbif_taxon_key欠落・gbif_match_type=NULL）
carex phaeodon,Carex phaeodon,ハシナガカンスゲ,維管束植物,,絶滅危惧Ⅱ類（VU）,,,moe_redlist,GBIFへの照会自体が未実施（gbif_taxon_key欠落・gbif_match_type=NULL）
carex poculisquama,Carex poculisquama,アカネスゲ,維管束植物,,絶滅危惧Ⅱ類（VU）,,,moe_redlist,GBIFへの照会自体が未実施（gbif_taxon_key欠落・gbif_match_type=NULL）
carex polyschoena,Carex polyschoena,シロホンモンジスゲ,維管束植物,,絶滅危惧Ⅱ類（VU）,,,moe_redlist,GBIFへの照会自体が未実施（gbif_taxon_key欠落・gbif_match_type=NULL）
carex pseudocyperus,Carex pseudocyperus,クグスゲ,維管束植物,,絶滅危惧ⅠB類（EN）,,,moe_redlist,GBIFへの照会自体が未実施（gbif_taxon_key欠落・gbif_match_type=NULL）
carex pseudololiacea,Carex pseudololiacea,ヒロハイッポンスゲ,維管束植物,,絶滅危惧ⅠB類（EN）,,,moe_redlist,GBIFへの照会自体が未実施（gbif_taxon_key欠落・gbif_match_type=NULL）
carex quadriflora,Carex quadriflora,アカスゲ,維管束植物,,絶滅危惧Ⅱ類（VU）,,,moe_redlist,GBIFへの照会自体が未実施（gbif_taxon_key欠落・gbif_match_type=NULL）
carex ramenskii,Carex ramenskii,ウシオスゲ,維管束植物,,絶滅危惧ⅠB類（EN）,,,moe_redlist,GBIFへの照会自体が未実施（gbif_taxon_key欠落・gbif_match_type=NULL）
carex remotiuscula,Carex remotiuscula,イトヒキスゲ,維管束植物,,絶滅危惧Ⅱ類（VU）,,,moe_redlist,GBIFへの照会自体が未実施（gbif_taxon_key欠落・gbif_match_type=NULL）
carex rhynchachaenium,Carex rhynchachaenium,トックリスゲ,維管束植物,,絶滅危惧ⅠＡ類（CR）,,,moe_redlist,GBIFへの照会自体が未実施（gbif_taxon_key欠落・gbif_match_type=NULL）
carex rostrata,Carex rostrata,カラフトカサスゲ,維管束植物,,絶滅危惧Ⅱ類（VU）,,,moe_redlist,GBIFへの照会自体が未実施（gbif_taxon_key欠落・gbif_match_type=NULL）
carex rotundata,Carex rotundata,コヌマスゲ,維管束植物,,絶滅危惧ⅠＡ類（CR）,,,moe_redlist,GBIFへの照会自体が未実施（gbif_taxon_key欠落・gbif_match_type=NULL）
carex rugulosa,Carex rugulosa,オオクグ,維管束植物,,準絶滅危惧（NT）,,,moe_redlist,GBIFへの照会自体が未実施（gbif_taxon_key欠落・gbif_match_type=NULL）
carex rupestris,Carex rupestris,カラフトイワスゲ,維管束植物,,絶滅危惧ⅠB類（EN）,,,moe_redlist,GBIFへの照会自体が未実施（gbif_taxon_key欠落・gbif_match_type=NULL）
carex sacrosancta,Carex sacrosancta,ジングウスゲ,維管束植物,,準絶滅危惧（NT）,,,moe_redlist,GBIFへの照会自体が未実施（gbif_taxon_key欠落・gbif_match_type=NULL）
carex sakonis,Carex sakonis,サコスゲ,維管束植物,,準絶滅危惧（NT）,,,moe_redlist,GBIFへの照会自体が未実施（gbif_taxon_key欠落・gbif_match_type=NULL）
carex schmidtii,Carex schmidtii,シュミットスゲ,維管束植物,,絶滅危惧Ⅱ類（VU）,,,moe_redlist,GBIFへの照会自体が未実施（gbif_taxon_key欠落・gbif_match_type=NULL）
carex scita var. parvisquama,Carex scita var. parvisquama,ダイセンアシボソスゲ,維管束植物,,絶滅危惧ⅠＡ類（CR）,,,moe_redlist,GBIFへの照会自体が未実施（gbif_taxon_key欠落・gbif_match_type=NULL）
carex scita var. scabrinervia,Carex scita var. scabrinervia,シコタンスゲ,維管束植物,,絶滅危惧Ⅱ類（VU）,,,moe_redlist,GBIFへの照会自体が未実施（gbif_taxon_key欠落・gbif_match_type=NULL）
carex scita var. tenuiseta,Carex scita var. tenuiseta,アシボソスゲ,維管束植物,,準絶滅危惧（NT）,,,moe_redlist,GBIFへの照会自体が未実施（gbif_taxon_key欠落・gbif_match_type=NULL）
carex scoparia,Carex scoparia,アメリカヤガミスゲ,植物,,,その他の総合対策外来種,,moe_ias_list,GBIFへの照会自体が未実施（gbif_taxon_key欠落・gbif_match_type=NULL）
carex siroumensis,Carex siroumensis,タカネナルコ,維管束植物,,絶滅危惧Ⅱ類（VU）,,,moe_redlist,GBIFへの照会自体が未実施（gbif_taxon_key欠落・gbif_match_type=NULL）
carex stylosa,Carex stylosa,ラウススゲ,維管束植物,,絶滅危惧ⅠB類（EN）,,,moe_redlist,GBIFへの照会自体が未実施（gbif_taxon_key欠落・gbif_match_type=NULL）
carex subcernua,Carex subcernua,ツクシナルコ,維管束植物,,絶滅危惧ⅠB類（EN）,,,moe_redlist,GBIFへの照会自体が未実施（gbif_taxon_key欠落・gbif_match_type=NULL）
carex subspathacea,Carex subspathacea,ヒメウシオスゲ,維管束植物,,準絶滅危惧（NT）,,,moe_redlist,GBIFへの照会自体が未実施（gbif_taxon_key欠落・gbif_match_type=NULL）
carex subumbellata var. subumbellata,Carex subumbellata var. subumbellata,ミヤケスゲ,維管束植物,,絶滅危惧Ⅱ類（VU）,,,moe_redlist,GBIFへの照会自体が未実施（gbif_taxon_key欠落・gbif_match_type=NULL）
carex taihokuensis,Carex taihokuensis,タイホクスゲ,維管束植物,,絶滅危惧Ⅱ類（VU）,,,moe_redlist,GBIFへの照会自体が未実施（gbif_taxon_key欠落・gbif_match_type=NULL）
carex tamakii,Carex tamakii,オキナワヒメナキリ,維管束植物,,準絶滅危惧（NT）,,,moe_redlist,GBIFへの照会自体が未実施（gbif_taxon_key欠落・gbif_match_type=NULL）
carex tashiroana,Carex tashiroana,ノスゲ,維管束植物,,絶滅危惧Ⅱ類（VU）,,,moe_redlist,GBIFへの照会自体が未実施（gbif_taxon_key欠落・gbif_match_type=NULL）
carex tenuiformis,Carex tenuiformis,オノエスゲ,維管束植物,,絶滅危惧Ⅱ類（VU）,,,moe_redlist,GBIFへの照会自体が未実施（gbif_taxon_key欠落・gbif_match_type=NULL）
carex tokarensis,Carex tokarensis,フサカンスゲ,維管束植物,,絶滅危惧Ⅱ類（VU）,,,moe_redlist,GBIFへの照会自体が未実施（gbif_taxon_key欠落・gbif_match_type=NULL）
carex toyoshimae,Carex toyoshimae,セキモンスゲ,維管束植物,,絶滅危惧Ⅱ類（VU）,,,moe_redlist,GBIFへの照会自体が未実施（gbif_taxon_key欠落・gbif_match_type=NULL）
carex traiziscana,Carex traiziscana,ヒロハオゼヌマスゲ,維管束植物,,準絶滅危惧（NT）,,,moe_redlist,GBIFへの照会自体が未実施（gbif_taxon_key欠落・gbif_match_type=NULL）
carex tsuishikarensis,Carex tsuishikarensis,ホロムイクグ,維管束植物,,絶滅危惧Ⅱ類（VU）,,,moe_redlist,GBIFへの照会自体が未実施（gbif_taxon_key欠落・gbif_match_type=NULL）
carex tsushimensis,Carex tsushimensis,ツシマスゲ,維管束植物,,絶滅危惧ⅠB類（EN）,,,moe_redlist,GBIFへの照会自体が未実施（gbif_taxon_key欠落・gbif_match_type=NULL）
carex tumidula,Carex tumidula,イワヤスゲ,維管束植物,,絶滅危惧Ⅱ類（VU）,,,moe_redlist,GBIFへの照会自体が未実施（gbif_taxon_key欠落・gbif_match_type=NULL）
carex uda,Carex uda,エゾハリスゲ,維管束植物,,絶滅危惧ⅠB類（EN）,,,moe_redlist,GBIFへの照会自体が未実施（gbif_taxon_key欠落・gbif_match_type=NULL）
carex vaginata,Carex vaginata,サヤスゲ,維管束植物,,絶滅危惧ⅠB類（EN）,,,moe_redlist,GBIFへの照会自体が未実施（gbif_taxon_key欠落・gbif_match_type=NULL）
carex vanheurckii,Carex vanheurckii,ヌイオスゲ,維管束植物,,絶滅危惧Ⅱ類（VU）,,,moe_redlist,GBIFへの照会自体が未実施（gbif_taxon_key欠落・gbif_match_type=NULL）
carex viridula,Carex viridula,エゾサワスゲ,維管束植物,,準絶滅危惧（NT）,,,moe_redlist,GBIFへの照会自体が未実施（gbif_taxon_key欠落・gbif_match_type=NULL）
carex yakushimensis,Carex yakushimensis,コケハリガネスゲ,維管束植物,,準絶滅危惧（NT）,,,moe_redlist,GBIFへの照会自体が未実施（gbif_taxon_key欠落・gbif_match_type=NULL）
carex yasuii,Carex yasuii,ムニンヒョウタンスゲ,維管束植物,,絶滅危惧ⅠＡ類（CR）,,,moe_redlist,GBIFへの照会自体が未実施（gbif_taxon_key欠落・gbif_match_type=NULL）
caridina prashadi,Caridina prashadi,サキシマヌマエビ,その他無脊椎動物,,準絶滅危惧（NT）,,,moe_redlist,GBIFへの照会自体が未実施（gbif_taxon_key欠落・gbif_match_type=NULL）
caridina propinqua,Caridina propinqua,マングローブヌマエビ,その他無脊椎動物,,準絶滅危惧（NT）,,,moe_redlist,GBIFへの照会自体が未実施（gbif_taxon_key欠落・gbif_match_type=NULL）
caridina rubella,Caridina rubella,アシナガヌマエビ,その他無脊椎動物,,準絶滅危惧（NT）,,,moe_redlist,GBIFへの照会自体が未実施（gbif_taxon_key欠落・gbif_match_type=NULL）
carpesium faberi,Carpesium faberi,コバナガンクビソウ,維管束植物,,絶滅危惧Ⅱ類（VU）,,,moe_redlist,GBIFへの照会自体が未実施（gbif_taxon_key欠落・gbif_match_type=NULL）
carterocephalus palaemon akaishianus,Carterocephalus palaemon akaishianus,タカネキマダラセセリ赤石山脈亜種,昆虫類,,絶滅危惧IA類（CR）,,,moe_redlist,GBIFへの照会自体が未実施（gbif_taxon_key欠落・gbif_match_type=NULL）
carterocephalus palaemon satakei,Carterocephalus palaemon satakei,タカネキマダラセセリ飛騨山脈亜種,昆虫類,,準絶滅危惧（NT）,,,moe_redlist,GBIFへの照会自体が未実施（gbif_taxon_key欠落・gbif_match_type=NULL）
carychium cymatoplax,Carychium cymatoplax,ナガケシガイ,貝類,,準絶滅危惧（NT）,,,moe_redlist,GBIFへの照会自体が未実施（gbif_taxon_key欠落・gbif_match_type=NULL）
carychium pessimum,Carychium pessimum,ケシガイ,貝類,,準絶滅危惧（NT）,,,moe_redlist,GBIFへの照会自体が未実施（gbif_taxon_key欠落・gbif_match_type=NULL）
caryopteris incana,Caryopteris incana,ダンギク,維管束植物,,絶滅危惧Ⅱ類（VU）,,,moe_redlist,GBIFへの照会自体が未実施（gbif_taxon_key欠落・gbif_match_type=NULL）
cassidula crassiuscula,Cassidula crassiuscula,カタシイノミミミガイ,貝類,,準絶滅危惧（NT）,,,moe_redlist,GBIFへの照会自体が未実施（gbif_taxon_key欠落・gbif_match_type=NULL）
cassidula mustelina,Cassidula mustelina,ウラシマミミガイ,貝類,,準絶滅危惧（NT）,,,moe_redlist,GBIFへの照会自体が未実施（gbif_taxon_key欠落・gbif_match_type=NULL）
cassidula nigrobrunnea,Cassidula nigrobrunnea,ヒメシイノミミミガイ,貝類,,絶滅危惧I類（CR+EN）,,,moe_redlist,GBIFへの照会自体が未実施（gbif_taxon_key欠落・gbif_match_type=NULL）
cassidula plecotrematoides japonica,Cassidula plecotrematoides japonica,シイノミミミガイ,貝類,,絶滅危惧I類（CR+EN）,,,moe_redlist,GBIFへの照会自体が未実施（gbif_taxon_key欠落・gbif_match_type=NULL）
cassidula plecotrematoides plecotrematoides,Cassidula plecotrematoides plecotrematoides,ヒゲマキシイノミミミガイ,貝類,,準絶滅危惧（NT）,,,moe_redlist,GBIFへの照会自体が未実施（gbif_taxon_key欠落・gbif_match_type=NULL）
cassidula schmackeriana,Cassidula schmackeriana,ヘゴノメミミガイ,貝類,,絶滅危惧I類（CR+EN）,,,moe_redlist,GBIFへの照会自体が未実施（gbif_taxon_key欠落・gbif_match_type=NULL）
cassidula vespertilionis,Cassidula vespertilionis,コウモリミミガイ,貝類,,準絶滅危惧（NT）,,,moe_redlist,GBIFへの照会自体が未実施（gbif_taxon_key欠落・gbif_match_type=NULL）
cassytha filiformis var. duripraticola,Cassytha filiformis var. duripraticola,ケスナヅル,維管束植物,,準絶滅危惧（NT）,,,moe_redlist,GBIFへの照会自体が未実施（gbif_taxon_key欠落・gbif_match_type=NULL）
cassytha pergracilis,Cassytha pergracilis,イトスナヅル,維管束植物,,絶滅危惧ⅠB類（EN）,,,moe_redlist,GBIFへの照会自体が未実施（gbif_taxon_key欠落・gbif_match_type=NULL）
casuarina equisetifolia,Casuarina equisetifolia,トクサバモクマオウ（トキワギョリュウ）,植物,,,重点対策外来種,,moe_ias_list,GBIFへの照会自体が未実施（gbif_taxon_key欠落・gbif_match_type=NULL）
catapaguroides longior,Catapaguroides longior,マンザガマヒメヤドカリ,甲殻類（海洋生物）,,情報不足（DD）,,,moe_redlist,GBIFへの照会自体が未実施（gbif_taxon_key欠落・gbif_match_type=NULL）
catenella caespitosa,Catenella caespitosa,イソモッカ,藻類,,準絶滅危惧（NT）,,,moe_redlist,GBIFへの照会自体が未実施（gbif_taxon_key欠落・gbif_match_type=NULL）
catenella impudica,Catenella impudica,シオカワモッカ,藻類,,準絶滅危惧（NT）,,,moe_redlist,GBIFへの照会自体が未実施（gbif_taxon_key欠落・gbif_match_type=NULL）
catocala actaea,Catocala actaea,コシロシタバ,昆虫類,,準絶滅危惧（NT）,,,moe_redlist,GBIFへの照会自体が未実施（gbif_taxon_key欠落・gbif_match_type=NULL）
catocala ella,Catocala ella,ミヤマキシタバ,昆虫類,,準絶滅危惧（NT）,,,moe_redlist,GBIFへの照会自体が未実施（gbif_taxon_key欠落・gbif_match_type=NULL）
catocala koreana,Catocala koreana,アズミキシタバ,昆虫類,,準絶滅危惧（NT）,,,moe_redlist,GBIFへの照会自体が未実施（gbif_taxon_key欠落・gbif_match_type=NULL）
catocala naganoi mahoroba,Catocala naganoi mahoroba,マホロバキシタバ,昆虫類,,情報不足（DD）,,,moe_redlist,GBIFへの照会自体が未実施（gbif_taxon_key欠落・gbif_match_type=NULL）
catocala nagioides,Catocala nagioides,ヒメシロシタバ,昆虫類,,準絶滅危惧（NT）,,,moe_redlist,GBIFへの照会自体が未実施（gbif_taxon_key欠落・gbif_match_type=NULL）
catolechia wahlenbergii,Catolechia wahlenbergii,キイロスミイボゴケ,地衣類,,準絶滅危惧（NT）,,,moe_redlist,GBIFへの照会自体が未実施（gbif_taxon_key欠落・gbif_match_type=NULL）
catolobus ligulifolius,Catolobus ligulifolius,ヘラハタザオ,維管束植物,,絶滅危惧ⅠＡ類（CR）,,,moe_redlist,GBIFへの照会自体が未実施（gbif_taxon_key欠落・gbif_match_type=NULL）
catunaregam spinosa,Catunaregam spinosa,ハリザクロ,維管束植物,,情報不足（DD）,,,moe_redlist,GBIFへの照会自体が未実施（gbif_taxon_key欠落・gbif_match_type=NULL）
caulerpa fastigiata,Caulerpa fastigiata,ケイワズタ,藻類,,絶滅危惧ⅠB類（EN）,,,moe_redlist,GBIFへの照会自体が未実施（gbif_taxon_key欠落・gbif_match_type=NULL）
caulerpa lentillifera,Caulerpa lentillifera,クビレズタ,藻類,,情報不足（DD）,,,moe_redlist,GBIFへの照会自体が未実施（gbif_taxon_key欠落・gbif_match_type=NULL）
caulerpa parvifolia,Caulerpa parvifolia,ヒナイワズタ,藻類,,絶滅危惧Ⅱ類（VU）,,,moe_redlist,GBIFへの照会自体が未実施（gbif_taxon_key欠落・gbif_match_type=NULL）
caulerpa scalpelliformis var. scalpelliformis,Caulerpa scalpelliformis var. scalpelliformis,クロキズタ,藻類,,絶滅危惧Ⅱ類（VU）,,,moe_redlist,GBIFへの照会自体が未実施（gbif_taxon_key欠落・gbif_match_type=NULL）
caulerpa subserrata,Caulerpa subserrata,キザミズタ,藻類,,情報不足（DD）,,,moe_redlist,GBIFへの照会自体が未実施（gbif_taxon_key欠落・gbif_match_type=NULL）
caulerpa taxifolia,Caulerpa taxifolia,変異種のイチイヅタ（キラー海藻）,植物,,,侵入予防外来種,,moe_ias_list,GBIFへの照会自体が未実施（gbif_taxon_key欠落・gbif_match_type=NULL）
caunus noctulus,Caunus noctulus,アシボソトビイロサシガメ,昆虫類,,準絶滅危惧（NT）,,,moe_redlist,GBIFへの照会自体が未実施（gbif_taxon_key欠落・gbif_match_type=NULL）
causonis maritima,Causonis maritima,ハマヤブガラシ,維管束植物,,絶滅危惧ⅠＡ類（CR）,,,moe_redlist,GBIFへの照会自体が未実施（gbif_taxon_key欠落・gbif_match_type=NULL）
cavernacmella kuzuuensis,Cavernacmella kuzuuensis,ホラアナゴマオカチグサ,貝類,,絶滅危惧I類（CR+EN）,,,moe_redlist,GBIFへの照会自体が未実施（gbif_taxon_key欠落・gbif_match_type=NULL）
cavernacmella minima,Cavernacmella minima,キビオカチグサ,貝類,,絶滅危惧II類（VU）,,,moe_redlist,GBIFへの照会自体が未実施（gbif_taxon_key欠落・gbif_match_type=NULL）
cavernacmella yamamotonis,Cavernacmella yamamotonis,ヤマモトゴマオカチグサ,貝類,,絶滅危惧II類（VU）,,,moe_redlist,GBIFへの照会自体が未実施（gbif_taxon_key欠落・gbif_match_type=NULL）
cecina manchurica,Cecina manchurica,クビキレガイモドキ,貝類,,準絶滅危惧（NT）,,,moe_redlist,GBIFへの照会自体が未実施（gbif_taxon_key欠落・gbif_match_type=NULL）
celastrina ogasawaraensis,Celastrina ogasawaraensis,オガサワラシジミ,昆虫類,,絶滅危惧IA類（CR）,,,moe_redlist,GBIFへの照会自体が未実施（gbif_taxon_key欠落・gbif_match_type=NULL）
celtis biondii var. insularis,Celtis biondii var. insularis,サキシマエノキ,維管束植物,,絶滅危惧ⅠＡ類（CR）,,,moe_redlist,GBIFへの照会自体が未実施（gbif_taxon_key欠落・gbif_match_type=NULL）
celtisaspis japonica,Celtisaspis japonica,エノキカイガラキジラミ,昆虫類,,準絶滅危惧（NT）,,,moe_redlist,GBIFへの照会自体が未実施（gbif_taxon_key欠落・gbif_match_type=NULL）
centranthera cochinchinensis subsp. lutea,Centranthera cochinchinensis subsp. lutea,ゴマクサ,維管束植物,,準絶滅危惧（NT）,,,moe_redlist,GBIFへの照会自体が未実施（gbif_taxon_key欠落・gbif_match_type=NULL）
centrophorus acus,Centrophorus acus,タロウザメ,魚類（海洋生物）,,情報不足（DD）,,,moe_redlist,GBIFへの照会自体が未実施（gbif_taxon_key欠落・gbif_match_type=NULL）
centrophorus squamosus,Centrophorus squamosus,モミジザメ,魚類（海洋生物）,,情報不足（DD）,,,moe_redlist,GBIFへの照会自体が未実施（gbif_taxon_key欠落・gbif_match_type=NULL）
centrophorus tessellatus,Centrophorus tessellatus,ゲンロクザメ,魚類（海洋生物）,,情報不足（DD）,,,moe_redlist,GBIFへの照会自体が未実施（gbif_taxon_key欠落・gbif_match_type=NULL）
cephalanthera erecta var. subaphylla,Cephalanthera erecta var. subaphylla,ユウシュンラン,維管束植物,,準絶滅危惧（NT）,,,moe_redlist,GBIFへの照会自体が未実施（gbif_taxon_key欠落・gbif_match_type=NULL）
cephalanthera falcata,Cephalanthera falcata,キンラン,維管束植物,,準絶滅危惧（NT）,,,moe_redlist,GBIFへの照会自体が未実施（gbif_taxon_key欠落・gbif_match_type=NULL）
cephalanthera longifolia,Cephalanthera longifolia,クゲヌマラン,維管束植物,,絶滅危惧Ⅱ類（VU）,,,moe_redlist,GBIFへの照会自体が未実施（gbif_taxon_key欠落・gbif_match_type=NULL）
cephalantheropsis obcordata,Cephalantheropsis obcordata,トクサラン,維管束植物,,準絶滅危惧（NT）,,,moe_redlist,GBIFへの照会自体が未実施（gbif_taxon_key欠落・gbif_match_type=NULL）
cephalomanes atrovirens,Cephalomanes atrovirens,サキシマホラゴケ,維管束植物,,絶滅危惧ⅠＡ類（CR）,,,moe_redlist,GBIFへの照会自体が未実施（gbif_taxon_key欠落・gbif_match_type=NULL）
cephaloscylliumumbratile,Cephaloscylliumumbratile,ナヌカザメ,魚類（海洋生物）,,情報不足（DD）,,,moe_redlist,GBIFへの照会自体が未実施（gbif_taxon_key欠落・gbif_match_type=NULL）
cephaloziella crispata,Cephaloziella crispata,ムカシヤバネゴケ,蘚苔類,,情報不足（DD）,,,moe_redlist,GBIFへの照会自体が未実施（gbif_taxon_key欠落・gbif_match_type=NULL）
cephaloziella elachista,Cephaloziella elachista,ケスジヤバネゴケ,蘚苔類,,絶滅危惧ⅠB類（EN）,,,moe_redlist,GBIFへの照会自体が未実施（gbif_taxon_key欠落・gbif_match_type=NULL）
cephaloziella massalongii,Cephaloziella massalongii,キレハヤバネゴケ,蘚苔類,,準絶滅危惧（NT）,,,moe_redlist,GBIFへの照会自体が未実施（gbif_taxon_key欠落・gbif_match_type=NULL）
cerastium akiyoshiense,Cerastium akiyoshiense,アキヨシミミナグサ,維管束植物,,絶滅危惧Ⅱ類（VU）,,,moe_redlist,GBIFへの照会自体が未実施（gbif_taxon_key欠落・gbif_match_type=NULL）
cerastium arvense subsp. strictum var. mitsumorense,Cerastium arvense subsp. strictum var. mitsumorense,ミツモリミミナグサ,維管束植物,,絶滅危惧Ⅱ類（VU）,,,moe_redlist,GBIFへの照会自体が未実施（gbif_taxon_key欠落・gbif_match_type=NULL）
cerastium fischerianum var. molle,Cerastium fischerianum var. molle,ゲンカイミミナグサ,維管束植物,,準絶滅危惧（NT）,,,moe_redlist,GBIFへの照会自体が未実施（gbif_taxon_key欠落・gbif_match_type=NULL）
cerastium furcatum var. ibukiense,Cerastium furcatum var. ibukiense,コバノミミナグサ,維管束植物,,絶滅危惧ⅠＡ類（CR）,,,moe_redlist,GBIFへの照会自体が未実施（gbif_taxon_key欠落・gbif_match_type=NULL）
cerastium pauciflorum var. amurense,Cerastium pauciflorum var. amurense,タガソデソウ,維管束植物,,絶滅危惧Ⅱ類（VU）,,,moe_redlist,GBIFへの照会自体が未実施（gbif_taxon_key欠落・gbif_match_type=NULL）
cerastium rubescens var. koreanum,Cerastium rubescens var. koreanum,タカネミミナグサ,維管束植物,,絶滅危惧Ⅱ類（VU）,,,moe_redlist,GBIFへの照会自体が未実施（gbif_taxon_key欠落・gbif_match_type=NULL）
cerasus sargentii var. akimotoi,Cerasus sargentii var. akimotoi,キリタチヤマザクラ,維管束植物,,絶滅危惧ⅠB類（EN）,,,moe_redlist,GBIFへの照会自体が未実施（gbif_taxon_key欠落・gbif_match_type=NULL）
ceratia nagashima,Ceratia nagashima,ナガシマツボ,貝類,,絶滅危惧I類（CR+EN）,,,moe_redlist,GBIFへの照会自体が未実施（gbif_taxon_key欠落・gbif_match_type=NULL）
ceratia sp.,Ceratia sp.,サンビャッケンツボ,貝類,,情報不足（DD）,,,moe_redlist,GBIFへの照会自体が未実施（gbif_taxon_key欠落・gbif_match_type=NULL）
ceratina boninensis,Ceratina boninensis,オガサワラツヤハナバチ,昆虫類,,絶滅危惧II類（VU）,,,moe_redlist,GBIFへの照会自体が未実施（gbif_taxon_key欠落・gbif_match_type=NULL）
ceratochlamys hiraseana,Ceratochlamys hiraseana,コシダカヒメベッコウ,貝類,,準絶滅危惧（NT）,,,moe_redlist,GBIFへの照会自体が未実施（gbif_taxon_key欠落・gbif_match_type=NULL）
ceratocrabro shimoyamai,Ceratocrabro shimoyamai,シモヤマギングチ,昆虫類,,準絶滅危惧（NT）,,,moe_redlist,GBIFへの照会自体が未実施（gbif_taxon_key欠落・gbif_match_type=NULL）
ceratoderus venustus,Ceratoderus venustus,クロオビヒゲブトオサムシ,昆虫類,,準絶滅危惧（NT）,,,moe_redlist,GBIFへの照会自体が未実施（gbif_taxon_key欠落・gbif_match_type=NULL）
ceratostoma rorifluum,Ceratostoma rorifluum,ハネナシヨウラク,貝類,,絶滅危惧II類（VU）,,,moe_redlist,GBIFへの照会自体が未実施（gbif_taxon_key欠落・gbif_match_type=NULL）
cerceris amamiensis tokunosimana,Cerceris amamiensis tokunosimana,トクノシマツチスガリ,昆虫類,,準絶滅危惧（NT）,,,moe_redlist,GBIFへの照会自体が未実施（gbif_taxon_key欠落・gbif_match_type=NULL）
cerceris pedetes,Cerceris pedetes,マエダテツチスガリ,昆虫類,,準絶滅危惧（NT）,,,moe_redlist,GBIFへの照会自体が未実施（gbif_taxon_key欠落・gbif_match_type=NULL）
cerceris tomiyamai,Cerceris tomiyamai,エラブツチスガリ,昆虫類,,準絶滅危惧（NT）,,,moe_redlist,GBIFへの照会自体が未実施（gbif_taxon_key欠落・gbif_match_type=NULL）
ceresium signaticolle,Ceresium signaticolle,クロモンヒメカミキリ,昆虫類,,準絶滅危惧（NT）,,,moe_redlist,GBIFへの照会自体が未実施（gbif_taxon_key欠落・gbif_match_type=NULL）
ceresium simile simile,Ceresium simile simile,チャイロヒメカミキリ小笠原亜種,昆虫類,,絶滅危惧II類（VU）,,,moe_redlist,GBIFへの照会自体が未実施（gbif_taxon_key欠落・gbif_match_type=NULL）
ceriagrion nipponicum,Ceriagrion nipponicum,ベニイトトンボ,昆虫類,,準絶滅危惧（NT）,,,moe_redlist,GBIFへの照会自体が未実施（gbif_taxon_key欠落・gbif_match_type=NULL）
cerithidea moerchii,Cerithidea moerchii,フトヘナタリ,貝類,,準絶滅危惧（NT）,,,moe_redlist,GBIFへの照会自体が未実施（gbif_taxon_key欠落・gbif_match_type=NULL）
cerithidea tonkiniana,Cerithidea tonkiniana,シマヘナタリ,貝類,,絶滅危惧I類（CR+EN）,,,moe_redlist,GBIFへの照会自体が未実施（gbif_taxon_key欠落・gbif_match_type=NULL）
cerithideopsis largillierti,Cerithideopsis largillierti,クロヘナタリ,貝類,,絶滅危惧I類（CR+EN）,,,moe_redlist,GBIFへの照会自体が未実施（gbif_taxon_key欠落・gbif_match_type=NULL）
cerithium coralium,Cerithium coralium,コゲツノブエ,貝類,,絶滅危惧II類（VU）,,,moe_redlist,GBIFへの照会自体が未実施（gbif_taxon_key欠落・gbif_match_type=NULL）
cerithium torresi,Cerithium torresi,ホソコオロギ,貝類,,絶滅危惧I類（CR+EN）,,,moe_redlist,GBIFへの照会自体が未実施（gbif_taxon_key欠落・gbif_match_type=NULL）
cervus nippon,Cervus nippon,馬毛島のニホンジカ,哺乳類,,絶滅のおそれのある地域個体群（LP）,重点対策外来種,,moe_redlist|moe_ias_list,GBIFへの照会自体が未実施（gbif_taxon_key欠落・gbif_match_type=NULL）
cetrariella delisei,Cetrariella delisei,トゲエイランタイ,地衣類,,情報不足（DD）,,,moe_redlist,GBIFへの照会自体が未実施（gbif_taxon_key欠落・gbif_match_type=NULL）
cettia diphone restrictus,Cettia diphone restrictus,ダイトウウグイス,鳥類,,絶滅危惧IB類（EN）,,,moe_redlist,GBIFへの照会自体が未実施（gbif_taxon_key欠落・gbif_match_type=NULL）
chaenostoma crassimanus,Chaenostoma crassimanus,ヒメカクオサガニ,甲殻類（海洋生物）,,準絶滅危惧（NT）,,,moe_redlist,GBIFへの照会自体が未実施（gbif_taxon_key欠落・gbif_match_type=NULL）
chaetodera laetescripta,Chaetodera laetescripta,カワラハンミョウ,昆虫類,,絶滅危惧IB類（EN）,,,moe_redlist,GBIFへの照会自体が未実施（gbif_taxon_key欠落・gbif_match_type=NULL）
chaetodon daedalma,Chaetodon daedalma,ユウゼン,魚類（海洋生物）,,情報不足（DD）,,,moe_redlist,GBIFへの照会自体が未実施（gbif_taxon_key欠落・gbif_match_type=NULL）
chaetodon octofasciatus,Chaetodon octofasciatus,ヤスジチョウチョウウオ,魚類（海洋生物）,,情報不足（DD）,,,moe_redlist,GBIFへの照会自体が未実施（gbif_taxon_key欠落・gbif_match_type=NULL）
chaetodon oxycephalus,Chaetodon oxycephalus,ヒメフウライチョウチョウウオ,魚類（海洋生物）,,準絶滅危惧（NT）,,,moe_redlist,GBIFへの照会自体が未実施（gbif_taxon_key欠落・gbif_match_type=NULL）
chaetodon reticulatus,Chaetodon reticulatus,ハクテンカタギ,魚類（海洋生物）,,準絶滅危惧（NT）,,,moe_redlist,GBIFへの照会自体が未実施（gbif_taxon_key欠落・gbif_match_type=NULL）
chaetotrechiama procerus,Chaetotrechiama procerus,ケバネメクラチビゴミムシ,昆虫類,,絶滅危惧IB類（EN）,,,moe_redlist,GBIFへの照会自体が未実施（gbif_taxon_key欠落・gbif_match_type=NULL）
chalcophaps indica yamashinai,Chalcophaps indica yamashinai,キンバト,鳥類,,情報不足（DD）,,,moe_redlist,GBIFへの照会自体が未実施（gbif_taxon_key欠落・gbif_match_type=NULL）
chamaecrista garambiensis,Chamaecrista garambiensis,ガランピネムチャ,維管束植物,,絶滅危惧ⅠＡ類（CR）,,,moe_redlist,GBIFへの照会自体が未実施（gbif_taxon_key欠落・gbif_match_type=NULL）
chamaedaphne calyculata,Chamaedaphne calyculata,ヤチツツジ,維管束植物,,絶滅危惧ⅠB類（EN）,,,moe_redlist,GBIFへの照会自体が未実施（gbif_taxon_key欠落・gbif_match_type=NULL）
chamaegastrodia sikokiana,Chamaegastrodia sikokiana,ヒメノヤガラ,維管束植物,,絶滅危惧Ⅱ類（VU）,,,moe_redlist,GBIFへの照会自体が未実施（gbif_taxon_key欠落・gbif_match_type=NULL）
chamaele decumbens var. micrantha,Chamaele decumbens var. micrantha,ヤクシマセントウソウ,維管束植物,,絶滅危惧ⅠB類（EN）,,,moe_redlist,GBIFへの照会自体が未実施（gbif_taxon_key欠落・gbif_match_type=NULL）
chamalycaeus expanstoma,Chamalycaeus expanstoma,クチビラキムシオイ,貝類,,準絶滅危惧（NT）,,,moe_redlist,GBIFへの照会自体が未実施（gbif_taxon_key欠落・gbif_match_type=NULL）
chamalycaeus itonis itonis,Chamalycaeus itonis itonis,イトウムシオイ,貝類,,絶滅危惧I類（CR+EN）,,,moe_redlist,GBIFへの照会自体が未実施（gbif_taxon_key欠落・gbif_match_type=NULL）
chamalycaeus itonis shiotai,Chamalycaeus itonis shiotai,ヤサガタイトウムシオイ,貝類,,絶滅危惧II類（VU）,,,moe_redlist,GBIFへの照会自体が未実施（gbif_taxon_key欠落・gbif_match_type=NULL）
chamalycaeus kurodatokubeii,Chamalycaeus kurodatokubeii,クロダアツクチムシオイ,貝類,,絶滅危惧I類（CR+EN）,,,moe_redlist,GBIFへの照会自体が未実施（gbif_taxon_key欠落・gbif_match_type=NULL）
chamalycaeus laevis,Chamalycaeus laevis,ベニムシオイ,貝類,,絶滅危惧II類（VU）,,,moe_redlist,GBIFへの照会自体が未実施（gbif_taxon_key欠落・gbif_match_type=NULL）
chamalycaeus miyazakii,Chamalycaeus miyazakii,ミヤザキムシオイ,貝類,,絶滅危惧I類（CR+EN）,,,moe_redlist,GBIFへの照会自体が未実施（gbif_taxon_key欠落・gbif_match_type=NULL）
chamalycaeus nakashimai ditacaeus,Chamalycaeus nakashimai ditacaeus,ヒョットコイトウムシオイ,貝類,,絶滅危惧I類（CR+EN）,,,moe_redlist,GBIFへの照会自体が未実施（gbif_taxon_key欠落・gbif_match_type=NULL）
chamalycaeus nakashimai nakashimai,Chamalycaeus nakashimai nakashimai,クビレイトウムシオイ,貝類,,絶滅危惧I類（CR+EN）,,,moe_redlist,GBIFへの照会自体が未実施（gbif_taxon_key欠落・gbif_match_type=NULL）
chamalycaeus nishii,Chamalycaeus nishii,タカチホムシオイ,貝類,,絶滅危惧I類（CR+EN）,,,moe_redlist,GBIFへの照会自体が未実施（gbif_taxon_key欠落・gbif_match_type=NULL）
chamalycaeus oshimanus,Chamalycaeus oshimanus,オオシマムシオイ,貝類,,絶滅危惧II類（VU）,,,moe_redlist,GBIFへの照会自体が未実施（gbif_taxon_key欠落・gbif_match_type=NULL）
chamalycaeus purus,Chamalycaeus purus,ヒメムシオイ,貝類,,絶滅危惧I類（CR+EN）,,,moe_redlist,GBIFへの照会自体が未実施（gbif_taxon_key欠落・gbif_match_type=NULL）
chamalycaeus sadoensis,Chamalycaeus sadoensis,サドムシオイ,貝類,,絶滅危惧II類（VU）,,,moe_redlist,GBIFへの照会自体が未実施（gbif_taxon_key欠落・gbif_match_type=NULL）
chamalycaeus satsumanus laevicervix,Chamalycaeus satsumanus laevicervix,ヌメクビムシオイ,貝類,,絶滅危惧II類（VU）,,,moe_redlist,GBIFへの照会自体が未実施（gbif_taxon_key欠落・gbif_match_type=NULL）
chamalycaeus satsumanus satsumanus,Chamalycaeus satsumanus satsumanus,サツマムシオイ,貝類,,準絶滅危惧（NT）,,,moe_redlist,GBIFへの照会自体が未実施（gbif_taxon_key欠落・gbif_match_type=NULL）
chamalycaeus satsumanus tanegashimae,Chamalycaeus satsumanus tanegashimae,タネガシマムシオイ,貝類,,準絶滅危惧（NT）,,,moe_redlist,GBIFへの照会自体が未実施（gbif_taxon_key欠落・gbif_match_type=NULL）
chamalycaeus shiibaensis,Chamalycaeus shiibaensis,シイバムシオイ,貝類,,絶滅危惧I類（CR+EN）,,,moe_redlist,GBIFへの照会自体が未実施（gbif_taxon_key欠落・gbif_match_type=NULL）
chamalycaeus tadai,Chamalycaeus tadai,タダムシオイ,貝類,,準絶滅危惧（NT）,,,moe_redlist,GBIFへの照会自体が未実施（gbif_taxon_key欠落・gbif_match_type=NULL）
chamalycaeus takahashii,Chamalycaeus takahashii,オナガラムシオイ,貝類,,絶滅危惧I類（CR+EN）,,,moe_redlist,GBIFへの照会自体が未実施（gbif_taxon_key欠落・gbif_match_type=NULL）
chamalycaeus tokunoshimanus principialis,Chamalycaeus tokunoshimanus principialis,オオムシオイ,貝類,,絶滅危惧I類（CR+EN）,,,moe_redlist,GBIFへの照会自体が未実施（gbif_taxon_key欠落・gbif_match_type=NULL）
chamalycaeus tokunoshimanus tokunoshimanus,Chamalycaeus tokunoshimanus tokunoshimanus,トクノシマムシオイ,貝類,,絶滅危惧I類（CR+EN）,,,moe_redlist,GBIFへの照会自体が未実施（gbif_taxon_key欠落・gbif_match_type=NULL）
chamalycaeus tsushimanus,Chamalycaeus tsushimanus,ツシマムシオイ,貝類,,絶滅危惧II類（VU）,,,moe_redlist,GBIFへの照会自体が未実施（gbif_taxon_key欠落・gbif_match_type=NULL）
chamalycaeus vinctus,Chamalycaeus vinctus,クビマキムシオイ,貝類,,準絶滅危惧（NT）,,,moe_redlist,GBIFへの照会自体が未実施（gbif_taxon_key欠落・gbif_match_type=NULL）
chamalycaeus yanoshigehumii,Chamalycaeus yanoshigehumii,ヤノムシオイ,貝類,,絶滅危惧I類（CR+EN）,,,moe_redlist,GBIFへの照会自体が未実施（gbif_taxon_key欠落・gbif_match_type=NULL）
chara braunii,Chara braunii,シャジクモ,藻類,,絶滅危惧Ⅱ類（VU）,,,moe_redlist,GBIFへの照会自体が未実施（gbif_taxon_key欠落・gbif_match_type=NULL）
chara fibrosa var. longicorollata,Chara fibrosa var. longicorollata,エリナガシャジクモ,藻類,,情報不足（DD）,,,moe_redlist,GBIFへの照会自体が未実施（gbif_taxon_key欠落・gbif_match_type=NULL）
chara globularis var. globularis,Chara globularis var. globularis,カタシャジクモ,藻類,,絶滅危惧Ⅱ類（VU）,,,moe_redlist,GBIFへの照会自体が未実施（gbif_taxon_key欠落・gbif_match_type=NULL）
chasmagnathus convexus,Chasmagnathus convexus,ハマガニ,甲殻類（海洋生物）,,準絶滅危惧（NT）,,,moe_redlist,GBIFへの照会自体が未実施（gbif_taxon_key欠落・gbif_match_type=NULL）
chasmina takakuwai,Chasmina takakuwai,オガサワラシロガ,昆虫類,,絶滅危惧II類（VU）,,,moe_redlist,GBIFへの照会自体が未実施（gbif_taxon_key欠落・gbif_match_type=NULL）
cheilanthes argentea,Cheilanthes argentea,ヒメウラジロ,維管束植物,,準絶滅危惧（NT）,,,moe_redlist,GBIFへの照会自体が未実施（gbif_taxon_key欠落・gbif_match_type=NULL）
cheilanthes chusana,Cheilanthes chusana,エビガラシダ,維管束植物,,絶滅危惧Ⅱ類（VU）,,,moe_redlist,GBIFへの照会自体が未実施（gbif_taxon_key欠落・gbif_match_type=NULL）
cheilanthes krameri,Cheilanthes krameri,イワウラジロ,維管束植物,,絶滅危惧ⅠＡ類（CR）,,,moe_redlist,GBIFへの照会自体が未実施（gbif_taxon_key欠落・gbif_match_type=NULL）
cheilinus undulatus,Cheilinus undulatus,メガネモチノウオ,魚類（海洋生物）,,準絶滅危惧（NT）,,,moe_redlist,GBIFへの照会自体が未実施（gbif_taxon_key欠落・gbif_match_type=NULL）
cheilolejeunea ryukyuensis,Cheilolejeunea ryukyuensis,リュウキュウシゲリゴケ,蘚苔類,,絶滅危惧ⅠB類（EN）,,,moe_redlist,GBIFへの照会自体が未実施（gbif_taxon_key欠落・gbif_match_type=NULL）
cheirostylis liukiuensis,Cheirostylis liukiuensis,アカバシュスラン,維管束植物,,絶滅危惧Ⅱ類（VU）,,,moe_redlist,GBIFへの照会自体が未実施（gbif_taxon_key欠落・gbif_match_type=NULL）
cheirostylis takeoi,Cheirostylis takeoi,アリサンムヨウラン,維管束植物,,絶滅危惧ⅠＡ類（CR）,,,moe_redlist,GBIFへの照会自体が未実施（gbif_taxon_key欠落・gbif_match_type=NULL）
cheirotonus jambar,Cheirotonus jambar,ヤンバルテナガコガネ,昆虫類,,絶滅危惧IB類（EN）,,,moe_redlist,GBIFへの照会自体が未実施（gbif_taxon_key欠落・gbif_match_type=NULL）
chelon subviridis,Chelon subviridis,アンピンボラ,汽水・淡水魚類,,情報不足（DD）,,,moe_redlist,GBIFへの照会自体が未実施（gbif_taxon_key欠落・gbif_match_type=NULL）
chelonopsis longipes,Chelonopsis longipes,タニジャコウソウ,維管束植物,,準絶滅危惧（NT）,,,moe_redlist,GBIFへの照会自体が未実施（gbif_taxon_key欠落・gbif_match_type=NULL）
chenopodium bryoniifolium,Chenopodium bryoniifolium,ミドリアカザ,維管束植物,,絶滅危惧ⅠＡ類（CR）,,,moe_redlist,GBIFへの照会自体が未実施（gbif_taxon_key欠落・gbif_match_type=NULL）
chenopodium gracilispicum,Chenopodium gracilispicum,イワアカザ,維管束植物,,絶滅危惧ⅠＡ類（CR）,,,moe_redlist,GBIFへの照会自体が未実施（gbif_taxon_key欠落・gbif_match_type=NULL）
chersotis deplanata,Chersotis deplanata,ヒメカクモンヤガ,昆虫類,,絶滅危惧IB類（EN）,,,moe_redlist,GBIFへの照会自体が未実施（gbif_taxon_key欠落・gbif_match_type=NULL）
chevallieria sp.,Chevallieria sp.,ジーコンボツボ,貝類,,準絶滅危惧（NT）,,,moe_redlist,GBIFへの照会自体が未実施（gbif_taxon_key欠落・gbif_match_type=NULL）
chicoreus asianus,Chicoreus asianus,オニサザエ,貝類,,準絶滅危惧（NT）,,,moe_redlist,GBIFへの照会自体が未実施（gbif_taxon_key欠落・gbif_match_type=NULL）
chikusichloa aquatica,Chikusichloa aquatica,ツクシガヤ,維管束植物,,絶滅危惧Ⅱ類（VU）,,,moe_redlist,GBIFへの照会自体が未実施（gbif_taxon_key欠落・gbif_match_type=NULL）
chikusichloa brachyanthera,Chikusichloa brachyanthera,イリオモテガヤ,維管束植物,,絶滅危惧Ⅱ類（VU）,,,moe_redlist,GBIFへの照会自体が未実施（gbif_taxon_key欠落・gbif_match_type=NULL）
chilo pulveratus,Chilo pulveratus,ゴマフツトガ,昆虫類,,準絶滅危惧（NT）,,,moe_redlist,GBIFへの照会自体が未実施（gbif_taxon_key欠落・gbif_match_type=NULL）
chilodes pacificus,Chilodes pacificus,ヌマベウスキヨトウ,昆虫類,,絶滅危惧II類（VU）,,,moe_redlist,GBIFへの照会自体が未実施（gbif_taxon_key欠落・gbif_match_type=NULL）
chiloscylliumpunctatum,Chiloscylliumpunctatum,イヌザメ,魚類（海洋生物）,,情報不足（DD）,,,moe_redlist,GBIFへの照会自体が未実施（gbif_taxon_key欠落・gbif_match_type=NULL）
chimaera phantasma,Chimaera phantasma,ギンザメ,魚類（海洋生物）,,情報不足（DD）,,,moe_redlist,GBIFへの照会自体が未実施（gbif_taxon_key欠落・gbif_match_type=NULL）
chimaphila umbellata,Chimaphila umbellata,オオウメガサソウ,維管束植物,,準絶滅危惧（NT）,,,moe_redlist,GBIFへの照会自体が未実施（gbif_taxon_key欠落・gbif_match_type=NULL）
chimarrogale platycephala,Chimarrogale platycephala,九州地方のカワネズミ,哺乳類,,絶滅のおそれのある地域個体群（LP）,,,moe_redlist,GBIFへの照会自体が未実施（gbif_taxon_key欠落・gbif_match_type=NULL）
chiodecton congestulum,Chiodecton congestulum,ヒョウモンメダイゴケ,地衣類,,準絶滅危惧（NT）,,,moe_redlist,GBIFへの照会自体が未実施（gbif_taxon_key欠落・gbif_match_type=NULL）
chion semigranosus,Chion semigranosus,フジノハナガイ,貝類,,準絶滅危惧（NT）,,,moe_redlist,GBIFへの照会自体が未実施（gbif_taxon_key欠落・gbif_match_type=NULL）
chionanthus retusus,Chionanthus retusus,ヒトツバタゴ,維管束植物,,絶滅危惧Ⅱ類（VU）,,,moe_redlist,GBIFへの照会自体が未実施（gbif_taxon_key欠落・gbif_match_type=NULL）
chionographis hisauchiana subsp. hisauchiana,Chionographis hisauchiana subsp. hisauchiana,アズマシライトソウ,維管束植物,,絶滅危惧Ⅱ類（VU）,,,moe_redlist,GBIFへの照会自体が未実施（gbif_taxon_key欠落・gbif_match_type=NULL）
chionographis hisauchiana subsp. kurohimensis,Chionographis hisauchiana subsp. kurohimensis,クロヒメシライトソウ,維管束植物,,絶滅危惧Ⅱ類（VU）,,,moe_redlist,GBIFへの照会自体が未実施（gbif_taxon_key欠落・gbif_match_type=NULL）
chionographis hisauchiana subsp. minoensis,Chionographis hisauchiana subsp. minoensis,ミノシライトソウ,維管束植物,,絶滅危惧ⅠB類（EN）,,,moe_redlist,GBIFへの照会自体が未実施（gbif_taxon_key欠落・gbif_match_type=NULL）
chionographis japonica var. yakusimensis,Chionographis japonica var. yakusimensis,ヤクシマシライトソウ,維管束植物,,絶滅危惧Ⅱ類（VU）,,,moe_redlist,GBIFへの照会自体が未実施（gbif_taxon_key欠落・gbif_match_type=NULL）
chionographis koidzumiana var. koidzumiana,Chionographis koidzumiana var. koidzumiana,チャボシライトソウ,維管束植物,,絶滅危惧Ⅱ類（VU）,,,moe_redlist,GBIFへの照会自体が未実施（gbif_taxon_key欠落・gbif_match_type=NULL）
chionographis koidzumiana var. kurokamiana,Chionographis koidzumiana var. kurokamiana,クロカミシライトソウ,維管束植物,,絶滅危惧ⅠＡ類（CR）,,,moe_redlist,GBIFへの照会自体が未実施（gbif_taxon_key欠落・gbif_match_type=NULL）
chiromantes leptomerus,Chiromantes leptomerus,ハワイベンケイガニ,甲殻類（海洋生物）,,情報不足（DD）,,,moe_redlist,GBIFへの照会自体が未実施（gbif_taxon_key欠落・gbif_match_type=NULL）
chiromantes magnus,Chiromantes magnus,オガサワラクロベンケイガニ,その他無脊椎動物,,絶滅危惧II類（VU）,,,moe_redlist,GBIFへの照会自体が未実施（gbif_taxon_key欠落・gbif_match_type=NULL）
chiromantes ryukyuanum,Chiromantes ryukyuanum,リュウキュウアカテガニ,その他無脊椎動物,,絶滅危惧II類（VU）,,,moe_redlist,GBIFへの照会自体が未実施（gbif_taxon_key欠落・gbif_match_type=NULL）
chiusanophlebia asahinai,Chiusanophlebia asahinai,リュウキュウトビイロカゲロウ,昆虫類,,準絶滅危惧（NT）,,,moe_redlist,GBIFへの照会自体が未実施（gbif_taxon_key欠落・gbif_match_type=NULL）
chlaenius deliciolus,Chlaenius deliciolus,ヒトツメアオゴミムシ,昆虫類,,準絶滅危惧（NT）,,,moe_redlist,GBIFへの照会自体が未実施（gbif_taxon_key欠落・gbif_match_type=NULL）
chlaenius ikedai,Chlaenius ikedai,オガサワラアオゴミムシ,昆虫類,,絶滅危惧IB類（EN）,,,moe_redlist,GBIFへの照会自体が未実施（gbif_taxon_key欠落・gbif_match_type=NULL）
chlaenius pericallus,Chlaenius pericallus,オオサカアオゴミムシ,昆虫類,,情報不足（DD）,,,moe_redlist,GBIFへの照会自体が未実施（gbif_taxon_key欠落・gbif_match_type=NULL）
chlaenius prostenus,Chlaenius prostenus,クビナガキベリアオゴミムシ,昆虫類,,情報不足（DD）,,,moe_redlist,GBIFへの照会自体が未実施（gbif_taxon_key欠落・gbif_match_type=NULL）
chlaenius spoliatus motschulskyi,Chlaenius spoliatus motschulskyi,ツヤキベリアオゴミムシ,昆虫類,,絶滅危惧II類（VU）,,,moe_redlist,GBIFへの照会自体が未実施（gbif_taxon_key欠落・gbif_match_type=NULL）
chlaenius sulcicollis,Chlaenius sulcicollis,クマガイクロアオゴミムシ,昆虫類,,準絶滅危惧（NT）,,,moe_redlist,GBIFへの照会自体が未実施（gbif_taxon_key欠落・gbif_match_type=NULL）
chlamydoselachus anguineus,Chlamydoselachus anguineus,ラブカ,魚類（海洋生物）,,情報不足（DD）,,,moe_redlist,GBIFへの照会自体が未実施（gbif_taxon_key欠落・gbif_match_type=NULL）
chloranthus fortunei,Chloranthus fortunei,キビヒトリシズカ,維管束植物,,絶滅危惧Ⅱ類（VU）,,,moe_redlist,GBIFへの照会自体が未実施（gbif_taxon_key欠落・gbif_match_type=NULL）
chlorodesmis haterumana,Chlorodesmis haterumana,ヒナマユハキ,藻類,,情報不足（DD）,,,moe_redlist,GBIFへの照会自体が未実施（gbif_taxon_key欠落・gbif_match_type=NULL）
chlorogomphus brunneus keramensis,Chlorogomphus brunneus keramensis,アサトカラスヤンマ,昆虫類,,絶滅危惧II類（VU）,,,moe_redlist,GBIFへの照会自体が未実施（gbif_taxon_key欠落・gbif_match_type=NULL）
chlorogomphus iriomotensis,Chlorogomphus iriomotensis,イリオモテミナミヤンマ,昆虫類,,準絶滅危惧（NT）,,,moe_redlist,GBIFへの照会自体が未実施（gbif_taxon_key欠落・gbif_match_type=NULL）
chlorogomphus okinawensis,Chlorogomphus okinawensis,オキナワミナミヤンマ,昆虫類,,絶滅危惧II類（VU）,,,moe_redlist,GBIFへの照会自体が未実施（gbif_taxon_key欠落・gbif_match_type=NULL）
chlorophorus boninensis,Chlorophorus boninensis,オガサワラトラカミキリ,昆虫類,,準絶滅危惧（NT）,,,moe_redlist,GBIFへの照会自体が未実施（gbif_taxon_key欠落・gbif_match_type=NULL）
chlorophorus kobayashii,Chlorophorus kobayashii,オガサワラキイロトラカミキリ,昆虫類,,準絶滅危惧（NT）,,,moe_redlist,GBIFへの照会自体が未実施（gbif_taxon_key欠落・gbif_match_type=NULL）
chlorophorus kusamai,Chlorophorus kusamai,ムコジマトラカミキリ,昆虫類,,絶滅危惧IB類（EN）,,,moe_redlist,GBIFへの照会自体が未実施（gbif_taxon_key欠落・gbif_match_type=NULL）
chlorophorus masatakai,Chlorophorus masatakai,ムコジマキイロトラカミキリ,昆虫類,,絶滅危惧IB類（EN）,,,moe_redlist,GBIFへの照会自体が未実施（gbif_taxon_key欠落・gbif_match_type=NULL）
chlorurus oedema,Chlorurus oedema,コブブダイ,魚類（海洋生物）,,情報不足（DD）,,,moe_redlist,GBIFへの照会自体が未実施（gbif_taxon_key欠落・gbif_match_type=NULL）
choanomphalodes perstriatulus,Choanomphalodes perstriatulus,カドヒラマキガイ,貝類,,準絶滅危惧（NT）,,,moe_redlist,GBIFへの照会自体が未実施（gbif_taxon_key欠落・gbif_match_type=NULL）
choerodon schoenleinii,Choerodon schoenleinii,シロクラベラ,魚類（海洋生物）,,準絶滅危惧（NT）,,,moe_redlist,GBIFへの照会自体が未実施（gbif_taxon_key欠落・gbif_match_type=NULL）
choerospondias axillaris,Choerospondias axillaris,チャンチンモドキ,維管束植物,,絶滅危惧ⅠB類（EN）,,,moe_redlist,GBIFへの照会自体が未実施（gbif_taxon_key欠落・gbif_match_type=NULL）
chosenelix sp.,Chosenelix sp.,ツシマウスカワマイマイモドキ,貝類,,絶滅危惧IB類（EN）,,,moe_redlist,GBIFへの照会自体が未実施（gbif_taxon_key欠落・gbif_match_type=NULL）
chromolaena odorata,Chromolaena odorata,ヒマワリヒヨドリ,植物,,,その他の総合対策外来種,,moe_ias_list,GBIFへの照会自体が未実施（gbif_taxon_key欠落・gbif_match_type=NULL）
chromophyton vischeri,Chromophyton vischeri,ヒカリモ,藻類,,絶滅危惧Ⅱ類（VU）,,,moe_redlist,GBIFへの照会自体が未実施（gbif_taxon_key欠落・gbif_match_type=NULL）
chroodiscus defectus,Chroodiscus defectus,コゲボシゴケモドキ,地衣類,,情報不足（DD）,,,moe_redlist,GBIFへの照会自体が未実施（gbif_taxon_key欠落・gbif_match_type=NULL）
chrysanthemum arcticum subsp. yezoense,Chrysanthemum arcticum subsp. yezoense,チシマコハマギク,維管束植物,,絶滅危惧Ⅱ類（VU）,,,moe_redlist,GBIFへの照会自体が未実施（gbif_taxon_key欠落・gbif_match_type=NULL）
chrysanthemum crassum,Chrysanthemum crassum,オオシマノジギク,維管束植物,,準絶滅危惧（NT）,,,moe_redlist,GBIFへの照会自体が未実施（gbif_taxon_key欠落・gbif_match_type=NULL）
chrysanthemum ornatum var. tokarense,Chrysanthemum ornatum var. tokarense,トカラノギク,維管束植物,,準絶滅危惧（NT）,,,moe_redlist,GBIFへの照会自体が未実施（gbif_taxon_key欠落・gbif_match_type=NULL）
chrysanthemum pallasianum,Chrysanthemum pallasianum,オオイワインチン,維管束植物,,絶滅危惧Ⅱ類（VU）,,,moe_redlist,GBIFへの照会自体が未実施（gbif_taxon_key欠落・gbif_match_type=NULL）
chrysanthemum seticuspe f. boreale,Chrysanthemum seticuspe f. boreale,キクタニギク,維管束植物,,準絶滅危惧（NT）,,,moe_redlist,GBIFへの照会自体が未実施（gbif_taxon_key欠落・gbif_match_type=NULL）
chrysanthemum wakasaense,Chrysanthemum wakasaense,ワカサハマギク,維管束植物,,準絶滅危惧（NT）,,,moe_redlist,GBIFへの照会自体が未実施（gbif_taxon_key欠落・gbif_match_type=NULL）
chrysanthemum weyrichii,Chrysanthemum weyrichii,ピレオギク,維管束植物,,絶滅危惧Ⅱ類（VU）,,,moe_redlist,GBIFへの照会自体が未実施（gbif_taxon_key欠落・gbif_match_type=NULL）
chrysanthemum yoshinaganthum,Chrysanthemum yoshinaganthum,ナカガワノギク,維管束植物,,準絶滅危惧（NT）,,,moe_redlist,GBIFへの照会自体が未実施（gbif_taxon_key欠落・gbif_match_type=NULL）
chrysanthemum zawadskii subsp. naktongense,Chrysanthemum zawadskii subsp. naktongense,チョウセンノギク,維管束植物,,絶滅危惧ⅠB類（EN）,,,moe_redlist,GBIFへの照会自体が未実施（gbif_taxon_key欠落・gbif_match_type=NULL）
chrysanthemum zawadskii subsp. naktongense var. dissectum,Chrysanthemum zawadskii subsp. naktongense var. dissectum,イワギク,維管束植物,,絶滅危惧Ⅱ類（VU）,,,moe_redlist,GBIFへの照会自体が未実施（gbif_taxon_key欠落・gbif_match_type=NULL）
chrysanthemum（dendranthema） cv.,Chrysanthemum（Dendranthema） cv.,栽培キク属,植物,,,その他の総合対策外来種,,moe_ias_list,GBIFへの照会自体が未実施（gbif_taxon_key欠落・gbif_match_type=NULL）
chrysis boninensis,Chrysis boninensis,オガサワラセイボウ,昆虫類,,絶滅危惧IA類（CR）,,,moe_redlist,GBIFへの照会自体が未実施（gbif_taxon_key欠落・gbif_match_type=NULL）
chrysis nohirai,Chrysis nohirai,ノヒラセイボウ,昆虫類,,絶滅危惧II類（VU）,,,moe_redlist,GBIFへの照会自体が未実施（gbif_taxon_key欠落・gbif_match_type=NULL）
chrysobothris boninensis boninensis,Chrysobothris boninensis boninensis,オガサワラムツボシタマムシ父島列島亜種,昆虫類,,絶滅危惧II類（VU）,,,moe_redlist,GBIFへの照会自体が未実施（gbif_taxon_key欠落・gbif_match_type=NULL）
chrysolina virgata,Chrysolina virgata,オオルリハムシ,昆虫類,,準絶滅危惧（NT）,,,moe_redlist,GBIFへの照会自体が未実施（gbif_taxon_key欠落・gbif_match_type=NULL）
chrysolyda leucocephala,Chrysolyda leucocephala,シロズヒラタハバチ,昆虫類,,情報不足（DD）,,,moe_redlist,GBIFへの照会自体が未実施（gbif_taxon_key欠落・gbif_match_type=NULL）
chrysosplenium album var. flavum,Chrysosplenium album var. flavum,キバナハナネコノメ,維管束植物,,準絶滅危惧（NT）,,,moe_redlist,GBIFへの照会自体が未実施（gbif_taxon_key欠落・gbif_match_type=NULL）
chrysosplenium maximowiczii,Chrysosplenium maximowiczii,ムカゴネコノメ,維管束植物,,準絶滅危惧（NT）,,,moe_redlist,GBIFへの照会自体が未実施（gbif_taxon_key欠落・gbif_match_type=NULL）
chrysoteuchia moriokensis,Chrysoteuchia moriokensis,モリオカツトガ,昆虫類,,準絶滅危惧（NT）,,,moe_redlist,GBIFへの照会自体が未実施（gbif_taxon_key欠落・gbif_match_type=NULL）
cichlasoma nigrofasciatum,Cichlasoma nigrofasciatum,コンウ゛ィクトシクリッド,魚類,,,その他の総合対策外来種,,moe_ias_list,GBIFへの照会自体が未実施（gbif_taxon_key欠落・gbif_match_type=NULL）
cicindela gemmata aino,Cicindela gemmata aino,アイヌハンミョウ,昆虫類,,準絶滅危惧（NT）,,,moe_redlist,GBIFへの照会自体が未実施（gbif_taxon_key欠落・gbif_match_type=NULL）
cicindela lewisi,Cicindela lewisi,ルイスハンミョウ,昆虫類,,絶滅危惧IB類（EN）,,,moe_redlist,GBIFへの照会自体が未実施（gbif_taxon_key欠落・gbif_match_type=NULL）
ciconia ciconia boyciana,Ciconia ciconia boyciana,コウノトリ,鳥類,,絶滅危惧IB類（EN）,,,moe_redlist,GBIFへの照会自体が未実施（gbif_taxon_key欠落・gbif_match_type=NULL）
cidariplura signata,Cidariplura signata,カギモンハナオイアツバ,昆虫類,,準絶滅危惧（NT）,,,moe_redlist,GBIFへの照会自体が未実施（gbif_taxon_key欠落・gbif_match_type=NULL）
cincinna japonica,Cincinna japonica,ニホンミズシタダミ,貝類,,絶滅危惧II類（VU）,,,moe_redlist,GBIFへの照会自体が未実施（gbif_taxon_key欠落・gbif_match_type=NULL）
cincinna kizakikoensis,Cincinna kizakikoensis,キザキコミズシタダミ,貝類,,絶滅危惧I類（CR+EN）,,,moe_redlist,GBIFへの照会自体が未実施（gbif_taxon_key欠落・gbif_match_type=NULL）
cingulina sp.,Cingulina sp.,ヒガタヨコイトカケギリ,貝類,,情報不足（DD）,,,moe_redlist,GBIFへの照会自体が未実施（gbif_taxon_key欠落・gbif_match_type=NULL）
cinnamomum daphnoides,Cinnamomum daphnoides,マルバニッケイ,維管束植物,,準絶滅危惧（NT）,,,moe_redlist,GBIFへの照会自体が未実施（gbif_taxon_key欠落・gbif_match_type=NULL）
cinnamomum sieboldii,Cinnamomum sieboldii,ニッケイ,維管束植物,,準絶滅危惧（NT）,,,moe_redlist,GBIFへの照会自体が未実施（gbif_taxon_key欠落・gbif_match_type=NULL）
cipangocharax akioi,Cipangocharax akioi,コウツムシオイ,貝類,,絶滅危惧II類（VU）,,,moe_redlist,GBIFへの照会自体が未実施（gbif_taxon_key欠落・gbif_match_type=NULL）
cipangocharax ananensis,Cipangocharax ananensis,アナンムシオイ,貝類,,絶滅危惧IA類（CR）,,,moe_redlist,GBIFへの照会自体が未実施（gbif_taxon_key欠落・gbif_match_type=NULL）
cipangocharax biexcisus,Cipangocharax biexcisus,クチキレムシオイ,貝類,,絶滅危惧I類（CR+EN）,,,moe_redlist,GBIFへの照会自体が未実施（gbif_taxon_key欠落・gbif_match_type=NULL）
cipangocharax kiuchii,Cipangocharax kiuchii,トウゲンムシオイ,貝類,,絶滅危惧II類（VU）,,,moe_redlist,GBIFへの照会自体が未実施（gbif_taxon_key欠落・gbif_match_type=NULL）
cipangocharax okamurai,Cipangocharax okamurai,オカムラムシオイ,貝類,,絶滅危惧II類（VU）,,,moe_redlist,GBIFへの照会自体が未実施（gbif_taxon_key欠落・gbif_match_type=NULL）
cipangocharax placeonovitas,Cipangocharax placeonovitas,クビナガムシオイ,貝類,,絶滅危惧I類（CR+EN）,,,moe_redlist,GBIFへの照会自体が未実施（gbif_taxon_key欠落・gbif_match_type=NULL）
cipangopaludina chinensis laeta,Cipangopaludina chinensis laeta,マルタニシ,貝類,,絶滅危惧II類（VU）,,,moe_redlist,GBIFへの照会自体が未実施（gbif_taxon_key欠落・gbif_match_type=NULL）
circaea canadensis subsp. quadrisulcata,Circaea canadensis subsp. quadrisulcata,エゾミズタマソウ,維管束植物,,絶滅危惧Ⅱ類（VU）,,,moe_redlist,GBIFへの照会自体が未実施（gbif_taxon_key欠落・gbif_match_type=NULL）
circe scripta,Circe scripta,タイワンシラオガイ,貝類,,絶滅危惧I類（CR+EN）,,,moe_redlist,GBIFへの照会自体が未実施（gbif_taxon_key欠落・gbif_match_type=NULL）
circe undatina,Circe undatina,シラオガイ,貝類,,準絶滅危惧（NT）,,,moe_redlist,GBIFへの照会自体が未実施（gbif_taxon_key欠落・gbif_match_type=NULL）
circulifolium microdendron,Circulifolium microdendron,ホウライハゴロモゴケ,蘚苔類,,準絶滅危惧（NT）,,,moe_redlist,GBIFへの照会自体が未実施（gbif_taxon_key欠落・gbif_match_type=NULL）
circulus duplicatus,Circulus duplicatus,アラウズマキ,貝類,,絶滅危惧II類（VU）,,,moe_redlist,GBIFへの照会自体が未実施（gbif_taxon_key欠落・gbif_match_type=NULL）
circus aeruginosus spilonotus,Circus aeruginosus spilonotus,チュウヒ,鳥類,,絶滅危惧IB類（EN）,,,moe_redlist,GBIFへの照会自体が未実施（gbif_taxon_key欠落・gbif_match_type=NULL）
cirsium aidzuense,Cirsium aidzuense,アイズヒメアザミ,維管束植物,,絶滅危惧ⅠB類（EN）,,,moe_redlist,GBIFへの照会自体が未実施（gbif_taxon_key欠落・gbif_match_type=NULL）
cirsium akimotoi,Cirsium akimotoi,シライワアザミ,維管束植物,,絶滅危惧ⅠＡ類（CR）,,,moe_redlist,GBIFへの照会自体が未実施（gbif_taxon_key欠落・gbif_match_type=NULL）
cirsium apoense,Cirsium apoense,アポイアザミ,維管束植物,,絶滅危惧ⅠＡ類（CR）,,,moe_redlist,GBIFへの照会自体が未実施（gbif_taxon_key欠落・gbif_match_type=NULL）
cirsium ashinokuraense,Cirsium ashinokuraense,アシノクラアザミ,維管束植物,,絶滅危惧ⅠB類（EN）,,,moe_redlist,GBIFへの照会自体が未実施（gbif_taxon_key欠落・gbif_match_type=NULL）
cirsium austrokiushianum,Cirsium austrokiushianum,サツママアザミ,維管束植物,,準絶滅危惧（NT）,,,moe_redlist,GBIFへの照会自体が未実施（gbif_taxon_key欠落・gbif_match_type=NULL）
cirsium boninense,Cirsium boninense,オガサワラアザミ,維管束植物,,準絶滅危惧（NT）,,,moe_redlist,GBIFへの照会自体が未実施（gbif_taxon_key欠落・gbif_match_type=NULL）
cirsium chikabumiense,Cirsium chikabumiense,チカブミアザミ,維管束植物,,絶滅危惧ⅠB類（EN）,,,moe_redlist,GBIFへの照会自体が未実施（gbif_taxon_key欠落・gbif_match_type=NULL）
cirsium chokaiense,Cirsium chokaiense,チョウカイアザミ,維管束植物,,準絶滅危惧（NT）,,,moe_redlist,GBIFへの照会自体が未実施（gbif_taxon_key欠落・gbif_match_type=NULL）
cirsium confertissimum,Cirsium confertissimum,コイブキアザミ,維管束植物,,絶滅危惧ⅠB類（EN）,,,moe_redlist,GBIFへの照会自体が未実施（gbif_taxon_key欠落・gbif_match_type=NULL）
cirsium dipsacolepis var. calcicola,Cirsium dipsacolepis var. calcicola,アキヨシアザミ,維管束植物,,絶滅危惧Ⅱ類（VU）,,,moe_redlist,GBIFへの照会自体が未実施（gbif_taxon_key欠落・gbif_match_type=NULL）
cirsium ganjuense,Cirsium ganjuense,ガンジュアザミ,維管束植物,,絶滅危惧ⅠB類（EN）,,,moe_redlist,GBIFへの照会自体が未実施（gbif_taxon_key欠落・gbif_match_type=NULL）
cirsium happoense,Cirsium happoense,ハッポウアザミ,維管束植物,,絶滅危惧ⅠB類（EN）,,,moe_redlist,GBIFへの照会自体が未実施（gbif_taxon_key欠落・gbif_match_type=NULL）
cirsium homolepis,Cirsium homolepis,オゼヌマアザミ,維管束植物,,絶滅危惧Ⅱ類（VU）,,,moe_redlist,GBIFへの照会自体が未実施（gbif_taxon_key欠落・gbif_match_type=NULL）
cirsium horiianum,Cirsium horiianum,オガアザミ,維管束植物,,絶滅危惧Ⅱ類（VU）,,,moe_redlist,GBIFへの照会自体が未実施（gbif_taxon_key欠落・gbif_match_type=NULL）
cirsium japonicum var. australe,Cirsium japonicum var. australe,タカサゴアザミ,維管束植物,,絶滅危惧ⅠＡ類（CR）,,,moe_redlist,GBIFへの照会自体が未実施（gbif_taxon_key欠落・gbif_match_type=NULL）
cirsium japonicum var. ibukiense,Cirsium japonicum var. ibukiense,ミヤマコアザミ,維管束植物,,準絶滅危惧（NT）,,,moe_redlist,GBIFへの照会自体が未実施（gbif_taxon_key欠落・gbif_match_type=NULL）
cirsium katoanum,Cirsium katoanum,ウゼンヒメアザミ,維管束植物,,絶滅危惧ⅠＡ類（CR）,,,moe_redlist,GBIFへの照会自体が未実施（gbif_taxon_key欠落・gbif_match_type=NULL）
cirsium lucens,Cirsium lucens,テリハアザミ,維管束植物,,準絶滅危惧（NT）,,,moe_redlist,GBIFへの照会自体が未実施（gbif_taxon_key欠落・gbif_match_type=NULL）
cirsium lucens var. bracteosum,Cirsium lucens var. bracteosum,ヘイケモリアザミ,維管束植物,,絶滅危惧ⅠＡ類（CR）,,,moe_redlist,GBIFへの照会自体が未実施（gbif_taxon_key欠落・gbif_match_type=NULL）
cirsium magofukui,Cirsium magofukui,イナベアザミ,維管束植物,,絶滅危惧ⅠＡ類（CR）,,,moe_redlist,GBIFへの照会自体が未実施（gbif_taxon_key欠落・gbif_match_type=NULL）
cirsium masami-saitoanum,Cirsium masami-saitoanum,ヒュウガアザミ,維管束植物,,絶滅危惧ⅠＡ類（CR）,,,moe_redlist,GBIFへの照会自体が未実施（gbif_taxon_key欠落・gbif_match_type=NULL）
cirsium nippoense,Cirsium nippoense,ニッポウアザミ,維管束植物,,絶滅危惧ⅠＡ類（CR）,,,moe_redlist,GBIFへの照会自体が未実施（gbif_taxon_key欠落・gbif_match_type=NULL）
cirsium nipponicum var. sadoense,Cirsium nipponicum var. sadoense,サドアザミ,維管束植物,,絶滅危惧Ⅱ類（VU）,,,moe_redlist,GBIFへの照会自体が未実施（gbif_taxon_key欠落・gbif_match_type=NULL）
cirsium opacum,Cirsium opacum,カツラカワアザミ,維管束植物,,絶滅危惧ⅠB類（EN）,,,moe_redlist,GBIFへの照会自体が未実施（gbif_taxon_key欠落・gbif_match_type=NULL）
cirsium pseudosuffultum,Cirsium pseudosuffultum,ニセツクシアザミ,維管束植物,,絶滅危惧ⅠB類（EN）,,,moe_redlist,GBIFへの照会自体が未実施（gbif_taxon_key欠落・gbif_match_type=NULL）
cirsium segetum,Cirsium segetum,アレチアザミ,維管束植物,,絶滅危惧ⅠＡ類（CR）,,,moe_redlist,GBIFへの照会自体が未実施（gbif_taxon_key欠落・gbif_match_type=NULL）
cirsium tanegashimense,Cirsium tanegashimense,タネガシマアザミ,維管束植物,,絶滅危惧ⅠB類（EN）,,,moe_redlist,GBIFへの照会自体が未実施（gbif_taxon_key欠落・gbif_match_type=NULL）
cirsium tashiroi var. hidaense,Cirsium tashiroi var. hidaense,ヒダアザミ,維管束植物,,絶滅危惧Ⅱ類（VU）,,,moe_redlist,GBIFへの照会自体が未実施（gbif_taxon_key欠落・gbif_match_type=NULL）
cirsium tashiroi var. tashiroi,Cirsium tashiroi var. tashiroi,ワタムキアザミ,維管束植物,,絶滅危惧ⅠB類（EN）,,,moe_redlist,GBIFへの照会自体が未実施（gbif_taxon_key欠落・gbif_match_type=NULL）
cirsium tenue,Cirsium tenue,ウスバアザミ,維管束植物,,絶滅危惧ⅠB類（EN）,,,moe_redlist,GBIFへの照会自体が未実施（gbif_taxon_key欠落・gbif_match_type=NULL）
cirsium vulgare,Cirsium vulgare,アメリカオニアザミ,植物,,,その他の総合対策外来種,,moe_ias_list,GBIFへの照会自体が未実施（gbif_taxon_key欠落・gbif_match_type=NULL）
cirsium yakusimense,Cirsium yakusimense,ヤクシマアザミ,維管束植物,,準絶滅危惧（NT）,,,moe_redlist,GBIFへの照会自体が未実施（gbif_taxon_key欠落・gbif_match_type=NULL）
citrus nippokoreana,Citrus nippokoreana,コウライタチバナ,維管束植物,,絶滅危惧ⅠＡ類（CR）,,,moe_redlist,GBIFへの照会自体が未実施（gbif_taxon_key欠落・gbif_match_type=NULL）
citrus tachibana,Citrus tachibana,タチバナ,維管束植物,,準絶滅危惧（NT）,,,moe_redlist,GBIFへの照会自体が未実施（gbif_taxon_key欠落・gbif_match_type=NULL）
cladonia acuminata,Cladonia acuminata,ミゾハナゴケモドキ,地衣類,,情報不足（DD）,,,moe_redlist,GBIFへの照会自体が未実施（gbif_taxon_key欠落・gbif_match_type=NULL）
cladonia inobeana,Cladonia inobeana,イノベハナゴケ,地衣類,,情報不足（DD）,,,moe_redlist,GBIFへの照会自体が未実施（gbif_taxon_key欠落・gbif_match_type=NULL）
cladophoropsis fasciculata,Cladophoropsis fasciculata,ヒメミドリゲ,藻類,,情報不足（DD）,,,moe_redlist,GBIFへの照会自体が未実施（gbif_taxon_key欠落・gbif_match_type=NULL）
cladopus fukienensis,Cladopus fukienensis,タシロカワゴケソウ,維管束植物,,絶滅危惧ⅠＡ類（CR）,,,moe_redlist,GBIFへの照会自体が未実施（gbif_taxon_key欠落・gbif_match_type=NULL）
cladopus japonicus,Cladopus japonicus,カワゴケソウ,維管束植物,,絶滅危惧ⅠＡ類（CR）,,,moe_redlist,GBIFへの照会自体が未実施（gbif_taxon_key欠落・gbif_match_type=NULL）
cladothela boninensis,Cladothela boninensis,エダイボグモ,その他無脊椎動物,,情報不足（DD）,,,moe_redlist,GBIFへの照会自体が未実施（gbif_taxon_key欠落・gbif_match_type=NULL）
claoxylon centinarium,Claoxylon centinarium,セキモンノキ,維管束植物,,絶滅危惧ⅠＡ類（CR）,,,moe_redlist,GBIFへの照会自体が未実施（gbif_taxon_key欠落・gbif_match_type=NULL）
clarias batrachus,Clarias batrachus,ウォーキングキャットフィッシュ,魚類,,,その他の総合対策外来種,,moe_ias_list,GBIFへの照会自体が未実施（gbif_taxon_key欠落・gbif_match_type=NULL）
clarias fuscus,Clarias fuscus,ヒレナマズ,魚類,,,その他の総合対策外来種,,moe_ias_list,GBIFへの照会自体が未実施（gbif_taxon_key欠落・gbif_match_type=NULL）
clastobryellina ceylonensis,Clastobryellina ceylonensis,ヒロハコモチイトゴケ,蘚苔類,,絶滅危惧ⅠB類（EN）,,,moe_redlist,GBIFへの照会自体が未実施（gbif_taxon_key欠落・gbif_match_type=NULL）
clastobryellina merrillii,Clastobryellina merrillii,ナメリヒメコモチイトゴケ,蘚苔類,,情報不足（DD）,,,moe_redlist,GBIFへの照会自体が未実施（gbif_taxon_key欠落・gbif_match_type=NULL）
clastobryellina orientalis,Clastobryellina orientalis,ニセヒメコモチイトゴケ,蘚苔類,,情報不足（DD）,,,moe_redlist,GBIFへの照会自体が未実施（gbif_taxon_key欠落・gbif_match_type=NULL）
clastobryum cuculligerum,Clastobryum cuculligerum,イボミスジヤバネゴケ,蘚苔類,,絶滅危惧ⅠB類（EN）,,,moe_redlist,GBIFへの照会自体が未実施（gbif_taxon_key欠落・gbif_match_type=NULL）
clastobryum glabrescens,Clastobryum glabrescens,ミスジヤバネゴケ,蘚苔類,,絶滅危惧ⅠB類（EN）,,,moe_redlist,GBIFへの照会自体が未実施（gbif_taxon_key欠落・gbif_match_type=NULL）
clathrotellina carnicolor,Clathrotellina carnicolor,ヒラセザクラ,貝類,,準絶滅危惧（NT）,,,moe_redlist,GBIFへの照会自体が未実施（gbif_taxon_key欠落・gbif_match_type=NULL）
clematis fusca var. fusca,Clematis fusca var. fusca,クロバナハンショウヅル,維管束植物,,絶滅危惧Ⅱ類（VU）,,,moe_redlist,GBIFへの照会自体が未実施（gbif_taxon_key欠落・gbif_match_type=NULL）
clematis obvallata var. obvallata,Clematis obvallata var. obvallata,コウヤハンショウヅル,維管束植物,,絶滅危惧ⅠＡ類（CR）,,,moe_redlist,GBIFへの照会自体が未実施（gbif_taxon_key欠落・gbif_match_type=NULL）
clematis obvallata var. shikokiana,Clematis obvallata var. shikokiana,シコクハンショウヅル,維管束植物,,絶滅危惧ⅠB類（EN）,,,moe_redlist,GBIFへの照会自体が未実施（gbif_taxon_key欠落・gbif_match_type=NULL）
clematis patens,Clematis patens,カザグルマ,維管束植物,,準絶滅危惧（NT）,,,moe_redlist,GBIFへの照会自体が未実施（gbif_taxon_key欠落・gbif_match_type=NULL）
clematis terniflora var. boninensis,Clematis terniflora var. boninensis,ムニンセンニンソウ,維管束植物,,絶滅危惧Ⅱ類（VU）,,,moe_redlist,GBIFへの照会自体が未実施（gbif_taxon_key欠落・gbif_match_type=NULL）
clementia papyracea,Clementia papyracea,カミブスマ,貝類,,準絶滅危惧（NT）,,,moe_redlist,GBIFへの照会自体が未実施（gbif_taxon_key欠落・gbif_match_type=NULL）
clenchiella iriomotensis,Clenchiella iriomotensis,ヤイマカチドキシタダミ,貝類,,絶滅危惧II類（VU）,,,moe_redlist,GBIFへの照会自体が未実施（gbif_taxon_key欠落・gbif_match_type=NULL）
clerada apicicornis,Clerada apicicornis,ミナミナガカメムシ,昆虫類,,準絶滅危惧（NT）,,,moe_redlist,GBIFへの照会自体が未実施（gbif_taxon_key欠落・gbif_match_type=NULL）
clevea pusilla,Clevea pusilla,チチブゼニゴケ,蘚苔類,,絶滅危惧Ⅱ類（VU）,,,moe_redlist,GBIFへの照会自体が未実施（gbif_taxon_key欠落・gbif_match_type=NULL）
clibanarius ambonensis,Clibanarius ambonensis,ヒルギノボリヨコバサミ,甲殻類（海洋生物）,,情報不足（DD）,,,moe_redlist,GBIFへの照会自体が未実施（gbif_taxon_key欠落・gbif_match_type=NULL）
clinopodium multicaule var. yakusimense,Clinopodium multicaule var. yakusimense,コケトウバナ,維管束植物,,準絶滅危惧（NT）,,,moe_redlist,GBIFへの照会自体が未実施（gbif_taxon_key欠落・gbif_match_type=NULL）
clinostigma savoryanum,Clinostigma savoryanum,ノヤシ,維管束植物,,絶滅危惧Ⅱ類（VU）,,,moe_redlist,GBIFへの照会自体が未実施（gbif_taxon_key欠落・gbif_match_type=NULL）
clistocoeloma villosum,Clistocoeloma villosum,フジテガニ,甲殻類（海洋生物）,,準絶滅危惧（NT）,,,moe_redlist,GBIFへの照会自体が未実施（gbif_taxon_key欠落・gbif_match_type=NULL）
clithon pauluccianus,Clithon pauluccianus,レモンカノコ,貝類,,準絶滅危惧（NT）,,,moe_redlist,GBIFへの照会自体が未実施（gbif_taxon_key欠落・gbif_match_type=NULL）
clithon sp.,Clithon sp.,ヒメカノコ,貝類,,準絶滅危惧（NT）,,,moe_redlist,GBIFへの照会自体が未実施（gbif_taxon_key欠落・gbif_match_type=NULL）
clithon squarrosus,Clithon squarrosus,ウロコイシマキ,貝類,,準絶滅危惧（NT）,,,moe_redlist,GBIFへの照会自体が未実施（gbif_taxon_key欠落・gbif_match_type=NULL）
clitocybe vittatipes,Clitocybe vittatipes,ハチマキイヌシメジ,菌類,,情報不足（DD）,,,moe_redlist,GBIFへの照会自体が未実施（gbif_taxon_key欠落・gbif_match_type=NULL）
clossiana freija asahidakeana,Clossiana freija asahidakeana,アサヒヒョウモン,昆虫類,,準絶滅危惧（NT）,,,moe_redlist,GBIFへの照会自体が未実施（gbif_taxon_key欠落・gbif_match_type=NULL）
clossiana iphigenia,Clossiana iphigenia,カラフトヒョウモン,昆虫類,,準絶滅危惧（NT）,,,moe_redlist,GBIFへの照会自体が未実施（gbif_taxon_key欠落・gbif_match_type=NULL）
clupea pallasii,Clupea pallasii,本州の太平洋側湖沼系群のニシン,汽水・淡水魚類,,絶滅のおそれのある地域個体群（LP）,,,moe_redlist,GBIFへの照会自体が未実施（gbif_taxon_key欠落・gbif_match_type=NULL）
clypeomorus bifasciata,Clypeomorus bifasciata,カヤノミカニモリ,貝類,,準絶滅危惧（NT）,,,moe_redlist,GBIFへの照会自体が未実施（gbif_taxon_key欠落・gbif_match_type=NULL）
cobitis kaibarai,Cobitis kaibarai,アリアケスジシマドジョウ,汽水・淡水魚類,,絶滅危惧IB類（EN）,,,moe_redlist,GBIFへの照会自体が未実施（gbif_taxon_key欠落・gbif_match_type=NULL）
cobitis magnostriata,Cobitis magnostriata,オオガタスジシマドジョウ,汽水・淡水魚類,,絶滅危惧IB類（EN）,,,moe_redlist,GBIFへの照会自体が未実施（gbif_taxon_key欠落・gbif_match_type=NULL）
cobitis matsubarae,Cobitis matsubarae,ヤマトシマドジョウ,汽水・淡水魚類,,絶滅危惧II類（VU）,,,moe_redlist,GBIFへの照会自体が未実施（gbif_taxon_key欠落・gbif_match_type=NULL）
cobitis minamorii oumiensis,Cobitis minamorii oumiensis,ビワコガタスジシマドジョウ,汽水・淡水魚類,,絶滅危惧IB類（EN）,,,moe_redlist,GBIFへの照会自体が未実施（gbif_taxon_key欠落・gbif_match_type=NULL）
cobitis minamorii saninensis,Cobitis minamorii saninensis,サンインコガタスジシマドジョウ,汽水・淡水魚類,,絶滅危惧IB類（EN）,,,moe_redlist,GBIFへの照会自体が未実施（gbif_taxon_key欠落・gbif_match_type=NULL）
cobitis minamorii tokaiensis,Cobitis minamorii tokaiensis,トウカイコガタスジシマドジョウ,汽水・淡水魚類,,絶滅危惧IB類（EN）,,,moe_redlist,GBIFへの照会自体が未実施（gbif_taxon_key欠落・gbif_match_type=NULL）
cobitis sakahoko,Cobitis sakahoko,オオヨドシマドジョウ,汽水・淡水魚類,,絶滅危惧IB類（EN）,,,moe_redlist,GBIFへの照会自体が未実施（gbif_taxon_key欠落・gbif_match_type=NULL）
cobitis shikokuensis,Cobitis shikokuensis,ヒナイシドジョウ,汽水・淡水魚類,,絶滅危惧IB類（EN）,,,moe_redlist,GBIFへの照会自体が未実施（gbif_taxon_key欠落・gbif_match_type=NULL）
cobitis sp. biwae type d,Cobitis sp. BIWAE type D,トサシマドジョウ,汽水・淡水魚類,,絶滅危惧II類（VU）,,,moe_redlist,GBIFへの照会自体が未実施（gbif_taxon_key欠落・gbif_match_type=NULL）
cobitis striata fuchigamii,Cobitis striata fuchigamii,オンガスジシマドジョウ,汽水・淡水魚類,,絶滅危惧IB類（EN）,,,moe_redlist,GBIFへの照会自体が未実施（gbif_taxon_key欠落・gbif_match_type=NULL）
cobitis striata striata,Cobitis striata striata,チュウガタスジシマドジョウ,汽水・淡水魚類,,絶滅危惧II類（VU）,,,moe_redlist,GBIFへの照会自体が未実施（gbif_taxon_key欠落・gbif_match_type=NULL）
cobitis takatsuensis,Cobitis takatsuensis,イシドジョウ,汽水・淡水魚類,,絶滅危惧IB類（EN）,,,moe_redlist,GBIFへの照会自体が未実施（gbif_taxon_key欠落・gbif_match_type=NULL）
cocculus orbiculatus,Cocculus orbiculatus,ホウザンツヅラフジ,維管束植物,,絶滅危惧ⅠＡ類（CR）,,,moe_redlist,GBIFへの照会自体が未実施（gbif_taxon_key欠落・gbif_match_type=NULL）
cochlearia oblongifolia,Cochlearia oblongifolia,トモシリソウ,維管束植物,,絶滅危惧ⅠB類（EN）,,,moe_redlist,GBIFへの照会自体が未実施（gbif_taxon_key欠落・gbif_match_type=NULL）
cochlicopa lubrica,Cochlicopa lubrica,八丈島・佐渡島のヤマボタルガイ,貝類,,絶滅のおそれのある地域個体群（LP）,,,moe_redlist,GBIFへの照会自体が未実施（gbif_taxon_key欠落・gbif_match_type=NULL）
codakia paytenorum,Codakia paytenorum,ウラキツキガイ,貝類,,絶滅危惧II類（VU）,,,moe_redlist,GBIFへの照会自体が未実施（gbif_taxon_key欠落・gbif_match_type=NULL）
codonopsis javanica subsp. japonica,Codonopsis javanica subsp. japonica,ツルギキョウ,維管束植物,,絶滅危惧Ⅱ類（VU）,,,moe_redlist,GBIFへの照会自体が未実施（gbif_taxon_key欠落・gbif_match_type=NULL）
codonopsis ussuriensis,Codonopsis ussuriensis,バアソブ,維管束植物,,絶滅危惧Ⅱ類（VU）,,,moe_redlist,GBIFへの照会自体が未実施（gbif_taxon_key欠落・gbif_match_type=NULL）
coecella chinensis,Coecella chinensis,クチバガイ,貝類,,準絶滅危惧（NT）,,,moe_redlist,GBIFへの照会自体が未実施（gbif_taxon_key欠落・gbif_match_type=NULL）
coelachne japonica,Coelachne japonica,ヒナザサ,維管束植物,,準絶滅危惧（NT）,,,moe_redlist,GBIFへの照会自体が未実施（gbif_taxon_key欠落・gbif_match_type=NULL）
coelomactra antiquata,Coelomactra antiquata,アリソガイ,貝類,,絶滅危惧II類（VU）,,,moe_redlist,GBIFへの照会自体が未実施（gbif_taxon_key欠落・gbif_match_type=NULL）
coenagrion hylas,Coenagrion hylas,カラフトイトトンボ,昆虫類,,絶滅危惧II類（VU）,,,moe_redlist,GBIFへの照会自体が未実施（gbif_taxon_key欠落・gbif_match_type=NULL）
coenobita brevimanus,Coenobita brevimanus,オオナキオカヤドカリ,その他無脊椎動物,,準絶滅危惧（NT）,,,moe_redlist,GBIFへの照会自体が未実施（gbif_taxon_key欠落・gbif_match_type=NULL）
coenobita perlatus,Coenobita perlatus,サキシマオカヤドカリ,その他無脊椎動物,,絶滅危惧II類（VU）,,,moe_redlist,GBIFへの照会自体が未実施（gbif_taxon_key欠落・gbif_match_type=NULL）
coenobita violascens,Coenobita violascens,コムラサキオカヤドカリ,その他無脊椎動物,,準絶滅危惧（NT）,,,moe_redlist,GBIFへの照会自体が未実施（gbif_taxon_key欠落・gbif_match_type=NULL）
coenomyia basalis,Coenomyia basalis,ネグロクサアブ,昆虫類,,情報不足（DD）,,,moe_redlist,GBIFへの照会自体が未実施（gbif_taxon_key欠落・gbif_match_type=NULL）
coenonympha hero neoperseis,Coenonympha hero neoperseis,シロオビヒメヒカゲ北海道西部亜種,昆虫類,,準絶滅危惧（NT）,,,moe_redlist,GBIFへの照会自体が未実施（gbif_taxon_key欠落・gbif_match_type=NULL）
coenonympha oedippus annulifer,Coenonympha oedippus annulifer,ヒメヒカゲ長野県・群馬県亜種,昆虫類,,絶滅危惧IA類（CR）,,,moe_redlist,GBIFへの照会自体が未実施（gbif_taxon_key欠落・gbif_match_type=NULL）
coenonympha oedippus arothius,Coenonympha oedippus arothius,ヒメヒカゲ本州中部・近畿・中国地方亜種,昆虫類,,絶滅危惧IB類（EN）,,,moe_redlist,GBIFへの照会自体が未実施（gbif_taxon_key欠落・gbif_match_type=NULL）
coilia nasus,Coilia nasus,エツ,汽水・淡水魚類,,絶滅危惧IB類（EN）,,,moe_redlist,GBIFへの照会自体が未実施（gbif_taxon_key欠落・gbif_match_type=NULL）
coleus formosanus,Coleus formosanus,ケサヤバナ,維管束植物,,絶滅危惧ⅠＡ類（CR）,,,moe_redlist,GBIFへの照会自体が未実施（gbif_taxon_key欠落・gbif_match_type=NULL）
colias palaeno aias,Colias palaeno aias,ミヤマモンキチョウ浅間連山亜種,昆虫類,,準絶滅危惧（NT）,,,moe_redlist,GBIFへの照会自体が未実施（gbif_taxon_key欠落・gbif_match_type=NULL）
colias palaeno sugitanii,Colias palaeno sugitanii,ミヤマモンキチョウ北アルプス亜種,昆虫類,,準絶滅危惧（NT）,,,moe_redlist,GBIFへの照会自体が未実施（gbif_taxon_key欠落・gbif_match_type=NULL）
coliracemata katurana,Coliracemata katurana,カトゥラプシキシタダミ,貝類,,絶滅危惧I類（CR+EN）,,,moe_redlist,GBIFへの照会自体が未実施（gbif_taxon_key欠落・gbif_match_type=NULL）
collema coccophyllum,Collema coccophyllum,コツブイワノリ,地衣類,,情報不足（DD）,,,moe_redlist,GBIFへの照会自体が未実施（gbif_taxon_key欠落・gbif_match_type=NULL）
collema peregrinum,Collema peregrinum,ツノイワノリ,地衣類,,情報不足（DD）,,,moe_redlist,GBIFへの照会自体が未実施（gbif_taxon_key欠落・gbif_match_type=NULL）
collema shiroumanum var. kiusianum,Collema shiroumanum var. kiusianum,サツマイワノリ,地衣類,,情報不足（DD）,,,moe_redlist,GBIFへの照会自体が未実施（gbif_taxon_key欠落・gbif_match_type=NULL）
collema substipitatum,Collema substipitatum,シオバラノリ,地衣類,,情報不足（DD）,,,moe_redlist,GBIFへの照会自体が未実施（gbif_taxon_key欠落・gbif_match_type=NULL）
cololejeunea aequabilis,Cololejeunea aequabilis,ユーレンキララゴケ,蘚苔類,,情報不足（DD）,,,moe_redlist,GBIFへの照会自体が未実施（gbif_taxon_key欠落・gbif_match_type=NULL）
cololejeunea ceratilobula,Cololejeunea ceratilobula,キララヨウジョウゴケ,蘚苔類,,絶滅危惧ⅠB類（EN）,,,moe_redlist,GBIFへの照会自体が未実施（gbif_taxon_key欠落・gbif_match_type=NULL）
cololejeunea inflata,Cololejeunea inflata,オオシマヨウジョウゴケ,蘚苔類,,絶滅危惧Ⅱ類（VU）,,,moe_redlist,GBIFへの照会自体が未実施（gbif_taxon_key欠落・gbif_match_type=NULL）
cololejeunea schmidtii,Cololejeunea schmidtii,ヤマトケクサリゴケ,蘚苔類,,絶滅危惧Ⅱ類（VU）,,,moe_redlist,GBIFへの照会自体が未実施（gbif_taxon_key欠落・gbif_match_type=NULL）
cololejeunea sintenisii,Cololejeunea sintenisii,ホソバイトクズゴケ,蘚苔類,,絶滅危惧ⅠB類（EN）,,,moe_redlist,GBIFへの照会自体が未実施（gbif_taxon_key欠落・gbif_match_type=NULL）
cololejeunea subfloccosa,Cololejeunea subfloccosa,カギヨウジョウゴケ,蘚苔類,,絶滅危惧Ⅱ類（VU）,,,moe_redlist,GBIFへの照会自体が未実施（gbif_taxon_key欠落・gbif_match_type=NULL）
cololejeunea subminutilobula,Cololejeunea subminutilobula,オガサワラキララゴケ,蘚苔類,,絶滅危惧ⅠB類（EN）,,,moe_redlist,GBIFへの照会自体が未実施（gbif_taxon_key欠落・gbif_match_type=NULL）
cololejeunea trichomanis,Cololejeunea trichomanis,ヨウジョウゴケ,蘚苔類,,準絶滅危惧（NT）,,,moe_redlist,GBIFへの照会自体が未実施（gbif_taxon_key欠落・gbif_match_type=NULL）
colpodes laetus,Colpodes laetus,オガサワラモリヒラタゴミムシ,昆虫類,,絶滅危惧IB類（EN）,,,moe_redlist,GBIFへの照会自体が未実施（gbif_taxon_key欠落・gbif_match_type=NULL）
colpodes yamaguchii,Colpodes yamaguchii,ハハジマモリヒラタゴミムシ,昆虫類,,絶滅危惧IB類（EN）,,,moe_redlist,GBIFへの照会自体が未実施（gbif_taxon_key欠落・gbif_match_type=NULL）
colubrina asiatica,Colubrina asiatica,ヤエヤマハマナツメ,維管束植物,,絶滅危惧Ⅱ類（VU）,,,moe_redlist,GBIFへの照会自体が未実施（gbif_taxon_key欠落・gbif_match_type=NULL）
columba janthina janthina,Columba janthina janthina,カラスバト,鳥類,,準絶滅危惧（NT）,,,moe_redlist,GBIFへの照会自体が未実施（gbif_taxon_key欠落・gbif_match_type=NULL）
columella edentula,Columella edentula,東北地方以南のナガナタネガイ,貝類,,絶滅のおそれのある地域個体群（LP）,,,moe_redlist,GBIFへの照会自体が未実施（gbif_taxon_key欠落・gbif_match_type=NULL）
colura inuii,Colura inuii,イヌイムシトリゴケ,蘚苔類,,絶滅危惧Ⅱ類（VU）,,,moe_redlist,GBIFへの照会自体が未実施（gbif_taxon_key欠落・gbif_match_type=NULL）
colura meijeri,Colura meijeri,ボウズムシトリゴケ,蘚苔類,,絶滅危惧Ⅱ類（VU）,,,moe_redlist,GBIFへの照会自体が未実施（gbif_taxon_key欠落・gbif_match_type=NULL）
colura tenuicornis,Colura tenuicornis,ナガバムシトリゴケ,蘚苔類,,絶滅危惧Ⅱ類（VU）,,,moe_redlist,GBIFへの照会自体が未実施（gbif_taxon_key欠落・gbif_match_type=NULL）
comastoma pulmonarium subsp. sectum,Comastoma pulmonarium subsp. sectum,サンプクリンドウ,維管束植物,,絶滅危惧ⅠB類（EN）,,,moe_redlist,GBIFへの照会自体が未実施（gbif_taxon_key欠落・gbif_match_type=NULL）
compsopogon caeruleus,Compsopogon caeruleus,オオイシソウ,藻類,,準絶滅危惧（NT）,,,moe_redlist,GBIFへの照会自体が未実施（gbif_taxon_key欠落・gbif_match_type=NULL）
conacmella vagans,Conacmella vagans,キバオカチグサ,貝類,,絶滅危惧I類（CR+EN）,,,moe_redlist,GBIFへの照会自体が未実施（gbif_taxon_key欠落・gbif_match_type=NULL）
conchidium japonicum,Conchidium japonicum,オサラン,維管束植物,,絶滅危惧Ⅱ類（VU）,,,moe_redlist,GBIFへの照会自体が未実施（gbif_taxon_key欠落・gbif_match_type=NULL）
condica illustrata,Condica illustrata,ヘリグロヒメヨトウ,昆虫類,,絶滅危惧IB類（EN）,,,moe_redlist,GBIFへの照会自体が未実施（gbif_taxon_key欠落・gbif_match_type=NULL）
congrogadus subducens,Congrogadus subducens,センニンガジ,魚類（海洋生物）,,情報不足（DD）,,,moe_redlist,GBIFへの照会自体が未実施（gbif_taxon_key欠落・gbif_match_type=NULL）
coniogramme gracilis,Coniogramme gracilis,ホソバイワガネソウ,維管束植物,,絶滅危惧ⅠＡ類（CR）,,,moe_redlist,GBIFへの照会自体が未実施（gbif_taxon_key欠落・gbif_match_type=NULL）
conium maculatum,Conium maculatum,ドクニンジン,植物,,,その他の総合対策外来種,,moe_ias_list,GBIFへの照会自体が未実施（gbif_taxon_key欠落・gbif_match_type=NULL）
conocephalus halophilus,Conocephalus halophilus,イズササキリ,昆虫類,,情報不足（DD）,,,moe_redlist,GBIFへの照会自体が未実施（gbif_taxon_key欠落・gbif_match_type=NULL）
conothele fragaria,Conothele fragaria,キノボリトタテグモ,その他無脊椎動物,,準絶滅危惧（NT）,,,moe_redlist,GBIFへの照会自体が未実施（gbif_taxon_key欠落・gbif_match_type=NULL）
constantinea rosa-marina,Constantinea rosa-marina,オキツバラ,藻類,,情報不足（DD）,,,moe_redlist,GBIFへの照会自体が未実施（gbif_taxon_key欠落・gbif_match_type=NULL）
conus boeticus,Conus boeticus,ツヤイモ,貝類,,絶滅危惧II類（VU）,,,moe_redlist,GBIFへの照会自体が未実施（gbif_taxon_key欠落・gbif_match_type=NULL）
conus figulinus,Conus figulinus,スジイモ,貝類,,準絶滅危惧（NT）,,,moe_redlist,GBIFへの照会自体が未実施（gbif_taxon_key欠落・gbif_match_type=NULL）
conus fulmen,Conus fulmen,ベッコウイモ,貝類,,絶滅危惧II類（VU）,,,moe_redlist,GBIFへの照会自体が未実施（gbif_taxon_key欠落・gbif_match_type=NULL）
conus loroisii,Conus loroisii,コゲスジイモ,貝類,,準絶滅危惧（NT）,,,moe_redlist,GBIFへの照会自体が未実施（gbif_taxon_key欠落・gbif_match_type=NULL）
conyza parva,Conyza parva,ケナシヒメムカシヨモギ（ケナシムカシヨモギ）,植物,,,その他の総合対策外来種,,moe_ias_list,GBIFへの照会自体が未実施（gbif_taxon_key欠落・gbif_match_type=NULL）
copelatus minutissimus,Copelatus minutissimus,チビセスジゲンゴロウ,昆虫類,,情報不足（DD）,,,moe_redlist,GBIFへの照会自体が未実施（gbif_taxon_key欠落・gbif_match_type=NULL）
copelatus nakamurai,Copelatus nakamurai,トダセスジゲンゴロウ,昆虫類,,絶滅危惧II類（VU）,,,moe_redlist,GBIFへの照会自体が未実施（gbif_taxon_key欠落・gbif_match_type=NULL）
copera tokyoensis,Copera tokyoensis,オオモノサシトンボ,昆虫類,,絶滅危惧IB類（EN）,,,moe_redlist,GBIFへの照会自体が未実施（gbif_taxon_key欠落・gbif_match_type=NULL）
copris brachypterus,Copris brachypterus,マルダイコクコガネ,昆虫類,,絶滅危惧II類（VU）,,,moe_redlist,GBIFへの照会自体が未実施（gbif_taxon_key欠落・gbif_match_type=NULL）
copris ochus,Copris ochus,ダイコクコガネ,昆虫類,,絶滅危惧II類（VU）,,,moe_redlist,GBIFへの照会自体が未実施（gbif_taxon_key欠落・gbif_match_type=NULL）
copris tripartitus,Copris tripartitus,ヒメダイコクコガネ,昆虫類,,情報不足（DD）,,,moe_redlist,GBIFへの照会自体が未実施（gbif_taxon_key欠落・gbif_match_type=NULL）
coptis minamitaniana,Coptis minamitaniana,ヒュウガオウレン,維管束植物,,絶滅危惧ⅠB類（EN）,,,moe_redlist,GBIFへの照会自体が未実施（gbif_taxon_key欠落・gbif_match_type=NULL）
corallianassa borradailei,Corallianassa borradailei,モバホソスナモグリ,甲殻類（海洋生物）,,情報不足（DD）,,,moe_redlist,GBIFへの照会自体が未実施（gbif_taxon_key欠落・gbif_match_type=NULL）
corallianassamartensi,Corallianassamartensi,ホソスナモグリ,甲殻類（海洋生物）,,情報不足（DD）,,,moe_redlist,GBIFへの照会自体が未実施（gbif_taxon_key欠落・gbif_match_type=NULL）
coralliumjaponicum,Coralliumjaponicum,アカサンゴ,その他無脊椎動物（海洋生物）,,準絶滅危惧（NT）,,NONE,moe_redlist,GBIFへ照会したが一致しなかった（gbif_match_type=NONE）
coranarta carbonaria,Coranarta carbonaria,ダイセツキシタヨトウ,昆虫類,,準絶滅危惧（NT）,,,moe_redlist,GBIFへの照会自体が未実施（gbif_taxon_key欠落・gbif_match_type=NULL）
coranus spiniscutis,Coranus spiniscutis,ハイイロイボサシガメ,昆虫類,,準絶滅危惧（NT）,,,moe_redlist,GBIFへの照会自体が未実施（gbif_taxon_key欠落・gbif_match_type=NULL）
corbicula japonica,Corbicula japonica,ヤマトシジミ,貝類,,準絶滅危惧（NT）,,,moe_redlist,GBIFへの照会自体が未実施（gbif_taxon_key欠落・gbif_match_type=NULL）
corbicula leana,Corbicula leana,マシジミ,貝類,,絶滅危惧II類（VU）,,,moe_redlist,GBIFへの照会自体が未実施（gbif_taxon_key欠落・gbif_match_type=NULL）
corbicula sandai,Corbicula sandai,セタシジミ,貝類,,絶滅危惧II類（VU）,,,moe_redlist,GBIFへの照会自体が未実施（gbif_taxon_key欠落・gbif_match_type=NULL）
cordia aspera subsp. kanehirae,Cordia aspera subsp. kanehirae,トゲミノイヌチシャ,維管束植物,,絶滅危惧ⅠＡ類（CR）,,,moe_redlist,GBIFへの照会自体が未実施（gbif_taxon_key欠落・gbif_match_type=NULL）
cordyceps nanatakiensis,Cordyceps nanatakiensis,チチブクチキムシタケ,菌類,,情報不足（DD）,,,moe_redlist,GBIFへの照会自体が未実施（gbif_taxon_key欠落・gbif_match_type=NULL）
cordyceps polycephala,Cordyceps polycephala,ヒメハルゼミタケ,菌類,,情報不足（DD）,,,moe_redlist,GBIFへの照会自体が未実施（gbif_taxon_key欠落・gbif_match_type=NULL）
cordyceps rubiginosistipitata,Cordyceps rubiginosistipitata,アカエノツトノミタケ,菌類,,情報不足（DD）,,,moe_redlist,GBIFへの照会自体が未実施（gbif_taxon_key欠落・gbif_match_type=NULL）
cordyceps termitophila,Cordyceps termitophila,シロアリタケ,菌類,,情報不足（DD）,,,moe_redlist,GBIFへの照会自体が未実施（gbif_taxon_key欠落・gbif_match_type=NULL）
coreana raphaelis yamamotoi,Coreana raphaelis yamamotoi,チョウセンアカシジミ,昆虫類,,絶滅危惧II類（VU）,,,moe_redlist,GBIFへの照会自体が未実施（gbif_taxon_key欠落・gbif_match_type=NULL）
coreoperca kawamebari,Coreoperca kawamebari,オヤニラミ,汽水・淡水魚類,,絶滅危惧IB類（EN）,その他の総合対策外来種,,moe_redlist|moe_ias_list,GBIFへの照会自体が未実施（gbif_taxon_key欠落・gbif_match_type=NULL）
coreopsis tinctoria,Coreopsis tinctoria,ハルシャギク,植物,,,その他の総合対策外来種,,moe_ias_list,GBIFへの照会自体が未実施（gbif_taxon_key欠落・gbif_match_type=NULL）
cornirostra sp.,Cornirostra sp.,ヤマトカクメイ,貝類,,情報不足（DD）,,,moe_redlist,GBIFへの照会自体が未実施（gbif_taxon_key欠落・gbif_match_type=NULL）
cornus kousa var. chinensis,Cornus kousa var. chinensis,ヤエヤマヤマボウシ,維管束植物,,絶滅危惧ⅠＡ類（CR）,,,moe_redlist,GBIFへの照会自体が未実施（gbif_taxon_key欠落・gbif_match_type=NULL）
cornus suecica,Cornus suecica,エゾゴゼンタチバナ,維管束植物,,準絶滅危惧（NT）,,,moe_redlist,GBIFへの照会自体が未実施（gbif_taxon_key欠落・gbif_match_type=NULL）
cortaderia selloana,Cortaderia selloana,シロガネヨシ（パンパスグラス）,植物,,,その他の総合対策外来種,,moe_ias_list,GBIFへの照会自体が未実施（gbif_taxon_key欠落・gbif_match_type=NULL）
cortusa matthioli subsp. pekinensis var. sachalinensis,Cortusa matthioli subsp. pekinensis var. sachalinensis,サクラソウモドキ,維管束植物,,絶滅危惧ⅠB類（EN）,,,moe_redlist,GBIFへの照会自体が未実施（gbif_taxon_key欠落・gbif_match_type=NULL）
corydalis gigantea,Corydalis gigantea,エゾオオケマン,維管束植物,,絶滅危惧ⅠＡ類（CR）,,,moe_redlist,GBIFへの照会自体が未実施（gbif_taxon_key欠落・gbif_match_type=NULL）
corydalis kushiroensis,Corydalis kushiroensis,チドリケマン,維管束植物,,絶滅危惧Ⅱ類（VU）,,,moe_redlist,GBIFへの照会自体が未実施（gbif_taxon_key欠落・gbif_match_type=NULL）
corydalis ochotensis,Corydalis ochotensis,ツルキケマン,維管束植物,,絶滅危惧ⅠB類（EN）,,,moe_redlist,GBIFへの照会自体が未実施（gbif_taxon_key欠落・gbif_match_type=NULL）
corydalis raddeana,Corydalis raddeana,ナガミノツルキケマン,維管束植物,,準絶滅危惧（NT）,,,moe_redlist,GBIFへの照会自体が未実施（gbif_taxon_key欠落・gbif_match_type=NULL）
corylopsis glabrescens,Corylopsis glabrescens,キリシマミズキ,維管束植物,,準絶滅危惧（NT）,,,moe_redlist,GBIFへの照会自体が未実施（gbif_taxon_key欠落・gbif_match_type=NULL）
corylopsis gotoana var. pubescens,Corylopsis gotoana var. pubescens,ヒゴミズキ,維管束植物,,絶滅危惧ⅠＡ類（CR）,,,moe_redlist,GBIFへの照会自体が未実施（gbif_taxon_key欠落・gbif_match_type=NULL）
corylopsis spicata,Corylopsis spicata,トサミズキ,維管束植物,,準絶滅危惧（NT）,,,moe_redlist,GBIFへの照会自体が未実施（gbif_taxon_key欠落・gbif_match_type=NULL）
corymborkis veratrifolia,Corymborkis veratrifolia,バイケイラン,維管束植物,,絶滅危惧Ⅱ類（VU）,,,moe_redlist,GBIFへの照会自体が未実施（gbif_taxon_key欠落・gbif_match_type=NULL）
cottus hangiongensis,Cottus hangiongensis,東北・北陸地方のカンキョウカジカ,汽水・淡水魚類,,絶滅のおそれのある地域個体群（LP）,,,moe_redlist,GBIFへの照会自体が未実施（gbif_taxon_key欠落・gbif_match_type=NULL）
cottus kazika,Cottus kazika,カマキリ（アユカケ）,汽水・淡水魚類,,絶滅危惧II類（VU）,,,moe_redlist,GBIFへの照会自体が未実施（gbif_taxon_key欠落・gbif_match_type=NULL）
cottus nozawae,Cottus nozawae,東北地方のハナカジカ,汽水・淡水魚類,,絶滅のおそれのある地域個体群（LP）,,,moe_redlist,GBIFへの照会自体が未実施（gbif_taxon_key欠落・gbif_match_type=NULL）
cottus pollux,Cottus pollux,カジカ大卵型,汽水・淡水魚類,,準絶滅危惧（NT）,,,moe_redlist,GBIFへの照会自体が未実施（gbif_taxon_key欠落・gbif_match_type=NULL）
cottus reinii,Cottus reinii,カジカ小卵型,汽水・淡水魚類,,絶滅危惧IB類（EN）,,,moe_redlist,GBIFへの照会自体が未実施（gbif_taxon_key欠落・gbif_match_type=NULL）
cottus sp.,Cottus sp.,カジカ中卵型,汽水・淡水魚類,,絶滅危惧IB類（EN）,,,moe_redlist,GBIFへの照会自体が未実施（gbif_taxon_key欠落・gbif_match_type=NULL）
cragonyx floridanus,Cragonyx floridanus,フロリダマミズヨコエビ,その他の無脊椎動物,,,その他の総合対策外来種,,moe_ias_list,GBIFへの照会自体が未実施（gbif_taxon_key欠落・gbif_match_type=NULL）
craspedacusta iseana,Craspedacusta iseana,イセマミズクラゲ,その他無脊椎動物,,情報不足（DD）,,,moe_redlist,GBIFへの照会自体が未実施（gbif_taxon_key欠落・gbif_match_type=NULL）
crassula aquatica,Crassula aquatica,アズマツメクサ,維管束植物,,準絶滅危惧（NT）,,,moe_redlist,GBIFへの照会自体が未実施（gbif_taxon_key欠落・gbif_match_type=NULL）
crataegus chlorosarca,Crataegus chlorosarca,クロミサンザシ,維管束植物,,絶滅危惧ⅠB類（EN）,,,moe_redlist,GBIFへの照会自体が未実施（gbif_taxon_key欠落・gbif_match_type=NULL）
crataegus jozana,Crataegus jozana,エゾサンザシ,維管束植物,,情報不足（DD）,,,moe_redlist,GBIFへの照会自体が未実施（gbif_taxon_key欠落・gbif_match_type=NULL）
crataegus maximowiczii,Crataegus maximowiczii,オオバサンザシ,維管束植物,,情報不足（DD）,,,moe_redlist,GBIFへの照会自体が未実施（gbif_taxon_key欠落・gbif_match_type=NULL）
cremastra aphylla,Cremastra aphylla,モイワラン,維管束植物,,絶滅危惧ⅠＡ類（CR）,,,moe_redlist,GBIFへの照会自体が未実施（gbif_taxon_key欠落・gbif_match_type=NULL）
cremastra unguiculata,Cremastra unguiculata,トケンラン,維管束植物,,絶滅危惧Ⅱ類（VU）,,,moe_redlist,GBIFへの照会自体が未実施（gbif_taxon_key欠落・gbif_match_type=NULL）
crenimugil heterocheilos,Crenimugil heterocheilos,ナガレフウライボラ,汽水・淡水魚類,,絶滅危惧IB類（EN）,,,moe_redlist,GBIFへの照会自体が未実施（gbif_taxon_key欠落・gbif_match_type=NULL）
crepidiastrum ameristophyllum,Crepidiastrum ameristophyllum,ユズリハワダン,維管束植物,,絶滅危惧ⅠB類（EN）,,,moe_redlist,GBIFへの照会自体が未実施（gbif_taxon_key欠落・gbif_match_type=NULL）
crepidiastrum chelidoniifolium,Crepidiastrum chelidoniifolium,クサノオウバノギク,維管束植物,,絶滅危惧Ⅱ類（VU）,,,moe_redlist,GBIFへの照会自体が未実施（gbif_taxon_key欠落・gbif_match_type=NULL）
crepidiastrum grandicollum,Crepidiastrum grandicollum,コヘラナレン,維管束植物,,絶滅危惧ⅠＡ類（CR）,,,moe_redlist,GBIFへの照会自体が未実施（gbif_taxon_key欠落・gbif_match_type=NULL）
crepidiastrum lanceolatum var. daitoense,Crepidiastrum lanceolatum var. daitoense,ダイトウワダン,維管束植物,,絶滅危惧ⅠB類（EN）,,,moe_redlist,GBIFへの照会自体が未実施（gbif_taxon_key欠落・gbif_match_type=NULL）
crepidiastrum linguifolium,Crepidiastrum linguifolium,ヘラナレン,維管束植物,,絶滅危惧ⅠB類（EN）,,,moe_redlist,GBIFへの照会自体が未実施（gbif_taxon_key欠落・gbif_match_type=NULL）
crepidiastrum yoshinoi,Crepidiastrum yoshinoi,イワヤクシソウ,維管束植物,,絶滅危惧Ⅱ類（VU）,,,moe_redlist,GBIFへの照会自体が未実施（gbif_taxon_key欠落・gbif_match_type=NULL）
crepidium boninense,Crepidium boninense,シマホザキラン,維管束植物,,絶滅危惧ⅠＡ類（CR）,,,moe_redlist,GBIFへの照会自体が未実施（gbif_taxon_key欠落・gbif_match_type=NULL）
crepidium hahajimense,Crepidium hahajimense,ハハジマホザキラン,維管束植物,,絶滅危惧ⅠB類（EN）,,,moe_redlist,GBIFへの照会自体が未実施（gbif_taxon_key欠落・gbif_match_type=NULL）
crepidium kandae,Crepidium kandae,カンダヒメラン,維管束植物,,絶滅危惧ⅠB類（EN）,,,moe_redlist,GBIFへの照会自体が未実施（gbif_taxon_key欠落・gbif_match_type=NULL）
crepidium purpureum,Crepidium purpureum,オキナワヒメラン,維管束植物,,絶滅危惧ⅠＡ類（CR）,,,moe_redlist,GBIFへの照会自体が未実施（gbif_taxon_key欠落・gbif_match_type=NULL）
crepidomanes bonincola,Crepidomanes bonincola,ムニンホラゴケ,維管束植物,,絶滅危惧ⅠB類（EN）,,,moe_redlist,GBIFへの照会自体が未実施（gbif_taxon_key欠落・gbif_match_type=NULL）
crepidomanes latemarginale,Crepidomanes latemarginale,マツバコケシダ,維管束植物,,情報不足（DD）,,,moe_redlist,GBIFへの照会自体が未実施（gbif_taxon_key欠落・gbif_match_type=NULL）
crepidomanes makinoi,Crepidomanes makinoi,コケホラゴケ,維管束植物,,準絶滅危惧（NT）,,,moe_redlist,GBIFへの照会自体が未実施（gbif_taxon_key欠落・gbif_match_type=NULL）
crepis gymnopus,Crepis gymnopus,エゾタカネニガナ,維管束植物,,絶滅危惧Ⅱ類（VU）,,,moe_redlist,GBIFへの照会自体が未実施（gbif_taxon_key欠落・gbif_match_type=NULL）
crepis hokkaidoensis,Crepis hokkaidoensis,フタマタタンポポ,維管束植物,,絶滅危惧ⅠＡ類（CR）,,,moe_redlist,GBIFへの照会自体が未実施（gbif_taxon_key欠落・gbif_match_type=NULL）
crinoniscus sp.,Crinoniscus sp.,Crinoniscus 属の一種,甲殻類（海洋生物）,,情報不足（DD）,,,moe_redlist,GBIFへの照会自体が未実施（gbif_taxon_key欠落・gbif_match_type=NULL）
cristaria clessini,Cristaria clessini,メンカラスガイ,貝類,,絶滅危惧II類（VU）,,,moe_redlist,GBIFへの照会自体が未実施（gbif_taxon_key欠落・gbif_match_type=NULL）
cristaria plicata,Cristaria plicata,カラスガイ,貝類,,絶滅危惧IB類（EN）,,,moe_redlist,GBIFへの照会自体が未実施（gbif_taxon_key欠落・gbif_match_type=NULL）
cristatella mucedo,Cristatella mucedo,アユミコケムシ,その他無脊椎動物,,情報不足（DD）,,,moe_redlist,GBIFへの照会自体が未実施（gbif_taxon_key欠落・gbif_match_type=NULL）
cristatogobius aurimaculatus,Cristatogobius aurimaculatus,ヒメトサカハゼ,汽水・淡水魚類,,絶滅危惧IA類（CR）,,,moe_redlist,GBIFへの照会自体が未実施（gbif_taxon_key欠落・gbif_match_type=NULL）
cristatogobius lophius,Cristatogobius lophius,トサカハゼ,汽水・淡水魚類,,絶滅危惧IB類（EN）,,,moe_redlist,GBIFへの照会自体が未実施（gbif_taxon_key欠落・gbif_match_type=NULL）
cristatogobius nonatoae,Cristatogobius nonatoae,クロトサカハゼ,汽水・淡水魚類,,絶滅危惧IA類（CR）,,,moe_redlist,GBIFへの照会自体が未実施（gbif_taxon_key欠落・gbif_match_type=NULL）
crocidura shantungensis,Crocidura shantungensis,コジネズミ,哺乳類,,準絶滅危惧（NT）,,,moe_redlist,GBIFへの照会自体が未実施（gbif_taxon_key欠落・gbif_match_type=NULL）
crocidura watasei,Crocidura watasei,ワタセジネズミ,哺乳類,,準絶滅危惧（NT）,,,moe_redlist,GBIFへの照会自体が未実施（gbif_taxon_key欠落・gbif_match_type=NULL）
crocosmia x crocosmiiflora,Crocosmia x crocosmiiflora,ヒメヒオウギズイセン（ヒメヒオオギズイセン、モントブレチア）,植物,,,その他の総合対策外来種,,moe_ias_list,GBIFへの照会自体が未実施（gbif_taxon_key欠落・gbif_match_type=NULL）
crossocerus heydeni nipponis,Crossocerus heydeni nipponis,ガロアギングチ,昆虫類,,情報不足（DD）,,,moe_redlist,GBIFへの照会自体が未実施（gbif_taxon_key欠落・gbif_match_type=NULL）
crossocerus pusillus,Crossocerus pusillus,タイセツギングチ,昆虫類,,情報不足（DD）,,,moe_redlist,GBIFへの照会自体が未実施（gbif_taxon_key欠落・gbif_match_type=NULL）
crossostephium chinense,Crossostephium chinense,モクビャクコウ,維管束植物,,準絶滅危惧（NT）,,,moe_redlist,GBIFへの照会自体が未実施（gbif_taxon_key欠落・gbif_match_type=NULL）
crotalaria calycina,Crotalaria calycina,ガクタヌキマメ,維管束植物,,絶滅危惧ⅠＡ類（CR）,,,moe_redlist,GBIFへの照会自体が未実施（gbif_taxon_key欠落・gbif_match_type=NULL）
crotalaria montana var. angustifolia,Crotalaria montana var. angustifolia,ヤエヤマタヌキマメ,維管束植物,,絶滅危惧ⅠＡ類（CR）,,,moe_redlist,GBIFへの照会自体が未実施（gbif_taxon_key欠落・gbif_match_type=NULL）
crotalaria uncinella,Crotalaria uncinella,エダウチタヌキマメ,維管束植物,,絶滅危惧ⅠＡ類（CR）,,,moe_redlist,GBIFへの照会自体が未実施（gbif_taxon_key欠落・gbif_match_type=NULL）
cryphaea obovatocarpa,Cryphaea obovatocarpa,イトヒバゴケ,蘚苔類,,準絶滅危惧（NT）,,,moe_redlist,GBIFへの照会自体が未実施（gbif_taxon_key欠落・gbif_match_type=NULL）
cryptocarya chinensis,Cryptocarya chinensis,シナクスモドキ,維管束植物,,絶滅危惧Ⅱ類（VU）,,,moe_redlist,GBIFへの照会自体が未実施（gbif_taxon_key欠落・gbif_match_type=NULL）
cryptocheilus sugiharai,Cryptocheilus sugiharai,スギハラベッコウ,昆虫類,,情報不足（DD）,,,moe_redlist,GBIFへの照会自体が未実施（gbif_taxon_key欠落・gbif_match_type=NULL）
cryptocoleopsis imbricata,Cryptocoleopsis imbricata,エゾヒメソロイゴケ,蘚苔類,,絶滅危惧ⅠB類（EN）,,,moe_redlist,GBIFへの照会自体が未実施（gbif_taxon_key欠落・gbif_match_type=NULL）
cryptogramma crispa,Cryptogramma crispa,リシリシノブ,維管束植物,,準絶滅危惧（NT）,,,moe_redlist,GBIFへの照会自体が未実施（gbif_taxon_key欠落・gbif_match_type=NULL）
cryptogramma stelleri,Cryptogramma stelleri,ヤツガタケシノブ,維管束植物,,準絶滅危惧（NT）,,,moe_redlist,GBIFへの照会自体が未実施（gbif_taxon_key欠落・gbif_match_type=NULL）
cryptolepas rhachianecti,Cryptolepas rhachianecti,ハイザラフジツボ,甲殻類（海洋生物）,,情報不足（DD）,,,moe_redlist,GBIFへの照会自体が未実施（gbif_taxon_key欠落・gbif_match_type=NULL）
cryptomya busoensis,Cryptomya busoensis,ヒメマスオ,貝類,,絶滅危惧II類（VU）,,,moe_redlist,GBIFへの照会自体が未実施（gbif_taxon_key欠落・gbif_match_type=NULL）
cryptomya elliptica,Cryptomya elliptica,クシケマスオ,貝類,,準絶滅危惧（NT）,,,moe_redlist,GBIFへの照会自体が未実施（gbif_taxon_key欠落・gbif_match_type=NULL）
cryptonatica adamsiana,Cryptonatica adamsiana,アダムスタマガイ,貝類,,準絶滅危惧（NT）,,,moe_redlist,GBIFへの照会自体が未実施（gbif_taxon_key欠落・gbif_match_type=NULL）
"cryptophagus enormis hisamatsu, 1962","Cryptophagus enormis Hisamatsu, 1962",オオナガキスイ,昆虫類・クモ類,準絶滅危惧（NT）,,,NONE,kanagawa_redlist,GBIFへ照会したが一致しなかった（gbif_match_type=NONE）
cryptostylis arachnites,Cryptostylis arachnites,オオスズムシラン,維管束植物,,絶滅危惧ⅠＡ類（CR）,,,moe_redlist,GBIFへの照会自体が未実施（gbif_taxon_key欠落・gbif_match_type=NULL）
cryptostylis taiwaniana,Cryptostylis taiwaniana,タカオオオスズムシラン,維管束植物,,絶滅危惧ⅠＡ類（CR）,,,moe_redlist,GBIFへの照会自体が未実施（gbif_taxon_key欠落・gbif_match_type=NULL）
ctenidium molluscum,Ctenidium molluscum,ヤワラクシノハゴケ,蘚苔類,,絶滅危惧Ⅱ類（VU）,,,moe_redlist,GBIFへの照会自体が未実施（gbif_taxon_key欠落・gbif_match_type=NULL）
ctenistes oculatus,Ctenistes oculatus,クシヒゲアリヅカムシ,昆虫類,,絶滅危惧II類（VU）,,,moe_redlist,GBIFへの照会自体が未実施（gbif_taxon_key欠落・gbif_match_type=NULL）
ctenitis iriomotensis,Ctenitis iriomotensis,コミダケシダ,維管束植物,,絶滅危惧Ⅱ類（VU）,,,moe_redlist,GBIFへの照会自体が未実施（gbif_taxon_key欠落・gbif_match_type=NULL）
ctenitis microlepigera,Ctenitis microlepigera,コキンモウイノデ,維管束植物,,絶滅危惧ⅠB類（EN）,,,moe_redlist,GBIFへの照会自体が未実施（gbif_taxon_key欠落・gbif_match_type=NULL）
ctenitis sinii,Ctenitis sinii,サツマシダ,維管束植物,,準絶滅危惧（NT）,,,moe_redlist,GBIFへの照会自体が未実施（gbif_taxon_key欠落・gbif_match_type=NULL）
cucullia argentea,Cucullia argentea,アオモンギンセダカモクメ,昆虫類,,準絶滅危惧（NT）,,,moe_redlist,GBIFへの照会自体が未実施（gbif_taxon_key欠落・gbif_match_type=NULL）
cucullia fraudatrix,Cucullia fraudatrix,ホシヒメセダカモクメ,昆虫類,,準絶滅危惧（NT）,,,moe_redlist,GBIFへの照会自体が未実施（gbif_taxon_key欠落・gbif_match_type=NULL）
cucullia jankowskii,Cucullia jankowskii,ギンモンセダカモクメ,昆虫類,,準絶滅危惧（NT）,,,moe_redlist,GBIFへの照会自体が未実施（gbif_taxon_key欠落・gbif_match_type=NULL）
cucullia mandschuriae,Cucullia mandschuriae,ダイセンセダカモクメ,昆虫類,,準絶滅危惧（NT）,,,moe_redlist,GBIFへの照会自体が未実施（gbif_taxon_key欠落・gbif_match_type=NULL）
culmenella prashadi,Culmenella prashadi,ヒダリマキモノアラガイ,貝類,,絶滅危惧I類（CR+EN）,,,moe_redlist,GBIFへの照会自体が未実施（gbif_taxon_key欠落・gbif_match_type=NULL）
cuscuta australis,Cuscuta australis,マメダオシ,維管束植物,,絶滅危惧ⅠB類（EN）,,,moe_redlist,GBIFへの照会自体が未実施（gbif_taxon_key欠落・gbif_match_type=NULL）
cuscuta chinensis,Cuscuta chinensis,ハマネナシカズラ,維管束植物,,絶滅危惧ⅠB類（EN）,,,moe_redlist,GBIFへの照会自体が未実施（gbif_taxon_key欠落・gbif_match_type=NULL）
cuscuta europaea,Cuscuta europaea,クシロネナシカズラ,維管束植物,,絶滅危惧ⅠＡ類（CR）,,,moe_redlist,GBIFへの照会自体が未実施（gbif_taxon_key欠落・gbif_match_type=NULL）
cuscuta pentagona,Cuscuta pentagona,アメリカネナシカズラ,植物,,,その他の総合対策外来種,,moe_ias_list,GBIFへの照会自体が未実施（gbif_taxon_key欠落・gbif_match_type=NULL）
cyathea ogurae,Cyathea ogurae,メヘゴ,維管束植物,,絶滅危惧ⅠB類（EN）,,,moe_redlist,GBIFへの照会自体が未実施（gbif_taxon_key欠落・gbif_match_type=NULL）
cyathophorum adiantum,Cyathophorum adiantum,キジノオゴケ,蘚苔類,,準絶滅危惧（NT）,,,moe_redlist,GBIFへの照会自体が未実施（gbif_taxon_key欠落・gbif_match_type=NULL）
cyathopoma nishinoi,Cyathopoma nishinoi,イトマキミジンヤマタニシ,貝類,,絶滅危惧I類（CR+EN）,,,moe_redlist,GBIFへの照会自体が未実施（gbif_taxon_key欠落・gbif_match_type=NULL）
cyathus badius,Cyathus badius,カバイロチャダイゴケ,菌類,,情報不足（DD）,,,moe_redlist,GBIFへの照会自体が未実施（gbif_taxon_key欠落・gbif_match_type=NULL）
cyathus pallidus,Cyathus pallidus,ハゲチャダイゴケ,菌類,,情報不足（DD）,,,moe_redlist,GBIFへの照会自体が未実施（gbif_taxon_key欠落・gbif_match_type=NULL）
cybister brevis,Cybister brevis,クロゲンゴロウ,昆虫類,,準絶滅危惧（NT）,,,moe_redlist,GBIFへの照会自体が未実施（gbif_taxon_key欠落・gbif_match_type=NULL）
cybister chinensis,Cybister chinensis,ゲンゴロウ,昆虫類,,絶滅危惧II類（VU）,,,moe_redlist,GBIFへの照会自体が未実施（gbif_taxon_key欠落・gbif_match_type=NULL）
cybister rugosus,Cybister rugosus,ヒメフチトリゲンゴロウ,昆虫類,,絶滅危惧II類（VU）,,,moe_redlist,GBIFへの照会自体が未実施（gbif_taxon_key欠落・gbif_match_type=NULL）
cybister tripunctatus lateralis,Cybister tripunctatus lateralis,コガタノゲンゴロウ,昆虫類,,絶滅危惧II類（VU）,,,moe_redlist,GBIFへの照会自体が未実施（gbif_taxon_key欠落・gbif_match_type=NULL）
cychrus morawitzi iwatensis,Cychrus morawitzi iwatensis,セダカオサムシ岩手県亜種,昆虫類,,絶滅危惧II類（VU）,,,moe_redlist,GBIFへの照会自体が未実施（gbif_taxon_key欠落・gbif_match_type=NULL）
cyclina sp.,Cyclina sp.,ダテオキシジミ,貝類,,絶滅危惧IA類（CR）,,,moe_redlist,GBIFへの照会自体が未実施（gbif_taxon_key欠落・gbif_match_type=NULL）
cyclograpsus pumilio,Cyclograpsus pumilio,マメアカイソガニ,甲殻類（海洋生物）,,情報不足（DD）,,,moe_redlist,GBIFへの照会自体が未実施（gbif_taxon_key欠落・gbif_match_type=NULL）
cyclophorus hirasei,Cyclophorus hirasei,オオヤマタニシ,貝類,,準絶滅危惧（NT）,,,moe_redlist,GBIFへの照会自体が未実施（gbif_taxon_key欠落・gbif_match_type=NULL）
cyclophorus turgidus angulatus,Cyclophorus turgidus angulatus,リュウキュウヤマタニシ,貝類,,絶滅危惧II類（VU）,,,moe_redlist,GBIFへの照会自体が未実施（gbif_taxon_key欠落・gbif_match_type=NULL）
cyclophorus turgidus miyakoensis,Cyclophorus turgidus miyakoensis,ミヤコヤマタニシ,貝類,,準絶滅危惧（NT）,,,moe_redlist,GBIFへの照会自体が未実施（gbif_taxon_key欠落・gbif_match_type=NULL）
cyclophorus turgidus radians,Cyclophorus turgidus radians,ヤエヤマヤマタニシ,貝類,,準絶滅危惧（NT）,,,moe_redlist,GBIFへの照会自体が未実施（gbif_taxon_key欠落・gbif_match_type=NULL）
cyclophorus turgidus turgidus,Cyclophorus turgidus turgidus,伊是名島のオキナワヤマタニシ,貝類,,絶滅のおそれのある地域個体群（LP）,,,moe_redlist,GBIFへの照会自体が未実施（gbif_taxon_key欠落・gbif_match_type=NULL）
cyclotellina remies,Cyclotellina remies,モチヅキザラ,貝類,,絶滅危惧II類（VU）,,,moe_redlist,GBIFへの照会自体が未実施（gbif_taxon_key欠落・gbif_match_type=NULL）
cyclotus campanulatus tanegashimanus,Cyclotus campanulatus tanegashimanus,タネガシマアツブタガイ,貝類,,準絶滅危惧（NT）,,,moe_redlist,GBIFへの照会自体が未実施（gbif_taxon_key欠落・gbif_match_type=NULL）
cyclotus taivanus peraffinis,Cyclotus taivanus peraffinis,ヤエヤマアツブタガイ,貝類,,準絶滅危惧（NT）,,,moe_redlist,GBIFへの照会自体が未実施（gbif_taxon_key欠落・gbif_match_type=NULL）
cylichnatys yamakawai,Cylichnatys yamakawai,カミスジカイコガイダマシ,貝類,,絶滅危惧II類（VU）,,,moe_redlist,GBIFへの照会自体が未実施（gbif_taxon_key欠落・gbif_match_type=NULL）
cylindera gracilis,Cylindera gracilis,ホソハンミョウ,昆虫類,,絶滅危惧II類（VU）,,,moe_redlist,GBIFへの照会自体が未実施（gbif_taxon_key欠落・gbif_match_type=NULL）
cylindrocolea tagawae,Cylindrocolea tagawae,タガワヤバネゴケ,蘚苔類,,情報不足（DD）,,,moe_redlist,GBIFへの照会自体が未実施（gbif_taxon_key欠落・gbif_match_type=NULL）
cylindrotis quadrasi,Cylindrotis quadrasi,ナズミガイ,貝類,,絶滅危惧I類（CR+EN）,,,moe_redlist,GBIFへの照会自体が未実施（gbif_taxon_key欠落・gbif_match_type=NULL）
cymatia apparens,Cymatia apparens,ミゾナシミズムシ,昆虫類,,準絶滅危惧（NT）,,,moe_redlist,GBIFへの照会自体が未実施（gbif_taxon_key欠落・gbif_match_type=NULL）
cymatophoropsis trimaculata,Cymatophoropsis trimaculata,ミツモンケンモン,昆虫類,,絶滅危惧IB類（EN）,,,moe_redlist,GBIFへの照会自体が未実施（gbif_taxon_key欠落・gbif_match_type=NULL）
cymbidium dayanum,Cymbidium dayanum,ヘツカラン,維管束植物,,絶滅危惧ⅠＡ類（CR）,,,moe_redlist,GBIFへの照会自体が未実施（gbif_taxon_key欠落・gbif_match_type=NULL）
cymbidium ensifolium,Cymbidium ensifolium,スルガラン,維管束植物,,絶滅危惧ⅠＡ類（CR）,,,moe_redlist,GBIFへの照会自体が未実施（gbif_taxon_key欠落・gbif_match_type=NULL）
cymbidium kanran,Cymbidium kanran,カンラン,維管束植物,,絶滅危惧ⅠＡ類（CR）,,,moe_redlist,GBIFへの照会自体が未実施（gbif_taxon_key欠落・gbif_match_type=NULL）
cymbidium koran,Cymbidium koran,コラン,維管束植物,,絶滅危惧ⅠＡ類（CR）,,,moe_redlist,GBIFへの照会自体が未実施（gbif_taxon_key欠落・gbif_match_type=NULL）
cymbidium lancifolium,Cymbidium lancifolium,アキザキナギラン,維管束植物,,絶滅危惧ⅠＡ類（CR）,,,moe_redlist,GBIFへの照会自体が未実施（gbif_taxon_key欠落・gbif_match_type=NULL）
cymbidium macrorhizon,Cymbidium macrorhizon,マヤラン,維管束植物,,絶滅危惧Ⅱ類（VU）,,,moe_redlist,GBIFへの照会自体が未実施（gbif_taxon_key欠落・gbif_match_type=NULL）
cymbidium nagifolium,Cymbidium nagifolium,ナギラン,維管束植物,,絶滅危惧Ⅱ類（VU）,,,moe_redlist,GBIFへの照会自体が未実施（gbif_taxon_key欠落・gbif_match_type=NULL）
cymbidium nipponicum,Cymbidium nipponicum,サガミラン,維管束植物,,準絶滅危惧（NT）,,,moe_redlist,GBIFへの照会自体が未実施（gbif_taxon_key欠落・gbif_match_type=NULL）
cymbidium sinense,Cymbidium sinense,ホウサイラン,維管束植物,,絶滅危惧ⅠＡ類（CR）,,,moe_redlist,GBIFへの照会自体が未実施（gbif_taxon_key欠落・gbif_match_type=NULL）
cymbidium syunitianum,Cymbidium syunitianum,オオナギラン,維管束植物,,絶滅危惧ⅠＡ類（CR）,,,moe_redlist,GBIFへの照会自体が未実施（gbif_taxon_key欠落・gbif_match_type=NULL）
cymodocea rotundata,Cymodocea rotundata,ベニアマモ,維管束植物,,準絶滅危惧（NT）,,,moe_redlist,GBIFへの照会自体が未実施（gbif_taxon_key欠落・gbif_match_type=NULL）
cymodocea serrulata,Cymodocea serrulata,リュウキュウアマモ,維管束植物,,準絶滅危惧（NT）,,,moe_redlist,GBIFへの照会自体が未実施（gbif_taxon_key欠落・gbif_match_type=NULL）
cymopolia vanbosseae,Cymopolia vanbosseae,ウスガサネ,藻類,,絶滅危惧Ⅱ類（VU）,,,moe_redlist,GBIFへの照会自体が未実施（gbif_taxon_key欠落・gbif_match_type=NULL）
cynanchum boudieri,Cynanchum boudieri,アマミイケマ,維管束植物,,絶滅危惧ⅠＡ類（CR）,,,moe_redlist,GBIFへの照会自体が未実施（gbif_taxon_key欠落・gbif_match_type=NULL）
cynoglossum lanceolatum var. formosanum,Cynoglossum lanceolatum var. formosanum,タイワンルリソウ,維管束植物,,絶滅危惧ⅠＡ類（CR）,,,moe_redlist,GBIFへの照会自体が未実施（gbif_taxon_key欠落・gbif_match_type=NULL）
cynoglossus abbreviatus,Cynoglossus abbreviatus,コウライアカシタビラメ,魚類（海洋生物）,,準絶滅危惧（NT）,,,moe_redlist,GBIFへの照会自体が未実施（gbif_taxon_key欠落・gbif_match_type=NULL）
cyperus alternifolius,Cyperus alternifolius,シュロガヤツリ（カラカサガヤツリ）,植物,,,重点対策外来種,,moe_ias_list,GBIFへの照会自体が未実施（gbif_taxon_key欠落・gbif_match_type=NULL）
cyperus digitatus,Cyperus digitatus,オオホウキガヤツリ,維管束植物,,絶滅危惧ⅠＡ類（CR）,,,moe_redlist,GBIFへの照会自体が未実施（gbif_taxon_key欠落・gbif_match_type=NULL）
cyperus distans,Cyperus distans,ホウキガヤツリ,維管束植物,,絶滅危惧Ⅱ類（VU）,,,moe_redlist,GBIFへの照会自体が未実施（gbif_taxon_key欠落・gbif_match_type=NULL）
cyperus eragrostis,Cyperus eragrostis,メリケンガヤツリ,植物,,,重点対策外来種,,moe_ias_list,GBIFへの照会自体が未実施（gbif_taxon_key欠落・gbif_match_type=NULL）
cyperus exaltatus var. iwasakii,Cyperus exaltatus var. iwasakii,カンエンガヤツリ,維管束植物,,絶滅危惧Ⅱ類（VU）,,,moe_redlist,GBIFへの照会自体が未実施（gbif_taxon_key欠落・gbif_match_type=NULL）
cyperus niigatensis,Cyperus niigatensis,ニイガタガヤツリ,維管束植物,,絶滅危惧ⅠＡ類（CR）,,,moe_redlist,GBIFへの照会自体が未実施（gbif_taxon_key欠落・gbif_match_type=NULL）
cyperus nutans var. subprolixus,Cyperus nutans var. subprolixus,ヒメホウキガヤツリ,維管束植物,,絶滅危惧ⅠＡ類（CR）,,,moe_redlist,GBIFへの照会自体が未実施（gbif_taxon_key欠落・gbif_match_type=NULL）
cyperus ohwii,Cyperus ohwii,ツクシオオガヤツリ,維管束植物,,絶滅危惧Ⅱ類（VU）,,,moe_redlist,GBIFへの照会自体が未実施（gbif_taxon_key欠落・gbif_match_type=NULL）
cyperus pedunculatus,Cyperus pedunculatus,コウシュンスゲ,維管束植物,,絶滅危惧ⅠＡ類（CR）,,,moe_redlist,GBIFへの照会自体が未実施（gbif_taxon_key欠落・gbif_match_type=NULL）
cyperus rotundus var. yoshinagae,Cyperus rotundus var. yoshinagae,トサノハマスゲ,維管束植物,,絶滅危惧ⅠB類（EN）,,,moe_redlist,GBIFへの照会自体が未実施（gbif_taxon_key欠落・gbif_match_type=NULL）
cyperus unioloides,Cyperus unioloides,ムギガラガヤツリ,維管束植物,,絶滅危惧ⅠB類（EN）,,,moe_redlist,GBIFへの照会自体が未実施（gbif_taxon_key欠落・gbif_match_type=NULL）
cyphagogus iwatensis,Cyphagogus iwatensis,チャバネホソミツギリゾウムシ,昆虫類,,情報不足（DD）,,,moe_redlist,GBIFへの照会自体が未実施（gbif_taxon_key欠落・gbif_match_type=NULL）
cypraea luchuana,Cypraea luchuana,リュウキュウダカラ,貝類,,絶滅危惧II類（VU）,,,moe_redlist,GBIFへの照会自体が未実施（gbif_taxon_key欠落・gbif_match_type=NULL）
cyprinus carpio,Cyprinus carpio,琵琶湖のコイ在来型,汽水・淡水魚類,,絶滅のおそれのある地域個体群（LP）,,,moe_redlist,GBIFへの照会自体が未実施（gbif_taxon_key欠落・gbif_match_type=NULL）
cypripedium calceolus,Cypripedium calceolus,カラフトアツモリソウ,維管束植物,,情報不足（DD）,,,moe_redlist,GBIFへの照会自体が未実施（gbif_taxon_key欠落・gbif_match_type=NULL）
cypripedium debile,Cypripedium debile,コアツモリソウ,維管束植物,,準絶滅危惧（NT）,,,moe_redlist,GBIFへの照会自体が未実施（gbif_taxon_key欠落・gbif_match_type=NULL）
cypripedium guttatum,Cypripedium guttatum,チョウセンキバナアツモリソウ,維管束植物,,絶滅危惧ⅠＡ類（CR）,,,moe_redlist,GBIFへの照会自体が未実施（gbif_taxon_key欠落・gbif_match_type=NULL）
cypripedium japonicum var. japonicum,Cypripedium japonicum var. japonicum,クマガイソウ,維管束植物,,絶滅危惧Ⅱ類（VU）,,,moe_redlist,GBIFへの照会自体が未実施（gbif_taxon_key欠落・gbif_match_type=NULL）
cypripedium macranthos var. macranthos,Cypripedium macranthos var. macranthos,ホテイアツモリ,維管束植物,,絶滅危惧ⅠＡ類（CR）,,,moe_redlist,GBIFへの照会自体が未実施（gbif_taxon_key欠落・gbif_match_type=NULL）
cypripedium macranthos var. rebunense,Cypripedium macranthos var. rebunense,レブンアツモリソウ,維管束植物,,準絶滅危惧（NT）,,,moe_redlist,GBIFへの照会自体が未実施（gbif_taxon_key欠落・gbif_match_type=NULL）
cypripedium macranthos var. speciosum,Cypripedium macranthos var. speciosum,アツモリソウ,維管束植物,,絶滅危惧Ⅱ類（VU）,,,moe_redlist,GBIFへの照会自体が未実施（gbif_taxon_key欠落・gbif_match_type=NULL）
cypripedium shanxiense,Cypripedium shanxiense,ドウトウアツモリソウ,維管束植物,,絶滅危惧ⅠＡ類（CR）,,,moe_redlist,GBIFへの照会自体が未実施（gbif_taxon_key欠落・gbif_match_type=NULL）
cypripedium yatabeanum,Cypripedium yatabeanum,キバナノアツモリソウ,維管束植物,,絶滅危惧Ⅱ類（VU）,,,moe_redlist,GBIFへの照会自体が未実施（gbif_taxon_key欠落・gbif_match_type=NULL）
cyptodontopsis leveillei,Cyptodontopsis leveillei,カワブチゴケ,蘚苔類,,準絶滅危惧（NT）,,,moe_redlist,GBIFへの照会自体が未実施（gbif_taxon_key欠落・gbif_match_type=NULL）
cyrtomium anomophyllum,Cyrtomium anomophyllum,クマヤブソテツ,維管束植物,,絶滅危惧ⅠＡ類（CR）,,,moe_redlist,GBIFへの照会自体が未実施（gbif_taxon_key欠落・gbif_match_type=NULL）
cyrtomnium hymenophylloides,Cyrtomnium hymenophylloides,シノブチョウチンゴケ,蘚苔類,,情報不足（DD）,,,moe_redlist,GBIFへの照会自体が未実施（gbif_taxon_key欠落・gbif_match_type=NULL）
cytisus scoparius,Cytisus scoparius,エニシダ（エニスダ）,植物,,,その他の総合対策外来種,,moe_ias_list,GBIFへの照会自体が未実施（gbif_taxon_key欠落・gbif_match_type=NULL）
dactylis glomerata,Dactylis glomerata,カモガヤ（オーチャードグラス）,植物,,,適切な管理が必要な産業上重要な外来種（産業管理外来種）,,moe_ias_list,GBIFへの照会自体が未実施（gbif_taxon_key欠落・gbif_match_type=NULL）
daiconotrechus iwatai,Daiconotrechus iwatai,イワタメクラチビゴミムシ,昆虫類,,絶滅危惧II類（VU）,,,moe_redlist,GBIFへの照会自体が未実施（gbif_taxon_key欠落・gbif_match_type=NULL）
dalbergia candenatensis,Dalbergia candenatensis,ヒルギカズラ,維管束植物,,絶滅危惧Ⅱ類（VU）,,,moe_redlist,GBIFへの照会自体が未実施（gbif_taxon_key欠落・gbif_match_type=NULL）
dallitellina rostrata,Dallitellina rostrata,トンガリベニガイ,貝類,,絶滅危惧II類（VU）,,,moe_redlist,GBIFへの照会自体が未実施（gbif_taxon_key欠落・gbif_match_type=NULL）
dalpada cinctipes,Dalpada cinctipes,ツシマキボシカメムシ,昆虫類,,準絶滅危惧（NT）,,,moe_redlist,GBIFへの照会自体が未実施（gbif_taxon_key欠落・gbif_match_type=NULL）
danio albolineatus,Danio albolineatus,パ－ルダニオ,魚類,,,その他の総合対策外来種,,moe_ias_list,GBIFへの照会自体が未実施（gbif_taxon_key欠落・gbif_match_type=NULL）
danio rerio,Danio rerio,ゼブラダニオ,魚類,,,その他の総合対策外来種,,moe_ias_list,GBIFへの照会自体が未実施（gbif_taxon_key欠落・gbif_match_type=NULL）
danjochlamys meshimaensis,Danjochlamys meshimaensis,メシマベッコウ,貝類,,準絶滅危惧（NT）,,,moe_redlist,GBIFへの照会自体が未実施（gbif_taxon_key欠落・gbif_match_type=NULL）
daphne koreana,Daphne koreana,チョウセンナニワズ,維管束植物,,絶滅危惧Ⅱ類（VU）,,,moe_redlist,GBIFへの照会自体が未実施（gbif_taxon_key欠落・gbif_match_type=NULL）
daphnimorpha capitellata,Daphnimorpha capitellata,ツチビノキ,維管束植物,,絶滅危惧ⅠB類（EN）,,,moe_redlist,GBIFへの照会自体が未実施（gbif_taxon_key欠落・gbif_match_type=NULL）
daphnimorpha kudoi,Daphnimorpha kudoi,シャクナンガンピ,維管束植物,,絶滅危惧Ⅱ類（VU）,,,moe_redlist,GBIFへの照会自体が未実施（gbif_taxon_key欠落・gbif_match_type=NULL）
dasyatis sp.,Dasyatis sp.,アリアケアカエイ,魚類（海洋生物）,,情報不足（DD）,,,moe_redlist,GBIFへの照会自体が未実施（gbif_taxon_key欠落・gbif_match_type=NULL）
dasycladus vermicularis,Dasycladus vermicularis,ケブカフデモ,藻類,,絶滅危惧ⅠB類（EN）,,,moe_redlist,GBIFへの照会自体が未実施（gbif_taxon_key欠落・gbif_match_type=NULL）
dasypolia fani,Dasypolia fani,オガサワラヒゲヨトウ,昆虫類,,絶滅危惧IB類（EN）,,,moe_redlist,GBIFへの照会自体が未実施（gbif_taxon_key欠落・gbif_match_type=NULL）
datura spp.（brugmansia spp.）,Datura spp.（Brugmansia spp.）,チョウセンアサガオ属,植物,,,その他の総合対策外来種,,moe_ias_list,GBIFへの照会自体が未実施（gbif_taxon_key欠落・gbif_match_type=NULL）
davallia repens,Davallia repens,キクシノブ,維管束植物,,絶滅危惧Ⅱ類（VU）,,,moe_redlist,GBIFへの照会自体が未実施（gbif_taxon_key欠落・gbif_match_type=NULL）
decatopecten sp.,Decatopecten sp.,リュウキュウキンチャク,貝類,,絶滅危惧I類（CR+EN）,,,moe_redlist,GBIFへの照会自体が未実施（gbif_taxon_key欠落・gbif_match_type=NULL）
deeringia polysperma,Deeringia polysperma,インドヒモカズラ,維管束植物,,絶滅危惧ⅠＡ類（CR）,,,moe_redlist,GBIFへの照会自体が未実施（gbif_taxon_key欠落・gbif_match_type=NULL）
deilephila askoldensis,Deilephila askoldensis,ヒメスズメ,昆虫類,,準絶滅危惧（NT）,,,moe_redlist,GBIFへの照会自体が未実施（gbif_taxon_key欠落・gbif_match_type=NULL）
deinopsis minor,Deinopsis minor,ヒメヌレチハネカクシ,昆虫類,,情報不足（DD）,,,moe_redlist,GBIFへの照会自体が未実施（gbif_taxon_key欠落・gbif_match_type=NULL）
deinopsis modesta,Deinopsis modesta,ヌレチハネカクシ,昆虫類,,情報不足（DD）,,,moe_redlist,GBIFへの照会自体が未実施（gbif_taxon_key欠落・gbif_match_type=NULL）
deinostema adenocaulum,Deinostema adenocaulum,マルバノサワトウガラシ,維管束植物,,準絶滅危惧（NT）,,,moe_redlist,GBIFへの照会自体が未実施（gbif_taxon_key欠落・gbif_match_type=NULL）
deiratonotus japonicus,Deiratonotus japonicus,カワスナガニ,その他無脊椎動物,,準絶滅危惧（NT）,,,moe_redlist,GBIFへの照会自体が未実施（gbif_taxon_key欠落・gbif_match_type=NULL）
dendrobium okinawense,Dendrobium okinawense,オキナワセッコク,維管束植物,,絶滅危惧ⅠB類（EN）,,,moe_redlist,GBIFへの照会自体が未実施（gbif_taxon_key欠落・gbif_match_type=NULL）
dendrobium tosaense,Dendrobium tosaense,キバナノセッコク,維管束植物,,絶滅危惧Ⅱ類（VU）,,,moe_redlist,GBIFへの照会自体が未実施（gbif_taxon_key欠落・gbif_match_type=NULL）
dendrocacalia crepidifolia,Dendrocacalia crepidifolia,ワダンノキ,維管束植物,,絶滅危惧ⅠB類（EN）,,,moe_redlist,GBIFへの照会自体が未実施（gbif_taxon_key欠落・gbif_match_type=NULL）
dendroceros japonicus,Dendroceros japonicus,キノボリツノゴケ,蘚苔類,,準絶滅危惧（NT）,,,moe_redlist,GBIFへの照会自体が未実施（gbif_taxon_key欠落・gbif_match_type=NULL）
dendroceros tubercularis,Dendroceros tubercularis,オガサワラキブリツノゴケ,蘚苔類,,絶滅危惧Ⅱ類（VU）,,,moe_redlist,GBIFへの照会自体が未実施（gbif_taxon_key欠落・gbif_match_type=NULL）
dendrocopos leucotos owstoni,Dendrocopos leucotos owstoni,オーストンオオアカゲラ,鳥類,,絶滅危惧II類（VU）,,,moe_redlist,GBIFへの照会自体が未実施（gbif_taxon_key欠落・gbif_match_type=NULL）
dendrocyathophorum decolyi,Dendrocyathophorum decolyi,キダチクジャクゴケ,蘚苔類,,絶滅危惧Ⅱ類（VU）,,,moe_redlist,GBIFへの照会自体が未実施（gbif_taxon_key欠落・gbif_match_type=NULL）
dendropolyporus umbellatus,Dendropolyporus umbellatus,チョレイマイタケ,菌類,,情報不足（DD）,,,moe_redlist,GBIFへの照会自体が未実施（gbif_taxon_key欠落・gbif_match_type=NULL）
dendrosphaera eberhardtii,Dendrosphaera eberhardtii,エダウチホコリタケモドキ,菌類,,情報不足（DD）,,,moe_redlist,GBIFへの照会自体が未実施（gbif_taxon_key欠落・gbif_match_type=NULL）
deparia bonincola,Deparia bonincola,オオシケシダ,維管束植物,,準絶滅危惧（NT）,,,moe_redlist,GBIFへの照会自体が未実施（gbif_taxon_key欠落・gbif_match_type=NULL）
deparia coreana,Deparia coreana,コウライイヌワラビ,維管束植物,,絶滅危惧Ⅱ類（VU）,,,moe_redlist,GBIFへの照会自体が未実施（gbif_taxon_key欠落・gbif_match_type=NULL）
deparia formosana,Deparia formosana,ジャコウシダ,維管束植物,,絶滅危惧ⅠＡ類（CR）,,,moe_redlist,GBIFへの照会自体が未実施（gbif_taxon_key欠落・gbif_match_type=NULL）
deparia henryi,Deparia henryi,コウライイヌワラビモドキ,維管束植物,,絶滅危惧ⅠＡ類（CR）,,,moe_redlist,GBIFへの照会自体が未実施（gbif_taxon_key欠落・gbif_match_type=NULL）
deparia longipes,Deparia longipes,ウスバシケシダ,維管束植物,,絶滅危惧Ⅱ類（VU）,,,moe_redlist,GBIFへの照会自体が未実施（gbif_taxon_key欠落・gbif_match_type=NULL）
deparia minamitanii,Deparia minamitanii,ヒュウガシケシダ,維管束植物,,絶滅危惧ⅠＡ類（CR）,,,moe_redlist,GBIFへの照会自体が未実施（gbif_taxon_key欠落・gbif_match_type=NULL）
deparia otomasui,Deparia otomasui,アソシケシダ,維管束植物,,絶滅危惧ⅠB類（EN）,,,moe_redlist,GBIFへの照会自体が未実施（gbif_taxon_key欠落・gbif_match_type=NULL）
depressiscala aurita,Depressiscala aurita,オダマキ,貝類,,準絶滅危惧（NT）,,,moe_redlist,GBIFへの照会自体が未実施（gbif_taxon_key欠落・gbif_match_type=NULL）
deroceras monticola,Deroceras monticola,ヤマコウラナメクジ,貝類,,準絶滅危惧（NT）,,,moe_redlist,GBIFへの照会自体が未実施（gbif_taxon_key欠落・gbif_match_type=NULL）
deroceras sp.,Deroceras sp.,クロツノナメクジ,貝類,,絶滅危惧II類（VU）,,,moe_redlist,GBIFへの照会自体が未実施（gbif_taxon_key欠落・gbif_match_type=NULL）
derosphaerus foveolatus,Derosphaerus foveolatus,アラメゴミムシダマシ,昆虫類,,情報不足（DD）,,,moe_redlist,GBIFへの照会自体が未実施（gbif_taxon_key欠落・gbif_match_type=NULL）
deschampsia cespitosa var. levis,Deschampsia cespitosa var. levis,ユウバリカニツリ,維管束植物,,絶滅危惧ⅠB類（EN）,,,moe_redlist,GBIFへの照会自体が未実施（gbif_taxon_key欠落・gbif_match_type=NULL）
deschampsia cespitosa var. macrothyrsa,Deschampsia cespitosa var. macrothyrsa,オニコメススキ,維管束植物,,情報不足（DD）,,,moe_redlist,GBIFへの照会自体が未実施（gbif_taxon_key欠落・gbif_match_type=NULL）
desis japonica,Desis japonica,ヤマトウシオグモ,その他無脊椎動物,,情報不足（DD）,,,moe_redlist,GBIFへの照会自体が未実施（gbif_taxon_key欠落・gbif_match_type=NULL）
desmodium paniculatum,Desmodium paniculatum,アレチヌスビトハギ,植物,,,その他の総合対策外来種,,moe_ias_list,GBIFへの照会自体が未実施（gbif_taxon_key欠落・gbif_match_type=NULL）
deuterophlebia nipponica,Deuterophlebia nipponica,ニホンアミカモドキ,昆虫類,,絶滅危惧II類（VU）,,,moe_redlist,GBIFへの照会自体が未実施（gbif_taxon_key欠落・gbif_match_type=NULL）
deutzia hatusimae,Deutzia hatusimae,コミノヒメウツギ,維管束植物,,絶滅危惧ⅠＡ類（CR）,,,moe_redlist,GBIFへの照会自体が未実施（gbif_taxon_key欠落・gbif_match_type=NULL）
deutzia naseana var. amanoi,Deutzia naseana var. amanoi,オキナワヒメウツギ,維管束植物,,絶滅危惧ⅠＡ類（CR）,,,moe_redlist,GBIFへの照会自体が未実施（gbif_taxon_key欠落・gbif_match_type=NULL）
deutzia uniflora,Deutzia uniflora,ウメウツギ,維管束植物,,絶滅危惧Ⅱ類（VU）,,,moe_redlist,GBIFへの照会自体が未実施（gbif_taxon_key欠落・gbif_match_type=NULL）
deutzia yaeyamensis,Deutzia yaeyamensis,ヤエヤマヒメウツギ,維管束植物,,絶滅危惧ⅠB類（EN）,,,moe_redlist,GBIFへの照会自体が未実施（gbif_taxon_key欠落・gbif_match_type=NULL）
deutzia zentaroana,Deutzia zentaroana,ブンゴウツギ,維管束植物,,絶滅危惧Ⅱ類（VU）,,,moe_redlist,GBIFへの照会自体が未実施（gbif_taxon_key欠落・gbif_match_type=NULL）
devonia semperi,Devonia semperi,ヒナノズキン,貝類,,絶滅危惧I類（CR+EN）,,,moe_redlist,GBIFへの照会自体が未実施（gbif_taxon_key欠落・gbif_match_type=NULL）
diabelia serrata f. tomentosa,Diabelia serrata f. tomentosa,オニツクバネウツギ,維管束植物,,絶滅危惧ⅠＡ類（CR）,,,moe_redlist,GBIFへの照会自体が未実施（gbif_taxon_key欠落・gbif_match_type=NULL）
diboma costata,Diboma costata,オキナワサビカミキリ,昆虫類,,絶滅危惧II類（VU）,,,moe_redlist,GBIFへの照会自体が未実施（gbif_taxon_key欠落・gbif_match_type=NULL）
dicentra peregrina,Dicentra peregrina,白山などの高山帯のコマクサ,植物,,,重点対策外来種,,moe_ias_list,GBIFへの照会自体が未実施（gbif_taxon_key欠落・gbif_match_type=NULL）
dichelyma japonicum,Dichelyma japonicum,コシノヤバネゴケ,蘚苔類,,準絶滅危惧（NT）,,,moe_redlist,GBIFへの照会自体が未実施（gbif_taxon_key欠落・gbif_match_type=NULL）
dichocarpum hakonense,Dichocarpum hakonense,ハコネシロカネソウ,維管束植物,,準絶滅危惧（NT）,,,moe_redlist,GBIFへの照会自体が未実施（gbif_taxon_key欠落・gbif_match_type=NULL）
dichocarpum numajirianum,Dichocarpum numajirianum,コウヤシロカネソウ,維管束植物,,絶滅危惧ⅠB類（EN）,,,moe_redlist,GBIFへの照会自体が未実施（gbif_taxon_key欠落・gbif_match_type=NULL）
dichocarpum pterigionocaudatum,Dichocarpum pterigionocaudatum,キバナサバノオ,維管束植物,,絶滅危惧Ⅱ類（VU）,,,moe_redlist,GBIFへの照会自体が未実施（gbif_taxon_key欠落・gbif_match_type=NULL）
dichosporidium boschianum,Dichosporidium boschianum,フェルトゴケ,地衣類,,情報不足（DD）,,,moe_redlist,GBIFへの照会自体が未実施（gbif_taxon_key欠落・gbif_match_type=NULL）
dichosporidium sorediatum,Dichosporidium sorediatum,マダラフェルトゴケ,地衣類,,情報不足（DD）,,,moe_redlist,GBIFへの照会自体が未実施（gbif_taxon_key欠落・gbif_match_type=NULL）
dichotomosiphon tuberosus,Dichotomosiphon tuberosus,チョウチンミドロ,藻類,,絶滅危惧ⅠB類（EN）,,,moe_redlist,GBIFへの照会自体が未実施（gbif_taxon_key欠落・gbif_match_type=NULL）
dicranocephalus medius,Dicranocephalus medius,ブチヒゲツノヘリカメムシ,昆虫類,,絶滅危惧II類（VU）,,,moe_redlist,GBIFへの照会自体が未実施（gbif_taxon_key欠落・gbif_match_type=NULL）
dictyopteris repens,Dictyopteris repens,ヒメヤハズ,藻類,,情報不足（DD）,,,moe_redlist,GBIFへの照会自体が未実施（gbif_taxon_key欠落・gbif_match_type=NULL）
didymoglossum bimarginatum,Didymoglossum bimarginatum,マルバコケシダ,維管束植物,,絶滅危惧ⅠＡ類（CR）,,,moe_redlist,GBIFへの照会自体が未実施（gbif_taxon_key欠落・gbif_match_type=NULL）
didymoglossum motleyi,Didymoglossum motleyi,マメゴケシダ,維管束植物,,絶滅危惧Ⅱ類（VU）,,,moe_redlist,GBIFへの照会自体が未実施（gbif_taxon_key欠落・gbif_match_type=NULL）
didymoplexis micradenia,Didymoplexis micradenia,ヒメヤツシロラン,維管束植物,,絶滅危惧ⅠB類（EN）,,,moe_redlist,GBIFへの照会自体が未実施（gbif_taxon_key欠落・gbif_match_type=NULL）
didymoplexis pallens,Didymoplexis pallens,ユウレイラン,維管束植物,,準絶滅危惧（NT）,,,moe_redlist,GBIFへの照会自体が未実施（gbif_taxon_key欠落・gbif_match_type=NULL）
didymoplexis siamensis,Didymoplexis siamensis,コカゲラン,維管束植物,,絶滅危惧ⅠB類（EN）,,,moe_redlist,GBIFへの照会自体が未実施（gbif_taxon_key欠落・gbif_match_type=NULL）
dienia ophrydis,Dienia ophrydis,ホザキヒメラン,維管束植物,,絶滅危惧ⅠＡ類（CR）,,,moe_redlist,GBIFへの照会自体が未実施（gbif_taxon_key欠落・gbif_match_type=NULL）
digitaria mollicoma,Digitaria mollicoma,ビロードメヒシバ,維管束植物,,絶滅危惧ⅠＡ類（CR）,,,moe_redlist,GBIFへの照会自体が未実施（gbif_taxon_key欠落・gbif_match_type=NULL）
digitaria platycarpha,Digitaria platycarpha,シマギョウギシバ,維管束植物,,絶滅危惧ⅠB類（EN）,,,moe_redlist,GBIFへの照会自体が未実施（gbif_taxon_key欠落・gbif_match_type=NULL）
dimitshydrus typhlops,Dimitshydrus typhlops,メクラケシゲンゴロウ,昆虫類,,情報不足（DD）,,,moe_redlist,GBIFへの照会自体が未実施（gbif_taxon_key欠落・gbif_match_type=NULL）
dinemoleus indeprensus,Dinemoleus indeprensus,メガマウスザメジラミ,甲殻類（海洋生物）,,情報不足（DD）,,,moe_redlist,GBIFへの照会自体が未実施（gbif_taxon_key欠落・gbif_match_type=NULL）
dineutus australis,Dineutus australis,ツマキレオオミズスマシ,昆虫類,,準絶滅危惧（NT）,,,moe_redlist,GBIFへの照会自体が未実施（gbif_taxon_key欠落・gbif_match_type=NULL）
dineutus mellyi mellyi,Dineutus mellyi mellyi,タイワンオオミズスマシ,昆虫類,,準絶滅危惧（NT）,,,moe_redlist,GBIFへの照会自体が未実施（gbif_taxon_key欠落・gbif_match_type=NULL）
dineutus orientalis,Dineutus orientalis,オオミズスマシ,昆虫類,,準絶滅危惧（NT）,,,moe_redlist,GBIFへの照会自体が未実施（gbif_taxon_key欠落・gbif_match_type=NULL）
diodia teres,Diodia teres,オオフタバムグラ,植物,,,その他の総合対策外来種,,moe_ias_list,GBIFへの照会自体が未実施（gbif_taxon_key欠落・gbif_match_type=NULL）
diogenes nitidimanus,Diogenes nitidimanus,テナガツノヤドカリ,甲殻類（海洋生物）,,情報不足（DD）,,,moe_redlist,GBIFへの照会自体が未実施（gbif_taxon_key欠落・gbif_match_type=NULL）
diomedea albatrus,Diomedea albatrus,アホウドリ,鳥類,,絶滅危惧II類（VU）,,,moe_redlist,GBIFへの照会自体が未実施（gbif_taxon_key欠落・gbif_match_type=NULL）
dioscorea asclepiadea,Dioscorea asclepiadea,ツクシタチドコロ,維管束植物,,絶滅危惧ⅠB類（EN）,,,moe_redlist,GBIFへの照会自体が未実施（gbif_taxon_key欠落・gbif_match_type=NULL）
dioscorea izuensis,Dioscorea izuensis,イズドコロ,維管束植物,,絶滅危惧Ⅱ類（VU）,,,moe_redlist,GBIFへの照会自体が未実施（gbif_taxon_key欠落・gbif_match_type=NULL）
dioscorea luzonensis,Dioscorea luzonensis,ルゾンヤマノイモ,維管束植物,,絶滅危惧ⅠＡ類（CR）,,,moe_redlist,GBIFへの照会自体が未実施（gbif_taxon_key欠落・gbif_match_type=NULL）
dioscorea tabatae,Dioscorea tabatae,ユワンオニドコロ,維管束植物,,絶滅危惧ⅠＡ類（CR）,,,moe_redlist,GBIFへの照会自体が未実施（gbif_taxon_key欠落・gbif_match_type=NULL）
dioscorea zentaroana,Dioscorea zentaroana,アマミタチドコロ,維管束植物,,絶滅危惧ⅠＡ類（CR）,,,moe_redlist,GBIFへの照会自体が未実施（gbif_taxon_key欠落・gbif_match_type=NULL）
diospyros egbertwalkeri,Diospyros egbertwalkeri,ヤエヤマコクタン,維管束植物,,準絶滅危惧（NT）,,,moe_redlist,GBIFへの照会自体が未実施（gbif_taxon_key欠落・gbif_match_type=NULL）
diospyros eriantha,Diospyros eriantha,ヤワラケガキ,維管束植物,,絶滅危惧ⅠB類（EN）,,,moe_redlist,GBIFへの照会自体が未実施（gbif_taxon_key欠落・gbif_match_type=NULL）
diostracus nakanishii,Diostracus nakanishii,タカネキアシナガレアシナガバエ,昆虫類,,準絶滅危惧（NT）,,,moe_redlist,GBIFへの照会自体が未実施（gbif_taxon_key欠落・gbif_match_type=NULL）
diphyscium chiapense subsp. unipapillosum,Diphyscium chiapense subsp. unipapillosum,ミギワイクビゴケ,蘚苔類,,絶滅危惧Ⅱ類（VU）,,,moe_redlist,GBIFへの照会自体が未実施（gbif_taxon_key欠落・gbif_match_type=NULL）
diphyscium kashmirense,Diphyscium kashmirense,カシミールクマノゴケ,蘚苔類,,絶滅危惧Ⅱ類（VU）,,,moe_redlist,GBIFへの照会自体が未実施（gbif_taxon_key欠落・gbif_match_type=NULL）
diphyscium lorifolium,Diphyscium lorifolium,クマノゴケ,蘚苔類,,情報不足（DD）,,,moe_redlist,GBIFへの照会自体が未実施（gbif_taxon_key欠落・gbif_match_type=NULL）
diphyscium perminutum,Diphyscium perminutum,コバノイクビゴケ,蘚苔類,,絶滅危惧ⅠB類（EN）,,,moe_redlist,GBIFへの照会自体が未実施（gbif_taxon_key欠落・gbif_match_type=NULL）
diphyscium suzukii,Diphyscium suzukii,スズキイクビゴケ,蘚苔類,,絶滅危惧ⅠB類（EN）,,,moe_redlist,GBIFへの照会自体が未実施（gbif_taxon_key欠落・gbif_match_type=NULL）
diplacodes bipunctatus,Diplacodes bipunctatus,ベニヒメトンボ,昆虫類,,準絶滅危惧（NT）,,,moe_redlist,GBIFへの照会自体が未実施（gbif_taxon_key欠落・gbif_match_type=NULL）
diplacrum caricinum,Diplacrum caricinum,カガシラ,維管束植物,,絶滅危惧Ⅱ類（VU）,,,moe_redlist,GBIFへの照会自体が未実施（gbif_taxon_key欠落・gbif_match_type=NULL）
diplazium crassiusculum,Diplazium crassiusculum,イブダケキノボリシダ,維管束植物,,準絶滅危惧（NT）,,,moe_redlist,GBIFへの照会自体が未実施（gbif_taxon_key欠落・gbif_match_type=NULL）
diplazium kawabatae,Diplazium kawabatae,モッチョムシダ,維管束植物,,絶滅危惧ⅠＡ類（CR）,,,moe_redlist,GBIFへの照会自体が未実施（gbif_taxon_key欠落・gbif_match_type=NULL）
diplazium kawakamii,Diplazium kawakamii,アオイガワラビ,維管束植物,,絶滅危惧ⅠＡ類（CR）,,,moe_redlist,GBIFへの照会自体が未実施（gbif_taxon_key欠落・gbif_match_type=NULL）
diplazium longicarpum,Diplazium longicarpum,シマクジャク,維管束植物,,絶滅危惧Ⅱ類（VU）,,,moe_redlist,GBIFへの照会自体が未実施（gbif_taxon_key欠落・gbif_match_type=NULL）
diplazium megaphylum,Diplazium megaphylum,ムシャシダ,維管束植物,,絶滅危惧ⅠＡ類（CR）,,,moe_redlist,GBIFへの照会自体が未実施（gbif_taxon_key欠落・gbif_match_type=NULL）
diplazium okinawaense,Diplazium okinawaense,オキナワコクモウクジャク,維管束植物,,準絶滅危惧（NT）,,,moe_redlist,GBIFへの照会自体が未実施（gbif_taxon_key欠落・gbif_match_type=NULL）
diplazium okudairae,Diplazium okudairae,イヨクジャク,維管束植物,,絶滅危惧ⅠB類（EN）,,,moe_redlist,GBIFへの照会自体が未実施（gbif_taxon_key欠落・gbif_match_type=NULL）
diplazium pinfaense,Diplazium pinfaense,フクレギシダ,維管束植物,,絶滅危惧ⅠＡ類（CR）,,,moe_redlist,GBIFへの照会自体が未実施（gbif_taxon_key欠落・gbif_match_type=NULL）
diplazium pullingeri,Diplazium pullingeri,ハンコクシダ,維管束植物,,準絶滅危惧（NT）,,,moe_redlist,GBIFへの照会自体が未実施（gbif_taxon_key欠落・gbif_match_type=NULL）
diplazium subtripinnatum,Diplazium subtripinnatum,ムニンミドリシダ,維管束植物,,絶滅危惧ⅠＡ類（CR）,,,moe_redlist,GBIFへの照会自体が未実施（gbif_taxon_key欠落・gbif_match_type=NULL）
diplazium taiwanense,Diplazium taiwanense,ニセシロヤマシダ,維管束植物,,絶滅危惧Ⅱ類（VU）,,,moe_redlist,GBIFへの照会自体が未実施（gbif_taxon_key欠落・gbif_match_type=NULL）
diplazium wichurae var. amabile,Diplazium wichurae var. amabile,ヒメノコギリシダ,維管束植物,,準絶滅危惧（NT）,,,moe_redlist,GBIFへの照会自体が未実施（gbif_taxon_key欠落・gbif_match_type=NULL）
diplocheila elongata,Diplocheila elongata,スナハラゴミムシ,昆虫類,,絶滅危惧II類（VU）,,,moe_redlist,GBIFへの照会自体が未実施（gbif_taxon_key欠落・gbif_match_type=NULL）
diplocheila macromandibularis,Diplocheila macromandibularis,フトキバスナハラゴミムシ,昆虫類,,準絶滅危惧（NT）,,,moe_redlist,GBIFへの照会自体が未実施（gbif_taxon_key欠落・gbif_match_type=NULL）
diplodonta sp.,Diplodonta sp.,フタバシラガイの1種,貝類,,情報不足（DD）,,,moe_redlist,GBIFへの照会自体が未実施（gbif_taxon_key欠落・gbif_match_type=NULL）
diplommatina ampla,Diplommatina ampla,オオコベルトゴマガイ,貝類,,準絶滅危惧（NT）,,,moe_redlist,GBIFへの照会自体が未実施（gbif_taxon_key欠落・gbif_match_type=NULL）
diplommatina circumstomata,Diplommatina circumstomata,マルクチゴマガイ,貝類,,準絶滅危惧（NT）,,,moe_redlist,GBIFへの照会自体が未実施（gbif_taxon_key欠落・gbif_match_type=NULL）
diplommatina danzyonarum,Diplommatina danzyonarum,ダンジョゴマガイ,貝類,,準絶滅危惧（NT）,,,moe_redlist,GBIFへの照会自体が未実施（gbif_taxon_key欠落・gbif_match_type=NULL）
diplommatina gotoensis,Diplommatina gotoensis,ゴトウゴマガイ,貝類,,準絶滅危惧（NT）,,,moe_redlist,GBIFへの照会自体が未実施（gbif_taxon_key欠落・gbif_match_type=NULL）
diplommatina immersidens,Diplommatina immersidens,ミヤコゴマガイ,貝類,,準絶滅危惧（NT）,,,moe_redlist,GBIFへの照会自体が未実施（gbif_taxon_key欠落・gbif_match_type=NULL）
diplommatina kumejimana,Diplommatina kumejimana,クメジマゴマガイ,貝類,,絶滅危惧II類（VU）,,,moe_redlist,GBIFへの照会自体が未実施（gbif_taxon_key欠落・gbif_match_type=NULL）
diplommatina luchuana,Diplommatina luchuana,リュウキュウゴマガイ,貝類,,絶滅危惧II類（VU）,,,moe_redlist,GBIFへの照会自体が未実施（gbif_taxon_key欠落・gbif_match_type=NULL）
diplommatina lyrata lyrata,Diplommatina lyrata lyrata,クニガミゴマガイ,貝類,,絶滅危惧II類（VU）,,,moe_redlist,GBIFへの照会自体が未実施（gbif_taxon_key欠落・gbif_match_type=NULL）
diplommatina lyrata tokunoshimana,Diplommatina lyrata tokunoshimana,トクノシマゴマガイ,貝類,,絶滅危惧II類（VU）,,,moe_redlist,GBIFへの照会自体が未実施（gbif_taxon_key欠落・gbif_match_type=NULL）
diplommatina nesiotica,Diplommatina nesiotica,ニヨリゴマガイ,貝類,,準絶滅危惧（NT）,,,moe_redlist,GBIFへの照会自体が未実施（gbif_taxon_key欠落・gbif_match_type=NULL）
diplommatina nishii,Diplommatina nishii,ハンミガキゴマガイ,貝類,,絶滅危惧IB類（EN）,,,moe_redlist,GBIFへの照会自体が未実施（gbif_taxon_key欠落・gbif_match_type=NULL）
diplommatina oshimae,Diplommatina oshimae,オオシマゴマガイ,貝類,,絶滅危惧II類（VU）,,,moe_redlist,GBIFへの照会自体が未実施（gbif_taxon_key欠落・gbif_match_type=NULL）
diplommatina pudica,Diplommatina pudica,ベニゴマガイ,貝類,,絶滅危惧I類（CR+EN）,,,moe_redlist,GBIFへの照会自体が未実施（gbif_taxon_key欠落・gbif_match_type=NULL）
diplommatina saginata,Diplommatina saginata,ハラブトゴマガイ,貝類,,準絶滅危惧（NT）,,,moe_redlist,GBIFへの照会自体が未実施（gbif_taxon_key欠落・gbif_match_type=NULL）
diplommatina septentrionalis,Diplommatina septentrionalis,エゾゴマガイ,貝類,,絶滅危惧II類（VU）,,,moe_redlist,GBIFへの照会自体が未実施（gbif_taxon_key欠落・gbif_match_type=NULL）
diplommatina turris chineni,Diplommatina turris chineni,イトカケゴマガイ,貝類,,絶滅危惧II類（VU）,,,moe_redlist,GBIFへの照会自体が未実施（gbif_taxon_key欠落・gbif_match_type=NULL）
diplommatina turris turris,Diplommatina turris turris,トウガタゴマガイ,貝類,,準絶滅危惧（NT）,,,moe_redlist,GBIFへの照会自体が未実施（gbif_taxon_key欠落・gbif_match_type=NULL）
diplommatina ujiinsularis,Diplommatina ujiinsularis,ウジグントウゴマガイ,貝類,,準絶滅危惧（NT）,,,moe_redlist,GBIFへの照会自体が未実施（gbif_taxon_key欠落・gbif_match_type=NULL）
diplommatina ultima,Diplommatina ultima,ツシマゴマガイ,貝類,,絶滅危惧II類（VU）,,,moe_redlist,GBIFへの照会自体が未実施（gbif_taxon_key欠落・gbif_match_type=NULL）
diplommatina yakushimae,Diplommatina yakushimae,ヤクシマゴマガイ,貝類,,準絶滅危惧（NT）,,,moe_redlist,GBIFへの照会自体が未実施（gbif_taxon_key欠落・gbif_match_type=NULL）
diplommatina yonakunijimana,Diplommatina yonakunijimana,ヨナグニゴマガイ,貝類,,絶滅危惧II類（VU）,,,moe_redlist,GBIFへの照会自体が未実施（gbif_taxon_key欠落・gbif_match_type=NULL）
diplomorpha albiflora,Diplomorpha albiflora,ミヤマガンピ,維管束植物,,絶滅危惧Ⅱ類（VU）,,,moe_redlist,GBIFへの照会自体が未実施（gbif_taxon_key欠落・gbif_match_type=NULL）
diplomorpha pauciflora var. pauciflora,Diplomorpha pauciflora var. pauciflora,サクラガンピ,維管束植物,,絶滅危惧Ⅱ類（VU）,,,moe_redlist,GBIFへの照会自体が未実施（gbif_taxon_key欠落・gbif_match_type=NULL）
diplomorpha phymatoglossa,Diplomorpha phymatoglossa,オオシマガンピ,維管束植物,,絶滅危惧ⅠＡ類（CR）,,,moe_redlist,GBIFへの照会自体が未実施（gbif_taxon_key欠落・gbif_match_type=NULL）
diploprora championii,Diploprora championii,サガリラン,維管束植物,,絶滅危惧ⅠＡ類（CR）,,,moe_redlist,GBIFへの照会自体が未実施（gbif_taxon_key欠落・gbif_match_type=NULL）
diplopterygium laevissimum,Diplopterygium laevissimum,カネコシダ,維管束植物,,絶滅危惧Ⅱ類（VU）,,,moe_redlist,GBIFへの照会自体が未実施（gbif_taxon_key欠落・gbif_match_type=NULL）
dipogon ogasawarensis,Dipogon ogasawarensis,オガサワラヒゲベッコウ,昆虫類,,情報不足（DD）,,,moe_redlist,GBIFへの照会自体が未実施（gbif_taxon_key欠落・gbif_match_type=NULL）
dischidia formosana,Dischidia formosana,マメヅタカズラ,維管束植物,,絶滅危惧ⅠＡ類（CR）,,,moe_redlist,GBIFへの照会自体が未実施（gbif_taxon_key欠落・gbif_match_type=NULL）
discocleidion ulmifolium,Discocleidion ulmifolium,エノキフジ,維管束植物,,絶滅危惧ⅠB類（EN）,,,moe_redlist,GBIFへの照会自体が未実施（gbif_taxon_key欠落・gbif_match_type=NULL）
discus pauper,Discus pauper,近畿地方以西のパツラマイマイ,貝類,,絶滅のおそれのある地域個体群（LP）,,,moe_redlist,GBIFへの照会自体が未実施（gbif_taxon_key欠落・gbif_match_type=NULL）
disperis neilgherrensis,Disperis neilgherrensis,ジョウロウラン,維管束植物,,絶滅危惧ⅠＡ類（CR）,,,moe_redlist,GBIFへの照会自体が未実施（gbif_taxon_key欠落・gbif_match_type=NULL）
distichophyllum obtusifolium,Distichophyllum obtusifolium,マルバツガゴケ,蘚苔類,,絶滅危惧ⅠB類（EN）,,,moe_redlist,GBIFへの照会自体が未実施（gbif_taxon_key欠落・gbif_match_type=NULL）
distichophyllum osterwaldii,Distichophyllum osterwaldii,フチナシツガゴケ,蘚苔類,,絶滅危惧Ⅱ類（VU）,,,moe_redlist,GBIFへの照会自体が未実施（gbif_taxon_key欠落・gbif_match_type=NULL）
distugonia decurtata,Distugonia decurtata,オフクマスオ,貝類,,絶滅危惧II類（VU）,,,moe_redlist,GBIFへの照会自体が未実施（gbif_taxon_key欠落・gbif_match_type=NULL）
ditropisena sp. a,Ditropisena sp. A,ミニカドカド,貝類,,絶滅危惧II類（VU）,,,moe_redlist,GBIFへの照会自体が未実施（gbif_taxon_key欠落・gbif_match_type=NULL）
ditropisena sp. b,Ditropisena sp. B,エレガントカドカド,貝類,,絶滅危惧II類（VU）,,,moe_redlist,GBIFへの照会自体が未実施（gbif_taxon_key欠落・gbif_match_type=NULL）
ditropisena sp. c,Ditropisena sp. C,デリケートカドカド,貝類,,絶滅危惧II類（VU）,,,moe_redlist,GBIFへの照会自体が未実施（gbif_taxon_key欠落・gbif_match_type=NULL）
ditropisena sp. d,Ditropisena sp. D,ドームカドカド,貝類,,絶滅危惧I類（CR+EN）,,,moe_redlist,GBIFへの照会自体が未実施（gbif_taxon_key欠落・gbif_match_type=NULL）
divariscintilla toyohiwakensis,Divariscintilla toyohiwakensis,ニッポンヨーヨーシジミ,貝類,,絶滅危惧II類（VU）,,,moe_redlist,GBIFへの照会自体が未実施（gbif_taxon_key欠落・gbif_match_type=NULL）
doerriesa coenosa,Doerriesa coenosa,キュウシュウスジヨトウ,昆虫類,,絶滅危惧II類（VU）,,,moe_redlist,GBIFへの照会自体が未実施（gbif_taxon_key欠落・gbif_match_type=NULL）
doerriesa striata,Doerriesa striata,エゾスジヨトウ,昆虫類,,絶滅危惧II類（VU）,,,moe_redlist,GBIFへの照会自体が未実施（gbif_taxon_key欠落・gbif_match_type=NULL）
dolichovespula adulterina montivaga,Dolichovespula adulterina montivaga,ヤドリホオナガスズメバチ,昆虫類,,情報不足（DD）,,,moe_redlist,GBIFへの照会自体が未実施（gbif_taxon_key欠落・gbif_match_type=NULL）
dolichovespula media sugare,Dolichovespula media sugare,キオビホオナガスズメバチ本州亜種,昆虫類,,情報不足（DD）,,,moe_redlist,GBIFへの照会自体が未実施（gbif_taxon_key欠落・gbif_match_type=NULL）
dolichovespula saxonica nipponica,Dolichovespula saxonica nipponica,ニッポンホオナガスズメバチ,昆虫類,,情報不足（DD）,,,moe_redlist,GBIFへの照会自体が未実施（gbif_taxon_key欠落・gbif_match_type=NULL）
dolicrossea sp.,Dolicrossea sp.,ウズツボ,貝類,,情報不足（DD）,,,moe_redlist,GBIFへの照会自体が未実施（gbif_taxon_key欠落・gbif_match_type=NULL）
donacia akiyamai,Donacia akiyamai,セラネクイハムシ,昆虫類,,情報不足（DD）,,,moe_redlist,GBIFへの照会自体が未実施（gbif_taxon_key欠落・gbif_match_type=NULL）
donacia frontalis,Donacia frontalis,アオノネクイハムシ,昆虫類,,絶滅危惧IA類（CR）,,,moe_redlist,GBIFへの照会自体が未実施（gbif_taxon_key欠落・gbif_match_type=NULL）
donacia hirtihumeralis,Donacia hirtihumeralis,アカガネネクイハムシ,昆虫類,,準絶滅危惧（NT）,,,moe_redlist,GBIFへの照会自体が未実施（gbif_taxon_key欠落・gbif_match_type=NULL）
donacia japana,Donacia japana,キンイロネクイハムシ,昆虫類,,準絶滅危惧（NT）,,,moe_redlist,GBIFへの照会自体が未実施（gbif_taxon_key欠落・gbif_match_type=NULL）
donax faba,Donax faba,リュウキュウナミノコ,貝類,,準絶滅危惧（NT）,,,moe_redlist,GBIFへの照会自体が未実施（gbif_taxon_key欠落・gbif_match_type=NULL）
donax kiusiuensis,Donax kiusiuensis,キュウシュウナミノコ,貝類,,準絶滅危惧（NT）,,,moe_redlist,GBIFへの照会自体が未実施（gbif_taxon_key欠落・gbif_match_type=NULL）
dontostemon dentatus var. dentatus,Dontostemon dentatus var. dentatus,ハナハタザオ,維管束植物,,絶滅危惧ⅠＡ類（CR）,,,moe_redlist,GBIFへの照会自体が未実施（gbif_taxon_key欠落・gbif_match_type=NULL）
doosia japonica,Doosia japonica,ドウシグモ,その他無脊椎動物,,情報不足（DD）,,,moe_redlist,GBIFへの照会自体が未実施（gbif_taxon_key欠落・gbif_match_type=NULL）
dorcus hopei binodulosus,Dorcus hopei binodulosus,オオクワガタ,昆虫類,,絶滅危惧II類（VU）,,,moe_redlist,GBIFへの照会自体が未実施（gbif_taxon_key欠落・gbif_match_type=NULL）
dorcus titanus daitoensis,Dorcus titanus daitoensis,ダイトウヒラタクワガタ,昆虫類,,絶滅危惧II類（VU）,,,moe_redlist,GBIFへの照会自体が未実施（gbif_taxon_key欠落・gbif_match_type=NULL）
dorcus titanus hachijoensis,Dorcus titanus hachijoensis,ハチジョウヒラタクワガタ,昆虫類,,絶滅危惧II類（VU）,,,moe_redlist,GBIFへの照会自体が未実施（gbif_taxon_key欠落・gbif_match_type=NULL）
dosinia aspera,Dosinia aspera,ツキカガミ,貝類,,絶滅危惧II類（VU）,,,moe_redlist,GBIFへの照会自体が未実施（gbif_taxon_key欠落・gbif_match_type=NULL）
dosinia biscocta,Dosinia biscocta,アツカガミ,貝類,,絶滅危惧I類（CR+EN）,,,moe_redlist,GBIFへの照会自体が未実施（gbif_taxon_key欠落・gbif_match_type=NULL）
dosinia corrugata,Dosinia corrugata,ウラカガミ,貝類,,絶滅危惧I類（CR+EN）,,,moe_redlist,GBIFへの照会自体が未実施（gbif_taxon_key欠落・gbif_match_type=NULL）
dosinia troscheli,Dosinia troscheli,ヤタノカガミ,貝類,,絶滅危惧II類（VU）,,,moe_redlist,GBIFへの照会自体が未実施（gbif_taxon_key欠落・gbif_match_type=NULL）
draba igarashii,Draba igarashii,シリベシナズナ,維管束植物,,絶滅危惧ⅠＡ類（CR）,,,moe_redlist,GBIFへの照会自体が未実施（gbif_taxon_key欠落・gbif_match_type=NULL）
draba japonica,Draba japonica,ナンブイヌナズナ,維管束植物,,絶滅危惧ⅠB類（EN）,,,moe_redlist,GBIFへの照会自体が未実施（gbif_taxon_key欠落・gbif_match_type=NULL）
draba kitadakensis,Draba kitadakensis,キタダケナズナ,維管束植物,,絶滅危惧ⅠB類（EN）,,,moe_redlist,GBIFへの照会自体が未実施（gbif_taxon_key欠落・gbif_match_type=NULL）
draba nakaiana,Draba nakaiana,ソウウンナズナ,維管束植物,,絶滅危惧ⅠＡ類（CR）,,,moe_redlist,GBIFへの照会自体が未実施（gbif_taxon_key欠落・gbif_match_type=NULL）
draba oiana,Draba oiana,ヤツガタケナズナ,維管束植物,,絶滅危惧ⅠB類（EN）,,,moe_redlist,GBIFへの照会自体が未実施（gbif_taxon_key欠落・gbif_match_type=NULL）
draba sachalinensis var. sachalinensis,Draba sachalinensis var. sachalinensis,モイワナズナ,維管束植物,,絶滅危惧ⅠB類（EN）,,,moe_redlist,GBIFへの照会自体が未実施（gbif_taxon_key欠落・gbif_match_type=NULL）
draba sakuraii var. nipponica,Draba sakuraii var. nipponica,クモマナズナ,維管束植物,,絶滅危惧Ⅱ類（VU）,,,moe_redlist,GBIFへの照会自体が未実施（gbif_taxon_key欠落・gbif_match_type=NULL）
draba sakuraii var. sakuraii,Draba sakuraii var. sakuraii,トガクシナズナ,維管束植物,,絶滅危惧ⅠB類（EN）,,,moe_redlist,GBIFへの照会自体が未実施（gbif_taxon_key欠落・gbif_match_type=NULL）
draba shiroumana,Draba shiroumana,シロウマナズナ,維管束植物,,絶滅危惧ⅠB類（EN）,,,moe_redlist,GBIFへの照会自体が未実施（gbif_taxon_key欠落・gbif_match_type=NULL）
dracocephalum argunense,Dracocephalum argunense,ムシャリンドウ,維管束植物,,絶滅危惧Ⅱ類（VU）,,,moe_redlist,GBIFへの照会自体が未実施（gbif_taxon_key欠落・gbif_match_type=NULL）
drawida hattamimizu,Drawida hattamimizu,ハッタミミズ,その他無脊椎動物,,準絶滅危惧（NT）,,,moe_redlist,GBIFへの照会自体が未実施（gbif_taxon_key欠落・gbif_match_type=NULL）
drepanolejeunea obtusifolia,Drepanolejeunea obtusifolia,マルバサンカクゴケ,蘚苔類,,絶滅危惧ⅠB類（EN）,,,moe_redlist,GBIFへの照会自体が未実施（gbif_taxon_key欠落・gbif_match_type=NULL）
drepanolejeunea spicata,Drepanolejeunea spicata,ヤエヤマサンカクゴケ,蘚苔類,,情報不足（DD）,,,moe_redlist,GBIFへの照会自体が未実施（gbif_taxon_key欠落・gbif_match_type=NULL）
drombus simulus,Drombus simulus,イッテンクロコハゼ,魚類（海洋生物）,,準絶滅危惧（NT）,,,moe_redlist,GBIFへの照会自体が未実施（gbif_taxon_key欠落・gbif_match_type=NULL）
drosera anglica,Drosera anglica,ナガバノモウセンゴケ,維管束植物,,絶滅危惧Ⅱ類（VU）,,,moe_redlist,GBIFへの照会自体が未実施（gbif_taxon_key欠落・gbif_match_type=NULL）
drosera intermedia、drosera spp.,Drosera intermedia、Drosera spp.,ナガエモウセンゴケ（ナガエノモウセンゴケ、ドロセラ・インターメディア）等の外来モウセンゴケ類,植物,,,重点対策外来種,,moe_ias_list,GBIFへの照会自体が未実施（gbif_taxon_key欠落・gbif_match_type=NULL）
drosera peltata var. nipponica,Drosera peltata var. nipponica,イシモチソウ,維管束植物,,準絶滅危惧（NT）,,,moe_redlist,GBIFへの照会自体が未実施（gbif_taxon_key欠落・gbif_match_type=NULL）
drosera toyoakensis,Drosera toyoakensis,ナガバノイシモチソウ,維管束植物,,絶滅危惧Ⅱ類（VU）,,,moe_redlist,GBIFへの照会自体が未実施（gbif_taxon_key欠落・gbif_match_type=NULL）
drynaria roosii,Drynaria roosii,ハカマウラボシ,維管束植物,,絶滅危惧ⅠＡ類（CR）,,,moe_redlist,GBIFへの照会自体が未実施（gbif_taxon_key欠落・gbif_match_type=NULL）
dryocopus martius,Dryocopus martius,クマゲラ,鳥類,,準絶滅危惧（NT）,,,moe_redlist,GBIFへの照会自体が未実施（gbif_taxon_key欠落・gbif_match_type=NULL）
dryopomorphus amami,Dryopomorphus amami,アマミハバビロドロムシ,昆虫類,,情報不足（DD）,,,moe_redlist,GBIFへの照会自体が未実施（gbif_taxon_key欠落・gbif_match_type=NULL）
dryopteris anthracinisquama,Dryopteris anthracinisquama,クマイワヘゴ,維管束植物,,絶滅危惧ⅠＡ類（CR）,,,moe_redlist,GBIFへの照会自体が未実施（gbif_taxon_key欠落・gbif_match_type=NULL）
dryopteris dickinsii x d. polylepis,Dryopteris dickinsii x D. polylepis,エビノオオクジャク,維管束植物,,絶滅危惧ⅠＡ類（CR）,,,moe_redlist,GBIFへの照会自体が未実施（gbif_taxon_key欠落・gbif_match_type=NULL）
dryopteris formosana,Dryopteris formosana,タカサゴシダ,維管束植物,,準絶滅危惧（NT）,,,moe_redlist,GBIFへの照会自体が未実施（gbif_taxon_key欠落・gbif_match_type=NULL）
dryopteris gymnosora x d. koidzumiana,Dryopteris gymnosora x D. koidzumiana,ホソバヌカイタチシダ,維管束植物,,絶滅危惧ⅠＡ類（CR）,,,moe_redlist,GBIFへの照会自体が未実施（gbif_taxon_key欠落・gbif_match_type=NULL）
dryopteris hadanoi,Dryopteris hadanoi,ニセヨゴレイタチシダ,維管束植物,,準絶滅危惧（NT）,,,moe_redlist,GBIFへの照会自体が未実施（gbif_taxon_key欠落・gbif_match_type=NULL）
dryopteris hangchowensis,Dryopteris hangchowensis,キリシマイワヘゴ,維管束植物,,絶滅危惧ⅠＡ類（CR）,,,moe_redlist,GBIFへの照会自体が未実施（gbif_taxon_key欠落・gbif_match_type=NULL）
dryopteris hendersonii,Dryopteris hendersonii,ホウライヒメワラビ,維管束植物,,絶滅危惧ⅠB類（EN）,,,moe_redlist,GBIFへの照会自体が未実施（gbif_taxon_key欠落・gbif_match_type=NULL）
dryopteris insularis,Dryopteris insularis,ムニンベニシダ,維管束植物,,絶滅危惧ⅠB類（EN）,,,moe_redlist,GBIFへの照会自体が未実施（gbif_taxon_key欠落・gbif_match_type=NULL）
dryopteris laeta,Dryopteris laeta,イワカゲワラビ,維管束植物,,絶滅危惧Ⅱ類（VU）,,,moe_redlist,GBIFへの照会自体が未実施（gbif_taxon_key欠落・gbif_match_type=NULL）
dryopteris lunanensis,Dryopteris lunanensis,オオミネイワヘゴ,維管束植物,,絶滅危惧ⅠＡ類（CR）,,,moe_redlist,GBIFへの照会自体が未実施（gbif_taxon_key欠落・gbif_match_type=NULL）
dryopteris melanocarpa var. elegans,Dryopteris melanocarpa var. elegans,オトメイタチシダ,維管束植物,,情報不足（DD）,,,moe_redlist,GBIFへの照会自体が未実施（gbif_taxon_key欠落・gbif_match_type=NULL）
dryopteris nodosa,Dryopteris nodosa,タイワンヒメワラビ,維管束植物,,絶滅危惧Ⅱ類（VU）,,,moe_redlist,GBIFへの照会自体が未実施（gbif_taxon_key欠落・gbif_match_type=NULL）
dryopteris polita,Dryopteris polita,タイトウベニシダ,維管束植物,,絶滅危惧ⅠB類（EN）,,,moe_redlist,GBIFへの照会自体が未実施（gbif_taxon_key欠落・gbif_match_type=NULL）
dryopteris protobissetiana,Dryopteris protobissetiana,モトイタチシダ,維管束植物,,絶滅危惧Ⅱ類（VU）,,,moe_redlist,GBIFへの照会自体が未実施（gbif_taxon_key欠落・gbif_match_type=NULL）
dryopteris purpurella,Dryopteris purpurella,ムラサキベニシダ,維管束植物,,絶滅危惧ⅠB類（EN）,,,moe_redlist,GBIFへの照会自体が未実施（gbif_taxon_key欠落・gbif_match_type=NULL）
dryopteris shiroumensis,Dryopteris shiroumensis,シロウマイタチシダ,維管束植物,,準絶滅危惧（NT）,,,moe_redlist,GBIFへの照会自体が未実施（gbif_taxon_key欠落・gbif_match_type=NULL）
dryopteris subtsushimensis,Dryopteris subtsushimensis,アラゲミサキカグマ,維管束植物,,絶滅危惧ⅠＡ類（CR）,,,moe_redlist,GBIFへの照会自体が未実施（gbif_taxon_key欠落・gbif_match_type=NULL）
dryopteris tsugiwoi,Dryopteris tsugiwoi,マルバヌカイタチシダモドキ,維管束植物,,絶滅危惧ⅠＡ類（CR）,,,moe_redlist,GBIFへの照会自体が未実施（gbif_taxon_key欠落・gbif_match_type=NULL）
dryopteris tsushimensis,Dryopteris tsushimensis,ツシマミサキカグマ,維管束植物,,絶滅危惧ⅠB類（EN）,,,moe_redlist,GBIFへの照会自体が未実施（gbif_taxon_key欠落・gbif_match_type=NULL）
dryopteris tsutsuiana,Dryopteris tsutsuiana,ツツイイワヘゴ,維管束植物,,絶滅危惧ⅠＡ類（CR）,,,moe_redlist,GBIFへの照会自体が未実施（gbif_taxon_key欠落・gbif_match_type=NULL）
dryopteris wallichiana,Dryopteris wallichiana,オオヤグルマシダ,維管束植物,,絶滅危惧ⅠＡ類（CR）,,,moe_redlist,GBIFへの照会自体が未実施（gbif_taxon_key欠落・gbif_match_type=NULL）
dryopteris yakusilvicola,Dryopteris yakusilvicola,コスギイタチシダ,維管束植物,,準絶滅危惧（NT）,,,moe_redlist,GBIFへの照会自体が未実施（gbif_taxon_key欠落・gbif_match_type=NULL）
drypetes integerrima,Drypetes integerrima,ハツバキ,維管束植物,,絶滅危惧Ⅱ類（VU）,,,moe_redlist,GBIFへの照会自体が未実施（gbif_taxon_key欠落・gbif_match_type=NULL）
drypta fulveola,Drypta fulveola,キイロホソゴミムシ,昆虫類,,絶滅危惧IB類（EN）,,,moe_redlist,GBIFへの照会自体が未実施（gbif_taxon_key欠落・gbif_match_type=NULL）
duplicaria evoluta,Duplicaria evoluta,イワカワトクサ,貝類,,絶滅危惧II類（VU）,,,moe_redlist,GBIFへの照会自体が未実施（gbif_taxon_key欠落・gbif_match_type=NULL）
dupontiopsis hayachinensis,Dupontiopsis hayachinensis,ナンブソモソモ,維管束植物,,絶滅危惧ⅠB類（EN）,,,moe_redlist,GBIFへの照会自体が未実施（gbif_taxon_key欠落・gbif_match_type=NULL）
dynastinae gen. spp.,Dynastinae Gen. spp.,外国産カブトムシ,昆虫類,,,その他の定着予防外来種,NONE,moe_ias_list,GBIFへ照会したが一致しなかった（gbif_match_type=NONE）
dytiscus marginalis czerskii,Dytiscus marginalis czerskii,エゾゲンゴロウモドキ,昆虫類,,絶滅危惧II類（VU）,,,moe_redlist,GBIFへの照会自体が未実施（gbif_taxon_key欠落・gbif_match_type=NULL）
ebala sp.,Ebala sp.,イリエゴウナ,貝類,,絶滅危惧II類（VU）,,,moe_redlist,GBIFへの照会自体が未実施（gbif_taxon_key欠落・gbif_match_type=NULL）
echinodontium tsugicola,Echinodontium tsugicola,マンネンハリタケ,菌類,,情報不足（DD）,,,moe_redlist,GBIFへの照会自体が未実施（gbif_taxon_key欠落・gbif_match_type=NULL）
echinophyllum sachalinense,Echinophyllum sachalinense,カラフトシノブゴケ,蘚苔類,,情報不足（DD）,,,moe_redlist,GBIFへの照会自体が未実施（gbif_taxon_key欠落・gbif_match_type=NULL）
echinoplaca epiphylla,Echinoplaca epiphylla,ヒメヒゲチイ,地衣類,,情報不足（DD）,,,moe_redlist,GBIFへの照会自体が未実施（gbif_taxon_key欠落・gbif_match_type=NULL）
echinops setifer,Echinops setifer,ヒゴタイ,維管束植物,,絶滅危惧Ⅱ類（VU）,,,moe_redlist,GBIFへの照会自体が未実施（gbif_taxon_key欠落・gbif_match_type=NULL）
echinorhinus cookei,Echinorhinus cookei,コギクザメ,魚類（海洋生物）,,情報不足（DD）,,,moe_redlist,GBIFへの照会自体が未実施（gbif_taxon_key欠落・gbif_match_type=NULL）
echthrogaleusmitsukurinae,Echthrogaleusmitsukurinae,和名なし,甲殻類（海洋生物）,,情報不足（DD）,,,moe_redlist,GBIFへの照会自体が未実施（gbif_taxon_key欠落・gbif_match_type=NULL）
ectemnius furuichii,Ectemnius furuichii,ササキリギングチ,昆虫類,,準絶滅危惧（NT）,,,moe_redlist,GBIFへの照会自体が未実施（gbif_taxon_key欠落・gbif_match_type=NULL）
ectemnius martjanowii,Ectemnius martjanowii,アギトギングチ,昆虫類,,情報不足（DD）,,,moe_redlist,GBIFへの照会自体が未実施（gbif_taxon_key欠落・gbif_match_type=NULL）
ectomocoris elegans,Ectomocoris elegans,ヤエヤマサシガメ,昆虫類,,情報不足（DD）,,,moe_redlist,GBIFへの照会自体が未実施（gbif_taxon_key欠落・gbif_match_type=NULL）
egeria densa,Egeria densa,オオカナダモ（アナカリス）,植物,,,重点対策外来種,,moe_ias_list,GBIFへの照会自体が未実施（gbif_taxon_key欠落・gbif_match_type=NULL）
egretta intermedia intermedia,Egretta intermedia intermedia,チュウサギ,鳥類,,準絶滅危惧（NT）,,,moe_redlist,GBIFへの照会自体が未実施（gbif_taxon_key欠落・gbif_match_type=NULL）
ehretia philippinensis,Ehretia philippinensis,リュウキュウチシャノキ,維管束植物,,絶滅危惧ⅠＡ類（CR）,,,moe_redlist,GBIFへの照会自体が未実施（gbif_taxon_key欠落・gbif_match_type=NULL）
eichhornia crassipes,Eichhornia crassipes,ホテイアオイ（ウォーターヒヤシンス）,植物,,,重点対策外来種,,moe_ias_list,GBIFへの照会自体が未実施（gbif_taxon_key欠落・gbif_match_type=NULL）
eilema degenerella,Eilema degenerella,シロホソバ,昆虫類,,準絶滅危惧（NT）,,,moe_redlist,GBIFへの照会自体が未実施（gbif_taxon_key欠落・gbif_match_type=NULL）
eilema fuscodorsalis,Eilema fuscodorsalis,ヤネホソバ,昆虫類,,準絶滅危惧（NT）,,,moe_redlist,GBIFへの照会自体が未実施（gbif_taxon_key欠落・gbif_match_type=NULL）
elaeagnus arakiana,Elaeagnus arakiana,タンゴグミ,維管束植物,,絶滅危惧ⅠＡ類（CR）,,,moe_redlist,GBIFへの照会自体が未実施（gbif_taxon_key欠落・gbif_match_type=NULL）
elaeagnus epitricha,Elaeagnus epitricha,クマヤマグミ,維管束植物,,絶滅危惧Ⅱ類（VU）,,,moe_redlist,GBIFへの照会自体が未実施（gbif_taxon_key欠落・gbif_match_type=NULL）
elaeagnus matsunoana,Elaeagnus matsunoana,ハコネグミ,維管束植物,,準絶滅危惧（NT）,,,moe_redlist,GBIFへの照会自体が未実施（gbif_taxon_key欠落・gbif_match_type=NULL）
elaeagnus takeshitae,Elaeagnus takeshitae,カツラギグミ,維管束植物,,絶滅危惧ⅠB類（EN）,,,moe_redlist,GBIFへの照会自体が未実施（gbif_taxon_key欠落・gbif_match_type=NULL）
elaeagnus yakusimensis,Elaeagnus yakusimensis,ヤクシマグミ,維管束植物,,絶滅危惧ⅠB類（EN）,,,moe_redlist,GBIFへの照会自体が未実施（gbif_taxon_key欠落・gbif_match_type=NULL）
elaeocarpus multiflorus,Elaeocarpus multiflorus,ナガバコバンモチ,維管束植物,,絶滅危惧ⅠB類（EN）,,,moe_redlist,GBIFへの照会自体が未実施（gbif_taxon_key欠落・gbif_match_type=NULL）
elamenopsis ariakensis,Elamenopsis ariakensis,アリアケヤワラガニ,その他無脊椎動物,,情報不足（DD）,,,moe_redlist,GBIFへの照会自体が未実施（gbif_taxon_key欠落・gbif_match_type=NULL）
elampus musashinus,Elampus musashinus,ムサシトゲセイボウ,昆虫類,,準絶滅危惧（NT）,,,moe_redlist,GBIFへの照会自体が未実施（gbif_taxon_key欠落・gbif_match_type=NULL）
elaphoglossum callifolium,Elaphoglossum callifolium,オキナワアツイタ,維管束植物,,絶滅危惧ⅠＡ類（CR）,,,moe_redlist,GBIFへの照会自体が未実施（gbif_taxon_key欠落・gbif_match_type=NULL）
elaphoglossum tosaense,Elaphoglossum tosaense,ヒロハアツイタ,維管束植物,,絶滅危惧Ⅱ類（VU）,,,moe_redlist,GBIFへの照会自体が未実施（gbif_taxon_key欠落・gbif_match_type=NULL）
elaphoglossum yoshinagae,Elaphoglossum yoshinagae,アツイタ,維管束植物,,絶滅危惧Ⅱ類（VU）,,,moe_redlist,GBIFへの照会自体が未実施（gbif_taxon_key欠落・gbif_match_type=NULL）
elaphrus punctatus,Elaphrus punctatus,コハンミョウモドキ,昆虫類,,絶滅危惧IB類（EN）,,,moe_redlist,GBIFへの照会自体が未実施（gbif_taxon_key欠落・gbif_match_type=NULL）
elaphrus sugai,Elaphrus sugai,ワタラセハンミョウモドキ,昆虫類,,絶滅危惧IB類（EN）,,,moe_redlist,GBIFへの照会自体が未実施（gbif_taxon_key欠落・gbif_match_type=NULL）
elaphulrs davidlanus,Elaphulrs davidlanus,シフゾウ,哺乳類,,,その他の定着予防外来種,NONE,moe_ias_list,GBIFへ照会したが一致しなかった（gbif_match_type=NONE）
elasmias kitaiwojimanum,Elasmias kitaiwojimanum,イオウジマノミガイ,貝類,,絶滅危惧II類（VU）,,,moe_redlist,GBIFへの照会自体が未実施（gbif_taxon_key欠落・gbif_match_type=NULL）
elatobium itoe,Elatobium itoe,ツツジコブアブラムシ,昆虫類,,絶滅危惧II類（VU）,,,moe_redlist,GBIFへの照会自体が未実施（gbif_taxon_key欠落・gbif_match_type=NULL）
elatophilus nipponensis,Elatophilus nipponensis,ヒラタハナカメムシ,昆虫類,,準絶滅危惧（NT）,,,moe_redlist,GBIFへの照会自体が未実施（gbif_taxon_key欠落・gbif_match_type=NULL）
elatostema densiflorum,Elatostema densiflorum,トキホコリ,維管束植物,,準絶滅危惧（NT）,,,moe_redlist,GBIFへの照会自体が未実施（gbif_taxon_key欠落・gbif_match_type=NULL）
elatostema lineolatum var. majus,Elatostema lineolatum var. majus,ホソバノキミズ,維管束植物,,絶滅危惧ⅠB類（EN）,,,moe_redlist,GBIFへの照会自体が未実施（gbif_taxon_key欠落・gbif_match_type=NULL）
elatostema oshimense,Elatostema oshimense,アマミサンショウソウ,維管束植物,,絶滅危惧ⅠＡ類（CR）,,,moe_redlist,GBIFへの照会自体が未実施（gbif_taxon_key欠落・gbif_match_type=NULL）
elatostema platyphyllum,Elatostema platyphyllum,ランダイミズ,維管束植物,,絶滅危惧ⅠB類（EN）,,,moe_redlist,GBIFへの照会自体が未実施（gbif_taxon_key欠落・gbif_match_type=NULL）
elatostema suzukii,Elatostema suzukii,クニガミサンショウヅル,維管束植物,,準絶滅危惧（NT）,,,moe_redlist,GBIFへの照会自体が未実施（gbif_taxon_key欠落・gbif_match_type=NULL）
elatostema yakushimense,Elatostema yakushimense,ヒメトキホコリ,維管束植物,,絶滅危惧ⅠＡ類（CR）,,,moe_redlist,GBIFへの照会自体が未実施（gbif_taxon_key欠落・gbif_match_type=NULL）
elatostema yonakuniense,Elatostema yonakuniense,ヨナクニトキホコリ,維管束植物,,絶滅危惧ⅠＡ類（CR）,,,moe_redlist,GBIFへの照会自体が未実施（gbif_taxon_key欠落・gbif_match_type=NULL）
eleitherococcus trifoliatus,Eleitherococcus trifoliatus,ミツバウコギ,維管束植物,,絶滅危惧ⅠＡ類（CR）,,,moe_redlist,GBIFへの照会自体が未実施（gbif_taxon_key欠落・gbif_match_type=NULL）
eleocharis acicularis var. acicularis,Eleocharis acicularis var. acicularis,チシママツバイ,維管束植物,,絶滅危惧Ⅱ類（VU）,,,moe_redlist,GBIFへの照会自体が未実施（gbif_taxon_key欠落・gbif_match_type=NULL）
eleocharis acutangula,Eleocharis acutangula,ミスミイ,維管束植物,,絶滅危惧ⅠB類（EN）,,,moe_redlist,GBIFへの照会自体が未実施（gbif_taxon_key欠落・gbif_match_type=NULL）
eleocharis atropurpurea,Eleocharis atropurpurea,クロミノハリイ,維管束植物,,絶滅危惧ⅠＡ類（CR）,,,moe_redlist,GBIFへの照会自体が未実施（gbif_taxon_key欠落・gbif_match_type=NULL）
eleocharis equisetiformis,Eleocharis equisetiformis,スジヌマハリイ,維管束植物,,絶滅危惧Ⅱ類（VU）,,,moe_redlist,GBIFへの照会自体が未実施（gbif_taxon_key欠落・gbif_match_type=NULL）
eleocharis margaritacea,Eleocharis margaritacea,シロミノハリイ,維管束植物,,絶滅危惧Ⅱ類（VU）,,,moe_redlist,GBIFへの照会自体が未実施（gbif_taxon_key欠落・gbif_match_type=NULL）
eleocharis parvinux,Eleocharis parvinux,コツブヌマハリイ,維管束植物,,絶滅危惧Ⅱ類（VU）,,,moe_redlist,GBIFへの照会自体が未実施（gbif_taxon_key欠落・gbif_match_type=NULL）
eleocharis parvula,Eleocharis parvula,チャボイ,維管束植物,,絶滅危惧Ⅱ類（VU）,,,moe_redlist,GBIFへの照会自体が未実施（gbif_taxon_key欠落・gbif_match_type=NULL）
eleocharis retroflexa subsp. chaetaria,Eleocharis retroflexa subsp. chaetaria,カヤツリマツバイ,維管束植物,,絶滅危惧ⅠＡ類（CR）,,,moe_redlist,GBIFへの照会自体が未実施（gbif_taxon_key欠落・gbif_match_type=NULL）
eleocharis tetraquetra var. tsurumachii,Eleocharis tetraquetra var. tsurumachii,カドハリイ,維管束植物,,絶滅危惧ⅠＡ類（CR）,,,moe_redlist,GBIFへの照会自体が未実施（gbif_taxon_key欠落・gbif_match_type=NULL）
ellisiophyllum pinnatum var. reptans,Ellisiophyllum pinnatum var. reptans,キクガラクサ,維管束植物,,準絶滅危惧（NT）,,,moe_redlist,GBIFへの照会自体が未実施（gbif_taxon_key欠落・gbif_match_type=NULL）
ellobium chinense,Ellobium chinense,オカミミガイ,貝類,,絶滅危惧II類（VU）,,,moe_redlist,GBIFへの照会自体が未実施（gbif_taxon_key欠落・gbif_match_type=NULL）
ellobium pallidum,Ellobium pallidum,コハクオカミミガイ,貝類,,絶滅危惧I類（CR+EN）,,,moe_redlist,GBIFへの照会自体が未実施（gbif_taxon_key欠落・gbif_match_type=NULL）
ellochelon vaigiensis,Ellochelon vaigiensis,オニボラ,汽水・淡水魚類,,情報不足（DD）,,,moe_redlist,GBIFへの照会自体が未実施（gbif_taxon_key欠落・gbif_match_type=NULL）
elodea nuttallii,Elodea nuttallii,コカナダモ,植物,,,重点対策外来種,,moe_ias_list,GBIFへの照会自体が未実施（gbif_taxon_key欠落・gbif_match_type=NULL）
elongicoris takarai,Elongicoris takarai,タカラサシガメ,昆虫類,,準絶滅危惧（NT）,,,moe_redlist,GBIFへの照会自体が未実施（gbif_taxon_key欠落・gbif_match_type=NULL）
elymus gmelinii var. tenuisetus,Elymus gmelinii var. tenuisetus,イヌカモジグサ,維管束植物,,絶滅危惧ⅠB類（EN）,,,moe_redlist,GBIFへの照会自体が未実施（gbif_taxon_key欠落・gbif_match_type=NULL）
elymus humidus,Elymus humidus,ミズタカモジ,維管束植物,,絶滅危惧Ⅱ類（VU）,,,moe_redlist,GBIFへの照会自体が未実施（gbif_taxon_key欠落・gbif_match_type=NULL）
elymus pendulinus var. pendulinus,Elymus pendulinus var. pendulinus,タイシャクカモジ,維管束植物,,絶滅危惧ⅠＡ類（CR）,,,moe_redlist,GBIFへの照会自体が未実施（gbif_taxon_key欠落・gbif_match_type=NULL）
elymus sibiricus,Elymus sibiricus,エゾムギ,維管束植物,,絶滅危惧ⅠＡ類（CR）,,,moe_redlist,GBIFへの照会自体が未実施（gbif_taxon_key欠落・gbif_match_type=NULL）
elymus tsukushiensis var. tsukushiensis,Elymus tsukushiensis var. tsukushiensis,オニカモジ,維管束植物,,絶滅危惧Ⅱ類（VU）,,,moe_redlist,GBIFへの照会自体が未実施（gbif_taxon_key欠落・gbif_match_type=NULL）
elymus yubaridakensis,Elymus yubaridakensis,タカネエゾムギ,維管束植物,,絶滅危惧ⅠＡ類（CR）,,,moe_redlist,GBIFへの照会自体が未実施（gbif_taxon_key欠落・gbif_match_type=NULL）
emberiza yessoensis yessoensis,Emberiza yessoensis yessoensis,コジュリン,鳥類,,絶滅危惧IB類（EN）,,,moe_redlist,GBIFへの照会自体が未実施（gbif_taxon_key欠落・gbif_match_type=NULL）
empicoris brachystigma,Empicoris brachystigma,フタオビマダラカモドキサシガメ,昆虫類,,情報不足（DD）,,,moe_redlist,GBIFへの照会自体が未実施（gbif_taxon_key欠落・gbif_match_type=NULL）
encalypta alpina,Encalypta alpina,シロウマヤリカツギ,蘚苔類,,情報不足（DD）,,,moe_redlist,GBIFへの照会自体が未実施（gbif_taxon_key欠落・gbif_match_type=NULL）
encalypta rhaptocarpa,Encalypta rhaptocarpa,ミヤマヤリカツギ,蘚苔類,,情報不足（DD）,,,moe_redlist,GBIFへの照会自体が未実施（gbif_taxon_key欠落・gbif_match_type=NULL）
encalypta streptocarpa,Encalypta streptocarpa,シナノセンボンゴケ（セイタカヤリカツギ）,蘚苔類,,絶滅危惧Ⅱ類（VU）,,,moe_redlist,GBIFへの照会自体が未実施（gbif_taxon_key欠落・gbif_match_type=NULL）
enchelyurus kraussii,Enchelyurus kraussii,クロギンポ,魚類（海洋生物）,,情報不足（DD）,,,moe_redlist,GBIFへの照会自体が未実施（gbif_taxon_key欠落・gbif_match_type=NULL）
enchylium nipponicum,Enchylium nipponicum,アツバイワノリ,地衣類,,情報不足（DD）,,,moe_redlist,GBIFへの照会自体が未実施（gbif_taxon_key欠落・gbif_match_type=NULL）
engina menkeana,Engina menkeana,ナガゴマフホラダマシ（ゴマフホラダマシ）,貝類,,絶滅危惧II類（VU）,,,moe_redlist,GBIFへの照会自体が未実施（gbif_taxon_key欠落・gbif_match_type=NULL）
enhalus acoroides,Enhalus acoroides,ウミショウブ,維管束植物,,絶滅危惧ⅠB類（EN）,,,moe_redlist,GBIFへの照会自体が未実施（gbif_taxon_key欠落・gbif_match_type=NULL）
enneapterygius cheni,Enneapterygius cheni,ウラウチヘビギンポ,汽水・淡水魚類,,絶滅危惧IA類（CR）,,,moe_redlist,GBIFへの照会自体が未実施（gbif_taxon_key欠落・gbif_match_type=NULL）
enochrus subsignatus,Enochrus subsignatus,マルヒラタガムシ,昆虫類,,準絶滅危惧（NT）,,,moe_redlist,GBIFへの照会自体が未実施（gbif_taxon_key欠落・gbif_match_type=NULL）
enoplometopus chacei,Enoplometopus chacei,クミショウグンエビ,甲殻類（海洋生物）,,情報不足（DD）,,,moe_redlist,GBIFへの照会自体が未実施（gbif_taxon_key欠落・gbif_match_type=NULL）
enoplometopus occidentalis,Enoplometopus occidentalis,ショウグンエビ,甲殻類（海洋生物）,,情報不足（DD）,,,moe_redlist,GBIFへの照会自体が未実施（gbif_taxon_key欠落・gbif_match_type=NULL）
entada phaseoloides,Entada phaseoloides,コウシュンモダマ,維管束植物,,準絶滅危惧（NT）,,,moe_redlist,GBIFへの照会自体が未実施（gbif_taxon_key欠落・gbif_match_type=NULL）
entada tonkinensis,Entada tonkinensis,モダマ,維管束植物,,絶滅危惧ⅠＡ類（CR）,,,moe_redlist,GBIFへの照会自体が未実施（gbif_taxon_key欠落・gbif_match_type=NULL）
enteroplax yaeyamaensis,Enteroplax yaeyamaensis,ヤエヤマクチミゾガイ,貝類,,絶滅危惧II類（VU）,,,moe_redlist,GBIFへの照会自体が未実施（gbif_taxon_key欠落・gbif_match_type=NULL）
entodon conchophyllus,Entodon conchophyllus,オオミツヤゴケ,蘚苔類,,準絶滅危惧（NT）,,,moe_redlist,GBIFへの照会自体が未実施（gbif_taxon_key欠落・gbif_match_type=NULL）
entoloma incanum,Entoloma incanum,ワカクサウラベニタケ,菌類,,情報不足（DD）,,,moe_redlist,GBIFへの照会自体が未実施（gbif_taxon_key欠落・gbif_match_type=NULL）
entosphenus tridentatus,Entosphenus tridentatus,栃木県のミツバヤツメ,汽水・淡水魚類,,絶滅のおそれのある地域個体群（LP）,,,moe_redlist,GBIFへの照会自体が未実施（gbif_taxon_key欠落・gbif_match_type=NULL）
eocalypogeia quelpaertensis,Eocalypogeia quelpaertensis,サイシュウホラゴケモドキ,蘚苔類,,絶滅危惧Ⅱ類（VU）,,,moe_redlist,GBIFへの照会自体が未実施（gbif_taxon_key欠落・gbif_match_type=NULL）
eochlaenius suvorovi,Eochlaenius suvorovi,チビアオゴミムシ,昆虫類,,絶滅危惧IB類（EN）,,,moe_redlist,GBIFへの照会自体が未実施（gbif_taxon_key欠落・gbif_match_type=NULL）
eostrobilops nipponica nipponica,Eostrobilops nipponica nipponica,マツシマクチミゾガイ,貝類,,絶滅危惧II類（VU）,,,moe_redlist,GBIFへの照会自体が未実施（gbif_taxon_key欠落・gbif_match_type=NULL）
eostrobilops nipponica reikoae,Eostrobilops nipponica reikoae,ナニワクチミゾガイ,貝類,,準絶滅危惧（NT）,,,moe_redlist,GBIFへの照会自体が未実施（gbif_taxon_key欠落・gbif_match_type=NULL）
epanerchodus acuticlivus,Epanerchodus acuticlivus,リュウオビヤスデ,その他無脊椎動物,,情報不足（DD）,,,moe_redlist,GBIFへの照会自体が未実施（gbif_taxon_key欠落・gbif_match_type=NULL）
epanerchodus aster,Epanerchodus aster,ホシオビヤスデ,その他無脊椎動物,,情報不足（DD）,,,moe_redlist,GBIFへの照会自体が未実施（gbif_taxon_key欠落・gbif_match_type=NULL）
"ephemerella ishiwatai gose, 1985","Ephemerella ishiwatai Gose, 1985",イシワタマダラカゲロウ,昆虫類・クモ類,絶滅危惧ⅠＡ類（CR）,,,NONE,kanagawa_redlist,GBIFへ照会したが一致しなかった（gbif_match_type=NONE）
"ephemerella tsuno (jacobus & mccafferty, 2008)","Ephemerella tsuno (Jacobus & McCafferty, 2008)",ツノマダラカゲロウ,昆虫類・クモ類,情報不足（DD）,,,NONE,kanagawa_redlist,GBIFへ照会したが一致しなかった（gbif_match_type=NONE）
ephippianthus sawadanus,Ephippianthus sawadanus,ハコネラン,維管束植物,,絶滅危惧ⅠB類（EN）,,,moe_redlist,GBIFへの照会自体が未実施（gbif_taxon_key欠落・gbif_match_type=NULL）
ephippodonta gigas,Ephippodonta gigas,オオツヤウロコガイ,貝類,,絶滅危惧II類（VU）,,,moe_redlist,GBIFへの照会自体が未実施（gbif_taxon_key欠落・gbif_match_type=NULL）
ephoron eophilum,Ephoron eophilum,アカツキシロカゲロウ,昆虫類,,準絶滅危惧（NT）,,,moe_redlist,GBIFへの照会自体が未実施（gbif_taxon_key欠落・gbif_match_type=NULL）
ephoron limnobium,Ephoron limnobium,ビワコシロカゲロウ,昆虫類,,準絶滅危惧（NT）,,,moe_redlist,GBIFへの照会自体が未実施（gbif_taxon_key欠落・gbif_match_type=NULL）
epigonichthysmaldivensis,Epigonichthysmaldivensis,カタナメクジウオ,その他無脊椎動物（海洋生物）,,情報不足（DD）,,NONE,moe_redlist,GBIFへ照会したが一致しなかった（gbif_match_type=NONE）
epigrapsus notatus,Epigrapsus notatus,ヒメオカガニ,その他無脊椎動物,,準絶滅危惧（NT）,,,moe_redlist,GBIFへの照会自体が未実施（gbif_taxon_key欠落・gbif_match_type=NULL）
epilobium fastigiatoramosum,Epilobium fastigiatoramosum,エダウチアカバナ,維管束植物,,絶滅危惧ⅠＡ類（CR）,,,moe_redlist,GBIFへの照会自体が未実施（gbif_taxon_key欠落・gbif_match_type=NULL）
epilobium hirsutum,Epilobium hirsutum,オオアカバナ,維管束植物,,絶滅危惧Ⅱ類（VU）,,,moe_redlist,GBIFへの照会自体が未実施（gbif_taxon_key欠落・gbif_match_type=NULL）
epilobium platystigmatosum,Epilobium platystigmatosum,トダイアカバナ,維管束植物,,絶滅危惧Ⅱ類（VU）,,,moe_redlist,GBIFへの照会自体が未実施（gbif_taxon_key欠落・gbif_match_type=NULL）
epimedium diphyllum subsp. kitamuranum,Epimedium diphyllum subsp. kitamuranum,サイコクイカリソウ,維管束植物,,絶滅危惧Ⅱ類（VU）,,,moe_redlist,GBIFへの照会自体が未実施（gbif_taxon_key欠落・gbif_match_type=NULL）
epimedium grandiflorum var. grandiflorum,Epimedium grandiflorum var. grandiflorum,ヤチマタイカリソウ,維管束植物,,準絶滅危惧（NT）,,,moe_redlist,GBIFへの照会自体が未実施（gbif_taxon_key欠落・gbif_match_type=NULL）
epimedium koreanum var. coelestre,Epimedium koreanum var. coelestre,クモイイカリソウ,維管束植物,,絶滅危惧Ⅱ類（VU）,,,moe_redlist,GBIFへの照会自体が未実施（gbif_taxon_key欠落・gbif_match_type=NULL）
epimedium trifoliatobinatum subsp. maritimum,Epimedium trifoliatobinatum subsp. maritimum,シオミイカリソウ,維管束植物,,準絶滅危惧（NT）,,,moe_redlist,GBIFへの照会自体が未実施（gbif_taxon_key欠落・gbif_match_type=NULL）
epinephelus bontoides,Epinephelus bontoides,シラヌイハタ,汽水・淡水魚類,,情報不足（DD）,,,moe_redlist,GBIFへの照会自体が未実施（gbif_taxon_key欠落・gbif_match_type=NULL）
epinephelus latifasciatus,Epinephelus latifasciatus,オオスジハタ,魚類（海洋生物）,,情報不足（DD）,,,moe_redlist,GBIFへの照会自体が未実施（gbif_taxon_key欠落・gbif_match_type=NULL）
epinephelus tauvina,Epinephelus tauvina,ヒトミハタ,魚類（海洋生物）,,準絶滅危惧（NT）,,,moe_redlist,GBIFへの照会自体が未実施（gbif_taxon_key欠落・gbif_match_type=NULL）
epinephelusmiliaris,Epinephelusmiliaris,ホウセキハタモドキ,魚類（海洋生物）,,絶滅危惧IB 類（EN）,,NONE,moe_redlist,GBIFへ照会したが一致しなかった（gbif_match_type=NONE）
epipactis papillosa var. sayekiana,Epipactis papillosa var. sayekiana,ハマカキラン,維管束植物,,絶滅危惧Ⅱ類（VU）,,,moe_redlist,GBIFへの照会自体が未実施（gbif_taxon_key欠落・gbif_match_type=NULL）
epipogium aphyllum,Epipogium aphyllum,トラキチラン,維管束植物,,絶滅危惧ⅠB類（EN）,,,moe_redlist,GBIFへの照会自体が未実施（gbif_taxon_key欠落・gbif_match_type=NULL）
epipogium japonicum,Epipogium japonicum,アオキラン,維管束植物,,絶滅危惧ⅠB類（EN）,,,moe_redlist,GBIFへの照会自体が未実施（gbif_taxon_key欠落・gbif_match_type=NULL）
epipogium roseum,Epipogium roseum,タシロラン,維管束植物,,準絶滅危惧（NT）,,,moe_redlist,GBIFへの照会自体が未実施（gbif_taxon_key欠落・gbif_match_type=NULL）
epirrhoe hastulata echigoensis,Epirrhoe hastulata echigoensis,ヒトスジシロナミシャク本州亜種,昆虫類,,絶滅危惧IB類（EN）,,,moe_redlist,GBIFへの照会自体が未実施（gbif_taxon_key欠落・gbif_match_type=NULL）
equisetum pratense,Equisetum pratense,ヤチスギナ,維管束植物,,絶滅危惧Ⅱ類（VU）,,,moe_redlist,GBIFへの照会自体が未実施（gbif_taxon_key欠落・gbif_match_type=NULL）
equisetum scirpoides,Equisetum scirpoides,ヒメドクサ,維管束植物,,絶滅危惧Ⅱ類（VU）,,,moe_redlist,GBIFへの照会自体が未実施（gbif_taxon_key欠落・gbif_match_type=NULL）
equisetum sylvaticum,Equisetum sylvaticum,フサスギナ,維管束植物,,絶滅危惧Ⅱ類（VU）,,,moe_redlist,GBIFへの照会自体が未実施（gbif_taxon_key欠落・gbif_match_type=NULL）
equisetum variegatum,Equisetum variegatum,チシマヒメドクサ,維管束植物,,絶滅危惧ⅠＡ類（CR）,,,moe_redlist,GBIFへの照会自体が未実施（gbif_taxon_key欠落・gbif_match_type=NULL）
eragrostis curvula,Eragrostis curvula,シナダレスズメガヤ（ウイーピングラブグラス、セイタカカゼクサ）,植物,,,重点対策外来種,,moe_ias_list,GBIFへの照会自体が未実施（gbif_taxon_key欠落・gbif_match_type=NULL）
eranthis pinnatifida,Eranthis pinnatifida,セツブンソウ,維管束植物,,準絶滅危惧（NT）,,,moe_redlist,GBIFへの照会自体が未実施（gbif_taxon_key欠落・gbif_match_type=NULL）
erebia ligea rishirizana,Erebia ligea rishirizana,クモマベニヒカゲ北海道亜種,昆虫類,,準絶滅危惧（NT）,,,moe_redlist,GBIFへの照会自体が未実施（gbif_taxon_key欠落・gbif_match_type=NULL）
erebia ligea takanonis,Erebia ligea takanonis,クモマベニヒカゲ本州亜種,昆虫類,,準絶滅危惧（NT）,,,moe_redlist,GBIFへの照会自体が未実施（gbif_taxon_key欠落・gbif_match_type=NULL）
erebia neriene niphonica,Erebia neriene niphonica,ベニヒカゲ本州亜種,昆虫類,,準絶滅危惧（NT）,,,moe_redlist,GBIFへの照会自体が未実施（gbif_taxon_key欠落・gbif_match_type=NULL）
eria scabrilinguis,Eria scabrilinguis,オオオサラン,維管束植物,,絶滅危惧ⅠＡ類（CR）,,,moe_redlist,GBIFへの照会自体が未実施（gbif_taxon_key欠落・gbif_match_type=NULL）
eriachne armittii,Eriachne armittii,イゼナガヤ,維管束植物,,絶滅危惧Ⅱ類（VU）,,,moe_redlist,GBIFへの照会自体が未実施（gbif_taxon_key欠落・gbif_match_type=NULL）
erigeron acris var. linearifolius,Erigeron acris var. linearifolius,ホソバムカシヨモギ,維管束植物,,絶滅危惧Ⅱ類（VU）,,,moe_redlist,GBIFへの照会自体が未実施（gbif_taxon_key欠落・gbif_match_type=NULL）
erigeron annuus,Erigeron annuus,ヒメジョオン,植物,,,その他の総合対策外来種,,moe_ias_list,GBIFへの照会自体が未実施（gbif_taxon_key欠落・gbif_match_type=NULL）
erigeron karvinskianus,Erigeron karvinskianus,ペラペラヨメナ(ペラペラヒメジョオン、メキシコヒナギク、エリゲロン・カルビンスキアヌス、源平小菊、ゲンペイコギク),植物,,,その他の総合対策外来種,,moe_ias_list,GBIFへの照会自体が未実施（gbif_taxon_key欠落・gbif_match_type=NULL）
erigeron miyabeanus,Erigeron miyabeanus,ミヤマノギク,維管束植物,,絶滅危惧ⅠＡ類（CR）,,,moe_redlist,GBIFへの照会自体が未実施（gbif_taxon_key欠落・gbif_match_type=NULL）
erigeron thunbergii subsp. glabratus var. angustifolius,Erigeron thunbergii subsp. glabratus var. angustifolius,アポイアズマギク,維管束植物,,絶滅危惧ⅠB類（EN）,,,moe_redlist,GBIFへの照会自体が未実施（gbif_taxon_key欠落・gbif_match_type=NULL）
erinaceus spp.,Erinaceus spp.,ハリネズミ属（アムールハリネズミ（マンシュウハリネズミ）など）,哺乳類,,,重点対策外来種,NONE,moe_ias_list,GBIFへ照会したが一致しなかった（gbif_match_type=NONE）
eriobotrya japonica,Eriobotrya japonica,ビワ（ヒワ）,植物,,,適切な管理が必要な産業上重要な外来種（産業管理外来種）,,moe_ias_list,GBIFへの照会自体が未実施（gbif_taxon_key欠落・gbif_match_type=NULL）
eriocaulon amanoanum,Eriocaulon amanoanum,アマノホシクサ,維管束植物,,絶滅危惧ⅠＡ類（CR）,,,moe_redlist,GBIFへの照会自体が未実施（gbif_taxon_key欠落・gbif_match_type=NULL）
eriocaulon atroides,Eriocaulon atroides,クロイヌノヒゲモドキ,維管束植物,,絶滅危惧Ⅱ類（VU）,,,moe_redlist,GBIFへの照会自体が未実施（gbif_taxon_key欠落・gbif_match_type=NULL）
eriocaulon atrum,Eriocaulon atrum,クロイヌノヒゲ,維管束植物,,準絶滅危惧（NT）,,,moe_redlist,GBIFへの照会自体が未実施（gbif_taxon_key欠落・gbif_match_type=NULL）
eriocaulon echinulatum,Eriocaulon echinulatum,ヒュウガホシクサ,維管束植物,,絶滅危惧ⅠＡ類（CR）,,,moe_redlist,GBIFへの照会自体が未実施（gbif_taxon_key欠落・gbif_match_type=NULL）
eriocaulon japonicum,Eriocaulon japonicum,ヤマトホシクサ,維管束植物,,絶滅危惧Ⅱ類（VU）,,,moe_redlist,GBIFへの照会自体が未実施（gbif_taxon_key欠落・gbif_match_type=NULL）
eriocaulon kusiroense,Eriocaulon kusiroense,クシロホシクサ,維管束植物,,絶滅危惧Ⅱ類（VU）,,,moe_redlist,GBIFへの照会自体が未実施（gbif_taxon_key欠落・gbif_match_type=NULL）
eriocaulon mikawanum var. azumianum,Eriocaulon mikawanum var. azumianum,アズミイヌノヒゲ,維管束植物,,絶滅危惧ⅠB類（EN）,,,moe_redlist,GBIFへの照会自体が未実施（gbif_taxon_key欠落・gbif_match_type=NULL）
eriocaulon mikawanum var. mikawanum,Eriocaulon mikawanum var. mikawanum,ミカワイヌノヒゲ,維管束植物,,絶滅危惧ⅠB類（EN）,,,moe_redlist,GBIFへの照会自体が未実施（gbif_taxon_key欠落・gbif_match_type=NULL）
eriocaulon miquelianum var. lutchuense,Eriocaulon miquelianum var. lutchuense,オキナワホシクサ,維管束植物,,絶滅危惧ⅠB類（EN）,,,moe_redlist,GBIFへの照会自体が未実施（gbif_taxon_key欠落・gbif_match_type=NULL）
eriocaulon miquelianum var. ozense,Eriocaulon miquelianum var. ozense,ユキイヌノヒゲ,維管束植物,,絶滅危惧ⅠB類（EN）,,,moe_redlist,GBIFへの照会自体が未実施（gbif_taxon_key欠落・gbif_match_type=NULL）
eriocaulon nepalense,Eriocaulon nepalense,ゴマシオホシクサ,維管束植物,,絶滅危惧Ⅱ類（VU）,,,moe_redlist,GBIFへの照会自体が未実施（gbif_taxon_key欠落・gbif_match_type=NULL）
eriocaulon nudicuspe,Eriocaulon nudicuspe,シラタマホシクサ,維管束植物,,絶滅危惧Ⅱ類（VU）,,,moe_redlist,GBIFへの照会自体が未実施（gbif_taxon_key欠落・gbif_match_type=NULL）
eriocaulon omuranum,Eriocaulon omuranum,オオムラホシクサ,維管束植物,,絶滅危惧ⅠB類（EN）,,,moe_redlist,GBIFへの照会自体が未実施（gbif_taxon_key欠落・gbif_match_type=NULL）
eriocaulon ozense,Eriocaulon ozense,ハライヌノヒゲ,維管束植物,,絶滅危惧ⅠB類（EN）,,,moe_redlist,GBIFへの照会自体が未実施（gbif_taxon_key欠落・gbif_match_type=NULL）
eriocaulon pallescens,Eriocaulon pallescens,シロエゾホシクサ,維管束植物,,絶滅危惧Ⅱ類（VU）,,,moe_redlist,GBIFへの照会自体が未実施（gbif_taxon_key欠落・gbif_match_type=NULL）
eriocaulon parvum,Eriocaulon parvum,クロホシクサ,維管束植物,,準絶滅危惧（NT）,,,moe_redlist,GBIFへの照会自体が未実施（gbif_taxon_key欠落・gbif_match_type=NULL）
eriocaulon perplexum,Eriocaulon perplexum,エゾイヌノヒゲ,維管束植物,,絶滅危惧ⅠＡ類（CR）,,,moe_redlist,GBIFへの照会自体が未実施（gbif_taxon_key欠落・gbif_match_type=NULL）
eriocaulon sachalinense,Eriocaulon sachalinense,カラフトホシクサ,維管束植物,,絶滅危惧Ⅱ類（VU）,,,moe_redlist,GBIFへの照会自体が未実施（gbif_taxon_key欠落・gbif_match_type=NULL）
eriocaulon takae,Eriocaulon takae,アズマホシクサ,維管束植物,,絶滅危惧Ⅱ類（VU）,,,moe_redlist,GBIFへの照会自体が未実施（gbif_taxon_key欠落・gbif_match_type=NULL）
eriocaulon taquetii var. zyotanii,Eriocaulon taquetii var. zyotanii,イズノシマホシクサ,維管束植物,,絶滅危惧ⅠB類（EN）,,,moe_redlist,GBIFへの照会自体が未実施（gbif_taxon_key欠落・gbif_match_type=NULL）
eriocaulon truncatum,Eriocaulon truncatum,スイシャホシクサ,維管束植物,,絶滅危惧ⅠＡ類（CR）,,,moe_redlist,GBIFへの照会自体が未実施（gbif_taxon_key欠落・gbif_match_type=NULL）
eriocheir ogasawaraensis,Eriocheir ogasawaraensis,オガサワラモクズガニ,その他無脊椎動物,,絶滅危惧II類（VU）,,,moe_redlist,GBIFへの照会自体が未実施（gbif_taxon_key欠落・gbif_match_type=NULL）
eriophorum scheuchzeri var. tenuifolium,Eriophorum scheuchzeri var. tenuifolium,エゾワタスゲ,維管束植物,,絶滅危惧ⅠＡ類（CR）,,,moe_redlist,GBIFへの照会自体が未実施（gbif_taxon_key欠落・gbif_match_type=NULL）
erithacus akahige tanensis,Erithacus akahige tanensis,タネコマドリ,鳥類,,絶滅危惧II類（VU）,,,moe_redlist,GBIFへの照会自体が未実施（gbif_taxon_key欠落・gbif_match_type=NULL）
erithacus komadori komadori,Erithacus komadori komadori,アカヒゲ,鳥類,,情報不足（DD）,,,moe_redlist,GBIFへの照会自体が未実施（gbif_taxon_key欠落・gbif_match_type=NULL）
erithacus komadori namiyei,Erithacus komadori namiyei,ホントウアカヒゲ,鳥類,,絶滅危惧II類（VU）,,,moe_redlist,GBIFへの照会自体が未実施（gbif_taxon_key欠落・gbif_match_type=NULL）
eritrichium nipponicum var. albiflorum f. yesoense,Eritrichium nipponicum var. albiflorum f. yesoense,エゾルリムラサキ,維管束植物,,絶滅危惧ⅠＡ類（CR）,,,moe_redlist,GBIFへの照会自体が未実施（gbif_taxon_key欠落・gbif_match_type=NULL）
ermischiella hahajimana,Ermischiella hahajimana,ハハジマヒメハナノミ,昆虫類,,情報不足（DD）,,,moe_redlist,GBIFへの照会自体が未実施（gbif_taxon_key欠落・gbif_match_type=NULL）
ermischiella nigriceps,Ermischiella nigriceps,ズグロヒメハナノミ,昆虫類,,絶滅危惧II類（VU）,,,moe_redlist,GBIFへの照会自体が未実施（gbif_taxon_key欠落・gbif_match_type=NULL）
erythrodes blumei,Erythrodes blumei,ホソフデラン,維管束植物,,絶滅危惧ⅠＡ類（CR）,,,moe_redlist,GBIFへの照会自体が未実施（gbif_taxon_key欠落・gbif_match_type=NULL）
erythrorchis altissima,Erythrorchis altissima,タカツルラン,維管束植物,,絶滅危惧ⅠＡ類（CR）,,,moe_redlist,GBIFへの照会自体が未実施（gbif_taxon_key欠落・gbif_match_type=NULL）
eschenbachia aegyptiaca,Eschenbachia aegyptiaca,キクバイズハハコ,維管束植物,,絶滅危惧ⅠＡ類（CR）,,,moe_redlist,GBIFへの照会自体が未実施（gbif_taxon_key欠落・gbif_match_type=NULL）
eschenbachia japonica,Eschenbachia japonica,イズハハコ,維管束植物,,準絶滅危惧（NT）,,,moe_redlist,GBIFへの照会自体が未実施（gbif_taxon_key欠落・gbif_match_type=NULL）
eschenbachia leucantha,Eschenbachia leucantha,ネバリイズハハコ,維管束植物,,絶滅危惧ⅠB類（EN）,,,moe_redlist,GBIFへの照会自体が未実施（gbif_taxon_key欠落・gbif_match_type=NULL）
estellacar galactodes,Estellacar galactodes,ササゲミミエガイ,貝類,,絶滅危惧I類（CR+EN）,,,moe_redlist,GBIFへの照会自体が未実施（gbif_taxon_key欠落・gbif_match_type=NULL）
eterusia watanabei,Eterusia watanabei,ツシマキモンチラシ,昆虫類,,準絶滅危惧（NT）,,,moe_redlist,GBIFへの照会自体が未実施（gbif_taxon_key欠落・gbif_match_type=NULL）
etremopa gainesii,Etremopa gainesii,チャイロフタナシシャジク,貝類,,準絶滅危惧（NT）,,,moe_redlist,GBIFへの照会自体が未実施（gbif_taxon_key欠落・gbif_match_type=NULL）
eubranchipus uchidai,Eubranchipus uchidai,キタホウネンエビ,その他無脊椎動物,,情報不足（DD）,,,moe_redlist,GBIFへの照会自体が未実施（gbif_taxon_key欠落・gbif_match_type=NULL）
eucheuma serra,Eucheuma serra,トゲキリンサイ,藻類,,情報不足（DD）,,,moe_redlist,GBIFへの照会自体が未実施（gbif_taxon_key欠落・gbif_match_type=NULL）
euchresta formosana,Euchresta formosana,タイワンミヤマトベラ,維管束植物,,絶滅危惧ⅠＡ類（CR）,,,moe_redlist,GBIFへの照会自体が未実施（gbif_taxon_key欠落・gbif_match_type=NULL）
eucithara marginelloides,Eucithara marginelloides,コトツブ,貝類,,準絶滅危惧（NT）,,,moe_redlist,GBIFへの照会自体が未実施（gbif_taxon_key欠落・gbif_match_type=NULL）
eucladium verticillatum,Eucladium verticillatum,ダンダンゴケ,蘚苔類,,準絶滅危惧（NT）,,,moe_redlist,GBIFへの照会自体が未実施（gbif_taxon_key欠落・gbif_match_type=NULL）
euconulidae gen. & sp.,Euconulidae gen. & sp.,ヨナグニシロベッコウ,貝類,,絶滅危惧IB類（EN）,,,moe_redlist,GBIFへの照会自体が未実施（gbif_taxon_key欠落・gbif_match_type=NULL）
eudactylina gymnuri,Eudactylina gymnuri,和名なし,甲殻類（海洋生物）,,情報不足（DD）,,,moe_redlist,GBIFへの照会自体が未実施（gbif_taxon_key欠落・gbif_match_type=NULL）
eudactylina taeniuri,Eudactylina taeniuri,和名なし,甲殻類（海洋生物）,,情報不足（DD）,,,moe_redlist,GBIFへの照会自体が未実施（gbif_taxon_key欠落・gbif_match_type=NULL）
eudactylinamusteli,Eudactylinamusteli,和名なし,甲殻類（海洋生物）,,準絶滅危惧（NT）,,NONE,moe_redlist,GBIFへ照会したが一致しなかった（gbif_match_type=NONE）
eufistulana grandis,Eufistulana grandis,コヅツガイ,貝類,,準絶滅危惧（NT）,,,moe_redlist,GBIFへの照会自体が未実施（gbif_taxon_key欠落・gbif_match_type=NULL）
eugeniella micrommata,Eugeniella micrommata,アマミイボゴケ,地衣類,,情報不足（DD）,,,moe_redlist,GBIFへの照会自体が未実施（gbif_taxon_key欠落・gbif_match_type=NULL）
eugnathogobius mindora,Eugnathogobius mindora,カブキハゼ,汽水・淡水魚類,,準絶滅危惧（NT）,,,moe_redlist,GBIFへの照会自体が未実施（gbif_taxon_key欠落・gbif_match_type=NULL）
euhadra awaensis occidentalis,Euhadra awaensis occidentalis,イワミマイマイ,貝類,,絶滅危惧II類（VU）,,,moe_redlist,GBIFへの照会自体が未実施（gbif_taxon_key欠落・gbif_match_type=NULL）
euhadra brandtii sapporo,Euhadra brandtii sapporo,サッポロマイマイ,貝類,,準絶滅危惧（NT）,,,moe_redlist,GBIFへの照会自体が未実施（gbif_taxon_key欠落・gbif_match_type=NULL）
euhadra decorata diminuta,Euhadra decorata diminuta,ナンブマイマイ,貝類,,準絶滅危惧（NT）,,,moe_redlist,GBIFへの照会自体が未実施（gbif_taxon_key欠落・gbif_match_type=NULL）
euhadra dixoni okicola,Euhadra dixoni okicola,オキマイマイ,貝類,,準絶滅危惧（NT）,,,moe_redlist,GBIFへの照会自体が未実施（gbif_taxon_key欠落・gbif_match_type=NULL）
euhadra grata echigoensis,Euhadra grata echigoensis,エチゴマイマイ,貝類,,絶滅危惧II類（VU）,,,moe_redlist,GBIFへの照会自体が未実施（gbif_taxon_key欠落・gbif_match_type=NULL）
euhadra grata emurai,Euhadra grata emurai,エムラマイマイ,貝類,,絶滅危惧II類（VU）,,,moe_redlist,GBIFへの照会自体が未実施（gbif_taxon_key欠落・gbif_match_type=NULL）
euhadra grata grata,Euhadra grata grata,オオタキマイマイ,貝類,,絶滅危惧II類（VU）,,,moe_redlist,GBIFへの照会自体が未実施（gbif_taxon_key欠落・gbif_match_type=NULL）
euhadra grata gratoides,Euhadra grata gratoides,ミチノクマイマイ,貝類,,準絶滅危惧（NT）,,,moe_redlist,GBIFへの照会自体が未実施（gbif_taxon_key欠落・gbif_match_type=NULL）
euhadra grata tobisimae,Euhadra grata tobisimae,トビシママイマイ,貝類,,絶滅危惧II類（VU）,,,moe_redlist,GBIFへの照会自体が未実施（gbif_taxon_key欠落・gbif_match_type=NULL）
euhadra latispira latispira,Euhadra latispira latispira,ハクサンマイマイ,貝類,,絶滅危惧II類（VU）,,,moe_redlist,GBIFへの照会自体が未実施（gbif_taxon_key欠落・gbif_match_type=NULL）
euhadra latispira yagurai,Euhadra latispira yagurai,コウロマイマイ,貝類,,準絶滅危惧（NT）,,,moe_redlist,GBIFへの照会自体が未実施（gbif_taxon_key欠落・gbif_match_type=NULL）
euhadra murayamai,Euhadra murayamai,ムラヤママイマイ,貝類,,絶滅危惧I類（CR+EN）,,,moe_redlist,GBIFへの照会自体が未実施（gbif_taxon_key欠落・gbif_match_type=NULL）
euhadra nachicola,Euhadra nachicola,ナチマイマイ,貝類,,絶滅危惧I類（CR+EN）,,,moe_redlist,GBIFへの照会自体が未実施（gbif_taxon_key欠落・gbif_match_type=NULL）
euhadra quaesita heguraensis,Euhadra quaesita heguraensis,ヘグラマイマイ,貝類,,準絶滅危惧（NT）,,,moe_redlist,GBIFへの照会自体が未実施（gbif_taxon_key欠落・gbif_match_type=NULL）
euhadra sadoensis,Euhadra sadoensis,サドマイマイ,貝類,,絶滅危惧I類（CR+EN）,,,moe_redlist,GBIFへの照会自体が未実施（gbif_taxon_key欠落・gbif_match_type=NULL）
euhadra scaevola mikawa,Euhadra scaevola mikawa,ミカワマイマイ,貝類,,絶滅危惧I類（CR+EN）,,,moe_redlist,GBIFへの照会自体が未実施（gbif_taxon_key欠落・gbif_match_type=NULL）
euhadra scaevola scaevola,Euhadra scaevola scaevola,ミヤマヒダリマキマイマイ,貝類,,絶滅危惧II類（VU）,,,moe_redlist,GBIFへの照会自体が未実施（gbif_taxon_key欠落・gbif_match_type=NULL）
euhadra tokarainsula tokarainsula,Euhadra tokarainsula tokarainsula,クロマイマイ,貝類,,準絶滅危惧（NT）,,,moe_redlist,GBIFへの照会自体が未実施（gbif_taxon_key欠落・gbif_match_type=NULL）
euhadra tokarainsula ujiensis,Euhadra tokarainsula ujiensis,ウジグントウマイマイ,貝類,,準絶滅危惧（NT）,,,moe_redlist,GBIFへの照会自体が未実施（gbif_taxon_key欠落・gbif_match_type=NULL）
euhadra yakushimana,Euhadra yakushimana,ヤクシママイマイ,貝類,,絶滅危惧II類（VU）,,,moe_redlist,GBIFへの照会自体が未実施（gbif_taxon_key欠落・gbif_match_type=NULL）
eulalia quadrinervis,Eulalia quadrinervis,ウンヌケモドキ,維管束植物,,準絶滅危惧（NT）,,,moe_redlist,GBIFへの照会自体が未実施（gbif_taxon_key欠落・gbif_match_type=NULL）
eulalia speciosa,Eulalia speciosa,ウンヌケ,維管束植物,,絶滅危惧Ⅱ類（VU）,,,moe_redlist,GBIFへの照会自体が未実施（gbif_taxon_key欠落・gbif_match_type=NULL）
eulocastra sasakii,Eulocastra sasakii,シラユキコヤガ,昆虫類,,絶滅危惧II類（VU）,,,moe_redlist,GBIFへの照会自体が未実施（gbif_taxon_key欠落・gbif_match_type=NULL）
eulophia dentata,Eulophia dentata,タカサゴヤガラ,維管束植物,,絶滅危惧ⅠＡ類（CR）,,,moe_redlist,GBIFへの照会自体が未実施（gbif_taxon_key欠落・gbif_match_type=NULL）
eulophia zollingeri,Eulophia zollingeri,イモネヤガラ,維管束植物,,絶滅危惧Ⅱ類（VU）,,,moe_redlist,GBIFへの照会自体が未実施（gbif_taxon_key欠落・gbif_match_type=NULL）
eumetopias jubatus,Eumetopias jubatus,トド,哺乳類,,準絶滅危惧（NT）,,,moe_redlist,GBIFへの照会自体が未実施（gbif_taxon_key欠落・gbif_match_type=NULL）
eunaticina papilla,Eunaticina papilla,ネコガイ,貝類,,準絶滅危惧（NT）,,,moe_redlist,GBIFへの照会自体が未実施（gbif_taxon_key欠落・gbif_match_type=NULL）
euodynerus convergens,Euodynerus convergens,チチジマドロバチ,昆虫類,,準絶滅危惧（NT）,,,moe_redlist,GBIFへの照会自体が未実施（gbif_taxon_key欠落・gbif_match_type=NULL）
euonymus austroliukiuensis,Euonymus austroliukiuensis,リュウキュウツルマサキ,維管束植物,,絶滅危惧Ⅱ類（VU）,,,moe_redlist,GBIFへの照会自体が未実施（gbif_taxon_key欠落・gbif_match_type=NULL）
euonymus boninensis,Euonymus boninensis,ヒメマサキ,維管束植物,,準絶滅危惧（NT）,,,moe_redlist,GBIFへの照会自体が未実施（gbif_taxon_key欠落・gbif_match_type=NULL）
euonymus chibae,Euonymus chibae,ヒゼンマユミ,維管束植物,,絶滅危惧Ⅱ類（VU）,,,moe_redlist,GBIFへの照会自体が未実施（gbif_taxon_key欠落・gbif_match_type=NULL）
euonymus oblongifolius,Euonymus oblongifolius,ナガバヒゼンマユミ,維管束植物,,絶滅危惧ⅠＡ類（CR）,,,moe_redlist,GBIFへの照会自体が未実施（gbif_taxon_key欠落・gbif_match_type=NULL）
euonymus oligospermus,Euonymus oligospermus,アンドンマユミ,維管束植物,,絶滅危惧ⅠＡ類（CR）,,,moe_redlist,GBIFへの照会自体が未実施（gbif_taxon_key欠落・gbif_match_type=NULL）
euonymus yakushimensis,Euonymus yakushimensis,アオツリバナ,維管束植物,,絶滅危惧Ⅱ類（VU）,,,moe_redlist,GBIFへの照会自体が未実施（gbif_taxon_key欠落・gbif_match_type=NULL）
eupatorium japonicum,Eupatorium japonicum,フジバカマ,維管束植物,,準絶滅危惧（NT）,,,moe_redlist,GBIFへの照会自体が未実施（gbif_taxon_key欠落・gbif_match_type=NULL）
eupatorium lindleyanum var. yasushii,Eupatorium lindleyanum var. yasushii,ハマサワヒヨドリ,維管束植物,,絶滅危惧Ⅱ類（VU）,,,moe_redlist,GBIFへの照会自体が未実施（gbif_taxon_key欠落・gbif_match_type=NULL）
eupatorium rugosum,Eupatorium rugosum,マルバフジバカマ（ユーパトリウム・チョコレート）,植物,,,その他の総合対策外来種,,moe_ias_list,GBIFへの照会自体が未実施（gbif_taxon_key欠落・gbif_match_type=NULL）
eupatorium yakushimense,Eupatorium yakushimense,ヤクシマヒヨドリ,維管束植物,,絶滅危惧Ⅱ類（VU）,,,moe_redlist,GBIFへの照会自体が未実施（gbif_taxon_key欠落・gbif_match_type=NULL）
euphaedusa aculus mesimana,Euphaedusa aculus mesimana,メシマコギセル,貝類,,準絶滅危惧（NT）,,,moe_redlist,GBIFへの照会自体が未実施（gbif_taxon_key欠落・gbif_match_type=NULL）
euphorbia adenochlora,Euphorbia adenochlora,ノウルシ,維管束植物,,準絶滅危惧（NT）,,,moe_redlist,GBIFへの照会自体が未実施（gbif_taxon_key欠落・gbif_match_type=NULL）
euphorbia ebracteolata,Euphorbia ebracteolata,マルミノウルシ,維管束植物,,準絶滅危惧（NT）,,,moe_redlist,GBIFへの照会自体が未実施（gbif_taxon_key欠落・gbif_match_type=NULL）
euphorbia hirta var. glaberrima,Euphorbia hirta var. glaberrima,テリハニシキソウ,維管束植物,,絶滅危惧ⅠB類（EN）,,,moe_redlist,GBIFへの照会自体が未実施（gbif_taxon_key欠落・gbif_match_type=NULL）
euphorbia liukiuensis,Euphorbia liukiuensis,リュウキュウタイゲキ,維管束植物,,絶滅危惧ⅠＡ類（CR）,,,moe_redlist,GBIFへの照会自体が未実施（gbif_taxon_key欠落・gbif_match_type=NULL）
euphorbia octoradiata,Euphorbia octoradiata,ハギクソウ,維管束植物,,絶滅危惧Ⅱ類（VU）,,,moe_redlist,GBIFへの照会自体が未実施（gbif_taxon_key欠落・gbif_match_type=NULL）
euphorbia pekinensis subsp. asoensis,Euphorbia pekinensis subsp. asoensis,アソタイゲキ,維管束植物,,絶滅危惧ⅠB類（EN）,,,moe_redlist,GBIFへの照会自体が未実施（gbif_taxon_key欠落・gbif_match_type=NULL）
euphorbia sendaica,Euphorbia sendaica,センダイタイゲキ,維管束植物,,準絶滅危惧（NT）,,,moe_redlist,GBIFへの照会自体が未実施（gbif_taxon_key欠落・gbif_match_type=NULL）
euphorbia sieboldiana var. ohsumiensis,Euphorbia sieboldiana var. ohsumiensis,アマミナツトウダイ,維管束植物,,絶滅危惧ⅠＡ類（CR）,,,moe_redlist,GBIFへの照会自体が未実施（gbif_taxon_key欠落・gbif_match_type=NULL）
euphorbia sparrmannii,Euphorbia sparrmannii,ボロジノニシキソウ,維管束植物,,絶滅危惧ⅠB類（EN）,,,moe_redlist,GBIFへの照会自体が未実施（gbif_taxon_key欠落・gbif_match_type=NULL）
euphorbia watanabei subsp. minamitanii,Euphorbia watanabei subsp. minamitanii,ヒュウガタイゲキ,維管束植物,,絶滅危惧ⅠＡ類（CR）,,,moe_redlist,GBIFへの照会自体が未実施（gbif_taxon_key欠落・gbif_match_type=NULL）
euphorbia watanabei subsp. watanabei,Euphorbia watanabei subsp. watanabei,フジタイゲキ,維管束植物,,絶滅危惧Ⅱ類（VU）,,,moe_redlist,GBIFへの照会自体が未実施（gbif_taxon_key欠落・gbif_match_type=NULL）
euphrasia hachijoensis,Euphrasia hachijoensis,ハチジョウコゴメグサ,維管束植物,,絶滅危惧Ⅱ類（VU）,,,moe_redlist,GBIFへの照会自体が未実施（gbif_taxon_key欠落・gbif_match_type=NULL）
euphrasia insignis subsp. iinumae,Euphrasia insignis subsp. iinumae,イブキコゴメグサ,維管束植物,,絶滅危惧Ⅱ類（VU）,,,moe_redlist,GBIFへの照会自体が未実施（gbif_taxon_key欠落・gbif_match_type=NULL）
euphrasia insignis subsp. iinumae var. idzuensis,Euphrasia insignis subsp. iinumae var. idzuensis,イズコゴメグサ,維管束植物,,絶滅危惧ⅠB類（EN）,,,moe_redlist,GBIFへの照会自体が未実施（gbif_taxon_key欠落・gbif_match_type=NULL）
euphrasia insignis subsp. insignis var. nummularia,Euphrasia insignis subsp. insignis var. nummularia,マルバコゴメグサ,維管束植物,,絶滅危惧Ⅱ類（VU）,,,moe_redlist,GBIFへの照会自体が未実施（gbif_taxon_key欠落・gbif_match_type=NULL）
euphrasia kisoalpina,Euphrasia kisoalpina,コケコゴメグサ,維管束植物,,絶滅危惧Ⅱ類（VU）,,,moe_redlist,GBIFへの照会自体が未実施（gbif_taxon_key欠落・gbif_match_type=NULL）
euphrasia microphylla,Euphrasia microphylla,ナヨナヨコゴメグサ,維管束植物,,絶滅危惧ⅠB類（EN）,,,moe_redlist,GBIFへの照会自体が未実施（gbif_taxon_key欠落・gbif_match_type=NULL）
euphrasia multifolia var. inaensis,Euphrasia multifolia var. inaensis,イナコゴメグサ,維管束植物,,絶滅危惧ⅠＡ類（CR）,,,moe_redlist,GBIFへの照会自体が未実施（gbif_taxon_key欠落・gbif_match_type=NULL）
euphrasia multifolia var. multifolia,Euphrasia multifolia var. multifolia,ツクシコゴメグサ,維管束植物,,絶滅危惧ⅠB類（EN）,,,moe_redlist,GBIFへの照会自体が未実施（gbif_taxon_key欠落・gbif_match_type=NULL）
euphrasia pectinata var. obtusiserrata,Euphrasia pectinata var. obtusiserrata,エゾノダッタンコゴメグサ,維管束植物,,絶滅危惧ⅠＡ類（CR）,,,moe_redlist,GBIFへの照会自体が未実施（gbif_taxon_key欠落・gbif_match_type=NULL）
eupithecia extensaria,Eupithecia extensaria,シロマダラカバナミシャク,昆虫類,,準絶滅危惧（NT）,,,moe_redlist,GBIFへの照会自体が未実施（gbif_taxon_key欠落・gbif_match_type=NULL）
eupsilia contracta,Eupsilia contracta,ウスミミモンキリガ,昆虫類,,準絶滅危惧（NT）,,,moe_redlist,GBIFへの照会自体が未実施（gbif_taxon_key欠落・gbif_match_type=NULL）
eupsilia hidakaensis,Eupsilia hidakaensis,ヒダカミツボシキリガ,昆虫類,,準絶滅危惧（NT）,,,moe_redlist,GBIFへの照会自体が未実施（gbif_taxon_key欠落・gbif_match_type=NULL）
eurema laeta betheseba,Eurema laeta betheseba,ツマグロキチョウ,昆虫類,,絶滅危惧IB類（EN）,,,moe_redlist,GBIFへの照会自体が未実施（gbif_taxon_key欠落・gbif_match_type=NULL）
euroscaptor mizura,Euroscaptor mizura,ミズラモグラ,哺乳類,,準絶滅危惧（NT）,,,moe_redlist,GBIFへの照会自体が未実施（gbif_taxon_key欠落・gbif_match_type=NULL）
eurya boninensis,Eurya boninensis,ムニンヒサカキ,維管束植物,,絶滅危惧ⅠB類（EN）,,,moe_redlist,GBIFへの照会自体が未実施（gbif_taxon_key欠落・gbif_match_type=NULL）
eurya emarginata var. minutissima,Eurya emarginata var. minutissima,マメヒサカキ,維管束植物,,絶滅危惧Ⅱ類（VU）,,,moe_redlist,GBIFへの照会自体が未実施（gbif_taxon_key欠落・gbif_match_type=NULL）
eurya zigzag,Eurya zigzag,クニガミヒサカキ,維管束植物,,絶滅危惧ⅠＡ類（CR）,,,moe_redlist,GBIFへの照会自体が未実施（gbif_taxon_key欠落・gbif_match_type=NULL）
euryale ferox,Euryale ferox,オニバス,維管束植物,,絶滅危惧Ⅱ類（VU）,,,moe_redlist,GBIFへの照会自体が未実施（gbif_taxon_key欠落・gbif_match_type=NULL）
eurydice akiyamai,Eurydice akiyamai,ヒガタスナホリムシ,その他無脊椎動物,,準絶滅危惧（NT）,,,moe_redlist,GBIFへの照会自体が未実施（gbif_taxon_key欠落・gbif_match_type=NULL）
eurystomus orientalis calonyx,Eurystomus orientalis calonyx,ブッポウソウ,鳥類,,絶滅危惧IB類（EN）,,,moe_redlist,GBIFへの照会自体が未実施（gbif_taxon_key欠落・gbif_match_type=NULL）
euspira fortunei,Euspira fortunei,自然分布域外のサキグロタマツメタ,その他の無脊椎動物,,,重点対策外来種,,moe_ias_list,GBIFへの照会自体が未実施（gbif_taxon_key欠落・gbif_match_type=NULL）
eutaeniichthys gilli,Eutaeniichthys gilli,ヒモハゼ,汽水・淡水魚類,,準絶滅危惧（NT）,,,moe_redlist,GBIFへの照会自体が未実施（gbif_taxon_key欠落・gbif_match_type=NULL）
euterpnosia chibensis daitoensis,Euterpnosia chibensis daitoensis,ダイトウヒメハルゼミ,昆虫類,,絶滅危惧II類（VU）,,,moe_redlist,GBIFへの照会自体が未実施（gbif_taxon_key欠落・gbif_match_type=NULL）
euurobracon yokahamae,Euurobracon yokahamae,ウマノオバチ,昆虫類,,準絶滅危惧（NT）,,,moe_redlist,GBIFへの照会自体が未実施（gbif_taxon_key欠落・gbif_match_type=NULL）
evalea suoana,Evalea suoana,スオウクチキレ,貝類,,準絶滅危惧（NT）,,,moe_redlist,GBIFへの照会自体が未実施（gbif_taxon_key欠落・gbif_match_type=NULL）
everes lacturnus kawaii,Everes lacturnus kawaii,タイワンツバメシジミ日本本土亜種,昆虫類,,絶滅危惧IB類（EN）,,,moe_redlist,GBIFへの照会自体が未実施（gbif_taxon_key欠落・gbif_match_type=NULL）
everes lacturnus lacturnus,Everes lacturnus lacturnus,"タイワンツバメシジミ名義タイプ亜種, 琉球亜種",昆虫類,,絶滅危惧IA類（CR）,,,moe_redlist,GBIFへの照会自体が未実施（gbif_taxon_key欠落・gbif_match_type=NULL）
eviota ocellifer,Eviota ocellifer,ウラウチイソハゼ,汽水・淡水魚類,,絶滅危惧IA類（CR）,,,moe_redlist,GBIFへの照会自体が未実施（gbif_taxon_key欠落・gbif_match_type=NULL）
evolvulus alsinoides var. rotundifolius,Evolvulus alsinoides var. rotundifolius,マルバアサガオガラクサ,維管束植物,,絶滅危惧ⅠB類（EN）,,,moe_redlist,GBIFへの照会自体が未実施（gbif_taxon_key欠落・gbif_match_type=NULL）
exallage auricularia,Exallage auricularia,ヤエヤマハシカグサ,維管束植物,,絶滅危惧ⅠＡ類（CR）,,,moe_redlist,GBIFへの照会自体が未実施（gbif_taxon_key欠落・gbif_match_type=NULL）
exallage chrysotricha,Exallage chrysotricha,コバンムグラ,維管束植物,,絶滅危惧ⅠB類（EN）,,,moe_redlist,GBIFへの照会自体が未実施（gbif_taxon_key欠落・gbif_match_type=NULL）
excoecaria formosana var. daitoinsularis,Excoecaria formosana var. daitoinsularis,ダイトウセイシボク,維管束植物,,絶滅危惧Ⅱ類（VU）,,,moe_redlist,GBIFへの照会自体が未実施（gbif_taxon_key欠落・gbif_match_type=NULL）
exolaternula sp.,Exolaternula sp.,オヤイヅオキナガイ,貝類,,絶滅危惧II類（VU）,,,moe_redlist,GBIFへの照会自体が未実施（gbif_taxon_key欠落・gbif_match_type=NULL）
exostratum blumii,Exostratum blumii,シラガゴケモドキ,蘚苔類,,絶滅危惧Ⅱ類（VU）,,,moe_redlist,GBIFへの照会自体が未実施（gbif_taxon_key欠落・gbif_match_type=NULL）
ezohelix gainesi gainesi,Ezohelix gainesi gainesi,東北地方以南のエゾマイマイ,貝類,,絶滅のおそれのある地域個体群（LP）,,,moe_redlist,GBIFへの照会自体が未実施（gbif_taxon_key欠落・gbif_match_type=NULL）
fabriciana nerippe,Fabriciana nerippe,オオウラギンヒョウモン,昆虫類,,絶滅危惧IA類（CR）,,,moe_redlist,GBIFへの照会自体が未実施（gbif_taxon_key欠落・gbif_match_type=NULL）
fagopyrum dibotrys,Fagopyrum dibotrys,シャクチリソバ（シュッコンソバ、ヒマラヤソバ）,植物,,,その他の総合対策外来種,,moe_ias_list,GBIFへの照会自体が未実施（gbif_taxon_key欠落・gbif_match_type=NULL）
falco peregrinus japonensis,Falco peregrinus japonensis,ハヤブサ,鳥類,,準絶滅危惧（NT）,,,moe_redlist,GBIFへの照会自体が未実施（gbif_taxon_key欠落・gbif_match_type=NULL）
fallopia forbesii,Fallopia forbesii,カライタドリ,植物,,,その他の総合対策外来種,,moe_ias_list,GBIFへの照会自体が未実施（gbif_taxon_key欠落・gbif_match_type=NULL）
fallopia multiflora,Fallopia multiflora,ツルドクダミ（カシュウ、何首烏）,植物,,,その他の総合対策外来種,,moe_ias_list,GBIFへの照会自体が未実施（gbif_taxon_key欠落・gbif_match_type=NULL）
falsicingula kurilensis,Falsicingula kurilensis,ナタネツボ,貝類,,準絶滅危惧（NT）,,,moe_redlist,GBIFへの照会自体が未実施（gbif_taxon_key欠落・gbif_match_type=NULL）
falsomordellistena formosana boninensis,Falsomordellistena formosana boninensis,ボニンヒメハナノミ,昆虫類,,絶滅危惧II類（VU）,,,moe_redlist,GBIFへの照会自体が未実施（gbif_taxon_key欠落・gbif_match_type=NULL）
falsomordellistena pseudalpigena,Falsomordellistena pseudalpigena,ニセミヤマヒメハナノミ,昆虫類,,絶滅危惧II類（VU）,,,moe_redlist,GBIFへの照会自体が未実施（gbif_taxon_key欠落・gbif_match_type=NULL）
falsomordellistena rosseoloides,Falsomordellistena rosseoloides,ニセチャイロヒメハナノミ,昆虫類,,絶滅危惧II類（VU）,,,moe_redlist,GBIFへの照会自体が未実施（gbif_taxon_key欠落・gbif_match_type=NULL）
falsomordellistena watanabei,Falsomordellistena watanabei,ワタナベヒメハナノミ,昆虫類,,絶滅危惧II類（VU）,,,moe_redlist,GBIFへの照会自体が未実施（gbif_taxon_key欠落・gbif_match_type=NULL）
farfugium japonicum var. luchuense,Farfugium japonicum var. luchuense,リュウキュウツワブキ,維管束植物,,準絶滅危惧（NT）,,,moe_redlist,GBIFへの照会自体が未実施（gbif_taxon_key欠落・gbif_match_type=NULL）
fatsia oligocarpella,Fatsia oligocarpella,ムニンヤツデ,維管束植物,,絶滅危惧Ⅱ類（VU）,,,moe_redlist,GBIFへの照会自体が未実施（gbif_taxon_key欠落・gbif_match_type=NULL）
fellhanera subfuscatula,Fellhanera subfuscatula,ビスケットゴケモドキ,地衣類,,情報不足（DD）,,,moe_redlist,GBIFへの照会自体が未実施（gbif_taxon_key欠落・gbif_match_type=NULL）
ferrissia nipponica,Ferrissia nipponica,カワコザラ,貝類,,絶滅危惧IA類（CR）,,,moe_redlist,GBIFへの照会自体が未実施（gbif_taxon_key欠落・gbif_match_type=NULL）
festuca arundinacea,Festuca arundinacea,オニウシノケグサ（トールフェスク、ケンタッキー31フェスク）,植物,,,適切な管理が必要な産業上重要な外来種（産業管理外来種）,,moe_ias_list,GBIFへの照会自体が未実施（gbif_taxon_key欠落・gbif_match_type=NULL）
festuca hondoensis,Festuca hondoensis,ヤマオオウシノケグサ,維管束植物,,絶滅危惧ⅠB類（EN）,,,moe_redlist,GBIFへの照会自体が未実施（gbif_taxon_key欠落・gbif_match_type=NULL）
festuca ovina var. chiisanensis,Festuca ovina var. chiisanensis,チイサンウシノケグサ,維管束植物,,絶滅危惧Ⅱ類（VU）,,,moe_redlist,GBIFへの照会自体が未実施（gbif_taxon_key欠落・gbif_match_type=NULL）
festuca parvigluma var. breviaristata,Festuca parvigluma var. breviaristata,イブキトボシガラ,維管束植物,,準絶滅危惧（NT）,,,moe_redlist,GBIFへの照会自体が未実施（gbif_taxon_key欠落・gbif_match_type=NULL）
festuca takedana,Festuca takedana,タカネソモソモ,維管束植物,,絶滅危惧Ⅱ類（VU）,,,moe_redlist,GBIFへの照会自体が未実施（gbif_taxon_key欠落・gbif_match_type=NULL）
"fexsenia mera (janson, 1877)","Fexsenia mera (Janson, 1877)",ミヤマカラスシジミ,昆虫類・クモ類,絶滅危惧ⅠＢ類（EN）,,,NONE,kanagawa_redlist,GBIFへ照会したが一致しなかった（gbif_match_type=NONE）
"fexsenis w-album (knoch, 1782)","Fexsenis w-album (Knoch, 1782)",カラスシジミ,昆虫類・クモ類,絶滅危惧ⅠＢ類（EN）,,,NONE,kanagawa_redlist,GBIFへ照会したが一致しなかった（gbif_match_type=NONE）
fibramia lateralis,Fibramia lateralis,ワキイシモチ,汽水・淡水魚類,,情報不足（DD）,,,moe_redlist,GBIFへの照会自体が未実施（gbif_taxon_key欠落・gbif_match_type=NULL）
ficus iidaiana,Ficus iidaiana,オオヤマイチジク,維管束植物,,絶滅危惧ⅠＡ類（CR）,,,moe_redlist,GBIFへの照会自体が未実施（gbif_taxon_key欠落・gbif_match_type=NULL）
ficus microcarpa,Ficus microcarpa,小笠原諸島などのガジュマル,植物,,,重点対策外来種,,moe_ias_list,GBIFへの照会自体が未実施（gbif_taxon_key欠落・gbif_match_type=NULL）
ficus nishimurae,Ficus nishimurae,オオトキワイヌビワ,維管束植物,,準絶滅危惧（NT）,,,moe_redlist,GBIFへの照会自体が未実施（gbif_taxon_key欠落・gbif_match_type=NULL）
filibryum yakoushimae,Filibryum yakoushimae,ヤクシマヒラツボゴケ,蘚苔類,,絶滅危惧ⅠB類（EN）,,,moe_redlist,GBIFへの照会自体が未実施（gbif_taxon_key欠落・gbif_match_type=NULL）
filipendula tsuguwoi,Filipendula tsuguwoi,シコクシモツケソウ,維管束植物,,絶滅危惧Ⅱ類（VU）,,,moe_redlist,GBIFへの照会自体が未実施（gbif_taxon_key欠落・gbif_match_type=NULL）
filistata longibentris,Filistata longibentris,ハラナガカヤシマグモ,その他無脊椎動物,,情報不足（DD）,,,moe_redlist,GBIFへの照会自体が未実施（gbif_taxon_key欠落・gbif_match_type=NULL）
fimbria soverbii,Fimbria soverbii,カゴガイ,貝類,,絶滅危惧II類（VU）,,,moe_redlist,GBIFへの照会自体が未実施（gbif_taxon_key欠落・gbif_match_type=NULL）
fimbristylis dichotoma subsp. podocarpa,Fimbristylis dichotoma subsp. podocarpa,ツクシテンツキ,維管束植物,,絶滅危惧Ⅱ類（VU）,,,moe_redlist,GBIFへの照会自体が未実施（gbif_taxon_key欠落・gbif_match_type=NULL）
fimbristylis fimbristyloides,Fimbristylis fimbristyloides,トモエバテンツキ,維管束植物,,絶滅危惧ⅠＡ類（CR）,,,moe_redlist,GBIFへの照会自体が未実施（gbif_taxon_key欠落・gbif_match_type=NULL）
fimbristylis fusca,Fimbristylis fusca,オノエテンツキ,維管束植物,,絶滅危惧Ⅱ類（VU）,,,moe_redlist,GBIFへの照会自体が未実施（gbif_taxon_key欠落・gbif_match_type=NULL）
fimbristylis kadzusana,Fimbristylis kadzusana,イッスンテンツキ,維管束植物,,絶滅危惧ⅠＡ類（CR）,,,moe_redlist,GBIFへの照会自体が未実施（gbif_taxon_key欠落・gbif_match_type=NULL）
fimbristylis longispica var. boninensis,Fimbristylis longispica var. boninensis,ムニンテンツキ,維管束植物,,絶滅危惧Ⅱ類（VU）,,,moe_redlist,GBIFへの照会自体が未実施（gbif_taxon_key欠落・gbif_match_type=NULL）
fimbristylis longispica var. hahajimensis,Fimbristylis longispica var. hahajimensis,ハハジマテンツキ,維管束植物,,絶滅危惧ⅠB類（EN）,,,moe_redlist,GBIFへの照会自体が未実施（gbif_taxon_key欠落・gbif_match_type=NULL）
fimbristylis nutans,Fimbristylis nutans,ウナヅキテンツキ,維管束植物,,絶滅危惧ⅠＡ類（CR）,,,moe_redlist,GBIFへの照会自体が未実施（gbif_taxon_key欠落・gbif_match_type=NULL）
fimbristylis ovata,Fimbristylis ovata,ヤリテンツキ,維管束植物,,準絶滅危惧（NT）,,,moe_redlist,GBIFへの照会自体が未実施（gbif_taxon_key欠落・gbif_match_type=NULL）
fimbristylis pierotii,Fimbristylis pierotii,ノハラテンツキ,維管束植物,,絶滅危惧Ⅱ類（VU）,,,moe_redlist,GBIFへの照会自体が未実施（gbif_taxon_key欠落・gbif_match_type=NULL）
fimbristylis stauntonii,Fimbristylis stauntonii,ハタケテンツキ,維管束植物,,絶滅危惧ⅠB類（EN）,,,moe_redlist,GBIFへの照会自体が未実施（gbif_taxon_key欠落・gbif_match_type=NULL）
fimbristylis stauntonii var. tonensis,Fimbristylis stauntonii var. tonensis,トネテンツキ,維管束植物,,絶滅危惧Ⅱ類（VU）,,,moe_redlist,GBIFへの照会自体が未実施（gbif_taxon_key欠落・gbif_match_type=NULL）
fimbristylis umbellaris,Fimbristylis umbellaris,ハナシテンツキ,維管束植物,,絶滅危惧ⅠB類（EN）,,,moe_redlist,GBIFへの照会自体が未実施（gbif_taxon_key欠落・gbif_match_type=NULL）
finella pupoides,Finella pupoides,サナギモツボ,貝類,,絶滅危惧II類（VU）,,,moe_redlist,GBIFへの照会自体が未実施（gbif_taxon_key欠落・gbif_match_type=NULL）
fissidens geppii,Fissidens geppii,ジョウレンホウオウゴケ,蘚苔類,,絶滅危惧Ⅱ類（VU）,,,moe_redlist,GBIFへの照会自体が未実施（gbif_taxon_key欠落・gbif_match_type=NULL）
fissidens javanicus,Fissidens javanicus,ジャバホウオウゴケ,蘚苔類,,絶滅危惧Ⅱ類（VU）,,,moe_redlist,GBIFへの照会自体が未実施（gbif_taxon_key欠落・gbif_match_type=NULL）
fissidens obscurus,Fissidens obscurus,ヤクホウオウゴケ,蘚苔類,,情報不足（DD）,,,moe_redlist,GBIFへの照会自体が未実施（gbif_taxon_key欠落・gbif_match_type=NULL）
fissurina flavicans,Fissurina flavicans,ウチキモジゴケ,地衣類,,情報不足（DD）,,,moe_redlist,GBIFへの照会自体が未実施（gbif_taxon_key欠落・gbif_match_type=NULL）
fissurina fujisanensis,Fissurina fujisanensis,フジノモジゴケ,地衣類,,情報不足（DD）,,,moe_redlist,GBIFへの照会自体が未実施（gbif_taxon_key欠落・gbif_match_type=NULL）
fixsenia iyonis iyonis,Fixsenia iyonis iyonis,"ベニモンカラスシジミ名義タイプ亜種, 四国亜種",昆虫類,,準絶滅危惧（NT）,,,moe_redlist,GBIFへの照会自体が未実施（gbif_taxon_key欠落・gbif_match_type=NULL）
fixsenia iyonis kibiensis,Fixsenia iyonis kibiensis,ベニモンカラスシジミ中国地方亜種,昆虫類,,準絶滅危惧（NT）,,,moe_redlist,GBIFへの照会自体が未実施（gbif_taxon_key欠落・gbif_match_type=NULL）
fixsenia iyonis surugaensis,Fixsenia iyonis surugaensis,ベニモンカラスシジミ中部地方亜種,昆虫類,,準絶滅危惧（NT）,,,moe_redlist,GBIFへの照会自体が未実施（gbif_taxon_key欠落・gbif_match_type=NULL）
flavocetraria cucullata,Flavocetraria cucullata,ウスキエイランタイ,地衣類,,準絶滅危惧（NT）,,,moe_redlist,GBIFへの照会自体が未実施（gbif_taxon_key欠落・gbif_match_type=NULL）
flavocetraria nivalis,Flavocetraria nivalis,コガネエイランタイ,地衣類,,情報不足（DD）,,,moe_redlist,GBIFへの照会自体が未実施（gbif_taxon_key欠落・gbif_match_type=NULL）
flavopunctelia flaventior,Flavopunctelia flaventior,ハクテンヒメキウメノキゴケ,地衣類,,準絶滅危惧（NT）,,,moe_redlist,GBIFへの照会自体が未実施（gbif_taxon_key欠落・gbif_match_type=NULL）
flavopunctelia soredica,Flavopunctelia soredica,ヒメキウメノキゴケ,地衣類,,準絶滅危惧（NT）,,,moe_redlist,GBIFへの照会自体が未実施（gbif_taxon_key欠落・gbif_match_type=NULL）
fluviocingula elegantula,Fluviocingula elegantula,カワグチツボ,貝類,,準絶滅危惧（NT）,,,moe_redlist,GBIFへの照会自体が未実施（gbif_taxon_key欠落・gbif_match_type=NULL）
fontinalis antipyretica,Fontinalis antipyretica,クロカワゴケ,蘚苔類,,準絶滅危惧（NT）,,,moe_redlist,GBIFへの照会自体が未実施（gbif_taxon_key欠落・gbif_match_type=NULL）
fontinalis hypnoides,Fontinalis hypnoides,カワゴケ,蘚苔類,,準絶滅危惧（NT）,,,moe_redlist,GBIFへの照会自体が未実施（gbif_taxon_key欠落・gbif_match_type=NULL）
formica fukaii,Formica fukaii,ツノアカヤマアリ,昆虫類,,情報不足（DD）,,,moe_redlist,GBIFへの照会自体が未実施（gbif_taxon_key欠落・gbif_match_type=NULL）
formica yessensis,Formica yessensis,エゾアカヤマアリ,昆虫類,,絶滅危惧II類（VU）,,,moe_redlist,GBIFへの照会自体が未実施（gbif_taxon_key欠落・gbif_match_type=NULL）
forsstroemia noguchii,Forsstroemia noguchii,シライワスズゴケ,蘚苔類,,絶滅危惧Ⅱ類（VU）,,,moe_redlist,GBIFへの照会自体が未実施（gbif_taxon_key欠落・gbif_match_type=NULL）
forsythia japonica,Forsythia japonica,ヤマトレンギョウ,維管束植物,,準絶滅危惧（NT）,,,moe_redlist,GBIFへの照会自体が未実施（gbif_taxon_key欠落・gbif_match_type=NULL）
forsythia togashii,Forsythia togashii,ショウドシマレンギョウ,維管束植物,,絶滅危惧ⅠB類（EN）,,,moe_redlist,GBIFへの照会自体が未実施（gbif_taxon_key欠落・gbif_match_type=NULL）
fossombronia myrioides,Fossombronia myrioides,イリオモテウロコゼニゴケ,蘚苔類,,絶滅危惧Ⅱ類（VU）,,,moe_redlist,GBIFへの照会自体が未実施（gbif_taxon_key欠落・gbif_match_type=NULL）
fragaria nipponica var. yakusimensis,Fragaria nipponica var. yakusimensis,ヤクシマシロバナヘビイチゴ,維管束植物,,絶滅危惧ⅠB類（EN）,,,moe_redlist,GBIFへの照会自体が未実施（gbif_taxon_key欠落・gbif_match_type=NULL）
fragum carinatum,Fragum carinatum,ヒシガイ,貝類,,絶滅危惧II類（VU）,,,moe_redlist,GBIFへの照会自体が未実施（gbif_taxon_key欠落・gbif_match_type=NULL）
fragum loochooanum,Fragum loochooanum,オキナワヒシガイ,貝類,,準絶滅危惧（NT）,,,moe_redlist,GBIFへの照会自体が未実施（gbif_taxon_key欠落・gbif_match_type=NULL）
fragum unedo,Fragum unedo,カワラガイ,貝類,,準絶滅危惧（NT）,,,moe_redlist,GBIFへの照会自体が未実施（gbif_taxon_key欠落・gbif_match_type=NULL）
freycinetia williamsii,Freycinetia williamsii,ヒメツルアダン,維管束植物,,絶滅危惧ⅠB類（EN）,,,moe_redlist,GBIFへの照会自体が未実施（gbif_taxon_key欠落・gbif_match_type=NULL）
fritillaria amabilis,Fritillaria amabilis,ホソバナコバイモ,維管束植物,,準絶滅危惧（NT）,,,moe_redlist,GBIFへの照会自体が未実施（gbif_taxon_key欠落・gbif_match_type=NULL）
fritillaria ayakoana,Fritillaria ayakoana,イズモコバイモ,維管束植物,,絶滅危惧Ⅱ類（VU）,,,moe_redlist,GBIFへの照会自体が未実施（gbif_taxon_key欠落・gbif_match_type=NULL）
fritillaria japonica,Fritillaria japonica,ミノコバイモ,維管束植物,,絶滅危惧Ⅱ類（VU）,,,moe_redlist,GBIFへの照会自体が未実施（gbif_taxon_key欠落・gbif_match_type=NULL）
fritillaria kaiensis,Fritillaria kaiensis,カイコバイモ,維管束植物,,絶滅危惧ⅠB類（EN）,,,moe_redlist,GBIFへの照会自体が未実施（gbif_taxon_key欠落・gbif_match_type=NULL）
fritillaria kiusiana,Fritillaria kiusiana,ヒゴコバイモ,維管束植物,,情報不足（DD）,,,moe_redlist,GBIFへの照会自体が未実施（gbif_taxon_key欠落・gbif_match_type=NULL）
fritillaria muraiana,Fritillaria muraiana,アワコバイモ,維管束植物,,絶滅危惧Ⅱ類（VU）,,,moe_redlist,GBIFへの照会自体が未実施（gbif_taxon_key欠落・gbif_match_type=NULL）
fritillaria shikokiana,Fritillaria shikokiana,トサコバイモ,維管束植物,,準絶滅危惧（NT）,,,moe_redlist,GBIFへの照会自体が未実施（gbif_taxon_key欠落・gbif_match_type=NULL）
fronsella ohshimai,Fronsella ohshimai,ハナビラガイ,貝類,,絶滅危惧I類（CR+EN）,,,moe_redlist,GBIFへの照会自体が未実施（gbif_taxon_key欠落・gbif_match_type=NULL）
frullania gaudichaudii,Frullania gaudichaudii,キヤスデゴケ,蘚苔類,,絶滅危惧Ⅱ類（VU）,,,moe_redlist,GBIFへの照会自体が未実施（gbif_taxon_key欠落・gbif_match_type=NULL）
frullania iriomotensis,Frullania iriomotensis,イリオモテヤスデゴケ,蘚苔類,,絶滅危惧ⅠB類（EN）,,,moe_redlist,GBIFへの照会自体が未実施（gbif_taxon_key欠落・gbif_match_type=NULL）
frullania okinawensis,Frullania okinawensis,オキナワヤスデゴケ,蘚苔類,,情報不足（DD）,,,moe_redlist,GBIFへの照会自体が未実施（gbif_taxon_key欠落・gbif_match_type=NULL）
frullania repandistipula,Frullania repandistipula,イボヤスデゴケ,蘚苔類,,絶滅危惧ⅠB類（EN）,,,moe_redlist,GBIFへの照会自体が未実施（gbif_taxon_key欠落・gbif_match_type=NULL）
frullania sackawana,Frullania sackawana,サカワヤスデゴケ,蘚苔類,,絶滅危惧Ⅱ類（VU）,,,moe_redlist,GBIFへの照会自体が未実施（gbif_taxon_key欠落・gbif_match_type=NULL）
frullania trichodes,Frullania trichodes,サガリヤスデゴケ,蘚苔類,,絶滅危惧Ⅱ類（VU）,,,moe_redlist,GBIFへの照会自体が未実施（gbif_taxon_key欠落・gbif_match_type=NULL）
fukuia integra,Fukuia integra,ヤママメタニシ,貝類,,絶滅危惧I類（CR+EN）,,,moe_redlist,GBIFへの照会自体が未実施（gbif_taxon_key欠落・gbif_match_type=NULL）
fukuia kurodai,Fukuia kurodai,ニクイロシブキツボ,貝類,,準絶滅危惧（NT）,,,moe_redlist,GBIFへの照会自体が未実施（gbif_taxon_key欠落・gbif_match_type=NULL）
fukuia multistriata,Fukuia multistriata,フクイシブキツボ,貝類,,絶滅危惧I類（CR+EN）,,,moe_redlist,GBIFへの照会自体が未実施（gbif_taxon_key欠落・gbif_match_type=NULL）
fuscidea intercincta,Fuscidea intercincta,アバタフスキデア,地衣類,,情報不足（DD）,,,moe_redlist,GBIFへの照会自体が未実施（gbif_taxon_key欠落・gbif_match_type=NULL）
gabbia kiusiuensis,Gabbia kiusiuensis,ヒメマルマメタニシ,貝類,,絶滅危惧II類（VU）,,,moe_redlist,GBIFへの照会自体が未実施（gbif_taxon_key欠落・gbif_match_type=NULL）
gaetice ungulatus,Gaetice ungulatus,オキナワヒライソガニ,その他無脊椎動物,,準絶滅危惧（NT）,,,moe_redlist,GBIFへの照会自体が未実施（gbif_taxon_key欠落・gbif_match_type=NULL）
gafrarium divaricatum,Gafrarium divaricatum,ケマンガイ,貝類,,準絶滅危惧（NT）,,,moe_redlist,GBIFへの照会自体が未実施（gbif_taxon_key欠落・gbif_match_type=NULL）
gagea japonica,Gagea japonica,ヒメアマナ,維管束植物,,絶滅危惧ⅠB類（EN）,,,moe_redlist,GBIFへの照会自体が未実施（gbif_taxon_key欠落・gbif_match_type=NULL）
gagea vaginata,Gagea vaginata,エゾヒメアマナ,維管束植物,,絶滅危惧Ⅱ類（VU）,,,moe_redlist,GBIFへの照会自体が未実施（gbif_taxon_key欠落・gbif_match_type=NULL）
galba sp.,Galba sp.,コシダカヒメモノアラガイ,貝類,,情報不足（DD）,,,moe_redlist,GBIFへの照会自体が未実施（gbif_taxon_key欠落・gbif_match_type=NULL）
galearis cyclochila,Galearis cyclochila,カモメラン,維管束植物,,準絶滅危惧（NT）,,,moe_redlist,GBIFへの照会自体が未実施（gbif_taxon_key欠落・gbif_match_type=NULL）
galeocerdo cuvier,Galeocerdo cuvier,イタチザメ,魚類（海洋生物）,,情報不足（DD）,,,moe_redlist,GBIFへの照会自体が未実施（gbif_taxon_key欠落・gbif_match_type=NULL）
galeomma ambigua,Galeomma ambigua,コハクマメアゲマキ,貝類,,準絶滅危惧（NT）,,,moe_redlist,GBIFへの照会自体が未実施（gbif_taxon_key欠落・gbif_match_type=NULL）
galeomma rosea,Galeomma rosea,バライロマメアゲマキ,貝類,,準絶滅危惧（NT）,,,moe_redlist,GBIFへの照会自体が未実施（gbif_taxon_key欠落・gbif_match_type=NULL）
galeomma sp.,Galeomma sp.,ニッポンマメアゲマキ,貝類,,準絶滅危惧（NT）,,,moe_redlist,GBIFへの照会自体が未実施（gbif_taxon_key欠落・gbif_match_type=NULL）
galeommella utinomii,Galeommella utinomii,オウギウロコガイ,貝類,,絶滅危惧I類（CR+EN）,,,moe_redlist,GBIFへの照会自体が未実施（gbif_taxon_key欠落・gbif_match_type=NULL）
galium boreale var. kamtschaticum,Galium boreale var. kamtschaticum,エゾキヌタソウ,維管束植物,,絶滅危惧Ⅱ類（VU）,,,moe_redlist,GBIFへの照会自体が未実施（gbif_taxon_key欠落・gbif_match_type=NULL）
galium manshuricum,Galium manshuricum,エゾムグラ,維管束植物,,絶滅危惧Ⅱ類（VU）,,,moe_redlist,GBIFへの照会自体が未実施（gbif_taxon_key欠落・gbif_match_type=NULL）
galium niewerthii,Galium niewerthii,ヤブムグラ,維管束植物,,絶滅危惧Ⅱ類（VU）,,,moe_redlist,GBIFへの照会自体が未実施（gbif_taxon_key欠落・gbif_match_type=NULL）
galium pogonanthum var. yakumontanum,Galium pogonanthum var. yakumontanum,ヤクシマヤマムグラ,維管束植物,,絶滅危惧Ⅱ類（VU）,,,moe_redlist,GBIFへの照会自体が未実施（gbif_taxon_key欠落・gbif_match_type=NULL）
galium tokyoense,Galium tokyoense,ハナムグラ,維管束植物,,絶滅危惧Ⅱ類（VU）,,,moe_redlist,GBIFへの照会自体が未実施（gbif_taxon_key欠落・gbif_match_type=NULL）
galium triflorum,Galium triflorum,ヤツガタケムグラ,維管束植物,,絶滅危惧ⅠB類（EN）,,,moe_redlist,GBIFへの照会自体が未実施（gbif_taxon_key欠落・gbif_match_type=NULL）
gallinago hardwickii,Gallinago hardwickii,オオジシギ,鳥類,,準絶滅危惧（NT）,,,moe_redlist,GBIFへの照会自体が未実施（gbif_taxon_key欠落・gbif_match_type=NULL）
galloisiana chujoi,Galloisiana chujoi,チュウジョウムシ（メギシマガロアムシ）,昆虫類,,情報不足（DD）,,,moe_redlist,GBIFへの照会自体が未実施（gbif_taxon_key欠落・gbif_match_type=NULL）
galloisiana notabilis,Galloisiana notabilis,イシイムシ,昆虫類,,絶滅危惧IB類（EN）,,,moe_redlist,GBIFへの照会自体が未実施（gbif_taxon_key欠落・gbif_match_type=NULL）
gampsocleis ryukyuensis,Gampsocleis ryukyuensis,オキナワキリギリス,昆虫類,,準絶滅危惧（NT）,,,moe_redlist,GBIFへの照会自体が未実施（gbif_taxon_key欠落・gbif_match_type=NULL）
ganonema farinosum,Ganonema farinosum,ケコナハダ,藻類,,準絶滅危惧（NT）,,,moe_redlist,GBIFへの照会自体が未実施（gbif_taxon_key欠落・gbif_match_type=NULL）
ganonema inouei,Ganonema inouei,クチキトビケラ（クロアシエダトビケラ）,昆虫類,,準絶滅危惧（NT）,,,moe_redlist,GBIFへの照会自体が未実施（gbif_taxon_key欠落・gbif_match_type=NULL）
garckea flexuosa,Garckea flexuosa,ニセタマウケゴケ（シバゴケ）,蘚苔類,,情報不足（DD）,,,moe_redlist,GBIFへの照会自体が未実施（gbif_taxon_key欠落・gbif_match_type=NULL）
gardena boninensis,Gardena boninensis,ムニンアシナガサシガメ,昆虫類,,準絶滅危惧（NT）,,,moe_redlist,GBIFへの照会自体が未実施（gbif_taxon_key欠落・gbif_match_type=NULL）
gardena melinarthrum,Gardena melinarthrum,オオアシナガサシガメ,昆虫類,,準絶滅危惧（NT）,,,moe_redlist,GBIFへの照会自体が未実施（gbif_taxon_key欠落・gbif_match_type=NULL）
gardenia boninensis,Gardenia boninensis,オガサワラクチナシ,維管束植物,,絶滅危惧Ⅱ類（VU）,,,moe_redlist,GBIFへの照会自体が未実施（gbif_taxon_key欠落・gbif_match_type=NULL）
gardneria liukiuensis,Gardneria liukiuensis,リュウキュウホウライカズラ,維管束植物,,絶滅危惧ⅠＡ類（CR）,,,moe_redlist,GBIFへの照会自体が未実施（gbif_taxon_key欠落・gbif_match_type=NULL）
gardneria multiflora,Gardneria multiflora,チトセカズラ,維管束植物,,絶滅危惧Ⅱ類（VU）,,,moe_redlist,GBIFへの照会自体が未実施（gbif_taxon_key欠落・gbif_match_type=NULL）
gardneria shimadai,Gardneria shimadai,タイワンチトセカズラ,維管束植物,,絶滅危惧ⅠＡ類（CR）,,,moe_redlist,GBIFへの照会自体が未実施（gbif_taxon_key欠落・gbif_match_type=NULL）
gari chinensis,Gari chinensis,オチバ（コムラサキガイ）,貝類,,準絶滅危惧（NT）,,,moe_redlist,GBIFへの照会自体が未実施（gbif_taxon_key欠落・gbif_match_type=NULL）
gari elongata,Gari elongata,マスオガイ,貝類,,準絶滅危惧（NT）,,,moe_redlist,GBIFへの照会自体が未実施（gbif_taxon_key欠落・gbif_match_type=NULL）
gari lessoni,Gari lessoni,ウスムラサキアシガイ,貝類,,絶滅危惧II類（VU）,,,moe_redlist,GBIFへの照会自体が未実施（gbif_taxon_key欠落・gbif_match_type=NULL）
gari maculosa,Gari maculosa,アシガイ,貝類,,準絶滅危惧（NT）,,,moe_redlist,GBIFへの照会自体が未実施（gbif_taxon_key欠落・gbif_match_type=NULL）
gari minor,Gari minor,ハザクラ,貝類,,準絶滅危惧（NT）,,,moe_redlist,GBIFへの照会自体が未実施（gbif_taxon_key欠落・gbif_match_type=NULL）
gari squamosa,Gari squamosa,ハスメヨシガイ,貝類,,準絶滅危惧（NT）,,,moe_redlist,GBIFへの照会自体が未実施（gbif_taxon_key欠落・gbif_match_type=NULL）
garnotia acutigluma,Garnotia acutigluma,アオシバ,維管束植物,,絶滅危惧Ⅱ類（VU）,,,moe_redlist,GBIFへの照会自体が未実施（gbif_taxon_key欠落・gbif_match_type=NULL）
garovaglia elegans,Garovaglia elegans,カクレゴケ,蘚苔類,,絶滅危惧Ⅱ類（VU）,,,moe_redlist,GBIFへの照会自体が未実施（gbif_taxon_key欠落・gbif_match_type=NULL）
gasterosteus aculeatus subsp. 1,Gasterosteus aculeatus subsp. 1,福島県以南の太平洋系陸封型イトヨ,汽水・淡水魚類,,絶滅のおそれのある地域個体群（LP）,,,moe_redlist,GBIFへの照会自体が未実施（gbif_taxon_key欠落・gbif_match_type=NULL）
gasterosteus nipponicus,Gasterosteus nipponicus,本州のニホンイトヨ,汽水・淡水魚類,,絶滅のおそれのある地域個体群（LP）,,,moe_redlist,GBIFへの照会自体が未実施（gbif_taxon_key欠落・gbif_match_type=NULL）
gasteruption ogasawarensis,Gasteruption ogasawarensis,オガサワラコンボウヤセバチ,昆虫類,,準絶滅危惧（NT）,,,moe_redlist,GBIFへの照会自体が未実施（gbif_taxon_key欠落・gbif_match_type=NULL）
gastrochilus ciliaris,Gastrochilus ciliaris,マツゲカヤラン,維管束植物,,絶滅危惧ⅠB類（EN）,,,moe_redlist,GBIFへの照会自体が未実施（gbif_taxon_key欠落・gbif_match_type=NULL）
gastrochilus japonicus,Gastrochilus japonicus,カシノキラン,維管束植物,,絶滅危惧Ⅱ類（VU）,,,moe_redlist,GBIFへの照会自体が未実施（gbif_taxon_key欠落・gbif_match_type=NULL）
gastrochilus matsuran,Gastrochilus matsuran,マツラン,維管束植物,,絶滅危惧Ⅱ類（VU）,,,moe_redlist,GBIFへの照会自体が未実施（gbif_taxon_key欠落・gbif_match_type=NULL）
gastrochilus toramanus,Gastrochilus toramanus,モミラン,維管束植物,,絶滅危惧Ⅱ類（VU）,,,moe_redlist,GBIFへの照会自体が未実施（gbif_taxon_key欠落・gbif_match_type=NULL）
gastrocopta armigerella armigerella,Gastrocopta armigerella armigerella,スナガイ,貝類,,準絶滅危惧（NT）,,,moe_redlist,GBIFへの照会自体が未実施（gbif_taxon_key欠落・gbif_match_type=NULL）
gastrocopta armigerella daitojimana,Gastrocopta armigerella daitojimana,ダイトウジマスナガイ,貝類,,準絶滅危惧（NT）,,,moe_redlist,GBIFへの照会自体が未実施（gbif_taxon_key欠落・gbif_match_type=NULL）
gastrocopta boninensis,Gastrocopta boninensis,ボニンスナガイ,貝類,,準絶滅危惧（NT）,,,moe_redlist,GBIFへの照会自体が未実施（gbif_taxon_key欠落・gbif_match_type=NULL）
gastrocopta chichijimana,Gastrocopta chichijimana,チチジマスナガイ,貝類,,絶滅危惧I類（CR+EN）,,,moe_redlist,GBIFへの照会自体が未実施（gbif_taxon_key欠落・gbif_match_type=NULL）
gastrocopta ogasawarana,Gastrocopta ogasawarana,オガサワラスナガイ,貝類,,情報不足（DD）,,,moe_redlist,GBIFへの照会自体が未実施（gbif_taxon_key欠落・gbif_match_type=NULL）
gastrodia albida,Gastrodia albida,ヤクシマヤツシロラン,維管束植物,,絶滅危惧ⅠB類（EN）,,,moe_redlist,GBIFへの照会自体が未実施（gbif_taxon_key欠落・gbif_match_type=NULL）
gastrodia amamiana,Gastrodia amamiana,アマミヤツシロラン,維管束植物,,絶滅危惧ⅠB類（EN）,,,moe_redlist,GBIFへの照会自体が未実施（gbif_taxon_key欠落・gbif_match_type=NULL）
gastrodia boninensis,Gastrodia boninensis,ムニンヤツシロラン,維管束植物,,絶滅危惧ⅠB類（EN）,,,moe_redlist,GBIFへの照会自体が未実施（gbif_taxon_key欠落・gbif_match_type=NULL）
gastrodia clausa,Gastrodia clausa,ツボミヤツシロラン,維管束植物,,絶滅危惧ⅠB類（EN）,,,moe_redlist,GBIFへの照会自体が未実施（gbif_taxon_key欠落・gbif_match_type=NULL）
gastrodia elata var. pallens,Gastrodia elata var. pallens,シロテンマ,維管束植物,,絶滅危惧ⅠB類（EN）,,,moe_redlist,GBIFへの照会自体が未実施（gbif_taxon_key欠落・gbif_match_type=NULL）
gastrodia flexistyloides,Gastrodia flexistyloides,ヌカヅキヤツシロラン,維管束植物,,絶滅危惧Ⅱ類（VU）,,,moe_redlist,GBIFへの照会自体が未実施（gbif_taxon_key欠落・gbif_match_type=NULL）
gastrodia foetida,Gastrodia foetida,フユザキヤツシロラン,維管束植物,,絶滅危惧ⅠB類（EN）,,,moe_redlist,GBIFへの照会自体が未実施（gbif_taxon_key欠落・gbif_match_type=NULL）
gastrodia fontinalis,Gastrodia fontinalis,トカラヤツシロラン,維管束植物,,絶滅危惧ⅠB類（EN）,,,moe_redlist,GBIFへの照会自体が未実施（gbif_taxon_key欠落・gbif_match_type=NULL）
gastrodia gracilis,Gastrodia gracilis,ナヨテンマ,維管束植物,,絶滅危惧ⅠB類（EN）,,,moe_redlist,GBIFへの照会自体が未実施（gbif_taxon_key欠落・gbif_match_type=NULL）
gastrodia javanica,Gastrodia javanica,コンジキヤガラ,維管束植物,,絶滅危惧Ⅱ類（VU）,,,moe_redlist,GBIFへの照会自体が未実施（gbif_taxon_key欠落・gbif_match_type=NULL）
gastrodia kuroshimensis,Gastrodia kuroshimensis,クロシマヤツシロラン,維管束植物,,絶滅危惧ⅠＡ類（CR）,,,moe_redlist,GBIFへの照会自体が未実施（gbif_taxon_key欠落・gbif_match_type=NULL）
gastrodia nipponica,Gastrodia nipponica,ハルザキヤツシロラン,維管束植物,,絶滅危惧Ⅱ類（VU）,,,moe_redlist,GBIFへの照会自体が未実施（gbif_taxon_key欠落・gbif_match_type=NULL）
gastrodia nipponicoides,Gastrodia nipponicoides,ヤンバルヤツシロラン,維管束植物,,絶滅危惧Ⅱ類（VU）,,,moe_redlist,GBIFへの照会自体が未実施（gbif_taxon_key欠落・gbif_match_type=NULL）
gastrodia okinawensis,Gastrodia okinawensis,ツツザキヤツシロラン,維管束植物,,絶滅危惧ⅠＡ類（CR）,,,moe_redlist,GBIFへの照会自体が未実施（gbif_taxon_key欠落・gbif_match_type=NULL）
gastrodia shimizuana,Gastrodia shimizuana,ナンゴクヤツシロラン,維管束植物,,絶滅危惧ⅠＡ類（CR）,,,moe_redlist,GBIFへの照会自体が未実施（gbif_taxon_key欠落・gbif_match_type=NULL）
gastrodia takeshimensis,Gastrodia takeshimensis,タケシマヤツシロラン,維管束植物,,絶滅危惧Ⅱ類（VU）,,,moe_redlist,GBIFへの照会自体が未実施（gbif_taxon_key欠落・gbif_match_type=NULL）
gastrodia uraiensis,Gastrodia uraiensis,タブガワヤツシロラン,維管束植物,,絶滅危惧ⅠB類（EN）,,,moe_redlist,GBIFへの照会自体が未実施（gbif_taxon_key欠落・gbif_match_type=NULL）
gastropacha quercifolia,Gastropacha quercifolia,ヒロバカレハ,昆虫類,,絶滅危惧II類（VU）,,,moe_redlist,GBIFへの照会自体が未実施（gbif_taxon_key欠落・gbif_match_type=NULL）
gecarcoidea lalandii,Gecarcoidea lalandii,ムラサキオカガニ,その他無脊椎動物,,準絶滅危惧（NT）,,,moe_redlist,GBIFへの照会自体が未実施（gbif_taxon_key欠落・gbif_match_type=NULL）
gelidium hirsutum,Gelidium hirsutum,ヤタベグサ,藻類,,絶滅危惧Ⅱ類（VU）,,,moe_redlist,GBIFへの照会自体が未実施（gbif_taxon_key欠落・gbif_match_type=NULL）
geloina expansa,Geloina expansa,リュウキュウヒルギシジミ,貝類,,絶滅危惧II類（VU）,,,moe_redlist,GBIFへの照会自体が未実施（gbif_taxon_key欠落・gbif_match_type=NULL）
geloina fissidens,Geloina fissidens,タイワンヒルギシジミ,貝類,,絶滅危惧II類（VU）,,,moe_redlist,GBIFへの照会自体が未実施（gbif_taxon_key欠落・gbif_match_type=NULL）
geloina yaeyamensis,Geloina yaeyamensis,ヤエヤマヒルギシジミ,貝類,,絶滅危惧II類（VU）,,,moe_redlist,GBIFへの照会自体が未実施（gbif_taxon_key欠落・gbif_match_type=NULL）
genicanthus takeuchii,Genicanthus takeuchii,ミズタマヤッコ,魚類（海洋生物）,,情報不足（DD）,,,moe_redlist,GBIFへの照会自体が未実施（gbif_taxon_key欠落・gbif_match_type=NULL）
geniostoma glabrum,Geniostoma glabrum,オガサワラモクレイシ,維管束植物,,絶滅危惧Ⅱ類（VU）,,,moe_redlist,GBIFへの照会自体が未実施（gbif_taxon_key欠落・gbif_match_type=NULL）
gennaeosinum bathyraphe,Gennaeosinum bathyraphe,オリイレシラタマ,貝類,,準絶滅危惧（NT）,,,moe_redlist,GBIFへの照会自体が未実施（gbif_taxon_key欠落・gbif_match_type=NULL）
gentiana aquatica,Gentiana aquatica,ヒナリンドウ,維管束植物,,絶滅危惧ⅠＡ類（CR）,,,moe_redlist,GBIFへの照会自体が未実施（gbif_taxon_key欠落・gbif_match_type=NULL）
gentiana glauca,Gentiana glauca,ヨコヤマリンドウ,維管束植物,,準絶滅危惧（NT）,,,moe_redlist,GBIFへの照会自体が未実施（gbif_taxon_key欠落・gbif_match_type=NULL）
gentiana jamesii,Gentiana jamesii,リシリリンドウ,維管束植物,,絶滅危惧Ⅱ類（VU）,,,moe_redlist,GBIFへの照会自体が未実施（gbif_taxon_key欠落・gbif_match_type=NULL）
gentiana laeviuscula,Gentiana laeviuscula,コヒナリンドウ,維管束植物,,絶滅危惧ⅠB類（EN）,,,moe_redlist,GBIFへの照会自体が未実施（gbif_taxon_key欠落・gbif_match_type=NULL）
gentiana nipponica var. robusta,Gentiana nipponica var. robusta,イイデリンドウ,維管束植物,,絶滅危惧Ⅱ類（VU）,,,moe_redlist,GBIFへの照会自体が未実施（gbif_taxon_key欠落・gbif_match_type=NULL）
gentiana satsunanensis,Gentiana satsunanensis,リュウキュウコケリンドウ,維管束植物,,絶滅危惧Ⅱ類（VU）,,,moe_redlist,GBIFへの照会自体が未実施（gbif_taxon_key欠落・gbif_match_type=NULL）
gentiana takushii,Gentiana takushii,ミヤココケリンドウ,維管束植物,,絶滅危惧Ⅱ類（VU）,,,moe_redlist,GBIFへの照会自体が未実施（gbif_taxon_key欠落・gbif_match_type=NULL）
gentiana yakushimensis,Gentiana yakushimensis,ヤクシマリンドウ,維管束植物,,絶滅危惧ⅠB類（EN）,,,moe_redlist,GBIFへの照会自体が未実施（gbif_taxon_key欠落・gbif_match_type=NULL）
gentianella amarella subsp. takedae,Gentianella amarella subsp. takedae,オノエリンドウ,維管束植物,,絶滅危惧ⅠB類（EN）,,,moe_redlist,GBIFへの照会自体が未実施（gbif_taxon_key欠落・gbif_match_type=NULL）
gentianella amarella subsp. yuparensis,Gentianella amarella subsp. yuparensis,ユウバリリンドウ,維管束植物,,絶滅危惧ⅠB類（EN）,,,moe_redlist,GBIFへの照会自体が未実施（gbif_taxon_key欠落・gbif_match_type=NULL）
gentianella auriculata,Gentianella auriculata,チシマリンドウ,維管束植物,,準絶滅危惧（NT）,,,moe_redlist,GBIFへの照会自体が未実施（gbif_taxon_key欠落・gbif_match_type=NULL）
gentianopsis contorta,Gentianopsis contorta,チチブリンドウ,維管束植物,,絶滅危惧ⅠB類（EN）,,,moe_redlist,GBIFへの照会自体が未実施（gbif_taxon_key欠落・gbif_match_type=NULL）
gentianopsis yabei var. akaisiensis,Gentianopsis yabei var. akaisiensis,アカイシリンドウ,維管束植物,,絶滅危惧ⅠB類（EN）,,,moe_redlist,GBIFへの照会自体が未実施（gbif_taxon_key欠落・gbif_match_type=NULL）
gentianopsis yabei var. yabei,Gentianopsis yabei var. yabei,シロウマリンドウ,維管束植物,,準絶滅危惧（NT）,,,moe_redlist,GBIFへの照会自体が未実施（gbif_taxon_key欠落・gbif_match_type=NULL）
geodorum densiflorum,Geodorum densiflorum,トサカメオトラン,維管束植物,,絶滅危惧ⅠB類（EN）,,,moe_redlist,GBIFへの照会自体が未実施（gbif_taxon_key欠落・gbif_match_type=NULL）
geograpsus stormi,Geograpsus stormi,アカカクレイワガニ,甲殻類（海洋生物）,,情報不足（DD）,,,moe_redlist,GBIFへの照会自体が未実施（gbif_taxon_key欠落・gbif_match_type=NULL）
georgium japonicum,Georgium japonicum,ビワアシエダトビケラ,昆虫類,,準絶滅危惧（NT）,,,moe_redlist,GBIFへの照会自体が未実施（gbif_taxon_key欠落・gbif_match_type=NULL）
georissa hukudai,Georissa hukudai,フクダゴマオカタニシ,貝類,,準絶滅危惧（NT）,,,moe_redlist,GBIFへの照会自体が未実施（gbif_taxon_key欠落・gbif_match_type=NULL）
georissa japonica,Georissa japonica,ゴマオカタニシ,貝類,,準絶滅危惧（NT）,,,moe_redlist,GBIFへの照会自体が未実施（gbif_taxon_key欠落・gbif_match_type=NULL）
georissa luchuana,Georissa luchuana,リュウキュウゴマオカタニシ,貝類,,準絶滅危惧（NT）,,,moe_redlist,GBIFへの照会自体が未実施（gbif_taxon_key欠落・gbif_match_type=NULL）
georissa shikokuensis,Georissa shikokuensis,ベニゴマオカタニシ,貝類,,絶滅危惧II類（VU）,,,moe_redlist,GBIFへの照会自体が未実施（gbif_taxon_key欠落・gbif_match_type=NULL）
georissus granulosus,Georissus granulosus,セスジマルドロムシ,昆虫類,,絶滅危惧II類（VU）,,,moe_redlist,GBIFへの照会自体が未実施（gbif_taxon_key欠落・gbif_match_type=NULL）
geothelphusa amagui,Geothelphusa amagui,ケラマサワガニ,その他無脊椎動物,,絶滅危惧II類（VU）,,,moe_redlist,GBIFへの照会自体が未実施（gbif_taxon_key欠落・gbif_match_type=NULL）
geothelphusa aramotoi,Geothelphusa aramotoi,アラモトサワガニ,その他無脊椎動物,,絶滅危惧II類（VU）,,,moe_redlist,GBIFへの照会自体が未実施（gbif_taxon_key欠落・gbif_match_type=NULL）
geothelphusa exigua,Geothelphusa exigua,ミカゲサワガニ,その他無脊椎動物,,準絶滅危惧（NT）,,,moe_redlist,GBIFへの照会自体が未実施（gbif_taxon_key欠落・gbif_match_type=NULL）
geothelphusa grandiovata,Geothelphusa grandiovata,オキナワオオサワガニ,その他無脊椎動物,,絶滅危惧II類（VU）,,,moe_redlist,GBIFへの照会自体が未実施（gbif_taxon_key欠落・gbif_match_type=NULL）
geothelphusa iheya,Geothelphusa iheya,イヘヤオオサワガニ,その他無脊椎動物,,絶滅危惧II類（VU）,,,moe_redlist,GBIFへの照会自体が未実施（gbif_taxon_key欠落・gbif_match_type=NULL）
geothelphusa kumejima,Geothelphusa kumejima,クメジマオオサワガニ,その他無脊椎動物,,絶滅危惧II類（VU）,,,moe_redlist,GBIFへの照会自体が未実施（gbif_taxon_key欠落・gbif_match_type=NULL）
geothelphusa marginata fulva,Geothelphusa marginata fulva,カッショクサワガニ,その他無脊椎動物,,準絶滅危惧（NT）,,,moe_redlist,GBIFへの照会自体が未実施（gbif_taxon_key欠落・gbif_match_type=NULL）
geothelphusa marginata marginata,Geothelphusa marginata marginata,ムラサキサワガニ,その他無脊椎動物,,準絶滅危惧（NT）,,,moe_redlist,GBIFへの照会自体が未実施（gbif_taxon_key欠落・gbif_match_type=NULL）
geothelphusa minei,Geothelphusa minei,ミネイサワガニ,その他無脊椎動物,,準絶滅危惧（NT）,,,moe_redlist,GBIFへの照会自体が未実施（gbif_taxon_key欠落・gbif_match_type=NULL）
geothelphusa obtusipes,Geothelphusa obtusipes,リュウキュウサワガニ,その他無脊椎動物,,準絶滅危惧（NT）,,,moe_redlist,GBIFへの照会自体が未実施（gbif_taxon_key欠落・gbif_match_type=NULL）
geothelphusa sakamotoana,Geothelphusa sakamotoana,サカモトサワガニ,その他無脊椎動物,,準絶滅危惧（NT）,,,moe_redlist,GBIFへの照会自体が未実施（gbif_taxon_key欠落・gbif_match_type=NULL）
geranium shikokianum var. kaimontanum,Geranium shikokianum var. kaimontanum,カイフウロ,維管束植物,,絶滅危惧ⅠB類（EN）,,,moe_redlist,GBIFへの照会自体が未実施（gbif_taxon_key欠落・gbif_match_type=NULL）
geranium shikokianum var. shikokianum,Geranium shikokianum var. shikokianum,イヨフウロ,維管束植物,,準絶滅危惧（NT）,,,moe_redlist,GBIFへの照会自体が未実施（gbif_taxon_key欠落・gbif_match_type=NULL）
geranium shikokianum var. yoshiianum,Geranium shikokianum var. yoshiianum,ヤクシマフウロ,維管束植物,,絶滅危惧ⅠB類（EN）,,,moe_redlist,GBIFへの照会自体が未実施（gbif_taxon_key欠落・gbif_match_type=NULL）
geranium soboliferum var. hakusanense,Geranium soboliferum var. hakusanense,アサマフウロ,維管束植物,,準絶滅危惧（NT）,,,moe_redlist,GBIFへの照会自体が未実施（gbif_taxon_key欠落・gbif_match_type=NULL）
geranium soboliferum var. kiusianum,Geranium soboliferum var. kiusianum,ツクシフウロ,維管束植物,,絶滅危惧Ⅱ類（VU）,,,moe_redlist,GBIFへの照会自体が未実施（gbif_taxon_key欠落・gbif_match_type=NULL）
gerres akazakii,Gerres akazakii,セダカダイミョウサギ,魚類（海洋生物）,,情報不足（DD）,,,moe_redlist,GBIFへの照会自体が未実施（gbif_taxon_key欠落・gbif_match_type=NULL）
gerres ryukyuensis,Gerres ryukyuensis,ヤンバルサギ,魚類（海洋生物）,,準絶滅危惧（NT）,,,moe_redlist,GBIFへの照会自体が未実施（gbif_taxon_key欠落・gbif_match_type=NULL）
gerresmicrophthalmus,Gerresmicrophthalmus,ヤマトイトヒキサギ,魚類（海洋生物）,,情報不足（DD）,,,moe_redlist,GBIFへの照会自体が未実施（gbif_taxon_key欠落・gbif_match_type=NULL）
gerris babai,Gerris babai,ババアメンボ,昆虫類,,準絶滅危惧（NT）,,,moe_redlist,GBIFへの照会自体が未実施（gbif_taxon_key欠落・gbif_match_type=NULL）
giuris sp. 1,Giuris sp. 1,タメトモハゼ,汽水・淡水魚類,,絶滅危惧IB類（EN）,,,moe_redlist,GBIFへの照会自体が未実施（gbif_taxon_key欠落・gbif_match_type=NULL）
giuris sp. 2,Giuris sp. 2,ゴシキタメトモハゼ,汽水・淡水魚類,,絶滅危惧IB類（EN）,,,moe_redlist,GBIFへの照会自体が未実施（gbif_taxon_key欠落・gbif_match_type=NULL）
glaenocorisa cavifrons,Glaenocorisa cavifrons,オオメミズムシ,昆虫類,,情報不足（DD）,,,moe_redlist,GBIFへの照会自体が未実施（gbif_taxon_key欠落・gbif_match_type=NULL）
glareola maldivarum,Glareola maldivarum,ツバメチドリ,鳥類,,絶滅危惧II類（VU）,,,moe_redlist,GBIFへの照会自体が未実施（gbif_taxon_key欠落・gbif_match_type=NULL）
glauconome angulata,Glauconome angulata,ハナグモリ,貝類,,絶滅危惧II類（VU）,,,moe_redlist,GBIFへの照会自体が未実施（gbif_taxon_key欠落・gbif_match_type=NULL）
glaucopsyche lycormas,Glaucopsyche lycormas,カバイロシジミ,昆虫類,,準絶滅危惧（NT）,,,moe_redlist,GBIFへの照会自体が未実施（gbif_taxon_key欠落・gbif_match_type=NULL）
glipa ogasawarensis,Glipa ogasawarensis,オガサワラオビハナノミ,昆虫類,,絶滅危惧IA類（CR）,,,moe_redlist,GBIFへの照会自体が未実施（gbif_taxon_key欠落・gbif_match_type=NULL）
glochidion puberum,Glochidion puberum,ツシマカンコノキ,維管束植物,,情報不足（DD）,,,moe_redlist,GBIFへの照会自体が未実施（gbif_taxon_key欠落・gbif_match_type=NULL）
glochocoris infantulus,Glochocoris infantulus,ケシヒラタカメムシ,昆虫類,,準絶滅危惧（NT）,,,moe_redlist,GBIFへの照会自体が未実施（gbif_taxon_key欠落・gbif_match_type=NULL）
glossocardia bidens,Glossocardia bidens,セリバノセンダングサ,維管束植物,,絶滅危惧Ⅱ類（VU）,,,moe_redlist,GBIFへの照会自体が未実施（gbif_taxon_key欠落・gbif_match_type=NULL）
glossocratus fukuroki,Glossocratus fukuroki,フクロクヨコバイ,昆虫類,,準絶滅危惧（NT）,,,moe_redlist,GBIFへの照会自体が未実施（gbif_taxon_key欠落・gbif_match_type=NULL）
glossogobius aureus,Glossogobius aureus,コンジキハゼ,汽水・淡水魚類,,絶滅危惧IA類（CR）,,,moe_redlist,GBIFへの照会自体が未実施（gbif_taxon_key欠落・gbif_match_type=NULL）
glossogobius bicirrhosus,Glossogobius bicirrhosus,アゴヒゲハゼ,汽水・淡水魚類,,絶滅危惧IA類（CR）,,,moe_redlist,GBIFへの照会自体が未実施（gbif_taxon_key欠落・gbif_match_type=NULL）
glossogobius circumspectus,Glossogobius circumspectus,スダレウロハゼ,汽水・淡水魚類,,準絶滅危惧（NT）,,,moe_redlist,GBIFへの照会自体が未実施（gbif_taxon_key欠落・gbif_match_type=NULL）
glossogobius sp.,Glossogobius sp.,フタゴハゼ,汽水・淡水魚類,,情報不足（DD）,,,moe_redlist,GBIFへの照会自体が未実施（gbif_taxon_key欠落・gbif_match_type=NULL）
glossostigma elatinoides,Glossostigma elatinoides,ハビコリハコベ（グロッソスティグマ）,植物,,,重点対策外来種,,moe_ias_list,GBIFへの照会自体が未実施（gbif_taxon_key欠落・gbif_match_type=NULL）
glutops itoi,Glutops itoi,イトウタマユラアブ,昆虫類,,情報不足（DD）,,,moe_redlist,GBIFへの照会自体が未実施（gbif_taxon_key欠落・gbif_match_type=NULL）
glyceria spiculosa,Glyceria spiculosa,ヌマドジョウツナギ,維管束植物,,絶滅危惧ⅠB類（EN）,,,moe_redlist,GBIFへの照会自体が未実施（gbif_taxon_key欠落・gbif_match_type=NULL）
glycine koidzumii,Glycine koidzumii,ミヤコジマツルマメ,維管束植物,,絶滅危惧Ⅱ類（VU）,,,moe_redlist,GBIFへの照会自体が未実施（gbif_taxon_key欠落・gbif_match_type=NULL）
glycine max subsp. formosana,Glycine max subsp. formosana,ホソバツルマメ,維管束植物,,絶滅危惧ⅠＡ類（CR）,,,moe_redlist,GBIFへの照会自体が未実施（gbif_taxon_key欠落・gbif_match_type=NULL）
glycine tabacina,Glycine tabacina,ボウコツルマメ,維管束植物,,絶滅危惧ⅠＡ類（CR）,,,moe_redlist,GBIFへの照会自体が未実施（gbif_taxon_key欠落・gbif_match_type=NULL）
glypturus armatus,Glypturus armatus,トゲスナモグリ,甲殻類（海洋生物）,,情報不足（DD）,,,moe_redlist,GBIFへの照会自体が未実施（gbif_taxon_key欠落・gbif_match_type=NULL）
gnathanodon speciosus,Gnathanodon speciosus,コガネシマアジ,魚類（海洋生物）,,準絶滅危惧（NT）,,,moe_redlist,GBIFへの照会自体が未実施（gbif_taxon_key欠落・gbif_match_type=NULL）
gnathia limicola,Gnathia limicola,ドロホリウミクワガタ,甲殻類（海洋生物）,,情報不足（DD）,,,moe_redlist,GBIFへの照会自体が未実施（gbif_taxon_key欠落・gbif_match_type=NULL）
gnatholepis yoshinoi,Gnatholepis yoshinoi,ヒシヒレオオモンハゼ,魚類（海洋生物）,,準絶滅危惧（NT）,,,moe_redlist,GBIFへの照会自体が未実施（gbif_taxon_key欠落・gbif_match_type=NULL）
gnorimosphaeroma pulchellum,Gnorimosphaeroma pulchellum,ヒメコツブムシ,その他無脊椎動物,,情報不足（DD）,,,moe_redlist,GBIFへの照会自体が未実施（gbif_taxon_key欠落・gbif_match_type=NULL）
gobiodon aoyagii,Gobiodon aoyagii,アカテンコバンハゼ,魚類（海洋生物）,,準絶滅危惧（NT）,,,moe_redlist,GBIFへの照会自体が未実施（gbif_taxon_key欠落・gbif_match_type=NULL）
gobiodon ater,Gobiodon ater,ヒメクロコバンハゼ,魚類（海洋生物）,,準絶滅危惧（NT）,,,moe_redlist,GBIFへの照会自体が未実施（gbif_taxon_key欠落・gbif_match_type=NULL）
gobiodon axillaris,Gobiodon axillaris,セアカコバンハゼ,魚類（海洋生物）,,準絶滅危惧（NT）,,,moe_redlist,GBIFへの照会自体が未実施（gbif_taxon_key欠落・gbif_match_type=NULL）
gobiodon erythrospilus,Gobiodon erythrospilus,シュオビコバンハゼ,魚類（海洋生物）,,準絶滅危惧（NT）,,,moe_redlist,GBIFへの照会自体が未実施（gbif_taxon_key欠落・gbif_match_type=NULL）
gobiodon fuscoruber,Gobiodon fuscoruber,ムジコバンハゼ（ヒトスジコバンハゼ）,魚類（海洋生物）,,準絶滅危惧（NT）,,,moe_redlist,GBIFへの照会自体が未実施（gbif_taxon_key欠落・gbif_match_type=NULL）
gobiodon heterospilos,Gobiodon heterospilos,イチモンジコバンハゼ,魚類（海洋生物）,,準絶滅危惧（NT）,,,moe_redlist,GBIFへの照会自体が未実施（gbif_taxon_key欠落・gbif_match_type=NULL）
gobiodon histrio,Gobiodon histrio,ベニサシコバンハゼ,魚類（海洋生物）,,準絶滅危惧（NT）,,,moe_redlist,GBIFへの照会自体が未実施（gbif_taxon_key欠落・gbif_match_type=NULL）
gobiodon oculolineatus,Gobiodon oculolineatus,クマドリコバンハゼ,魚類（海洋生物）,,準絶滅危惧（NT）,,,moe_redlist,GBIFへの照会自体が未実施（gbif_taxon_key欠落・gbif_match_type=NULL）
gobiodon okinawae,Gobiodon okinawae,キイロサンゴハゼ,魚類（海洋生物）,,準絶滅危惧（NT）,,,moe_redlist,GBIFへの照会自体が未実施（gbif_taxon_key欠落・gbif_match_type=NULL）
gobiodon prolixus,Gobiodon prolixus,アワイロコバンハゼ,魚類（海洋生物）,,準絶滅危惧（NT）,,,moe_redlist,GBIFへの照会自体が未実施（gbif_taxon_key欠落・gbif_match_type=NULL）
gobiodon quinquestrigatus,Gobiodon quinquestrigatus,フタイロサンゴハゼ,魚類（海洋生物）,,準絶滅危惧（NT）,,,moe_redlist,GBIFへの照会自体が未実施（gbif_taxon_key欠落・gbif_match_type=NULL）
gobiodon rivulatus,Gobiodon rivulatus,タスジコバンハゼ,魚類（海洋生物）,,準絶滅危惧（NT）,,,moe_redlist,GBIFへの照会自体が未実施（gbif_taxon_key欠落・gbif_match_type=NULL）
gobiodon sp.,Gobiodon sp.,アイコバンハゼ,魚類（海洋生物）,,準絶滅危惧（NT）,,,moe_redlist,GBIFへの照会自体が未実施（gbif_taxon_key欠落・gbif_match_type=NULL）
gobiodon sp. 2,Gobiodon sp. 2,イレズミコバンハゼ,魚類（海洋生物）,,準絶滅危惧（NT）,,,moe_redlist,GBIFへの照会自体が未実施（gbif_taxon_key欠落・gbif_match_type=NULL）
gobiodon sp. 3,Gobiodon sp. 3,コバンハゼ,魚類（海洋生物）,,準絶滅危惧（NT）,,,moe_redlist,GBIFへの照会自体が未実施（gbif_taxon_key欠落・gbif_match_type=NULL）
gobiodon winterbottomi,Gobiodon winterbottomi,オオヒレコバンハゼ,魚類（海洋生物）,,準絶滅危惧（NT）,,,moe_redlist,GBIFへの照会自体が未実施（gbif_taxon_key欠落・gbif_match_type=NULL）
gobitrichinotus radiocularis,Gobitrichinotus radiocularis,ナミノコハゼ,汽水・淡水魚類,,準絶滅危惧（NT）,,,moe_redlist,GBIFへの照会自体が未実施（gbif_taxon_key欠落・gbif_match_type=NULL）
goera ogasawaraensis,Goera ogasawaraensis,オガサワラニンギョウトビケラ,昆虫類,,準絶滅危惧（NT）,,,moe_redlist,GBIFへの照会自体が未実施（gbif_taxon_key欠落・gbif_match_type=NULL）
goidelia japonica,Goidelia japonica,和名なし,甲殻類（海洋生物）,,情報不足（DD）,,,moe_redlist,GBIFへの照会自体が未実施（gbif_taxon_key欠落・gbif_match_type=NULL）
gollania japonica,Gollania japonica,サジバラッコゴケ,蘚苔類,,絶滅危惧ⅠB類（EN）,,,moe_redlist,GBIFへの照会自体が未実施（gbif_taxon_key欠落・gbif_match_type=NULL）
gollania splendens,Gollania splendens,オオカギイトゴケ,蘚苔類,,絶滅危惧ⅠB類（EN）,,,moe_redlist,GBIFへの照会自体が未実施（gbif_taxon_key欠落・gbif_match_type=NULL）
gonepteryx maxima maxima,Gonepteryx maxima maxima,ヤマキチョウ,昆虫類,,絶滅危惧IB類（EN）,,,moe_redlist,GBIFへの照会自体が未実施（gbif_taxon_key欠落・gbif_match_type=NULL）
goniophlebium amamianum,Goniophlebium amamianum,アマミアオネカズラ,維管束植物,,絶滅危惧ⅠＡ類（CR）,,,moe_redlist,GBIFへの照会自体が未実施（gbif_taxon_key欠落・gbif_match_type=NULL）
goniophlebium formosanum,Goniophlebium formosanum,タイワンアオネカズラ,維管束植物,,絶滅危惧ⅠB類（EN）,,,moe_redlist,GBIFへの照会自体が未実施（gbif_taxon_key欠落・gbif_match_type=NULL）
goniophlebium someyae,Goniophlebium someyae,ミョウギシダ,維管束植物,,絶滅危惧Ⅱ類（VU）,,,moe_redlist,GBIFへの照会自体が未実施（gbif_taxon_key欠落・gbif_match_type=NULL）
gonocarpus chinensis,Gonocarpus chinensis,ナガバアリノトウグサ,維管束植物,,絶滅危惧ⅠB類（EN）,,,moe_redlist,GBIFへの照会自体が未実施（gbif_taxon_key欠落・gbif_match_type=NULL）
gonostegia pentandra var. hypericifolia,Gonostegia pentandra var. hypericifolia,オトギリマオ,維管束植物,,情報不足（DD）,,,moe_redlist,GBIFへの照会自体が未実施（gbif_taxon_key欠落・gbif_match_type=NULL）
goodyera fumata,Goodyera fumata,ヤブミョウガラン,維管束植物,,絶滅危惧ⅠＡ類（CR）,,,moe_redlist,GBIFへの照会自体が未実施（gbif_taxon_key欠落・gbif_match_type=NULL）
goodyera pendula f. brachyphylla,Goodyera pendula f. brachyphylla,ヒロハツリシュスラン,維管束植物,,絶滅危惧ⅠB類（EN）,,,moe_redlist,GBIFへの照会自体が未実施（gbif_taxon_key欠落・gbif_match_type=NULL）
goodyera rubicunda,Goodyera rubicunda,ナンバンキンギンソウ,維管束植物,,絶滅危惧Ⅱ類（VU）,,,moe_redlist,GBIFへの照会自体が未実施（gbif_taxon_key欠落・gbif_match_type=NULL）
goodyera viridiflora,Goodyera viridiflora,シマシュスラン,維管束植物,,絶滅危惧Ⅱ類（VU）,,,moe_redlist,GBIFへの照会自体が未実施（gbif_taxon_key欠落・gbif_match_type=NULL）
gopkittisak angustum,Gopkittisak angustum,マメイソガニ,その他無脊椎動物,,情報不足（DD）,,,moe_redlist,GBIFへの照会自体が未実施（gbif_taxon_key欠落・gbif_match_type=NULL）
gorgasia japonica,Gorgasia japonica,シンジュアナゴ,魚類（海洋生物）,,情報不足（DD）,,,moe_redlist,GBIFへの照会自体が未実施（gbif_taxon_key欠落・gbif_match_type=NULL）
gorgasia taiwanensis,Gorgasia taiwanensis,アキアナゴ,魚類（海洋生物）,,情報不足（DD）,,,moe_redlist,GBIFへの照会自体が未実施（gbif_taxon_key欠落・gbif_match_type=NULL）
gorsachius goisagi,Gorsachius goisagi,ミゾゴイ,鳥類,,準絶滅危惧（NT）,,,moe_redlist,GBIFへの照会自体が未実施（gbif_taxon_key欠落・gbif_match_type=NULL）
gorsachius melanolophus melanolophus,Gorsachius melanolophus melanolophus,ズグロミゾゴイ,鳥類,,絶滅危惧II類（VU）,,,moe_redlist,GBIFへの照会自体が未実施（gbif_taxon_key欠落・gbif_match_type=NULL）
gorytes ishigakiensis,Gorytes ishigakiensis,ババアワフキバチ,昆虫類,,準絶滅危惧（NT）,,,moe_redlist,GBIFへの照会自体が未実施（gbif_taxon_key欠落・gbif_match_type=NULL）
gracila albomarginata,Gracila albomarginata,タテスジハタ,魚類（海洋生物）,,情報不足（DD）,,,moe_redlist,GBIFへの照会自体が未実施（gbif_taxon_key欠落・gbif_match_type=NULL）
gracilaria eucheumatoides,Gracilaria eucheumatoides,リュウキュウオゴノリ,藻類,,準絶滅危惧（NT）,,,moe_redlist,GBIFへの照会自体が未実施（gbif_taxon_key欠落・gbif_match_type=NULL）
grammia quenseli daisetsuzana,Grammia quenseli daisetsuzana,ダイセツヒトリ,昆虫類,,準絶滅危惧（NT）,,,moe_redlist,GBIFへの照会自体が未実施（gbif_taxon_key欠落・gbif_match_type=NULL）
grandidierella osakaensis,Grandidierella osakaensis,オオサカドロソコエビ,甲殻類（海洋生物）,,情報不足（DD）,,,moe_redlist,GBIFへの照会自体が未実施（gbif_taxon_key欠落・gbif_match_type=NULL）
grandidierella sp.,Grandidierella sp.,サンリクドロソコエビ,甲殻類（海洋生物）,,情報不足（DD）,,,moe_redlist,GBIFへの照会自体が未実施（gbif_taxon_key欠落・gbif_match_type=NULL）
granulilimax fuscicornis,Granulilimax fuscicornis,イボイボナメクジ,貝類,,準絶滅危惧（NT）,,,moe_redlist,GBIFへの照会自体が未実施（gbif_taxon_key欠落・gbif_match_type=NULL）
graphelmis shirahatai,Graphelmis shirahatai,アヤスジミゾドロムシ,昆虫類,,絶滅危惧IB類（EN）,,,moe_redlist,GBIFへの照会自体が未実施（gbif_taxon_key欠落・gbif_match_type=NULL）
graphoderus adamsii,Graphoderus adamsii,マルガタゲンゴロウ,昆虫類,,絶滅危惧II類（VU）,,,moe_redlist,GBIFへの照会自体が未実施（gbif_taxon_key欠落・gbif_match_type=NULL）
graphoderus zonatus,Graphoderus zonatus,カラフトマルガタゲンゴロウ,昆虫類,,準絶滅危惧（NT）,,,moe_redlist,GBIFへの照会自体が未実施（gbif_taxon_key欠落・gbif_match_type=NULL）
gratiola fluviatilis,Gratiola fluviatilis,カミガモソウ,維管束植物,,絶滅危惧Ⅱ類（VU）,,,moe_redlist,GBIFへの照会自体が未実施（gbif_taxon_key欠落・gbif_match_type=NULL）
gratiola japonica,Gratiola japonica,オオアブノメ,維管束植物,,絶滅危惧Ⅱ類（VU）,,,moe_redlist,GBIFへの照会自体が未実施（gbif_taxon_key欠落・gbif_match_type=NULL）
grewia rhombifolia,Grewia rhombifolia,ヒシバウオトリギ,維管束植物,,絶滅危惧ⅠＡ類（CR）,,,moe_redlist,GBIFへの照会自体が未実施（gbif_taxon_key欠落・gbif_match_type=NULL）
grimmia mollis,Grimmia mollis,ミギワギボウシゴケ,蘚苔類,,情報不足（DD）,,,moe_redlist,GBIFへの照会自体が未実施（gbif_taxon_key欠落・gbif_match_type=NULL）
grus japonensis,Grus japonensis,タンチョウ,鳥類,,準絶滅危惧（NT）,,,moe_redlist,GBIFへの照会自体が未実施（gbif_taxon_key欠落・gbif_match_type=NULL）
grus monacha,Grus monacha,ナベヅル,鳥類,,絶滅危惧II類（VU）,,,moe_redlist,GBIFへの照会自体が未実施（gbif_taxon_key欠落・gbif_match_type=NULL）
grus vipio,Grus vipio,マナヅル,鳥類,,絶滅危惧II類（VU）,,,moe_redlist,GBIFへの照会自体が未実施（gbif_taxon_key欠落・gbif_match_type=NULL）
gyalectidium radiatum,Gyalectidium radiatum,ツブクボミサラゴケ,地衣類,,情報不足（DD）,,,moe_redlist,GBIFへの照会自体が未実施（gbif_taxon_key欠落・gbif_match_type=NULL）
gymnema sylvestre,Gymnema sylvestre,ホウライアオカズラ,維管束植物,,情報不足（DD）,,,moe_redlist,GBIFへの照会自体が未実施（gbif_taxon_key欠落・gbif_match_type=NULL）
gymnogobius castaneus,Gymnogobius castaneus,ジュズカケハゼ,汽水・淡水魚類,,準絶滅危惧（NT）,,,moe_redlist,GBIFへの照会自体が未実施（gbif_taxon_key欠落・gbif_match_type=NULL）
gymnogobius cylindricus,Gymnogobius cylindricus,キセルハゼ,汽水・淡水魚類,,絶滅危惧IB類（EN）,,,moe_redlist,GBIFへの照会自体が未実施（gbif_taxon_key欠落・gbif_match_type=NULL）
gymnogobius isaza,Gymnogobius isaza,イサザ,汽水・淡水魚類,,絶滅危惧IA類（CR）,,,moe_redlist,GBIFへの照会自体が未実施（gbif_taxon_key欠落・gbif_match_type=NULL）
gymnogobius macrognathos,Gymnogobius macrognathos,エドハゼ,汽水・淡水魚類,,絶滅危惧II類（VU）,,,moe_redlist,GBIFへの照会自体が未実施（gbif_taxon_key欠落・gbif_match_type=NULL）
gymnogobius mororanus,Gymnogobius mororanus,ヘビハゼ,汽水・淡水魚類,,情報不足（DD）,,,moe_redlist,GBIFへの照会自体が未実施（gbif_taxon_key欠落・gbif_match_type=NULL）
gymnogobius nakamurae,Gymnogobius nakamurae,コシノハゼ,汽水・淡水魚類,,絶滅危惧IA類（CR）,,,moe_redlist,GBIFへの照会自体が未実施（gbif_taxon_key欠落・gbif_match_type=NULL）
gymnogobius petschiliensis,Gymnogobius petschiliensis,北海道南部・東北地方のスミウキゴリ,汽水・淡水魚類,,絶滅のおそれのある地域個体群（LP）,,,moe_redlist,GBIFへの照会自体が未実施（gbif_taxon_key欠落・gbif_match_type=NULL）
gymnogobius scrobiculatus,Gymnogobius scrobiculatus,クボハゼ,汽水・淡水魚類,,絶滅危惧IB類（EN）,,,moe_redlist,GBIFへの照会自体が未実施（gbif_taxon_key欠落・gbif_match_type=NULL）
gymnogobius sp. 1,Gymnogobius sp. 1,ムサシノジュズカケハゼ,汽水・淡水魚類,,絶滅危惧IB類（EN）,,,moe_redlist,GBIFへの照会自体が未実施（gbif_taxon_key欠落・gbif_match_type=NULL）
gymnogobius sp. 2,Gymnogobius sp. 2,ホクリクジュズカケハゼ,汽水・淡水魚類,,絶滅危惧IA類（CR）,,,moe_redlist,GBIFへの照会自体が未実施（gbif_taxon_key欠落・gbif_match_type=NULL）
gymnogobius taranetzi,Gymnogobius taranetzi,シンジコハゼ,汽水・淡水魚類,,絶滅危惧II類（VU）,,,moe_redlist,GBIFへの照会自体が未実施（gbif_taxon_key欠落・gbif_match_type=NULL）
gymnogobius uchidai,Gymnogobius uchidai,チクゼンハゼ,汽水・淡水魚類,,絶滅危惧II類（VU）,,,moe_redlist,GBIFへの照会自体が未実施（gbif_taxon_key欠落・gbif_match_type=NULL）
gymnomitrion laceratum,Gymnomitrion laceratum,コサキジロゴケ,蘚苔類,,情報不足（DD）,,,moe_redlist,GBIFへの照会自体が未実施（gbif_taxon_key欠落・gbif_match_type=NULL）
gymnomitrion mucronulatum,Gymnomitrion mucronulatum,アカサキジロゴケ,蘚苔類,,情報不足（DD）,,,moe_redlist,GBIFへの照会自体が未実施（gbif_taxon_key欠落・gbif_match_type=NULL）
gymnoscelis boninensis,Gymnoscelis boninensis,オガサワラチビナミシャク,昆虫類,,準絶滅危惧（NT）,,,moe_redlist,GBIFへの照会自体が未実施（gbif_taxon_key欠落・gbif_match_type=NULL）
gymnoscelis melaninfra,Gymnoscelis melaninfra,ウラグロチビナミシャク,昆虫類,,準絶滅危惧（NT）,,,moe_redlist,GBIFへの照会自体が未実施（gbif_taxon_key欠落・gbif_match_type=NULL）
gymnoscelis montgomeryi,Gymnoscelis montgomeryi,ウラジロチビナミシャク,昆虫類,,準絶滅危惧（NT）,,,moe_redlist,GBIFへの照会自体が未実施（gbif_taxon_key欠落・gbif_match_type=NULL）
gymnosporia diversifolia,Gymnosporia diversifolia,ハリツルマサキ,維管束植物,,準絶滅危惧（NT）,,,moe_redlist,GBIFへの照会自体が未実施（gbif_taxon_key欠落・gbif_match_type=NULL）
gymnostomiella longinervis,Gymnostomiella longinervis,フガゴケ,蘚苔類,,準絶滅危惧（NT）,,,moe_redlist,GBIFへの照会自体が未実施（gbif_taxon_key欠落・gbif_match_type=NULL）
gymnura japonica,Gymnura japonica,ツバクロエイ,魚類（海洋生物）,,情報不足（DD）,,,moe_redlist,GBIFへの照会自体が未実施（gbif_taxon_key欠落・gbif_match_type=NULL）
gymnusa miyashitai,Gymnusa miyashitai,トマムハネカクシ,昆虫類,,情報不足（DD）,,,moe_redlist,GBIFへの照会自体が未実施（gbif_taxon_key欠落・gbif_match_type=NULL）
gynochthodes boninensis,Gynochthodes boninensis,ハハジマハナガサノキ,維管束植物,,絶滅危惧Ⅱ類（VU）,,,moe_redlist,GBIFへの照会自体が未実施（gbif_taxon_key欠落・gbif_match_type=NULL）
gyraulus chinensis,Gyraulus chinensis,ヒラマキミズマイマイ,貝類,,情報不足（DD）,,,moe_redlist,GBIFへの照会自体が未実施（gbif_taxon_key欠落・gbif_match_type=NULL）
gyraulus gredleri,Gyraulus gredleri,クロヒラマキガイ,貝類,,情報不足（DD）,,,moe_redlist,GBIFへの照会自体が未実施（gbif_taxon_key欠落・gbif_match_type=NULL）
gyraulus illibatus,Gyraulus illibatus,ハブタエヒラマキガイ,貝類,,情報不足（DD）,,,moe_redlist,GBIFへの照会自体が未実施（gbif_taxon_key欠落・gbif_match_type=NULL）
gyraulus soritai,Gyraulus soritai,ミズコハクガイ,貝類,,絶滅危惧II類（VU）,,,moe_redlist,GBIFへの照会自体が未実施（gbif_taxon_key欠落・gbif_match_type=NULL）
gyraulus sp.,Gyraulus sp.,ヒメヒラマキミズマイマイ,貝類,,絶滅危惧IB類（EN）,,,moe_redlist,GBIFへの照会自体が未実施（gbif_taxon_key欠落・gbif_match_type=NULL）
gyraulus tokyoensis,Gyraulus tokyoensis,トウキョウヒラマキガイ,貝類,,情報不足（DD）,,,moe_redlist,GBIFへの照会自体が未実施（gbif_taxon_key欠落・gbif_match_type=NULL）
gyrineum natator,Gyrineum natator,ウネボラ,貝類,,絶滅危惧IB類（EN）,,,moe_redlist,GBIFへの照会自体が未実施（gbif_taxon_key欠落・gbif_match_type=NULL）
gyrinus curtus,Gyrinus curtus,コミズスマシ,昆虫類,,絶滅危惧IB類（EN）,,,moe_redlist,GBIFへの照会自体が未実施（gbif_taxon_key欠落・gbif_match_type=NULL）
gyrinus gestroi,Gyrinus gestroi,ヒメミズスマシ,昆虫類,,絶滅危惧IB類（EN）,,,moe_redlist,GBIFへの照会自体が未実施（gbif_taxon_key欠落・gbif_match_type=NULL）
gyrinus japonicus,Gyrinus japonicus,ミズスマシ,昆虫類,,絶滅危惧II類（VU）,,,moe_redlist,GBIFへの照会自体が未実施（gbif_taxon_key欠落・gbif_match_type=NULL）
gyrinus niponicus,Gyrinus niponicus,ニッポンミズスマシ,昆虫類,,情報不足（DD）,,,moe_redlist,GBIFへの照会自体が未実施（gbif_taxon_key欠落・gbif_match_type=NULL）
habenaria dentata,Habenaria dentata,ダイサギソウ,維管束植物,,絶滅危惧ⅠB類（EN）,,,moe_redlist,GBIFへの照会自体が未実施（gbif_taxon_key欠落・gbif_match_type=NULL）
habenaria iyoensis,Habenaria iyoensis,イヨトンボ,維管束植物,,絶滅危惧ⅠB類（EN）,,,moe_redlist,GBIFへの照会自体が未実施（gbif_taxon_key欠落・gbif_match_type=NULL）
habenaria linearifolia var. linearifolia,Habenaria linearifolia var. linearifolia,オオミズトンボ,維管束植物,,絶滅危惧ⅠB類（EN）,,,moe_redlist,GBIFへの照会自体が未実施（gbif_taxon_key欠落・gbif_match_type=NULL）
habenaria pantlingiana,Habenaria pantlingiana,リュウキュウサギソウ,維管束植物,,絶滅危惧ⅠB類（EN）,,,moe_redlist,GBIFへの照会自体が未実施（gbif_taxon_key欠落・gbif_match_type=NULL）
habenaria radiata,Habenaria radiata,ヤチラン,維管束植物,,絶滅危惧ⅠB類（EN）,,,moe_redlist,GBIFへの照会自体が未実施（gbif_taxon_key欠落・gbif_match_type=NULL）
habenaria sagittifera,Habenaria sagittifera,ミズトンボ,維管束植物,,準絶滅危惧（NT）,,,moe_redlist,GBIFへの照会自体が未実施（gbif_taxon_key欠落・gbif_match_type=NULL）
habenaria stenopetala,Habenaria stenopetala,テツオサギソウ,維管束植物,,絶滅危惧ⅠB類（EN）,,,moe_redlist,GBIFへの照会自体が未実施（gbif_taxon_key欠落・gbif_match_type=NULL）
habenaria yezoensis var. yezoensis,Habenaria yezoensis var. yezoensis,ヒメミズトンボ,維管束植物,,絶滅危惧Ⅱ類（VU）,,,moe_redlist,GBIFへの照会自体が未実施（gbif_taxon_key欠落・gbif_match_type=NULL）
habrodon perpusillus,Habrodon perpusillus,カマバコモチゴケ,蘚苔類,,絶滅危惧Ⅱ類（VU）,,,moe_redlist,GBIFへの照会自体が未実施（gbif_taxon_key欠落・gbif_match_type=NULL）
hackelia deflexa,Hackelia deflexa,イワムラサキ,維管束植物,,絶滅危惧ⅠＡ類（CR）,,,moe_redlist,GBIFへの照会自体が未実施（gbif_taxon_key欠落・gbif_match_type=NULL）
hadena compta,Hadena compta,シロオビヨトウ,昆虫類,,準絶滅危惧（NT）,,,moe_redlist,GBIFへの照会自体が未実施（gbif_taxon_key欠落・gbif_match_type=NULL）
haemaphy salispentalagi,Haemaphy salispentalagi,クロウサギチマダニ,その他無脊椎動物,,絶滅危惧IB類（EN）,,NONE,moe_redlist,GBIFへ照会したが一致しなかった（gbif_match_type=NONE）
haematoloecha rufithorax,Haematoloecha rufithorax,ツシマアカサシガメ,昆虫類,,情報不足（DD）,,,moe_redlist,GBIFへの照会自体が未実施（gbif_taxon_key欠落・gbif_match_type=NULL）
halerpestes kawakamii,Halerpestes kawakamii,ヒメキンポウゲ,維管束植物,,絶滅危惧Ⅱ類（VU）,,,moe_redlist,GBIFへの照会自体が未実施（gbif_taxon_key欠落・gbif_match_type=NULL）
haliaeetus albicilla,Haliaeetus albicilla,オジロワシ,鳥類,,絶滅危惧II類（VU）,,,moe_redlist,GBIFへの照会自体が未実施（gbif_taxon_key欠落・gbif_match_type=NULL）
haliaeetus pelagicus pelagicus,Haliaeetus pelagicus pelagicus,オオワシ,鳥類,,絶滅危惧II類（VU）,,,moe_redlist,GBIFへの照会自体が未実施（gbif_taxon_key欠落・gbif_match_type=NULL）
halichoeres leucurus,Halichoeres leucurus,アミトリキュウセン,魚類（海洋生物）,,情報不足（DD）,,,moe_redlist,GBIFへの照会自体が未実施（gbif_taxon_key欠落・gbif_match_type=NULL）
halichoeres richmondi,Halichoeres richmondi,ゴシキキュウセン,魚類（海洋生物）,,情報不足（DD）,,,moe_redlist,GBIFへの照会自体が未実施（gbif_taxon_key欠落・gbif_match_type=NULL）
halimeda borneensis,Halimeda borneensis,フササボテングサ,藻類,,準絶滅危惧（NT）,,,moe_redlist,GBIFへの照会自体が未実施（gbif_taxon_key欠落・gbif_match_type=NULL）
halimeda distorta,Halimeda distorta,ソリハサボテングサ,藻類,,準絶滅危惧（NT）,,,moe_redlist,GBIFへの照会自体が未実施（gbif_taxon_key欠落・gbif_match_type=NULL）
halimeda macroloba,Halimeda macroloba,ヒロハサボテングサ,藻類,,準絶滅危惧（NT）,,,moe_redlist,GBIFへの照会自体が未実施（gbif_taxon_key欠落・gbif_match_type=NULL）
halimeda taiwanensis,Halimeda taiwanensis,ツナサボテングサ,藻類,,情報不足（DD）,,,moe_redlist,GBIFへの照会自体が未実施（gbif_taxon_key欠落・gbif_match_type=NULL）
haliplus basinotatus,Haliplus basinotatus,クロホシコガシラミズムシ,昆虫類,,絶滅危惧II類（VU）,,,moe_redlist,GBIFへの照会自体が未実施（gbif_taxon_key欠落・gbif_match_type=NULL）
haliplus eximius,Haliplus eximius,キイロコガシラミズムシ,昆虫類,,絶滅危惧II類（VU）,,,moe_redlist,GBIFへの照会自体が未実施（gbif_taxon_key欠落・gbif_match_type=NULL）
haliplus japonicus,Haliplus japonicus,クビボソコガシラミズムシ,昆虫類,,情報不足（DD）,,,moe_redlist,GBIFへの照会自体が未実施（gbif_taxon_key欠落・gbif_match_type=NULL）
haliplus kamiyai,Haliplus kamiyai,カミヤコガシラミズムシ,昆虫類,,絶滅危惧IB類（EN）,,,moe_redlist,GBIFへの照会自体が未実施（gbif_taxon_key欠落・gbif_match_type=NULL）
haliplus kotoshonis,Haliplus kotoshonis,コウトウコガシラミズムシ,昆虫類,,準絶滅危惧（NT）,,,moe_redlist,GBIFへの照会自体が未実施（gbif_taxon_key欠落・gbif_match_type=NULL）
haliplus sharpi,Haliplus sharpi,マダラコガシラミズムシ,昆虫類,,絶滅危惧II類（VU）,,,moe_redlist,GBIFへの照会自体が未実施（gbif_taxon_key欠落・gbif_match_type=NULL）
halobates matsumurai,Halobates matsumurai,シロウミアメンボ,昆虫類,,絶滅危惧II類（VU）,,,moe_redlist,GBIFへの照会自体が未実施（gbif_taxon_key欠落・gbif_match_type=NULL）
halocaridinides trigonophthalma,Halocaridinides trigonophthalma,チカヌマエビ,その他無脊椎動物,,準絶滅危惧（NT）,,,moe_redlist,GBIFへの照会自体が未実施（gbif_taxon_key欠落・gbif_match_type=NULL）
halodule pinifolia,Halodule pinifolia,マツバウミジグサ,維管束植物,,準絶滅危惧（NT）,,,moe_redlist,GBIFへの照会自体が未実施（gbif_taxon_key欠落・gbif_match_type=NULL）
halodule uninervis,Halodule uninervis,ウミジグサ,維管束植物,,準絶滅危惧（NT）,,,moe_redlist,GBIFへの照会自体が未実施（gbif_taxon_key欠落・gbif_match_type=NULL）
halophila decipiens,Halophila decipiens,トゲウミヒルモ,維管束植物,,絶滅危惧Ⅱ類（VU）,,,moe_redlist,GBIFへの照会自体が未実施（gbif_taxon_key欠落・gbif_match_type=NULL）
halophila ovalis,Halophila ovalis,ウミヒルモ,維管束植物,,準絶滅危惧（NT）,,,moe_redlist,GBIFへの照会自体が未実施（gbif_taxon_key欠落・gbif_match_type=NULL）
haloplegma duperreyi,Haloplegma duperreyi,ベニゴウシ,藻類,,情報不足（DD）,,,moe_redlist,GBIFへの照会自体が未実施（gbif_taxon_key欠落・gbif_match_type=NULL）
haloragis walkeri,Haloragis walkeri,タネガシマアリノトウグサ,維管束植物,,情報不足（DD）,,,moe_redlist,GBIFへの照会自体が未実施（gbif_taxon_key欠落・gbif_match_type=NULL）
halorhadinus aequalis,Halorhadinus aequalis,クロイソハネカクシ,昆虫類,,情報不足（DD）,,,moe_redlist,GBIFへの照会自体が未実施（gbif_taxon_key欠落・gbif_match_type=NULL）
halorhadinus inaequalis,Halorhadinus inaequalis,ワカサイソハネカクシ,昆虫類,,情報不足（DD）,,,moe_redlist,GBIFへの照会自体が未実施（gbif_taxon_key欠落・gbif_match_type=NULL）
halorhadinus sawadai,Halorhadinus sawadai,ウマヅライソハネカクシ,昆虫類,,情報不足（DD）,,,moe_redlist,GBIFへの照会自体が未実施（gbif_taxon_key欠落・gbif_match_type=NULL）
hamamelis japonica var. bitchuensis,Hamamelis japonica var. bitchuensis,アテツマンサク,維管束植物,,準絶滅危惧（NT）,,,moe_redlist,GBIFへの照会自体が未実施（gbif_taxon_key欠落・gbif_match_type=NULL）
hancockia uniflora,Hancockia uniflora,ヒメクリソラン,維管束植物,,絶滅危惧ⅠＡ類（CR）,,,moe_redlist,GBIFへの照会自体が未実施（gbif_taxon_key欠落・gbif_match_type=NULL）
haplochlaenius insularis,Haplochlaenius insularis,アマミスジアオゴミムシ,昆虫類,,絶滅危惧IB類（EN）,,,moe_redlist,GBIFへの照会自体が未実施（gbif_taxon_key欠落・gbif_match_type=NULL）
haplohymenium flagelliforme,Haplohymenium flagelliforme,ムチエダイトゴケ,蘚苔類,,絶滅危惧ⅠB類（EN）,,,moe_redlist,GBIFへの照会自体が未実施（gbif_taxon_key欠落・gbif_match_type=NULL）
haplopteris anguste-elongata,Haplopteris anguste-elongata,ヒメシシラン,維管束植物,,絶滅危惧Ⅱ類（VU）,,,moe_redlist,GBIFへの照会自体が未実施（gbif_taxon_key欠落・gbif_match_type=NULL）
haplopteris mediosora,Haplopteris mediosora,イトシシラン,維管束植物,,絶滅危惧ⅠＡ類（CR）,,,moe_redlist,GBIFへの照会自体が未実施（gbif_taxon_key欠落・gbif_match_type=NULL）
haplopteris yakushimensis,Haplopteris yakushimensis,オオバシシラン,維管束植物,,絶滅危惧ⅠＡ類（CR）,,,moe_redlist,GBIFへの照会自体が未実施（gbif_taxon_key欠落・gbif_match_type=NULL）
harpactus tumidus japonensis,Harpactus tumidus japonensis,カワラアワフキバチ,昆虫類,,準絶滅危惧（NT）,,,moe_redlist,GBIFへの照会自体が未実施（gbif_taxon_key欠落・gbif_match_type=NULL）
harpalomimetes orbicollis,Harpalomimetes orbicollis,タナカツヤハネゴミムシ,昆虫類,,情報不足（DD）,,,moe_redlist,GBIFへの照会自体が未実施（gbif_taxon_key欠落・gbif_match_type=NULL）
harpalus crates,Harpalus crates,チョウセンゴモクムシ,昆虫類,,絶滅危惧II類（VU）,,,moe_redlist,GBIFへの照会自体が未実施（gbif_taxon_key欠落・gbif_match_type=NULL）
harriotta raleighana,Harriotta raleighana,アズマギンザメ,魚類（海洋生物）,,情報不足（DD）,,,moe_redlist,GBIFへの照会自体が未実施（gbif_taxon_key欠落・gbif_match_type=NULL）
haruka elegans,Haruka elegans,ハマダラハルカ,昆虫類,,情報不足（DD）,,,moe_redlist,GBIFへの照会自体が未実施（gbif_taxon_key欠落・gbif_match_type=NULL）
hastula rufopunctata,Hastula rufopunctata,シチクガイ,貝類,,準絶滅危惧（NT）,,,moe_redlist,GBIFへの照会自体が未実施（gbif_taxon_key欠落・gbif_match_type=NULL）
hedychium coronarium,Hedychium coronarium,ハナシュクシャ（シュクシャ、バタフライジンジャー）,植物,,,その他の総合対策外来種,,moe_ias_list,GBIFへの照会自体が未実施（gbif_taxon_key欠落・gbif_match_type=NULL）
hedysarum hedysaroides,Hedysarum hedysaroides,カラフトゲンゲ,維管束植物,,絶滅危惧ⅠB類（EN）,,,moe_redlist,GBIFへの照会自体が未実施（gbif_taxon_key欠落・gbif_match_type=NULL）
helicana japonica,Helicana japonica,ヒメアシハラガニ,甲殻類（海洋生物）,,準絶滅危惧（NT）,,,moe_redlist,GBIFへの照会自体が未実施（gbif_taxon_key欠落・gbif_match_type=NULL）
helicarionidae gen. & sp.,Helicarionidae gen. & sp.,ベッコウマイマイ科の１種,貝類,,絶滅危惧II類（VU）,,,moe_redlist,GBIFへの照会自体が未実施（gbif_taxon_key欠落・gbif_match_type=NULL）
helicia formosana,Helicia formosana,タイワンヤマモガシ,維管束植物,,情報不足（DD）,,,moe_redlist,GBIFへの照会自体が未実施（gbif_taxon_key欠落・gbif_match_type=NULL）
helicorbis cantori,Helicorbis cantori,クルマヒラマキガイ（レンズヒラマキガイ）,貝類,,絶滅危惧II類（VU）,,,moe_redlist,GBIFへの照会自体が未実施（gbif_taxon_key欠落・gbif_match_type=NULL）
helicoverpa sugii,Helicoverpa sugii,クロタバコガ,昆虫類,,準絶滅危惧（NT）,,,moe_redlist,GBIFへの照会自体が未実施（gbif_taxon_key欠落・gbif_match_type=NULL）
heliothis bivittata,Heliothis bivittata,ギンスジアカヤガ,昆虫類,,準絶滅危惧（NT）,,,moe_redlist,GBIFへの照会自体が未実施（gbif_taxon_key欠落・gbif_match_type=NULL）
helminthostachys zeylanica,Helminthostachys zeylanica,ミヤコジマハナワラビ,維管束植物,,絶滅危惧ⅠB類（EN）,,,moe_redlist,GBIFへの照会自体が未実施（gbif_taxon_key欠落・gbif_match_type=NULL）
helochares nipponicus,Helochares nipponicus,スジヒラタガムシ,昆虫類,,準絶滅危惧（NT）,,,moe_redlist,GBIFへの照会自体が未実施（gbif_taxon_key欠落・gbif_match_type=NULL）
helodium paludosum,Helodium paludosum,ヌマシノブゴケ,蘚苔類,,絶滅危惧Ⅱ類（VU）,,,moe_redlist,GBIFへの照会自体が未実施（gbif_taxon_key欠落・gbif_match_type=NULL）
heloniopsis kawanoi,Heloniopsis kawanoi,コショウジョウバカマ,維管束植物,,絶滅危惧Ⅱ類（VU）,,,moe_redlist,GBIFへの照会自体が未実施（gbif_taxon_key欠落・gbif_match_type=NULL）
heloniopsis leucantha,Heloniopsis leucantha,オオシロショウジョウバカマ,維管束植物,,絶滅危惧Ⅱ類（VU）,,,moe_redlist,GBIFへの照会自体が未実施（gbif_taxon_key欠落・gbif_match_type=NULL）
helophorus auriculatus,Helophorus auriculatus,セスジガムシ,昆虫類,,絶滅危惧IB類（EN）,,,moe_redlist,GBIFへの照会自体が未実施（gbif_taxon_key欠落・gbif_match_type=NULL）
helwingia japonica subsp. liukiuensis,Helwingia japonica subsp. liukiuensis,リュウキュウハナイカダ,維管束植物,,準絶滅危惧（NT）,,,moe_redlist,GBIFへの照会自体が未実施（gbif_taxon_key欠落・gbif_match_type=NULL）
hemaris radians,Hemaris radians,スキバホウジャク,昆虫類,,絶滅危惧II類（VU）,,,moe_redlist,GBIFへの照会自体が未実施（gbif_taxon_key欠落・gbif_match_type=NULL）
hemiclepsis japonica,Hemiclepsis japonica,イボビル,その他無脊椎動物,,情報不足（DD）,,,moe_redlist,GBIFへの照会自体が未実施（gbif_taxon_key欠落・gbif_match_type=NULL）
hemicordulia mindana nipponica,Hemicordulia mindana nipponica,ミナミトンボ,昆虫類,,絶滅危惧II類（VU）,,,moe_redlist,GBIFへの照会自体が未実施（gbif_taxon_key欠落・gbif_match_type=NULL）
hemifusus tuba,Hemifusus tuba,テングニシ,貝類,,準絶滅危惧（NT）,,,moe_redlist,GBIFへの照会自体が未実施（gbif_taxon_key欠落・gbif_match_type=NULL）
hemigrammocypris neglectus,Hemigrammocypris neglectus,カワバタモロコ,汽水・淡水魚類,,絶滅危惧IB類（EN）,,,moe_redlist,GBIFへの照会自体が未実施（gbif_taxon_key欠落・gbif_match_type=NULL）
hemigraphis reptans,Hemigraphis reptans,ミヤコジマソウ,維管束植物,,絶滅危惧ⅠＡ類（CR）,,,moe_redlist,GBIFへの照会自体が未実施（gbif_taxon_key欠落・gbif_match_type=NULL）
hemigrapsus sinensis,Hemigrapsus sinensis,ヒメケフサイソガニ,甲殻類（海洋生物）,,準絶滅危惧（NT）,,,moe_redlist,GBIFへの照会自体が未実施（gbif_taxon_key欠落・gbif_match_type=NULL）
hemipilia chidori,Hemipilia chidori,ヒナチドリ,維管束植物,,絶滅危惧Ⅱ類（VU）,,,moe_redlist,GBIFへの照会自体が未実施（gbif_taxon_key欠落・gbif_match_type=NULL）
hemipilia fujisanensis,Hemipilia fujisanensis,フジチドリ,維管束植物,,絶滅危惧ⅠB類（EN）,,,moe_redlist,GBIFへの照会自体が未実施（gbif_taxon_key欠落・gbif_match_type=NULL）
hemipilia gracilis,Hemipilia gracilis,ヒナラン,維管束植物,,絶滅危惧Ⅱ類（VU）,,,moe_redlist,GBIFへの照会自体が未実施（gbif_taxon_key欠落・gbif_match_type=NULL）
hemipilia graminifolia var. graminifolia,Hemipilia graminifolia var. graminifolia,ウチョウラン,維管束植物,,準絶滅危惧（NT）,,,moe_redlist,GBIFへの照会自体が未実施（gbif_taxon_key欠落・gbif_match_type=NULL）
hemipilia graminifolia var. suzukiana,Hemipilia graminifolia var. suzukiana,アワチドリ,維管束植物,,絶滅危惧ⅠＡ類（CR）,,,moe_redlist,GBIFへの照会自体が未実施（gbif_taxon_key欠落・gbif_match_type=NULL）
hemipilia joo-iokiana,Hemipilia joo-iokiana,ニョホウチドリ,維管束植物,,準絶滅危惧（NT）,,,moe_redlist,GBIFへの照会自体が未実施（gbif_taxon_key欠落・gbif_match_type=NULL）
hemipilia keiskei,Hemipilia keiskei,イワチドリ,維管束植物,,絶滅危惧ⅠB類（EN）,,,moe_redlist,GBIFへの照会自体が未実施（gbif_taxon_key欠落・gbif_match_type=NULL）
hemipilia kinoshitae,Hemipilia kinoshitae,コアニチドリ,維管束植物,,絶滅危惧Ⅱ類（VU）,,,moe_redlist,GBIFへの照会自体が未実施（gbif_taxon_key欠落・gbif_match_type=NULL）
hemipilia lepida,Hemipilia lepida,オキナワチドリ,維管束植物,,絶滅危惧Ⅱ類（VU）,,,moe_redlist,GBIFへの照会自体が未実施（gbif_taxon_key欠落・gbif_match_type=NULL）
hemipodaphis persimilis,Hemipodaphis persimilis,ケヤキワタムシ,昆虫類,,絶滅危惧II類（VU）,,,moe_redlist,GBIFへの照会自体が未実施（gbif_taxon_key欠落・gbif_match_type=NULL）
hemipoma hakodadiense,Hemipoma hakodadiense,東北地方・佐渡島のハコダテヤマキサゴ,貝類,,絶滅のおそれのある地域個体群（LP）,,,moe_redlist,GBIFへの照会自体が未実施（gbif_taxon_key欠落・gbif_match_type=NULL）
hemithecium endofuscum,Hemithecium endofuscum,ナカチャシロモジゴケ,地衣類,,情報不足（DD）,,,moe_redlist,GBIFへの照会自体が未実施（gbif_taxon_key欠落・gbif_match_type=NULL）
hepatica nobilis var. japonica,Hepatica nobilis var. japonica,ミスミソウ,維管束植物,,準絶滅危惧（NT）,,,moe_redlist,GBIFへの照会自体が未実施（gbif_taxon_key欠落・gbif_match_type=NULL）
heptathela kimurai sensu lato,Heptathela kimurai sensu lato,キムラグモ（広義）,その他無脊椎動物,,絶滅危惧II類（VU）,,,moe_redlist,GBIFへの照会自体が未実施（gbif_taxon_key欠落・gbif_match_type=NULL）
heptranchias perlo,Heptranchias perlo,エドアブラザメ,魚類（海洋生物）,,情報不足（DD）,,,moe_redlist,GBIFへの照会自体が未実施（gbif_taxon_key欠落・gbif_match_type=NULL）
heracleum lanatum subsp. akasimontanum,Heracleum lanatum subsp. akasimontanum,ホソバハナウド,維管束植物,,絶滅危惧ⅠＡ類（CR）,,,moe_redlist,GBIFへの照会自体が未実施（gbif_taxon_key欠落・gbif_match_type=NULL）
heracleum sphondylium var. turugisanense,Heracleum sphondylium var. turugisanense,ツルギハナウド,維管束植物,,絶滅危惧ⅠB類（EN）,,,moe_redlist,GBIFへの照会自体が未実施（gbif_taxon_key欠落・gbif_match_type=NULL）
heriades fulvohispida,Heriades fulvohispida,オガサワラコハキリバチ,昆虫類,,準絶滅危惧（NT）,,,moe_redlist,GBIFへの照会自体が未実施（gbif_taxon_key欠落・gbif_match_type=NULL）
heribaudiella fluviatilis,Heribaudiella fluviatilis,イズミイシノカワ,藻類,,準絶滅危惧（NT）,,,moe_redlist,GBIFへの照会自体が未実施（gbif_taxon_key欠落・gbif_match_type=NULL）
hericium cirrhatum,Hericium cirrhatum,フサハリタケ,菌類,,情報不足（DD）,,,moe_redlist,GBIFへの照会自体が未実施（gbif_taxon_key欠落・gbif_match_type=NULL）
hermatobates weddi,Hermatobates weddi,サンゴアメンボ,昆虫類,,準絶滅危惧（NT）,,,moe_redlist,GBIFへの照会自体が未実施（gbif_taxon_key欠落・gbif_match_type=NULL）
herminium lanceum,Herminium lanceum,ムカゴソウ,維管束植物,,絶滅危惧Ⅱ類（VU）,,,moe_redlist,GBIFへの照会自体が未実施（gbif_taxon_key欠落・gbif_match_type=NULL）
herminium monorchis,Herminium monorchis,クシロチドリ,維管束植物,,絶滅危惧ⅠＡ類（CR）,,,moe_redlist,GBIFへの照会自体が未実施（gbif_taxon_key欠落・gbif_match_type=NULL）
herminium pusillum,Herminium pusillum,ミスズラン,維管束植物,,絶滅危惧ⅠＡ類（CR）,,,moe_redlist,GBIFへの照会自体が未実施（gbif_taxon_key欠落・gbif_match_type=NULL）
hesperia florinda florinda,Hesperia florinda florinda,アカセセリ,昆虫類,,絶滅危惧IB類（EN）,,,moe_redlist,GBIFへの照会自体が未実施（gbif_taxon_key欠落・gbif_match_type=NULL）
hesperocorixa distanti hokkensis,Hesperocorixa distanti hokkensis,ホッケミズムシ,昆虫類,,準絶滅危惧（NT）,,,moe_redlist,GBIFへの照会自体が未実施（gbif_taxon_key欠落・gbif_match_type=NULL）
hesperocorixa kolthoffi,Hesperocorixa kolthoffi,オオミズムシ,昆虫類,,準絶滅危惧（NT）,,,moe_redlist,GBIFへの照会自体が未実施（gbif_taxon_key欠落・gbif_match_type=NULL）
hesperocorixa mandshurica,Hesperocorixa mandshurica,ナガミズムシ,昆虫類,,準絶滅危惧（NT）,,,moe_redlist,GBIFへの照会自体が未実施（gbif_taxon_key欠落・gbif_match_type=NULL）
hestina assimilis shirakii,Hestina assimilis shirakii,アカボシゴマダラ奄美亜種,昆虫類,,準絶滅危惧（NT）,,,moe_redlist,GBIFへの照会自体が未実施（gbif_taxon_key欠落・gbif_match_type=NULL）
hetaeria oblongifolia,Hetaeria oblongifolia,オオカゲロウラン,維管束植物,,絶滅危惧ⅠＡ類（CR）,,,moe_redlist,GBIFへの照会自体が未実施（gbif_taxon_key欠落・gbif_match_type=NULL）
heterodermia leucomelos,Heterodermia leucomelos,イトゲジゲジゴケモドキ,地衣類,,情報不足（DD）,,,moe_redlist,GBIFへの照会自体が未実施（gbif_taxon_key欠落・gbif_match_type=NULL）
heterodermia pacifica,Heterodermia pacifica,ムニンゲジゲジゴケ,地衣類,,情報不足（DD）,,,moe_redlist,GBIFへの照会自体が未実施（gbif_taxon_key欠落・gbif_match_type=NULL）
heterodontus japonicus,Heterodontus japonicus,ネコザメ,魚類（海洋生物）,,情報不足（DD）,,,moe_redlist,GBIFへの照会自体が未実施（gbif_taxon_key欠落・gbif_match_type=NULL）
heterodontus zebra,Heterodontus zebra,シマネコザメ,魚類（海洋生物）,,情報不足（DD）,,,moe_redlist,GBIFへの照会自体が未実施（gbif_taxon_key欠落・gbif_match_type=NULL）
heterogen japonica,Heterogen japonica,オオタニシ,貝類,,準絶滅危惧（NT）,,,moe_redlist,GBIFへの照会自体が未実施（gbif_taxon_key欠落・gbif_match_type=NULL）
heterogen longispira,Heterogen longispira,ナガタニシ,貝類,,準絶滅危惧（NT）,,,moe_redlist,GBIFへの照会自体が未実施（gbif_taxon_key欠落・gbif_match_type=NULL）
heterokamaka isahayae,Heterokamaka isahayae,イサハヤカマカモドキ,甲殻類（海洋生物）,,情報不足（DD）,,,moe_redlist,GBIFへの照会自体が未実施（gbif_taxon_key欠落・gbif_match_type=NULL）
heterophleps endoi,Heterophleps endoi,サキシマウスクモナミシャク,昆虫類,,絶滅危惧IB類（EN）,,,moe_redlist,GBIFへの照会自体が未実施（gbif_taxon_key欠落・gbif_match_type=NULL）
heteropogon contortus,Heteropogon contortus,アカヒゲガヤ,維管束植物,,絶滅危惧Ⅱ類（VU）,,,moe_redlist,GBIFへの照会自体が未実施（gbif_taxon_key欠落・gbif_match_type=NULL）
heteroscyphus aselliformis,Heteroscyphus aselliformis,アマノウロコゴケ,蘚苔類,,絶滅危惧Ⅱ類（VU）,,,moe_redlist,GBIFへの照会自体が未実施（gbif_taxon_key欠落・gbif_match_type=NULL）
heterotrephes admorsus,Heterotrephes admorsus,エグリタマミズムシ,昆虫類,,絶滅危惧II類（VU）,,,moe_redlist,GBIFへの照会自体が未実施（gbif_taxon_key欠落・gbif_match_type=NULL）
heterotropa muramatsui var. shimodana,Heterotropa muramatsui var. shimodana,シモダカンアオイ,維管束植物,,絶滅危惧ⅠＡ類（CR）,,,moe_redlist,GBIFへの照会自体が未実施（gbif_taxon_key欠落・gbif_match_type=NULL）
hexagrammos otakii,Hexagrammos otakii,瀬戸内海のアイナメ,魚類（海洋生物）,,絶滅のおそれのある地域個体群（LP）,,,moe_redlist,GBIFへの照会自体が未実施（gbif_taxon_key欠落・gbif_match_type=NULL）
hexanchus griseus,Hexanchus griseus,カグラザメ,魚類（海洋生物）,,情報不足（DD）,,,moe_redlist,GBIFへの照会自体が未実施（gbif_taxon_key欠落・gbif_match_type=NULL）
hexapinus simplex,Hexapinus simplex,ヤドリムツアシガニ,甲殻類（海洋生物）,,情報不足（DD）,,,moe_redlist,GBIFへの照会自体が未実施（gbif_taxon_key欠落・gbif_match_type=NULL）
hiatula adamsii,Hiatula adamsii,ムラサキガイ,貝類,,絶滅危惧II類（VU）,,,moe_redlist,GBIFへの照会自体が未実施（gbif_taxon_key欠落・gbif_match_type=NULL）
hiatula boeddinghausi,Hiatula boeddinghausi,フジナミ,貝類,,絶滅危惧I類（CR+EN）,,,moe_redlist,GBIFへの照会自体が未実施（gbif_taxon_key欠落・gbif_match_type=NULL）
hiatula petalina,Hiatula petalina,アシベマスオ,貝類,,情報不足（DD）,,,moe_redlist,GBIFへの照会自体が未実施（gbif_taxon_key欠落・gbif_match_type=NULL）
hibiscus mutabilis,Hibiscus mutabilis,フヨウ,植物,,,その他の総合対策外来種,,moe_ias_list,GBIFへの照会自体が未実施（gbif_taxon_key欠落・gbif_match_type=NULL）
hieracium aurantiacum,Hieracium aurantiacum,コウリンタンポポ（エフデタンポポ）,植物,,,その他の総合対策外来種,,moe_ias_list,GBIFへの照会自体が未実施（gbif_taxon_key欠落・gbif_match_type=NULL）
hieracium caespitosum,Hieracium caespitosum,キバナコウリンタンポポ（ノハラタンポポ、キバナノコリンタンポポ）,植物,,,その他の総合対策外来種,,moe_ias_list,GBIFへの照会自体が未実施（gbif_taxon_key欠落・gbif_match_type=NULL）
hilarimorpha nigra,Hilarimorpha nigra,クロオドリバエモドキ,昆虫類,,絶滅危惧II類（VU）,,,moe_redlist,GBIFへの照会自体が未実施（gbif_taxon_key欠落・gbif_match_type=NULL）
himalopsyche japonica,Himalopsyche japonica,オオナガレトビケラ,昆虫類,,準絶滅危惧（NT）,,,moe_redlist,GBIFへの照会自体が未実施（gbif_taxon_key欠落・gbif_match_type=NULL）
himalphalangium spinulatum,Himalphalangium spinulatum,ゴホントゲザトウムシ,その他無脊椎動物,,情報不足（DD）,,,moe_redlist,GBIFへの照会自体が未実施（gbif_taxon_key欠落・gbif_match_type=NULL）
himantopus himantopus himantopus,Himantopus himantopus himantopus,セイタカシギ,鳥類,,情報不足（DD）,,,moe_redlist,GBIFへの照会自体が未実施（gbif_taxon_key欠落・gbif_match_type=NULL）
himantura uarnak,Himantura uarnak,ヒョウモンオトメエイ,魚類（海洋生物）,,情報不足（DD）,,,moe_redlist,GBIFへの照会自体が未実施（gbif_taxon_key欠落・gbif_match_type=NULL）
hippichthys (hippichthys) cyanospilos,Hippichthys (Hippichthys) cyanospilos,ハクテンヨウジ,魚類（海洋生物）,,情報不足（DD）,,,moe_redlist,GBIFへの照会自体が未実施（gbif_taxon_key欠落・gbif_match_type=NULL）
hippichthys heptagonus,Hippichthys heptagonus,アミメカワヨウジ,汽水・淡水魚類,,絶滅危惧IB類（EN）,,,moe_redlist,GBIFへの照会自体が未実施（gbif_taxon_key欠落・gbif_match_type=NULL）
hipposideros turpis,Hipposideros  turpis,波照間島のカグラコウモリ,哺乳類,,絶滅のおそれのある地域個体群（LP）,,,moe_redlist,GBIFへの照会自体が未実施（gbif_taxon_key欠落・gbif_match_type=NULL）
hippuris tetraphylla,Hippuris tetraphylla,ヒロハスギナモ,維管束植物,,絶滅危惧Ⅱ類（VU）,,,moe_redlist,GBIFへの照会自体が未実施（gbif_taxon_key欠落・gbif_match_type=NULL）
hiraphora longiceps,Hiraphora longiceps,オガサワラハナダカアワフキ,昆虫類,,準絶滅危惧（NT）,,,moe_redlist,GBIFへの照会自体が未実施（gbif_taxon_key欠落・gbif_match_type=NULL）
hirasea acuta acuta,Hirasea acuta acuta,ヒメカドエンザガイ,貝類,,絶滅危惧I類（CR+EN）,,,moe_redlist,GBIFへの照会自体が未実施（gbif_taxon_key欠落・gbif_match_type=NULL）
hirasea acuta acutissima,Hirasea acuta acutissima,カドエンザガイ,貝類,,絶滅危惧I類（CR+EN）,,,moe_redlist,GBIFへの照会自体が未実施（gbif_taxon_key欠落・gbif_match_type=NULL）
hirasea chichijimana,Hirasea chichijimana,チチジマエンザガイ,貝類,,絶滅危惧I類（CR+EN）,,,moe_redlist,GBIFへの照会自体が未実施（gbif_taxon_key欠落・gbif_match_type=NULL）
hirasea diplomphalus diplomphalus,Hirasea diplomphalus diplomphalus,マルクボエンザガイ,貝類,,絶滅危惧I類（CR+EN）,,,moe_redlist,GBIFへの照会自体が未実施（gbif_taxon_key欠落・gbif_match_type=NULL）
hirasea insignis,Hirasea insignis,クチヒダエンザガイ,貝類,,絶滅危惧I類（CR+EN）,,,moe_redlist,GBIFへの照会自体が未実施（gbif_taxon_key欠落・gbif_match_type=NULL）
hirasea nesiotica nesiotica,Hirasea nesiotica nesiotica,ナカタエンザガイ,貝類,,絶滅危惧I類（CR+EN）,,,moe_redlist,GBIFへの照会自体が未実施（gbif_taxon_key欠落・gbif_match_type=NULL）
hirasea operculina,Hirasea operculina,ヘタナリエンザガイ,貝類,,絶滅危惧I類（CR+EN）,,,moe_redlist,GBIFへの照会自体が未実施（gbif_taxon_key欠落・gbif_match_type=NULL）
hologagrella minatoi,Hologagrella minatoi,ミナトザトウムシ,その他無脊椎動物,,情報不足（DD）,,,moe_redlist,GBIFへの照会自体が未実施（gbif_taxon_key欠落・gbif_match_type=NULL）
hololeion maximowiczii,Hololeion maximowiczii,マンシュウスイラン,維管束植物,,準絶滅危惧（NT）,,,moe_redlist,GBIFへの照会自体が未実施（gbif_taxon_key欠落・gbif_match_type=NULL）
homaliadelphus targionianus var. laevidentatus,Homaliadelphus targionianus var. laevidentatus,ハナシタチヒラゴケ,蘚苔類,,情報不足（DD）,,,moe_redlist,GBIFへの照会自体が未実施（gbif_taxon_key欠落・gbif_match_type=NULL）
homaliadelphus targionianus var. rotundatus,Homaliadelphus targionianus var. rotundatus,ヒメタチヒラゴケ,蘚苔類,,準絶滅危惧（NT）,,,moe_redlist,GBIFへの照会自体が未実施（gbif_taxon_key欠落・gbif_match_type=NULL）
horelophopsis hanseni,Horelophopsis hanseni,クロシオガムシ,昆虫類,,準絶滅危惧（NT）,,,moe_redlist,GBIFへの照会自体が未実施（gbif_taxon_key欠落・gbif_match_type=NULL）
hoshihananomia katoi boninensis,Hoshihananomia katoi boninensis,ニセキボシハナノミ小笠原亜種,昆虫類,,絶滅危惧IA類（CR）,,,moe_redlist,GBIFへの照会自体が未実施（gbif_taxon_key欠落・gbif_match_type=NULL）
hoshihananomia kusuii,Hoshihananomia kusuii,クスイキボシハナノミ,昆虫類,,絶滅危惧IA類（CR）,,,moe_redlist,GBIFへの照会自体が未実施（gbif_taxon_key欠落・gbif_match_type=NULL）
hoshihananomia ochrothorax,Hoshihananomia ochrothorax,キムネキボシハナノミ,昆虫類,,絶滅危惧II類（VU）,,,moe_redlist,GBIFへの照会自体が未実施（gbif_taxon_key欠落・gbif_match_type=NULL）
hoshihananomia trichopalpis,Hoshihananomia trichopalpis,オガサワラキボシハナノミ,昆虫類,,絶滅危惧II類（VU）,,,moe_redlist,GBIFへの照会自体が未実施（gbif_taxon_key欠落・gbif_match_type=NULL）
hosta alata,Hosta alata,ブンゴギボウシ,維管束植物,,絶滅危惧ⅠB類（EN）,,,moe_redlist,GBIFへの照会自体が未実施（gbif_taxon_key欠落・gbif_match_type=NULL）
hosta hypoleuca,Hosta hypoleuca,ウラジロギボウシ,維管束植物,,絶滅危惧ⅠB類（EN）,,,moe_redlist,GBIFへの照会自体が未実施（gbif_taxon_key欠落・gbif_match_type=NULL）
hosta kikutii var. scabrinervia,Hosta kikutii var. scabrinervia,ザラツキギボウシ,維管束植物,,絶滅危惧Ⅱ類（VU）,,,moe_redlist,GBIFへの照会自体が未実施（gbif_taxon_key欠落・gbif_match_type=NULL）
hosta longipedicellata,Hosta longipedicellata,カムロギボウシ,維管束植物,,絶滅危惧Ⅱ類（VU）,,,moe_redlist,GBIFへの照会自体が未実施（gbif_taxon_key欠落・gbif_match_type=NULL）
hosta minazukiflora,Hosta minazukiflora,ミナズキギボウシ,維管束植物,,絶滅危惧ⅠB類（EN）,,,moe_redlist,GBIFへの照会自体が未実施（gbif_taxon_key欠落・gbif_match_type=NULL）
hosta polyneuronoides,Hosta polyneuronoides,オクスダレギボウシ,維管束植物,,準絶滅危惧（NT）,,,moe_redlist,GBIFへの照会自体が未実施（gbif_taxon_key欠落・gbif_match_type=NULL）
hosta pulchella,Hosta pulchella,ウバタケギボウシ,維管束植物,,絶滅危惧ⅠB類（EN）,,,moe_redlist,GBIFへの照会自体が未実施（gbif_taxon_key欠落・gbif_match_type=NULL）
hosta pycnophylla,Hosta pycnophylla,セトウチギボウシ,維管束植物,,絶滅危惧ⅠB類（EN）,,,moe_redlist,GBIFへの照会自体が未実施（gbif_taxon_key欠落・gbif_match_type=NULL）
hosta samukazemontana,Hosta samukazemontana,サムカゼギボウシ,維管束植物,,絶滅危惧Ⅱ類（VU）,,,moe_redlist,GBIFへの照会自体が未実施（gbif_taxon_key欠落・gbif_match_type=NULL）
hosta takiminazukiflora subsp. grandis,Hosta takiminazukiflora subsp. grandis,セトガワギボウシ,維管束植物,,絶滅危惧ⅠＡ類（CR）,,,moe_redlist,GBIFへの照会自体が未実施（gbif_taxon_key欠落・gbif_match_type=NULL）
hosta takiminazukiflora subsp. takiminazukiflora,Hosta takiminazukiflora subsp. takiminazukiflora,タキミナズキギボウシ,維管束植物,,絶滅危惧Ⅱ類（VU）,,,moe_redlist,GBIFへの照会自体が未実施（gbif_taxon_key欠落・gbif_match_type=NULL）
hosta tsushimensis var. tibae,Hosta tsushimensis var. tibae,ナガサキギボウシ,維管束植物,,絶滅危惧Ⅱ類（VU）,,,moe_redlist,GBIFへの照会自体が未実施（gbif_taxon_key欠落・gbif_match_type=NULL）
hozukius emblemarius,Hozukius emblemarius,ホウズキ,魚類（海洋生物）,,情報不足（DD）,,,moe_redlist,GBIFへの照会自体が未実施（gbif_taxon_key欠落・gbif_match_type=NULL）
hozukius guyotensis,Hozukius guyotensis,ベニメヌケ,魚類（海洋生物）,,準絶滅危惧（NT）,,,moe_redlist,GBIFへの照会自体が未実施（gbif_taxon_key欠落・gbif_match_type=NULL）
hucho perryi,Hucho perryi,イトウ,汽水・淡水魚類,,絶滅危惧IB類（EN）,,,moe_redlist,GBIFへの照会自体が未実施（gbif_taxon_key欠落・gbif_match_type=NULL）
husnotiella asperifolia,Husnotiella asperifolia,アカネジクチゴケ,蘚苔類,,情報不足（DD）,,,moe_redlist,GBIFへの照会自体が未実施（gbif_taxon_key欠落・gbif_match_type=NULL）
hyala delicata,Hyala delicata,ゴマツボモドキ（シリオレミジンニナ）,貝類,,絶滅危惧II類（VU）,,,moe_redlist,GBIFへの照会自体が未実施（gbif_taxon_key欠落・gbif_match_type=NULL）
hydaticus conspersus sakishimanus,Hydaticus conspersus sakishimanus,リュウキュウオオイチモンジシマゲンゴロウ,昆虫類,,準絶滅危惧（NT）,,,moe_redlist,GBIFへの照会自体が未実施（gbif_taxon_key欠落・gbif_match_type=NULL）
hydaticus pacificus conspersus,Hydaticus pacificus conspersus,オオイチモンジシマゲンゴロウ,昆虫類,,絶滅危惧IB類（EN）,,,moe_redlist,GBIFへの照会自体が未実施（gbif_taxon_key欠落・gbif_match_type=NULL）
hydraena iheya,Hydraena iheya,イヘヤダルマガムシ,昆虫類,,準絶滅危惧（NT）,,,moe_redlist,GBIFへの照会自体が未実施（gbif_taxon_key欠落・gbif_match_type=NULL）
hydraena yonaguniensis,Hydraena yonaguniensis,ヨナグニダルマガムシ,昆虫類,,準絶滅危惧（NT）,,,moe_redlist,GBIFへの照会自体が未実施（gbif_taxon_key欠落・gbif_match_type=NULL）
hydrangea acuminata subsp. yakushimensis,Hydrangea acuminata subsp. yakushimensis,ヤクシマルリアジサイ,維管束植物,,絶滅危惧ⅠB類（EN）,,,moe_redlist,GBIFへの照会自体が未実施（gbif_taxon_key欠落・gbif_match_type=NULL）
hydrangea involucrata var. tokarensis,Hydrangea involucrata var. tokarensis,トカラタマアジサイ,維管束植物,,絶滅危惧ⅠＡ類（CR）,,,moe_redlist,GBIFへの照会自体が未実施（gbif_taxon_key欠落・gbif_match_type=NULL）
hydrangea liukiuensis,Hydrangea liukiuensis,リュウキュウコンテリギ,維管束植物,,準絶滅危惧（NT）,,,moe_redlist,GBIFへの照会自体が未実施（gbif_taxon_key欠落・gbif_match_type=NULL）
hydrangea luteovenosa var. yakusimensis,Hydrangea luteovenosa var. yakusimensis,ヤクシマガクウツギ,維管束植物,,準絶滅危惧（NT）,,,moe_redlist,GBIFへの照会自体が未実施（gbif_taxon_key欠落・gbif_match_type=NULL）
hydrangea marunoi,Hydrangea marunoi,キモツキクサアジサイ,維管束植物,,絶滅危惧ⅠB類（EN）,,,moe_redlist,GBIFへの照会自体が未実施（gbif_taxon_key欠落・gbif_match_type=NULL）
hydrangea minamitanii,Hydrangea minamitanii,ヒュウガアジサイ,維管束植物,,絶滅危惧Ⅱ類（VU）,,,moe_redlist,GBIFへの照会自体が未実施（gbif_taxon_key欠落・gbif_match_type=NULL）
hydrobryum floribundum,Hydrobryum floribundum,ウスカワゴロモ,維管束植物,,絶滅危惧Ⅱ類（VU）,,,moe_redlist,GBIFへの照会自体が未実施（gbif_taxon_key欠落・gbif_match_type=NULL）
hydrobryum japonicum,Hydrobryum japonicum,カワゴロモ,維管束植物,,絶滅危惧Ⅱ類（VU）,,,moe_redlist,GBIFへの照会自体が未実施（gbif_taxon_key欠落・gbif_match_type=NULL）
hydrobryum koribanum,Hydrobryum koribanum,オオヨドカワゴロモ,維管束植物,,絶滅危惧ⅠＡ類（CR）,,,moe_redlist,GBIFへの照会自体が未実施（gbif_taxon_key欠落・gbif_match_type=NULL）
hydrobryum puncticulatum,Hydrobryum puncticulatum,ヤクシマカワゴロモ,維管束植物,,絶滅危惧ⅠB類（EN）,,,moe_redlist,GBIFへの照会自体が未実施（gbif_taxon_key欠落・gbif_match_type=NULL）
hydrochara affinis,Hydrochara affinis,コガムシ,昆虫類,,情報不足（DD）,,,moe_redlist,GBIFへの照会自体が未実施（gbif_taxon_key欠落・gbif_match_type=NULL）
hydrochara libera,Hydrochara libera,エゾコガムシ,昆虫類,,準絶滅危惧（NT）,,,moe_redlist,GBIFへの照会自体が未実施（gbif_taxon_key欠落・gbif_match_type=NULL）
hydrocharis dubia,Hydrocharis dubia,トチカガミ,維管束植物,,準絶滅危惧（NT）,,,moe_redlist,GBIFへの照会自体が未実施（gbif_taxon_key欠落・gbif_match_type=NULL）
hydrochus aequalis,Hydrochus aequalis,ホソガムシ,昆虫類,,絶滅危惧IB類（EN）,,,moe_redlist,GBIFへの照会自体が未実施（gbif_taxon_key欠落・gbif_match_type=NULL）
hydrochus chubu,Hydrochus chubu,チュウブホソガムシ,昆虫類,,絶滅危惧II類（VU）,,,moe_redlist,GBIFへの照会自体が未実施（gbif_taxon_key欠落・gbif_match_type=NULL）
hydrochus japonicus,Hydrochus japonicus,ヤマトホソガムシ,昆虫類,,準絶滅危惧（NT）,,,moe_redlist,GBIFへの照会自体が未実施（gbif_taxon_key欠落・gbif_match_type=NULL）
hydrochus laferi,Hydrochus laferi,キタホソガムシ,昆虫類,,情報不足（DD）,,,moe_redlist,GBIFへの照会自体が未実施（gbif_taxon_key欠落・gbif_match_type=NULL）
hydrocotyle verticillata var. triradiata,Hydrocotyle verticillata var. triradiata,ウチワゼニクサ（タテバチドメグサ）,植物,,,重点対策外来種,,moe_ias_list,GBIFへの照会自体が未実施（gbif_taxon_key欠落・gbif_match_type=NULL）
hydroglyphus flammulatus,Hydroglyphus flammulatus,アンピンチビゲンゴロウ,昆虫類,,情報不足（DD）,,,moe_redlist,GBIFへの照会自体が未実施（gbif_taxon_key欠落・gbif_match_type=NULL）
hydroglyphus kifunei,Hydroglyphus kifunei,キオビチビゲンゴロウ,昆虫類,,情報不足（DD）,,,moe_redlist,GBIFへの照会自体が未実施（gbif_taxon_key欠落・gbif_match_type=NULL）
hydrolagus barbouri,Hydrolagus barbouri,ココノホシギンザメ,魚類（海洋生物）,,情報不足（DD）,,,moe_redlist,GBIFへの照会自体が未実施（gbif_taxon_key欠落・gbif_match_type=NULL）
hydrometra albolineata,Hydrometra albolineata,イトアメンボ,昆虫類,,絶滅危惧II類（VU）,,,moe_redlist,GBIFへの照会自体が未実施（gbif_taxon_key欠落・gbif_match_type=NULL）
hydrophilus acuminatus,Hydrophilus acuminatus,ガムシ,昆虫類,,準絶滅危惧（NT）,,,moe_redlist,GBIFへの照会自体が未実施（gbif_taxon_key欠落・gbif_match_type=NULL）
hydrophilus bilineatus cashimirensis,Hydrophilus bilineatus cashimirensis,コガタガムシ,昆虫類,,絶滅危惧II類（VU）,,,moe_redlist,GBIFへの照会自体が未実施（gbif_taxon_key欠落・gbif_match_type=NULL）
hydrophilus dauricus,Hydrophilus dauricus,エゾガムシ,昆虫類,,準絶滅危惧（NT）,,,moe_redlist,GBIFへの照会自体が未実施（gbif_taxon_key欠落・gbif_match_type=NULL）
hydrotaea glabricula,Hydrotaea glabricula,イソメマトイ,昆虫類,,絶滅危惧IB類（EN）,,,moe_redlist,GBIFへの照会自体が未実施（gbif_taxon_key欠落・gbif_match_type=NULL）
hydrovatus acuminatus,Hydrovatus acuminatus,コマルケシゲンゴロウ,昆虫類,,準絶滅危惧（NT）,,,moe_redlist,GBIFへの照会自体が未実施（gbif_taxon_key欠落・gbif_match_type=NULL）
hydrovatus bonvouloiri,Hydrovatus bonvouloiri,オオマルケシゲンゴロウ,昆虫類,,準絶滅危惧（NT）,,,moe_redlist,GBIFへの照会自体が未実施（gbif_taxon_key欠落・gbif_match_type=NULL）
hydrovatus pumilus,Hydrovatus pumilus,チビマルケシゲンゴロウ,昆虫類,,準絶滅危惧（NT）,,,moe_redlist,GBIFへの照会自体が未実施（gbif_taxon_key欠落・gbif_match_type=NULL）
hydrovatus seminarius,Hydrovatus seminarius,アマミマルケシゲンゴロウ,昆虫類,,準絶滅危惧（NT）,,,moe_redlist,GBIFへの照会自体が未実施（gbif_taxon_key欠落・gbif_match_type=NULL）
hydrovatus subtilis,Hydrovatus subtilis,マルケシゲンゴロウ,昆虫類,,準絶滅危惧（NT）,,,moe_redlist,GBIFへの照会自体が未実施（gbif_taxon_key欠落・gbif_match_type=NULL）
hydrovatus yagii,Hydrovatus yagii,ヤギマルケシゲンゴロウ,昆虫類,,準絶滅危惧（NT）,,,moe_redlist,GBIFへの照会自体が未実施（gbif_taxon_key欠落・gbif_match_type=NULL）
hygrocybe hahashimensis,Hygrocybe hahashimensis,クロゲキヤマタケ,菌類,,情報不足（DD）,,,moe_redlist,GBIFへの照会自体が未実施（gbif_taxon_key欠落・gbif_match_type=NULL）
hygrocybe hypohaemacta,Hygrocybe hypohaemacta,ネッタイアカヌメリガサ,菌類,,情報不足（DD）,,,moe_redlist,GBIFへの照会自体が未実施（gbif_taxon_key欠落・gbif_match_type=NULL）
hylaeus boninensis,Hylaeus boninensis,オガサワラメンハナバチ,昆虫類,,絶滅危惧II類（VU）,,,moe_redlist,GBIFへの照会自体が未実施（gbif_taxon_key欠落・gbif_match_type=NULL）
hylaeus ikedai,Hylaeus ikedai,イケダメンハナバチ,昆虫類,,絶滅危惧II類（VU）,,,moe_redlist,GBIFへの照会自体が未実施（gbif_taxon_key欠落・gbif_match_type=NULL）
hylaeus incomitatus,Hylaeus incomitatus,キムネメンハナバチ,昆虫類,,絶滅危惧II類（VU）,,,moe_redlist,GBIFへの照会自体が未実施（gbif_taxon_key欠落・gbif_match_type=NULL）
hylaeus yasumatsui,Hylaeus yasumatsui,ヤスマツメンハナバチ,昆虫類,,絶滅危惧II類（VU）,,,moe_redlist,GBIFへの照会自体が未実施（gbif_taxon_key欠落・gbif_match_type=NULL）
hylotelephium cauticola,Hylotelephium cauticola,ヒダカミセバヤ,維管束植物,,絶滅危惧Ⅱ類（VU）,,,moe_redlist,GBIFへの照会自体が未実施（gbif_taxon_key欠落・gbif_match_type=NULL）
hylotelephium cauticola f. montana,Hylotelephium cauticola f. montana,アポイミセバヤ,維管束植物,,情報不足（DD）,,,moe_redlist,GBIFへの照会自体が未実施（gbif_taxon_key欠落・gbif_match_type=NULL）
hylotelephium pallescens,Hylotelephium pallescens,ムラサキベンケイソウ,維管束植物,,絶滅危惧ⅠB類（EN）,,,moe_redlist,GBIFへの照会自体が未実施（gbif_taxon_key欠落・gbif_match_type=NULL）
hylotelephium sieboldii var. ettyuense,Hylotelephium sieboldii var. ettyuense,エッチュウミセバヤ,維管束植物,,絶滅危惧ⅠB類（EN）,,,moe_redlist,GBIFへの照会自体が未実施（gbif_taxon_key欠落・gbif_match_type=NULL）
hylotelephium sieboldii var. sieboldii,Hylotelephium sieboldii var. sieboldii,ミセバヤ,維管束植物,,絶滅危惧ⅠB類（EN）,,,moe_redlist,GBIFへの照会自体が未実施（gbif_taxon_key欠落・gbif_match_type=NULL）
hylotelephium sordidum var. oishii,Hylotelephium sordidum var. oishii,オオチチッパベンケイ,維管束植物,,絶滅危惧ⅠＡ類（CR）,,,moe_redlist,GBIFへの照会自体が未実施（gbif_taxon_key欠落・gbif_match_type=NULL）
hylotelephium ussuriense var. tsugaruense,Hylotelephium ussuriense var. tsugaruense,ツガルミセバヤ,維管束植物,,絶滅危惧Ⅱ類（VU）,,,moe_redlist,GBIFへの照会自体が未実施（gbif_taxon_key欠落・gbif_match_type=NULL）
hymenasplenium apogamum,Hymenasplenium apogamum,タイワンホウビシダ,維管束植物,,準絶滅危惧（NT）,,,moe_redlist,GBIFへの照会自体が未実施（gbif_taxon_key欠落・gbif_match_type=NULL）
hymenasplenium cardiophyllum,Hymenasplenium cardiophyllum,ヒメタニワタリ,維管束植物,,絶滅危惧ⅠＡ類（CR）,,,moe_redlist,GBIFへの照会自体が未実施（gbif_taxon_key欠落・gbif_match_type=NULL）
hymenasplenium excisum,Hymenasplenium excisum,ラハオシダ,維管束植物,,絶滅危惧Ⅱ類（VU）,,,moe_redlist,GBIFへの照会自体が未実施（gbif_taxon_key欠落・gbif_match_type=NULL）
hymenasplenium subnormale,Hymenasplenium subnormale,ウスイロホウビシダ,維管束植物,,絶滅危惧ⅠＡ類（CR）,,,moe_redlist,GBIFへの照会自体が未実施（gbif_taxon_key欠落・gbif_match_type=NULL）
hymenochaete odontoides,Hymenochaete odontoides,エヒメウスバタケ,菌類,,情報不足（DD）,,,moe_redlist,GBIFへの照会自体が未実施（gbif_taxon_key欠落・gbif_match_type=NULL）
hymenophyllum digitatum,Hymenophyllum digitatum,ユビコケシノブ,維管束植物,,絶滅危惧ⅠＡ類（CR）,,,moe_redlist,GBIFへの照会自体が未実施（gbif_taxon_key欠落・gbif_match_type=NULL）
hymenophyllum mikawanum,Hymenophyllum mikawanum,ミカワコケシノブ,維管束植物,,絶滅危惧ⅠB類（EN）,,,moe_redlist,GBIFへの照会自体が未実施（gbif_taxon_key欠落・gbif_match_type=NULL）
hymenophyllum pilosissimum,Hymenophyllum pilosissimum,ムクゲコケシノブ,維管束植物,,絶滅危惧ⅠＡ類（CR）,,,moe_redlist,GBIFへの照会自体が未実施（gbif_taxon_key欠落・gbif_match_type=NULL）
hypena claripennis,Hypena claripennis,キシタアツバ,昆虫類,,準絶滅危惧（NT）,,,moe_redlist,GBIFへの照会自体が未実施（gbif_taxon_key欠落・gbif_match_type=NULL）
hypericum ascyron subsp. ascyron var. longistylum,Hypericum ascyron subsp. ascyron var. longistylum,コウライトモエソウ,維管束植物,,絶滅危惧ⅠB類（EN）,,,moe_redlist,GBIFへの照会自体が未実施（gbif_taxon_key欠落・gbif_match_type=NULL）
hypericum hakonense,Hypericum hakonense,ハコネオトギリ,維管束植物,,準絶滅危惧（NT）,,,moe_redlist,GBIFへの照会自体が未実施（gbif_taxon_key欠落・gbif_match_type=NULL）
hypericum iwatelittorale,Hypericum iwatelittorale,シオカゼオトギリ,維管束植物,,情報不足（DD）,,,moe_redlist,GBIFへの照会自体が未実施（gbif_taxon_key欠落・gbif_match_type=NULL）
hypericum kitamense,Hypericum kitamense,キタミオトギリ,維管束植物,,情報不足（DD）,,,moe_redlist,GBIFへの照会自体が未実施（gbif_taxon_key欠落・gbif_match_type=NULL）
hypericum oliganthum,Hypericum oliganthum,アゼオトギリ,維管束植物,,絶滅危惧ⅠB類（EN）,,,moe_redlist,GBIFへの照会自体が未実施（gbif_taxon_key欠落・gbif_match_type=NULL）
hypericum sampsonii,Hypericum sampsonii,ツキヌキオトギリ,維管束植物,,絶滅危惧Ⅱ類（VU）,,,moe_redlist,GBIFへの照会自体が未実施（gbif_taxon_key欠落・gbif_match_type=NULL）
hypericum senkakuinsulare,Hypericum senkakuinsulare,センカクオトギリ,維管束植物,,絶滅危惧ⅠＡ類（CR）,,,moe_redlist,GBIFへの照会自体が未実施（gbif_taxon_key欠落・gbif_match_type=NULL）
hypericum tosaense,Hypericum tosaense,トサオトギリ,維管束植物,,絶滅危惧ⅠＡ類（CR）,,,moe_redlist,GBIFへの照会自体が未実施（gbif_taxon_key欠落・gbif_match_type=NULL）
hypericum yezoense,Hypericum yezoense,エゾオトギリ,維管束植物,,絶滅危惧Ⅱ類（VU）,,,moe_redlist,GBIFへの照会自体が未実施（gbif_taxon_key欠落・gbif_match_type=NULL）
hypericum yojiroanum,Hypericum yojiroanum,ダイセツヒナオトギリ,維管束植物,,絶滅危惧Ⅱ類（VU）,,,moe_redlist,GBIFへの照会自体が未実施（gbif_taxon_key欠落・gbif_match_type=NULL）
hypermastus lacteus,Hypermastus lacteus,ヒモイカリナマコツマミガイ,貝類,,絶滅危惧II類（VU）,,,moe_redlist,GBIFへの照会自体が未実施（gbif_taxon_key欠落・gbif_match_type=NULL）
hypermastus peronellicola,Hypermastus peronellicola,カシパンヤドリニナ,貝類,,準絶滅危惧（NT）,,,moe_redlist,GBIFへの照会自体が未実施（gbif_taxon_key欠落・gbif_match_type=NULL）
hypermastus tokunagai,Hypermastus tokunagai,トクナガヤドリニナ,貝類,,準絶滅危惧（NT）,,,moe_redlist,GBIFへの照会自体が未実施（gbif_taxon_key欠落・gbif_match_type=NULL）
hyperoscelis eximia insignis,Hyperoscelis eximia insignis,キスジモモブトモリカ,昆虫類,,絶滅危惧II類（VU）,,,moe_redlist,GBIFへの照会自体が未実施（gbif_taxon_key欠落・gbif_match_type=NULL）
hyperoscelis veternosa,Hyperoscelis veternosa,クロモモブトモリカ,昆虫類,,絶滅危惧II類（VU）,,,moe_redlist,GBIFへの照会自体が未実施（gbif_taxon_key欠落・gbif_match_type=NULL）
hyperphyscia adglutinata,Hyperphyscia adglutinata,コナムカデゴケモドキ,地衣類,,情報不足（DD）,,,moe_redlist,GBIFへの照会自体が未実施（gbif_taxon_key欠落・gbif_match_type=NULL）
hyphydrus japonicus,Hyphydrus japonicus,ケシゲンゴロウ,昆虫類,,準絶滅危惧（NT）,,,moe_redlist,GBIFへの照会自体が未実施（gbif_taxon_key欠落・gbif_match_type=NULL）
hyphydrus laeviventris laeviventris,Hyphydrus laeviventris laeviventris,ヒメケシゲンゴロウ,昆虫類,,絶滅危惧II類（VU）,,,moe_redlist,GBIFへの照会自体が未実施（gbif_taxon_key欠落・gbif_match_type=NULL）
hyphydrus laeviventris tsugaru,Hyphydrus laeviventris tsugaru,アラメケシゲンゴロウ,昆虫類,,準絶滅危惧（NT）,,,moe_redlist,GBIFへの照会自体が未実施（gbif_taxon_key欠落・gbif_match_type=NULL）
hypnodendron vitiense,Hypnodendron vitiense,キダチゴケ,蘚苔類,,絶滅危惧Ⅱ類（VU）,,,moe_redlist,GBIFへの照会自体が未実施（gbif_taxon_key欠落・gbif_match_type=NULL）
hypnodontopsis apiculata,Hypnodontopsis apiculata,キサゴゴケ,蘚苔類,,準絶滅危惧（NT）,,,moe_redlist,GBIFへの照会自体が未実施（gbif_taxon_key欠落・gbif_match_type=NULL）
hypoatherina temminckii,Hypoatherina temminckii,ミナミギンイソイワシ,汽水・淡水魚類,,情報不足（DD）,,,moe_redlist,GBIFへの照会自体が未実施（gbif_taxon_key欠落・gbif_match_type=NULL）
hypochaeris crepidioides,Hypochaeris crepidioides,エゾコウゾリナ,維管束植物,,絶滅危惧ⅠB類（EN）,,,moe_redlist,GBIFへの照会自体が未実施（gbif_taxon_key欠落・gbif_match_type=NULL）
hypodematium fauriei,Hypodematium fauriei,キンモウワラビ,維管束植物,,準絶滅危惧（NT）,,,moe_redlist,GBIFへの照会自体が未実施（gbif_taxon_key欠落・gbif_match_type=NULL）
hypodematium fordii,Hypodematium fordii,リュウキュウキンモウワラビ,維管束植物,,絶滅危惧ⅠＡ類（CR）,,,moe_redlist,GBIFへの照会自体が未実施（gbif_taxon_key欠落・gbif_match_type=NULL）
hypomesus olidus,Hypomesus olidus,イシカリワカサギ,汽水・淡水魚類,,準絶滅危惧（NT）,,,moe_redlist,GBIFへの照会自体が未実施（gbif_taxon_key欠落・gbif_match_type=NULL）
hyporhamphus intermedius,Hyporhamphus intermedius,クルメサヨリ,汽水・淡水魚類,,準絶滅危惧（NT）,,,moe_redlist,GBIFへの照会自体が未実施（gbif_taxon_key欠落・gbif_match_type=NULL）
hypotrachyna imbricatula,Hypotrachyna imbricatula,ヒュウガウメノキゴケ,地衣類,,情報不足（DD）,,,moe_redlist,GBIFへの照会自体が未実施（gbif_taxon_key欠落・gbif_match_type=NULL）
hypotrachyna sinuosa,Hypotrachyna sinuosa,ニュウガサウメノキゴケ,地衣類,,情報不足（DD）,,,moe_redlist,GBIFへの照会自体が未実施（gbif_taxon_key欠落・gbif_match_type=NULL）
hypoxystis pulcheraria,Hypoxystis pulcheraria,アキヨシトガリエダシャク,昆虫類,,絶滅危惧II類（VU）,,,moe_redlist,GBIFへの照会自体が未実施（gbif_taxon_key欠落・gbif_match_type=NULL）
hypseleotris cyprinoides,Hypseleotris cyprinoides,タナゴモドキ,汽水・淡水魚類,,絶滅危惧IB類（EN）,,,moe_redlist,GBIFへの照会自体が未実施（gbif_taxon_key欠落・gbif_match_type=NULL）
hypselosoma hirashimai,Hypselosoma hirashimai,アマミオオメノミカメムシ,昆虫類,,情報不足（DD）,,,moe_redlist,GBIFへの照会自体が未実施（gbif_taxon_key欠落・gbif_match_type=NULL）
hypselosoma matsumurae,Hypselosoma matsumurae,オオメノミカメムシ,昆虫類,,情報不足（DD）,,,moe_redlist,GBIFへの照会自体が未実施（gbif_taxon_key欠落・gbif_match_type=NULL）
hypselostoma insularum,Hypselostoma insularum,ラッパガイ,貝類,,絶滅危惧I類（CR+EN）,,,moe_redlist,GBIFへの照会自体が未実施（gbif_taxon_key欠落・gbif_match_type=NULL）
hypsizygus ulmarius,Hypsizygus ulmarius,シロタモギタケ,菌類,,情報不足（DD）,,,moe_redlist,GBIFへの照会自体が未実施（gbif_taxon_key欠落・gbif_match_type=NULL）
hypsugo alaschanicus,Hypsugo alaschanicus,オオアブラコウモリ,哺乳類,,情報不足（DD）,,,moe_redlist,GBIFへの照会自体が未実施（gbif_taxon_key欠落・gbif_match_type=NULL）
icmadophila japonicum,Icmadophila japonicum,ヘラゴケ,地衣類,,準絶滅危惧（NT）,,,moe_redlist,GBIFへの照会自体が未実施（gbif_taxon_key欠落・gbif_match_type=NULL）
ilex dimorphophylla,Ilex dimorphophylla,アマミヒイラギモチ,維管束植物,,絶滅危惧ⅠＡ類（CR）,,,moe_redlist,GBIFへの照会自体が未実施（gbif_taxon_key欠落・gbif_match_type=NULL）
ilex macrocarpa,Ilex macrocarpa,ヒロハタマミズキ,維管束植物,,絶滅危惧ⅠＡ類（CR）,,,moe_redlist,GBIFへの照会自体が未実施（gbif_taxon_key欠落・gbif_match_type=NULL）
ilex matanoana,Ilex matanoana,ムニンイヌツゲ,維管束植物,,準絶滅危惧（NT）,,,moe_redlist,GBIFへの照会自体が未実施（gbif_taxon_key欠落・gbif_match_type=NULL）
ilex mertensii var. beecheyi,Ilex mertensii var. beecheyi,ムニンモチ,維管束植物,,絶滅危惧ⅠB類（EN）,,,moe_redlist,GBIFへの照会自体が未実施（gbif_taxon_key欠落・gbif_match_type=NULL）
ilex mertensii var. mertensii,Ilex mertensii var. mertensii,シマモチ,維管束植物,,準絶滅危惧（NT）,,,moe_redlist,GBIFへの照会自体が未実施（gbif_taxon_key欠落・gbif_match_type=NULL）
illigera luzonensis,Illigera luzonensis,テングノハナ,維管束植物,,絶滅危惧ⅠＡ類（CR）,,,moe_redlist,GBIFへの照会自体が未実施（gbif_taxon_key欠落・gbif_match_type=NULL）
ilybius apicalis,Ilybius apicalis,キベリクロヒメゲンゴロウ,昆虫類,,準絶滅危惧（NT）,,,moe_redlist,GBIFへの照会自体が未実施（gbif_taxon_key欠落・gbif_match_type=NULL）
ilyocoris cimicoides exclamationis,Ilyocoris cimicoides exclamationis,コバンムシ,昆虫類,,絶滅危惧IB類（EN）,,,moe_redlist,GBIFへの照会自体が未実施（gbif_taxon_key欠落・gbif_match_type=NULL）
ilyoplax deschampsi,Ilyoplax deschampsi,ハラグクレチゴガニ,その他無脊椎動物,,準絶滅危惧（NT）,,,moe_redlist,GBIFへの照会自体が未実施（gbif_taxon_key欠落・gbif_match_type=NULL）
impatiens capensis,Impatiens capensis,アカボシツリフネ（アカボシツリフネソウ、ケープツリフネ、ケープツリフネソウ）,植物,,,その他の総合対策外来種,,moe_ias_list,GBIFへの照会自体が未実施（gbif_taxon_key欠落・gbif_match_type=NULL）
impatiens hypophylla var. microhypophylla,Impatiens hypophylla var. microhypophylla,エンシュウツリフネソウ,維管束植物,,絶滅危惧ⅠＡ類（CR）,,,moe_redlist,GBIFへの照会自体が未実施（gbif_taxon_key欠落・gbif_match_type=NULL）
impatiens walleriana,Impatiens walleriana,アフリカホウセンカ,植物,,,重点対策外来種,,moe_ias_list,GBIFへの照会自体が未実施（gbif_taxon_key欠落・gbif_match_type=NULL）
indigofera kirilowii,Indigofera kirilowii,チョウセンニワフジ,維管束植物,,絶滅危惧ⅠB類（EN）,,,moe_redlist,GBIFへの照会自体が未実施（gbif_taxon_key欠落・gbif_match_type=NULL）
iniistius verrens,Iniistius verrens,バラヒラベラ,魚類（海洋生物）,,情報不足（DD）,,,moe_redlist,GBIFへの照会自体が未実施（gbif_taxon_key欠落・gbif_match_type=NULL）
inonotus cuticularis,Inonotus cuticularis,アラゲカワウソタケ,菌類,,情報不足（DD）,,,moe_redlist,GBIFへの照会自体が未実施（gbif_taxon_key欠落・gbif_match_type=NULL）
inonotus pachyphloeus,Inonotus pachyphloeus,ヤエヤマキコブタケ,菌類,,情報不足（DD）,,,moe_redlist,GBIFへの照会自体が未実施（gbif_taxon_key欠落・gbif_match_type=NULL）
inonotus patouillardii,Inonotus patouillardii,ナンバンオオカワウソタケ,菌類,,情報不足（DD）,,,moe_redlist,GBIFへの照会自体が未実施（gbif_taxon_key欠落・gbif_match_type=NULL）
intsia bijuga,Intsia bijuga,タシロマメ,維管束植物,,絶滅危惧ⅠＡ類（CR）,,,moe_redlist,GBIFへの照会自体が未実施（gbif_taxon_key欠落・gbif_match_type=NULL）
inula linariifolia,Inula linariifolia,ホソバオグルマ,維管束植物,,絶滅危惧Ⅱ類（VU）,,,moe_redlist,GBIFへの照会自体が未実施（gbif_taxon_key欠落・gbif_match_type=NULL）
inversidens brandtii,Inversidens brandtii,オバエボシガイ,貝類,,絶滅危惧II類（VU）,,,moe_redlist,GBIFへの照会自体が未実施（gbif_taxon_key欠落・gbif_match_type=NULL）
inversiunio jokohamensis,Inversiunio jokohamensis,ヨコハマシジラガイ,貝類,,準絶滅危惧（NT）,,,moe_redlist,GBIFへの照会自体が未実施（gbif_taxon_key欠落・gbif_match_type=NULL）
inversiunio reinianus,Inversiunio reinianus,オトコタテボシガイ,貝類,,絶滅危惧II類（VU）,,,moe_redlist,GBIFへの照会自体が未実施（gbif_taxon_key欠落・gbif_match_type=NULL）
inversiunio yanagawensis,Inversiunio yanagawensis,ニセマツカサガイ,貝類,,絶滅危惧II類（VU）,,,moe_redlist,GBIFへの照会自体が未実施（gbif_taxon_key欠落・gbif_match_type=NULL）
ipheion uniflorum,Ipheion uniflorum,ハナニラ（セイヨウアマナ）,植物,,,その他の総合対策外来種,,moe_ias_list,GBIFへの照会自体が未実施（gbif_taxon_key欠落・gbif_match_type=NULL）
ipomoea cairica,Ipomoea cairica,モミジバヒルガオ（タイワンアサガオ、モミジヒルガオ）,植物,,,重点対策外来種,,moe_ias_list,GBIFへの照会自体が未実施（gbif_taxon_key欠落・gbif_match_type=NULL）
ipomoea spp. （pharbitis spp.）,Ipomoea spp. （Pharbitis spp.）,外来ノアサガオ類,植物,,,重点対策外来種,,moe_ias_list,GBIFへの照会自体が未実施（gbif_taxon_key欠落・gbif_match_type=NULL）
ipomoea triloba,Ipomoea triloba,ホシアサガオ,植物,,,その他の総合対策外来種,,moe_ias_list,GBIFへの照会自体が未実施（gbif_taxon_key欠落・gbif_match_type=NULL）
iravadia quadrasi,Iravadia quadrasi,マンガルツボ,貝類,,準絶滅危惧（NT）,,,moe_redlist,GBIFへの照会自体が未実施（gbif_taxon_key欠落・gbif_match_type=NULL）
iridona iridescens,Iridona iridescens,テリザクラ,貝類,,絶滅危惧II類（VU）,,,moe_redlist,GBIFへの照会自体が未実施（gbif_taxon_key欠落・gbif_match_type=NULL）
iris gracilipes,Iris gracilipes,ヒメシャガ,維管束植物,,準絶滅危惧（NT）,,,moe_redlist,GBIFへの照会自体が未実施（gbif_taxon_key欠落・gbif_match_type=NULL）
iris laevigata,Iris laevigata,カキツバタ,維管束植物,,準絶滅危惧（NT）,,,moe_redlist,GBIFへの照会自体が未実施（gbif_taxon_key欠落・gbif_match_type=NULL）
iris pseudacorus,Iris pseudacorus,キショウブ,植物,,,重点対策外来種,,moe_ias_list,GBIFへの照会自体が未実施（gbif_taxon_key欠落・gbif_match_type=NULL）
iris rossii,Iris rossii,エヒメアヤメ,維管束植物,,絶滅危惧Ⅱ類（VU）,,,moe_redlist,GBIFへの照会自体が未実施（gbif_taxon_key欠落・gbif_match_type=NULL）
iris setosa var. hondoensis,Iris setosa var. hondoensis,キリガミネヒオウギアヤメ,維管束植物,,絶滅危惧ⅠB類（EN）,,,moe_redlist,GBIFへの照会自体が未実施（gbif_taxon_key欠落・gbif_match_type=NULL）
iris setosa var. nasuensis,Iris setosa var. nasuensis,ナスヒオウギアヤメ,維管束植物,,絶滅危惧ⅠB類（EN）,,,moe_redlist,GBIFへの照会自体が未実施（gbif_taxon_key欠落・gbif_match_type=NULL）
isachne globosa var. brevispicula,Isachne globosa var. brevispicula,コツブチゴザサ,維管束植物,,情報不足（DD）,,,moe_redlist,GBIFへの照会自体が未実施（gbif_taxon_key欠落・gbif_match_type=NULL）
isachne lutchuensis,Isachne lutchuensis,ケナシハイチゴザサ,維管束植物,,絶滅危惧ⅠＡ類（CR）,,,moe_redlist,GBIFへの照会自体が未実施（gbif_taxon_key欠落・gbif_match_type=NULL）
isachne myosotis,Isachne myosotis,ヒメハイチゴザサ,維管束植物,,絶滅危惧ⅠＡ類（CR）,,,moe_redlist,GBIFへの照会自体が未実施（gbif_taxon_key欠落・gbif_match_type=NULL）
isatis tinctoria var. tinctoria,Isatis tinctoria var. tinctoria,ハマタイセイ,維管束植物,,絶滅危惧ⅠB類（EN）,,,moe_redlist,GBIFへの照会自体が未実施（gbif_taxon_key欠落・gbif_match_type=NULL）
ischaemum indicum,Ischaemum indicum,ヒメカモノハシ,維管束植物,,絶滅危惧ⅠＡ類（CR）,,,moe_redlist,GBIFへの照会自体が未実施（gbif_taxon_key欠落・gbif_match_type=NULL）
ischaemum ischaemoides,Ischaemum ischaemoides,シマカモノハシ,維管束植物,,絶滅危惧ⅠB類（EN）,,,moe_redlist,GBIFへの照会自体が未実施（gbif_taxon_key欠落・gbif_match_type=NULL）
ischnura aurora aurora,Ischnura aurora aurora,キバライトトンボ,昆虫類,,準絶滅危惧（NT）,,,moe_redlist,GBIFへの照会自体が未実施（gbif_taxon_key欠落・gbif_match_type=NULL）
ischnura ezoin,Ischnura ezoin,オガサワライトトンボ,昆虫類,,絶滅危惧II類（VU）,,,moe_redlist,GBIFへの照会自体が未実施（gbif_taxon_key欠落・gbif_match_type=NULL）
isodontia boninensis,Isodontia boninensis,オガサワラアナバチ,昆虫類,,絶滅危惧II類（VU）,,,moe_redlist,GBIFへの照会自体が未実施（gbif_taxon_key欠落・gbif_match_type=NULL）
isoetes asiatica,Isoetes asiatica,ヒメミズニラ,維管束植物,,準絶滅危惧（NT）,,,moe_redlist,GBIFへの照会自体が未実施（gbif_taxon_key欠落・gbif_match_type=NULL）
isoetes coreana,Isoetes coreana,オオバシナミズニラ,維管束植物,,絶滅危惧ⅠB類（EN）,,,moe_redlist,GBIFへの照会自体が未実施（gbif_taxon_key欠落・gbif_match_type=NULL）
isoetes japonica,Isoetes japonica,ミズニラ,維管束植物,,準絶滅危惧（NT）,,,moe_redlist,GBIFへの照会自体が未実施（gbif_taxon_key欠落・gbif_match_type=NULL）
isoetes pseudojaponica,Isoetes pseudojaponica,ミズニラモドキ,維管束植物,,絶滅危惧Ⅱ類（VU）,,,moe_redlist,GBIFへの照会自体が未実施（gbif_taxon_key欠落・gbif_match_type=NULL）
isoetes sinensis,Isoetes sinensis,シナミズニラ,維管束植物,,絶滅危惧Ⅱ類（VU）,,,moe_redlist,GBIFへの照会自体が未実施（gbif_taxon_key欠落・gbif_match_type=NULL）
isolepis crassiuscula,Isolepis crassiuscula,ビャッコイ,維管束植物,,絶滅危惧ⅠＡ類（CR）,,,moe_redlist,GBIFへの照会自体が未実施（gbif_taxon_key欠落・gbif_match_type=NULL）
isopterygium propaguliferum,Isopterygium propaguliferum,コモチイチイゴケ,蘚苔類,,情報不足（DD）,,,moe_redlist,GBIFへの照会自体が未実施（gbif_taxon_key欠落・gbif_match_type=NULL）
isturgia arenacearia,Isturgia arenacearia,ソトオビエダシャク,昆虫類,,絶滅危惧IB類（EN）,,,moe_redlist,GBIFへの照会自体が未実施（gbif_taxon_key欠落・gbif_match_type=NULL）
ixeridium beauverdianum,Ixeridium beauverdianum,ホソバニガナ,維管束植物,,絶滅危惧ⅠB類（EN）,,,moe_redlist,GBIFへの照会自体が未実施（gbif_taxon_key欠落・gbif_match_type=NULL）
ixeridium dentatum subsp. kitayamense,Ixeridium dentatum subsp. kitayamense,ドロニガナ,維管束植物,,準絶滅危惧（NT）,,,moe_redlist,GBIFへの照会自体が未実施（gbif_taxon_key欠落・gbif_match_type=NULL）
ixeridium dentatum subsp. nipponicum,Ixeridium dentatum subsp. nipponicum,イソニガナ,維管束植物,,絶滅危惧ⅠB類（EN）,,,moe_redlist,GBIFへの照会自体が未実施（gbif_taxon_key欠落・gbif_match_type=NULL）
ixeridium laevigatum,Ixeridium laevigatum,ヤナギニガナ,維管束植物,,絶滅危惧Ⅱ類（VU）,,,moe_redlist,GBIFへの照会自体が未実施（gbif_taxon_key欠落・gbif_match_type=NULL）
ixeridium yakuinsulare,Ixeridium yakuinsulare,コスギニガナ,維管束植物,,準絶滅危惧（NT）,,,moe_redlist,GBIFへの照会自体が未実施（gbif_taxon_key欠落・gbif_match_type=NULL）
ixeris chinensis subsp. chinensis,Ixeris chinensis subsp. chinensis,ウサギソウ,維管束植物,,情報不足（DD）,,,moe_redlist,GBIFへの照会自体が未実施（gbif_taxon_key欠落・gbif_match_type=NULL）
ixeris chinensis subsp. strigosa,Ixeris chinensis subsp. strigosa,タカサゴソウ,維管束植物,,絶滅危惧Ⅱ類（VU）,,,moe_redlist,GBIFへの照会自体が未実施（gbif_taxon_key欠落・gbif_match_type=NULL）
ixeris longirostra,Ixeris longirostra,ツルワダン,維管束植物,,絶滅危惧Ⅱ類（VU）,,,moe_redlist,GBIFへの照会自体が未実施（gbif_taxon_key欠落・gbif_match_type=NULL）
ixeris tamagawaensis,Ixeris tamagawaensis,カワラニガナ,維管束植物,,準絶滅危惧（NT）,,,moe_redlist,GBIFへの照会自体が未実施（gbif_taxon_key欠落・gbif_match_type=NULL）
jactellina compta,Jactellina compta,ミクニシボリザクラ,貝類,,準絶滅危惧（NT）,,,moe_redlist,GBIFへの照会自体が未実施（gbif_taxon_key欠落・gbif_match_type=NULL）
jactellina transcalpta,Jactellina transcalpta,ハスメザクラ,貝類,,準絶滅危惧（NT）,,,moe_redlist,GBIFへの照会自体が未実施（gbif_taxon_key欠落・gbif_match_type=NULL）
japanochlamys awaensis,Japanochlamys awaensis,アワクリイロベッコウ,貝類,,準絶滅危惧（NT）,,,moe_redlist,GBIFへの照会自体が未実施（gbif_taxon_key欠落・gbif_match_type=NULL）
japanochlamys cerasina,Japanochlamys cerasina,クリイロベッコウ,貝類,,情報不足（DD）,,,moe_redlist,GBIFへの照会自体が未実施（gbif_taxon_key欠落・gbif_match_type=NULL）
japanochlamys crenata,Japanochlamys crenata,コンゴウクリイロベッコウ,貝類,,絶滅危惧II類（VU）,,,moe_redlist,GBIFへの照会自体が未実施（gbif_taxon_key欠落・gbif_match_type=NULL）
japanochlamys decens,Japanochlamys decens,カズマキベッコウ,貝類,,情報不足（DD）,,,moe_redlist,GBIFへの照会自体が未実施（gbif_taxon_key欠落・gbif_match_type=NULL）
japanochlamys hakonensis,Japanochlamys hakonensis,ハコネヒメベッコウ,貝類,,情報不足（DD）,,,moe_redlist,GBIFへの照会自体が未実施（gbif_taxon_key欠落・gbif_match_type=NULL）
japanochlamys shinanoensis,Japanochlamys shinanoensis,エナクリイロベッコウ,貝類,,情報不足（DD）,,,moe_redlist,GBIFへの照会自体が未実施（gbif_taxon_key欠落・gbif_match_type=NULL）
japanolaccophilus nipponensis,Japanolaccophilus nipponensis,キボシツブゲンゴロウ,昆虫類,,準絶滅危惧（NT）,,,moe_redlist,GBIFへの照会自体が未実施（gbif_taxon_key欠落・gbif_match_type=NULL）
japonactaeon nipponensis,Japonactaeon nipponensis,ムラクモキジビキガイ,貝類,,準絶滅危惧（NT）,,,moe_redlist,GBIFへの照会自体が未実施（gbif_taxon_key欠落・gbif_match_type=NULL）
japonactaeon sieboldii,Japonactaeon sieboldii,オオシイノミガイ,貝類,,準絶滅危惧（NT）,,,moe_redlist,GBIFへの照会自体が未実施（gbif_taxon_key欠落・gbif_match_type=NULL）
japonia gouldi,Japonia gouldi,ケハダヤマトガイ,貝類,,準絶滅危惧（NT）,,,moe_redlist,GBIFへの照会自体が未実施（gbif_taxon_key欠落・gbif_match_type=NULL）
japonia hispida,Japonia hispida,ケブカヤマトガイ,貝類,,準絶滅危惧（NT）,,,moe_redlist,GBIFへの照会自体が未実施（gbif_taxon_key欠落・gbif_match_type=NULL）
japonia inouei,Japonia inouei,イノウエヤマトガイ,貝類,,絶滅危惧II類（VU）,,,moe_redlist,GBIFへの照会自体が未実施（gbif_taxon_key欠落・gbif_match_type=NULL）
japonia katorii,Japonia katorii,トウカイヤマトガイ,貝類,,絶滅危惧II類（VU）,,,moe_redlist,GBIFへの照会自体が未実施（gbif_taxon_key欠落・gbif_match_type=NULL）
japonia sadoensis,Japonia sadoensis,サドヤマトガイ,貝類,,準絶滅危惧（NT）,,,moe_redlist,GBIFへの照会自体が未実施（gbif_taxon_key欠落・gbif_match_type=NULL）
japonia shigetai,Japonia shigetai,モジャモジャヤマトガイ,貝類,,絶滅危惧II類（VU）,,,moe_redlist,GBIFへの照会自体が未実施（gbif_taxon_key欠落・gbif_match_type=NULL）
japonia sp.,Japonia sp.,ヨナグニヤマトガイ,貝類,,絶滅危惧II類（VU）,,,moe_redlist,GBIFへの照会自体が未実施（gbif_taxon_key欠落・gbif_match_type=NULL）
japonia striatula,Japonia striatula,イトマキヤマトガイ,貝類,,準絶滅危惧（NT）,,,moe_redlist,GBIFへの照会自体が未実施（gbif_taxon_key欠落・gbif_match_type=NULL）
japonia tokunoshimana okinoerabuensis,Japonia tokunoshimana okinoerabuensis,オキノエラブヤマトガイ,貝類,,絶滅危惧II類（VU）,,,moe_redlist,GBIFへの照会自体が未実施（gbif_taxon_key欠落・gbif_match_type=NULL）
japonia tokunoshimana tokunoshimana,Japonia tokunoshimana tokunoshimana,トクノシマヤマトガイ,貝類,,絶滅危惧II類（VU）,,,moe_redlist,GBIFへの照会自体が未実施（gbif_taxon_key欠落・gbif_match_type=NULL）
japonica onoi mizobei,Japonica onoi mizobei,カシワアカシジミ（キタアカシジミ）冠高原亜種,昆虫類,,絶滅危惧IA類（CR）,,,moe_redlist,GBIFへの照会自体が未実施（gbif_taxon_key欠落・gbif_match_type=NULL）
japonica onoi onoi,Japonica onoi onoi,"カシワアカシジミ（キタアカシジミ）名義タイプ亜種, 北海道・東北地方亜種",昆虫類,,絶滅危惧II類（VU）,,,moe_redlist,GBIFへの照会自体が未実施（gbif_taxon_key欠落・gbif_match_type=NULL）
japonicalia kiusiana,Japonicalia kiusiana,モミジコウモリ,維管束植物,,準絶滅危惧（NT）,,,moe_redlist,GBIFへの照会自体が未実施（gbif_taxon_key欠落・gbif_match_type=NULL）
japonolirion osense,Japonolirion osense,オゼソウ,維管束植物,,絶滅危惧Ⅱ類（VU）,,,moe_redlist,GBIFへの照会自体が未実施（gbif_taxon_key欠落・gbif_match_type=NULL）
jasminum superfluum,Jasminum superfluum,オキナワソケイ,維管束植物,,準絶滅危惧（NT）,,,moe_redlist,GBIFへの照会自体が未実施（gbif_taxon_key欠落・gbif_match_type=NULL）
jesogammarus annandalei,Jesogammarus annandalei,アナンデールヨコエビ,その他無脊椎動物,,準絶滅危惧（NT）,,,moe_redlist,GBIFへの照会自体が未実施（gbif_taxon_key欠落・gbif_match_type=NULL）
jesogammarus naritai,Jesogammarus naritai,ナリタヨコエビ,その他無脊椎動物,,準絶滅危惧（NT）,,,moe_redlist,GBIFへの照会自体が未実施（gbif_taxon_key欠落・gbif_match_type=NULL）
jitlada culter,Jitlada culter,ユウシオガイ,貝類,,準絶滅危惧（NT）,,,moe_redlist,GBIFへの照会自体が未実施（gbif_taxon_key欠落・gbif_match_type=NULL）
jitlada juvenilis,Jitlada juvenilis,トガリユウシオガイ,貝類,,準絶滅危惧（NT）,,,moe_redlist,GBIFへの照会自体が未実施（gbif_taxon_key欠落・gbif_match_type=NULL）
jitlada philippinarum,Jitlada philippinarum,リュウキュウザクラ,貝類,,準絶滅危惧（NT）,,,moe_redlist,GBIFへの照会自体が未実施（gbif_taxon_key欠落・gbif_match_type=NULL）
jodia sericea,Jodia sericea,ミスジキリガ,昆虫類,,準絶滅危惧（NT）,,,moe_redlist,GBIFへの照会自体が未実施（gbif_taxon_key欠落・gbif_match_type=NULL）
jolya arata,Jolya arata,ヌバタママクラ,貝類,,絶滅危惧II類（VU）,,,moe_redlist,GBIFへの照会自体が未実施（gbif_taxon_key欠落・gbif_match_type=NULL）
jujiroa ana,Jujiroa ana,ジャアナヒラタゴミムシ,昆虫類,,絶滅危惧II類（VU）,,,moe_redlist,GBIFへの照会自体が未実施（gbif_taxon_key欠落・gbif_match_type=NULL）
juncus beringensis,Juncus beringensis,ミヤマイ,維管束植物,,準絶滅危惧（NT）,,,moe_redlist,GBIFへの照会自体が未実施（gbif_taxon_key欠落・gbif_match_type=NULL）
juncus castaneus,Juncus castaneus,クロコウガイゼキショウ,維管束植物,,絶滅危惧Ⅱ類（VU）,,,moe_redlist,GBIFへの照会自体が未実施（gbif_taxon_key欠落・gbif_match_type=NULL）
juncus covillei,Juncus covillei,セキショウイ,維管束植物,,絶滅危惧Ⅱ類（VU）,,,moe_redlist,GBIFへの照会自体が未実施（gbif_taxon_key欠落・gbif_match_type=NULL）
juncus decipiens f. filiformis,Juncus decipiens f. filiformis,オキナワイ,維管束植物,,情報不足（DD）,,,moe_redlist,GBIFへの照会自体が未実施（gbif_taxon_key欠落・gbif_match_type=NULL）
juncus hizenensis,Juncus hizenensis,ヒゼンコウガイゼキショウ,維管束植物,,絶滅危惧ⅠB類（EN）,,,moe_redlist,GBIFへの照会自体が未実施（gbif_taxon_key欠落・gbif_match_type=NULL）
juncus mertensianus,Juncus mertensianus,エゾノミクリゼキショウ,維管束植物,,絶滅危惧ⅠB類（EN）,,,moe_redlist,GBIFへの照会自体が未実施（gbif_taxon_key欠落・gbif_match_type=NULL）
juncus potaninii,Juncus potaninii,エゾイトイ,維管束植物,,絶滅危惧ⅠＡ類（CR）,,,moe_redlist,GBIFへの照会自体が未実施（gbif_taxon_key欠落・gbif_match_type=NULL）
juncus sp.,Juncus sp.,コゴメイ,植物,,,重点対策外来種,,moe_ias_list,GBIFへの照会自体が未実施（gbif_taxon_key欠落・gbif_match_type=NULL）
juncus tokubuchii,Juncus tokubuchii,ホロムイコウガイ,維管束植物,,絶滅危惧ⅠB類（EN）,,,moe_redlist,GBIFへの照会自体が未実施（gbif_taxon_key欠落・gbif_match_type=NULL）
juncus triglumis,Juncus triglumis,タカネイ,維管束植物,,準絶滅危惧（NT）,,,moe_redlist,GBIFへの照会自体が未実施（gbif_taxon_key欠落・gbif_match_type=NULL）
juncus yakeisidakensis,Juncus yakeisidakensis,ミヤマゼキショウ,維管束植物,,絶滅危惧ⅠＡ類（CR）,,,moe_redlist,GBIFへの照会自体が未実施（gbif_taxon_key欠落・gbif_match_type=NULL）
jungermannia borealis,Jungermannia borealis,ヤツガタケツボミゴケ,蘚苔類,,絶滅危惧ⅠB類（EN）,,,moe_redlist,GBIFへの照会自体が未実施（gbif_taxon_key欠落・gbif_match_type=NULL）
juniperus communis var. montana,Juniperus communis var. montana,リシリビャクシン,維管束植物,,絶滅危惧Ⅱ類（VU）,,,moe_redlist,GBIFへの照会自体が未実施（gbif_taxon_key欠落・gbif_match_type=NULL）
juniperus taxifolia var. taxifolia,Juniperus taxifolia var. taxifolia,シマムロ,維管束植物,,絶滅危惧Ⅱ類（VU）,,,moe_redlist,GBIFへの照会自体が未実施（gbif_taxon_key欠落・gbif_match_type=NULL）
justitia longimanus,Justitia longimanus,カギテリョウマエビ,甲殻類（海洋生物）,,情報不足（DD）,,,moe_redlist,GBIFへの照会自体が未実施（gbif_taxon_key欠落・gbif_match_type=NULL）
kallima inachus eucerca,Kallima inachus eucerca,コノハチョウ,昆虫類,,準絶滅危惧（NT）,,,moe_redlist,GBIFへの照会自体が未実施（gbif_taxon_key欠落・gbif_match_type=NULL）
karstarma boholano,Karstarma boholano,ドウクツベンケイガニ,その他無脊椎動物,,情報不足（DD）,,,moe_redlist,GBIFへの照会自体が未実施（gbif_taxon_key欠落・gbif_match_type=NULL）
katelysia japonica,Katelysia japonica,スダレハマグリ,貝類,,準絶滅危惧（NT）,,,moe_redlist,GBIFへの照会自体が未実施（gbif_taxon_key欠落・gbif_match_type=NULL）
kaupichthys atronasus,Kaupichthys atronasus,クロヒゲイワアナゴ,魚類（海洋生物）,,情報不足（DD）,,,moe_redlist,GBIFへの照会自体が未実施（gbif_taxon_key欠落・gbif_match_type=NULL）
kaupichthys japonicus,Kaupichthys japonicus,イワアナゴ,魚類（海洋生物）,,情報不足（DD）,,,moe_redlist,GBIFへの照会自体が未実施（gbif_taxon_key欠落・gbif_match_type=NULL）
ketupa blakistoni blakistoni,Ketupa blakistoni blakistoni,シマフクロウ,鳥類,,絶滅危惧IB類（EN）,,,moe_redlist,GBIFへの照会自体が未実施（gbif_taxon_key欠落・gbif_match_type=NULL）
kidokuga torasan,Kidokuga torasan,トラサンドクガ,昆虫類,,準絶滅危惧（NT）,,,moe_redlist,GBIFへの照会自体が未実施（gbif_taxon_key欠落・gbif_match_type=NULL）
kirengeshoma palmata,Kirengeshoma palmata,キレンゲショウマ,維管束植物,,絶滅危惧Ⅱ類（VU）,,,moe_redlist,GBIFへの照会自体が未実施（gbif_taxon_key欠落・gbif_match_type=NULL）
kirinia fentoni,Kirinia fentoni,キマダラモドキ,昆虫類,,準絶滅危惧（NT）,,,moe_redlist,GBIFへの照会自体が未実施（gbif_taxon_key欠落・gbif_match_type=NULL）
kirkaldyia deyrolli,Kirkaldyia deyrolli,タガメ,昆虫類,,絶滅危惧II類（VU）,,,moe_redlist,GBIFへの照会自体が未実施（gbif_taxon_key欠落・gbif_match_type=NULL）
kitocoris hahajima,Kitocoris hahajima,ハハジマハナカメムシ,昆虫類,,絶滅危惧II類（VU）,,,moe_redlist,GBIFへの照会自体が未実施（gbif_taxon_key欠落・gbif_match_type=NULL）
kitocoris omura,Kitocoris omura,オオムラハナカメムシ,昆虫類,,準絶滅危惧（NT）,,,moe_redlist,GBIFへの照会自体が未実施（gbif_taxon_key欠落・gbif_match_type=NULL）
kleinhovia hospita,Kleinhovia hospita,フウセンアカメガシワ,維管束植物,,情報不足（DD）,,,moe_redlist,GBIFへの照会自体が未実施（gbif_taxon_key欠落・gbif_match_type=NULL）
knoxia sumatrensis,Knoxia sumatrensis,シソノミグサ,維管束植物,,絶滅危惧ⅠＡ類（CR）,,,moe_redlist,GBIFへの照会自体が未実施（gbif_taxon_key欠落・gbif_match_type=NULL）
kraemeria tongaensis,Kraemeria tongaensis,トンガスナハゼ,汽水・淡水魚類,,情報不足（DD）,,,moe_redlist,GBIFへの照会自体が未実施（gbif_taxon_key欠落・gbif_match_type=NULL）
kuhlia munda,Kuhlia munda,トゲナガユゴイ,汽水・淡水魚類,,絶滅危惧IB類（EN）,,,moe_redlist,GBIFへの照会自体が未実施（gbif_taxon_key欠落・gbif_match_type=NULL）
kumanoa gracillima,Kumanoa gracillima,ミナミイトカワモズク,藻類,,絶滅危惧ⅠB類（EN）,,,moe_redlist,GBIFへの照会自体が未実施（gbif_taxon_key欠落・gbif_match_type=NULL）
kumanoa kushiroensis,Kumanoa kushiroensis,クシロカワモズク,藻類,,情報不足（DD）,,,moe_redlist,GBIFへの照会自体が未実施（gbif_taxon_key欠落・gbif_match_type=NULL）
kumanoa virgato-decaisneana,Kumanoa virgato-decaisneana,ニシノカワモズク,藻類,,絶滅危惧ⅠB類（EN）,,,moe_redlist,GBIFへの照会自体が未実施（gbif_taxon_key欠落・gbif_match_type=NULL）
kumepagurus cavernicolus,Kumepagurus cavernicolus,クメジマドウクツヤドカリ,甲殻類（海洋生物）,,情報不足（DD）,,,moe_redlist,GBIFへの照会自体が未実施（gbif_taxon_key欠落・gbif_match_type=NULL）
kurosawaia yanoi,Kurosawaia yanoi,ツヤヒメマルタマムシ,昆虫類,,準絶滅危惧（NT）,,,moe_redlist,GBIFへの照会自体が未実施（gbif_taxon_key欠落・gbif_match_type=NULL）
kusumia australis,Kusumia australis,コカシメクラチビゴミムシ,昆虫類,,絶滅危惧II類（VU）,,,moe_redlist,GBIFへの照会自体が未実施（gbif_taxon_key欠落・gbif_match_type=NULL）
labrichthys unilineatus,Labrichthys unilineatus,クロベラ,魚類（海洋生物）,,準絶滅危惧（NT）,,,moe_redlist,GBIFへの照会自体が未実施（gbif_taxon_key欠落・gbif_match_type=NULL）
lacanobia aliena,Lacanobia aliena,オイワケクロヨトウ,昆虫類,,絶滅危惧IB類（EN）,,,moe_redlist,GBIFへの照会自体が未実施（gbif_taxon_key欠落・gbif_match_type=NULL）
laccobius bedeli,Laccobius bedeli,シジミガムシ,昆虫類,,絶滅危惧IB類（EN）,,,moe_redlist,GBIFへの照会自体が未実施（gbif_taxon_key欠落・gbif_match_type=NULL）
laccobius inopinus,Laccobius inopinus,ミユキシジミガムシ,昆虫類,,準絶滅危惧（NT）,,,moe_redlist,GBIFへの照会自体が未実施（gbif_taxon_key欠落・gbif_match_type=NULL）
laccophilus kobensis,Laccophilus kobensis,コウベツブゲンゴロウ,昆虫類,,準絶滅危惧（NT）,,,moe_redlist,GBIFへの照会自体が未実施（gbif_taxon_key欠落・gbif_match_type=NULL）
laccophilus lewisius,Laccophilus lewisius,ルイスツブゲンゴロウ,昆虫類,,絶滅危惧II類（VU）,,,moe_redlist,GBIFへの照会自体が未実施（gbif_taxon_key欠落・gbif_match_type=NULL）
laccophilus nakajimai,Laccophilus nakajimai,ナカジマツブゲンゴロウ,昆虫類,,絶滅危惧II類（VU）,,,moe_redlist,GBIFへの照会自体が未実施（gbif_taxon_key欠落・gbif_match_type=NULL）
laccophilus sharpi,Laccophilus sharpi,シャープツブゲンゴロウ,昆虫類,,準絶滅危惧（NT）,,,moe_redlist,GBIFへの照会自体が未実施（gbif_taxon_key欠落・gbif_match_type=NULL）
laccophilus vagelineatus,Laccophilus vagelineatus,キタノツブゲンゴロウ,昆虫類,,絶滅危惧IB類（EN）,,,moe_redlist,GBIFへの照会自体が未実施（gbif_taxon_key欠落・gbif_match_type=NULL）
laccotrephes maculatus,Laccotrephes maculatus,エサキタイコウチ,昆虫類,,準絶滅危惧（NT）,,,moe_redlist,GBIFへの照会自体が未実施（gbif_taxon_key欠落・gbif_match_type=NULL）
lachnoderma asperum,Lachnoderma asperum,アリスアトキリゴミムシ,昆虫類,,情報不足（DD）,,,moe_redlist,GBIFへの照会自体が未実施（gbif_taxon_key欠落・gbif_match_type=NULL）
lactarius ogasawarashimensis,Lactarius ogasawarashimensis,オガサワラハツタケ,菌類,,情報不足（DD）,,,moe_redlist,GBIFへの照会自体が未実施（gbif_taxon_key欠落・gbif_match_type=NULL）
lactiforis takii,Lactiforis takii,ウミマイマイ,貝類,,絶滅危惧II類（VU）,,,moe_redlist,GBIFへの照会自体が未実施（gbif_taxon_key欠落・gbif_match_type=NULL）
lacuna carinifera,Lacuna carinifera,モロハタマキビ（セトウチヘソカドタマキビ）,貝類,,準絶滅危惧（NT）,,,moe_redlist,GBIFへの照会自体が未実施（gbif_taxon_key欠落・gbif_match_type=NULL）
laelia coenosa,Laelia coenosa,スゲドクガ,昆虫類,,準絶滅危惧（NT）,,,moe_redlist,GBIFへの照会自体が未実施（gbif_taxon_key欠落・gbif_match_type=NULL）
laelia kunigamiensis,Laelia kunigamiensis,クニガミスゲドクガ,昆虫類,,準絶滅危惧（NT）,,,moe_redlist,GBIFへの照会自体が未実施（gbif_taxon_key欠落・gbif_match_type=NULL）
laelia miyanoi,Laelia miyanoi,ミヤノスゲドクガ,昆虫類,,絶滅危惧II類（VU）,,,moe_redlist,GBIFへの照会自体が未実施（gbif_taxon_key欠落・gbif_match_type=NULL）
laemodonta bella,Laemodonta bella,カドバリコミミガイ,貝類,,絶滅危惧I類（CR+EN）,,,moe_redlist,GBIFへの照会自体が未実施（gbif_taxon_key欠落・gbif_match_type=NULL）
laemodonta exaratoides,Laemodonta exaratoides,ウスコミミガイ,貝類,,準絶滅危惧（NT）,,,moe_redlist,GBIFへの照会自体が未実施（gbif_taxon_key欠落・gbif_match_type=NULL）
laemodonta monilifera,Laemodonta monilifera,マキスジコミミガイ,貝類,,準絶滅危惧（NT）,,,moe_redlist,GBIFへの照会自体が未実施（gbif_taxon_key欠落・gbif_match_type=NULL）
laemodonta octanfracta,Laemodonta octanfracta,イササコミミガイ,貝類,,情報不足（DD）,,,moe_redlist,GBIFへの照会自体が未実施（gbif_taxon_key欠落・gbif_match_type=NULL）
laemodonta siamensis,Laemodonta siamensis,クリイロコミミガイ,貝類,,絶滅危惧II類（VU）,,,moe_redlist,GBIFへの照会自体が未実施（gbif_taxon_key欠落・gbif_match_type=NULL）
laemodonta sp. a,Laemodonta sp. A,シュジュコミミガイ,貝類,,準絶滅危惧（NT）,,,moe_redlist,GBIFへの照会自体が未実施（gbif_taxon_key欠落・gbif_match_type=NULL）
laemodonta sp. b,Laemodonta sp. B,コベソコミミガイ（マルコミミガイ）,貝類,,絶滅危惧II類（VU）,,,moe_redlist,GBIFへの照会自体が未実施（gbif_taxon_key欠落・gbif_match_type=NULL）
laemodonta typica,Laemodonta typica,ヘソアキコミミガイ,貝類,,準絶滅危惧（NT）,,,moe_redlist,GBIFへの照会自体が未実施（gbif_taxon_key欠落・gbif_match_type=NULL）
lagarosiphon major,Lagarosiphon major,クロモモドキ（ラガロシフォン・マヨール）,植物,,,重点対策外来種,,moe_ias_list,GBIFへの照会自体が未実施（gbif_taxon_key欠落・gbif_match_type=NULL）
lagenophora lanata,Lagenophora lanata,コケセンボンギク,維管束植物,,絶滅危惧ⅠＡ類（CR）,,,moe_redlist,GBIFへの照会自体が未実施（gbif_taxon_key欠落・gbif_match_type=NULL）
lagerstroemia subcostata var. fauriei,Lagerstroemia subcostata var. fauriei,ヤクシマサルスベリ,維管束植物,,準絶滅危惧（NT）,,,moe_redlist,GBIFへの照会自体が未実施（gbif_taxon_key欠落・gbif_match_type=NULL）
lagerstroemia subcostata var. subcostata,Lagerstroemia subcostata var. subcostata,シマサルスベリ,維管束植物,,準絶滅危惧（NT）,,,moe_redlist,GBIFへの照会自体が未実施（gbif_taxon_key欠落・gbif_match_type=NULL）
lagotis glauca,Lagotis glauca,ウルップソウ,維管束植物,,準絶滅危惧（NT）,,,moe_redlist,GBIFへの照会自体が未実施（gbif_taxon_key欠落・gbif_match_type=NULL）
lagotis takedana,Lagotis takedana,ユウバリソウ,維管束植物,,絶滅危惧ⅠB類（EN）,,,moe_redlist,GBIFへの照会自体が未実施（gbif_taxon_key欠落・gbif_match_type=NULL）
lagotis yesoensis,Lagotis yesoensis,ホソバウルップソウ,維管束植物,,絶滅危惧ⅠB類（EN）,,,moe_redlist,GBIFへの照会自体が未実施（gbif_taxon_key欠落・gbif_match_type=NULL）
laguncula pulchella,Laguncula pulchella,サキグロタマツメタ,貝類,,絶滅危惧I類（CR+EN）,,,moe_redlist,GBIFへの照会自体が未実施（gbif_taxon_key欠落・gbif_match_type=NULL）
laius asahinai,Laius asahinai,イソジョウカイモドキ,昆虫類,,情報不足（DD）,,,moe_redlist,GBIFへの照会自体が未実施（gbif_taxon_key欠落・gbif_match_type=NULL）
lamellidea biplicata,Lamellidea biplicata,トウガタノミガイ,貝類,,絶滅危惧II類（VU）,,,moe_redlist,GBIFへの照会自体が未実施（gbif_taxon_key欠落・gbif_match_type=NULL）
lamellidea hataiana,Lamellidea hataiana,ハタイノミガイ,貝類,,情報不足（DD）,,,moe_redlist,GBIFへの照会自体が未実施（gbif_taxon_key欠落・gbif_match_type=NULL）
lamellidea monodonta,Lamellidea monodonta,ヒトハノミガイ,貝類,,情報不足（DD）,,,moe_redlist,GBIFへの照会自体が未実施（gbif_taxon_key欠落・gbif_match_type=NULL）
lamellidea nakadai,Lamellidea nakadai,ナカダノミガイ,貝類,,情報不足（DD）,,,moe_redlist,GBIFへの照会自体が未実施（gbif_taxon_key欠落・gbif_match_type=NULL）
lamellidea ogasawarana,Lamellidea ogasawarana,オガサワラノミガイ,貝類,,絶滅危惧II類（VU）,,,moe_redlist,GBIFへの照会自体が未実施（gbif_taxon_key欠落・gbif_match_type=NULL）
lamium album var. kitadakense,Lamium album var. kitadakense,キタダケオドリコソウ,維管束植物,,準絶滅危惧（NT）,,,moe_redlist,GBIFへの照会自体が未実施（gbif_taxon_key欠落・gbif_match_type=NULL）
lamprocystis hahajimana hahajimana,Lamprocystis hahajimana hahajimana,ハハジマヒメベッコウ,貝類,,絶滅危惧II類（VU）,,,moe_redlist,GBIFへの照会自体が未実施（gbif_taxon_key欠落・gbif_match_type=NULL）
lanceolaria kihirai,Lanceolaria kihirai,キュウシュウササノハガイ,貝類,,絶滅危惧IB類（EN）,,,moe_redlist,GBIFへの照会自体が未実施（gbif_taxon_key欠落・gbif_match_type=NULL）
lanceolaria oxyrhyncha,Lanceolaria oxyrhyncha,ササノハガイ,貝類,,絶滅危惧II類（VU）,,,moe_redlist,GBIFへの照会自体が未実施（gbif_taxon_key欠落・gbif_match_type=NULL）
lantana camara,Lantana camara,シチヘンゲ（ランタナ）,植物,,,重点対策外来種,,moe_ias_list,GBIFへの照会自体が未実施（gbif_taxon_key欠落・gbif_match_type=NULL）
larra amplipennis,Larra amplipennis,アカオビケラトリ,昆虫類,,準絶滅危惧（NT）,,,moe_redlist,GBIFへの照会自体が未実施（gbif_taxon_key欠落・gbif_match_type=NULL）
lasianthus hispidulus,Lasianthus hispidulus,ニコゲルリミノキ,維管束植物,,準絶滅危惧（NT）,,,moe_redlist,GBIFへの照会自体が未実施（gbif_taxon_key欠落・gbif_match_type=NULL）
lasiommata deidamia kampuzana,Lasiommata deidamia kampuzana,ツマジロウラジャノメ四国亜種,昆虫類,,絶滅危惧II類（VU）,,,moe_redlist,GBIFへの照会自体が未実施（gbif_taxon_key欠落・gbif_match_type=NULL）
lasius hikosanus,Lasius hikosanus,ミヤマアメイロケアリ,昆虫類,,情報不足（DD）,,,moe_redlist,GBIFへの照会自体が未実施（gbif_taxon_key欠落・gbif_match_type=NULL）
lasius orientalis,Lasius orientalis,テラニシケアリ,昆虫類,,準絶滅危惧（NT）,,,moe_redlist,GBIFへの照会自体が未実施（gbif_taxon_key欠落・gbif_match_type=NULL）
lateolabrax japonicus,Lateolabrax japonicus,有明海のスズキ,汽水・淡水魚類,,絶滅のおそれのある地域個体群（LP）,,,moe_redlist,GBIFへの照会自体が未実施（gbif_taxon_key欠落・gbif_match_type=NULL）
laternula impura,Laternula impura,コオキナガイ,貝類,,絶滅危惧I類（CR+EN）,,,moe_redlist,GBIFへの照会自体が未実施（gbif_taxon_key欠落・gbif_match_type=NULL）
laternula truncata,Laternula truncata,ヒロクチソトオリガイ,貝類,,準絶滅危惧（NT）,,,moe_redlist,GBIFへの照会自体が未実施（gbif_taxon_key欠落・gbif_match_type=NULL）
lates japonicus,Lates japonicus,アカメ,汽水・淡水魚類,,絶滅危惧IB類（EN）,,,moe_redlist,GBIFへの照会自体が未実施（gbif_taxon_key欠落・gbif_match_type=NULL）
lathagrium latzelii,Lathagrium latzelii,ウスバイシバイイワノリ,地衣類,,情報不足（DD）,,,moe_redlist,GBIFへの照会自体が未実施（gbif_taxon_key欠落・gbif_match_type=NULL）
latona cuneata,Latona cuneata,ナミノコ,貝類,,準絶滅危惧（NT）,,,moe_redlist,GBIFへの照会自体が未実施（gbif_taxon_key欠落・gbif_match_type=NULL）
latouchia typica,Latouchia typica,キシノウエトタテグモ,その他無脊椎動物,,準絶滅危惧（NT）,,,moe_redlist,GBIFへの照会自体が未実施（gbif_taxon_key欠落・gbif_match_type=NULL）
laurencia mariannensis,Laurencia mariannensis,フクレソゾ,藻類,,情報不足（DD）,,,moe_redlist,GBIFへの照会自体が未実施（gbif_taxon_key欠落・gbif_match_type=NULL）
lecanorchis kiusiana,Lecanorchis kiusiana,ウスギムヨウラン,維管束植物,,準絶滅危惧（NT）,,,moe_redlist,GBIFへの照会自体が未実施（gbif_taxon_key欠落・gbif_match_type=NULL）
lecanorchis moritae,Lecanorchis moritae,アマミムヨウラン,維管束植物,,絶滅危惧ⅠＡ類（CR）,,,moe_redlist,GBIFへの照会自体が未実施（gbif_taxon_key欠落・gbif_match_type=NULL）
lecanorchis nigricans var. nigricans,Lecanorchis nigricans var. nigricans,クロムヨウラン,維管束植物,,絶滅危惧Ⅱ類（VU）,,,moe_redlist,GBIFへの照会自体が未実施（gbif_taxon_key欠落・gbif_match_type=NULL）
lecanorchis nigricans var. yakusimensis,Lecanorchis nigricans var. yakusimensis,ヤクムヨウラン,維管束植物,,絶滅危惧ⅠＡ類（CR）,,,moe_redlist,GBIFへの照会自体が未実施（gbif_taxon_key欠落・gbif_match_type=NULL）
lecanorchis purpurea,Lecanorchis purpurea,アワムヨウラン,維管束植物,,絶滅危惧ⅠＡ類（CR）,,,moe_redlist,GBIFへの照会自体が未実施（gbif_taxon_key欠落・gbif_match_type=NULL）
lecanorchis tabugawaensis,Lecanorchis tabugawaensis,タブガワムヨウラン,維管束植物,,絶滅危惧ⅠＡ類（CR）,,,moe_redlist,GBIFへの照会自体が未実施（gbif_taxon_key欠落・gbif_match_type=NULL）
lecanorchis taiwaniana,Lecanorchis taiwaniana,ムロトムヨウラン,維管束植物,,絶滅危惧ⅠB類（EN）,,,moe_redlist,GBIFへの照会自体が未実施（gbif_taxon_key欠落・gbif_match_type=NULL）
lecanorchis triloba,Lecanorchis triloba,オキナワムヨウラン,維管束植物,,準絶滅危惧（NT）,,,moe_redlist,GBIFへの照会自体が未実施（gbif_taxon_key欠落・gbif_match_type=NULL）
lecanorchis vietnamica,Lecanorchis vietnamica,シラヒゲムヨウラン,維管束植物,,準絶滅危惧（NT）,,,moe_redlist,GBIFへの照会自体が未実施（gbif_taxon_key欠落・gbif_match_type=NULL）
lecanorchis virella,Lecanorchis virella,ミドリムヨウラン,維管束植物,,絶滅危惧ⅠＡ類（CR）,,,moe_redlist,GBIFへの照会自体が未実施（gbif_taxon_key欠落・gbif_match_type=NULL）
lecanthus peduncularis,Lecanthus peduncularis,チョクザキミズ,維管束植物,,絶滅危惧ⅠB類（EN）,,,moe_redlist,GBIFへの照会自体が未実施（gbif_taxon_key欠落・gbif_match_type=NULL）
lecidea tessellata var. caesia,Lecidea tessellata var. caesia,キタダケヘリトリゴケ,地衣類,,情報不足（DD）,,,moe_redlist,GBIFへの照会自体が未実施（gbif_taxon_key欠落・gbif_match_type=NULL）
leersia hexandra,Leersia hexandra,タイワンアシカキ,維管束植物,,準絶滅危惧（NT）,,,moe_redlist,GBIFへの照会自体が未実施（gbif_taxon_key欠落・gbif_match_type=NULL）
lefua costata nikkonis,Lefua costata nikkonis,エゾホトケドジョウ,汽水・淡水魚類,,絶滅危惧IB類（EN）,,,moe_redlist,GBIFへの照会自体が未実施（gbif_taxon_key欠落・gbif_match_type=NULL）
lefua echigonia,Lefua echigonia,ホトケドジョウ,汽水・淡水魚類,,絶滅危惧IB類（EN）,,,moe_redlist,GBIFへの照会自体が未実施（gbif_taxon_key欠落・gbif_match_type=NULL）
lefua tokaiensis,Lefua tokaiensis,トウカイナガレホトケドジョウ,汽水・淡水魚類,,絶滅危惧IB類（EN）,,,moe_redlist,GBIFへの照会自体が未実施（gbif_taxon_key欠落・gbif_match_type=NULL）
lefua torrentis,Lefua torrentis,ナガレホトケドジョウ,汽水・淡水魚類,,絶滅危惧IB類（EN）,,,moe_redlist,GBIFへの照会自体が未実施（gbif_taxon_key欠落・gbif_match_type=NULL）
leiobunum rubrum,Leiobunum rubrum,アカスベザトウムシ,その他無脊椎動物,,情報不足（DD）,,,moe_redlist,GBIFへの照会自体が未実施（gbif_taxon_key欠落・gbif_match_type=NULL）
leiobunum simplum,Leiobunum simplum,シロウマスベザトウムシ,その他無脊椎動物,,情報不足（DD）,,,moe_redlist,GBIFへの照会自体が未実施（gbif_taxon_key欠落・gbif_match_type=NULL）
leioderma sorediatum,Leioderma sorediatum,コフキニセハナビラゴケ,地衣類,,情報不足（DD）,,,moe_redlist,GBIFへの照会自体が未実施（gbif_taxon_key欠落・gbif_match_type=NULL）
leiodytes frontalis,Leiodytes frontalis,マルチビゲンゴロウ,昆虫類,,準絶滅危惧（NT）,,,moe_redlist,GBIFへの照会自体が未実施（gbif_taxon_key欠落・gbif_match_type=NULL）
leiodytes miyamotoi,Leiodytes miyamotoi,ホソマルチビゲンゴロウ,昆虫類,,情報不足（DD）,,,moe_redlist,GBIFへの照会自体が未実施（gbif_taxon_key欠落・gbif_match_type=NULL）
leiorreuma yakushimense,Leiorreuma yakushimense,ヤクシマモジゴケ,地衣類,,情報不足（DD）,,,moe_redlist,GBIFへの照会自体が未実施（gbif_taxon_key欠落・gbif_match_type=NULL）
lejeunea apiculata,Lejeunea apiculata,ツメクサリゴケ,蘚苔類,,絶滅危惧ⅠB類（EN）,,,moe_redlist,GBIFへの照会自体が未実施（gbif_taxon_key欠落・gbif_match_type=NULL）
lejeunea otiana,Lejeunea otiana,オチクサリゴケ,蘚苔類,,絶滅危惧Ⅱ類（VU）,,,moe_redlist,GBIFへの照会自体が未実施（gbif_taxon_key欠落・gbif_match_type=NULL）
lejeunea sordida,Lejeunea sordida,オオハラバクサリゴケ,蘚苔類,,絶滅危惧ⅠB類（EN）,,,moe_redlist,GBIFへの照会自体が未実施（gbif_taxon_key欠落・gbif_match_type=NULL）
lejeunea syoshii,Lejeunea syoshii,オノクサリゴケ,蘚苔類,,情報不足（DD）,,,moe_redlist,GBIFへの照会自体が未実施（gbif_taxon_key欠落・gbif_match_type=NULL）
lemna trisulca,Lemna trisulca,ヒンジモ,維管束植物,,絶滅危惧ⅠB類（EN）,,,moe_redlist,GBIFへの照会自体が未実施（gbif_taxon_key欠落・gbif_match_type=NULL）
lentipes armatus,Lentipes armatus,ヨロイボウズハゼ,汽水・淡水魚類,,絶滅危惧IA類（CR）,,,moe_redlist,GBIFへの照会自体が未実施（gbif_taxon_key欠落・gbif_match_type=NULL）
leontopodium discolor,Leontopodium discolor,エゾウスユキソウ,維管束植物,,絶滅危惧ⅠB類（EN）,,,moe_redlist,GBIFへの照会自体が未実施（gbif_taxon_key欠落・gbif_match_type=NULL）
leontopodium fauriei var. angustifolium,Leontopodium fauriei var. angustifolium,ホソバヒナウスユキソウ,維管束植物,,絶滅危惧Ⅱ類（VU）,,,moe_redlist,GBIFへの照会自体が未実施（gbif_taxon_key欠落・gbif_match_type=NULL）
leontopodium hayachinense,Leontopodium hayachinense,ハヤチネウスユキソウ,維管束植物,,絶滅危惧ⅠB類（EN）,,,moe_redlist,GBIFへの照会自体が未実施（gbif_taxon_key欠落・gbif_match_type=NULL）
leontopodium japonicum var. perniveum,Leontopodium japonicum var. perniveum,カワラウスユキソウ,維管束植物,,絶滅危惧Ⅱ類（VU）,,,moe_redlist,GBIFへの照会自体が未実施（gbif_taxon_key欠落・gbif_match_type=NULL）
leontopodium miyabeanum,Leontopodium miyabeanum,オオヒラウスユキソウ,維管束植物,,絶滅危惧Ⅱ類（VU）,,,moe_redlist,GBIFへの照会自体が未実施（gbif_taxon_key欠落・gbif_match_type=NULL）
leontopodium shinanense,Leontopodium shinanense,ヒメウスユキソウ,維管束植物,,準絶滅危惧（NT）,,,moe_redlist,GBIFへの照会自体が未実施（gbif_taxon_key欠落・gbif_match_type=NULL）
leonurus macranthus,Leonurus macranthus,キセワタ,維管束植物,,絶滅危惧Ⅱ類（VU）,,,moe_redlist,GBIFへの照会自体が未実施（gbif_taxon_key欠落・gbif_match_type=NULL）
lepidocollema marianum,Lepidocollema marianum,シマハナビラゴケ（シママットゴケ）,地衣類,,情報不足（DD）,,,moe_redlist,GBIFへの照会自体が未実施（gbif_taxon_key欠落・gbif_match_type=NULL）
lepidophthalmus rosae,Lepidophthalmus rosae,和名なし,甲殻類（海洋生物）,,情報不足（DD）,,,moe_redlist,GBIFへの照会自体が未実施（gbif_taxon_key欠落・gbif_match_type=NULL）
lepidopisum conospira,Lepidopisum conospira,カタマメマイマイ,貝類,,絶滅危惧II類（VU）,,,moe_redlist,GBIFへの照会自体が未実施（gbif_taxon_key欠落・gbif_match_type=NULL）
lepirodes layardi,Lepirodes layardi,ミナミウロコガイ,貝類,,準絶滅危惧（NT）,,,moe_redlist,GBIFへの照会自体が未実施（gbif_taxon_key欠落・gbif_match_type=NULL）
lepirodes takii,Lepirodes takii,ウロコガイ,貝類,,準絶滅危惧（NT）,,,moe_redlist,GBIFへの照会自体が未実施（gbif_taxon_key欠落・gbif_match_type=NULL）
lepisorus boninensis,Lepisorus boninensis,ホソバクリハラン,維管束植物,,準絶滅危惧（NT）,,,moe_redlist,GBIFへの照会自体が未実施（gbif_taxon_key欠落・gbif_match_type=NULL）
lepisorus clathratus,Lepisorus clathratus,トヨグチウラボシ,維管束植物,,絶滅危惧ⅠＡ類（CR）,,,moe_redlist,GBIFへの照会自体が未実施（gbif_taxon_key欠落・gbif_match_type=NULL）
lepisorus fortunei,Lepisorus fortunei,オオクリハラン,維管束植物,,絶滅危惧ⅠB類（EN）,,,moe_redlist,GBIFへの照会自体が未実施（gbif_taxon_key欠落・gbif_match_type=NULL）
lepisorus miyoshianus,Lepisorus miyoshianus,クラガリシダ,維管束植物,,絶滅危惧ⅠB類（EN）,,,moe_redlist,GBIFへの照会自体が未実施（gbif_taxon_key欠落・gbif_match_type=NULL）
lepisorus oligolepidus,Lepisorus oligolepidus,ウロコノキシノブ,維管束植物,,絶滅危惧ⅠＡ類（CR）,,,moe_redlist,GBIFへの照会自体が未実施（gbif_taxon_key欠落・gbif_match_type=NULL）
lepisorus pyriformis,Lepisorus pyriformis,オニマメヅタ,維管束植物,,絶滅危惧ⅠＡ類（CR）,,,moe_redlist,GBIFへの照会自体が未実施（gbif_taxon_key欠落・gbif_match_type=NULL）
lepistemon binectariferum var. trichocarpum,Lepistemon binectariferum var. trichocarpum,オオバケアサガオ,維管束植物,,絶滅危惧ⅠB類（EN）,,,moe_redlist,GBIFへの照会自体が未実施（gbif_taxon_key欠落・gbif_match_type=NULL）
leptalina unicolor,Leptalina unicolor,ギンイチモンジセセリ,昆虫類,,準絶滅危惧（NT）,,,moe_redlist,GBIFへの照会自体が未実施（gbif_taxon_key欠落・gbif_match_type=NULL）
leptanilla oceanica,Leptanilla oceanica,オガサワラムカシアリ,昆虫類,,情報不足（DD）,,,moe_redlist,GBIFへの照会自体が未実施（gbif_taxon_key欠落・gbif_match_type=NULL）
leptanilla tanakai,Leptanilla tanakai,ヤクシマムカシアリ,昆虫類,,準絶滅危惧（NT）,,,moe_redlist,GBIFへの照会自体が未実施（gbif_taxon_key欠落・gbif_match_type=NULL）
leptelmis gracilis,Leptelmis gracilis,ヨコミゾドロムシ,昆虫類,,絶滅危惧II類（VU）,,,moe_redlist,GBIFへの照会自体が未実施（gbif_taxon_key欠落・gbif_match_type=NULL）
leptidea amurensis,Leptidea amurensis,ヒメシロチョウ,昆虫類,,絶滅危惧IB類（EN）,,,moe_redlist,GBIFへの照会自体が未実施（gbif_taxon_key欠落・gbif_match_type=NULL）
leptochilus decurrens,Leptochilus decurrens,オキノクリハラン,維管束植物,,絶滅危惧ⅠＡ類（CR）,,,moe_redlist,GBIFへの照会自体が未実施（gbif_taxon_key欠落・gbif_match_type=NULL）
leptochilus elegans,Leptochilus elegans,コマチイワヒトデ,維管束植物,,情報不足（DD）,,,moe_redlist,GBIFへの照会自体が未実施（gbif_taxon_key欠落・gbif_match_type=NULL）
leptochilus hemionitideus,Leptochilus hemionitideus,タイワンクリハラン,維管束植物,,絶滅危惧Ⅱ類（VU）,,,moe_redlist,GBIFへの照会自体が未実施（gbif_taxon_key欠落・gbif_match_type=NULL）
leptocorticium cyatheae,Leptocorticium cyatheae,ヘゴノコウヤクタケ,菌類,,情報不足（DD）,,,moe_redlist,GBIFへの照会自体が未実施（gbif_taxon_key欠落・gbif_match_type=NULL）
leptodermis pulchella,Leptodermis pulchella,シチョウゲ,維管束植物,,準絶滅危惧（NT）,,,moe_redlist,GBIFへの照会自体が未実施（gbif_taxon_key欠落・gbif_match_type=NULL）
leptolejeunea elliptica,Leptolejeunea elliptica,カビゴケ,蘚苔類,,準絶滅危惧（NT）,,,moe_redlist,GBIFへの照会自体が未実施（gbif_taxon_key欠落・gbif_match_type=NULL）
leptomya adunca,Leptomya adunca,ナノハナガイ,貝類,,絶滅危惧I類（CR+EN）,,,moe_redlist,GBIFへの照会自体が未実施（gbif_taxon_key欠落・gbif_match_type=NULL）
leptopetalum biflorum,Leptopetalum biflorum,シマソナレムグラ,維管束植物,,準絶滅危惧（NT）,,,moe_redlist,GBIFへの照会自体が未実施（gbif_taxon_key欠落・gbif_match_type=NULL）
leptopetalum grayi,Leptopetalum grayi,シマザクラ,維管束植物,,準絶滅危惧（NT）,,,moe_redlist,GBIFへの照会自体が未実施（gbif_taxon_key欠落・gbif_match_type=NULL）
leptopetalum mexicanum,Leptopetalum mexicanum,マルバシマザクラ,維管束植物,,絶滅危惧Ⅱ類（VU）,,,moe_redlist,GBIFへの照会自体が未実施（gbif_taxon_key欠落・gbif_match_type=NULL）
leptopoma nitidum,Leptopoma nitidum,アオミオカタニシ,貝類,,準絶滅危惧（NT）,,,moe_redlist,GBIFへの照会自体が未実施（gbif_taxon_key欠落・gbif_match_type=NULL）
lepus brachyurus lyoni,Lepus brachyurus lyoni,サドノウサギ,哺乳類,,準絶滅危惧（NT）,,,moe_redlist,GBIFへの照会自体が未実施（gbif_taxon_key欠落・gbif_match_type=NULL）
lespedeza argyrophylla,Lespedeza argyrophylla,コシキジマハギ,維管束植物,,絶滅危惧ⅠB類（EN）,,,moe_redlist,GBIFへの照会自体が未実施（gbif_taxon_key欠落・gbif_match_type=NULL）
lespedeza maximowiczii,Lespedeza maximowiczii,チョウセンキハギ,維管束植物,,絶滅危惧Ⅱ類（VU）,,,moe_redlist,GBIFへの照会自体が未実施（gbif_taxon_key欠落・gbif_match_type=NULL）
lespedeza melanantha,Lespedeza melanantha,クロバナキハギ,維管束植物,,絶滅危惧Ⅱ類（VU）,,,moe_redlist,GBIFへの照会自体が未実施（gbif_taxon_key欠落・gbif_match_type=NULL）
lespedeza thunbergii subsp. satsumensis,Lespedeza thunbergii subsp. satsumensis,サツマハギ,維管束植物,,準絶滅危惧（NT）,,,moe_redlist,GBIFへの照会自体が未実施（gbif_taxon_key欠落・gbif_match_type=NULL）
lespedeza tomentosa,Lespedeza tomentosa,イヌハギ,維管束植物,,準絶滅危惧（NT）,,,moe_redlist,GBIFへの照会自体が未実施（gbif_taxon_key欠落・gbif_match_type=NULL）
lestes japonicus,Lestes japonicus,コバネアオイトトンボ,昆虫類,,絶滅危惧IB類（EN）,,,moe_redlist,GBIFへの照会自体が未実施（gbif_taxon_key欠落・gbif_match_type=NULL）
lestica rufigaster,Lestica rufigaster,オガサワラギングチバチ,昆虫類,,絶滅危惧II類（VU）,,,moe_redlist,GBIFへの照会自体が未実施（gbif_taxon_key欠落・gbif_match_type=NULL）
lethe europa pavida,Lethe europa pavida,シロオビヒカゲ,昆虫類,,準絶滅危惧（NT）,,,moe_redlist,GBIFへの照会自体が未実施（gbif_taxon_key欠落・gbif_match_type=NULL）
lethe marginalis,Lethe marginalis,クロヒカゲモドキ,昆虫類,,絶滅危惧IB類（EN）,,,moe_redlist,GBIFへの照会自体が未実施（gbif_taxon_key欠落・gbif_match_type=NULL）
lethenteron japonicum,Lethenteron japonicum,カワヤツメ,汽水・淡水魚類,,絶滅危惧II類（VU）,,,moe_redlist,GBIFへの照会自体が未実施（gbif_taxon_key欠落・gbif_match_type=NULL）
lethenteron kessleri,Lethenteron kessleri,シベリアヤツメ,汽水・淡水魚類,,準絶滅危惧（NT）,,,moe_redlist,GBIFへの照会自体が未実施（gbif_taxon_key欠落・gbif_match_type=NULL）
lethenteron sp. n.,Lethenteron sp. N.,スナヤツメ北方種,汽水・淡水魚類,,絶滅危惧II類（VU）,,,moe_redlist,GBIFへの照会自体が未実施（gbif_taxon_key欠落・gbif_match_type=NULL）
lethenteron sp. s.,Lethenteron sp. S.,スナヤツメ南方種,汽水・淡水魚類,,絶滅危惧II類（VU）,,,moe_redlist,GBIFへの照会自体が未実施（gbif_taxon_key欠落・gbif_match_type=NULL）
lethrinus erythracanthus,Lethrinus erythracanthus,アマクチビ,魚類（海洋生物）,,準絶滅危惧（NT）,,,moe_redlist,GBIFへの照会自体が未実施（gbif_taxon_key欠落・gbif_match_type=NULL）
lethrinus reticulatus,Lethrinus reticulatus,ヤエヤマフエフキ,魚類（海洋生物）,,準絶滅危惧（NT）,,,moe_redlist,GBIFへの照会自体が未実施（gbif_taxon_key欠落・gbif_match_type=NULL）
lethrinusmicrodon,Lethrinusmicrodon,オオフエフキ,魚類（海洋生物）,,準絶滅危惧（NT）,,,moe_redlist,GBIFへの照会自体が未実施（gbif_taxon_key欠落・gbif_match_type=NULL）
lethrinusminiatus,Lethrinusminiatus,アマミフエフキ,魚類（海洋生物）,,準絶滅危惧（NT）,,,moe_redlist,GBIFへの照会自体が未実施（gbif_taxon_key欠落・gbif_match_type=NULL）
letrouitia bifera,Letrouitia bifera,キンカンゴケ,地衣類,,準絶滅危惧（NT）,,,moe_redlist,GBIFへの照会自体が未実施（gbif_taxon_key欠落・gbif_match_type=NULL）
leucaena leucocephala,Leucaena leucocephala,ギンネム（ギンゴウカン、タマザキセンナ）,植物,,,重点対策外来種,,moe_ias_list,GBIFへの照会自体が未実施（gbif_taxon_key欠落・gbif_match_type=NULL）
leucanthemella linearis,Leucanthemella linearis,ミコシギク,維管束植物,,絶滅危惧ⅠB類（EN）,,,moe_redlist,GBIFへの照会自体が未実施（gbif_taxon_key欠落・gbif_match_type=NULL）
leucanthemum vulgare,Leucanthemum vulgare,フランスギク,植物,,,その他の総合対策外来種,,moe_ias_list,GBIFへの照会自体が未実施（gbif_taxon_key欠落・gbif_match_type=NULL）
leucapamea hikosana,Leucapamea hikosana,クロコシロヨトウ,昆虫類,,絶滅危惧IB類（EN）,,,moe_redlist,GBIFへの照会自体が未実施（gbif_taxon_key欠落・gbif_match_type=NULL）
leucobryum glaucum,Leucobryum glaucum,シロシラガゴケ,蘚苔類,,絶滅危惧Ⅱ類（VU）,,,moe_redlist,GBIFへの照会自体が未実施（gbif_taxon_key欠落・gbif_match_type=NULL）
leucobryum javense,Leucobryum javense,ジャバシラガゴケ,蘚苔類,,絶滅危惧Ⅱ類（VU）,,,moe_redlist,GBIFへの照会自体が未実施（gbif_taxon_key欠落・gbif_match_type=NULL）
leucodon alpinus,Leucodon alpinus,ツヤダシタカネイタチゴケ,蘚苔類,,絶滅危惧ⅠB類（EN）,,,moe_redlist,GBIFへの照会自体が未実施（gbif_taxon_key欠落・gbif_match_type=NULL）
leucodon coreensis,Leucodon coreensis,コマイタチゴケ,蘚苔類,,絶滅危惧Ⅱ類（VU）,,,moe_redlist,GBIFへの照会自体が未実施（gbif_taxon_key欠落・gbif_match_type=NULL）
leucodon giganteus,Leucodon giganteus,オオヤマトイタチゴケ,蘚苔類,,情報不足（DD）,,,moe_redlist,GBIFへの照会自体が未実施（gbif_taxon_key欠落・gbif_match_type=NULL）
leucodon sciuroides,Leucodon sciuroides,キタイタチゴケ,蘚苔類,,情報不足（DD）,,,moe_redlist,GBIFへの照会自体が未実施（gbif_taxon_key欠落・gbif_match_type=NULL）
leucodon sohayakiensis,Leucodon sohayakiensis,ヨコグライタチゴケ,蘚苔類,,情報不足（DD）,,,moe_redlist,GBIFへの照会自体が未実施（gbif_taxon_key欠落・gbif_match_type=NULL）
leucophanes angustifolium,Leucophanes angustifolium,ニセハブタエゴケ,蘚苔類,,絶滅危惧Ⅱ類（VU）,,,moe_redlist,GBIFへの照会自体が未実施（gbif_taxon_key欠落・gbif_match_type=NULL）
leucopsarion petersii,Leucopsarion petersii,シロウオ,汽水・淡水魚類,,絶滅危惧II類（VU）,,,moe_redlist,GBIFへの照会自体が未実施（gbif_taxon_key欠落・gbif_match_type=NULL）
leucorrhinia intermedia ijimai,Leucorrhinia intermedia ijimai,エゾカオジロトンボ,昆虫類,,準絶滅危惧（NT）,,,moe_redlist,GBIFへの照会自体が未実施（gbif_taxon_key欠落・gbif_match_type=NULL）
leucotina dianae,Leucotina dianae,マキモノガイ,貝類,,絶滅危惧I類（CR+EN）,,,moe_redlist,GBIFへの照会自体が未実施（gbif_taxon_key欠落・gbif_match_type=NULL）
leucotina digitalis,Leucotina digitalis,チビマキギヌ（ササクレマキモノガイ）,貝類,,準絶滅危惧（NT）,,,moe_redlist,GBIFへの照会自体が未実施（gbif_taxon_key欠落・gbif_match_type=NULL）
leucotina sp.,Leucotina sp.,ニライカナイゴウナ,貝類,,準絶滅危惧（NT）,,,moe_redlist,GBIFへの照会自体が未実施（gbif_taxon_key欠落・gbif_match_type=NULL）
lewinskya iwatsukii,Lewinskya iwatsukii,イボタチヒダゴケ,蘚苔類,,絶滅危惧Ⅱ類（VU）,,,moe_redlist,GBIFへの照会自体が未実施（gbif_taxon_key欠落・gbif_match_type=NULL）
leymus komarovii,Leymus komarovii,アイヌムギ,維管束植物,,情報不足（DD）,,,moe_redlist,GBIFへの照会自体が未実施（gbif_taxon_key欠落・gbif_match_type=NULL）
liacarus latilamellatus,Liacarus latilamellatus,アシュウタマゴダニ,その他無脊椎動物,,情報不足（DD）,,,moe_redlist,GBIFへの照会自体が未実施（gbif_taxon_key欠落・gbif_match_type=NULL）
liacos melanogaster,Liacos melanogaster,ナガセクロツチバチ,昆虫類,,準絶滅危惧（NT）,,,moe_redlist,GBIFへの照会自体が未実施（gbif_taxon_key欠落・gbif_match_type=NULL）
liardetia boninensis,Liardetia boninensis,ボニンキビ,貝類,,準絶滅危惧（NT）,,,moe_redlist,GBIFへの照会自体が未実施（gbif_taxon_key欠落・gbif_match_type=NULL）
lignosus rhinocerotis,Lignosus rhinocerotis,ヒジリタケ,菌類,,情報不足（DD）,,,moe_redlist,GBIFへの照会自体が未実施（gbif_taxon_key欠落・gbif_match_type=NULL）
ligularia angusta,Ligularia angusta,ヤマタバコ,維管束植物,,絶滅危惧ⅠB類（EN）,,,moe_redlist,GBIFへの照会自体が未実施（gbif_taxon_key欠落・gbif_match_type=NULL）
ligularia sibirica,Ligularia sibirica,アソタカラコウ,維管束植物,,絶滅危惧Ⅱ類（VU）,,,moe_redlist,GBIFへの照会自体が未実施（gbif_taxon_key欠落・gbif_match_type=NULL）
ligustrum lucidum,Ligustrum lucidum,トウネズミモチ,植物,,,重点対策外来種,,moe_ias_list,GBIFへの照会自体が未実施（gbif_taxon_key欠落・gbif_match_type=NULL）
ligustrum tamakii,Ligustrum tamakii,トゲイボタ,維管束植物,,絶滅危惧ⅠＡ類（CR）,,,moe_redlist,GBIFへの照会自体が未実施（gbif_taxon_key欠落・gbif_match_type=NULL）
lilium alexandrae,Lilium alexandrae,ウケユリ,維管束植物,,絶滅危惧ⅠＡ類（CR）,,,moe_redlist,GBIFへの照会自体が未実施（gbif_taxon_key欠落・gbif_match_type=NULL）
lilium callosum var. callosum,Lilium callosum var. callosum,ノヒメユリ,維管束植物,,絶滅危惧Ⅱ類（VU）,,,moe_redlist,GBIFへの照会自体が未実施（gbif_taxon_key欠落・gbif_match_type=NULL）
lilium callosum var. flaviflorum,Lilium callosum var. flaviflorum,キバナスゲユリ,維管束植物,,絶滅危惧ⅠＡ類（CR）,,,moe_redlist,GBIFへの照会自体が未実施（gbif_taxon_key欠落・gbif_match_type=NULL）
lilium concolor,Lilium concolor,ヒメユリ,維管束植物,,絶滅危惧ⅠB類（EN）,,,moe_redlist,GBIFへの照会自体が未実施（gbif_taxon_key欠落・gbif_match_type=NULL）
lilium japonicum var. abeanum,Lilium japonicum var. abeanum,ジンリョウユリ,維管束植物,,絶滅危惧ⅠB類（EN）,,,moe_redlist,GBIFへの照会自体が未実施（gbif_taxon_key欠落・gbif_match_type=NULL）
lilium maculatum var. bukosanense,Lilium maculatum var. bukosanense,ミヤマスカシユリ,維管束植物,,絶滅危惧Ⅱ類（VU）,,,moe_redlist,GBIFへの照会自体が未実施（gbif_taxon_key欠落・gbif_match_type=NULL）
lilium maculatum var. monticola,Lilium maculatum var. monticola,ヤマスカシユリ,維管束植物,,準絶滅危惧（NT）,,,moe_redlist,GBIFへの照会自体が未実施（gbif_taxon_key欠落・gbif_match_type=NULL）
lilium nobilissimum,Lilium nobilissimum,タモトユリ,維管束植物,,絶滅危惧ⅠＡ類（CR）,,,moe_redlist,GBIFへの照会自体が未実施（gbif_taxon_key欠落・gbif_match_type=NULL）
lilium rubellum,Lilium rubellum,ヒメサユリ,維管束植物,,準絶滅危惧（NT）,,,moe_redlist,GBIFへの照会自体が未実施（gbif_taxon_key欠落・gbif_match_type=NULL）
lilium speciosum var. clivorum,Lilium speciosum var. clivorum,タキユリ,維管束植物,,絶滅危惧Ⅱ類（VU）,,,moe_redlist,GBIFへの照会自体が未実施（gbif_taxon_key欠落・gbif_match_type=NULL）
lilium speciosum var. speciosum,Lilium speciosum var. speciosum,カノコユリ,維管束植物,,絶滅危惧Ⅱ類（VU）,,,moe_redlist,GBIFへの照会自体が未実施（gbif_taxon_key欠落・gbif_match_type=NULL）
lilium × formologi,Lilium × formologi,シンテッポウユリ（新鉄砲ユリ、タカサゴユリ）,植物,,,その他の総合対策外来種,,moe_ias_list,GBIFへの照会自体が未実施（gbif_taxon_key欠落・gbif_match_type=NULL）
limacella olivaceobrunnea,Limacella olivaceobrunnea,ムニンヌメリカラカサタケ,菌類,,情報不足（DD）,,,moe_redlist,GBIFへの照会自体が未実施（gbif_taxon_key欠落・gbif_match_type=NULL）
limecola contabulata,Limecola contabulata,サビシラトリ,貝類,,準絶滅危惧（NT）,,,moe_redlist,GBIFへの照会自体が未実施（gbif_taxon_key欠落・gbif_match_type=NULL）
limecola petalum,Limecola petalum,タカホコシラトリ,貝類,,絶滅危惧I類（CR+EN）,,,moe_redlist,GBIFへの照会自体が未実施（gbif_taxon_key欠落・gbif_match_type=NULL）
limenitis populi jezoensis,Limenitis populi jezoensis,オオイチモンジ,昆虫類,,絶滅危惧II類（VU）,,,moe_redlist,GBIFへの照会自体が未実施（gbif_taxon_key欠落・gbif_match_type=NULL）
limnobium laevigatum,Limnobium laevigatum,アマゾントチカガミ（アマゾンフロッグピット、リムノビウム・ラエビガータム）,植物,,,重点対策外来種,,moe_ias_list,GBIFへの照会自体が未実施（gbif_taxon_key欠落・gbif_match_type=NULL）
limnogonus nitidus,Limnogonus nitidus,ツヤセスジアメンボ,昆虫類,,準絶滅危惧（NT）,,,moe_redlist,GBIFへの照会自体が未実施（gbif_taxon_key欠落・gbif_match_type=NULL）
limnohypnum mizushimae,Limnohypnum mizushimae,オニシメリゴケ,蘚苔類,,絶滅危惧ⅠB類（EN）,,,moe_redlist,GBIFへの照会自体が未実施（gbif_taxon_key欠落・gbif_match_type=NULL）
limnometra femorata,Limnometra femorata,トゲアシアメンボ,昆虫類,,絶滅危惧II類（VU）,,,moe_redlist,GBIFへの照会自体が未実施（gbif_taxon_key欠落・gbif_match_type=NULL）
limnophila fragrans,Limnophila fragrans,エナシシソクサ,維管束植物,,絶滅危惧ⅠB類（EN）,,,moe_redlist,GBIFへの照会自体が未実施（gbif_taxon_key欠落・gbif_match_type=NULL）
limnophila trichophylla,Limnophila trichophylla,コキクモ,維管束植物,,絶滅危惧Ⅱ類（VU）,,,moe_redlist,GBIFへの照会自体が未実施（gbif_taxon_key欠落・gbif_match_type=NULL）
limnoporus esakii,Limnoporus esakii,エサキアメンボ,昆虫類,,準絶滅危惧（NT）,,,moe_redlist,GBIFへの照会自体が未実施（gbif_taxon_key欠落・gbif_match_type=NULL）
limonium senkakuense,Limonium senkakuense,センカクハマサジ,維管束植物,,絶滅危惧ⅠＡ類（CR）,,,moe_redlist,GBIFへの照会自体が未実施（gbif_taxon_key欠落・gbif_match_type=NULL）
limonium sinense,Limonium sinense,タイワンハマサジ,維管束植物,,絶滅危惧ⅠＡ類（CR）,,,moe_redlist,GBIFへの照会自体が未実施（gbif_taxon_key欠落・gbif_match_type=NULL）
limonium tetragonum,Limonium tetragonum,ハマサジ,維管束植物,,準絶滅危惧（NT）,,,moe_redlist,GBIFへの照会自体が未実施（gbif_taxon_key欠落・gbif_match_type=NULL）
limonium wrightii var. arbusculum,Limonium wrightii var. arbusculum,イソマツ,維管束植物,,絶滅危惧Ⅱ類（VU）,,,moe_redlist,GBIFへの照会自体が未実施（gbif_taxon_key欠落・gbif_match_type=NULL）
limonium wrightii var. wrightii,Limonium wrightii var. wrightii,キバナイソマツ,維管束植物,,絶滅危惧Ⅱ類（VU）,,,moe_redlist,GBIFへの照会自体が未実施（gbif_taxon_key欠落・gbif_match_type=NULL）
limosella aquatica,Limosella aquatica,キタミソウ,維管束植物,,絶滅危惧Ⅱ類（VU）,,,moe_redlist,GBIFへの照会自体が未実施（gbif_taxon_key欠落・gbif_match_type=NULL）
limulatys ooformis,Limulatys ooformis,ホソタマゴガイ,貝類,,準絶滅危惧（NT）,,,moe_redlist,GBIFへの照会自体が未実施（gbif_taxon_key欠落・gbif_match_type=NULL）
lindera communis var. okinawensis,Lindera communis var. okinawensis,オキナワコウバシ,維管束植物,,絶滅危惧Ⅱ類（VU）,,,moe_redlist,GBIFへの照会自体が未実施（gbif_taxon_key欠落・gbif_match_type=NULL）
lindsaea cambodgensis,Lindsaea cambodgensis,ヒメホングウシダ,維管束植物,,絶滅危惧Ⅱ類（VU）,,,moe_redlist,GBIFへの照会自体が未実施（gbif_taxon_key欠落・gbif_match_type=NULL）
lindsaea ensifolia,Lindsaea ensifolia,イヌイノモトソウ,維管束植物,,絶滅危惧ⅠＡ類（CR）,,,moe_redlist,GBIFへの照会自体が未実施（gbif_taxon_key欠落・gbif_match_type=NULL）
lindsaea heterophylla,Lindsaea heterophylla,エダウチクジャク,維管束植物,,準絶滅危惧（NT）,,,moe_redlist,GBIFへの照会自体が未実施（gbif_taxon_key欠落・gbif_match_type=NULL）
lindsaea kawabatae,Lindsaea kawabatae,シノブホングウシダ,維管束植物,,絶滅危惧ⅠＡ類（CR）,,,moe_redlist,GBIFへの照会自体が未実施（gbif_taxon_key欠落・gbif_match_type=NULL）
lindsaea orbiculata var. orbiculata,Lindsaea orbiculata var. orbiculata,マルバホングウシダ,維管束植物,,準絶滅危惧（NT）,,,moe_redlist,GBIFへの照会自体が未実施（gbif_taxon_key欠落・gbif_match_type=NULL）
lindsaea repanda,Lindsaea repanda,ムニンエダウチホングウシダ,維管束植物,,準絶滅危惧（NT）,,,moe_redlist,GBIFへの照会自体が未実施（gbif_taxon_key欠落・gbif_match_type=NULL）
lindsaea simulans,Lindsaea simulans,ウチワホングウシダ,維管束植物,,絶滅危惧ⅠB類（EN）,,,moe_redlist,GBIFへの照会自体が未実施（gbif_taxon_key欠落・gbif_match_type=NULL）
linum stelleroides,Linum stelleroides,マツバニンジン,維管束植物,,絶滅危惧ⅠＡ類（CR）,,,moe_redlist,GBIFへの照会自体が未実施（gbif_taxon_key欠落・gbif_match_type=NULL）
liobagrus reinii,Liobagrus reinii,アカザ,汽水・淡水魚類,,絶滅危惧II類（VU）,,,moe_redlist,GBIFへの照会自体が未実施（gbif_taxon_key欠落・gbif_match_type=NULL）
liparis auriculata,Liparis auriculata,ギボウシラン,維管束植物,,絶滅危惧Ⅱ類（VU）,,,moe_redlist,GBIFへの照会自体が未実施（gbif_taxon_key欠落・gbif_match_type=NULL）
liparis bootanensis,Liparis bootanensis,チケイラン,維管束植物,,絶滅危惧Ⅱ類（VU）,,,moe_redlist,GBIFへの照会自体が未実施（gbif_taxon_key欠落・gbif_match_type=NULL）
liparis elliptica,Liparis elliptica,コゴメキノエラン,維管束植物,,絶滅危惧ⅠＡ類（CR）,,,moe_redlist,GBIFへの照会自体が未実施（gbif_taxon_key欠落・gbif_match_type=NULL）
liparis formosana var. hachijoensis,Liparis formosana var. hachijoensis,シマササバラン,維管束植物,,絶滅危惧Ⅱ類（VU）,,,moe_redlist,GBIFへの照会自体が未実施（gbif_taxon_key欠落・gbif_match_type=NULL）
liparis fujisanensis,Liparis fujisanensis,フガクスズムシソウ,維管束植物,,絶滅危惧Ⅱ類（VU）,,,moe_redlist,GBIFへの照会自体が未実施（gbif_taxon_key欠落・gbif_match_type=NULL）
liparis hostifolia,Liparis hostifolia,シマクモキリソウ,維管束植物,,絶滅危惧ⅠＡ類（CR）,,,moe_redlist,GBIFへの照会自体が未実施（gbif_taxon_key欠落・gbif_match_type=NULL）
liparis koreojaponica,Liparis koreojaponica,オオフガクスズムシソウ,維管束植物,,絶滅危惧ⅠB類（EN）,,,moe_redlist,GBIFへの照会自体が未実施（gbif_taxon_key欠落・gbif_match_type=NULL）
liparis krameri var. nikkoensis,Liparis krameri var. nikkoensis,ヒメスズムシソウ,維管束植物,,絶滅危惧ⅠＡ類（CR）,,,moe_redlist,GBIFへの照会自体が未実施（gbif_taxon_key欠落・gbif_match_type=NULL）
liparis krameri var. shichitoana,Liparis krameri var. shichitoana,ヒメジガバチソウ,維管束植物,,絶滅危惧ⅠB類（EN）,,,moe_redlist,GBIFへの照会自体が未実施（gbif_taxon_key欠落・gbif_match_type=NULL）
liparis odorata,Liparis odorata,ササバラン,維管束植物,,絶滅危惧Ⅱ類（VU）,,,moe_redlist,GBIFへの照会自体が未実施（gbif_taxon_key欠落・gbif_match_type=NULL）
liparis sootenzanensis,Liparis sootenzanensis,キバナコクラン,維管束植物,,絶滅危惧ⅠＡ類（CR）,,,moe_redlist,GBIFへの照会自体が未実施（gbif_taxon_key欠落・gbif_match_type=NULL）
liparis truncata,Liparis truncata,クモイジガバチ,維管束植物,,絶滅危惧ⅠＡ類（CR）,,,moe_redlist,GBIFへの照会自体が未実施（gbif_taxon_key欠落・gbif_match_type=NULL）
liparocephalus litoralis,Liparocephalus litoralis,ホテイウミハネカクシ,昆虫類,,情報不足（DD）,,,moe_redlist,GBIFへの照会自体が未実施（gbif_taxon_key欠落・gbif_match_type=NULL）
liparocephalus tokunagai,Liparocephalus tokunagai,オオズウミハネカクシ,昆虫類,,絶滅危惧IB類（EN）,,,moe_redlist,GBIFへの照会自体が未実施（gbif_taxon_key欠落・gbif_match_type=NULL）
lipomera sp.,Lipomera sp.,ドウクツヒレオミズムシ,甲殻類（海洋生物）,,情報不足（DD）,,,moe_redlist,GBIFへの照会自体が未実施（gbif_taxon_key欠落・gbif_match_type=NULL）
liris subtessellatus ogasawarae,Liris subtessellatus ogasawarae,オガサワラコオロギバチ,昆虫類,,準絶滅危惧（NT）,,,moe_redlist,GBIFへの照会自体が未実施（gbif_taxon_key欠落・gbif_match_type=NULL）
liroceratia sulcata,Liroceratia sulcata,ミジンゴマツボ,貝類,,絶滅危惧II類（VU）,,,moe_redlist,GBIFへの照会自体が未実施（gbif_taxon_key欠落・gbif_match_type=NULL）
lithoselatium pulchrum,Lithoselatium pulchrum,カスリベンケイガニ,その他無脊椎動物,,情報不足（DD）,,,moe_redlist,GBIFへの照会自体が未実施（gbif_taxon_key欠落・gbif_match_type=NULL）
lithospermum erythrorhizon,Lithospermum erythrorhizon,ムラサキ,維管束植物,,絶滅危惧ⅠB類（EN）,,,moe_redlist,GBIFへの照会自体が未実施（gbif_taxon_key欠落・gbif_match_type=NULL）
lithurgus ogasawarensis,Lithurgus ogasawarensis,オガサワラキホリハナバチ,昆虫類,,絶滅危惧II類（VU）,,,moe_redlist,GBIFへの照会自体が未実施（gbif_taxon_key欠落・gbif_match_type=NULL）
litigiella pacifica,Litigiella pacifica,ユンタクシジミ,貝類,,準絶滅危惧（NT）,,,moe_redlist,GBIFへの照会自体が未実施（gbif_taxon_key欠落・gbif_match_type=NULL）
littoraria conica,Littoraria conica,イロタマキビ,貝類,,準絶滅危惧（NT）,,,moe_redlist,GBIFへの照会自体が未実施（gbif_taxon_key欠落・gbif_match_type=NULL）
littorina brevicula,Littorina brevicula,沖縄島北部のタマキビ,貝類,,絶滅のおそれのある地域個体群（LP）,,,moe_redlist,GBIFへの照会自体が未実施（gbif_taxon_key欠落・gbif_match_type=NULL）
littorophiloscia nipponensis,Littorophiloscia nipponensis,ニッポンヒイロワラジムシ,甲殻類（海洋生物）,,情報不足（DD）,,,moe_redlist,GBIFへの照会自体が未実施（gbif_taxon_key欠落・gbif_match_type=NULL）
lobaria kazawaënsis,Lobaria kazawaënsis,トゲカブトゴケ,地衣類,,情報不足（DD）,,,moe_redlist,GBIFへの照会自体が未実施（gbif_taxon_key欠落・gbif_match_type=NULL）
lobaria spp.,Lobaria spp.,カブトゴケ属,菌類,絶滅危惧Ⅱ類（VU）,,,NONE,kanagawa_redlist,GBIFへ照会したが一致しなかった（gbif_match_type=NONE）
lobelia boninensis,Lobelia boninensis,オオハマギキョウ,維管束植物,,絶滅危惧Ⅱ類（VU）,,,moe_redlist,GBIFへの照会自体が未実施（gbif_taxon_key欠落・gbif_match_type=NULL）
lobelia dopatrioides var. cantonensis,Lobelia dopatrioides var. cantonensis,タチミゾカクシ,維管束植物,,絶滅危惧ⅠＡ類（CR）,,,moe_redlist,GBIFへの照会自体が未実施（gbif_taxon_key欠落・gbif_match_type=NULL）
lobelia loochooensis,Lobelia loochooensis,マルバハタケムシロ,維管束植物,,絶滅危惧ⅠＡ類（CR）,,,moe_redlist,GBIFへの照会自体が未実施（gbif_taxon_key欠落・gbif_match_type=NULL）
lobelia zeylanica,Lobelia zeylanica,マルバミゾカクシ,維管束植物,,絶滅危惧ⅠB類（EN）,,,moe_redlist,GBIFへの照会自体が未実施（gbif_taxon_key欠落・gbif_match_type=NULL）
lobothallia alphoplaca,Lobothallia alphoplaca,ウロコクボミゴケ,地衣類,,情報不足（DD）,,,moe_redlist,GBIFへの照会自体が未実施（gbif_taxon_key欠落・gbif_match_type=NULL）
locustella ochotensis pleskei,Locustella ochotensis pleskei,ウチヤマシマセンニュウ,鳥類,,絶滅危惧II類（VU）,,,moe_redlist,GBIFへの照会自体が未実施（gbif_taxon_key欠落・gbif_match_type=NULL）
loepa sakaei,Loepa sakaei,ハグルマヤママユ,昆虫類,,準絶滅危惧（NT）,,,moe_redlist,GBIFへの照会自体が未実施（gbif_taxon_key欠落・gbif_match_type=NULL）
lolium spp.,Lolium spp.,ドクムギ属（イタリアンライグラス、ペレニアルライグラス等）,植物,,,適切な管理が必要な産業上重要な外来種（産業管理外来種）,,moe_ias_list,GBIFへの照会自体が未実施（gbif_taxon_key欠落・gbif_match_type=NULL）
lomariopsis boninensis,Lomariopsis boninensis,ツルキジノオ,維管束植物,,絶滅危惧Ⅱ類（VU）,,,moe_redlist,GBIFへの照会自体が未実施（gbif_taxon_key欠落・gbif_match_type=NULL）
lomatogonium carinthiacum,Lomatogonium carinthiacum,ヒメセンブリ,維管束植物,,絶滅危惧ⅠB類（EN）,,,moe_redlist,GBIFへの照会自体が未実施（gbif_taxon_key欠落・gbif_match_type=NULL）
lonicera alpigena subsp. glehnii,Lonicera alpigena subsp. glehnii,エゾヒョウタンボク,維管束植物,,絶滅危惧Ⅱ類（VU）,,,moe_redlist,GBIFへの照会自体が未実施（gbif_taxon_key欠落・gbif_match_type=NULL）
lonicera alpigena subsp. glehnii var. watanabeana,Lonicera alpigena subsp. glehnii var. watanabeana,スルガヒョウタンボク,維管束植物,,絶滅危惧ⅠB類（EN）,,,moe_redlist,GBIFへの照会自体が未実施（gbif_taxon_key欠落・gbif_match_type=NULL）
lonicera cerasina,Lonicera cerasina,ウスバヒョウタンボク,維管束植物,,絶滅危惧Ⅱ類（VU）,,,moe_redlist,GBIFへの照会自体が未実施（gbif_taxon_key欠落・gbif_match_type=NULL）
lonicera chamissoi,Lonicera chamissoi,チシマヒョウタンボク,維管束植物,,絶滅危惧Ⅱ類（VU）,,,moe_redlist,GBIFへの照会自体が未実施（gbif_taxon_key欠落・gbif_match_type=NULL）
lonicera chrysantha var. crassipes,Lonicera chrysantha var. crassipes,ネムロブシダマ,維管束植物,,絶滅危惧Ⅱ類（VU）,,,moe_redlist,GBIFへの照会自体が未実施（gbif_taxon_key欠落・gbif_match_type=NULL）
lonicera demissa var. borealis,Lonicera demissa var. borealis,キタカミヒョウタンボク,維管束植物,,絶滅危惧Ⅱ類（VU）,,,moe_redlist,GBIFへの照会自体が未実施（gbif_taxon_key欠落・gbif_match_type=NULL）
lonicera fragrantissima,Lonicera fragrantissima,ツシマヒョウタンボク,維管束植物,,絶滅危惧ⅠＡ類（CR）,,,moe_redlist,GBIFへの照会自体が未実施（gbif_taxon_key欠落・gbif_match_type=NULL）
lonicera japonica var. miyagusukiana,Lonicera japonica var. miyagusukiana,ヒメスイカズラ,維管束植物,,絶滅危惧ⅠＡ類（CR）,,,moe_redlist,GBIFへの照会自体が未実施（gbif_taxon_key欠落・gbif_match_type=NULL）
lonicera kurobushiensis,Lonicera kurobushiensis,クロブシヒョウタンボク,維管束植物,,絶滅危惧ⅠB類（EN）,,,moe_redlist,GBIFへの照会自体が未実施（gbif_taxon_key欠落・gbif_match_type=NULL）
lonicera linderifolia var. konoi,Lonicera linderifolia var. konoi,コゴメヒョウタンボク,維管束植物,,絶滅危惧ⅠB類（EN）,,,moe_redlist,GBIFへの照会自体が未実施（gbif_taxon_key欠落・gbif_match_type=NULL）
lonicera linderifolia var. linderifolia,Lonicera linderifolia var. linderifolia,ヤブヒョウタンボク,維管束植物,,絶滅危惧ⅠB類（EN）,,,moe_redlist,GBIFへの照会自体が未実施（gbif_taxon_key欠落・gbif_match_type=NULL）
lonicera maackii,Lonicera maackii,ハナヒョウタンボク,維管束植物,,絶滅危惧Ⅱ類（VU）,,,moe_redlist,GBIFへの照会自体が未実施（gbif_taxon_key欠落・gbif_match_type=NULL）
lonicera maximowiczii var. sachalinensis,Lonicera maximowiczii var. sachalinensis,ベニバナヒョウタンボク,維管束植物,,絶滅危惧Ⅱ類（VU）,,,moe_redlist,GBIFへの照会自体が未実施（gbif_taxon_key欠落・gbif_match_type=NULL）
lonicera ramosissima var. kinkiensis,Lonicera ramosissima var. kinkiensis,キンキヒョウタンボク,維管束植物,,絶滅危惧ⅠB類（EN）,,,moe_redlist,GBIFへの照会自体が未実施（gbif_taxon_key欠落・gbif_match_type=NULL）
lonicera uzenensis,Lonicera uzenensis,ウゼンベニバナヒョウタンボク,維管束植物,,絶滅危惧ⅠＡ類（CR）,,,moe_redlist,GBIFへの照会自体が未実施（gbif_taxon_key欠落・gbif_match_type=NULL）
lonicera vidalii,Lonicera vidalii,オニヒョウタンボク,維管束植物,,絶滅危惧Ⅱ類（VU）,,,moe_redlist,GBIFへの照会自体が未実施（gbif_taxon_key欠落・gbif_match_type=NULL）
lophyridia sumatrensis niponensis,Lophyridia sumatrensis niponensis,ハラビロハンミョウ,昆虫類,,絶滅危惧II類（VU）,,,moe_redlist,GBIFへの照会自体が未実施（gbif_taxon_key欠落・gbif_match_type=NULL）
lososceles spp.,Lososceles spp.,イトグモ属3種,陸生節足動物,,,侵入予防外来種,NONE,moe_ias_list,GBIFへ照会したが一致しなかった（gbif_match_type=NONE）
loxocalyx ambiguus,Loxocalyx ambiguus,マネキグサ,維管束植物,,準絶滅危惧（NT）,,,moe_redlist,GBIFへの照会自体が未実施（gbif_taxon_key欠落・gbif_match_type=NULL）
loxogramme boninensis,Loxogramme boninensis,ムニンサジラン,維管束植物,,絶滅危惧Ⅱ類（VU）,,,moe_redlist,GBIFへの照会自体が未実施（gbif_taxon_key欠落・gbif_match_type=NULL）
loxospora glaucomiza,Loxospora glaucomiza,コフキザクロゴケ,地衣類,,情報不足（DD）,,,moe_redlist,GBIFへの照会自体が未実施（gbif_taxon_key欠落・gbif_match_type=NULL）
lucanus gamunus,Lucanus gamunus,ミクラミヤマクワガタ,昆虫類,,準絶滅危惧（NT）,,,moe_redlist,GBIFへの照会自体が未実施（gbif_taxon_key欠落・gbif_match_type=NULL）
luchuconulus acuta,Luchuconulus acuta,カドヒメベッコウ,貝類,,情報不足（DD）,,,moe_redlist,GBIFへの照会自体が未実施（gbif_taxon_key欠落・gbif_match_type=NULL）
luchuconulus edgariana,Luchuconulus edgariana,スミスヒメベッコウ,貝類,,絶滅危惧II類（VU）,,,moe_redlist,GBIFへの照会自体が未実施（gbif_taxon_key欠落・gbif_match_type=NULL）
luchuena eucharistus,Luchuena eucharistus,ニシキキセルモドキ,貝類,,絶滅危惧I類（CR+EN）,,,moe_redlist,GBIFへの照会自体が未実施（gbif_taxon_key欠落・gbif_match_type=NULL）
luchuena fulva,Luchuena fulva,ウスチャイロキセルモドキ,貝類,,絶滅危惧II類（VU）,,,moe_redlist,GBIFへの照会自体が未実施（gbif_taxon_key欠落・gbif_match_type=NULL）
luchuena hachijoensis,Luchuena hachijoensis,ハチジョウキセルモドキ,貝類,,絶滅危惧I類（CR+EN）,,,moe_redlist,GBIFへの照会自体が未実施（gbif_taxon_key欠落・gbif_match_type=NULL）
luchuena luchuana,Luchuena luchuana,リュウキュウキセルモドキ,貝類,,絶滅危惧IB類（EN）,,,moe_redlist,GBIFへの照会自体が未実施（gbif_taxon_key欠落・gbif_match_type=NULL）
luchuena minatoi,Luchuena minatoi,ダンジョキセルモドキ,貝類,,絶滅危惧II類（VU）,,,moe_redlist,GBIFへの照会自体が未実施（gbif_taxon_key欠落・gbif_match_type=NULL）
luchuena nesiotica,Luchuena nesiotica,チャイロキセルモドキ,貝類,,絶滅危惧II類（VU）,,,moe_redlist,GBIFへの照会自体が未実施（gbif_taxon_key欠落・gbif_match_type=NULL）
luchuena oshimana,Luchuena oshimana,オオシマキセルモドキ,貝類,,準絶滅危惧（NT）,,,moe_redlist,GBIFへの照会自体が未実施（gbif_taxon_key欠落・gbif_match_type=NULL）
luchuena reticulata,Luchuena reticulata,キカイキセルモドキ,貝類,,絶滅危惧IB類（EN）,,,moe_redlist,GBIFへの照会自体が未実施（gbif_taxon_key欠落・gbif_match_type=NULL）
luchuena sp.,Luchuena sp.,クメジマキセルモドキ,貝類,,絶滅危惧IA類（CR）,,,moe_redlist,GBIFへの照会自体が未実施（gbif_taxon_key欠落・gbif_match_type=NULL）
lucidina okadai,Lucidina okadai,コクロオバボタル,昆虫類,,絶滅危惧IB類（EN）,,,moe_redlist,GBIFへの照会自体が未実施（gbif_taxon_key欠落・gbif_match_type=NULL）
lucilia chini,Lucilia chini,カエルキンバエ,昆虫類,,情報不足（DD）,,,moe_redlist,GBIFへの照会自体が未実施（gbif_taxon_key欠落・gbif_match_type=NULL）
luciogobius albus,Luciogobius albus,ドウクツミミズハゼ,汽水・淡水魚類,,絶滅危惧IA類（CR）,,,moe_redlist,GBIFへの照会自体が未実施（gbif_taxon_key欠落・gbif_match_type=NULL）
luciogobius dormitoris,Luciogobius dormitoris,ネムリミミズハゼ,汽水・淡水魚類,,情報不足（DD）,,,moe_redlist,GBIFへの照会自体が未実施（gbif_taxon_key欠落・gbif_match_type=NULL）
luciogobius fluvialis,Luciogobius fluvialis,ナガレミミズハゼ,汽水・淡水魚類,,準絶滅危惧（NT）,,,moe_redlist,GBIFへの照会自体が未実施（gbif_taxon_key欠落・gbif_match_type=NULL）
luciogobius fonticola,Luciogobius fonticola,ユウスイミミズハゼ,汽水・淡水魚類,,準絶滅危惧（NT）,,,moe_redlist,GBIFへの照会自体が未実施（gbif_taxon_key欠落・gbif_match_type=NULL）
luciogobius pallidus,Luciogobius pallidus,イドミミズハゼ,汽水・淡水魚類,,準絶滅危惧（NT）,,,moe_redlist,GBIFへの照会自体が未実施（gbif_taxon_key欠落・gbif_match_type=NULL）
luciogobius ryukyuensis,Luciogobius ryukyuensis,ミナミヒメミミズハゼ,汽水・淡水魚類,,絶滅危惧II類（VU）,,,moe_redlist,GBIFへの照会自体が未実施（gbif_taxon_key欠落・gbif_match_type=NULL）
ludwigia adscendens,Ludwigia adscendens,ケミズキンバイ,維管束植物,,絶滅危惧Ⅱ類（VU）,,,moe_redlist,GBIFへの照会自体が未実施（gbif_taxon_key欠落・gbif_match_type=NULL）
ludwigia epilobioides subsp. greatrexii,Ludwigia epilobioides subsp. greatrexii,ウスゲチョウジタデ,維管束植物,,準絶滅危惧（NT）,,,moe_redlist,GBIFへの照会自体が未実施（gbif_taxon_key欠落・gbif_match_type=NULL）
ludwigia peploides subsp. stipulacea,Ludwigia peploides subsp. stipulacea,ミズキンバイ,維管束植物,,絶滅危惧Ⅱ類（VU）,,,moe_redlist,GBIFへの照会自体が未実施（gbif_taxon_key欠落・gbif_match_type=NULL）
ludwigia repens,Ludwigia repens,アメリカミズユキノシタ（ルドウィジア・レペンス）,植物,,,重点対策外来種,,moe_ias_list,GBIFへの照会自体が未実施（gbif_taxon_key欠落・gbif_match_type=NULL）
luehdorfia japonica,Luehdorfia japonica,ギフチョウ,昆虫類,,絶滅危惧II類（VU）,,,moe_redlist,GBIFへの照会自体が未実施（gbif_taxon_key欠落・gbif_match_type=NULL）
luehdorfia puziloi inexpecta,Luehdorfia puziloi inexpecta,ヒメギフチョウ本州亜種,昆虫類,,準絶滅危惧（NT）,,,moe_redlist,GBIFへの照会自体が未実施（gbif_taxon_key欠落・gbif_match_type=NULL）
luehdorfia puziloi yessoensis,Luehdorfia puziloi yessoensis,ヒメギフチョウ北海道亜種,昆虫類,,準絶滅危惧（NT）,,,moe_redlist,GBIFへの照会自体が未実施（gbif_taxon_key欠落・gbif_match_type=NULL）
luisia boninensis,Luisia boninensis,ムニンボウラン,維管束植物,,絶滅危惧ⅠB類（EN）,,,moe_redlist,GBIFへの照会自体が未実施（gbif_taxon_key欠落・gbif_match_type=NULL）
luisia teres,Luisia teres,ボウラン,維管束植物,,準絶滅危惧（NT）,,,moe_redlist,GBIFへの照会自体が未実施（gbif_taxon_key欠落・gbif_match_type=NULL）
luisierella barbula,Luisierella barbula,クロコゴケ,蘚苔類,,絶滅危惧ⅠB類（EN）,,,moe_redlist,GBIFへの照会自体が未実施（gbif_taxon_key欠落・gbif_match_type=NULL）
lumnitzera racemosa,Lumnitzera racemosa,ヒルギモドキ,維管束植物,,絶滅危惧ⅠB類（EN）,,,moe_redlist,GBIFへの照会自体が未実施（gbif_taxon_key欠落・gbif_match_type=NULL）
lunella ogasawarana,Lunella ogasawarana,オガサワラスガイ,貝類,,絶滅危惧I類（CR+EN）,,,moe_redlist,GBIFへの照会自体が未実施（gbif_taxon_key欠落・gbif_match_type=NULL）
lunularia cruciata,Lunularia cruciata,ミカヅキゼニゴケ,植物,,,その他の総合対策外来種,,moe_ias_list,GBIFへの照会自体が未実施（gbif_taxon_key欠落・gbif_match_type=NULL）
lunulicardia hemicardium,Lunulicardia hemicardium,ハートガイ,貝類,,絶滅危惧I類（CR+EN）,,,moe_redlist,GBIFへの照会自体が未実施（gbif_taxon_key欠落・gbif_match_type=NULL）
lupinus polyphyllus,Lupinus polyphyllus,シュッコンルピナス（ルピナス、タヨウハウチワマメ、ノボリフジ）,植物,,,重点対策外来種,,moe_ias_list,GBIFへの照会自体が未実施（gbif_taxon_key欠落・gbif_match_type=NULL）
lutjanus goldiei,Lutjanus goldiei,ウラウチフエダイ,汽水・淡水魚類,,絶滅危惧IA類（CR）,,,moe_redlist,GBIFへの照会自体が未実施（gbif_taxon_key欠落・gbif_match_type=NULL）
lutjanus sebae,Lutjanus sebae,センネンダイ,魚類（海洋生物）,,準絶滅危惧（NT）,,,moe_redlist,GBIFへの照会自体が未実施（gbif_taxon_key欠落・gbif_match_type=NULL）
lutraria arcuata,Lutraria arcuata,カモジガイ,貝類,,準絶滅危惧（NT）,,,moe_redlist,GBIFへの照会自体が未実施（gbif_taxon_key欠落・gbif_match_type=NULL）
lutraria maxima,Lutraria maxima,オオトリガイ,貝類,,準絶滅危惧（NT）,,,moe_redlist,GBIFへの照会自体が未実施（gbif_taxon_key欠落・gbif_match_type=NULL）
luzonichthys whitleyi,Luzonichthys whitleyi,ソメワケミナミハナダイ,魚類（海洋生物）,,情報不足（DD）,,,moe_redlist,GBIFへの照会自体が未実施（gbif_taxon_key欠落・gbif_match_type=NULL）
luzula arcuata subsp. unalaschkensis,Luzula arcuata subsp. unalaschkensis,クモマスズメノヒエ,維管束植物,,準絶滅危惧（NT）,,,moe_redlist,GBIFへの照会自体が未実施（gbif_taxon_key欠落・gbif_match_type=NULL）
luzula kjellmanniana,Luzula kjellmanniana,チシマスズメノヒエ,維管束植物,,情報不足（DD）,,,moe_redlist,GBIFへの照会自体が未実施（gbif_taxon_key欠落・gbif_match_type=NULL）
luzula piperi,Luzula piperi,コゴメヌカボシ,維管束植物,,準絶滅危惧（NT）,,,moe_redlist,GBIFへの照会自体が未実施（gbif_taxon_key欠落・gbif_match_type=NULL）
lychaete dotyana,Lychaete dotyana,ミナミシオグサ,藻類,,情報不足（DD）,,,moe_redlist,GBIFへの照会自体が未実施（gbif_taxon_key欠落・gbif_match_type=NULL）
lycianthes boninensis,Lycianthes boninensis,ムニンホオズキ,維管束植物,,絶滅危惧Ⅱ類（VU）,,,moe_redlist,GBIFへの照会自体が未実施（gbif_taxon_key欠落・gbif_match_type=NULL）
lycoperdon yasudae,Lycoperdon yasudae,トゲホコリタケ,菌類,,情報不足（DD）,,,moe_redlist,GBIFへの照会自体が未実施（gbif_taxon_key欠落・gbif_match_type=NULL）
lycopodium alpinum,Lycopodium alpinum,チシマヒカゲノカズラ,維管束植物,,絶滅危惧ⅠB類（EN）,,,moe_redlist,GBIFへの照会自体が未実施（gbif_taxon_key欠落・gbif_match_type=NULL）
lycopodium casuarinoides,Lycopodium casuarinoides,ヒモヅル,維管束植物,,絶滅危惧Ⅱ類（VU）,,,moe_redlist,GBIFへの照会自体が未実施（gbif_taxon_key欠落・gbif_match_type=NULL）
lycoris sanguinea var. koreana,Lycoris sanguinea var. koreana,ムジナノカミソリ,維管束植物,,絶滅危惧ⅠＡ類（CR）,,,moe_redlist,GBIFへの照会自体が未実施（gbif_taxon_key欠落・gbif_match_type=NULL）
lycosa ishikariana,Lycosa ishikariana,イソコモリグモ,その他無脊椎動物,,絶滅危惧II類（VU）,,,moe_redlist,GBIFへの照会自体が未実施（gbif_taxon_key欠落・gbif_match_type=NULL）
lyctocoris beneficus,Lyctocoris beneficus,ズイムシハナカメムシ,昆虫類,,準絶滅危惧（NT）,,,moe_redlist,GBIFへの照会自体が未実施（gbif_taxon_key欠落・gbif_match_type=NULL）
lygocorias boninensis,Lygocorias boninensis,オガサワラチャイロカスミカメ,昆虫類,,準絶滅危惧（NT）,,,moe_redlist,GBIFへの照会自体が未実施（gbif_taxon_key欠落・gbif_match_type=NULL）
lysimachia barystachys,Lysimachia barystachys,ノジトラノオ,維管束植物,,絶滅危惧Ⅱ類（VU）,,,moe_redlist,GBIFへの照会自体が未実施（gbif_taxon_key欠落・gbif_match_type=NULL）
lysimachia candida,Lysimachia candida,トウサワトラノオ,維管束植物,,絶滅危惧ⅠB類（EN）,,,moe_redlist,GBIFへの照会自体が未実施（gbif_taxon_key欠落・gbif_match_type=NULL）
lysimachia decurrens,Lysimachia decurrens,シマギンレイカ,維管束植物,,準絶滅危惧（NT）,,,moe_redlist,GBIFへの照会自体が未実施（gbif_taxon_key欠落・gbif_match_type=NULL）
lysimachia leucantha,Lysimachia leucantha,サワトラノオ,維管束植物,,絶滅危惧Ⅱ類（VU）,,,moe_redlist,GBIFへの照会自体が未実施（gbif_taxon_key欠落・gbif_match_type=NULL）
lysimachia liukiuensis,Lysimachia liukiuensis,ヒメミヤマコナスビ,維管束植物,,絶滅危惧ⅠＡ類（CR）,,,moe_redlist,GBIFへの照会自体が未実施（gbif_taxon_key欠落・gbif_match_type=NULL）
lysimachia ohsumiensis,Lysimachia ohsumiensis,ヘツカコナスビ,維管束植物,,絶滅危惧Ⅱ類（VU）,,,moe_redlist,GBIFへの照会自体が未実施（gbif_taxon_key欠落・gbif_match_type=NULL）
lysimachia tashiroi,Lysimachia tashiroi,オニコナスビ,維管束植物,,絶滅危惧ⅠB類（EN）,,,moe_redlist,GBIFへの照会自体が未実施（gbif_taxon_key欠落・gbif_match_type=NULL）
lysionotus apicidens,Lysionotus apicidens,タイワンシシンラン,維管束植物,,絶滅危惧ⅠＡ類（CR）,,,moe_redlist,GBIFへの照会自体が未実施（gbif_taxon_key欠落・gbif_match_type=NULL）
lysionotus pauciflorus,Lysionotus pauciflorus,シシンラン,維管束植物,,絶滅危惧Ⅱ類（VU）,,,moe_redlist,GBIFへの照会自体が未実施（gbif_taxon_key欠落・gbif_match_type=NULL）
lysmata lipkei,Lysmata lipkei,和名なし,甲殻類（海洋生物）,,情報不足（DD）,,,moe_redlist,GBIFへの照会自体が未実施（gbif_taxon_key欠落・gbif_match_type=NULL）
lysurus periphragmoides,Lysurus periphragmoides,キアミズキンタケ,菌類,,情報不足（DD）,,,moe_redlist,GBIFへの照会自体が未実施（gbif_taxon_key欠落・gbif_match_type=NULL）
"m&riogryllacris magna (matsumura & shiraki, 1908)","M&riogryllacris magna (Matsumura & Shiraki, 1908)",コバネコロギス,昆虫類・クモ類,絶滅危惧Ⅱ類（VU）,,,NONE,kanagawa_redlist,GBIFへ照会したが一致しなかった（gbif_match_type=NONE）
macaca fuscata fuscata,Macaca fuscata fuscata,北奥羽・北上山系のホンドザル,哺乳類,,絶滅のおそれのある地域個体群（LP）,,,moe_redlist,GBIFへの照会自体が未実施（gbif_taxon_key欠落・gbif_match_type=NULL）
macalia bruguieri,Macalia bruguieri,アマサギガイ,貝類,,絶滅危惧II類（VU）,,,moe_redlist,GBIFへの照会自体が未実施（gbif_taxon_key欠落・gbif_match_type=NULL）
machaerothrix tsushimensis,Machaerothrix tsushimensis,キマダラズアカベッコウ,昆虫類,,準絶滅危惧（NT）,,,moe_redlist,GBIFへの照会自体が未実施（gbif_taxon_key欠落・gbif_match_type=NULL）
machilus pseudokobu,Machilus pseudokobu,テリハコブガシ,維管束植物,,絶滅危惧ⅠB類（EN）,,,moe_redlist,GBIFへの照会自体が未実施（gbif_taxon_key欠落・gbif_match_type=NULL）
macodes petola,Macodes petola,ナンバンカモメラン,維管束植物,,絶滅危惧ⅠＡ類（CR）,,,moe_redlist,GBIFへの照会自体が未実施（gbif_taxon_key欠落・gbif_match_type=NULL）
macrobrachium gracilirostre,Macrobrachium gracilirostre,ツブテナガエビ,その他無脊椎動物,,準絶滅危惧（NT）,,,moe_redlist,GBIFへの照会自体が未実施（gbif_taxon_key欠落・gbif_match_type=NULL）
macrobrachium latidactylus,Macrobrachium latidactylus,ヒラアシテナガエビ,その他無脊椎動物,,準絶滅危惧（NT）,,,moe_redlist,GBIFへの照会自体が未実施（gbif_taxon_key欠落・gbif_match_type=NULL）
macrobrachium miyakoense,Macrobrachium miyakoense,ウリガーテナガエビ,その他無脊椎動物,,絶滅危惧II類（VU）,,,moe_redlist,GBIFへの照会自体が未実施（gbif_taxon_key欠落・gbif_match_type=NULL）
macrobrachium placidulum,Macrobrachium placidulum,ネッタイテナガエビ,その他無脊椎動物,,絶滅危惧II類（VU）,,,moe_redlist,GBIFへの照会自体が未実施（gbif_taxon_key欠落・gbif_match_type=NULL）
macrobrachium shokitai,Macrobrachium shokitai,ショキタテナガエビ,その他無脊椎動物,,準絶滅危惧（NT）,,,moe_redlist,GBIFへの照会自体が未実施（gbif_taxon_key欠落・gbif_match_type=NULL）
macromia daimoji,Macromia daimoji,キイロヤマトンボ,昆虫類,,準絶滅危惧（NT）,,,moe_redlist,GBIFへの照会自体が未実施（gbif_taxon_key欠落・gbif_match_type=NULL）
macromia kubokaiya,Macromia kubokaiya,オキナワコヤマトンボ,昆虫類,,準絶滅危惧（NT）,,,moe_redlist,GBIFへの照会自体が未実施（gbif_taxon_key欠落・gbif_match_type=NULL）
macromia urania,Macromia urania,ヒナヤマトンボ,昆虫類,,準絶滅危惧（NT）,,,moe_redlist,GBIFへの照会自体が未実施（gbif_taxon_key欠落・gbif_match_type=NULL）
macromidia ishidai,Macromidia ishidai,サキシマヤマトンボ,昆虫類,,絶滅危惧II類（VU）,,,moe_redlist,GBIFへの照会自体が未実施（gbif_taxon_key欠落・gbif_match_type=NULL）
macromphalus tornatilis,Macromphalus tornatilis,ハツカネズミ,貝類,,絶滅危惧I類（CR+EN）,,,moe_redlist,GBIFへの照会自体が未実施（gbif_taxon_key欠落・gbif_match_type=NULL）
macrophthalmus abbreviatus,Macrophthalmus abbreviatus,オサガニ,甲殻類（海洋生物）,,準絶滅危惧（NT）,,,moe_redlist,GBIFへの照会自体が未実施（gbif_taxon_key欠落・gbif_match_type=NULL）
macrophthalmus banzai,Macrophthalmus banzai,ヒメヤマトオサガニ,甲殻類（海洋生物）,,準絶滅危惧（NT）,,,moe_redlist,GBIFへの照会自体が未実施（gbif_taxon_key欠落・gbif_match_type=NULL）
macrophthalmus barnesi,Macrophthalmus barnesi,ヒメノコハオサガニ,甲殻類（海洋生物）,,情報不足（DD）,,,moe_redlist,GBIFへの照会自体が未実施（gbif_taxon_key欠落・gbif_match_type=NULL）
macrophthalmus holthuisi,Macrophthalmus holthuisi,ホルトハウスオサガニ,甲殻類（海洋生物）,,準絶滅危惧（NT）,,,moe_redlist,GBIFへの照会自体が未実施（gbif_taxon_key欠落・gbif_match_type=NULL）
macrophthalmus quadratus,Macrophthalmus quadratus,ナカグスクオサガニ,甲殻類（海洋生物）,,情報不足（DD）,,,moe_redlist,GBIFへの照会自体が未実施（gbif_taxon_key欠落・gbif_match_type=NULL）
macropidonia ruficollis,Macropidonia ruficollis,アカムネハナカミキリ,昆虫類,,絶滅危惧II類（VU）,,,moe_redlist,GBIFへの照会自体が未実施（gbif_taxon_key欠落・gbif_match_type=NULL）
macropodus opercularis,Macropodus opercularis,タイワンキンギョ,汽水・淡水魚類,,絶滅危惧IA類（CR）,,,moe_redlist,GBIFへの照会自体が未実施（gbif_taxon_key欠落・gbif_match_type=NULL）
macrosaldula shikokuana,Macrosaldula shikokuana,オモゴミズギワカメムシ,昆虫類,,準絶滅危惧（NT）,,,moe_redlist,GBIFへの照会自体が未実施（gbif_taxon_key欠落・gbif_match_type=NULL）
macroscelesia longipes yamatoensis,Macroscelesia longipes yamatoensis,アシナガモモブトスカシバ,昆虫類,,絶滅危惧II類（VU）,,,moe_redlist,GBIFへの照会自体が未実施（gbif_taxon_key欠落・gbif_match_type=NULL）
macroschisma cuspidatum,Macroschisma cuspidatum,ヤジリスカシガイ,貝類,,準絶滅危惧（NT）,,,moe_redlist,GBIFへの照会自体が未実施（gbif_taxon_key欠落・gbif_match_type=NULL）
macrostemum okinawanum,Macrostemum okinawanum,オキナワホシシマトビケラ（オキナワオオシマトビケラ）,昆虫類,,準絶滅危惧（NT）,,,moe_redlist,GBIFへの照会自体が未実施（gbif_taxon_key欠落・gbif_match_type=NULL）
macrothamnium macrocarpum,Macrothamnium macrocarpum,フウチョウゴケ,蘚苔類,,絶滅危惧ⅠB類（EN）,,,moe_redlist,GBIFへの照会自体が未実施（gbif_taxon_key欠落・gbif_match_type=NULL）
mactra grandis,Mactra grandis,リュウキュウアリソガイ,貝類,,絶滅危惧II類（VU）,,,moe_redlist,GBIFへの照会自体が未実施（gbif_taxon_key欠落・gbif_match_type=NULL）
mactra pulchella,Mactra pulchella,トウカイタママキ,貝類,,絶滅危惧II類（VU）,,,moe_redlist,GBIFへの照会自体が未実施（gbif_taxon_key欠落・gbif_match_type=NULL）
mactra sp. a,Mactra sp. A,ナガタママキ,貝類,,絶滅危惧I類（CR+EN）,,,moe_redlist,GBIFへの照会自体が未実施（gbif_taxon_key欠落・gbif_match_type=NULL）
mactra sp. b,Mactra sp. B,オトメタママキ,貝類,,絶滅危惧I類（CR+EN）,,,moe_redlist,GBIFへの照会自体が未実施（gbif_taxon_key欠落・gbif_match_type=NULL）
mactrotoma angulifera,Mactrotoma angulifera,ワカミルガイ,貝類,,準絶滅危惧（NT）,,,moe_redlist,GBIFへの照会自体が未実施（gbif_taxon_key欠落・gbif_match_type=NULL）
mactrotoma depressa,Mactrotoma depressa,ヒナミルクイ,貝類,,絶滅危惧II類（VU）,,,moe_redlist,GBIFへの照会自体が未実施（gbif_taxon_key欠落・gbif_match_type=NULL）
magallana ariakensis,Magallana ariakensis,スミノエガキ,貝類,,絶滅危惧II類（VU）,,,moe_redlist,GBIFへの照会自体が未実施（gbif_taxon_key欠落・gbif_match_type=NULL）
magallana bilineata,Magallana bilineata,ミナミマガキ,貝類,,絶滅危惧II類（VU）,,,moe_redlist,GBIFへの照会自体が未実施（gbif_taxon_key欠落・gbif_match_type=NULL）
magallana gigas,Magallana gigas,宮城県以北のナガガキ,貝類,,絶滅のおそれのある地域個体群（LP）,,,moe_redlist,GBIFへの照会自体が未実施（gbif_taxon_key欠落・gbif_match_type=NULL）
magallana sikamea,Magallana sikamea,シカメガキ,貝類,,準絶滅危惧（NT）,,,moe_redlist,GBIFへの照会自体が未実施（gbif_taxon_key欠落・gbif_match_type=NULL）
magnolia stellata,Magnolia stellata,シデコブシ,維管束植物,,準絶滅危惧（NT）,,,moe_redlist,GBIFへの照会自体が未実施（gbif_taxon_key欠落・gbif_match_type=NULL）
malmidea aurigera,Malmidea aurigera,ミナミノヘリトリゴケモドキ,地衣類,,情報不足（DD）,,,moe_redlist,GBIFへの照会自体が未実施（gbif_taxon_key欠落・gbif_match_type=NULL）
malus hupehensis,Malus hupehensis,ツクシカイドウ,維管束植物,,絶滅危惧ⅠＡ類（CR）,,,moe_redlist,GBIFへの照会自体が未実施（gbif_taxon_key欠落・gbif_match_type=NULL）
malus spontanea,Malus spontanea,ノカイドウ,維管束植物,,絶滅危惧ⅠB類（EN）,,,moe_redlist,GBIFへの照会自体が未実施（gbif_taxon_key欠落・gbif_match_type=NULL）
mammilla melanostmoides,Mammilla melanostmoides,ヒロクチリスガイ,貝類,,準絶滅危惧（NT）,,,moe_redlist,GBIFへの照会自体が未実施（gbif_taxon_key欠落・gbif_match_type=NULL）
mandarina anijimana,Mandarina anijimana,アニジマカタマイマイ,貝類,,絶滅危惧I類（CR+EN）,,,moe_redlist,GBIFへの照会自体が未実施（gbif_taxon_key欠落・gbif_match_type=NULL）
mandarina aureola,Mandarina aureola,コガネカタマイマイ,貝類,,絶滅危惧I類（CR+EN）,,,moe_redlist,GBIFへの照会自体が未実施（gbif_taxon_key欠落・gbif_match_type=NULL）
mandarina chichijimana,Mandarina chichijimana,チチジマカタマイマイ,貝類,,絶滅危惧I類（CR+EN）,,,moe_redlist,GBIFへの照会自体が未実施（gbif_taxon_key欠落・gbif_match_type=NULL）
mandarina exoptata,Mandarina exoptata,ヒシカタマイマイ,貝類,,絶滅危惧I類（CR+EN）,,,moe_redlist,GBIFへの照会自体が未実施（gbif_taxon_key欠落・gbif_match_type=NULL）
mandarina hahajimana,Mandarina hahajimana,ヒメカタマイマイ,貝類,,絶滅危惧I類（CR+EN）,,,moe_redlist,GBIFへの照会自体が未実施（gbif_taxon_key欠落・gbif_match_type=NULL）
mandarina hayatoi,Mandarina hayatoi,フタオビカタマイマイ,貝類,,絶滅危惧I類（CR+EN）,,,moe_redlist,GBIFへの照会自体が未実施（gbif_taxon_key欠落・gbif_match_type=NULL）
mandarina hirasei,Mandarina hirasei,アナカタマイマイ,貝類,,絶滅危惧I類（CR+EN）,,,moe_redlist,GBIFへの照会自体が未実施（gbif_taxon_key欠落・gbif_match_type=NULL）
mandarina kaguya,Mandarina kaguya,オトメカタマイマイ,貝類,,絶滅危惧I類（CR+EN）,,,moe_redlist,GBIFへの照会自体が未実施（gbif_taxon_key欠落・gbif_match_type=NULL）
mandarina mandarina,Mandarina mandarina,カタマイマイ,貝類,,絶滅危惧I類（CR+EN）,,,moe_redlist,GBIFへの照会自体が未実施（gbif_taxon_key欠落・gbif_match_type=NULL）
mandarina polita,Mandarina polita,アケボノカタマイマイ,貝類,,絶滅危惧I類（CR+EN）,,,moe_redlist,GBIFへの照会自体が未実施（gbif_taxon_key欠落・gbif_match_type=NULL）
mandarina ponderosa,Mandarina ponderosa,ヌノメカタマイマイ,貝類,,絶滅危惧I類（CR+EN）,,,moe_redlist,GBIFへの照会自体が未実施（gbif_taxon_key欠落・gbif_match_type=NULL）
mandarina suenoae,Mandarina suenoae,キノボリカタマイマイ,貝類,,絶滅危惧I類（CR+EN）,,,moe_redlist,GBIFへの照会自体が未実施（gbif_taxon_key欠落・gbif_match_type=NULL）
mandarina tomiyamai,Mandarina tomiyamai,コハクアナカタマイマイ,貝類,,絶滅危惧I類（CR+EN）,,,moe_redlist,GBIFへの照会自体が未実施（gbif_taxon_key欠落・gbif_match_type=NULL）
mandarina trifasciata,Mandarina trifasciata,ミスジカタマイマイ,貝類,,絶滅危惧I類（CR+EN）,,,moe_redlist,GBIFへの照会自体が未実施（gbif_taxon_key欠落・gbif_match_type=NULL）
manta alfredi,Manta alfredi,ナンヨウマンタ,魚類（海洋生物）,,情報不足（DD）,,,moe_redlist,GBIFへの照会自体が未実施（gbif_taxon_key欠落・gbif_match_type=NULL）
manta birostris,Manta birostris,オニイトマキエイ,魚類（海洋生物）,,情報不足（DD）,,,moe_redlist,GBIFへの照会自体が未実施（gbif_taxon_key欠落・gbif_match_type=NULL）
mantis religiosa,Mantis religiosa,ウスバカマキリ,昆虫類,,情報不足（DD）,,,moe_redlist,GBIFへの照会自体が未実施（gbif_taxon_key欠落・gbif_match_type=NULL）
margaritaria indica,Margaritaria indica,アカハダコバンノキ,維管束植物,,絶滅危惧ⅠＡ類（CR）,,,moe_redlist,GBIFへの照会自体が未実施（gbif_taxon_key欠落・gbif_match_type=NULL）
margaritifera laevis,Margaritifera laevis,カワシンジュガイ,貝類,,絶滅危惧IB類（EN）,,,moe_redlist,GBIFへの照会自体が未実施（gbif_taxon_key欠落・gbif_match_type=NULL）
margaritifera togakushiensis,Margaritifera togakushiensis,コガタカワシンジュガイ,貝類,,絶滅危惧IB類（EN）,,,moe_redlist,GBIFへの照会自体が未実施（gbif_taxon_key欠落・gbif_match_type=NULL）
marginellidae gen. &. sp.,Marginellidae gen. &. sp.,オカトリノコガイ,貝類,,絶滅危惧IA類（CR）,,,moe_redlist,GBIFへの照会自体が未実施（gbif_taxon_key欠落・gbif_match_type=NULL）
mariaplax chenae,Mariaplax chenae,ヒメムツアシガニ,甲殻類（海洋生物）,,準絶滅危惧（NT）,,,moe_redlist,GBIFへの照会自体が未実施（gbif_taxon_key欠落・gbif_match_type=NULL）
maroubra yasudai,Maroubra yasudai,ダイダイヨウジ,魚類（海洋生物）,,情報不足（DD）,,,moe_redlist,GBIFへの照会自体が未実施（gbif_taxon_key欠落・gbif_match_type=NULL）
marsdenia formosana,Marsdenia formosana,タイワンキジョラン,維管束植物,,情報不足（DD）,,,moe_redlist,GBIFへの照会自体が未実施（gbif_taxon_key欠落・gbif_match_type=NULL）
marsilea minuta,Marsilea minuta,ナンゴクデンジソウ,維管束植物,,絶滅危惧ⅠB類（EN）,,,moe_redlist,GBIFへの照会自体が未実施（gbif_taxon_key欠落・gbif_match_type=NULL）
marsilea quadrifolia,Marsilea quadrifolia,デンジソウ,維管束植物,,準絶滅危惧（NT）,,,moe_redlist,GBIFへの照会自体が未実施（gbif_taxon_key欠落・gbif_match_type=NULL）
marsupella boeckii,Marsupella boeckii,イトミゾゴケ,蘚苔類,,絶滅危惧ⅠB類（EN）,,,moe_redlist,GBIFへの照会自体が未実施（gbif_taxon_key欠落・gbif_match_type=NULL）
marsupella vermiformis,Marsupella vermiformis,ミジンコミゾゴケ,蘚苔類,,絶滅危惧ⅠB類（EN）,,,moe_redlist,GBIFへの照会自体が未実施（gbif_taxon_key欠落・gbif_match_type=NULL）
martensia flabelliformis,Martensia flabelliformis,エツキアヤニシキ,藻類,,情報不足（DD）,,,moe_redlist,GBIFへの照会自体が未実施（gbif_taxon_key欠落・gbif_match_type=NULL）
martes melampus tsuensis,Martes melampus tsuensis,ツシマテン,哺乳類,,準絶滅危惧（NT）,,,moe_redlist,GBIFへの照会自体が未実施（gbif_taxon_key欠落・gbif_match_type=NULL）
martes zibellina brachyura,Martes zibellina brachyura,エゾクロテン,哺乳類,,準絶滅危惧（NT）,,,moe_redlist,GBIFへの照会自体が未実施（gbif_taxon_key欠落・gbif_match_type=NULL）
mastigophora diclados,Mastigophora diclados,オオサワラゴケ,蘚苔類,,絶滅危惧Ⅱ類（VU）,,,moe_redlist,GBIFへの照会自体が未実施（gbif_taxon_key欠落・gbif_match_type=NULL）
mathilda sinensis,Mathilda sinensis,タクミニナ,貝類,,絶滅危惧IA類（CR）,,,moe_redlist,GBIFへの照会自体が未実施（gbif_taxon_key欠落・gbif_match_type=NULL）
matsumurella chinensis,Matsumurella chinensis,オオヒメキセワタ,維管束植物,,絶滅危惧ⅠB類（EN）,,,moe_redlist,GBIFへの照会自体が未実施（gbif_taxon_key欠落・gbif_match_type=NULL）
matsumurella tuberifera,Matsumurella tuberifera,ヒメキセワタ,維管束植物,,絶滅危惧Ⅱ類（VU）,,,moe_redlist,GBIFへの照会自体が未実施（gbif_taxon_key欠落・gbif_match_type=NULL）
mazus goodenifolius,Mazus goodenifolius,ヒメサギゴケ,維管束植物,,絶滅危惧ⅠB類（EN）,,,moe_redlist,GBIFへの照会自体が未実施（gbif_taxon_key欠落・gbif_match_type=NULL）
meehania montis-koyae,Meehania montis-koyae,オチフジ,維管束植物,,絶滅危惧Ⅱ類（VU）,,,moe_redlist,GBIFへの照会自体が未実施（gbif_taxon_key欠落・gbif_match_type=NULL）
megachasma pelagios,Megachasma pelagios,メガマウスザメ,魚類（海洋生物）,,情報不足（DD）,,,moe_redlist,GBIFへの照会自体が未実施（gbif_taxon_key欠落・gbif_match_type=NULL）
megachile asahinai,Megachile asahinai,アサヒナハキリバチ,昆虫類,,絶滅危惧II類（VU）,,,moe_redlist,GBIFへの照会自体が未実施（gbif_taxon_key欠落・gbif_match_type=NULL）
megachile lagopoda furukawai,Megachile lagopoda furukawai,フルカワフトハキリバチ,昆虫類,,情報不足（DD）,,,moe_redlist,GBIFへの照会自体が未実施（gbif_taxon_key欠落・gbif_match_type=NULL）
megachile pseudomonticola,Megachile pseudomonticola,クズハキリバチ,昆虫類,,情報不足（DD）,,,moe_redlist,GBIFへの照会自体が未実施（gbif_taxon_key欠落・gbif_match_type=NULL）
megachile xanthothrix,Megachile xanthothrix,キバラハキリバチ,昆虫類,,準絶滅危惧（NT）,,,moe_redlist,GBIFへの照会自体が未実施（gbif_taxon_key欠落・gbif_match_type=NULL）
megacrania tsudai adan,Megacrania tsudai adan,ヤエヤマツダナナフシ,昆虫類,,情報不足（DD）,,,moe_redlist,GBIFへの照会自体が未実施（gbif_taxon_key欠落・gbif_match_type=NULL）
megalophaedusa aenea,Megalophaedusa aenea,シンチュウギセル（エイネギセル）,貝類,,絶滅危惧I類（CR+EN）,,,moe_redlist,GBIFへの照会自体が未実施（gbif_taxon_key欠落・gbif_match_type=NULL）
megalophaedusa albela,Megalophaedusa albela,ケショウギセル,貝類,,絶滅危惧I類（CR+EN）,,,moe_redlist,GBIFへの照会自体が未実施（gbif_taxon_key欠落・gbif_match_type=NULL）
megalophaedusa aratorum,Megalophaedusa aratorum,タビトギセル（アラトラギセル）,貝類,,絶滅危惧I類（CR+EN）,,,moe_redlist,GBIFへの照会自体が未実施（gbif_taxon_key欠落・gbif_match_type=NULL）
megalophaedusa aulacophora,Megalophaedusa aulacophora,クロチビギセル,貝類,,準絶滅危惧（NT）,,,moe_redlist,GBIFへの照会自体が未実施（gbif_taxon_key欠落・gbif_match_type=NULL）
megalophaedusa aurantiaca moellendorffi,Megalophaedusa aurantiaca moellendorffi,エルベリギセル,貝類,,情報不足（DD）,,,moe_redlist,GBIFへの照会自体が未実施（gbif_taxon_key欠落・gbif_match_type=NULL）
megalophaedusa dalli,Megalophaedusa dalli,デールギセル,貝類,,絶滅危惧II類（VU）,,,moe_redlist,GBIFへの照会自体が未実施（gbif_taxon_key欠落・gbif_match_type=NULL）
megalophaedusa decapitata,Megalophaedusa decapitata,シリオレトノサマギセル,貝類,,準絶滅危惧（NT）,,,moe_redlist,GBIFへの照会自体が未実施（gbif_taxon_key欠落・gbif_match_type=NULL）
megalophaedusa decussata,Megalophaedusa decussata,ハブタエギセル,貝類,,絶滅危惧II類（VU）,,,moe_redlist,GBIFへの照会自体が未実施（gbif_taxon_key欠落・gbif_match_type=NULL）
megalophaedusa dorcas,Megalophaedusa dorcas,オクガタギセル,貝類,,準絶滅危惧（NT）,,,moe_redlist,GBIFへの照会自体が未実施（gbif_taxon_key欠落・gbif_match_type=NULL）
megalophaedusa ducalis,Megalophaedusa ducalis,トノサマギセル,貝類,,準絶滅危惧（NT）,,,moe_redlist,GBIFへの照会自体が未実施（gbif_taxon_key欠落・gbif_match_type=NULL）
megalophaedusa fukudainadai,Megalophaedusa fukudainadai,ナルトギセル,貝類,,絶滅危惧IA類（CR）,,,moe_redlist,GBIFへの照会自体が未実施（gbif_taxon_key欠落・gbif_match_type=NULL）
megalophaedusa gracilispira,Megalophaedusa gracilispira,ホソヒメギセル,貝類,,絶滅危惧II類（VU）,,,moe_redlist,GBIFへの照会自体が未実施（gbif_taxon_key欠落・gbif_match_type=NULL）
megalophaedusa hosayaka,Megalophaedusa hosayaka,ホソヤカギセル,貝類,,準絶滅危惧（NT）,,,moe_redlist,GBIFへの照会自体が未実施（gbif_taxon_key欠落・gbif_match_type=NULL）
megalophaedusa ignobilis,Megalophaedusa ignobilis,アベギセル,貝類,,絶滅危惧II類（VU）,,,moe_redlist,GBIFへの照会自体が未実施（gbif_taxon_key欠落・gbif_match_type=NULL）
megalophaedusa iijimakuniakii,Megalophaedusa iijimakuniakii,ツバクロイワギセル,貝類,,絶滅危惧II類（VU）,,,moe_redlist,GBIFへの照会自体が未実施（gbif_taxon_key欠落・gbif_match_type=NULL）
megalophaedusa ikenoi,Megalophaedusa ikenoi,ホウライジギセル,貝類,,絶滅危惧I類（CR+EN）,,,moe_redlist,GBIFへの照会自体が未実施（gbif_taxon_key欠落・gbif_match_type=NULL）
megalophaedusa iotaptyx,Megalophaedusa iotaptyx,シリボソギセル,貝類,,準絶滅危惧（NT）,,,moe_redlist,GBIFへの照会自体が未実施（gbif_taxon_key欠落・gbif_match_type=NULL）
megalophaedusa ishikawai,Megalophaedusa ishikawai,イシカワギセル,貝類,,絶滅危惧I類（CR+EN）,,,moe_redlist,GBIFへの照会自体が未実施（gbif_taxon_key欠落・gbif_match_type=NULL）
megalophaedusa iyoensis,Megalophaedusa iyoensis,イヨギセル,貝類,,絶滅危惧II類（VU）,,,moe_redlist,GBIFへの照会自体が未実施（gbif_taxon_key欠落・gbif_match_type=NULL）
megalophaedusa kanjiookuboi,Megalophaedusa kanjiookuboi,オクシリギセル,貝類,,絶滅危惧II類（VU）,,,moe_redlist,GBIFへの照会自体が未実施（gbif_taxon_key欠落・gbif_match_type=NULL）
megalophaedusa kawamotoi,Megalophaedusa kawamotoi,カワモトギセル,貝類,,絶滅危惧II類（VU）,,,moe_redlist,GBIFへの照会自体が未実施（gbif_taxon_key欠落・gbif_match_type=NULL）
megalophaedusa kawasakii,Megalophaedusa kawasakii,ハチノコギセル,貝類,,準絶滅危惧（NT）,,,moe_redlist,GBIFへの照会自体が未実施（gbif_taxon_key欠落・gbif_match_type=NULL）
megalophaedusa kubinaga,Megalophaedusa kubinaga,クビナガギセル,貝類,,絶滅危惧II類（VU）,,,moe_redlist,GBIFへの照会自体が未実施（gbif_taxon_key欠落・gbif_match_type=NULL）
megalophaedusa kuninoae,Megalophaedusa kuninoae,クニノギセル,貝類,,準絶滅危惧（NT）,,,moe_redlist,GBIFへの照会自体が未実施（gbif_taxon_key欠落・gbif_match_type=NULL）
megalophaedusa kurozuensis,Megalophaedusa kurozuensis,クロズギセル,貝類,,絶滅危惧II類（VU）,,,moe_redlist,GBIFへの照会自体が未実施（gbif_taxon_key欠落・gbif_match_type=NULL）
megalophaedusa kyotoensis,Megalophaedusa kyotoensis,キョウトギセル,貝類,,絶滅危惧II類（VU）,,,moe_redlist,GBIFへの照会自体が未実施（gbif_taxon_key欠落・gbif_match_type=NULL）
megalophaedusa martensi,Megalophaedusa martensi,オオギセル,貝類,,準絶滅危惧（NT）,,,moe_redlist,GBIFへの照会自体が未実施（gbif_taxon_key欠落・gbif_match_type=NULL）
megalophaedusa masatokandai masatokandai,Megalophaedusa masatokandai masatokandai,オオイタシロギセル,貝類,,絶滅危惧I類（CR+EN）,,,moe_redlist,GBIFへの照会自体が未実施（gbif_taxon_key欠落・gbif_match_type=NULL）
megalophaedusa masatokandai shiroi,Megalophaedusa masatokandai shiroi,ヒメシロギセル,貝類,,絶滅危惧I類（CR+EN）,,,moe_redlist,GBIFへの照会自体が未実施（gbif_taxon_key欠落・gbif_match_type=NULL）
megalophaedusa micropeas hokkaidoensis,Megalophaedusa micropeas hokkaidoensis,エゾヒメギセル,貝類,,情報不足（DD）,,,moe_redlist,GBIFへの照会自体が未実施（gbif_taxon_key欠落・gbif_match_type=NULL）
megalophaedusa mikado,Megalophaedusa mikado,ミカドギセル,貝類,,準絶滅危惧（NT）,,,moe_redlist,GBIFへの照会自体が未実施（gbif_taxon_key欠落・gbif_match_type=NULL）
megalophaedusa mitsukurii,Megalophaedusa mitsukurii,ミツクリギセル,貝類,,絶滅危惧II類（VU）,,,moe_redlist,GBIFへの照会自体が未実施（gbif_taxon_key欠落・gbif_match_type=NULL）
megalophaedusa miyazakii,Megalophaedusa miyazakii,ミヤザキギセル,貝類,,絶滅危惧II類（VU）,,,moe_redlist,GBIFへの照会自体が未実施（gbif_taxon_key欠落・gbif_match_type=NULL）
megalophaedusa morisakii,Megalophaedusa morisakii,モリサキギセル,貝類,,準絶滅危惧（NT）,,,moe_redlist,GBIFへの照会自体が未実施（gbif_taxon_key欠落・gbif_match_type=NULL）
megalophaedusa nankaidoensis nankaidoensis,Megalophaedusa nankaidoensis nankaidoensis,コシボソギセル,貝類,,準絶滅危惧（NT）,,,moe_redlist,GBIFへの照会自体が未実施（gbif_taxon_key欠落・gbif_match_type=NULL）
megalophaedusa nankaidoensis yanoi,Megalophaedusa nankaidoensis yanoi,ショウドシマギセル,貝類,,絶滅危惧II類（VU）,,,moe_redlist,GBIFへの照会自体が未実施（gbif_taxon_key欠落・gbif_match_type=NULL）
megalophaedusa pachyspira,Megalophaedusa pachyspira,シリブトギセル,貝類,,絶滅危惧II類（VU）,,,moe_redlist,GBIFへの照会自体が未実施（gbif_taxon_key欠落・gbif_match_type=NULL）
megalophaedusa pilsbryana,Megalophaedusa pilsbryana,ピルスブリギセル,貝類,,準絶滅危惧（NT）,,,moe_redlist,GBIFへの照会自体が未実施（gbif_taxon_key欠落・gbif_match_type=NULL）
megalophaedusa pilsbryi,Megalophaedusa pilsbryi,カギヒダギセル,貝類,,絶滅危惧II類（VU）,,,moe_redlist,GBIFへの照会自体が未実施（gbif_taxon_key欠落・gbif_match_type=NULL）
megalophaedusa pinguis pinguis,Megalophaedusa pinguis pinguis,キイツムガタギセル,貝類,,準絶滅危惧（NT）,,,moe_redlist,GBIFへの照会自体が未実施（gbif_taxon_key欠落・gbif_match_type=NULL）
megalophaedusa plicilabris,Megalophaedusa plicilabris,コスジギセル,貝類,,準絶滅危惧（NT）,,,moe_redlist,GBIFへの照会自体が未実施（gbif_taxon_key欠落・gbif_match_type=NULL）
megalophaedusa puellaris,Megalophaedusa puellaris,ウブギセル,貝類,,絶滅危惧II類（VU）,,,moe_redlist,GBIFへの照会自体が未実施（gbif_taxon_key欠落・gbif_match_type=NULL）
megalophaedusa rex,Megalophaedusa rex,オオトノサマギセル,貝類,,準絶滅危惧（NT）,,,moe_redlist,GBIFへの照会自体が未実施（gbif_taxon_key欠落・gbif_match_type=NULL）
megalophaedusa rhopalia,Megalophaedusa rhopalia,ツメギセル,貝類,,準絶滅危惧（NT）,,,moe_redlist,GBIFへの照会自体が未実施（gbif_taxon_key欠落・gbif_match_type=NULL）
megalophaedusa schmackeri,Megalophaedusa schmackeri,シマケルギセル,貝類,,準絶滅危惧（NT）,,,moe_redlist,GBIFへの照会自体が未実施（gbif_taxon_key欠落・gbif_match_type=NULL）
megalophaedusa sericina,Megalophaedusa sericina,チュウゼンジギセル,貝類,,準絶滅危惧（NT）,,,moe_redlist,GBIFへの照会自体が未実施（gbif_taxon_key欠落・gbif_match_type=NULL）
megalophaedusa spelaeonis,Megalophaedusa spelaeonis,カザアナギセル,貝類,,絶滅危惧I類（CR+EN）,,,moe_redlist,GBIFへの照会自体が未実施（gbif_taxon_key欠落・gbif_match_type=NULL）
megalophaedusa stenospira,Megalophaedusa stenospira,シロバリギセル,貝類,,準絶滅危惧（NT）,,,moe_redlist,GBIFへの照会自体が未実施（gbif_taxon_key欠落・gbif_match_type=NULL）
megalophaedusa sugimotonis misaki,Megalophaedusa sugimotonis misaki,ミサキギセル,貝類,,準絶滅危惧（NT）,,,moe_redlist,GBIFへの照会自体が未実施（gbif_taxon_key欠落・gbif_match_type=NULL）
megalophaedusa sugimotonis sugimotonis,Megalophaedusa sugimotonis sugimotonis,スギモトギセル,貝類,,準絶滅危惧（NT）,,,moe_redlist,GBIFへの照会自体が未実施（gbif_taxon_key欠落・gbif_match_type=NULL）
megalophaedusa surugensis,Megalophaedusa surugensis,スルガギセル,貝類,,準絶滅危惧（NT）,,,moe_redlist,GBIFへの照会自体が未実施（gbif_taxon_key欠落・gbif_match_type=NULL）
megalophaedusa tanegashimae,Megalophaedusa tanegashimae,タネガシマギセル,貝類,,準絶滅危惧（NT）,,,moe_redlist,GBIFへの照会自体が未実施（gbif_taxon_key欠落・gbif_match_type=NULL）
megalophaedusa tosaensis,Megalophaedusa tosaensis,トサシリボソギセル,貝類,,準絶滅危惧（NT）,,,moe_redlist,GBIFへの照会自体が未実施（gbif_taxon_key欠落・gbif_match_type=NULL）
megalophaedusa toshiyukii,Megalophaedusa toshiyukii,ナンピギセル,貝類,,絶滅危惧I類（CR+EN）,,,moe_redlist,GBIFへの照会自体が未実施（gbif_taxon_key欠落・gbif_match_type=NULL）
megalophaedusa yagurai,Megalophaedusa yagurai,ヤグラギセル,貝類,,絶滅危惧II類（VU）,,,moe_redlist,GBIFへの照会自体が未実施（gbif_taxon_key欠落・gbif_match_type=NULL）
megalurus pryeri pryeri,Megalurus pryeri pryeri,オオセッカ,鳥類,,絶滅危惧IB類（EN）,,,moe_redlist,GBIFへの照会自体が未実施（gbif_taxon_key欠落・gbif_match_type=NULL）
meganola mikabo,Meganola mikabo,ミカボコブガ,昆虫類,,準絶滅危惧（NT）,,,moe_redlist,GBIFへの照会自体が未実施（gbif_taxon_key欠落・gbif_match_type=NULL）
meganthias kingyo,Meganthias kingyo,イトマンオオキンギョ,魚類（海洋生物）,,情報不足（DD）,,,moe_redlist,GBIFへの照会自体が未実施（gbif_taxon_key欠落・gbif_match_type=NULL）
megaxyela togashii,Megaxyela togashii,オオナギナタハバチ,昆虫類,,絶滅危惧II類（VU）,,,moe_redlist,GBIFへの照会自体が未実施（gbif_taxon_key欠落・gbif_match_type=NULL）
meghimatium sp.,Meghimatium sp.,ダンジョナメクジ,貝類,,絶滅危惧IB類（EN）,,,moe_redlist,GBIFへの照会自体が未実施（gbif_taxon_key欠落・gbif_match_type=NULL）
meiothecium microcarpum,Meiothecium microcarpum,マムシゴケ,蘚苔類,,絶滅危惧ⅠB類（EN）,,,moe_redlist,GBIFへの照会自体が未実施（gbif_taxon_key欠落・gbif_match_type=NULL）
melampus cristatus,Melampus cristatus,アツクチハマシイノミ,貝類,,絶滅危惧I類（CR+EN）,,,moe_redlist,GBIFへの照会自体が未実施（gbif_taxon_key欠落・gbif_match_type=NULL）
melampus nucleolus,Melampus nucleolus,ウルシヌリハマシイノミ,貝類,,絶滅危惧II類（VU）,,,moe_redlist,GBIFへの照会自体が未実施（gbif_taxon_key欠落・gbif_match_type=NULL）
melampus ovuloides,Melampus ovuloides,デンジハマシイノミ,貝類,,絶滅危惧II類（VU）,,,moe_redlist,GBIFへの照会自体が未実施（gbif_taxon_key欠落・gbif_match_type=NULL）
melampus phaeostylus,Melampus phaeostylus,コメツブハマシイノミ,貝類,,準絶滅危惧（NT）,,,moe_redlist,GBIFへの照会自体が未実施（gbif_taxon_key欠落・gbif_match_type=NULL）
melampus sculptus,Melampus sculptus,ニワタズミハマシイノミ,貝類,,絶滅危惧II類（VU）,,,moe_redlist,GBIFへの照会自体が未実施（gbif_taxon_key欠落・gbif_match_type=NULL）
melampus sincaporensis,Melampus sincaporensis,キヌカツギハマシイノミ,貝類,,絶滅危惧II類（VU）,,,moe_redlist,GBIFへの照会自体が未実施（gbif_taxon_key欠落・gbif_match_type=NULL）
melampus sp.,Melampus sp.,オウトウハマシイノミ,貝類,,絶滅危惧II類（VU）,,,moe_redlist,GBIFへの照会自体が未実施（gbif_taxon_key欠落・gbif_match_type=NULL）
melampus sulculosus,Melampus sulculosus,キヌメハマシイノミ（トリコハマシイノミ）,貝類,,準絶滅危惧（NT）,,,moe_redlist,GBIFへの照会自体が未実施（gbif_taxon_key欠落・gbif_match_type=NULL）
melampyrum laxum var. arcuatum,Melampyrum laxum var. arcuatum,タカネママコナ,維管束植物,,絶滅危惧Ⅱ類（VU）,,,moe_redlist,GBIFへの照会自体が未実施（gbif_taxon_key欠落・gbif_match_type=NULL）
melampyrum setaceum,Melampyrum setaceum,ホソバママコナ,維管束植物,,絶滅危惧Ⅱ類（VU）,,,moe_redlist,GBIFへの照会自体が未実施（gbif_taxon_key欠落・gbif_match_type=NULL）
melanelixia fuliginosa,Melanelixia fuliginosa,トゲオリーブゴケモドキ,地衣類,,情報不足（DD）,,,moe_redlist,GBIFへの照会自体が未実施（gbif_taxon_key欠落・gbif_match_type=NULL）
melanochlamys ezoensis,Melanochlamys ezoensis,エゾキセワタ,貝類,,絶滅危惧II類（VU）,,,moe_redlist,GBIFへの照会自体が未実施（gbif_taxon_key欠落・gbif_match_type=NULL）
melanochlamys fukudai,Melanochlamys fukudai,ヤミヨキセワタ,貝類,,絶滅危惧II類（VU）,,,moe_redlist,GBIFへの照会自体が未実施（gbif_taxon_key欠落・gbif_match_type=NULL）
melanoides tuberculatus,Melanoides tuberculatus,ヌノメカワニナ,貝類,,準絶滅危惧（NT）,,,moe_redlist,GBIFへの照会自体が未実施（gbif_taxon_key欠落・gbif_match_type=NULL）
melastoma candidum var. alessandrense,Melastoma candidum var. alessandrense,イオウノボタン,維管束植物,,絶滅危惧Ⅱ類（VU）,,,moe_redlist,GBIFへの照会自体が未実施（gbif_taxon_key欠落・gbif_match_type=NULL）
melastoma tetramerum var. pentapetalum,Melastoma tetramerum var. pentapetalum,ハハジマノボタン,維管束植物,,絶滅危惧ⅠB類（EN）,,,moe_redlist,GBIFへの照会自体が未実施（gbif_taxon_key欠落・gbif_match_type=NULL）
melastoma tetramerum var. tetramerum,Melastoma tetramerum var. tetramerum,ムニンノボタン,維管束植物,,絶滅危惧ⅠＡ類（CR）,,,moe_redlist,GBIFへの照会自体が未実施（gbif_taxon_key欠落・gbif_match_type=NULL）
melicope grisea var. crassifolia,Melicope grisea var. crassifolia,アツバシロテツ,維管束植物,,絶滅危惧ⅠB類（EN）,,,moe_redlist,GBIFへの照会自体が未実施（gbif_taxon_key欠落・gbif_match_type=NULL）
melicope nishimurae,Melicope nishimurae,ムニンゴシュユ,維管束植物,,絶滅危惧Ⅱ類（VU）,,,moe_redlist,GBIFへの照会自体が未実施（gbif_taxon_key欠落・gbif_match_type=NULL）
meliosma arnottiana subsp. oldhamii var. hachijoensis,Meliosma arnottiana subsp. oldhamii var. hachijoensis,サクノキ,維管束植物,,絶滅危惧Ⅱ類（VU）,,,moe_redlist,GBIFへの照会自体が未実施（gbif_taxon_key欠落・gbif_match_type=NULL）
melitaea ambigua niphona,Melitaea ambigua niphona,コヒョウモンモドキ,昆虫類,,絶滅危惧IB類（EN）,,,moe_redlist,GBIFへの照会自体が未実施（gbif_taxon_key欠落・gbif_match_type=NULL）
melitaea protomedia,Melitaea protomedia,ウスイロヒョウモンモドキ,昆虫類,,絶滅危惧IA類（CR）,,,moe_redlist,GBIFへの照会自体が未実施（gbif_taxon_key欠落・gbif_match_type=NULL）
melitaea scotosia,Melitaea scotosia,ヒョウモンモドキ,昆虫類,,絶滅危惧IA類（CR）,,,moe_redlist,GBIFへの照会自体が未実施（gbif_taxon_key欠落・gbif_match_type=NULL）
melliteryx puncticulata,Melliteryx puncticulata,ハチミツガイ,貝類,,情報不足（DD）,,,moe_redlist,GBIFへの照会自体が未実施（gbif_taxon_key欠落・gbif_match_type=NULL）
menegazzia asahinae,Menegazzia asahinae,フクレセンシゴケ,地衣類,,情報不足（DD）,,,moe_redlist,GBIFへの照会自体が未実施（gbif_taxon_key欠落・gbif_match_type=NULL）
menegazzia caviisidia,Menegazzia caviisidia,ツブクダチイ,地衣類,,情報不足（DD）,,,moe_redlist,GBIFへの照会自体が未実施（gbif_taxon_key欠落・gbif_match_type=NULL）
menegazzia squamatica,Menegazzia squamatica,ウスキクダチイ,地衣類,,情報不足（DD）,,,moe_redlist,GBIFへの照会自体が未実施（gbif_taxon_key欠落・gbif_match_type=NULL）
mentha japonica,Mentha japonica,ヒメハッカ,維管束植物,,準絶滅危惧（NT）,,,moe_redlist,GBIFへの照会自体が未実施（gbif_taxon_key欠落・gbif_match_type=NULL）
meretrix lusoria,Meretrix lusoria,ハマグリ,貝類,,絶滅危惧II類（VU）,,,moe_redlist,GBIFへの照会自体が未実施（gbif_taxon_key欠落・gbif_match_type=NULL）
meretrix sp.,Meretrix sp.,トゥドゥマリハマグリ,貝類,,絶滅危惧I類（CR+EN）,,,moe_redlist,GBIFへの照会自体が未実施（gbif_taxon_key欠落・gbif_match_type=NULL）
merguia oligodon,Merguia oligodon,キノボリエビ,甲殻類（海洋生物）,,準絶滅危惧（NT）,,,moe_redlist,GBIFへの照会自体が未実施（gbif_taxon_key欠落・gbif_match_type=NULL）
merionoeda tosawai,Merionoeda tosawai,オガサワラモモブトコバネカミキリ,昆虫類,,準絶滅危惧（NT）,,,moe_redlist,GBIFへの照会自体が未実施（gbif_taxon_key欠落・gbif_match_type=NULL）
meropesta nicobarica,Meropesta nicobarica,ユキガイ,貝類,,準絶滅危惧（NT）,,,moe_redlist,GBIFへの照会自体が未実施（gbif_taxon_key欠落・gbif_match_type=NULL）
meropesta sinojaponica,Meropesta sinojaponica,チリメンユキガイ,貝類,,絶滅危惧I類（CR+EN）,,,moe_redlist,GBIFへの照会自体が未実施（gbif_taxon_key欠落・gbif_match_type=NULL）
meropesta sp.,Meropesta sp.,ハブタエユキガイ,貝類,,情報不足（DD）,,,moe_redlist,GBIFへの照会自体が未実施（gbif_taxon_key欠落・gbif_match_type=NULL）
mertensia pterocarpa var. yezoensis,Mertensia pterocarpa var. yezoensis,エゾルリソウ,維管束植物,,絶滅危惧ⅠＡ類（CR）,,,moe_redlist,GBIFへの照会自体が未実施（gbif_taxon_key欠落・gbif_match_type=NULL）
mesocibota bistrigata,Mesocibota bistrigata,ヒメエガイ,貝類,,絶滅危惧IB類（EN）,,,moe_redlist,GBIFへの照会自体が未実施（gbif_taxon_key欠落・gbif_match_type=NULL）
mesopristes argenteus,Mesopristes argenteus,ニセシマイサキ,汽水・淡水魚類,,絶滅危惧IA類（CR）,,,moe_redlist,GBIFへの照会自体が未実施（gbif_taxon_key欠落・gbif_match_type=NULL）
mesopristes cancellatus,Mesopristes cancellatus,ヨコシマイサキ,汽水・淡水魚類,,絶滅危惧IA類（CR）,,,moe_redlist,GBIFへの照会自体が未実施（gbif_taxon_key欠落・gbif_match_type=NULL）
mesopristes iravi,Mesopristes iravi,シミズシマイサキ,汽水・淡水魚類,,絶滅危惧IA類（CR）,,,moe_redlist,GBIFへの照会自体が未実施（gbif_taxon_key欠落・gbif_match_type=NULL）
mesoptychia collaris,Mesoptychia collaris,オオイチョウゴケ,蘚苔類,,絶滅危惧ⅠB類（EN）,,,moe_redlist,GBIFへの照会自体が未実施（gbif_taxon_key欠落・gbif_match_type=NULL）
mesoptychia igiana,Mesoptychia igiana,イギイチョウゴケ,蘚苔類,,準絶滅危惧（NT）,,,moe_redlist,GBIFへの照会自体が未実施（gbif_taxon_key欠落・gbif_match_type=NULL）
mesosa hirtiventris,Mesosa hirtiventris,ケハラゴマフカミキリ,昆虫類,,絶滅危惧II類（VU）,,,moe_redlist,GBIFへの照会自体が未実施（gbif_taxon_key欠落・gbif_match_type=NULL）
mesosa rufa,Mesosa rufa,オガサワラゴマフカミキリ,昆虫類,,準絶滅危惧（NT）,,,moe_redlist,GBIFへの照会自体が未実施（gbif_taxon_key欠落・gbif_match_type=NULL）
metabetaeus minutus,Metabetaeus minutus,オハグロテッポウエビ,その他無脊椎動物,,準絶滅危惧（NT）,,,moe_redlist,GBIFへの照会自体が未実施（gbif_taxon_key欠落・gbif_match_type=NULL）
metagoniochernes tomiyamai,Metagoniochernes tomiyamai,テナガカニムシ,その他無脊椎動物,,情報不足（DD）,,,moe_redlist,GBIFへの照会自体が未実施（gbif_taxon_key欠落・gbif_match_type=NULL）
metarhizium pseudoatrovirens,Metarhizium pseudoatrovirens,トワダミドリクチキムシタケ,菌類,,情報不足（DD）,,,moe_redlist,GBIFへの照会自体が未実施（gbif_taxon_key欠落・gbif_match_type=NULL）
meteoriopsis reclinata,Meteoriopsis reclinata,タカサゴハイヒモゴケ,蘚苔類,,絶滅危惧Ⅱ類（VU）,,,moe_redlist,GBIFへの照会自体が未実施（gbif_taxon_key欠落・gbif_match_type=NULL）
meteorium papillarioides,Meteorium papillarioides,ホソヒモゴケ,蘚苔類,,情報不足（DD）,,,moe_redlist,GBIFへの照会自体が未実施（gbif_taxon_key欠落・gbif_match_type=NULL）
meterostachys sikokianus,Meterostachys sikokianus,チャボツメレンゲ,維管束植物,,絶滅危惧Ⅱ類（VU）,,,moe_redlist,GBIFへの照会自体が未実施（gbif_taxon_key欠落・gbif_match_type=NULL）
metrosideros boninensis,Metrosideros boninensis,ムニンフトモモ,維管束植物,,絶滅危惧ⅠＡ類（CR）,,,moe_redlist,GBIFへの照会自体が未実施（gbif_taxon_key欠落・gbif_match_type=NULL）
mezira tremulae,Mezira tremulae,ヤセオオヒラタカメムシ,昆虫類,,準絶滅危惧（NT）,,,moe_redlist,GBIFへの照会自体が未実施（gbif_taxon_key欠落・gbif_match_type=NULL）
micracanthia boninana,Micracanthia boninana,オガサワラミズギワカメムシ,昆虫類,,準絶滅危惧（NT）,,,moe_redlist,GBIFへの照会自体が未実施（gbif_taxon_key欠落・gbif_match_type=NULL）
micracanthia hasegawai,Micracanthia hasegawai,ヒメミズギワカメムシ,昆虫類,,準絶滅危惧（NT）,,,moe_redlist,GBIFへの照会自体が未実施（gbif_taxon_key欠落・gbif_match_type=NULL）
micranthes laciniata,Micranthes laciniata,クモマユキノシタ,維管束植物,,絶滅危惧ⅠB類（EN）,,,moe_redlist,GBIFへの照会自体が未実施（gbif_taxon_key欠落・gbif_match_type=NULL）
micranthes nelsoniana var. reniformis,Micranthes nelsoniana var. reniformis,チシマイワブキ,維管束植物,,絶滅危惧ⅠB類（EN）,,,moe_redlist,GBIFへの照会自体が未実施（gbif_taxon_key欠落・gbif_match_type=NULL）
microcarpaea minima,Microcarpaea minima,スズメハコベ,維管束植物,,準絶滅危惧（NT）,,,moe_redlist,GBIFへの照会自体が未実施（gbif_taxon_key欠落・gbif_match_type=NULL）
microdon katsurai,Microdon katsurai,ケンランアリノスアブ,昆虫類,,絶滅危惧II類（VU）,,,moe_redlist,GBIFへの照会自体が未実施（gbif_taxon_key欠落・gbif_match_type=NULL）
microlepia hookeriana,Microlepia hookeriana,ヤンバルフモトシダ,維管束植物,,準絶滅危惧（NT）,,,moe_redlist,GBIFへの照会自体が未実施（gbif_taxon_key欠落・gbif_match_type=NULL）
microlepia obtusiloba var. angustata,Microlepia obtusiloba var. angustata,ホソバコウシュンシダ,維管束植物,,絶滅危惧ⅠＡ類（CR）,,,moe_redlist,GBIFへの照会自体が未実施（gbif_taxon_key欠落・gbif_match_type=NULL）
microlepia obtusiloba var. obtusiloba,Microlepia obtusiloba var. obtusiloba,コウシュンシダ,維管束植物,,絶滅危惧Ⅱ類（VU）,,,moe_redlist,GBIFへの照会自体が未実施（gbif_taxon_key欠落・gbif_match_type=NULL）
microlepia speluncae,Microlepia speluncae,オオイシカグマ,維管束植物,,絶滅危惧Ⅱ類（VU）,,,moe_redlist,GBIFへの照会自体が未実施（gbif_taxon_key欠落・gbif_match_type=NULL）
microlepia substrigosa,Microlepia substrigosa,ウスバイシカグマ,維管束植物,,準絶滅危惧（NT）,,,moe_redlist,GBIFへの照会自体が未実施（gbif_taxon_key欠落・gbif_match_type=NULL）
microsorum rubidum,Microsorum rubidum,タカウラボシ,維管束植物,,絶滅危惧ⅠB類（EN）,,,moe_redlist,GBIFへの照会自体が未実施（gbif_taxon_key欠落・gbif_match_type=NULL）
microtheliopsis uleana,Microtheliopsis uleana,シズクゴケ,地衣類,,情報不足（DD）,,,moe_redlist,GBIFへの照会自体が未実施（gbif_taxon_key欠落・gbif_match_type=NULL）
microtralia sp.,Microtralia sp.,コデマリナギサノシタタリ,貝類,,準絶滅危惧（NT）,,,moe_redlist,GBIFへの照会自体が未実施（gbif_taxon_key欠落・gbif_match_type=NULL）
microxyphiomyces kashiwadanii,Microxyphiomyces kashiwadanii,ヨウジョウクロヒゲモドキ,地衣類,,情報不足（DD）,,,moe_redlist,GBIFへの照会自体が未実施（gbif_taxon_key欠落・gbif_match_type=NULL）
mihbaicola sakamakii,Mihbaicola sakamakii,カクレエラノミ,甲殻類（海洋生物）,,情報不足（DD）,,,moe_redlist,GBIFへの照会自体が未実施（gbif_taxon_key欠落・gbif_match_type=NULL）
mimachlamys cloacata,Mimachlamys cloacata,ヒナノヒオウギの1種,貝類,,準絶滅危惧（NT）,,,moe_redlist,GBIFへの照会自体が未実施（gbif_taxon_key欠落・gbif_match_type=NULL）
mimela sakishimana,Mimela sakishimana,サキシマチビコガネ,昆虫類,,情報不足（DD）,,,moe_redlist,GBIFへの照会自体が未実施（gbif_taxon_key欠落・gbif_match_type=NULL）
mimica amakusaensis,Mimica amakusaensis,アマクサキリンサイ,藻類,,絶滅危惧ⅠB類（EN）,,,moe_redlist,GBIFへの照会自体が未実施（gbif_taxon_key欠落・gbif_match_type=NULL）
miniperla japonica,Miniperla japonica,コカワゲラ,昆虫類,,準絶滅危惧（NT）,,,moe_redlist,GBIFへの照会自体が未実施（gbif_taxon_key欠落・gbif_match_type=NULL）
minuartia arctica var. arctica,Minuartia arctica var. arctica,エゾタカネツメクサ,維管束植物,,絶滅危惧ⅠＡ類（CR）,,,moe_redlist,GBIFへの照会自体が未実施（gbif_taxon_key欠落・gbif_match_type=NULL）
minuartia biflora,Minuartia biflora,ハイツメクサ,維管束植物,,絶滅危惧ⅠB類（EN）,,,moe_redlist,GBIFへの照会自体が未実施（gbif_taxon_key欠落・gbif_match_type=NULL）
mirus andersonianus,Mirus andersonianus,クリイロキセルモドキ,貝類,,準絶滅危惧（NT）,,,moe_redlist,GBIFへの照会自体が未実施（gbif_taxon_key欠落・gbif_match_type=NULL）
mirus gracilispira,Mirus gracilispira,ヤセキセルモドキ,貝類,,絶滅危惧I類（CR+EN）,,,moe_redlist,GBIFへの照会自体が未実施（gbif_taxon_key欠落・gbif_match_type=NULL）
mirus rugulosus,Mirus rugulosus,ホソキセルモドキ,貝類,,準絶滅危惧（NT）,,,moe_redlist,GBIFへの照会自体が未実施（gbif_taxon_key欠落・gbif_match_type=NULL）
misgurnus anguillicaudatus,Misgurnus anguillicaudatus,ドジョウ,汽水・淡水魚類,,準絶滅危惧（NT）,,,moe_redlist,GBIFへの照会自体が未実施（gbif_taxon_key欠落・gbif_match_type=NULL）
misgurnus sp. (clade a),Misgurnus sp. (Clade A),キタドジョウ,汽水・淡水魚類,,情報不足（DD）,,,moe_redlist,GBIFへの照会自体が未実施（gbif_taxon_key欠落・gbif_match_type=NULL）
misgurnus sp. ir,Misgurnus sp. IR,シノビドジョウ,汽水・淡水魚類,,情報不足（DD）,,,moe_redlist,GBIFへの照会自体が未実施（gbif_taxon_key欠落・gbif_match_type=NULL）
misgurnus sp. ok,Misgurnus sp. OK,ヒョウモンドジョウ,汽水・淡水魚類,,情報不足（DD）,,,moe_redlist,GBIFへの照会自体が未実施（gbif_taxon_key欠落・gbif_match_type=NULL）
mitella nuda,Mitella nuda,マルバチャルメルソウ,維管束植物,,絶滅危惧Ⅱ類（VU）,,,moe_redlist,GBIFへの照会自体が未実施（gbif_taxon_key欠落・gbif_match_type=NULL）
mitrasacme indica,Mitrasacme indica,ヒメナエ,維管束植物,,絶滅危惧Ⅱ類（VU）,,,moe_redlist,GBIFへの照会自体が未実施（gbif_taxon_key欠落・gbif_match_type=NULL）
mitrella martensi,Mitrella martensi,マルテンスマツムシ,貝類,,絶滅危惧I類（CR+EN）,,,moe_redlist,GBIFへの照会自体が未実施（gbif_taxon_key欠落・gbif_match_type=NULL）
mitsukurina owstoni,Mitsukurina owstoni,ミツクリザメ,魚類（海洋生物）,,情報不足（DD）,,,moe_redlist,GBIFへの照会自体が未実施（gbif_taxon_key欠落・gbif_match_type=NULL）
miyamotoa rubicunda,Miyamotoa rubicunda,ミヤモトベニカスミカメ,昆虫類,,準絶滅危惧（NT）,,,moe_redlist,GBIFへの照会自体が未実施（gbif_taxon_key欠落・gbif_match_type=NULL）
mnais pruinosa,Mnais pruinosa,房総半島のシロバネカワトンボ（f. edai）を含むアサヒナカワトンボ,昆虫類,,絶滅のおそれのある地域個体群（LP）,,,moe_redlist,GBIFへの照会自体が未実施（gbif_taxon_key欠落・gbif_match_type=NULL）
mnesithea laevis var. cochinchinensis,Mnesithea laevis var. cochinchinensis,ヒメウシノシッペイ,維管束植物,,絶滅危惧ⅠＡ類（CR）,,,moe_redlist,GBIFへの照会自体が未実施（gbif_taxon_key欠落・gbif_match_type=NULL）
mobula japanica,Mobula japanica,イトマキエイ,魚類（海洋生物）,,情報不足（DD）,,,moe_redlist,GBIFへの照会自体が未実施（gbif_taxon_key欠落・gbif_match_type=NULL）
mobula tarapacana,Mobula tarapacana,タイワンイトマキエイ,魚類（海洋生物）,,情報不足（DD）,,,moe_redlist,GBIFへの照会自体が未実施（gbif_taxon_key欠落・gbif_match_type=NULL）
mobula thurstoni,Mobula thurstoni,ヒメイトマキエイ,魚類（海洋生物）,,情報不足（DD）,,,moe_redlist,GBIFへの照会自体が未実施（gbif_taxon_key欠落・gbif_match_type=NULL）
modiolatus flavidus,Modiolatus flavidus,サザナミマクラ,貝類,,準絶滅危惧（NT）,,,moe_redlist,GBIFへの照会自体が未実施（gbif_taxon_key欠落・gbif_match_type=NULL）
modiolatus hanleyi,Modiolatus hanleyi,ハンレイヒバリ,貝類,,絶滅危惧I類（CR+EN）,,,moe_redlist,GBIFへの照会自体が未実施（gbif_taxon_key欠落・gbif_match_type=NULL）
modiolus modulaides,Modiolus modulaides,コケガラス,貝類,,準絶滅危惧（NT）,,,moe_redlist,GBIFへの照会自体が未実施（gbif_taxon_key欠落・gbif_match_type=NULL）
modiolus philippinarum,Modiolus philippinarum,ホソスジヒバリ,貝類,,準絶滅危惧（NT）,,,moe_redlist,GBIFへの照会自体が未実施（gbif_taxon_key欠落・gbif_match_type=NULL）
moehringia trinervia,Moehringia trinervia,タチハコベ,維管束植物,,絶滅危惧Ⅱ類（VU）,,,moe_redlist,GBIFへの照会自体が未実施（gbif_taxon_key欠落・gbif_match_type=NULL）
moellendorffia diminuta,Moellendorffia diminuta,コケハダシワクチマイマイ,貝類,,準絶滅危惧（NT）,,,moe_redlist,GBIFへの照会自体が未実施（gbif_taxon_key欠落・gbif_match_type=NULL）
moellendorffia eucharistus,Moellendorffia eucharistus,ケハダシワクチマイマイ,貝類,,絶滅危惧II類（VU）,,,moe_redlist,GBIFへの照会自体が未実施（gbif_taxon_key欠落・gbif_match_type=NULL）
moellendorffia tokunoensis,Moellendorffia tokunoensis,トクノシマケハダシワクチマイマイ,貝類,,絶滅危惧IB類（EN）,,,moe_redlist,GBIFへの照会自体が未実施（gbif_taxon_key欠落・gbif_match_type=NULL）
moerckia blytii,Moerckia blytii,チヂレヤハズゴケ,蘚苔類,,絶滅危惧Ⅱ類（VU）,,,moe_redlist,GBIFへの照会自体が未実施（gbif_taxon_key欠落・gbif_match_type=NULL）
moerella hilaris,Moerella hilaris,モモノハナ（エドザクラ）,貝類,,準絶滅危惧（NT）,,,moe_redlist,GBIFへの照会自体が未実施（gbif_taxon_key欠落・gbif_match_type=NULL）
mogera tokudae,Mogera tokudae,サドモグラ,哺乳類,,準絶滅危惧（NT）,,,moe_redlist,GBIFへの照会自体が未実施（gbif_taxon_key欠落・gbif_match_type=NULL）
moguai elongatum,Moguai elongatum,コウナガカワスナガニ,その他無脊椎動物,,準絶滅危惧（NT）,,,moe_redlist,GBIFへの照会自体が未実施（gbif_taxon_key欠落・gbif_match_type=NULL）
molendoa hornschuchiana,Molendoa hornschuchiana,ナガバハリイシバイゴケ,蘚苔類,,絶滅危惧Ⅱ類（VU）,,,moe_redlist,GBIFへの照会自体が未実施（gbif_taxon_key欠落・gbif_match_type=NULL）
monachosorum x arakii,Monachosorum x arakii,ヒメムカゴシダ,維管束植物,,絶滅危惧ⅠB類（EN）,,,moe_redlist,GBIFへの照会自体が未実施（gbif_taxon_key欠落・gbif_match_type=NULL）
moneses uniflora,Moneses uniflora,イチゲイチヤクソウ,維管束植物,,絶滅危惧ⅠＡ類（CR）,,,moe_redlist,GBIFへの照会自体が未実施（gbif_taxon_key欠落・gbif_match_type=NULL）
monochasma savatieri,Monochasma savatieri,ウスユキクチナシグサ,維管束植物,,絶滅危惧ⅠB類（EN）,,,moe_redlist,GBIFへの照会自体が未実施（gbif_taxon_key欠落・gbif_match_type=NULL）
monochoria korsakowii,Monochoria korsakowii,ミズアオイ,維管束植物,,準絶滅危惧（NT）,,,moe_redlist,GBIFへの照会自体が未実施（gbif_taxon_key欠落・gbif_match_type=NULL）
monoon liukiuense,Monoon liukiuense,クロボウモドキ,維管束植物,,絶滅危惧ⅠＡ類（CR）,,,moe_redlist,GBIFへの照会自体が未実施（gbif_taxon_key欠落・gbif_match_type=NULL）
monosolenium tenerum,Monosolenium tenerum,ヤワラゼニゴケ,蘚苔類,,準絶滅危惧（NT）,,,moe_redlist,GBIFへの照会自体が未実施（gbif_taxon_key欠落・gbif_match_type=NULL）
monotropastrum kirishimense,Monotropastrum kirishimense,キリシマギンリョウソウ,維管束植物,,絶滅危惧ⅠＡ類（CR）,,,moe_redlist,GBIFへの照会自体が未実施（gbif_taxon_key欠落・gbif_match_type=NULL）
monotygma eximia,Monotygma eximia,ヒメゴウナ,貝類,,準絶滅危惧（NT）,,,moe_redlist,GBIFへの照会自体が未実施（gbif_taxon_key欠落・gbif_match_type=NULL）
montia fontana,Montia fontana,ヌマハコベ,維管束植物,,絶滅危惧Ⅱ類（VU）,,,moe_redlist,GBIFへの照会自体が未実施（gbif_taxon_key欠落・gbif_match_type=NULL）
montrouzieria clathrata,Montrouzieria clathrata,コバコガイ,貝類,,絶滅危惧II類（VU）,,,moe_redlist,GBIFへの照会自体が未実施（gbif_taxon_key欠落・gbif_match_type=NULL）
moolgarda engeli,Moolgarda engeli,モンナシボラ,汽水・淡水魚類,,情報不足（DD）,,,moe_redlist,GBIFへの照会自体が未実施（gbif_taxon_key欠落・gbif_match_type=NULL）
moolgarda pedaraki,Moolgarda pedaraki,カマヒレボラ,汽水・淡水魚類,,情報不足（DD）,,,moe_redlist,GBIFへの照会自体が未実施（gbif_taxon_key欠落・gbif_match_type=NULL）
morchella semilibera,Morchella semilibera,トガリフカアミガサタケ,菌類,,情報不足（DD）,,,moe_redlist,GBIFへの照会自体が未実施（gbif_taxon_key欠落・gbif_match_type=NULL）
moria kubotai,Moria kubotai,ナナツガマホラアナミジンニナ,貝類,,絶滅危惧I類（CR+EN）,,,moe_redlist,GBIFへの照会自体が未実施（gbif_taxon_key欠落・gbif_match_type=NULL）
moria nipponica,Moria nipponica,ホラアナミジンニナ,貝類,,絶滅危惧II類（VU）,,,moe_redlist,GBIFへの照会自体が未実施（gbif_taxon_key欠落・gbif_match_type=NULL）
morimotoa gigantea,Morimotoa gigantea,オオメクラゲンゴロウ,昆虫類,,絶滅危惧IB類（EN）,,,moe_redlist,GBIFへの照会自体が未実施（gbif_taxon_key欠落・gbif_match_type=NULL）
morimotoa morimotoi,Morimotoa morimotoi,トサメクラゲンゴロウ,昆虫類,,絶滅危惧IB類（EN）,,,moe_redlist,GBIFへの照会自体が未実施（gbif_taxon_key欠落・gbif_match_type=NULL）
morimotoa phreatica phreatica,Morimotoa phreatica phreatica,メクラゲンゴロウ,昆虫類,,情報不足（DD）,,,moe_redlist,GBIFへの照会自体が未実施（gbif_taxon_key欠落・gbif_match_type=NULL）
morinda citrifolia,Morinda citrifolia,ヤエヤマアオキ,維管束植物,,絶滅危惧Ⅱ類（VU）,,,moe_redlist,GBIFへの照会自体が未実施（gbif_taxon_key欠落・gbif_match_type=NULL）
morion boninense,Morion boninense,オガサワラクチキゴミムシ,昆虫類,,絶滅危惧II類（VU）,,,moe_redlist,GBIFへの照会自体が未実施（gbif_taxon_key欠落・gbif_match_type=NULL）
morion japonicum,Morion japonicum,クチキゴミムシ,昆虫類,,絶滅危惧II類（VU）,,,moe_redlist,GBIFへの照会自体が未実施（gbif_taxon_key欠落・gbif_match_type=NULL）
mortensenella forceps,Mortensenella forceps,ハサミカクレガニ,甲殻類（海洋生物）,,情報不足（DD）,,,moe_redlist,GBIFへの照会自体が未実施（gbif_taxon_key欠落・gbif_match_type=NULL）
mortonagrion hirosei,Mortonagrion hirosei,ヒヌマイトトンボ,昆虫類,,絶滅危惧IB類（EN）,,,moe_redlist,GBIFへの照会自体が未実施（gbif_taxon_key欠落・gbif_match_type=NULL）
mortonagrion selenion,Mortonagrion selenion,モートンイトトンボ,昆虫類,,準絶滅危惧（NT）,,,moe_redlist,GBIFへの照会自体が未実施（gbif_taxon_key欠落・gbif_match_type=NULL）
morus australis,Morus australis,小笠原諸島などのシマグワ,植物,,,重点対策外来種,,moe_ias_list,GBIFへの照会自体が未実施（gbif_taxon_key欠落・gbif_match_type=NULL）
morus boninensis,Morus boninensis,オガサワラグワ,維管束植物,,絶滅危惧ⅠＡ類（CR）,,,moe_redlist,GBIFへの照会自体が未実施（gbif_taxon_key欠落・gbif_match_type=NULL）
mosla chinensis,Mosla chinensis,ホソバヤマジソ,維管束植物,,絶滅危惧Ⅱ類（VU）,,,moe_redlist,GBIFへの照会自体が未実施（gbif_taxon_key欠落・gbif_match_type=NULL）
mosla japonica var. hadae,Mosla japonica var. hadae,オオヤマジソ,維管束植物,,準絶滅危惧（NT）,,,moe_redlist,GBIFへの照会自体が未実施（gbif_taxon_key欠落・gbif_match_type=NULL）
mosla japonica var. japonica,Mosla japonica var. japonica,ヤマジソ,維管束植物,,準絶滅危惧（NT）,,,moe_redlist,GBIFへの照会自体が未実施（gbif_taxon_key欠落・gbif_match_type=NULL）
mozartius testaceus,Mozartius testaceus,ダルママグソコガネ,昆虫類,,情報不足（DD）,,,moe_redlist,GBIFへの照会自体が未実施（gbif_taxon_key欠落・gbif_match_type=NULL）
mucrocalliope shimantoensis,Mucrocalliope shimantoensis,シマントヨコエビ,甲殻類（海洋生物）,,情報不足（DD）,,,moe_redlist,GBIFへの照会自体が未実施（gbif_taxon_key欠落・gbif_match_type=NULL）
mucronalia exilis,Mucronalia exilis,ヤセフタオビツマミガイ,貝類,,絶滅危惧II類（VU）,,,moe_redlist,GBIFへの照会自体が未実施（gbif_taxon_key欠落・gbif_match_type=NULL）
mucuna gigantea,Mucuna gigantea,ワニグチモダマ,維管束植物,,準絶滅危惧（NT）,,,moe_redlist,GBIFへの照会自体が未実施（gbif_taxon_key欠落・gbif_match_type=NULL）
muda kuroiwae,Muda kuroiwae,クロイワゼミ,昆虫類,,絶滅危惧II類（VU）,,,moe_redlist,GBIFへの照会自体が未実施（gbif_taxon_key欠落・gbif_match_type=NULL）
mugilogobius cavifrons,Mugilogobius cavifrons,ホホグロハゼ,汽水・淡水魚類,,絶滅危惧IB類（EN）,,,moe_redlist,GBIFへの照会自体が未実施（gbif_taxon_key欠落・gbif_match_type=NULL）
mugilogobius fuscus,Mugilogobius fuscus,フタホシハゼ,汽水・淡水魚類,,情報不足（DD）,,,moe_redlist,GBIFへの照会自体が未実施（gbif_taxon_key欠落・gbif_match_type=NULL）
mugilogobius mertoni,Mugilogobius mertoni,ムジナハゼ,汽水・淡水魚類,,絶滅危惧II類（VU）,,,moe_redlist,GBIFへの照会自体が未実施（gbif_taxon_key欠落・gbif_match_type=NULL）
murina tenebrosa,Murina tenebrosa,クチバテングコウモリ,哺乳類,,情報不足（DD）,,,moe_redlist,GBIFへの照会自体が未実施（gbif_taxon_key欠落・gbif_match_type=NULL）
mustela erminea nippon,Mustela erminea nippon,ホンドオコジョ,哺乳類,,準絶滅危惧（NT）,,,moe_redlist,GBIFへの照会自体が未実施（gbif_taxon_key欠落・gbif_match_type=NULL）
mustela erminea orientalis,Mustela erminea orientalis,エゾオコジョ,哺乳類,,準絶滅危惧（NT）,,,moe_redlist,GBIFへの照会自体が未実施（gbif_taxon_key欠落・gbif_match_type=NULL）
mustela nivalis namiyei,Mustela nivalis namiyei,ニホンイイズナ（本州亜種）,哺乳類,,準絶滅危惧（NT）,,,moe_redlist,GBIFへの照会自体が未実施（gbif_taxon_key欠落・gbif_match_type=NULL）
mustelusmanazo,Mustelusmanazo,ホシザメ,魚類（海洋生物）,,準絶滅危惧（NT）,,NONE,moe_redlist,GBIFへ照会したが一致しなかった（gbif_match_type=NONE）
mya japonica,Mya japonica,オオノガイ,貝類,,準絶滅危惧（NT）,,,moe_redlist,GBIFへの照会自体が未実施（gbif_taxon_key欠落・gbif_match_type=NULL）
mya uzenensis,Mya uzenensis,キタノオオノガイ,貝類,,情報不足（DD）,,,moe_redlist,GBIFへの照会自体が未実施（gbif_taxon_key欠落・gbif_match_type=NULL）
myiophanes tipulina,Myiophanes tipulina,ゴミアシナガサシガメ,昆虫類,,絶滅危惧II類（VU）,,,moe_redlist,GBIFへの照会自体が未実施（gbif_taxon_key欠落・gbif_match_type=NULL）
myliobatis tobijei,Myliobatis tobijei,トビエイ,魚類（海洋生物）,,情報不足（DD）,,,moe_redlist,GBIFへの照会自体が未実施（gbif_taxon_key欠落・gbif_match_type=NULL）
myodes rex montanus,Myodes rex montanus,ミヤマムクゲネズミ,哺乳類,,準絶滅危惧（NT）,,,moe_redlist,GBIFへの照会自体が未実施（gbif_taxon_key欠落・gbif_match_type=NULL）
myodes rex rex,Myodes rex rex,リシリムクゲネズミ,哺乳類,,準絶滅危惧（NT）,,,moe_redlist,GBIFへの照会自体が未実施（gbif_taxon_key欠落・gbif_match_type=NULL）
myotis ikonnikovi hosonoi,Myotis ikonnikovi hosonoi,紀伊半島のシナノホオヒゲコウモリ,哺乳類,,絶滅のおそれのある地域個体群（LP）,,,moe_redlist,GBIFへの照会自体が未実施（gbif_taxon_key欠落・gbif_match_type=NULL）
myoxocephalus polyacanthocephalus,Myoxocephalus polyacanthocephalus,トゲカジカ,魚類（海洋生物）,,情報不足（DD）,,,moe_redlist,GBIFへの照会自体が未実施（gbif_taxon_key欠落・gbif_match_type=NULL）
myriactis japonensis,Myriactis japonensis,ヒメキクタビラコ,維管束植物,,絶滅危惧ⅠB類（EN）,,,moe_redlist,GBIFへの照会自体が未実施（gbif_taxon_key欠落・gbif_match_type=NULL）
myriophyllum oguraense,Myriophyllum oguraense,オグラノフサモ,維管束植物,,絶滅危惧Ⅱ類（VU）,,,moe_redlist,GBIFへの照会自体が未実施（gbif_taxon_key欠落・gbif_match_type=NULL）
myriophyllum ussuriense,Myriophyllum ussuriense,タチモ,維管束植物,,準絶滅危惧（NT）,,,moe_redlist,GBIFへの照会自体が未実施（gbif_taxon_key欠落・gbif_match_type=NULL）
myrsine maximowiczii,Myrsine maximowiczii,シマタイミンタチバナ,維管束植物,,絶滅危惧Ⅱ類（VU）,,,moe_redlist,GBIFへの照会自体が未実施（gbif_taxon_key欠落・gbif_match_type=NULL）
myrsine okabeana,Myrsine okabeana,マルバタイミンタチバナ,維管束植物,,絶滅危惧ⅠＡ類（CR）,,,moe_redlist,GBIFへの照会自体が未実施（gbif_taxon_key欠落・gbif_match_type=NULL）
myrsine stolonifera,Myrsine stolonifera,ツルマンリョウ,維管束植物,,準絶滅危惧（NT）,,,moe_redlist,GBIFへの照会自体が未実施（gbif_taxon_key欠落・gbif_match_type=NULL）
myurella julacea,Myurella julacea,カイガラゴケ,蘚苔類,,絶滅危惧Ⅱ類（VU）,,,moe_redlist,GBIFへの照会自体が未実施（gbif_taxon_key欠落・gbif_match_type=NULL）
myurella sibirica,Myurella sibirica,レイシゴケ,蘚苔類,,情報不足（DD）,,,moe_redlist,GBIFへの照会自体が未実施（gbif_taxon_key欠落・gbif_match_type=NULL）
myurella tenerrima,Myurella tenerrima,トガリカイガラゴケ,蘚苔類,,絶滅危惧Ⅱ類（VU）,,,moe_redlist,GBIFへの照会自体が未実施（gbif_taxon_key欠落・gbif_match_type=NULL）
myxine garmani,Myxine garmani,ホソヌタウナギ,魚類（海洋生物）,,情報不足（DD）,,,moe_redlist,GBIFへの照会自体が未実施（gbif_taxon_key欠落・gbif_match_type=NULL）
myxine paucidens,Myxine paucidens,オキナホソヌタウナギ,魚類（海洋生物）,,情報不足（DD）,,,moe_redlist,GBIFへの照会自体が未実施（gbif_taxon_key欠落・gbif_match_type=NULL）
nagasawanus snufkini,Nagasawanus snufkini,シンノワキザシ,甲殻類（海洋生物）,,情報不足（DD）,,,moe_redlist,GBIFへの照会自体が未実施（gbif_taxon_key欠落・gbif_match_type=NULL）
najas ancistrocarpa,Najas ancistrocarpa,ムサシモ,維管束植物,,絶滅危惧ⅠB類（EN）,,,moe_redlist,GBIFへの照会自体が未実施（gbif_taxon_key欠落・gbif_match_type=NULL）
najas chinensis,Najas chinensis,サガミトリゲモ,維管束植物,,準絶滅危惧（NT）,,,moe_redlist,GBIFへの照会自体が未実施（gbif_taxon_key欠落・gbif_match_type=NULL）
najas gracillima,Najas gracillima,イトトリゲモ,維管束植物,,準絶滅危惧（NT）,,,moe_redlist,GBIFへの照会自体が未実施（gbif_taxon_key欠落・gbif_match_type=NULL）
najas minor,Najas minor,トリゲモ,維管束植物,,絶滅危惧Ⅱ類（VU）,,,moe_redlist,GBIFへの照会自体が未実施（gbif_taxon_key欠落・gbif_match_type=NULL）
najas tenuicaulis,Najas tenuicaulis,ヒメイバラモ,維管束植物,,絶滅危惧ⅠＡ類（CR）,,,moe_redlist,GBIFへの照会自体が未実施（gbif_taxon_key欠落・gbif_match_type=NULL）
najas yezoensis,Najas yezoensis,イトイバラモ,維管束植物,,絶滅危惧Ⅱ類（VU）,,,moe_redlist,GBIFへの照会自体が未実施（gbif_taxon_key欠落・gbif_match_type=NULL）
nanocnide pilosa,Nanocnide pilosa,トウカテンソウ,維管束植物,,絶滅危惧ⅠB類（EN）,,,moe_redlist,GBIFへの照会自体が未実施（gbif_taxon_key欠落・gbif_match_type=NULL）
nardia breidleri,Nardia breidleri,キレハウロコゴケ,蘚苔類,,絶滅危惧ⅠB類（EN）,,,moe_redlist,GBIFへの照会自体が未実施（gbif_taxon_key欠落・gbif_match_type=NULL）
nardia compressa,Nardia compressa,ヒラウロコゴケ,蘚苔類,,準絶滅危惧（NT）,,,moe_redlist,GBIFへの照会自体が未実施（gbif_taxon_key欠落・gbif_match_type=NULL）
nardia hiroshii,Nardia hiroshii,ヒロシウロコゴケ,蘚苔類,,情報不足（DD）,,,moe_redlist,GBIFへの照会自体が未実施（gbif_taxon_key欠落・gbif_match_type=NULL）
nardia unispiralis,Nardia unispiralis,ヒトスジウロコゴケ,蘚苔類,,情報不足（DD）,,,moe_redlist,GBIFへの照会自体が未実施（gbif_taxon_key欠落・gbif_match_type=NULL）
nassarius arcularia,Nassarius arcularia,オリイレヨフバイ,貝類,,絶滅危惧II類（VU）,,,moe_redlist,GBIFへの照会自体が未実施（gbif_taxon_key欠落・gbif_match_type=NULL）
nassarius bellulus,Nassarius bellulus,カニノテムシロ,貝類,,準絶滅危惧（NT）,,,moe_redlist,GBIFへの照会自体が未実施（gbif_taxon_key欠落・gbif_match_type=NULL）
nassarius bimaculosus,Nassarius bimaculosus,フタホシカニノテムシロ,貝類,,準絶滅危惧（NT）,,,moe_redlist,GBIFへの照会自体が未実施（gbif_taxon_key欠落・gbif_match_type=NULL）
nassarius corticatus,Nassarius corticatus,カタムシロ,貝類,,準絶滅危惧（NT）,,,moe_redlist,GBIFへの照会自体が未実施（gbif_taxon_key欠落・gbif_match_type=NULL）
nassarius globosus,Nassarius globosus,コブムシロ,貝類,,準絶滅危惧（NT）,,,moe_redlist,GBIFへの照会自体が未実施（gbif_taxon_key欠落・gbif_match_type=NULL）
nassarius horridus,Nassarius horridus,イガムシロ,貝類,,準絶滅危惧（NT）,,,moe_redlist,GBIFへの照会自体が未実施（gbif_taxon_key欠落・gbif_match_type=NULL）
nassarius livescens,Nassarius livescens,ムシロガイ,貝類,,準絶滅危惧（NT）,,,moe_redlist,GBIFへの照会自体が未実施（gbif_taxon_key欠落・gbif_match_type=NULL）
nassarius luridus,Nassarius luridus,マタヨフバイ,貝類,,準絶滅危惧（NT）,,,moe_redlist,GBIFへの照会自体が未実施（gbif_taxon_key欠落・gbif_match_type=NULL）
nassarius olivaceus,Nassarius olivaceus,クリイロムシロ（クリイロヨフバイ）,貝類,,準絶滅危惧（NT）,,,moe_redlist,GBIFへの照会自体が未実施（gbif_taxon_key欠落・gbif_match_type=NULL）
nassarius stoliczkanus,Nassarius stoliczkanus,ヒメオリイレムシロ,貝類,,準絶滅危惧（NT）,,,moe_redlist,GBIFへの照会自体が未実施（gbif_taxon_key欠落・gbif_match_type=NULL）
nassarius succinctus,Nassarius succinctus,ヒロオビヨフバイ,貝類,,絶滅危惧I類（CR+EN）,,,moe_redlist,GBIFへの照会自体が未実施（gbif_taxon_key欠落・gbif_match_type=NULL）
nassarius variciferus,Nassarius variciferus,ウネハナムシロ,貝類,,絶滅危惧I類（CR+EN）,,,moe_redlist,GBIFへの照会自体が未実施（gbif_taxon_key欠落・gbif_match_type=NULL）
nassarius venustus,Nassarius venustus,キツネノムシロ,貝類,,準絶滅危惧（NT）,,,moe_redlist,GBIFへの照会自体が未実施（gbif_taxon_key欠落・gbif_match_type=NULL）
nasturtium officinale,Nasturtium officinale,オランダガラシ（クレソン）,植物,,,重点対策外来種,,moe_ias_list,GBIFへの照会自体が未実施（gbif_taxon_key欠落・gbif_match_type=NULL）
natica buriasensis,Natica buriasensis,カスミコダマ,貝類,,準絶滅危惧（NT）,,,moe_redlist,GBIFへの照会自体が未実施（gbif_taxon_key欠落・gbif_match_type=NULL）
naticarius concinnus,Naticarius concinnus,フロガイダマシ,貝類,,絶滅危惧II類（VU）,,,moe_redlist,GBIFへの照会自体が未実施（gbif_taxon_key欠落・gbif_match_type=NULL）
naticarius onca,Naticarius onca,アラゴマフダマ,貝類,,絶滅危惧II類（VU）,,,moe_redlist,GBIFへの照会自体が未実施（gbif_taxon_key欠落・gbif_match_type=NULL）
naushonia carinata,Naushonia carinata,和名なし,甲殻類（海洋生物）,,情報不足（DD）,,,moe_redlist,GBIFへの照会自体が未実施（gbif_taxon_key欠落・gbif_match_type=NULL）
naushonia lactoalbida,Naushonia lactoalbida,和名なし,甲殻類（海洋生物）,,情報不足（DD）,,,moe_redlist,GBIFへの照会自体が未実施（gbif_taxon_key欠落・gbif_match_type=NULL）
neamia octospina,Neamia octospina,ヤツトゲテンジクダイ,魚類（海洋生物）,,情報不足（DD）,,,moe_redlist,GBIFへの照会自体が未実施（gbif_taxon_key欠落・gbif_match_type=NULL）
nebria livida angulata,Nebria livida angulata,キベリマルクビゴミムシ,昆虫類,,絶滅危惧IB類（EN）,,,moe_redlist,GBIFへの照会自体が未実施（gbif_taxon_key欠落・gbif_match_type=NULL）
nebria pulcherrima,Nebria pulcherrima,フタモンマルクビゴミムシ,昆虫類,,絶滅危惧IB類（EN）,,,moe_redlist,GBIFへの照会自体が未実施（gbif_taxon_key欠落・gbif_match_type=NULL）
nebrioporus hostilis,Nebrioporus hostilis,コシマチビゲンゴロウ,昆虫類,,絶滅危惧II類（VU）,,,moe_redlist,GBIFへの照会自体が未実施（gbif_taxon_key欠落・gbif_match_type=NULL）
nebrius ferrugineus,Nebrius ferrugineus,オオテンジクザメ,魚類（海洋生物）,,情報不足（DD）,,,moe_redlist,GBIFへの照会自体が未実施（gbif_taxon_key欠落・gbif_match_type=NULL）
neckeropsis cyclophylla,Neckeropsis cyclophylla,エビスゴケ,蘚苔類,,情報不足（DD）,,,moe_redlist,GBIFへの照会自体が未実施（gbif_taxon_key欠落・gbif_match_type=NULL）
nemalionopsis shawii,Nemalionopsis shawii,オキチモズク,藻類,,絶滅危惧ⅠB類（EN）,,,moe_redlist,GBIFへの照会自体が未実施（gbif_taxon_key欠落・gbif_match_type=NULL）
nematalosa japonica,Nematalosa japonica,ドロクイ,汽水・淡水魚類,,絶滅危惧IB類（EN）,,,moe_redlist,GBIFへの照会自体が未実施（gbif_taxon_key欠落・gbif_match_type=NULL）
nemipterus peronii,Nemipterus peronii,シャムイトヨリ,魚類（海洋生物）,,準絶滅危惧（NT）,,,moe_redlist,GBIFへの照会自体が未実施（gbif_taxon_key欠落・gbif_match_type=NULL）
nemipterus tambuloides,Nemipterus tambuloides,ジャバイトヨリ,魚類（海洋生物）,,情報不足（DD）,,,moe_redlist,GBIFへの照会自体が未実施（gbif_taxon_key欠落・gbif_match_type=NULL）
neoalbatrellus yasudae,Neoalbatrellus yasudae,ヌメリアイタケ,菌類,,準絶滅危惧（NT）,,,moe_redlist,GBIFへの照会自体が未実施（gbif_taxon_key欠落・gbif_match_type=NULL）
neobarbella comes,Neobarbella comes,イヌコクサゴケ,蘚苔類,,準絶滅危惧（NT）,,,moe_redlist,GBIFへの照会自体が未実施（gbif_taxon_key欠落・gbif_match_type=NULL）
neocallichirus calmani,Neocallichirus calmani,和名なし,甲殻類（海洋生物）,,情報不足（DD）,,,moe_redlist,GBIFへの照会自体が未実施（gbif_taxon_key欠落・gbif_match_type=NULL）
neocallichirus vaugelasi,Neocallichirus vaugelasi,和名なし,甲殻類（海洋生物）,,情報不足（DD）,,,moe_redlist,GBIFへの照会自体が未実施（gbif_taxon_key欠落・gbif_match_type=NULL）
neocallichirus vigilax,Neocallichirus vigilax,ノコバスナモグリ,甲殻類（海洋生物）,,情報不足（DD）,,,moe_redlist,GBIFへの照会自体が未実施（gbif_taxon_key欠落・gbif_match_type=NULL）
neocaridina iriomotensis,Neocaridina iriomotensis,イリオモテヌマエビ,その他無脊椎動物,,準絶滅危惧（NT）,,,moe_redlist,GBIFへの照会自体が未実施（gbif_taxon_key欠落・gbif_match_type=NULL）
neocaridina ishigakiensis,Neocaridina ishigakiensis,イシガキヌマエビ,その他無脊椎動物,,絶滅危惧II類（VU）,,,moe_redlist,GBIFへの照会自体が未実施（gbif_taxon_key欠落・gbif_match_type=NULL）
neochloritis tomiyamai,Neochloritis tomiyamai,ハジメテビロウドマイマイ,貝類,,絶滅危惧II類（VU）,,,moe_redlist,GBIFへの照会自体が未実施（gbif_taxon_key欠落・gbif_match_type=NULL）
neocolochelyna itoi,Neocolochelyna itoi,イトウハバチ,昆虫類,,準絶滅危惧（NT）,,,moe_redlist,GBIFへの照会自体が未実施（gbif_taxon_key欠落・gbif_match_type=NULL）
neodolichomitra yunnanensis,Neodolichomitra yunnanensis,オオシカゴケ,蘚苔類,,絶滅危惧ⅠB類（EN）,,,moe_redlist,GBIFへの照会自体が未実施（gbif_taxon_key欠落・gbif_match_type=NULL）
neofinetia falcata,Neofinetia falcata,フウラン,維管束植物,,準絶滅危惧（NT）,,,moe_redlist,GBIFへの照会自体が未実施（gbif_taxon_key欠落・gbif_match_type=NULL）
neogerris boninensis,Neogerris boninensis,オガサワラアメンボ,昆虫類,,準絶滅危惧（NT）,,,moe_redlist,GBIFへの照会自体が未実施（gbif_taxon_key欠落・gbif_match_type=NULL）
neohapalothrix kanii,Neohapalothrix kanii,カニギンモンアミカ,昆虫類,,絶滅危惧II類（VU）,,,moe_redlist,GBIFへの照会自体が未実施（gbif_taxon_key欠落・gbif_match_type=NULL）
neohapalothrix manshukuensis,Neohapalothrix manshukuensis,シロウズギンモンアミカ,昆虫類,,準絶滅危惧（NT）,,,moe_redlist,GBIFへの照会自体が未実施（gbif_taxon_key欠落・gbif_match_type=NULL）
neohattoria herzogii,Neohattoria herzogii,ハットリヤスデゴケ,蘚苔類,,絶滅危惧Ⅱ類（VU）,,,moe_redlist,GBIFへの照会自体が未実施（gbif_taxon_key欠落・gbif_match_type=NULL）
neohydrocoptus bivittis,Neohydrocoptus bivittis,キボシチビコツブゲンゴロウ,昆虫類,,絶滅危惧IB類（EN）,,,moe_redlist,GBIFへの照会自体が未実施（gbif_taxon_key欠落・gbif_match_type=NULL）
neohydrocoptus sp.,Neohydrocoptus sp.,ムモンチビコツブゲンゴロウ,昆虫類,,絶滅危惧II類（VU）,,,moe_redlist,GBIFへの照会自体が未実施（gbif_taxon_key欠落・gbif_match_type=NULL）
neolepidozia mamillosa,Neolepidozia mamillosa,ヤエヤマスギバゴケ,蘚苔類,,絶滅危惧ⅠB類（EN）,,,moe_redlist,GBIFへの照会自体が未実施（gbif_taxon_key欠落・gbif_match_type=NULL）
neolitsea sericea var. argentea,Neolitsea sericea var. argentea,ダイトウシロダモ,維管束植物,,絶滅危惧ⅠB類（EN）,,,moe_redlist,GBIFへの照会自体が未実施（gbif_taxon_key欠落・gbif_match_type=NULL）
neolucanus insulicola insulicola,Neolucanus insulicola insulicola,ヤエヤママルバネクワガタ,昆虫類,,準絶滅危惧（NT）,,,moe_redlist,GBIFへの照会自体が未実施（gbif_taxon_key欠落・gbif_match_type=NULL）
neolucanus okinawanus,Neolucanus okinawanus,オキナワマルバネクワガタ,昆虫類,,絶滅危惧II類（VU）,,,moe_redlist,GBIFへの照会自体が未実施（gbif_taxon_key欠落・gbif_match_type=NULL）
neolucanus protogenetivus hamaii,Neolucanus protogenetivus hamaii,ウケジママルバネクワガタ,昆虫類,,絶滅危惧IB類（EN）,,,moe_redlist,GBIFへの照会自体が未実施（gbif_taxon_key欠落・gbif_match_type=NULL）
neolucanus protogenetivus protogenetivus,Neolucanus protogenetivus protogenetivus,アマミマルバネクワガタ,昆虫類,,絶滅危惧II類（VU）,,,moe_redlist,GBIFへの照会自体が未実施（gbif_taxon_key欠落・gbif_match_type=NULL）
neopanorpa subreticulata,Neopanorpa subreticulata,イシガキシリアゲ,昆虫類,,情報不足（DD）,,,moe_redlist,GBIFへの照会自体が未実施（gbif_taxon_key欠落・gbif_match_type=NULL）
neopetrolisthes spinatus,Neopetrolisthes spinatus,ムシャカニダマシ,甲殻類（海洋生物）,,情報不足（DD）,,,moe_redlist,GBIFへの照会自体が未実施（gbif_taxon_key欠落・gbif_match_type=NULL）
neopithecops zalmora zalmora,Neopithecops zalmora zalmora,ヒメウラボシシジミ,昆虫類,,情報不足（DD）,,,moe_redlist,GBIFへの照会自体が未実施（gbif_taxon_key欠落・gbif_match_type=NULL）
neorhynchoplax yaeyamaensis,Neorhynchoplax yaeyamaensis,ヤエヤマヤワラガニ,その他無脊椎動物,,準絶滅危惧（NT）,,,moe_redlist,GBIFへの照会自体が未実施（gbif_taxon_key欠落・gbif_match_type=NULL）
neosarmatiumfourmanoiri,Neosarmatiumfourmanoiri,オオアシハラガニモドキ,甲殻類（海洋生物）,,情報不足（DD）,,,moe_redlist,GBIFへの照会自体が未実施（gbif_taxon_key欠落・gbif_match_type=NULL）
neosarmatiumlaeve,Neosarmatiumlaeve,ヒナアシハラモドキ,甲殻類（海洋生物）,,情報不足（DD）,,,moe_redlist,GBIFへの照会自体が未実施（gbif_taxon_key欠落・gbif_match_type=NULL）
neosarmatiummeinerti,Neosarmatiummeinerti,シロテアシハラガニモドキ,甲殻類（海洋生物）,,情報不足（DD）,,,moe_redlist,GBIFへの照会自体が未実施（gbif_taxon_key欠落・gbif_match_type=NULL）
neostylodactylus liroralis,Neostylodactylus liroralis,オリヅルエビ,甲殻類（海洋生物）,,情報不足（DD）,,,moe_redlist,GBIFへの照会自体が未実施（gbif_taxon_key欠落・gbif_match_type=NULL）
neosuccinea kofui,Neosuccinea kofui,コウフオカモノアラガイ,貝類,,絶滅危惧II類（VU）,,,moe_redlist,GBIFへの照会自体が未実施（gbif_taxon_key欠落・gbif_match_type=NULL）
neottia acuminata,Neottia acuminata,ヒメムヨウラン,維管束植物,,絶滅危惧Ⅱ類（VU）,,,moe_redlist,GBIFへの照会自体が未実施（gbif_taxon_key欠落・gbif_match_type=NULL）
neottia furusei,Neottia furusei,カイサカネラン,維管束植物,,絶滅危惧ⅠＡ類（CR）,,,moe_redlist,GBIFへの照会自体が未実施（gbif_taxon_key欠落・gbif_match_type=NULL）
neottia inagakii,Neottia inagakii,タンザワサカネラン,維管束植物,,絶滅危惧ⅠB類（EN）,,,moe_redlist,GBIFへの照会自体が未実施（gbif_taxon_key欠落・gbif_match_type=NULL）
neottia nidus-avis,Neottia nidus-avis,エゾサカネラン,維管束植物,,絶滅危惧ⅠＡ類（CR）,,,moe_redlist,GBIFへの照会自体が未実施（gbif_taxon_key欠落・gbif_match_type=NULL）
neottia papilligera,Neottia papilligera,サカネラン,維管束植物,,絶滅危惧Ⅱ類（VU）,,,moe_redlist,GBIFへの照会自体が未実施（gbif_taxon_key欠落・gbif_match_type=NULL）
nepinnotheres cardii,Nepinnotheres cardii,カワラピンノ,甲殻類（海洋生物）,,情報不足（DD）,,,moe_redlist,GBIFへの照会自体が未実施（gbif_taxon_key欠落・gbif_match_type=NULL）
neripteron auriculata,Neripteron auriculata,コウモリカノコ,貝類,,準絶滅危惧（NT）,,,moe_redlist,GBIFへの照会自体が未実施（gbif_taxon_key欠落・gbif_match_type=NULL）
neripteron sp. a,Neripteron sp. A,ヒロクチカノコ,貝類,,準絶滅危惧（NT）,,,moe_redlist,GBIFへの照会自体が未実施（gbif_taxon_key欠落・gbif_match_type=NULL）
neripteron sp. b,Neripteron sp. B,フリソデカノコ,貝類,,準絶滅危惧（NT）,,,moe_redlist,GBIFへの照会自体が未実施（gbif_taxon_key欠落・gbif_match_type=NULL）
neripteron spiralis,Neripteron spiralis,キジビキカノコ,貝類,,準絶滅危惧（NT）,,,moe_redlist,GBIFへの照会自体が未実施（gbif_taxon_key欠落・gbif_match_type=NULL）
neripteron subauriculata,Neripteron subauriculata,ツバサカノコ,貝類,,準絶滅危惧（NT）,,,moe_redlist,GBIFへの照会自体が未実施（gbif_taxon_key欠落・gbif_match_type=NULL）
nerita planospira,Nerita planospira,ヒラマキアマオブネ,貝類,,準絶滅危惧（NT）,,,moe_redlist,GBIFへの照会自体が未実施（gbif_taxon_key欠落・gbif_match_type=NULL）
neritilia mimotoi,Neritilia mimotoi,ツバサコハクカノコ,貝類,,絶滅危惧II類（VU）,,,moe_redlist,GBIFへの照会自体が未実施（gbif_taxon_key欠落・gbif_match_type=NULL）
neritilia rubida,Neritilia rubida,コハクカノコ,貝類,,準絶滅危惧（NT）,,,moe_redlist,GBIFへの照会自体が未実施（gbif_taxon_key欠落・gbif_match_type=NULL）
neritilia vulgaris,Neritilia vulgaris,ツブコハクカノコ,貝類,,準絶滅危惧（NT）,,,moe_redlist,GBIFへの照会自体が未実施（gbif_taxon_key欠落・gbif_match_type=NULL）
neritina asperulata,Neritina asperulata,アラハダカノコ,貝類,,準絶滅危惧（NT）,,,moe_redlist,GBIFへの照会自体が未実施（gbif_taxon_key欠落・gbif_match_type=NULL）
neritina petiti,Neritina petiti,アカグチカノコ,貝類,,準絶滅危惧（NT）,,,moe_redlist,GBIFへの照会自体が未実施（gbif_taxon_key欠落・gbif_match_type=NULL）
neritina siquijorensis,Neritina siquijorensis,ニセヒロクチカノコ,貝類,,準絶滅危惧（NT）,,,moe_redlist,GBIFへの照会自体が未実施（gbif_taxon_key欠落・gbif_match_type=NULL）
neritina sp. a,Neritina sp. A,クロズミアカグチカノコ,貝類,,準絶滅危惧（NT）,,,moe_redlist,GBIFへの照会自体が未実施（gbif_taxon_key欠落・gbif_match_type=NULL）
neritina sp. b,Neritina sp. B,ウスベニツバサカノコ,貝類,,準絶滅危惧（NT）,,,moe_redlist,GBIFへの照会自体が未実施（gbif_taxon_key欠落・gbif_match_type=NULL）
neritina turrita,Neritina turrita,シマカノコ,貝類,,準絶滅危惧（NT）,,,moe_redlist,GBIFへの照会自体が未実施（gbif_taxon_key欠落・gbif_match_type=NULL）
neritodryas cornea,Neritodryas cornea,オカイシマキ,貝類,,絶滅危惧II類（VU）,,,moe_redlist,GBIFへの照会自体が未実施（gbif_taxon_key欠落・gbif_match_type=NULL）
nervilia aragoana,Nervilia aragoana,ヤエヤマヒトツボクロ,維管束植物,,準絶滅危惧（NT）,,,moe_redlist,GBIFへの照会自体が未実施（gbif_taxon_key欠落・gbif_match_type=NULL）
nervilia nipponica,Nervilia nipponica,ムカゴサイシン,維管束植物,,準絶滅危惧（NT）,,,moe_redlist,GBIFへの照会自体が未実施（gbif_taxon_key欠落・gbif_match_type=NULL）
nesiohelix irrediviva,Nesiohelix irrediviva,エラブマイマイ,貝類,,絶滅危惧II類（VU）,,,moe_redlist,GBIFへの照会自体が未実施（gbif_taxon_key欠落・gbif_match_type=NULL）
nesiohelix omphalina bipyramidalis,Nesiohelix omphalina bipyramidalis,オオアガリマイマイ,貝類,,絶滅危惧IA類（CR）,,,moe_redlist,GBIFへの照会自体が未実施（gbif_taxon_key欠落・gbif_match_type=NULL）
nesiohelix omphalina omphalina,Nesiohelix omphalina omphalina,ヘソアキアツマイマイ,貝類,,絶滅危惧IA類（CR）,,,moe_redlist,GBIFへの照会自体が未実施（gbif_taxon_key欠落・gbif_match_type=NULL）
nesiohelix solida,Nesiohelix solida,アツマイマイ,貝類,,絶滅危惧II類（VU）,,,moe_redlist,GBIFへの照会自体が未実施（gbif_taxon_key欠落・gbif_match_type=NULL）
nesticus uenoi,Nesticus uenoi,フジホラヒメグモ,その他無脊椎動物,,絶滅危惧II類（VU）,,,moe_redlist,GBIFへの照会自体が未実施（gbif_taxon_key欠落・gbif_match_type=NULL）
nicrophorus japonicus,Nicrophorus japonicus,ヤマトモンシデムシ,昆虫類,,準絶滅危惧（NT）,,,moe_redlist,GBIFへの照会自体が未実施（gbif_taxon_key欠落・gbif_match_type=NULL）
"niephargynnis anadyomene (c.felder & r.felder, 1862)","Niephargynnis anadyomene  (C.Felder & R.Felder, 1862)",クモガタヒョウモン,昆虫類・クモ類,絶滅危惧ⅠＢ類（EN）,,,NONE,kanagawa_redlist,GBIFへ照会したが一致しなかった（gbif_match_type=NONE）
nihon proliferum,Nihon proliferum,ハイルリソウ,維管束植物,,情報不足（DD）,,,moe_redlist,GBIFへの照会自体が未実施（gbif_taxon_key欠落・gbif_match_type=NULL）
nikaea matsumurai,Nikaea matsumurai,トラガモドキ,昆虫類,,準絶滅危惧（NT）,,,moe_redlist,GBIFへの照会自体が未実施（gbif_taxon_key欠落・gbif_match_type=NULL）
niphanda fusca,Niphanda fusca,クロシジミ,昆虫類,,絶滅危惧IB類（EN）,,,moe_redlist,GBIFへの照会自体が未実施（gbif_taxon_key欠落・gbif_match_type=NULL）
nipponarion carinatus,Nipponarion carinatus,オオコウラナメクジ,貝類,,準絶滅危惧（NT）,,,moe_redlist,GBIFへの照会自体が未実施（gbif_taxon_key欠落・gbif_match_type=NULL）
nipponeubria yoshitomii,Nipponeubria yoshitomii,ヒゲナガヒラタドロムシ,昆虫類,,準絶滅危惧（NT）,,,moe_redlist,GBIFへの照会自体が未実施（gbif_taxon_key欠落・gbif_match_type=NULL）
nipponia nippon,Nipponia nippon,トキ,鳥類,,絶滅危惧IB類（EN）,,,moe_redlist,GBIFへの照会自体が未実施（gbif_taxon_key欠落・gbif_match_type=NULL）
nipponochlamys hakusana,Nipponochlamys hakusana,ハクサンベッコウ,貝類,,情報不足（DD）,,,moe_redlist,GBIFへの照会自体が未実施（gbif_taxon_key欠落・gbif_match_type=NULL）
nipponochlamys hokkaidonis,Nipponochlamys hokkaidonis,エゾヒメベッコウ,貝類,,情報不足（DD）,,,moe_redlist,GBIFへの照会自体が未実施（gbif_taxon_key欠落・gbif_match_type=NULL）
nipponochlamys izushichitojimana,Nipponochlamys izushichitojimana,シチトウベッコウ,貝類,,情報不足（DD）,,,moe_redlist,GBIFへの照会自体が未実施（gbif_taxon_key欠落・gbif_match_type=NULL）
nipponochlamys kumensis,Nipponochlamys kumensis,クメジマベッコウ,貝類,,絶滅危惧I類（CR+EN）,,,moe_redlist,GBIFへの照会自体が未実施（gbif_taxon_key欠落・gbif_match_type=NULL）
nipponochlamys lineolata,Nipponochlamys lineolata,マキスジベッコウ,貝類,,絶滅危惧I類（CR+EN）,,,moe_redlist,GBIFへの照会自体が未実施（gbif_taxon_key欠落・gbif_match_type=NULL）
nipponochlamys semisericata,Nipponochlamys semisericata,キヌツヤベッコウ,貝類,,情報不足（DD）,,,moe_redlist,GBIFへの照会自体が未実施（gbif_taxon_key欠落・gbif_match_type=NULL）
nipponochlamys sp.,Nipponochlamys sp.,ヨナグニベッコウ,貝類,,絶滅危惧II類（VU）,,,moe_redlist,GBIFへの照会自体が未実施（gbif_taxon_key欠落・gbif_match_type=NULL）
nipponochlamys subelimata,Nipponochlamys subelimata,トクノシマベッコウ,貝類,,絶滅危惧II類（VU）,,,moe_redlist,GBIFへの照会自体が未実施（gbif_taxon_key欠落・gbif_match_type=NULL）
nipponochlamys takahashii,Nipponochlamys takahashii,タカハシベッコウ,貝類,,絶滅危惧I類（CR+EN）,,,moe_redlist,GBIFへの照会自体が未実施（gbif_taxon_key欠落・gbif_match_type=NULL）
nipponochloritis borealis,Nipponochloritis borealis,キタノビロウドマイマイ,貝類,,準絶滅危惧（NT）,,,moe_redlist,GBIFへの照会自体が未実施（gbif_taxon_key欠落・gbif_match_type=NULL）
nipponochloritis bracteata bracteata,Nipponochloritis bracteata bracteata,ウロコビロウドマイマイ,貝類,,準絶滅危惧（NT）,,,moe_redlist,GBIFへの照会自体が未実施（gbif_taxon_key欠落・gbif_match_type=NULL）
nipponochloritis bracteata tsukubaensis,Nipponochloritis bracteata tsukubaensis,ツクバビロウドマイマイ,貝類,,絶滅危惧II類（VU）,,,moe_redlist,GBIFへの照会自体が未実施（gbif_taxon_key欠落・gbif_match_type=NULL）
nipponochloritis echizenensis,Nipponochloritis echizenensis,エチゼンビロウドマイマイ,貝類,,情報不足（DD）,,,moe_redlist,GBIFへの照会自体が未実施（gbif_taxon_key欠落・gbif_match_type=NULL）
nipponochloritis fragilis,Nipponochloritis fragilis,ケハダビロウドマイマイ,貝類,,準絶滅危惧（NT）,,,moe_redlist,GBIFへの照会自体が未実施（gbif_taxon_key欠落・gbif_match_type=NULL）
nipponochloritis fragosa,Nipponochloritis fragosa,オオウスビロウドマイマイ,貝類,,絶滅危惧II類（VU）,,,moe_redlist,GBIFへの照会自体が未実施（gbif_taxon_key欠落・gbif_match_type=NULL）
nipponochloritis hirasei,Nipponochloritis hirasei,ヒラマキビロウドマイマイ,貝類,,絶滅危惧II類（VU）,,,moe_redlist,GBIFへの照会自体が未実施（gbif_taxon_key欠落・gbif_match_type=NULL）
nipponochloritis kawanai,Nipponochloritis kawanai,カワナビロウドマイマイ,貝類,,準絶滅危惧（NT）,,,moe_redlist,GBIFへの照会自体が未実施（gbif_taxon_key欠落・gbif_match_type=NULL）
nipponochloritis obscura,Nipponochloritis obscura,トクノシマビロウドマイマイ,貝類,,絶滅危惧IB類（EN）,,,moe_redlist,GBIFへの照会自体が未実施（gbif_taxon_key欠落・gbif_match_type=NULL）
nipponochloritis occidentalis,Nipponochloritis occidentalis,サイコクビロウドマイマイ,貝類,,情報不足（DD）,,,moe_redlist,GBIFへの照会自体が未実施（gbif_taxon_key欠落・gbif_match_type=NULL）
nipponochloritis okiensis,Nipponochloritis okiensis,オキビロウドマイマイ,貝類,,絶滅危惧I類（CR+EN）,,,moe_redlist,GBIFへの照会自体が未実施（gbif_taxon_key欠落・gbif_match_type=NULL）
nipponochloritis oscitans,Nipponochloritis oscitans,ビロウドマイマイ,貝類,,情報不足（DD）,,,moe_redlist,GBIFへの照会自体が未実施（gbif_taxon_key欠落・gbif_match_type=NULL）
nipponochloritis osumiensis,Nipponochloritis osumiensis,オオスミビロウドマイマイ,貝類,,準絶滅危惧（NT）,,,moe_redlist,GBIFへの照会自体が未実施（gbif_taxon_key欠落・gbif_match_type=NULL）
nipponochloritis perpunctata,Nipponochloritis perpunctata,ヒメビロウドマイマイ,貝類,,絶滅危惧II類（VU）,,,moe_redlist,GBIFへの照会自体が未実施（gbif_taxon_key欠落・gbif_match_type=NULL）
nipponochloritis pumila,Nipponochloritis pumila,キヌビロウドマイマイ,貝類,,準絶滅危惧（NT）,,,moe_redlist,GBIFへの照会自体が未実施（gbif_taxon_key欠落・gbif_match_type=NULL）
nipponochloritis silvatica,Nipponochloritis silvatica,カワリダネビロウドマイマイ,貝類,,絶滅危惧II類（VU）,,,moe_redlist,GBIFへの照会自体が未実施（gbif_taxon_key欠落・gbif_match_type=NULL）
nipponochloritis takedai,Nipponochloritis takedai,ミニビロウドマイマイ,貝類,,絶滅危惧II類（VU）,,,moe_redlist,GBIFへの照会自体が未実施（gbif_taxon_key欠落・gbif_match_type=NULL）
nipponochloritis tosana,Nipponochloritis tosana,トサビロウドマイマイ,貝類,,絶滅危惧II類（VU）,,,moe_redlist,GBIFへの照会自体が未実施（gbif_taxon_key欠落・gbif_match_type=NULL）
nipponomysella subtruncata,Nipponomysella subtruncata,スジホシムシモドキヤドリガイ,貝類,,準絶滅危惧（NT）,,,moe_redlist,GBIFへの照会自体が未実施（gbif_taxon_key欠落・gbif_match_type=NULL）
nipponomysella tanabensis,Nipponomysella tanabensis,タナベヤドリガイ,貝類,,絶滅危惧I類（CR+EN）,,,moe_redlist,GBIFへの照会自体が未実施（gbif_taxon_key欠落・gbif_match_type=NULL）
nipponorhynchus bimaculatus,Nipponorhynchus bimaculatus,ヒダクチナガハバチ,昆虫類,,情報不足（DD）,,,moe_redlist,GBIFへの照会自体が未実施（gbif_taxon_key欠落・gbif_match_type=NULL）
nipponorhynchus mirabilis,Nipponorhynchus mirabilis,クチナガハバチ,昆虫類,,情報不足（DD）,,,moe_redlist,GBIFへの照会自体が未実施（gbif_taxon_key欠落・gbif_match_type=NULL）
nipponosemia terminalis,Nipponosemia terminalis,宮古島のツマグロゼミ,昆虫類,,絶滅のおそれのある地域個体群（LP）,,,moe_redlist,GBIFへの照会自体が未実施（gbif_taxon_key欠落・gbif_match_type=NULL）
nitella allenii f. mikawaensis,Nitella allenii f. mikawaensis,ミカワフラスコモ,藻類,,情報不足（DD）,,,moe_redlist,GBIFへの照会自体が未実施（gbif_taxon_key欠落・gbif_match_type=NULL）
nitella axillaris,Nitella axillaris,ジュズフラスコモ,藻類,,情報不足（DD）,,,moe_redlist,GBIFへの照会自体が未実施（gbif_taxon_key欠落・gbif_match_type=NULL）
nitella axilliformis,Nitella axilliformis,ミルフラスコモ,藻類,,絶滅危惧Ⅱ類（VU）,,,moe_redlist,GBIFへの照会自体が未実施（gbif_taxon_key欠落・gbif_match_type=NULL）
nitella batrachosperma,Nitella batrachosperma,カワモズクフラスコモ,藻類,,情報不足（DD）,,,moe_redlist,GBIFへの照会自体が未実施（gbif_taxon_key欠落・gbif_match_type=NULL）
nitella erecta,Nitella erecta,ハナビフラスコモ,藻類,,情報不足（DD）,,,moe_redlist,GBIFへの照会自体が未実施（gbif_taxon_key欠落・gbif_match_type=NULL）
nitella flexilis var. flexilis,Nitella flexilis var. flexilis,ヒメフラスコモ,藻類,,絶滅危惧Ⅱ類（VU）,,,moe_redlist,GBIFへの照会自体が未実施（gbif_taxon_key欠落・gbif_match_type=NULL）
nitella flexilis var. longifolia,Nitella flexilis var. longifolia,オウフラスコモ,藻類,,情報不足（DD）,,,moe_redlist,GBIFへの照会自体が未実施（gbif_taxon_key欠落・gbif_match_type=NULL）
nitella gracilens,Nitella gracilens,キヌフラスコモ,藻類,,絶滅危惧Ⅱ類（VU）,,,moe_redlist,GBIFへの照会自体が未実施（gbif_taxon_key欠落・gbif_match_type=NULL）
nitella gracilis,Nitella gracilis,キヌイトフラスコモ,藻類,,絶滅危惧ⅠB類（EN）,,,moe_redlist,GBIFへの照会自体が未実施（gbif_taxon_key欠落・gbif_match_type=NULL）
nitella hyalina,Nitella hyalina,オトメフラスコモ,藻類,,絶滅危惧Ⅱ類（VU）,,,moe_redlist,GBIFへの照会自体が未実施（gbif_taxon_key欠落・gbif_match_type=NULL）
nitella megacarpa,Nitella megacarpa,アメリカフラスコモ,藻類,,絶滅危惧ⅠB類（EN）,,,moe_redlist,GBIFへの照会自体が未実施（gbif_taxon_key欠落・gbif_match_type=NULL）
nitella megaspora,Nitella megaspora,セイロンフラスコモ,藻類,,絶滅危惧ⅠB類（EN）,,,moe_redlist,GBIFへの照会自体が未実施（gbif_taxon_key欠落・gbif_match_type=NULL）
nitella microcarpa var. glaziovii,Nitella microcarpa var. glaziovii,オニチリフラスコモ,藻類,,情報不足（DD）,,,moe_redlist,GBIFへの照会自体が未実施（gbif_taxon_key欠落・gbif_match_type=NULL）
nitella microcarpa var. microcarpa,Nitella microcarpa var. microcarpa,チリフラスコモ,藻類,,絶滅危惧ⅠB類（EN）,,,moe_redlist,GBIFへの照会自体が未実施（gbif_taxon_key欠落・gbif_match_type=NULL）
nitella mirabilis var. inokasiraensis,Nitella mirabilis var. inokasiraensis,イノカシラフラスコモ,藻類,,絶滅危惧ⅠB類（EN）,,,moe_redlist,GBIFへの照会自体が未実施（gbif_taxon_key欠落・gbif_match_type=NULL）
nitella mirabilis var. mirabilis,Nitella mirabilis var. mirabilis,ミノリノフラスコモ,藻類,,絶滅危惧ⅠB類（EN）,,,moe_redlist,GBIFへの照会自体が未実施（gbif_taxon_key欠落・gbif_match_type=NULL）
nitella moriokae,Nitella moriokae,モリオカフラスコモ,藻類,,絶滅危惧ⅠB類（EN）,,,moe_redlist,GBIFへの照会自体が未実施（gbif_taxon_key欠落・gbif_match_type=NULL）
nitella mucronata,Nitella mucronata,サキボソフラスコモ,藻類,,絶滅危惧ⅠB類（EN）,,,moe_redlist,GBIFへの照会自体が未実施（gbif_taxon_key欠落・gbif_match_type=NULL）
nitella multipartita,Nitella multipartita,ケフラスコモ,藻類,,情報不足（DD）,,,moe_redlist,GBIFへの照会自体が未実施（gbif_taxon_key欠落・gbif_match_type=NULL）
nitella oligospira,Nitella oligospira,ミゾフラスコモ,藻類,,情報不足（DD）,,,moe_redlist,GBIFへの照会自体が未実施（gbif_taxon_key欠落・gbif_match_type=NULL）
nitella opaca,Nitella opaca,カラスフラスコモ,藻類,,絶滅危惧ⅠB類（EN）,,,moe_redlist,GBIFへの照会自体が未実施（gbif_taxon_key欠落・gbif_match_type=NULL）
nitella orientalis,Nitella orientalis,ナガフラスコモ,藻類,,情報不足（DD）,,,moe_redlist,GBIFへの照会自体が未実施（gbif_taxon_key欠落・gbif_match_type=NULL）
nitella pseudoflabellata f. macrophylla,Nitella pseudoflabellata f. macrophylla,オオバホンフサフラスコモ,藻類,,情報不足（DD）,,,moe_redlist,GBIFへの照会自体が未実施（gbif_taxon_key欠落・gbif_match_type=NULL）
nitella pseudoflabellata var. pseudoflabellata,Nitella pseudoflabellata var. pseudoflabellata,ホンフサフラスコモ,藻類,,絶滅危惧Ⅱ類（VU）,,,moe_redlist,GBIFへの照会自体が未実施（gbif_taxon_key欠落・gbif_match_type=NULL）
nitella pulchella,Nitella pulchella,ハデフラスコモ,藻類,,絶滅危惧ⅠB類（EN）,,,moe_redlist,GBIFへの照会自体が未実施（gbif_taxon_key欠落・gbif_match_type=NULL）
nitella rigida f. saitoiana,Nitella rigida f. saitoiana,サイトウフラスコモ,藻類,,情報不足（DD）,,,moe_redlist,GBIFへの照会自体が未実施（gbif_taxon_key欠落・gbif_match_type=NULL）
nitella rigida f. tanakiana,Nitella rigida f. tanakiana,タナカフラスコモ,藻類,,情報不足（DD）,,,moe_redlist,GBIFへの照会自体が未実施（gbif_taxon_key欠落・gbif_match_type=NULL）
nitella shinii,Nitella shinii,シンフラスコモ,藻類,,情報不足（DD）,,,moe_redlist,GBIFへの照会自体が未実施（gbif_taxon_key欠落・gbif_match_type=NULL）
nitella spiciformis,Nitella spiciformis,ナガホノフラスコモ,藻類,,絶滅危惧ⅠB類（EN）,,,moe_redlist,GBIFへの照会自体が未実施（gbif_taxon_key欠落・gbif_match_type=NULL）
nitella stuartii,Nitella stuartii,グンマフラスコモ,藻類,,情報不足（DD）,,,moe_redlist,GBIFへの照会自体が未実施（gbif_taxon_key欠落・gbif_match_type=NULL）
nitella tenuissima var. tenuissima,Nitella tenuissima var. tenuissima,イトフラスコモ,藻類,,情報不足（DD）,,,moe_redlist,GBIFへの照会自体が未実施（gbif_taxon_key欠落・gbif_match_type=NULL）
nitellopsis obtusa,Nitellopsis obtusa,ホシツリモ,藻類,,絶滅危惧ⅠB類（EN）,,,moe_redlist,GBIFへの照会自体が未実施（gbif_taxon_key欠落・gbif_match_type=NULL）
nitidotellina hokkaidoensis,Nitidotellina hokkaidoensis,サクラガイ,貝類,,準絶滅危惧（NT）,,,moe_redlist,GBIFへの照会自体が未実施（gbif_taxon_key欠落・gbif_match_type=NULL）
nitidotellina minuta,Nitidotellina minuta,ウズザクラ,貝類,,準絶滅危惧（NT）,,,moe_redlist,GBIFへの照会自体が未実施（gbif_taxon_key欠落・gbif_match_type=NULL）
niwaella delicata,Niwaella delicata,アジメドジョウ,汽水・淡水魚類,,絶滅危惧II類（VU）,,,moe_redlist,GBIFへの照会自体が未実施（gbif_taxon_key欠落・gbif_match_type=NULL）
nobuea kurodai,Nobuea kurodai,ニッポンノブエガイ,貝類,,絶滅危惧I類（CR+EN）,,,moe_redlist,GBIFへの照会自体が未実施（gbif_taxon_key欠落・gbif_match_type=NULL）
nobuosciades lanata,Nobuosciades lanata,ケズネケシカミキリ,昆虫類,,準絶滅危惧（NT）,,,moe_redlist,GBIFへの照会自体が未実施（gbif_taxon_key欠落・gbif_match_type=NULL）
noccaea cochleariformis,Noccaea cochleariformis,タカネグンバイ,維管束植物,,絶滅危惧ⅠB類（EN）,,,moe_redlist,GBIFへの照会自体が未実施（gbif_taxon_key欠落・gbif_match_type=NULL）
nocticola uenoi kikaiensis,Nocticola uenoi kikaiensis,キカイホラアナゴキブリ,昆虫類,,情報不足（DD）,,,moe_redlist,GBIFへの照会自体が未実施（gbif_taxon_key欠落・gbif_match_type=NULL）
nocticola uenoi miyakoensis,Nocticola uenoi miyakoensis,ミヤコホラアナゴキブリ,昆虫類,,絶滅危惧II類（VU）,,,moe_redlist,GBIFへの照会自体が未実施（gbif_taxon_key欠落・gbif_match_type=NULL）
nola umetsui,Nola umetsui,チョウカイシロコブガ,昆虫類,,準絶滅危惧（NT）,,,moe_redlist,GBIFへの照会自体が未実施（gbif_taxon_key欠落・gbif_match_type=NULL）
nonagria puengeleri,Nonagria puengeleri,オオチャバネヨトウ,昆虫類,,絶滅危惧II類（VU）,,,moe_redlist,GBIFへの照会自体が未実施（gbif_taxon_key欠落・gbif_match_type=NULL）
nortia kusuii,Nortia kusuii,オガサワラムネスジウスバカミキリ,昆虫類,,絶滅危惧II類（VU）,,,moe_redlist,GBIFへの照会自体が未実施（gbif_taxon_key欠落・gbif_match_type=NULL）
nothapodytes amamianus,Nothapodytes amamianus,ワダツミノキ,維管束植物,,絶滅危惧ⅠＡ類（CR）,,,moe_redlist,GBIFへの照会自体が未実施（gbif_taxon_key欠落・gbif_match_type=NULL）
nothapodytes nimmonianus,Nothapodytes nimmonianus,クサミズキ,維管束植物,,絶滅危惧ⅠB類（EN）,,,moe_redlist,GBIFへの照会自体が未実施（gbif_taxon_key欠落・gbif_match_type=NULL）
notocochlis robillardi,Notocochlis robillardi,テンセイタマガイ,貝類,,準絶滅危惧（NT）,,,moe_redlist,GBIFへの照会自体が未実施（gbif_taxon_key欠落・gbif_match_type=NULL）
notomicrus tenellus,Notomicrus tenellus,ホソコツブゲンゴロウ,昆虫類,,情報不足（DD）,,,moe_redlist,GBIFへの照会自体が未実施（gbif_taxon_key欠落・gbif_match_type=NULL）
notonecta montandoni,Notonecta montandoni,オキナワマツモムシ,昆虫類,,準絶滅危惧（NT）,,,moe_redlist,GBIFへの照会自体が未実施（gbif_taxon_key欠落・gbif_match_type=NULL）
notonyx kumi,Notonyx kumi,リュウキュウカクエンコウガニ,甲殻類（海洋生物）,,情報不足（DD）,,,moe_redlist,GBIFへの照会自体が未実施（gbif_taxon_key欠落・gbif_match_type=NULL）
notorynchus cepedianus,Notorynchus cepedianus,エビスザメ,魚類（海洋生物）,,情報不足（DD）,,,moe_redlist,GBIFへの照会自体が未実施（gbif_taxon_key欠落・gbif_match_type=NULL）
novorostrumdecorocrus,Novorostrumdecorocrus,イボテカニダマシ,甲殻類（海洋生物）,,絶滅危惧IB 類（EN）,,NONE,moe_redlist,GBIFへ照会したが一致しなかった（gbif_match_type=NONE）
nowellia aciliata,Nowellia aciliata,フクレヤバネゴケ,蘚苔類,,絶滅危惧ⅠB類（EN）,,,moe_redlist,GBIFへの照会自体が未実施（gbif_taxon_key欠落・gbif_match_type=NULL）
nozeba ziczac,Nozeba ziczac,サザナミツボ,貝類,,準絶滅危惧（NT）,,,moe_redlist,GBIFへの照会自体が未実施（gbif_taxon_key欠落・gbif_match_type=NULL）
numenius madagascariensis,Numenius madagascariensis,ホウロクシギ,鳥類,,絶滅危惧II類（VU）,,,moe_redlist,GBIFへの照会自体が未実施（gbif_taxon_key欠落・gbif_match_type=NULL）
nuphar oguraensis var. oguraensis,Nuphar oguraensis var. oguraensis,オグラコウホネ,維管束植物,,絶滅危惧ⅠB類（EN）,,,moe_redlist,GBIFへの照会自体が未実施（gbif_taxon_key欠落・gbif_match_type=NULL）
nuphar pumila var. ozeensis,Nuphar pumila var. ozeensis,オゼコウホネ,維管束植物,,絶滅危惧Ⅱ類（VU）,,,moe_redlist,GBIFへの照会自体が未実施（gbif_taxon_key欠落・gbif_match_type=NULL）
nuphar pumila var. pumila,Nuphar pumila var. pumila,ネムロコウホネ,維管束植物,,絶滅危惧Ⅱ類（VU）,,,moe_redlist,GBIFへの照会自体が未実施（gbif_taxon_key欠落・gbif_match_type=NULL）
nuphar subintegerrima,Nuphar subintegerrima,ヒメコウホネ,維管束植物,,絶滅危惧ⅠＡ類（CR）,,,moe_redlist,GBIFへの照会自体が未実施（gbif_taxon_key欠落・gbif_match_type=NULL）
nuphar submersa,Nuphar submersa,シモツケコウホネ,維管束植物,,絶滅危惧ⅠＡ類（CR）,,,moe_redlist,GBIFへの照会自体が未実施（gbif_taxon_key欠落・gbif_match_type=NULL）
nyctalus aviator,Nyctalus aviator,ヤマコウモリ,哺乳類,,絶滅危惧II類（VU）,,,moe_redlist,GBIFへの照会自体が未実施（gbif_taxon_key欠落・gbif_match_type=NULL）
nymphaea cv.,Nymphaea cv.,園芸スイレン,植物,,,重点対策外来種,,moe_ias_list,GBIFへの照会自体が未実施（gbif_taxon_key欠落・gbif_match_type=NULL）
nymphaea tetragona var. erythrostigmatica,Nymphaea tetragona var. erythrostigmatica,エゾベニヒツジグサ,維管束植物,,絶滅危惧Ⅱ類（VU）,,,moe_redlist,GBIFへの照会自体が未実施（gbif_taxon_key欠落・gbif_match_type=NULL）
nymphoides coreana,Nymphoides coreana,ヒメシロアサザ,維管束植物,,絶滅危惧Ⅱ類（VU）,,,moe_redlist,GBIFへの照会自体が未実施（gbif_taxon_key欠落・gbif_match_type=NULL）
nymphoides indica,Nymphoides indica,ガガブタ,維管束植物,,準絶滅危惧（NT）,,,moe_redlist,GBIFへの照会自体が未実施（gbif_taxon_key欠落・gbif_match_type=NULL）
nymphoides peltata,Nymphoides peltata,アサザ,維管束植物,,準絶滅危惧（NT）,,,moe_redlist,GBIFへの照会自体が未実施（gbif_taxon_key欠落・gbif_match_type=NULL）
nymphomyia alba,Nymphomyia alba,カスミハネカ,昆虫類,,情報不足（DD）,,,moe_redlist,GBIFへの照会自体が未実施（gbif_taxon_key欠落・gbif_match_type=NULL）
nymphomyia rohdendorfi,Nymphomyia rohdendorfi,キョクトウハネカ,昆虫類,,情報不足（DD）,,,moe_redlist,GBIFへの照会自体が未実施（gbif_taxon_key欠落・gbif_match_type=NULL）
nypa fruticans,Nypa fruticans,ニッパヤシ,維管束植物,,絶滅危惧ⅠＡ類（CR）,,,moe_redlist,GBIFへの照会自体が未実施（gbif_taxon_key欠落・gbif_match_type=NULL）
oberonia anthropophora var. arisanensis,Oberonia anthropophora var. arisanensis,クスクスヨウラクラン,維管束植物,,絶滅危惧ⅠB類（EN）,,,moe_redlist,GBIFへの照会自体が未実施（gbif_taxon_key欠落・gbif_match_type=NULL）
oberonia makinoi,Oberonia makinoi,オオバヨウラクラン,維管束植物,,絶滅危惧ⅠB類（EN）,,,moe_redlist,GBIFへの照会自体が未実施（gbif_taxon_key欠落・gbif_match_type=NULL）
obovalis omiensis,Obovalis omiensis,カタハガイ,貝類,,絶滅危惧II類（VU）,,,moe_redlist,GBIFへの照会自体が未実施（gbif_taxon_key欠落・gbif_match_type=NULL）
obrium cantharinum shimomurai,Obrium cantharinum shimomurai,アカオニアメイロカミキリ,昆虫類,,情報不足（DD）,,,moe_redlist,GBIFへの照会自体が未実施（gbif_taxon_key欠落・gbif_match_type=NULL）
obtusifolium obtusum,Obtusifolium obtusum,マルバイチョウゴケ,蘚苔類,,情報不足（DD）,,,moe_redlist,GBIFへの照会自体が未実施（gbif_taxon_key欠落・gbif_match_type=NULL）
oceanodroma matsudairae,Oceanodroma matsudairae,クロウミツバメ,鳥類,,絶滅危惧II類（VU）,,,moe_redlist,GBIFへの照会自体が未実施（gbif_taxon_key欠落・gbif_match_type=NULL）
oceanodroma monorhis,Oceanodroma monorhis,ヒメクロウミツバメ,鳥類,,絶滅危惧II類（VU）,,,moe_redlist,GBIFへの照会自体が未実施（gbif_taxon_key欠落・gbif_match_type=NULL）
ochlodes subhyalinus asahinai,Ochlodes subhyalinus asahinai,アサヒナキマダラセセリ,昆虫類,,絶滅危惧II類（VU）,,,moe_redlist,GBIFへの照会自体が未実施（gbif_taxon_key欠落・gbif_match_type=NULL）
ochotona hyperborea yesoensis,Ochotona hyperborea yesoensis,エゾナキウサギ,哺乳類,,準絶滅危惧（NT）,,,moe_redlist,GBIFへの照会自体が未実施（gbif_taxon_key欠落・gbif_match_type=NULL）
ochrosia hexandra,Ochrosia hexandra,ホソバヤロード,維管束植物,,絶滅危惧ⅠＡ類（CR）,,,moe_redlist,GBIFへの照会自体が未実施（gbif_taxon_key欠落・gbif_match_type=NULL）
ochrosia iwasakiana,Ochrosia iwasakiana,シマソケイ,維管束植物,,絶滅危惧ⅠＡ類（CR）,,,moe_redlist,GBIFへの照会自体が未実施（gbif_taxon_key欠落・gbif_match_type=NULL）
ochthebius amami,Ochthebius amami,アマミセスジダルマガムシ,昆虫類,,準絶滅危惧（NT）,,,moe_redlist,GBIFへの照会自体が未実施（gbif_taxon_key欠落・gbif_match_type=NULL）
ochthebius danjo,Ochthebius danjo,シオダマリセスジダルマガムシ,昆虫類,,情報不足（DD）,,,moe_redlist,GBIFへの照会自体が未実施（gbif_taxon_key欠落・gbif_match_type=NULL）
ochthebius nipponicus,Ochthebius nipponicus,ニッポンセスジダルマガムシ,昆虫類,,情報不足（DD）,,,moe_redlist,GBIFへの照会自体が未実施（gbif_taxon_key欠落・gbif_match_type=NULL）
odacantha hagai,Odacantha hagai,ハガクビナガゴミムシ,昆虫類,,情報不足（DD）,,,moe_redlist,GBIFへの照会自体が未実施（gbif_taxon_key欠落・gbif_match_type=NULL）
odontamblyopus lacepedii,Odontamblyopus lacepedii,ワラスボ,汽水・淡水魚類,,絶滅危惧II類（VU）,,,moe_redlist,GBIFへの照会自体が未実施（gbif_taxon_key欠落・gbif_match_type=NULL）
odontanthias flagris,Odontanthias flagris,ハタタテハナダイ,魚類（海洋生物）,,情報不足（DD）,,,moe_redlist,GBIFへの照会自体が未実施（gbif_taxon_key欠落・gbif_match_type=NULL）
odontaspis ferox,Odontaspis ferox,オオワニザメ,魚類（海洋生物）,,情報不足（DD）,,,moe_redlist,GBIFへの照会自体が未実施（gbif_taxon_key欠落・gbif_match_type=NULL）
odontobutis hikimius,Odontobutis hikimius,イシドンコ,汽水・淡水魚類,,絶滅危惧II類（VU）,,,moe_redlist,GBIFへの照会自体が未実施（gbif_taxon_key欠落・gbif_match_type=NULL）
odontochilus fissus,Odontochilus fissus,オオハクウンラン,維管束植物,,絶滅危惧ⅠＡ類（CR）,,,moe_redlist,GBIFへの照会自体が未実施（gbif_taxon_key欠落・gbif_match_type=NULL）
odontochilus hatusimanus,Odontochilus hatusimanus,ハツシマラン,維管束植物,,絶滅危惧ⅠB類（EN）,,,moe_redlist,GBIFへの照会自体が未実施（gbif_taxon_key欠落・gbif_match_type=NULL）
odontochilus nanlingensis,Odontochilus nanlingensis,ヒメシラヒゲラン,維管束植物,,絶滅危惧ⅠＡ類（CR）,,,moe_redlist,GBIFへの照会自体が未実施（gbif_taxon_key欠落・gbif_match_type=NULL）
odontochilus tashiroi,Odontochilus tashiroi,オオギミラン,維管束植物,,絶滅危惧ⅠＡ類（CR）,,,moe_redlist,GBIFへの照会自体が未実施（gbif_taxon_key欠落・gbif_match_type=NULL）
odontochilus tsukusianus,Odontochilus tsukusianus,ツクシアリドオシラン,維管束植物,,絶滅危惧ⅠＡ類（CR）,,,moe_redlist,GBIFへの照会自体が未実施（gbif_taxon_key欠落・gbif_match_type=NULL）
odontochilus yakushimensis,Odontochilus yakushimensis,ヤクシマヒメアリドオシラン,維管束植物,,準絶滅危惧（NT）,,,moe_redlist,GBIFへの照会自体が未実施（gbif_taxon_key欠落・gbif_match_type=NULL）
odontosabula decora,Odontosabula decora,キンシマクサアブ,昆虫類,,情報不足（DD）,,,moe_redlist,GBIFへの照会自体が未実施（gbif_taxon_key欠落・gbif_match_type=NULL）
odontosabula fulvipilosa,Odontosabula fulvipilosa,ヒメシマクサアブ,昆虫類,,情報不足（DD）,,,moe_redlist,GBIFへの照会自体が未実施（gbif_taxon_key欠落・gbif_match_type=NULL）
odontosabula gloriosa,Odontosabula gloriosa,シマクサアブ,昆虫類,,情報不足（DD）,,,moe_redlist,GBIFへの照会自体が未実施（gbif_taxon_key欠落・gbif_match_type=NULL）
odontoschisma jishibae,Odontoschisma jishibae,イイシバヤバネゴケ,蘚苔類,,準絶滅危惧（NT）,,,moe_redlist,GBIFへの照会自体が未実施（gbif_taxon_key欠落・gbif_match_type=NULL）
odontosoria minutula,Odontosoria minutula,コビトホラシノブ,維管束植物,,絶滅危惧ⅠＡ類（CR）,,,moe_redlist,GBIFへの照会自体が未実施（gbif_taxon_key欠落・gbif_match_type=NULL）
odontosoria yaeyamensis,Odontosoria yaeyamensis,ヤエヤマホラシノブ,維管束植物,,絶滅危惧ⅠＡ類（CR）,,,moe_redlist,GBIFへの照会自体が未実施（gbif_taxon_key欠落・gbif_match_type=NULL）
odontozona fasciata,Odontozona fasciata,アカオビスベスベオトヒメエビ,甲殻類（海洋生物）,,情報不足（DD）,,,moe_redlist,GBIFへの照会自体が未実施（gbif_taxon_key欠落・gbif_match_type=NULL）
oedicladium fragile,Oedicladium fragile,カタナワゴケ,蘚苔類,,絶滅危惧Ⅱ類（VU）,,,moe_redlist,GBIFへの照会自体が未実施（gbif_taxon_key欠落・gbif_match_type=NULL）
oedicladium rufescens var. yakushimense,Oedicladium rufescens var. yakushimense,ヤクシマナワゴケ,蘚苔類,,情報不足（DD）,,,moe_redlist,GBIFへの照会自体が未実施（gbif_taxon_key欠落・gbif_match_type=NULL）
oedipodium griffithianum,Oedipodium griffithianum,イシヅチゴケ,蘚苔類,,絶滅危惧Ⅱ類（VU）,,,moe_redlist,GBIFへの照会自体が未実施（gbif_taxon_key欠落・gbif_match_type=NULL）
oeneis melissa daisetsuzana,Oeneis melissa daisetsuzana,ダイセツタカネヒカゲ,昆虫類,,準絶滅危惧（NT）,,,moe_redlist,GBIFへの照会自体が未実施（gbif_taxon_key欠落・gbif_match_type=NULL）
oeneis norna asamana,Oeneis norna asamana,タカネヒカゲ飛騨山脈亜種,昆虫類,,準絶滅危惧（NT）,,,moe_redlist,GBIFへの照会自体が未実施（gbif_taxon_key欠落・gbif_match_type=NULL）
oeneis norna sugitanii,Oeneis norna sugitanii,タカネヒカゲ八ヶ岳亜種,昆虫類,,絶滅危惧IA類（CR）,,,moe_redlist,GBIFへの照会自体が未実施（gbif_taxon_key欠落・gbif_match_type=NULL）
oenothera laciniata,Oenothera laciniata,コマツヨイグサ,植物,,,重点対策外来種,,moe_ias_list,GBIFへの照会自体が未実施（gbif_taxon_key欠落・gbif_match_type=NULL）
ogasawarana arata,Ogasawarana arata,マキスジヤマキサゴ,貝類,,絶滅危惧I類（CR+EN）,,,moe_redlist,GBIFへの照会自体が未実施（gbif_taxon_key欠落・gbif_match_type=NULL）
ogasawarana capsula,Ogasawarana capsula,ハハジマヤマキサゴ,貝類,,絶滅危惧I類（CR+EN）,,,moe_redlist,GBIFへの照会自体が未実施（gbif_taxon_key欠落・gbif_match_type=NULL）
ogasawarana comes,Ogasawarana comes,ナカノシマヤマキサゴ,貝類,,絶滅危惧I類（CR+EN）,,,moe_redlist,GBIFへの照会自体が未実施（gbif_taxon_key欠落・gbif_match_type=NULL）
ogasawarana discrepans,Ogasawarana discrepans,アニジマヤマキサゴ,貝類,,絶滅危惧I類（CR+EN）,,,moe_redlist,GBIFへの照会自体が未実施（gbif_taxon_key欠落・gbif_match_type=NULL）
ogasawarana hirasei,Ogasawarana hirasei,ヒラセヤマキサゴ,貝類,,絶滅危惧I類（CR+EN）,,,moe_redlist,GBIFへの照会自体が未実施（gbif_taxon_key欠落・gbif_match_type=NULL）
ogasawarana metamorpha,Ogasawarana metamorpha,ハゲヨシワラヤマキサゴ,貝類,,絶滅危惧I類（CR+EN）,,,moe_redlist,GBIFへの照会自体が未実施（gbif_taxon_key欠落・gbif_match_type=NULL）
ogasawarana microtheca,Ogasawarana microtheca,コガラヨシワラヤマキサゴ,貝類,,絶滅危惧II類（VU）,,,moe_redlist,GBIFへの照会自体が未実施（gbif_taxon_key欠落・gbif_match_type=NULL）
ogasawarana nitida,Ogasawarana nitida,スベスベヤマキサゴ,貝類,,絶滅危惧I類（CR+EN）,,,moe_redlist,GBIFへの照会自体が未実施（gbif_taxon_key欠落・gbif_match_type=NULL）
ogasawarana ogasawarana,Ogasawarana ogasawarana,オガサワラヤマキサゴ,貝類,,絶滅危惧II類（VU）,,,moe_redlist,GBIFへの照会自体が未実施（gbif_taxon_key欠落・gbif_match_type=NULL）
ogasawarana optima,Ogasawarana optima,カドオガサワラヤマキサゴ,貝類,,絶滅危惧I類（CR+EN）,,,moe_redlist,GBIFへの照会自体が未実施（gbif_taxon_key欠落・gbif_match_type=NULL）
ogasawarana yoshiwarana,Ogasawarana yoshiwarana,ヨシワラヤマキサゴ,貝類,,絶滅危惧I類（CR+EN）,,,moe_redlist,GBIFへの照会自体が未実施（gbif_taxon_key欠落・gbif_match_type=NULL）
ogasawarazo daitoensis,Ogasawarazo daitoensis,ダイトウスジヒメカタゾウムシ,昆虫類,,絶滅危惧IA類（CR）,,,moe_redlist,GBIFへの照会自体が未実施（gbif_taxon_key欠落・gbif_match_type=NULL）
ogasawarazo lineatus,Ogasawarazo lineatus,スジヒメカタゾウムシ,昆虫類,,準絶滅危惧（NT）,,,moe_redlist,GBIFへの照会自体が未実施（gbif_taxon_key欠落・gbif_match_type=NULL）
ogasawarazo mater,Ogasawarazo mater,ハハジマヒメカタゾウムシ,昆虫類,,絶滅危惧II類（VU）,,,moe_redlist,GBIFへの照会自体が未実施（gbif_taxon_key欠落・gbif_match_type=NULL）
ogasawarazo rugosicephalus hahajimaensis,Ogasawarazo rugosicephalus hahajimaensis,ヒメカタゾウムシ母島亜種,昆虫類,,絶滅危惧IA類（CR）,,,moe_redlist,GBIFへの照会自体が未実施（gbif_taxon_key欠落・gbif_match_type=NULL）
ogasawarazo rugosicephalus rugosicephalus,Ogasawarazo rugosicephalus rugosicephalus,ヒメカタゾウムシ父島列島亜種,昆虫類,,準絶滅危惧（NT）,,,moe_redlist,GBIFへの照会自体が未実施（gbif_taxon_key欠落・gbif_match_type=NULL）
okamejei kenojei,Okamejei kenojei,コモンカスベ,魚類（海洋生物）,,情報不足（DD）,,,moe_redlist,GBIFへの照会自体が未実施（gbif_taxon_key欠落・gbif_match_type=NULL）
okamejei schmidti,Okamejei schmidti,ツマリカスベ,魚類（海洋生物）,,情報不足（DD）,,,moe_redlist,GBIFへの照会自体が未実施（gbif_taxon_key欠落・gbif_match_type=NULL）
olenecamptus fukutomii,Olenecamptus fukutomii,オガサワラオオシロカミキリ,昆虫類,,情報不足（DD）,,,moe_redlist,GBIFへの照会自体が未実施（gbif_taxon_key欠落・gbif_match_type=NULL）
oligobdella orientalis,Oligobdella orientalis,スクナビル,その他無脊椎動物,,情報不足（DD）,,,moe_redlist,GBIFへの照会自体が未実施（gbif_taxon_key欠落・gbif_match_type=NULL）
oligobdella tagoi,Oligobdella tagoi,タゴビル,その他無脊椎動物,,情報不足（DD）,,,moe_redlist,GBIFへの照会自体が未実施（gbif_taxon_key欠落・gbif_match_type=NULL）
oligoneuriella rhenana,Oligoneuriella rhenana,ヒトリガカゲロウ,昆虫類,,準絶滅危惧（NT）,,,moe_redlist,GBIFへの照会自体が未実施（gbif_taxon_key欠落・gbif_match_type=NULL）
oliva mustelina,Oliva mustelina,マクラガイ,貝類,,準絶滅危惧（NT）,,,moe_redlist,GBIFへの照会自体が未実施（gbif_taxon_key欠落・gbif_match_type=NULL）
omalus grandis,Omalus grandis,オオツヤセイボウ,昆虫類,,準絶滅危惧（NT）,,,moe_redlist,GBIFへの照会自体が未実施（gbif_taxon_key欠落・gbif_match_type=NULL）
ommatogaster nana,Ommatogaster nana,和名なし,甲殻類（海洋生物）,,情報不足（DD）,,,moe_redlist,GBIFへの照会自体が未実施（gbif_taxon_key欠落・gbif_match_type=NULL）
omobranchus elongatus,Omobranchus elongatus,ゴマクモギンポ,汽水・淡水魚類,,情報不足（DD）,,,moe_redlist,GBIFへの照会自体が未実施（gbif_taxon_key欠落・gbif_match_type=NULL）
omobranchus ferox,Omobranchus ferox,カワギンポ,汽水・淡水魚類,,絶滅危惧IA類（CR）,,,moe_redlist,GBIFへの照会自体が未実施（gbif_taxon_key欠落・gbif_match_type=NULL）
omorgus chinensis,Omorgus chinensis,オオコブスジコガネ,昆虫類,,絶滅危惧II類（VU）,,,moe_redlist,GBIFへの照会自体が未実施（gbif_taxon_key欠落・gbif_match_type=NULL）
omox biporos,Omox biporos,ヒルギギンポ,汽水・淡水魚類,,絶滅危惧IA類（CR）,,,moe_redlist,GBIFへの照会自体が未実施（gbif_taxon_key欠落・gbif_match_type=NULL）
onchidium sp.,Onchidium sp.,ドロアワモチ,貝類,,絶滅危惧II類（VU）,,,moe_redlist,GBIFへの照会自体が未実施（gbif_taxon_key欠落・gbif_match_type=NULL）
oncomelania minima,Oncomelania minima,ナタネミズツボ,貝類,,絶滅危惧II類（VU）,,,moe_redlist,GBIFへの照会自体が未実施（gbif_taxon_key欠落・gbif_match_type=NULL）
oncomelania nosophora,Oncomelania nosophora,ミヤイリガイ（カタヤマガイ）,貝類,,絶滅危惧I類（CR+EN）,,,moe_redlist,GBIFへの照会自体が未実施（gbif_taxon_key欠落・gbif_match_type=NULL）
oncorhynchus masou ishikawae,Oncorhynchus masou ishikawae,サツキマス（アマゴ）,汽水・淡水魚類,,準絶滅危惧（NT）,,,moe_redlist,GBIFへの照会自体が未実施（gbif_taxon_key欠落・gbif_match_type=NULL）
oncorhynchus masou masou,Oncorhynchus masou masou,サクラマス（ヤマメ）,汽水・淡水魚類,,準絶滅危惧（NT）,,,moe_redlist,GBIFへの照会自体が未実施（gbif_taxon_key欠落・gbif_match_type=NULL）
oncorhynchus mykiss,Oncorhynchus mykiss,ニジマス,魚類,,,適切な管理が必要な産業上重要な外来種（産業管理外来種）,,moe_ias_list,GBIFへの照会自体が未実施（gbif_taxon_key欠落・gbif_match_type=NULL）
oncorhynchus sp.,Oncorhynchus sp.,ビワマス,汽水・淡水魚類,,準絶滅危惧（NT）,,,moe_redlist,GBIFへの照会自体が未実施（gbif_taxon_key欠落・gbif_match_type=NULL）
onthophagus gibbulus,Onthophagus gibbulus,チャバネエンマコガネ,昆虫類,,絶滅危惧II類（VU）,,,moe_redlist,GBIFへの照会自体が未実施（gbif_taxon_key欠落・gbif_match_type=NULL）
onthophagus japonicus,Onthophagus japonicus,ヤマトエンマコガネ,昆虫類,,準絶滅危惧（NT）,,,moe_redlist,GBIFへの照会自体が未実施（gbif_taxon_key欠落・gbif_match_type=NULL）
onthophagus ocellatopunctatus,Onthophagus ocellatopunctatus,アラメエンマコガネ,昆虫類,,準絶滅危惧（NT）,,,moe_redlist,GBIFへの照会自体が未実施（gbif_taxon_key欠落・gbif_match_type=NULL）
onthophagus yakuinsulanus,Onthophagus yakuinsulanus,ヤクシマエンマコガネ,昆虫類,,絶滅危惧II類（VU）,,,moe_redlist,GBIFへの照会自体が未実施（gbif_taxon_key欠落・gbif_match_type=NULL）
onygena corvina,Onygena corvina,ホネタケ,菌類,,情報不足（DD）,,,moe_redlist,GBIFへの照会自体が未実施（gbif_taxon_key欠落・gbif_match_type=NULL）
oodes echigonus,Oodes echigonus,エチゴトックリゴミムシ,昆虫類,,準絶滅危惧（NT）,,,moe_redlist,GBIFへの照会自体が未実施（gbif_taxon_key欠落・gbif_match_type=NULL）
oodes vicarius,Oodes vicarius,オオトックリゴミムシ,昆虫類,,準絶滅危惧（NT）,,,moe_redlist,GBIFへの照会自体が未実施（gbif_taxon_key欠落・gbif_match_type=NULL）
ophiocara porocephala,Ophiocara porocephala,ホシマダラハゼ,汽水・淡水魚類,,絶滅危惧II類（VU）,,,moe_redlist,GBIFへの照会自体が未実施（gbif_taxon_key欠落・gbif_match_type=NULL）
ophiocordyceps cicadellidicola,Ophiocordyceps cicadellidicola,ヨコバイタケ,菌類,,情報不足（DD）,,,moe_redlist,GBIFへの照会自体が未実施（gbif_taxon_key欠落・gbif_match_type=NULL）
ophiocordyceps gryllotalpae,Ophiocordyceps gryllotalpae,ケラタケ,菌類,,情報不足（DD）,,,moe_redlist,GBIFへの照会自体が未実施（gbif_taxon_key欠落・gbif_match_type=NULL）
ophiocordyceps uchiyamae,Ophiocordyceps uchiyamae,クロミノクチキムシタケ,菌類,,情報不足（DD）,,,moe_redlist,GBIFへの照会自体が未実施（gbif_taxon_key欠落・gbif_match_type=NULL）
ophioglossum kawamurae,Ophioglossum kawamurae,サクラジマハナヤスリ,維管束植物,,絶滅危惧ⅠB類（EN）,,,moe_redlist,GBIFへの照会自体が未実施（gbif_taxon_key欠落・gbif_match_type=NULL）
ophioglossum namegatae,Ophioglossum namegatae,トネハナヤスリ,維管束植物,,準絶滅危惧（NT）,,,moe_redlist,GBIFへの照会自体が未実施（gbif_taxon_key欠落・gbif_match_type=NULL）
ophioglossum parvum,Ophioglossum parvum,チャボハナヤスリ,維管束植物,,絶滅危惧Ⅱ類（VU）,,,moe_redlist,GBIFへの照会自体が未実施（gbif_taxon_key欠落・gbif_match_type=NULL）
ophioglossum pendulum,Ophioglossum pendulum,コブラン,維管束植物,,絶滅危惧ⅠB類（EN）,,,moe_redlist,GBIFへの照会自体が未実施（gbif_taxon_key欠落・gbif_match_type=NULL）
ophioparma handelii,Ophioparma handelii,ザクロゴケモドキ,地衣類,,情報不足（DD）,,,moe_redlist,GBIFへの照会自体が未実施（gbif_taxon_key欠落・gbif_match_type=NULL）
ophiopogon reversus,Ophiopogon reversus,ヨナグニノシラン,維管束植物,,絶滅危惧ⅠB類（EN）,,,moe_redlist,GBIFへの照会自体が未実施（gbif_taxon_key欠落・gbif_match_type=NULL）
ophiorrhiza yamashitae,Ophiorrhiza yamashitae,アマミアワゴケ,維管束植物,,絶滅危惧ⅠＡ類（CR）,,,moe_redlist,GBIFへの照会自体が未実施（gbif_taxon_key欠落・gbif_match_type=NULL）
opithandra primuloides,Opithandra primuloides,イワギリソウ,維管束植物,,絶滅危惧Ⅱ類（VU）,,,moe_redlist,GBIFへの照会自体が未実施（gbif_taxon_key欠落・gbif_match_type=NULL）
opsarichthys uncirostris uncirostris,Opsarichthys uncirostris uncirostris,琵琶湖・淀川以外のハス,魚類,,,その他の総合対策外来種,,moe_ias_list,GBIFへの照会自体が未実施（gbif_taxon_key欠落・gbif_match_type=NULL）
opsariichthys uncirostris uncirostris,Opsariichthys uncirostris uncirostris,ハス,汽水・淡水魚類,,絶滅危惧II類（VU）,,,moe_redlist,GBIFへの照会自体が未実施（gbif_taxon_key欠落・gbif_match_type=NULL）
optioservus hagai,Optioservus hagai,ハガマルヒメドロムシ,昆虫類,,絶滅危惧IB類（EN）,,,moe_redlist,GBIFへの照会自体が未実施（gbif_taxon_key欠落・gbif_match_type=NULL）
orcovita miruku,Orcovita miruku,ドウクツモクズガニ,その他無脊椎動物,,情報不足（DD）,,,moe_redlist,GBIFへの照会自体が未実施（gbif_taxon_key欠落・gbif_match_type=NULL）
oreas martiana,Oreas martiana,ヤマゴケ,蘚苔類,,情報不足（DD）,,,moe_redlist,GBIFへの照会自体が未実施（gbif_taxon_key欠落・gbif_match_type=NULL）
orectochilus agilis,Orectochilus agilis,ツマキレオナガミズスマシ,昆虫類,,絶滅危惧II類（VU）,,,moe_redlist,GBIFへの照会自体が未実施（gbif_taxon_key欠落・gbif_match_type=NULL）
orectochilus punctipennis,Orectochilus punctipennis,コオナガミズスマシ,昆虫類,,絶滅危惧II類（VU）,,,moe_redlist,GBIFへの照会自体が未実施（gbif_taxon_key欠落・gbif_match_type=NULL）
orectochilus teranishii,Orectochilus teranishii,テラニシオナガミズスマシ,昆虫類,,情報不足（DD）,,,moe_redlist,GBIFへの照会自体が未実施（gbif_taxon_key欠落・gbif_match_type=NULL）
orectochilus villosus,Orectochilus villosus,エゾコオナガミズスマシ,昆虫類,,準絶滅危惧（NT）,,,moe_redlist,GBIFへの照会自体が未実施（gbif_taxon_key欠落・gbif_match_type=NULL）
orectolobus japonicus,Orectolobus japonicus,オオセ,魚類（海洋生物）,,情報不足（DD）,,,moe_redlist,GBIFへの照会自体が未実施（gbif_taxon_key欠落・gbif_match_type=NULL）
oreochromis aureus,Oreochromis aureus,ブルーティラピア,魚類,,,その他の総合対策外来種,,moe_ias_list,GBIFへの照会自体が未実施（gbif_taxon_key欠落・gbif_match_type=NULL）
oreogrammitis dorsipila,Oreogrammitis dorsipila,ヒメウラボシ,維管束植物,,絶滅危惧ⅠB類（EN）,,,moe_redlist,GBIFへの照会自体が未実施（gbif_taxon_key欠落・gbif_match_type=NULL）
oreogrammitis nipponica,Oreogrammitis nipponica,ヒロハヒメウラボシ,維管束植物,,絶滅危惧ⅠＡ類（CR）,,,moe_redlist,GBIFへの照会自体が未実施（gbif_taxon_key欠落・gbif_match_type=NULL）
oreogrammitis tuyamae,Oreogrammitis tuyamae,ナガバコウラボシ,維管束植物,,絶滅危惧Ⅱ類（VU）,,,moe_redlist,GBIFへの照会自体が未実施（gbif_taxon_key欠落・gbif_match_type=NULL）
oreorchis coreana,Oreorchis coreana,コケイランモドキ,維管束植物,,絶滅危惧ⅠＡ類（CR）,,,moe_redlist,GBIFへの照会自体が未実施（gbif_taxon_key欠落・gbif_match_type=NULL）
oreorchis indica,Oreorchis indica,コハクラン,維管束植物,,絶滅危惧ⅠＡ類（CR）,,,moe_redlist,GBIFへの照会自体が未実施（gbif_taxon_key欠落・gbif_match_type=NULL）
orientelmis parvula,Orientelmis parvula,セマルヒメドロムシ,昆虫類,,絶滅危惧II類（VU）,,,moe_redlist,GBIFへの照会自体が未実施（gbif_taxon_key欠落・gbif_match_type=NULL）
orientispa shirozui,Orientispa shirozui,ツシマカマキリモドキ,昆虫類,,情報不足（DD）,,,moe_redlist,GBIFへの照会自体が未実施（gbif_taxon_key欠落・gbif_match_type=NULL）
orobanche boninsimae,Orobanche boninsimae,シマウツボ,維管束植物,,絶滅危惧ⅠB類（EN）,,,moe_redlist,GBIFへの照会自体が未実施（gbif_taxon_key欠落・gbif_match_type=NULL）
orobanche coerulescens,Orobanche coerulescens,ハマウツボ,維管束植物,,絶滅危惧Ⅱ類（VU）,,,moe_redlist,GBIFへの照会自体が未実施（gbif_taxon_key欠落・gbif_match_type=NULL）
orobdella yamaneae,Orobdella yamaneae,ヤマネクガビル,その他無脊椎動物,,情報不足（DD）,,,moe_redlist,GBIFへの照会自体が未実施（gbif_taxon_key欠落・gbif_match_type=NULL）
orostachys japonica,Orostachys japonica,ツメレンゲ,維管束植物,,準絶滅危惧（NT）,,,moe_redlist,GBIFへの照会自体が未実施（gbif_taxon_key欠落・gbif_match_type=NULL）
orostachys malacophylla var. boehmeri,Orostachys malacophylla var. boehmeri,コモチレンゲ,維管束植物,,絶滅危惧Ⅱ類（VU）,,,moe_redlist,GBIFへの照会自体が未実施（gbif_taxon_key欠落・gbif_match_type=NULL）
orostachys malacophylla var. iwarenge,Orostachys malacophylla var. iwarenge,イワレンゲ,維管束植物,,絶滅危惧Ⅱ類（VU）,,,moe_redlist,GBIFへの照会自体が未実施（gbif_taxon_key欠落・gbif_match_type=NULL）
orostachys malacophylla var. malacophylla,Orostachys malacophylla var. malacophylla,ゲンカイイワレンゲ,維管束植物,,絶滅危惧Ⅱ類（VU）,,,moe_redlist,GBIFへの照会自体が未実施（gbif_taxon_key欠落・gbif_match_type=NULL）
orphniospora moriopsis,Orphniospora moriopsis,チャイロヘリトリゴケ,地衣類,,準絶滅危惧（NT）,,,moe_redlist,GBIFへの照会自体が未実施（gbif_taxon_key欠落・gbif_match_type=NULL）
orthetrum internum,Orthetrum internum,タイワンシオヤトンボ,昆虫類,,準絶滅危惧（NT）,,,moe_redlist,GBIFへの照会自体が未実施（gbif_taxon_key欠落・gbif_match_type=NULL）
orthomnion dilatatum,Orthomnion dilatatum,タチチョウチンゴケ,蘚苔類,,情報不足（DD）,,,moe_redlist,GBIFへの照会自体が未実施（gbif_taxon_key欠落・gbif_match_type=NULL）
orthomnion javense,Orthomnion javense,タチチョウチンゴケモドキ,蘚苔類,,情報不足（DD）,,,moe_redlist,GBIFへの照会自体が未実施（gbif_taxon_key欠落・gbif_match_type=NULL）
orthothecium rufescens,Orthothecium rufescens,ホソバツヤゴケ（タチミツヤゴケ）,蘚苔類,,情報不足（DD）,,,moe_redlist,GBIFへの照会自体が未実施（gbif_taxon_key欠落・gbif_match_type=NULL）
orthotrichum anomalum,Orthotrichum anomalum,ヤマタチヒダゴケ,蘚苔類,,絶滅危惧Ⅱ類（VU）,,,moe_redlist,GBIFへの照会自体が未実施（gbif_taxon_key欠落・gbif_match_type=NULL）
orthotrichum cupulatum,Orthotrichum cupulatum,イブキタチヒダゴケ,蘚苔類,,情報不足（DD）,,,moe_redlist,GBIFへの照会自体が未実施（gbif_taxon_key欠落・gbif_match_type=NULL）
orussus boninensis,Orussus boninensis,オガサワラヤドリキバチ,昆虫類,,絶滅危惧IA類（CR）,,,moe_redlist,GBIFへの照会自体が未実施（gbif_taxon_key欠落・gbif_match_type=NULL）
oryzias latipes,Oryzias latipes,ミナミメダカ,汽水・淡水魚類,,絶滅危惧II類（VU）,,,moe_redlist,GBIFへの照会自体が未実施（gbif_taxon_key欠落・gbif_match_type=NULL）
oryzias sakaizumii,Oryzias sakaizumii,キタノメダカ,汽水・淡水魚類,,絶滅危惧II類（VU）,,,moe_redlist,GBIFへの照会自体が未実施（gbif_taxon_key欠落・gbif_match_type=NULL）
osbeckia chinensis,Osbeckia chinensis,ヒメノボタン,維管束植物,,準絶滅危惧（NT）,,,moe_redlist,GBIFへの照会自体が未実施（gbif_taxon_key欠落・gbif_match_type=NULL）
osmanthus fragrans var. aurantiacus f. thunbergii,Osmanthus fragrans var. aurantiacus f. thunbergii,ウスギモクセイ,維管束植物,,準絶滅危惧（NT）,,,moe_redlist,GBIFへの照会自体が未実施（gbif_taxon_key欠落・gbif_match_type=NULL）
osmanthus insularis var. okinawensis,Osmanthus insularis var. okinawensis,ヤナギバモクセイ,維管束植物,,絶滅危惧ⅠB類（EN）,,,moe_redlist,GBIFへの照会自体が未実施（gbif_taxon_key欠落・gbif_match_type=NULL）
osmanthus rigidus,Osmanthus rigidus,オオモクセイ,維管束植物,,絶滅危惧ⅠB類（EN）,,,moe_redlist,GBIFへの照会自体が未実施（gbif_taxon_key欠落・gbif_match_type=NULL）
osmia orientalis,Osmia orientalis,マイマイツツハナバチ,昆虫類,,情報不足（DD）,,,moe_redlist,GBIFへの照会自体が未実施（gbif_taxon_key欠落・gbif_match_type=NULL）
osmoderma opicum,Osmoderma opicum,オオチャイロハナムグリ,昆虫類,,準絶滅危惧（NT）,,,moe_redlist,GBIFへの照会自体が未実施（gbif_taxon_key欠落・gbif_match_type=NULL）
ostedes inermis densepunctata,Ostedes inermis densepunctata,アマミハリムネモモブトカミキリ,昆虫類,,情報不足（DD）,,,moe_redlist,GBIFへの照会自体が未実施（gbif_taxon_key欠落・gbif_match_type=NULL）
osteina obducta,Osteina obducta,ツガマイタケ,菌類,,情報不足（DD）,,,moe_redlist,GBIFへの照会自体が未実施（gbif_taxon_key欠落・gbif_match_type=NULL）
osteomeles anthyllidifolia var. subrotunda,Osteomeles anthyllidifolia var. subrotunda,テンノウメ,維管束植物,,準絶滅危惧（NT）,,,moe_redlist,GBIFへの照会自体が未実施（gbif_taxon_key欠落・gbif_match_type=NULL）
ostrea denselamellosa,Ostrea denselamellosa,イタボガキ,貝類,,絶滅危惧I類（CR+EN）,,,moe_redlist,GBIFへの照会自体が未実施（gbif_taxon_key欠落・gbif_match_type=NULL）
otesiopsis japonica,Otesiopsis japonica,レンズガイ,貝類,,絶滅危惧II類（VU）,,,moe_redlist,GBIFへの照会自体が未実施（gbif_taxon_key欠落・gbif_match_type=NULL）
otesiopsis kanmuriyamensis,Otesiopsis kanmuriyamensis,カンムリレンズガイ,貝類,,絶滅危惧II類（VU）,,,moe_redlist,GBIFへの照会自体が未実施（gbif_taxon_key欠落・gbif_match_type=NULL）
otesiopsis kawaguchii,Otesiopsis kawaguchii,カワグチレンズガイ,貝類,,準絶滅危惧（NT）,,,moe_redlist,GBIFへの照会自体が未実施（gbif_taxon_key欠落・gbif_match_type=NULL）
otesiopsis yamamotoaizoi,Otesiopsis yamamotoaizoi,ダンジョレンズガイ,貝類,,準絶滅危惧（NT）,,,moe_redlist,GBIFへの照会自体が未実施（gbif_taxon_key欠落・gbif_match_type=NULL）
ottelia alismoides,Ottelia alismoides,ミズオオバコ,維管束植物,,準絶滅危惧（NT）,,,moe_redlist,GBIFへの照会自体が未実施（gbif_taxon_key欠落・gbif_match_type=NULL）
otus bakkamoena pryeri,Otus bakkamoena pryeri,リュウキュウオオコノハズク,鳥類,,情報不足（DD）,,,moe_redlist,GBIFへの照会自体が未実施（gbif_taxon_key欠落・gbif_match_type=NULL）
ovachlamys kandai,Ovachlamys kandai,カンダベッコウ,貝類,,情報不足（DD）,,,moe_redlist,GBIFへの照会自体が未実施（gbif_taxon_key欠落・gbif_match_type=NULL）
ovassiminea sp.,Ovassiminea sp.,ウラウチコダマカワザンショウ,貝類,,絶滅危惧II類（VU）,,,moe_redlist,GBIFへの照会自体が未実施（gbif_taxon_key欠落・gbif_match_type=NULL）
oxalis exilis,Oxalis exilis,アマミカタバミ,維管束植物,,絶滅危惧ⅠＡ類（CR）,,,moe_redlist,GBIFへの照会自体が未実施（gbif_taxon_key欠落・gbif_match_type=NULL）
oxalis obtriangulata,Oxalis obtriangulata,オオヤマカタバミ,維管束植物,,絶滅危惧Ⅱ類（VU）,,,moe_redlist,GBIFへの照会自体が未実施（gbif_taxon_key欠落・gbif_match_type=NULL）
oxalis pes-caprae,Oxalis pes-caprae,オオキバナカタバミ（キイロハナカタバミ）,植物,,,その他の総合対策外来種,,moe_ias_list,GBIFへの照会自体が未実施（gbif_taxon_key欠落・gbif_match_type=NULL）
oxyloma hirasei,Oxyloma hirasei,ナガオカモノアラガイ,貝類,,準絶滅危惧（NT）,,,moe_redlist,GBIFへの照会自体が未実施（gbif_taxon_key欠落・gbif_match_type=NULL）
oxynotus japonicus,Oxynotus japonicus,オロシザメ,魚類（海洋生物）,,情報不足（DD）,,,moe_redlist,GBIFへの照会自体が未実施（gbif_taxon_key欠落・gbif_match_type=NULL）
oxyporhamphusmicropterusmicropterus,Oxyporhamphusmicropterusmicropterus,サヨリトビウオ,魚類（海洋生物）,,準絶滅危惧（NT）,,,moe_redlist,GBIFへの照会自体が未実施（gbif_taxon_key欠落・gbif_match_type=NULL）
oxytropis campestris subsp. rishiriensis,Oxytropis campestris subsp. rishiriensis,リシリゲンゲ,維管束植物,,絶滅危惧Ⅱ類（VU）,,,moe_redlist,GBIFへの照会自体が未実施（gbif_taxon_key欠落・gbif_match_type=NULL）
oxytropis japonica var. sericea,Oxytropis japonica var. sericea,エゾオヤマノエンドウ,維管束植物,,絶滅危惧ⅠB類（EN）,,,moe_redlist,GBIFへの照会自体が未実施（gbif_taxon_key欠落・gbif_match_type=NULL）
oxytropis megalantha,Oxytropis megalantha,レブンソウ,維管束植物,,絶滅危惧ⅠＡ類（CR）,,,moe_redlist,GBIFへの照会自体が未実施（gbif_taxon_key欠落・gbif_match_type=NULL）
oxytropis retusa,Oxytropis retusa,ヒダカミヤマノエンドウ,維管束植物,,絶滅危惧Ⅱ類（VU）,,,moe_redlist,GBIFへの照会自体が未実施（gbif_taxon_key欠落・gbif_match_type=NULL）
oxytropis shokanbetsuensis,Oxytropis shokanbetsuensis,マシケゲンゲ,維管束植物,,絶滅危惧ⅠB類（EN）,,,moe_redlist,GBIFへの照会自体が未実施（gbif_taxon_key欠落・gbif_match_type=NULL）
oxytrypia orbiculosa,Oxytrypia orbiculosa,ミヨタトラヨトウ,昆虫類,,絶滅危惧IA類（CR）,,,moe_redlist,GBIFへの照会自体が未実施（gbif_taxon_key欠落・gbif_match_type=NULL）
oxyurichthys takagi,Oxyurichthys takagi,シマサルハゼ,汽水・淡水魚類,,絶滅危惧IA類（CR）,,,moe_redlist,GBIFへの照会自体が未実施（gbif_taxon_key欠落・gbif_match_type=NULL）
ozobranchus jantseanus,Ozobranchus jantseanus,ヌマエラビル,その他無脊椎動物,,情報不足（DD）,,,moe_redlist,GBIFへの照会自体が未実施（gbif_taxon_key欠落・gbif_match_type=NULL）
pachygrapsus fakaravensis,Pachygrapsus fakaravensis,ヨコスジイワガニ,甲殻類（海洋生物）,,情報不足（DD）,,,moe_redlist,GBIFへの照会自体が未実施（gbif_taxon_key欠落・gbif_match_type=NULL）
pachyneura fasciata,Pachyneura fasciata,モイワエゾカ,昆虫類,,情報不足（DD）,,,moe_redlist,GBIFへの照会自体が未実施（gbif_taxon_key欠落・gbif_match_type=NULL）
pachyneuropsis perinvoluta,Pachyneuropsis perinvoluta,フチドリコゴケ,蘚苔類,,絶滅危惧ⅠB類（EN）,,,moe_redlist,GBIFへの照会自体が未実施（gbif_taxon_key欠落・gbif_match_type=NULL）
pacificella rucuana,Pacificella rucuana,リュウキュウノミガイ,貝類,,準絶滅危惧（NT）,,,moe_redlist,GBIFへの照会自体が未実施（gbif_taxon_key欠落・gbif_match_type=NULL）
padus nakatakei,Padus nakatakei,モロツカウワミズザクラ,維管束植物,,絶滅危惧ⅠＡ類（CR）,,,moe_redlist,GBIFへの照会自体が未実施（gbif_taxon_key欠落・gbif_match_type=NULL）
paeonia japonica,Paeonia japonica,ヤマシャクヤク,維管束植物,,準絶滅危惧（NT）,,,moe_redlist,GBIFへの照会自体が未実施（gbif_taxon_key欠落・gbif_match_type=NULL）
paeonia obovata,Paeonia obovata,ベニバナヤマシャクヤク,維管束植物,,絶滅危惧Ⅱ類（VU）,,,moe_redlist,GBIFへの照会自体が未実施（gbif_taxon_key欠落・gbif_match_type=NULL）
paepalanthus kanaii,Paepalanthus kanaii,オクトネホシクサ,維管束植物,,情報不足（DD）,,,moe_redlist,GBIFへの照会自体が未実施（gbif_taxon_key欠落・gbif_match_type=NULL）
pagurus angustus,Pagurus angustus,キカイホンヤドカリ,甲殻類（海洋生物）,,情報不足（DD）,,,moe_redlist,GBIFへの照会自体が未実施（gbif_taxon_key欠落・gbif_match_type=NULL）
pagurus nigrofascia,Pagurus nigrofascia,ヨモギホンヤドカリ,甲殻類（海洋生物）,,準絶滅危惧（NT）,,,moe_redlist,GBIFへの照会自体が未実施（gbif_taxon_key欠落・gbif_match_type=NULL）
palaemon ogasawaraensis,Palaemon ogasawaraensis,オガサワラコテナガエビ,その他無脊椎動物,,絶滅危惧II類（VU）,,,moe_redlist,GBIFへの照会自体が未実施（gbif_taxon_key欠落・gbif_match_type=NULL）
palisada robusta,Palisada robusta,タカサゴソゾ,藻類,,情報不足（DD）,,,moe_redlist,GBIFへの照会自体が未実施（gbif_taxon_key欠落・gbif_match_type=NULL）
palisadula katoi,Palisadula katoi,カトウゴケ,蘚苔類,,準絶滅危惧（NT）,,,moe_redlist,GBIFへの照会自体が未実施（gbif_taxon_key欠落・gbif_match_type=NULL）
paliurus ramosissimus,Paliurus ramosissimus,ハマナツメ,維管束植物,,準絶滅危惧（NT）,,,moe_redlist,GBIFへの照会自体が未実施（gbif_taxon_key欠落・gbif_match_type=NULL）
paludicola periploca,Paludicola periploca,ミナミホソカワモズク,藻類,,情報不足（DD）,,,moe_redlist,GBIFへの照会自体が未実施（gbif_taxon_key欠落・gbif_match_type=NULL）
paludicola turfosa,Paludicola turfosa,ホソカワモズク,藻類,,準絶滅危惧（NT）,,,moe_redlist,GBIFへの照会自体が未実施（gbif_taxon_key欠落・gbif_match_type=NULL）
panchala ganesa loomisi,Panchala ganesa loomisi,ルーミスシジミ,昆虫類,,絶滅危惧II類（VU）,,,moe_redlist,GBIFへの照会自体が未実施（gbif_taxon_key欠落・gbif_match_type=NULL）
pandaka lidwilli,Pandaka lidwilli,マングローブゴマハゼ,汽水・淡水魚類,,絶滅危惧II類（VU）,,,moe_redlist,GBIFへの照会自体が未実施（gbif_taxon_key欠落・gbif_match_type=NULL）
pandaka sp.,Pandaka sp.,ゴマハゼ,汽水・淡水魚類,,絶滅危惧II類（VU）,,,moe_redlist,GBIFへの照会自体が未実施（gbif_taxon_key欠落・gbif_match_type=NULL）
pandalopsis pacifica,Pandalopsis pacifica,ミツクリエビ,甲殻類（海洋生物）,,情報不足（DD）,,,moe_redlist,GBIFへの照会自体が未実施（gbif_taxon_key欠落・gbif_match_type=NULL）
pandanus daitoensis,Pandanus daitoensis,ホソミアダン,維管束植物,,絶滅危惧ⅠＡ類（CR）,,,moe_redlist,GBIFへの照会自体が未実施（gbif_taxon_key欠落・gbif_match_type=NULL）
panicum dichotomiflorum,Panicum dichotomiflorum,オオクサキビ,植物,,,その他の総合対策外来種,,moe_ias_list,GBIFへの照会自体が未実施（gbif_taxon_key欠落・gbif_match_type=NULL）
panicum maximum,Panicum maximum,ギネアキビ（ギニアグラス、ギニアキビ、イヌキビ）,植物,,,適切な管理が必要な産業上重要な外来種（産業管理外来種）,,moe_ias_list,GBIFへの照会自体が未実施（gbif_taxon_key欠落・gbif_match_type=NULL）
panicum paludosum,Panicum paludosum,オオヌカキビ,維管束植物,,絶滅危惧ⅠＡ類（CR）,,,moe_redlist,GBIFへの照会自体が未実施（gbif_taxon_key欠落・gbif_match_type=NULL）
panorpa amamiensis,Panorpa amamiensis,アマミシリアゲ,昆虫類,,情報不足（DD）,,,moe_redlist,GBIFへの照会自体が未実施（gbif_taxon_key欠落・gbif_match_type=NULL）
panorpa globulifera,Panorpa globulifera,シコクミスジシリアゲ,昆虫類,,情報不足（DD）,,,moe_redlist,GBIFへの照会自体が未実施（gbif_taxon_key欠落・gbif_match_type=NULL）
panorpa hiurai,Panorpa hiurai,ヒウラシリアゲ,昆虫類,,情報不足（DD）,,,moe_redlist,GBIFへの照会自体が未実施（gbif_taxon_key欠落・gbif_match_type=NULL）
papaver bracteatum,Papaver bracteatum,ハカマオニゲシ（ボタンゲシ）,植物,,,その他の総合対策外来種,,moe_ias_list,GBIFへの照会自体が未実施（gbif_taxon_key欠落・gbif_match_type=NULL）
papaver fauriei,Papaver fauriei,リシリヒナゲシ,維管束植物,,絶滅危惧ⅠB類（EN）,,,moe_redlist,GBIFへの照会自体が未実施（gbif_taxon_key欠落・gbif_match_type=NULL）
papaver somniferum ssp. setigerum,Papaver somniferum ssp. setigerum,アツミゲシ,植物,,,その他の総合対策外来種,,moe_ias_list,GBIFへの照会自体が未実施（gbif_taxon_key欠落・gbif_match_type=NULL）
papillidiopsis macrosticta,Papillidiopsis macrosticta,ハシボソゴケ,蘚苔類,,絶滅危惧Ⅱ類（VU）,,,moe_redlist,GBIFへの照会自体が未実施（gbif_taxon_key欠落・gbif_match_type=NULL）
papyriscala clementia,Papyriscala clementia,クレハガイ,貝類,,準絶滅危惧（NT）,,,moe_redlist,GBIFへの照会自体が未実施（gbif_taxon_key欠落・gbif_match_type=NULL）
papyriscala lyra,Papyriscala lyra,ハブタエセキモリ,貝類,,準絶滅危惧（NT）,,,moe_redlist,GBIFへの照会自体が未実施（gbif_taxon_key欠落・gbif_match_type=NULL）
papyriscala yokoyamai,Papyriscala yokoyamai,セキモリ,貝類,,準絶滅危惧（NT）,,,moe_redlist,GBIFへの照会自体が未実施（gbif_taxon_key欠落・gbif_match_type=NULL）
parabatozonus hakodadi,Parabatozonus hakodadi,フタモンベッコウ,昆虫類,,準絶滅危惧（NT）,,,moe_redlist,GBIFへの照会自体が未実施（gbif_taxon_key欠落・gbif_match_type=NULL）
parabembras curtus,Parabembras curtus,ウバゴチ,魚類（海洋生物）,,準絶滅危惧（NT）,,,moe_redlist,GBIFへの照会自体が未実施（gbif_taxon_key欠落・gbif_match_type=NULL）
paraborniola matsumotoi,Paraborniola matsumotoi,マツモトウロコガイ,貝類,,準絶滅危惧（NT）,,,moe_redlist,GBIFへの照会自体が未実施（gbif_taxon_key欠落・gbif_match_type=NULL）
paracalliope dichotomus,Paracalliope dichotomus,シオカワヨコエビ,その他無脊椎動物,,準絶滅危惧（NT）,,,moe_redlist,GBIFへの照会自体が未実施（gbif_taxon_key欠落・gbif_match_type=NULL）
paracercion plagiosum,Paracercion plagiosum,オオセスジイトトンボ,昆虫類,,絶滅危惧IB類（EN）,,,moe_redlist,GBIFへの照会自体が未実施（gbif_taxon_key欠落・gbif_match_type=NULL）
paracymoriza vagalis,Paracymoriza vagalis,カワゴケミズメイガ,昆虫類,,準絶滅危惧（NT）,,,moe_redlist,GBIFへの照会自体が未実施（gbif_taxon_key欠落・gbif_match_type=NULL）
paracyphononyx alienus,Paracyphononyx alienus,アオスジベッコウ,昆虫類,,情報不足（DD）,,,moe_redlist,GBIFへの照会自体が未実施（gbif_taxon_key欠落・gbif_match_type=NULL）
paraegista apoiensis,Paraegista apoiensis,アポイマイマイ,貝類,,絶滅危惧II類（VU）,,,moe_redlist,GBIFへの照会自体が未実施（gbif_taxon_key欠落・gbif_match_type=NULL）
paraegista takahidei,Paraegista takahidei,タカヒデマイマイ,貝類,,絶滅危惧II類（VU）,,,moe_redlist,GBIFへの照会自体が未実施（gbif_taxon_key欠落・gbif_match_type=NULL）
paragobiodon echinocephalus,Paragobiodon echinocephalus,ダルマハゼ,魚類（海洋生物）,,準絶滅危惧（NT）,,,moe_redlist,GBIFへの照会自体が未実施（gbif_taxon_key欠落・gbif_match_type=NULL）
paragobiodon kasaii,Paragobiodon kasaii,カサイダルマハゼ,魚類（海洋生物）,,準絶滅危惧（NT）,,,moe_redlist,GBIFへの照会自体が未実施（gbif_taxon_key欠落・gbif_match_type=NULL）
paragobiodon lacunicolus,Paragobiodon lacunicolus,パンダダルマハゼ,魚類（海洋生物）,,準絶滅危惧（NT）,,,moe_redlist,GBIFへの照会自体が未実施（gbif_taxon_key欠落・gbif_match_type=NULL）
paragobiodon xanthosomus,Paragobiodon xanthosomus,アカネダルマハゼ,魚類（海洋生物）,,準絶滅危惧（NT）,,,moe_redlist,GBIFへの照会自体が未実施（gbif_taxon_key欠落・gbif_match_type=NULL）
paragobiodonmelanosomus,Paragobiodonmelanosomus,クロダルマハゼ,魚類（海洋生物）,,準絶滅危惧（NT）,,,moe_redlist,GBIFへの照会自体が未実施（gbif_taxon_key欠落・gbif_match_type=NULL）
paragobiodonmodestus,Paragobiodonmodestus,ヨゴレダルマハゼ,魚類（海洋生物）,,準絶滅危惧（NT）,,,moe_redlist,GBIFへの照会自体が未実施（gbif_taxon_key欠落・gbif_match_type=NULL）
parakaliella acutanguloides,Parakaliella acutanguloides,トガリキビ,貝類,,情報不足（DD）,,,moe_redlist,GBIFへの照会自体が未実施（gbif_taxon_key欠落・gbif_match_type=NULL）
parakaliella affinis,Parakaliella affinis,エゾキビ,貝類,,情報不足（DD）,,,moe_redlist,GBIFへの照会自体が未実施（gbif_taxon_key欠落・gbif_match_type=NULL）
parakaliella austeniana,Parakaliella austeniana,オオステンキビ,貝類,,絶滅危惧I類（CR+EN）,,,moe_redlist,GBIFへの照会自体が未実施（gbif_taxon_key欠落・gbif_match_type=NULL）
parakaliella bimaris,Parakaliella bimaris,マルキビ,貝類,,情報不足（DD）,,,moe_redlist,GBIFへの照会自体が未実施（gbif_taxon_key欠落・gbif_match_type=NULL）
parakaliella hachijoensis,Parakaliella hachijoensis,ハチジョウキビ,貝類,,情報不足（DD）,,,moe_redlist,GBIFへの照会自体が未実施（gbif_taxon_key欠落・gbif_match_type=NULL）
parakaliella higashiyamana,Parakaliella higashiyamana,アワキビ,貝類,,情報不足（DD）,,,moe_redlist,GBIFへの照会自体が未実施（gbif_taxon_key欠落・gbif_match_type=NULL）
parakaliella hizenensis,Parakaliella hizenensis,ヒゼンキビ,貝類,,準絶滅危惧（NT）,,,moe_redlist,GBIFへの照会自体が未実施（gbif_taxon_key欠落・gbif_match_type=NULL）
parakaliella kikaigashimae,Parakaliella kikaigashimae,キカイキビ,貝類,,絶滅危惧I類（CR+EN）,,,moe_redlist,GBIFへの照会自体が未実施（gbif_taxon_key欠落・gbif_match_type=NULL）
parakaliella okiana,Parakaliella okiana,オキキビ,貝類,,情報不足（DD）,,,moe_redlist,GBIFへの照会自体が未実施（gbif_taxon_key欠落・gbif_match_type=NULL）
parakaliella pagoduloides,Parakaliella pagoduloides,ヒメハリマキビ,貝類,,準絶滅危惧（NT）,,,moe_redlist,GBIFへの照会自体が未実施（gbif_taxon_key欠落・gbif_match_type=NULL）
parakaliella ruida,Parakaliella ruida,スジキビ,貝類,,準絶滅危惧（NT）,,,moe_redlist,GBIFへの照会自体が未実施（gbif_taxon_key欠落・gbif_match_type=NULL）
paramoguai pyriforme,Paramoguai pyriforme,ヨウナシカワスナガニ,その他無脊椎動物,,準絶滅危惧（NT）,,,moe_redlist,GBIFへの照会自体が未実施（gbif_taxon_key欠落・gbif_match_type=NULL）
paraonchidium fungiforme,Paraonchidium fungiforme,キボシアワモチ,貝類,,絶滅危惧II類（VU）,,,moe_redlist,GBIFへの照会自体が未実施（gbif_taxon_key欠落・gbif_match_type=NULL）
paraonchidium keiense,Paraonchidium keiense,ヒメキボシアワモチ,貝類,,絶滅危惧II類（VU）,,,moe_redlist,GBIFへの照会自体が未実施（gbif_taxon_key欠落・gbif_match_type=NULL）
parapenaeopsis cornuta,Parapenaeopsis cornuta,チクゴエビ,甲殻類（海洋生物）,,準絶滅危惧（NT）,,,moe_redlist,GBIFへの照会自体が未実施（gbif_taxon_key欠落・gbif_match_type=NULL）
paraphyllophila confusa,Paraphyllophila confusa,ミスズコヤガ,昆虫類,,絶滅危惧IB類（EN）,,,moe_redlist,GBIFへの照会自体が未実施（gbif_taxon_key欠落・gbif_match_type=NULL）
parapoynx ussuriensis,Parapoynx ussuriensis,ムナカタミズメイガ,昆虫類,,準絶滅危惧（NT）,,,moe_redlist,GBIFへの照会自体が未実施（gbif_taxon_key欠落・gbif_match_type=NULL）
pararrhynchium oceanicum miyanoi,Pararrhynchium oceanicum miyanoi,ツヤカバフドロバチ母島亜種,昆虫類,,絶滅危惧II類（VU）,,,moe_redlist,GBIFへの照会自体が未実施（gbif_taxon_key欠落・gbif_match_type=NULL）
pararrhynchium tsunekii,Pararrhynchium tsunekii,アマミカバフドロバチ,昆虫類,,準絶滅危惧（NT）,,,moe_redlist,GBIFへの照会自体が未実施（gbif_taxon_key欠落・gbif_match_type=NULL）
parasenecio auriculata var. bulbifera,Parasenecio auriculata var. bulbifera,コモチミミコウモリ,維管束植物,,準絶滅危惧（NT）,,,moe_redlist,GBIFへの照会自体が未実施（gbif_taxon_key欠落・gbif_match_type=NULL）
parasenecio farfarifolius var. acerinus,Parasenecio farfarifolius var. acerinus,ミヤマコウモリソウ,維管束植物,,絶滅危惧ⅠB類（EN）,,,moe_redlist,GBIFへの照会自体が未実施（gbif_taxon_key欠落・gbif_match_type=NULL）
parasenecio hastatus subsp. orientalis var. nantaicus,Parasenecio hastatus subsp. orientalis var. nantaicus,ニッコウコウモリ,維管束植物,,絶滅危惧ⅠＡ類（CR）,,,moe_redlist,GBIFへの照会自体が未実施（gbif_taxon_key欠落・gbif_match_type=NULL）
parasenecio ogamontanus,Parasenecio ogamontanus,オガコウモリ,維管束植物,,絶滅危惧Ⅱ類（VU）,,,moe_redlist,GBIFへの照会自体が未実施（gbif_taxon_key欠落・gbif_match_type=NULL）
parasenecio shikokianus,Parasenecio shikokianus,ヒメコウモリソウ,維管束植物,,絶滅危惧ⅠB類（EN）,,,moe_redlist,GBIFへの照会自体が未実施（gbif_taxon_key欠落・gbif_match_type=NULL）
parasenecio yakusimensis,Parasenecio yakusimensis,ヤクシマコウモリ,維管束植物,,準絶滅危惧（NT）,,,moe_redlist,GBIFへの照会自体が未実施（gbif_taxon_key欠落・gbif_match_type=NULL）
parasesarma affine,Parasesarma affine,クシテガニ,甲殻類（海洋生物）,,準絶滅危惧（NT）,,,moe_redlist,GBIFへの照会自体が未実施（gbif_taxon_key欠落・gbif_match_type=NULL）
parasesarma tripectinis,Parasesarma tripectinis,ユビアカベンケイガニ,甲殻類（海洋生物）,,準絶滅危惧（NT）,,,moe_redlist,GBIFへの照会自体が未実施（gbif_taxon_key欠落・gbif_match_type=NULL）
parasongella japonica,Parasongella japonica,オチバコオロギ,昆虫類,,情報不足（DD）,,,moe_redlist,GBIFへの照会自体が未実施（gbif_taxon_key欠落・gbif_match_type=NULL）
parastrangalis ishigakiensis,Parastrangalis ishigakiensis,ヤエヤマクロスジホソハナカミキリ,昆虫類,,情報不足（DD）,,,moe_redlist,GBIFへの照会自体が未実施（gbif_taxon_key欠落・gbif_match_type=NULL）
paratachys gyotokuensis,Paratachys gyotokuensis,ギョウトクコミズギワゴミムシ,昆虫類,,絶滅危惧II類（VU）,,,moe_redlist,GBIFへの照会自体が未実施（gbif_taxon_key欠落・gbif_match_type=NULL）
paratectonatica tigrina,Paratectonatica tigrina,ゴマフダマ,貝類,,絶滅危惧I類（CR+EN）,,,moe_redlist,GBIFへの照会自体が未実施（gbif_taxon_key欠落・gbif_match_type=NULL）
paratrypaea bouvieri,Paratrypaea bouvieri,ブビエスナモグリ,甲殻類（海洋生物）,,情報不足（DD）,,,moe_redlist,GBIFへの照会自体が未実施（gbif_taxon_key欠落・gbif_match_type=NULL）
paratrypauchen sp. (microcephalus-type),Paratrypauchen sp. (microcephalus-type),アカウオ（microcephalus 型）,魚類（海洋生物）,,準絶滅危惧（NT）,,,moe_redlist,GBIFへの照会自体が未実施（gbif_taxon_key欠落・gbif_match_type=NULL）
paratrypauchen sp. (wakae-type),Paratrypauchen sp. (wakae-type),アカウオ（wakae 型）,魚類（海洋生物）,,準絶滅危惧（NT）,,,moe_redlist,GBIFへの照会自体が未実施（gbif_taxon_key欠落・gbif_match_type=NULL）
parenchelyurus hepburni,Parenchelyurus hepburni,カラスギンポ,魚類（海洋生物）,,情報不足（DD）,,,moe_redlist,GBIFへの照会自体が未実施（gbif_taxon_key欠落・gbif_match_type=NULL）
parietaria micrantha var. coreana,Parietaria micrantha var. coreana,タチゲヒカゲミズ,維管束植物,,絶滅危惧Ⅱ類（VU）,,,moe_redlist,GBIFへの照会自体が未実施（gbif_taxon_key欠落・gbif_match_type=NULL）
parioglossus caeruleolineatus,Parioglossus caeruleolineatus,クジャクハゼ,汽水・淡水魚類,,情報不足（DD）,,,moe_redlist,GBIFへの照会自体が未実施（gbif_taxon_key欠落・gbif_match_type=NULL）
parioglossus interruptus,Parioglossus interruptus,ヒメサツキハゼ,汽水・淡水魚類,,絶滅危惧IA類（CR）,,,moe_redlist,GBIFへの照会自体が未実施（gbif_taxon_key欠落・gbif_match_type=NULL）
parioglossus lineatus,Parioglossus lineatus,マイコハゼ,汽水・淡水魚類,,情報不足（DD）,,,moe_redlist,GBIFへの照会自体が未実施（gbif_taxon_key欠落・gbif_match_type=NULL）
parioglossus palustris,Parioglossus palustris,ボルネオハゼ,汽水・淡水魚類,,絶滅危惧II類（VU）,,,moe_redlist,GBIFへの照会自体が未実施（gbif_taxon_key欠落・gbif_match_type=NULL）
parioglossus rainfordi,Parioglossus rainfordi,コビトハゼ,汽水・淡水魚類,,絶滅危惧IB類（EN）,,,moe_redlist,GBIFへの照会自体が未実施（gbif_taxon_key欠落・gbif_match_type=NULL）
parioglossus taeniatus,Parioglossus taeniatus,コマチハゼ,汽水・淡水魚類,,絶滅危惧IA類（CR）,,,moe_redlist,GBIFへの照会自体が未実施（gbif_taxon_key欠落・gbif_match_type=NULL）
parkraemeria saltator,Parkraemeria saltator,ギンポハゼ,汽水・淡水魚類,,絶滅危惧II類（VU）,,,moe_redlist,GBIFへの照会自体が未実施（gbif_taxon_key欠落・gbif_match_type=NULL）
parmelia sulcata,Parmelia sulcata,コフキカラクサゴケ,地衣類,,情報不足（DD）,,,moe_redlist,GBIFへの照会自体が未実施（gbif_taxon_key欠落・gbif_match_type=NULL）
parmotrema eciliatum,Parmotrema eciliatum,トゲナシウメノキゴケ,地衣類,,情報不足（DD）,,,moe_redlist,GBIFへの照会自体が未実施（gbif_taxon_key欠落・gbif_match_type=NULL）
parmotrema parahypotropum,Parmotrema parahypotropum,タチナミガタウメノキゴケ,地衣類,,情報不足（DD）,,,moe_redlist,GBIFへの照会自体が未実施（gbif_taxon_key欠落・gbif_match_type=NULL）
parmotrema rampoddense,Parmotrema rampoddense,コナマツゲゴケ,地衣類,,情報不足（DD）,,,moe_redlist,GBIFへの照会自体が未実施（gbif_taxon_key欠落・gbif_match_type=NULL）
parnara bada,Parnara bada,ヒメイチモンジセセリ,昆虫類,,絶滅危惧II類（VU）,,,moe_redlist,GBIFへの照会自体が未実施（gbif_taxon_key欠落・gbif_match_type=NULL）
parnara ogasawarensis,Parnara ogasawarensis,オガサワラセセリ,昆虫類,,絶滅危惧IB類（EN）,,,moe_redlist,GBIFへの照会自体が未実施（gbif_taxon_key欠落・gbif_match_type=NULL）
parnassius eversmanni daisetsuzanus,Parnassius eversmanni daisetsuzanus,ウスバキチョウ,昆虫類,,準絶滅危惧（NT）,,,moe_redlist,GBIFへの照会自体が未実施（gbif_taxon_key欠落・gbif_match_type=NULL）
parus varius namiyei,Parus varius namiyei,ナミエヤマガラ,鳥類,,絶滅危惧IB類（EN）,,,moe_redlist,GBIFへの照会自体が未実施（gbif_taxon_key欠落・gbif_match_type=NULL）
parus varius olivaceus,Parus varius olivaceus,オリイヤマガラ,鳥類,,絶滅危惧IB類（EN）,,,moe_redlist,GBIFへの照会自体が未実施（gbif_taxon_key欠落・gbif_match_type=NULL）
parus varius owstoni,Parus varius owstoni,オーストンヤマガラ,鳥類,,絶滅危惧IB類（EN）,,,moe_redlist,GBIFへの照会自体が未実施（gbif_taxon_key欠落・gbif_match_type=NULL）
paspalum dilatatum,Paspalum dilatatum,シマスズメノヒエ（ダリスグラス）,植物,,,その他の総合対策外来種,,moe_ias_list,GBIFへの照会自体が未実施（gbif_taxon_key欠落・gbif_match_type=NULL）
paspalum distichum var. distichum,Paspalum distichum var. distichum,キシュウスズメノヒエ（カリマタスズメノヒエ）,植物,,,その他の総合対策外来種,,moe_ias_list,GBIFへの照会自体が未実施（gbif_taxon_key欠落・gbif_match_type=NULL）
paspalum distichum var. indutum,Paspalum distichum var. indutum,チクゴスズメノヒエ,植物,,,重点対策外来種,,moe_ias_list,GBIFへの照会自体が未実施（gbif_taxon_key欠落・gbif_match_type=NULL）
paspalum notatum,Paspalum notatum,アメリカスズメノヒエ（バヒアグラス、オニスズメノヒエ）,植物,,,適切な管理が必要な産業上重要な外来種（産業管理外来種）,,moe_ias_list,GBIFへの照会自体が未実施（gbif_taxon_key欠落・gbif_match_type=NULL）
paspalum urvillei,Paspalum urvillei,タチスズメノヒエ（ベイジーグラス）,植物,,,その他の総合対策外来種,,moe_ias_list,GBIFへの照会自体が未実施（gbif_taxon_key欠落・gbif_match_type=NULL）
passaloecus koreanus,Passaloecus koreanus,カラトイスカバチ,昆虫類,,情報不足（DD）,,,moe_redlist,GBIFへの照会自体が未実施（gbif_taxon_key欠落・gbif_match_type=NULL）
passiflora foetida,Passiflora foetida,クサトケイソウ（パッシフローラ・フォエティダ、ワイルドパッションフルーツ）,植物,,,その他の総合対策外来種,,moe_ias_list,GBIFへの照会自体が未実施（gbif_taxon_key欠落・gbif_match_type=NULL）
patelloida conulus,Patelloida conulus,ツボミ,貝類,,準絶滅危惧（NT）,,,moe_redlist,GBIFへの照会自体が未実施（gbif_taxon_key欠落・gbif_match_type=NULL）
patrinia sibirica,Patrinia sibirica,チシマキンレイカ,維管束植物,,絶滅危惧ⅠB類（EN）,,,moe_redlist,GBIFへの照会自体が未実施（gbif_taxon_key欠落・gbif_match_type=NULL）
patrinia triloba var. kozushimensis,Patrinia triloba var. kozushimensis,シマキンレイカ,維管束植物,,絶滅危惧ⅠＡ類（CR）,,,moe_redlist,GBIFへの照会自体が未実施（gbif_taxon_key欠落・gbif_match_type=NULL）
patrinia triloba var. takeuchiana,Patrinia triloba var. takeuchiana,オオキンレイカ,維管束植物,,絶滅危惧ⅠB類（EN）,,,moe_redlist,GBIFへの照会自体が未実施（gbif_taxon_key欠落・gbif_match_type=NULL）
peblephaeus nobuoi,Peblephaeus nobuoi,ノブオフトカミキリ,昆虫類,,絶滅危惧IB類（EN）,,,moe_redlist,GBIFへの照会自体が未実施（gbif_taxon_key欠落・gbif_match_type=NULL）
pecteilis radiata,Pecteilis radiata,サギソウ,維管束植物,,準絶滅危惧（NT）,,,moe_redlist,GBIFへの照会自体が未実施（gbif_taxon_key欠落・gbif_match_type=NULL）
pectispongilla subspinosa,Pectispongilla subspinosa,ハケカイメン,その他無脊椎動物,,情報不足（DD）,,,moe_redlist,GBIFへの照会自体が未実施（gbif_taxon_key欠落・gbif_match_type=NULL）
pedicularis koidzumiana,Pedicularis koidzumiana,ベニシオガマ,維管束植物,,絶滅危惧ⅠＡ類（CR）,,,moe_redlist,GBIFへの照会自体が未実施（gbif_taxon_key欠落・gbif_match_type=NULL）
pedicularis ochiaiana,Pedicularis ochiaiana,ヤクシマシオガマ,維管束植物,,絶滅危惧Ⅱ類（VU）,,,moe_redlist,GBIFへの照会自体が未実施（gbif_taxon_key欠落・gbif_match_type=NULL）
pedicularis oederi,Pedicularis oederi,キバナシオガマ,維管束植物,,絶滅危惧ⅠB類（EN）,,,moe_redlist,GBIFへの照会自体が未実施（gbif_taxon_key欠落・gbif_match_type=NULL）
pedicularis resupinata subsp. oppositifolia var. microphylla,Pedicularis resupinata subsp. oppositifolia var. microphylla,ミカワシオガマ,維管束植物,,絶滅危惧Ⅱ類（VU）,,,moe_redlist,GBIFへの照会自体が未実施（gbif_taxon_key欠落・gbif_match_type=NULL）
pedicularis schistostegia,Pedicularis schistostegia,ネムロシオガマ,維管束植物,,絶滅危惧Ⅱ類（VU）,,,moe_redlist,GBIFへの照会自体が未実施（gbif_taxon_key欠落・gbif_match_type=NULL）
pedicularis spicata,Pedicularis spicata,ホザキシオガマ,維管束植物,,絶滅危惧ⅠＡ類（CR）,,,moe_redlist,GBIFへの照会自体が未実施（gbif_taxon_key欠落・gbif_match_type=NULL）
pedipes jouani,Pedipes jouani,ヒヅメガイ,貝類,,準絶滅危惧（NT）,,,moe_redlist,GBIFへの照会自体が未実施（gbif_taxon_key欠落・gbif_match_type=NULL）
pegophysema bialata,Pegophysema bialata,イセシラガイ,貝類,,絶滅危惧I類（CR+EN）,,,moe_redlist,GBIFへの照会自体が未実施（gbif_taxon_key欠落・gbif_match_type=NULL）
pegophysema philippiana,Pegophysema philippiana,ショウゴインツキガイ,貝類,,準絶滅危惧（NT）,,,moe_redlist,GBIFへの照会自体が未実施（gbif_taxon_key欠落・gbif_match_type=NULL）
pelagodes ogasawarensis,Pelagodes ogasawarensis,チビサザナミシロアオシャク,昆虫類,,準絶滅危惧（NT）,,,moe_redlist,GBIFへの照会自体が未実施（gbif_taxon_key欠落・gbif_match_type=NULL）
pelatantheria scolopendrifolia,Pelatantheria scolopendrifolia,ムカデラン,維管束植物,,絶滅危惧Ⅱ類（VU）,,,moe_redlist,GBIFへの照会自体が未実施（gbif_taxon_key欠落・gbif_match_type=NULL）
pellamora reflecta,Pellamora reflecta,ニセゴマツボ,貝類,,準絶滅危惧（NT）,,,moe_redlist,GBIFへの照会自体が未実施（gbif_taxon_key欠落・gbif_match_type=NULL）
pellamora sp.,Pellamora sp.,ウチノミツボ,貝類,,絶滅危惧II類（VU）,,,moe_redlist,GBIFへの照会自体が未実施（gbif_taxon_key欠落・gbif_match_type=NULL）
pellionia brevifolia,Pellionia brevifolia,アラゲサンショウソウ,維管束植物,,絶滅危惧Ⅱ類（VU）,,,moe_redlist,GBIFへの照会自体が未実施（gbif_taxon_key欠落・gbif_match_type=NULL）
pellionia yosiei,Pellionia yosiei,ナガバサンショウソウ,維管束植物,,絶滅危惧Ⅱ類（VU）,,,moe_redlist,GBIFへの照会自体が未実施（gbif_taxon_key欠落・gbif_match_type=NULL）
pelthydrus okinawanus,Pelthydrus okinawanus,オキナワマルチビガムシ,昆虫類,,情報不足（DD）,,,moe_redlist,GBIFへの照会自体が未実施（gbif_taxon_key欠落・gbif_match_type=NULL）
peltigera nigripunctata,Peltigera nigripunctata,コヒラミツメゴケ,地衣類,,準絶滅危惧（NT）,,,moe_redlist,GBIFへの照会自体が未実施（gbif_taxon_key欠落・gbif_match_type=NULL）
peltoboykinia watanabei,Peltoboykinia watanabei,ワタナベソウ,維管束植物,,絶滅危惧Ⅱ類（VU）,,,moe_redlist,GBIFへの照会自体が未実施（gbif_taxon_key欠落・gbif_match_type=NULL）
peltogasterella sensuru,Peltogasterella sensuru,和名なし,甲殻類（海洋生物）,,情報不足（DD）,,,moe_redlist,GBIFへの照会自体が未実施（gbif_taxon_key欠落・gbif_match_type=NULL）
pennisetum purpureum,Pennisetum purpureum,ナピアグラス（ネピアグラス、エレファントグラス、ペルーグラス）,植物,,,適切な管理が必要な産業上重要な外来種（産業管理外来種）,,moe_ias_list,GBIFへの照会自体が未実施（gbif_taxon_key欠落・gbif_match_type=NULL）
pentaprion longimanus,Pentaprion longimanus,タイワンサギ,魚類（海洋生物）,,情報不足（DD）,,,moe_redlist,GBIFへの照会自体が未実施（gbif_taxon_key欠落・gbif_match_type=NULL）
penthorum chinense,Penthorum chinense,タコノアシ,維管束植物,,準絶滅危惧（NT）,,,moe_redlist,GBIFへの照会自体が未実施（gbif_taxon_key欠落・gbif_match_type=NULL）
peperomia boninsimensis,Peperomia boninsimensis,シマゴショウ,維管束植物,,絶滅危惧Ⅱ類（VU）,,,moe_redlist,GBIFへの照会自体が未実施（gbif_taxon_key欠落・gbif_match_type=NULL）
peperomia japonica var. okinawensis,Peperomia japonica var. okinawensis,オキナワスナゴショウ,維管束植物,,絶滅危惧ⅠB類（EN）,,,moe_redlist,GBIFへの照会自体が未実施（gbif_taxon_key欠落・gbif_match_type=NULL）
peregrinamor gastrochaenans,Peregrinamor gastrochaenans,シマノハテマゴコロガイ,貝類,,絶滅危惧I類（CR+EN）,,,moe_redlist,GBIFへの照会自体が未実施（gbif_taxon_key欠落・gbif_match_type=NULL）
peregrinamor ohshimai,Peregrinamor ohshimai,マゴコロガイ,貝類,,準絶滅危惧（NT）,,,moe_redlist,GBIFへの照会自体が未実施（gbif_taxon_key欠落・gbif_match_type=NULL）
pericampylus formosanus,Pericampylus formosanus,ホウライツヅラフジ,維管束植物,,絶滅危惧ⅠＡ類（CR）,,,moe_redlist,GBIFへの照会自体が未実施（gbif_taxon_key欠落・gbif_match_type=NULL）
perileptus morimotoi,Perileptus morimotoi,ウミホソチビゴミムシ,昆虫類,,準絶滅危惧（NT）,,,moe_redlist,GBIFへの照会自体が未実施（gbif_taxon_key欠落・gbif_match_type=NULL）
periophthalmus modestus,Periophthalmus modestus,トビハゼ,汽水・淡水魚類,,準絶滅危惧（NT）,,,moe_redlist,GBIFへの照会自体が未実施（gbif_taxon_key欠落・gbif_match_type=NULL）
peristylus calcaratus,Peristylus calcaratus,ヒゲナガトンボ,維管束植物,,絶滅危惧ⅠＡ類（CR）,,,moe_redlist,GBIFへの照会自体が未実施（gbif_taxon_key欠落・gbif_match_type=NULL）
peristylus densus,Peristylus densus,ムカゴトンボ,維管束植物,,絶滅危惧ⅠB類（EN）,,,moe_redlist,GBIFへの照会自体が未実施（gbif_taxon_key欠落・gbif_match_type=NULL）
peristylus lacertifer var. triangularis,Peristylus lacertifer var. triangularis,タコガタサギソウ,維管束植物,,絶滅危惧ⅠＡ類（CR）,,,moe_redlist,GBIFへの照会自体が未実施（gbif_taxon_key欠落・gbif_match_type=NULL）
peritrechus femoralis,Peritrechus femoralis,ハマベナガカメムシ,昆虫類,,準絶滅危惧（NT）,,,moe_redlist,GBIFへの照会自体が未実施（gbif_taxon_key欠落・gbif_match_type=NULL）
perlodes frisonanus,Perlodes frisonanus,フライソンアミメカワゲラ,昆虫類,,準絶滅危惧（NT）,,,moe_redlist,GBIFへの照会自体が未実施（gbif_taxon_key欠落・gbif_match_type=NULL）
pernis apivorus japonicus,Pernis apivorus japonicus,ハチクマ,鳥類,,情報不足（DD）,,,moe_redlist,GBIFへの照会自体が未実施（gbif_taxon_key欠落・gbif_match_type=NULL）
peronomerus auripilis,Peronomerus auripilis,イグチケブカゴミムシ,昆虫類,,準絶滅危惧（NT）,,,moe_redlist,GBIFへの照会自体が未実施（gbif_taxon_key欠落・gbif_match_type=NULL）
persicaria capitata,Persicaria capitata,ヒメツルソバ（カンイタドリ）,植物,,,その他の総合対策外来種,,moe_ias_list,GBIFへの照会自体が未実施（gbif_taxon_key欠落・gbif_match_type=NULL）
persicaria erectominor,Persicaria erectominor,ヒメタデ,維管束植物,,情報不足（DD）,,,moe_redlist,GBIFへの照会自体が未実施（gbif_taxon_key欠落・gbif_match_type=NULL）
persicaria foliosa var. nikaii,Persicaria foliosa var. nikaii,サイコクヌカボ,維管束植物,,準絶滅危惧（NT）,,,moe_redlist,GBIFへの照会自体が未実施（gbif_taxon_key欠落・gbif_match_type=NULL）
persicaria foliosa var. paludicola,Persicaria foliosa var. paludicola,ヤナギヌカボ,維管束植物,,準絶滅危惧（NT）,,,moe_redlist,GBIFへの照会自体が未実施（gbif_taxon_key欠落・gbif_match_type=NULL）
persicaria hastatosagittata,Persicaria hastatosagittata,ナガバノウナギツカミ,維管束植物,,準絶滅危惧（NT）,,,moe_redlist,GBIFへの照会自体が未実施（gbif_taxon_key欠落・gbif_match_type=NULL）
persicaria pulchra,Persicaria pulchra,アラゲタデ,維管束植物,,絶滅危惧ⅠB類（EN）,,,moe_redlist,GBIFへの照会自体が未実施（gbif_taxon_key欠落・gbif_match_type=NULL）
persicaria taitoinsularis,Persicaria taitoinsularis,ダイトウサクラタデ,維管束植物,,絶滅危惧ⅠＡ類（CR）,,,moe_redlist,GBIFへの照会自体が未実施（gbif_taxon_key欠落・gbif_match_type=NULL）
persicaria taquetii,Persicaria taquetii,ヌカボタデ,維管束植物,,絶滅危惧Ⅱ類（VU）,,,moe_redlist,GBIFへの照会自体が未実施（gbif_taxon_key欠落・gbif_match_type=NULL）
persicaria trigonocarpa,Persicaria trigonocarpa,ホソバイヌタデ,維管束植物,,準絶滅危惧（NT）,,,moe_redlist,GBIFへの照会自体が未実施（gbif_taxon_key欠落・gbif_match_type=NULL）
pertya yakushimensis,Pertya yakushimensis,シマコウヤボウキ,維管束植物,,絶滅危惧ⅠＡ類（CR）,,,moe_redlist,GBIFへの照会自体が未実施（gbif_taxon_key欠落・gbif_match_type=NULL）
petrolisthes bifidus,Petrolisthes bifidus,ドロイワカニダマシ,甲殻類（海洋生物）,,情報不足（DD）,,,moe_redlist,GBIFへの照会自体が未実施（gbif_taxon_key欠落・gbif_match_type=NULL）
petrosavia sakuraii,Petrosavia sakuraii,サクライソウ,維管束植物,,絶滅危惧ⅠB類（EN）,,,moe_redlist,GBIFへの照会自体が未実施（gbif_taxon_key欠落・gbif_match_type=NULL）
peucedanum multivittatum var. linearilobum,Peucedanum multivittatum var. linearilobum,エゾノハクサンボウフウ,維管束植物,,絶滅危惧ⅠＡ類（CR）,,,moe_redlist,GBIFへの照会自体が未実施（gbif_taxon_key欠落・gbif_match_type=NULL）
phaeoclavulina campestris,Phaeoclavulina campestris,ササナバ,菌類,,情報不足（DD）,,,moe_redlist,GBIFへの照会自体が未実施（gbif_taxon_key欠落・gbif_match_type=NULL）
phaeographis laevigata,Phaeographis laevigata,スギノウエノモジゴケ,地衣類,,情報不足（DD）,,,moe_redlist,GBIFへの照会自体が未実施（gbif_taxon_key欠落・gbif_match_type=NULL）
phaius flavus,Phaius flavus,ガンゼキラン,維管束植物,,絶滅危惧Ⅱ類（VU）,,,moe_redlist,GBIFへの照会自体が未実施（gbif_taxon_key欠落・gbif_match_type=NULL）
phaius mishmensis,Phaius mishmensis,ヒメカクラン,維管束植物,,絶滅危惧ⅠＡ類（CR）,,,moe_redlist,GBIFへの照会自体が未実施（gbif_taxon_key欠落・gbif_match_type=NULL）
phaius tankervilleae,Phaius tankervilleae,カクチョウラン,維管束植物,,絶滅危惧Ⅱ類（VU）,,,moe_redlist,GBIFへの照会自体が未実施（gbif_taxon_key欠落・gbif_match_type=NULL）
phallus luteus,Phallus luteus,ウスキキヌガサタケ,菌類,,情報不足（DD）,,,moe_redlist,GBIFへの照会自体が未実施（gbif_taxon_key欠落・gbif_match_type=NULL）
pharaonella sieboldii,Pharaonella sieboldii,ベニガイ,貝類,,準絶滅危惧（NT）,,,moe_redlist,GBIFへの照会自体が未実施（gbif_taxon_key欠落・gbif_match_type=NULL）
phasianus soemmerringii ijimae,Phasianus soemmerringii ijimae,コシジロヤマドリ,鳥類,,準絶滅危惧（NT）,,,moe_redlist,GBIFへの照会自体が未実施（gbif_taxon_key欠落・gbif_match_type=NULL）
phedimus sikokianus,Phedimus sikokianus,ヒメキリンソウ,維管束植物,,絶滅危惧Ⅱ類（VU）,,,moe_redlist,GBIFへの照会自体が未実施（gbif_taxon_key欠落・gbif_match_type=NULL）
phellodon fuligineoalbus,Phellodon fuligineoalbus,マツバハリタケ,菌類,,準絶滅危惧（NT）,,,moe_redlist,GBIFへの照会自体が未実施（gbif_taxon_key欠落・gbif_match_type=NULL）
phenacolepas crenulata,Phenacolepas crenulata,ユキスズメ,貝類,,絶滅危惧II類（VU）,,,moe_redlist,GBIFへの照会自体が未実施（gbif_taxon_key欠落・gbif_match_type=NULL）
phenacolepas pulchella,Phenacolepas pulchella,ミヤコドリ,貝類,,準絶滅危惧（NT）,,,moe_redlist,GBIFへの照会自体が未実施（gbif_taxon_key欠落・gbif_match_type=NULL）
phenacolepas sp.,Phenacolepas sp.,ヒナユキスズメ,貝類,,準絶滅危惧（NT）,,,moe_redlist,GBIFへの照会自体が未実施（gbif_taxon_key欠落・gbif_match_type=NULL）
phenacolepas tenuisculpta,Phenacolepas tenuisculpta,タオヤメユキスズメ（ヌノメミヤコドリ）,貝類,,準絶滅危惧（NT）,,,moe_redlist,GBIFへの照会自体が未実施（gbif_taxon_key欠落・gbif_match_type=NULL）
phengaris arionides takamukui,Phengaris arionides takamukui,オオゴマシジミ,昆虫類,,準絶滅危惧（NT）,,,moe_redlist,GBIFへの照会自体が未実施（gbif_taxon_key欠落・gbif_match_type=NULL）
phengaris teleius daisensis,Phengaris teleius daisensis,ゴマシジミ中国地方・九州亜種,昆虫類,,絶滅危惧IB類（EN）,,,moe_redlist,GBIFへの照会自体が未実施（gbif_taxon_key欠落・gbif_match_type=NULL）
phengaris teleius hosonoi,Phengaris teleius hosonoi,ゴマシジミ中部高地帯亜種,昆虫類,,絶滅危惧II類（VU）,,,moe_redlist,GBIFへの照会自体が未実施（gbif_taxon_key欠落・gbif_match_type=NULL）
phengaris teleius kazamoto,Phengaris teleius kazamoto,ゴマシジミ関東・中部亜種,昆虫類,,絶滅危惧IA類（CR）,,,moe_redlist,GBIFへの照会自体が未実施（gbif_taxon_key欠落・gbif_match_type=NULL）
phengaris teleius ogumae,Phengaris teleius ogumae,ゴマシジミ北海道・東北亜種,昆虫類,,準絶滅危惧（NT）,,,moe_redlist,GBIFへの照会自体が未実施（gbif_taxon_key欠落・gbif_match_type=NULL）
philoctetes monticola,Philoctetes monticola,ミヤマツヤセイボウ,昆虫類,,情報不足（DD）,,,moe_redlist,GBIFへの照会自体が未実施（gbif_taxon_key欠落・gbif_match_type=NULL）
philyra iriomotensis,Philyra iriomotensis,イリオモテマメコブシガニ,その他無脊椎動物,,情報不足（DD）,,,moe_redlist,GBIFへの照会自体が未実施（gbif_taxon_key欠落・gbif_match_type=NULL）
philyra kanekoi,Philyra kanekoi,カネココブシガニ,その他無脊椎動物,,情報不足（DD）,,,moe_redlist,GBIFへの照会自体が未実施（gbif_taxon_key欠落・gbif_match_type=NULL）
philyra nishihirai,Philyra nishihirai,マンガルマメコブシガニ,甲殻類（海洋生物）,,情報不足（DD）,,,moe_redlist,GBIFへの照会自体が未実施（gbif_taxon_key欠落・gbif_match_type=NULL）
philyra taekoae,Philyra taekoae,アマミマメコブシガニ,その他無脊椎動物,,情報不足（DD）,,,moe_redlist,GBIFへの照会自体が未実施（gbif_taxon_key欠落・gbif_match_type=NULL）
phlegmariurus carinatus,Phlegmariurus carinatus,ボウカズラ,維管束植物,,絶滅危惧ⅠＡ類（CR）,,,moe_redlist,GBIFへの照会自体が未実施（gbif_taxon_key欠落・gbif_match_type=NULL）
phlegmariurus cryptomerinus,Phlegmariurus cryptomerinus,スギラン,維管束植物,,絶滅危惧Ⅱ類（VU）,,,moe_redlist,GBIFへの照会自体が未実施（gbif_taxon_key欠落・gbif_match_type=NULL）
phlegmariurus fargesii,Phlegmariurus fargesii,ヒモスギラン,維管束植物,,絶滅危惧ⅠＡ類（CR）,,,moe_redlist,GBIFへの照会自体が未実施（gbif_taxon_key欠落・gbif_match_type=NULL）
phlegmariurus phlegmaria,Phlegmariurus phlegmaria,ヨウラクヒバ,維管束植物,,絶滅危惧ⅠB類（EN）,,,moe_redlist,GBIFへの照会自体が未実施（gbif_taxon_key欠落・gbif_match_type=NULL）
phlegmariurus salvinioides,Phlegmariurus salvinioides,ヒメヨウラクヒバ,維管束植物,,絶滅危惧ⅠＡ類（CR）,,,moe_redlist,GBIFへの照会自体が未実施（gbif_taxon_key欠落・gbif_match_type=NULL）
phlegmariurus sieboldii,Phlegmariurus sieboldii,ヒモラン,維管束植物,,絶滅危惧ⅠB類（EN）,,,moe_redlist,GBIFへの照会自体が未実施（gbif_taxon_key欠落・gbif_match_type=NULL）
phleum pratense,Phleum pratense,オオアワガエリ（チモシー）,植物,,,適切な管理が必要な産業上重要な外来種（産業管理外来種）,,moe_ias_list,GBIFへの照会自体が未実施（gbif_taxon_key欠落・gbif_match_type=NULL）
phoca vitulina,Phoca vitulina,ゼニガタアザラシ,哺乳類,,準絶滅危惧（NT）,,,moe_redlist,GBIFへの照会自体が未実施（gbif_taxon_key欠落・gbif_match_type=NULL）
photinia serratifolia,Photinia serratifolia,オオカナメモチ,維管束植物,,絶滅危惧ⅠＡ類（CR）,,,moe_redlist,GBIFへの照会自体が未実施（gbif_taxon_key欠落・gbif_match_type=NULL）
photinia wrightiana,Photinia wrightiana,シマカナメモチ,維管束植物,,準絶滅危惧（NT）,,,moe_redlist,GBIFへの照会自体が未実施（gbif_taxon_key欠落・gbif_match_type=NULL）
phoxinus lagowskii yamamotis,Phoxinus lagowskii yamamotis,ヤマナカハヤ,汽水・淡水魚類,,情報不足（DD）,,,moe_redlist,GBIFへの照会自体が未実施（gbif_taxon_key欠落・gbif_match_type=NULL）
phoxinus perenurus sachalinensis,Phoxinus perenurus sachalinensis,ヤチウグイ,汽水・淡水魚類,,準絶滅危惧（NT）,,,moe_redlist,GBIFへの照会自体が未実施（gbif_taxon_key欠落・gbif_match_type=NULL）
phragmataecia castaneae,Phragmataecia castaneae,ハイイロボクトウ,昆虫類,,準絶滅危惧（NT）,,,moe_redlist,GBIFへの照会自体が未実施（gbif_taxon_key欠落・gbif_match_type=NULL）
phreatodytes elongatus,Phreatodytes elongatus,ギフムカシゲンゴロウ,昆虫類,,絶滅危惧IB類（EN）,,,moe_redlist,GBIFへの照会自体が未実施（gbif_taxon_key欠落・gbif_match_type=NULL）
phreatodytes haibaraensis,Phreatodytes haibaraensis,ハイバラムカシゲンゴロウ,昆虫類,,情報不足（DD）,,,moe_redlist,GBIFへの照会自体が未実施（gbif_taxon_key欠落・gbif_match_type=NULL）
phreatodytes latiusculus,Phreatodytes latiusculus,カガミムカシゲンゴロウ,昆虫類,,絶滅危惧IB類（EN）,,,moe_redlist,GBIFへの照会自体が未実施（gbif_taxon_key欠落・gbif_match_type=NULL）
phreatodytes relictus,Phreatodytes relictus,ムカシゲンゴロウ,昆虫類,,情報不足（DD）,,,moe_redlist,GBIFへの照会自体が未実施（gbif_taxon_key欠落・gbif_match_type=NULL）
phreatodytes sublimbatus,Phreatodytes sublimbatus,トサムカシゲンゴロウ,昆虫類,,絶滅危惧IB類（EN）,,,moe_redlist,GBIFへの照会自体が未実施（gbif_taxon_key欠落・gbif_match_type=NULL）
phyla canescens,Phyla canescens,ヒメイワダレソウ（ヒメイワダレ）,植物,,,重点対策外来種,,moe_ias_list,GBIFへの照会自体が未実施（gbif_taxon_key欠落・gbif_match_type=NULL）
phyllanthus liukiuensis,Phyllanthus liukiuensis,ハナコミカンボク,維管束植物,,絶滅危惧ⅠB類（EN）,,,moe_redlist,GBIFへの照会自体が未実施（gbif_taxon_key欠落・gbif_match_type=NULL）
phyllanthus oligospermus subsp. donanensis,Phyllanthus oligospermus subsp. donanensis,ドナンコバンノキ,維管束植物,,絶滅危惧ⅠＡ類（CR）,,,moe_redlist,GBIFへの照会自体が未実施（gbif_taxon_key欠落・gbif_match_type=NULL）
phyllodium pulchellum,Phyllodium pulchellum,ウチワツナギ,維管束植物,,絶滅危惧ⅠＡ類（CR）,,,moe_redlist,GBIFへの照会自体が未実施（gbif_taxon_key欠落・gbif_match_type=NULL）
phyllognathia ceratophthalma,Phyllognathia ceratophthalma,トゲツノメエビ,甲殻類（海洋生物）,,情報不足（DD）,,,moe_redlist,GBIFへの照会自体が未実施（gbif_taxon_key欠落・gbif_match_type=NULL）
phyllognathia simplex,Phyllognathia simplex,サガミツノメエビ,甲殻類（海洋生物）,,情報不足（DD）,,,moe_redlist,GBIFへの照会自体が未実施（gbif_taxon_key欠落・gbif_match_type=NULL）
phylloscopus ijimae,Phylloscopus ijimae,イイジマムシクイ,鳥類,,絶滅危惧IB類（EN）,,,moe_redlist,GBIFへの照会自体が未実施（gbif_taxon_key欠落・gbif_match_type=NULL）
phyllospadix japonicus,Phyllospadix japonicus,エビアマモ,維管束植物,,準絶滅危惧（NT）,,,moe_redlist,GBIFへの照会自体が未実施（gbif_taxon_key欠落・gbif_match_type=NULL）
phyllostachys edulis、phyllostachys spp.,Phyllostachys edulis、Phyllostachys spp.,モウソウチクなどの竹類,植物,,,適切な管理が必要な産業上重要な外来種（産業管理外来種）,,moe_ias_list,GBIFへの照会自体が未実施（gbif_taxon_key欠落・gbif_match_type=NULL）
physaliastrum chamaesarachoides,Physaliastrum chamaesarachoides,ヤマホオズキ,維管束植物,,絶滅危惧Ⅱ類（VU）,,,moe_redlist,GBIFへの照会自体が未実施（gbif_taxon_key欠落・gbif_match_type=NULL）
physaliastrum japonicum,Physaliastrum japonicum,アオホオズキ,維管束植物,,絶滅危惧Ⅱ類（VU）,,,moe_redlist,GBIFへの照会自体が未実施（gbif_taxon_key欠落・gbif_match_type=NULL）
physatocheila distinguenda,Physatocheila distinguenda,コリヤナギグンバイ,昆虫類,,情報不足（DD）,,,moe_redlist,GBIFへの照会自体が未実施（gbif_taxon_key欠落・gbif_match_type=NULL）
physconia hokkaidensis,Physconia hokkaidensis,エゾハクフンゴケ,地衣類,,情報不足（DD）,,,moe_redlist,GBIFへの照会自体が未実施（gbif_taxon_key欠落・gbif_match_type=NULL）
phytoecia coeruleomicans,Phytoecia coeruleomicans,アオキクスイカミキリ,昆虫類,,絶滅危惧IA類（CR）,,,moe_redlist,GBIFへの照会自体が未実施（gbif_taxon_key欠落・gbif_match_type=NULL）
picea koyamae,Picea koyamae,ヤツガタケトウヒ,維管束植物,,絶滅危惧ⅠB類（EN）,,,moe_redlist,GBIFへの照会自体が未実施（gbif_taxon_key欠落・gbif_match_type=NULL）
picea maximowiczii,Picea maximowiczii,ヒメバラモミ,維管束植物,,絶滅危惧Ⅱ類（VU）,,,moe_redlist,GBIFへの照会自体が未実施（gbif_taxon_key欠落・gbif_match_type=NULL）
picoides tridactylus inouyei,Picoides tridactylus inouyei,ミユビゲラ,鳥類,,情報不足（DD）,,,moe_redlist,GBIFへの照会自体が未実施（gbif_taxon_key欠落・gbif_match_type=NULL）
pieris canidia kaolicola,Pieris canidia kaolicola,タイワンモンシロチョウ対馬・朝鮮半島亜種,昆虫類,,絶滅危惧IA類（CR）,,,moe_redlist,GBIFへの照会自体が未実施（gbif_taxon_key欠落・gbif_match_type=NULL）
pieris koidzumiana,Pieris koidzumiana,リュウキュウアセビ,維管束植物,,絶滅危惧ⅠＡ類（CR）,,,moe_redlist,GBIFへの照会自体が未実施（gbif_taxon_key欠落・gbif_match_type=NULL）
pilea microphylla,Pilea microphylla,コゴメミズ（コメバコケミズ、ピレア・ミクロフィラ）,植物,,,重点対策外来種,,moe_ias_list,GBIFへの照会自体が未実施（gbif_taxon_key欠落・gbif_match_type=NULL）
pilea swinglei,Pilea swinglei,ソハヤキミズ,維管束植物,,絶滅危惧Ⅱ類（VU）,,,moe_redlist,GBIFへの照会自体が未実施（gbif_taxon_key欠落・gbif_match_type=NULL）
pimpinella thellungiana var. gustavohegiana,Pimpinella thellungiana var. gustavohegiana,ツクシボウフウ,維管束植物,,絶滅危惧ⅠB類（EN）,,,moe_redlist,GBIFへの照会自体が未実施（gbif_taxon_key欠落・gbif_match_type=NULL）
pinalia ovata var. ovata,Pinalia ovata var. ovata,リュウキュウセッコク,維管束植物,,絶滅危惧ⅠB類（EN）,,,moe_redlist,GBIFへの照会自体が未実施（gbif_taxon_key欠落・gbif_match_type=NULL）
pinguicula ramosa,Pinguicula ramosa,コウシンソウ,維管束植物,,絶滅危惧Ⅱ類（VU）,,,moe_redlist,GBIFへの照会自体が未実施（gbif_taxon_key欠落・gbif_match_type=NULL）
pinguitellina robusta,Pinguitellina robusta,ウラキヒメザラ,貝類,,準絶滅危惧（NT）,,,moe_redlist,GBIFへの照会自体が未実施（gbif_taxon_key欠落・gbif_match_type=NULL）
pinna atropurpurea,Pinna atropurpurea,スエヒロガイ,貝類,,絶滅危惧II類（VU）,,,moe_redlist,GBIFへの照会自体が未実施（gbif_taxon_key欠落・gbif_match_type=NULL）
pinna attenuata,Pinna attenuata,ハボウキ,貝類,,準絶滅危惧（NT）,,,moe_redlist,GBIFへの照会自体が未実施（gbif_taxon_key欠落・gbif_match_type=NULL）
pinnatella makinoi,Pinnatella makinoi,キブリハネゴケ,蘚苔類,,準絶滅危惧（NT）,,,moe_redlist,GBIFへの照会自体が未実施（gbif_taxon_key欠落・gbif_match_type=NULL）
pinnixa haematosticta,Pinnixa haematosticta,アカホシマメガニ,甲殻類（海洋生物）,,準絶滅危惧（NT）,,,moe_redlist,GBIFへの照会自体が未実施（gbif_taxon_key欠落・gbif_match_type=NULL）
pinnixa sp.,Pinnixa sp.,ホンコンマメガニ,甲殻類（海洋生物）,,情報不足（DD）,,,moe_redlist,GBIFへの照会自体が未実施（gbif_taxon_key欠落・gbif_match_type=NULL）
pinus amamiana,Pinus amamiana,ヤクタネゴヨウ,維管束植物,,絶滅危惧ⅠB類（EN）,,,moe_redlist,GBIFへの照会自体が未実施（gbif_taxon_key欠落・gbif_match_type=NULL）
pinus luchuensis,Pinus luchuensis,小笠原諸島などのリュウキュウマツ（オキナワマツ）,植物,,,重点対策外来種,,moe_ias_list,GBIFへの照会自体が未実施（gbif_taxon_key欠落・gbif_match_type=NULL）
piper postelsianum,Piper postelsianum,タイヨウフウトウカズラ,維管束植物,,絶滅危惧ⅠＡ類（CR）,,,moe_redlist,GBIFへの照会自体が未実施（gbif_taxon_key欠落・gbif_match_type=NULL）
pipistrellus endoi,Pipistrellus endoi,モリアブラコウモリ,哺乳類,,絶滅危惧II類（VU）,,,moe_redlist,GBIFへの照会自体が未実施（gbif_taxon_key欠落・gbif_match_type=NULL）
piptatherum kuoi,Piptatherum kuoi,イネガヤ,維管束植物,,絶滅危惧ⅠＡ類（CR）,,,moe_redlist,GBIFへの照会自体が未実施（gbif_taxon_key欠落・gbif_match_type=NULL）
pirenella asiatica,Pirenella asiatica,ヤエヤマヘナタリ,貝類,,絶滅危惧II類（VU）,,,moe_redlist,GBIFへの照会自体が未実施（gbif_taxon_key欠落・gbif_match_type=NULL）
pirenella nipponica,Pirenella nipponica,ヘナタリ,貝類,,準絶滅危惧（NT）,,,moe_redlist,GBIFへの照会自体が未実施（gbif_taxon_key欠落・gbif_match_type=NULL）
pirenella pupiformis,Pirenella pupiformis,カワアイ,貝類,,絶滅危惧II類（VU）,,,moe_redlist,GBIFへの照会自体が未実施（gbif_taxon_key欠落・gbif_match_type=NULL）
pison argentatum hanedai,Pison argentatum hanedai,ハネダピソン,昆虫類,,情報不足（DD）,,,moe_redlist,GBIFへの照会自体が未実施（gbif_taxon_key欠落・gbif_match_type=NULL）
pison hahadzimaense,Pison hahadzimaense,ハハジマピソン,昆虫類,,絶滅危惧II類（VU）,,,moe_redlist,GBIFへの照会自体が未実施（gbif_taxon_key欠落・gbif_match_type=NULL）
pison koreense,Pison koreense,コウライピソン,昆虫類,,情報不足（DD）,,,moe_redlist,GBIFへの照会自体が未実施（gbif_taxon_key欠落・gbif_match_type=NULL）
pison oakleyi boninense,Pison oakleyi boninense,オガサワラピソン,昆虫類,,情報不足（DD）,,,moe_redlist,GBIFへの照会自体が未実施（gbif_taxon_key欠落・gbif_match_type=NULL）
pison tosawai,Pison tosawai,チチジマピソン,昆虫類,,絶滅危惧IA類（CR）,,,moe_redlist,GBIFへの照会自体が未実施（gbif_taxon_key欠落・gbif_match_type=NULL）
pitar citrinus,Pitar citrinus,ユウカゲハマグリ,貝類,,絶滅危惧II類（VU）,,,moe_redlist,GBIFへの照会自体が未実施（gbif_taxon_key欠落・gbif_match_type=NULL）
pitar limatulus,Pitar limatulus,マダライオウハマグリ,貝類,,絶滅危惧I類（CR+EN）,,,moe_redlist,GBIFへの照会自体が未実施（gbif_taxon_key欠落・gbif_match_type=NULL）
pitar lineolatus,Pitar lineolatus,ガンギハマグリ,貝類,,準絶滅危惧（NT）,,,moe_redlist,GBIFへの照会自体が未実施（gbif_taxon_key欠落・gbif_match_type=NULL）
pitar pellucidus,Pitar pellucidus,オミナエシハマグリ,貝類,,準絶滅危惧（NT）,,,moe_redlist,GBIFへの照会自体が未実施（gbif_taxon_key欠落・gbif_match_type=NULL）
pitar sulfureus,Pitar sulfureus,イオウハマグリ,貝類,,絶滅危惧II類（VU）,,,moe_redlist,GBIFへの照会自体が未実施（gbif_taxon_key欠落・gbif_match_type=NULL）
pithecops corvus ryukyuensis,Pithecops corvus ryukyuensis,リュウキュウウラボシシジミ,昆虫類,,準絶滅危惧（NT）,,,moe_redlist,GBIFへの照会自体が未実施（gbif_taxon_key欠落・gbif_match_type=NULL）
pithecops fulgens tsushimanus,Pithecops fulgens tsushimanus,ツシマウラボシシジミ,昆虫類,,絶滅危惧IA類（CR）,,,moe_redlist,GBIFへの照会自体が未実施（gbif_taxon_key欠落・gbif_match_type=NULL）
pitta brachyura nympha,Pitta brachyura nympha,ヤイロチョウ,鳥類,,情報不足（DD）,,,moe_redlist,GBIFへの照会自体が未実施（gbif_taxon_key欠落・gbif_match_type=NULL）
pittosporum beecheyi,Pittosporum beecheyi,ハハジマトベラ,維管束植物,,絶滅危惧Ⅱ類（VU）,,,moe_redlist,GBIFへの照会自体が未実施（gbif_taxon_key欠落・gbif_match_type=NULL）
pittosporum boninense var. chichijimense,Pittosporum boninense var. chichijimense,オオミノトベラ,維管束植物,,絶滅危惧ⅠB類（EN）,,,moe_redlist,GBIFへの照会自体が未実施（gbif_taxon_key欠落・gbif_match_type=NULL）
pittosporum illicioides,Pittosporum illicioides,コヤスノキ,維管束植物,,準絶滅危惧（NT）,,,moe_redlist,GBIFへの照会自体が未実施（gbif_taxon_key欠落・gbif_match_type=NULL）
pittosporum parvifolium,Pittosporum parvifolium,コバトベラ,維管束植物,,絶滅危惧ⅠＡ類（CR）,,,moe_redlist,GBIFへの照会自体が未実施（gbif_taxon_key欠落・gbif_match_type=NULL）
plagiobryum japonicum,Plagiobryum japonicum,ヒョウタンハリガネゴケ,蘚苔類,,絶滅危惧Ⅱ類（VU）,,,moe_redlist,GBIFへの照会自体が未実施（gbif_taxon_key欠落・gbif_match_type=NULL）
plagiochila fordiana,Plagiochila fordiana,サケバキハネゴケ,蘚苔類,,準絶滅危惧（NT）,,,moe_redlist,GBIFへの照会自体が未実施（gbif_taxon_key欠落・gbif_match_type=NULL）
plagiochila shangaica,Plagiochila shangaica,シャンハイハネゴケ,蘚苔類,,絶滅危惧ⅠB類（EN）,,,moe_redlist,GBIFへの照会自体が未実施（gbif_taxon_key欠落・gbif_match_type=NULL）
plagiochila vexans,Plagiochila vexans,タカネハネゴケモドキ,蘚苔類,,情報不足（DD）,,,moe_redlist,GBIFへの照会自体が未実施（gbif_taxon_key欠落・gbif_match_type=NULL）
plagiogyria koidzumii,Plagiogyria koidzumii,リュウキュウキジノオ,維管束植物,,絶滅危惧Ⅱ類（VU）,,,moe_redlist,GBIFへの照会自体が未実施（gbif_taxon_key欠落・gbif_match_type=NULL）
plagiogyria stenoptera,Plagiogyria stenoptera,シマヤマソテツ,維管束植物,,絶滅危惧ⅠＡ類（CR）,,,moe_redlist,GBIFへの照会自体が未実施（gbif_taxon_key欠落・gbif_match_type=NULL）
plagiomnium tezukae,Plagiomnium tezukae,テヅカチョウチンゴケ（アズミチョウチンゴケ）,蘚苔類,,情報不足（DD）,,,moe_redlist,GBIFへの照会自体が未実施（gbif_taxon_key欠落・gbif_match_type=NULL）
plagionotus pulcher,Plagionotus pulcher,コトラカミキリ,昆虫類,,準絶滅危惧（NT）,,,moe_redlist,GBIFへの照会自体が未実施（gbif_taxon_key欠落・gbif_match_type=NULL）
plagiothecium neckeroideum,Plagiothecium neckeroideum,オオサナダゴケ,蘚苔類,,情報不足（DD）,,,moe_redlist,GBIFへの照会自体が未実施（gbif_taxon_key欠落・gbif_match_type=NULL）
plagiothecium obtusissimum,Plagiothecium obtusissimum,マッカリタケナガゴケ,蘚苔類,,絶滅危惧ⅠB類（EN）,,,moe_redlist,GBIFへの照会自体が未実施（gbif_taxon_key欠落・gbif_match_type=NULL）
planaeschna ishigakiana ishigakiana,Planaeschna ishigakiana ishigakiana,イシガキヤンマ,昆虫類,,準絶滅危惧（NT）,,,moe_redlist,GBIFへの照会自体が未実施（gbif_taxon_key欠落・gbif_match_type=NULL）
planaeschna ishigakiana nagaminei,Planaeschna ishigakiana nagaminei,アマミヤンマ,昆虫類,,準絶滅危惧（NT）,,,moe_redlist,GBIFへの照会自体が未実施（gbif_taxon_key欠落・gbif_match_type=NULL）
planchonella boninensis,Planchonella boninensis,ムニンノキ,維管束植物,,絶滅危惧ⅠB類（EN）,,,moe_redlist,GBIFへの照会自体が未実施（gbif_taxon_key欠落・gbif_match_type=NULL）
plantago asiatica,Plantago asiatica,高山帯のオオバコ,植物,,,重点対策外来種,,moe_ias_list,GBIFへの照会自体が未実施（gbif_taxon_key欠落・gbif_match_type=NULL）
platalea leucorodia leucorodia,Platalea leucorodia leucorodia,ヘラサギ,鳥類,,絶滅危惧IB類（EN）,,,moe_redlist,GBIFへの照会自体が未実施（gbif_taxon_key欠落・gbif_match_type=NULL）
platalea minor,Platalea minor,クロツラヘラサギ,鳥類,,絶滅危惧II類（VU）,,,moe_redlist,GBIFへの照会自体が未実施（gbif_taxon_key欠落・gbif_match_type=NULL）
platambus fimbriatus,Platambus fimbriatus,キベリマメゲンゴロウ,昆虫類,,準絶滅危惧（NT）,,,moe_redlist,GBIFへの照会自体が未実施（gbif_taxon_key欠落・gbif_match_type=NULL）
platanthera amabilis,Platanthera amabilis,ヤクシマチドリ,維管束植物,,絶滅危惧ⅠＡ類（CR）,,,moe_redlist,GBIFへの照会自体が未実施（gbif_taxon_key欠落・gbif_match_type=NULL）
platanthera boninensis,Platanthera boninensis,シマツレサギソウ,維管束植物,,絶滅危惧ⅠB類（EN）,,,moe_redlist,GBIFへの照会自体が未実施（gbif_taxon_key欠落・gbif_match_type=NULL）
platanthera brevicalcarata subsp. yakumontana,Platanthera brevicalcarata subsp. yakumontana,ツクシチドリ,維管束植物,,絶滅危惧ⅠＡ類（CR）,,,moe_redlist,GBIFへの照会自体が未実施（gbif_taxon_key欠落・gbif_match_type=NULL）
platanthera chorisiana var. chorisiana,Platanthera chorisiana var. chorisiana,タカネトンボ,維管束植物,,絶滅危惧Ⅱ類（VU）,,,moe_redlist,GBIFへの照会自体が未実施（gbif_taxon_key欠落・gbif_match_type=NULL）
platanthera convallariifolia,Platanthera convallariifolia,シロウマチドリ,維管束植物,,絶滅危惧Ⅱ類（VU）,,,moe_redlist,GBIFへの照会自体が未実施（gbif_taxon_key欠落・gbif_match_type=NULL）
platanthera fuscescens,Platanthera fuscescens,ヒロハトンボソウ,維管束植物,,絶滅危惧Ⅱ類（VU）,,,moe_redlist,GBIFへの照会自体が未実施（gbif_taxon_key欠落・gbif_match_type=NULL）
platanthera hondoensis,Platanthera hondoensis,オオバナオオヤマサギソウ,維管束植物,,絶滅危惧ⅠＡ類（CR）,,,moe_redlist,GBIFへの照会自体が未実施（gbif_taxon_key欠落・gbif_match_type=NULL）
platanthera iinumae,Platanthera iinumae,イイヌマムカゴ,維管束植物,,絶滅危惧ⅠB類（EN）,,,moe_redlist,GBIFへの照会自体が未実施（gbif_taxon_key欠落・gbif_match_type=NULL）
platanthera mandarinorum subsp. hachijoensis var. amamiana,Platanthera mandarinorum subsp. hachijoensis var. amamiana,アマミトンボ,維管束植物,,絶滅危惧ⅠＡ類（CR）,,,moe_redlist,GBIFへの照会自体が未実施（gbif_taxon_key欠落・gbif_match_type=NULL）
platanthera mandarinorum subsp. hachijoensis var. masamunei,Platanthera mandarinorum subsp. hachijoensis var. masamunei,ヤクシマトンボ,維管束植物,,絶滅危惧ⅠＡ類（CR）,,,moe_redlist,GBIFへの照会自体が未実施（gbif_taxon_key欠落・gbif_match_type=NULL）
platanthera mandarinorum subsp. mandarinorum var. oreades,Platanthera mandarinorum subsp. mandarinorum var. oreades,ヤマサギソウ,維管束植物,,絶滅危惧Ⅱ類（VU）,,,moe_redlist,GBIFへの照会自体が未実施（gbif_taxon_key欠落・gbif_match_type=NULL）
platanthera okuboi,Platanthera okuboi,ハチジョウツレサギ,維管束植物,,絶滅危惧ⅠＡ類（CR）,,,moe_redlist,GBIFへの照会自体が未実施（gbif_taxon_key欠落・gbif_match_type=NULL）
platanthera sonoharae,Platanthera sonoharae,クニガミトンボソウ,維管束植物,,絶滅危惧ⅠＡ類（CR）,,,moe_redlist,GBIFへの照会自体が未実施（gbif_taxon_key欠落・gbif_match_type=NULL）
platanthera stenoglossa subsp. hottae,Platanthera stenoglossa subsp. hottae,ソハヤキトンボソウ,維管束植物,,絶滅危惧ⅠＡ類（CR）,,,moe_redlist,GBIFへの照会自体が未実施（gbif_taxon_key欠落・gbif_match_type=NULL）
platanthera stenoglossa subsp. iriomotensis,Platanthera stenoglossa subsp. iriomotensis,イリオモテトンボソウ,維管束植物,,絶滅危惧ⅠB類（EN）,,,moe_redlist,GBIFへの照会自体が未実施（gbif_taxon_key欠落・gbif_match_type=NULL）
platanthera takedae subsp. uzenensis,Platanthera takedae subsp. uzenensis,ガッサンチドリ,維管束植物,,絶滅危惧ⅠB類（EN）,,,moe_redlist,GBIFへの照会自体が未実施（gbif_taxon_key欠落・gbif_match_type=NULL）
platanthera tipuloides subsp. linearifolia,Platanthera tipuloides subsp. linearifolia,ナガバトンボソウ,維管束植物,,絶滅危惧Ⅱ類（VU）,,,moe_redlist,GBIFへの照会自体が未実施（gbif_taxon_key欠落・gbif_match_type=NULL）
platevindex sp. a,Platevindex sp. A,センベイアワモチ,貝類,,絶滅危惧I類（CR+EN）,,,moe_redlist,GBIFへの照会自体が未実施（gbif_taxon_key欠落・gbif_match_type=NULL）
platevindex sp. b,Platevindex sp. B,ゴマセンベイアワモチ,貝類,,準絶滅危惧（NT）,,,moe_redlist,GBIFへの照会自体が未実施（gbif_taxon_key欠落・gbif_match_type=NULL）
platevindex sp. c,Platevindex sp. C,ヤベガワモチ,貝類,,絶滅危惧I類（CR+EN）,,,moe_redlist,GBIFへの照会自体が未実施（gbif_taxon_key欠落・gbif_match_type=NULL）
platismatia erosa,Platismatia erosa,トゲタイワントコブシゴケ,地衣類,,情報不足（DD）,,,moe_redlist,GBIFへの照会自体が未実施（gbif_taxon_key欠落・gbif_match_type=NULL）
platomysia rugata,Platomysia rugata,オキナノエガオ,貝類,,絶滅危惧I類（CR+EN）,,,moe_redlist,GBIFへの照会自体が未実施（gbif_taxon_key欠落・gbif_match_type=NULL）
platycerus viridicuprus kanadai,Platycerus viridicuprus kanadai,キュウシュウコルリクワガタ（ニシコルリクワガタ九州亜種）,昆虫類,,絶滅危惧II類（VU）,,,moe_redlist,GBIFへの照会自体が未実施（gbif_taxon_key欠落・gbif_match_type=NULL）
platycnemis foliacea sasakii,Platycnemis foliacea sasakii,グンバイトンボ,昆虫類,,準絶滅危惧（NT）,,,moe_redlist,GBIFへの照会自体が未実施（gbif_taxon_key欠落・gbif_match_type=NULL）
platycodon grandiflorus,Platycodon grandiflorus,キキョウ,維管束植物,,準絶滅危惧（NT）,,,moe_redlist,GBIFへの照会自体が未実施（gbif_taxon_key欠落・gbif_match_type=NULL）
platygramme platyloma,Platygramme platyloma,フチヒロモジゴケ,地衣類,,情報不足（DD）,,,moe_redlist,GBIFへの照会自体が未実施（gbif_taxon_key欠落・gbif_match_type=NULL）
platygramme pseudomontagnei,Platygramme pseudomontagnei,ニセユモジゴケ,地衣類,,情報不足（DD）,,,moe_redlist,GBIFへの照会自体が未実施（gbif_taxon_key欠落・gbif_match_type=NULL）
platygramme pudica,Platygramme pudica,ウスカワフチヒロモジゴケ,地衣類,,情報不足（DD）,,,moe_redlist,GBIFへの照会自体が未実施（gbif_taxon_key欠落・gbif_match_type=NULL）
platyrhaphe hirasei hirasei,Platyrhaphe hirasei hirasei,ヒラセアツブタガイ,貝類,,絶滅危惧IB類（EN）,,,moe_redlist,GBIFへの照会自体が未実施（gbif_taxon_key欠落・gbif_match_type=NULL）
platyrhaphe hirasei nudus,Platyrhaphe hirasei nudus,ハダカアツブタガイ,貝類,,準絶滅危惧（NT）,,,moe_redlist,GBIFへの照会自体が未実施（gbif_taxon_key欠落・gbif_match_type=NULL）
platyrhaphe hirasei yaeyamaensis,Platyrhaphe hirasei yaeyamaensis,ヤエヤマヒラセアツブタガイ,貝類,,準絶滅危惧（NT）,,,moe_redlist,GBIFへの照会自体が未実施（gbif_taxon_key欠落・gbif_match_type=NULL）
platyrhaphe hirasei yonakunijimanus,Platyrhaphe hirasei yonakunijimanus,ヨナクニアツブタガイ,貝類,,準絶滅危惧（NT）,,,moe_redlist,GBIFへの照会自体が未実施（gbif_taxon_key欠落・gbif_match_type=NULL）
plautia cyanoviridis,Plautia cyanoviridis,ルリカメムシ,昆虫類,,準絶滅危惧（NT）,,,moe_redlist,GBIFへの照会自体が未実施（gbif_taxon_key欠落・gbif_match_type=NULL）
plebejus argus micrargus,Plebejus argus micrargus,ヒメシジミ本州・九州亜種,昆虫類,,準絶滅危惧（NT）,,,moe_redlist,GBIFへの照会自体が未実施（gbif_taxon_key欠落・gbif_match_type=NULL）
plebejus argyrognomon praeterinsularis,Plebejus argyrognomon praeterinsularis,ミヤマシジミ,昆虫類,,絶滅危惧IB類（EN）,,,moe_redlist,GBIFへの照会自体が未実施（gbif_taxon_key欠落・gbif_match_type=NULL）
plebejus subsolanus iburiensis,Plebejus subsolanus iburiensis,アサマシジミ北海道亜種,昆虫類,,絶滅危惧IA類（CR）,,,moe_redlist,GBIFへの照会自体が未実施（gbif_taxon_key欠落・gbif_match_type=NULL）
plebejus subsolanus yaginus,Plebejus subsolanus yaginus,アサマシジミ本州亜種,昆虫類,,絶滅危惧IB類（EN）,,,moe_redlist,GBIFへの照会自体が未実施（gbif_taxon_key欠落・gbif_match_type=NULL）
plebejus subsolanus yarigadakeanus,Plebejus subsolanus yarigadakeanus,アサマシジミ本州高地亜種,昆虫類,,絶滅危惧II類（VU）,,,moe_redlist,GBIFへの照会自体が未実施（gbif_taxon_key欠落・gbif_match_type=NULL）
plecotus sacrimontis,Plecotus sacrimontis,近畿地方以西のウサギコウモリ,哺乳類,,絶滅のおそれのある地域個体群（LP）,,,moe_redlist,GBIFへの照会自体が未実施（gbif_taxon_key欠落・gbif_match_type=NULL）
plectopylis hirasei,Plectopylis hirasei,イトカケマイマイ,貝類,,絶滅危惧I類（CR+EN）,,,moe_redlist,GBIFへの照会自体が未実施（gbif_taxon_key欠落・gbif_match_type=NULL）
plectorhinchus albovittatus,Plectorhinchus albovittatus,ダイダイコショウダイ,汽水・淡水魚類,,情報不足（DD）,,,moe_redlist,GBIFへの照会自体が未実施（gbif_taxon_key欠落・gbif_match_type=NULL）
plectorhinchus chrysotaenia,Plectorhinchus chrysotaenia,ニジコショウダイ,魚類（海洋生物）,,情報不足（DD）,,,moe_redlist,GBIFへの照会自体が未実施（gbif_taxon_key欠落・gbif_match_type=NULL）
plectorhinchus flavomaculatus,Plectorhinchus flavomaculatus,オシャレコショウダイ,魚類（海洋生物）,,情報不足（DD）,,,moe_redlist,GBIFへの照会自体が未実施（gbif_taxon_key欠落・gbif_match_type=NULL）
plectranthias altipinnatus,Plectranthias altipinnatus,チゴハナダイ,魚類（海洋生物）,,情報不足（DD）,,,moe_redlist,GBIFへの照会自体が未実施（gbif_taxon_key欠落・gbif_match_type=NULL）
pleurocoralliumelatius,Pleurocoralliumelatius,モモイロサンゴ,その他無脊椎動物（海洋生物）,,準絶滅危惧（NT）,,NONE,moe_redlist,GBIFへ照会したが一致しなかった（gbif_match_type=NONE）
pleurocoralliumkonojoi,Pleurocoralliumkonojoi,シロサンゴ,その他無脊椎動物（海洋生物）,,準絶滅危惧（NT）,,NONE,moe_redlist,GBIFへ照会したが一致しなかった（gbif_match_type=NONE）
pleurotus dryinus,Pleurotus dryinus,ツバヒラタケ,菌類,,情報不足（DD）,,,moe_redlist,GBIFへの照会自体が未実施（gbif_taxon_key欠落・gbif_match_type=NULL）
pluchea odorata,Pluchea odorata,タワダギク,植物,,,その他の総合対策外来種,,moe_ias_list,GBIFへの照会自体が未実施（gbif_taxon_key欠落・gbif_match_type=NULL）
plusilla rosalia,Plusilla rosalia,ギンモンアカヨトウ,昆虫類,,絶滅危惧II類（VU）,,,moe_redlist,GBIFへの照会自体が未実施（gbif_taxon_key欠落・gbif_match_type=NULL）
poa acroleuca var. ryukyuensis,Poa acroleuca var. ryukyuensis,オキナワミゾイチゴツナギ,維管束植物,,絶滅危惧Ⅱ類（VU）,,,moe_redlist,GBIFへの照会自体が未実施（gbif_taxon_key欠落・gbif_match_type=NULL）
poa glauca var. glauca,Poa glauca var. glauca,タカネタチイチゴツナギ,維管束植物,,絶滅危惧Ⅱ類（VU）,,,moe_redlist,GBIFへの照会自体が未実施（gbif_taxon_key欠落・gbif_match_type=NULL）
poa glauca var. kitadakensis,Poa glauca var. kitadakensis,キタダケイチゴツナギ,維管束植物,,絶滅危惧ⅠＡ類（CR）,,,moe_redlist,GBIFへの照会自体が未実施（gbif_taxon_key欠落・gbif_match_type=NULL）
poa nemoralis,Poa nemoralis,タチイチゴツナギ,維管束植物,,絶滅危惧ⅠB類（EN）,,,moe_redlist,GBIFへの照会自体が未実施（gbif_taxon_key欠落・gbif_match_type=NULL）
poa yatsugatakensis,Poa yatsugatakensis,タニイチゴツナギ,維管束植物,,情報不足（DD）,,,moe_redlist,GBIFへの照会自体が未実施（gbif_taxon_key欠落・gbif_match_type=NULL）
podothecus sachi,Podothecus sachi,トクビレ,魚類（海洋生物）,,情報不足（DD）,,,moe_redlist,GBIFへの照会自体が未実施（gbif_taxon_key欠落・gbif_match_type=NULL）
podperaea krylovii,Podperaea krylovii,ヒメコガネハイゴケ,蘚苔類,,絶滅危惧ⅠB類（EN）,,,moe_redlist,GBIFへの照会自体が未実施（gbif_taxon_key欠落・gbif_match_type=NULL）
poeantius lineatus,Poeantius lineatus,アシナガナガカメムシ,昆虫類,,準絶滅危惧（NT）,,,moe_redlist,GBIFへの照会自体が未実施（gbif_taxon_key欠落・gbif_match_type=NULL）
poecilia reticulata,Poecilia reticulata,グッピ－,魚類,,,その他の総合対策外来種,,moe_ias_list,GBIFへの照会自体が未実施（gbif_taxon_key欠落・gbif_match_type=NULL）
poecilophilides rusticola,Poecilophilides rusticola,アカマダラハナムグリ,昆虫類,,情報不足（DD）,,,moe_redlist,GBIFへの照会自体が未実施（gbif_taxon_key欠落・gbif_match_type=NULL）
pogebione bidigitatus,pogebione bidigitatus,和名なしU,甲殻類（海洋生物）,,準絶滅危惧（NT）,,,moe_redlist,GBIFへの照会自体が未実施（gbif_taxon_key欠落・gbif_match_type=NULL）
pogonatum camusii,Pogonatum camusii,ヒメハミズゴケ,蘚苔類,,準絶滅危惧（NT）,,,moe_redlist,GBIFへの照会自体が未実施（gbif_taxon_key欠落・gbif_match_type=NULL）
pogonia japonica,Pogonia japonica,トキソウ,維管束植物,,準絶滅危惧（NT）,,,moe_redlist,GBIFへの照会自体が未実施（gbif_taxon_key欠落・gbif_match_type=NULL）
pogonus itoshimaensis,Pogonus itoshimaensis,ドウイロハマベゴミムシ,昆虫類,,準絶滅危惧（NT）,,,moe_redlist,GBIFへの照会自体が未実施（gbif_taxon_key欠落・gbif_match_type=NULL）
pogonus japonicus,Pogonus japonicus,ハマベゴミムシ,昆虫類,,準絶滅危惧（NT）,,,moe_redlist,GBIFへの照会自体が未実施（gbif_taxon_key欠落・gbif_match_type=NULL）
pogostemon stellatus,Pogostemon stellatus,ミズネコノオ,維管束植物,,準絶滅危惧（NT）,,,moe_redlist,GBIFへの照会自体が未実施（gbif_taxon_key欠落・gbif_match_type=NULL）
pogostemon yatabeanus,Pogostemon yatabeanus,ミズトラノオ,維管束植物,,絶滅危惧Ⅱ類（VU）,,,moe_redlist,GBIFへの照会自体が未実施（gbif_taxon_key欠落・gbif_match_type=NULL）
pohlia drummondii,Pohlia drummondii,ツブツブヘチマゴケ,蘚苔類,,情報不足（DD）,,,moe_redlist,GBIFへの照会自体が未実施（gbif_taxon_key欠落・gbif_match_type=NULL）
polemonium caeruleum subsp. kiushianum,Polemonium caeruleum subsp. kiushianum,ハナシノブ,維管束植物,,絶滅危惧ⅠＡ類（CR）,,,moe_redlist,GBIFへの照会自体が未実施（gbif_taxon_key欠落・gbif_match_type=NULL）
polemonium caeruleum subsp. laxiflorum,Polemonium caeruleum subsp. laxiflorum,カラフトハナシノブ,維管束植物,,絶滅危惧ⅠB類（EN）,,,moe_redlist,GBIFへの照会自体が未実施（gbif_taxon_key欠落・gbif_match_type=NULL）
polemonium caeruleum subsp. laxiflorum var. paludosum,Polemonium caeruleum subsp. laxiflorum var. paludosum,クシロハナシノブ,維管束植物,,絶滅危惧Ⅱ類（VU）,,,moe_redlist,GBIFへの照会自体が未実施（gbif_taxon_key欠落・gbif_match_type=NULL）
polemonium caeruleum subsp. yezoense var. nipponicum,Polemonium caeruleum subsp. yezoense var. nipponicum,ミヤマハナシノブ,維管束植物,,絶滅危惧Ⅱ類（VU）,,,moe_redlist,GBIFへの照会自体が未実施（gbif_taxon_key欠落・gbif_match_type=NULL）
polemonium caeruleum subsp. yezoense var. yezoense,Polemonium caeruleum subsp. yezoense var. yezoense,エゾハナシノブ,維管束植物,,絶滅危惧Ⅱ類（VU）,,,moe_redlist,GBIFへの照会自体が未実施（gbif_taxon_key欠落・gbif_match_type=NULL）
polinices mellosus,Polinices mellosus,ロウイロトミガイ,貝類,,絶滅危惧II類（VU）,,,moe_redlist,GBIFへの照会自体が未実施（gbif_taxon_key欠落・gbif_match_type=NULL）
polistes japonicus japonicus,Polistes japonicus japonicus,ヤマトアシナガバチ,昆虫類,,情報不足（DD）,,,moe_redlist,GBIFへの照会自体が未実施（gbif_taxon_key欠落・gbif_match_type=NULL）
pollia secundiflora,Pollia secundiflora,サルゾコミョウガ,維管束植物,,絶滅危惧Ⅱ類（VU）,,,moe_redlist,GBIFへの照会自体が未実施（gbif_taxon_key欠落・gbif_match_type=NULL）
polyascus gregaria,Polyascus gregaria,モクズガニフクロムシ,甲殻類（海洋生物）,,情報不足（DD）,,,moe_redlist,GBIFへの照会自体が未実施（gbif_taxon_key欠落・gbif_match_type=NULL）
polyascus polygenea,Polyascus polygenea,イソガニフクロムシ,甲殻類（海洋生物）,,情報不足（DD）,,,moe_redlist,GBIFへの照会自体が未実施（gbif_taxon_key欠落・gbif_match_type=NULL）
polygala longifolia,Polygala longifolia,リュウキュウヒメハギ,維管束植物,,絶滅危惧ⅠＡ類（CR）,,,moe_redlist,GBIFへの照会自体が未実施（gbif_taxon_key欠落・gbif_match_type=NULL）
polygala polifolia,Polygala polifolia,シンチクヒメハギ,維管束植物,,絶滅危惧ⅠＡ類（CR）,,,moe_redlist,GBIFへの照会自体が未実施（gbif_taxon_key欠落・gbif_match_type=NULL）
polygala tatarinowii,Polygala tatarinowii,ヒナノキンチャク,維管束植物,,準絶滅危惧（NT）,,,moe_redlist,GBIFへの照会自体が未実施（gbif_taxon_key欠落・gbif_match_type=NULL）
polygonatum cryptanthum,Polygonatum cryptanthum,ウスギワニグチソウ,維管束植物,,絶滅危惧ⅠB類（EN）,,,moe_redlist,GBIFへの照会自体が未実施（gbif_taxon_key欠落・gbif_match_type=NULL）
polygonatum falcatum var. trichosanthum,Polygonatum falcatum var. trichosanthum,マルバオウセイ,維管束植物,,情報不足（DD）,,,moe_redlist,GBIFへの照会自体が未実施（gbif_taxon_key欠落・gbif_match_type=NULL）
polygonatum x desoulavyi,Polygonatum x desoulavyi,コウライワニグチソウ,維管束植物,,準絶滅危惧（NT）,,,moe_redlist,GBIFへの照会自体が未実施（gbif_taxon_key欠落・gbif_match_type=NULL）
polyonyx sinensis,Polyonyx sinensis,ヤドリカニダマシ,甲殻類（海洋生物）,,準絶滅危惧（NT）,,,moe_redlist,GBIFへの照会自体が未実施（gbif_taxon_key欠落・gbif_match_type=NULL）
polypodium vulgare,Polypodium vulgare,オオエゾデンダ,維管束植物,,絶滅危惧ⅠB類（EN）,,,moe_redlist,GBIFへの照会自体が未実施（gbif_taxon_key欠落・gbif_match_type=NULL）
polyptychus chinensis,Polyptychus chinensis,ハガタスズメ,昆虫類,,準絶滅危惧（NT）,,,moe_redlist,GBIFへの照会自体が未実施（gbif_taxon_key欠落・gbif_match_type=NULL）
polypylis hemisphaerula,Polypylis hemisphaerula,ヒラマキガイモドキ,貝類,,準絶滅危惧（NT）,,,moe_redlist,GBIFへの照会自体が未実施（gbif_taxon_key欠落・gbif_match_type=NULL）
polypylis usta,Polypylis usta,リュウキュウヒラマキガイモドキ,貝類,,準絶滅危惧（NT）,,,moe_redlist,GBIFへの照会自体が未実施（gbif_taxon_key欠落・gbif_match_type=NULL）
polyrhachis lamellidens,Polyrhachis lamellidens,トゲアリ,昆虫類,,絶滅危惧II類（VU）,,,moe_redlist,GBIFへの照会自体が未実施（gbif_taxon_key欠落・gbif_match_type=NULL）
polystichum atkinsonii,Polystichum atkinsonii,センジョウデンダ,維管束植物,,絶滅危惧ⅠB類（EN）,,,moe_redlist,GBIFへの照会自体が未実施（gbif_taxon_key欠落・gbif_match_type=NULL）
polystichum capillipes,Polystichum capillipes,イナデンダ,維管束植物,,準絶滅危惧（NT）,,,moe_redlist,GBIFへの照会自体が未実施（gbif_taxon_key欠落・gbif_match_type=NULL）
polystichum grandifrons,Polystichum grandifrons,キュウシュウイノデ,維管束植物,,絶滅危惧ⅠＡ類（CR）,,,moe_redlist,GBIFへの照会自体が未実施（gbif_taxon_key欠落・gbif_match_type=NULL）
polystichum lachenense,Polystichum lachenense,タカネシダ,維管束植物,,絶滅危惧ⅠＡ類（CR）,,,moe_redlist,GBIFへの照会自体が未実施（gbif_taxon_key欠落・gbif_match_type=NULL）
polystichum lonchitis,Polystichum lonchitis,ヒイラギデンダ,維管束植物,,絶滅危惧ⅠB類（EN）,,,moe_redlist,GBIFへの照会自体が未実施（gbif_taxon_key欠落・gbif_match_type=NULL）
polystichum neolobatum,Polystichum neolobatum,ヤシャイノデ,維管束植物,,絶滅危惧ⅠＡ類（CR）,,,moe_redlist,GBIFへの照会自体が未実施（gbif_taxon_key欠落・gbif_match_type=NULL）
polystichum obae,Polystichum obae,アマミデンダ,維管束植物,,絶滅危惧ⅠＡ類（CR）,,,moe_redlist,GBIFへの照会自体が未実施（gbif_taxon_key欠落・gbif_match_type=NULL）
polystichum otomasui,Polystichum otomasui,ナンピイノデ,維管束植物,,準絶滅危惧（NT）,,,moe_redlist,GBIFへの照会自体が未実施（gbif_taxon_key欠落・gbif_match_type=NULL）
polystichum piceopaleaceum,Polystichum piceopaleaceum,サクラジマイノデ,維管束植物,,絶滅危惧ⅠＡ類（CR）,,,moe_redlist,GBIFへの照会自体が未実施（gbif_taxon_key欠落・gbif_match_type=NULL）
polystichum rigens,Polystichum rigens,オニイノデ,維管束植物,,絶滅危惧Ⅱ類（VU）,,,moe_redlist,GBIFへの照会自体が未実施（gbif_taxon_key欠落・gbif_match_type=NULL）
polystichum scariosum,Polystichum scariosum,コモチイノデ,維管束植物,,絶滅危惧Ⅱ類（VU）,,,moe_redlist,GBIFへの照会自体が未実施（gbif_taxon_key欠落・gbif_match_type=NULL）
polystichum shimurae,Polystichum shimurae,シムライノデ,維管束植物,,絶滅危惧ⅠＡ類（CR）,,,moe_redlist,GBIFへの照会自体が未実施（gbif_taxon_key欠落・gbif_match_type=NULL）
polytoxus vagans,Polytoxus vagans,トゲナガユミアシサシガメ,昆虫類,,準絶滅危惧（NT）,,,moe_redlist,GBIFへの照会自体が未実施（gbif_taxon_key欠落・gbif_match_type=NULL）
polytrichum juniperinum subsp. strictum,Polytrichum juniperinum subsp. strictum,オキナスギゴケ,蘚苔類,,情報不足（DD）,,,moe_redlist,GBIFへの照会自体が未実施（gbif_taxon_key欠落・gbif_match_type=NULL）
polyura eudamippus weismanni,Polyura eudamippus weismanni,フタオチョウ,昆虫類,,準絶滅危惧（NT）,,,moe_redlist,GBIFへの照会自体が未実施（gbif_taxon_key欠落・gbif_match_type=NULL）
pomatiopsidae gen. ooyagii,Pomatiopsidae gen. ooyagii,シモキタシブキツボ,貝類,,絶滅危惧II類（VU）,,,moe_redlist,GBIFへの照会自体が未実施（gbif_taxon_key欠落・gbif_match_type=NULL）
ponera swezeyi,Ponera swezeyi,オガサワラハリアリ,昆虫類,,情報不足（DD）,,,moe_redlist,GBIFへの照会自体が未実施（gbif_taxon_key欠落・gbif_match_type=NULL）
ponerorchis graminifolia var. kurokamiana,Ponerorchis graminifolia var. kurokamiana,クロカミラン,維管束植物,,絶滅危惧ⅠＡ類（CR）,,,moe_redlist,GBIFへの照会自体が未実施（gbif_taxon_key欠落・gbif_match_type=NULL）
ponerorchis graminifolia var. nigropunctata,Ponerorchis graminifolia var. nigropunctata,サツマチドリ,維管束植物,,絶滅危惧ⅠＡ類（CR）,,,moe_redlist,GBIFへの照会自体が未実施（gbif_taxon_key欠落・gbif_match_type=NULL）
porella acutifolia subsp. acutifolia,Porella acutifolia subsp. acutifolia,トガリバクラマゴケモドキ,蘚苔類,,情報不足（DD）,,,moe_redlist,GBIFへの照会自体が未実施（gbif_taxon_key欠落・gbif_match_type=NULL）
porina kamerunensis,Porina kamerunensis,キイロホルトノキゴケ,地衣類,,情報不足（DD）,,,moe_redlist,GBIFへの照会自体が未実施（gbif_taxon_key欠落・gbif_match_type=NULL）
porina subrubrosphaera,Porina subrubrosphaera,クロカワホルトノキゴケ,地衣類,,情報不足（DD）,,,moe_redlist,GBIFへの照会自体が未実施（gbif_taxon_key欠落・gbif_match_type=NULL）
porina trichothelioides,Porina trichothelioides,イガグリマルゴケ,地衣類,,情報不足（DD）,,,moe_redlist,GBIFへの照会自体が未実施（gbif_taxon_key欠落・gbif_match_type=NULL）
porina virescens,Porina virescens,ミドリホルトノキゴケ,地衣類,,情報不足（DD）,,,moe_redlist,GBIFへの照会自体が未実施（gbif_taxon_key欠落・gbif_match_type=NULL）
porocottus coronatus,Porocottus coronatus,カンムリフサカジカ,魚類（海洋生物）,,情報不足（DD）,,,moe_redlist,GBIFへの照会自体が未実施（gbif_taxon_key欠落・gbif_match_type=NULL）
porpoloma boninense,Porpoloma boninense,チチシマシメジ,菌類,,情報不足（DD）,,,moe_redlist,GBIFへの照会自体が未実施（gbif_taxon_key欠落・gbif_match_type=NULL）
portulaca okinawensis var. amamiensis,Portulaca okinawensis var. amamiensis,アマミマツバボタン,維管束植物,,絶滅危惧Ⅱ類（VU）,,,moe_redlist,GBIFへの照会自体が未実施（gbif_taxon_key欠落・gbif_match_type=NULL）
portulaca okinawensis var. okinawensis,Portulaca okinawensis var. okinawensis,オキナワマツバボタン,維管束植物,,絶滅危惧Ⅱ類（VU）,,,moe_redlist,GBIFへの照会自体が未実施（gbif_taxon_key欠落・gbif_match_type=NULL）
portulaca pilosa,Portulaca pilosa,ケツメクサ（ヒメマツバボタン、ケヅメグサ）,植物,,,重点対策外来種,,moe_ias_list,GBIFへの照会自体が未実施（gbif_taxon_key欠落・gbif_match_type=NULL）
portulaca psammotropha,Portulaca psammotropha,マルバケヅメクサ,維管束植物,,絶滅危惧Ⅱ類（VU）,,,moe_redlist,GBIFへの照会自体が未実施（gbif_taxon_key欠落・gbif_match_type=NULL）
potamocorbula amurensis,Potamocorbula amurensis,ヌマコダキガイ,貝類,,絶滅危惧I類（CR+EN）,,,moe_redlist,GBIFへの照会自体が未実施（gbif_taxon_key欠落・gbif_match_type=NULL）
potamogeton alpinus,Potamogeton alpinus,ホソバヒルムシロ,維管束植物,,絶滅危惧Ⅱ類（VU）,,,moe_redlist,GBIFへの照会自体が未実施（gbif_taxon_key欠落・gbif_match_type=NULL）
potamogeton berchtoldii,Potamogeton berchtoldii,イトモ,維管束植物,,準絶滅危惧（NT）,,,moe_redlist,GBIFへの照会自体が未実施（gbif_taxon_key欠落・gbif_match_type=NULL）
potamogeton cristatus,Potamogeton cristatus,コバノヒルムシロ,維管束植物,,絶滅危惧Ⅱ類（VU）,,,moe_redlist,GBIFへの照会自体が未実施（gbif_taxon_key欠落・gbif_match_type=NULL）
potamogeton lucens subsp. sinicus var. teganumensis,Potamogeton lucens subsp. sinicus var. teganumensis,ガシャモク,維管束植物,,絶滅危惧ⅠＡ類（CR）,,,moe_redlist,GBIFへの照会自体が未実施（gbif_taxon_key欠落・gbif_match_type=NULL）
potamogeton obtusifolius,Potamogeton obtusifolius,イヌイトモ,維管束植物,,絶滅危惧ⅠＡ類（CR）,,,moe_redlist,GBIFへの照会自体が未実施（gbif_taxon_key欠落・gbif_match_type=NULL）
potamogeton pectinatus,Potamogeton pectinatus,リュウノヒゲモ,維管束植物,,準絶滅危惧（NT）,,,moe_redlist,GBIFへの照会自体が未実施（gbif_taxon_key欠落・gbif_match_type=NULL）
potamogeton praelongus,Potamogeton praelongus,ナガバエビモ,維管束植物,,絶滅危惧ⅠＡ類（CR）,,,moe_redlist,GBIFへの照会自体が未実施（gbif_taxon_key欠落・gbif_match_type=NULL）
potamogeton pusillus,Potamogeton pusillus,ツツイトモ,維管束植物,,絶滅危惧Ⅱ類（VU）,,,moe_redlist,GBIFへの照会自体が未実施（gbif_taxon_key欠落・gbif_match_type=NULL）
potamogeton x nitens,Potamogeton x nitens,ササエビモ,維管束植物,,絶滅危惧Ⅱ類（VU）,,,moe_redlist,GBIFへの照会自体が未実施（gbif_taxon_key欠落・gbif_match_type=NULL）
potentilla discolor,Potentilla discolor,ツチグリ,維管束植物,,絶滅危惧Ⅱ類（VU）,,,moe_redlist,GBIFへの照会自体が未実施（gbif_taxon_key欠落・gbif_match_type=NULL）
potentilla fruticosa var. rigida,Potentilla fruticosa var. rigida,キンロバイ,維管束植物,,絶滅危惧Ⅱ類（VU）,,,moe_redlist,GBIFへの照会自体が未実施（gbif_taxon_key欠落・gbif_match_type=NULL）
potentilla matsumurae var. yuparensis,Potentilla matsumurae var. yuparensis,ユウバリキンバイ,維管束植物,,絶滅危惧ⅠB類（EN）,,,moe_redlist,GBIFへの照会自体が未実施（gbif_taxon_key欠落・gbif_match_type=NULL）
potentilla miyabei,Potentilla miyabei,メアカンキンバイ,維管束植物,,絶滅危惧Ⅱ類（VU）,,,moe_redlist,GBIFへの照会自体が未実施（gbif_taxon_key欠落・gbif_match_type=NULL）
potentilla niponica,Potentilla niponica,ヒロハノカワラサイコ,維管束植物,,絶滅危惧Ⅱ類（VU）,,,moe_redlist,GBIFへの照会自体が未実施（gbif_taxon_key欠落・gbif_match_type=NULL）
potentilla nivea var. camtschatica,Potentilla nivea var. camtschatica,ウラジロキンバイ,維管束植物,,絶滅危惧Ⅱ類（VU）,,,moe_redlist,GBIFへの照会自体が未実施（gbif_taxon_key欠落・gbif_match_type=NULL）
pothos chinensis,Pothos chinensis,ユズノハカズラ,維管束植物,,絶滅危惧ⅠＡ類（CR）,,,moe_redlist,GBIFへの照会自体が未実施（gbif_taxon_key欠落・gbif_match_type=NULL）
praetextellina praetexta,Praetextellina praetexta,オオモモノハナ,貝類,,準絶滅危惧（NT）,,,moe_redlist,GBIFへの照会自体が未実施（gbif_taxon_key欠落・gbif_match_type=NULL）
prasiola japonica,Prasiola japonica,カワノリ,藻類,,情報不足（DD）,,,moe_redlist,GBIFへの照会自体が未実施（gbif_taxon_key欠落・gbif_match_type=NULL）
primula cuneifolia var. heterodonta,Primula cuneifolia var. heterodonta,ミチノクコザクラ,維管束植物,,絶滅危惧Ⅱ類（VU）,,,moe_redlist,GBIFへの照会自体が未実施（gbif_taxon_key欠落・gbif_match_type=NULL）
primula hidakana,Primula hidakana,ヒダカイワザクラ,維管束植物,,絶滅危惧Ⅱ類（VU）,,,moe_redlist,GBIFへの照会自体が未実施（gbif_taxon_key欠落・gbif_match_type=NULL）
primula hidakana f. kamuiana,Primula hidakana f. kamuiana,カムイコザクラ,維管束植物,,絶滅危惧ⅠB類（EN）,,,moe_redlist,GBIFへの照会自体が未実施（gbif_taxon_key欠落・gbif_match_type=NULL）
primula kisoana var. kisoana,Primula kisoana var. kisoana,カッコソウ,維管束植物,,絶滅危惧ⅠB類（EN）,,,moe_redlist,GBIFへの照会自体が未実施（gbif_taxon_key欠落・gbif_match_type=NULL）
primula kisoana var. shikokiana,Primula kisoana var. shikokiana,シコクカッコソウ,維管束植物,,絶滅危惧ⅠB類（EN）,,,moe_redlist,GBIFへの照会自体が未実施（gbif_taxon_key欠落・gbif_match_type=NULL）
primula macrocarpa,Primula macrocarpa,ヒメコザクラ,維管束植物,,絶滅危惧ⅠB類（EN）,,,moe_redlist,GBIFへの照会自体が未実施（gbif_taxon_key欠落・gbif_match_type=NULL）
primula modesta subsp. modesta var. matsumurae,Primula modesta subsp. modesta var. matsumurae,レブンコザクラ,維管束植物,,絶滅危惧Ⅱ類（VU）,,,moe_redlist,GBIFへの照会自体が未実施（gbif_taxon_key欠落・gbif_match_type=NULL）
primula reinii var. kitadakensis,Primula reinii var. kitadakensis,クモイコザクラ,維管束植物,,絶滅危惧Ⅱ類（VU）,,,moe_redlist,GBIFへの照会自体が未実施（gbif_taxon_key欠落・gbif_match_type=NULL）
primula reinii var. myogiensis,Primula reinii var. myogiensis,ミョウギイワザクラ,維管束植物,,絶滅危惧ⅠB類（EN）,,,moe_redlist,GBIFへの照会自体が未実施（gbif_taxon_key欠落・gbif_match_type=NULL）
primula reinii var. reinii,Primula reinii var. reinii,コイワザクラ,維管束植物,,絶滅危惧Ⅱ類（VU）,,,moe_redlist,GBIFへの照会自体が未実施（gbif_taxon_key欠落・gbif_match_type=NULL）
primula reinii var. rhodotricha,Primula reinii var. rhodotricha,チチブイワザクラ,維管束植物,,絶滅危惧ⅠＡ類（CR）,,,moe_redlist,GBIFへの照会自体が未実施（gbif_taxon_key欠落・gbif_match_type=NULL）
primula sieboldii,Primula sieboldii,サクラソウ,維管束植物,,準絶滅危惧（NT）,,,moe_redlist,GBIFへの照会自体が未実施（gbif_taxon_key欠落・gbif_match_type=NULL）
primula sorachiana,Primula sorachiana,ソラチコザクラ,維管束植物,,絶滅危惧Ⅱ類（VU）,,,moe_redlist,GBIFへの照会自体が未実施（gbif_taxon_key欠落・gbif_match_type=NULL）
primula takedana,Primula takedana,テシオコザクラ,維管束植物,,絶滅危惧Ⅱ類（VU）,,,moe_redlist,GBIFへの照会自体が未実施（gbif_taxon_key欠落・gbif_match_type=NULL）
primula tosaensis var. brachycarpa,Primula tosaensis var. brachycarpa,シナノコザクラ,維管束植物,,準絶滅危惧（NT）,,,moe_redlist,GBIFへの照会自体が未実施（gbif_taxon_key欠落・gbif_match_type=NULL）
primula tosaensis var. tosaensis,Primula tosaensis var. tosaensis,イワザクラ,維管束植物,,準絶滅危惧（NT）,,,moe_redlist,GBIFへの照会自体が未実施（gbif_taxon_key欠落・gbif_match_type=NULL）
primula yuparensis,Primula yuparensis,ユウバリコザクラ,維管束植物,,絶滅危惧ⅠB類（EN）,,,moe_redlist,GBIFへの照会自体が未実施（gbif_taxon_key欠落・gbif_match_type=NULL）
prismognathus dauricus,Prismognathus dauricus,キンオニクワガタ,昆虫類,,準絶滅危惧（NT）,,,moe_redlist,GBIFへの照会自体が未実施（gbif_taxon_key欠落・gbif_match_type=NULL）
pristaulacus boninensis,Pristaulacus boninensis,オガサワラセダカヤセバチ,昆虫類,,準絶滅危惧（NT）,,,moe_redlist,GBIFへの照会自体が未実施（gbif_taxon_key欠落・gbif_match_type=NULL）
pristiophorus japonicus,Pristiophorus japonicus,ノコギリザメ,魚類（海洋生物）,,情報不足（DD）,,,moe_redlist,GBIFへの照会自体が未実施（gbif_taxon_key欠落・gbif_match_type=NULL）
probolomyrmex longinodus,Probolomyrmex longinodus,ホソハナナガアリ,昆虫類,,準絶滅危惧（NT）,,,moe_redlist,GBIFへの照会自体が未実施（gbif_taxon_key欠落・gbif_match_type=NULL）
probolomyrmex okinawensis,Probolomyrmex okinawensis,ハナナガアリ,昆虫類,,情報不足（DD）,,,moe_redlist,GBIFへの照会自体が未実施（gbif_taxon_key欠落・gbif_match_type=NULL）
procepon insolitum,Procepon insolitum,アナジャコヤドリムシ,甲殻類（海洋生物）,,準絶滅危惧（NT）,,,moe_redlist,GBIFへの照会自体が未実施（gbif_taxon_key欠落・gbif_match_type=NULL）
proconura yamamotoi,Proconura yamamotoi,ヤマモトアシブトコバチ,昆虫類,,準絶滅危惧（NT）,,,moe_redlist,GBIFへの照会自体が未実施（gbif_taxon_key欠落・gbif_match_type=NULL）
procris boninensis,Procris boninensis,セキモンウライソウ,維管束植物,,絶滅危惧ⅠＡ類（CR）,,,moe_redlist,GBIFへの照会自体が未実施（gbif_taxon_key欠落・gbif_match_type=NULL）
prodaticus bowringii,Prodaticus bowringii,シマゲンゴロウ,昆虫類,,準絶滅危惧（NT）,,,moe_redlist,GBIFへの照会自体が未実施（gbif_taxon_key欠落・gbif_match_type=NULL）
prodaticus vittatus,Prodaticus vittatus,オキナワスジゲンゴロウ,昆虫類,,絶滅危惧II類（VU）,,,moe_redlist,GBIFへの照会自体が未実施（gbif_taxon_key欠落・gbif_match_type=NULL）
pronodularia japanensis,Pronodularia japanensis,マツカサガイ,貝類,,準絶滅危惧（NT）,,,moe_redlist,GBIFへの照会自体が未実施（gbif_taxon_key欠落・gbif_match_type=NULL）
protodeltote wiscotti,Protodeltote wiscotti,マガリスジコヤガ,昆虫類,,絶滅危惧II類（VU）,,,moe_redlist,GBIFへの照会自体が未実施（gbif_taxon_key欠落・gbif_match_type=NULL）
protomyces pachydermus,Protomyces pachydermus,タンポポ浮腫病菌,菌類,,情報不足（DD）,,,moe_redlist,GBIFへの照会自体が未実施（gbif_taxon_key欠落・gbif_match_type=NULL）
protoplasa alexanderi,Protoplasa alexanderi,アルプスニセヒメガガンボ,昆虫類,,情報不足（DD）,,,moe_redlist,GBIFへの照会自体が未実施（gbif_taxon_key欠落・gbif_match_type=NULL）
protoplasa esakii,Protoplasa esakii,エサキニセヒメガガンボ,昆虫類,,情報不足（DD）,,,moe_redlist,GBIFへの照会自体が未実施（gbif_taxon_key欠落・gbif_match_type=NULL）
protubera borealis,Protubera borealis,ニカワショウロ,菌類,,情報不足（DD）,,,moe_redlist,GBIFへの照会自体が未実施（gbif_taxon_key欠落・gbif_match_type=NULL）
prunus hisauchiana,Prunus hisauchiana,ヤブザクラ,維管束植物,,絶滅危惧ⅠB類（EN）,,,moe_redlist,GBIFへの照会自体が未実施（gbif_taxon_key欠落・gbif_match_type=NULL）
prunus incisa var. bukosanensis,Prunus incisa var. bukosanensis,ブコウマメザクラ,維管束植物,,絶滅危惧ⅠB類（EN）,,,moe_redlist,GBIFへの照会自体が未実施（gbif_taxon_key欠落・gbif_match_type=NULL）
prunus tamaclivorum,Prunus tamaclivorum,ホシザクラ,維管束植物,,絶滅危惧ⅠB類（EN）,,,moe_redlist,GBIFへの照会自体が未実施（gbif_taxon_key欠落・gbif_match_type=NULL）
psammoperca waigiensis,Psammoperca waigiensis,アカメモドキ,魚類（海洋生物）,,準絶滅危惧（NT）,,,moe_redlist,GBIFへの照会自体が未実施（gbif_taxon_key欠落・gbif_match_type=NULL）
psammotaea inflata,Psammotaea inflata,ミナトマスオ,貝類,,絶滅危惧II類（VU）,,,moe_redlist,GBIFへの照会自体が未実施（gbif_taxon_key欠落・gbif_match_type=NULL）
psammotaea togata,Psammotaea togata,ウラジロマスオ,貝類,,準絶滅危惧（NT）,,,moe_redlist,GBIFへの照会自体が未実施（gbif_taxon_key欠落・gbif_match_type=NULL）
psammotettix kurilensis,Psammotettix kurilensis,スナヨコバイ,昆虫類,,準絶滅危惧（NT）,,,moe_redlist,GBIFへの照会自体が未実施（gbif_taxon_key欠落・gbif_match_type=NULL）
psathyropus tenuipes,Psathyropus tenuipes,ヒトハリザトウムシ,その他無脊椎動物,,準絶滅危惧（NT）,,,moe_redlist,GBIFへの照会自体が未実施（gbif_taxon_key欠落・gbif_match_type=NULL）
pselaphus lewisi,Pselaphus lewisi,ルイスアリヅカムシ,昆虫類,,情報不足（DD）,,,moe_redlist,GBIFへの照会自体が未実施（gbif_taxon_key欠落・gbif_match_type=NULL）
psen boninensis,Psen boninensis,オガサワラヨコバイバチ,昆虫類,,準絶滅危惧（NT）,,,moe_redlist,GBIFへの照会自体が未実施（gbif_taxon_key欠落・gbif_match_type=NULL）
psenulus ogasawaranus,Psenulus ogasawaranus,オガサワラマエダテバチ,昆虫類,,準絶滅危惧（NT）,,,moe_redlist,GBIFへの照会自体が未実施（gbif_taxon_key欠落・gbif_match_type=NULL）
psephactus scabripennis chichijimensis,Psephactus scabripennis chichijimensis,オガサワラコバネカミキリ父島亜種,昆虫類,,準絶滅危惧（NT）,,,moe_redlist,GBIFへの照会自体が未実施（gbif_taxon_key欠落・gbif_match_type=NULL）
psephactus scabripennis scabripennis,Psephactus scabripennis scabripennis,オガサワラコバネカミキリ母島亜種,昆虫類,,準絶滅危惧（NT）,,,moe_redlist,GBIFへの照会自体が未実施（gbif_taxon_key欠落・gbif_match_type=NULL）
pseudagrion microcephalum,Pseudagrion microcephalum,アオナガイトトンボ,昆虫類,,絶滅危惧II類（VU）,,,moe_redlist,GBIFへの照会自体が未実施（gbif_taxon_key欠落・gbif_match_type=NULL）
pseudambassis ranga,Pseudambassis ranga,インディアングラスフィッシュ,魚類,,,その他の総合対策外来種,,moe_ias_list,GBIFへの照会自体が未実施（gbif_taxon_key欠落・gbif_match_type=NULL）
pseudamia amblyuroptera,Pseudamia amblyuroptera,ヒルギヌメリテンジクダイ,汽水・淡水魚類,,情報不足（DD）,,,moe_redlist,GBIFへの照会自体が未実施（gbif_taxon_key欠落・gbif_match_type=NULL）
pseudamophilus japonicus,Pseudamophilus japonicus,ケスジドロムシ,昆虫類,,絶滅危惧II類（VU）,,,moe_redlist,GBIFへの照会自体が未実施（gbif_taxon_key欠落・gbif_match_type=NULL）
pseudanthias leucozonus,Pseudanthias leucozonus,シロオビハナダイ,魚類（海洋生物）,,情報不足（DD）,,,moe_redlist,GBIFへの照会自体が未実施（gbif_taxon_key欠落・gbif_match_type=NULL）
pseudanthias taira,Pseudanthias taira,リュウキュウハナダイ,魚類（海洋生物）,,情報不足（DD）,,,moe_redlist,GBIFへの照会自体が未実施（gbif_taxon_key欠落・gbif_match_type=NULL）
pseudanthias venator,Pseudanthias venator,クマソハナダイ,魚類（海洋生物）,,情報不足（DD）,,,moe_redlist,GBIFへの照会自体が未実施（gbif_taxon_key欠落・gbif_match_type=NULL）
pseudapocryptes elongatus,Pseudapocryptes elongatus,ホコハゼ,魚類（海洋生物）,,情報不足（DD）,,,moe_redlist,GBIFへの照会自体が未実施（gbif_taxon_key欠落・gbif_match_type=NULL）
pseudione compressa,Pseudione compressa,和名なし,甲殻類（海洋生物）,,情報不足（DD）,,,moe_redlist,GBIFへの照会自体が未実施（gbif_taxon_key欠落・gbif_match_type=NULL）
pseudiphra bicolor bicolor,Pseudiphra bicolor bicolor,フタモンアメイロカミキリ父島列島亜種,昆虫類,,絶滅危惧II類（VU）,,,moe_redlist,GBIFへの照会自体が未実施（gbif_taxon_key欠落・gbif_match_type=NULL）
pseudiphra bicolor nigripennis,Pseudiphra bicolor nigripennis,フタモンアメイロカミキリ母島列島亜種,昆虫類,,絶滅危惧IB類（EN）,,,moe_redlist,GBIFへの照会自体が未実施（gbif_taxon_key欠落・gbif_match_type=NULL）
pseudobryopsis hainanensis,Pseudobryopsis hainanensis,ハネモモドキ,藻類,,情報不足（DD）,,,moe_redlist,GBIFへの照会自体が未実施（gbif_taxon_key欠落・gbif_match_type=NULL）
pseudocalliurichthys ikedai,Pseudocalliurichthys ikedai,ナリタイトヒキヌメリ,汽水・淡水魚類,,情報不足（DD）,,,moe_redlist,GBIFへの照会自体が未実施（gbif_taxon_key欠落・gbif_match_type=NULL）
pseudocharopinus pteroplateae,Pseudocharopinus pteroplateae,ツバクロエイナガクビムシ,甲殻類（海洋生物）,,情報不足（DD）,,,moe_redlist,GBIFへの照会自体が未実施（gbif_taxon_key欠落・gbif_match_type=NULL）
pseudocyphellaria argyracea,Pseudocyphellaria argyracea,ハクテンヨロイゴケ,地衣類,,準絶滅危惧（NT）,,,moe_redlist,GBIFへの照会自体が未実施（gbif_taxon_key欠落・gbif_match_type=NULL）
pseudodaphnella leuckarti,Pseudodaphnella leuckarti,クリイロマンジ,貝類,,準絶滅危惧（NT）,,,moe_redlist,GBIFへの照会自体が未実施（gbif_taxon_key欠落・gbif_match_type=NULL）
pseudognaphalium hypoleucum,Pseudognaphalium hypoleucum,アキノハハコグサ,維管束植物,,絶滅危惧ⅠB類（EN）,,,moe_redlist,GBIFへの照会自体が未実施（gbif_taxon_key欠落・gbif_match_type=NULL）
pseudogobius gastrospilos,Pseudogobius gastrospilos,コクチスナゴハゼ,汽水・淡水魚類,,情報不足（DD）,,,moe_redlist,GBIFへの照会自体が未実施（gbif_taxon_key欠落・gbif_match_type=NULL）
pseudogobius masago,Pseudogobius masago,マサゴハゼ,汽水・淡水魚類,,絶滅危惧II類（VU）,,,moe_redlist,GBIFへの照会自体が未実施（gbif_taxon_key欠落・gbif_match_type=NULL）
pseudohelice subquadrata,Pseudohelice subquadrata,ミナミアシハラガニ,甲殻類（海洋生物）,,準絶滅危惧（NT）,,,moe_redlist,GBIFへの照会自体が未実施（gbif_taxon_key欠落・gbif_match_type=NULL）
pseudohermonassa velata,Pseudohermonassa velata,エゾクシヒゲモンヤガ,昆虫類,,絶滅危惧II類（VU）,,,moe_redlist,GBIFへの照会自体が未実施（gbif_taxon_key欠落・gbif_match_type=NULL）
pseudolepicolea andoi,Pseudolepicolea andoi,サトミヨツデゴケ,蘚苔類,,絶滅危惧ⅠB類（EN）,,,moe_redlist,GBIFへの照会自体が未実施（gbif_taxon_key欠落・gbif_match_type=NULL）
pseudoliotia asteriscus,Pseudoliotia asteriscus,ヒメシラギク（シラギクマガイ）,貝類,,絶滅危惧II類（VU）,,,moe_redlist,GBIFへの照会自体が未実施（gbif_taxon_key欠落・gbif_match_type=NULL）
pseudoliotia pulchella,Pseudoliotia pulchella,シラギク,貝類,,準絶滅危惧（NT）,,,moe_redlist,GBIFへの照会自体が未実施（gbif_taxon_key欠落・gbif_match_type=NULL）
pseudoloxops miyamotoi,Pseudoloxops miyamotoi,クヌギヒイロカスミカメ,昆虫類,,準絶滅危惧（NT）,,,moe_redlist,GBIFへの照会自体が未実施（gbif_taxon_key欠落・gbif_match_type=NULL）
pseudomphala miyazakii,Pseudomphala miyazakii,アズキカワザンショウ,貝類,,絶滅危惧II類（VU）,,,moe_redlist,GBIFへの照会自体が未実施（gbif_taxon_key欠落・gbif_match_type=NULL）
pseudonadagara hepatica,Pseudonadagara hepatica,カギバエダシャク,昆虫類,,準絶滅危惧（NT）,,,moe_redlist,GBIFへの照会自体が未実施（gbif_taxon_key欠落・gbif_match_type=NULL）
pseudonoba yendoi,Pseudonoba yendoi,イリエツボ,貝類,,絶滅危惧I類（CR+EN）,,,moe_redlist,GBIFへの照会自体が未実施（gbif_taxon_key欠落・gbif_match_type=NULL）
pseudophylus flavipes,Pseudophylus flavipes,リンゴクロカスミカメ,昆虫類,,準絶滅危惧（NT）,,,moe_redlist,GBIFへの照会自体が未実施（gbif_taxon_key欠落・gbif_match_type=NULL）
pseudopythina macrophthalmensis,Pseudopythina macrophthalmensis,オサガニヤドリガイ,貝類,,準絶滅危惧（NT）,,,moe_redlist,GBIFへの照会自体が未実施（gbif_taxon_key欠落・gbif_match_type=NULL）
pseudopythina ochetostoma,Pseudopythina ochetostoma,ナタマメケボリガイ,貝類,,準絶滅危惧（NT）,,,moe_redlist,GBIFへの照会自体が未実施（gbif_taxon_key欠落・gbif_match_type=NULL）
pseudorasbora parva,Pseudorasbora parva,東北地方などのモツゴ,魚類,,,その他の総合対策外来種,,moe_ias_list,GBIFへの照会自体が未実施（gbif_taxon_key欠落・gbif_match_type=NULL）
pseudostellaria heterantha var. linearifolia,Pseudostellaria heterantha var. linearifolia,ヒナワチガイソウ,維管束植物,,絶滅危惧Ⅱ類（VU）,,,moe_redlist,GBIFへの照会自体が未実施（gbif_taxon_key欠落・gbif_match_type=NULL）
pseudostellaria japonica,Pseudostellaria japonica,ナンブワチガイソウ,維管束植物,,絶滅危惧Ⅱ類（VU）,,,moe_redlist,GBIFへの照会自体が未実施（gbif_taxon_key欠落・gbif_match_type=NULL）
pseudostellaria sylvatica,Pseudostellaria sylvatica,クシロワチガイソウ,維管束植物,,絶滅危惧Ⅱ類（VU）,,,moe_redlist,GBIFへの照会自体が未実施（gbif_taxon_key欠落・gbif_match_type=NULL）
pseudothrix borealis,Pseudothrix borealis,ヒモヒトエグサ,藻類,,情報不足（DD）,,,moe_redlist,GBIFへの照会自体が未実施（gbif_taxon_key欠落・gbif_match_type=NULL）
pseudotrichonotus altivelis,Pseudotrichonotus altivelis,ホタテエソ,魚類（海洋生物）,,情報不足（DD）,,,moe_redlist,GBIFへの照会自体が未実施（gbif_taxon_key欠落・gbif_match_type=NULL）
pseudotsuga japonica,Pseudotsuga japonica,トガサワラ,維管束植物,,絶滅危惧Ⅱ類（VU）,,,moe_redlist,GBIFへの照会自体が未実施（gbif_taxon_key欠落・gbif_match_type=NULL）
psidium cattleianum,Psidium cattleianum,テリハバンジロウ（キバンジロウ、キバンザクロ、シマフトモモ）,植物,,,重点対策外来種,,moe_ias_list,GBIFへの照会自体が未実施（gbif_taxon_key欠落・gbif_match_type=NULL）
psilotum nudum,Psilotum nudum,マツバラン,維管束植物,,準絶滅危惧（NT）,,,moe_redlist,GBIFへの照会自体が未実施（gbif_taxon_key欠落・gbif_match_type=NULL）
psora rubiformis,Psora rubiformis,ハナビラチイ,地衣類,,情報不足（DD）,,,moe_redlist,GBIFへの照会自体が未実施（gbif_taxon_key欠落・gbif_match_type=NULL）
psychotria homalosperma,Psychotria homalosperma,オガサワラボチョウジ,維管束植物,,絶滅危惧Ⅱ類（VU）,,,moe_redlist,GBIFへの照会自体が未実施（gbif_taxon_key欠落・gbif_match_type=NULL）
pteris deltodon,Pteris deltodon,クマガワイノモトソウ,維管束植物,,準絶滅危惧（NT）,,,moe_redlist,GBIFへの照会自体が未実施（gbif_taxon_key欠落・gbif_match_type=NULL）
pteris formosana,Pteris formosana,タイワンアマクサシダ,維管束植物,,絶滅危惧ⅠB類（EN）,,,moe_redlist,GBIFへの照会自体が未実施（gbif_taxon_key欠落・gbif_match_type=NULL）
pteris grevilleana,Pteris grevilleana,アシガタシダ,維管束植物,,絶滅危惧ⅠＡ類（CR）,,,moe_redlist,GBIFへの照会自体が未実施（gbif_taxon_key欠落・gbif_match_type=NULL）
pteris kawabatae,Pteris kawabatae,カワバタハチジョウシダ,維管束植物,,絶滅危惧ⅠＡ類（CR）,,,moe_redlist,GBIFへの照会自体が未実施（gbif_taxon_key欠落・gbif_match_type=NULL）
pteris kidoi,Pteris kidoi,キドイノモトソウ,維管束植物,,絶滅危惧Ⅱ類（VU）,,,moe_redlist,GBIFへの照会自体が未実施（gbif_taxon_key欠落・gbif_match_type=NULL）
pteris maclurei,Pteris maclurei,ヒノタニシダ,維管束植物,,絶滅危惧ⅠB類（EN）,,,moe_redlist,GBIFへの照会自体が未実施（gbif_taxon_key欠落・gbif_match_type=NULL）
pteris natiensis,Pteris natiensis,ヤワラハチジョウシダ,維管束植物,,絶滅危惧Ⅱ類（VU）,,,moe_redlist,GBIFへの照会自体が未実施（gbif_taxon_key欠落・gbif_match_type=NULL）
pteris perplexa,Pteris perplexa,カワリバアマクサシダ,維管束植物,,絶滅危惧Ⅱ類（VU）,,,moe_redlist,GBIFへの照会自体が未実施（gbif_taxon_key欠落・gbif_match_type=NULL）
pteris satsumana,Pteris satsumana,サツマハチジョウシダ,維管束植物,,絶滅危惧Ⅱ類（VU）,,,moe_redlist,GBIFへの照会自体が未実施（gbif_taxon_key欠落・gbif_match_type=NULL）
pteris setulosocostulata,Pteris setulosocostulata,トゲハチジョウシダ,維管束植物,,絶滅危惧ⅠB類（EN）,,,moe_redlist,GBIFへの照会自体が未実施（gbif_taxon_key欠落・gbif_match_type=NULL）
pteris tokioi,Pteris tokioi,ヒカゲアマクサシダ,維管束植物,,絶滅危惧ⅠB類（EN）,,,moe_redlist,GBIFへの照会自体が未実施（gbif_taxon_key欠落・gbif_match_type=NULL）
pteris yakuinsularis,Pteris yakuinsularis,ヤクシマハチジョウシダ,維管束植物,,絶滅危惧Ⅱ類（VU）,,,moe_redlist,GBIFへの照会自体が未実施（gbif_taxon_key欠落・gbif_match_type=NULL）
pteris yamatensis,Pteris yamatensis,ヒメイノモトソウ,維管束植物,,絶滅危惧ⅠB類（EN）,,,moe_redlist,GBIFへの照会自体が未実施（gbif_taxon_key欠落・gbif_match_type=NULL）
pterocarpus vidalianus,Pterocarpus vidalianus,ヤエヤマシタン,維管束植物,,絶滅危惧ⅠＡ類（CR）,,,moe_redlist,GBIFへの照会自体が未実施（gbif_taxon_key欠落・gbif_match_type=NULL）
pterolophia kubokii,Pterolophia kubokii,ススキサビカミキリ,昆虫類,,準絶滅危惧（NT）,,,moe_redlist,GBIFへの照会自体が未実施（gbif_taxon_key欠落・gbif_match_type=NULL）
pterostichus isumiensis,Pterostichus isumiensis,イスミナガゴミムシ,昆虫類,,絶滅危惧II類（VU）,,,moe_redlist,GBIFへの照会自体が未実施（gbif_taxon_key欠落・gbif_match_type=NULL）
pterostichus plesiomorphs,Pterostichus plesiomorphs,アマミナガゴミムシ,昆虫類,,絶滅危惧IB類（EN）,,,moe_redlist,GBIFへの照会自体が未実施（gbif_taxon_key欠落・gbif_match_type=NULL）
pterygocalyx volubilis,Pterygocalyx volubilis,ホソバツルリンドウ,維管束植物,,絶滅危惧Ⅱ類（VU）,,,moe_redlist,GBIFへの照会自体が未実施（gbif_taxon_key欠落・gbif_match_type=NULL）
pterygopleurum neurophyllum,Pterygopleurum neurophyllum,シムラニンジン,維管束植物,,絶滅危惧Ⅱ類（VU）,,,moe_redlist,GBIFへの照会自体が未実施（gbif_taxon_key欠落・gbif_match_type=NULL）
pterygoplichthys anisitsi,Pterygoplichthys anisitsi,スノープレコ,魚類,,,その他の総合対策外来種,,moe_ias_list,GBIFへの照会自体が未実施（gbif_taxon_key欠落・gbif_match_type=NULL）
pterygoplichthys disjunctivus,Pterygoplichthys disjunctivus,マダラロリカリア,魚類,,,その他の総合対策外来種,,moe_ias_list,GBIFへの照会自体が未実施（gbif_taxon_key欠落・gbif_match_type=NULL）
pterygoplichthys pardalis,Pterygoplichthys pardalis,アマゾンセイルフィンキャットフィッシュ,魚類,,,その他の総合対策外来種,,moe_ias_list,GBIFへの照会自体が未実施（gbif_taxon_key欠落・gbif_match_type=NULL）
ptilagrostis alpina,Ptilagrostis alpina,ヒゲナガコメススキ,維管束植物,,絶滅危惧ⅠB類（EN）,,,moe_redlist,GBIFへの照会自体が未実施（gbif_taxon_key欠落・gbif_match_type=NULL）
ptilocerus immitis,Ptilocerus immitis,フサヒゲサシガメ,昆虫類,,絶滅危惧II類（VU）,,,moe_redlist,GBIFへの照会自体が未実施（gbif_taxon_key欠落・gbif_match_type=NULL）
ptilodon kuwayamae,Ptilodon kuwayamae,クワヤマエグリシャチホコ,昆虫類,,準絶滅危惧（NT）,,,moe_redlist,GBIFへの照会自体が未実施（gbif_taxon_key欠落・gbif_match_type=NULL）
ptisana boninensis,Ptisana boninensis,リュウビンタイモドキ,維管束植物,,準絶滅危惧（NT）,,,moe_redlist,GBIFへの照会自体が未実施（gbif_taxon_key欠落・gbif_match_type=NULL）
ptychalaea dedecora,Ptychalaea dedecora,エリマキガイ,貝類,,絶滅危惧II類（VU）,,,moe_redlist,GBIFへの照会自体が未実施（gbif_taxon_key欠落・gbif_match_type=NULL）
ptychognathus altimanus,Ptychognathus altimanus,アゴヒロカワガニ,甲殻類（海洋生物）,,準絶滅危惧（NT）,,,moe_redlist,GBIFへの照会自体が未実施（gbif_taxon_key欠落・gbif_match_type=NULL）
ptychognathus barbatus,Ptychognathus barbatus,八丈島のケフサヒライソモドキ,甲殻類（海洋生物）,,絶滅のおそれのある地域個体群（LP）,,,moe_redlist,GBIFへの照会自体が未実施（gbif_taxon_key欠落・gbif_match_type=NULL）
ptychognathus capillidigitatus,Ptychognathus capillidigitatus,ヒメヒライソモドキ,甲殻類（海洋生物）,,準絶滅危惧（NT）,,,moe_redlist,GBIFへの照会自体が未実施（gbif_taxon_key欠落・gbif_match_type=NULL）
ptychognathus ishii,Ptychognathus ishii,タイワンヒライソモドキ,甲殻類（海洋生物）,,準絶滅危惧（NT）,,,moe_redlist,GBIFへの照会自体が未実施（gbif_taxon_key欠落・gbif_match_type=NULL）
ptychognathus takahashii,Ptychognathus takahashii,ヨツハヒライソモドキ,その他無脊椎動物,,準絶滅危惧（NT）,,,moe_redlist,GBIFへの照会自体が未実施（gbif_taxon_key欠落・gbif_match_type=NULL）
pulsatilla cernua,Pulsatilla cernua,オキナグサ,維管束植物,,準絶滅危惧（NT）,,,moe_redlist,GBIFへの照会自体が未実施（gbif_taxon_key欠落・gbif_match_type=NULL）
pulsatilla nipponica,Pulsatilla nipponica,ツクモグサ,維管束植物,,絶滅危惧ⅠB類（EN）,,,moe_redlist,GBIFへの照会自体が未実施（gbif_taxon_key欠落・gbif_match_type=NULL）
pungitius sp. 1,Pungitius sp. 1,本州のトミヨ属淡水型,汽水・淡水魚類,,絶滅のおそれのある地域個体群（LP）,,,moe_redlist,GBIFへの照会自体が未実施（gbif_taxon_key欠落・gbif_match_type=NULL）
pungitius sp. 2,Pungitius sp. 2,トミヨ属汽水型,汽水・淡水魚類,,準絶滅危惧（NT）,,,moe_redlist,GBIFへの照会自体が未実施（gbif_taxon_key欠落・gbif_match_type=NULL）
pungitius tymensis,Pungitius tymensis,エゾトミヨ,汽水・淡水魚類,,絶滅危惧II類（VU）,,,moe_redlist,GBIFへの照会自体が未実施（gbif_taxon_key欠落・gbif_match_type=NULL）
pupa sulcata,Pupa sulcata,カヤノミガイ,貝類,,準絶滅危惧（NT）,,,moe_redlist,GBIFへの照会自体が未実施（gbif_taxon_key欠落・gbif_match_type=NULL）
pupilla cryptodon,Pupilla cryptodon,サナギガイ,貝類,,絶滅危惧I類（CR+EN）,,,moe_redlist,GBIFへの照会自体が未実施（gbif_taxon_key欠落・gbif_match_type=NULL）
pupinella oshimae tokunoshimana,Pupinella oshimae tokunoshimana,トクノシマアズキガイ,貝類,,絶滅危惧II類（VU）,,,moe_redlist,GBIFへの照会自体が未実施（gbif_taxon_key欠落・gbif_match_type=NULL）
pygobunus okadai,Pygobunus okadai,テングザトウムシ,その他無脊椎動物,,情報不足（DD）,,,moe_redlist,GBIFへの照会自体が未実施（gbif_taxon_key欠落・gbif_match_type=NULL）
pyracantha spp.,Pyracantha spp.,ピラカンサ類,植物,,,その他の総合対策外来種,,moe_ias_list,GBIFへの照会自体が未実施（gbif_taxon_key欠落・gbif_match_type=NULL）
pyramidella ventricosa,Pyramidella ventricosa,オオシイノミクチキレ,貝類,,準絶滅危惧（NT）,,,moe_redlist,GBIFへの照会自体が未実施（gbif_taxon_key欠落・gbif_match_type=NULL）
pyramidellidae gen. a. & sp. a,Pyramidellidae gen. A. & sp. A,ヌカルミクチキレ,貝類,,準絶滅危惧（NT）,,,moe_redlist,GBIFへの照会自体が未実施（gbif_taxon_key欠落・gbif_match_type=NULL）
pyramidellidae gen. a. & sp. b,Pyramidellidae gen. A. & sp. B,オキナワヌカルミクチキレ,貝類,,絶滅危惧I類（CR+EN）,,,moe_redlist,GBIFへの照会自体が未実施（gbif_taxon_key欠落・gbif_match_type=NULL）
pyramidellidae gen. b & sp.,Pyramidellidae gen. B & sp.,カサガタガイ,貝類,,情報不足（DD）,,,moe_redlist,GBIFへの照会自体が未実施（gbif_taxon_key欠落・gbif_match_type=NULL）
pyramidula conica,Pyramidula conica,ナタネガイモドキ,貝類,,準絶滅危惧（NT）,,,moe_redlist,GBIFへの照会自体が未実施（gbif_taxon_key欠落・gbif_match_type=NULL）
pyrgillus javanicus,Pyrgillus javanicus,エントツゴケ,地衣類,,情報不足（DD）,,,moe_redlist,GBIFへの照会自体が未実施（gbif_taxon_key欠落・gbif_match_type=NULL）
pyrgulina shigeyasui,Pyrgulina shigeyasui,シゲヤスイトカケギリ,貝類,,準絶滅危惧（NT）,,,moe_redlist,GBIFへの照会自体が未実施（gbif_taxon_key欠落・gbif_match_type=NULL）
pyrgus maculatus maculatus,Pyrgus maculatus maculatus,チャマダラセセリ,昆虫類,,絶滅危惧IB類（EN）,,,moe_redlist,GBIFへの照会自体が未実施（gbif_taxon_key欠落・gbif_match_type=NULL）
pyrgus malvae unomasahiroi,Pyrgus malvae unomasahiroi,ヒメチャマダラセセリ,昆虫類,,絶滅危惧IA類（CR）,,,moe_redlist,GBIFへの照会自体が未実施（gbif_taxon_key欠落・gbif_match_type=NULL）
pyrocoelia miyako,Pyrocoelia miyako,ミヤコマドボタル,昆虫類,,準絶滅危惧（NT）,,,moe_redlist,GBIFへの照会自体が未実施（gbif_taxon_key欠落・gbif_match_type=NULL）
pyrola faurieana,Pyrola faurieana,カラフトイチヤクソウ,維管束植物,,絶滅危惧Ⅱ類（VU）,,,moe_redlist,GBIFへの照会自体が未実施（gbif_taxon_key欠落・gbif_match_type=NULL）
pyrola minor,Pyrola minor,エゾイチヤクソウ,維管束植物,,絶滅危惧ⅠB類（EN）,,,moe_redlist,GBIFへの照会自体が未実施（gbif_taxon_key欠落・gbif_match_type=NULL）
pyropia katadae var. katadae,Pyropia katadae var. katadae,ソメワケアマノリ,藻類,,絶滅危惧Ⅱ類（VU）,,,moe_redlist,GBIFへの照会自体が未実施（gbif_taxon_key欠落・gbif_match_type=NULL）
pyropia kinositae,Pyropia kinositae,ウタスツノリ,藻類,,情報不足（DD）,,,moe_redlist,GBIFへの照会自体が未実施（gbif_taxon_key欠落・gbif_match_type=NULL）
pyropia kuniedae,Pyropia kuniedae,マルバアサクサノリ,藻類,,絶滅危惧ⅠB類（EN）,,,moe_redlist,GBIFへの照会自体が未実施（gbif_taxon_key欠落・gbif_match_type=NULL）
pyropia moriensis,Pyropia moriensis,カヤベノリ,藻類,,情報不足（DD）,,,moe_redlist,GBIFへの照会自体が未実施（gbif_taxon_key欠落・gbif_match_type=NULL）
pyropia tanegashimensis,Pyropia tanegashimensis,タネガシマアマノリ,藻類,,情報不足（DD）,,,moe_redlist,GBIFへの照会自体が未実施（gbif_taxon_key欠落・gbif_match_type=NULL）
pyropia tenera,Pyropia tenera,アサクサノリ,藻類,,絶滅危惧ⅠB類（EN）,,,moe_redlist,GBIFへの照会自体が未実施（gbif_taxon_key欠落・gbif_match_type=NULL）
pyropia tenuipedalis,Pyropia tenuipedalis,カイガラアマノリ,藻類,,絶滅危惧ⅠB類（EN）,,,moe_redlist,GBIFへの照会自体が未実施（gbif_taxon_key欠落・gbif_match_type=NULL）
pyrrhalta nigromarginata,Pyrrhalta nigromarginata,クロヘリウスチャハムシ,昆虫類,,準絶滅危惧（NT）,,,moe_redlist,GBIFへの照会自体が未実施（gbif_taxon_key欠落・gbif_match_type=NULL）
pyrrosia adnascens,Pyrrosia adnascens,ヒトツバマメヅタ,維管束植物,,絶滅危惧ⅠＡ類（CR）,,,moe_redlist,GBIFへの照会自体が未実施（gbif_taxon_key欠落・gbif_match_type=NULL）
pyrrosia linearifolia var. heterolepis,Pyrrosia linearifolia var. heterolepis,タイワンビロードシダ,維管束植物,,絶滅危惧ⅠＡ類（CR）,,,moe_redlist,GBIFへの照会自体が未実施（gbif_taxon_key欠落・gbif_match_type=NULL）
pyrus calleryana,Pyrus calleryana,マメナシ,維管束植物,,絶滅危惧ⅠB類（EN）,,,moe_redlist,GBIFへの照会自体が未実施（gbif_taxon_key欠落・gbif_match_type=NULL）
pyrus ussuriensis var. hondoensis,Pyrus ussuriensis var. hondoensis,アオナシ,維管束植物,,絶滅危惧Ⅱ類（VU）,,,moe_redlist,GBIFへの照会自体が未実施（gbif_taxon_key欠落・gbif_match_type=NULL）
pyrus ussuriensis var. ussuriensis,Pyrus ussuriensis var. ussuriensis,ミチノクナシ,維管束植物,,絶滅危惧ⅠB類（EN）,,,moe_redlist,GBIFへの照会自体が未実施（gbif_taxon_key欠落・gbif_match_type=NULL）
pythia cecillei,Pythia cecillei,オキヒラシイノミ,貝類,,絶滅危惧I類（CR+EN）,,,moe_redlist,GBIFへの照会自体が未実施（gbif_taxon_key欠落・gbif_match_type=NULL）
pythia nana,Pythia nana,ヒメヒラシイノミ,貝類,,準絶滅危惧（NT）,,,moe_redlist,GBIFへの照会自体が未実施（gbif_taxon_key欠落・gbif_match_type=NULL）
pythia pachyodon,Pythia pachyodon,クロヒラシイノミ,貝類,,準絶滅危惧（NT）,,,moe_redlist,GBIFへの照会自体が未実施（gbif_taxon_key欠落・gbif_match_type=NULL）
pythia pantherina,Pythia pantherina,マダラヒラシイノミ,貝類,,準絶滅危惧（NT）,,,moe_redlist,GBIFへの照会自体が未実施（gbif_taxon_key欠落・gbif_match_type=NULL）
pythina deshayesiana,Pythina deshayesiana,セワケハチミツガイ,貝類,,準絶滅危惧（NT）,,,moe_redlist,GBIFへの照会自体が未実施（gbif_taxon_key欠落・gbif_match_type=NULL）
pyxine cocoës,Pyxine cocoës,ヒイロクロボシゴケ,地衣類,,準絶滅危惧（NT）,,,moe_redlist,GBIFへの照会自体が未実施（gbif_taxon_key欠落・gbif_match_type=NULL）
pyxine meissnerina,Pyxine meissnerina,ミナミクロボシゴケ,地衣類,,情報不足（DD）,,,moe_redlist,GBIFへの照会自体が未実施（gbif_taxon_key欠落・gbif_match_type=NULL）
quadrans gargadia,Quadrans gargadia,オオトゲウネガイ,貝類,,絶滅危惧II類（VU）,,,moe_redlist,GBIFへの照会自体が未実施（gbif_taxon_key欠落・gbif_match_type=NULL）
queletia mirabilis,Queletia mirabilis,オニノケヤリタケ,菌類,,情報不足（DD）,,,moe_redlist,GBIFへの照会自体が未実施（gbif_taxon_key欠落・gbif_match_type=NULL）
quercus hondae,Quercus hondae,ハナガガシ,維管束植物,,絶滅危惧Ⅱ類（VU）,,,moe_redlist,GBIFへの照会自体が未実施（gbif_taxon_key欠落・gbif_match_type=NULL）
rabaulichthys suzukii,Rabaulichthys suzukii,ホカケハナダイ,魚類（海洋生物）,,情報不足（DD）,,,moe_redlist,GBIFへの照会自体が未実施（gbif_taxon_key欠落・gbif_match_type=NULL）
radiospongilla hozawai,Radiospongilla hozawai,ホウザワカイメン,その他無脊椎動物,,情報不足（DD）,,,moe_redlist,GBIFへの照会自体が未実施（gbif_taxon_key欠落・gbif_match_type=NULL）
radix auricularia auricularia,Radix auricularia auricularia,イグチモノアラガイ,貝類,,情報不足（DD）,,,moe_redlist,GBIFへの照会自体が未実施（gbif_taxon_key欠落・gbif_match_type=NULL）
radix auricularia japonica,Radix auricularia japonica,モノアラガイ,貝類,,準絶滅危惧（NT）,,,moe_redlist,GBIFへの照会自体が未実施（gbif_taxon_key欠落・gbif_match_type=NULL）
radix auricularia swinhoei,Radix auricularia swinhoei,タイワンモノアラガイ,貝類,,情報不足（DD）,,,moe_redlist,GBIFへの照会自体が未実施（gbif_taxon_key欠落・gbif_match_type=NULL）
radix hamadai,Radix hamadai,ハマダモノアラガイ,貝類,,絶滅危惧I類（CR+EN）,,,moe_redlist,GBIFへの照会自体が未実施（gbif_taxon_key欠落・gbif_match_type=NULL）
radix onychia,Radix onychia,オウミガイ,貝類,,絶滅危惧II類（VU）,,,moe_redlist,GBIFへの照会自体が未実施（gbif_taxon_key欠落・gbif_match_type=NULL）
radula campanigera subsp. obiensis,Radula campanigera subsp. obiensis,オビケビラゴケ,蘚苔類,,絶滅危惧Ⅱ類（VU）,,,moe_redlist,GBIFへの照会自体が未実施（gbif_taxon_key欠落・gbif_match_type=NULL）
radula chinensis,Radula chinensis,ミミケビラゴケ,蘚苔類,,絶滅危惧Ⅱ類（VU）,,,moe_redlist,GBIFへの照会自体が未実施（gbif_taxon_key欠落・gbif_match_type=NULL）
radulina borbonica,Radulina borbonica,リュウキュウカギホソエゴケ,蘚苔類,,絶滅危惧ⅠB類（EN）,,,moe_redlist,GBIFへの照会自体が未実施（gbif_taxon_key欠落・gbif_match_type=NULL）
raeta pellicula,Raeta pellicula,ヤチヨノハナガイ,貝類,,絶滅危惧I類（CR+EN）,,,moe_redlist,GBIFへの照会自体が未実施（gbif_taxon_key欠落・gbif_match_type=NULL）
ragas circinata,Ragas circinata,トビグチオドリバエ,昆虫類,,準絶滅危惧（NT）,,,moe_redlist,GBIFへの照会自体が未実施（gbif_taxon_key欠落・gbif_match_type=NULL）
rakantrechus lallum,Rakantrechus lallum,ツヅラセメクラチビゴミムシ,昆虫類,,絶滅危惧IB類（EN）,,,moe_redlist,GBIFへの照会自体が未実施（gbif_taxon_key欠落・gbif_match_type=NULL）
rakantrechus mirabilis,Rakantrechus mirabilis,ウスケメクラチビゴミムシ,昆虫類,,絶滅危惧IB類（EN）,,,moe_redlist,GBIFへの照会自体が未実施（gbif_taxon_key欠落・gbif_match_type=NULL）
ramesa tosta,Ramesa tosta,カバイロシャチホコ,昆虫類,,準絶滅危惧（NT）,,,moe_redlist,GBIFへの照会自体が未実施（gbif_taxon_key欠落・gbif_match_type=NULL）
ranatra longipes,Ranatra longipes,マダラアシミズカマキリ,昆虫類,,準絶滅危惧（NT）,,,moe_redlist,GBIFへの照会自体が未実施（gbif_taxon_key欠落・gbif_match_type=NULL）
ranunculus altaicus subsp. shinanoalpinus,Ranunculus altaicus subsp. shinanoalpinus,タカネキンポウゲ,維管束植物,,絶滅危惧ⅠB類（EN）,,,moe_redlist,GBIFへの照会自体が未実施（gbif_taxon_key欠落・gbif_match_type=NULL）
ranunculus chinensis,Ranunculus chinensis,コキツネノボタン,維管束植物,,絶滅危惧Ⅱ類（VU）,,,moe_redlist,GBIFへの照会自体が未実施（gbif_taxon_key欠落・gbif_match_type=NULL）
ranunculus grandis var. austrokurilensis,Ranunculus grandis var. austrokurilensis,シコタンキンポウゲ,維管束植物,,準絶滅危惧（NT）,,,moe_redlist,GBIFへの照会自体が未実施（gbif_taxon_key欠落・gbif_match_type=NULL）
ranunculus kadzusensis,Ranunculus kadzusensis,ヒメバイカモ,維管束植物,,絶滅危惧ⅠB類（EN）,,,moe_redlist,GBIFへの照会自体が未実施（gbif_taxon_key欠落・gbif_match_type=NULL）
ranunculus kitadakeanus,Ranunculus kitadakeanus,キタダケキンポウゲ,維管束植物,,絶滅危惧ⅠB類（EN）,,,moe_redlist,GBIFへの照会自体が未実施（gbif_taxon_key欠落・gbif_match_type=NULL）
ranunculus nipponicus var. major,Ranunculus nipponicus var. major,オオイチョウバイカモ,維管束植物,,絶滅危惧ⅠB類（EN）,,,moe_redlist,GBIFへの照会自体が未実施（gbif_taxon_key欠落・gbif_match_type=NULL）
ranunculus pygmaeus,Ranunculus pygmaeus,クモマキンポウゲ,維管束植物,,絶滅危惧ⅠB類（EN）,,,moe_redlist,GBIFへの照会自体が未実施（gbif_taxon_key欠落・gbif_match_type=NULL）
ranunculus reptans,Ranunculus reptans,イトキンポウゲ,維管束植物,,準絶滅危惧（NT）,,,moe_redlist,GBIFへの照会自体が未実施（gbif_taxon_key欠落・gbif_match_type=NULL）
ranunculus silerifolius var. yaegatakensis,Ranunculus silerifolius var. yaegatakensis,ヒメキツネノボタン,維管束植物,,準絶滅危惧（NT）,,,moe_redlist,GBIFへの照会自体が未実施（gbif_taxon_key欠落・gbif_match_type=NULL）
ranunculus ternatus var. lutchuensis,Ranunculus ternatus var. lutchuensis,リュウキュウヒキノカサ,維管束植物,,絶滅危惧ⅠＡ類（CR）,,,moe_redlist,GBIFへの照会自体が未実施（gbif_taxon_key欠落・gbif_match_type=NULL）
ranunculus ternatus var. ternatus,Ranunculus ternatus var. ternatus,ヒキノカサ,維管束植物,,絶滅危惧Ⅱ類（VU）,,,moe_redlist,GBIFへの照会自体が未実施（gbif_taxon_key欠落・gbif_match_type=NULL）
ranunculus uryuensis,Ranunculus uryuensis,ウリュウキンポウゲ,維管束植物,,絶滅危惧ⅠＡ類（CR）,,,moe_redlist,GBIFへの照会自体が未実施（gbif_taxon_key欠落・gbif_match_type=NULL）
ranunculus yatsugatakensis,Ranunculus yatsugatakensis,ヤツガタケキンポウゲ,維管束植物,,絶滅危惧ⅠＡ類（CR）,,,moe_redlist,GBIFへの照会自体が未実施（gbif_taxon_key欠落・gbif_match_type=NULL）
ranunculus yezoensis,Ranunculus yezoensis,チトセバイカモ,維管束植物,,絶滅危惧ⅠB類（EN）,,,moe_redlist,GBIFへの照会自体が未実施（gbif_taxon_key欠落・gbif_match_type=NULL）
ranzania japonica,Ranzania japonica,トガクシソウ,維管束植物,,準絶滅危惧（NT）,,,moe_redlist,GBIFへの照会自体が未実施（gbif_taxon_key欠落・gbif_match_type=NULL）
redigobius balteatus,Redigobius balteatus,タスキヒナハゼ,汽水・淡水魚類,,情報不足（DD）,,,moe_redlist,GBIFへの照会自体が未実施（gbif_taxon_key欠落・gbif_match_type=NULL）
rehmannia japonica,Rehmannia japonica,センリゴマ,維管束植物,,絶滅危惧ⅠＡ類（CR）,,,moe_redlist,GBIFへの照会自体が未実施（gbif_taxon_key欠落・gbif_match_type=NULL）
reinia arborea,Reinia arborea,ムコウジマコギセル,貝類,,準絶滅危惧（NT）,,,moe_redlist,GBIFへの照会自体が未実施（gbif_taxon_key欠落・gbif_match_type=NULL）
reinia ashizuriensis,Reinia ashizuriensis,トカラコギセル,貝類,,絶滅危惧I類（CR+EN）,,,moe_redlist,GBIFへの照会自体が未実施（gbif_taxon_key欠落・gbif_match_type=NULL）
reinia echo,Reinia echo,コダマコギセル,貝類,,絶滅危惧I類（CR+EN）,,,moe_redlist,GBIFへの照会自体が未実施（gbif_taxon_key欠落・gbif_match_type=NULL）
reinia elegans,Reinia elegans,ニシキコギセル,貝類,,絶滅危惧I類（CR+EN）,,,moe_redlist,GBIFへの照会自体が未実施（gbif_taxon_key欠落・gbif_match_type=NULL）
reinia euholostoma,Reinia euholostoma,ハナコギセル,貝類,,絶滅危惧I類（CR+EN）,,,moe_redlist,GBIFへの照会自体が未実施（gbif_taxon_key欠落・gbif_match_type=NULL）
reinia holotrema,Reinia holotrema,マルクチコギセル,貝類,,絶滅危惧I類（CR+EN）,,,moe_redlist,GBIFへの照会自体が未実施（gbif_taxon_key欠落・gbif_match_type=NULL）
reinia hungerfordiana,Reinia hungerfordiana,カスガコギセル,貝類,,絶滅危惧I類（CR+EN）,,,moe_redlist,GBIFへの照会自体が未実施（gbif_taxon_key欠落・gbif_match_type=NULL）
reinia masaoi,Reinia masaoi,アズママルクチコギセル,貝類,,絶滅危惧I類（CR+EN）,,,moe_redlist,GBIFへの照会自体が未実施（gbif_taxon_key欠落・gbif_match_type=NULL）
reinia monelasmus,Reinia monelasmus,エゾコギセル,貝類,,絶滅危惧I類（CR+EN）,,,moe_redlist,GBIFへの照会自体が未実施（gbif_taxon_key欠落・gbif_match_type=NULL）
reinia nakadai,Reinia nakadai,ナカダコギセル,貝類,,絶滅危惧I類（CR+EN）,,,moe_redlist,GBIFへの照会自体が未実施（gbif_taxon_key欠落・gbif_match_type=NULL）
reinia variegata,Reinia variegata,ヒロクチコギセル,貝類,,絶滅危惧I類（CR+EN）,,,moe_redlist,GBIFへの照会自体が未実施（gbif_taxon_key欠落・gbif_match_type=NULL）
relicina echinocarpa,Relicina echinocarpa,トゲナシフトネゴケ,地衣類,,情報不足（DD）,,,moe_redlist,GBIFへの照会自体が未実施（gbif_taxon_key欠落・gbif_match_type=NULL）
relicina segregata,Relicina segregata,トゲナシフトネゴケモドキ,地衣類,,情報不足（DD）,,,moe_redlist,GBIFへの照会自体が未実施（gbif_taxon_key欠落・gbif_match_type=NULL）
relicina sydneyensis,Relicina sydneyensis,キフトネゴケモドキ,地衣類,,情報不足（DD）,,,moe_redlist,GBIFへの照会自体が未実施（gbif_taxon_key欠落・gbif_match_type=NULL）
remototrachyna crenata,Remototrachyna crenata,クイシウメノキゴケ,地衣類,,情報不足（DD）,,,moe_redlist,GBIFへの照会自体が未実施（gbif_taxon_key欠落・gbif_match_type=NULL）
reticunassa festiva,Reticunassa festiva,沖縄島北部のアラムシロ,貝類,,絶滅のおそれのある地域個体群（LP）,,,moe_redlist,GBIFへの照会自体が未実施（gbif_taxon_key欠落・gbif_match_type=NULL）
reticunassa hiradoensis,Reticunassa hiradoensis,ウネムシロ,貝類,,絶滅危惧I類（CR+EN）,,,moe_redlist,GBIFへの照会自体が未実施（gbif_taxon_key欠落・gbif_match_type=NULL）
reticunassa praematurata,Reticunassa praematurata,オマセムシロ,貝類,,絶滅危惧II類（VU）,,,moe_redlist,GBIFへの照会自体が未実施（gbif_taxon_key欠落・gbif_match_type=NULL）
reticunassa sp. a,Reticunassa sp. A,アツミムシロ,貝類,,絶滅危惧I類（CR+EN）,,,moe_redlist,GBIFへの照会自体が未実施（gbif_taxon_key欠落・gbif_match_type=NULL）
reticunassa sp. b,Reticunassa sp. B,シンサクムシロ,貝類,,絶滅危惧I類（CR+EN）,,,moe_redlist,GBIFへの照会自体が未実施（gbif_taxon_key欠落・gbif_match_type=NULL）
retinella hammonis,Retinella hammonis,東北地方以南のコハクモドキ,貝類,,絶滅のおそれのある地域個体群（LP）,,,moe_redlist,GBIFへの照会自体が未実施（gbif_taxon_key欠落・gbif_match_type=NULL）
rexithaerus sectior,Rexithaerus sectior,サギガイ,貝類,,準絶滅危惧（NT）,,,moe_redlist,GBIFへの照会自体が未実施（gbif_taxon_key欠落・gbif_match_type=NULL）
rhachithecium nipponicum,Rhachithecium nipponicum,キブネゴケ,蘚苔類,,絶滅危惧Ⅱ類（VU）,,,moe_redlist,GBIFへの照会自体が未実施（gbif_taxon_key欠落・gbif_match_type=NULL）
rhachithecium perpusillum,Rhachithecium perpusillum,マゴメゴケ,蘚苔類,,絶滅危惧Ⅱ類（VU）,,,moe_redlist,GBIFへの照会自体が未実施（gbif_taxon_key欠落・gbif_match_type=NULL）
rhagades pruni,Rhagades pruni,ルリハダホソクロバ,昆虫類,,準絶滅危惧（NT）,,,moe_redlist,GBIFへの照会自体が未実施（gbif_taxon_key欠落・gbif_match_type=NULL）
rhagophthalmus ohbai,Rhagophthalmus ohbai,イリオモテボタル,昆虫類,,絶滅危惧IB類（EN）,,,moe_redlist,GBIFへの照会自体が未実施（gbif_taxon_key欠落・gbif_match_type=NULL）
rhamnella franguloides var. inaequilatera,Rhamnella franguloides var. inaequilatera,ヤエヤマネコノチチ,維管束植物,,準絶滅危惧（NT）,,,moe_redlist,GBIFへの照会自体が未実施（gbif_taxon_key欠落・gbif_match_type=NULL）
rhamnus ishidae,Rhamnus ishidae,ミヤマハンモドキ,維管束植物,,絶滅危惧ⅠB類（EN）,,,moe_redlist,GBIFへの照会自体が未実施（gbif_taxon_key欠落・gbif_match_type=NULL）
rhamnus kanagusukii,Rhamnus kanagusukii,ヒメクロウメモドキ,維管束植物,,絶滅危惧ⅠＡ類（CR）,,,moe_redlist,GBIFへの照会自体が未実施（gbif_taxon_key欠落・gbif_match_type=NULL）
rhamnus yoshinoi,Rhamnus yoshinoi,キビノクロウメモドキ,維管束植物,,準絶滅危惧（NT）,,,moe_redlist,GBIFへの照会自体が未実施（gbif_taxon_key欠落・gbif_match_type=NULL）
rhamphomyia mirabilis,Rhamphomyia mirabilis,ハマナスクシオオドリバエ,昆虫類,,準絶滅危惧（NT）,,,moe_redlist,GBIFへの照会自体が未実施（gbif_taxon_key欠落・gbif_match_type=NULL）
rhaphidophora korthalsii,Rhaphidophora korthalsii,サキシマハブカズラ,維管束植物,,絶滅危惧ⅠＡ類（CR）,,,moe_redlist,GBIFへの照会自体が未実施（gbif_taxon_key欠落・gbif_match_type=NULL）
rhaphidophora liukiuensis,Rhaphidophora liukiuensis,ヒメハブカズラ,維管束植物,,絶滅危惧ⅠＡ類（CR）,,,moe_redlist,GBIFへの照会自体が未実施（gbif_taxon_key欠落・gbif_match_type=NULL）
rhina ancylostoma,Rhina ancylostoma,シノノメサカタザメ,魚類（海洋生物）,,情報不足（DD）,,,moe_redlist,GBIFへの照会自体が未実施（gbif_taxon_key欠落・gbif_match_type=NULL）
rhinochimaera africana,Rhinochimaera africana,クロテングギンザメ,魚類（海洋生物）,,情報不足（DD）,,,moe_redlist,GBIFへの照会自体が未実施（gbif_taxon_key欠落・gbif_match_type=NULL）
rhinochimaera pacifica,Rhinochimaera pacifica,テングギンザメ,魚類（海洋生物）,,情報不足（DD）,,,moe_redlist,GBIFへの照会自体が未実施（gbif_taxon_key欠落・gbif_match_type=NULL）
rhinocypha ogasawarensis,Rhinocypha ogasawarensis,ハナダカトンボ,昆虫類,,絶滅危惧IB類（EN）,,,moe_redlist,GBIFへの照会自体が未実施（gbif_taxon_key欠落・gbif_match_type=NULL）
rhinogobius biwaensis,Rhinogobius biwaensis,ビワヨシノボリ,汽水・淡水魚類,,情報不足（DD）,,,moe_redlist,GBIFへの照会自体が未実施（gbif_taxon_key欠落・gbif_match_type=NULL）
rhinogobius ogasawaraensis,Rhinogobius ogasawaraensis,オガサワラヨシノボリ,汽水・淡水魚類,,絶滅危惧IB類（EN）,,,moe_redlist,GBIFへの照会自体が未実施（gbif_taxon_key欠落・gbif_match_type=NULL）
rhinogobius sp. bb,Rhinogobius sp. BB,アオバラヨシノボリ,汽水・淡水魚類,,絶滅危惧IA類（CR）,,,moe_redlist,GBIFへの照会自体が未実施（gbif_taxon_key欠落・gbif_match_type=NULL）
rhinogobius sp. yb,Rhinogobius sp. YB,キバラヨシノボリ,汽水・淡水魚類,,絶滅危惧IB類（EN）,,,moe_redlist,GBIFへの照会自体が未実施（gbif_taxon_key欠落・gbif_match_type=NULL）
rhinogobius telma,Rhinogobius telma,トウカイヨシノボリ,汽水・淡水魚類,,準絶滅危惧（NT）,,,moe_redlist,GBIFへの照会自体が未実施（gbif_taxon_key欠落・gbif_match_type=NULL）
rhinogobius tyoni,Rhinogobius tyoni,シマヒレヨシノボリ,汽水・淡水魚類,,準絶滅危惧（NT）,,,moe_redlist,GBIFへの照会自体が未実施（gbif_taxon_key欠落・gbif_match_type=NULL）
rhinoptera javanica,Rhinoptera javanica,ウシバナトビエイ,魚類（海洋生物）,,情報不足（DD）,,,moe_redlist,GBIFへの照会自体が未実施（gbif_taxon_key欠落・gbif_match_type=NULL）
rhizoclonium grande,Rhizoclonium grande,オオネダシグサ,藻類,,情報不足（DD）,,,moe_redlist,GBIFへの照会自体が未実施（gbif_taxon_key欠落・gbif_match_type=NULL）
rhizopogon luteolus,Rhizopogon luteolus,ホンショウロ,菌類,,情報不足（DD）,,,moe_redlist,GBIFへの照会自体が未実施（gbif_taxon_key欠落・gbif_match_type=NULL）
rhodeus atremius atremius,Rhodeus atremius atremius,カゼトゲタナゴ,汽水・淡水魚類,,絶滅危惧IB類（EN）,,,moe_redlist,GBIFへの照会自体が未実施（gbif_taxon_key欠落・gbif_match_type=NULL）
rhodobryum ontariense,Rhodobryum ontariense,カサゴケモドキ,蘚苔類,,準絶滅危惧（NT）,,,moe_redlist,GBIFへの照会自体が未実施（gbif_taxon_key欠落・gbif_match_type=NULL）
rhododendron amagianum,Rhododendron amagianum,アマギツツジ,維管束植物,,絶滅危惧ⅠB類（EN）,,,moe_redlist,GBIFへの照会自体が未実施（gbif_taxon_key欠落・gbif_match_type=NULL）
rhododendron amakusaense,Rhododendron amakusaense,アマクサミツバツツジ,維管束植物,,絶滅危惧ⅠB類（EN）,,,moe_redlist,GBIFへの照会自体が未実施（gbif_taxon_key欠落・gbif_match_type=NULL）
rhododendron boninense,Rhododendron boninense,ムニンツツジ,維管束植物,,絶滅危惧ⅠＡ類（CR）,,,moe_redlist,GBIFへの照会自体が未実施（gbif_taxon_key欠落・gbif_match_type=NULL）
rhododendron dauricum var. dauricum,Rhododendron dauricum var. dauricum,エゾムラサキツツジ,維管束植物,,絶滅危惧Ⅱ類（VU）,,,moe_redlist,GBIFへの照会自体が未実施（gbif_taxon_key欠落・gbif_match_type=NULL）
rhododendron dilatatum var. boreale,Rhododendron dilatatum var. boreale,ヒダカミツバツツジ,維管束植物,,絶滅危惧ⅠB類（EN）,,,moe_redlist,GBIFへの照会自体が未実施（gbif_taxon_key欠落・gbif_match_type=NULL）
rhododendron dilatatum var. satsumense,Rhododendron dilatatum var. satsumense,ハヤトミツバツツジ,維管束植物,,絶滅危惧ⅠＡ類（CR）,,,moe_redlist,GBIFへの照会自体が未実施（gbif_taxon_key欠落・gbif_match_type=NULL）
rhododendron eriocarpum var. tawadae,Rhododendron eriocarpum var. tawadae,センカクツツジ,維管束植物,,絶滅危惧ⅠＡ類（CR）,,,moe_redlist,GBIFへの照会自体が未実施（gbif_taxon_key欠落・gbif_match_type=NULL）
rhododendron goyozanense,Rhododendron goyozanense,ゴヨウザンヨウラク,維管束植物,,絶滅危惧Ⅱ類（VU）,,,moe_redlist,GBIFへの照会自体が未実施（gbif_taxon_key欠落・gbif_match_type=NULL）
rhododendron japonoheptamerum var. kyomaruense,Rhododendron japonoheptamerum var. kyomaruense,キョウマルシャクナゲ,維管束植物,,絶滅危惧Ⅱ類（VU）,,,moe_redlist,GBIFへの照会自体が未実施（gbif_taxon_key欠落・gbif_match_type=NULL）
rhododendron keiskei var. hypoglaucum,Rhododendron keiskei var. hypoglaucum,ウラジロヒカゲツツジ,維管束植物,,絶滅危惧ⅠB類（EN）,,,moe_redlist,GBIFへの照会自体が未実施（gbif_taxon_key欠落・gbif_match_type=NULL）
rhododendron komiyamae,Rhododendron komiyamae,アシタカツツジ,維管束植物,,絶滅危惧Ⅱ類（VU）,,,moe_redlist,GBIFへの照会自体が未実施（gbif_taxon_key欠落・gbif_match_type=NULL）
rhododendron kroniae,Rhododendron kroniae,ヨウラクツツジ,維管束植物,,絶滅危惧Ⅱ類（VU）,,,moe_redlist,GBIFへの照会自体が未実施（gbif_taxon_key欠落・gbif_match_type=NULL）
rhododendron lapponicum subsp. parvifolium,Rhododendron lapponicum subsp. parvifolium,サカイツツジ,維管束植物,,絶滅危惧Ⅱ類（VU）,,,moe_redlist,GBIFへの照会自体が未実施（gbif_taxon_key欠落・gbif_match_type=NULL）
rhododendron lasiophyllum var. lasiophyllum,Rhododendron lasiophyllum var. lasiophyllum,ムラサキツリガネツツジ,維管束植物,,絶滅危惧ⅠB類（EN）,,,moe_redlist,GBIFへの照会自体が未実施（gbif_taxon_key欠落・gbif_match_type=NULL）
rhododendron latoucheae var. amamiense,Rhododendron latoucheae var. amamiense,アマミセイシカ,維管束植物,,絶滅危惧ⅠB類（EN）,,,moe_redlist,GBIFへの照会自体が未実施（gbif_taxon_key欠落・gbif_match_type=NULL）
rhododendron makinoi,Rhododendron makinoi,ホソバシャクナゲ,維管束植物,,絶滅危惧Ⅱ類（VU）,,,moe_redlist,GBIFへの照会自体が未実施（gbif_taxon_key欠落・gbif_match_type=NULL）
rhododendron mayebarae,Rhododendron mayebarae,ナンゴクミツバツツジ,維管束植物,,絶滅危惧Ⅱ類（VU）,,,moe_redlist,GBIFへの照会自体が未実施（gbif_taxon_key欠落・gbif_match_type=NULL）
rhododendron mayebarae var. ohsumiense,Rhododendron mayebarae var. ohsumiense,オオスミミツバツツジ,維管束植物,,絶滅危惧ⅠB類（EN）,,,moe_redlist,GBIFへの照会自体が未実施（gbif_taxon_key欠落・gbif_match_type=NULL）
rhododendron mucronulatum var. ciliatum,Rhododendron mucronulatum var. ciliatum,ゲンカイツツジ,維管束植物,,準絶滅危惧（NT）,,,moe_redlist,GBIFへの照会自体が未実施（gbif_taxon_key欠落・gbif_match_type=NULL）
rhododendron nudipes var. kirishimense,Rhododendron nudipes var. kirishimense,キリシマミツバツツジ,維管束植物,,絶滅危惧Ⅱ類（VU）,,,moe_redlist,GBIFへの照会自体が未実施（gbif_taxon_key欠落・gbif_match_type=NULL）
rhododendron osuzuyamense,Rhododendron osuzuyamense,ウラジロミツバツツジ,維管束植物,,絶滅危惧Ⅱ類（VU）,,,moe_redlist,GBIFへの照会自体が未実施（gbif_taxon_key欠落・gbif_match_type=NULL）
rhododendron pentaphyllum var. pentaphyllum,Rhododendron pentaphyllum var. pentaphyllum,ツクシアケボノツツジ,維管束植物,,準絶滅危惧（NT）,,,moe_redlist,GBIFへの照会自体が未実施（gbif_taxon_key欠落・gbif_match_type=NULL）
rhododendron sanctum var. lasiogynum,Rhododendron sanctum var. lasiogynum,シブカワツツジ,維管束植物,,絶滅危惧Ⅱ類（VU）,,,moe_redlist,GBIFへの照会自体が未実施（gbif_taxon_key欠落・gbif_match_type=NULL）
rhododendron sanctum var. sanctum,Rhododendron sanctum var. sanctum,ジングウツツジ,維管束植物,,絶滅危惧Ⅱ類（VU）,,,moe_redlist,GBIFへの照会自体が未実施（gbif_taxon_key欠落・gbif_match_type=NULL）
rhododendron scabrum,Rhododendron scabrum,ケラマツツジ,維管束植物,,絶滅危惧Ⅱ類（VU）,,,moe_redlist,GBIFへの照会自体が未実施（gbif_taxon_key欠落・gbif_match_type=NULL）
rhododendron tsusiophyllum,Rhododendron tsusiophyllum,ハコネコメツツジ,維管束植物,,絶滅危惧Ⅱ類（VU）,,,moe_redlist,GBIFへの照会自体が未実施（gbif_taxon_key欠落・gbif_match_type=NULL）
rhododendron uwaense,Rhododendron uwaense,トキワバイカツツジ,維管束植物,,絶滅危惧ⅠB類（EN）,,,moe_redlist,GBIFへの照会自体が未実施（gbif_taxon_key欠落・gbif_match_type=NULL）
rhododendron viscistylum,Rhododendron viscistylum,タカクマミツバツツジ,維管束植物,,絶滅危惧ⅠB類（EN）,,,moe_redlist,GBIFへの照会自体が未実施（gbif_taxon_key欠落・gbif_match_type=NULL）
rhododendron yakuinsulare,Rhododendron yakuinsulare,ヤクシマヤマツツジ,維管束植物,,絶滅危惧Ⅱ類（VU）,,,moe_redlist,GBIFへの照会自体が未実施（gbif_taxon_key欠落・gbif_match_type=NULL）
rhododendron yakumontanum,Rhododendron yakumontanum,ヤクシマミツバツツジ,維管束植物,,絶滅危惧Ⅱ類（VU）,,,moe_redlist,GBIFへの照会自体が未実施（gbif_taxon_key欠落・gbif_match_type=NULL）
rhododendron yakushimense,Rhododendron yakushimense,ヤクシマヨウラクツツジ,維管束植物,,絶滅危惧ⅠB類（EN）,,,moe_redlist,GBIFへの照会自体が未実施（gbif_taxon_key欠落・gbif_match_type=NULL）
rhododendron yedoense var. hallaisanense,Rhododendron yedoense var. hallaisanense,チョウセンヤマツツジ,維管束植物,,絶滅危惧ⅠB類（EN）,,,moe_redlist,GBIFへの照会自体が未実施（gbif_taxon_key欠落・gbif_match_type=NULL）
rhodotypos scandens,Rhodotypos scandens,シロヤマブキ,維管束植物,,絶滅危惧ⅠB類（EN）,,,moe_redlist,GBIFへの照会自体が未実施（gbif_taxon_key欠落・gbif_match_type=NULL）
rhomboda yakusimensis,Rhomboda yakusimensis,ヤクシマアカシュスラン,維管束植物,,絶滅危惧Ⅱ類（VU）,,,moe_redlist,GBIFへの照会自体が未実施（gbif_taxon_key欠落・gbif_match_type=NULL）
rhus javanica var. javanica,Rhus javanica var. javanica,タイワンフシノキ,維管束植物,,絶滅危惧ⅠＡ類（CR）,,,moe_redlist,GBIFへの照会自体が未実施（gbif_taxon_key欠落・gbif_match_type=NULL）
rhyacichthys aspro,Rhyacichthys aspro,ツバサハゼ,汽水・淡水魚類,,絶滅危惧IA類（CR）,,,moe_redlist,GBIFへの照会自体が未実施（gbif_taxon_key欠落・gbif_match_type=NULL）
rhynchobatus djiddensis,Rhynchobatus djiddensis,トンガリサカタザメ,魚類（海洋生物）,,情報不足（DD）,,,moe_redlist,GBIFへの照会自体が未実施（gbif_taxon_key欠落・gbif_match_type=NULL）
rhynchocoris humeralis,Rhynchocoris humeralis,ミカントゲカメムシ,昆虫類,,準絶滅危惧（NT）,,,moe_redlist,GBIFへの照会自体が未実施（gbif_taxon_key欠落・gbif_match_type=NULL）
rhynchospora boninensis,Rhynchospora boninensis,シマイガクサ,維管束植物,,絶滅危惧Ⅱ類（VU）,,,moe_redlist,GBIFへの照会自体が未実施（gbif_taxon_key欠落・gbif_match_type=NULL）
rhynchospora japonica var. curvoaristata,Rhynchospora japonica var. curvoaristata,ムニンイヌノハナヒゲ,維管束植物,,絶滅危惧ⅠB類（EN）,,,moe_redlist,GBIFへの照会自体が未実施（gbif_taxon_key欠落・gbif_match_type=NULL）
rhynchospora malasica,Rhynchospora malasica,ミクリガヤ,維管束植物,,絶滅危惧ⅠＡ類（CR）,,,moe_redlist,GBIFへの照会自体が未実施（gbif_taxon_key欠落・gbif_match_type=NULL）
rhyothemis severini,Rhyothemis severini,ハネナガチョウトンボ,昆虫類,,絶滅危惧IB類（EN）,,,moe_redlist,GBIFへの照会自体が未実施（gbif_taxon_key欠落・gbif_match_type=NULL）
rhyparia purpurata,Rhyparia purpurata,ゴマベニシタヒトリ,昆虫類,,準絶滅危惧（NT）,,,moe_redlist,GBIFへの照会自体が未実施（gbif_taxon_key欠落・gbif_match_type=NULL）
ribes ambiguum var. ambiguum,Ribes ambiguum var. ambiguum,ヤシャビシャク,維管束植物,,準絶滅危惧（NT）,,,moe_redlist,GBIFへの照会自体が未実施（gbif_taxon_key欠落・gbif_match_type=NULL）
ribes horridum,Ribes horridum,クロミノハリスグリ,維管束植物,,絶滅危惧ⅠＡ類（CR）,,,moe_redlist,GBIFへの照会自体が未実施（gbif_taxon_key欠落・gbif_match_type=NULL）
ribes triste,Ribes triste,トカチスグリ,維管束植物,,絶滅危惧Ⅱ類（VU）,,,moe_redlist,GBIFへの照会自体が未実施（gbif_taxon_key欠落・gbif_match_type=NULL）
riccia lamellosa,Riccia lamellosa,ウロコハタケゴケ,植物,,,その他の総合対策外来種,,moe_ias_list,GBIFへの照会自体が未実施（gbif_taxon_key欠落・gbif_match_type=NULL）
riccia nigrella,Riccia nigrella,サビイロハタケゴケ,植物,,,その他の総合対策外来種,,moe_ias_list,GBIFへの照会自体が未実施（gbif_taxon_key欠落・gbif_match_type=NULL）
ricciocarpos natans,Ricciocarpos natans,イチョウウキゴケ,蘚苔類,,準絶滅危惧（NT）,,,moe_redlist,GBIFへの照会自体が未実施（gbif_taxon_key欠落・gbif_match_type=NULL）
richalpheus palmeri,Richalpheus palmeri,和名なし,甲殻類（海洋生物）,,情報不足（DD）,,,moe_redlist,GBIFへの照会自体が未実施（gbif_taxon_key欠落・gbif_match_type=NULL）
rimula cumingii,Rimula cumingii,セムシマドアキガイ,貝類,,絶滅危惧II類（VU）,,,moe_redlist,GBIFへの照会自体が未実施（gbif_taxon_key欠落・gbif_match_type=NULL）
rissoina costulata,Rissoina costulata,スジウネリチョウジガイ,貝類,,絶滅危惧II類（VU）,,,moe_redlist,GBIFへの照会自体が未実施（gbif_taxon_key欠落・gbif_match_type=NULL）
rissoina pura,Rissoina pura,ヌノメチョウジガイ,貝類,,準絶滅危惧（NT）,,,moe_redlist,GBIFへの照会自体が未実施（gbif_taxon_key欠落・gbif_match_type=NULL）
riverina jigongshanensis,Riverina jigongshanensis,タンスイベニマダラ,藻類,,情報不足（DD）,,,moe_redlist,GBIFへの照会自体が未実施（gbif_taxon_key欠落・gbif_match_type=NULL）
rivina humilis,Rivina humilis,ジュズサンゴ,植物,,,その他の総合対策外来種,,moe_ias_list,GBIFへの照会自体が未実施（gbif_taxon_key欠落・gbif_match_type=NULL）
robinia pseudoacacia,Robinia pseudoacacia,ハリエンジュ（ニセアカシア）,植物,,,適切な管理が必要な産業上重要な外来種（産業管理外来種）,,moe_ias_list,GBIFへの照会自体が未実施（gbif_taxon_key欠落・gbif_match_type=NULL）
rohdea japonica var. latifolia,Rohdea japonica var. latifolia,サツマオモト,維管束植物,,絶滅危惧ⅠＡ類（CR）,,,moe_redlist,GBIFへの照会自体が未実施（gbif_taxon_key欠落・gbif_match_type=NULL）
rondibilis femorata,Rondibilis femorata,シロスジトゲバカミキリ,昆虫類,,情報不足（DD）,,,moe_redlist,GBIFへの照会自体が未実施（gbif_taxon_key欠落・gbif_match_type=NULL）
ropalopus signaticollis,Ropalopus signaticollis,クロヒラタカミキリ,昆虫類,,準絶滅危惧（NT）,,,moe_redlist,GBIFへの照会自体が未実施（gbif_taxon_key欠落・gbif_match_type=NULL）
rorippa cantoniensis,Rorippa cantoniensis,コイヌガラシ,維管束植物,,準絶滅危惧（NT）,,,moe_redlist,GBIFへの照会自体が未実施（gbif_taxon_key欠落・gbif_match_type=NULL）
rorippa globosa,Rorippa globosa,ミギワガラシ,維管束植物,,絶滅危惧Ⅱ類（VU）,,,moe_redlist,GBIFへの照会自体が未実施（gbif_taxon_key欠落・gbif_match_type=NULL）
rosa hirtula,Rosa hirtula,サンショウバラ,維管束植物,,準絶滅危惧（NT）,,,moe_redlist,GBIFへの照会自体が未実施（gbif_taxon_key欠落・gbif_match_type=NULL）
rotala elatinomorpha,Rotala elatinomorpha,ヒメキカシグサ,維管束植物,,絶滅危惧Ⅱ類（VU）,,,moe_redlist,GBIFへの照会自体が未実施（gbif_taxon_key欠落・gbif_match_type=NULL）
rotala hippuris,Rotala hippuris,ミズスギナ,維管束植物,,絶滅危惧ⅠＡ類（CR）,,,moe_redlist,GBIFへの照会自体が未実施（gbif_taxon_key欠落・gbif_match_type=NULL）
rotala mexicana,Rotala mexicana,ミズマツバ,維管束植物,,準絶滅危惧（NT）,,,moe_redlist,GBIFへの照会自体が未実施（gbif_taxon_key欠落・gbif_match_type=NULL）
rotala rosea,Rotala rosea,ミズキカシグサ,維管束植物,,準絶滅危惧（NT）,,,moe_redlist,GBIFへの照会自体が未実施（gbif_taxon_key欠落・gbif_match_type=NULL）
rotala rotundifolia,Rotala rotundifolia,ホザキキカシグサ,維管束植物,,絶滅危惧ⅠB類（EN）,,,moe_redlist,GBIFへの照会自体が未実施（gbif_taxon_key欠落・gbif_match_type=NULL）
rubus amamianus var. minor,Rubus amamianus var. minor,コバノアマミフユイチゴ,維管束植物,,絶滅危惧ⅠＡ類（CR）,,,moe_redlist,GBIFへの照会自体が未実施（gbif_taxon_key欠落・gbif_match_type=NULL）
rubus arcticus,Rubus arcticus,チシマイチゴ,維管束植物,,絶滅危惧ⅠＡ類（CR）,,,moe_redlist,GBIFへの照会自体が未実施（gbif_taxon_key欠落・gbif_match_type=NULL）
rubus chingii,Rubus chingii,ゴショイチゴ,維管束植物,,絶滅危惧ⅠB類（EN）,,,moe_redlist,GBIFへの照会自体が未実施（gbif_taxon_key欠落・gbif_match_type=NULL）
rubus lambertianus,Rubus lambertianus,シマバライチゴ,維管束植物,,絶滅危惧Ⅱ類（VU）,,,moe_redlist,GBIFへの照会自体が未実施（gbif_taxon_key欠落・gbif_match_type=NULL）
rubus nakaii,Rubus nakaii,チチジマイチゴ,維管束植物,,絶滅危惧ⅠＡ類（CR）,,,moe_redlist,GBIFへの照会自体が未実施（gbif_taxon_key欠落・gbif_match_type=NULL）
rubus peltatus,Rubus peltatus,ハスノハイチゴ,維管束植物,,準絶滅危惧（NT）,,,moe_redlist,GBIFへの照会自体が未実施（gbif_taxon_key欠落・gbif_match_type=NULL）
rubus pseudoacer,Rubus pseudoacer,ミヤマモミジイチゴ,維管束植物,,準絶滅危惧（NT）,,,moe_redlist,GBIFへの照会自体が未実施（gbif_taxon_key欠落・gbif_match_type=NULL）
rubus pungens var. oldhamii,Rubus pungens var. oldhamii,サナギイチゴ,維管束植物,,準絶滅危惧（NT）,,,moe_redlist,GBIFへの照会自体が未実施（gbif_taxon_key欠落・gbif_match_type=NULL）
rubus swinhoei,Rubus swinhoei,タイワンウラジロイチゴ,維管束植物,,絶滅危惧Ⅱ類（VU）,,,moe_redlist,GBIFへの照会自体が未実施（gbif_taxon_key欠落・gbif_match_type=NULL）
rudbeckia hirta var. pulcherrima,Rudbeckia hirta var. pulcherrima,アラゲハンゴンソウ（キヌガサギク、ルドベキア・ヒルタ、グロリオサ・デージー）,植物,,,その他の総合対策外来種,,moe_ias_list,GBIFへの照会自体が未実施（gbif_taxon_key欠落・gbif_match_type=NULL）
ruellia brittoniana,Ruellia brittoniana,ヤナギバルイラソウ（ムラサキイセハナビ、ルエリア・ブリトリアナ、リュエリア、メキシコペチュニア）,植物,,,その他の総合対策外来種,,moe_ias_list,GBIFへの照会自体が未実施（gbif_taxon_key欠落・gbif_match_type=NULL）
rugapedia sp.,Rugapedia sp.,アシヒダツボ,貝類,,準絶滅危惧（NT）,,,moe_redlist,GBIFへの照会自体が未実施（gbif_taxon_key欠落・gbif_match_type=NULL）
rumex acetosella,Rumex acetosella,ヒメスイバ,植物,,,その他の総合対策外来種,,moe_ias_list,GBIFへの照会自体が未実施（gbif_taxon_key欠落・gbif_match_type=NULL）
rumex crispus,Rumex crispus,ナガバギシギシ(チジミスイバ),植物,,,その他の総合対策外来種,,moe_ias_list,GBIFへの照会自体が未実施（gbif_taxon_key欠落・gbif_match_type=NULL）
rumex dentatus subsp. klotzschianus,Rumex dentatus subsp. klotzschianus,コギシギシ,維管束植物,,準絶滅危惧（NT）,,,moe_redlist,GBIFへの照会自体が未実施（gbif_taxon_key欠落・gbif_match_type=NULL）
rumex gmelinii,Rumex gmelinii,カラフトノダイオウ,維管束植物,,絶滅危惧Ⅱ類（VU）,,,moe_redlist,GBIFへの照会自体が未実施（gbif_taxon_key欠落・gbif_match_type=NULL）
rumex japonicus,Rumex japonicus,山地のギシギシ,植物,,,その他の総合対策外来種,,moe_ias_list,GBIFへの照会自体が未実施（gbif_taxon_key欠落・gbif_match_type=NULL）
rumex longifolius,Rumex longifolius,ノダイオウ,維管束植物,,絶滅危惧Ⅱ類（VU）,,,moe_redlist,GBIFへの照会自体が未実施（gbif_taxon_key欠落・gbif_match_type=NULL）
rumex nepalensis subsp. andreaeanus,Rumex nepalensis subsp. andreaeanus,キブネダイオウ,維管束植物,,絶滅危惧ⅠB類（EN）,,,moe_redlist,GBIFへの照会自体が未実施（gbif_taxon_key欠落・gbif_match_type=NULL）
rumex obtusifolius var. agrestis,Rumex obtusifolius var. agrestis,エゾノギシギシ（ヒロハギシギシ）,植物,,,その他の総合対策外来種,,moe_ias_list,GBIFへの照会自体が未実施（gbif_taxon_key欠落・gbif_match_type=NULL）
rumex trisetifer,Rumex trisetifer,ニセコガネギシギシ,維管束植物,,絶滅危惧ⅠB類（EN）,,,moe_redlist,GBIFへの照会自体が未実施（gbif_taxon_key欠落・gbif_match_type=NULL）
ruppia maritima,Ruppia maritima,カワツルモ,維管束植物,,準絶滅危惧（NT）,,,moe_redlist,GBIFへの照会自体が未実施（gbif_taxon_key欠落・gbif_match_type=NULL）
ruppia megacarpa,Ruppia megacarpa,ネジリカワツルモ,維管束植物,,絶滅危惧ⅠＡ類（CR）,,,moe_redlist,GBIFへの照会自体が未実施（gbif_taxon_key欠落・gbif_match_type=NULL）
ruppia x truncatifolia,Ruppia x truncatifolia,ヤハズカワツルモ,維管束植物,,絶滅危惧ⅠＡ類（CR）,,,moe_redlist,GBIFへの照会自体が未実施（gbif_taxon_key欠落・gbif_match_type=NULL）
russula boninensis,Russula boninensis,オガサワラキハツダケ,菌類,,情報不足（DD）,,,moe_redlist,GBIFへの照会自体が未実施（gbif_taxon_key欠落・gbif_match_type=NULL）
ryssopterys timoriensis,Ryssopterys timoriensis,ササキカズラ,維管束植物,,絶滅危惧ⅠＡ類（CR）,,,moe_redlist,GBIFへの照会自体が未実施（gbif_taxon_key欠落・gbif_match_type=NULL）
ryukyum yaeyamense,Ryukyum yaeyamense,ヤエヤマヤマガニ,その他無脊椎動物,,準絶滅危惧（NT）,,,moe_redlist,GBIFへの照会自体が未実施（gbif_taxon_key欠落・gbif_match_type=NULL）
ryuthela nishihirai sensu lato,Ryuthela nishihirai sensu lato,オキナワキムラグモ（広義）,その他無脊椎動物,,絶滅危惧II類（VU）,,,moe_redlist,GBIFへの照会自体が未実施（gbif_taxon_key欠落・gbif_match_type=NULL）
sabacon distinctus,Sabacon distinctus,フセブラシザトウムシ,その他無脊椎動物,,情報不足（DD）,,,moe_redlist,GBIFへの照会自体が未実施（gbif_taxon_key欠落・gbif_match_type=NULL）
sabia japonica,Sabia japonica,アオカズラ,維管束植物,,絶滅危惧ⅠB類（EN）,,,moe_redlist,GBIFへの照会自体が未実施（gbif_taxon_key欠落・gbif_match_type=NULL）
saccharina cichorioides,Saccharina cichorioides,チジミコンブ,藻類,,情報不足（DD）,,,moe_redlist,GBIFへの照会自体が未実施（gbif_taxon_key欠落・gbif_match_type=NULL）
saccharina kurilensis,Saccharina kurilensis,アツバスジコンブ,藻類,,情報不足（DD）,,,moe_redlist,GBIFへの照会自体が未実施（gbif_taxon_key欠落・gbif_match_type=NULL）
saccharina yendoana,Saccharina yendoana,エンドウコンブ,藻類,,情報不足（DD）,,,moe_redlist,GBIFへの照会自体が未実施（gbif_taxon_key欠落・gbif_match_type=NULL）
saccharum arundinaceum,Saccharum arundinaceum,ヨシススキ（サッカラム パープルピープルグリーター）,植物,,,重点対策外来種,,moe_ias_list,GBIFへの照会自体が未実施（gbif_taxon_key欠落・gbif_match_type=NULL）
saccharum formosanum var. pollinioides,Saccharum formosanum var. pollinioides,ムラサキタカオススキ,植物,,,その他の総合対策外来種,,moe_ias_list,GBIFへの照会自体が未実施（gbif_taxon_key欠落・gbif_match_type=NULL）
sacciolepis myosuroides,Sacciolepis myosuroides,ハラヌメリ,維管束植物,,絶滅危惧ⅠＡ類（CR）,,,moe_redlist,GBIFへの照会自体が未実施（gbif_taxon_key欠落・gbif_match_type=NULL）
sagamiscintilla thalassemicola,Sagamiscintilla thalassemicola,ミドリユムシヤドリガイ,貝類,,絶滅危惧I類（CR+EN）,,,moe_redlist,GBIFへの照会自体が未実施（gbif_taxon_key欠落・gbif_match_type=NULL）
sagina saginoides,Sagina saginoides,チシマツメクサ,維管束植物,,絶滅危惧ⅠＡ類（CR）,,,moe_redlist,GBIFへの照会自体が未実施（gbif_taxon_key欠落・gbif_match_type=NULL）
sagittaria aginashi,Sagittaria aginashi,アギナシ,維管束植物,,準絶滅危惧（NT）,,,moe_redlist,GBIFへの照会自体が未実施（gbif_taxon_key欠落・gbif_match_type=NULL）
sagittaria natans,Sagittaria natans,カラフトグワイ,維管束植物,,絶滅危惧ⅠＡ類（CR）,,,moe_redlist,GBIFへの照会自体が未実施（gbif_taxon_key欠落・gbif_match_type=NULL）
sagittaria platyphylla,Sagittaria platyphylla,ヒロハオモダカ（ジャイアントサジタリア）,植物,,,重点対策外来種,,moe_ias_list,GBIFへの照会自体が未実施（gbif_taxon_key欠落・gbif_match_type=NULL）
sagittaria weatherbiana,Sagittaria weatherbiana,ナガバオモダカ（ジャイアントサジタリア）,植物,,,重点対策外来種,,moe_ias_list,GBIFへの照会自体が未実施（gbif_taxon_key欠落・gbif_match_type=NULL）
saionia hyodoi,Saionia hyodoi,ヒナノボンボリ,維管束植物,,絶滅危惧ⅠＡ類（CR）,,,moe_redlist,GBIFへの照会自体が未実施（gbif_taxon_key欠落・gbif_match_type=NULL）
saionia shinzatoi,Saionia shinzatoi,ホシザキシャクジョウ,維管束植物,,絶滅危惧ⅠＡ類（CR）,,,moe_redlist,GBIFへの照会自体が未実施（gbif_taxon_key欠落・gbif_match_type=NULL）
saionia yamashitae,Saionia yamashitae,ヤクノヒナホシ,維管束植物,,絶滅危惧ⅠＡ類（CR）,,,moe_redlist,GBIFへの照会自体が未実施（gbif_taxon_key欠落・gbif_match_type=NULL）
salicornia perennans,Salicornia perennans,アッケシソウ,維管束植物,,絶滅危惧Ⅱ類（VU）,,,moe_redlist,GBIFへの照会自体が未実施（gbif_taxon_key欠落・gbif_match_type=NULL）
salix fuscescens,Salix fuscescens,ミヤマヤチヤナギ,維管束植物,,準絶滅危惧（NT）,,,moe_redlist,GBIFへの照会自体が未実施（gbif_taxon_key欠落・gbif_match_type=NULL）
salix hukaoana,Salix hukaoana,ユビソヤナギ,維管束植物,,準絶滅危惧（NT）,,,moe_redlist,GBIFへの照会自体が未実施（gbif_taxon_key欠落・gbif_match_type=NULL）
salix nakamurana subsp. kurilensis,Salix nakamurana subsp. kurilensis,ヒダカミネヤナギ,維管束植物,,絶滅危惧Ⅱ類（VU）,,,moe_redlist,GBIFへの照会自体が未実施（gbif_taxon_key欠落・gbif_match_type=NULL）
salix nakamurana subsp. yezoalpina,Salix nakamurana subsp. yezoalpina,エゾノタカネヤナギ,維管束植物,,絶滅危惧ⅠB類（EN）,,,moe_redlist,GBIFへの照会自体が未実施（gbif_taxon_key欠落・gbif_match_type=NULL）
salix nummularia,Salix nummularia,エゾマメヤナギ,維管束植物,,絶滅危惧ⅠＡ類（CR）,,,moe_redlist,GBIFへの照会自体が未実施（gbif_taxon_key欠落・gbif_match_type=NULL）
salix rupifraga,Salix rupifraga,コマイワヤナギ,維管束植物,,絶滅危惧Ⅱ類（VU）,,,moe_redlist,GBIFへの照会自体が未実施（gbif_taxon_key欠落・gbif_match_type=NULL）
salix taraikensis,Salix taraikensis,タライカヤナギ,維管束植物,,準絶滅危惧（NT）,,,moe_redlist,GBIFへの照会自体が未実施（gbif_taxon_key欠落・gbif_match_type=NULL）
salmacoma nobilis,Salmacoma nobilis,モモイロサギガイ,貝類,,絶滅危惧I類（CR+EN）,,,moe_redlist,GBIFへの照会自体が未実施（gbif_taxon_key欠落・gbif_match_type=NULL）
salmo trutta,Salmo trutta,ブラウントラウト,魚類,,,適切な管理が必要な産業上重要な外来種（産業管理外来種）,,moe_ias_list,GBIFへの照会自体が未実施（gbif_taxon_key欠落・gbif_match_type=NULL）
salmoneus brucei,Salmoneus brucei,和名なし,甲殻類（海洋生物）,,情報不足（DD）,,,moe_redlist,GBIFへの照会自体が未実施（gbif_taxon_key欠落・gbif_match_type=NULL）
salpocola philippinensis,Salpocola philippinensis,フィリピンハナビラガイ,貝類,,絶滅危惧II類（VU）,,,moe_redlist,GBIFへの照会自体が未実施（gbif_taxon_key欠落・gbif_match_type=NULL）
salvelinus leucomaenis imbrius,Salvelinus leucomaenis imbrius,ゴギ,汽水・淡水魚類,,絶滅危惧II類（VU）,,,moe_redlist,GBIFへの照会自体が未実施（gbif_taxon_key欠落・gbif_match_type=NULL）
salvelinus leucomaenis japonicus,Salvelinus leucomaenis japonicus,紀伊半島のヤマトイワナ（キリクチ）,汽水・淡水魚類,,絶滅のおそれのある地域個体群（LP）,,,moe_redlist,GBIFへの照会自体が未実施（gbif_taxon_key欠落・gbif_match_type=NULL）
salvelinus leucomaenis pluvius,Salvelinus leucomaenis pluvius,ニッコウイワナ,汽水・淡水魚類,,情報不足（DD）,,,moe_redlist,GBIFへの照会自体が未実施（gbif_taxon_key欠落・gbif_match_type=NULL）
salvelinus malma krascheninnikovi,Salvelinus malma krascheninnikovi,オショロコマ,汽水・淡水魚類,,絶滅危惧II類（VU）,,,moe_redlist,GBIFへの照会自体が未実施（gbif_taxon_key欠落・gbif_match_type=NULL）
salvelinus malma miyabei,Salvelinus malma miyabei,ミヤベイワナ,汽水・淡水魚類,,絶滅危惧II類（VU）,,,moe_redlist,GBIFへの照会自体が未実施（gbif_taxon_key欠落・gbif_match_type=NULL）
salvelinus namaycush,Salvelinus namaycush,レイクトラウト,魚類,,,適切な管理が必要な産業上重要な外来種（産業管理外来種）,,moe_ias_list,GBIFへの照会自体が未実施（gbif_taxon_key欠落・gbif_match_type=NULL）
salvia isensis,Salvia isensis,シマジタムラソウ,維管束植物,,絶滅危惧Ⅱ類（VU）,,,moe_redlist,GBIFへの照会自体が未実施（gbif_taxon_key欠落・gbif_match_type=NULL）
salvia koyamae,Salvia koyamae,シナノアキギリ,維管束植物,,絶滅危惧Ⅱ類（VU）,,,moe_redlist,GBIFへの照会自体が未実施（gbif_taxon_key欠落・gbif_match_type=NULL）
salvia omerocalyx var. omerocalyx,Salvia omerocalyx var. omerocalyx,タジマタムラソウ,維管束植物,,絶滅危惧Ⅱ類（VU）,,,moe_redlist,GBIFへの照会自体が未実施（gbif_taxon_key欠落・gbif_match_type=NULL）
salvia plebeia,Salvia plebeia,ミゾコウジュ,維管束植物,,準絶滅危惧（NT）,,,moe_redlist,GBIFへの照会自体が未実施（gbif_taxon_key欠落・gbif_match_type=NULL）
salvia pygmaea var. simplicior,Salvia pygmaea var. simplicior,アマミタムラソウ,維管束植物,,絶滅危惧ⅠB類（EN）,,,moe_redlist,GBIFへの照会自体が未実施（gbif_taxon_key欠落・gbif_match_type=NULL）
salvinia molesta,Salvinia molesta,オオサンショウモ,植物,,,重点対策外来種,,moe_ias_list,GBIFへの照会自体が未実施（gbif_taxon_key欠落・gbif_match_type=NULL）
salvinia natans,Salvinia natans,サンショウモ,維管束植物,,準絶滅危惧（NT）,,,moe_redlist,GBIFへの照会自体が未実施（gbif_taxon_key欠落・gbif_match_type=NULL）
samolus parviflorus,Samolus parviflorus,ハイハマボッス,維管束植物,,準絶滅危惧（NT）,,,moe_redlist,GBIFへの照会自体が未実施（gbif_taxon_key欠落・gbif_match_type=NULL）
sandersiella acuminata,Sandersiella acuminata,カシラエビ,甲殻類（海洋生物）,,情報不足（DD）,,,moe_redlist,GBIFへの照会自体が未実施（gbif_taxon_key欠落・gbif_match_type=NULL）
sanguisorba canadensis subsp. latifolia var. riishirensis,Sanguisorba canadensis subsp. latifolia var. riishirensis,リシリトウウチソウ,維管束植物,,準絶滅危惧（NT）,,,moe_redlist,GBIFへの照会自体が未実施（gbif_taxon_key欠落・gbif_match_type=NULL）
sanguisorba japonensis,Sanguisorba japonensis,エゾノトウウチソウ,維管束植物,,絶滅危惧ⅠB類（EN）,,,moe_redlist,GBIFへの照会自体が未実施（gbif_taxon_key欠落・gbif_match_type=NULL）
sanguisorba obtusa,Sanguisorba obtusa,ナンブトウウチソウ,維管束植物,,絶滅危惧Ⅱ類（VU）,,,moe_redlist,GBIFへの照会自体が未実施（gbif_taxon_key欠落・gbif_match_type=NULL）
sanicula kaiensis,Sanicula kaiensis,ヤマナシウマノミツバ,維管束植物,,絶滅危惧ⅠB類（EN）,,,moe_redlist,GBIFへの照会自体が未実施（gbif_taxon_key欠落・gbif_match_type=NULL）
sanicula lamelligera var. wakayamensis,Sanicula lamelligera var. wakayamensis,キイウマノミツバ,維管束植物,,絶滅危惧ⅠＡ類（CR）,,,moe_redlist,GBIFへの照会自体が未実施（gbif_taxon_key欠落・gbif_match_type=NULL）
sanicula tuberculata,Sanicula tuberculata,フキヤミツバ,維管束植物,,絶滅危惧ⅠB類（EN）,,,moe_redlist,GBIFへの照会自体が未実施（gbif_taxon_key欠落・gbif_match_type=NULL）
santalum boninense,Santalum boninense,ムニンビャクダン,維管束植物,,絶滅危惧ⅠB類（EN）,,,moe_redlist,GBIFへの照会自体が未実施（gbif_taxon_key欠落・gbif_match_type=NULL）
sapheopipo noguchii,Sapheopipo noguchii,ノグチゲラ,鳥類,,絶滅危惧IB類（EN）,,,moe_redlist,GBIFへの照会自体が未実施（gbif_taxon_key欠落・gbif_match_type=NULL）
sarasaeschna kunigamiensis,Sarasaeschna kunigamiensis,オキナワサラサヤンマ,昆虫類,,準絶滅危惧（NT）,,,moe_redlist,GBIFへの照会自体が未実施（gbif_taxon_key欠落・gbif_match_type=NULL）
sarbanissa yunnana,Sarbanissa yunnana,ツリフネソウトラガ,昆虫類,,準絶滅危惧（NT）,,,moe_redlist,GBIFへの照会自体が未実施（gbif_taxon_key欠落・gbif_match_type=NULL）
sarcocheilichthys variegatus variegatus,Sarcocheilichthys variegatus variegatus,カワヒガイ,汽水・淡水魚類,,準絶滅危惧（NT）,,,moe_redlist,GBIFへの照会自体が未実施（gbif_taxon_key欠落・gbif_match_type=NULL）
sarcodia ceylanica,Sarcodia ceylanica,アツバノリ,藻類,,情報不足（DD）,,,moe_redlist,GBIFへの照会自体が未実施（gbif_taxon_key欠落・gbif_match_type=NULL）
sarcodon imbricatus,Sarcodon imbricatus,シシタケ,菌類,,情報不足（DD）,,,moe_redlist,GBIFへの照会自体が未実施（gbif_taxon_key欠落・gbif_match_type=NULL）
sarcophaga yonahaensis,Sarcophaga yonahaensis,ヨナハニクバエ,昆虫類,,絶滅危惧IB類（EN）,,,moe_redlist,GBIFへの照会自体が未実施（gbif_taxon_key欠落・gbif_match_type=NULL）
sarcophila japonica,Sarcophila japonica,ゴヘイニクバエ,昆虫類,,絶滅危惧II類（VU）,,,moe_redlist,GBIFへの照会自体が未実施（gbif_taxon_key欠落・gbif_match_type=NULL）
sargassum pinnatifidum,Sargassum pinnatifidum,カラクサモク,藻類,,情報不足（DD）,,,moe_redlist,GBIFへの照会自体が未実施（gbif_taxon_key欠落・gbif_match_type=NULL）
sargassum polycystum,Sargassum polycystum,コバモク,藻類,,情報不足（DD）,,,moe_redlist,GBIFへの照会自体が未実施（gbif_taxon_key欠落・gbif_match_type=NULL）
sargassum segii,Sargassum segii,ナガシマモク,藻類,,情報不足（DD）,,,moe_redlist,GBIFへの照会自体が未実施（gbif_taxon_key欠落・gbif_match_type=NULL）
sargassum wakayamaense,Sargassum wakayamaense,ナンキモク,藻類,,情報不足（DD）,,,moe_redlist,GBIFへの照会自体が未実施（gbif_taxon_key欠落・gbif_match_type=NULL）
sarmatiumgermaini,Sarmatiumgermaini,ギザテアシハラガニ,甲殻類（海洋生物）,,情報不足（DD）,,,moe_redlist,GBIFへの照会自体が未実施（gbif_taxon_key欠落・gbif_match_type=NULL）
sasakia charonda charonda,Sasakia charonda charonda,オオムラサキ,昆虫類,,準絶滅危惧（NT）,,,moe_redlist,GBIFへの照会自体が未実施（gbif_taxon_key欠落・gbif_match_type=NULL）
sasaokaea aomoriensis,Sasaokaea aomoriensis,ササオカゴケ（アオモリカギハイゴケ）,蘚苔類,,準絶滅危惧（NT）,,,moe_redlist,GBIFへの照会自体が未実施（gbif_taxon_key欠落・gbif_match_type=NULL）
satakentia liukiuensis,Satakentia liukiuensis,ヤエヤマヤシ,維管束植物,,準絶滅危惧（NT）,,,moe_redlist,GBIFへの照会自体が未実施（gbif_taxon_key欠落・gbif_match_type=NULL）
satsuma adelinae,Satsuma adelinae,クマドリヤマタカマイマイ,貝類,,絶滅危惧II類（VU）,,,moe_redlist,GBIFへの照会自体が未実施（gbif_taxon_key欠落・gbif_match_type=NULL）
satsuma akiratadai,Satsuma akiratadai,アキラマイマイ,貝類,,絶滅危惧IB類（EN）,,,moe_redlist,GBIFへの照会自体が未実施（gbif_taxon_key欠落・gbif_match_type=NULL）
satsuma amanoi,Satsuma amanoi,アマノヤマタカマイマイ,貝類,,絶滅危惧I類（CR+EN）,,,moe_redlist,GBIFへの照会自体が未実施（gbif_taxon_key欠落・gbif_match_type=NULL）
satsuma ammiralis,Satsuma ammiralis,ハンミガキマイマイ,貝類,,準絶滅危惧（NT）,,,moe_redlist,GBIFへの照会自体が未実施（gbif_taxon_key欠落・gbif_match_type=NULL）
satsuma atrata,Satsuma atrata,ヤンバルマイマイ,貝類,,絶滅危惧II類（VU）,,,moe_redlist,GBIFへの照会自体が未実施（gbif_taxon_key欠落・gbif_match_type=NULL）
satsuma caliginosa caliginosa,Satsuma caliginosa caliginosa,イッシキマイマイ,貝類,,準絶滅危惧（NT）,,,moe_redlist,GBIFへの照会自体が未実施（gbif_taxon_key欠落・gbif_match_type=NULL）
satsuma caliginosa picta,Satsuma caliginosa picta,ヨナクニマイマイ,貝類,,絶滅危惧IB類（EN）,,,moe_redlist,GBIFへの照会自体が未実施（gbif_taxon_key欠落・gbif_match_type=NULL）
satsuma cardiostoma,Satsuma cardiostoma,ココロマイマイ,貝類,,絶滅危惧II類（VU）,,,moe_redlist,GBIFへの照会自体が未実施（gbif_taxon_key欠落・gbif_match_type=NULL）
satsuma cristata,Satsuma cristata,アナナシマイマイ,貝類,,準絶滅危惧（NT）,,,moe_redlist,GBIFへの照会自体が未実施（gbif_taxon_key欠落・gbif_match_type=NULL）
satsuma danzyoensis,Satsuma danzyoensis,ダンジョマイマイ,貝類,,準絶滅危惧（NT）,,,moe_redlist,GBIFへの照会自体が未実施（gbif_taxon_key欠落・gbif_match_type=NULL）
satsuma eucosmia erabuana,Satsuma eucosmia erabuana,オキノエラブヤマタカマイマイ,貝類,,絶滅危惧II類（VU）,,,moe_redlist,GBIFへの照会自体が未実施（gbif_taxon_key欠落・gbif_match_type=NULL）
satsuma eucosmia eucosmia,Satsuma eucosmia eucosmia,オキナワヤマタカマイマイ,貝類,,絶滅危惧II類（VU）,,,moe_redlist,GBIFへの照会自体が未実施（gbif_taxon_key欠落・gbif_match_type=NULL）
satsuma fausta,Satsuma fausta,ヤセアナナシマイマイ,貝類,,絶滅危惧II類（VU）,,,moe_redlist,GBIFへの照会自体が未実施（gbif_taxon_key欠落・gbif_match_type=NULL）
satsuma fusca,Satsuma fusca,コシタカコベソマイマイ,貝類,,準絶滅危惧（NT）,,,moe_redlist,GBIFへの照会自体が未実施（gbif_taxon_key欠落・gbif_match_type=NULL）
satsuma hemihelva,Satsuma hemihelva,ウラキヤマタカマイマイ,貝類,,絶滅危惧I類（CR+EN）,,,moe_redlist,GBIFへの照会自体が未実施（gbif_taxon_key欠落・gbif_match_type=NULL）
satsuma iheyaensis,Satsuma iheyaensis,イヘヤヤマタカマイマイ,貝類,,絶滅危惧I類（CR+EN）,,,moe_redlist,GBIFへの照会自体が未実施（gbif_taxon_key欠落・gbif_match_type=NULL）
satsuma jacobii,Satsuma jacobii,ヤコビマイマイ,貝類,,絶滅危惧I類（CR+EN）,,,moe_redlist,GBIFへの照会自体が未実施（gbif_taxon_key欠落・gbif_match_type=NULL）
satsuma kanamarui,Satsuma kanamarui,カナマルマイマイ,貝類,,絶滅危惧I類（CR+EN）,,,moe_redlist,GBIFへの照会自体が未実施（gbif_taxon_key欠落・gbif_match_type=NULL）
satsuma kumejimaensis,Satsuma kumejimaensis,クメジママイマイ,貝類,,絶滅危惧I類（CR+EN）,,,moe_redlist,GBIFへの照会自体が未実施（gbif_taxon_key欠落・gbif_match_type=NULL）
satsuma largillierti,Satsuma largillierti,シラユキヤマタカマイマイ,貝類,,絶滅危惧IB類（EN）,,,moe_redlist,GBIFへの照会自体が未実施（gbif_taxon_key欠落・gbif_match_type=NULL）
satsuma lepidophora,Satsuma lepidophora,ウロコマイマイ,貝類,,絶滅危惧I類（CR+EN）,,,moe_redlist,GBIFへの照会自体が未実施（gbif_taxon_key欠落・gbif_match_type=NULL）
satsuma mercatoria euterpe,Satsuma mercatoria euterpe,クンチャンマイマイ,貝類,,絶滅危惧II類（VU）,,,moe_redlist,GBIFへの照会自体が未実施（gbif_taxon_key欠落・gbif_match_type=NULL）
satsuma mercatoria iejimana,Satsuma mercatoria iejimana,イエジママイマイ,貝類,,準絶滅危惧（NT）,,,moe_redlist,GBIFへの照会自体が未実施（gbif_taxon_key欠落・gbif_match_type=NULL）
satsuma moellendorffiana moellendorffiana,Satsuma moellendorffiana moellendorffiana,メルレンドルフマイマイ,貝類,,絶滅危惧I類（CR+EN）,,,moe_redlist,GBIFへの照会自体が未実施（gbif_taxon_key欠落・gbif_match_type=NULL）
satsuma moellendorffiana thaanumi,Satsuma moellendorffiana thaanumi,ミノブマイマイ,貝類,,絶滅危惧II類（VU）,,,moe_redlist,GBIFへの照会自体が未実施（gbif_taxon_key欠落・gbif_match_type=NULL）
satsuma myomphala fukashimana,Satsuma myomphala fukashimana,フカシマコベソマイマイ,貝類,,準絶滅危惧（NT）,,,moe_redlist,GBIFへの照会自体が未実施（gbif_taxon_key欠落・gbif_match_type=NULL）
satsuma nakayamai,Satsuma nakayamai,ナカヤママイマイ,貝類,,絶滅危惧I類（CR+EN）,,,moe_redlist,GBIFへの照会自体が未実施（gbif_taxon_key欠落・gbif_match_type=NULL）
satsuma okiensis,Satsuma okiensis,オキシメクチマイマイ,貝類,,準絶滅危惧（NT）,,,moe_redlist,GBIFへの照会自体が未実施（gbif_taxon_key欠落・gbif_match_type=NULL）
satsuma omoro,Satsuma omoro,オモロヤマタカマイマイ,貝類,,絶滅危惧II類（VU）,,,moe_redlist,GBIFへの照会自体が未実施（gbif_taxon_key欠落・gbif_match_type=NULL）
satsuma omphalodes,Satsuma omphalodes,サンインコベソマイマイ,貝類,,準絶滅危惧（NT）,,,moe_redlist,GBIFへの照会自体が未実施（gbif_taxon_key欠落・gbif_match_type=NULL）
satsuma oshimae daemonorum,Satsuma oshimae daemonorum,キカイオオシママイマイ,貝類,,絶滅危惧II類（VU）,,,moe_redlist,GBIFへの照会自体が未実施（gbif_taxon_key欠落・gbif_match_type=NULL）
satsuma pagodula,Satsuma pagodula,ヒメタマゴマイマイ,貝類,,準絶滅危惧（NT）,,,moe_redlist,GBIFへの照会自体が未実施（gbif_taxon_key欠落・gbif_match_type=NULL）
satsuma papilliformis,Satsuma papilliformis,ヤマタカマイマイ,貝類,,準絶滅危惧（NT）,,,moe_redlist,GBIFへの照会自体が未実施（gbif_taxon_key欠落・gbif_match_type=NULL）
satsuma perversa,Satsuma perversa,リュウキュウヒダリマキマイマイ,貝類,,絶滅危惧II類（VU）,,,moe_redlist,GBIFへの照会自体が未実施（gbif_taxon_key欠落・gbif_match_type=NULL）
satsuma rugosa,Satsuma rugosa,チリメンマイマイ,貝類,,絶滅危惧II類（VU）,,,moe_redlist,GBIFへの照会自体が未実施（gbif_taxon_key欠落・gbif_match_type=NULL）
satsuma sadamii,Satsuma sadamii,サダミマイマイ,貝類,,絶滅危惧I類（CR+EN）,,,moe_redlist,GBIFへの照会自体が未実施（gbif_taxon_key欠落・gbif_match_type=NULL）
satsuma sakishimana,Satsuma sakishimana,サキシマヒシマイマイ,貝類,,絶滅危惧I類（CR+EN）,,,moe_redlist,GBIFへの照会自体が未実施（gbif_taxon_key欠落・gbif_match_type=NULL）
satsuma selasia,Satsuma selasia,ツヤマイマイ,貝類,,絶滅危惧II類（VU）,,,moe_redlist,GBIFへの照会自体が未実施（gbif_taxon_key欠落・gbif_match_type=NULL）
satsuma shigetai,Satsuma shigetai,アマミヤマタカマイマイ,貝類,,絶滅危惧I類（CR+EN）,,,moe_redlist,GBIFへの照会自体が未実施（gbif_taxon_key欠落・gbif_match_type=NULL）
satsuma sororcula,Satsuma sororcula,ウラジロヤマタカマイマイ,貝類,,絶滅危惧I類（CR+EN）,,,moe_redlist,GBIFへの照会自体が未実施（gbif_taxon_key欠落・gbif_match_type=NULL）
satsuma sp.,Satsuma sp.,シズオカマイマイ,貝類,,絶滅危惧II類（VU）,,,moe_redlist,GBIFへの照会自体が未実施（gbif_taxon_key欠落・gbif_match_type=NULL）
satsuma sp. a,Satsuma sp. A,サンエンマイマイ,貝類,,絶滅危惧IB類（EN）,,,moe_redlist,GBIFへの照会自体が未実施（gbif_taxon_key欠落・gbif_match_type=NULL）
satsuma sp. b,Satsuma sp. B,トナキマイマイ,貝類,,絶滅危惧II類（VU）,,,moe_redlist,GBIFへの照会自体が未実施（gbif_taxon_key欠落・gbif_match_type=NULL）
satsuma tadai,Satsuma tadai,タダマイマイ,貝類,,準絶滅危惧（NT）,,,moe_redlist,GBIFへの照会自体が未実施（gbif_taxon_key欠落・gbif_match_type=NULL）
satsuma tanegashimae,Satsuma tanegashimae,タネガシママイマイ,貝類,,準絶滅危惧（NT）,,,moe_redlist,GBIFへの照会自体が未実施（gbif_taxon_key欠落・gbif_match_type=NULL）
satsuma textilis,Satsuma textilis,オオツヤマイマイ,貝類,,絶滅危惧II類（VU）,,,moe_redlist,GBIFへの照会自体が未実施（gbif_taxon_key欠落・gbif_match_type=NULL）
satsuma tokunoshimana,Satsuma tokunoshimana,トクノシマヤマタカマイマイ,貝類,,絶滅危惧II類（VU）,,,moe_redlist,GBIFへの照会自体が未実施（gbif_taxon_key欠落・gbif_match_type=NULL）
satsuma tsurugisanica,Satsuma tsurugisanica,ツルギサンマイマイ,貝類,,絶滅危惧II類（VU）,,,moe_redlist,GBIFへの照会自体が未実施（gbif_taxon_key欠落・gbif_match_type=NULL）
satsuma wiegmanniana,Satsuma wiegmanniana,ヒラコベソマイマイ,貝類,,絶滅危惧I類（CR+EN）,,,moe_redlist,GBIFへの照会自体が未実施（gbif_taxon_key欠落・gbif_match_type=NULL）
satsuma yaeyamensis,Satsuma yaeyamensis,クロイワヒダリマキマイマイ,貝類,,準絶滅危惧（NT）,,,moe_redlist,GBIFへの照会自体が未実施（gbif_taxon_key欠落・gbif_match_type=NULL）
saussurea acuminata var. sachalinensis,Saussurea acuminata var. sachalinensis,カラフトアザミ,維管束植物,,絶滅危惧Ⅱ類（VU）,,,moe_redlist,GBIFへの照会自体が未実施（gbif_taxon_key欠落・gbif_match_type=NULL）
saussurea chionophylla,Saussurea chionophylla,ユキバヒゴタイ,維管束植物,,絶滅危惧Ⅱ類（VU）,,,moe_redlist,GBIFへの照会自体が未実施（gbif_taxon_key欠落・gbif_match_type=NULL）
saussurea fauriei,Saussurea fauriei,フォーリーアザミ,維管束植物,,絶滅危惧Ⅱ類（VU）,,,moe_redlist,GBIFへの照会自体が未実施（gbif_taxon_key欠落・gbif_match_type=NULL）
saussurea franchetii,Saussurea franchetii,ミヤマキタアザミ,維管束植物,,絶滅危惧Ⅱ類（VU）,,,moe_redlist,GBIFへの照会自体が未実施（gbif_taxon_key欠落・gbif_match_type=NULL）
saussurea inaensis,Saussurea inaensis,イナトウヒレン,維管束植物,,絶滅危惧Ⅱ類（VU）,,,moe_redlist,GBIFへの照会自体が未実施（gbif_taxon_key欠落・gbif_match_type=NULL）
saussurea insularis,Saussurea insularis,シマトウヒレン,維管束植物,,絶滅危惧ⅠＡ類（CR）,,,moe_redlist,GBIFへの照会自体が未実施（gbif_taxon_key欠落・gbif_match_type=NULL）
saussurea japonica,Saussurea japonica,ヒナヒゴタイ,維管束植物,,絶滅危惧Ⅱ類（VU）,,,moe_redlist,GBIFへの照会自体が未実施（gbif_taxon_key欠落・gbif_match_type=NULL）
saussurea kenjihorieana,Saussurea kenjihorieana,カムイトウヒレン,維管束植物,,絶滅危惧ⅠB類（EN）,,,moe_redlist,GBIFへの照会自体が未実施（gbif_taxon_key欠落・gbif_match_type=NULL）
saussurea kudoana,Saussurea kudoana,ヒダカトウヒレン,維管束植物,,絶滅危惧Ⅱ類（VU）,,,moe_redlist,GBIFへの照会自体が未実施（gbif_taxon_key欠落・gbif_match_type=NULL）
saussurea mikurasimensis,Saussurea mikurasimensis,ミクラジマトウヒレン,維管束植物,,絶滅危惧ⅠＡ類（CR）,,,moe_redlist,GBIFへの照会自体が未実施（gbif_taxon_key欠落・gbif_match_type=NULL）
saussurea modesta,Saussurea modesta,ネコヤマヒゴタイ,維管束植物,,絶滅危惧ⅠB類（EN）,,,moe_redlist,GBIFへの照会自体が未実施（gbif_taxon_key欠落・gbif_match_type=NULL）
saussurea nipponica subsp. nipponica var. yoshinagae,Saussurea nipponica subsp. nipponica var. yoshinagae,トサトウヒレン,維管束植物,,絶滅危惧Ⅱ類（VU）,,,moe_redlist,GBIFへの照会自体が未実施（gbif_taxon_key欠落・gbif_match_type=NULL）
saussurea nipponica subsp. savatieri var. higomontana,Saussurea nipponica subsp. savatieri var. higomontana,ツクシトウヒレン,維管束植物,,絶滅危惧ⅠB類（EN）,,,moe_redlist,GBIFへの照会自体が未実施（gbif_taxon_key欠落・gbif_match_type=NULL）
saussurea nipponica subsp. savatieri var. yakusimensis,Saussurea nipponica subsp. savatieri var. yakusimensis,ヤクシマヒゴタイ,維管束植物,,絶滅危惧ⅠＡ類（CR）,,,moe_redlist,GBIFへの照会自体が未実施（gbif_taxon_key欠落・gbif_match_type=NULL）
saussurea pulchella,Saussurea pulchella,ヒメヒゴタイ,維管束植物,,絶滅危惧Ⅱ類（VU）,,,moe_redlist,GBIFへの照会自体が未実施（gbif_taxon_key欠落・gbif_match_type=NULL）
saussurea yanagisawae var. yanagisawae,Saussurea yanagisawae var. yanagisawae,ウスユキトウヒレン,維管束植物,,絶滅危惧ⅠB類（EN）,,,moe_redlist,GBIFへの照会自体が未実施（gbif_taxon_key欠落・gbif_match_type=NULL）
saxifraga acerifolia,Saxifraga acerifolia,エチゼンダイモンジソウ,維管束植物,,絶滅危惧ⅠB類（EN）,,,moe_redlist,GBIFへの照会自体が未実施（gbif_taxon_key欠落・gbif_match_type=NULL）
saxifraga bracteata,Saxifraga bracteata,キヨシソウ,維管束植物,,絶滅危惧ⅠＡ類（CR）,,,moe_redlist,GBIFへの照会自体が未実施（gbif_taxon_key欠落・gbif_match_type=NULL）
saxifraga bronchialis subsp. funstonii var. yuparensis,Saxifraga bronchialis subsp. funstonii var. yuparensis,ユウバリクモマグサ,維管束植物,,絶滅危惧ⅠＡ類（CR）,,,moe_redlist,GBIFへの照会自体が未実施（gbif_taxon_key欠落・gbif_match_type=NULL）
saxifraga nishidae,Saxifraga nishidae,エゾノクモマグサ,維管束植物,,絶滅危惧ⅠＡ類（CR）,,,moe_redlist,GBIFへの照会自体が未実施（gbif_taxon_key欠落・gbif_match_type=NULL）
saxifraga sendaica,Saxifraga sendaica,センダイソウ,維管束植物,,絶滅危惧Ⅱ類（VU）,,,moe_redlist,GBIFへの照会自体が未実施（gbif_taxon_key欠落・gbif_match_type=NULL）
saxifraga sendaica f. laciniata,Saxifraga sendaica f. laciniata,モミジバセンダイソウ,維管束植物,,絶滅危惧Ⅱ類（VU）,,,moe_redlist,GBIFへの照会自体が未実施（gbif_taxon_key欠落・gbif_match_type=NULL）
scabiosa japonica var. lasiophylla,Scabiosa japonica var. lasiophylla,ソナレマツムシソウ,維管束植物,,絶滅危惧Ⅱ類（VU）,,,moe_redlist,GBIFへの照会自体が未実施（gbif_taxon_key欠落・gbif_match_type=NULL）
scalarignathia montis,Scalarignathia montis,ミスジコスカシバ,昆虫類,,絶滅危惧IB類（EN）,,,moe_redlist,GBIFへの照会自体が未実施（gbif_taxon_key欠落・gbif_match_type=NULL）
scapania ciliatospinosa,Scapania ciliatospinosa,タニガワヒシャクゴケ,蘚苔類,,情報不足（DD）,,,moe_redlist,GBIFへの照会自体が未実施（gbif_taxon_key欠落・gbif_match_type=NULL）
scapania crassiretis,Scapania crassiretis,ツバサヒシャクゴケ,蘚苔類,,情報不足（DD）,,,moe_redlist,GBIFへの照会自体が未実施（gbif_taxon_key欠落・gbif_match_type=NULL）
scapania cuspiduligera,Scapania cuspiduligera,ミゾゴケモドキ,蘚苔類,,絶滅危惧ⅠB類（EN）,,,moe_redlist,GBIFへの照会自体が未実施（gbif_taxon_key欠落・gbif_match_type=NULL）
scapania ornithopoides,Scapania ornithopoides,ムカシヒシャクゴケ,蘚苔類,,絶滅危惧Ⅱ類（VU）,,,moe_redlist,GBIFへの照会自体が未実施（gbif_taxon_key欠落・gbif_match_type=NULL）
scapania verrucosa,Scapania verrucosa,イボヒシャクゴケ,蘚苔類,,絶滅危惧ⅠB類（EN）,,,moe_redlist,GBIFへの照会自体が未実施（gbif_taxon_key欠落・gbif_match_type=NULL）
scarites sulcatus,Scarites sulcatus,オオヒョウタンゴミムシ,昆虫類,,準絶滅危惧（NT）,,,moe_redlist,GBIFへの照会自体が未実施（gbif_taxon_key欠落・gbif_match_type=NULL）
scartelaos histophorus,Scartelaos histophorus,トカゲハゼ,汽水・淡水魚類,,絶滅危惧IA類（CR）,,,moe_redlist,GBIFへの照会自体が未実施（gbif_taxon_key欠落・gbif_match_type=NULL）
scarus obishime,Scarus obishime,オビシメ,魚類（海洋生物）,,情報不足（DD）,,,moe_redlist,GBIFへの照会自体が未実施（gbif_taxon_key欠落・gbif_match_type=NULL）
schimmelmannia benzaiteniana,Schimmelmannia benzaiteniana,ナガオバネ,藻類,,絶滅危惧Ⅱ類（VU）,,,moe_redlist,GBIFへの照会自体が未実施（gbif_taxon_key欠落・gbif_match_type=NULL）
schismatogobius ampluvinculus,Schismatogobius ampluvinculus,シマエソハゼ,汽水・淡水魚類,,絶滅危惧IB類（EN）,,,moe_redlist,GBIFへの照会自体が未実施（gbif_taxon_key欠落・gbif_match_type=NULL）
schismatogobius roxasi,Schismatogobius roxasi,エソハゼ,汽水・淡水魚類,,絶滅危惧IB類（EN）,,,moe_redlist,GBIFへの照会自体が未実施（gbif_taxon_key欠落・gbif_match_type=NULL）
schistidium maritimum,Schistidium maritimum,ウシオギボウシゴケ,蘚苔類,,絶滅危惧ⅠB類（EN）,,,moe_redlist,GBIFへの照会自体が未実施（gbif_taxon_key欠落・gbif_match_type=NULL）
schistochila nuda,Schistochila nuda,ケナシオヤコゴケ,蘚苔類,,絶滅危惧ⅠB類（EN）,,,moe_redlist,GBIFへの照会自体が未実施（gbif_taxon_key欠落・gbif_match_type=NULL）
schistochila sciurea,Schistochila sciurea,ヤクシマオヤコゴケ,蘚苔類,,絶滅危惧ⅠB類（EN）,,,moe_redlist,GBIFへの照会自体が未実施（gbif_taxon_key欠落・gbif_match_type=NULL）
schistostega pennata,Schistostega pennata,ヒカリゴケ,蘚苔類,,情報不足（DD）,,,moe_redlist,GBIFへの照会自体が未実施（gbif_taxon_key欠落・gbif_match_type=NULL）
schizachne purpurascens subsp. callosa,Schizachne purpurascens subsp. callosa,フォーリーガヤ,維管束植物,,絶滅危惧ⅠB類（EN）,,,moe_redlist,GBIFへの照会自体が未実施（gbif_taxon_key欠落・gbif_match_type=NULL）
schizaea dichotoma,Schizaea dichotoma,カンザシワラビ,維管束植物,,絶滅危惧ⅠB類（EN）,,,moe_redlist,GBIFへの照会自体が未実施（gbif_taxon_key欠落・gbif_match_type=NULL）
schizymenium japonicum,Schizymenium japonicum,ホソバゴケ,蘚苔類,,情報不足（DD）,,,moe_redlist,GBIFへの照会自体が未実施（gbif_taxon_key欠落・gbif_match_type=NULL）
schoenoplectiella gemmifera,Schoenoplectiella gemmifera,ハタベカンガレイ,維管束植物,,絶滅危惧Ⅱ類（VU）,,,moe_redlist,GBIFへの照会自体が未実施（gbif_taxon_key欠落・gbif_match_type=NULL）
schoenoplectiella mucronata var. ishizawae,Schoenoplectiella mucronata var. ishizawae,ロッカクイ,維管束植物,,絶滅危惧ⅠB類（EN）,,,moe_redlist,GBIFへの照会自体が未実施（gbif_taxon_key欠落・gbif_match_type=NULL）
schoenoplectiella mucronata var. mucronata,Schoenoplectiella mucronata var. mucronata,ヒメカンガレイ,維管束植物,,絶滅危惧Ⅱ類（VU）,,,moe_redlist,GBIFへの照会自体が未実施（gbif_taxon_key欠落・gbif_match_type=NULL）
schoenoplectus subulatus,Schoenoplectus subulatus,イヌフトイ,維管束植物,,絶滅危惧ⅠB類（EN）,,,moe_redlist,GBIFへの照会自体が未実施（gbif_taxon_key欠落・gbif_match_type=NULL）
schoenus calostachyus,Schoenus calostachyus,イヘヤヒゲクサ,維管束植物,,絶滅危惧ⅠB類（EN）,,,moe_redlist,GBIFへの照会自体が未実施（gbif_taxon_key欠落・gbif_match_type=NULL）
sciaphila kozushimensis,Sciaphila kozushimensis,コウヅシマソウ,維管束植物,,絶滅危惧ⅠＡ類（CR）,,,moe_redlist,GBIFへの照会自体が未実施（gbif_taxon_key欠落・gbif_match_type=NULL）
sciaphila megastyla,Sciaphila megastyla,タナカソウ,維管束植物,,絶滅危惧ⅠB類（EN）,,,moe_redlist,GBIFへの照会自体が未実施（gbif_taxon_key欠落・gbif_match_type=NULL）
sciaphila multiflora,Sciaphila multiflora,イシガキソウ,維管束植物,,絶滅危惧ⅠＡ類（CR）,,,moe_redlist,GBIFへの照会自体が未実施（gbif_taxon_key欠落・gbif_match_type=NULL）
sciaphila nana,Sciaphila nana,ホンゴウソウ,維管束植物,,準絶滅危惧（NT）,,,moe_redlist,GBIFへの照会自体が未実施（gbif_taxon_key欠落・gbif_match_type=NULL）
sciaphila ramosa,Sciaphila ramosa,スズフリホンゴウソウ,維管束植物,,絶滅危惧Ⅱ類（VU）,,,moe_redlist,GBIFへの照会自体が未実施（gbif_taxon_key欠落・gbif_match_type=NULL）
sciaphila secundiflora,Sciaphila secundiflora,ウエマツソウ,維管束植物,,絶滅危惧Ⅱ類（VU）,,,moe_redlist,GBIFへの照会自体が未実施（gbif_taxon_key欠落・gbif_match_type=NULL）
sciaphila sugimotoi,Sciaphila sugimotoi,オモトソウ,維管束植物,,絶滅危惧ⅠＡ類（CR）,,,moe_redlist,GBIFへの照会自体が未実施（gbif_taxon_key欠落・gbif_match_type=NULL）
sciaphila tenella,Sciaphila tenella,タカクマソウ,維管束植物,,絶滅危惧ⅠＡ類（CR）,,,moe_redlist,GBIFへの照会自体が未実施（gbif_taxon_key欠落・gbif_match_type=NULL）
sciaphila yakushimensis,Sciaphila yakushimensis,ヤクシマソウ,維管束植物,,絶滅危惧ⅠＡ類（CR）,,,moe_redlist,GBIFへの照会自体が未実施（gbif_taxon_key欠落・gbif_match_type=NULL）
scintilla anomala,Scintilla anomala,ツマベニマメアゲマキ,貝類,,準絶滅危惧（NT）,,,moe_redlist,GBIFへの照会自体が未実施（gbif_taxon_key欠落・gbif_match_type=NULL）
scintilla philippinensis,Scintilla philippinensis,ベッコウマメアゲマキ,貝類,,準絶滅危惧（NT）,,,moe_redlist,GBIFへの照会自体が未実施（gbif_taxon_key欠落・gbif_match_type=NULL）
scirpus karuisawensis,Scirpus karuisawensis,ヒメマツカサススキ,維管束植物,,絶滅危惧ⅠB類（EN）,,,moe_redlist,GBIFへの照会自体が未実施（gbif_taxon_key欠落・gbif_match_type=NULL）
scirpus maximowiczii,Scirpus maximowiczii,タカネクロスゲ,維管束植物,,絶滅危惧Ⅱ類（VU）,,,moe_redlist,GBIFへの照会自体が未実施（gbif_taxon_key欠落・gbif_match_type=NULL）
scirpus rosthornii var. kiushuensis,Scirpus rosthornii var. kiushuensis,ツクシアブラガヤ,維管束植物,,絶滅危惧ⅠB類（EN）,,,moe_redlist,GBIFへの照会自体が未実施（gbif_taxon_key欠落・gbif_match_type=NULL）
scissulina dispar,Scissulina dispar,チガイザクラ,貝類,,絶滅危惧II類（VU）,,,moe_redlist,GBIFへの照会自体が未実施（gbif_taxon_key欠落・gbif_match_type=NULL）
sciurus lis,Sciurus lis,九州地方のニホンリス,哺乳類,,絶滅のおそれのある地域個体群（LP）,,,moe_redlist,GBIFへの照会自体が未実施（gbif_taxon_key欠落・gbif_match_type=NULL）
scleria biflora,Scleria biflora,ホソバシンジュガヤ,維管束植物,,絶滅危惧ⅠＡ類（CR）,,,moe_redlist,GBIFへの照会自体が未実施（gbif_taxon_key欠落・gbif_match_type=NULL）
scleria mikawana,Scleria mikawana,ミカワシンジュガヤ,維管束植物,,絶滅危惧Ⅱ類（VU）,,,moe_redlist,GBIFへの照会自体が未実施（gbif_taxon_key欠落・gbif_match_type=NULL）
scleria sumatrensis,Scleria sumatrensis,クロミノシンジュガヤ,維管束植物,,絶滅危惧Ⅱ類（VU）,,,moe_redlist,GBIFへの照会自体が未実施（gbif_taxon_key欠落・gbif_match_type=NULL）
scleroderma polyrhizum,Scleroderma polyrhizum,ツチグリカタカワタケ,菌類,,情報不足（DD）,,,moe_redlist,GBIFへの照会自体が未実施（gbif_taxon_key欠落・gbif_match_type=NULL）
scleromitrion verticillatum,Scleromitrion verticillatum,ヒロハケニオイグサ,維管束植物,,絶滅危惧Ⅱ類（VU）,,,moe_redlist,GBIFへの照会自体が未実施（gbif_taxon_key欠落・gbif_match_type=NULL）
sclerophora amabilis,Sclerophora amabilis,サビクギゴケ,地衣類,,情報不足（DD）,,,moe_redlist,GBIFへの照会自体が未実施（gbif_taxon_key欠落・gbif_match_type=NULL）
sclerophora coniophaea,Sclerophora coniophaea,コフキサビクギゴケ,地衣類,,情報不足（DD）,,,moe_redlist,GBIFへの照会自体が未実施（gbif_taxon_key欠落・gbif_match_type=NULL）
sclerophora pallida,Sclerophora pallida,コガネサビクギゴケ,地衣類,,情報不足（DD）,,,moe_redlist,GBIFへの照会自体が未実施（gbif_taxon_key欠落・gbif_match_type=NULL）
scolopax mira,Scolopax mira,アマミヤマシギ,鳥類,,準絶滅危惧（NT）,,,moe_redlist,GBIFへの照会自体が未実施（gbif_taxon_key欠落・gbif_match_type=NULL）
scolopia oldhamii,Scolopia oldhamii,トゲイヌツゲ,維管束植物,,絶滅危惧Ⅱ類（VU）,,,moe_redlist,GBIFへの照会自体が未実施（gbif_taxon_key欠落・gbif_match_type=NULL）
scolopostethus odoriko,Scolopostethus odoriko,オドリコナガカメムシ,昆虫類,,準絶滅危惧（NT）,,,moe_redlist,GBIFへの照会自体が未実施（gbif_taxon_key欠落・gbif_match_type=NULL）
scorzonera rebunensis,Scorzonera rebunensis,フタナミソウ,維管束植物,,絶滅危惧ⅠＡ類（CR）,,,moe_redlist,GBIFへの照会自体が未実施（gbif_taxon_key欠落・gbif_match_type=NULL）
scrophularia buergeriana,Scrophularia buergeriana,ゴマノハグサ,維管束植物,,準絶滅危惧（NT）,,,moe_redlist,GBIFへの照会自体が未実施（gbif_taxon_key欠落・gbif_match_type=NULL）
scrophularia grayanoides,Scrophularia grayanoides,ハマヒナノウスツボ,維管束植物,,準絶滅危惧（NT）,,,moe_redlist,GBIFへの照会自体が未実施（gbif_taxon_key欠落・gbif_match_type=NULL）
scrophularia kakudensis var. toyamae,Scrophularia kakudensis var. toyamae,ツシマヒナノウスツボ,維管束植物,,絶滅危惧ⅠB類（EN）,,,moe_redlist,GBIFへの照会自体が未実施（gbif_taxon_key欠落・gbif_match_type=NULL）
scutellaria guilielmii,Scutellaria guilielmii,コナミキ,維管束植物,,絶滅危惧Ⅱ類（VU）,,,moe_redlist,GBIFへの照会自体が未実施（gbif_taxon_key欠落・gbif_match_type=NULL）
scutellaria kikai-insularis,Scutellaria kikai-insularis,ヒメタツナミソウ,維管束植物,,絶滅危惧ⅠＡ類（CR）,,,moe_redlist,GBIFへの照会自体が未実施（gbif_taxon_key欠落・gbif_match_type=NULL）
scutellaria kuromidakensis,Scutellaria kuromidakensis,ヤクシマシソバタツナミ,維管束植物,,絶滅危惧Ⅱ類（VU）,,,moe_redlist,GBIFへの照会自体が未実施（gbif_taxon_key欠落・gbif_match_type=NULL）
scutellaria longituba,Scutellaria longituba,ムニンタツナミソウ,維管束植物,,絶滅危惧ⅠB類（EN）,,,moe_redlist,GBIFへの照会自体が未実施（gbif_taxon_key欠落・gbif_match_type=NULL）
scutellaria shikokiana var. pubicaulis,Scutellaria shikokiana var. pubicaulis,ケミヤマナミキ,維管束植物,,絶滅危惧ⅠB類（EN）,,,moe_redlist,GBIFへの照会自体が未実施（gbif_taxon_key欠落・gbif_match_type=NULL）
scutellaria tsusimensis,Scutellaria tsusimensis,アツバタツナミソウ,維管束植物,,準絶滅危惧（NT）,,,moe_redlist,GBIFへの照会自体が未実施（gbif_taxon_key欠落・gbif_match_type=NULL）
scutellaria yezoensis,Scutellaria yezoensis,エゾナミキ,維管束植物,,絶滅危惧Ⅱ類（VU）,,,moe_redlist,GBIFへの照会自体が未実施（gbif_taxon_key欠落・gbif_match_type=NULL）
scutumara enodis,Scutumara enodis,オキナワヒライソモドキ,甲殻類（海洋生物）,,情報不足（DD）,,,moe_redlist,GBIFへの照会自体が未実施（gbif_taxon_key欠落・gbif_match_type=NULL）
scylla olivacea,Scylla olivacea,アカテノコギリガザミ,甲殻類（海洋生物）,,情報不足（DD）,,,moe_redlist,GBIFへの照会自体が未実施（gbif_taxon_key欠落・gbif_match_type=NULL）
scytinium callopismum,Scytinium callopismum,ガリンイワノリ,地衣類,,情報不足（DD）,,,moe_redlist,GBIFへの照会自体が未実施（gbif_taxon_key欠落・gbif_match_type=NULL）
scytinium palmatum,Scytinium palmatum,テガタアオキノリ,地衣類,,情報不足（DD）,,,moe_redlist,GBIFへの照会自体が未実施（gbif_taxon_key欠落・gbif_match_type=NULL）
sebastapistes cyanostigma,Sebastapistes cyanostigma,カスリフサカサゴ,魚類（海洋生物）,,準絶滅危惧（NT）,,,moe_redlist,GBIFへの照会自体が未実施（gbif_taxon_key欠落・gbif_match_type=NULL）
sebastapistes tinkhami,Sebastapistes tinkhami,ニラミカサゴ,魚類（海洋生物）,,準絶滅危惧（NT）,,,moe_redlist,GBIFへの照会自体が未実施（gbif_taxon_key欠落・gbif_match_type=NULL）
sebastes alutus,Sebastes alutus,アラスカメヌケ,魚類（海洋生物）,,情報不足（DD）,,,moe_redlist,GBIFへの照会自体が未実施（gbif_taxon_key欠落・gbif_match_type=NULL）
sebastes baramenuke,Sebastes baramenuke,バラメヌケ,魚類（海洋生物）,,準絶滅危惧（NT）,,,moe_redlist,GBIFへの照会自体が未実施（gbif_taxon_key欠落・gbif_match_type=NULL）
sebastes borealis,Sebastes borealis,ヒレグロメヌケ,魚類（海洋生物）,,準絶滅危惧（NT）,,,moe_redlist,GBIFへの照会自体が未実施（gbif_taxon_key欠落・gbif_match_type=NULL）
sebastes flammeus,Sebastes flammeus,サンコウメヌケ,魚類（海洋生物）,,準絶滅危惧（NT）,,,moe_redlist,GBIFへの照会自体が未実施（gbif_taxon_key欠落・gbif_match_type=NULL）
sebastes iracundus,Sebastes iracundus,オオサガ,魚類（海洋生物）,,準絶滅危惧（NT）,,,moe_redlist,GBIFへの照会自体が未実施（gbif_taxon_key欠落・gbif_match_type=NULL）
sebastes oblongus,Sebastes oblongus,タケノコメバル,魚類（海洋生物）,,準絶滅危惧（NT）,,,moe_redlist,GBIFへの照会自体が未実施（gbif_taxon_key欠落・gbif_match_type=NULL）
sebastesmatsubarae,Sebastesmatsubarae,アコウダイ,魚類（海洋生物）,,情報不足（DD）,,,moe_redlist,GBIFへの照会自体が未実施（gbif_taxon_key欠落・gbif_match_type=NULL）
sebastesmelanostictus,Sebastesmelanostictus,アラメヌケ,魚類（海洋生物）,,準絶滅危惧（NT）,,,moe_redlist,GBIFへの照会自体が未実施（gbif_taxon_key欠落・gbif_match_type=NULL）
sebastosema bubonaria,Sebastosema bubonaria,カバシタムクゲエダシャク,昆虫類,,絶滅危惧IA類（CR）,,,moe_redlist,GBIFへの照会自体が未実施（gbif_taxon_key欠落・gbif_match_type=NULL）
sedirea japonica,Sedirea japonica,ナゴラン,維管束植物,,絶滅危惧ⅠB類（EN）,,,moe_redlist,GBIFへの照会自体が未実施（gbif_taxon_key欠落・gbif_match_type=NULL）
sedum boninense,Sedum boninense,ムニンタイトゴメ,維管束植物,,絶滅危惧ⅠB類（EN）,,,moe_redlist,GBIFへの照会自体が未実施（gbif_taxon_key欠落・gbif_match_type=NULL）
sedum drymarioides,Sedum drymarioides,ナナツガママンネングサ,維管束植物,,絶滅危惧ⅠＡ類（CR）,,,moe_redlist,GBIFへの照会自体が未実施（gbif_taxon_key欠落・gbif_match_type=NULL）
sedum formosanum,Sedum formosanum,ハママンネングサ,維管束植物,,準絶滅危惧（NT）,,,moe_redlist,GBIFへの照会自体が未実施（gbif_taxon_key欠落・gbif_match_type=NULL）
sedum hakonense,Sedum hakonense,マツノハマンネングサ,維管束植物,,準絶滅危惧（NT）,,,moe_redlist,GBIFへの照会自体が未実施（gbif_taxon_key欠落・gbif_match_type=NULL）
sedum kawaraense,Sedum kawaraense,カワラマンネングサ,維管束植物,,絶滅危惧ⅠB類（EN）,,,moe_redlist,GBIFへの照会自体が未実施（gbif_taxon_key欠落・gbif_match_type=NULL）
sedum mukojimense,Sedum mukojimense,ムコジママンネングサ,維管束植物,,絶滅危惧Ⅱ類（VU）,,,moe_redlist,GBIFへの照会自体が未実施（gbif_taxon_key欠落・gbif_match_type=NULL）
sedum polytrichoides subsp. polytrichoides,Sedum polytrichoides subsp. polytrichoides,ウンゼンマンネングサ,維管束植物,,絶滅危惧Ⅱ類（VU）,,,moe_redlist,GBIFへの照会自体が未実施（gbif_taxon_key欠落・gbif_match_type=NULL）
sedum rupifragum,Sedum rupifragum,オオメノマンネングサ,維管束植物,,準絶滅危惧（NT）,,,moe_redlist,GBIFへの照会自体が未実施（gbif_taxon_key欠落・gbif_match_type=NULL）
sedum satumense,Sedum satumense,サツママンネングサ,維管束植物,,準絶滅危惧（NT）,,,moe_redlist,GBIFへの照会自体が未実施（gbif_taxon_key欠落・gbif_match_type=NULL）
sedum tosaense,Sedum tosaense,ヤハズマンネングサ,維管束植物,,絶滅危惧Ⅱ類（VU）,,,moe_redlist,GBIFへの照会自体が未実施（gbif_taxon_key欠落・gbif_match_type=NULL）
sedum zentaro-tashiroi,Sedum zentaro-tashiroi,ヒメマンネングサ,維管束植物,,絶滅危惧ⅠB類（EN）,,,moe_redlist,GBIFへの照会自体が未実施（gbif_taxon_key欠落・gbif_match_type=NULL）
selaginella aristata,Selaginella aristata,コケカタヒバ,維管束植物,,絶滅危惧Ⅱ類（VU）,,,moe_redlist,GBIFへの照会自体が未実施（gbif_taxon_key欠落・gbif_match_type=NULL）
selaginella doederleinii var. opaca,Selaginella doederleinii var. opaca,コウヅシマクラマゴケ,維管束植物,,準絶滅危惧（NT）,,,moe_redlist,GBIFへの照会自体が未実施（gbif_taxon_key欠落・gbif_match_type=NULL）
selaginella flagellifera,Selaginella flagellifera,ツルカタヒバ,維管束植物,,準絶滅危惧（NT）,,,moe_redlist,GBIFへの照会自体が未実施（gbif_taxon_key欠落・gbif_match_type=NULL）
selaginella limbata,Selaginella limbata,アマミクラマゴケ,維管束植物,,絶滅危惧Ⅱ類（VU）,,,moe_redlist,GBIFへの照会自体が未実施（gbif_taxon_key欠落・gbif_match_type=NULL）
selaginella moellendorffii,Selaginella moellendorffii,イヌカタヒバ,維管束植物,,絶滅危惧Ⅱ類（VU）,,,moe_redlist,GBIFへの照会自体が未実施（gbif_taxon_key欠落・gbif_match_type=NULL）
selaginella sibirica,Selaginella sibirica,エゾノヒモカズラ,維管束植物,,絶滅危惧Ⅱ類（VU）,,,moe_redlist,GBIFへの照会自体が未実施（gbif_taxon_key欠落・gbif_match_type=NULL）
selaginella uncinata,Selaginella uncinata,コンテリクラマゴケ（レインボーファーン）,植物,,,その他の総合対策外来種,,moe_ias_list,GBIFへの照会自体が未実施（gbif_taxon_key欠落・gbif_match_type=NULL）
selandria konoi,Selandria konoi,コウノハバチ,昆虫類,,準絶滅危惧（NT）,,,moe_redlist,GBIFへの照会自体が未実施（gbif_taxon_key欠落・gbif_match_type=NULL）
seligeria donniana,Seligeria donniana,ハナシキヌシッポゴケ,蘚苔類,,情報不足（DD）,,,moe_redlist,GBIFへの照会自体が未実施（gbif_taxon_key欠落・gbif_match_type=NULL）
seligeria pusilla,Seligeria pusilla,コキヌシッポゴケ,蘚苔類,,絶滅危惧Ⅱ類（VU）,,,moe_redlist,GBIFへの照会自体が未実施（gbif_taxon_key欠落・gbif_match_type=NULL）
seligeria tristichoides,Seligeria tristichoides,エゾキヌシッポゴケ,蘚苔類,,絶滅危惧ⅠB類（EN）,,,moe_redlist,GBIFへの照会自体が未実施（gbif_taxon_key欠落・gbif_match_type=NULL）
selliguea yakuinsularis,Selliguea yakuinsularis,ヤクシマウラボシ,維管束植物,,絶滅危惧ⅠB類（EN）,,,moe_redlist,GBIFへの照会自体が未実施（gbif_taxon_key欠落・gbif_match_type=NULL）
semelangulus lacrimadugongi,Semelangulus lacrimadugongi,ザンノナミダ,貝類,,準絶滅危惧（NT）,,,moe_redlist,GBIFへの照会自体が未実施（gbif_taxon_key欠落・gbif_match_type=NULL）
semele cordiformis,Semele cordiformis,フルイガイ,貝類,,絶滅危惧I類（CR+EN）,,,moe_redlist,GBIFへの照会自体が未実施（gbif_taxon_key欠落・gbif_match_type=NULL）
semigyalecta paradoxa,Semigyalecta paradoxa,ニセサラゴケ,地衣類,,情報不足（DD）,,,moe_redlist,GBIFへの照会自体が未実施（gbif_taxon_key欠落・gbif_match_type=NULL）
semisulcospira arenicola,Semisulcospira arenicola,ホソマキカワニナ,貝類,,準絶滅危惧（NT）,,,moe_redlist,GBIFへの照会自体が未実施（gbif_taxon_key欠落・gbif_match_type=NULL）
semisulcospira decipiens,Semisulcospira decipiens,タテヒダカワニナ,貝類,,準絶滅危惧（NT）,,,moe_redlist,GBIFへの照会自体が未実施（gbif_taxon_key欠落・gbif_match_type=NULL）
semisulcospira dilatata,Semisulcospira dilatata,フトマキカワニナ,貝類,,情報不足（DD）,,,moe_redlist,GBIFへの照会自体が未実施（gbif_taxon_key欠落・gbif_match_type=NULL）
semisulcospira fluvialis,Semisulcospira fluvialis,ナンゴウカワニナ,貝類,,情報不足（DD）,,,moe_redlist,GBIFへの照会自体が未実施（gbif_taxon_key欠落・gbif_match_type=NULL）
semisulcospira fuscata,Semisulcospira fuscata,クロカワニナ,貝類,,絶滅危惧II類（VU）,,,moe_redlist,GBIFへの照会自体が未実施（gbif_taxon_key欠落・gbif_match_type=NULL）
semisulcospira kurodai,Semisulcospira kurodai,クロダカワニナ,貝類,,準絶滅危惧（NT）,,,moe_redlist,GBIFへの照会自体が未実施（gbif_taxon_key欠落・gbif_match_type=NULL）
semisulcospira morii,Semisulcospira morii,モリカワニナ,貝類,,準絶滅危惧（NT）,,,moe_redlist,GBIFへの照会自体が未実施（gbif_taxon_key欠落・gbif_match_type=NULL）
semisulcospira multigranosa,Semisulcospira multigranosa,イボカワニナ,貝類,,準絶滅危惧（NT）,,,moe_redlist,GBIFへの照会自体が未実施（gbif_taxon_key欠落・gbif_match_type=NULL）
semisulcospira nakasekoae,Semisulcospira nakasekoae,ナカセコカワニナ,貝類,,絶滅危惧I類（CR+EN）,,,moe_redlist,GBIFへの照会自体が未実施（gbif_taxon_key欠落・gbif_match_type=NULL）
semisulcospira niponica,Semisulcospira niponica,ヤマトカワニナ,貝類,,準絶滅危惧（NT）,,,moe_redlist,GBIFへの照会自体が未実施（gbif_taxon_key欠落・gbif_match_type=NULL）
semisulcospira ourensis,Semisulcospira ourensis,オオウラカワニナ,貝類,,情報不足（DD）,,,moe_redlist,GBIFへの照会自体が未実施（gbif_taxon_key欠落・gbif_match_type=NULL）
semisulcospira reticulata,Semisulcospira reticulata,カゴメカワニナ,貝類,,準絶滅危惧（NT）,,,moe_redlist,GBIFへの照会自体が未実施（gbif_taxon_key欠落・gbif_match_type=NULL）
semisulcospira rugosa,Semisulcospira rugosa,タテジワカワニナ,貝類,,情報不足（DD）,,,moe_redlist,GBIFへの照会自体が未実施（gbif_taxon_key欠落・gbif_match_type=NULL）
semisulcospira shiraishiensis,Semisulcospira shiraishiensis,シライシカワニナ,貝類,,準絶滅危惧（NT）,,,moe_redlist,GBIFへの照会自体が未実施（gbif_taxon_key欠落・gbif_match_type=NULL）
semisulcospira takeshimensis,Semisulcospira takeshimensis,タケシマカワニナ,貝類,,準絶滅危惧（NT）,,,moe_redlist,GBIFへの照会自体が未実施（gbif_taxon_key欠落・gbif_match_type=NULL）
senecio argunensis,Senecio argunensis,コウリンギク,維管束植物,,絶滅危惧ⅠB類（EN）,,,moe_redlist,GBIFへの照会自体が未実施（gbif_taxon_key欠落・gbif_match_type=NULL）
senecio scandens,Senecio scandens,タイキンギク,維管束植物,,準絶滅危惧（NT）,,,moe_redlist,GBIFへの照会自体が未実施（gbif_taxon_key欠落・gbif_match_type=NULL）
septaria cumingiana,Septaria cumingiana,カミングフネアマガイ,貝類,,絶滅危惧II類（VU）,,,moe_redlist,GBIFへの照会自体が未実施（gbif_taxon_key欠落・gbif_match_type=NULL）
septaria lineata,Septaria lineata,ベッコウフネアマガイ,貝類,,準絶滅危惧（NT）,,,moe_redlist,GBIFへの照会自体が未実施（gbif_taxon_key欠落・gbif_match_type=NULL）
serissa japonica,Serissa japonica,ハクチョウゲ,維管束植物,,絶滅危惧Ⅱ類（VU）,,,moe_redlist,GBIFへの照会自体が未実施（gbif_taxon_key欠落・gbif_match_type=NULL）
sermyla riqueti,Sermyla riqueti,ネジヒダカワニナ,貝類,,準絶滅危惧（NT）,,,moe_redlist,GBIFへの照会自体が未実施（gbif_taxon_key欠落・gbif_match_type=NULL）
serratina capsoides,Serratina capsoides,ヌノメイチョウシラトリ,貝類,,準絶滅危惧（NT）,,,moe_redlist,GBIFへの照会自体が未実施（gbif_taxon_key欠落・gbif_match_type=NULL）
serratina diaphana,Serratina diaphana,イチョウシラトリ,貝類,,絶滅危惧I類（CR+EN）,,,moe_redlist,GBIFへの照会自体が未実施（gbif_taxon_key欠落・gbif_match_type=NULL）
serratina perplexa,Serratina perplexa,ヒワズウネイチョウ,貝類,,絶滅危惧II類（VU）,,,moe_redlist,GBIFへの照会自体が未実施（gbif_taxon_key欠落・gbif_match_type=NULL）
sesarmoides kraussi,Sesarmoides kraussi,アシナガベンケイガニ,甲殻類（海洋生物）,,情報不足（DD）,,,moe_redlist,GBIFへの照会自体が未実施（gbif_taxon_key欠落・gbif_match_type=NULL）
sesarmops intermedium,Sesarmops intermedium,ベンケイガニ,甲殻類（海洋生物）,,準絶滅危惧（NT）,,,moe_redlist,GBIFへの照会自体が未実施（gbif_taxon_key欠落・gbif_match_type=NULL）
sestrostoma depressum,Sestrostoma depressum,ヒメアカイソモドキ,甲殻類（海洋生物）,,情報不足（DD）,,,moe_redlist,GBIFへの照会自体が未実施（gbif_taxon_key欠落・gbif_match_type=NULL）
sestrostoma toriumii,Sestrostoma toriumii,トリウミアカイソモドキ,甲殻類（海洋生物）,,準絶滅危惧（NT）,,,moe_redlist,GBIFへの照会自体が未実施（gbif_taxon_key欠落・gbif_match_type=NULL）
setaria distans,Setaria distans,コゴメビエ,維管束植物,,準絶滅危惧（NT）,,,moe_redlist,GBIFへの照会自体が未実施（gbif_taxon_key欠落・gbif_match_type=NULL）
setodes turbatus,Setodes turbatus,ギンボシツツトビケラ,昆虫類,,準絶滅危惧（NT）,,,moe_redlist,GBIFへの照会自体が未実施（gbif_taxon_key欠落・gbif_match_type=NULL）
setodes ujiensis,Setodes ujiensis,ウジヒメセトトビケラ（ウジセトトビケラ）,昆虫類,,準絶滅危惧（NT）,,,moe_redlist,GBIFへの照会自体が未実施（gbif_taxon_key欠落・gbif_match_type=NULL）
sheathia abscondita,Sheathia abscondita,コウゼンジカワモズク,藻類,,準絶滅危惧（NT）,,,moe_redlist,GBIFへの照会自体が未実施（gbif_taxon_key欠落・gbif_match_type=NULL）
sheathia arcuata,Sheathia arcuata,チャイロカワモズク,藻類,,準絶滅危惧（NT）,,,moe_redlist,GBIFへの照会自体が未実施（gbif_taxon_key欠落・gbif_match_type=NULL）
"shibataniozephyrus fujisanus (matsumura, 1910)","Shibataniozephyrus fujisanus (Matsumura, 1910)",フジミドリシジミ,昆虫類・クモ類,絶滅危惧ⅠＢ類（EN）,,,NONE,kanagawa_redlist,GBIFへ照会したが一致しなかった（gbif_match_type=NONE）
shijimia moorei moorei,Shijimia moorei moorei,ゴイシツバメシジミ,昆虫類,,絶滅危惧IA類（CR）,,,moe_redlist,GBIFへの照会自体が未実施（gbif_taxon_key欠落・gbif_match_type=NULL）
shijimiaeoides divinus asonis,Shijimiaeoides divinus asonis,オオルリシジミ九州亜種,昆虫類,,絶滅危惧IB類（EN）,,,moe_redlist,GBIFへの照会自体が未実施（gbif_taxon_key欠落・gbif_match_type=NULL）
shijimiaeoides divinus barine,Shijimiaeoides divinus barine,オオルリシジミ本州亜種,昆虫類,,絶滅危惧IA類（CR）,,,moe_redlist,GBIFへの照会自体が未実施（gbif_taxon_key欠落・gbif_match_type=NULL）
shortia rotundifolia,Shortia rotundifolia,シマイワウチワ,維管束植物,,準絶滅危惧（NT）,,,moe_redlist,GBIFへの照会自体が未実施（gbif_taxon_key欠落・gbif_match_type=NULL）
shortia rotundifolia f. amamiana,Shortia rotundifolia f. amamiana,アマミイワウチワ,維管束植物,,絶滅危惧ⅠＡ類（CR）,,,moe_redlist,GBIFへの照会自体が未実施（gbif_taxon_key欠落・gbif_match_type=NULL）
sialis yamatoensis,Sialis yamatoensis,ヤマトセンブリ,昆虫類,,情報不足（DD）,,,moe_redlist,GBIFへの照会自体が未実施（gbif_taxon_key欠落・gbif_match_type=NULL）
sicyonella antennata,Sicyonella antennata,イソサクラエビ,甲殻類（海洋生物）,,情報不足（DD）,,,moe_redlist,GBIFへの照会自体が未実施（gbif_taxon_key欠落・gbif_match_type=NULL）
sicyonella inermis,Sicyonella inermis,和名なし,甲殻類（海洋生物）,,情報不足（DD）,,,moe_redlist,GBIFへの照会自体が未実施（gbif_taxon_key欠落・gbif_match_type=NULL）
sicyonellamaldivensis,Sicyonellamaldivensis,和名なし,甲殻類（海洋生物）,,情報不足（DD）,,,moe_redlist,GBIFへの照会自体が未実施（gbif_taxon_key欠落・gbif_match_type=NULL）
sicyopterus lagocephalus,Sicyopterus lagocephalus,ルリボウズハゼ,汽水・淡水魚類,,絶滅危惧II類（VU）,,,moe_redlist,GBIFへの照会自体が未実施（gbif_taxon_key欠落・gbif_match_type=NULL）
sicyopus auxilimentus,Sicyopus auxilimentus,ヒノコロモボウズハゼ,汽水・淡水魚類,,情報不足（DD）,,,moe_redlist,GBIFへの照会自体が未実施（gbif_taxon_key欠落・gbif_match_type=NULL）
sicyopus zosterophorus,Sicyopus zosterophorus,アカボウズハゼ,汽水・淡水魚類,,絶滅危惧IA類（CR）,,,moe_redlist,GBIFへの照会自体が未実施（gbif_taxon_key欠落・gbif_match_type=NULL）
sideridis incommoda,Sideridis incommoda,アサギリヨトウ（キシダムラサキヨトウ）,昆虫類,,絶滅危惧IA類（CR）,,,moe_redlist,GBIFへの照会自体が未実施（gbif_taxon_key欠落・gbif_match_type=NULL）
sideridis kitti,Sideridis kitti,フジシロミャクヨトウ,昆虫類,,準絶滅危惧（NT）,,,moe_redlist,GBIFへの照会自体が未実施（gbif_taxon_key欠落・gbif_match_type=NULL）
sigaretornus sp. a,Sigaretornus sp. A,イソマイマイ,貝類,,絶滅危惧II類（VU）,,,moe_redlist,GBIFへの照会自体が未実施（gbif_taxon_key欠落・gbif_match_type=NULL）
sigaretornus sp. b,Sigaretornus sp. B,ガタチンナン,貝類,,絶滅危惧II類（VU）,,,moe_redlist,GBIFへの照会自体が未実施（gbif_taxon_key欠落・gbif_match_type=NULL）
silene aomorensis,Silene aomorensis,アオモリマンテマ,維管束植物,,絶滅危惧Ⅱ類（VU）,,,moe_redlist,GBIFへの照会自体が未実施（gbif_taxon_key欠落・gbif_match_type=NULL）
silene armeria,Silene armeria,ムシトリナデシコ（ハエトリナデシコ、コマチソウ）,植物,,,その他の総合対策外来種,,moe_ias_list,GBIFへの照会自体が未実施（gbif_taxon_key欠落・gbif_match_type=NULL）
silene foliosa var. foliosa,Silene foliosa var. foliosa,エゾマンテマ,維管束植物,,絶滅危惧Ⅱ類（VU）,,,moe_redlist,GBIFへの照会自体が未実施（gbif_taxon_key欠落・gbif_match_type=NULL）
silene fulgens,Silene fulgens,エゾセンノウ,維管束植物,,情報不足（DD）,,,moe_redlist,GBIFへの照会自体が未実施（gbif_taxon_key欠落・gbif_match_type=NULL）
silene gallica var. quinquevulnera,Silene gallica var. quinquevulnera,マンテマ（マンテマン）,植物,,,その他の総合対策外来種,,moe_ias_list,GBIFへの照会自体が未実施（gbif_taxon_key欠落・gbif_match_type=NULL）
silene harae,Silene harae,エゾヤママンテマ,維管束植物,,情報不足（DD）,,,moe_redlist,GBIFへの照会自体が未実施（gbif_taxon_key欠落・gbif_match_type=NULL）
silene hidaka-alpina,Silene hidaka-alpina,カムイビランジ,維管束植物,,絶滅危惧ⅠB類（EN）,,,moe_redlist,GBIFへの照会自体が未実施（gbif_taxon_key欠落・gbif_match_type=NULL）
silene keiskei var. keiskei,Silene keiskei var. keiskei,オオビランジ,維管束植物,,準絶滅危惧（NT）,,,moe_redlist,GBIFへの照会自体が未実施（gbif_taxon_key欠落・gbif_match_type=NULL）
silene kiusiana,Silene kiusiana,オグラセンノウ,維管束植物,,絶滅危惧Ⅱ類（VU）,,,moe_redlist,GBIFへの照会自体が未実施（gbif_taxon_key欠落・gbif_match_type=NULL）
silene repens var. apoiensis,Silene repens var. apoiensis,アポイマンテマ,維管束植物,,絶滅危惧ⅠＡ類（CR）,,,moe_redlist,GBIFへの照会自体が未実施（gbif_taxon_key欠落・gbif_match_type=NULL）
silene repens var. latifolia,Silene repens var. latifolia,チシママンテマ,維管束植物,,絶滅危惧ⅠB類（EN）,,,moe_redlist,GBIFへの照会自体が未実施（gbif_taxon_key欠落・gbif_match_type=NULL）
silene repens var. repens,Silene repens var. repens,カラフトマンテマ,維管束植物,,絶滅危惧ⅠB類（EN）,,,moe_redlist,GBIFへの照会自体が未実施（gbif_taxon_key欠落・gbif_match_type=NULL）
silene sieboldii,Silene sieboldii,マツモトセンノウ,維管束植物,,絶滅危惧Ⅱ類（VU）,,,moe_redlist,GBIFへの照会自体が未実施（gbif_taxon_key欠落・gbif_match_type=NULL）
silene tokachiensis,Silene tokachiensis,トカチビランジ,維管束植物,,絶滅危惧ⅠＡ類（CR）,,,moe_redlist,GBIFへの照会自体が未実施（gbif_taxon_key欠落・gbif_match_type=NULL）
silene uralensis,Silene uralensis,タカネマンテマ,維管束植物,,絶滅危惧ⅠＡ類（CR）,,,moe_redlist,GBIFへの照会自体が未実施（gbif_taxon_key欠落・gbif_match_type=NULL）
silene wilfordii,Silene wilfordii,エンビセンノウ,維管束植物,,絶滅危惧Ⅱ類（VU）,,,moe_redlist,GBIFへの照会自体が未実施（gbif_taxon_key欠落・gbif_match_type=NULL）
silene yanoei,Silene yanoei,テバコマンテマ,維管束植物,,絶滅危惧Ⅱ類（VU）,,,moe_redlist,GBIFへの照会自体が未実施（gbif_taxon_key欠落・gbif_match_type=NULL）
silhouettea dotui,Silhouettea dotui,シラヌイハゼ,汽水・淡水魚類,,準絶滅危惧（NT）,,,moe_redlist,GBIFへの照会自体が未実施（gbif_taxon_key欠落・gbif_match_type=NULL）
silhouettea sp.,Silhouettea sp.,ニセシラヌイハゼ,汽水・淡水魚類,,準絶滅危惧（NT）,,,moe_redlist,GBIFへの照会自体が未実施（gbif_taxon_key欠落・gbif_match_type=NULL）
sillaginops macrolepis,Sillaginops macrolepis,アトクギス,汽水・淡水魚類,,絶滅危惧IB類（EN）,,,moe_redlist,GBIFへの照会自体が未実施（gbif_taxon_key欠落・gbif_match_type=NULL）
sillago parvisquamis,Sillago parvisquamis,アオギス,汽水・淡水魚類,,絶滅危惧IA類（CR）,,,moe_redlist,GBIFへの照会自体が未実施（gbif_taxon_key欠落・gbif_match_type=NULL）
silurus lithophilus,Silurus lithophilus,イワトコナマズ,汽水・淡水魚類,,準絶滅危惧（NT）,,,moe_redlist,GBIFへの照会自体が未実施（gbif_taxon_key欠落・gbif_match_type=NULL）
simulium satsumense,Simulium satsumense,サツマツノマユブユ,昆虫類,,絶滅危惧IB類（EN）,,,moe_redlist,GBIFへの照会自体が未実施（gbif_taxon_key欠落・gbif_match_type=NULL）
simulium yonakuniense,Simulium yonakuniense,ヨナクニウォレスブユ,昆虫類,,絶滅危惧IA類（CR）,,,moe_redlist,GBIFへの照会自体が未実施（gbif_taxon_key欠落・gbif_match_type=NULL）
sinanodonta calipygos,Sinanodonta calipygos,マルドブガイ,貝類,,絶滅危惧II類（VU）,,,moe_redlist,GBIFへの照会自体が未実施（gbif_taxon_key欠落・gbif_match_type=NULL）
sinanodonta tumens,Sinanodonta tumens,オグラヌマガイ,貝類,,絶滅危惧IB類（EN）,,,moe_redlist,GBIFへの照会自体が未実施（gbif_taxon_key欠落・gbif_match_type=NULL）
sinocharis korbae,Sinocharis korbae,ノシメコヤガ,昆虫類,,絶滅危惧IA類（CR）,,,moe_redlist,GBIFへの照会自体が未実施（gbif_taxon_key欠落・gbif_match_type=NULL）
sinoennea densecostata,Sinoennea densecostata,コメツブダワラ,貝類,,絶滅危惧II類（VU）,,,moe_redlist,GBIFへの照会自体が未実施（gbif_taxon_key欠落・gbif_match_type=NULL）
sinoennea insularis,Sinoennea insularis,ツヤダワラ,貝類,,準絶滅危惧（NT）,,,moe_redlist,GBIFへの照会自体が未実施（gbif_taxon_key欠落・gbif_match_type=NULL）
sinoennea miyakojimana,Sinoennea miyakojimana,ミヤコダワラ,貝類,,絶滅危惧II類（VU）,,,moe_redlist,GBIFへの照会自体が未実施（gbif_taxon_key欠落・gbif_match_type=NULL）
sinoennea yonakunijimana,Sinoennea yonakunijimana,ヨナクニダワラ,貝類,,絶滅危惧I類（CR+EN）,,,moe_redlist,GBIFへの照会自体が未実施（gbif_taxon_key欠落・gbif_match_type=NULL）
sinohyriopsis schlegelii,Sinohyriopsis schlegelii,イケチョウガイ,貝類,,絶滅危惧IA類（CR）,,,moe_redlist,GBIFへの照会自体が未実施（gbif_taxon_key欠落・gbif_match_type=NULL）
sinonovacula constricta,Sinonovacula constricta,アゲマキ,貝類,,絶滅危惧I類（CR+EN）,,,moe_redlist,GBIFへの照会自体が未実施（gbif_taxon_key欠落・gbif_match_type=NULL）
sinonychus satoi,Sinonychus satoi,サトウカラヒメドロムシ,昆虫類,,絶滅危惧II類（VU）,,,moe_redlist,GBIFへの照会自体が未実施（gbif_taxon_key欠落・gbif_match_type=NULL）
sinum incisum,Sinum incisum,ツガイ,貝類,,準絶滅危惧（NT）,,,moe_redlist,GBIFへの照会自体が未実施（gbif_taxon_key欠落・gbif_match_type=NULL）
sinum planulatum,Sinum planulatum,ツツミガイ,貝類,,準絶滅危惧（NT）,,,moe_redlist,GBIFへの照会自体が未実施（gbif_taxon_key欠落・gbif_match_type=NULL）
siobla metallica,Siobla metallica,ルリコシアカハバチ,昆虫類,,情報不足（DD）,,,moe_redlist,GBIFへの照会自体が未実施（gbif_taxon_key欠落・gbif_match_type=NULL）
siphonacmea oblongata,Siphonacmea oblongata,キタノカラマツガイ,貝類,,準絶滅危惧（NT）,,,moe_redlist,GBIFへの照会自体が未実施（gbif_taxon_key欠落・gbif_match_type=NULL）
siphonogobius nue,Siphonogobius nue,ヌエハゼ,魚類（海洋生物）,,準絶滅危惧（NT）,,,moe_redlist,GBIFへの照会自体が未実施（gbif_taxon_key欠落・gbif_match_type=NULL）
siphonostegia laeta,Siphonostegia laeta,オオヒキヨモギ,維管束植物,,準絶滅危惧（NT）,,,moe_redlist,GBIFへの照会自体が未実施（gbif_taxon_key欠落・gbif_match_type=NULL）
siphula decumbens,Siphula decumbens,コバノシロツノゴケ,地衣類,,情報不足（DD）,,,moe_redlist,GBIFへの照会自体が未実施（gbif_taxon_key欠落・gbif_match_type=NULL）
sirodotia suecica,Sirodotia suecica,セイヨウユタカカワモズク,藻類,,絶滅危惧ⅠB類（EN）,,,moe_redlist,GBIFへの照会自体が未実施（gbif_taxon_key欠落・gbif_match_type=NULL）
sitalina insignis,Sitalina insignis,カサネシタラ,貝類,,準絶滅危惧（NT）,,,moe_redlist,GBIFへの照会自体が未実施（gbif_taxon_key欠落・gbif_match_type=NULL）
sitalina japonica,Sitalina japonica,ウメムラシタラ,貝類,,準絶滅危惧（NT）,,,moe_redlist,GBIFへの照会自体が未実施（gbif_taxon_key欠落・gbif_match_type=NULL）
sitalina latissima,Sitalina latissima,九州以北のヒラシタラ,貝類,,絶滅のおそれのある地域個体群（LP）,,,moe_redlist,GBIFへの照会自体が未実施（gbif_taxon_key欠落・gbif_match_type=NULL）
sitalina sp.,Sitalina sp.,オオカサネシタラ,貝類,,絶滅危惧I類（CR+EN）,,,moe_redlist,GBIFへの照会自体が未実施（gbif_taxon_key欠落・gbif_match_type=NULL）
sium suave var. nipponicum,Sium suave var. nipponicum,ヌマゼリ,維管束植物,,準絶滅危惧（NT）,,,moe_redlist,GBIFへの照会自体が未実施（gbif_taxon_key欠落・gbif_match_type=NULL）
skeletocutis albomarginata,Skeletocutis albomarginata,ダイダイサルノコシカケ,菌類,,情報不足（DD）,,,moe_redlist,GBIFへの照会自体が未実施（gbif_taxon_key欠落・gbif_match_type=NULL）
smaragdia rangiana,Smaragdia rangiana,クサイロカノコ,貝類,,準絶滅危惧（NT）,,,moe_redlist,GBIFへの照会自体が未実施（gbif_taxon_key欠落・gbif_match_type=NULL）
smaragdia souverbiana,Smaragdia souverbiana,キンランカノコ,貝類,,準絶滅危惧（NT）,,,moe_redlist,GBIFへの照会自体が未実施（gbif_taxon_key欠落・gbif_match_type=NULL）
smaragdia sp.,Smaragdia sp.,ウミヒメカノコ,貝類,,絶滅危惧II類（VU）,,,moe_redlist,GBIFへの照会自体が未実施（gbif_taxon_key欠落・gbif_match_type=NULL）
smeagolidae gen. & sp. a,Smeagolidae gen. & sp. A,キタギシマゴクリ,貝類,,絶滅危惧I類（CR+EN）,,,moe_redlist,GBIFへの照会自体が未実施（gbif_taxon_key欠落・gbif_match_type=NULL）
smeagolidae gen. & sp. b,Smeagolidae gen. & sp. B,ヒエンハマゴクリ,貝類,,絶滅危惧I類（CR+EN）,,,moe_redlist,GBIFへの照会自体が未実施（gbif_taxon_key欠落・gbif_match_type=NULL）
smeagolidae gen. & sp. c,Smeagolidae gen. & sp. C,タナゴジマゴクリ,貝類,,絶滅危惧I類（CR+EN）,,,moe_redlist,GBIFへの照会自体が未実施（gbif_taxon_key欠落・gbif_match_type=NULL）
smilax amamiana,Smilax amamiana,アマミヒメカカラ,維管束植物,,絶滅危惧Ⅱ類（VU）,,,moe_redlist,GBIFへの照会自体が未実施（gbif_taxon_key欠落・gbif_match_type=NULL）
smilax biflora var. biflora,Smilax biflora var. biflora,ヒメカカラ,維管束植物,,準絶滅危惧（NT）,,,moe_redlist,GBIFへの照会自体が未実施（gbif_taxon_key欠落・gbif_match_type=NULL）
smilax bracteata var. verruculosa,Smilax bracteata var. verruculosa,アラガタオオサンキライ,維管束植物,,絶滅危惧ⅠB類（EN）,,,moe_redlist,GBIFへの照会自体が未実施（gbif_taxon_key欠落・gbif_match_type=NULL）
smilax fui,Smilax fui,トカラサンキライ,維管束植物,,絶滅危惧Ⅱ類（VU）,,,moe_redlist,GBIFへの照会自体が未実施（gbif_taxon_key欠落・gbif_match_type=NULL）
smilosicyopus leprurus,Smilosicyopus leprurus,カエルハゼ,汽水・淡水魚類,,絶滅危惧IA類（CR）,,,moe_redlist,GBIFへの照会自体が未実施（gbif_taxon_key欠落・gbif_match_type=NULL）
smithia ciliata,Smithia ciliata,シバネム,維管束植物,,情報不足（DD）,,,moe_redlist,GBIFへの照会自体が未実施（gbif_taxon_key欠落・gbif_match_type=NULL）
solanum mauritianum,Solanum mauritianum,ダイオウナスビ,植物,,,重点対策外来種,,moe_ias_list,GBIFへの照会自体が未実施（gbif_taxon_key欠落・gbif_match_type=NULL）
solanum miyakojimense,Solanum miyakojimense,イラブナスビ,維管束植物,,絶滅危惧ⅠＡ類（CR）,,,moe_redlist,GBIFへの照会自体が未実施（gbif_taxon_key欠落・gbif_match_type=NULL）
solecurtus divaricatus,Solecurtus divaricatus,キヌタアゲマキ,貝類,,準絶滅危惧（NT）,,,moe_redlist,GBIFへの照会自体が未実施（gbif_taxon_key欠落・gbif_match_type=NULL）
solecurtus philippinarum,Solecurtus philippinarum,ミナミキヌタアゲマキ,貝類,,準絶滅危惧（NT）,,,moe_redlist,GBIFへの照会自体が未実施（gbif_taxon_key欠落・gbif_match_type=NULL）
solemya japonica,Solemya japonica,アサヒキヌタレガイ,貝類,,絶滅危惧II類（VU）,,,moe_redlist,GBIFへの照会自体が未実施（gbif_taxon_key欠落・gbif_match_type=NULL）
solemya pusilla,Solemya pusilla,キヌタレガイ,貝類,,準絶滅危惧（NT）,,,moe_redlist,GBIFへの照会自体が未実施（gbif_taxon_key欠落・gbif_match_type=NULL）
solen kikuchii,Solen kikuchii,チゴマテ,貝類,,絶滅危惧II類（VU）,,,moe_redlist,GBIFへの照会自体が未実施（gbif_taxon_key欠落・gbif_match_type=NULL）
solen roseomaculatus,Solen roseomaculatus,バラフマテ,貝類,,準絶滅危惧（NT）,,,moe_redlist,GBIFへの照会自体が未実施（gbif_taxon_key欠落・gbif_match_type=NULL）
solen sloanii,Solen sloanii,リュウキュウマテ,貝類,,準絶滅危惧（NT）,,,moe_redlist,GBIFへの照会自体が未実施（gbif_taxon_key欠落・gbif_match_type=NULL）
solen soleneae,Solen soleneae,ジャングサマテ,貝類,,絶滅危惧I類（CR+EN）,,,moe_redlist,GBIFへの照会自体が未実施（gbif_taxon_key欠落・gbif_match_type=NULL）
solen sp.,Solen sp.,ホソバラフマテ,貝類,,絶滅危惧II類（VU）,,,moe_redlist,GBIFへの照会自体が未実施（gbif_taxon_key欠落・gbif_match_type=NULL）
solen strictus,Solen strictus,沖縄島北部のマテガイ,貝類,,絶滅のおそれのある地域個体群（LP）,,,moe_redlist,GBIFへの照会自体が未実施（gbif_taxon_key欠落・gbif_match_type=NULL）
solenogyne mikadoi,Solenogyne mikadoi,コケタンポポ,維管束植物,,絶滅危惧Ⅱ類（VU）,,,moe_redlist,GBIFへの照会自体が未実施（gbif_taxon_key欠落・gbif_match_type=NULL）
solenostoma handelii,Solenostoma handelii,ハンデルソロイゴケ,蘚苔類,,準絶滅危惧（NT）,,,moe_redlist,GBIFへの照会自体が未実施（gbif_taxon_key欠落・gbif_match_type=NULL）
solenostoma hokkaidense,Solenostoma hokkaidense,リシリツボミゴケ,蘚苔類,,情報不足（DD）,,,moe_redlist,GBIFへの照会自体が未実施（gbif_taxon_key欠落・gbif_match_type=NULL）
solidago altissima,Solidago altissima,セイタカアワダチソウ（セイタカアキノキリンソウ）,植物,,,重点対策外来種,,moe_ias_list,GBIFへの照会自体が未実施（gbif_taxon_key欠落・gbif_match_type=NULL）
solidago gigantea var leiophylla,Solidago gigantea var leiophylla,オオアワダチソウ,植物,,,重点対策外来種,,moe_ias_list,GBIFへの照会自体が未実施（gbif_taxon_key欠落・gbif_match_type=NULL）
solidago horieana,Solidago horieana,ソラチアオヤギバナ,維管束植物,,絶滅危惧ⅠB類（EN）,,,moe_redlist,GBIFへの照会自体が未実施（gbif_taxon_key欠落・gbif_match_type=NULL）
solidago yambaruensis,Solidago yambaruensis,ヤンバルアオヤギバナ,維管束植物,,絶滅危惧ⅠＡ類（CR）,,,moe_redlist,GBIFへの照会自体が未実施（gbif_taxon_key欠落・gbif_match_type=NULL）
solitariphaedusa miyoshii,Solitariphaedusa miyoshii,ミヨシギセル,貝類,,絶滅危惧II類（VU）,,,moe_redlist,GBIFへの照会自体が未実施（gbif_taxon_key欠落・gbif_match_type=NULL）
solorina platycarpa,Solorina platycarpa,ヒラミヤイトゴケ,地衣類,,準絶滅危惧（NT）,,,moe_redlist,GBIFへの照会自体が未実施（gbif_taxon_key欠落・gbif_match_type=NULL）
solorina saccata,Solorina saccata,クボミヤイトゴケ,地衣類,,情報不足（DD）,,,moe_redlist,GBIFへの照会自体が未実施（gbif_taxon_key欠落・gbif_match_type=NULL）
solorina spongiosa,Solorina spongiosa,エダウチヤイトゴケ,地衣類,,情報不足（DD）,,,moe_redlist,GBIFへの照会自体が未実施（gbif_taxon_key欠落・gbif_match_type=NULL）
somatochlora clavata,Somatochlora clavata,ハネビロエゾトンボ,昆虫類,,絶滅危惧II類（VU）,,,moe_redlist,GBIFへの照会自体が未実施（gbif_taxon_key欠落・gbif_match_type=NULL）
somniosus (somniosus) pacificus,Somniosus (Somniosus) pacificus,オンデンザメ,魚類（海洋生物）,,情報不足（DD）,,,moe_redlist,GBIFへの照会自体が未実施（gbif_taxon_key欠落・gbif_match_type=NULL）
sonneratia alba,Sonneratia alba,マヤプシギ,維管束植物,,準絶滅危惧（NT）,,,moe_redlist,GBIFへの照会自体が未実施（gbif_taxon_key欠落・gbif_match_type=NULL）
sophora franchetiana,Sophora franchetiana,ツクシムレスズメ,維管束植物,,絶滅危惧ⅠＡ類（CR）,,,moe_redlist,GBIFへの照会自体が未実施（gbif_taxon_key欠落・gbif_match_type=NULL）
sophora tomentosa,Sophora tomentosa,イソフジ,維管束植物,,絶滅危惧Ⅱ類（VU）,,,moe_redlist,GBIFへの照会自体が未実施（gbif_taxon_key欠落・gbif_match_type=NULL）
sorex hosonoi,Sorex hosonoi,アズミトガリネズミ,哺乳類,,準絶滅危惧（NT）,,,moe_redlist,GBIFへの照会自体が未実施（gbif_taxon_key欠落・gbif_match_type=NULL）
sorex shinto shikokensis,Sorex shinto shikokensis,シコクトガリネズミ,哺乳類,,準絶滅危惧（NT）,,,moe_redlist,GBIFへの照会自体が未実施（gbif_taxon_key欠落・gbif_match_type=NULL）
sorghum halepense,Sorghum halepense,セイバンモロコシ（ジョンソングラス）,植物,,,その他の総合対策外来種,,moe_ias_list,GBIFへの照会自体が未実施（gbif_taxon_key欠落・gbif_match_type=NULL）
sorghum nitidum var. nitidum,Sorghum nitidum var. nitidum,コモロコシガヤ,維管束植物,,絶滅危惧ⅠＡ類（CR）,,,moe_redlist,GBIFへの照会自体が未実施（gbif_taxon_key欠落・gbif_match_type=NULL）
spadicocrabro nitobei,Spadicocrabro nitobei,ニトベギングチ,昆虫類,,情報不足（DD）,,,moe_redlist,GBIFへの照会自体が未実施（gbif_taxon_key欠落・gbif_match_type=NULL）
sparganium angustifolium,Sparganium angustifolium,ホソバウキミクリ,維管束植物,,絶滅危惧Ⅱ類（VU）,,,moe_redlist,GBIFへの照会自体が未実施（gbif_taxon_key欠落・gbif_match_type=NULL）
sparganium erectum var. erectum,Sparganium erectum var. erectum,ミクリ,維管束植物,,準絶滅危惧（NT）,,,moe_redlist,GBIFへの照会自体が未実施（gbif_taxon_key欠落・gbif_match_type=NULL）
sparganium eurycarpum subsp. coreanum,Sparganium eurycarpum subsp. coreanum,オオミクリ,維管束植物,,絶滅危惧Ⅱ類（VU）,,,moe_redlist,GBIFへの照会自体が未実施（gbif_taxon_key欠落・gbif_match_type=NULL）
sparganium fallax,Sparganium fallax,ヤマトミクリ,維管束植物,,準絶滅危惧（NT）,,,moe_redlist,GBIFへの照会自体が未実施（gbif_taxon_key欠落・gbif_match_type=NULL）
sparganium glomeratum var. glomeratum,Sparganium glomeratum var. glomeratum,タマミクリ,維管束植物,,準絶滅危惧（NT）,,,moe_redlist,GBIFへの照会自体が未実施（gbif_taxon_key欠落・gbif_match_type=NULL）
sparganium gramineum,Sparganium gramineum,ウキミクリ,維管束植物,,絶滅危惧Ⅱ類（VU）,,,moe_redlist,GBIFへの照会自体が未実施（gbif_taxon_key欠落・gbif_match_type=NULL）
sparganium hyperboreum,Sparganium hyperboreum,チシマミクリ,維管束植物,,絶滅危惧ⅠＡ類（CR）,,,moe_redlist,GBIFへの照会自体が未実施（gbif_taxon_key欠落・gbif_match_type=NULL）
sparganium japonicum,Sparganium japonicum,ナガエミクリ,維管束植物,,準絶滅危惧（NT）,,,moe_redlist,GBIFへの照会自体が未実施（gbif_taxon_key欠落・gbif_match_type=NULL）
sparganium subglobosum,Sparganium subglobosum,ヒメミクリ,維管束植物,,絶滅危惧Ⅱ類（VU）,,,moe_redlist,GBIFへの照会自体が未実施（gbif_taxon_key欠落・gbif_match_type=NULL）
spathoglottis plicata,Spathoglottis plicata,コウトウシラン,維管束植物,,絶滅危惧Ⅱ類（VU）,,,moe_redlist,GBIFへの照会自体が未実施（gbif_taxon_key欠落・gbif_match_type=NULL）
speiredonia inocellata,Speiredonia inocellata,ホラズミクチバ,昆虫類,,準絶滅危惧（NT）,,,moe_redlist,GBIFへの照会自体が未実施（gbif_taxon_key欠落・gbif_match_type=NULL）
sphacelaria nipponica,Sphacelaria nipponica,ナガグンセンクロガシラ,藻類,,準絶滅危惧（NT）,,,moe_redlist,GBIFへの照会自体が未実施（gbif_taxon_key欠落・gbif_match_type=NULL）
sphaeramia nematoptera,Sphaeramia nematoptera,マンジュウイシモチ,魚類（海洋生物）,,準絶滅危惧（NT）,,,moe_redlist,GBIFへの照会自体が未実施（gbif_taxon_key欠落・gbif_match_type=NULL）
"sphaeroderma ohkuboi chûjô, 1940","Sphaeroderma ohkuboi Chûjô, 1940",ヘリグロタマトビハムシ,昆虫類・クモ類,情報不足（DD）,,,NONE,kanagawa_redlist,GBIFへ照会したが一致しなかった（gbif_match_type=NONE）
sphagnum junghuhnianum,Sphagnum junghuhnianum,ホソベリミズゴケ,蘚苔類,,準絶滅危惧（NT）,,,moe_redlist,GBIFへの照会自体が未実施（gbif_taxon_key欠落・gbif_match_type=NULL）
sphagnum palustre,Sphagnum palustre,オオミズゴケ,蘚苔類,,準絶滅危惧（NT）,,,moe_redlist,GBIFへの照会自体が未実施（gbif_taxon_key欠落・gbif_match_type=NULL）
sphedanolestes albipilosus,Sphedanolestes albipilosus,ヒメシマサシガメ,昆虫類,,準絶滅危惧（NT）,,,moe_redlist,GBIFへの照会自体が未実施（gbif_taxon_key欠落・gbif_match_type=NULL）
sphenolobopsis pearsonii,Sphenolobopsis pearsonii,キノボリヤバネゴケ,蘚苔類,,絶滅危惧ⅠB類（EN）,,,moe_redlist,GBIFへの照会自体が未実施（gbif_taxon_key欠落・gbif_match_type=NULL）
sphenolobus saxicola,Sphenolobus saxicola,カラフトイチョウゴケ,蘚苔類,,絶滅危惧ⅠB類（EN）,,,moe_redlist,GBIFへの照会自体が未実施（gbif_taxon_key欠落・gbif_match_type=NULL）
sphex inusitatus fukuianus,Sphex inusitatus fukuianus,フクイアナバチ,昆虫類,,準絶滅危惧（NT）,,,moe_redlist,GBIFへの照会自体が未実施（gbif_taxon_key欠落・gbif_match_type=NULL）
spindasis takanonis,Spindasis takanonis,キマダラルリツバメ,昆虫類,,準絶滅危惧（NT）,,,moe_redlist,GBIFへの照会自体が未実施（gbif_taxon_key欠落・gbif_match_type=NULL）
spinomyces albostrigosus,Spinomyces albostrigosus,ヨウジョウシロヒゲ,地衣類,,情報不足（DD）,,,moe_redlist,GBIFへの照会自体が未実施（gbif_taxon_key欠落・gbif_match_type=NULL）
spiraea media var. sericea,Spiraea media var. sericea,エゾシモツケ,維管束植物,,絶滅危惧Ⅱ類（VU）,,,moe_redlist,GBIFへの照会自体が未実施（gbif_taxon_key欠落・gbif_match_type=NULL）
spiraea nipponica var. ogawae,Spiraea nipponica var. ogawae,キイシモツケ,維管束植物,,準絶滅危惧（NT）,,,moe_redlist,GBIFへの照会自体が未実施（gbif_taxon_key欠落・gbif_match_type=NULL）
spirinchus lanceolatus,Spirinchus lanceolatus,襟裳岬以西のシシャモ,汽水・淡水魚類,,絶滅のおそれのある地域個体群（LP）,,,moe_redlist,GBIFへの照会自体が未実施（gbif_taxon_key欠落・gbif_match_type=NULL）
spirobolus sp.,Spirobolus sp.,ヤエヤママルヤスデ,その他無脊椎動物,,絶滅危惧II類（VU）,,,moe_redlist,GBIFへの照会自体が未実施（gbif_taxon_key欠落・gbif_match_type=NULL）
spizaetus nipalensis orientalis,Spizaetus nipalensis orientalis,クマタカ,鳥類,,絶滅危惧IB類（EN）,,,moe_redlist,GBIFへの照会自体が未実施（gbif_taxon_key欠落・gbif_match_type=NULL）
splachnum ampullaceum,Splachnum ampullaceum,オオツボゴケ,蘚苔類,,絶滅危惧ⅠB類（EN）,,,moe_redlist,GBIFへの照会自体が未実施（gbif_taxon_key欠落・gbif_match_type=NULL）
splachnum melanocaulon,Splachnum melanocaulon,ヒメハナガサゴケ,蘚苔類,,絶滅危惧ⅠB類（EN）,,,moe_redlist,GBIFへの照会自体が未実施（gbif_taxon_key欠落・gbif_match_type=NULL）
splanchnotrophus imagawai,Splanchnotrophus imagawai,ウズヒマワリウミウシヤドリ,甲殻類（海洋生物）,,情報不足（DD）,,,moe_redlist,GBIFへの照会自体が未実施（gbif_taxon_key欠落・gbif_match_type=NULL）
spongilla inarmata,Spongilla inarmata,オオツカイメン,その他無脊椎動物,,情報不足（DD）,,,moe_redlist,GBIFへの照会自体が未実施（gbif_taxon_key欠落・gbif_match_type=NULL）
sporobolus hancei,Sporobolus hancei,ヒメネズミノオ,維管束植物,,絶滅危惧ⅠＡ類（CR）,,,moe_redlist,GBIFへの照会自体が未実施（gbif_taxon_key欠落・gbif_match_type=NULL）
squalidus chankaensis biwae,Squalidus chankaensis biwae,スゴモロコ,汽水・淡水魚類,,絶滅危惧II類（VU）,,,moe_redlist,GBIFへの照会自体が未実施（gbif_taxon_key欠落・gbif_match_type=NULL）
squalidus japonicus japonicus,Squalidus japonicus japonicus,デメモロコ,汽水・淡水魚類,,絶滅危惧II類（VU）,,,moe_redlist,GBIFへの照会自体が未実施（gbif_taxon_key欠落・gbif_match_type=NULL）
squalusmitsukurii,Squalusmitsukurii,フトツノザメ,魚類（海洋生物）,,準絶滅危惧（NT）,,NONE,moe_redlist,GBIFへ照会したが一致しなかった（gbif_match_type=NONE）
squatina formosa,Squatina formosa,タイワンコロザメ,魚類（海洋生物）,,情報不足（DD）,,,moe_redlist,GBIFへの照会自体が未実施（gbif_taxon_key欠落・gbif_match_type=NULL）
squatina nebulosa,Squatina nebulosa,コロザメ,魚類（海洋生物）,,情報不足（DD）,,,moe_redlist,GBIFへの照会自体が未実施（gbif_taxon_key欠落・gbif_match_type=NULL）
stachytarpheta spp.,Stachytarpheta spp.,ナガボソウ属,植物,,,その他の総合対策外来種,,moe_ias_list,GBIFへの照会自体が未実施（gbif_taxon_key欠落・gbif_match_type=NULL）
stachyurus macrocarpus var. macrocarpus,Stachyurus macrocarpus var. macrocarpus,ナガバキブシ,維管束植物,,絶滅危惧ⅠＡ類（CR）,,,moe_redlist,GBIFへの照会自体が未実施（gbif_taxon_key欠落・gbif_match_type=NULL）
stachyurus macrocarpus var. prunifolius,Stachyurus macrocarpus var. prunifolius,ハザクラキブシ,維管束植物,,絶滅危惧ⅠＡ類（CR）,,,moe_redlist,GBIFへの照会自体が未実施（gbif_taxon_key欠落・gbif_match_type=NULL）
stanulus talboti,Stanulus talboti,ツマリギンポ,魚類（海洋生物）,,情報不足（DD）,,,moe_redlist,GBIFへの照会自体が未実施（gbif_taxon_key欠落・gbif_match_type=NULL）
staurochilus luchuensis,Staurochilus luchuensis,イリオモテラン,維管束植物,,絶滅危惧ⅠＡ類（CR）,,,moe_redlist,GBIFへの照会自体が未実施（gbif_taxon_key欠落・gbif_match_type=NULL）
staurogyne concinnula,Staurogyne concinnula,タイワンサギゴケ,維管束植物,,準絶滅危惧（NT）,,,moe_redlist,GBIFへの照会自体が未実施（gbif_taxon_key欠落・gbif_match_type=NULL）
staurophora celsia,Staurophora celsia,コンゴウミドリヨトウ,昆虫類,,絶滅危惧IB類（EN）,,,moe_redlist,GBIFへの照会自体が未実施（gbif_taxon_key欠落・gbif_match_type=NULL）
stegostoma fasciatum,Stegostoma fasciatum,トラフザメ,魚類（海洋生物）,,情報不足（DD）,,,moe_redlist,GBIFへの照会自体が未実施（gbif_taxon_key欠落・gbif_match_type=NULL）
stelgistra stormi,Stelgistra stormi,スマトライワベンケイガニ,甲殻類（海洋生物）,,情報不足（DD）,,,moe_redlist,GBIFへの照会自体が未実施（gbif_taxon_key欠落・gbif_match_type=NULL）
stellaria bungeana,Stellaria bungeana,オオハコベ,維管束植物,,絶滅危惧Ⅱ類（VU）,,,moe_redlist,GBIFへの照会自体が未実施（gbif_taxon_key欠落・gbif_match_type=NULL）
stellaria calycantha,Stellaria calycantha,カンチヤチハコベ,維管束植物,,絶滅危惧ⅠＡ類（CR）,,,moe_redlist,GBIFへの照会自体が未実施（gbif_taxon_key欠落・gbif_match_type=NULL）
stellaria diandra var. yakumontana,Stellaria diandra var. yakumontana,ヤクシマサワハコベ,維管束植物,,絶滅危惧ⅠB類（EN）,,,moe_redlist,GBIFへの照会自体が未実施（gbif_taxon_key欠落・gbif_match_type=NULL）
stellaria filicaulis,Stellaria filicaulis,イトハコベ,維管束植物,,絶滅危惧ⅠＡ類（CR）,,,moe_redlist,GBIFへの照会自体が未実施（gbif_taxon_key欠落・gbif_match_type=NULL）
stellaria hibinoi,Stellaria hibinoi,ツカモトハコベ,維管束植物,,絶滅危惧Ⅱ類（VU）,,,moe_redlist,GBIFへの照会自体が未実施（gbif_taxon_key欠落・gbif_match_type=NULL）
stellaria humifusa,Stellaria humifusa,エゾハコベ,維管束植物,,絶滅危惧ⅠB類（EN）,,,moe_redlist,GBIFへの照会自体が未実施（gbif_taxon_key欠落・gbif_match_type=NULL）
stellaria nipponica var. yezoensis,Stellaria nipponica var. yezoensis,オオイワツメクサ,維管束植物,,絶滅危惧ⅠＡ類（CR）,,,moe_redlist,GBIFへの照会自体が未実施（gbif_taxon_key欠落・gbif_match_type=NULL）
stellaria pterosperma,Stellaria pterosperma,エゾイワツメクサ,維管束植物,,絶滅危惧ⅠB類（EN）,,,moe_redlist,GBIFへの照会自体が未実施（gbif_taxon_key欠落・gbif_match_type=NULL）
stellaria ruscifolia,Stellaria ruscifolia,シコタンハコベ,維管束植物,,絶滅危惧Ⅱ類（VU）,,,moe_redlist,GBIFへの照会自体が未実施（gbif_taxon_key欠落・gbif_match_type=NULL）
stenalpheus anacanthus,Stenalpheus anacanthus,クボミテッポウエビ,甲殻類（海洋生物）,,準絶滅危惧（NT）,,,moe_redlist,GBIFへの照会自体が未実施（gbif_taxon_key欠落・gbif_match_type=NULL）
stenodynerus ogasawaraensis,Stenodynerus ogasawaraensis,オガサワラチビドロバチ,昆虫類,,準絶滅危惧（NT）,,,moe_redlist,GBIFへの照会自体が未実施（gbif_taxon_key欠落・gbif_match_type=NULL）
stenogobius ophthalmoporus,Stenogobius ophthalmoporus,ドウケハゼ,汽水・淡水魚類,,情報不足（DD）,,,moe_redlist,GBIFへの照会自体が未実施（gbif_taxon_key欠落・gbif_match_type=NULL）
stenomelania boninensis,Stenomelania boninensis,オガサワラカワニナ,貝類,,絶滅危惧I類（CR+EN）,,,moe_redlist,GBIFへの照会自体が未実施（gbif_taxon_key欠落・gbif_match_type=NULL）
stenomelania costellaris,Stenomelania costellaris,アマミカワニナ,貝類,,絶滅危惧I類（CR+EN）,,,moe_redlist,GBIFへの照会自体が未実施（gbif_taxon_key欠落・gbif_match_type=NULL）
stenomelania juncea,Stenomelania juncea,ヨシカワニナ,貝類,,絶滅危惧I類（CR+EN）,,,moe_redlist,GBIFへの照会自体が未実施（gbif_taxon_key欠落・gbif_match_type=NULL）
stenomelania sp. a,Stenomelania sp. A,ムチカワニナ,貝類,,絶滅危惧I類（CR+EN）,,,moe_redlist,GBIFへの照会自体が未実施（gbif_taxon_key欠落・gbif_match_type=NULL）
stenomelania sp. b,Stenomelania sp. B,タケノコカワニナ,貝類,,絶滅危惧II類（VU）,,,moe_redlist,GBIFへの照会自体が未実施（gbif_taxon_key欠落・gbif_match_type=NULL）
stenomelania uniformis,Stenomelania uniformis,スグカワニナ,貝類,,絶滅危惧I類（CR+EN）,,,moe_redlist,GBIFへの照会自体が未実施（gbif_taxon_key欠落・gbif_match_type=NULL）
stenonabis extremus,Stenonabis extremus,ツマグロマキバサシガメ,昆虫類,,準絶滅危惧（NT）,,,moe_redlist,GBIFへの照会自体が未実施（gbif_taxon_key欠落・gbif_match_type=NULL）
stenopeltis gracilis,Stenopeltis gracilis,ホソバノガラガラモドキ,藻類,,情報不足（DD）,,,moe_redlist,GBIFへの照会自体が未実施（gbif_taxon_key欠落・gbif_match_type=NULL）
stenopus pyrsonotus,Stenopus pyrsonotus,クメジマオトヒメエビ,甲殻類（海洋生物）,,情報不足（DD）,,,moe_redlist,GBIFへの照会自体が未実施（gbif_taxon_key欠落・gbif_match_type=NULL）
stenothyra basiangulata,Stenothyra basiangulata,オキナワミズゴマツボ,貝類,,準絶滅危惧（NT）,,,moe_redlist,GBIFへの照会自体が未実施（gbif_taxon_key欠落・gbif_match_type=NULL）
stenothyra edogawensis,Stenothyra edogawensis,エドガワミズゴマツボ（ウミゴマツボ）,貝類,,準絶滅危惧（NT）,,,moe_redlist,GBIFへの照会自体が未実施（gbif_taxon_key欠落・gbif_match_type=NULL）
stenothyra japonica,Stenothyra japonica,ミズゴマツボ,貝類,,絶滅危惧II類（VU）,,,moe_redlist,GBIFへの照会自体が未実施（gbif_taxon_key欠落・gbif_match_type=NULL）
stenothyra recondita,Stenothyra recondita,エゾミズゴマツボ（カラフトミズゴマツボ）,貝類,,絶滅危惧II類（VU）,,,moe_redlist,GBIFへの照会自体が未実施（gbif_taxon_key欠落・gbif_match_type=NULL）
stenothyra thermaecola,Stenothyra thermaecola,オンセンゴマツボ（オンセンミズゴマツボ）,貝類,,絶滅危惧I類（CR+EN）,,,moe_redlist,GBIFへの照会自体が未実施（gbif_taxon_key欠落・gbif_match_type=NULL）
stenygrinum quadrinotatum,Stenygrinum quadrinotatum,ヨツボシカミキリ,昆虫類,,絶滅危惧IB類（EN）,,,moe_redlist,GBIFへの照会自体が未実施（gbif_taxon_key欠落・gbif_match_type=NULL）
stereodontopsis pseudorevoluta,Stereodontopsis pseudorevoluta,フトハイゴケ,蘚苔類,,絶滅危惧Ⅱ類（VU）,,,moe_redlist,GBIFへの照会自体が未実施（gbif_taxon_key欠落・gbif_match_type=NULL）
stereophaedusa addisoni plagioptyx,Stereophaedusa addisoni plagioptyx,ハスヒダギセル,貝類,,準絶滅危惧（NT）,,,moe_redlist,GBIFへの照会自体が未実施（gbif_taxon_key欠落・gbif_match_type=NULL）
stereophaedusa affinis,Stereophaedusa affinis,シコクタケノコギセル,貝類,,絶滅危惧I類（CR+EN）,,,moe_redlist,GBIFへの照会自体が未実施（gbif_taxon_key欠落・gbif_match_type=NULL）
stereophaedusa azumai,Stereophaedusa azumai,アズマギセル,貝類,,絶滅危惧IB類（EN）,,,moe_redlist,GBIFへの照会自体が未実施（gbif_taxon_key欠落・gbif_match_type=NULL）
stereophaedusa callistochila,Stereophaedusa callistochila,キンチャクギセル,貝類,,絶滅危惧II類（VU）,,,moe_redlist,GBIFへの照会自体が未実施（gbif_taxon_key欠落・gbif_match_type=NULL）
stereophaedusa caloptyx caloptyx,Stereophaedusa caloptyx caloptyx,イトカケノミギセル,貝類,,絶滅危惧II類（VU）,,,moe_redlist,GBIFへの照会自体が未実施（gbif_taxon_key欠落・gbif_match_type=NULL）
stereophaedusa caloptyx subtilis,Stereophaedusa caloptyx subtilis,ヤクスギイトカケノミギセル,貝類,,絶滅危惧II類（VU）,,,moe_redlist,GBIFへの照会自体が未実施（gbif_taxon_key欠落・gbif_match_type=NULL）
stereophaedusa caudata,Stereophaedusa caudata,トクネニヤダマシギセル,貝類,,絶滅危惧IB類（EN）,,,moe_redlist,GBIFへの照会自体が未実施（gbif_taxon_key欠落・gbif_match_type=NULL）
stereophaedusa costifera,Stereophaedusa costifera,タイシャクギセル,貝類,,絶滅危惧I類（CR+EN）,,,moe_redlist,GBIFへの照会自体が未実施（gbif_taxon_key欠落・gbif_match_type=NULL）
stereophaedusa elongata,Stereophaedusa elongata,タケノコギセル,貝類,,絶滅危惧I類（CR+EN）,,,moe_redlist,GBIFへの照会自体が未実施（gbif_taxon_key欠落・gbif_match_type=NULL）
stereophaedusa hemileuca hemileuca,Stereophaedusa hemileuca hemileuca,ハンジロギセル,貝類,,絶滅危惧I類（CR+EN）,,,moe_redlist,GBIFへの照会自体が未実施（gbif_taxon_key欠落・gbif_match_type=NULL）
stereophaedusa hemileuca takii,Stereophaedusa hemileuca takii,タキギセル,貝類,,絶滅危惧I類（CR+EN）,,,moe_redlist,GBIFへの照会自体が未実施（gbif_taxon_key欠落・gbif_match_type=NULL）
stereophaedusa hickonis mikawa,Stereophaedusa hickonis mikawa,ミカワギセル,貝類,,準絶滅危惧（NT）,,,moe_redlist,GBIFへの照会自体が未実施（gbif_taxon_key欠落・gbif_match_type=NULL）
stereophaedusa higomonticola,Stereophaedusa higomonticola,ヒゴコンボウギセル,貝類,,絶滅危惧I類（CR+EN）,,,moe_redlist,GBIFへの照会自体が未実施（gbif_taxon_key欠落・gbif_match_type=NULL）
stereophaedusa hiraseana,Stereophaedusa hiraseana,トクサギセル,貝類,,絶滅危惧I類（CR+EN）,,,moe_redlist,GBIFへの照会自体が未実施（gbif_taxon_key欠落・gbif_match_type=NULL）
stereophaedusa hooyoensis,Stereophaedusa hooyoensis,ホウヨギセル,貝類,,準絶滅危惧（NT）,,,moe_redlist,GBIFへの照会自体が未実施（gbif_taxon_key欠落・gbif_match_type=NULL）
stereophaedusa ijimae,Stereophaedusa ijimae,イイジマギセル,貝類,,絶滅危惧I類（CR+EN）,,,moe_redlist,GBIFへの照会自体が未実施（gbif_taxon_key欠落・gbif_match_type=NULL）
stereophaedusa inclyta,Stereophaedusa inclyta,リュウキュウギセル,貝類,,絶滅危惧I類（CR+EN）,,,moe_redlist,GBIFへの照会自体が未実施（gbif_taxon_key欠落・gbif_match_type=NULL）
stereophaedusa interlamellaris,Stereophaedusa interlamellaris,カタギセル,貝類,,準絶滅危惧（NT）,,,moe_redlist,GBIFへの照会自体が未実施（gbif_taxon_key欠落・gbif_match_type=NULL）
stereophaedusa jacobiella,Stereophaedusa jacobiella,ヒメヤコビギセル,貝類,,準絶滅危惧（NT）,,,moe_redlist,GBIFへの照会自体が未実施（gbif_taxon_key欠落・gbif_match_type=NULL）
stereophaedusa kamoharai,Stereophaedusa kamoharai,カモハラギセル,貝類,,絶滅危惧II類（VU）,,,moe_redlist,GBIFへの照会自体が未実施（gbif_taxon_key欠落・gbif_match_type=NULL）
stereophaedusa koshikijimana,Stereophaedusa koshikijimana,コシキジマギセル,貝類,,準絶滅危惧（NT）,,,moe_redlist,GBIFへの照会自体が未実施（gbif_taxon_key欠落・gbif_match_type=NULL）
stereophaedusa mima mima,Stereophaedusa mima mima,ザレギセル,貝類,,絶滅危惧II類（VU）,,,moe_redlist,GBIFへの照会自体が未実施（gbif_taxon_key欠落・gbif_match_type=NULL）
stereophaedusa mima tokunoshimana,Stereophaedusa mima tokunoshimana,トクノシマギセル,貝類,,絶滅危惧II類（VU）,,,moe_redlist,GBIFへの照会自体が未実施（gbif_taxon_key欠落・gbif_match_type=NULL）
stereophaedusa neniopsis,Stereophaedusa neniopsis,ネニヤダマシギセル,貝類,,絶滅危惧I類（CR+EN）,,,moe_redlist,GBIFへの照会自体が未実施（gbif_taxon_key欠落・gbif_match_type=NULL）
stereophaedusa nesiothauma,Stereophaedusa nesiothauma,ヒルグチギセル,貝類,,準絶滅危惧（NT）,,,moe_redlist,GBIFへの照会自体が未実施（gbif_taxon_key欠落・gbif_match_type=NULL）
stereophaedusa nishinoshimana,Stereophaedusa nishinoshimana,ニシノシマギセル,貝類,,絶滅危惧II類（VU）,,,moe_redlist,GBIFへの照会自体が未実施（gbif_taxon_key欠落・gbif_match_type=NULL）
stereophaedusa nugax,Stereophaedusa nugax,コハラブトギセル,貝類,,準絶滅危惧（NT）,,,moe_redlist,GBIFへの照会自体が未実施（gbif_taxon_key欠落・gbif_match_type=NULL）
stereophaedusa okimodoki,Stereophaedusa okimodoki,オキモドキギセル,貝類,,準絶滅危惧（NT）,,,moe_redlist,GBIFへの照会自体が未実施（gbif_taxon_key欠落・gbif_match_type=NULL）
stereophaedusa oshimae degenerata,Stereophaedusa oshimae degenerata,クサレギセル,貝類,,絶滅危惧II類（VU）,,,moe_redlist,GBIFへの照会自体が未実施（gbif_taxon_key欠落・gbif_match_type=NULL）
stereophaedusa oshimae oshimae,Stereophaedusa oshimae oshimae,オオシマギセル,貝類,,準絶滅危惧（NT）,,,moe_redlist,GBIFへの照会自体が未実施（gbif_taxon_key欠落・gbif_match_type=NULL）
stereophaedusa sp. (nl),Stereophaedusa sp. (NL),ナタマメギセル（北部大型）,貝類,,絶滅危惧IB類（EN）,,,moe_redlist,GBIFへの照会自体が未実施（gbif_taxon_key欠落・gbif_match_type=NULL）
stereophaedusa sp. (psl),Stereophaedusa sp. (pSL),ナタマメギセル（偽南部大型）,貝類,,情報不足（DD）,,,moe_redlist,GBIFへの照会自体が未実施（gbif_taxon_key欠落・gbif_match_type=NULL）
stereophaedusa sp. (sl),Stereophaedusa sp. (SL),ナタマメギセル（南部大型）,貝類,,絶滅危惧IB類（EN）,,,moe_redlist,GBIFへの照会自体が未実施（gbif_taxon_key欠落・gbif_match_type=NULL）
stereophaedusa sp. (sm),Stereophaedusa sp. (Sm),ナタマメギセル（小型）,貝類,,絶滅危惧IA類（CR）,,,moe_redlist,GBIFへの照会自体が未実施（gbif_taxon_key欠落・gbif_match_type=NULL）
stereophaedusa striatella,Stereophaedusa striatella,ミヤコオキナワギセル,貝類,,絶滅危惧IA類（CR）,,,moe_redlist,GBIFへの照会自体が未実施（gbif_taxon_key欠落・gbif_match_type=NULL）
stereophaedusa tabukii,Stereophaedusa tabukii,タブキギセル,貝類,,絶滅危惧II類（VU）,,,moe_redlist,GBIFへの照会自体が未実施（gbif_taxon_key欠落・gbif_match_type=NULL）
stereophaedusa tosana,Stereophaedusa tosana,トサギセル,貝類,,準絶滅危惧（NT）,,,moe_redlist,GBIFへの照会自体が未実施（gbif_taxon_key欠落・gbif_match_type=NULL）
stereophaedusa tripleuroptyx,Stereophaedusa tripleuroptyx,クロシマギセル,貝類,,準絶滅危惧（NT）,,,moe_redlist,GBIFへの照会自体が未実施（gbif_taxon_key欠落・gbif_match_type=NULL）
stereophaedusa tryoni,Stereophaedusa tryoni,トライオンギセル,貝類,,絶滅危惧II類（VU）,,,moe_redlist,GBIFへの照会自体が未実施（gbif_taxon_key欠落・gbif_match_type=NULL）
stereophaedusa ujiguntoensis,Stereophaedusa ujiguntoensis,ウジグントウギセル,貝類,,準絶滅危惧（NT）,,,moe_redlist,GBIFへの照会自体が未実施（gbif_taxon_key欠落・gbif_match_type=NULL）
stereophaedusa ultima,Stereophaedusa ultima,ヒメナミギセル,貝類,,絶滅危惧II類（VU）,,,moe_redlist,GBIFへの照会自体が未実施（gbif_taxon_key欠落・gbif_match_type=NULL）
stereophaedusa una,Stereophaedusa una,ナカダチギセル,貝類,,準絶滅危惧（NT）,,,moe_redlist,GBIFへの照会自体が未実施（gbif_taxon_key欠落・gbif_match_type=NULL）
stereophaedusa vasta moriyai,Stereophaedusa vasta moriyai,モリヤギセル,貝類,,準絶滅危惧（NT）,,,moe_redlist,GBIFへの照会自体が未実施（gbif_taxon_key欠落・gbif_match_type=NULL）
stereosandra javanica,Stereosandra javanica,イリオモテムヨウラン,維管束植物,,絶滅危惧Ⅱ類（VU）,,,moe_redlist,GBIFへの照会自体が未実施（gbif_taxon_key欠落・gbif_match_type=NULL）
sterna dougallii bangsi,Sterna dougallii bangsi,ベニアジサシ,鳥類,,絶滅危惧II類（VU）,,,moe_redlist,GBIFへの照会自体が未実施（gbif_taxon_key欠落・gbif_match_type=NULL）
sterna sumatrana sumatrana,Sterna sumatrana sumatrana,エリグロアジサシ,鳥類,,絶滅危惧II類（VU）,,,moe_redlist,GBIFへの照会自体が未実施（gbif_taxon_key欠落・gbif_match_type=NULL）
sticta limbata,Sticta limbata,コフキセンスゴケ,地衣類,,情報不足（DD）,,,moe_redlist,GBIFへの照会自体が未実施（gbif_taxon_key欠落・gbif_match_type=NULL）
stictolejeunea iwatsukii,Stictolejeunea iwatsukii,ゴマダラクサリゴケ,蘚苔類,,絶滅危惧ⅠB類（EN）,,,moe_redlist,GBIFへの照会自体が未実施（gbif_taxon_key欠落・gbif_match_type=NULL）
stigmatodactylus sikokianus,Stigmatodactylus sikokianus,コオロギラン,維管束植物,,絶滅危惧Ⅱ類（VU）,,,moe_redlist,GBIFへの照会自体が未実施（gbif_taxon_key欠落・gbif_match_type=NULL）
stilbum cyanurum pacificum,Stilbum cyanurum pacificum,オオセイボウ本土亜種,昆虫類,,情報不足（DD）,,,moe_redlist,GBIFへの照会自体が未実施（gbif_taxon_key欠落・gbif_match_type=NULL）
stimpsonia chamaedryoides,Stimpsonia chamaedryoides,ホザキザクラ,維管束植物,,絶滅危惧ⅠB類（EN）,,,moe_redlist,GBIFへの照会自体が未実施（gbif_taxon_key欠落・gbif_match_type=NULL）
stiphodon alcedo,Stiphodon alcedo,ヒスイボウズハゼ,汽水・淡水魚類,,絶滅危惧IA類（CR）,,,moe_redlist,GBIFへの照会自体が未実施（gbif_taxon_key欠落・gbif_match_type=NULL）
stiphodon atropurpureus,Stiphodon atropurpureus,コンテリボウズハゼ,汽水・淡水魚類,,絶滅危惧IA類（CR）,,,moe_redlist,GBIFへの照会自体が未実施（gbif_taxon_key欠落・gbif_match_type=NULL）
stiphodon imperiorientis,Stiphodon imperiorientis,ハヤセボウズハゼ,汽水・淡水魚類,,絶滅危惧IA類（CR）,,,moe_redlist,GBIFへの照会自体が未実施（gbif_taxon_key欠落・gbif_match_type=NULL）
stiphodon multisquamus,Stiphodon multisquamus,トラフボウズハゼ,汽水・淡水魚類,,情報不足（DD）,,,moe_redlist,GBIFへの照会自体が未実施（gbif_taxon_key欠落・gbif_match_type=NULL）
stiphodon niraikanaiensis,Stiphodon niraikanaiensis,ニライカナイボウズハゼ,汽水・淡水魚類,,情報不足（DD）,,,moe_redlist,GBIFへの照会自体が未実施（gbif_taxon_key欠落・gbif_match_type=NULL）
stiphodon surrufus,Stiphodon surrufus,カキイロヒメボウズハゼ,汽水・淡水魚類,,情報不足（DD）,,,moe_redlist,GBIFへの照会自体が未実施（gbif_taxon_key欠落・gbif_match_type=NULL）
stiricorsia tosensis,Stiricorsia tosensis,トサヤドリキバチ,昆虫類,,情報不足（DD）,,,moe_redlist,GBIFへの照会自体が未実施（gbif_taxon_key欠落・gbif_match_type=NULL）
stizus pulcherrimus,Stizus pulcherrimus,キアシハナダカバチモドキ,昆虫類,,絶滅危惧II類（VU）,,,moe_redlist,GBIFへの照会自体が未実施（gbif_taxon_key欠落・gbif_match_type=NULL）
stolephorus commersonnii,Stolephorus commersonnii,ヤエヤマアイノコイワシ,魚類（海洋生物）,,情報不足（DD）,,,moe_redlist,GBIFへの照会自体が未実施（gbif_taxon_key欠落・gbif_match_type=NULL）
stosicia annulata,Stosicia annulata,ゴマツボ,貝類,,絶滅危惧II類（VU）,,,moe_redlist,GBIFへの照会自体が未実施（gbif_taxon_key欠落・gbif_match_type=NULL）
stratospongilla akanensis,Stratospongilla akanensis,アカンコカイメン,その他無脊椎動物,,情報不足（DD）,,,moe_redlist,GBIFへの照会自体が未実施（gbif_taxon_key欠落・gbif_match_type=NULL）
stratospongilla clementis,Stratospongilla clementis,ヤワカイメン,その他無脊椎動物,,準絶滅危惧（NT）,,,moe_redlist,GBIFへの照会自体が未実施（gbif_taxon_key欠落・gbif_match_type=NULL）
streptolirion lineare,Streptolirion lineare,アオイカズラ,維管束植物,,絶滅危惧Ⅱ類（VU）,,,moe_redlist,GBIFへの照会自体が未実施（gbif_taxon_key欠落・gbif_match_type=NULL）
strigilla tomlini,Strigilla tomlini,オガタザクラ,貝類,,絶滅危惧I類（CR+EN）,,,moe_redlist,GBIFへの照会自体が未実施（gbif_taxon_key欠落・gbif_match_type=NULL）
strigula bella,Strigula bella,オニマンジュウゴケ,地衣類,,情報不足（DD）,,,moe_redlist,GBIFへの照会自体が未実施（gbif_taxon_key欠落・gbif_match_type=NULL）
strigula concreta,Strigula concreta,ヒラマンジュウゴケ,地衣類,,情報不足（DD）,,,moe_redlist,GBIFへの照会自体が未実施（gbif_taxon_key欠落・gbif_match_type=NULL）
strigula nemathora,Strigula nemathora,ツブマンジュウゴケ,地衣類,,情報不足（DD）,,,moe_redlist,GBIFへの照会自体が未実施（gbif_taxon_key欠落・gbif_match_type=NULL）
strigula obducta,Strigula obducta,コミノマンジュウゴケ,地衣類,,情報不足（DD）,,,moe_redlist,GBIFへの照会自体が未実施（gbif_taxon_key欠落・gbif_match_type=NULL）
strigula subelegans,Strigula subelegans,クロミアオバゴケ,地衣類,,情報不足（DD）,,,moe_redlist,GBIFへの照会自体が未実施（gbif_taxon_key欠落・gbif_match_type=NULL）
strobilomyces mirandus,Strobilomyces mirandus,トライグチ,菌類,,情報不足（DD）,,,moe_redlist,GBIFへの照会自体が未実施（gbif_taxon_key欠落・gbif_match_type=NULL）
strombus gibbosus,Strombus gibbosus,ネジマガキ,貝類,,準絶滅危惧（NT）,,,moe_redlist,GBIFへの照会自体が未実施（gbif_taxon_key欠落・gbif_match_type=NULL）
strombus labiatus,Strombus labiatus,ヒダトリガイ,貝類,,準絶滅危惧（NT）,,,moe_redlist,GBIFへの照会自体が未実施（gbif_taxon_key欠落・gbif_match_type=NULL）
strombus robustus,Strombus robustus,フドロ,貝類,,準絶滅危惧（NT）,,,moe_redlist,GBIFへの照会自体が未実施（gbif_taxon_key欠落・gbif_match_type=NULL）
strombus urceus urceus,Strombus urceus urceus,オハグロガイ,貝類,,準絶滅危惧（NT）,,,moe_redlist,GBIFへの照会自体が未実施（gbif_taxon_key欠落・gbif_match_type=NULL）
"strongylium marseuli lewis, 1894","Strongylium marseuli Lewis, 1894",ハネナシセスジナガキマワリ,昆虫類・クモ類,情報不足（DD）,,,NONE,kanagawa_redlist,GBIFへ照会したが一致しなかった（gbif_match_type=NONE）
stygiotrechus kadanus,Stygiotrechus kadanus,タカモリメクラチビゴミムシ,昆虫類,,絶滅危惧IB類（EN）,,,moe_redlist,GBIFへの照会自体が未実施（gbif_taxon_key欠落・gbif_match_type=NULL）
stygiotrechus kitayamai,Stygiotrechus kitayamai,キタヤマメクラチビゴミムシ,昆虫類,,絶滅危惧IB類（EN）,,,moe_redlist,GBIFへの照会自体が未実施（gbif_taxon_key欠落・gbif_match_type=NULL）
stylurus annulatus,Stylurus annulatus,オオサカサナエ,昆虫類,,絶滅危惧II類（VU）,,,moe_redlist,GBIFへの照会自体が未実施（gbif_taxon_key欠落・gbif_match_type=NULL）
stylurus nagoyanus,Stylurus nagoyanus,ナゴヤサナエ,昆虫類,,絶滅危惧II類（VU）,,,moe_redlist,GBIFへの照会自体が未実施（gbif_taxon_key欠落・gbif_match_type=NULL）
stylurus oculatus,Stylurus oculatus,メガネサナエ,昆虫類,,絶滅危惧II類（VU）,,,moe_redlist,GBIFへの照会自体が未実施（gbif_taxon_key欠落・gbif_match_type=NULL）
styrax japonicus var. tomentosa,Styrax japonicus var. tomentosa,オオバケエゴノキ,維管束植物,,絶滅危惧Ⅱ類（VU）,,,moe_redlist,GBIFへの照会自体が未実施（gbif_taxon_key欠落・gbif_match_type=NULL）
suaeda japonica,Suaeda japonica,シチメンソウ,維管束植物,,絶滅危惧Ⅱ類（VU）,,,moe_redlist,GBIFへの照会自体が未実施（gbif_taxon_key欠落・gbif_match_type=NULL）
suaeda malacosperma,Suaeda malacosperma,ヒロハマツナ,維管束植物,,絶滅危惧Ⅱ類（VU）,,,moe_redlist,GBIFへの照会自体が未実施（gbif_taxon_key欠落・gbif_match_type=NULL）
subularia aquatica,Subularia aquatica,ハリナズナ,維管束植物,,絶滅危惧ⅠB類（EN）,,,moe_redlist,GBIFへの照会自体が未実施（gbif_taxon_key欠落・gbif_match_type=NULL）
succinea sp.,Succinea sp.,ダイトウオカモノアラガイ,貝類,,絶滅危惧IA類（CR）,,,moe_redlist,GBIFへの照会自体が未実施（gbif_taxon_key欠落・gbif_match_type=NULL）
suisha coreana,Suisha coreana,チョウセンケナガニイニイ,昆虫類,,絶滅危惧II類（VU）,,,moe_redlist,GBIFへの照会自体が未実施（gbif_taxon_key欠落・gbif_match_type=NULL）
sukashitrochus carinatus,Sukashitrochus carinatus,スカシエビス,貝類,,絶滅危惧II類（VU）,,,moe_redlist,GBIFへの照会自体が未実施（gbif_taxon_key欠落・gbif_match_type=NULL）
sula sula rubripes,Sula sula rubripes,アカアシカツオドリ,鳥類,,絶滅危惧II類（VU）,,,moe_redlist,GBIFへの照会自体が未実施（gbif_taxon_key欠落・gbif_match_type=NULL）
sus scrofa riukiuanus,Sus scrofa riukiuanus,徳之島のリュウキュウイノシシ,哺乳類,,絶滅のおそれのある地域個体群（LP）,,,moe_redlist,GBIFへの照会自体が未実施（gbif_taxon_key欠落・gbif_match_type=NULL）
suzuka masuzoi,Suzuka masuzoi,マスゾウメクラチビゴミムシ,昆虫類,,絶滅危惧IB類（EN）,,,moe_redlist,GBIFへの照会自体が未実施（gbif_taxon_key欠落・gbif_match_type=NULL）
suzukia luchuensis,Suzukia luchuensis,ヤエヤマスズコウジュ,維管束植物,,絶滅危惧Ⅱ類（VU）,,,moe_redlist,GBIFへの照会自体が未実施（gbif_taxon_key欠落・gbif_match_type=NULL）
swertia makinoana,Swertia makinoana,シマアケボノソウ,維管束植物,,絶滅危惧Ⅱ類（VU）,,,moe_redlist,GBIFへの照会自体が未実施（gbif_taxon_key欠落・gbif_match_type=NULL）
swertia noguchiana,Swertia noguchiana,ソナレセンブリ,維管束植物,,絶滅危惧Ⅱ類（VU）,,,moe_redlist,GBIFへの照会自体が未実施（gbif_taxon_key欠落・gbif_match_type=NULL）
swertia pseudochinensis,Swertia pseudochinensis,ムラサキセンブリ,維管束植物,,準絶滅危惧（NT）,,,moe_redlist,GBIFへの照会自体が未実施（gbif_taxon_key欠落・gbif_match_type=NULL）
swertia swertopsis,Swertia swertopsis,シノノメソウ,維管束植物,,絶滅危惧Ⅱ類（VU）,,,moe_redlist,GBIFへの照会自体が未実施（gbif_taxon_key欠落・gbif_match_type=NULL）
swertia tosaensis,Swertia tosaensis,イヌセンブリ,維管束植物,,準絶滅危惧（NT）,,,moe_redlist,GBIFへの照会自体が未実施（gbif_taxon_key欠落・gbif_match_type=NULL）
symballophthalmus speciosus,Symballophthalmus speciosus,フタテンアシホソハシリバエ,昆虫類,,準絶滅危惧（NT）,,,moe_redlist,GBIFへの照会自体が未実施（gbif_taxon_key欠落・gbif_match_type=NULL）
symmerus akikoae,Symmerus akikoae,ヒメケヅメカ,昆虫類,,絶滅危惧IB類（EN）,,,moe_redlist,GBIFへの照会自体が未実施（gbif_taxon_key欠落・gbif_match_type=NULL）
symmorphus captivus,Symmorphus captivus,オオハムシドロバチ,昆虫類,,情報不足（DD）,,,moe_redlist,GBIFへの照会自体が未実施（gbif_taxon_key欠落・gbif_match_type=NULL）
sympetrum flaveolum flaveolum,Sympetrum flaveolum flaveolum,エゾアカネ,昆虫類,,絶滅危惧IB類（EN）,,,moe_redlist,GBIFへの照会自体が未実施（gbif_taxon_key欠落・gbif_match_type=NULL）
sympetrum gracile,Sympetrum gracile,ナニワトンボ,昆虫類,,絶滅危惧II類（VU）,,,moe_redlist,GBIFへの照会自体が未実施（gbif_taxon_key欠落・gbif_match_type=NULL）
sympetrum maculatum,Sympetrum maculatum,マダラナニワトンボ,昆虫類,,絶滅危惧IB類（EN）,,,moe_redlist,GBIFへの照会自体が未実施（gbif_taxon_key欠落・gbif_match_type=NULL）
sympetrum uniforme,Sympetrum uniforme,オオキトンボ,昆虫類,,絶滅危惧IB類（EN）,,,moe_redlist,GBIFへの照会自体が未実施（gbif_taxon_key欠落・gbif_match_type=NULL）
symphorichthys spilurus,Symphorichthys spilurus,イレズミフエダイ,魚類（海洋生物）,,準絶滅危惧（NT）,,,moe_redlist,GBIFへの照会自体が未実施（gbif_taxon_key欠落・gbif_match_type=NULL）
symphorus nematophorus,Symphorus nematophorus,イトヒキフエダイ,魚類（海洋生物）,,準絶滅危惧（NT）,,,moe_redlist,GBIFへの照会自体が未実施（gbif_taxon_key欠落・gbif_match_type=NULL）
symphyocladiella dendroidea,Symphyocladiella dendroidea,セトウチハネグサ,藻類,,絶滅危惧Ⅱ類（VU）,,,moe_redlist,GBIFへの照会自体が未実施（gbif_taxon_key欠落・gbif_match_type=NULL）
symphyodon asper,Symphyodon asper,ニセシダレウニゴケ,蘚苔類,,情報不足（DD）,,,moe_redlist,GBIFへの照会自体が未実施（gbif_taxon_key欠落・gbif_match_type=NULL）
symphyodon copelandii,Symphyodon copelandii,チチブウニゴケ,蘚苔類,,情報不足（DD）,,,moe_redlist,GBIFへの照会自体が未実施（gbif_taxon_key欠落・gbif_match_type=NULL）
symphyodon gollanioides,Symphyodon gollanioides,ラッコゴケモドキ,蘚苔類,,情報不足（DD）,,,moe_redlist,GBIFへの照会自体が未実施（gbif_taxon_key欠落・gbif_match_type=NULL）
symphyodon recurvomarginatus,Symphyodon recurvomarginatus,シダレウニゴケ,蘚苔類,,情報不足（DD）,,,moe_redlist,GBIFへの照会自体が未実施（gbif_taxon_key欠落・gbif_match_type=NULL）
symphyodon rheophilus,Symphyodon rheophilus,ナガレウニゴケ,蘚苔類,,情報不足（DD）,,,moe_redlist,GBIFへの照会自体が未実施（gbif_taxon_key欠落・gbif_match_type=NULL）
sympistis funebris kurodakeana,Sympistis funebris kurodakeana,クロダケタカネヨトウ,昆虫類,,準絶滅危惧（NT）,,,moe_redlist,GBIFへの照会自体が未実施（gbif_taxon_key欠落・gbif_match_type=NULL）
symplocarpus nabekuraensis,Symplocarpus nabekuraensis,ナベクラザゼンソウ,維管束植物,,絶滅危惧Ⅱ類（VU）,,,moe_redlist,GBIFへの照会自体が未実施（gbif_taxon_key欠落・gbif_match_type=NULL）
symploce miyakoensis,Symploce miyakoensis,ミヤコモリゴキブリ,昆虫類,,情報不足（DD）,,,moe_redlist,GBIFへの照会自体が未実施（gbif_taxon_key欠落・gbif_match_type=NULL）
symploce okinoerabuensis,Symploce okinoerabuensis,エラブモリゴキブリ,昆虫類,,情報不足（DD）,,,moe_redlist,GBIFへの照会自体が未実施（gbif_taxon_key欠落・gbif_match_type=NULL）
symplocos boninensis,Symplocos boninensis,ムニンクロキ,維管束植物,,絶滅危惧ⅠB類（EN）,,,moe_redlist,GBIFへの照会自体が未実施（gbif_taxon_key欠落・gbif_match_type=NULL）
symplocos kawakamii,Symplocos kawakamii,ウチダシクロキ,維管束植物,,絶滅危惧ⅠＡ類（CR）,,,moe_redlist,GBIFへの照会自体が未実施（gbif_taxon_key欠落・gbif_match_type=NULL）
symplocos konishii,Symplocos konishii,コニシハイノキ,維管束植物,,絶滅危惧ⅠB類（EN）,,,moe_redlist,GBIFへの照会自体が未実施（gbif_taxon_key欠落・gbif_match_type=NULL）
symplocos pergracilis,Symplocos pergracilis,チチジマクロキ,維管束植物,,絶滅危惧ⅠB類（EN）,,,moe_redlist,GBIFへの照会自体が未実施（gbif_taxon_key欠落・gbif_match_type=NULL）
symplocos sonoharae,Symplocos sonoharae,ミヤマシロバイ,維管束植物,,絶滅危惧Ⅱ類（VU）,,,moe_redlist,GBIFへの照会自体が未実施（gbif_taxon_key欠落・gbif_match_type=NULL）
syneilesis aconitifolia var. longilepis,Syneilesis aconitifolia var. longilepis,タンバヤブレガサ,維管束植物,,情報不足（DD）,,,moe_redlist,GBIFへの照会自体が未実施（gbif_taxon_key欠落・gbif_match_type=NULL）
syneilesis akagii,Syneilesis akagii,ヒュウガヤブレガサ,維管束植物,,絶滅危惧Ⅱ類（VU）,,,moe_redlist,GBIFへの照会自体が未実施（gbif_taxon_key欠落・gbif_match_type=NULL）
syneilesis tagawae var. tagawae,Syneilesis tagawae var. tagawae,ヤブレガサモドキ,維管束植物,,絶滅危惧ⅠB類（EN）,,,moe_redlist,GBIFへの照会自体が未実施（gbif_taxon_key欠落・gbif_match_type=NULL）
synthliboramphus wumizusume,Synthliboramphus wumizusume,カンムリウミスズメ,鳥類,,絶滅危惧II類（VU）,,,moe_redlist,GBIFへの照会自体が未実施（gbif_taxon_key欠落・gbif_match_type=NULL）
syntrichia gemmascens,Syntrichia gemmascens,ムカゴネジレゴケ,蘚苔類,,絶滅危惧ⅠB類（EN）,,,moe_redlist,GBIFへの照会自体が未実施（gbif_taxon_key欠落・gbif_match_type=NULL）
syntrichia sinensis,Syntrichia sinensis,ミヤマコネジレゴケ,蘚苔類,,情報不足（DD）,,,moe_redlist,GBIFへの照会自体が未実施（gbif_taxon_key欠落・gbif_match_type=NULL）
syringodium isoetifolium,Syringodium isoetifolium,シオニラ,維管束植物,,準絶滅危惧（NT）,,,moe_redlist,GBIFへの照会自体が未実施（gbif_taxon_key欠落・gbif_match_type=NULL）
syrnola aciculata,Syrnola aciculata,ククリクチキレ,貝類,,準絶滅危惧（NT）,,,moe_redlist,GBIFへの照会自体が未実施（gbif_taxon_key欠落・gbif_match_type=NULL）
syrnola hanzawai,Syrnola hanzawai,アンパルクチキレ,貝類,,準絶滅危惧（NT）,,,moe_redlist,GBIFへの照会自体が未実施（gbif_taxon_key欠落・gbif_match_type=NULL）
syrnola tenuisculpta,Syrnola tenuisculpta,ヌノメホソクチキレ,貝類,,絶滅危惧II類（VU）,,,moe_redlist,GBIFへの照会自体が未実施（gbif_taxon_key欠落・gbif_match_type=NULL）
syrrhopodon kiiensis,Syrrhopodon kiiensis,キイアミゴケ,蘚苔類,,絶滅危惧ⅠB類（EN）,,,moe_redlist,GBIFへの照会自体が未実施（gbif_taxon_key欠落・gbif_match_type=NULL）
syrrhopodon tosaensis,Syrrhopodon tosaensis,イサワゴケ,蘚苔類,,準絶滅危惧（NT）,,,moe_redlist,GBIFへの照会自体が未実施（gbif_taxon_key欠落・gbif_match_type=NULL）
syrrhopodon yakushimensis,Syrrhopodon yakushimensis,ヤクシマアミゴケ,蘚苔類,,絶滅危惧ⅠB類（EN）,,,moe_redlist,GBIFへの照会自体が未実施（gbif_taxon_key欠落・gbif_match_type=NULL）
syzygium jambos,Syzygium jambos,フトモモ,植物,,,その他の総合対策外来種,,moe_ias_list,GBIFへの照会自体が未実施（gbif_taxon_key欠落・gbif_match_type=NULL）
tachysphex morosus titidzimaensis,Tachysphex morosus titidzimaensis,チチジマヌカダカバチ,昆虫類,,絶滅危惧II類（VU）,,,moe_redlist,GBIFへの照会自体が未実施（gbif_taxon_key欠落・gbif_match_type=NULL）
tachysurus aurantiacus,Tachysurus aurantiacus,アリアケギバチ,汽水・淡水魚類,,絶滅危惧II類（VU）,,,moe_redlist,GBIFへの照会自体が未実施（gbif_taxon_key欠落・gbif_match_type=NULL）
tachysurus ichikawai,Tachysurus ichikawai,ネコギギ,汽水・淡水魚類,,絶滅危惧IB類（EN）,,,moe_redlist,GBIFへの照会自体が未実施（gbif_taxon_key欠落・gbif_match_type=NULL）
tachysurus nudiceps,Tachysurus nudiceps,九州北西部及び東海・北陸地方以東のギギ,魚類,,,その他の総合対策外来種,,moe_ias_list,GBIFへの照会自体が未実施（gbif_taxon_key欠落・gbif_match_type=NULL）
tachysurus tokiensis,Tachysurus tokiensis,ギバチ,汽水・淡水魚類,,絶滅危惧II類（VU）,,,moe_redlist,GBIFへの照会自体が未実施（gbif_taxon_key欠落・gbif_match_type=NULL）
tadarida insignis,Tadarida insignis,オヒキコウモリ,哺乳類,,絶滅危惧II類（VU）,,,moe_redlist,GBIFへの照会自体が未実施（gbif_taxon_key欠落・gbif_match_type=NULL）
tadarida latouchei,Tadarida latouchei,スミイロオヒキコウモリ,哺乳類,,情報不足（DD）,,,moe_redlist,GBIFへの照会自体が未実施（gbif_taxon_key欠落・gbif_match_type=NULL）
tadehagi triquetrum subsp. triquetrum,Tadehagi triquetrum subsp. triquetrum,タデハギ,維管束植物,,絶滅危惧ⅠＡ類（CR）,,,moe_redlist,GBIFへの照会自体が未実施（gbif_taxon_key欠落・gbif_match_type=NULL）
tadorna tadorna,Tadorna tadorna,ツクシガモ,鳥類,,情報不足（DD）,,,moe_redlist,GBIFへの照会自体が未実施（gbif_taxon_key欠落・gbif_match_type=NULL）
taenioides cirratus,Taenioides cirratus,チワラスボ,汽水・淡水魚類,,絶滅危惧IB類（EN）,,,moe_redlist,GBIFへの照会自体が未実施（gbif_taxon_key欠落・gbif_match_type=NULL）
taeniurameyeni,Taeniurameyeni,マダラエイ,魚類（海洋生物）,,情報不足（DD）,,,moe_redlist,GBIFへの照会自体が未実施（gbif_taxon_key欠落・gbif_match_type=NULL）
taimingasa amagiensis,Taimingasa amagiensis,イズカニコウモリ,維管束植物,,絶滅危惧ⅠB類（EN）,,,moe_redlist,GBIFへの照会自体が未実施（gbif_taxon_key欠落・gbif_match_type=NULL）
tainia laxiflora,Tainia laxiflora,ヒメトケンラン,維管束植物,,絶滅危惧Ⅱ類（VU）,,,moe_redlist,GBIFへの照会自体が未実施（gbif_taxon_key欠落・gbif_match_type=NULL）
taiwanemobius ryukyuensis,Taiwanemobius ryukyuensis,リュウキュウハマコオロギ,昆虫類,,情報不足（DD）,,,moe_redlist,GBIFへの照会自体が未実施（gbif_taxon_key欠落・gbif_match_type=NULL）
taiwanobryum anacamptolepis,Taiwanobryum anacamptolepis,モミノキゴケ,蘚苔類,,絶滅危惧ⅠB類（EN）,,,moe_redlist,GBIFへの照会自体が未実施（gbif_taxon_key欠落・gbif_match_type=NULL）
taiwanobryum speciosum,Taiwanobryum speciosum,タイワントラノオゴケ,蘚苔類,,準絶滅危惧（NT）,,,moe_redlist,GBIFへの照会自体が未実施（gbif_taxon_key欠落・gbif_match_type=NULL）
takakia lepidozioides,Takakia lepidozioides,ナンジャモンジャゴケ,蘚苔類,,準絶滅危惧（NT）,,,moe_redlist,GBIFへの照会自体が未実施（gbif_taxon_key欠落・gbif_match_type=NULL）
takedellus ambonense,Takedellus ambonense,ミナミムツバアリアケガニ,甲殻類（海洋生物）,,情報不足（DD）,,,moe_redlist,GBIFへの照会自体が未実施（gbif_taxon_key欠落・gbif_match_type=NULL）
takemasaia eikoae,Takemasaia eikoae,エイコベッコウ,貝類,,絶滅危惧II類（VU）,,,moe_redlist,GBIFへの照会自体が未実施（gbif_taxon_key欠落・gbif_match_type=NULL）
takemasaia gudei,Takemasaia gudei,グゥドベッコウ,貝類,,準絶滅危惧（NT）,,,moe_redlist,GBIFへの照会自体が未実施（gbif_taxon_key欠落・gbif_match_type=NULL）
takifugu alboplumbeus,Takifugu alboplumbeus,沖縄島のクサフグ,汽水・淡水魚類,,絶滅のおそれのある地域個体群（LP）,,,moe_redlist,GBIFへの照会自体が未実施（gbif_taxon_key欠落・gbif_match_type=NULL）
takifugu porphyreus,Takifugu porphyreus,マフグ,魚類（海洋生物）,,準絶滅危惧（NT）,,,moe_redlist,GBIFへの照会自体が未実施（gbif_taxon_key欠落・gbif_match_type=NULL）
talonostrea talonata,Talonostrea talonata,ネコノアシガキ,貝類,,情報不足（DD）,,,moe_redlist,GBIFへの照会自体が未実施（gbif_taxon_key欠落・gbif_match_type=NULL）
tamamushia virida virida,Tamamushia virida virida,ツマベニタマムシ父島・母島列島亜種,昆虫類,,絶滅危惧II類（VU）,,,moe_redlist,GBIFへの照会自体が未実施（gbif_taxon_key欠落・gbif_match_type=NULL）
tamias sibiricus lineatus,Tamias sibiricus lineatus,エゾシマリス,哺乳類,,情報不足（DD）,,,moe_redlist,GBIFへの照会自体が未実施（gbif_taxon_key欠落・gbif_match_type=NULL）
tanacetum vulgare var. boreale,Tanacetum vulgare var. boreale,エゾヨモギギク,維管束植物,,絶滅危惧Ⅱ類（VU）,,,moe_redlist,GBIFへの照会自体が未実施（gbif_taxon_key欠落・gbif_match_type=NULL）
tanakia lanceolata,Tanakia lanceolata,ヤリタナゴ,汽水・淡水魚類,,準絶滅危惧（NT）,,,moe_redlist,GBIFへの照会自体が未実施（gbif_taxon_key欠落・gbif_match_type=NULL）
tanakia limbata,Tanakia limbata,アブラボテ,汽水・淡水魚類,,準絶滅危惧（NT）,,,moe_redlist,GBIFへの照会自体が未実施（gbif_taxon_key欠落・gbif_match_type=NULL）
tanichthys albonubes,Tanichthys albonubes,アカヒレ,魚類,,,その他の総合対策外来種,,moe_ias_list,GBIFへの照会自体が未実施（gbif_taxon_key欠落・gbif_match_type=NULL）
tanna ishigakiana,Tanna ishigakiana,イシガキヒグラシ,昆虫類,,準絶滅危惧（NT）,,,moe_redlist,GBIFへの照会自体が未実施（gbif_taxon_key欠落・gbif_match_type=NULL）
tapes literatus,Tapes literatus,リュウキュウアサリ,貝類,,絶滅危惧II類（VU）,,,moe_redlist,GBIFへの照会自体が未実施（gbif_taxon_key欠落・gbif_match_type=NULL）
taphrina kusanoi,Taphrina kusanoi,シイノキ類葉ぶくれ病菌,菌類,,情報不足（DD）,,,moe_redlist,GBIFへの照会自体が未実施（gbif_taxon_key欠落・gbif_match_type=NULL）
taraxacum arakii,Taraxacum arakii,ヤマザトタンポポ,維管束植物,,準絶滅危惧（NT）,,,moe_redlist,GBIFへの照会自体が未実施（gbif_taxon_key欠落・gbif_match_type=NULL）
taraxacum ceratophorum,Taraxacum ceratophorum,クモマタンポポ,維管束植物,,絶滅危惧ⅠB類（EN）,,,moe_redlist,GBIFへの照会自体が未実施（gbif_taxon_key欠落・gbif_match_type=NULL）
taraxacum kiushianum,Taraxacum kiushianum,ツクシタンポポ,維管束植物,,絶滅危惧Ⅱ類（VU）,,,moe_redlist,GBIFへの照会自体が未実施（gbif_taxon_key欠落・gbif_match_type=NULL）
taraxacum kuzakaiense,Taraxacum kuzakaiense,クザカイタンポポ,維管束植物,,絶滅危惧ⅠB類（EN）,,,moe_redlist,GBIFへの照会自体が未実施（gbif_taxon_key欠落・gbif_match_type=NULL）
taraxacum officinale、t. spp.,Taraxacum officinale、T. spp.,外来性タンポポ種群,植物,,,重点対策外来種,,moe_ias_list,GBIFへの照会自体が未実施（gbif_taxon_key欠落・gbif_match_type=NULL）
taraxacum yuparense var. yuparense,Taraxacum yuparense var. yuparense,タカネタンポポ,維管束植物,,絶滅危惧ⅠB類（EN）,,,moe_redlist,GBIFへの照会自体が未実施（gbif_taxon_key欠落・gbif_match_type=NULL）
tarebia granifera,Tarebia granifera,イボアヤカワニナ,貝類,,準絶滅危惧（NT）,,,moe_redlist,GBIFへの照会自体が未実施（gbif_taxon_key欠落・gbif_match_type=NULL）
tarebia sp.,Tarebia sp.,カリントウカワニナ,貝類,,絶滅危惧I類（CR+EN）,,,moe_redlist,GBIFへの照会自体が未実施（gbif_taxon_key欠落・gbif_match_type=NULL）
tarenna subsessilis,Tarenna subsessilis,シマギョクシンカ,維管束植物,,絶滅危惧Ⅱ類（VU）,,,moe_redlist,GBIFへの照会自体が未実施（gbif_taxon_key欠落・gbif_match_type=NULL）
targionia hypophylla,Targionia hypophylla,ハマグリゼニゴケ,蘚苔類,,絶滅危惧Ⅱ類（VU）,,,moe_redlist,GBIFへの照会自体が未実施（gbif_taxon_key欠落・gbif_match_type=NULL）
tauphaedusa senkakuensis,Tauphaedusa senkakuensis,センカクコギセル,貝類,,絶滅危惧II類（VU）,,,moe_redlist,GBIFへの照会自体が未実施（gbif_taxon_key欠落・gbif_match_type=NULL）
tauphaedusa stearnsii iriomotensis,Tauphaedusa stearnsii iriomotensis,イリオモテコギセル,貝類,,準絶滅危惧（NT）,,,moe_redlist,GBIFへの照会自体が未実施（gbif_taxon_key欠落・gbif_match_type=NULL）
tauphaedusa stearnsii stearnsii,Tauphaedusa stearnsii stearnsii,スタアンズギセル,貝類,,準絶滅危惧（NT）,,,moe_redlist,GBIFへの照会自体が未実施（gbif_taxon_key欠落・gbif_match_type=NULL）
taxillus nigrans,Taxillus nigrans,ニンドウバノヤドリギ,維管束植物,,準絶滅危惧（NT）,,,moe_redlist,GBIFへの照会自体が未実施（gbif_taxon_key欠落・gbif_match_type=NULL）
taxiphyllopsis iwatsukii,Taxiphyllopsis iwatsukii,キャラハゴケモドキ,蘚苔類,,絶滅危惧ⅠB類（EN）,,,moe_redlist,GBIFへの照会自体が未実施（gbif_taxon_key欠落・gbif_match_type=NULL）
tayloria hornschuchii,Tayloria hornschuchii,マルバユリゴケ,蘚苔類,,情報不足（DD）,,,moe_redlist,GBIFへの照会自体が未実施（gbif_taxon_key欠落・gbif_match_type=NULL）
tayloria indica,Tayloria indica,ユリゴケ（タイワンユリゴケ）,蘚苔類,,情報不足（DD）,,,moe_redlist,GBIFへの照会自体が未実施（gbif_taxon_key欠落・gbif_match_type=NULL）
tayloria splachnoides,Tayloria splachnoides,スルメゴケ,蘚苔類,,情報不足（DD）,,,moe_redlist,GBIFへの照会自体が未実施（gbif_taxon_key欠落・gbif_match_type=NULL）
tectaria fauriei,Tectaria fauriei,コモチナナバケシダ,維管束植物,,絶滅危惧ⅠＡ類（CR）,,,moe_redlist,GBIFへの照会自体が未実施（gbif_taxon_key欠落・gbif_match_type=NULL）
tectaria kusukusensis,Tectaria kusukusensis,ナガバウスバシダ,維管束植物,,絶滅危惧ⅠＡ類（CR）,,,moe_redlist,GBIFへの照会自体が未実施（gbif_taxon_key欠落・gbif_match_type=NULL）
tegillarca granosa,Tegillarca granosa,ハイガイ,貝類,,絶滅危惧II類（VU）,,,moe_redlist,GBIFへの照会自体が未実施（gbif_taxon_key欠落・gbif_match_type=NULL）
teinostoma lucidum,Teinostoma lucidum,ウミコハクガイ,貝類,,絶滅危惧II類（VU）,,,moe_redlist,GBIFへの照会自体が未実施（gbif_taxon_key欠落・gbif_match_type=NULL）
tellimya fujitaniana,Tellimya fujitaniana,フジタニコハクノツユ,貝類,,絶滅危惧II類（VU）,,,moe_redlist,GBIFへの照会自体が未実施（gbif_taxon_key欠落・gbif_match_type=NULL）
tellinella crucigera,Tellinella crucigera,ヒノデガイの1種,貝類,,準絶滅危惧（NT）,,,moe_redlist,GBIFへの照会自体が未実施（gbif_taxon_key欠落・gbif_match_type=NULL）
tellinella virgata,Tellinella virgata,ニッコウガイ,貝類,,絶滅危惧I類（CR+EN）,,,moe_redlist,GBIFへの照会自体が未実施（gbif_taxon_key欠落・gbif_match_type=NULL）
tellinides striatus,Tellinides striatus,ヒラザクラ,貝類,,準絶滅危惧（NT）,,,moe_redlist,GBIFへの照会自体が未実施（gbif_taxon_key欠落・gbif_match_type=NULL）
tellinides timorensis,Tellinides timorensis,ヘラサギガイ,貝類,,絶滅危惧II類（VU）,,,moe_redlist,GBIFへの照会自体が未実施（gbif_taxon_key欠落・gbif_match_type=NULL）
temnothorax haira,Temnothorax haira,オガサワラムネボソアリ,昆虫類,,情報不足（DD）,,,moe_redlist,GBIFへの照会自体が未実施（gbif_taxon_key欠落・gbif_match_type=NULL）
temnothorax santra,Temnothorax santra,シワムネボソアリ,昆虫類,,情報不足（DD）,,,moe_redlist,GBIFへの照会自体が未実施（gbif_taxon_key欠落・gbif_match_type=NULL）
tephroseris flammea subsp. flammea,Tephroseris flammea subsp. flammea,タカネコウリンギク,維管束植物,,絶滅危惧ⅠB類（EN）,,,moe_redlist,GBIFへの照会自体が未実施（gbif_taxon_key欠落・gbif_match_type=NULL）
tephroseris flammea subsp. glabrifolia,Tephroseris flammea subsp. glabrifolia,コウリンカ,維管束植物,,絶滅危惧Ⅱ類（VU）,,,moe_redlist,GBIFへの照会自体が未実施（gbif_taxon_key欠落・gbif_match_type=NULL）
tephroseris furusei,Tephroseris furusei,キバナコウリンカ,維管束植物,,絶滅危惧ⅠB類（EN）,,,moe_redlist,GBIFへの照会自体が未実施（gbif_taxon_key欠落・gbif_match_type=NULL）
tephroseris takedana,Tephroseris takedana,タカネコウリンカ,維管束植物,,準絶滅危惧（NT）,,,moe_redlist,GBIFへの照会自体が未実施（gbif_taxon_key欠落・gbif_match_type=NULL）
terebralia palustris,Terebralia palustris,キバウミニナ,貝類,,準絶滅危惧（NT）,,,moe_redlist,GBIFへの照会自体が未実施（gbif_taxon_key欠落・gbif_match_type=NULL）
terebralia sulcata,Terebralia sulcata,マドモチウミニナ,貝類,,絶滅危惧II類（VU）,,,moe_redlist,GBIFへの照会自体が未実施（gbif_taxon_key欠落・gbif_match_type=NULL）
terminalia nitens,Terminalia nitens,テリハモモタマナ,維管束植物,,絶滅危惧ⅠＡ類（CR）,,,moe_redlist,GBIFへの照会自体が未実施（gbif_taxon_key欠落・gbif_match_type=NULL）
tetradium taiwanense,Tetradium taiwanense,ホソバハマセンダン,維管束植物,,絶滅危惧ⅠＡ類（CR）,,,moe_redlist,GBIFへの照会自体が未実施（gbif_taxon_key欠落・gbif_match_type=NULL）
tetrapanax papyrifer,Tetrapanax papyrifer,カミヤツデ（ツウソウ（通草）、ツウダツボク（通脱木））,植物,,,その他の総合対策外来種,,moe_ias_list,GBIFへの照会自体が未実施（gbif_taxon_key欠落・gbif_match_type=NULL）
tetraroge barbata,Tetraroge barbata,アゴヒゲオコゼ,汽水・淡水魚類,,絶滅危惧IA類（CR）,,,moe_redlist,GBIFへの照会自体が未実施（gbif_taxon_key欠落・gbif_match_type=NULL）
tetraroge nigra,Tetraroge nigra,ヒゲソリオコゼ,汽水・淡水魚類,,絶滅危惧IA類（CR）,,,moe_redlist,GBIFへの照会自体が未実施（gbif_taxon_key欠落・gbif_match_type=NULL）
tetrias sp.,Tetrias sp.,イリオモテヨコナガピンノ,その他無脊椎動物,,情報不足（DD）,,,moe_redlist,GBIFへの照会自体が未実施（gbif_taxon_key欠落・gbif_match_type=NULL）
teucrium teinense,Teucrium teinense,テイネニガクサ,維管束植物,,準絶滅危惧（NT）,,,moe_redlist,GBIFへの照会自体が未実施（gbif_taxon_key欠落・gbif_match_type=NULL）
teucrium veronicoides var. brachytrichum,Teucrium veronicoides var. brachytrichum,イヌニガクサ,維管束植物,,絶滅危惧ⅠＡ類（CR）,,,moe_redlist,GBIFへの照会自体が未実施（gbif_taxon_key欠落・gbif_match_type=NULL）
teucrium veronicoides var. veronicoides,Teucrium veronicoides var. veronicoides,エゾニガクサ,維管束植物,,絶滅危惧ⅠB類（EN）,,,moe_redlist,GBIFへの照会自体が未実施（gbif_taxon_key欠落・gbif_match_type=NULL）
thalassia hemprichii,Thalassia hemprichii,リュウキュウスガモ,維管束植物,,準絶滅危惧（NT）,,,moe_redlist,GBIFへの照会自体が未実施（gbif_taxon_key欠落・gbif_match_type=NULL）
thalassoduvalius masidai kurosai,Thalassoduvalius masidai kurosai,ナンカイイソチビゴミムシ,昆虫類,,準絶滅危惧（NT）,,,moe_redlist,GBIFへの照会自体が未実施（gbif_taxon_key欠落・gbif_match_type=NULL）
thalassoduvalius masidai masidai,Thalassoduvalius masidai masidai,イソチビゴミムシ,昆虫類,,準絶滅危惧（NT）,,,moe_redlist,GBIFへの照会自体が未実施（gbif_taxon_key欠落・gbif_match_type=NULL）
thalassoduvalius masidai pacificus,Thalassoduvalius masidai pacificus,イズイソチビゴミムシ,昆虫類,,準絶滅危惧（NT）,,,moe_redlist,GBIFへの照会自体が未実施（gbif_taxon_key欠落・gbif_match_type=NULL）
thalassograpsus harpax,Thalassograpsus harpax,ミナミヒライソモドキ,甲殻類（海洋生物）,,準絶滅危惧（NT）,,,moe_redlist,GBIFへの照会自体が未実施（gbif_taxon_key欠落・gbif_match_type=NULL）
thalassophorus spinipennis,Thalassophorus spinipennis,トゲバネイソネジレオバエ,昆虫類,,準絶滅危惧（NT）,,,moe_redlist,GBIFへの照会自体が未実施（gbif_taxon_key欠落・gbif_match_type=NULL）
thalictrum aquilegiifolium var. daisenense,Thalictrum aquilegiifolium var. daisenense,ダイセンカラマツ,維管束植物,,絶滅危惧Ⅱ類（VU）,,,moe_redlist,GBIFへの照会自体が未実施（gbif_taxon_key欠落・gbif_match_type=NULL）
thalictrum aquilegiifolium var. sibiricum,Thalictrum aquilegiifolium var. sibiricum,マンセンカラマツ,維管束植物,,準絶滅危惧（NT）,,,moe_redlist,GBIFへの照会自体が未実施（gbif_taxon_key欠落・gbif_match_type=NULL）
thalictrum baicalense,Thalictrum baicalense,ハルカラマツ,維管束植物,,絶滅危惧Ⅱ類（VU）,,,moe_redlist,GBIFへの照会自体が未実施（gbif_taxon_key欠落・gbif_match_type=NULL）
thalictrum filamentosum,Thalictrum filamentosum,オオミヤマカラマツ,維管束植物,,絶滅危惧ⅠB類（EN）,,,moe_redlist,GBIFへの照会自体が未実施（gbif_taxon_key欠落・gbif_match_type=NULL）
thalictrum foetidum var. apoiense,Thalictrum foetidum var. apoiense,アポイカラマツ,維管束植物,,絶滅危惧Ⅱ類（VU）,,,moe_redlist,GBIFへの照会自体が未実施（gbif_taxon_key欠落・gbif_match_type=NULL）
thalictrum foetidum var. glabrescens,Thalictrum foetidum var. glabrescens,チャボカラマツ,維管束植物,,絶滅危惧Ⅱ類（VU）,,,moe_redlist,GBIFへの照会自体が未実施（gbif_taxon_key欠落・gbif_match_type=NULL）
thalictrum integrilobum,Thalictrum integrilobum,ナガバカラマツ,維管束植物,,絶滅危惧Ⅱ類（VU）,,,moe_redlist,GBIFへの照会自体が未実施（gbif_taxon_key欠落・gbif_match_type=NULL）
thalictrum kubotae,Thalictrum kubotae,タイシャクカラマツ,維管束植物,,準絶滅危惧（NT）,,,moe_redlist,GBIFへの照会自体が未実施（gbif_taxon_key欠落・gbif_match_type=NULL）
thalictrum microspermum,Thalictrum microspermum,コゴメカラマツ,維管束植物,,絶滅危惧Ⅱ類（VU）,,,moe_redlist,GBIFへの照会自体が未実施（gbif_taxon_key欠落・gbif_match_type=NULL）
thalictrum minus var. chionophyllum,Thalictrum minus var. chionophyllum,ミョウギカラマツ,維管束植物,,絶滅危惧ⅠＡ類（CR）,,,moe_redlist,GBIFへの照会自体が未実施（gbif_taxon_key欠落・gbif_match_type=NULL）
thalictrum minus var. yamamotoi,Thalictrum minus var. yamamotoi,イシヅチカラマツ,維管束植物,,絶滅危惧Ⅱ類（VU）,,,moe_redlist,GBIFへの照会自体が未実施（gbif_taxon_key欠落・gbif_match_type=NULL）
thalictrum nakamurae,Thalictrum nakamurae,ヒメミヤマカラマツ,維管束植物,,準絶滅危惧（NT）,,,moe_redlist,GBIFへの照会自体が未実施（gbif_taxon_key欠落・gbif_match_type=NULL）
thalictrum sekimotoanum,Thalictrum sekimotoanum,イワカラマツ,維管束植物,,絶滅危惧Ⅱ類（VU）,,,moe_redlist,GBIFへの照会自体が未実施（gbif_taxon_key欠落・gbif_match_type=NULL）
thalictrum simplex var. brevipes,Thalictrum simplex var. brevipes,ノカラマツ,維管束植物,,絶滅危惧Ⅱ類（VU）,,,moe_redlist,GBIFへの照会自体が未実施（gbif_taxon_key欠落・gbif_match_type=NULL）
thalictrum toyamae,Thalictrum toyamae,ヒレフリカラマツ,維管束植物,,絶滅危惧ⅠB類（EN）,,,moe_redlist,GBIFへの照会自体が未実施（gbif_taxon_key欠落・gbif_match_type=NULL）
thalictrum tuberiferum var. yakusimense,Thalictrum tuberiferum var. yakusimense,ヤクシマカラマツ,維管束植物,,絶滅危惧Ⅱ類（VU）,,,moe_redlist,GBIFへの照会自体が未実施（gbif_taxon_key欠落・gbif_match_type=NULL）
thalictrum uchiyamae,Thalictrum uchiyamae,ムラサキカラマツ,維管束植物,,絶滅危惧ⅠＡ類（CR）,,,moe_redlist,GBIFへの照会自体が未実施（gbif_taxon_key欠落・gbif_match_type=NULL）
thalictrum ujiinsulare,Thalictrum ujiinsulare,ウジカラマツ,維管束植物,,絶滅危惧ⅠＡ類（CR）,,,moe_redlist,GBIFへの照会自体が未実施（gbif_taxon_key欠落・gbif_match_type=NULL）
thalictrum watanabei,Thalictrum watanabei,タマカラマツ,維管束植物,,絶滅危惧ⅠB類（EN）,,,moe_redlist,GBIFへの照会自体が未実施（gbif_taxon_key欠落・gbif_match_type=NULL）
thamniopsis utacamundiana,Thamniopsis utacamundiana,コアブラゴケ,蘚苔類,,情報不足（DD）,,,moe_redlist,GBIFへの照会自体が未実施（gbif_taxon_key欠落・gbif_match_type=NULL）
thelypteris boninensis,Thelypteris boninensis,オオホシダ,維管束植物,,準絶滅危惧（NT）,,,moe_redlist,GBIFへの照会自体が未実施（gbif_taxon_key欠落・gbif_match_type=NULL）
thelypteris castanea,Thelypteris castanea,タイワンハシゴシダ,維管束植物,,絶滅危惧Ⅱ類（VU）,,,moe_redlist,GBIFへの照会自体が未実施（gbif_taxon_key欠落・gbif_match_type=NULL）
thelypteris erubescens,Thelypteris erubescens,タイヨウシダ,維管束植物,,絶滅危惧ⅠＡ類（CR）,,,moe_redlist,GBIFへの照会自体が未実施（gbif_taxon_key欠落・gbif_match_type=NULL）
thelypteris flexilis,Thelypteris flexilis,トサノミゾシダモドキ,維管束植物,,絶滅危惧Ⅱ類（VU）,,,moe_redlist,GBIFへの照会自体が未実施（gbif_taxon_key欠落・gbif_match_type=NULL）
thelypteris gracilescens,Thelypteris gracilescens,シマヤワラシダ,維管束植物,,絶滅危惧ⅠＡ類（CR）,,,moe_redlist,GBIFへの照会自体が未実施（gbif_taxon_key欠落・gbif_match_type=NULL）
thelypteris gymnocarpa subsp. amabilis,Thelypteris gymnocarpa subsp. amabilis,ヒメミゾシダ,維管束植物,,準絶滅危惧（NT）,,,moe_redlist,GBIFへの照会自体が未実施（gbif_taxon_key欠落・gbif_match_type=NULL）
thelypteris uraiensis,Thelypteris uraiensis,タイワンハリガネワラビ,維管束植物,,絶滅危惧ⅠB類（EN）,,,moe_redlist,GBIFへの照会自体が未実施（gbif_taxon_key欠落・gbif_match_type=NULL）
thetispelecaris kumejimensis,Thetispelecaris kumejimensis,和名なし,甲殻類（海洋生物）,,情報不足（DD）,,,moe_redlist,GBIFへの照会自体が未実施（gbif_taxon_key欠落・gbif_match_type=NULL）
thiara scabra pagoda,Thiara scabra pagoda,トゲカワニナ,貝類,,準絶滅危惧（NT）,,,moe_redlist,GBIFへの照会自体が未実施（gbif_taxon_key欠落・gbif_match_type=NULL）
thiasophila shinanonis,Thiasophila shinanonis,ヤマアリヤドリ,昆虫類,,絶滅危惧II類（VU）,,,moe_redlist,GBIFへの照会自体が未実施（gbif_taxon_key欠落・gbif_match_type=NULL）
thismia abei,Thismia abei,タヌキノショクダイ,維管束植物,,絶滅危惧ⅠＡ類（CR）,,,moe_redlist,GBIFへの照会自体が未実施（gbif_taxon_key欠落・gbif_match_type=NULL）
thismia kobensis,Thismia kobensis,コウベタヌキノショクダイ,維管束植物,,絶滅危惧ⅠＡ類（CR）,,,moe_redlist,GBIFへの照会自体が未実施（gbif_taxon_key欠落・gbif_match_type=NULL）
thorea okadae,Thorea okadae,チスジノリ,藻類,,絶滅危惧ⅠB類（EN）,,,moe_redlist,GBIFへの照会自体が未実施（gbif_taxon_key欠落・gbif_match_type=NULL）
thracia concinna,Thracia concinna,シナヤカスエモノガイ,貝類,,絶滅危惧II類（VU）,,,moe_redlist,GBIFへの照会自体が未実施（gbif_taxon_key欠落・gbif_match_type=NULL）
thrixspermum annamense,Thrixspermum annamense,イリオモテカヤラン,維管束植物,,絶滅危惧ⅠＡ類（CR）,,,moe_redlist,GBIFへの照会自体が未実施（gbif_taxon_key欠落・gbif_match_type=NULL）
thrixspermum fantasticum,Thrixspermum fantasticum,ハガクレナガミラン,維管束植物,,絶滅危惧ⅠＡ類（CR）,,,moe_redlist,GBIFへの照会自体が未実施（gbif_taxon_key欠落・gbif_match_type=NULL）
thrixspermum pygmaeum,Thrixspermum pygmaeum,アマミカヤラン,維管束植物,,絶滅危惧ⅠＡ類（CR）,,,moe_redlist,GBIFへの照会自体が未実施（gbif_taxon_key欠落・gbif_match_type=NULL）
thyellisca trigonalis,Thyellisca trigonalis,シロナノハナガイ,貝類,,準絶滅危惧（NT）,,,moe_redlist,GBIFへの照会自体が未実施（gbif_taxon_key欠落・gbif_match_type=NULL）
thyestilla gebleri,Thyestilla gebleri,アサカミキリ,昆虫類,,絶滅危惧II類（VU）,,,moe_redlist,GBIFへの照会自体が未実施（gbif_taxon_key欠落・gbif_match_type=NULL）
thymelicus leoninus hamadakohi,Thymelicus leoninus hamadakohi,スジグロチャバネセセリ愛媛亜種,昆虫類,,準絶滅危惧（NT）,,,moe_redlist,GBIFへの照会自体が未実施（gbif_taxon_key欠落・gbif_match_type=NULL）
thymelicus leoninus leoninus,Thymelicus leoninus leoninus,スジグロチャバネセセリ名義タイプ亜種,昆虫類,,準絶滅危惧（NT）,,,moe_redlist,GBIFへの照会自体が未実施（gbif_taxon_key欠落・gbif_match_type=NULL）
thyrea confusa,Thyrea confusa,イシバイキノリ,地衣類,,情報不足（DD）,,,moe_redlist,GBIFへの照会自体が未実施（gbif_taxon_key欠落・gbif_match_type=NULL）
thyreus decorus,Thyreus decorus,ルリモンハナバチ,昆虫類,,情報不足（DD）,,,moe_redlist,GBIFへの照会自体が未実施（gbif_taxon_key欠落・gbif_match_type=NULL）
thysananthus retusus,Thysananthus retusus,ヒメゴヘイゴケ,蘚苔類,,絶滅危惧ⅠB類（EN）,,,moe_redlist,GBIFへの照会自体が未実施（gbif_taxon_key欠落・gbif_match_type=NULL）
tiberia dunkeri,Tiberia dunkeri,ドウンケルクチキレ（エバラクチキレ）,貝類,,準絶滅危惧（NT）,,,moe_redlist,GBIFへの照会自体が未実施（gbif_taxon_key欠落・gbif_match_type=NULL）
tilia chinensis var. intonsa,Tilia chinensis var. intonsa,ブンゴボダイジュ,維管束植物,,絶滅危惧ⅠＡ類（CR）,,,moe_redlist,GBIFへの照会自体が未実施（gbif_taxon_key欠落・gbif_match_type=NULL）
tilia chugokuensis,Tilia chugokuensis,チュウゴクボダイジュ,維管束植物,,絶滅危惧ⅠＡ類（CR）,,,moe_redlist,GBIFへの照会自体が未実施（gbif_taxon_key欠落・gbif_match_type=NULL）
tilia mandshurica var. mandshurica,Tilia mandshurica var. mandshurica,マンシュウボダイジュ,維管束植物,,絶滅危惧ⅠＡ類（CR）,,,moe_redlist,GBIFへの照会自体が未実施（gbif_taxon_key欠落・gbif_match_type=NULL）
tilia mandshurica var. rufovillosa,Tilia mandshurica var. rufovillosa,ツクシボダイジュ,維管束植物,,絶滅危惧ⅠB類（EN）,,,moe_redlist,GBIFへの照会自体が未実施（gbif_taxon_key欠落・gbif_match_type=NULL）
tilia mandshurica var. toriiana,Tilia mandshurica var. toriiana,エチゴボダイジュ,維管束植物,,情報不足（DD）,,,moe_redlist,GBIFへの照会自体が未実施（gbif_taxon_key欠落・gbif_match_type=NULL）
tilingia tsusimensis,Tilingia tsusimensis,ツシマノダケ,維管束植物,,絶滅危惧ⅠＡ類（CR）,,,moe_redlist,GBIFへの照会自体が未実施（gbif_taxon_key欠落・gbif_match_type=NULL）
timmia megapolitana,Timmia megapolitana,ミヤマクサスギゴケ,蘚苔類,,情報不足（DD）,,,moe_redlist,GBIFへの照会自体が未実施（gbif_taxon_key欠落・gbif_match_type=NULL）
timmia norvegica,Timmia norvegica,ラクヨウクサスギゴケ,蘚苔類,,絶滅危惧Ⅱ類（VU）,,,moe_redlist,GBIFへの照会自体が未実施（gbif_taxon_key欠落・gbif_match_type=NULL）
tinocallis insularis,Tinocallis insularis,ムクロジヒゲマダラアブラムシ,昆虫類,,情報不足（DD）,,,moe_redlist,GBIFへの照会自体が未実施（gbif_taxon_key欠落・gbif_match_type=NULL）
tinoderus singularis,Tinoderus singularis,クビナガヨツボシゴミムシ,昆虫類,,情報不足（DD）,,,moe_redlist,GBIFへの照会自体が未実施（gbif_taxon_key欠落・gbif_match_type=NULL）
titanotrichum oldhamii,Titanotrichum oldhamii,マツムラソウ,維管束植物,,絶滅危惧Ⅱ類（VU）,,,moe_redlist,GBIFへの照会自体が未実施（gbif_taxon_key欠落・gbif_match_type=NULL）
tofieldia coccinea var. akkana,Tofieldia coccinea var. akkana,アッカゼキショウ,維管束植物,,絶滅危惧ⅠB類（EN）,,,moe_redlist,GBIFへの照会自体が未実施（gbif_taxon_key欠落・gbif_match_type=NULL）
tofieldia coccinea var. geibiensis,Tofieldia coccinea var. geibiensis,ゲイビゼキショウ,維管束植物,,絶滅危惧ⅠB類（EN）,,,moe_redlist,GBIFへの照会自体が未実施（gbif_taxon_key欠落・gbif_match_type=NULL）
tofieldia coccinea var. kiusiana,Tofieldia coccinea var. kiusiana,ナガエチャボゼキショウ,維管束植物,,絶滅危惧ⅠＡ類（CR）,,,moe_redlist,GBIFへの照会自体が未実施（gbif_taxon_key欠落・gbif_match_type=NULL）
tofieldia yoshiiana var. hyugaensis,Tofieldia yoshiiana var. hyugaensis,ヒュウガハナゼキショウ,維管束植物,,絶滅危惧ⅠＡ類（CR）,,,moe_redlist,GBIFへの照会自体が未実施（gbif_taxon_key欠落・gbif_match_type=NULL）
tolypocladium inegoense,Tolypocladium inegoense,イネゴセミタケ,菌類,,情報不足（DD）,,,moe_redlist,GBIFへの照会自体が未実施（gbif_taxon_key欠落・gbif_match_type=NULL）
tolypocladium toriharamontanum,Tolypocladium toriharamontanum,タンポエゾゼミタケ,菌類,,情報不足（DD）,,,moe_redlist,GBIFへの照会自体が未実施（gbif_taxon_key欠落・gbif_match_type=NULL）
tomophagus colossus,Tomophagus colossus,ニセカンバタケ,菌類,,情報不足（DD）,,,moe_redlist,GBIFへの照会自体が未実施（gbif_taxon_key欠落・gbif_match_type=NULL）
tomophyllum sakaguchianum,Tomophyllum sakaguchianum,キレハオオクボシダ,維管束植物,,絶滅危惧ⅠＡ類（CR）,,,moe_redlist,GBIFへの照会自体が未実施（gbif_taxon_key欠落・gbif_match_type=NULL）
tomoxia relicta,Tomoxia relicta,オガサワラモンハナノミ,昆虫類,,絶滅危惧IB類（EN）,,,moe_redlist,GBIFへの照会自体が未実施（gbif_taxon_key欠落・gbif_match_type=NULL）
tomura himeshima,Tomura himeshima,ヒメシマイシン,貝類,,絶滅危惧I類（CR+EN）,,,moe_redlist,GBIFへの照会自体が未実施（gbif_taxon_key欠落・gbif_match_type=NULL）
tomura yashima,Tomura yashima,ヤシマイシン,貝類,,絶滅危惧I類（CR+EN）,,,moe_redlist,GBIFへの照会自体が未実施（gbif_taxon_key欠落・gbif_match_type=NULL）
tonganaella perna,Tonganaella perna,ダイミョウガイ,貝類,,準絶滅危惧（NT）,,,moe_redlist,GBIFへの照会自体が未実施（gbif_taxon_key欠落・gbif_match_type=NULL）
tongeia fischeri caudalis,Tongeia fischeri caudalis,クロツバメシジミ九州沿岸・朝鮮半島亜種,昆虫類,,準絶滅危惧（NT）,,,moe_redlist,GBIFへの照会自体が未実施（gbif_taxon_key欠落・gbif_match_type=NULL）
tongeia fischeri japonica,Tongeia fischeri japonica,クロツバメシジミ東日本亜種,昆虫類,,準絶滅危惧（NT）,,,moe_redlist,GBIFへの照会自体が未実施（gbif_taxon_key欠落・gbif_match_type=NULL）
tongeia fischeri shojii,Tongeia fischeri shojii,クロツバメシジミ中国地方・四国・九州内陸亜種,昆虫類,,準絶滅危惧（NT）,,,moe_redlist,GBIFへの照会自体が未実施（gbif_taxon_key欠落・gbif_match_type=NULL）
toninia tristis subsp. fujikawae,Toninia tristis subsp. fujikawae,フジカワゴケ,地衣類,,絶滅危惧Ⅱ類（VU）,,,moe_redlist,GBIFへの照会自体が未実施（gbif_taxon_key欠落・gbif_match_type=NULL）
torenia concolor,Torenia concolor,ツルウリクサ,維管束植物,,絶滅危惧ⅠＡ類（CR）,,,moe_redlist,GBIFへの照会自体が未実施（gbif_taxon_key欠落・gbif_match_type=NULL）
tornatellides boeningi,Tornatellides boeningi,ノミガイ,貝類,,絶滅危惧II類（VU）,,,moe_redlist,GBIFへの照会自体が未実施（gbif_taxon_key欠落・gbif_match_type=NULL）
tornatellides tryoni,Tornatellides tryoni,トライオンノミガイ,貝類,,準絶滅危惧（NT）,,,moe_redlist,GBIFへの照会自体が未実施（gbif_taxon_key欠落・gbif_match_type=NULL）
tornidae gen. & sp. a,Tornidae gen. & sp. A,トゲトゲツボ,貝類,,情報不足（DD）,,,moe_redlist,GBIFへの照会自体が未実施（gbif_taxon_key欠落・gbif_match_type=NULL）
tornidae gen. & sp. b,Tornidae gen. & sp. B,チクチクツボ,貝類,,情報不足（DD）,,,moe_redlist,GBIFへの照会自体が未実施（gbif_taxon_key欠落・gbif_match_type=NULL）
torquigener albomaculosus,Torquigener albomaculosus,アマミホシゾラフグ,魚類（海洋生物）,,情報不足（DD）,,,moe_redlist,GBIFへの照会自体が未実施（gbif_taxon_key欠落・gbif_match_type=NULL）
torreyochloa natans,Torreyochloa natans,ホソバドジョウツナギ,維管束植物,,絶滅危惧ⅠB類（EN）,,,moe_redlist,GBIFへの照会自体が未実施（gbif_taxon_key欠落・gbif_match_type=NULL）
tortula hoppeana,Tortula hoppeana,ハリエゾネジレゴケ,蘚苔類,,絶滅危惧Ⅱ類（VU）,,,moe_redlist,GBIFへの照会自体が未実施（gbif_taxon_key欠落・gbif_match_type=NULL）
torularia atra,Torularia atra,イシカワモズク,藻類,,絶滅危惧ⅠB類（EN）,,,moe_redlist,GBIFへの照会自体が未実施（gbif_taxon_key欠落・gbif_match_type=NULL）
tosanoides filamentosus,Tosanoides filamentosus,イトヒキハナダイ,魚類（海洋生物）,,情報不足（DD）,,,moe_redlist,GBIFへの照会自体が未実施（gbif_taxon_key欠落・gbif_match_type=NULL）
tosaphaedusa akiratadai,Tosaphaedusa akiratadai,シロハダギセル,貝類,,絶滅危惧I類（CR+EN）,,,moe_redlist,GBIFへの照会自体が未実施（gbif_taxon_key欠落・gbif_match_type=NULL）
tosaphaedusa cincticollis,Tosaphaedusa cincticollis,ナカムラギセル,貝類,,絶滅危惧II類（VU）,,,moe_redlist,GBIFへの照会自体が未実施（gbif_taxon_key欠落・gbif_match_type=NULL）
towada flavitarsus,Towada flavitarsus,キユビギングチ,昆虫類,,情報不足（DD）,,,moe_redlist,GBIFへの照会自体が未実施（gbif_taxon_key欠落・gbif_match_type=NULL）
toxotes jaculatrix,Toxotes jaculatrix,テッポウウオ,汽水・淡水魚類,,絶滅危惧IA類（CR）,,,moe_redlist,GBIFへの照会自体が未実施（gbif_taxon_key欠落・gbif_match_type=NULL）
trachidermus fasciatus,Trachidermus fasciatus,ヤマノカミ,汽水・淡水魚類,,絶滅危惧IB類（EN）,,,moe_redlist,GBIFへの照会自体が未実施（gbif_taxon_key欠落・gbif_match_type=NULL）
trachycarpus spp.,Trachycarpus spp.,九州北部以北の森林内などのシュロ類,植物,,,その他の総合対策外来種,,moe_ias_list,GBIFへの照会自体が未実施（gbif_taxon_key欠落・gbif_match_type=NULL）
trachycladiella aurea,Trachycladiella aurea,ヒロハシノブイトゴケ,蘚苔類,,準絶滅危惧（NT）,,,moe_redlist,GBIFへの照会自体が未実施（gbif_taxon_key欠落・gbif_match_type=NULL）
tradescantia fluminensis,Tradescantia fluminensis,ノハカタカラクサ（トキワツユクサ、トラデスカンティア・フルミネンシス）,植物,,,重点対策外来種,,moe_ias_list,GBIFへの照会自体が未実施（gbif_taxon_key欠落・gbif_match_type=NULL）
trapa incisa,Trapa incisa,ヒメビシ,維管束植物,,絶滅危惧Ⅱ類（VU）,,,moe_redlist,GBIFへの照会自体が未実施（gbif_taxon_key欠落・gbif_match_type=NULL）
trapella sinensis,Trapella sinensis,ヒシモドキ,維管束植物,,絶滅危惧ⅠB類（EN）,,,moe_redlist,GBIFへの照会自体が未実施（gbif_taxon_key欠落・gbif_match_type=NULL）
trapezium liratum,Trapezium liratum,ウネナシトマヤガイ,貝類,,準絶滅危惧（NT）,,,moe_redlist,GBIFへの照会自体が未実施（gbif_taxon_key欠落・gbif_match_type=NULL）
trapezium sublaevigatum,Trapezium sublaevigatum,タガソデモドキ,貝類,,準絶滅危惧（NT）,,,moe_redlist,GBIFへの照会自体が未実施（gbif_taxon_key欠落・gbif_match_type=NULL）
trebius longicaudatus,Trebius longicaudatus,和名なし,甲殻類（海洋生物）,,情報不足（DD）,,,moe_redlist,GBIFへの照会自体が未実施（gbif_taxon_key欠落・gbif_match_type=NULL）
trebius shiinoi,Trebius shiinoi,和名なし,甲殻類（海洋生物）,,準絶滅危惧（NT）,,,moe_redlist,GBIFへの照会自体が未実施（gbif_taxon_key欠落・gbif_match_type=NULL）
trechiama abcuma,Trechiama abcuma,アブクマナガチビゴミムシ,昆虫類,,絶滅危惧IB類（EN）,,,moe_redlist,GBIFへの照会自体が未実施（gbif_taxon_key欠落・gbif_match_type=NULL）
trechiama morii,Trechiama morii,カダメクラチビゴミムシ,昆虫類,,絶滅危惧IB類（EN）,,,moe_redlist,GBIFへの照会自体が未実施（gbif_taxon_key欠落・gbif_match_type=NULL）
trechiama nakaoi,Trechiama nakaoi,ナカオメクラチビゴミムシ,昆虫類,,絶滅危惧IB類（EN）,,,moe_redlist,GBIFへの照会自体が未実施（gbif_taxon_key欠落・gbif_match_type=NULL）
trechiama oopterus,Trechiama oopterus,スリカミメクラチビゴミムシ,昆虫類,,絶滅危惧IB類（EN）,,,moe_redlist,GBIFへの照会自体が未実施（gbif_taxon_key欠落・gbif_match_type=NULL）
trechiama paucisaeta,Trechiama paucisaeta,モニワメクラチビゴミムシ,昆虫類,,絶滅危惧II類（VU）,,,moe_redlist,GBIFへの照会自体が未実施（gbif_taxon_key欠落・gbif_match_type=NULL）
trematodon mayebarae,Trematodon mayebarae,マエバラナガダイゴケ,蘚苔類,,情報不足（DD）,,,moe_redlist,GBIFへの照会自体が未実施（gbif_taxon_key欠落・gbif_match_type=NULL）
trentepohlia bosseae var. samoensis,Trentepohlia bosseae var. samoensis,ミルイロスミレモ,藻類,,情報不足（DD）,,,moe_redlist,GBIFへの照会自体が未実施（gbif_taxon_key欠落・gbif_match_type=NULL）
tresus keenae,Tresus keenae,ミルクイ,貝類,,絶滅危惧II類（VU）,,,moe_redlist,GBIFへの照会自体が未実施（gbif_taxon_key欠落・gbif_match_type=NULL）
triadica sebifera,Triadica sebifera,ナンキンハゼ,植物,,,その他の総合対策外来種,,moe_ias_list,GBIFへの照会自体が未実施（gbif_taxon_key欠落・gbif_match_type=NULL）
triatoma rubrofasciata,Triatoma rubrofasciata,オオサシガメ,昆虫類,,絶滅危惧II類（VU）,,,moe_redlist,GBIFへの照会自体が未実施（gbif_taxon_key欠落・gbif_match_type=NULL）
tribolodon brandtii brandtii,Tribolodon brandtii brandtii,本州のジュウサンウグイ,汽水・淡水魚類,,絶滅のおそれのある地域個体群（LP）,,,moe_redlist,GBIFへの照会自体が未実施（gbif_taxon_key欠落・gbif_match_type=NULL）
tribolodon nakamurai,Tribolodon nakamurai,ウケクチウグイ,汽水・淡水魚類,,絶滅危惧IB類（EN）,,,moe_redlist,GBIFへの照会自体が未実施（gbif_taxon_key欠落・gbif_match_type=NULL）
tribolodon sachalinensis,Tribolodon sachalinensis,東北地方のエゾウグイ,汽水・淡水魚類,,絶滅のおそれのある地域個体群（LP）,,,moe_redlist,GBIFへの照会自体が未実施（gbif_taxon_key欠落・gbif_match_type=NULL）
tribulus terrestris,Tribulus terrestris,ハマビシ,維管束植物,,絶滅危惧ⅠB類（EN）,,,moe_redlist,GBIFへの照会自体が未実施（gbif_taxon_key欠落・gbif_match_type=NULL）
trichocolea japonica,Trichocolea japonica,イボイボムクムクゴケ,蘚苔類,,絶滅危惧ⅠB類（EN）,,,moe_redlist,GBIFへの照会自体が未実施（gbif_taxon_key欠落・gbif_match_type=NULL）
trichoderma cerebriforme,Trichoderma cerebriforme,オオボタンタケ,菌類,,情報不足（DD）,,,moe_redlist,GBIFへの照会自体が未実施（gbif_taxon_key欠落・gbif_match_type=NULL）
trichogloea requienii,Trichogloea requienii,アケボノモズク,藻類,,情報不足（DD）,,,moe_redlist,GBIFへの照会自体が未実施（gbif_taxon_key欠落・gbif_match_type=NULL）
trichogloeopsis mucosissima,Trichogloeopsis mucosissima,ヌルハダ,藻類,,情報不足（DD）,,,moe_redlist,GBIFへの照会自体が未実施（gbif_taxon_key欠落・gbif_match_type=NULL）
tricholepidozia neesii,Tricholepidozia neesii,イリオモテスギバゴケ（テララゴケ）,蘚苔類,,絶滅危惧Ⅱ類（VU）,,,moe_redlist,GBIFへの照会自体が未実施（gbif_taxon_key欠落・gbif_match_type=NULL）
tricholoma auratum,Tricholoma auratum,シモコシ,菌類,,情報不足（DD）,,,moe_redlist,GBIFへの照会自体が未実施（gbif_taxon_key欠落・gbif_match_type=NULL）
tricholoma bakamatsutake,Tricholoma bakamatsutake,バカマツタケ,菌類,,情報不足（DD）,,,moe_redlist,GBIFへの照会自体が未実施（gbif_taxon_key欠落・gbif_match_type=NULL）
tricholoma fulvocastaneum,Tricholoma fulvocastaneum,ニセマツタケ,菌類,,情報不足（DD）,,,moe_redlist,GBIFへの照会自体が未実施（gbif_taxon_key欠落・gbif_match_type=NULL）
tricholoma radicans,Tricholoma radicans,シロマツタケモドキ,菌類,,情報不足（DD）,,,moe_redlist,GBIFへの照会自体が未実施（gbif_taxon_key欠落・gbif_match_type=NULL）
tricholoma robustum,Tricholoma robustum,マツタケモドキ,菌類,,情報不足（DD）,,,moe_redlist,GBIFへの照会自体が未実施（gbif_taxon_key欠落・gbif_match_type=NULL）
trichophorum alpinum,Trichophorum alpinum,ヒメワタスゲ,維管束植物,,準絶滅危惧（NT）,,,moe_redlist,GBIFへの照会自体が未実施（gbif_taxon_key欠落・gbif_match_type=NULL）
trichosanthes homophylla var. ishigakiensis,Trichosanthes homophylla var. ishigakiensis,イシガキカラスウリ,維管束植物,,絶滅危惧ⅠＡ類（CR）,,,moe_redlist,GBIFへの照会自体が未実施（gbif_taxon_key欠落・gbif_match_type=NULL）
trichosanthes ovigera var. boninensis,Trichosanthes ovigera var. boninensis,ムニンカラスウリ,維管束植物,,絶滅危惧ⅠB類（EN）,,,moe_redlist,GBIFへの照会自体が未実施（gbif_taxon_key欠落・gbif_match_type=NULL）
trichosteleum lutschianum,Trichosteleum lutschianum,リュウキュウホソエゴケ,蘚苔類,,絶滅危惧Ⅱ類（VU）,,,moe_redlist,GBIFへの照会自体が未実施（gbif_taxon_key欠落・gbif_match_type=NULL）
trichothaumalea japonica,Trichothaumalea japonica,ケバネユスリカバエ,昆虫類,,準絶滅危惧（NT）,,,moe_redlist,GBIFへの照会自体が未実施（gbif_taxon_key欠落・gbif_match_type=NULL）
trichrysis sudai,Trichrysis sudai,スダセイボウ,昆虫類,,情報不足（DD）,,,moe_redlist,GBIFへの照会自体が未実施（gbif_taxon_key欠落・gbif_match_type=NULL）
tricyrtis flava,Tricyrtis flava,キバナノホトトギス,維管束植物,,絶滅危惧Ⅱ類（VU）,,,moe_redlist,GBIFへの照会自体が未実施（gbif_taxon_key欠落・gbif_match_type=NULL）
tricyrtis formosana,Tricyrtis formosana,タイワンホトトギス,維管束植物,,絶滅危惧Ⅱ類（VU）,,,moe_redlist,GBIFへの照会自体が未実施（gbif_taxon_key欠落・gbif_match_type=NULL）
tricyrtis hirta var. masamunei,Tricyrtis hirta var. masamunei,サツマホトトギス,維管束植物,,絶滅危惧ⅠＡ類（CR）,,,moe_redlist,GBIFへの照会自体が未実施（gbif_taxon_key欠落・gbif_match_type=NULL）
tricyrtis ishiiana var. ishiiana,Tricyrtis ishiiana var. ishiiana,サガミジョウロウホトトギス,維管束植物,,絶滅危惧ⅠB類（EN）,,,moe_redlist,GBIFへの照会自体が未実施（gbif_taxon_key欠落・gbif_match_type=NULL）
tricyrtis ishiiana var. surugensis,Tricyrtis ishiiana var. surugensis,スルガジョウロウホトトギス,維管束植物,,絶滅危惧ⅠB類（EN）,,,moe_redlist,GBIFへの照会自体が未実施（gbif_taxon_key欠落・gbif_match_type=NULL）
tricyrtis macrantha,Tricyrtis macrantha,ジョウロウホトトギス,維管束植物,,絶滅危惧Ⅱ類（VU）,,,moe_redlist,GBIFへの照会自体が未実施（gbif_taxon_key欠落・gbif_match_type=NULL）
tricyrtis macranthopsis,Tricyrtis macranthopsis,キイジョウロウホトトギス,維管束植物,,絶滅危惧Ⅱ類（VU）,,,moe_redlist,GBIFへの照会自体が未実施（gbif_taxon_key欠落・gbif_match_type=NULL）
tricyrtis ohsumiensis,Tricyrtis ohsumiensis,タカクマホトトギス,維管束植物,,準絶滅危惧（NT）,,,moe_redlist,GBIFへの照会自体が未実施（gbif_taxon_key欠落・gbif_match_type=NULL）
tricyrtis perfoliata,Tricyrtis perfoliata,キバナノツキヌキホトトギス,維管束植物,,絶滅危惧ⅠB類（EN）,,,moe_redlist,GBIFへの照会自体が未実施（gbif_taxon_key欠落・gbif_match_type=NULL）
tridentiger barbatus,Tridentiger barbatus,ショウキハゼ,汽水・淡水魚類,,準絶滅危惧（NT）,,,moe_redlist,GBIFへの照会自体が未実施（gbif_taxon_key欠落・gbif_match_type=NULL）
tridentiger nudicervicus,Tridentiger nudicervicus,シロチチブ,汽水・淡水魚類,,準絶滅危惧（NT）,,,moe_redlist,GBIFへの照会自体が未実施（gbif_taxon_key欠落・gbif_match_type=NULL）
triglochin maritima,Triglochin maritima,オオシバナ,維管束植物,,準絶滅危惧（NT）,,,moe_redlist,GBIFへの照会自体が未実施（gbif_taxon_key欠落・gbif_match_type=NULL）
triglochin maritima subsp. asiatica,Triglochin maritima subsp. asiatica,シバナ,維管束植物,,準絶滅危惧（NT）,,,moe_redlist,GBIFへの照会自体が未実施（gbif_taxon_key欠落・gbif_match_type=NULL）
triglochin palustris,Triglochin palustris,ホソバノシバナ,維管束植物,,絶滅危惧Ⅱ類（VU）,,,moe_redlist,GBIFへの照会自体が未実施（gbif_taxon_key欠落・gbif_match_type=NULL）
trigomphus citimus tabei,Trigomphus citimus tabei,タベサナエ,昆虫類,,準絶滅危惧（NT）,,,moe_redlist,GBIFへの照会自体が未実施（gbif_taxon_key欠落・gbif_match_type=NULL）
trigomphus interruptus,Trigomphus interruptus,フタスジサナエ,昆虫類,,準絶滅危惧（NT）,,,moe_redlist,GBIFへの照会自体が未実施（gbif_taxon_key欠落・gbif_match_type=NULL）
trigomphus ogumai,Trigomphus ogumai,オグマサナエ,昆虫類,,準絶滅危惧（NT）,,,moe_redlist,GBIFへの照会自体が未実施（gbif_taxon_key欠落・gbif_match_type=NULL）
trigonostoma scalariformis,Trigonostoma scalariformis,オリイレボラ,貝類,,絶滅危惧II類（VU）,,,moe_redlist,GBIFへの照会自体が未実施（gbif_taxon_key欠落・gbif_match_type=NULL）
trigonotis iinumae,Trigonotis iinumae,ツルカメバソウ,維管束植物,,絶滅危惧ⅠB類（EN）,,,moe_redlist,GBIFへの照会自体が未実施（gbif_taxon_key欠落・gbif_match_type=NULL）
trigonotis radicans var. radicans,Trigonotis radicans var. radicans,ケルリソウ,維管束植物,,絶滅危惧Ⅱ類（VU）,,,moe_redlist,GBIFへの照会自体が未実施（gbif_taxon_key欠落・gbif_match_type=NULL）
trigonotis radicans var. sericea,Trigonotis radicans var. sericea,チョウセンカメバソウ,維管束植物,,絶滅危惧ⅠB類（EN）,,,moe_redlist,GBIFへの照会自体が未実施（gbif_taxon_key欠落・gbif_match_type=NULL）
trillium channellii,Trillium channellii,カワユエンレイソウ,維管束植物,,絶滅危惧ⅠB類（EN）,,,moe_redlist,GBIFへの照会自体が未実施（gbif_taxon_key欠落・gbif_match_type=NULL）
trillium smallii var. smallii,Trillium smallii var. smallii,コジマエンレイソウ,維管束植物,,絶滅危惧Ⅱ類（VU）,,,moe_redlist,GBIFへの照会自体が未実施（gbif_taxon_key欠落・gbif_match_type=NULL）
trillium x hagae,Trillium x hagae,シラオイエンレイソウ,維管束植物,,絶滅危惧Ⅱ類（VU）,,,moe_redlist,GBIFへの照会自体が未実施（gbif_taxon_key欠落・gbif_match_type=NULL）
triosteum pinnatifidum,Triosteum pinnatifidum,ホザキツキヌキソウ,維管束植物,,絶滅危惧ⅠＡ類（CR）,,,moe_redlist,GBIFへの照会自体が未実施（gbif_taxon_key欠落・gbif_match_type=NULL）
triosteum sinuatum,Triosteum sinuatum,ツキヌキソウ,維管束植物,,絶滅危惧Ⅱ類（VU）,,,moe_redlist,GBIFへの照会自体が未実施（gbif_taxon_key欠落・gbif_match_type=NULL）
tripogon chinensis,Tripogon chinensis,ネズミシバ,維管束植物,,準絶滅危惧（NT）,,,moe_redlist,GBIFへの照会自体が未実施（gbif_taxon_key欠落・gbif_match_type=NULL）
tripogon longearistatus,Tripogon longearistatus,フクロダガヤ,維管束植物,,絶滅危惧ⅠB類（EN）,,,moe_redlist,GBIFへの照会自体が未実施（gbif_taxon_key欠落・gbif_match_type=NULL）
tripolium pannonicum,Tripolium pannonicum,ウラギク,維管束植物,,準絶滅危惧（NT）,,,moe_redlist,GBIFへの照会自体が未実施（gbif_taxon_key欠落・gbif_match_type=NULL）
tripterospermum distylum,Tripterospermum distylum,ハナヤマツルリンドウ,維管束植物,,絶滅危惧ⅠB類（EN）,,,moe_redlist,GBIFへの照会自体が未実施（gbif_taxon_key欠落・gbif_match_type=NULL）
tripterospermum japonicum var. involubile,Tripterospermum japonicum var. involubile,テングノコヅチ,維管束植物,,準絶滅危惧（NT）,,,moe_redlist,GBIFへの照会自体が未実施（gbif_taxon_key欠落・gbif_match_type=NULL）
tripterygium doianum,Tripterygium doianum,コバノクロヅル,維管束植物,,準絶滅危惧（NT）,,,moe_redlist,GBIFへの照会自体が未実施（gbif_taxon_key欠落・gbif_match_type=NULL）
trisetum koidzumianum,Trisetum koidzumianum,ミヤマカニツリ,維管束植物,,絶滅危惧Ⅱ類（VU）,,,moe_redlist,GBIFへの照会自体が未実施（gbif_taxon_key欠落・gbif_match_type=NULL）
trisetum spicatum subsp. alascanum,Trisetum spicatum subsp. alascanum,リシリカニツリ,維管束植物,,絶滅危惧Ⅱ類（VU）,,,moe_redlist,GBIFへの照会自体が未実施（gbif_taxon_key欠落・gbif_match_type=NULL）
trisetum spicatum subsp. molle,Trisetum spicatum subsp. molle,キタダケカニツリ,維管束植物,,絶滅危惧ⅠB類（EN）,,,moe_redlist,GBIFへの照会自体が未実施（gbif_taxon_key欠落・gbif_match_type=NULL）
trisidos kiyonoi,Trisidos kiyonoi,ビョウブガイ,貝類,,絶滅危惧I類（CR+EN）,,,moe_redlist,GBIFへの照会自体が未実施（gbif_taxon_key欠落・gbif_match_type=NULL）
tristellateia australasiae,Tristellateia australasiae,コウシュンカズラ,維管束植物,,準絶滅危惧（NT）,,,moe_redlist,GBIFへの照会自体が未実施（gbif_taxon_key欠落・gbif_match_type=NULL）
triumfetta procumbens var. glaberrima,Triumfetta procumbens var. glaberrima,ケナシハテルマカズラ,維管束植物,,絶滅危惧ⅠＡ類（CR）,,,moe_redlist,GBIFへの照会自体が未実施（gbif_taxon_key欠落・gbif_match_type=NULL）
trochochlamys crenulata basistriata,Trochochlamys crenulata basistriata,ソコスジカサキビ,貝類,,情報不足（DD）,,,moe_redlist,GBIFへの照会自体が未実施（gbif_taxon_key欠落・gbif_match_type=NULL）
trochochlamys fraterna,Trochochlamys fraterna,オオウエキビ,貝類,,情報不足（DD）,,,moe_redlist,GBIFへの照会自体が未実施（gbif_taxon_key欠落・gbif_match_type=NULL）
trochochlamys goniozona,Trochochlamys goniozona,ヒメオオタキキビ,貝類,,情報不足（DD）,,,moe_redlist,GBIFへの照会自体が未実施（gbif_taxon_key欠落・gbif_match_type=NULL）
trochochlamys humiliconus,Trochochlamys humiliconus,イセキビ,貝類,,情報不足（DD）,,,moe_redlist,GBIFへの照会自体が未実施（gbif_taxon_key欠落・gbif_match_type=NULL）
trochochlamys kiiensis,Trochochlamys kiiensis,キイキビ,貝類,,情報不足（DD）,,,moe_redlist,GBIFへの照会自体が未実施（gbif_taxon_key欠落・gbif_match_type=NULL）
trochochlamys labilis persubtilis,Trochochlamys labilis persubtilis,ヒラオオキビ,貝類,,準絶滅危惧（NT）,,,moe_redlist,GBIFへの照会自体が未実施（gbif_taxon_key欠落・gbif_match_type=NULL）
trochochlamys lioconus,Trochochlamys lioconus,オオタキキビ,貝類,,準絶滅危惧（NT）,,,moe_redlist,GBIFへの照会自体が未実施（gbif_taxon_key欠落・gbif_match_type=NULL）
trochochlamys longissima,Trochochlamys longissima,ツシマナガキビ,貝類,,準絶滅危惧（NT）,,,moe_redlist,GBIFへの照会自体が未実施（gbif_taxon_key欠落・gbif_match_type=NULL）
trochochlamys monticola,Trochochlamys monticola,イヤヤマキビ,貝類,,情報不足（DD）,,,moe_redlist,GBIFへの照会自体が未実施（gbif_taxon_key欠落・gbif_match_type=NULL）
trochochlamys okiensis,Trochochlamys okiensis,オキノクニキビ,貝類,,情報不足（DD）,,,moe_redlist,GBIFへの照会自体が未実施（gbif_taxon_key欠落・gbif_match_type=NULL）
trochochlamys okinoshimana,Trochochlamys okinoshimana,オキノシマキビ,貝類,,情報不足（DD）,,,moe_redlist,GBIFへの照会自体が未実施（gbif_taxon_key欠落・gbif_match_type=NULL）
trochochlamys praealta,Trochochlamys praealta,タカキビ,貝類,,準絶滅危惧（NT）,,,moe_redlist,GBIFへの照会自体が未実施（gbif_taxon_key欠落・gbif_match_type=NULL）
trochochlamys sororcula,Trochochlamys sororcula,トサキビ,貝類,,情報不足（DD）,,,moe_redlist,GBIFへの照会自体が未実施（gbif_taxon_key欠落・gbif_match_type=NULL）
trochochlamys subcrenulata satsumana,Trochochlamys subcrenulata satsumana,サツマヒメカサキビ,貝類,,情報不足（DD）,,,moe_redlist,GBIFへの照会自体が未実施（gbif_taxon_key欠落・gbif_match_type=NULL）
trochochlamys subcrenulata subcrenulata,Trochochlamys subcrenulata subcrenulata,ヒメカサキビ,貝類,,準絶滅危惧（NT）,,,moe_redlist,GBIFへの照会自体が未実施（gbif_taxon_key欠落・gbif_match_type=NULL）
trochochlamys tanzawaensis,Trochochlamys tanzawaensis,タンザワキビ,貝類,,情報不足（DD）,,,moe_redlist,GBIFへの照会自体が未実施（gbif_taxon_key欠落・gbif_match_type=NULL）
trochochlamys xenica,Trochochlamys xenica,サドタカキビ,貝類,,情報不足（DD）,,,moe_redlist,GBIFへの照会自体が未実施（gbif_taxon_key欠落・gbif_match_type=NULL）
troglodytes troglodytes mosukei,Troglodytes troglodytes mosukei,モスケミソサザイ,鳥類,,絶滅危惧IB類（EN）,,,moe_redlist,GBIFへの照会自体が未実施（gbif_taxon_key欠落・gbif_match_type=NULL）
trollius rebunensis,Trollius rebunensis,レブンキンバイソウ,維管束植物,,絶滅危惧ⅠＡ類（CR）,,,moe_redlist,GBIFへの照会自体が未実施（gbif_taxon_key欠落・gbif_match_type=NULL）
tropidia nipponica var. hachijoensis,Tropidia nipponica var. hachijoensis,ハチジョウネッタイラン,維管束植物,,絶滅危惧ⅠB類（EN）,,,moe_redlist,GBIFへの照会自体が未実施（gbif_taxon_key欠落・gbif_match_type=NULL）
tropidia nipponica var. nipponica,Tropidia nipponica var. nipponica,ヤクシマネッタイラン,維管束植物,,絶滅危惧ⅠB類（EN）,,,moe_redlist,GBIFへの照会自体が未実施（gbif_taxon_key欠落・gbif_match_type=NULL）
tropidia somae,Tropidia somae,アコウネッタイラン,維管束植物,,絶滅危惧ⅠB類（EN）,,,moe_redlist,GBIFへの照会自体が未実施（gbif_taxon_key欠落・gbif_match_type=NULL）
trox kyotensis,Trox kyotensis,キョウトチビコブスジコガネ,昆虫類,,情報不足（DD）,,,moe_redlist,GBIFへの照会自体が未実施（gbif_taxon_key欠落・gbif_match_type=NULL）
trox mitis,Trox mitis,マルコブスジコガネ,昆虫類,,準絶滅危惧（NT）,,,moe_redlist,GBIFへの照会自体が未実施（gbif_taxon_key欠落・gbif_match_type=NULL）
truncatella sp. a,Truncatella sp. A,アマミクビキレ,貝類,,絶滅危惧II類（VU）,,,moe_redlist,GBIFへの照会自体が未実施（gbif_taxon_key欠落・gbif_match_type=NULL）
truncatella sp. b,Truncatella sp. B,アソブイトクビキレ,貝類,,絶滅危惧IA類（CR）,,NONE,moe_redlist,GBIFへ照会したが一致しなかった（gbif_match_type=NONE）
truncatella sp. c,Truncatella sp. C,カガヨイクビキレ,貝類,,絶滅危惧IA類（CR）,,,moe_redlist,GBIFへの照会自体が未実施（gbif_taxon_key欠落・gbif_match_type=NULL）
truncatella sp. d,Truncatella sp. D,キザハシクビキレ,貝類,,絶滅危惧IA類（CR）,,,moe_redlist,GBIFへの照会自体が未実施（gbif_taxon_key欠落・gbif_match_type=NULL）
truncatella sp. e,Truncatella sp. E,ロウタキクビキレ,貝類,,絶滅危惧IA類（CR）,,,moe_redlist,GBIFへの照会自体が未実施（gbif_taxon_key欠落・gbif_match_type=NULL）
truncatella sp. f,Truncatella sp. F,カイグンボウクビキレ,貝類,,絶滅危惧II類（VU）,,,moe_redlist,GBIFへの照会自体が未実施（gbif_taxon_key欠落・gbif_match_type=NULL）
truncatellina insulivaga,Truncatellina insulivaga,ミジンサナギガイ,貝類,,準絶滅危惧（NT）,,,moe_redlist,GBIFへの照会自体が未実施（gbif_taxon_key欠落・gbif_match_type=NULL）
trypauchenopsis intermedia,Trypauchenopsis intermedia,ヒゲワラスボ,汽水・淡水魚類,,絶滅危惧II類（VU）,,,moe_redlist,GBIFへの照会自体が未実施（gbif_taxon_key欠落・gbif_match_type=NULL）
trypetheliopsis boninensis,Trypetheliopsis boninensis,アカチクビゴケ,地衣類,,情報不足（DD）,,,moe_redlist,GBIFへの照会自体が未実施（gbif_taxon_key欠落・gbif_match_type=NULL）
trypetheliopsis epiphylla,Trypetheliopsis epiphylla,バショウゴケ,地衣類,,情報不足（DD）,,,moe_redlist,GBIFへの照会自体が未実施（gbif_taxon_key欠落・gbif_match_type=NULL）
trypetimorpha japonica,Trypetimorpha japonica,ハウチワウンカ,昆虫類,,絶滅危惧II類（VU）,,,moe_redlist,GBIFへの照会自体が未実施（gbif_taxon_key欠落・gbif_match_type=NULL）
trypoxyius dichotomus takarai,Trypoxyius dichotomus takarai,オキナワカブトムシ,昆虫類,,情報不足（DD）,,,moe_redlist,GBIFへの照会自体が未実施（gbif_taxon_key欠落・gbif_match_type=NULL）
trypoxylon ambiguum,Trypoxylon ambiguum,フクイジガバチモドキ,昆虫類,,情報不足（DD）,,,moe_redlist,GBIFへの照会自体が未実施（gbif_taxon_key欠落・gbif_match_type=NULL）
trypoxylon chichidzimaense,Trypoxylon chichidzimaense,チチジマジガバチモドキ,昆虫類,,準絶滅危惧（NT）,,,moe_redlist,GBIFへの照会自体が未実施（gbif_taxon_key欠落・gbif_match_type=NULL）
tuber sp. 2 (kinoshita et al. 2011),Tuber sp. 2 (Kinoshita et al. 2011),セイヨウショウロ属の一種,菌類,注目種,,,NONE,kanagawa_redlist,GBIFへ照会したが一致しなかった（gbif_match_type=NONE）
tubuca arcuata,Tubuca arcuata,シオマネキ,その他無脊椎動物,,絶滅危惧II類（VU）,,,moe_redlist,GBIFへの照会自体が未実施（gbif_taxon_key欠落・gbif_match_type=NULL）
tubuca coarctata,Tubuca coarctata,リュウキュウシオマネキ,甲殻類（海洋生物）,,準絶滅危惧（NT）,,,moe_redlist,GBIFへの照会自体が未実施（gbif_taxon_key欠落・gbif_match_type=NULL）
tucetona auriflua,Tucetona auriflua,ウチワガイ,貝類,,絶滅危惧II類（VU）,,,moe_redlist,GBIFへの照会自体が未実施（gbif_taxon_key欠落・gbif_match_type=NULL）
tulostoma brumale,Tulostoma brumale,ケシボウズタケ,菌類,,情報不足（DD）,,,moe_redlist,GBIFへの照会自体が未実施（gbif_taxon_key欠落・gbif_match_type=NULL）
tulostoma fimbriatum var. campestre,Tulostoma fimbriatum var. campestre,ナガエノホコリタケ,菌類,,情報不足（DD）,,,moe_redlist,GBIFへの照会自体が未実施（gbif_taxon_key欠落・gbif_match_type=NULL）
tulostoma fimbriatum var. fimbriatum,Tulostoma fimbriatum var. fimbriatum,アラナミケシボウズタケ,菌類,,情報不足（DD）,,,moe_redlist,GBIFへの照会自体が未実施（gbif_taxon_key欠落・gbif_match_type=NULL）
tulostoma spp.,Tulostoma spp.,ケシボウズタケ属,菌類,絶滅危惧Ⅰ類（CR+EN）,,,NONE,kanagawa_redlist,GBIFへ照会したが一致しなかった（gbif_match_type=NONE）
tulostoma squamosum,Tulostoma squamosum,ウロコケシボウズタケ,菌類,,情報不足（DD）,,,moe_redlist,GBIFへの照会自体が未実施（gbif_taxon_key欠落・gbif_match_type=NULL）
tulostoma striatum,Tulostoma striatum,ウネミケシボウズタケ,菌類,,情報不足（DD）,,,moe_redlist,GBIFへの照会自体が未実施（gbif_taxon_key欠落・gbif_match_type=NULL）
turbonilla kuraenohamana,Turbonilla kuraenohamana,クラエノハマイトカケギリ,貝類,,準絶滅危惧（NT）,,,moe_redlist,GBIFへの照会自体が未実施（gbif_taxon_key欠落・gbif_match_type=NULL）
turbonilla scrobiculata,Turbonilla scrobiculata,ウネイトカケギリ,貝類,,準絶滅危惧（NT）,,,moe_redlist,GBIFへの照会自体が未実施（gbif_taxon_key欠落・gbif_match_type=NULL）
turbonilla teganumana,Turbonilla teganumana,エドイトカケギリ,貝類,,準絶滅危惧（NT）,,,moe_redlist,GBIFへの照会自体が未実施（gbif_taxon_key欠落・gbif_match_type=NULL）
turdus celaenops,Turdus celaenops,アカコッコ,鳥類,,絶滅危惧IB類（EN）,,,moe_redlist,GBIFへの照会自体が未実施（gbif_taxon_key欠落・gbif_match_type=NULL）
turdus dauma amami,Turdus dauma amami,オオトラツグミ,鳥類,,準絶滅危惧（NT）,,,moe_redlist,GBIFへの照会自体が未実施（gbif_taxon_key欠落・gbif_match_type=NULL）
turris crispa,Turris crispa,クダボラ,貝類,,準絶滅危惧（NT）,,,moe_redlist,GBIFへの照会自体が未実施（gbif_taxon_key欠落・gbif_match_type=NULL）
udotea argentea,Udotea argentea,オオハゴロモ,藻類,,情報不足（DD）,,,moe_redlist,GBIFへの照会自体が未実施（gbif_taxon_key欠落・gbif_match_type=NULL）
ulota eurystoma,Ulota eurystoma,ヒログチキンモウゴケ,蘚苔類,,情報不足（DD）,,,moe_redlist,GBIFへの照会自体が未実施（gbif_taxon_key欠落・gbif_match_type=NULL）
ulota perbreviseta,Ulota perbreviseta,イブキキンモウゴケ,蘚苔類,,絶滅危惧Ⅱ類（VU）,,,moe_redlist,GBIFへの照会自体が未実施（gbif_taxon_key欠落・gbif_match_type=NULL）
ulota yakushimensis,Ulota yakushimensis,ヤクシマキンモウゴケ,蘚苔類,,絶滅危惧Ⅱ類（VU）,,,moe_redlist,GBIFへの照会自体が未実施（gbif_taxon_key欠落・gbif_match_type=NULL）
ulva limnetica,Ulva limnetica,ウムトゥチュラノリ,藻類,,絶滅危惧ⅠB類（EN）,,,moe_redlist,GBIFへの照会自体が未実施（gbif_taxon_key欠落・gbif_match_type=NULL）
umbonium moniliferum,Umbonium moniliferum,イボキサゴ,貝類,,準絶滅危惧（NT）,,,moe_redlist,GBIFへの照会自体が未実施（gbif_taxon_key欠落・gbif_match_type=NULL）
umbonium suturale,Umbonium suturale,タイワンキサゴ,貝類,,準絶滅危惧（NT）,,,moe_redlist,GBIFへの照会自体が未実施（gbif_taxon_key欠落・gbif_match_type=NULL）
unisitobion corylicola,Unisitobion corylicola,ハシバミヒゲナガアブラムシ,昆虫類,,絶滅危惧II類（VU）,,,moe_redlist,GBIFへの照会自体が未実施（gbif_taxon_key欠落・gbif_match_type=NULL）
upogebia iriomotensis,Upogebia iriomotensis,和名なし,甲殻類（海洋生物）,,情報不足（DD）,,,moe_redlist,GBIFへの照会自体が未実施（gbif_taxon_key欠落・gbif_match_type=NULL）
upogebia rupicola,Upogebia rupicola,イワホリアナジャコ,甲殻類（海洋生物）,,情報不足（DD）,,,moe_redlist,GBIFへの照会自体が未実施（gbif_taxon_key欠落・gbif_match_type=NULL）
upogebia snelliusi,Upogebia snelliusi,ナンヨウトゲアナジャコ,甲殻類（海洋生物）,,情報不足（DD）,,,moe_redlist,GBIFへの照会自体が未実施（gbif_taxon_key欠落・gbif_match_type=NULL）
upogebia spinidactylus,Upogebia spinidactylus,和名なし,甲殻類（海洋生物）,,情報不足（DD）,,,moe_redlist,GBIFへの照会自体が未実施（gbif_taxon_key欠落・gbif_match_type=NULL）
upogebiamiyakei,Upogebiamiyakei,和名なし,甲殻類（海洋生物）,,情報不足（DD）,,,moe_redlist,GBIFへの照会自体が未実施（gbif_taxon_key欠落・gbif_match_type=NULL）
uraria lagopodoides,Uraria lagopodoides,オオバフジボグサ,維管束植物,,絶滅危惧ⅠB類（EN）,,,moe_redlist,GBIFへの照会自体が未実施（gbif_taxon_key欠落・gbif_match_type=NULL）
uraria picta,Uraria picta,ホソバフジボグサ,維管束植物,,絶滅危惧ⅠＡ類（CR）,,,moe_redlist,GBIFへの照会自体が未実施（gbif_taxon_key欠落・gbif_match_type=NULL）
urceola micrantha,Urceola micrantha,ゴムカズラ,維管束植物,,絶滅危惧ⅠB類（EN）,,,moe_redlist,GBIFへの照会自体が未実施（gbif_taxon_key欠落・gbif_match_type=NULL）
urocampus nanus,Urocampus nanus,沖縄島のオクヨウジ,魚類（海洋生物）,,絶滅のおそれのある地域個体群（LP）,,,moe_redlist,GBIFへの照会自体が未実施（gbif_taxon_key欠落・gbif_match_type=NULL）
urochloa villosa,Urochloa villosa,ビロードキビ,維管束植物,,絶滅危惧Ⅱ類（VU）,,,moe_redlist,GBIFへの照会自体が未実施（gbif_taxon_key欠落・gbif_match_type=NULL）
urogymnus asperrimus,Urogymnus asperrimus,イバラエイ,魚類（海洋生物）,,情報不足（DD）,,,moe_redlist,GBIFへの照会自体が未実施（gbif_taxon_key欠落・gbif_match_type=NULL）
ursinoscorpaenopsis kitai,Ursinoscorpaenopsis kitai,クマカサゴ,魚類（海洋生物）,,情報不足（DD）,,,moe_redlist,GBIFへの照会自体が未実施（gbif_taxon_key欠落・gbif_match_type=NULL）
ursus arctos yesoensis,Ursus arctos yesoensis,石狩西部のエゾヒグマ,哺乳類,,絶滅のおそれのある地域個体群（LP）,,,moe_redlist,GBIFへの照会自体が未実施（gbif_taxon_key欠落・gbif_match_type=NULL）
ursus thibetanus japonicus,Ursus thibetanus japonicus,西中国地域のツキノワグマ,哺乳類,,絶滅のおそれのある地域個体群（LP）,,,moe_redlist,GBIFへの照会自体が未実施（gbif_taxon_key欠落・gbif_match_type=NULL）
uruma ourana,Uruma ourana,オオウラコユビピンノ,甲殻類（海洋生物）,,情報不足（DD）,,,moe_redlist,GBIFへの照会自体が未実施（gbif_taxon_key欠落・gbif_match_type=NULL）
urumaelmis uenoi tokarana,Urumaelmis uenoi tokarana,トカラツヤドロムシ,昆虫類,,情報不足（DD）,,,moe_redlist,GBIFへの照会自体が未実施（gbif_taxon_key欠落・gbif_match_type=NULL）
usnea angulata,Usnea angulata,アサヒナサルオガセ,地衣類,,情報不足（DD）,,,moe_redlist,GBIFへの照会自体が未実施（gbif_taxon_key欠落・gbif_match_type=NULL）
usnea fuscorubens,Usnea fuscorubens,ハナサルオガセモドキ,地衣類,,情報不足（DD）,,,moe_redlist,GBIFへの照会自体が未実施（gbif_taxon_key欠落・gbif_match_type=NULL）
usnea himantodes,Usnea himantodes,シコクサルオガセ,地衣類,,情報不足（DD）,,,moe_redlist,GBIFへの照会自体が未実施（gbif_taxon_key欠落・gbif_match_type=NULL）
usnea koyana,Usnea koyana,コウヤサルオガセ,地衣類,,情報不足（DD）,,,moe_redlist,GBIFへの照会自体が未実施（gbif_taxon_key欠落・gbif_match_type=NULL）
usnea longissima,Usnea longissima,ナガサルオガセ,地衣類,,準絶滅危惧（NT）,,,moe_redlist,GBIFへの照会自体が未実施（gbif_taxon_key欠落・gbif_match_type=NULL）
usnea nipparensis,Usnea nipparensis,ニッパラサルオガセ,地衣類,,準絶滅危惧（NT）,,,moe_redlist,GBIFへの照会自体が未実施（gbif_taxon_key欠落・gbif_match_type=NULL）
usnea yakushimensis,Usnea yakushimensis,ヤクシマサルオガセ,地衣類,,情報不足（DD）,,,moe_redlist,GBIFへの照会自体が未実施（gbif_taxon_key欠落・gbif_match_type=NULL）
usnocetraria kurokawae,Usnocetraria kurokawae,クロカワアワビゴケ,地衣類,,絶滅危惧Ⅱ類（VU）,,,moe_redlist,GBIFへの照会自体が未実施（gbif_taxon_key欠落・gbif_match_type=NULL）
usnocetraria oakesiana,Usnocetraria oakesiana,オーアケシゴケ,地衣類,,情報不足（DD）,,,moe_redlist,GBIFへの照会自体が未実施（gbif_taxon_key欠落・gbif_match_type=NULL）
utricularia aurea,Utricularia aurea,ノタヌキモ,維管束植物,,絶滅危惧Ⅱ類（VU）,,,moe_redlist,GBIFへの照会自体が未実施（gbif_taxon_key欠落・gbif_match_type=NULL）
utricularia australis,Utricularia australis,イヌタヌキモ,維管束植物,,準絶滅危惧（NT）,,,moe_redlist,GBIFへの照会自体が未実施（gbif_taxon_key欠落・gbif_match_type=NULL）
utricularia dimorphantha,Utricularia dimorphantha,フサタヌキモ,維管束植物,,絶滅危惧Ⅱ類（VU）,,,moe_redlist,GBIFへの照会自体が未実施（gbif_taxon_key欠落・gbif_match_type=NULL）
utricularia exoleta,Utricularia exoleta,ミカワタヌキモ,維管束植物,,絶滅危惧ⅠB類（EN）,,,moe_redlist,GBIFへの照会自体が未実施（gbif_taxon_key欠落・gbif_match_type=NULL）
utricularia gibba,Utricularia gibba,オオバナイトタヌキモ（ウトリクラリア・ギッバ）,植物,,,重点対策外来種,,moe_ias_list,GBIFへの照会自体が未実施（gbif_taxon_key欠落・gbif_match_type=NULL）
utricularia inflata,Utricularia inflata,エフクレタヌキモ,植物,,,重点対策外来種,,moe_ias_list,GBIFへの照会自体が未実施（gbif_taxon_key欠落・gbif_match_type=NULL）
utricularia macrorhiza,Utricularia macrorhiza,オオタヌキモ,維管束植物,,準絶滅危惧（NT）,,,moe_redlist,GBIFへの照会自体が未実施（gbif_taxon_key欠落・gbif_match_type=NULL）
utricularia minor,Utricularia minor,ヒメタヌキモ,維管束植物,,準絶滅危惧（NT）,,,moe_redlist,GBIFへの照会自体が未実施（gbif_taxon_key欠落・gbif_match_type=NULL）
utricularia minutissima,Utricularia minutissima,ヒメミミカキグサ,維管束植物,,絶滅危惧ⅠＡ類（CR）,,,moe_redlist,GBIFへの照会自体が未実施（gbif_taxon_key欠落・gbif_match_type=NULL）
utricularia ochroleuca,Utricularia ochroleuca,ヤチコタヌキモ,維管束植物,,絶滅危惧Ⅱ類（VU）,,,moe_redlist,GBIFへの照会自体が未実施（gbif_taxon_key欠落・gbif_match_type=NULL）
utricularia uliginosa,Utricularia uliginosa,ムラサキミミカキグサ,維管束植物,,準絶滅危惧（NT）,,,moe_redlist,GBIFへの照会自体が未実施（gbif_taxon_key欠落・gbif_match_type=NULL）
utricularia ｘ japonica,Utricularia ｘ japonica,タヌキモ,維管束植物,,準絶滅危惧（NT）,,,moe_redlist,GBIFへの照会自体が未実施（gbif_taxon_key欠落・gbif_match_type=NULL）
vacciniina optilete daisetsuzana,Vacciniina optilete daisetsuzana,カラフトルリシジミ,昆虫類,,準絶滅危惧（NT）,,,moe_redlist,GBIFへの照会自体が未実施（gbif_taxon_key欠落・gbif_match_type=NULL）
vaccinium amamianum,Vaccinium amamianum,ヤドリコケモモ,維管束植物,,絶滅危惧ⅠＡ類（CR）,,,moe_redlist,GBIFへの照会自体が未実施（gbif_taxon_key欠落・gbif_match_type=NULL）
vaccinium boninense,Vaccinium boninense,ムニンシャシャンボ,維管束植物,,絶滅危惧Ⅱ類（VU）,,,moe_redlist,GBIFへの照会自体が未実施（gbif_taxon_key欠落・gbif_match_type=NULL）
vaccinium microcarpum,Vaccinium microcarpum,ヒメツルコケモモ,維管束植物,,絶滅危惧Ⅱ類（VU）,,,moe_redlist,GBIFへの照会自体が未実施（gbif_taxon_key欠落・gbif_match_type=NULL）
vaccinium sieboldii,Vaccinium sieboldii,ナガボナツハゼ,維管束植物,,絶滅危惧ⅠＡ類（CR）,,,moe_redlist,GBIFへの照会自体が未実施（gbif_taxon_key欠落・gbif_match_type=NULL）
vaccinium yakushimense,Vaccinium yakushimense,アクシバモドキ,維管束植物,,絶滅危惧Ⅱ類（VU）,,,moe_redlist,GBIFへの照会自体が未実施（gbif_taxon_key欠落・gbif_match_type=NULL）
vallisneria gigantea、vallisneria spp.,Vallisneria gigantea、Vallisneria spp.,外来セキショウモ（オオセキショウモ（ジャイアントバリスネリア）、セイヨウセキショウモに酷似した外来種）,植物,,,重点対策外来種,,moe_ias_list,GBIFへの照会自体が未実施（gbif_taxon_key欠落・gbif_match_type=NULL）
vallisneria natans var. higoensis,Vallisneria natans var. higoensis,ヒラモ,維管束植物,,絶滅危惧Ⅱ類（VU）,,,moe_redlist,GBIFへの照会自体が未実施（gbif_taxon_key欠落・gbif_match_type=NULL）
vallonia patens,Vallonia patens,エゾミジンマイマイ,貝類,,情報不足（DD）,,,moe_redlist,GBIFへの照会自体が未実施（gbif_taxon_key欠落・gbif_match_type=NULL）
valoniopsis pachynema,Valoniopsis pachynema,ホソバロニア,藻類,,情報不足（DD）,,,moe_redlist,GBIFへの照会自体が未実施（gbif_taxon_key欠落・gbif_match_type=NULL）
valvata hokkaidoensis,Valvata hokkaidoensis,ミズシタダミ,貝類,,準絶滅危惧（NT）,,,moe_redlist,GBIFへの照会自体が未実施（gbif_taxon_key欠落・gbif_match_type=NULL）
vandenboschia maxima,Vandenboschia maxima,シノブホラゴケ,維管束植物,,絶滅危惧ⅠB類（EN）,,,moe_redlist,GBIFへの照会自体が未実施（gbif_taxon_key欠落・gbif_match_type=NULL）
vandenboschia miuraensis,Vandenboschia miuraensis,ミウラハイホラゴケ,維管束植物,,絶滅危惧Ⅱ類（VU）,,,moe_redlist,GBIFへの照会自体が未実施（gbif_taxon_key欠落・gbif_match_type=NULL）
vandenboschia oshimensis,Vandenboschia oshimensis,リュウキュウオオハイホラゴケ,維管束植物,,絶滅危惧Ⅱ類（VU）,,,moe_redlist,GBIFへの照会自体が未実施（gbif_taxon_key欠落・gbif_match_type=NULL）
vanvoorstia spectabilis,Vanvoorstia spectabilis,ヒメカラゴロモ,藻類,,情報不足（DD）,,,moe_redlist,GBIFへの照会自体が未実施（gbif_taxon_key欠落・gbif_match_type=NULL）
variimorda hiromiae,Variimorda hiromiae,ロミキンオビハナノミ,昆虫類,,絶滅危惧II類（VU）,,,moe_redlist,GBIFへの照会自体が未実施（gbif_taxon_key欠落・gbif_match_type=NULL）
variimorda ihai boninensis,Variimorda ihai boninensis,ヨツモンハナノミ小笠原亜種,昆虫類,,準絶滅危惧（NT）,,,moe_redlist,GBIFへの照会自体が未実施（gbif_taxon_key欠落・gbif_match_type=NULL）
variimorda inomatai,Variimorda inomatai,オガサワラキンオビハナノミ,昆虫類,,絶滅危惧IB類（EN）,,,moe_redlist,GBIFへの照会自体が未実施（gbif_taxon_key欠落・gbif_match_type=NULL）
variimorda maiae shoui,Variimorda maiae shoui,マイキンオビハナノミ母島亜種,昆虫類,,絶滅危惧IB類（EN）,,,moe_redlist,GBIFへの照会自体が未実施（gbif_taxon_key欠落・gbif_match_type=NULL）
varuna yui,Varuna yui,タイワンオオヒライソガニ,その他無脊椎動物,,情報不足（DD）,,,moe_redlist,GBIFへの照会自体が未実施（gbif_taxon_key欠落・gbif_match_type=NULL）
vasticardium rubicundum compunctum,Vasticardium rubicundum compunctum,イレズミザルガイ,貝類,,絶滅危惧II類（VU）,,,moe_redlist,GBIFへの照会自体が未実施（gbif_taxon_key欠落・gbif_match_type=NULL）
vaucheria longicaulis,Vaucheria longicaulis,ウミフシナシミドロ,藻類,,準絶滅危惧（NT）,,,moe_redlist,GBIFへの照会自体が未実施（gbif_taxon_key欠落・gbif_match_type=NULL）
velarifictorus politus,Velarifictorus politus,ムニンツヅレサセコオロギ,昆虫類,,準絶滅危惧（NT）,,,moe_redlist,GBIFへの照会自体が未実施（gbif_taxon_key欠落・gbif_match_type=NULL）
velutina pusio,Velutina pusio,ハナヅトガイ,貝類,,準絶滅危惧（NT）,,,moe_redlist,GBIFへの照会自体が未実施（gbif_taxon_key欠落・gbif_match_type=NULL）
verasper variegatus,Verasper variegatus,ホシガレイ,魚類（海洋生物）,,準絶滅危惧（NT）,,,moe_redlist,GBIFへの照会自体が未実施（gbif_taxon_key欠落・gbif_match_type=NULL）
veraspermoseri,Veraspermoseri,マツカワ,魚類（海洋生物）,,情報不足（DD）,,,moe_redlist,GBIFへの照会自体が未実施（gbif_taxon_key欠落・gbif_match_type=NULL）
veratrum stamineum var. micranthum,Veratrum stamineum var. micranthum,ミカワバイケイソウ,維管束植物,,絶滅危惧Ⅱ類（VU）,,,moe_redlist,GBIFへの照会自体が未実施（gbif_taxon_key欠落・gbif_match_type=NULL）
"verbena spp.（v. brasiliensis, v. incompta, v. bonariensis, v. litoralis）","Verbena spp.（V. brasiliensis, V. incompta, V. bonariensis, V. litoralis）",アレチハナガサ類（アレチハナガサ、ダキバアレチハナガサ、ヤナギハナガサ（サンジャクバーベナ）、ヒメクマツヅラ（ハマクマツヅラ）,植物,,,その他の総合対策外来種,,moe_ias_list,GBIFへの照会自体が未実施（gbif_taxon_key欠落・gbif_match_type=NULL）
vernicia cordata,Vernicia cordata,屋久島などのアブラギリ（ドクエ）,植物,,,重点対策外来種,,moe_ias_list,GBIFへの照会自体が未実施（gbif_taxon_key欠落・gbif_match_type=NULL）
veronica javanica,Veronica javanica,ハマクワガタ,維管束植物,,準絶滅危惧（NT）,,,moe_redlist,GBIFへの照会自体が未実施（gbif_taxon_key欠落・gbif_match_type=NULL）
veronica linariifolia var. linariifolia,Veronica linariifolia var. linariifolia,ホソバヒメトラノオ,維管束植物,,絶滅危惧ⅠB類（EN）,,,moe_redlist,GBIFへの照会自体が未実施（gbif_taxon_key欠落・gbif_match_type=NULL）
veronica ogurae,Veronica ogurae,サンイントラノオ,維管束植物,,絶滅危惧Ⅱ類（VU）,,,moe_redlist,GBIFへの照会自体が未実施（gbif_taxon_key欠落・gbif_match_type=NULL）
veronica onoei,Veronica onoei,グンバイヅル,維管束植物,,絶滅危惧Ⅱ類（VU）,,,moe_redlist,GBIFへの照会自体が未実施（gbif_taxon_key欠落・gbif_match_type=NULL）
veronica ornata,Veronica ornata,トウテイラン,維管束植物,,絶滅危惧Ⅱ類（VU）,,,moe_redlist,GBIFへの照会自体が未実施（gbif_taxon_key欠落・gbif_match_type=NULL）
veronica ovata subsp. kiusiana var. kitadakemontana,Veronica ovata subsp. kiusiana var. kitadakemontana,キタダケトラノオ,維管束植物,,絶滅危惧Ⅱ類（VU）,,,moe_redlist,GBIFへの照会自体が未実施（gbif_taxon_key欠落・gbif_match_type=NULL）
veronica ovata subsp. kiusiana var. kiusiana,Veronica ovata subsp. kiusiana var. kiusiana,ツクシトラノオ,維管束植物,,絶滅危惧Ⅱ類（VU）,,,moe_redlist,GBIFへの照会自体が未実施（gbif_taxon_key欠落・gbif_match_type=NULL）
veronica polita subsp. lilacina,Veronica polita subsp. lilacina,イヌノフグリ,維管束植物,,準絶滅危惧（NT）,,,moe_redlist,GBIFへの照会自体が未実施（gbif_taxon_key欠落・gbif_match_type=NULL）
veronica schmidtiana subsp. senanensis var. yezoalpina,Veronica schmidtiana subsp. senanensis var. yezoalpina,エゾミヤマクワガタ,維管束植物,,絶滅危惧Ⅱ類（VU）,,,moe_redlist,GBIFへの照会自体が未実施（gbif_taxon_key欠落・gbif_match_type=NULL）
veronica sieboldiana,Veronica sieboldiana,ハマトラノオ,維管束植物,,絶滅危惧Ⅱ類（VU）,,,moe_redlist,GBIFへの照会自体が未実施（gbif_taxon_key欠落・gbif_match_type=NULL）
veronica stelleri var. longistyla,Veronica stelleri var. longistyla,エゾヒメクワガタ,維管束植物,,絶滅危惧Ⅱ類（VU）,,,moe_redlist,GBIFへの照会自体が未実施（gbif_taxon_key欠落・gbif_match_type=NULL）
veronica subsessilis,Veronica subsessilis,ルリトラノオ,維管束植物,,絶滅危惧Ⅱ類（VU）,,,moe_redlist,GBIFへの照会自体が未実施（gbif_taxon_key欠落・gbif_match_type=NULL）
veronica undulata,Veronica undulata,カワヂシャ,維管束植物,,準絶滅危惧（NT）,,,moe_redlist,GBIFへの照会自体が未実施（gbif_taxon_key欠落・gbif_match_type=NULL）
veronicastrum japonicum var. australe,Veronicastrum japonicum var. australe,ナンゴククガイソウ,維管束植物,,絶滅危惧Ⅱ類（VU）,,,moe_redlist,GBIFへの照会自体が未実施（gbif_taxon_key欠落・gbif_match_type=NULL）
veronicastrum liukiuense,Veronicastrum liukiuense,リュウキュウスズカケ,維管束植物,,絶滅危惧ⅠＡ類（CR）,,,moe_redlist,GBIFへの照会自体が未実施（gbif_taxon_key欠落・gbif_match_type=NULL）
veronicastrum noguchii,Veronicastrum noguchii,イスミスズカケ,維管束植物,,絶滅危惧ⅠB類（EN）,,,moe_redlist,GBIFへの照会自体が未実施（gbif_taxon_key欠落・gbif_match_type=NULL）
veronicastrum sibiricum var. zuccarinii,Veronicastrum sibiricum var. zuccarinii,ツクシクガイソウ,維管束植物,,絶滅危惧Ⅱ類（VU）,,,moe_redlist,GBIFへの照会自体が未実施（gbif_taxon_key欠落・gbif_match_type=NULL）
veronicastrum tagawae,Veronicastrum tagawae,キノクニスズカケ,維管束植物,,絶滅危惧Ⅱ類（VU）,,,moe_redlist,GBIFへの照会自体が未実施（gbif_taxon_key欠落・gbif_match_type=NULL）
veronicastrum villosulum,Veronicastrum villosulum,スズカケソウ,維管束植物,,絶滅危惧ⅠＡ類（CR）,,,moe_redlist,GBIFへの照会自体が未実施（gbif_taxon_key欠落・gbif_match_type=NULL）
verpulus boninensis,Verpulus boninensis,ムニンザトウムシ,その他無脊椎動物,,情報不足（DD）,,,moe_redlist,GBIFへの照会自体が未実施（gbif_taxon_key欠落・gbif_match_type=NULL）
verpulus similis,Verpulus similis,ムニンセグロザトウムシ,その他無脊椎動物,,情報不足（DD）,,,moe_redlist,GBIFへの照会自体が未実施（gbif_taxon_key欠落・gbif_match_type=NULL）
vertigo hachijoensis,Vertigo hachijoensis,ハチジョウキバサナギガイ,貝類,,絶滅危惧I類（CR+EN）,,,moe_redlist,GBIFへの照会自体が未実施（gbif_taxon_key欠落・gbif_match_type=NULL）
vertigo hirasei,Vertigo hirasei,キバサナギガイ,貝類,,絶滅危惧I類（CR+EN）,,,moe_redlist,GBIFへの照会自体が未実施（gbif_taxon_key欠落・gbif_match_type=NULL）
vertigo japonica,Vertigo japonica,ヤマトキバサナギガイ,貝類,,絶滅危惧II類（VU）,,,moe_redlist,GBIFへの照会自体が未実施（gbif_taxon_key欠落・gbif_match_type=NULL）
vertigo kushiroensis,Vertigo kushiroensis,クシロキバサナギガイ,貝類,,準絶滅危惧（NT）,,,moe_redlist,GBIFへの照会自体が未実施（gbif_taxon_key欠落・gbif_match_type=NULL）
vertigo ovata ovata,Vertigo ovata ovata,ナタネキバサナギガイ,貝類,,絶滅危惧II類（VU）,,,moe_redlist,GBIFへの照会自体が未実施（gbif_taxon_key欠落・gbif_match_type=NULL）
vertigo ovata stagnalis,Vertigo ovata stagnalis,ミズギワキバサナギガイ,貝類,,情報不足（DD）,,,moe_redlist,GBIFへの照会自体が未実施（gbif_taxon_key欠落・gbif_match_type=NULL）
vespa crabro flavofasciata,Vespa crabro flavofasciata,モンスズメバチ,昆虫類,,情報不足（DD）,,,moe_redlist,GBIFへの照会自体が未実施（gbif_taxon_key欠落・gbif_match_type=NULL）
vespertilio murinus,Vespertilio murinus,ヒメヒナコウモリ,哺乳類,,情報不足（DD）,,,moe_redlist,GBIFへの照会自体が未実施（gbif_taxon_key欠落・gbif_match_type=NULL）
vexillum balteolatum,Vexillum balteolatum,ミノムシガイ,貝類,,絶滅危惧II類（VU）,,,moe_redlist,GBIFへの照会自体が未実施（gbif_taxon_key欠落・gbif_match_type=NULL）
vexillum gruneri,Vexillum gruneri,ハイイロミノムシ,貝類,,準絶滅危惧（NT）,,,moe_redlist,GBIFへの照会自体が未実施（gbif_taxon_key欠落・gbif_match_type=NULL）
vexillum rufomaculatum,Vexillum rufomaculatum,チビツクシ（ムラクモツクシ）,貝類,,絶滅危惧II類（VU）,,,moe_redlist,GBIFへの照会自体が未実施（gbif_taxon_key欠落・gbif_match_type=NULL）
vexillum sanguisuga,Vexillum sanguisuga,カノコミノムシ,貝類,,準絶滅危惧（NT）,,,moe_redlist,GBIFへの照会自体が未実施（gbif_taxon_key欠落・gbif_match_type=NULL）
viburnum brachyandrum,Viburnum brachyandrum,シマガマズミ,維管束植物,,絶滅危惧Ⅱ類（VU）,,,moe_redlist,GBIFへの照会自体が未実施（gbif_taxon_key欠落・gbif_match_type=NULL）
viburnum carlesii var. bitchiuense,Viburnum carlesii var. bitchiuense,チョウジガマズミ,維管束植物,,準絶滅危惧（NT）,,,moe_redlist,GBIFへの照会自体が未実施（gbif_taxon_key欠落・gbif_match_type=NULL）
viburnum carlesii var. carlesii,Viburnum carlesii var. carlesii,オオチョウジガマズミ,維管束植物,,絶滅危惧ⅠB類（EN）,,,moe_redlist,GBIFへの照会自体が未実施（gbif_taxon_key欠落・gbif_match_type=NULL）
viburnum japonicum var. boninsimense,Viburnum japonicum var. boninsimense,トキワガマズミ,維管束植物,,絶滅危惧Ⅱ類（VU）,,,moe_redlist,GBIFへの照会自体が未実施（gbif_taxon_key欠落・gbif_match_type=NULL）
viburnum koreanum,Viburnum koreanum,ヒロハガマズミ,維管束植物,,絶滅危惧ⅠB類（EN）,,,moe_redlist,GBIFへの照会自体が未実施（gbif_taxon_key欠落・gbif_match_type=NULL）
viburnum tashiroi,Viburnum tashiroi,オオシマガマズミ,維管束植物,,絶滅危惧Ⅱ類（VU）,,,moe_redlist,GBIFへの照会自体が未実施（gbif_taxon_key欠落・gbif_match_type=NULL）
vicia villosa ssp. vaillosa、v. villosa ssp. varia,Vicia villosa ssp. vaillosa、V. villosa ssp. varia,外来クサフジ類（ビロードクサフジ（ヘアリーベッチ、シラゲクサフジ）、ナヨクサフジ（スムーズベッチ））,植物,,,適切な管理が必要な産業上重要な外来種（産業管理外来種）,,moe_ias_list,GBIFへの照会自体が未実施（gbif_taxon_key欠落・gbif_match_type=NULL）
videnoida cathcartae,Videnoida cathcartae,ツヤカサマイマイ,貝類,,準絶滅危惧（NT）,,,moe_redlist,GBIFへの照会自体が未実施（gbif_taxon_key欠落・gbif_match_type=NULL）
videnoida gouldiana,Videnoida gouldiana,タカカサマイマイ,貝類,,準絶滅危惧（NT）,,,moe_redlist,GBIFへの照会自体が未実施（gbif_taxon_key欠落・gbif_match_type=NULL）
videnoida horiomphala,Videnoida horiomphala,オオカサマイマイ,貝類,,準絶滅危惧（NT）,,,moe_redlist,GBIFへの照会自体が未実施（gbif_taxon_key欠落・gbif_match_type=NULL）
vigna adenantha,Vigna adenantha,コチョウインゲン,維管束植物,,絶滅危惧Ⅱ類（VU）,,,moe_redlist,GBIFへの照会自体が未実施（gbif_taxon_key欠落・gbif_match_type=NULL）
vigna minima var. minima,Vigna minima var. minima,ヒメツルアズキ,維管束植物,,絶滅危惧ⅠB類（EN）,,,moe_redlist,GBIFへの照会自体が未実施（gbif_taxon_key欠落・gbif_match_type=NULL）
vigna vexillata var. tsusimensis,Vigna vexillata var. tsusimensis,アカササゲ,維管束植物,,絶滅危惧ⅠB類（EN）,,,moe_redlist,GBIFへの照会自体が未実施（gbif_taxon_key欠落・gbif_match_type=NULL）
vigna vexillata var. vexillata,Vigna vexillata var. vexillata,サクヤアカササゲ,維管束植物,,絶滅危惧ⅠＡ類（CR）,,,moe_redlist,GBIFへの照会自体が未実施（gbif_taxon_key欠落・gbif_match_type=NULL）
vinca major,Vinca major,ツルニチニチソウ,植物,,,重点対策外来種,,moe_ias_list,GBIFへの照会自体が未実施（gbif_taxon_key欠落・gbif_match_type=NULL）
vincetoxicum acuminatum,Vincetoxicum acuminatum,クサタチバナ,維管束植物,,準絶滅危惧（NT）,,,moe_redlist,GBIFへの照会自体が未実施（gbif_taxon_key欠落・gbif_match_type=NULL）
vincetoxicum amplexicaule,Vincetoxicum amplexicaule,ロクオンソウ,維管束植物,,絶滅危惧Ⅱ類（VU）,,,moe_redlist,GBIFへの照会自体が未実施（gbif_taxon_key欠落・gbif_match_type=NULL）
vincetoxicum atratum,Vincetoxicum atratum,フナバラソウ,維管束植物,,準絶滅危惧（NT）,,,moe_redlist,GBIFへの照会自体が未実施（gbif_taxon_key欠落・gbif_match_type=NULL）
vincetoxicum austrokiusianum,Vincetoxicum austrokiusianum,ナンゴクカモメヅル,維管束植物,,絶滅危惧ⅠB類（EN）,,,moe_redlist,GBIFへの照会自体が未実施（gbif_taxon_key欠落・gbif_match_type=NULL）
vincetoxicum calcareum,Vincetoxicum calcareum,イシダテクサタチバナ,維管束植物,,絶滅危惧Ⅱ類（VU）,,,moe_redlist,GBIFへの照会自体が未実施（gbif_taxon_key欠落・gbif_match_type=NULL）
vincetoxicum doianum,Vincetoxicum doianum,サツマビャクゼン,維管束植物,,情報不足（DD）,,,moe_redlist,GBIFへの照会自体が未実施（gbif_taxon_key欠落・gbif_match_type=NULL）
vincetoxicum hoyoense,Vincetoxicum hoyoense,ホウヨカモメヅル,維管束植物,,絶滅危惧Ⅱ類（VU）,,,moe_redlist,GBIFへの照会自体が未実施（gbif_taxon_key欠落・gbif_match_type=NULL）
vincetoxicum inamoenum,Vincetoxicum inamoenum,エゾノクサタチバナ,維管束植物,,絶滅危惧ⅠＡ類（CR）,,,moe_redlist,GBIFへの照会自体が未実施（gbif_taxon_key欠落・gbif_match_type=NULL）
vincetoxicum izuense,Vincetoxicum izuense,イズカモメヅル,維管束植物,,絶滅危惧ⅠB類（EN）,,,moe_redlist,GBIFへの照会自体が未実施（gbif_taxon_key欠落・gbif_match_type=NULL）
vincetoxicum katoi,Vincetoxicum katoi,クサナギオゴケ,維管束植物,,絶滅危惧Ⅱ類（VU）,,,moe_redlist,GBIFへの照会自体が未実施（gbif_taxon_key欠落・gbif_match_type=NULL）
vincetoxicum matsumurae,Vincetoxicum matsumurae,ヒメイヨカズラ,維管束植物,,絶滅危惧ⅠB類（EN）,,,moe_redlist,GBIFへの照会自体が未実施（gbif_taxon_key欠落・gbif_match_type=NULL）
vincetoxicum pycnostelma,Vincetoxicum pycnostelma,スズサイコ,維管束植物,,準絶滅危惧（NT）,,,moe_redlist,GBIFへの照会自体が未実施（gbif_taxon_key欠落・gbif_match_type=NULL）
vincetoxicum tanakae var. glabrescens,Vincetoxicum tanakae var. glabrescens,ケナシツルモウリンカ,維管束植物,,準絶滅危惧（NT）,,,moe_redlist,GBIFへの照会自体が未実施（gbif_taxon_key欠落・gbif_match_type=NULL）
vincetoxicum yamanakae,Vincetoxicum yamanakae,ヤマワキオゴケ,維管束植物,,絶滅危惧Ⅱ類（VU）,,,moe_redlist,GBIFへの照会自体が未実施（gbif_taxon_key欠落・gbif_match_type=NULL）
vincetoxicum yonakuniense,Vincetoxicum yonakuniense,ヨナグニカモメヅル,維管束植物,,絶滅危惧ⅠＡ類（CR）,,,moe_redlist,GBIFへの照会自体が未実施（gbif_taxon_key欠落・gbif_match_type=NULL）
viola alliariifolia,Viola alliariifolia,ジンヨウキスミレ,維管束植物,,絶滅危惧Ⅱ類（VU）,,,moe_redlist,GBIFへの照会自体が未実施（gbif_taxon_key欠落・gbif_match_type=NULL）
viola amamiana,Viola amamiana,アマミスミレ,維管束植物,,絶滅危惧ⅠＡ類（CR）,,,moe_redlist,GBIFへの照会自体が未実施（gbif_taxon_key欠落・gbif_match_type=NULL）
viola awagatakensis,Viola awagatakensis,アワガタケスミレ,維管束植物,,準絶滅危惧（NT）,,,moe_redlist,GBIFへの照会自体が未実施（gbif_taxon_key欠落・gbif_match_type=NULL）
viola crassa subsp. crassa,Viola crassa subsp. crassa,タカネスミレ,維管束植物,,準絶滅危惧（NT）,,,moe_redlist,GBIFへの照会自体が未実施（gbif_taxon_key欠落・gbif_match_type=NULL）
viola epipsiloides,Viola epipsiloides,タニマスミレ,維管束植物,,絶滅危惧ⅠB類（EN）,,,moe_redlist,GBIFへの照会自体が未実施（gbif_taxon_key欠落・gbif_match_type=NULL）
viola grayi,Viola grayi,イソスミレ,維管束植物,,絶滅危惧Ⅱ類（VU）,,,moe_redlist,GBIFへの照会自体が未実施（gbif_taxon_key欠落・gbif_match_type=NULL）
viola hultenii,Viola hultenii,チシマウスバスミレ,維管束植物,,準絶滅危惧（NT）,,,moe_redlist,GBIFへの照会自体が未実施（gbif_taxon_key欠落・gbif_match_type=NULL）
viola kitamiana,Viola kitamiana,シレトコスミレ,維管束植物,,絶滅危惧Ⅱ類（VU）,,,moe_redlist,GBIFへの照会自体が未実施（gbif_taxon_key欠落・gbif_match_type=NULL）
viola lactiflora,Viola lactiflora,シロコスミレ,維管束植物,,絶滅危惧ⅠＡ類（CR）,,,moe_redlist,GBIFへの照会自体が未実施（gbif_taxon_key欠落・gbif_match_type=NULL）
viola langsdorfii subsp. sachalinensis,Viola langsdorfii subsp. sachalinensis,オオバタチツボスミレ,維管束植物,,準絶滅危惧（NT）,,,moe_redlist,GBIFへの照会自体が未実施（gbif_taxon_key欠落・gbif_match_type=NULL）
viola okinawensis,Viola okinawensis,シマジリスミレ,維管束植物,,絶滅危惧ⅠＡ類（CR）,,,moe_redlist,GBIFへの照会自体が未実施（gbif_taxon_key欠落・gbif_match_type=NULL）
viola patrinii var. angustifolia,Viola patrinii var. angustifolia,ホソバシロスミレ,維管束植物,,絶滅危惧Ⅱ類（VU）,,,moe_redlist,GBIFへの照会自体が未実施（gbif_taxon_key欠落・gbif_match_type=NULL）
viola raddeana,Viola raddeana,タチスミレ,維管束植物,,絶滅危惧Ⅱ類（VU）,,,moe_redlist,GBIFへの照会自体が未実施（gbif_taxon_key欠落・gbif_match_type=NULL）
viola sacchalinensis f. alpina,Viola sacchalinensis f. alpina,アポイタチツボスミレ,維管束植物,,絶滅危惧ⅠB類（EN）,,,moe_redlist,GBIFへの照会自体が未実施（gbif_taxon_key欠落・gbif_match_type=NULL）
viola tashiroi var. tairae,Viola tashiroi var. tairae,イシガキスミレ,維管束植物,,絶滅危惧ⅠＡ類（CR）,,,moe_redlist,GBIFへの照会自体が未実施（gbif_taxon_key欠落・gbif_match_type=NULL）
viola thibaudieri,Viola thibaudieri,タデスミレ,維管束植物,,絶滅危惧ⅠB類（EN）,,,moe_redlist,GBIFへの照会自体が未実施（gbif_taxon_key欠落・gbif_match_type=NULL）
viola utchinensis,Viola utchinensis,オキナワスミレ,維管束植物,,絶滅危惧ⅠB類（EN）,,,moe_redlist,GBIFへの照会自体が未実施（gbif_taxon_key欠落・gbif_match_type=NULL）
viola yubariana,Viola yubariana,シソバキスミレ,維管束植物,,絶滅危惧Ⅱ類（VU）,,,moe_redlist,GBIFへの照会自体が未実施（gbif_taxon_key欠落・gbif_match_type=NULL）
virescentia helminthosa,Virescentia helminthosa,アオカワモズク,藻類,,準絶滅危惧（NT）,,,moe_redlist,GBIFへの照会自体が未実施（gbif_taxon_key欠落・gbif_match_type=NULL）
virgo confusa,Virgo confusa,ニセトガリヨトウ,昆虫類,,準絶滅危惧（NT）,,,moe_redlist,GBIFへの照会自体が未実施（gbif_taxon_key欠落・gbif_match_type=NULL）
visia turgida,Visia turgida,タニガワカワモズク,藻類,,情報不足（DD）,,,moe_redlist,GBIFへの照会自体が未実施（gbif_taxon_key欠落・gbif_match_type=NULL）
vitex bicolor,Vitex bicolor,ヤエヤマハマゴウ,維管束植物,,絶滅危惧ⅠＡ類（CR）,,,moe_redlist,GBIFへの照会自体が未実施（gbif_taxon_key欠落・gbif_match_type=NULL）
vitex quinata,Vitex quinata,オオニンジンボク,維管束植物,,絶滅危惧ⅠＡ類（CR）,,,moe_redlist,GBIFへの照会自体が未実施（gbif_taxon_key欠落・gbif_match_type=NULL）
vitis kiusiana,Vitis kiusiana,クマガワブドウ,維管束植物,,絶滅危惧ⅠB類（EN）,,,moe_redlist,GBIFへの照会自体が未実施（gbif_taxon_key欠落・gbif_match_type=NULL）
vitis shiragae,Vitis shiragae,シラガブドウ,維管束植物,,絶滅危惧ⅠB類（EN）,,,moe_redlist,GBIFへの照会自体が未実施（gbif_taxon_key欠落・gbif_match_type=NULL）
vitrinella sp.,Vitrinella sp.,ナギツボ,貝類,,準絶滅危惧（NT）,,,moe_redlist,GBIFへの照会自体が未実施（gbif_taxon_key欠落・gbif_match_type=NULL）
vitrinula chaunax,Vitrinula chaunax,オガサワラレンズガイ（オガサワラベッコウ）,貝類,,絶滅危惧I類（CR+EN）,,,moe_redlist,GBIFへの照会自体が未実施（gbif_taxon_key欠落・gbif_match_type=NULL）
volachlamys hirasei,Volachlamys hirasei,ヤミノニシキ,貝類,,絶滅危惧I類（CR+EN）,,,moe_redlist,GBIFへの照会自体が未実施（gbif_taxon_key欠落・gbif_match_type=NULL）
volvariella bombycina,Volvariella bombycina,キヌオオフクロタケ,菌類,,情報不足（DD）,,,moe_redlist,GBIFへの照会自体が未実施（gbif_taxon_key欠落・gbif_match_type=NULL）
voorwindia sp.,Voorwindia sp.,タニシツボ,貝類,,準絶滅危惧（NT）,,,moe_redlist,GBIFへの照会自体が未実施（gbif_taxon_key欠落・gbif_match_type=NULL）
vrydagzynea nuda,Vrydagzynea nuda,ミソボシラン,維管束植物,,絶滅危惧ⅠB類（EN）,,,moe_redlist,GBIFへの照会自体が未実施（gbif_taxon_key欠落・gbif_match_type=NULL）
vulpia myuros,Vulpia myuros,ナギナタガヤ（ネズミノシッポ）,植物,,,適切な管理が必要な産業上重要な外来種（産業管理外来種）,,moe_ias_list,GBIFへの照会自体が未実施（gbif_taxon_key欠落・gbif_match_type=NULL）
wakauraia sakaguchii,Wakauraia sakaguchii,ワカウラツボ,貝類,,絶滅危惧II類（VU）,,,moe_redlist,GBIFへの照会自体が未実施（gbif_taxon_key欠落・gbif_match_type=NULL）
wamei:アオアシシギ,,アオアシシギ,鳥類,(非)準絶滅危惧,,,,kanagawa_rdb2006_animals,GBIFへの照会自体が未実施（gbif_taxon_key欠落・gbif_match_type=NULL）
wamei:アオジ,,アオジ,鳥類,(繁)絶滅危惧Ⅱ類,,,,kanagawa_rdb2006_animals,GBIFへの照会自体が未実施（gbif_taxon_key欠落・gbif_match_type=NULL）
wamei:アオダイショウ,,アオダイショウ,爬虫類,要注意種,,,,kanagawa_rdb2006_animals,GBIFへの照会自体が未実施（gbif_taxon_key欠落・gbif_match_type=NULL）
wamei:アオバズク,,アオバズク,鳥類,(繁)絶滅危惧Ⅱ類,,,,kanagawa_rdb2006_animals,GBIFへの照会自体が未実施（gbif_taxon_key欠落・gbif_match_type=NULL）
wamei:アオバト,,アオバト,鳥類,(繁)注目種、(非)注目種,,,,kanagawa_rdb2006_animals,GBIFへの照会自体が未実施（gbif_taxon_key欠落・gbif_match_type=NULL）
wamei:アカアシシギ,,アカアシシギ,鳥類,(非)準絶滅危惧,絶滅危惧Ⅱ類,,,kanagawa_rdb2006_animals,GBIFへの照会自体が未実施（gbif_taxon_key欠落・gbif_match_type=NULL）
wamei:アカウミガメ,,アカウミガメ,爬虫類,絶滅危惧Ⅱ類,絶滅危惧Ⅱ類,,,kanagawa_rdb2006_animals,GBIFへの照会自体が未実施（gbif_taxon_key欠落・gbif_match_type=NULL）
wamei:アカザ,,アカザ,汽水・淡水魚類,絶滅危惧ⅠA類,絶滅危惧Ⅱ類,,,kanagawa_rdb2006_animals,GBIFへの照会自体が未実施（gbif_taxon_key欠落・gbif_match_type=NULL）
wamei:アカショウビン,,アカショウビン,鳥類,(繁)絶滅危惧Ⅱ類,,,,kanagawa_rdb2006_animals,GBIFへの照会自体が未実施（gbif_taxon_key欠落・gbif_match_type=NULL）
wamei:アカハラ,,アカハラ,鳥類,(繁)減少種,,,,kanagawa_rdb2006_animals,GBIFへの照会自体が未実施（gbif_taxon_key欠落・gbif_match_type=NULL）
wamei:アカヒレタビラ,,アカヒレタビラ,汽水・淡水魚類,情報不足,絶滅のおそれのある地域個体群,,,kanagawa_rdb2006_animals,GBIFへの照会自体が未実施（gbif_taxon_key欠落・gbif_match_type=NULL）
wamei:アカモズ,,アカモズ,鳥類,(繁)絶滅危惧Ⅰ類,準絶滅危惧,,,kanagawa_rdb2006_animals,GBIFへの照会自体が未実施（gbif_taxon_key欠落・gbif_match_type=NULL）
wamei:アズマヒキガエル,,アズマヒキガエル,両生類,要注意種,,,,kanagawa_rdb2006_animals,GBIFへの照会自体が未実施（gbif_taxon_key欠落・gbif_match_type=NULL）
wamei:アブラハヤ,,アブラハヤ,汽水・淡水魚類,準絶滅危惧,,,,kanagawa_rdb2006_animals,GBIFへの照会自体が未実施（gbif_taxon_key欠落・gbif_match_type=NULL）
wamei:アマゴ,,アマゴ,汽水・淡水魚類,絶滅危惧ⅠA類,,,,kanagawa_rdb2006_animals,GBIFへの照会自体が未実施（gbif_taxon_key欠落・gbif_match_type=NULL）
wamei:アマサギ,,アマサギ,鳥類,(繁)減少種,,,,kanagawa_rdb2006_animals,GBIFへの照会自体が未実施（gbif_taxon_key欠落・gbif_match_type=NULL）
wamei:イカルチドリ,,イカルチドリ,鳥類,(繁)準絶滅危惧、(非)注目種,,,,kanagawa_rdb2006_animals,GBIFへの照会自体が未実施（gbif_taxon_key欠落・gbif_match_type=NULL）
wamei:イシガメ,,イシガメ,爬虫類,絶滅危惧Ⅰ類,,,,kanagawa_rdb2006_animals,GBIFへの照会自体が未実施（gbif_taxon_key欠落・gbif_match_type=NULL）
wamei:イソシギ,,イソシギ,鳥類,(繁)希少種、(非)注目種,,,,kanagawa_rdb2006_animals,GBIFへの照会自体が未実施（gbif_taxon_key欠落・gbif_match_type=NULL）
wamei:イタチ,,イタチ,哺乳類,準絶滅危惧,,,,kanagawa_rdb2006_animals,GBIFへの照会自体が未実施（gbif_taxon_key欠落・gbif_match_type=NULL）
wamei:イッセンヨウジ,,イッセンヨウジ,汽水・淡水魚類,注目種,,,,kanagawa_rdb2006_animals,GBIFへの照会自体が未実施（gbif_taxon_key欠落・gbif_match_type=NULL）
wamei:イモリ,,イモリ,両生類,絶滅危惧Ⅰ類,,,,kanagawa_rdb2006_animals,GBIFへの照会自体が未実施（gbif_taxon_key欠落・gbif_match_type=NULL）
wamei:ウグイ,,ウグイ,汽水・淡水魚類,準絶滅危惧,,,,kanagawa_rdb2006_animals,GBIFへの照会自体が未実施（gbif_taxon_key欠落・gbif_match_type=NULL）
wamei:ウサギコウモリ,,ウサギコウモリ,哺乳類,情報不足,絶滅危惧Ⅱ類,,,kanagawa_rdb2006_animals,GBIFへの照会自体が未実施（gbif_taxon_key欠落・gbif_match_type=NULL）
wamei:ウズラ,,ウズラ,鳥類,(非)絶滅危惧Ⅱ類,情報不足,,,kanagawa_rdb2006_animals,GBIFへの照会自体が未実施（gbif_taxon_key欠落・gbif_match_type=NULL）
wamei:ウズラシギ,,ウズラシギ,鳥類,(非)準絶滅危惧,,,,kanagawa_rdb2006_animals,GBIFへの照会自体が未実施（gbif_taxon_key欠落・gbif_match_type=NULL）
wamei:ウツセミカジカ,,ウツセミカジカ,汽水・淡水魚類,情報不足,絶滅危惧Ⅱ類,,,kanagawa_rdb2006_animals,GBIFへの照会自体が未実施（gbif_taxon_key欠落・gbif_match_type=NULL）
wamei:ウミアイサ,,ウミアイサ,鳥類,(非)準絶滅危惧,,,,kanagawa_rdb2006_animals,GBIFへの照会自体が未実施（gbif_taxon_key欠落・gbif_match_type=NULL）
wamei:ウミウ,,ウミウ,鳥類,(非)準絶滅危惧,,,,kanagawa_rdb2006_animals,GBIFへの照会自体が未実施（gbif_taxon_key欠落・gbif_match_type=NULL）
wamei:ウロハゼ,,ウロハゼ,汽水・淡水魚類,注目種,,,,kanagawa_rdb2006_animals,GBIFへの照会自体が未実施（gbif_taxon_key欠落・gbif_match_type=NULL）
wamei:エゾムシクイ,,エゾムシクイ,鳥類,(繁)準絶滅危惧,,,,kanagawa_rdb2006_animals,GBIFへの照会自体が未実施（gbif_taxon_key欠落・gbif_match_type=NULL）
wamei:エドハゼ,,エドハゼ,汽水・淡水魚類,情報不足,,,,kanagawa_rdb2006_animals,GBIFへの照会自体が未実施（gbif_taxon_key欠落・gbif_match_type=NULL）
wamei:エリマキシギ,,エリマキシギ,鳥類,(非)準絶滅危惧,,,,kanagawa_rdb2006_animals,GBIFへの照会自体が未実施（gbif_taxon_key欠落・gbif_match_type=NULL）
wamei:オオアカゲラ,,オオアカゲラ,鳥類,(繁)絶滅危惧Ⅰ類、(非)絶滅危惧Ⅰ類,,,,kanagawa_rdb2006_animals,GBIFへの照会自体が未実施（gbif_taxon_key欠落・gbif_match_type=NULL）
wamei:オオカミ,,オオカミ,哺乳類,絶滅,絶滅,,,kanagawa_rdb2006_animals,GBIFへの照会自体が未実施（gbif_taxon_key欠落・gbif_match_type=NULL）
wamei:オオコノハズク,,オオコノハズク,鳥類,(繁)絶滅危惧Ⅰ類、(非)希少種,,,,kanagawa_rdb2006_animals,GBIFへの照会自体が未実施（gbif_taxon_key欠落・gbif_match_type=NULL）
wamei:オオジシギ,,オオジシギ,鳥類,(繁)絶滅種,準絶滅危惧,,,kanagawa_rdb2006_animals,GBIFへの照会自体が未実施（gbif_taxon_key欠落・gbif_match_type=NULL）
wamei:オオジュリン,,オオジュリン,鳥類,(非)絶滅危惧Ⅱ類,,,,kanagawa_rdb2006_animals,GBIFへの照会自体が未実施（gbif_taxon_key欠落・gbif_match_type=NULL）
wamei:オオソリハシシギ,,オオソリハシシギ,鳥類,(非)絶滅危惧Ⅱ類,,,,kanagawa_rdb2006_animals,GBIFへの照会自体が未実施（gbif_taxon_key欠落・gbif_match_type=NULL）
wamei:オオタカ,,オオタカ,鳥類,(繁)絶滅危惧Ⅱ類、(非)希少種,絶滅危惧Ⅱ類,,,kanagawa_rdb2006_animals,GBIFへの照会自体が未実施（gbif_taxon_key欠落・gbif_match_type=NULL）
wamei:オオヨシキリ,,オオヨシキリ,鳥類,(繁)絶滅危惧Ⅱ類,,,,kanagawa_rdb2006_animals,GBIFへの照会自体が未実施（gbif_taxon_key欠落・gbif_match_type=NULL）
wamei:オオヨシゴイ,,オオヨシゴイ,鳥類,(非)絶滅危惧Ⅱ類,絶滅危惧ⅠB類,,,kanagawa_rdb2006_animals,GBIFへの照会自体が未実施（gbif_taxon_key欠落・gbif_match_type=NULL）
wamei:オオヨシノボリ,,オオヨシノボリ,汽水・淡水魚類,準絶滅危惧,,,,kanagawa_rdb2006_animals,GBIFへの照会自体が未実施（gbif_taxon_key欠落・gbif_match_type=NULL）
wamei:オオルリ,,オオルリ,鳥類,(繁)準絶滅危惧,,,,kanagawa_rdb2006_animals,GBIFへの照会自体が未実施（gbif_taxon_key欠落・gbif_match_type=NULL）
wamei:オグロシギ,,オグロシギ,鳥類,(非)絶滅危惧Ⅱ類,,,,kanagawa_rdb2006_animals,GBIFへの照会自体が未実施（gbif_taxon_key欠落・gbif_match_type=NULL）
wamei:オコジョ,,オコジョ,哺乳類,絶滅,準絶滅危惧,,,kanagawa_rdb2006_animals,GBIFへの照会自体が未実施（gbif_taxon_key欠落・gbif_match_type=NULL）
wamei:オシドリ,,オシドリ,鳥類,(繁)希少種、(非)減少種,,,,kanagawa_rdb2006_animals,GBIFへの照会自体が未実施（gbif_taxon_key欠落・gbif_match_type=NULL）
wamei:オバシギ,,オバシギ,鳥類,(非)絶滅危惧Ⅱ類,,,,kanagawa_rdb2006_animals,GBIFへの照会自体が未実施（gbif_taxon_key欠落・gbif_match_type=NULL）
wamei:オヒキコウモリ,,オヒキコウモリ,哺乳類,情報不足,情報不足,,,kanagawa_rdb2006_animals,GBIFへの照会自体が未実施（gbif_taxon_key欠落・gbif_match_type=NULL）
wamei:カジカ,,カジカ,汽水・淡水魚類,絶滅危惧Ⅱ類,,,,kanagawa_rdb2006_animals,GBIFへの照会自体が未実施（gbif_taxon_key欠落・gbif_match_type=NULL）
wamei:カッコウ,,カッコウ,鳥類,(繁)絶滅危惧Ⅱ類,,,,kanagawa_rdb2006_animals,GBIFへの照会自体が未実施（gbif_taxon_key欠落・gbif_match_type=NULL）
wamei:カマキリ,,カマキリ,汽水・淡水魚類,絶滅危惧ⅠA類,,,,kanagawa_rdb2006_animals,GBIFへの照会自体が未実施（gbif_taxon_key欠落・gbif_match_type=NULL）
wamei:カマツカ,,カマツカ,汽水・淡水魚類,準絶滅危惧,,,,kanagawa_rdb2006_animals,GBIFへの照会自体が未実施（gbif_taxon_key欠落・gbif_match_type=NULL）
wamei:カヤネズミ,,カヤネズミ,哺乳類,準絶滅危惧,,,,kanagawa_rdb2006_animals,GBIFへの照会自体が未実施（gbif_taxon_key欠落・gbif_match_type=NULL）
wamei:カラスバト,,カラスバト,鳥類,(繁)絶滅種、(非)絶滅種,準絶滅危惧,,,kanagawa_rdb2006_animals,GBIFへの照会自体が未実施（gbif_taxon_key欠落・gbif_match_type=NULL）
wamei:カワアナゴ,,カワアナゴ,汽水・淡水魚類,絶滅危惧ⅠB類,,,,kanagawa_rdb2006_animals,GBIFへの照会自体が未実施（gbif_taxon_key欠落・gbif_match_type=NULL）
wamei:カワウソ,,カワウソ,哺乳類,絶滅,絶滅危惧ⅠA類,,,kanagawa_rdb2006_animals,GBIFへの照会自体が未実施（gbif_taxon_key欠落・gbif_match_type=NULL）
wamei:カワガラス,,カワガラス,鳥類,(繁)減少種、(非)減少種,,,,kanagawa_rdb2006_animals,GBIFへの照会自体が未実施（gbif_taxon_key欠落・gbif_match_type=NULL）
wamei:カワネズミ,,カワネズミ,哺乳類,準絶滅危惧,準絶滅危惧,,,kanagawa_rdb2006_animals,GBIFへの照会自体が未実施（gbif_taxon_key欠落・gbif_match_type=NULL）
wamei:カワラヒワ,,カワラヒワ,鳥類,(繁)減少種,,,,kanagawa_rdb2006_animals,GBIFへの照会自体が未実施（gbif_taxon_key欠落・gbif_match_type=NULL）
wamei:キアシシギ,,キアシシギ,鳥類,(非)絶滅危惧Ⅱ類,,,,kanagawa_rdb2006_animals,GBIFへの照会自体が未実施（gbif_taxon_key欠落・gbif_match_type=NULL）
wamei:キクイタダキ,,キクイタダキ,鳥類,(繁)希少種,,,,kanagawa_rdb2006_animals,GBIFへの照会自体が未実施（gbif_taxon_key欠落・gbif_match_type=NULL）
wamei:キクガシラコウモリ,,キクガシラコウモリ,哺乳類,絶滅危惧Ⅰ類,,,,kanagawa_rdb2006_animals,GBIFへの照会自体が未実施（gbif_taxon_key欠落・gbif_match_type=NULL）
wamei:キセキレイ,,キセキレイ,鳥類,(繁)減少種,,,,kanagawa_rdb2006_animals,GBIFへの照会自体が未実施（gbif_taxon_key欠落・gbif_match_type=NULL）
wamei:キチヌ,,キチヌ,汽水・淡水魚類,情報不足,,,,kanagawa_rdb2006_animals,GBIFへの照会自体が未実施（gbif_taxon_key欠落・gbif_match_type=NULL）
wamei:キツネ,,キツネ,哺乳類,準絶滅危惧,,,,kanagawa_rdb2006_animals,GBIFへの照会自体が未実施（gbif_taxon_key欠落・gbif_match_type=NULL）
wamei:キビタキ,,キビタキ,鳥類,(繁)減少種,,,,kanagawa_rdb2006_animals,GBIFへの照会自体が未実施（gbif_taxon_key欠落・gbif_match_type=NULL）
wamei:キョウジョシギ,,キョウジョシギ,鳥類,(非)絶滅危惧Ⅱ類,,,,kanagawa_rdb2006_animals,GBIFへの照会自体が未実施（gbif_taxon_key欠落・gbif_match_type=NULL）
wamei:キンブナ,,キンブナ,汽水・淡水魚類,絶滅危惧ⅠB類,,,,kanagawa_rdb2006_animals,GBIFへの照会自体が未実施（gbif_taxon_key欠落・gbif_match_type=NULL）
wamei:ギバチ,,ギバチ,汽水・淡水魚類,絶滅危惧ⅠA類,絶滅危惧Ⅱ類,,,kanagawa_rdb2006_animals,GBIFへの照会自体が未実施（gbif_taxon_key欠落・gbif_match_type=NULL）
wamei:クイナ,,クイナ,鳥類,(非)絶滅危惧Ⅱ類,,,,kanagawa_rdb2006_animals,GBIFへの照会自体が未実施（gbif_taxon_key欠落・gbif_match_type=NULL）
wamei:クサシギ,,クサシギ,鳥類,(非)準絶滅危惧,,,,kanagawa_rdb2006_animals,GBIFへの照会自体が未実施（gbif_taxon_key欠落・gbif_match_type=NULL）
wamei:クマタカ,,クマタカ,鳥類,(繁)絶滅危惧Ⅱ類、(非)絶滅危惧Ⅱ類,絶滅危惧ⅠB類,,,kanagawa_rdb2006_animals,GBIFへの照会自体が未実施（gbif_taxon_key欠落・gbif_match_type=NULL）
wamei:クロサギ,,クロサギ,鳥類,(繁)絶滅危惧Ⅱ類,,,,kanagawa_rdb2006_animals,GBIFへの照会自体が未実施（gbif_taxon_key欠落・gbif_match_type=NULL）
wamei:クロジ,,クロジ,鳥類,(繁)絶滅危惧Ⅰ類、(非)減少種,,,,kanagawa_rdb2006_animals,GBIFへの照会自体が未実施（gbif_taxon_key欠落・gbif_match_type=NULL）
wamei:クロツグミ,,クロツグミ,鳥類,(繁)絶滅危惧Ⅱ類,,,,kanagawa_rdb2006_animals,GBIFへの照会自体が未実施（gbif_taxon_key欠落・gbif_match_type=NULL）
wamei:クロヨシノボリ,,クロヨシノボリ,汽水・淡水魚類,準絶滅危惧,,,,kanagawa_rdb2006_animals,GBIFへの照会自体が未実施（gbif_taxon_key欠落・gbif_match_type=NULL）
wamei:ケリ,,ケリ,鳥類,(繁)希少種、(非)準絶滅危惧,,,,kanagawa_rdb2006_animals,GBIFへの照会自体が未実施（gbif_taxon_key欠落・gbif_match_type=NULL）
wamei:コアオアシシギ,,コアオアシシギ,鳥類,(非)準絶滅危惧,,,,kanagawa_rdb2006_animals,GBIFへの照会自体が未実施（gbif_taxon_key欠落・gbif_match_type=NULL）
wamei:コアジサシ,,コアジサシ,鳥類,(繁)絶滅危惧Ⅰ類,絶滅危惧Ⅱ類,,,kanagawa_rdb2006_animals,GBIFへの照会自体が未実施（gbif_taxon_key欠落・gbif_match_type=NULL）
wamei:コイ,,コイ,汽水・淡水魚類,情報不足,,,,kanagawa_rdb2006_animals,GBIFへの照会自体が未実施（gbif_taxon_key欠落・gbif_match_type=NULL）
wamei:コウベモグラ,,コウベモグラ,哺乳類,準絶滅危惧,,,,kanagawa_rdb2006_animals,GBIFへの照会自体が未実施（gbif_taxon_key欠落・gbif_match_type=NULL）
wamei:コガラ,,コガラ,鳥類,(繁)絶滅危惧Ⅱ類、(非)準絶滅危惧,,,,kanagawa_rdb2006_animals,GBIFへの照会自体が未実施（gbif_taxon_key欠落・gbif_match_type=NULL）
wamei:コキクガシラコウモリ,,コキクガシラコウモリ,哺乳類,絶滅危惧Ⅱ類,,,,kanagawa_rdb2006_animals,GBIFへの照会自体が未実施（gbif_taxon_key欠落・gbif_match_type=NULL）
wamei:コサメビタキ,,コサメビタキ,鳥類,(繁)絶滅危惧Ⅰ類,,,,kanagawa_rdb2006_animals,GBIFへの照会自体が未実施（gbif_taxon_key欠落・gbif_match_type=NULL）
wamei:コシアカツバメ,,コシアカツバメ,鳥類,(繁)減少種,,,,kanagawa_rdb2006_animals,GBIFへの照会自体が未実施（gbif_taxon_key欠落・gbif_match_type=NULL）
wamei:コジュリン,,コジュリン,鳥類,(非)絶滅危惧Ⅱ類,,,,kanagawa_rdb2006_animals,GBIFへの照会自体が未実施（gbif_taxon_key欠落・gbif_match_type=NULL）
wamei:コチドリ,,コチドリ,鳥類,(繁)注目種,,,,kanagawa_rdb2006_animals,GBIFへの照会自体が未実施（gbif_taxon_key欠落・gbif_match_type=NULL）
wamei:コテングコウモリ,,コテングコウモリ,哺乳類,絶滅危惧Ⅰ類,絶滅危惧Ⅱ類,,,kanagawa_rdb2006_animals,GBIFへの照会自体が未実施（gbif_taxon_key欠落・gbif_match_type=NULL）
wamei:コノハズク,,コノハズク,鳥類,(繁)絶滅危惧Ⅰ類,,,,kanagawa_rdb2006_animals,GBIFへの照会自体が未実施（gbif_taxon_key欠落・gbif_match_type=NULL）
wamei:コマドリ,,コマドリ,鳥類,(繁)絶滅危惧Ⅰ類,,,,kanagawa_rdb2006_animals,GBIFへの照会自体が未実施（gbif_taxon_key欠落・gbif_match_type=NULL）
wamei:コミミズク,,コミミズク,鳥類,(非)絶滅危惧Ⅰ類,,,,kanagawa_rdb2006_animals,GBIFへの照会自体が未実施（gbif_taxon_key欠落・gbif_match_type=NULL）
wamei:コヨシキリ,,コヨシキリ,鳥類,(繁)絶滅危惧Ⅰ類,,,,kanagawa_rdb2006_animals,GBIFへの照会自体が未実施（gbif_taxon_key欠落・gbif_match_type=NULL）
wamei:コルリ,,コルリ,鳥類,(繁)絶滅危惧Ⅱ類,,,,kanagawa_rdb2006_animals,GBIFへの照会自体が未実施（gbif_taxon_key欠落・gbif_match_type=NULL）
wamei:ゴクラクハゼ,,ゴクラクハゼ,汽水・淡水魚類,準絶滅危惧,,,,kanagawa_rdb2006_animals,GBIFへの照会自体が未実施（gbif_taxon_key欠落・gbif_match_type=NULL）
wamei:ゴジュウカラ,,ゴジュウカラ,鳥類,(繁)準絶滅危惧,,,,kanagawa_rdb2006_animals,GBIFへの照会自体が未実施（gbif_taxon_key欠落・gbif_match_type=NULL）
wamei:サギ類の集団繁殖地,,サギ類の集団繁殖地,鳥類,絶滅のおそれのある地域個体群,,,,kanagawa_rdb2006_animals,GBIFへの照会自体が未実施（gbif_taxon_key欠落・gbif_match_type=NULL）
wamei:ササゴイ,,ササゴイ,鳥類,(繁)絶滅危惧Ⅱ類,,,,kanagawa_rdb2006_animals,GBIFへの照会自体が未実施（gbif_taxon_key欠落・gbif_match_type=NULL）
wamei:サシバ,,サシバ,鳥類,(繁)絶滅危惧Ⅰ類,,,,kanagawa_rdb2006_animals,GBIFへの照会自体が未実施（gbif_taxon_key欠落・gbif_match_type=NULL）
wamei:サツキハゼ,,サツキハゼ,汽水・淡水魚類,情報不足,,,,kanagawa_rdb2006_animals,GBIFへの照会自体が未実施（gbif_taxon_key欠落・gbif_match_type=NULL）
wamei:サルハマシギ,,サルハマシギ,鳥類,(非)絶滅危惧Ⅱ類,,,,kanagawa_rdb2006_animals,GBIFへの照会自体が未実施（gbif_taxon_key欠落・gbif_match_type=NULL）
wamei:サンカノゴイ,,サンカノゴイ,鳥類,(非)情報不足,絶滅危惧ⅠB類,,,kanagawa_rdb2006_animals,GBIFへの照会自体が未実施（gbif_taxon_key欠落・gbif_match_type=NULL）
wamei:サンコウチョウ,,サンコウチョウ,鳥類,(繁)絶滅危惧Ⅱ類,,,,kanagawa_rdb2006_animals,GBIFへの照会自体が未実施（gbif_taxon_key欠落・gbif_match_type=NULL）
wamei:サンショウクイ,,サンショウクイ,鳥類,(繁)絶滅危惧Ⅱ類,絶滅危惧Ⅱ類,,,kanagawa_rdb2006_animals,GBIFへの照会自体が未実施（gbif_taxon_key欠落・gbif_match_type=NULL）
wamei:シナイモツゴ,,シナイモツゴ,汽水・淡水魚類,情報不足,絶滅危惧ⅠB類,,,kanagawa_rdb2006_animals,GBIFへの照会自体が未実施（gbif_taxon_key欠落・gbif_match_type=NULL）
wamei:シマアジ,,シマアジ,鳥類,(非)希少種,,,,kanagawa_rdb2006_animals,GBIFへの照会自体が未実施（gbif_taxon_key欠落・gbif_match_type=NULL）
wamei:シマドジョウ,,シマドジョウ,汽水・淡水魚類,準絶滅危惧,,,,kanagawa_rdb2006_animals,GBIFへの照会自体が未実施（gbif_taxon_key欠落・gbif_match_type=NULL）
wamei:シマヘビ,,シマヘビ,爬虫類,要注意種,,,,kanagawa_rdb2006_animals,GBIFへの照会自体が未実施（gbif_taxon_key欠落・gbif_match_type=NULL）
wamei:シュレーゲルアオガエル,,シュレーゲルアオガエル,両生類,要注意種,,,,kanagawa_rdb2006_animals,GBIFへの照会自体が未実施（gbif_taxon_key欠落・gbif_match_type=NULL）
wamei:シロウオ,,シロウオ,汽水・淡水魚類,情報不足,準絶滅危惧,,,kanagawa_rdb2006_animals,GBIFへの照会自体が未実施（gbif_taxon_key欠落・gbif_match_type=NULL）
wamei:シロチドリ,,シロチドリ,鳥類,(繁)絶滅危惧Ⅱ類、(非)準絶滅危惧,,,,kanagawa_rdb2006_animals,GBIFへの照会自体が未実施（gbif_taxon_key欠落・gbif_match_type=NULL）
wamei:ジュウイチ,,ジュウイチ,鳥類,(繁)準絶滅危惧,,,,kanagawa_rdb2006_animals,GBIFへの照会自体が未実施（gbif_taxon_key欠落・gbif_match_type=NULL）
wamei:ジュズカケハゼ,,ジュズカケハゼ,汽水・淡水魚類,情報不足,絶滅のおそれのある地域個体群,,,kanagawa_rdb2006_animals,GBIFへの照会自体が未実施（gbif_taxon_key欠落・gbif_match_type=NULL）
wamei:スナメリ,,スナメリ,哺乳類,絶滅危惧Ⅰ類,,,,kanagawa_rdb2006_animals,GBIFへの照会自体が未実施（gbif_taxon_key欠落・gbif_match_type=NULL）
wamei:スナヤツメ,,スナヤツメ,汽水・淡水魚類,絶滅危惧ⅠB類,絶滅危惧Ⅱ類,,,kanagawa_rdb2006_animals,GBIFへの照会自体が未実施（gbif_taxon_key欠落・gbif_match_type=NULL）
wamei:スミウキゴリ,,スミウキゴリ,汽水・淡水魚類,準絶滅危惧,,,,kanagawa_rdb2006_animals,GBIFへの照会自体が未実施（gbif_taxon_key欠落・gbif_match_type=NULL）
wamei:スミスネズミ,,スミスネズミ,哺乳類,準絶滅危惧,,,,kanagawa_rdb2006_animals,GBIFへの照会自体が未実施（gbif_taxon_key欠落・gbif_match_type=NULL）
wamei:セグロセキレイ,,セグロセキレイ,鳥類,(繁)減少種,,,,kanagawa_rdb2006_animals,GBIFへの照会自体が未実施（gbif_taxon_key欠落・gbif_match_type=NULL）
wamei:セッカ,,セッカ,鳥類,(繁)減少種、(非)減少種,,,,kanagawa_rdb2006_animals,GBIFへの照会自体が未実施（gbif_taxon_key欠落・gbif_match_type=NULL）
wamei:センダイムシクイ,,センダイムシクイ,鳥類,(繁)準絶滅危惧,,,,kanagawa_rdb2006_animals,GBIFへの照会自体が未実施（gbif_taxon_key欠落・gbif_match_type=NULL）
wamei:ゼニタナゴ,,ゼニタナゴ,汽水・淡水魚類,野生絶滅,絶滅危惧ⅠB類,,,kanagawa_rdb2006_animals,GBIFへの照会自体が未実施（gbif_taxon_key欠落・gbif_match_type=NULL）
wamei:ソリハシシギ,,ソリハシシギ,鳥類,(非)絶滅危惧Ⅱ類,,,,kanagawa_rdb2006_animals,GBIFへの照会自体が未実施（gbif_taxon_key欠落・gbif_match_type=NULL）
wamei:タカハヤ,,タカハヤ,汽水・淡水魚類,絶滅危惧ⅠB類,,,,kanagawa_rdb2006_animals,GBIFへの照会自体が未実施（gbif_taxon_key欠落・gbif_match_type=NULL）
wamei:タカブシギ,,タカブシギ,鳥類,(非)準絶滅危惧,,,,kanagawa_rdb2006_animals,GBIFへの照会自体が未実施（gbif_taxon_key欠落・gbif_match_type=NULL）
wamei:タゲリ,,タゲリ,鳥類,(非)絶滅危惧Ⅱ類,,,,kanagawa_rdb2006_animals,GBIFへの照会自体が未実施（gbif_taxon_key欠落・gbif_match_type=NULL）
wamei:タシギ,,タシギ,鳥類,(非)注目種,,,,kanagawa_rdb2006_animals,GBIFへの照会自体が未実施（gbif_taxon_key欠落・gbif_match_type=NULL）
wamei:タナゴ,,タナゴ,汽水・淡水魚類,絶滅,準絶滅危惧,,,kanagawa_rdb2006_animals,GBIFへの照会自体が未実施（gbif_taxon_key欠落・gbif_match_type=NULL）
wamei:タマシギ,,タマシギ,鳥類,(繁)絶滅危惧Ⅰ類、(非)希少種,,,,kanagawa_rdb2006_animals,GBIFへの照会自体が未実施（gbif_taxon_key欠落・gbif_match_type=NULL）
wamei:ダイシャクシギ,,ダイシャクシギ,鳥類,(非)絶滅危惧Ⅰ類,,,,kanagawa_rdb2006_animals,GBIFへの照会自体が未実施（gbif_taxon_key欠落・gbif_match_type=NULL）
wamei:ダイゼン,,ダイゼン,鳥類,(非)減少種,,,,kanagawa_rdb2006_animals,GBIFへの照会自体が未実施（gbif_taxon_key欠落・gbif_match_type=NULL）
wamei:チゴモズ,,チゴモズ,鳥類,(繁)絶滅危惧Ⅰ類,絶滅危惧Ⅱ類,,,kanagawa_rdb2006_animals,GBIFへの照会自体が未実施（gbif_taxon_key欠落・gbif_match_type=NULL）
wamei:チチブコウモリ,,チチブコウモリ,哺乳類,絶滅危惧Ⅰ類,絶滅危惧Ⅱ類,,,kanagawa_rdb2006_animals,GBIFへの照会自体が未実施（gbif_taxon_key欠落・gbif_match_type=NULL）
wamei:チチブモドキ,,チチブモドキ,汽水・淡水魚類,情報不足,,,,kanagawa_rdb2006_animals,GBIFへの照会自体が未実施（gbif_taxon_key欠落・gbif_match_type=NULL）
wamei:チュウシャクシギ,,チュウシャクシギ,鳥類,(非)絶滅危惧Ⅱ類,,,,kanagawa_rdb2006_animals,GBIFへの照会自体が未実施（gbif_taxon_key欠落・gbif_match_type=NULL）
wamei:チュウヒ,,チュウヒ,鳥類,(非)絶滅危惧Ⅱ類,絶滅危惧Ⅱ類,,,kanagawa_rdb2006_animals,GBIFへの照会自体が未実施（gbif_taxon_key欠落・gbif_match_type=NULL）
wamei:ツキノワグマ,,ツキノワグマ,哺乳類,絶滅危惧Ⅰ類,絶滅のおそれのある地域個体群,,,kanagawa_rdb2006_animals,GBIFへの照会自体が未実施（gbif_taxon_key欠落・gbif_match_type=NULL）
wamei:ツチガエル,,ツチガエル,両生類,要注意種,,,,kanagawa_rdb2006_animals,GBIFへの照会自体が未実施（gbif_taxon_key欠落・gbif_match_type=NULL）
wamei:ツバメ,,ツバメ,鳥類,(繁)減少種,,,,kanagawa_rdb2006_animals,GBIFへの照会自体が未実施（gbif_taxon_key欠落・gbif_match_type=NULL）
wamei:ツミ,,ツミ,鳥類,(繁)絶滅危惧Ⅱ類、(非)希少種,,,,kanagawa_rdb2006_animals,GBIFへの照会自体が未実施（gbif_taxon_key欠落・gbif_match_type=NULL）
wamei:ツルシギ,,ツルシギ,鳥類,(非)準絶滅危惧,,,,kanagawa_rdb2006_animals,GBIFへの照会自体が未実施（gbif_taxon_key欠落・gbif_match_type=NULL）
wamei:テングコウモリ,,テングコウモリ,哺乳類,絶滅危惧Ⅰ類,絶滅危惧Ⅱ類,,,kanagawa_rdb2006_animals,GBIFへの照会自体が未実施（gbif_taxon_key欠落・gbif_match_type=NULL）
wamei:テングヨウジ,,テングヨウジ,汽水・淡水魚類,注目種,,,,kanagawa_rdb2006_animals,GBIFへの照会自体が未実施（gbif_taxon_key欠落・gbif_match_type=NULL）
wamei:トウキョウサンショウウオ,,トウキョウサンショウウオ,両生類,絶滅危惧Ⅰ類,,,,kanagawa_rdb2006_animals,GBIFへの照会自体が未実施（gbif_taxon_key欠落・gbif_match_type=NULL）
wamei:トウキョウダルマガエル,,トウキョウダルマガエル,両生類,絶滅危惧Ⅱ類,,,,kanagawa_rdb2006_animals,GBIFへの照会自体が未実施（gbif_taxon_key欠落・gbif_match_type=NULL）
wamei:トウネン,,トウネン,鳥類,(非)絶滅危惧Ⅱ類,,,,kanagawa_rdb2006_animals,GBIFへの照会自体が未実施（gbif_taxon_key欠落・gbif_match_type=NULL）
wamei:トカゲ,,トカゲ,爬虫類,要注意種,,,,kanagawa_rdb2006_animals,GBIFへの照会自体が未実施（gbif_taxon_key欠落・gbif_match_type=NULL）
wamei:トキ,,トキ,鳥類,(繁)不明種、(非)不明種,野生絶滅,,,kanagawa_rdb2006_animals,GBIFへの照会自体が未実施（gbif_taxon_key欠落・gbif_match_type=NULL）
wamei:トノサマガエル,,トノサマガエル,両生類,絶滅危惧Ⅰ類,,,,kanagawa_rdb2006_animals,GBIFへの照会自体が未実施（gbif_taxon_key欠落・gbif_match_type=NULL）
wamei:トビハゼ,,トビハゼ,汽水・淡水魚類,絶滅危惧ⅠB類,絶滅のおそれのある地域個体群,,,kanagawa_rdb2006_animals,GBIFへの照会自体が未実施（gbif_taxon_key欠落・gbif_match_type=NULL）
wamei:トモエガモ,,トモエガモ,鳥類,(非)希少種,絶滅危惧Ⅱ類,,,kanagawa_rdb2006_animals,GBIFへの照会自体が未実施（gbif_taxon_key欠落・gbif_match_type=NULL）
wamei:トラツグミ,,トラツグミ,鳥類,(繁)減少種,,,,kanagawa_rdb2006_animals,GBIFへの照会自体が未実施（gbif_taxon_key欠落・gbif_match_type=NULL）
wamei:トラフズク,,トラフズク,鳥類,(非)絶滅危惧Ⅰ類,,,,kanagawa_rdb2006_animals,GBIFへの照会自体が未実施（gbif_taxon_key欠落・gbif_match_type=NULL）
wamei:ナガレタゴガエル,,ナガレタゴガエル,両生類,希少種,,,,kanagawa_rdb2006_animals,GBIFへの照会自体が未実施（gbif_taxon_key欠落・gbif_match_type=NULL）
wamei:ナマズ,,ナマズ,汽水・淡水魚類,注目種,,,,kanagawa_rdb2006_animals,GBIFへの照会自体が未実施（gbif_taxon_key欠落・gbif_match_type=NULL）
wamei:ニゴイ,,ニゴイ,汽水・淡水魚類,絶滅危惧Ⅱ類,,,,kanagawa_rdb2006_animals,GBIFへの照会自体が未実施（gbif_taxon_key欠落・gbif_match_type=NULL）
wamei:ニホンアカガエル,,ニホンアカガエル,両生類,絶滅危惧Ⅱ類,,,,kanagawa_rdb2006_animals,GBIFへの照会自体が未実施（gbif_taxon_key欠落・gbif_match_type=NULL）
wamei:ニホンアシカ,,ニホンアシカ,哺乳類,絶滅,絶滅危惧ⅠA類,,,kanagawa_rdb2006_animals,GBIFへの照会自体が未実施（gbif_taxon_key欠落・gbif_match_type=NULL）
wamei:ニホンカモシカ,,ニホンカモシカ,哺乳類,準絶滅危惧,,,,kanagawa_rdb2006_animals,GBIFへの照会自体が未実施（gbif_taxon_key欠落・gbif_match_type=NULL）
wamei:ニホンザルの西湘地域個体群,,ニホンザルの西湘地域個体群,哺乳類,絶滅のおそれのある地域個体群,,,,kanagawa_rdb2006_animals,GBIFへの照会自体が未実施（gbif_taxon_key欠落・gbif_match_type=NULL）
wamei:ニホンリス,,ニホンリス,哺乳類,準絶滅危惧,絶滅のおそれのある地域個体群,,,kanagawa_rdb2006_animals,GBIFへの照会自体が未実施（gbif_taxon_key欠落・gbif_match_type=NULL）
wamei:ニュウナイスズメ,,ニュウナイスズメ,鳥類,(非)絶滅危惧Ⅰ類,,,,kanagawa_rdb2006_animals,GBIFへの照会自体が未実施（gbif_taxon_key欠落・gbif_match_type=NULL）
wamei:ノジコ,,ノジコ,鳥類,(繁)希少種,,,,kanagawa_rdb2006_animals,GBIFへの照会自体が未実施（gbif_taxon_key欠落・gbif_match_type=NULL）
wamei:ノスリ,,ノスリ,鳥類,(繁)絶滅危惧Ⅱ類、(非)希少種,,,,kanagawa_rdb2006_animals,GBIFへの照会自体が未実施（gbif_taxon_key欠落・gbif_match_type=NULL）
wamei:ハイタカ,,ハイタカ,鳥類,(繁)情報不足、(非)希少種,準絶滅危惧,,,kanagawa_rdb2006_animals,GBIFへの照会自体が未実施（gbif_taxon_key欠落・gbif_match_type=NULL）
wamei:ハコネサンショウウオ,,ハコネサンショウウオ,両生類,準絶滅危惧,,,,kanagawa_rdb2006_animals,GBIFへの照会自体が未実施（gbif_taxon_key欠落・gbif_match_type=NULL）
wamei:ハタネズミ,,ハタネズミ,哺乳類,準絶滅危惧,,,,kanagawa_rdb2006_animals,GBIFへの照会自体が未実施（gbif_taxon_key欠落・gbif_match_type=NULL）
wamei:ハチクマ,,ハチクマ,鳥類,(繁)絶滅危惧Ⅰ類,準絶滅危惧,,,kanagawa_rdb2006_animals,GBIFへの照会自体が未実施（gbif_taxon_key欠落・gbif_match_type=NULL）
wamei:ハマシギ,,ハマシギ,鳥類,(非)絶滅危惧Ⅱ類,,,,kanagawa_rdb2006_animals,GBIFへの照会自体が未実施（gbif_taxon_key欠落・gbif_match_type=NULL）
wamei:ハヤブサ,,ハヤブサ,鳥類,(繁)絶滅危惧Ⅰ類、(非)希少種,絶滅危惧Ⅱ類,,,kanagawa_rdb2006_animals,GBIFへの照会自体が未実施（gbif_taxon_key欠落・gbif_match_type=NULL）
wamei:ヒクイナ,,ヒクイナ,鳥類,(繁)絶滅危惧Ⅰ類,,,,kanagawa_rdb2006_animals,GBIFへの照会自体が未実施（gbif_taxon_key欠落・gbif_match_type=NULL）
wamei:ヒダサンショウウオ,,ヒダサンショウウオ,両生類,絶滅危惧Ⅱ類,,,,kanagawa_rdb2006_animals,GBIFへの照会自体が未実施（gbif_taxon_key欠落・gbif_match_type=NULL）
wamei:ヒナコウモリ,,ヒナコウモリ,哺乳類,絶滅危惧Ⅱ類,絶滅危惧Ⅱ類,,,kanagawa_rdb2006_animals,GBIFへの照会自体が未実施（gbif_taxon_key欠落・gbif_match_type=NULL）
wamei:ヒバカリ,,ヒバカリ,爬虫類,準絶滅危惧,,,,kanagawa_rdb2006_animals,GBIFへの照会自体が未実施（gbif_taxon_key欠落・gbif_match_type=NULL）
wamei:ヒバリ,,ヒバリ,鳥類,(繁)減少種,,,,kanagawa_rdb2006_animals,GBIFへの照会自体が未実施（gbif_taxon_key欠落・gbif_match_type=NULL）
wamei:ヒバリシギ,,ヒバリシギ,鳥類,(非)準絶滅危惧,,,,kanagawa_rdb2006_animals,GBIFへの照会自体が未実施（gbif_taxon_key欠落・gbif_match_type=NULL）
wamei:ヒメアマツバメ,,ヒメアマツバメ,鳥類,(繁)減少種,,,,kanagawa_rdb2006_animals,GBIFへの照会自体が未実施（gbif_taxon_key欠落・gbif_match_type=NULL）
wamei:ヒメウ,,ヒメウ,鳥類,(非)準絶滅危惧,,,,kanagawa_rdb2006_animals,GBIFへの照会自体が未実施（gbif_taxon_key欠落・gbif_match_type=NULL）
wamei:ヒメヒミズ,,ヒメヒミズ,哺乳類,絶滅危惧Ⅰ類,,,,kanagawa_rdb2006_animals,GBIFへの照会自体が未実施（gbif_taxon_key欠落・gbif_match_type=NULL）
wamei:ヒモハゼ,,ヒモハゼ,汽水・淡水魚類,情報不足,,,,kanagawa_rdb2006_animals,GBIFへの照会自体が未実施（gbif_taxon_key欠落・gbif_match_type=NULL）
wamei:ビンズイ,,ビンズイ,鳥類,(繁)絶滅危惧Ⅱ類,,,,kanagawa_rdb2006_animals,GBIFへの照会自体が未実施（gbif_taxon_key欠落・gbif_match_type=NULL）
wamei:フクロウ,,フクロウ,鳥類,(繁)準絶滅危惧,,,,kanagawa_rdb2006_animals,GBIFへの照会自体が未実施（gbif_taxon_key欠落・gbif_match_type=NULL）
wamei:ブッポウソウ,,ブッポウソウ,鳥類,(繁)絶滅危惧Ⅰ類,絶滅危惧Ⅱ類,,,kanagawa_rdb2006_animals,GBIFへの照会自体が未実施（gbif_taxon_key欠落・gbif_match_type=NULL）
wamei:ホウロクシギ,,ホウロクシギ,鳥類,(非)絶滅危惧Ⅰ類,絶滅危惧Ⅱ類,,,kanagawa_rdb2006_animals,GBIFへの照会自体が未実施（gbif_taxon_key欠落・gbif_match_type=NULL）
wamei:ホオアカ,,ホオアカ,鳥類,(繁)絶滅危惧Ⅰ類,,,,kanagawa_rdb2006_animals,GBIFへの照会自体が未実施（gbif_taxon_key欠落・gbif_match_type=NULL）
wamei:ホトケドジョウ,,ホトケドジョウ,汽水・淡水魚類,絶滅危惧ⅠB類,絶滅危惧ⅠB類,,,kanagawa_rdb2006_animals,GBIFへの照会自体が未実施（gbif_taxon_key欠落・gbif_match_type=NULL）
wamei:ホンドモモンガ,,ホンドモモンガ,哺乳類,絶滅危惧Ⅱ類,,,,kanagawa_rdb2006_animals,GBIFへの照会自体が未実施（gbif_taxon_key欠落・gbif_match_type=NULL）
wamei:ボウズハゼ,,ボウズハゼ,汽水・淡水魚類,準絶滅危惧,,,,kanagawa_rdb2006_animals,GBIFへの照会自体が未実施（gbif_taxon_key欠落・gbif_match_type=NULL）
wamei:マサゴハゼ,,マサゴハゼ,汽水・淡水魚類,情報不足,絶滅のおそれのある地域個体群,,,kanagawa_rdb2006_animals,GBIFへの照会自体が未実施（gbif_taxon_key欠落・gbif_match_type=NULL）
wamei:マミジロ,,マミジロ,鳥類,(繁)希少種,,,,kanagawa_rdb2006_animals,GBIFへの照会自体が未実施（gbif_taxon_key欠落・gbif_match_type=NULL）
wamei:マムシ,,マムシ,爬虫類,要注意種,,,,kanagawa_rdb2006_animals,GBIFへの照会自体が未実施（gbif_taxon_key欠落・gbif_match_type=NULL）
wamei:マルタ,,マルタ,汽水・淡水魚類,絶滅危惧Ⅱ類,,,,kanagawa_rdb2006_animals,GBIFへの照会自体が未実施（gbif_taxon_key欠落・gbif_match_type=NULL）
wamei:ミサゴ,,ミサゴ,鳥類,(繁)絶滅危惧Ⅱ類、(非)準絶滅危惧,準絶滅危惧,,,kanagawa_rdb2006_animals,GBIFへの照会自体が未実施（gbif_taxon_key欠落・gbif_match_type=NULL）
wamei:ミゾゴイ,,ミゾゴイ,鳥類,(繁)絶滅危惧Ⅰ類,準絶滅危惧,,,kanagawa_rdb2006_animals,GBIFへの照会自体が未実施（gbif_taxon_key欠落・gbif_match_type=NULL）
wamei:ミミズハゼ,,ミミズハゼ,汽水・淡水魚類,情報不足,絶滅のおそれのある地域個体群,,,kanagawa_rdb2006_animals,GBIFへの照会自体が未実施（gbif_taxon_key欠落・gbif_match_type=NULL）
wamei:ミヤコタナゴ,,ミヤコタナゴ,汽水・淡水魚類,野生絶滅,絶滅危惧ⅠA類,,,kanagawa_rdb2006_animals,GBIFへの照会自体が未実施（gbif_taxon_key欠落・gbif_match_type=NULL）
wamei:ミユビシギ,,ミユビシギ,鳥類,(非)絶滅危惧Ⅰ類,,,,kanagawa_rdb2006_animals,GBIFへの照会自体が未実施（gbif_taxon_key欠落・gbif_match_type=NULL）
wamei:ムナグロ,,ムナグロ,鳥類,(非)減少種,,,,kanagawa_rdb2006_animals,GBIFへの照会自体が未実施（gbif_taxon_key欠落・gbif_match_type=NULL）
wamei:メダイチドリ,,メダイチドリ,鳥類,(非)準絶滅危惧,,,,kanagawa_rdb2006_animals,GBIFへの照会自体が未実施（gbif_taxon_key欠落・gbif_match_type=NULL）
wamei:メダカ,,メダカ,汽水・淡水魚類,絶滅危惧ⅠA類,絶滅危惧Ⅱ類,,,kanagawa_rdb2006_animals,GBIFへの照会自体が未実施（gbif_taxon_key欠落・gbif_match_type=NULL）
wamei:メナダ,,メナダ,汽水・淡水魚類,情報不足,,,,kanagawa_rdb2006_animals,GBIFへの照会自体が未実施（gbif_taxon_key欠落・gbif_match_type=NULL）
wamei:メボソムシクイ,,メボソムシクイ,鳥類,(繁)絶滅危惧Ⅱ類,,,,kanagawa_rdb2006_animals,GBIFへの照会自体が未実施（gbif_taxon_key欠落・gbif_match_type=NULL）
wamei:モズ,,モズ,鳥類,(繁)減少種,,,,kanagawa_rdb2006_animals,GBIFへの照会自体が未実施（gbif_taxon_key欠落・gbif_match_type=NULL）
wamei:モモジロコウモリ,,モモジロコウモリ,哺乳類,準絶滅危惧,,,,kanagawa_rdb2006_animals,GBIFへの照会自体が未実施（gbif_taxon_key欠落・gbif_match_type=NULL）
wamei:モリアオガエル,,モリアオガエル,両生類,要注意種,,,,kanagawa_rdb2006_animals,GBIFへの照会自体が未実施（gbif_taxon_key欠落・gbif_match_type=NULL）
wamei:モリアブラコウモリ,,モリアブラコウモリ,哺乳類,絶滅危惧Ⅰ類,絶滅危惧ⅠB類,,,kanagawa_rdb2006_animals,GBIFへの照会自体が未実施（gbif_taxon_key欠落・gbif_match_type=NULL）
wamei:ヤイロチョウ,,ヤイロチョウ,鳥類,(繁)情報不足,絶滅危惧ⅠB類,,,kanagawa_rdb2006_animals,GBIFへの照会自体が未実施（gbif_taxon_key欠落・gbif_match_type=NULL）
wamei:ヤブサメ,,ヤブサメ,鳥類,(繁)準絶滅危惧,,,,kanagawa_rdb2006_animals,GBIFへの照会自体が未実施（gbif_taxon_key欠落・gbif_match_type=NULL）
wamei:ヤマカガシ,,ヤマカガシ,爬虫類,要注意種,,,,kanagawa_rdb2006_animals,GBIFへの照会自体が未実施（gbif_taxon_key欠落・gbif_match_type=NULL）
wamei:ヤマコウモリ,,ヤマコウモリ,哺乳類,絶滅危惧Ⅱ類,絶滅危惧Ⅱ類,,,kanagawa_rdb2006_animals,GBIFへの照会自体が未実施（gbif_taxon_key欠落・gbif_match_type=NULL）
wamei:ヤマシギ,,ヤマシギ,鳥類,(非)希少種,,,,kanagawa_rdb2006_animals,GBIFへの照会自体が未実施（gbif_taxon_key欠落・gbif_match_type=NULL）
wamei:ヤマセミ,,ヤマセミ,鳥類,(繁)希少種,,,,kanagawa_rdb2006_animals,GBIFへの照会自体が未実施（gbif_taxon_key欠落・gbif_match_type=NULL）
wamei:ヤマトイワナ,,ヤマトイワナ,汽水・淡水魚類,絶滅危惧ⅠA類,,,,kanagawa_rdb2006_animals,GBIFへの照会自体が未実施（gbif_taxon_key欠落・gbif_match_type=NULL）
wamei:ヤマドリ,,ヤマドリ,鳥類,(繁)絶滅危惧Ⅱ類、(非)絶滅危惧Ⅱ類,,,,kanagawa_rdb2006_animals,GBIFへの照会自体が未実施（gbif_taxon_key欠落・gbif_match_type=NULL）
wamei:ヤマネ,,ヤマネ,哺乳類,絶滅危惧Ⅱ類,準絶滅危惧,,,kanagawa_rdb2006_animals,GBIFへの照会自体が未実施（gbif_taxon_key欠落・gbif_match_type=NULL）
wamei:ヤマメ,,ヤマメ,汽水・淡水魚類,絶滅危惧ⅠA類,,,,kanagawa_rdb2006_animals,GBIFへの照会自体が未実施（gbif_taxon_key欠落・gbif_match_type=NULL）
wamei:ヤリタナゴ,,ヤリタナゴ,汽水・淡水魚類,絶滅,,,,kanagawa_rdb2006_animals,GBIFへの照会自体が未実施（gbif_taxon_key欠落・gbif_match_type=NULL）
wamei:ユビナガコウモリ,,ユビナガコウモリ,哺乳類,絶滅危惧Ⅱ類,,,,kanagawa_rdb2006_animals,GBIFへの照会自体が未実施（gbif_taxon_key欠落・gbif_match_type=NULL）
wamei:ヨシゴイ,,ヨシゴイ,鳥類,(繁)絶滅危惧Ⅱ類,,,,kanagawa_rdb2006_animals,GBIFへの照会自体が未実施（gbif_taxon_key欠落・gbif_match_type=NULL）
wamei:ヨタカ,,ヨタカ,鳥類,(繁)絶滅危惧Ⅱ類,,,,kanagawa_rdb2006_animals,GBIFへの照会自体が未実施（gbif_taxon_key欠落・gbif_match_type=NULL）
wamei:ルリビタキ,,ルリビタキ,鳥類,(繁)絶滅危惧Ⅱ類,,,,kanagawa_rdb2006_animals,GBIFへの照会自体が未実施（gbif_taxon_key欠落・gbif_match_type=NULL）
wamei:ルリヨシノボリ,,ルリヨシノボリ,汽水・淡水魚類,準絶滅危惧,,,,kanagawa_rdb2006_animals,GBIFへの照会自体が未実施（gbif_taxon_key欠落・gbif_match_type=NULL）
warreniplema fumicosta islandica,Warreniplema fumicosta islandica,アトキフタオ小笠原亜種,昆虫類,,準絶滅危惧（NT）,,,moe_redlist,GBIFへの照会自体が未実施（gbif_taxon_key欠落・gbif_match_type=NULL）
weigela florida,Weigela florida,オオベニウツギ,維管束植物,,絶滅危惧ⅠＡ類（CR）,,,moe_redlist,GBIFへの照会自体が未実施（gbif_taxon_key欠落・gbif_match_type=NULL）
wikstroemia pseudoretusa,Wikstroemia pseudoretusa,ムニンアオガンピ,維管束植物,,準絶滅危惧（NT）,,,moe_redlist,GBIFへの照会自体が未実施（gbif_taxon_key欠落・gbif_match_type=NULL）
wildemania amplissima,Wildemania amplissima,ベニタサ,藻類,,情報不足（DD）,,,moe_redlist,GBIFへの照会自体が未実施（gbif_taxon_key欠落・gbif_match_type=NULL）
wildemania occidentalis,Wildemania occidentalis,キイロタサ,藻類,,情報不足（DD）,,,moe_redlist,GBIFへの照会自体が未実施（gbif_taxon_key欠落・gbif_match_type=NULL）
woodsia ilvensis,Woodsia ilvensis,ミヤマイワデンダ,維管束植物,,準絶滅危惧（NT）,,,moe_redlist,GBIFへの照会自体が未実施（gbif_taxon_key欠落・gbif_match_type=NULL）
woodsia intermedia,Woodsia intermedia,イヌイワデンダ,維管束植物,,準絶滅危惧（NT）,,,moe_redlist,GBIFへの照会自体が未実施（gbif_taxon_key欠落・gbif_match_type=NULL）
woodsia subcordata,Woodsia subcordata,キタダケデンダ,維管束植物,,絶滅危惧ⅠＡ類（CR）,,,moe_redlist,GBIFへの照会自体が未実施（gbif_taxon_key欠落・gbif_match_type=NULL）
woodwardia harlandii,Woodwardia harlandii,オオギミシダ,維管束植物,,絶滅危惧Ⅱ類（VU）,,,moe_redlist,GBIFへの照会自体が未実施（gbif_taxon_key欠落・gbif_match_type=NULL）
woodwardia kempii,Woodwardia kempii,ホソバオオカグマ,維管束植物,,準絶滅危惧（NT）,,,moe_redlist,GBIFへの照会自体が未実施（gbif_taxon_key欠落・gbif_match_type=NULL）
xanthium canadense,Xanthium canadense,オオオナモミ,植物,,,その他の総合対策外来種,,moe_ias_list,GBIFへの照会自体が未実施（gbif_taxon_key欠落・gbif_match_type=NULL）
xanthium strumarium subsp. sibiricum,Xanthium strumarium subsp. sibiricum,オナモミ,維管束植物,,絶滅危惧Ⅱ類（VU）,,,moe_redlist,GBIFへの照会自体が未実施（gbif_taxon_key欠落・gbif_match_type=NULL）
xenocorisa vittipennis,Xenocorisa vittipennis,ミヤケミズムシ,昆虫類,,準絶滅危惧（NT）,,,moe_redlist,GBIFへの照会自体が未実施（gbif_taxon_key欠落・gbif_match_type=NULL）
xenophthalmus pinnotheroides,Xenophthalmus pinnotheroides,メナシピンノ,甲殻類（海洋生物）,,準絶滅危惧（NT）,,,moe_redlist,GBIFへの照会自体が未実施（gbif_taxon_key欠落・gbif_match_type=NULL）
xenoskenea sp.,Xenoskenea sp.,シンジュノナミダ,貝類,,情報不足（DD）,,,moe_redlist,GBIFへの照会自体が未実施（gbif_taxon_key欠落・gbif_match_type=NULL）
xestia descripta,Xestia descripta,アサマウスモンヤガ,昆虫類,,準絶滅危惧（NT）,,,moe_redlist,GBIFへの照会自体が未実施（gbif_taxon_key欠落・gbif_match_type=NULL）
xiphonectes brockii,Xiphonectes brockii,ツノナシイボガザミ,その他無脊椎動物,,情報不足（DD）,,,moe_redlist,GBIFへの照会自体が未実施（gbif_taxon_key欠落・gbif_match_type=NULL）
xiphophorus hellerii,Xiphophorus hellerii,ソ－ドテ－ル,魚類,,,その他の総合対策外来種,,moe_ias_list,GBIFへの照会自体が未実施（gbif_taxon_key欠落・gbif_match_type=NULL）
xiphovelia boninensis,Xiphovelia boninensis,ケブカオヨギカタビロアメンボ,昆虫類,,絶滅危惧II類（VU）,,,moe_redlist,GBIFへの照会自体が未実施（gbif_taxon_key欠落・gbif_match_type=NULL）
xiphovelia japonica,Xiphovelia japonica,オヨギカタビロアメンボ,昆虫類,,準絶滅危惧（NT）,,,moe_redlist,GBIFへの照会自体が未実施（gbif_taxon_key欠落・gbif_match_type=NULL）
xyelecia japonica,Xyelecia japonica,チャイロナギナタハバチ,昆虫類,,情報不足（DD）,,,moe_redlist,GBIFへの照会自体が未実施（gbif_taxon_key欠落・gbif_match_type=NULL）
xylocopa ogasawarensis,Xylocopa ogasawarensis,オガサワラクマバチ,昆虫類,,準絶滅危惧（NT）,,,moe_redlist,GBIFへの照会自体が未実施（gbif_taxon_key欠落・gbif_match_type=NULL）
xylocoris hiurai,Xylocoris hiurai,クロアシブトハナカメムシ,昆虫類,,準絶滅危惧（NT）,,,moe_redlist,GBIFへの照会自体が未実施（gbif_taxon_key欠落・gbif_match_type=NULL）
xylomoia fusei,Xylomoia fusei,イチモジヒメヨトウ,昆虫類,,絶滅危惧II類（VU）,,,moe_redlist,GBIFへの照会自体が未実施（gbif_taxon_key欠落・gbif_match_type=NULL）
xylomoia graminea,Xylomoia graminea,クシロモクメヨトウ,昆虫類,,絶滅危惧II類（VU）,,,moe_redlist,GBIFへの照会自体が未実施（gbif_taxon_key欠落・gbif_match_type=NULL）
xylotrechus ogasawarensis,Xylotrechus ogasawarensis,オガサワライカリモントラカミキリ,昆虫類,,準絶滅危惧（NT）,,,moe_redlist,GBIFへの照会自体が未実施（gbif_taxon_key欠落・gbif_match_type=NULL）
xylotrechus takakuwai,Xylotrechus takakuwai,ミイロトラカミキリ,昆虫類,,絶滅危惧IA類（CR）,,,moe_redlist,GBIFへの照会自体が未実施（gbif_taxon_key欠落・gbif_match_type=NULL）
xysticus daisetsuzanus,Xysticus daisetsuzanus,ダイセツカニグモ,その他無脊椎動物,,準絶滅危惧（NT）,,,moe_redlist,GBIFへの照会自体が未実施（gbif_taxon_key欠落・gbif_match_type=NULL）
yakuchloritis albolabris,Yakuchloritis albolabris,クチジロビロウドマイマイ,貝類,,絶滅危惧II類（VU）,,,moe_redlist,GBIFへの照会自体が未実施（gbif_taxon_key欠落・gbif_match_type=NULL）
yakuchloritis hoshiyamai,Yakuchloritis hoshiyamai,ホシヤマビロウドマイマイ,貝類,,絶滅危惧II類（VU）,,,moe_redlist,GBIFへの照会自体が未実施（gbif_taxon_key欠落・gbif_match_type=NULL）
yamadaella caenomyce,Yamadaella caenomyce,ハイコナハダ,藻類,,準絶滅危惧（NT）,,,moe_redlist,GBIFへの照会自体が未実施（gbif_taxon_key欠落・gbif_match_type=NULL）
yamatochlamys circumdata,Yamatochlamys circumdata,ハチジョウヒメベッコウ,貝類,,準絶滅危惧（NT）,,,moe_redlist,GBIFへの照会自体が未実施（gbif_taxon_key欠落・gbif_match_type=NULL）
yamautidius anaulax,Yamautidius anaulax,アオナミメクラチビゴミムシ,昆虫類,,絶滅危惧II類（VU）,,,moe_redlist,GBIFへの照会自体が未実施（gbif_taxon_key欠落・gbif_match_type=NULL）
yarica hyalosoma,Yarica hyalosoma,カガミテンジクダイ,汽水・淡水魚類,,絶滅危惧IA類（CR）,,,moe_redlist,GBIFへの照会自体が未実施（gbif_taxon_key欠落・gbif_match_type=NULL）
yoania amagiensis,Yoania amagiensis,キバナノショウキラン,維管束植物,,絶滅危惧ⅠB類（EN）,,,moe_redlist,GBIFへの照会自体が未実施（gbif_taxon_key欠落・gbif_match_type=NULL）
yoania flava,Yoania flava,シナノショウキラン,維管束植物,,絶滅危惧ⅠB類（EN）,,,moe_redlist,GBIFへの照会自体が未実施（gbif_taxon_key欠落・gbif_match_type=NULL）
ypthima masakii,Ypthima masakii,マサキウラナミジャノメ,昆虫類,,準絶滅危惧（NT）,,,moe_redlist,GBIFへの照会自体が未実施（gbif_taxon_key欠落・gbif_match_type=NULL）
ypthima multistriata niphonica,Ypthima multistriata niphonica,ウラナミジャノメ日本本土亜種,昆虫類,,絶滅危惧II類（VU）,,,moe_redlist,GBIFへの照会自体が未実施（gbif_taxon_key欠落・gbif_match_type=NULL）
ypthima riukiuana,Ypthima riukiuana,リュウキュウウラナミジャノメ,昆虫類,,準絶滅危惧（NT）,,,moe_redlist,GBIFへの照会自体が未実施（gbif_taxon_key欠落・gbif_match_type=NULL）
ypthima yayeyamana,Ypthima yayeyamana,ヤエヤマウラナミジャノメ,昆虫類,,準絶滅危惧（NT）,,,moe_redlist,GBIFへの照会自体が未実施（gbif_taxon_key欠落・gbif_match_type=NULL）
yucca gloriosa,Yucca gloriosa,アツバキミガヨラン,植物,,,重点対策外来種,,moe_ias_list,GBIFへの照会自体が未実施（gbif_taxon_key欠落・gbif_match_type=NULL）
zabelia integrifolia,Zabelia integrifolia,イワツクバネウツギ,維管束植物,,絶滅危惧Ⅱ類（VU）,,,moe_redlist,GBIFへの照会自体が未実施（gbif_taxon_key欠落・gbif_match_type=NULL）
zaitzevia rufa,Zaitzevia rufa,アカツヤドロムシ,昆虫類,,絶滅危惧IB類（EN）,,,moe_redlist,GBIFへの照会自体が未実施（gbif_taxon_key欠落・gbif_match_type=NULL）
zannichellia palustris,Zannichellia palustris,イトクズモ,維管束植物,,絶滅危惧Ⅱ類（VU）,,,moe_redlist,GBIFへの照会自体が未実施（gbif_taxon_key欠落・gbif_match_type=NULL）
zanthoxylum schinifolium var. okinawense,Zanthoxylum schinifolium var. okinawense,シマイヌザンショウ,維管束植物,,準絶滅危惧（NT）,,,moe_redlist,GBIFへの照会自体が未実施（gbif_taxon_key欠落・gbif_match_type=NULL）
zanthoxylum yakumontanum,Zanthoxylum yakumontanum,ヤクシマカラスザンショウ,維管束植物,,絶滅危惧Ⅱ類（VU）,,,moe_redlist,GBIFへの照会自体が未実施（gbif_taxon_key欠落・gbif_match_type=NULL）
zaptyx adulta,Zaptyx adulta,サキシマノミギセル,貝類,,準絶滅危惧（NT）,,,moe_redlist,GBIFへの照会自体が未実施（gbif_taxon_key欠落・gbif_match_type=NULL）
zaptyx asperata,Zaptyx asperata,アラハダノミギセル,貝類,,準絶滅危惧（NT）,,,moe_redlist,GBIFへの照会自体が未実施（gbif_taxon_key欠落・gbif_match_type=NULL）
zaptyx cladoptyx,Zaptyx cladoptyx,エダヒダノミギセル,貝類,,絶滅危惧II類（VU）,,,moe_redlist,GBIFへの照会自体が未実施（gbif_taxon_key欠落・gbif_match_type=NULL）
zaptyx daitojimana,Zaptyx daitojimana,ダイトウノミギセル,貝類,,絶滅危惧IA類（CR）,,,moe_redlist,GBIFへの照会自体が未実施（gbif_taxon_key欠落・gbif_match_type=NULL）
zaptyx deminuta,Zaptyx deminuta,ヨワノミギセル,貝類,,準絶滅危惧（NT）,,,moe_redlist,GBIFへの照会自体が未実施（gbif_taxon_key欠落・gbif_match_type=NULL）
zaptyx dolichoptyx,Zaptyx dolichoptyx,カズマキノミギセル,貝類,,絶滅危惧I類（CR+EN）,,,moe_redlist,GBIFへの照会自体が未実施（gbif_taxon_key欠落・gbif_match_type=NULL）
zaptyx entospira,Zaptyx entospira,ウチマキノミギセル,貝類,,絶滅危惧II類（VU）,,,moe_redlist,GBIFへの照会自体が未実施（gbif_taxon_key欠落・gbif_match_type=NULL）
zaptyx exodonta,Zaptyx exodonta,ソトバウチマキノミギセル,貝類,,絶滅危惧II類（VU）,,,moe_redlist,GBIFへの照会自体が未実施（gbif_taxon_key欠落・gbif_match_type=NULL）
zaptyx exulans,Zaptyx exulans,ホソウチマキノミギセル,貝類,,絶滅危惧II類（VU）,,,moe_redlist,GBIFへの照会自体が未実施（gbif_taxon_key欠落・gbif_match_type=NULL）
zaptyx hachijoensis,Zaptyx hachijoensis,ハチジョウノミギセル,貝類,,準絶滅危惧（NT）,,,moe_redlist,GBIFへの照会自体が未実施（gbif_taxon_key欠落・gbif_match_type=NULL）
zaptyx hedleyi,Zaptyx hedleyi,チビノミギセル,貝類,,絶滅危惧II類（VU）,,,moe_redlist,GBIFへの照会自体が未実施（gbif_taxon_key欠落・gbif_match_type=NULL）
zaptyx hyperaptyx,Zaptyx hyperaptyx,トクノシマツムガタノミギセル,貝類,,絶滅危惧I類（CR+EN）,,,moe_redlist,GBIFへの照会自体が未実施（gbif_taxon_key欠落・gbif_match_type=NULL）
zaptyx inversiluna,Zaptyx inversiluna,サカヅキノミギセル,貝類,,絶滅危惧I類（CR+EN）,,,moe_redlist,GBIFへの照会自体が未実施（gbif_taxon_key欠落・gbif_match_type=NULL）
zaptyx kusakakiensis,Zaptyx kusakakiensis,クサカキノミギセル,貝類,,準絶滅危惧（NT）,,,moe_redlist,GBIFへの照会自体が未実施（gbif_taxon_key欠落・gbif_match_type=NULL）
zaptyx longiplicata,Zaptyx longiplicata,イトヒキツムガタノミギセル,貝類,,絶滅危惧I類（CR+EN）,,,moe_redlist,GBIFへの照会自体が未実施（gbif_taxon_key欠落・gbif_match_type=NULL）
zaptyx munus,Zaptyx munus,ツムガタノミギセル,貝類,,絶滅危惧II類（VU）,,,moe_redlist,GBIFへの照会自体が未実施（gbif_taxon_key欠落・gbif_match_type=NULL）
zaptyx nakanoshimana,Zaptyx nakanoshimana,ナカノシマノミギセル,貝類,,準絶滅危惧（NT）,,,moe_redlist,GBIFへの照会自体が未実施（gbif_taxon_key欠落・gbif_match_type=NULL）
zaptyx noviluna,Zaptyx noviluna,ミカヅキノミギセル,貝類,,絶滅危惧II類（VU）,,,moe_redlist,GBIFへの照会自体が未実施（gbif_taxon_key欠落・gbif_match_type=NULL）
zaptyx oxypomatia,Zaptyx oxypomatia,カドシタノミギセル,貝類,,絶滅危惧II類（VU）,,,moe_redlist,GBIFへの照会自体が未実施（gbif_taxon_key欠落・gbif_match_type=NULL）
zaptyx polita,Zaptyx polita,ツヤノミギセル,貝類,,準絶滅危惧（NT）,,,moe_redlist,GBIFへの照会自体が未実施（gbif_taxon_key欠落・gbif_match_type=NULL）
zaptyx ptychocyma,Zaptyx ptychocyma,ハラブトノミギセル,貝類,,準絶滅危惧（NT）,,,moe_redlist,GBIFへの照会自体が未実施（gbif_taxon_key欠落・gbif_match_type=NULL）
zaptyx purissima,Zaptyx purissima,ゾウゲツヤノミギセル,貝類,,絶滅危惧I類（CR+EN）,,,moe_redlist,GBIFへの照会自体が未実施（gbif_taxon_key欠落・gbif_match_type=NULL）
zaptyx stimpsoni sadoensis,Zaptyx stimpsoni sadoensis,サドギセル,貝類,,準絶滅危惧（NT）,,,moe_redlist,GBIFへの照会自体が未実施（gbif_taxon_key欠落・gbif_match_type=NULL）
zaptyx takarai,Zaptyx takarai,タカラノミギセル,貝類,,絶滅危惧II類（VU）,,,moe_redlist,GBIFへの照会自体が未実施（gbif_taxon_key欠落・gbif_match_type=NULL）
zaptyx tantilla,Zaptyx tantilla,チイサギセル,貝類,,準絶滅危惧（NT）,,,moe_redlist,GBIFへの照会自体が未実施（gbif_taxon_key欠落・gbif_match_type=NULL）
zaptyx thaumatopoma,Zaptyx thaumatopoma,ニセノミギセル,貝類,,準絶滅危惧（NT）,,,moe_redlist,GBIFへの照会自体が未実施（gbif_taxon_key欠落・gbif_match_type=NULL）
zaptyx yukitai,Zaptyx yukitai,ユキタノミギセル,貝類,,準絶滅危惧（NT）,,,moe_redlist,GBIFへの照会自体が未実施（gbif_taxon_key欠落・gbif_match_type=NULL）
zehneria perpusilla var. deltifrons,Zehneria perpusilla var. deltifrons,サツマスズメウリ,維管束植物,,絶滅危惧ⅠＡ類（CR）,,,moe_redlist,GBIFへの照会自体が未実施（gbif_taxon_key欠落・gbif_match_type=NULL）
zenarchopterus dunckeri,Zenarchopterus dunckeri,コモチサヨリ,汽水・淡水魚類,,準絶滅危惧（NT）,,,moe_redlist,GBIFへの照会自体が未実施（gbif_taxon_key欠落・gbif_match_type=NULL）
zeuxine affinis,Zeuxine affinis,アオジクキヌラン,維管束植物,,絶滅危惧ⅠB類（EN）,,,moe_redlist,GBIFへの照会自体が未実施（gbif_taxon_key欠落・gbif_match_type=NULL）
zeuxine agyokuana,Zeuxine agyokuana,カゲロウラン,維管束植物,,準絶滅危惧（NT）,,,moe_redlist,GBIFへの照会自体が未実施（gbif_taxon_key欠落・gbif_match_type=NULL）
zeuxine boninensis,Zeuxine boninensis,ムニンキヌラン,維管束植物,,絶滅危惧Ⅱ類（VU）,,,moe_redlist,GBIFへの照会自体が未実施（gbif_taxon_key欠落・gbif_match_type=NULL）
zeuxine leucochila,Zeuxine leucochila,ヤンバルキヌラン,維管束植物,,準絶滅危惧（NT）,,,moe_redlist,GBIFへの照会自体が未実施（gbif_taxon_key欠落・gbif_match_type=NULL）
zeuxine nervosa,Zeuxine nervosa,オオキヌラン,維管束植物,,絶滅危惧ⅠＡ類（CR）,,,moe_redlist,GBIFへの照会自体が未実施（gbif_taxon_key欠落・gbif_match_type=NULL）
zeuxine odorata,Zeuxine odorata,ジャコウキヌラン,維管束植物,,絶滅危惧ⅠB類（EN）,,,moe_redlist,GBIFへの照会自体が未実施（gbif_taxon_key欠落・gbif_match_type=NULL）
zizeeria karsandra,Zizeeria karsandra,ハマヤマトシジミ,昆虫類,,絶滅危惧II類（VU）,,,moe_redlist,GBIFへの照会自体が未実施（gbif_taxon_key欠落・gbif_match_type=NULL）
zizina emelina,Zizina emelina,シルビアシジミ,昆虫類,,絶滅危惧IB類（EN）,,,moe_redlist,GBIFへの照会自体が未実施（gbif_taxon_key欠落・gbif_match_type=NULL）
zoarchias hosoyai,Zoarchias hosoyai,ノトカズナギ,魚類（海洋生物）,,情報不足（DD）,,,moe_redlist,GBIFへの照会自体が未実施（gbif_taxon_key欠落・gbif_match_type=NULL）
zoarchias neglectus,Zoarchias neglectus,コモンイトギンポ,魚類（海洋生物）,,情報不足（DD）,,,moe_redlist,GBIFへの照会自体が未実施（gbif_taxon_key欠落・gbif_match_type=NULL）
zoarchiasmacrocephalus,Zoarchiasmacrocephalus,シンジュカズナギ,魚類（海洋生物）,,準絶滅危惧（NT）,,,moe_redlist,GBIFへの照会自体が未実施（gbif_taxon_key欠落・gbif_match_type=NULL）
zonitoides apertus,Zonitoides apertus,ヒラコハクガイ,貝類,,絶滅危惧I類（CR+EN）,,,moe_redlist,GBIFへの照会自体が未実施（gbif_taxon_key欠落・gbif_match_type=NULL）
zoopsis liukiuensis,Zoopsis liukiuensis,ミジンコゴケ,蘚苔類,,絶滅危惧Ⅱ類（VU）,,,moe_redlist,GBIFへの照会自体が未実施（gbif_taxon_key欠落・gbif_match_type=NULL）
zornia cantoniensis,Zornia cantoniensis,スナジマメ,維管束植物,,絶滅危惧ⅠＡ類（CR）,,,moe_redlist,GBIFへの照会自体が未実施（gbif_taxon_key欠落・gbif_match_type=NULL）
zostera asiatica,Zostera asiatica,オオアマモ,維管束植物,,絶滅危惧Ⅱ類（VU）,,,moe_redlist,GBIFへの照会自体が未実施（gbif_taxon_key欠落・gbif_match_type=NULL）
zostera caespitosa,Zostera caespitosa,スゲアマモ,維管束植物,,準絶滅危惧（NT）,,,moe_redlist,GBIFへの照会自体が未実施（gbif_taxon_key欠落・gbif_match_type=NULL）
zostera caulescens,Zostera caulescens,タチアマモ,維管束植物,,絶滅危惧Ⅱ類（VU）,,,moe_redlist,GBIFへの照会自体が未実施（gbif_taxon_key欠落・gbif_match_type=NULL）
zygaena niphona hakodatensis,Zygaena niphona hakodatensis,ベニモンマダラ道南亜種,昆虫類,,絶滅危惧II類（VU）,,,moe_redlist,GBIFへの照会自体が未実施（gbif_taxon_key欠落・gbif_match_type=NULL）
zygaena niphona niphona,Zygaena niphona niphona,ベニモンマダラ本土亜種,昆虫類,,準絶滅危惧（NT）,,,moe_redlist,GBIFへの照会自体が未実施（gbif_taxon_key欠落・gbif_match_type=NULL）
zygodon viridissimus,Zygodon viridissimus,カメゴケモドキ,蘚苔類,,情報不足（DD）,,,moe_redlist,GBIFへの照会自体が未実施（gbif_taxon_key欠落・gbif_match_type=NULL）
zyxomma obtusum,Zyxomma obtusum,コフキオオメトンボ,昆虫類,,絶滅危惧IB類（EN）,,,moe_redlist,GBIFへの照会自体が未実施（gbif_taxon_key欠落・gbif_match_type=NULL）
