record_id,source_id,site_id,observed_on,scientific_name,vernacular_name,taxon_rank,reason
gbif_kanagawa_occurrences__1086723835,gbif_kanagawa_occurrences,,1873-08-18,,,,scientific_name等の分類群情報が空欄で照合材料が無い（taxon_key自体が無い）
gbif_kanagawa_occurrences__1100860006,gbif_kanagawa_occurrences,,1896-09,,,,scientific_name等の分類群情報が空欄で照合材料が無い（taxon_key自体が無い）
gbif_kanagawa_occurrences__2512672323,gbif_kanagawa_occurrences,,1911-11-19,,,,scientific_name等の分類群情報が空欄で照合材料が無い（taxon_key自体が無い）
gbif_kanagawa_occurrences__251634090,gbif_kanagawa_occurrences,,,,,,scientific_name等の分類群情報が空欄で照合材料が無い（taxon_key自体が無い）
gbif_kanagawa_occurrences__2611971429,gbif_kanagawa_occurrences,,2019-11-28T10:49Z,,,,scientific_name等の分類群情報が空欄で照合材料が無い（taxon_key自体が無い）
gbif_kanagawa_occurrences__3345772129,gbif_kanagawa_occurrences,,2013-06,,,,scientific_name等の分類群情報が空欄で照合材料が無い（taxon_key自体が無い）
gbif_kanagawa_occurrences__3345774087,gbif_kanagawa_occurrences,,2013-06,,,,scientific_name等の分類群情報が空欄で照合材料が無い（taxon_key自体が無い）
gbif_kanagawa_occurrences__3345775137,gbif_kanagawa_occurrences,,2013-06,,,,scientific_name等の分類群情報が空欄で照合材料が無い（taxon_key自体が無い）
gbif_kanagawa_occurrences__3345775988,gbif_kanagawa_occurrences,,2013-06,,,,scientific_name等の分類群情報が空欄で照合材料が無い（taxon_key自体が無い）
gbif_kanagawa_occurrences__3345777127,gbif_kanagawa_occurrences,,2013-06,,,,scientific_name等の分類群情報が空欄で照合材料が無い（taxon_key自体が無い）
gbif_kanagawa_occurrences__3345778076,gbif_kanagawa_occurrences,,2013-06,,,,scientific_name等の分類群情報が空欄で照合材料が無い（taxon_key自体が無い）
gbif_kanagawa_occurrences__3345779118,gbif_kanagawa_occurrences,,2013-06,,,,scientific_name等の分類群情報が空欄で照合材料が無い（taxon_key自体が無い）
gbif_kanagawa_occurrences__3345780115,gbif_kanagawa_occurrences,,2013-06,,,,scientific_name等の分類群情報が空欄で照合材料が無い（taxon_key自体が無い）
gbif_kanagawa_occurrences__3345781144,gbif_kanagawa_occurrences,,2013-06,,,,scientific_name等の分類群情報が空欄で照合材料が無い（taxon_key自体が無い）
gbif_kanagawa_occurrences__3345918056,gbif_kanagawa_occurrences,,2013-06,,,,scientific_name等の分類群情報が空欄で照合材料が無い（taxon_key自体が無い）
gbif_kanagawa_occurrences__3345919126,gbif_kanagawa_occurrences,,2013-06,,,,scientific_name等の分類群情報が空欄で照合材料が無い（taxon_key自体が無い）
gbif_kanagawa_occurrences__3351147607,gbif_kanagawa_occurrences,,1997-10,,,,scientific_name等の分類群情報が空欄で照合材料が無い（taxon_key自体が無い）
gbif_kanagawa_occurrences__3400371317,gbif_kanagawa_occurrences,,1911-05-28,,,,scientific_name等の分類群情報が空欄で照合材料が無い（taxon_key自体が無い）
gbif_kanagawa_occurrences__3400383318,gbif_kanagawa_occurrences,,1987-02-21,,,,scientific_name等の分類群情報が空欄で照合材料が無い（taxon_key自体が無い）
gbif_kanagawa_occurrences__4023340584,gbif_kanagawa_occurrences,,1915-10-01T00:00Z/1915-10-31T00:00Z,,,,scientific_name等の分類群情報が空欄で照合材料が無い（taxon_key自体が無い）
gbif_kanagawa_occurrences__4023340602,gbif_kanagawa_occurrences,,1922-10-15T00:00Z,,,,scientific_name等の分類群情報が空欄で照合材料が無い（taxon_key自体が無い）
gbif_kanagawa_occurrences__4152633520,gbif_kanagawa_occurrences,,2012/2013,,,,scientific_name等の分類群情報が空欄で照合材料が無い（taxon_key自体が無い）
gbif_kanagawa_occurrences__4152633521,gbif_kanagawa_occurrences,,2012/2013,,,,scientific_name等の分類群情報が空欄で照合材料が無い（taxon_key自体が無い）
gbif_kanagawa_occurrences__4152637554,gbif_kanagawa_occurrences,,2012/2013,,,,scientific_name等の分類群情報が空欄で照合材料が無い（taxon_key自体が無い）
gbif_kanagawa_occurrences__4152638538,gbif_kanagawa_occurrences,,2012/2013,,,,scientific_name等の分類群情報が空欄で照合材料が無い（taxon_key自体が無い）
gbif_kanagawa_occurrences__4152638539,gbif_kanagawa_occurrences,,2012/2013,,,,scientific_name等の分類群情報が空欄で照合材料が無い（taxon_key自体が無い）
gbif_kanagawa_occurrences__4152640530,gbif_kanagawa_occurrences,,2012/2013,,,,scientific_name等の分類群情報が空欄で照合材料が無い（taxon_key自体が無い）
gbif_kanagawa_occurrences__4152640531,gbif_kanagawa_occurrences,,2012/2013,,,,scientific_name等の分類群情報が空欄で照合材料が無い（taxon_key自体が無い）
gbif_kanagawa_occurrences__4152641513,gbif_kanagawa_occurrences,,2012/2013,,,,scientific_name等の分類群情報が空欄で照合材料が無い（taxon_key自体が無い）
gbif_kanagawa_occurrences__4170190136,gbif_kanagawa_occurrences,,1930-05,,,,scientific_name等の分類群情報が空欄で照合材料が無い（taxon_key自体が無い）
gbif_kanagawa_occurrences__4170190503,gbif_kanagawa_occurrences,,1930-05,,,,scientific_name等の分類群情報が空欄で照合材料が無い（taxon_key自体が無い）
gbif_kanagawa_occurrences__4170198745,gbif_kanagawa_occurrences,,1912-04-29,,,,scientific_name等の分類群情報が空欄で照合材料が無い（taxon_key自体が無い）
gbif_kanagawa_occurrences__4519664049,gbif_kanagawa_occurrences,,,,,,scientific_name等の分類群情報が空欄で照合材料が無い（taxon_key自体が無い）
gbif_kanagawa_occurrences__4519664057,gbif_kanagawa_occurrences,,,,,,scientific_name等の分類群情報が空欄で照合材料が無い（taxon_key自体が無い）
gbif_kanagawa_occurrences__4519664059,gbif_kanagawa_occurrences,,,,,,scientific_name等の分類群情報が空欄で照合材料が無い（taxon_key自体が無い）
gbif_kanagawa_occurrences__462516585,gbif_kanagawa_occurrences,,,,,,scientific_name等の分類群情報が空欄で照合材料が無い（taxon_key自体が無い）
gbif_kanagawa_occurrences__462539716,gbif_kanagawa_occurrences,,1966-08-30,,,,scientific_name等の分類群情報が空欄で照合材料が無い（taxon_key自体が無い）
gbif_kanagawa_occurrences__462545746,gbif_kanagawa_occurrences,,1928-01-22,,,,scientific_name等の分類群情報が空欄で照合材料が無い（taxon_key自体が無い）
gbif_kanagawa_occurrences__464463796,gbif_kanagawa_occurrences,,,,,,scientific_name等の分類群情報が空欄で照合材料が無い（taxon_key自体が無い）
gbif_kanagawa_occurrences__464490541,gbif_kanagawa_occurrences,,1966-08-30,,,,scientific_name等の分類群情報が空欄で照合材料が無い（taxon_key自体が無い）
gbif_kanagawa_occurrences__464491499,gbif_kanagawa_occurrences,,1925-05-16,,,,scientific_name等の分類群情報が空欄で照合材料が無い（taxon_key自体が無い）
gbif_kanagawa_occurrences__464515573,gbif_kanagawa_occurrences,,1932-04-01/1932-04-30,,,,scientific_name等の分類群情報が空欄で照合材料が無い（taxon_key自体が無い）
gbif_kanagawa_occurrences__464515574,gbif_kanagawa_occurrences,,1966-08-30,,,,scientific_name等の分類群情報が空欄で照合材料が無い（taxon_key自体が無い）
gbif_kanagawa_occurrences__464586266,gbif_kanagawa_occurrences,,1966-08-30,,,,scientific_name等の分類群情報が空欄で照合材料が無い（taxon_key自体が無い）
gbif_kanagawa_occurrences__464586267,gbif_kanagawa_occurrences,,1928-01-09,,,,scientific_name等の分類群情報が空欄で照合材料が無い（taxon_key自体が無い）
gbif_kanagawa_occurrences__464587548,gbif_kanagawa_occurrences,,1966-08-30,,,,scientific_name等の分類群情報が空欄で照合材料が無い（taxon_key自体が無い）
gbif_kanagawa_occurrences__464609505,gbif_kanagawa_occurrences,,1966-08-30,,,,scientific_name等の分類群情報が空欄で照合材料が無い（taxon_key自体が無い）
gbif_kanagawa_occurrences__476980517,gbif_kanagawa_occurrences,,1920,,,,scientific_name等の分類群情報が空欄で照合材料が無い（taxon_key自体が無い）
gbif_kanagawa_occurrences__4856292576,gbif_kanagawa_occurrences,,,,,,scientific_name等の分類群情報が空欄で照合材料が無い（taxon_key自体が無い）
gbif_kanagawa_occurrences__4856292580,gbif_kanagawa_occurrences,,,,,,scientific_name等の分類群情報が空欄で照合材料が無い（taxon_key自体が無い）
gbif_kanagawa_occurrences__4856323669,gbif_kanagawa_occurrences,,,,,,scientific_name等の分類群情報が空欄で照合材料が無い（taxon_key自体が無い）
gbif_kanagawa_occurrences__4856356585,gbif_kanagawa_occurrences,,,,,,scientific_name等の分類群情報が空欄で照合材料が無い（taxon_key自体が無い）
gbif_kanagawa_occurrences__4856358986,gbif_kanagawa_occurrences,,,,,,scientific_name等の分類群情報が空欄で照合材料が無い（taxon_key自体が無い）
gbif_kanagawa_occurrences__4856359249,gbif_kanagawa_occurrences,,,,,,scientific_name等の分類群情報が空欄で照合材料が無い（taxon_key自体が無い）
gbif_kanagawa_occurrences__4856360897,gbif_kanagawa_occurrences,,,,,,scientific_name等の分類群情報が空欄で照合材料が無い（taxon_key自体が無い）
gbif_kanagawa_occurrences__4856361114,gbif_kanagawa_occurrences,,,,,,scientific_name等の分類群情報が空欄で照合材料が無い（taxon_key自体が無い）
gbif_kanagawa_occurrences__4856361119,gbif_kanagawa_occurrences,,,,,,scientific_name等の分類群情報が空欄で照合材料が無い（taxon_key自体が無い）
gbif_kanagawa_occurrences__4856361139,gbif_kanagawa_occurrences,,,,,,scientific_name等の分類群情報が空欄で照合材料が無い（taxon_key自体が無い）
gbif_kanagawa_occurrences__4856361142,gbif_kanagawa_occurrences,,,,,,scientific_name等の分類群情報が空欄で照合材料が無い（taxon_key自体が無い）
gbif_kanagawa_occurrences__4856361146,gbif_kanagawa_occurrences,,,,,,scientific_name等の分類群情報が空欄で照合材料が無い（taxon_key自体が無い）
gbif_kanagawa_occurrences__4856364125,gbif_kanagawa_occurrences,,,,,,scientific_name等の分類群情報が空欄で照合材料が無い（taxon_key自体が無い）
gbif_kanagawa_occurrences__4856364132,gbif_kanagawa_occurrences,,,,,,scientific_name等の分類群情報が空欄で照合材料が無い（taxon_key自体が無い）
gbif_kanagawa_occurrences__4856385986,gbif_kanagawa_occurrences,,,,,,scientific_name等の分類群情報が空欄で照合材料が無い（taxon_key自体が無い）
gbif_kanagawa_occurrences__4856385998,gbif_kanagawa_occurrences,,,,,,scientific_name等の分類群情報が空欄で照合材料が無い（taxon_key自体が無い）
gbif_kanagawa_occurrences__4856395538,gbif_kanagawa_occurrences,,,,,,scientific_name等の分類群情報が空欄で照合材料が無い（taxon_key自体が無い）
gbif_kanagawa_occurrences__4856395797,gbif_kanagawa_occurrences,,,,,,scientific_name等の分類群情報が空欄で照合材料が無い（taxon_key自体が無い）
gbif_kanagawa_occurrences__4856396065,gbif_kanagawa_occurrences,,,,,,scientific_name等の分類群情報が空欄で照合材料が無い（taxon_key自体が無い）
gbif_kanagawa_occurrences__4856416411,gbif_kanagawa_occurrences,,,,,,scientific_name等の分類群情報が空欄で照合材料が無い（taxon_key自体が無い）
gbif_kanagawa_occurrences__4856416413,gbif_kanagawa_occurrences,,,,,,scientific_name等の分類群情報が空欄で照合材料が無い（taxon_key自体が無い）
gbif_kanagawa_occurrences__4856416751,gbif_kanagawa_occurrences,,,,,,scientific_name等の分類群情報が空欄で照合材料が無い（taxon_key自体が無い）
gbif_kanagawa_occurrences__4856418631,gbif_kanagawa_occurrences,,,,,,scientific_name等の分類群情報が空欄で照合材料が無い（taxon_key自体が無い）
gbif_kanagawa_occurrences__4856418632,gbif_kanagawa_occurrences,,,,,,scientific_name等の分類群情報が空欄で照合材料が無い（taxon_key自体が無い）
gbif_kanagawa_occurrences__4856446442,gbif_kanagawa_occurrences,,,,,,scientific_name等の分類群情報が空欄で照合材料が無い（taxon_key自体が無い）
gbif_kanagawa_occurrences__4856446468,gbif_kanagawa_occurrences,,,,,,scientific_name等の分類群情報が空欄で照合材料が無い（taxon_key自体が無い）
gbif_kanagawa_occurrences__4856446472,gbif_kanagawa_occurrences,,,,,,scientific_name等の分類群情報が空欄で照合材料が無い（taxon_key自体が無い）
gbif_kanagawa_occurrences__4856452775,gbif_kanagawa_occurrences,,,,,,scientific_name等の分類群情報が空欄で照合材料が無い（taxon_key自体が無い）
gbif_kanagawa_occurrences__4856558817,gbif_kanagawa_occurrences,,,,,,scientific_name等の分類群情報が空欄で照合材料が無い（taxon_key自体が無い）
gbif_kanagawa_occurrences__4856560527,gbif_kanagawa_occurrences,,,,,,scientific_name等の分類群情報が空欄で照合材料が無い（taxon_key自体が無い）
gbif_kanagawa_occurrences__4856588604,gbif_kanagawa_occurrences,,,,,,scientific_name等の分類群情報が空欄で照合材料が無い（taxon_key自体が無い）
gbif_kanagawa_occurrences__4856588888,gbif_kanagawa_occurrences,,,,,,scientific_name等の分類群情報が空欄で照合材料が無い（taxon_key自体が無い）
gbif_kanagawa_occurrences__4856624216,gbif_kanagawa_occurrences,,,,,,scientific_name等の分類群情報が空欄で照合材料が無い（taxon_key自体が無い）
gbif_kanagawa_occurrences__4856624225,gbif_kanagawa_occurrences,,,,,,scientific_name等の分類群情報が空欄で照合材料が無い（taxon_key自体が無い）
gbif_kanagawa_occurrences__4856631097,gbif_kanagawa_occurrences,,,,,,scientific_name等の分類群情報が空欄で照合材料が無い（taxon_key自体が無い）
gbif_kanagawa_occurrences__4856631108,gbif_kanagawa_occurrences,,,,,,scientific_name等の分類群情報が空欄で照合材料が無い（taxon_key自体が無い）
gbif_kanagawa_occurrences__4856633957,gbif_kanagawa_occurrences,,,,,,scientific_name等の分類群情報が空欄で照合材料が無い（taxon_key自体が無い）
gbif_kanagawa_occurrences__4856634068,gbif_kanagawa_occurrences,,,,,,scientific_name等の分類群情報が空欄で照合材料が無い（taxon_key自体が無い）
gbif_kanagawa_occurrences__4856634079,gbif_kanagawa_occurrences,,,,,,scientific_name等の分類群情報が空欄で照合材料が無い（taxon_key自体が無い）
gbif_kanagawa_occurrences__4856634081,gbif_kanagawa_occurrences,,,,,,scientific_name等の分類群情報が空欄で照合材料が無い（taxon_key自体が無い）
gbif_kanagawa_occurrences__4856640173,gbif_kanagawa_occurrences,,,,,,scientific_name等の分類群情報が空欄で照合材料が無い（taxon_key自体が無い）
gbif_kanagawa_occurrences__4856640180,gbif_kanagawa_occurrences,,,,,,scientific_name等の分類群情報が空欄で照合材料が無い（taxon_key自体が無い）
gbif_kanagawa_occurrences__4856643679,gbif_kanagawa_occurrences,,,,,,scientific_name等の分類群情報が空欄で照合材料が無い（taxon_key自体が無い）
gbif_kanagawa_occurrences__4856659347,gbif_kanagawa_occurrences,,,,,,scientific_name等の分類群情報が空欄で照合材料が無い（taxon_key自体が無い）
gbif_kanagawa_occurrences__4856663504,gbif_kanagawa_occurrences,,,,,,scientific_name等の分類群情報が空欄で照合材料が無い（taxon_key自体が無い）
gbif_kanagawa_occurrences__4856663508,gbif_kanagawa_occurrences,,,,,,scientific_name等の分類群情報が空欄で照合材料が無い（taxon_key自体が無い）
gbif_kanagawa_occurrences__4856663756,gbif_kanagawa_occurrences,,,,,,scientific_name等の分類群情報が空欄で照合材料が無い（taxon_key自体が無い）
gbif_kanagawa_occurrences__4856671135,gbif_kanagawa_occurrences,,,,,,scientific_name等の分類群情報が空欄で照合材料が無い（taxon_key自体が無い）
gbif_kanagawa_occurrences__4856671139,gbif_kanagawa_occurrences,,,,,,scientific_name等の分類群情報が空欄で照合材料が無い（taxon_key自体が無い）
gbif_kanagawa_occurrences__4856679586,gbif_kanagawa_occurrences,,,,,,scientific_name等の分類群情報が空欄で照合材料が無い（taxon_key自体が無い）
gbif_kanagawa_occurrences__4856691558,gbif_kanagawa_occurrences,,,,,,scientific_name等の分類群情報が空欄で照合材料が無い（taxon_key自体が無い）
gbif_kanagawa_occurrences__4856701639,gbif_kanagawa_occurrences,,,,,,scientific_name等の分類群情報が空欄で照合材料が無い（taxon_key自体が無い）
gbif_kanagawa_occurrences__4856701660,gbif_kanagawa_occurrences,,,,,,scientific_name等の分類群情報が空欄で照合材料が無い（taxon_key自体が無い）
gbif_kanagawa_occurrences__4856710450,gbif_kanagawa_occurrences,,,,,,scientific_name等の分類群情報が空欄で照合材料が無い（taxon_key自体が無い）
gbif_kanagawa_occurrences__4856721024,gbif_kanagawa_occurrences,,,,,,scientific_name等の分類群情報が空欄で照合材料が無い（taxon_key自体が無い）
gbif_kanagawa_occurrences__4856755838,gbif_kanagawa_occurrences,,,,,,scientific_name等の分類群情報が空欄で照合材料が無い（taxon_key自体が無い）
gbif_kanagawa_occurrences__4856779796,gbif_kanagawa_occurrences,,,,,,scientific_name等の分類群情報が空欄で照合材料が無い（taxon_key自体が無い）
gbif_kanagawa_occurrences__4995834151,gbif_kanagawa_occurrences,,1884-01-01,,,,scientific_name等の分類群情報が空欄で照合材料が無い（taxon_key自体が無い）
gbif_kanagawa_occurrences__4995851349,gbif_kanagawa_occurrences,,1884-01-01,,,,scientific_name等の分類群情報が空欄で照合材料が無い（taxon_key自体が無い）
gbif_kanagawa_occurrences__4995854129,gbif_kanagawa_occurrences,,1884-01-01,,,,scientific_name等の分類群情報が空欄で照合材料が無い（taxon_key自体が無い）
gbif_kanagawa_occurrences__4995854132,gbif_kanagawa_occurrences,,1884-01-01,,,,scientific_name等の分類群情報が空欄で照合材料が無い（taxon_key自体が無い）
gbif_kanagawa_occurrences__4995854133,gbif_kanagawa_occurrences,,1884-01-01,,,,scientific_name等の分類群情報が空欄で照合材料が無い（taxon_key自体が無い）
gbif_kanagawa_occurrences__4995854134,gbif_kanagawa_occurrences,,1884-01-01,,,,scientific_name等の分類群情報が空欄で照合材料が無い（taxon_key自体が無い）
gbif_kanagawa_occurrences__4995858893,gbif_kanagawa_occurrences,,1884-01-01,,,,scientific_name等の分類群情報が空欄で照合材料が無い（taxon_key自体が無い）
gbif_kanagawa_occurrences__4995858894,gbif_kanagawa_occurrences,,1884-01-01,,,,scientific_name等の分類群情報が空欄で照合材料が無い（taxon_key自体が無い）
gbif_kanagawa_occurrences__4995858896,gbif_kanagawa_occurrences,,1884-01-01,,,,scientific_name等の分類群情報が空欄で照合材料が無い（taxon_key自体が無い）
gbif_kanagawa_occurrences__4995858897,gbif_kanagawa_occurrences,,1884-01-01,,,,scientific_name等の分類群情報が空欄で照合材料が無い（taxon_key自体が無い）
gbif_kanagawa_occurrences__4995858898,gbif_kanagawa_occurrences,,1884-01-01,,,,scientific_name等の分類群情報が空欄で照合材料が無い（taxon_key自体が無い）
gbif_kanagawa_occurrences__4995858899,gbif_kanagawa_occurrences,,1884-01-01,,,,scientific_name等の分類群情報が空欄で照合材料が無い（taxon_key自体が無い）
gbif_kanagawa_occurrences__4995921835,gbif_kanagawa_occurrences,,1884-01-01,,,,scientific_name等の分類群情報が空欄で照合材料が無い（taxon_key自体が無い）
gbif_kanagawa_occurrences__4995941179,gbif_kanagawa_occurrences,,1884-01-01,,,,scientific_name等の分類群情報が空欄で照合材料が無い（taxon_key自体が無い）
gbif_kanagawa_occurrences__4995941181,gbif_kanagawa_occurrences,,1884-01-01,,,,scientific_name等の分類群情報が空欄で照合材料が無い（taxon_key自体が無い）
gbif_kanagawa_occurrences__4995941184,gbif_kanagawa_occurrences,,1884-01-01,,,,scientific_name等の分類群情報が空欄で照合材料が無い（taxon_key自体が無い）
gbif_kanagawa_occurrences__4995941186,gbif_kanagawa_occurrences,,1884-01-01,,,,scientific_name等の分類群情報が空欄で照合材料が無い（taxon_key自体が無い）
gbif_kanagawa_occurrences__4995941188,gbif_kanagawa_occurrences,,1884-01-01,,,,scientific_name等の分類群情報が空欄で照合材料が無い（taxon_key自体が無い）
gbif_kanagawa_occurrences__4995941189,gbif_kanagawa_occurrences,,1884-01-01,,,,scientific_name等の分類群情報が空欄で照合材料が無い（taxon_key自体が無い）
gbif_kanagawa_occurrences__4995941190,gbif_kanagawa_occurrences,,1884-01-01,,,,scientific_name等の分類群情報が空欄で照合材料が無い（taxon_key自体が無い）
gbif_kanagawa_occurrences__4995953925,gbif_kanagawa_occurrences,,1884-01-01,,,,scientific_name等の分類群情報が空欄で照合材料が無い（taxon_key自体が無い）
gbif_kanagawa_occurrences__4995953930,gbif_kanagawa_occurrences,,1884-01-01,,,,scientific_name等の分類群情報が空欄で照合材料が無い（taxon_key自体が無い）
gbif_kanagawa_occurrences__4995953932,gbif_kanagawa_occurrences,,1884-01-01,,,,scientific_name等の分類群情報が空欄で照合材料が無い（taxon_key自体が無い）
gbif_kanagawa_occurrences__4995953933,gbif_kanagawa_occurrences,,1884-01-01,,,,scientific_name等の分類群情報が空欄で照合材料が無い（taxon_key自体が無い）
gbif_kanagawa_occurrences__4995953934,gbif_kanagawa_occurrences,,1884-01-01,,,,scientific_name等の分類群情報が空欄で照合材料が無い（taxon_key自体が無い）
gbif_kanagawa_occurrences__4995953935,gbif_kanagawa_occurrences,,1884-01-01,,,,scientific_name等の分類群情報が空欄で照合材料が無い（taxon_key自体が無い）
gbif_kanagawa_occurrences__4995953936,gbif_kanagawa_occurrences,,1884-01-01,,,,scientific_name等の分類群情報が空欄で照合材料が無い（taxon_key自体が無い）
gbif_kanagawa_occurrences__4995953937,gbif_kanagawa_occurrences,,1884-01-01,,,,scientific_name等の分類群情報が空欄で照合材料が無い（taxon_key自体が無い）
gbif_kanagawa_occurrences__5172055307,gbif_kanagawa_occurrences,,1918-08-07,,,,scientific_name等の分類群情報が空欄で照合材料が無い（taxon_key自体が無い）
gbif_kanagawa_occurrences__5196279775,gbif_kanagawa_occurrences,,1966-09-25,,,,scientific_name等の分類群情報が空欄で照合材料が無い（taxon_key自体が無い）
gbif_kanagawa_occurrences__5196279777,gbif_kanagawa_occurrences,,1966-09-25,,,,scientific_name等の分類群情報が空欄で照合材料が無い（taxon_key自体が無い）
gbif_kanagawa_occurrences__5858377191,gbif_kanagawa_occurrences,,2025-06-17T11:30Z,,,,scientific_name等の分類群情報が空欄で照合材料が無い（taxon_key自体が無い）
gbif_kanagawa_occurrences__5858377363,gbif_kanagawa_occurrences,,2025-06-18T15:24Z,,,,scientific_name等の分類群情報が空欄で照合材料が無い（taxon_key自体が無い）
gbif_kanagawa_occurrences__5858381135,gbif_kanagawa_occurrences,,2025-06-18T15:23Z,,,,scientific_name等の分類群情報が空欄で照合材料が無い（taxon_key自体が無い）
gbif_kanagawa_occurrences__5858382327,gbif_kanagawa_occurrences,,2025-06-18T15:05Z,,,,scientific_name等の分類群情報が空欄で照合材料が無い（taxon_key自体が無い）
gbif_kanagawa_occurrences__5858382464,gbif_kanagawa_occurrences,,2025-06-13T15:31Z,,,,scientific_name等の分類群情報が空欄で照合材料が無い（taxon_key自体が無い）
gbif_kanagawa_occurrences__5858382883,gbif_kanagawa_occurrences,,2025-06-17T12:07Z,,,,scientific_name等の分類群情報が空欄で照合材料が無い（taxon_key自体が無い）
gbif_kanagawa_occurrences__5858384355,gbif_kanagawa_occurrences,,2025-06-18T15:21Z,,,,scientific_name等の分類群情報が空欄で照合材料が無い（taxon_key自体が無い）
gbif_kanagawa_occurrences__5858384884,gbif_kanagawa_occurrences,,2025-06-18T15:04Z,,,,scientific_name等の分類群情報が空欄で照合材料が無い（taxon_key自体が無い）
gbif_kanagawa_occurrences__5858385764,gbif_kanagawa_occurrences,,2025-06-19T21:07Z,,,,scientific_name等の分類群情報が空欄で照合材料が無い（taxon_key自体が無い）
gbif_kanagawa_occurrences__6188702797,gbif_kanagawa_occurrences,,2020-02-01,,,,scientific_name等の分類群情報が空欄で照合材料が無い（taxon_key自体が無い）
gbif_kanagawa_occurrences__6188712530,gbif_kanagawa_occurrences,,2020-02-01,,,,scientific_name等の分類群情報が空欄で照合材料が無い（taxon_key自体が無い）
gbif_kanagawa_occurrences__6188786056,gbif_kanagawa_occurrences,,2020-01-21,,,,scientific_name等の分類群情報が空欄で照合材料が無い（taxon_key自体が無い）
gbif_kanagawa_occurrences__6188787046,gbif_kanagawa_occurrences,,2020-02-01,,,,scientific_name等の分類群情報が空欄で照合材料が無い（taxon_key自体が無い）
gbif_kanagawa_occurrences__6188822670,gbif_kanagawa_occurrences,,2020-07-15,,,,scientific_name等の分類群情報が空欄で照合材料が無い（taxon_key自体が無い）
gbif_kanagawa_occurrences__6188822977,gbif_kanagawa_occurrences,,2020-01-21,,,,scientific_name等の分類群情報が空欄で照合材料が無い（taxon_key自体が無い）
gbif_kanagawa_occurrences__6188825593,gbif_kanagawa_occurrences,,2022-08-02,,,,scientific_name等の分類群情報が空欄で照合材料が無い（taxon_key自体が無い）
gbif_kanagawa_occurrences__6188827272,gbif_kanagawa_occurrences,,2022-08-02,,,,scientific_name等の分類群情報が空欄で照合材料が無い（taxon_key自体が無い）
gbif_kanagawa_occurrences__6188842173,gbif_kanagawa_occurrences,,2020-07-15,,,,scientific_name等の分類群情報が空欄で照合材料が無い（taxon_key自体が無い）
gbif_kanagawa_occurrences__6188879389,gbif_kanagawa_occurrences,,2021-08-02,,,,scientific_name等の分類群情報が空欄で照合材料が無い（taxon_key自体が無い）
gbif_kanagawa_occurrences__6188879732,gbif_kanagawa_occurrences,,2021-08-02,,,,scientific_name等の分類群情報が空欄で照合材料が無い（taxon_key自体が無い）
gbif_kanagawa_occurrences__6188883112,gbif_kanagawa_occurrences,,2022-08-02,,,,scientific_name等の分類群情報が空欄で照合材料が無い（taxon_key自体が無い）
gbif_kanagawa_occurrences__6188912065,gbif_kanagawa_occurrences,,2020-01-21,,,,scientific_name等の分類群情報が空欄で照合材料が無い（taxon_key自体が無い）
gbif_kanagawa_occurrences__6188928455,gbif_kanagawa_occurrences,,2020-05-13,,,,scientific_name等の分類群情報が空欄で照合材料が無い（taxon_key自体が無い）
gbif_kanagawa_occurrences__6188929820,gbif_kanagawa_occurrences,,2020-03-12,,,,scientific_name等の分類群情報が空欄で照合材料が無い（taxon_key自体が無い）
gbif_kanagawa_occurrences__6188935647,gbif_kanagawa_occurrences,,2021-08-02,,,,scientific_name等の分類群情報が空欄で照合材料が無い（taxon_key自体が無い）
gbif_kanagawa_occurrences__6188948676,gbif_kanagawa_occurrences,,2020-02-01,,,,scientific_name等の分類群情報が空欄で照合材料が無い（taxon_key自体が無い）
gbif_kanagawa_occurrences__6188963245,gbif_kanagawa_occurrences,,2021-08-02,,,,scientific_name等の分類群情報が空欄で照合材料が無い（taxon_key自体が無い）
gbif_kanagawa_occurrences__6188976029,gbif_kanagawa_occurrences,,2020-07-15,,,,scientific_name等の分類群情報が空欄で照合材料が無い（taxon_key自体が無い）
gbif_kanagawa_occurrences__6188986891,gbif_kanagawa_occurrences,,2021-08-02,,,,scientific_name等の分類群情報が空欄で照合材料が無い（taxon_key自体が無い）
gbif_kanagawa_occurrences__6188999363,gbif_kanagawa_occurrences,,2020-07-15,,,,scientific_name等の分類群情報が空欄で照合材料が無い（taxon_key自体が無い）
gbif_kanagawa_occurrences__6189011177,gbif_kanagawa_occurrences,,2021-08-02,,,,scientific_name等の分類群情報が空欄で照合材料が無い（taxon_key自体が無い）
gbif_kanagawa_occurrences__6189020726,gbif_kanagawa_occurrences,,2022-08-02,,,,scientific_name等の分類群情報が空欄で照合材料が無い（taxon_key自体が無い）
gbif_kanagawa_occurrences__6189029500,gbif_kanagawa_occurrences,,2021-08-02,,,,scientific_name等の分類群情報が空欄で照合材料が無い（taxon_key自体が無い）
gbif_kanagawa_occurrences__6189052738,gbif_kanagawa_occurrences,,2020-03-11,,,,scientific_name等の分類群情報が空欄で照合材料が無い（taxon_key自体が無い）
gbif_kanagawa_occurrences__6189065523,gbif_kanagawa_occurrences,,2020-05-13,,,,scientific_name等の分類群情報が空欄で照合材料が無い（taxon_key自体が無い）
gbif_kanagawa_occurrences__6189072915,gbif_kanagawa_occurrences,,2020-05-13,,,,scientific_name等の分類群情報が空欄で照合材料が無い（taxon_key自体が無い）
gbif_kanagawa_occurrences__6189077289,gbif_kanagawa_occurrences,,2020-03-11,,,,scientific_name等の分類群情報が空欄で照合材料が無い（taxon_key自体が無い）
gbif_kanagawa_occurrences__6189280251,gbif_kanagawa_occurrences,,2012-10-26,,,,scientific_name等の分類群情報が空欄で照合材料が無い（taxon_key自体が無い）
gbif_kanagawa_occurrences__6189360072,gbif_kanagawa_occurrences,,2012-10-26,,,,scientific_name等の分類群情報が空欄で照合材料が無い（taxon_key自体が無い）
gbif_kanagawa_occurrences__6189544190,gbif_kanagawa_occurrences,,2012-10-26,,,,scientific_name等の分類群情報が空欄で照合材料が無い（taxon_key自体が無い）
gbif_kanagawa_occurrences__6190401591,gbif_kanagawa_occurrences,,2024-04-01,,,,scientific_name等の分類群情報が空欄で照合材料が無い（taxon_key自体が無い）
gbif_kanagawa_occurrences__6271993270,gbif_kanagawa_occurrences,,2019-08-19,,,,scientific_name等の分類群情報が空欄で照合材料が無い（taxon_key自体が無い）
gbif_kanagawa_occurrences__6289806647,gbif_kanagawa_occurrences,,2023-12-02T10:06:12,,,,scientific_name等の分類群情報が空欄で照合材料が無い（taxon_key自体が無い）
gbif_kanagawa_occurrences__6289817044,gbif_kanagawa_occurrences,,2021-01-30T12:04:18,,,,scientific_name等の分類群情報が空欄で照合材料が無い（taxon_key自体が無い）
gbif_kanagawa_occurrences__6289829972,gbif_kanagawa_occurrences,,2018-05-24T14:04:43,,コハナイバラウミウシ,,scientific_name等の分類群情報が空欄で照合材料が無い（taxon_key自体が無い）
gbif_kanagawa_occurrences__6289831010,gbif_kanagawa_occurrences,,2017-09-27T09:50:10,,コガネミノウミウシ,,scientific_name等の分類群情報が空欄で照合材料が無い（taxon_key自体が無い）
gbif_kanagawa_occurrences__6289836347,gbif_kanagawa_occurrences,,2023-11-11T11:11:08,,,,scientific_name等の分類群情報が空欄で照合材料が無い（taxon_key自体が無い）
gbif_kanagawa_occurrences__6289836365,gbif_kanagawa_occurrences,,2019-05-18T09:03:54,,コガネミノウミウシ,,scientific_name等の分類群情報が空欄で照合材料が無い（taxon_key自体が無い）
gbif_kanagawa_occurrences__6289841192,gbif_kanagawa_occurrences,,2019-05-18T08:59:51,,コガネミノウミウシ,,scientific_name等の分類群情報が空欄で照合材料が無い（taxon_key自体が無い）
gbif_kanagawa_occurrences__6289847309,gbif_kanagawa_occurrences,,2013-01-30,,紐形動物門,,scientific_name等の分類群情報が空欄で照合材料が無い（taxon_key自体が無い）
gbif_kanagawa_occurrences__6289847379,gbif_kanagawa_occurrences,,1988-02-01,,ヨコエビ亜目,,scientific_name等の分類群情報が空欄で照合材料が無い（taxon_key自体が無い）
gbif_kanagawa_occurrences__6289847393,gbif_kanagawa_occurrences,,2017-07-25,,紐形動物門,,scientific_name等の分類群情報が空欄で照合材料が無い（taxon_key自体が無い）
gbif_kanagawa_occurrences__6289847710,gbif_kanagawa_occurrences,,2013-05-07,,長尾類,,scientific_name等の分類群情報が空欄で照合材料が無い（taxon_key自体が無い）
gbif_kanagawa_occurrences__6289847800,gbif_kanagawa_occurrences,,2013-05-07,,紐形動物門,,scientific_name等の分類群情報が空欄で照合材料が無い（taxon_key自体が無い）
gbif_kanagawa_occurrences__6289847858,gbif_kanagawa_occurrences,,2012-11-15,,紐形動物門,,scientific_name等の分類群情報が空欄で照合材料が無い（taxon_key自体が無い）
gbif_kanagawa_occurrences__6289848043,gbif_kanagawa_occurrences,,2012-11-15,,Paramesochirdae科,,scientific_name等の分類群情報が空欄で照合材料が無い（taxon_key自体が無い）
gbif_kanagawa_occurrences__6289848146,gbif_kanagawa_occurrences,,2000-07-28,,閉蛇尾目,,scientific_name等の分類群情報が空欄で照合材料が無い（taxon_key自体が無い）
gbif_kanagawa_occurrences__6289848213,gbif_kanagawa_occurrences,,2000-05-18,,ヨコエビ亜目,,scientific_name等の分類群情報が空欄で照合材料が無い（taxon_key自体が無い）
gbif_kanagawa_occurrences__6289848354,gbif_kanagawa_occurrences,,2017-07-28,,紐形動物門,,scientific_name等の分類群情報が空欄で照合材料が無い（taxon_key自体が無い）
gbif_kanagawa_occurrences__6289848468,gbif_kanagawa_occurrences,,2017-04-27,,有針綱,,scientific_name等の分類群情報が空欄で照合材料が無い（taxon_key自体が無い）
gbif_kanagawa_occurrences__6289848479,gbif_kanagawa_occurrences,,2013-07-22,,紐形動物門,,scientific_name等の分類群情報が空欄で照合材料が無い（taxon_key自体が無い）
gbif_kanagawa_occurrences__6289848655,gbif_kanagawa_occurrences,,2012-11-13,,貧毛綱,,scientific_name等の分類群情報が空欄で照合材料が無い（taxon_key自体が無い）
gbif_kanagawa_occurrences__6289848665,gbif_kanagawa_occurrences,,2013-05-14,,長尾類,,scientific_name等の分類群情報が空欄で照合材料が無い（taxon_key自体が無い）
gbif_kanagawa_occurrences__6289848939,gbif_kanagawa_occurrences,,1994-11-05,,ミノウミウシ亜目,,scientific_name等の分類群情報が空欄で照合材料が無い（taxon_key自体が無い）
gbif_kanagawa_occurrences__6289849187,gbif_kanagawa_occurrences,,2017-04-26,,紐形動物門,,scientific_name等の分類群情報が空欄で照合材料が無い（taxon_key自体が無い）
gbif_kanagawa_occurrences__6289849276,gbif_kanagawa_occurrences,,2006-09-10,,紐形動物門,,scientific_name等の分類群情報が空欄で照合材料が無い（taxon_key自体が無い）
gbif_kanagawa_occurrences__6289849335,gbif_kanagawa_occurrences,,1987-10-26,,ヨコエビ亜目,,scientific_name等の分類群情報が空欄で照合材料が無い（taxon_key自体が無い）
gbif_kanagawa_occurrences__6289849419,gbif_kanagawa_occurrences,,2000-07-30,,ヨコエビ亜目,,scientific_name等の分類群情報が空欄で照合材料が無い（taxon_key自体が無い）
gbif_kanagawa_occurrences__6289849815,gbif_kanagawa_occurrences,,2013-05-07,,長尾類,,scientific_name等の分類群情報が空欄で照合材料が無い（taxon_key自体が無い）
gbif_kanagawa_occurrences__6289850339,gbif_kanagawa_occurrences,,2012-11-15,,紐形動物門,,scientific_name等の分類群情報が空欄で照合材料が無い（taxon_key自体が無い）
gbif_kanagawa_occurrences__6289850393,gbif_kanagawa_occurrences,,1998-05-30,,閉蛇尾目,,scientific_name等の分類群情報が空欄で照合材料が無い（taxon_key自体が無い）
gbif_kanagawa_occurrences__6289850514,gbif_kanagawa_occurrences,,2012-11-15,,貧毛綱,,scientific_name等の分類群情報が空欄で照合材料が無い（taxon_key自体が無い）
gbif_kanagawa_occurrences__6289850744,gbif_kanagawa_occurrences,,2013-05-14,,Terebellinae亜科,,scientific_name等の分類群情報が空欄で照合材料が無い（taxon_key自体が無い）
gbif_kanagawa_occurrences__6289851415,gbif_kanagawa_occurrences,,2000-05-21,,ヨコエビ亜目,,scientific_name等の分類群情報が空欄で照合材料が無い（taxon_key自体が無い）
gbif_kanagawa_occurrences__6289851429,gbif_kanagawa_occurrences,,2012-11-15,,貧毛綱,,scientific_name等の分類群情報が空欄で照合材料が無い（taxon_key自体が無い）
gbif_kanagawa_occurrences__6289851494,gbif_kanagawa_occurrences,,2013-05-14,,Terebellinae亜科,,scientific_name等の分類群情報が空欄で照合材料が無い（taxon_key自体が無い）
gbif_kanagawa_occurrences__6289851754,gbif_kanagawa_occurrences,,2013-05-09,,貧毛綱,,scientific_name等の分類群情報が空欄で照合材料が無い（taxon_key自体が無い）
gbif_kanagawa_occurrences__6289852545,gbif_kanagawa_occurrences,,2013-07-22,,紐形動物門,,scientific_name等の分類群情報が空欄で照合材料が無い（taxon_key自体が無い）
gbif_kanagawa_occurrences__6289852548,gbif_kanagawa_occurrences,,2013-01-30,,貧毛綱,,scientific_name等の分類群情報が空欄で照合材料が無い（taxon_key自体が無い）
gbif_kanagawa_occurrences__6289852593,gbif_kanagawa_occurrences,,2017-07-27,,閉蛇尾目,,scientific_name等の分類群情報が空欄で照合材料が無い（taxon_key自体が無い）
gbif_kanagawa_occurrences__6289852699,gbif_kanagawa_occurrences,,2012-11-15,,Paramesochirdae科,,scientific_name等の分類群情報が空欄で照合材料が無い（taxon_key自体が無い）
gbif_kanagawa_occurrences__6289852865,gbif_kanagawa_occurrences,,2016-10-21,,紐形動物門,,scientific_name等の分類群情報が空欄で照合材料が無い（taxon_key自体が無い）
gbif_kanagawa_occurrences__6289852929,gbif_kanagawa_occurrences,,1994-11-05,,ミノウミウシ亜目,,scientific_name等の分類群情報が空欄で照合材料が無い（taxon_key自体が無い）
gbif_kanagawa_occurrences__6289853384,gbif_kanagawa_occurrences,,2017-07-27,,紐形動物門,,scientific_name等の分類群情報が空欄で照合材料が無い（taxon_key自体が無い）
gbif_kanagawa_occurrences__6289853604,gbif_kanagawa_occurrences,,2013-01-30,,紐形動物門,,scientific_name等の分類群情報が空欄で照合材料が無い（taxon_key自体が無い）
gbif_kanagawa_occurrences__6289853943,gbif_kanagawa_occurrences,,2013-07-22,,貧毛綱,,scientific_name等の分類群情報が空欄で照合材料が無い（taxon_key自体が無い）
gbif_kanagawa_occurrences__6289854258,gbif_kanagawa_occurrences,,2000-05-18,,ヨコエビ亜目,,scientific_name等の分類群情報が空欄で照合材料が無い（taxon_key自体が無い）
gbif_kanagawa_occurrences__6289854512,gbif_kanagawa_occurrences,,2013-01-30,,紐形動物門,,scientific_name等の分類群情報が空欄で照合材料が無い（taxon_key自体が無い）
gbif_kanagawa_occurrences__6289854514,gbif_kanagawa_occurrences,,2012-11-15,,紐形動物門,,scientific_name等の分類群情報が空欄で照合材料が無い（taxon_key自体が無い）
gbif_kanagawa_occurrences__6289854571,gbif_kanagawa_occurrences,,2017-07-27,,紐形動物門,,scientific_name等の分類群情報が空欄で照合材料が無い（taxon_key自体が無い）
gbif_kanagawa_occurrences__6289854905,gbif_kanagawa_occurrences,,2017-07-25,,貧毛綱,,scientific_name等の分類群情報が空欄で照合材料が無い（taxon_key自体が無い）
gbif_kanagawa_occurrences__6289855103,gbif_kanagawa_occurrences,,2013-05-07,,貧毛綱,,scientific_name等の分類群情報が空欄で照合材料が無い（taxon_key自体が無い）
gbif_kanagawa_occurrences__6289855141,gbif_kanagawa_occurrences,,2013-01-30,,閉蛇尾目,,scientific_name等の分類群情報が空欄で照合材料が無い（taxon_key自体が無い）
gbif_kanagawa_occurrences__6289855570,gbif_kanagawa_occurrences,,2016-10-20,,紐形動物門,,scientific_name等の分類群情報が空欄で照合材料が無い（taxon_key自体が無い）
gbif_kanagawa_occurrences__6289855618,gbif_kanagawa_occurrences,,2012-11-15,,紐形動物門,,scientific_name等の分類群情報が空欄で照合材料が無い（taxon_key自体が無い）
gbif_kanagawa_occurrences__6289855866,gbif_kanagawa_occurrences,,2017-04-27,,閉蛇尾目,,scientific_name等の分類群情報が空欄で照合材料が無い（taxon_key自体が無い）
gbif_kanagawa_occurrences__6289855989,gbif_kanagawa_occurrences,,2017-07-27,,紐形動物門,,scientific_name等の分類群情報が空欄で照合材料が無い（taxon_key自体が無い）
gbif_kanagawa_occurrences__6289856018,gbif_kanagawa_occurrences,,2012-11-15,,紐形動物門,,scientific_name等の分類群情報が空欄で照合材料が無い（taxon_key自体が無い）
gbif_kanagawa_occurrences__6289856222,gbif_kanagawa_occurrences,,2013-05-09,,紐形動物門,,scientific_name等の分類群情報が空欄で照合材料が無い（taxon_key自体が無い）
gbif_kanagawa_occurrences__6289856296,gbif_kanagawa_occurrences,,2013-07-22,,Terebellinae亜科,,scientific_name等の分類群情報が空欄で照合材料が無い（taxon_key自体が無い）
gbif_kanagawa_occurrences__6289856672,gbif_kanagawa_occurrences,,2006-05-27,,紐形動物門,,scientific_name等の分類群情報が空欄で照合材料が無い（taxon_key自体が無い）
gbif_kanagawa_occurrences__6289856877,gbif_kanagawa_occurrences,,2000-11-24,,閉蛇尾目,,scientific_name等の分類群情報が空欄で照合材料が無い（taxon_key自体が無い）
gbif_kanagawa_occurrences__6289856911,gbif_kanagawa_occurrences,,2013-01-30,,紐形動物門,,scientific_name等の分類群情報が空欄で照合材料が無い（taxon_key自体が無い）
gbif_kanagawa_occurrences__6289857293,gbif_kanagawa_occurrences,,2000-07-30,,閉蛇尾目,,scientific_name等の分類群情報が空欄で照合材料が無い（taxon_key自体が無い）
gbif_kanagawa_occurrences__6289857313,gbif_kanagawa_occurrences,,2021-04-28,,紐形動物門,,scientific_name等の分類群情報が空欄で照合材料が無い（taxon_key自体が無い）
gbif_kanagawa_occurrences__6289857392,gbif_kanagawa_occurrences,,2001-02-11,,閉蛇尾目,,scientific_name等の分類群情報が空欄で照合材料が無い（taxon_key自体が無い）
gbif_kanagawa_occurrences__6289857590,gbif_kanagawa_occurrences,,2020-10-20,,無針綱,,scientific_name等の分類群情報が空欄で照合材料が無い（taxon_key自体が無い）
gbif_kanagawa_occurrences__6289857683,gbif_kanagawa_occurrences,,1998-05-29,,閉蛇尾目,,scientific_name等の分類群情報が空欄で照合材料が無い（taxon_key自体が無い）
gbif_kanagawa_occurrences__6289857715,gbif_kanagawa_occurrences,,2017-04-25,,紐形動物門,,scientific_name等の分類群情報が空欄で照合材料が無い（taxon_key自体が無い）
gbif_kanagawa_occurrences__6289858057,gbif_kanagawa_occurrences,,2013-01-30,,貧毛綱,,scientific_name等の分類群情報が空欄で照合材料が無い（taxon_key自体が無い）
gbif_kanagawa_occurrences__6289858059,gbif_kanagawa_occurrences,,2017-07-28,,Dodecaceriinae亜科,,scientific_name等の分類群情報が空欄で照合材料が無い（taxon_key自体が無い）
gbif_kanagawa_occurrences__6289858063,gbif_kanagawa_occurrences,,2013-01-30,,貧毛綱,,scientific_name等の分類群情報が空欄で照合材料が無い（taxon_key自体が無い）
gbif_kanagawa_occurrences__6289858082,gbif_kanagawa_occurrences,,2000-07-30,,閉蛇尾目,,scientific_name等の分類群情報が空欄で照合材料が無い（taxon_key自体が無い）
gbif_kanagawa_occurrences__6289858272,gbif_kanagawa_occurrences,,2012-11-15,,紐形動物門,,scientific_name等の分類群情報が空欄で照合材料が無い（taxon_key自体が無い）
gbif_kanagawa_occurrences__6289858288,gbif_kanagawa_occurrences,,2020-10-20,,無針綱,,scientific_name等の分類群情報が空欄で照合材料が無い（taxon_key自体が無い）
gbif_kanagawa_occurrences__6289858472,gbif_kanagawa_occurrences,,2000-05-21,,閉蛇尾目,,scientific_name等の分類群情報が空欄で照合材料が無い（taxon_key自体が無い）
gbif_kanagawa_occurrences__6289858656,gbif_kanagawa_occurrences,,2013-01-28,,貧毛綱,,scientific_name等の分類群情報が空欄で照合材料が無い（taxon_key自体が無い）
gbif_kanagawa_occurrences__6289858686,gbif_kanagawa_occurrences,,2016-10-18,,有針綱,,scientific_name等の分類群情報が空欄で照合材料が無い（taxon_key自体が無い）
gbif_kanagawa_occurrences__6289858698,gbif_kanagawa_occurrences,,2013-07-22,,紐形動物門,,scientific_name等の分類群情報が空欄で照合材料が無い（taxon_key自体が無い）
gbif_kanagawa_occurrences__6289858717,gbif_kanagawa_occurrences,,2013-07-22,,紐形動物門,,scientific_name等の分類群情報が空欄で照合材料が無い（taxon_key自体が無い）
gbif_kanagawa_occurrences__6289858829,gbif_kanagawa_occurrences,,2000-11-25,,閉蛇尾目,,scientific_name等の分類群情報が空欄で照合材料が無い（taxon_key自体が無い）
gbif_kanagawa_occurrences__6289858975,gbif_kanagawa_occurrences,,2021-07-29,,有針綱,,scientific_name等の分類群情報が空欄で照合材料が無い（taxon_key自体が無い）
gbif_kanagawa_occurrences__6289859194,gbif_kanagawa_occurrences,,2016-10-18,,無針綱,,scientific_name等の分類群情報が空欄で照合材料が無い（taxon_key自体が無い）
gbif_kanagawa_occurrences__6289859321,gbif_kanagawa_occurrences,,2020-10-22,,無針綱,,scientific_name等の分類群情報が空欄で照合材料が無い（taxon_key自体が無い）
gbif_kanagawa_occurrences__6289859324,gbif_kanagawa_occurrences,,2021-05-10,,有針綱,,scientific_name等の分類群情報が空欄で照合材料が無い（taxon_key自体が無い）
gbif_kanagawa_occurrences__6289859325,gbif_kanagawa_occurrences,,2021-07-30,,紐形動物門,,scientific_name等の分類群情報が空欄で照合材料が無い（taxon_key自体が無い）
gbif_kanagawa_occurrences__6289859645,gbif_kanagawa_occurrences,,2021-04-28,,ハナギンチャク目,,scientific_name等の分類群情報が空欄で照合材料が無い（taxon_key自体が無い）
gbif_kanagawa_occurrences__6289860353,gbif_kanagawa_occurrences,,2017-04-27,,有針綱,,scientific_name等の分類群情報が空欄で照合材料が無い（taxon_key自体が無い）
gbif_kanagawa_occurrences__6289860400,gbif_kanagawa_occurrences,,2013-05-14,,紐形動物門,,scientific_name等の分類群情報が空欄で照合材料が無い（taxon_key自体が無い）
gbif_kanagawa_occurrences__6289860426,gbif_kanagawa_occurrences,,2012-11-15,,Terebellinae亜科,,scientific_name等の分類群情報が空欄で照合材料が無い（taxon_key自体が無い）
gbif_kanagawa_occurrences__6289861302,gbif_kanagawa_occurrences,,2012-11-13,,紐形動物門,,scientific_name等の分類群情報が空欄で照合材料が無い（taxon_key自体が無い）
gbif_kanagawa_occurrences__6289861362,gbif_kanagawa_occurrences,,2021-05-10,,無針綱,,scientific_name等の分類群情報が空欄で照合材料が無い（taxon_key自体が無い）
gbif_kanagawa_occurrences__6289861506,gbif_kanagawa_occurrences,,2001-01-29,,閉蛇尾目,,scientific_name等の分類群情報が空欄で照合材料が無い（taxon_key自体が無い）
gbif_kanagawa_occurrences__6289861605,gbif_kanagawa_occurrences,,2013-07-23,,貧毛綱,,scientific_name等の分類群情報が空欄で照合材料が無い（taxon_key自体が無い）
gbif_kanagawa_occurrences__6289861662,gbif_kanagawa_occurrences,,2013-05-07,,紐形動物門,,scientific_name等の分類群情報が空欄で照合材料が無い（taxon_key自体が無い）
gbif_kanagawa_occurrences__6289861669,gbif_kanagawa_occurrences,,2013-05-14,,紐形動物門,,scientific_name等の分類群情報が空欄で照合材料が無い（taxon_key自体が無い）
gbif_kanagawa_occurrences__6289862367,gbif_kanagawa_occurrences,,2013-07-22,,紐形動物門,,scientific_name等の分類群情報が空欄で照合材料が無い（taxon_key自体が無い）
gbif_kanagawa_occurrences__6289862393,gbif_kanagawa_occurrences,,2017-04-26,,貧毛綱,,scientific_name等の分類群情報が空欄で照合材料が無い（taxon_key自体が無い）
gbif_kanagawa_occurrences__6289863597,gbif_kanagawa_occurrences,,2013-05-14,,紐形動物門,,scientific_name等の分類群情報が空欄で照合材料が無い（taxon_key自体が無い）
gbif_kanagawa_occurrences__6289863721,gbif_kanagawa_occurrences,,2017-04-27,,貧毛綱,,scientific_name等の分類群情報が空欄で照合材料が無い（taxon_key自体が無い）
gbif_kanagawa_occurrences__6289864440,gbif_kanagawa_occurrences,,2021-04-27,,紐形動物門,,scientific_name等の分類群情報が空欄で照合材料が無い（taxon_key自体が無い）
gbif_kanagawa_occurrences__6289864507,gbif_kanagawa_occurrences,,2013-07-23,,紐形動物門,,scientific_name等の分類群情報が空欄で照合材料が無い（taxon_key自体が無い）
gbif_kanagawa_occurrences__6289864532,gbif_kanagawa_occurrences,,2013-05-07,,紐形動物門,,scientific_name等の分類群情報が空欄で照合材料が無い（taxon_key自体が無い）
gbif_kanagawa_occurrences__6289864548,gbif_kanagawa_occurrences,,2013-07-22,,貧毛綱,,scientific_name等の分類群情報が空欄で照合材料が無い（taxon_key自体が無い）
gbif_kanagawa_occurrences__6289884317,gbif_kanagawa_occurrences,,1986-11-01,,,,scientific_name等の分類群情報が空欄で照合材料が無い（taxon_key自体が無い）
gbif_kanagawa_occurrences__6289891628,gbif_kanagawa_occurrences,,2021-04-28,,タワラガタシオミドロ,,scientific_name等の分類群情報が空欄で照合材料が無い（taxon_key自体が無い）
gbif_kanagawa_occurrences__6289893477,gbif_kanagawa_occurrences,,2017-04-27,,タワラガタシオミドロ,,scientific_name等の分類群情報が空欄で照合材料が無い（taxon_key自体が無い）
gbif_kanagawa_occurrences__6289894683,gbif_kanagawa_occurrences,,2017-02-10,,羽状目,,scientific_name等の分類群情報が空欄で照合材料が無い（taxon_key自体が無い）
gbif_kanagawa_occurrences__6433877037,gbif_kanagawa_occurrences,,2020-05-13,,,,scientific_name等の分類群情報が空欄で照合材料が無い（taxon_key自体が無い）
gbif_kanagawa_occurrences__863139565,gbif_kanagawa_occurrences,,1963,,,,scientific_name等の分類群情報が空欄で照合材料が無い（taxon_key自体が無い）
gbif_kanagawa_occurrences__863139579,gbif_kanagawa_occurrences,,1963,,,,scientific_name等の分類群情報が空欄で照合材料が無い（taxon_key自体が無い）
gbif_kanagawa_occurrences__863139581,gbif_kanagawa_occurrences,,1963,,,,scientific_name等の分類群情報が空欄で照合材料が無い（taxon_key自体が無い）
gbif_kanagawa_occurrences__863139594,gbif_kanagawa_occurrences,,1963,,,,scientific_name等の分類群情報が空欄で照合材料が無い（taxon_key自体が無い）
gbif_kanagawa_occurrences__863139601,gbif_kanagawa_occurrences,,1963,,,,scientific_name等の分類群情報が空欄で照合材料が無い（taxon_key自体が無い）
gbif_kanagawa_occurrences__98962,gbif_kanagawa_occurrences,,1914-04,,,,scientific_name等の分類群情報が空欄で照合材料が無い（taxon_key自体が無い）
gbif_kanagawa_occurrences__99066,gbif_kanagawa_occurrences,,1914-04,,,,scientific_name等の分類群情報が空欄で照合材料が無い（taxon_key自体が無い）
inaturalist_kanagawa__102751106,inaturalist_kanagawa,,2021-12-09,,,,scientific_name等の分類群情報が空欄で照合材料が無い（taxon_key自体が無い）
inaturalist_kanagawa__111611500,inaturalist_kanagawa,,2022-04-16,,,,scientific_name等の分類群情報が空欄で照合材料が無い（taxon_key自体が無い）
inaturalist_kanagawa__112222823,inaturalist_kanagawa,,2022-04-21,,,,scientific_name等の分類群情報が空欄で照合材料が無い（taxon_key自体が無い）
inaturalist_kanagawa__117942695,inaturalist_kanagawa,,2022-05-16,,,,scientific_name等の分類群情報が空欄で照合材料が無い（taxon_key自体が無い）
inaturalist_kanagawa__117967193,inaturalist_kanagawa,,2022-05-21,,,,scientific_name等の分類群情報が空欄で照合材料が無い（taxon_key自体が無い）
inaturalist_kanagawa__119387667,inaturalist_kanagawa,,2022-05-30,,,,scientific_name等の分類群情報が空欄で照合材料が無い（taxon_key自体が無い）
inaturalist_kanagawa__120299368,inaturalist_kanagawa,,,,,,scientific_name等の分類群情報が空欄で照合材料が無い（taxon_key自体が無い）
inaturalist_kanagawa__120299516,inaturalist_kanagawa,,,,,,scientific_name等の分類群情報が空欄で照合材料が無い（taxon_key自体が無い）
inaturalist_kanagawa__120753142,inaturalist_kanagawa,,2022-06-08,,,,scientific_name等の分類群情報が空欄で照合材料が無い（taxon_key自体が無い）
inaturalist_kanagawa__126636666,inaturalist_kanagawa,,2022-07-17,,,,scientific_name等の分類群情報が空欄で照合材料が無い（taxon_key自体が無い）
inaturalist_kanagawa__128256693,inaturalist_kanagawa,,2022-07-25,,,,scientific_name等の分類群情報が空欄で照合材料が無い（taxon_key自体が無い）
inaturalist_kanagawa__135201330,inaturalist_kanagawa,,2022-09-16,,,,scientific_name等の分類群情報が空欄で照合材料が無い（taxon_key自体が無い）
inaturalist_kanagawa__136913235,inaturalist_kanagawa,,2022-09-29,,,,scientific_name等の分類群情報が空欄で照合材料が無い（taxon_key自体が無い）
inaturalist_kanagawa__14095378,inaturalist_kanagawa,,2018-07-06,,,,scientific_name等の分類群情報が空欄で照合材料が無い（taxon_key自体が無い）
inaturalist_kanagawa__145154027,inaturalist_kanagawa,,,,,,scientific_name等の分類群情報が空欄で照合材料が無い（taxon_key自体が無い）
inaturalist_kanagawa__15093113,inaturalist_kanagawa,,2018-08-04,,,,scientific_name等の分類群情報が空欄で照合材料が無い（taxon_key自体が無い）
inaturalist_kanagawa__153127020,inaturalist_kanagawa,,2023-04-02,,,,scientific_name等の分類群情報が空欄で照合材料が無い（taxon_key自体が無い）
inaturalist_kanagawa__153133990,inaturalist_kanagawa,,2023-04-02,,,,scientific_name等の分類群情報が空欄で照合材料が無い（taxon_key自体が無い）
inaturalist_kanagawa__153134040,inaturalist_kanagawa,,2023-04-02,,,,scientific_name等の分類群情報が空欄で照合材料が無い（taxon_key自体が無い）
inaturalist_kanagawa__154058597,inaturalist_kanagawa,,2023-04-09,,,,scientific_name等の分類群情報が空欄で照合材料が無い（taxon_key自体が無い）
inaturalist_kanagawa__155900626,inaturalist_kanagawa,,2023-04-20,,,,scientific_name等の分類群情報が空欄で照合材料が無い（taxon_key自体が無い）
inaturalist_kanagawa__158048678,inaturalist_kanagawa,,2023-04-28,,,,scientific_name等の分類群情報が空欄で照合材料が無い（taxon_key自体が無い）
inaturalist_kanagawa__15833469,inaturalist_kanagawa,,2018-08-24,,,,scientific_name等の分類群情報が空欄で照合材料が無い（taxon_key自体が無い）
inaturalist_kanagawa__160042685,inaturalist_kanagawa,,2023-05-05,,,,scientific_name等の分類群情報が空欄で照合材料が無い（taxon_key自体が無い）
inaturalist_kanagawa__161222743,inaturalist_kanagawa,,2023-05-12,,,,scientific_name等の分類群情報が空欄で照合材料が無い（taxon_key自体が無い）
inaturalist_kanagawa__161223162,inaturalist_kanagawa,,2023-05-12,,,,scientific_name等の分類群情報が空欄で照合材料が無い（taxon_key自体が無い）
inaturalist_kanagawa__162877043,inaturalist_kanagawa,,2023-05-21,,,,scientific_name等の分類群情報が空欄で照合材料が無い（taxon_key自体が無い）
inaturalist_kanagawa__164914939,inaturalist_kanagawa,,2023-06-01,,,,scientific_name等の分類群情報が空欄で照合材料が無い（taxon_key自体が無い）
inaturalist_kanagawa__166473698,inaturalist_kanagawa,,2023-06-10,,,,scientific_name等の分類群情報が空欄で照合材料が無い（taxon_key自体が無い）
inaturalist_kanagawa__167496226,inaturalist_kanagawa,,2023-06-15,,,,scientific_name等の分類群情報が空欄で照合材料が無い（taxon_key自体が無い）
inaturalist_kanagawa__168049182,inaturalist_kanagawa,,2023-06-18,,,,scientific_name等の分類群情報が空欄で照合材料が無い（taxon_key自体が無い）
inaturalist_kanagawa__17024337,inaturalist_kanagawa,,2018-09-29,,,,scientific_name等の分類群情報が空欄で照合材料が無い（taxon_key自体が無い）
inaturalist_kanagawa__17096481,inaturalist_kanagawa,,2018-10-01,,,,scientific_name等の分類群情報が空欄で照合材料が無い（taxon_key自体が無い）
inaturalist_kanagawa__17487283,inaturalist_kanagawa,,2018-10-14,,,,scientific_name等の分類群情報が空欄で照合材料が無い（taxon_key自体が無い）
inaturalist_kanagawa__17487296,inaturalist_kanagawa,,2018-10-14,,,,scientific_name等の分類群情報が空欄で照合材料が無い（taxon_key自体が無い）
inaturalist_kanagawa__185114929,inaturalist_kanagawa,,2023-09-27,,,,scientific_name等の分類群情報が空欄で照合材料が無い（taxon_key自体が無い）
inaturalist_kanagawa__186807750,inaturalist_kanagawa,,2023-10-09,,,,scientific_name等の分類群情報が空欄で照合材料が無い（taxon_key自体が無い）
inaturalist_kanagawa__19066057,inaturalist_kanagawa,,2018-12-17,,,,scientific_name等の分類群情報が空欄で照合材料が無い（taxon_key自体が無い）
inaturalist_kanagawa__19083843,inaturalist_kanagawa,,2018-12-18,,,,scientific_name等の分類群情報が空欄で照合材料が無い（taxon_key自体が無い）
inaturalist_kanagawa__19083878,inaturalist_kanagawa,,2018-12-18,,,,scientific_name等の分類群情報が空欄で照合材料が無い（taxon_key自体が無い）
inaturalist_kanagawa__191057012,inaturalist_kanagawa,,2023-11-15,,,,scientific_name等の分類群情報が空欄で照合材料が無い（taxon_key自体が無い）
inaturalist_kanagawa__19150450,inaturalist_kanagawa,,2018-12-22,,,,scientific_name等の分類群情報が空欄で照合材料が無い（taxon_key自体が無い）
inaturalist_kanagawa__192425772,inaturalist_kanagawa,,2023-11-28,,,,scientific_name等の分類群情報が空欄で照合材料が無い（taxon_key自体が無い）
inaturalist_kanagawa__200472612,inaturalist_kanagawa,,2024-02-26,,,,scientific_name等の分類群情報が空欄で照合材料が無い（taxon_key自体が無い）
inaturalist_kanagawa__202485648,inaturalist_kanagawa,,2024-03-15,,,,scientific_name等の分類群情報が空欄で照合材料が無い（taxon_key自体が無い）
inaturalist_kanagawa__204505312,inaturalist_kanagawa,,2024-03-30,,,,scientific_name等の分類群情報が空欄で照合材料が無い（taxon_key自体が無い）
inaturalist_kanagawa__204691058,inaturalist_kanagawa,,2024-03-31,,,,scientific_name等の分類群情報が空欄で照合材料が無い（taxon_key自体が無い）
inaturalist_kanagawa__206013460,inaturalist_kanagawa,,2024-04-08,,,,scientific_name等の分類群情報が空欄で照合材料が無い（taxon_key自体が無い）
inaturalist_kanagawa__207871031,inaturalist_kanagawa,,2024-04-17,,,,scientific_name等の分類群情報が空欄で照合材料が無い（taxon_key自体が無い）
inaturalist_kanagawa__208856584,inaturalist_kanagawa,,2024-04-23,,,,scientific_name等の分類群情報が空欄で照合材料が無い（taxon_key自体が無い）
inaturalist_kanagawa__209696985,inaturalist_kanagawa,,2023-03-02,,,,scientific_name等の分類群情報が空欄で照合材料が無い（taxon_key自体が無い）
inaturalist_kanagawa__21306470,inaturalist_kanagawa,,2019-03-17,,,,scientific_name等の分類群情報が空欄で照合材料が無い（taxon_key自体が無い）
inaturalist_kanagawa__21306713,inaturalist_kanagawa,,2019-03-17,,,,scientific_name等の分類群情報が空欄で照合材料が無い（taxon_key自体が無い）
inaturalist_kanagawa__21306929,inaturalist_kanagawa,,2019-03-17,,,,scientific_name等の分類群情報が空欄で照合材料が無い（taxon_key自体が無い）
inaturalist_kanagawa__214290665,inaturalist_kanagawa,,2024-05-08,,,,scientific_name等の分類群情報が空欄で照合材料が無い（taxon_key自体が無い）
inaturalist_kanagawa__216507835,inaturalist_kanagawa,,2024-05-18,,,,scientific_name等の分類群情報が空欄で照合材料が無い（taxon_key自体が無い）
inaturalist_kanagawa__217227087,inaturalist_kanagawa,,2024-05-21,,,,scientific_name等の分類群情報が空欄で照合材料が無い（taxon_key自体が無い）
inaturalist_kanagawa__22068568,inaturalist_kanagawa,,2019-04-06,,,,scientific_name等の分類群情報が空欄で照合材料が無い（taxon_key自体が無い）
inaturalist_kanagawa__22068591,inaturalist_kanagawa,,2019-04-06,,,,scientific_name等の分類群情報が空欄で照合材料が無い（taxon_key自体が無い）
inaturalist_kanagawa__221750742,inaturalist_kanagawa,,2024-06-10,,,,scientific_name等の分類群情報が空欄で照合材料が無い（taxon_key自体が無い）
inaturalist_kanagawa__223855770,inaturalist_kanagawa,,2023-05-08,,,,scientific_name等の分類群情報が空欄で照合材料が無い（taxon_key自体が無い）
inaturalist_kanagawa__223855786,inaturalist_kanagawa,,2023-05-08,,,,scientific_name等の分類群情報が空欄で照合材料が無い（taxon_key自体が無い）
inaturalist_kanagawa__223855795,inaturalist_kanagawa,,2023-05-25,,,,scientific_name等の分類群情報が空欄で照合材料が無い（taxon_key自体が無い）
inaturalist_kanagawa__223855814,inaturalist_kanagawa,,2023-05-27,,,,scientific_name等の分類群情報が空欄で照合材料が無い（taxon_key自体が無い）
inaturalist_kanagawa__223855821,inaturalist_kanagawa,,2023-06-10,,,,scientific_name等の分類群情報が空欄で照合材料が無い（taxon_key自体が無い）
inaturalist_kanagawa__223855839,inaturalist_kanagawa,,2023-06-13,,,,scientific_name等の分類群情報が空欄で照合材料が無い（taxon_key自体が無い）
inaturalist_kanagawa__223855848,inaturalist_kanagawa,,2023-06-16,,,,scientific_name等の分類群情報が空欄で照合材料が無い（taxon_key自体が無い）
inaturalist_kanagawa__223855863,inaturalist_kanagawa,,2023-06-28,,,,scientific_name等の分類群情報が空欄で照合材料が無い（taxon_key自体が無い）
inaturalist_kanagawa__223855892,inaturalist_kanagawa,,2023-07-12,,,,scientific_name等の分類群情報が空欄で照合材料が無い（taxon_key自体が無い）
inaturalist_kanagawa__223855897,inaturalist_kanagawa,,2023-07-20,,,,scientific_name等の分類群情報が空欄で照合材料が無い（taxon_key自体が無い）
inaturalist_kanagawa__223855928,inaturalist_kanagawa,,2023-07-29,,,,scientific_name等の分類群情報が空欄で照合材料が無い（taxon_key自体が無い）
inaturalist_kanagawa__223855956,inaturalist_kanagawa,,2024-03-05,,,,scientific_name等の分類群情報が空欄で照合材料が無い（taxon_key自体が無い）
inaturalist_kanagawa__22538503,inaturalist_kanagawa,,2019-04-16,,,,scientific_name等の分類群情報が空欄で照合材料が無い（taxon_key自体が無い）
inaturalist_kanagawa__22801641,inaturalist_kanagawa,,2019-04-04,,,,scientific_name等の分類群情報が空欄で照合材料が無い（taxon_key自体が無い）
inaturalist_kanagawa__229455661,inaturalist_kanagawa,,2024-07-15,,,,scientific_name等の分類群情報が空欄で照合材料が無い（taxon_key自体が無い）
inaturalist_kanagawa__231943528,inaturalist_kanagawa,,2024-07-19,,,,scientific_name等の分類群情報が空欄で照合材料が無い（taxon_key自体が無い）
inaturalist_kanagawa__233083887,inaturalist_kanagawa,,2024-07-30,,,,scientific_name等の分類群情報が空欄で照合材料が無い（taxon_key自体が無い）
inaturalist_kanagawa__234249153,inaturalist_kanagawa,,2024-08-07,,,,scientific_name等の分類群情報が空欄で照合材料が無い（taxon_key自体が無い）
inaturalist_kanagawa__234434429,inaturalist_kanagawa,,2024-08-08,,,,scientific_name等の分類群情報が空欄で照合材料が無い（taxon_key自体が無い）
inaturalist_kanagawa__239531906,inaturalist_kanagawa,,2024-09-02,,,,scientific_name等の分類群情報が空欄で照合材料が無い（taxon_key自体が無い）
inaturalist_kanagawa__239732918,inaturalist_kanagawa,,2024-09-02,,,,scientific_name等の分類群情報が空欄で照合材料が無い（taxon_key自体が無い）
inaturalist_kanagawa__239742919,inaturalist_kanagawa,,2024-09-04,,,,scientific_name等の分類群情報が空欄で照合材料が無い（taxon_key自体が無い）
inaturalist_kanagawa__242036173,inaturalist_kanagawa,,2024-09-16,,,,scientific_name等の分類群情報が空欄で照合材料が無い（taxon_key自体が無い）
inaturalist_kanagawa__244090764,inaturalist_kanagawa,,2024-09-12,,,,scientific_name等の分類群情報が空欄で照合材料が無い（taxon_key自体が無い）
inaturalist_kanagawa__24482875,inaturalist_kanagawa,,2019-04-16,,,,scientific_name等の分類群情報が空欄で照合材料が無い（taxon_key自体が無い）
inaturalist_kanagawa__244903119,inaturalist_kanagawa,,2024-09-30,,,,scientific_name等の分類群情報が空欄で照合材料が無い（taxon_key自体が無い）
inaturalist_kanagawa__245543136,inaturalist_kanagawa,,2024-10-04,,,,scientific_name等の分類群情報が空欄で照合材料が無い（taxon_key自体が無い）
inaturalist_kanagawa__247033479,inaturalist_kanagawa,,2024-10-13,,,,scientific_name等の分類群情報が空欄で照合材料が無い（taxon_key自体が無い）
inaturalist_kanagawa__247085369,inaturalist_kanagawa,,2024-10-12,,,,scientific_name等の分類群情報が空欄で照合材料が無い（taxon_key自体が無い）
inaturalist_kanagawa__24913629,inaturalist_kanagawa,,2019-05-11,,,,scientific_name等の分類群情報が空欄で照合材料が無い（taxon_key自体が無い）
inaturalist_kanagawa__24914484,inaturalist_kanagawa,,2019-05-11,,,,scientific_name等の分類群情報が空欄で照合材料が無い（taxon_key自体が無い）
inaturalist_kanagawa__24917721,inaturalist_kanagawa,,2019-05-11,,,,scientific_name等の分類群情報が空欄で照合材料が無い（taxon_key自体が無い）
inaturalist_kanagawa__24920334,inaturalist_kanagawa,,2019-05-11,,,,scientific_name等の分類群情報が空欄で照合材料が無い（taxon_key自体が無い）
inaturalist_kanagawa__249895575,inaturalist_kanagawa,,,,,,scientific_name等の分類群情報が空欄で照合材料が無い（taxon_key自体が無い）
inaturalist_kanagawa__252807321,inaturalist_kanagawa,,2024-11-24,,,,scientific_name等の分類群情報が空欄で照合材料が無い（taxon_key自体が無い）
inaturalist_kanagawa__252808137,inaturalist_kanagawa,,2024-11-24,,,,scientific_name等の分類群情報が空欄で照合材料が無い（taxon_key自体が無い）
inaturalist_kanagawa__252829663,inaturalist_kanagawa,,2024-11-24,,,,scientific_name等の分類群情報が空欄で照合材料が無い（taxon_key自体が無い）
inaturalist_kanagawa__255476231,inaturalist_kanagawa,,2024-12-18,,,,scientific_name等の分類群情報が空欄で照合材料が無い（taxon_key自体が無い）
inaturalist_kanagawa__257653394,inaturalist_kanagawa,,2025-01-07,,,,scientific_name等の分類群情報が空欄で照合材料が無い（taxon_key自体が無い）
inaturalist_kanagawa__259593175,inaturalist_kanagawa,,2025-01-26,,,,scientific_name等の分類群情報が空欄で照合材料が無い（taxon_key自体が無い）
inaturalist_kanagawa__26154542,inaturalist_kanagawa,,2019-06-01,,,,scientific_name等の分類群情報が空欄で照合材料が無い（taxon_key自体が無い）
inaturalist_kanagawa__264613950,inaturalist_kanagawa,,2025-03-09,,,,scientific_name等の分類群情報が空欄で照合材料が無い（taxon_key自体が無い）
inaturalist_kanagawa__264616161,inaturalist_kanagawa,,2025-03-09,,,,scientific_name等の分類群情報が空欄で照合材料が無い（taxon_key自体が無い）
inaturalist_kanagawa__264616197,inaturalist_kanagawa,,2025-03-09,,,,scientific_name等の分類群情報が空欄で照合材料が無い（taxon_key自体が無い）
inaturalist_kanagawa__264616952,inaturalist_kanagawa,,2025-03-09,,,,scientific_name等の分類群情報が空欄で照合材料が無い（taxon_key自体が無い）
inaturalist_kanagawa__264617881,inaturalist_kanagawa,,2025-03-09,,,,scientific_name等の分類群情報が空欄で照合材料が無い（taxon_key自体が無い）
inaturalist_kanagawa__264896877,inaturalist_kanagawa,,2025-03-11,,,,scientific_name等の分類群情報が空欄で照合材料が無い（taxon_key自体が無い）
inaturalist_kanagawa__266049170,inaturalist_kanagawa,,2025-01-31,,,,scientific_name等の分類群情報が空欄で照合材料が無い（taxon_key自体が無い）
inaturalist_kanagawa__266049171,inaturalist_kanagawa,,2025-01-31,,,,scientific_name等の分類群情報が空欄で照合材料が無い（taxon_key自体が無い）
inaturalist_kanagawa__267239023,inaturalist_kanagawa,,2025-03-20,,,,scientific_name等の分類群情報が空欄で照合材料が無い（taxon_key自体が無い）
inaturalist_kanagawa__269399096,inaturalist_kanagawa,,,,,,scientific_name等の分類群情報が空欄で照合材料が無い（taxon_key自体が無い）
inaturalist_kanagawa__271578216,inaturalist_kanagawa,,2025-04-20,,,,scientific_name等の分類群情報が空欄で照合材料が無い（taxon_key自体が無い）
inaturalist_kanagawa__272837907,inaturalist_kanagawa,,2025-04-25,,,,scientific_name等の分類群情報が空欄で照合材料が無い（taxon_key自体が無い）
inaturalist_kanagawa__272893788,inaturalist_kanagawa,,2022-04-19,,,,scientific_name等の分類群情報が空欄で照合材料が無い（taxon_key自体が無い）
inaturalist_kanagawa__273483800,inaturalist_kanagawa,,2025-04-26,,,,scientific_name等の分類群情報が空欄で照合材料が無い（taxon_key自体が無い）
inaturalist_kanagawa__273486363,inaturalist_kanagawa,,2025-04-26,,,,scientific_name等の分類群情報が空欄で照合材料が無い（taxon_key自体が無い）
inaturalist_kanagawa__273571776,inaturalist_kanagawa,,2025-04-26,,,,scientific_name等の分類群情報が空欄で照合材料が無い（taxon_key自体が無い）
inaturalist_kanagawa__273572180,inaturalist_kanagawa,,2025-04-26,,,,scientific_name等の分類群情報が空欄で照合材料が無い（taxon_key自体が無い）
inaturalist_kanagawa__274293578,inaturalist_kanagawa,,2025-03-23,,,,scientific_name等の分類群情報が空欄で照合材料が無い（taxon_key自体が無い）
inaturalist_kanagawa__277908209,inaturalist_kanagawa,,2025-05-03,,,,scientific_name等の分類群情報が空欄で照合材料が無い（taxon_key自体が無い）
inaturalist_kanagawa__27916266,inaturalist_kanagawa,,2019-06-30,,,,scientific_name等の分類群情報が空欄で照合材料が無い（taxon_key自体が無い）
inaturalist_kanagawa__27979852,inaturalist_kanagawa,,2019-07-01,,,,scientific_name等の分類群情報が空欄で照合材料が無い（taxon_key自体が無い）
inaturalist_kanagawa__27979930,inaturalist_kanagawa,,2019-07-01,,,,scientific_name等の分類群情報が空欄で照合材料が無い（taxon_key自体が無い）
inaturalist_kanagawa__280729270,inaturalist_kanagawa,,2025-05-13,,,,scientific_name等の分類群情報が空欄で照合材料が無い（taxon_key自体が無い）
inaturalist_kanagawa__282294992,inaturalist_kanagawa,,2025-05-19,,,,scientific_name等の分類群情報が空欄で照合材料が無い（taxon_key自体が無い）
inaturalist_kanagawa__283261591,inaturalist_kanagawa,,2025-05-23,,,,scientific_name等の分類群情報が空欄で照合材料が無い（taxon_key自体が無い）
inaturalist_kanagawa__284183198,inaturalist_kanagawa,,2025-05-26,,,,scientific_name等の分類群情報が空欄で照合材料が無い（taxon_key自体が無い）
inaturalist_kanagawa__284474289,inaturalist_kanagawa,,2025-05-27,,,,scientific_name等の分類群情報が空欄で照合材料が無い（taxon_key自体が無い）
inaturalist_kanagawa__284474325,inaturalist_kanagawa,,2025-05-27,,,,scientific_name等の分類群情報が空欄で照合材料が無い（taxon_key自体が無い）
inaturalist_kanagawa__284476486,inaturalist_kanagawa,,2025-05-27,,,,scientific_name等の分類群情報が空欄で照合材料が無い（taxon_key自体が無い）
inaturalist_kanagawa__285010886,inaturalist_kanagawa,,2025-05-16,,,,scientific_name等の分類群情報が空欄で照合材料が無い（taxon_key自体が無い）
inaturalist_kanagawa__285013161,inaturalist_kanagawa,,2025-05-16,,,,scientific_name等の分類群情報が空欄で照合材料が無い（taxon_key自体が無い）
inaturalist_kanagawa__285013751,inaturalist_kanagawa,,2025-05-16,,,,scientific_name等の分類群情報が空欄で照合材料が無い（taxon_key自体が無い）
inaturalist_kanagawa__285028735,inaturalist_kanagawa,,2025-05-29,,,,scientific_name等の分類群情報が空欄で照合材料が無い（taxon_key自体が無い）
inaturalist_kanagawa__286978399,inaturalist_kanagawa,,2025-06-05,,,,scientific_name等の分類群情報が空欄で照合材料が無い（taxon_key自体が無い）
inaturalist_kanagawa__290012365,inaturalist_kanagawa,,2025-05-01,,,,scientific_name等の分類群情報が空欄で照合材料が無い（taxon_key自体が無い）
inaturalist_kanagawa__293252149,inaturalist_kanagawa,,2025-06-28,,,,scientific_name等の分類群情報が空欄で照合材料が無い（taxon_key自体が無い）
inaturalist_kanagawa__302022882,inaturalist_kanagawa,,2025-07-29,,,,scientific_name等の分類群情報が空欄で照合材料が無い（taxon_key自体が無い）
inaturalist_kanagawa__303549667,inaturalist_kanagawa,,,,,,scientific_name等の分類群情報が空欄で照合材料が無い（taxon_key自体が無い）
inaturalist_kanagawa__303552471,inaturalist_kanagawa,,2025-06-30,,,,scientific_name等の分類群情報が空欄で照合材料が無い（taxon_key自体が無い）
inaturalist_kanagawa__304425525,inaturalist_kanagawa,,2025-08-07,,,,scientific_name等の分類群情報が空欄で照合材料が無い（taxon_key自体が無い）
inaturalist_kanagawa__304432184,inaturalist_kanagawa,,2025-08-07,,,,scientific_name等の分類群情報が空欄で照合材料が無い（taxon_key自体が無い）
inaturalist_kanagawa__304472495,inaturalist_kanagawa,,2025-08-07,,,,scientific_name等の分類群情報が空欄で照合材料が無い（taxon_key自体が無い）
inaturalist_kanagawa__307897234,inaturalist_kanagawa,,,,,,scientific_name等の分類群情報が空欄で照合材料が無い（taxon_key自体が無い）
inaturalist_kanagawa__307970767,inaturalist_kanagawa,,2025-08-21,,,,scientific_name等の分類群情報が空欄で照合材料が無い（taxon_key自体が無い）
inaturalist_kanagawa__308945892,inaturalist_kanagawa,,2025-08-25,,,,scientific_name等の分類群情報が空欄で照合材料が無い（taxon_key自体が無い）
inaturalist_kanagawa__313267715,inaturalist_kanagawa,,2025-08-30,,,,scientific_name等の分類群情報が空欄で照合材料が無い（taxon_key自体が無い）
inaturalist_kanagawa__313267922,inaturalist_kanagawa,,2025-08-30,,,,scientific_name等の分類群情報が空欄で照合材料が無い（taxon_key自体が無い）
inaturalist_kanagawa__316871901,inaturalist_kanagawa,,2025-09-27,,,,scientific_name等の分類群情報が空欄で照合材料が無い（taxon_key自体が無い）
inaturalist_kanagawa__318340604,inaturalist_kanagawa,,2025-10-03,,,,scientific_name等の分類群情報が空欄で照合材料が無い（taxon_key自体が無い）
inaturalist_kanagawa__320778162,inaturalist_kanagawa,,2025-10-14,,,,scientific_name等の分類群情報が空欄で照合材料が無い（taxon_key自体が無い）
inaturalist_kanagawa__321546672,inaturalist_kanagawa,,,,,,scientific_name等の分類群情報が空欄で照合材料が無い（taxon_key自体が無い）
inaturalist_kanagawa__322504790,inaturalist_kanagawa,,2025-10-23,,,,scientific_name等の分類群情報が空欄で照合材料が無い（taxon_key自体が無い）
inaturalist_kanagawa__322505201,inaturalist_kanagawa,,2025-10-23,,,,scientific_name等の分類群情報が空欄で照合材料が無い（taxon_key自体が無い）
inaturalist_kanagawa__322506466,inaturalist_kanagawa,,2025-10-23,,,,scientific_name等の分類群情報が空欄で照合材料が無い（taxon_key自体が無い）
inaturalist_kanagawa__322506550,inaturalist_kanagawa,,2025-10-23,,,,scientific_name等の分類群情報が空欄で照合材料が無い（taxon_key自体が無い）
inaturalist_kanagawa__322506592,inaturalist_kanagawa,,2025-10-23,,,,scientific_name等の分類群情報が空欄で照合材料が無い（taxon_key自体が無い）
inaturalist_kanagawa__322506977,inaturalist_kanagawa,,2025-10-23,,,,scientific_name等の分類群情報が空欄で照合材料が無い（taxon_key自体が無い）
inaturalist_kanagawa__322507221,inaturalist_kanagawa,,2025-10-23,,,,scientific_name等の分類群情報が空欄で照合材料が無い（taxon_key自体が無い）
inaturalist_kanagawa__322507392,inaturalist_kanagawa,,2025-10-23,,,,scientific_name等の分類群情報が空欄で照合材料が無い（taxon_key自体が無い）
inaturalist_kanagawa__322507470,inaturalist_kanagawa,,2025-10-23,,,,scientific_name等の分類群情報が空欄で照合材料が無い（taxon_key自体が無い）
inaturalist_kanagawa__322507582,inaturalist_kanagawa,,2025-10-23,,,,scientific_name等の分類群情報が空欄で照合材料が無い（taxon_key自体が無い）
inaturalist_kanagawa__322509003,inaturalist_kanagawa,,2025-10-23,,,,scientific_name等の分類群情報が空欄で照合材料が無い（taxon_key自体が無い）
inaturalist_kanagawa__322509039,inaturalist_kanagawa,,2025-10-23,,,,scientific_name等の分類群情報が空欄で照合材料が無い（taxon_key自体が無い）
inaturalist_kanagawa__322509317,inaturalist_kanagawa,,2025-10-23,,,,scientific_name等の分類群情報が空欄で照合材料が無い（taxon_key自体が無い）
inaturalist_kanagawa__322509552,inaturalist_kanagawa,,2025-10-23,,,,scientific_name等の分類群情報が空欄で照合材料が無い（taxon_key自体が無い）
inaturalist_kanagawa__322511968,inaturalist_kanagawa,,2025-10-23,,,,scientific_name等の分類群情報が空欄で照合材料が無い（taxon_key自体が無い）
inaturalist_kanagawa__322512551,inaturalist_kanagawa,,2025-10-23,,,,scientific_name等の分類群情報が空欄で照合材料が無い（taxon_key自体が無い）
inaturalist_kanagawa__322512580,inaturalist_kanagawa,,2025-10-23,,,,scientific_name等の分類群情報が空欄で照合材料が無い（taxon_key自体が無い）
inaturalist_kanagawa__322512622,inaturalist_kanagawa,,2025-10-23,,,,scientific_name等の分類群情報が空欄で照合材料が無い（taxon_key自体が無い）
inaturalist_kanagawa__322512733,inaturalist_kanagawa,,2025-10-23,,,,scientific_name等の分類群情報が空欄で照合材料が無い（taxon_key自体が無い）
inaturalist_kanagawa__322512775,inaturalist_kanagawa,,2025-10-23,,,,scientific_name等の分類群情報が空欄で照合材料が無い（taxon_key自体が無い）
inaturalist_kanagawa__322512849,inaturalist_kanagawa,,2025-10-23,,,,scientific_name等の分類群情報が空欄で照合材料が無い（taxon_key自体が無い）
inaturalist_kanagawa__322512861,inaturalist_kanagawa,,2025-10-23,,,,scientific_name等の分類群情報が空欄で照合材料が無い（taxon_key自体が無い）
inaturalist_kanagawa__322512878,inaturalist_kanagawa,,2025-10-23,,,,scientific_name等の分類群情報が空欄で照合材料が無い（taxon_key自体が無い）
inaturalist_kanagawa__322513044,inaturalist_kanagawa,,2025-10-23,,,,scientific_name等の分類群情報が空欄で照合材料が無い（taxon_key自体が無い）
inaturalist_kanagawa__322514544,inaturalist_kanagawa,,2025-10-23,,,,scientific_name等の分類群情報が空欄で照合材料が無い（taxon_key自体が無い）
inaturalist_kanagawa__322514664,inaturalist_kanagawa,,2025-10-23,,,,scientific_name等の分類群情報が空欄で照合材料が無い（taxon_key自体が無い）
inaturalist_kanagawa__322514745,inaturalist_kanagawa,,2025-10-23,,,,scientific_name等の分類群情報が空欄で照合材料が無い（taxon_key自体が無い）
inaturalist_kanagawa__325109528,inaturalist_kanagawa,,2025-11-06,,,,scientific_name等の分類群情報が空欄で照合材料が無い（taxon_key自体が無い）
inaturalist_kanagawa__325423519,inaturalist_kanagawa,,2025-11-08,,,,scientific_name等の分類群情報が空欄で照合材料が無い（taxon_key自体が無い）
inaturalist_kanagawa__326139294,inaturalist_kanagawa,,2025-11-08,,,,scientific_name等の分類群情報が空欄で照合材料が無い（taxon_key自体が無い）
inaturalist_kanagawa__328861290,inaturalist_kanagawa,,2025-11-30,,,,scientific_name等の分類群情報が空欄で照合材料が無い（taxon_key自体が無い）
inaturalist_kanagawa__329291556,inaturalist_kanagawa,,2024-12-18,,,,scientific_name等の分類群情報が空欄で照合材料が無い（taxon_key自体が無い）
inaturalist_kanagawa__32990591,inaturalist_kanagawa,,2019-09-19,,,,scientific_name等の分類群情報が空欄で照合材料が無い（taxon_key自体が無い）
inaturalist_kanagawa__331522363,inaturalist_kanagawa,,2025-12-21,,,,scientific_name等の分類群情報が空欄で照合材料が無い（taxon_key自体が無い）
inaturalist_kanagawa__331613475,inaturalist_kanagawa,,2025-12-22,,,,scientific_name等の分類群情報が空欄で照合材料が無い（taxon_key自体が無い）
inaturalist_kanagawa__331997759,inaturalist_kanagawa,,2025-12-25,,,,scientific_name等の分類群情報が空欄で照合材料が無い（taxon_key自体が無い）
inaturalist_kanagawa__333551071,inaturalist_kanagawa,,2026-01-05,,,,scientific_name等の分類群情報が空欄で照合材料が無い（taxon_key自体が無い）
inaturalist_kanagawa__333551296,inaturalist_kanagawa,,2026-01-05,,,,scientific_name等の分類群情報が空欄で照合材料が無い（taxon_key自体が無い）
inaturalist_kanagawa__333552126,inaturalist_kanagawa,,2026-01-05,,,,scientific_name等の分類群情報が空欄で照合材料が無い（taxon_key自体が無い）
inaturalist_kanagawa__333690994,inaturalist_kanagawa,,2026-01-05,,,,scientific_name等の分類群情報が空欄で照合材料が無い（taxon_key自体が無い）
inaturalist_kanagawa__334021813,inaturalist_kanagawa,,2026-01-09,,,,scientific_name等の分類群情報が空欄で照合材料が無い（taxon_key自体が無い）
inaturalist_kanagawa__334825418,inaturalist_kanagawa,,2026-01-15,,,,scientific_name等の分類群情報が空欄で照合材料が無い（taxon_key自体が無い）
inaturalist_kanagawa__33742570,inaturalist_kanagawa,,2019-10-02,,,,scientific_name等の分類群情報が空欄で照合材料が無い（taxon_key自体が無い）
inaturalist_kanagawa__338025292,inaturalist_kanagawa,,2026-02-10,,,,scientific_name等の分類群情報が空欄で照合材料が無い（taxon_key自体が無い）
inaturalist_kanagawa__338025312,inaturalist_kanagawa,,2026-02-10,,,,scientific_name等の分類群情報が空欄で照合材料が無い（taxon_key自体が無い）
inaturalist_kanagawa__338025348,inaturalist_kanagawa,,2026-02-10,,,,scientific_name等の分類群情報が空欄で照合材料が無い（taxon_key自体が無い）
inaturalist_kanagawa__338025951,inaturalist_kanagawa,,2026-02-10,,,,scientific_name等の分類群情報が空欄で照合材料が無い（taxon_key自体が無い）
inaturalist_kanagawa__338267239,inaturalist_kanagawa,,2026-02-12,,,,scientific_name等の分類群情報が空欄で照合材料が無い（taxon_key自体が無い）
inaturalist_kanagawa__338267350,inaturalist_kanagawa,,2026-02-12,,,,scientific_name等の分類群情報が空欄で照合材料が無い（taxon_key自体が無い）
inaturalist_kanagawa__339304372,inaturalist_kanagawa,,2025-08-21,,,,scientific_name等の分類群情報が空欄で照合材料が無い（taxon_key自体が無い）
inaturalist_kanagawa__339986758,inaturalist_kanagawa,,2025-05-14,,,,scientific_name等の分類群情報が空欄で照合材料が無い（taxon_key自体が無い）
inaturalist_kanagawa__340239518,inaturalist_kanagawa,,2026-02-26,,,,scientific_name等の分類群情報が空欄で照合材料が無い（taxon_key自体が無い）
inaturalist_kanagawa__340735507,inaturalist_kanagawa,,2025-07-04,,,,scientific_name等の分類群情報が空欄で照合材料が無い（taxon_key自体が無い）
inaturalist_kanagawa__342586932,inaturalist_kanagawa,,2026-03-12,,,,scientific_name等の分類群情報が空欄で照合材料が無い（taxon_key自体が無い）
inaturalist_kanagawa__342674183,inaturalist_kanagawa,,2026-03-13,,,,scientific_name等の分類群情報が空欄で照合材料が無い（taxon_key自体が無い）
inaturalist_kanagawa__343249265,inaturalist_kanagawa,,2026-03-16,,,,scientific_name等の分類群情報が空欄で照合材料が無い（taxon_key自体が無い）
inaturalist_kanagawa__343417638,inaturalist_kanagawa,,2026-03-17,,,,scientific_name等の分類群情報が空欄で照合材料が無い（taxon_key自体が無い）
inaturalist_kanagawa__343420338,inaturalist_kanagawa,,2026-03-17,,,,scientific_name等の分類群情報が空欄で照合材料が無い（taxon_key自体が無い）
inaturalist_kanagawa__343420374,inaturalist_kanagawa,,2026-03-17,,,,scientific_name等の分類群情報が空欄で照合材料が無い（taxon_key自体が無い）
inaturalist_kanagawa__343561525,inaturalist_kanagawa,,2026-03-18,,,,scientific_name等の分類群情報が空欄で照合材料が無い（taxon_key自体が無い）
inaturalist_kanagawa__343561624,inaturalist_kanagawa,,2026-03-18,,,,scientific_name等の分類群情報が空欄で照合材料が無い（taxon_key自体が無い）
inaturalist_kanagawa__343561674,inaturalist_kanagawa,,2026-03-18,,,,scientific_name等の分類群情報が空欄で照合材料が無い（taxon_key自体が無い）
inaturalist_kanagawa__343564432,inaturalist_kanagawa,,2026-03-09,,,,scientific_name等の分類群情報が空欄で照合材料が無い（taxon_key自体が無い）
inaturalist_kanagawa__343566992,inaturalist_kanagawa,,2026-03-18,,,,scientific_name等の分類群情報が空欄で照合材料が無い（taxon_key自体が無い）
inaturalist_kanagawa__343568474,inaturalist_kanagawa,,2026-03-18,,,,scientific_name等の分類群情報が空欄で照合材料が無い（taxon_key自体が無い）
inaturalist_kanagawa__343568478,inaturalist_kanagawa,,2026-03-18,,,,scientific_name等の分類群情報が空欄で照合材料が無い（taxon_key自体が無い）
inaturalist_kanagawa__343568577,inaturalist_kanagawa,,2026-03-18,,,,scientific_name等の分類群情報が空欄で照合材料が無い（taxon_key自体が無い）
inaturalist_kanagawa__343568678,inaturalist_kanagawa,,2026-03-18,,,,scientific_name等の分類群情報が空欄で照合材料が無い（taxon_key自体が無い）
inaturalist_kanagawa__343583632,inaturalist_kanagawa,,2026-03-18,,,,scientific_name等の分類群情報が空欄で照合材料が無い（taxon_key自体が無い）
inaturalist_kanagawa__345452545,inaturalist_kanagawa,,2026-03-27,,,,scientific_name等の分類群情報が空欄で照合材料が無い（taxon_key自体が無い）
inaturalist_kanagawa__345574214,inaturalist_kanagawa,,2026-03-28,,,,scientific_name等の分類群情報が空欄で照合材料が無い（taxon_key自体が無い）
inaturalist_kanagawa__345619510,inaturalist_kanagawa,,2026-03-28,,,,scientific_name等の分類群情報が空欄で照合材料が無い（taxon_key自体が無い）
inaturalist_kanagawa__345844889,inaturalist_kanagawa,,2026-03-29,,,,scientific_name等の分類群情報が空欄で照合材料が無い（taxon_key自体が無い）
inaturalist_kanagawa__345845408,inaturalist_kanagawa,,2026-03-29,,,,scientific_name等の分類群情報が空欄で照合材料が無い（taxon_key自体が無い）
inaturalist_kanagawa__345850455,inaturalist_kanagawa,,2026-03-29,,,,scientific_name等の分類群情報が空欄で照合材料が無い（taxon_key自体が無い）
inaturalist_kanagawa__345851342,inaturalist_kanagawa,,2026-03-29,,,,scientific_name等の分類群情報が空欄で照合材料が無い（taxon_key自体が無い）
inaturalist_kanagawa__345852495,inaturalist_kanagawa,,2026-03-29,,,,scientific_name等の分類群情報が空欄で照合材料が無い（taxon_key自体が無い）
inaturalist_kanagawa__346548926,inaturalist_kanagawa,,2026-03-30,,,,scientific_name等の分類群情報が空欄で照合材料が無い（taxon_key自体が無い）
inaturalist_kanagawa__347455979,inaturalist_kanagawa,,2026-04-05,,,,scientific_name等の分類群情報が空欄で照合材料が無い（taxon_key自体が無い）
inaturalist_kanagawa__347456369,inaturalist_kanagawa,,2026-04-05,,,,scientific_name等の分類群情報が空欄で照合材料が無い（taxon_key自体が無い）
inaturalist_kanagawa__34773514,inaturalist_kanagawa,,2019-06-09,,,,scientific_name等の分類群情報が空欄で照合材料が無い（taxon_key自体が無い）
inaturalist_kanagawa__347781430,inaturalist_kanagawa,,2026-04-06,,,,scientific_name等の分類群情報が空欄で照合材料が無い（taxon_key自体が無い）
inaturalist_kanagawa__348425744,inaturalist_kanagawa,,2026-04-09,,,,scientific_name等の分類群情報が空欄で照合材料が無い（taxon_key自体が無い）
inaturalist_kanagawa__34878913,inaturalist_kanagawa,,,,,,scientific_name等の分類群情報が空欄で照合材料が無い（taxon_key自体が無い）
inaturalist_kanagawa__349620837,inaturalist_kanagawa,,2026-04-14,,,,scientific_name等の分類群情報が空欄で照合材料が無い（taxon_key自体が無い）
inaturalist_kanagawa__350205377,inaturalist_kanagawa,,,,,,scientific_name等の分類群情報が空欄で照合材料が無い（taxon_key自体が無い）
inaturalist_kanagawa__350372828,inaturalist_kanagawa,,2026-04-17,,,,scientific_name等の分類群情報が空欄で照合材料が無い（taxon_key自体が無い）
inaturalist_kanagawa__350373113,inaturalist_kanagawa,,2026-04-17,,,,scientific_name等の分類群情報が空欄で照合材料が無い（taxon_key自体が無い）
inaturalist_kanagawa__350373248,inaturalist_kanagawa,,2026-04-17,,,,scientific_name等の分類群情報が空欄で照合材料が無い（taxon_key自体が無い）
inaturalist_kanagawa__350718588,inaturalist_kanagawa,,2026-04-18,,,,scientific_name等の分類群情報が空欄で照合材料が無い（taxon_key自体が無い）
inaturalist_kanagawa__350718760,inaturalist_kanagawa,,2026-04-18,,,,scientific_name等の分類群情報が空欄で照合材料が無い（taxon_key自体が無い）
inaturalist_kanagawa__351336734,inaturalist_kanagawa,,2026-04-19,,,,scientific_name等の分類群情報が空欄で照合材料が無い（taxon_key自体が無い）
inaturalist_kanagawa__351336863,inaturalist_kanagawa,,2026-04-19,,,,scientific_name等の分類群情報が空欄で照合材料が無い（taxon_key自体が無い）
inaturalist_kanagawa__352434567,inaturalist_kanagawa,,2026-04-24,,,,scientific_name等の分類群情報が空欄で照合材料が無い（taxon_key自体が無い）
inaturalist_kanagawa__352434739,inaturalist_kanagawa,,2026-04-24,,,,scientific_name等の分類群情報が空欄で照合材料が無い（taxon_key自体が無い）
inaturalist_kanagawa__353389932,inaturalist_kanagawa,,2026-04-25,,,,scientific_name等の分類群情報が空欄で照合材料が無い（taxon_key自体が無い）
inaturalist_kanagawa__354368418,inaturalist_kanagawa,,2026-04-26,,,,scientific_name等の分類群情報が空欄で照合材料が無い（taxon_key自体が無い）
inaturalist_kanagawa__355159804,inaturalist_kanagawa,,2026-04-27,,,,scientific_name等の分類群情報が空欄で照合材料が無い（taxon_key自体が無い）
inaturalist_kanagawa__356390492,inaturalist_kanagawa,,2026-04-29,,,,scientific_name等の分類群情報が空欄で照合材料が無い（taxon_key自体が無い）
inaturalist_kanagawa__357431393,inaturalist_kanagawa,,2026-05-02,,,,scientific_name等の分類群情報が空欄で照合材料が無い（taxon_key自体が無い）
inaturalist_kanagawa__358537583,inaturalist_kanagawa,,2026-05-05,,,,scientific_name等の分類群情報が空欄で照合材料が無い（taxon_key自体が無い）
inaturalist_kanagawa__358596463,inaturalist_kanagawa,,2025-10-28,,,,scientific_name等の分類群情報が空欄で照合材料が無い（taxon_key自体が無い）
inaturalist_kanagawa__359216040,inaturalist_kanagawa,,2026-05-04,,,,scientific_name等の分類群情報が空欄で照合材料が無い（taxon_key自体が無い）
inaturalist_kanagawa__360090722,inaturalist_kanagawa,,2026-05-10,,,,scientific_name等の分類群情報が空欄で照合材料が無い（taxon_key自体が無い）
inaturalist_kanagawa__360153215,inaturalist_kanagawa,,2026-05-10,,,,scientific_name等の分類群情報が空欄で照合材料が無い（taxon_key自体が無い）
inaturalist_kanagawa__360569692,inaturalist_kanagawa,,2023-11-10,,,,scientific_name等の分類群情報が空欄で照合材料が無い（taxon_key自体が無い）
inaturalist_kanagawa__360806346,inaturalist_kanagawa,,2026-05-12,,,,scientific_name等の分類群情報が空欄で照合材料が無い（taxon_key自体が無い）
inaturalist_kanagawa__361531318,inaturalist_kanagawa,,2026-04-19,,,,scientific_name等の分類群情報が空欄で照合材料が無い（taxon_key自体が無い）
inaturalist_kanagawa__362217830,inaturalist_kanagawa,,2026-05-17,,,,scientific_name等の分類群情報が空欄で照合材料が無い（taxon_key自体が無い）
inaturalist_kanagawa__362284438,inaturalist_kanagawa,,2026-05-03,,,,scientific_name等の分類群情報が空欄で照合材料が無い（taxon_key自体が無い）
inaturalist_kanagawa__362317736,inaturalist_kanagawa,,2026-05-17,,,,scientific_name等の分類群情報が空欄で照合材料が無い（taxon_key自体が無い）
inaturalist_kanagawa__362632964,inaturalist_kanagawa,,2026-05-16,,,,scientific_name等の分類群情報が空欄で照合材料が無い（taxon_key自体が無い）
inaturalist_kanagawa__364162326,inaturalist_kanagawa,,2026-05-23,,,,scientific_name等の分類群情報が空欄で照合材料が無い（taxon_key自体が無い）
inaturalist_kanagawa__364164120,inaturalist_kanagawa,,2026-05-23,,,,scientific_name等の分類群情報が空欄で照合材料が無い（taxon_key自体が無い）
inaturalist_kanagawa__364164781,inaturalist_kanagawa,,2026-05-23,,,,scientific_name等の分類群情報が空欄で照合材料が無い（taxon_key自体が無い）
inaturalist_kanagawa__364179772,inaturalist_kanagawa,,2026-05-23,,,,scientific_name等の分類群情報が空欄で照合材料が無い（taxon_key自体が無い）
inaturalist_kanagawa__364179818,inaturalist_kanagawa,,2026-05-23,,,,scientific_name等の分類群情報が空欄で照合材料が無い（taxon_key自体が無い）
inaturalist_kanagawa__364485491,inaturalist_kanagawa,,2026-05-23,,,,scientific_name等の分類群情報が空欄で照合材料が無い（taxon_key自体が無い）
inaturalist_kanagawa__364511436,inaturalist_kanagawa,,2026-05-24,,,,scientific_name等の分類群情報が空欄で照合材料が無い（taxon_key自体が無い）
inaturalist_kanagawa__364879065,inaturalist_kanagawa,,2026-05-25,,,,scientific_name等の分類群情報が空欄で照合材料が無い（taxon_key自体が無い）
inaturalist_kanagawa__364879796,inaturalist_kanagawa,,2026-05-25,,,,scientific_name等の分類群情報が空欄で照合材料が無い（taxon_key自体が無い）
inaturalist_kanagawa__364879997,inaturalist_kanagawa,,2026-05-25,,,,scientific_name等の分類群情報が空欄で照合材料が無い（taxon_key自体が無い）
inaturalist_kanagawa__364961603,inaturalist_kanagawa,,2026-05-25,,,,scientific_name等の分類群情報が空欄で照合材料が無い（taxon_key自体が無い）
inaturalist_kanagawa__364962217,inaturalist_kanagawa,,2026-05-25,,,,scientific_name等の分類群情報が空欄で照合材料が無い（taxon_key自体が無い）
inaturalist_kanagawa__364962965,inaturalist_kanagawa,,2026-05-25,,,,scientific_name等の分類群情報が空欄で照合材料が無い（taxon_key自体が無い）
inaturalist_kanagawa__364962978,inaturalist_kanagawa,,2026-05-25,,,,scientific_name等の分類群情報が空欄で照合材料が無い（taxon_key自体が無い）
inaturalist_kanagawa__364963850,inaturalist_kanagawa,,,,,,scientific_name等の分類群情報が空欄で照合材料が無い（taxon_key自体が無い）
inaturalist_kanagawa__365001946,inaturalist_kanagawa,,2026-05-25,,,,scientific_name等の分類群情報が空欄で照合材料が無い（taxon_key自体が無い）
inaturalist_kanagawa__365581657,inaturalist_kanagawa,,2026-05-27,,,,scientific_name等の分類群情報が空欄で照合材料が無い（taxon_key自体が無い）
inaturalist_kanagawa__365582256,inaturalist_kanagawa,,2026-05-27,,,,scientific_name等の分類群情報が空欄で照合材料が無い（taxon_key自体が無い）
inaturalist_kanagawa__365622402,inaturalist_kanagawa,,2026-05-27,,,,scientific_name等の分類群情報が空欄で照合材料が無い（taxon_key自体が無い）
inaturalist_kanagawa__365638494,inaturalist_kanagawa,,2026-05-27,,,,scientific_name等の分類群情報が空欄で照合材料が無い（taxon_key自体が無い）
inaturalist_kanagawa__365638582,inaturalist_kanagawa,,2026-05-27,,,,scientific_name等の分類群情報が空欄で照合材料が無い（taxon_key自体が無い）
inaturalist_kanagawa__365638891,inaturalist_kanagawa,,2026-05-27,,,,scientific_name等の分類群情報が空欄で照合材料が無い（taxon_key自体が無い）
inaturalist_kanagawa__365645606,inaturalist_kanagawa,,2026-05-27,,,,scientific_name等の分類群情報が空欄で照合材料が無い（taxon_key自体が無い）
inaturalist_kanagawa__365904978,inaturalist_kanagawa,,2026-05-28,,,,scientific_name等の分類群情報が空欄で照合材料が無い（taxon_key自体が無い）
inaturalist_kanagawa__365905164,inaturalist_kanagawa,,2026-05-28,,,,scientific_name等の分類群情報が空欄で照合材料が無い（taxon_key自体が無い）
inaturalist_kanagawa__365905395,inaturalist_kanagawa,,2026-05-28,,,,scientific_name等の分類群情報が空欄で照合材料が無い（taxon_key自体が無い）
inaturalist_kanagawa__365905452,inaturalist_kanagawa,,2026-05-28,,,,scientific_name等の分類群情報が空欄で照合材料が無い（taxon_key自体が無い）
inaturalist_kanagawa__365959641,inaturalist_kanagawa,,2026-05-28,,,,scientific_name等の分類群情報が空欄で照合材料が無い（taxon_key自体が無い）
inaturalist_kanagawa__365959689,inaturalist_kanagawa,,2026-05-28,,,,scientific_name等の分類群情報が空欄で照合材料が無い（taxon_key自体が無い）
inaturalist_kanagawa__365959767,inaturalist_kanagawa,,2026-05-28,,,,scientific_name等の分類群情報が空欄で照合材料が無い（taxon_key自体が無い）
inaturalist_kanagawa__365960068,inaturalist_kanagawa,,2026-05-28,,,,scientific_name等の分類群情報が空欄で照合材料が無い（taxon_key自体が無い）
inaturalist_kanagawa__365960155,inaturalist_kanagawa,,2026-05-28,,,,scientific_name等の分類群情報が空欄で照合材料が無い（taxon_key自体が無い）
inaturalist_kanagawa__365960754,inaturalist_kanagawa,,2026-05-28,,,,scientific_name等の分類群情報が空欄で照合材料が無い（taxon_key自体が無い）
inaturalist_kanagawa__366012173,inaturalist_kanagawa,,2026-05-22,,,,scientific_name等の分類群情報が空欄で照合材料が無い（taxon_key自体が無い）
inaturalist_kanagawa__366012195,inaturalist_kanagawa,,2026-05-27,,,,scientific_name等の分類群情報が空欄で照合材料が無い（taxon_key自体が無い）
inaturalist_kanagawa__366012308,inaturalist_kanagawa,,2026-05-28,,,,scientific_name等の分類群情報が空欄で照合材料が無い（taxon_key自体が無い）
inaturalist_kanagawa__366535218,inaturalist_kanagawa,,2026-05-30,,,,scientific_name等の分類群情報が空欄で照合材料が無い（taxon_key自体が無い）
inaturalist_kanagawa__366958495,inaturalist_kanagawa,,2026-05-29,,,,scientific_name等の分類群情報が空欄で照合材料が無い（taxon_key自体が無い）
inaturalist_kanagawa__367579709,inaturalist_kanagawa,,2026-06-02,,,,scientific_name等の分類群情報が空欄で照合材料が無い（taxon_key自体が無い）
inaturalist_kanagawa__367627659,inaturalist_kanagawa,,2026-06-02,,,,scientific_name等の分類群情報が空欄で照合材料が無い（taxon_key自体が無い）
inaturalist_kanagawa__367953648,inaturalist_kanagawa,,2026-06-03,,,,scientific_name等の分類群情報が空欄で照合材料が無い（taxon_key自体が無い）
inaturalist_kanagawa__368024581,inaturalist_kanagawa,,2026-05-28,,,,scientific_name等の分類群情報が空欄で照合材料が無い（taxon_key自体が無い）
inaturalist_kanagawa__368579435,inaturalist_kanagawa,,2026-06-05,,,,scientific_name等の分類群情報が空欄で照合材料が無い（taxon_key自体が無い）
inaturalist_kanagawa__369238391,inaturalist_kanagawa,,2026-06-06,,,,scientific_name等の分類群情報が空欄で照合材料が無い（taxon_key自体が無い）
inaturalist_kanagawa__369238508,inaturalist_kanagawa,,2026-06-06,,,,scientific_name等の分類群情報が空欄で照合材料が無い（taxon_key自体が無い）
inaturalist_kanagawa__369275232,inaturalist_kanagawa,,2026-06-07,,,,scientific_name等の分類群情報が空欄で照合材料が無い（taxon_key自体が無い）
inaturalist_kanagawa__369315217,inaturalist_kanagawa,,2026-06-07,,,,scientific_name等の分類群情報が空欄で照合材料が無い（taxon_key自体が無い）
inaturalist_kanagawa__369652146,inaturalist_kanagawa,,,,,,scientific_name等の分類群情報が空欄で照合材料が無い（taxon_key自体が無い）
inaturalist_kanagawa__369652216,inaturalist_kanagawa,,2026-06-08,,,,scientific_name等の分類群情報が空欄で照合材料が無い（taxon_key自体が無い）
inaturalist_kanagawa__369928851,inaturalist_kanagawa,,2026-06-09,,,,scientific_name等の分類群情報が空欄で照合材料が無い（taxon_key自体が無い）
inaturalist_kanagawa__369929009,inaturalist_kanagawa,,2026-06-09,,,,scientific_name等の分類群情報が空欄で照合材料が無い（taxon_key自体が無い）
inaturalist_kanagawa__369929465,inaturalist_kanagawa,,2026-06-09,,,,scientific_name等の分類群情報が空欄で照合材料が無い（taxon_key自体が無い）
inaturalist_kanagawa__369929730,inaturalist_kanagawa,,2026-06-09,,,,scientific_name等の分類群情報が空欄で照合材料が無い（taxon_key自体が無い）
inaturalist_kanagawa__369932552,inaturalist_kanagawa,,2026-06-09,,,,scientific_name等の分類群情報が空欄で照合材料が無い（taxon_key自体が無い）
inaturalist_kanagawa__369934899,inaturalist_kanagawa,,2026-06-09,,,,scientific_name等の分類群情報が空欄で照合材料が無い（taxon_key自体が無い）
inaturalist_kanagawa__369935382,inaturalist_kanagawa,,2026-06-09,,,,scientific_name等の分類群情報が空欄で照合材料が無い（taxon_key自体が無い）
inaturalist_kanagawa__369935932,inaturalist_kanagawa,,2026-06-09,,,,scientific_name等の分類群情報が空欄で照合材料が無い（taxon_key自体が無い）
inaturalist_kanagawa__369936721,inaturalist_kanagawa,,2026-06-09,,,,scientific_name等の分類群情報が空欄で照合材料が無い（taxon_key自体が無い）
inaturalist_kanagawa__369938552,inaturalist_kanagawa,,2026-06-09,,,,scientific_name等の分類群情報が空欄で照合材料が無い（taxon_key自体が無い）
inaturalist_kanagawa__369942093,inaturalist_kanagawa,,2026-06-09,,,,scientific_name等の分類群情報が空欄で照合材料が無い（taxon_key自体が無い）
inaturalist_kanagawa__369950140,inaturalist_kanagawa,,2026-06-09,,,,scientific_name等の分類群情報が空欄で照合材料が無い（taxon_key自体が無い）
inaturalist_kanagawa__369950555,inaturalist_kanagawa,,2026-06-09,,,,scientific_name等の分類群情報が空欄で照合材料が無い（taxon_key自体が無い）
inaturalist_kanagawa__370172080,inaturalist_kanagawa,,2026-06-09,,,,scientific_name等の分類群情報が空欄で照合材料が無い（taxon_key自体が無い）
inaturalist_kanagawa__370211733,inaturalist_kanagawa,,2026-06-09,,,,scientific_name等の分類群情報が空欄で照合材料が無い（taxon_key自体が無い）
inaturalist_kanagawa__370258206,inaturalist_kanagawa,,2026-06-10,,,,scientific_name等の分類群情報が空欄で照合材料が無い（taxon_key自体が無い）
inaturalist_kanagawa__371461506,inaturalist_kanagawa,,2026-06-14,,,,scientific_name等の分類群情報が空欄で照合材料が無い（taxon_key自体が無い）
inaturalist_kanagawa__371472153,inaturalist_kanagawa,,2026-06-14,,,,scientific_name等の分類群情報が空欄で照合材料が無い（taxon_key自体が無い）
inaturalist_kanagawa__373022403,inaturalist_kanagawa,,2026-06-18,,,,scientific_name等の分類群情報が空欄で照合材料が無い（taxon_key自体が無い）
inaturalist_kanagawa__373162135,inaturalist_kanagawa,,2026-06-19,,,,scientific_name等の分類群情報が空欄で照合材料が無い（taxon_key自体が無い）
inaturalist_kanagawa__373174789,inaturalist_kanagawa,,2026-06-19,,,,scientific_name等の分類群情報が空欄で照合材料が無い（taxon_key自体が無い）
inaturalist_kanagawa__373233668,inaturalist_kanagawa,,2026-06-18,,,,scientific_name等の分類群情報が空欄で照合材料が無い（taxon_key自体が無い）
inaturalist_kanagawa__373848467,inaturalist_kanagawa,,2026-06-21,,,,scientific_name等の分類群情報が空欄で照合材料が無い（taxon_key自体が無い）
inaturalist_kanagawa__374523444,inaturalist_kanagawa,,2026-06-09,,,,scientific_name等の分類群情報が空欄で照合材料が無い（taxon_key自体が無い）
inaturalist_kanagawa__374523516,inaturalist_kanagawa,,2026-06-09,,,,scientific_name等の分類群情報が空欄で照合材料が無い（taxon_key自体が無い）
inaturalist_kanagawa__375690109,inaturalist_kanagawa,,2026-06-27,,,,scientific_name等の分類群情報が空欄で照合材料が無い（taxon_key自体が無い）
inaturalist_kanagawa__376056862,inaturalist_kanagawa,,2026-06-28,,,,scientific_name等の分類群情報が空欄で照合材料が無い（taxon_key自体が無い）
inaturalist_kanagawa__376471638,inaturalist_kanagawa,,2026-06-29,,,,scientific_name等の分類群情報が空欄で照合材料が無い（taxon_key自体が無い）
inaturalist_kanagawa__377410374,inaturalist_kanagawa,,2026-07-02,,,,scientific_name等の分類群情報が空欄で照合材料が無い（taxon_key自体が無い）
inaturalist_kanagawa__377604839,inaturalist_kanagawa,,2026-07-03,,,,scientific_name等の分類群情報が空欄で照合材料が無い（taxon_key自体が無い）
inaturalist_kanagawa__377712397,inaturalist_kanagawa,,2026-07-03,,,,scientific_name等の分類群情報が空欄で照合材料が無い（taxon_key自体が無い）
inaturalist_kanagawa__377712934,inaturalist_kanagawa,,2026-07-03,,,,scientific_name等の分類群情報が空欄で照合材料が無い（taxon_key自体が無い）
inaturalist_kanagawa__377713153,inaturalist_kanagawa,,2026-07-03,,,,scientific_name等の分類群情報が空欄で照合材料が無い（taxon_key自体が無い）
inaturalist_kanagawa__377713809,inaturalist_kanagawa,,2026-07-03,,,,scientific_name等の分類群情報が空欄で照合材料が無い（taxon_key自体が無い）
inaturalist_kanagawa__377882646,inaturalist_kanagawa,,,,,,scientific_name等の分類群情報が空欄で照合材料が無い（taxon_key自体が無い）
inaturalist_kanagawa__377882901,inaturalist_kanagawa,,,,,,scientific_name等の分類群情報が空欄で照合材料が無い（taxon_key自体が無い）
inaturalist_kanagawa__377942471,inaturalist_kanagawa,,2026-07-04,,,,scientific_name等の分類群情報が空欄で照合材料が無い（taxon_key自体が無い）
inaturalist_kanagawa__378305331,inaturalist_kanagawa,,2026-07-04,,,,scientific_name等の分類群情報が空欄で照合材料が無い（taxon_key自体が無い）
inaturalist_kanagawa__378308698,inaturalist_kanagawa,,2026-07-05,,,,scientific_name等の分類群情報が空欄で照合材料が無い（taxon_key自体が無い）
inaturalist_kanagawa__378308804,inaturalist_kanagawa,,2026-07-05,,,,scientific_name等の分類群情報が空欄で照合材料が無い（taxon_key自体が無い）
inaturalist_kanagawa__378321318,inaturalist_kanagawa,,2026-07-04,,,,scientific_name等の分類群情報が空欄で照合材料が無い（taxon_key自体が無い）
inaturalist_kanagawa__378934428,inaturalist_kanagawa,,2026-07-07,,,,scientific_name等の分類群情報が空欄で照合材料が無い（taxon_key自体が無い）
inaturalist_kanagawa__378940601,inaturalist_kanagawa,,2026-07-07,,,,scientific_name等の分類群情報が空欄で照合材料が無い（taxon_key自体が無い）
inaturalist_kanagawa__378983172,inaturalist_kanagawa,,2026-07-07,,,,scientific_name等の分類群情報が空欄で照合材料が無い（taxon_key自体が無い）
inaturalist_kanagawa__378983253,inaturalist_kanagawa,,2026-07-07,,,,scientific_name等の分類群情報が空欄で照合材料が無い（taxon_key自体が無い）
inaturalist_kanagawa__379079184,inaturalist_kanagawa,,2026-07-07,,,,scientific_name等の分類群情報が空欄で照合材料が無い（taxon_key自体が無い）
inaturalist_kanagawa__379079287,inaturalist_kanagawa,,2026-07-07,,,,scientific_name等の分類群情報が空欄で照合材料が無い（taxon_key自体が無い）
inaturalist_kanagawa__379079328,inaturalist_kanagawa,,2026-07-07,,,,scientific_name等の分類群情報が空欄で照合材料が無い（taxon_key自体が無い）
inaturalist_kanagawa__379079451,inaturalist_kanagawa,,2026-07-07,,,,scientific_name等の分類群情報が空欄で照合材料が無い（taxon_key自体が無い）
inaturalist_kanagawa__379079841,inaturalist_kanagawa,,2026-07-07,,,,scientific_name等の分類群情報が空欄で照合材料が無い（taxon_key自体が無い）
inaturalist_kanagawa__379079934,inaturalist_kanagawa,,2026-07-07,,,,scientific_name等の分類群情報が空欄で照合材料が無い（taxon_key自体が無い）
inaturalist_kanagawa__379079989,inaturalist_kanagawa,,2026-07-07,,,,scientific_name等の分類群情報が空欄で照合材料が無い（taxon_key自体が無い）
inaturalist_kanagawa__379080021,inaturalist_kanagawa,,2026-07-07,,,,scientific_name等の分類群情報が空欄で照合材料が無い（taxon_key自体が無い）
inaturalist_kanagawa__379080065,inaturalist_kanagawa,,2026-07-07,,,,scientific_name等の分類群情報が空欄で照合材料が無い（taxon_key自体が無い）
inaturalist_kanagawa__379080108,inaturalist_kanagawa,,2026-07-07,,,,scientific_name等の分類群情報が空欄で照合材料が無い（taxon_key自体が無い）
inaturalist_kanagawa__379080147,inaturalist_kanagawa,,2026-07-07,,,,scientific_name等の分類群情報が空欄で照合材料が無い（taxon_key自体が無い）
inaturalist_kanagawa__379080195,inaturalist_kanagawa,,2026-07-07,,,,scientific_name等の分類群情報が空欄で照合材料が無い（taxon_key自体が無い）
inaturalist_kanagawa__379080258,inaturalist_kanagawa,,2026-07-07,,,,scientific_name等の分類群情報が空欄で照合材料が無い（taxon_key自体が無い）
inaturalist_kanagawa__379080293,inaturalist_kanagawa,,2026-07-07,,,,scientific_name等の分類群情報が空欄で照合材料が無い（taxon_key自体が無い）
inaturalist_kanagawa__379080347,inaturalist_kanagawa,,2026-07-07,,,,scientific_name等の分類群情報が空欄で照合材料が無い（taxon_key自体が無い）
inaturalist_kanagawa__379080554,inaturalist_kanagawa,,2026-07-07,,,,scientific_name等の分類群情報が空欄で照合材料が無い（taxon_key自体が無い）
inaturalist_kanagawa__379080596,inaturalist_kanagawa,,2026-07-07,,,,scientific_name等の分類群情報が空欄で照合材料が無い（taxon_key自体が無い）
inaturalist_kanagawa__379080686,inaturalist_kanagawa,,2026-07-07,,,,scientific_name等の分類群情報が空欄で照合材料が無い（taxon_key自体が無い）
inaturalist_kanagawa__379080717,inaturalist_kanagawa,,2026-07-07,,,,scientific_name等の分類群情報が空欄で照合材料が無い（taxon_key自体が無い）
inaturalist_kanagawa__379080799,inaturalist_kanagawa,,2026-07-07,,,,scientific_name等の分類群情報が空欄で照合材料が無い（taxon_key自体が無い）
inaturalist_kanagawa__379080872,inaturalist_kanagawa,,2026-07-07,,,,scientific_name等の分類群情報が空欄で照合材料が無い（taxon_key自体が無い）
inaturalist_kanagawa__379080912,inaturalist_kanagawa,,2026-07-07,,,,scientific_name等の分類群情報が空欄で照合材料が無い（taxon_key自体が無い）
inaturalist_kanagawa__379080943,inaturalist_kanagawa,,2026-07-07,,,,scientific_name等の分類群情報が空欄で照合材料が無い（taxon_key自体が無い）
inaturalist_kanagawa__379080979,inaturalist_kanagawa,,2026-07-07,,,,scientific_name等の分類群情報が空欄で照合材料が無い（taxon_key自体が無い）
inaturalist_kanagawa__379081180,inaturalist_kanagawa,,2026-07-07,,,,scientific_name等の分類群情報が空欄で照合材料が無い（taxon_key自体が無い）
inaturalist_kanagawa__379081231,inaturalist_kanagawa,,2026-07-07,,,,scientific_name等の分類群情報が空欄で照合材料が無い（taxon_key自体が無い）
inaturalist_kanagawa__379081265,inaturalist_kanagawa,,2026-07-07,,,,scientific_name等の分類群情報が空欄で照合材料が無い（taxon_key自体が無い）
inaturalist_kanagawa__379081299,inaturalist_kanagawa,,2026-07-07,,,,scientific_name等の分類群情報が空欄で照合材料が無い（taxon_key自体が無い）
inaturalist_kanagawa__379081353,inaturalist_kanagawa,,2026-07-07,,,,scientific_name等の分類群情報が空欄で照合材料が無い（taxon_key自体が無い）
inaturalist_kanagawa__379081390,inaturalist_kanagawa,,2026-07-07,,,,scientific_name等の分類群情報が空欄で照合材料が無い（taxon_key自体が無い）
inaturalist_kanagawa__379081451,inaturalist_kanagawa,,2026-07-07,,,,scientific_name等の分類群情報が空欄で照合材料が無い（taxon_key自体が無い）
inaturalist_kanagawa__379081501,inaturalist_kanagawa,,2026-07-07,,,,scientific_name等の分類群情報が空欄で照合材料が無い（taxon_key自体が無い）
inaturalist_kanagawa__379081541,inaturalist_kanagawa,,2026-07-07,,,,scientific_name等の分類群情報が空欄で照合材料が無い（taxon_key自体が無い）
inaturalist_kanagawa__379081632,inaturalist_kanagawa,,2026-07-07,,,,scientific_name等の分類群情報が空欄で照合材料が無い（taxon_key自体が無い）
inaturalist_kanagawa__379081681,inaturalist_kanagawa,,2026-07-07,,,,scientific_name等の分類群情報が空欄で照合材料が無い（taxon_key自体が無い）
inaturalist_kanagawa__379081704,inaturalist_kanagawa,,2026-07-07,,,,scientific_name等の分類群情報が空欄で照合材料が無い（taxon_key自体が無い）
inaturalist_kanagawa__379190809,inaturalist_kanagawa,,2026-07-07,,,,scientific_name等の分類群情報が空欄で照合材料が無い（taxon_key自体が無い）
inaturalist_kanagawa__379207554,inaturalist_kanagawa,,2026-07-08,,,,scientific_name等の分類群情報が空欄で照合材料が無い（taxon_key自体が無い）
inaturalist_kanagawa__379210987,inaturalist_kanagawa,,2026-07-08,,,,scientific_name等の分類群情報が空欄で照合材料が無い（taxon_key自体が無い）
inaturalist_kanagawa__379212122,inaturalist_kanagawa,,2026-07-08,,,,scientific_name等の分類群情報が空欄で照合材料が無い（taxon_key自体が無い）
inaturalist_kanagawa__379218879,inaturalist_kanagawa,,2026-07-08,,,,scientific_name等の分類群情報が空欄で照合材料が無い（taxon_key自体が無い）
inaturalist_kanagawa__379218919,inaturalist_kanagawa,,2026-07-08,,,,scientific_name等の分類群情報が空欄で照合材料が無い（taxon_key自体が無い）
inaturalist_kanagawa__379219620,inaturalist_kanagawa,,2026-07-08,,,,scientific_name等の分類群情報が空欄で照合材料が無い（taxon_key自体が無い）
inaturalist_kanagawa__379221326,inaturalist_kanagawa,,2026-07-08,,,,scientific_name等の分類群情報が空欄で照合材料が無い（taxon_key自体が無い）
inaturalist_kanagawa__379221441,inaturalist_kanagawa,,2026-07-08,,,,scientific_name等の分類群情報が空欄で照合材料が無い（taxon_key自体が無い）
inaturalist_kanagawa__379221477,inaturalist_kanagawa,,2026-07-08,,,,scientific_name等の分類群情報が空欄で照合材料が無い（taxon_key自体が無い）
inaturalist_kanagawa__379227571,inaturalist_kanagawa,,2026-07-08,,,,scientific_name等の分類群情報が空欄で照合材料が無い（taxon_key自体が無い）
inaturalist_kanagawa__379253212,inaturalist_kanagawa,,2026-07-08,,,,scientific_name等の分類群情報が空欄で照合材料が無い（taxon_key自体が無い）
inaturalist_kanagawa__379253248,inaturalist_kanagawa,,2026-07-08,,,,scientific_name等の分類群情報が空欄で照合材料が無い（taxon_key自体が無い）
inaturalist_kanagawa__379253283,inaturalist_kanagawa,,2026-07-08,,,,scientific_name等の分類群情報が空欄で照合材料が無い（taxon_key自体が無い）
inaturalist_kanagawa__379253299,inaturalist_kanagawa,,2026-07-08,,,,scientific_name等の分類群情報が空欄で照合材料が無い（taxon_key自体が無い）
inaturalist_kanagawa__379253324,inaturalist_kanagawa,,2026-07-08,,,,scientific_name等の分類群情報が空欄で照合材料が無い（taxon_key自体が無い）
inaturalist_kanagawa__379253339,inaturalist_kanagawa,,2026-07-08,,,,scientific_name等の分類群情報が空欄で照合材料が無い（taxon_key自体が無い）
inaturalist_kanagawa__379253362,inaturalist_kanagawa,,2026-07-08,,,,scientific_name等の分類群情報が空欄で照合材料が無い（taxon_key自体が無い）
inaturalist_kanagawa__379260534,inaturalist_kanagawa,,2026-07-08,,,,scientific_name等の分類群情報が空欄で照合材料が無い（taxon_key自体が無い）
inaturalist_kanagawa__379260726,inaturalist_kanagawa,,2026-07-08,,,,scientific_name等の分類群情報が空欄で照合材料が無い（taxon_key自体が無い）
inaturalist_kanagawa__379285157,inaturalist_kanagawa,,2026-07-08,,,,scientific_name等の分類群情報が空欄で照合材料が無い（taxon_key自体が無い）
inaturalist_kanagawa__379294778,inaturalist_kanagawa,,2026-07-08,,,,scientific_name等の分類群情報が空欄で照合材料が無い（taxon_key自体が無い）
inaturalist_kanagawa__379294800,inaturalist_kanagawa,,2026-07-08,,,,scientific_name等の分類群情報が空欄で照合材料が無い（taxon_key自体が無い）
inaturalist_kanagawa__379295359,inaturalist_kanagawa,,2026-07-08,,,,scientific_name等の分類群情報が空欄で照合材料が無い（taxon_key自体が無い）
inaturalist_kanagawa__379305641,inaturalist_kanagawa,,2026-07-08,,,,scientific_name等の分類群情報が空欄で照合材料が無い（taxon_key自体が無い）
inaturalist_kanagawa__379305743,inaturalist_kanagawa,,2026-07-08,,,,scientific_name等の分類群情報が空欄で照合材料が無い（taxon_key自体が無い）
inaturalist_kanagawa__379305814,inaturalist_kanagawa,,2026-07-08,,,,scientific_name等の分類群情報が空欄で照合材料が無い（taxon_key自体が無い）
inaturalist_kanagawa__379306421,inaturalist_kanagawa,,2026-07-08,,,,scientific_name等の分類群情報が空欄で照合材料が無い（taxon_key自体が無い）
inaturalist_kanagawa__379306437,inaturalist_kanagawa,,2026-07-08,,,,scientific_name等の分類群情報が空欄で照合材料が無い（taxon_key自体が無い）
inaturalist_kanagawa__379309168,inaturalist_kanagawa,,2026-07-08,,,,scientific_name等の分類群情報が空欄で照合材料が無い（taxon_key自体が無い）
inaturalist_kanagawa__379309195,inaturalist_kanagawa,,2026-07-08,,,,scientific_name等の分類群情報が空欄で照合材料が無い（taxon_key自体が無い）
inaturalist_kanagawa__379309874,inaturalist_kanagawa,,2026-07-08,,,,scientific_name等の分類群情報が空欄で照合材料が無い（taxon_key自体が無い）
inaturalist_kanagawa__379313455,inaturalist_kanagawa,,2026-07-08,,,,scientific_name等の分類群情報が空欄で照合材料が無い（taxon_key自体が無い）
inaturalist_kanagawa__379313505,inaturalist_kanagawa,,2026-07-08,,,,scientific_name等の分類群情報が空欄で照合材料が無い（taxon_key自体が無い）
inaturalist_kanagawa__379314107,inaturalist_kanagawa,,2026-07-08,,,,scientific_name等の分類群情報が空欄で照合材料が無い（taxon_key自体が無い）
inaturalist_kanagawa__379325508,inaturalist_kanagawa,,2026-07-08,,,,scientific_name等の分類群情報が空欄で照合材料が無い（taxon_key自体が無い）
inaturalist_kanagawa__379325522,inaturalist_kanagawa,,2026-06-04,,,,scientific_name等の分類群情報が空欄で照合材料が無い（taxon_key自体が無い）
inaturalist_kanagawa__379325613,inaturalist_kanagawa,,2026-07-08,,,,scientific_name等の分類群情報が空欄で照合材料が無い（taxon_key自体が無い）
inaturalist_kanagawa__379325990,inaturalist_kanagawa,,2026-06-04,,,,scientific_name等の分類群情報が空欄で照合材料が無い（taxon_key自体が無い）
inaturalist_kanagawa__379326742,inaturalist_kanagawa,,2026-06-04,,,,scientific_name等の分類群情報が空欄で照合材料が無い（taxon_key自体が無い）
inaturalist_kanagawa__379328169,inaturalist_kanagawa,,2026-06-04,,,,scientific_name等の分類群情報が空欄で照合材料が無い（taxon_key自体が無い）
inaturalist_kanagawa__379328750,inaturalist_kanagawa,,2026-06-04,,,,scientific_name等の分類群情報が空欄で照合材料が無い（taxon_key自体が無い）
inaturalist_kanagawa__379329317,inaturalist_kanagawa,,2026-06-04,,,,scientific_name等の分類群情報が空欄で照合材料が無い（taxon_key自体が無い）
inaturalist_kanagawa__379610406,inaturalist_kanagawa,,2026-07-09,,,,scientific_name等の分類群情報が空欄で照合材料が無い（taxon_key自体が無い）
inaturalist_kanagawa__379610731,inaturalist_kanagawa,,2026-07-09,,,,scientific_name等の分類群情報が空欄で照合材料が無い（taxon_key自体が無い）
inaturalist_kanagawa__379610865,inaturalist_kanagawa,,2026-07-09,,,,scientific_name等の分類群情報が空欄で照合材料が無い（taxon_key自体が無い）
inaturalist_kanagawa__379610930,inaturalist_kanagawa,,2026-07-09,,,,scientific_name等の分類群情報が空欄で照合材料が無い（taxon_key自体が無い）
inaturalist_kanagawa__379611361,inaturalist_kanagawa,,2026-07-09,,,,scientific_name等の分類群情報が空欄で照合材料が無い（taxon_key自体が無い）
inaturalist_kanagawa__379612009,inaturalist_kanagawa,,2026-07-09,,,,scientific_name等の分類群情報が空欄で照合材料が無い（taxon_key自体が無い）
inaturalist_kanagawa__379631336,inaturalist_kanagawa,,2026-07-09,,,,scientific_name等の分類群情報が空欄で照合材料が無い（taxon_key自体が無い）
inaturalist_kanagawa__379631370,inaturalist_kanagawa,,2026-07-09,,,,scientific_name等の分類群情報が空欄で照合材料が無い（taxon_key自体が無い）
inaturalist_kanagawa__379631403,inaturalist_kanagawa,,2026-07-09,,,,scientific_name等の分類群情報が空欄で照合材料が無い（taxon_key自体が無い）
inaturalist_kanagawa__379631431,inaturalist_kanagawa,,2026-07-09,,,,scientific_name等の分類群情報が空欄で照合材料が無い（taxon_key自体が無い）
inaturalist_kanagawa__379631485,inaturalist_kanagawa,,2026-07-09,,,,scientific_name等の分類群情報が空欄で照合材料が無い（taxon_key自体が無い）
inaturalist_kanagawa__379631529,inaturalist_kanagawa,,2026-07-09,,,,scientific_name等の分類群情報が空欄で照合材料が無い（taxon_key自体が無い）
inaturalist_kanagawa__379631612,inaturalist_kanagawa,,2026-07-09,,,,scientific_name等の分類群情報が空欄で照合材料が無い（taxon_key自体が無い）
inaturalist_kanagawa__379650460,inaturalist_kanagawa,,2026-06-04,,,,scientific_name等の分類群情報が空欄で照合材料が無い（taxon_key自体が無い）
inaturalist_kanagawa__379659049,inaturalist_kanagawa,,2026-07-09,,,,scientific_name等の分類群情報が空欄で照合材料が無い（taxon_key自体が無い）
inaturalist_kanagawa__379659114,inaturalist_kanagawa,,2026-07-09,,,,scientific_name等の分類群情報が空欄で照合材料が無い（taxon_key自体が無い）
inaturalist_kanagawa__379659172,inaturalist_kanagawa,,2026-07-09,,,,scientific_name等の分類群情報が空欄で照合材料が無い（taxon_key自体が無い）
inaturalist_kanagawa__379659232,inaturalist_kanagawa,,2026-07-09,,,,scientific_name等の分類群情報が空欄で照合材料が無い（taxon_key自体が無い）
inaturalist_kanagawa__379659243,inaturalist_kanagawa,,2026-07-09,,,,scientific_name等の分類群情報が空欄で照合材料が無い（taxon_key自体が無い）
inaturalist_kanagawa__379659302,inaturalist_kanagawa,,2026-07-09,,,,scientific_name等の分類群情報が空欄で照合材料が無い（taxon_key自体が無い）
inaturalist_kanagawa__379659326,inaturalist_kanagawa,,2026-07-09,,,,scientific_name等の分類群情報が空欄で照合材料が無い（taxon_key自体が無い）
inaturalist_kanagawa__379659445,inaturalist_kanagawa,,2026-07-09,,,,scientific_name等の分類群情報が空欄で照合材料が無い（taxon_key自体が無い）
inaturalist_kanagawa__379659515,inaturalist_kanagawa,,2026-07-09,,,,scientific_name等の分類群情報が空欄で照合材料が無い（taxon_key自体が無い）
inaturalist_kanagawa__379659645,inaturalist_kanagawa,,2026-07-09,,,,scientific_name等の分類群情報が空欄で照合材料が無い（taxon_key自体が無い）
inaturalist_kanagawa__379659660,inaturalist_kanagawa,,2026-07-09,,,,scientific_name等の分類群情報が空欄で照合材料が無い（taxon_key自体が無い）
inaturalist_kanagawa__379659670,inaturalist_kanagawa,,2026-07-09,,,,scientific_name等の分類群情報が空欄で照合材料が無い（taxon_key自体が無い）
inaturalist_kanagawa__379659704,inaturalist_kanagawa,,2026-07-09,,,,scientific_name等の分類群情報が空欄で照合材料が無い（taxon_key自体が無い）
inaturalist_kanagawa__379659712,inaturalist_kanagawa,,2026-07-09,,,,scientific_name等の分類群情報が空欄で照合材料が無い（taxon_key自体が無い）
inaturalist_kanagawa__379659749,inaturalist_kanagawa,,2026-07-09,,,,scientific_name等の分類群情報が空欄で照合材料が無い（taxon_key自体が無い）
inaturalist_kanagawa__379659763,inaturalist_kanagawa,,2026-07-09,,,,scientific_name等の分類群情報が空欄で照合材料が無い（taxon_key自体が無い）
inaturalist_kanagawa__379659780,inaturalist_kanagawa,,2026-07-09,,,,scientific_name等の分類群情報が空欄で照合材料が無い（taxon_key自体が無い）
inaturalist_kanagawa__379661268,inaturalist_kanagawa,,2026-07-09,,,,scientific_name等の分類群情報が空欄で照合材料が無い（taxon_key自体が無い）
inaturalist_kanagawa__379661321,inaturalist_kanagawa,,2026-07-09,,,,scientific_name等の分類群情報が空欄で照合材料が無い（taxon_key自体が無い）
inaturalist_kanagawa__379661580,inaturalist_kanagawa,,2026-07-09,,,,scientific_name等の分類群情報が空欄で照合材料が無い（taxon_key自体が無い）
inaturalist_kanagawa__379920109,inaturalist_kanagawa,,2026-07-10,,,,scientific_name等の分類群情報が空欄で照合材料が無い（taxon_key自体が無い）
inaturalist_kanagawa__380164595,inaturalist_kanagawa,,2026-07-10,,,,scientific_name等の分類群情報が空欄で照合材料が無い（taxon_key自体が無い）
inaturalist_kanagawa__380171003,inaturalist_kanagawa,,2026-07-10,,,,scientific_name等の分類群情報が空欄で照合材料が無い（taxon_key自体が無い）
inaturalist_kanagawa__380568324,inaturalist_kanagawa,,2026-07-11,,,,scientific_name等の分類群情報が空欄で照合材料が無い（taxon_key自体が無い）
inaturalist_kanagawa__381556321,inaturalist_kanagawa,,2026-07-12,,,,scientific_name等の分類群情報が空欄で照合材料が無い（taxon_key自体が無い）
inaturalist_kanagawa__38215562,inaturalist_kanagawa,,2020-02-02,,,,scientific_name等の分類群情報が空欄で照合材料が無い（taxon_key自体が無い）
inaturalist_kanagawa__382212407,inaturalist_kanagawa,,2026-07-17,,,,scientific_name等の分類群情報が空欄で照合材料が無い（taxon_key自体が無い）
inaturalist_kanagawa__383151818,inaturalist_kanagawa,,2026-07-19,,,,scientific_name等の分類群情報が空欄で照合材料が無い（taxon_key自体が無い）
inaturalist_kanagawa__383423333,inaturalist_kanagawa,,2026-06-20,,,,scientific_name等の分類群情報が空欄で照合材料が無い（taxon_key自体が無い）
inaturalist_kanagawa__383423360,inaturalist_kanagawa,,2026-06-20,,,,scientific_name等の分類群情報が空欄で照合材料が無い（taxon_key自体が無い）
inaturalist_kanagawa__384495794,inaturalist_kanagawa,,2026-07-24,,,,scientific_name等の分類群情報が空欄で照合材料が無い（taxon_key自体が無い）
inaturalist_kanagawa__384791114,inaturalist_kanagawa,,2026-07-25,,,,scientific_name等の分類群情報が空欄で照合材料が無い（taxon_key自体が無い）
inaturalist_kanagawa__384791306,inaturalist_kanagawa,,2026-07-25,,,,scientific_name等の分類群情報が空欄で照合材料が無い（taxon_key自体が無い）
inaturalist_kanagawa__384795893,inaturalist_kanagawa,,2026-07-25,,,,scientific_name等の分類群情報が空欄で照合材料が無い（taxon_key自体が無い）
inaturalist_kanagawa__384796760,inaturalist_kanagawa,,2026-07-25,,,,scientific_name等の分類群情報が空欄で照合材料が無い（taxon_key自体が無い）
inaturalist_kanagawa__385199397,inaturalist_kanagawa,,2026-06-29,,,,scientific_name等の分類群情報が空欄で照合材料が無い（taxon_key自体が無い）
inaturalist_kanagawa__386489598,inaturalist_kanagawa,,2026-07-30,,,,scientific_name等の分類群情報が空欄で照合材料が無い（taxon_key自体が無い）
inaturalist_kanagawa__386489602,inaturalist_kanagawa,,2026-07-30,,,,scientific_name等の分類群情報が空欄で照合材料が無い（taxon_key自体が無い）
inaturalist_kanagawa__386510174,inaturalist_kanagawa,,2026-07-30,,,,scientific_name等の分類群情報が空欄で照合材料が無い（taxon_key自体が無い）
inaturalist_kanagawa__386510296,inaturalist_kanagawa,,2026-07-30,,,,scientific_name等の分類群情報が空欄で照合材料が無い（taxon_key自体が無い）
inaturalist_kanagawa__386512831,inaturalist_kanagawa,,2026-07-30,,,,scientific_name等の分類群情報が空欄で照合材料が無い（taxon_key自体が無い）
inaturalist_kanagawa__386512876,inaturalist_kanagawa,,2026-07-30,,,,scientific_name等の分類群情報が空欄で照合材料が無い（taxon_key自体が無い）
inaturalist_kanagawa__386514356,inaturalist_kanagawa,,2026-07-30,,,,scientific_name等の分類群情報が空欄で照合材料が無い（taxon_key自体が無い）
inaturalist_kanagawa__386579618,inaturalist_kanagawa,,2026-07-30,,,,scientific_name等の分類群情報が空欄で照合材料が無い（taxon_key自体が無い）
inaturalist_kanagawa__387048952,inaturalist_kanagawa,,2026-05-02,,,,scientific_name等の分類群情報が空欄で照合材料が無い（taxon_key自体が無い）
inaturalist_kanagawa__387808158,inaturalist_kanagawa,,2026-08-03,,,,scientific_name等の分類群情報が空欄で照合材料が無い（taxon_key自体が無い）
inaturalist_kanagawa__388096100,inaturalist_kanagawa,,2026-08-04,,,,scientific_name等の分類群情報が空欄で照合材料が無い（taxon_key自体が無い）
inaturalist_kanagawa__388107908,inaturalist_kanagawa,,2026-08-04,,,,scientific_name等の分類群情報が空欄で照合材料が無い（taxon_key自体が無い）
inaturalist_kanagawa__388592776,inaturalist_kanagawa,,2026-08-06,,,,scientific_name等の分類群情報が空欄で照合材料が無い（taxon_key自体が無い）
inaturalist_kanagawa__388678769,inaturalist_kanagawa,,2026-08-04,,,,scientific_name等の分類群情報が空欄で照合材料が無い（taxon_key自体が無い）
inaturalist_kanagawa__388890233,inaturalist_kanagawa,,2026-07-27,,,,scientific_name等の分類群情報が空欄で照合材料が無い（taxon_key自体が無い）
inaturalist_kanagawa__388963301,inaturalist_kanagawa,,2026-08-07,,,,scientific_name等の分類群情報が空欄で照合材料が無い（taxon_key自体が無い）
inaturalist_kanagawa__388963339,inaturalist_kanagawa,,2026-08-07,,,,scientific_name等の分類群情報が空欄で照合材料が無い（taxon_key自体が無い）
inaturalist_kanagawa__388965067,inaturalist_kanagawa,,2026-08-07,,,,scientific_name等の分類群情報が空欄で照合材料が無い（taxon_key自体が無い）
inaturalist_kanagawa__388965428,inaturalist_kanagawa,,2026-08-07,,,,scientific_name等の分類群情報が空欄で照合材料が無い（taxon_key自体が無い）
inaturalist_kanagawa__389537484,inaturalist_kanagawa,,2026-08-09,,,,scientific_name等の分類群情報が空欄で照合材料が無い（taxon_key自体が無い）
inaturalist_kanagawa__389545727,inaturalist_kanagawa,,2026-08-09,,,,scientific_name等の分類群情報が空欄で照合材料が無い（taxon_key自体が無い）
inaturalist_kanagawa__389876179,inaturalist_kanagawa,,2026-08-10,,,,scientific_name等の分類群情報が空欄で照合材料が無い（taxon_key自体が無い）
inaturalist_kanagawa__390237561,inaturalist_kanagawa,,2026-08-11,,,,scientific_name等の分類群情報が空欄で照合材料が無い（taxon_key自体が無い）
inaturalist_kanagawa__390283268,inaturalist_kanagawa,,2026-08-11,,,,scientific_name等の分類群情報が空欄で照合材料が無い（taxon_key自体が無い）
inaturalist_kanagawa__390633702,inaturalist_kanagawa,,2026-08-09,,,,scientific_name等の分類群情報が空欄で照合材料が無い（taxon_key自体が無い）
inaturalist_kanagawa__390634154,inaturalist_kanagawa,,2026-08-09,,,,scientific_name等の分類群情報が空欄で照合材料が無い（taxon_key自体が無い）
inaturalist_kanagawa__390635442,inaturalist_kanagawa,,,,,,scientific_name等の分類群情報が空欄で照合材料が無い（taxon_key自体が無い）
inaturalist_kanagawa__390751709,inaturalist_kanagawa,,2026-08-11,,,,scientific_name等の分類群情報が空欄で照合材料が無い（taxon_key自体が無い）
inaturalist_kanagawa__390773690,inaturalist_kanagawa,,2026-08-13,,,,scientific_name等の分類群情報が空欄で照合材料が無い（taxon_key自体が無い）
inaturalist_kanagawa__390773712,inaturalist_kanagawa,,2026-08-13,,,,scientific_name等の分類群情報が空欄で照合材料が無い（taxon_key自体が無い）
inaturalist_kanagawa__390773793,inaturalist_kanagawa,,2026-08-13,,,,scientific_name等の分類群情報が空欄で照合材料が無い（taxon_key自体が無い）
inaturalist_kanagawa__390781983,inaturalist_kanagawa,,2026-08-13,,,,scientific_name等の分類群情報が空欄で照合材料が無い（taxon_key自体が無い）
inaturalist_kanagawa__390851032,inaturalist_kanagawa,,2026-08-13,,,,scientific_name等の分類群情報が空欄で照合材料が無い（taxon_key自体が無い）
inaturalist_kanagawa__390931572,inaturalist_kanagawa,,2026-07-04,,,,scientific_name等の分類群情報が空欄で照合材料が無い（taxon_key自体が無い）
inaturalist_kanagawa__391035049,inaturalist_kanagawa,,2026-08-14,,,,scientific_name等の分類群情報が空欄で照合材料が無い（taxon_key自体が無い）
inaturalist_kanagawa__391345105,inaturalist_kanagawa,,2026-08-15,,,,scientific_name等の分類群情報が空欄で照合材料が無い（taxon_key自体が無い）
inaturalist_kanagawa__391345421,inaturalist_kanagawa,,2026-08-15,,,,scientific_name等の分類群情報が空欄で照合材料が無い（taxon_key自体が無い）
inaturalist_kanagawa__391750126,inaturalist_kanagawa,,2026-08-15,,,,scientific_name等の分類群情報が空欄で照合材料が無い（taxon_key自体が無い）
inaturalist_kanagawa__392321435,inaturalist_kanagawa,,2026-08-16,,,,scientific_name等の分類群情報が空欄で照合材料が無い（taxon_key自体が無い）
inaturalist_kanagawa__392635985,inaturalist_kanagawa,,2026-08-18,,,,scientific_name等の分類群情報が空欄で照合材料が無い（taxon_key自体が無い）
inaturalist_kanagawa__392821676,inaturalist_kanagawa,,2026-08-20,,,,scientific_name等の分類群情報が空欄で照合材料が無い（taxon_key自体が無い）
inaturalist_kanagawa__392831044,inaturalist_kanagawa,,2026-08-20,,,,scientific_name等の分類群情報が空欄で照合材料が無い（taxon_key自体が無い）
inaturalist_kanagawa__392856211,inaturalist_kanagawa,,2026-08-20,,,,scientific_name等の分類群情報が空欄で照合材料が無い（taxon_key自体が無い）
inaturalist_kanagawa__393084045,inaturalist_kanagawa,,2026-08-21,,,,scientific_name等の分類群情報が空欄で照合材料が無い（taxon_key自体が無い）
inaturalist_kanagawa__393359589,inaturalist_kanagawa,,2026-08-22,,,,scientific_name等の分類群情報が空欄で照合材料が無い（taxon_key自体が無い）
inaturalist_kanagawa__393406084,inaturalist_kanagawa,,2026-08-22,,,,scientific_name等の分類群情報が空欄で照合材料が無い（taxon_key自体が無い）
inaturalist_kanagawa__393434729,inaturalist_kanagawa,,2026-08-22,,,,scientific_name等の分類群情報が空欄で照合材料が無い（taxon_key自体が無い）
inaturalist_kanagawa__393716159,inaturalist_kanagawa,,2026-08-23,,,,scientific_name等の分類群情報が空欄で照合材料が無い（taxon_key自体が無い）
inaturalist_kanagawa__394003728,inaturalist_kanagawa,,2026-08-23,,,,scientific_name等の分類群情報が空欄で照合材料が無い（taxon_key自体が無い）
inaturalist_kanagawa__394004534,inaturalist_kanagawa,,2026-08-23,,,,scientific_name等の分類群情報が空欄で照合材料が無い（taxon_key自体が無い）
inaturalist_kanagawa__394057994,inaturalist_kanagawa,,2026-08-22,,,,scientific_name等の分類群情報が空欄で照合材料が無い（taxon_key自体が無い）
inaturalist_kanagawa__394628686,inaturalist_kanagawa,,2026-08-24,,,,scientific_name等の分類群情報が空欄で照合材料が無い（taxon_key自体が無い）
inaturalist_kanagawa__395362685,inaturalist_kanagawa,,2026-08-29,,,,scientific_name等の分類群情報が空欄で照合材料が無い（taxon_key自体が無い）
inaturalist_kanagawa__40060099,inaturalist_kanagawa,,2020-03-16,,,,scientific_name等の分類群情報が空欄で照合材料が無い（taxon_key自体が無い）
inaturalist_kanagawa__40060109,inaturalist_kanagawa,,2020-03-16,,,,scientific_name等の分類群情報が空欄で照合材料が無い（taxon_key自体が無い）
inaturalist_kanagawa__40212695,inaturalist_kanagawa,,2020-03-19,,,,scientific_name等の分類群情報が空欄で照合材料が無い（taxon_key自体が無い）
inaturalist_kanagawa__40801420,inaturalist_kanagawa,,2020-03-27,,,,scientific_name等の分類群情報が空欄で照合材料が無い（taxon_key自体が無い）
inaturalist_kanagawa__41344810,inaturalist_kanagawa,,2020-04-04,,,,scientific_name等の分類群情報が空欄で照合材料が無い（taxon_key自体が無い）
inaturalist_kanagawa__41412452,inaturalist_kanagawa,,2020-04-05,,,,scientific_name等の分類群情報が空欄で照合材料が無い（taxon_key自体が無い）
inaturalist_kanagawa__41978357,inaturalist_kanagawa,,2020-04-12,,,,scientific_name等の分類群情報が空欄で照合材料が無い（taxon_key自体が無い）
inaturalist_kanagawa__46194924,inaturalist_kanagawa,,2020-05-16,,,,scientific_name等の分類群情報が空欄で照合材料が無い（taxon_key自体が無い）
inaturalist_kanagawa__46336713,inaturalist_kanagawa,,2020-05-18,,,,scientific_name等の分類群情報が空欄で照合材料が無い（taxon_key自体が無い）
inaturalist_kanagawa__46336913,inaturalist_kanagawa,,2020-05-18,,,,scientific_name等の分類群情報が空欄で照合材料が無い（taxon_key自体が無い）
inaturalist_kanagawa__46337222,inaturalist_kanagawa,,2020-05-18,,,,scientific_name等の分類群情報が空欄で照合材料が無い（taxon_key自体が無い）
inaturalist_kanagawa__49923537,inaturalist_kanagawa,,2020-06-17,,,,scientific_name等の分類群情報が空欄で照合材料が無い（taxon_key自体が無い）
inaturalist_kanagawa__52787023,inaturalist_kanagawa,,2020-07-10,,,,scientific_name等の分類群情報が空欄で照合材料が無い（taxon_key自体が無い）
inaturalist_kanagawa__56806233,inaturalist_kanagawa,,2020-08-18,,,,scientific_name等の分類群情報が空欄で照合材料が無い（taxon_key自体が無い）
inaturalist_kanagawa__61543257,inaturalist_kanagawa,,2020-10-03,,,,scientific_name等の分類群情報が空欄で照合材料が無い（taxon_key自体が無い）
inaturalist_kanagawa__64841727,inaturalist_kanagawa,,2020-11-14,,,,scientific_name等の分類群情報が空欄で照合材料が無い（taxon_key自体が無い）
inaturalist_kanagawa__66824031,inaturalist_kanagawa,,2020-12-20,,,,scientific_name等の分類群情報が空欄で照合材料が無い（taxon_key自体が無い）
inaturalist_kanagawa__68042088,inaturalist_kanagawa,,2021-01-14,,,,scientific_name等の分類群情報が空欄で照合材料が無い（taxon_key自体が無い）
inaturalist_kanagawa__78222236,inaturalist_kanagawa,,2021-05-10,,,,scientific_name等の分類群情報が空欄で照合材料が無い（taxon_key自体が無い）
inaturalist_kanagawa__8383334,inaturalist_kanagawa,,2015-05-24,,,,scientific_name等の分類群情報が空欄で照合材料が無い（taxon_key自体が無い）
inaturalist_kanagawa__85347050,inaturalist_kanagawa,,2021-07-02,,,,scientific_name等の分類群情報が空欄で照合材料が無い（taxon_key自体が無い）
