name_key,rank,taxon_id,scientific_name,vernacular_name_ja,tier,evidence,reviewed,name_example
aaroniellabadonneli,species,common:taxon:gbif.9222483,"Aaroniella badonneli (Danks, 1950)",,T3,GBIF match species 'Aaroniella badonneli' -> 9222483 (exact),0,Aaroniella badonneli（注）
aaroniella属の一種ky-2004,genus,common:taxon:gbif.1031485,"Aaroniella Mockford, 1951",,T5,GBIF match genus 'Aaroniella' -> 1031485 (exact) [rank_reduced],0,Aaroniella属の一種 KY-2004
acanthochitonasp.bdje-2018,genus,common:taxon:inat.246969,Acanthochitona,,T5,registry genus Acanthochitona [exact_name] [rank_reduced],0,Acanthochitona sp. B DJE-2018
acizziajamatonica,species,common:taxon:gbif.2014023,"Acizzia jamatonica (Kuwayama, 1908)",,T3,GBIF match species 'Acizzia jamatonica' -> 2014023 (exact),0,Acizzia jamatonica（注）
acridaungarica,species,common:taxon:gbif.1713668,"Acrida ungarica (Herbst, 1786)",,T3,GBIF match species 'Acrida ungarica' -> 1713668 (exact),0,Acrida ungarica（注）
acyrthosiphoncaraganae,species,common:taxon:gbif.2077518,"Acyrthosiphon caraganae (Cholodkovsky, 1908)",,T3,GBIF match species 'Acyrthosiphon caraganae' -> 2077518 (exact),0,Acyrthosiphon caraganae（注）
aeliasibirica,species,common:taxon:gbif.8895825,"Aelia sibirica Reuter, 1884",,T3,GBIF match species 'Aelia sibirica' -> 8895825 (exact),0,Aelia sibirica（注）
agrypnus属の一種,genus,common:taxon:inat.53241,Agrypnus,,T5,registry genus Agrypnus [rank_reduced],0,Agrypnus属の一種
agrypnus属の一種upolrk0004,genus,common:taxon:inat.53241,Agrypnus,,T5,registry genus Agrypnus [rank_reduced],0,Agrypnus属の一種 UPOL RK0004
allactoneuraの一種,genus,common:taxon:inat.1097650,Allactoneura,,T5,registry genus Allactoneura [rank_reduced],0,Allactoneuraの一種
allactoneura属の一種,genus,common:taxon:inat.1097650,Allactoneura,,T5,registry genus Allactoneura [rank_reduced],0,Allactoneura属の一種
allocapniarecta,species,common:taxon:gbif.2002135,"Allocapnia recta (Claassen, 1924)",,T3,GBIF match species 'Allocapnia recta' -> 2002135 (exact),0,Allocapnia recta（注）
alticini属の一種ibe-jgz-01000,family,common:taxon:gbif.7780,Chrysomelidae,,T5,registry family Chrysomelidae [prefer_gbif_namespace] (同じ科の種から ハムシ科 -> Chrysomelidae) (シートの科 ハムシ科; Alticini は GBIF で決まらない (status_doubtful)) [rank_reduced],0,Alticini属の一種 IBE-JGZ-01000
alulatettixyunnanensis,species,common:taxon:gbif.1681790,"Alulatettix yunnanensis Liang, 1993",,T3,GBIF match species 'Alulatettix yunnanensis' -> 1681790 (exact),0,Alulatettix yunnanensis（注）
amblyjoppa属の一種,genus,common:taxon:gbif.1294304,"Amblyjoppa Cameron, 1902",,T5,GBIF match genus 'Amblyjoppa' -> 1294304 (exact) [rank_reduced],0,Amblyjoppa属の一種
ampullaceanalagotis,species,common:taxon:gbif.9960019,"Ampullaceana lagotis (Schrank, 1803)",,T3,GBIF match species 'Ampullaceana lagotis' -> 9960019 (exact),0,Ampullaceana lagotis（注）
anaciaeschnadonaldi,species,common:taxon:gbif.1424925,"Anaciaeschna martini (Selys, 1897)",,T3,GBIF match species 'Anaciaeschna donaldi' -> 1424925 (synonym_of(1424913)); registry に既存,0,Anaciaeschna donaldi（配列一致率では海外種となるが生息域等を考慮するとマルタンヤンマの可能性あり）
anisolabididae属の一種ns-2016,family,common:taxon:inat.245158,Anisolabididae,,T5,registry family Anisolabididae [rank_reduced],0,Anisolabididae属の一種 NS-2016
anomalaluculenta/anomalaaulax,genus,common:taxon:inat.92957,Anomala,,T5,"併記の全成員が属 Anomala の種（Anomala luculenta->common:taxon:gbif.5989301; Anomala aulax->common:taxon:gbif.5988660）; registry genus Anomala [exact_name] [rank_reduced,name_ambiguous]",0,Anomala luculenta（注）/Anomala aulax（注）
anterhynchium属の一種qhz-2020,genus,common:taxon:gbif.1328068,"Anterhynchium de Saussure, 1863",,T5,GBIF match genus 'Anterhynchium' -> 1328068 (exact) [rank_reduced],0,Anterhynchium （Dirhynchium）属の一種 QHZ-2020
anthocoriskerzhneri,species,common:taxon:gbif.10830063,Anthocoris kerzhneri,,T3,GBIF match species 'Anthocoris kerzhneri' -> 10830063 (exact),0,Anthocoris kerzhneri（注）
antochabifida,species,common:taxon:gbif.1513904,"Antocha bifida Alexander, 1924",,T3,GBIF match species 'Antocha bifida' -> 1513904 (exact),0,Antocha bifida（和名なし）
antochadentifera,species,common:taxon:gbif.1513882,"Antocha dentifera Alexander, 1924",,T3,GBIF match species 'Antocha dentifera' -> 1513882 (exact),0,Antocha dentifera（和名なし）
antochadilatata,species,common:taxon:gbif.1513991,"Antocha dilatata Alexander, 1924",,T3,GBIF match species 'Antocha dilatata' -> 1513991 (exact),0,Antocha dilatata（和名なし）
aphanocephalus属の一種co935,genus,common:taxon:gbif.4721139,"Aphanocephalus Wollaston, 1873",,T5,registry genus Aphanocephalus [rank_reduced],0,Aphanocephalus属の一種 CO935
aphisurticata,species,common:taxon:gbif.2072294,"Aphis urticata Gmelin, 1790",,T3,GBIF match species 'Aphis urticata' -> 2072294 (exact),0,Aphis urticata（注）
aphis属の一種2hk-2010,genus,common:taxon:inat.55215,Aphis,,T5,registry genus Aphis [exact_name] [rank_reduced],0,Aphis属の一種 2 HK-2010
argeobesa,species,common:taxon:gbif.9837908,"Arge obesa Hara & Shinohara, 2012",,T3,GBIF match species 'Arge obesa' -> 9837908 (exact),0,Arge obesa（和名なし）
asaphessuspensus,species,common:taxon:gbif.1397345,"Asaphes suspensus (Nees, 1834)",,T3,GBIF match species 'Asaphes suspensus' -> 1397345 (exact),0,Asaphes suspensus（和名なし）
athaliaicar,genus,common:taxon:inat.333157,Athalia,,T5,種 Athalia icar は GBIF に無い (none) ので属 Athalia に寄せる; registry genus Athalia [exact_name] [rank_reduced],0,Athalia icar（注）
aulacorthumcorydalicola/acyrthosiphoncaraganae,genus,common:taxon:gbif.5735146,"Aulacorthum Mordvilko, 1914",,T5,"GBIF match genus 'Aulacorthum' -> 5735146 (exact) (シートの属 Aulacorthum属; 併記 Aulacorthum corydalicola/Acyrthosiphon caraganae) [rank_reduced,name_ambiguous]",0,Aulacorthum corydalicola（注）/Acyrthosiphon caraganae（注）
austrosciaraangustistylata,genus,common:taxon:gbif.1488196,"Austrosciara Schmitz & Mjöberg, 1924",,T5,種 Austrosciara angustistylata は GBIF に無い (none) ので属 Austrosciara に寄せる; registry genus Austrosciara [rank_reduced],0,Austrosciara angustistylata（注）
austrosciarainsolita,genus,common:taxon:gbif.1488196,"Austrosciara Schmitz & Mjöberg, 1924",,T5,種 Austrosciara insolita は GBIF に無い (none) ので属 Austrosciara に寄せる; registry genus Austrosciara [rank_reduced],0,Austrosciara insolita（注）
awaousgrammepomus,species,common:taxon:gbif.5208783,"Awaous grammepomus (Bleeker, 1849)",,T3,GBIF match species 'Awaous grammepomus' -> 5208783 (exact),0,Awaous grammepomus（注）
biasticusflavinotus,species,common:taxon:gbif.5735087,"Biasticus flavinotus (Matsumura, 1913)",,T3,GBIF match species 'Biasticus flavinotus' -> 5735087 (exact),0,Biasticus flavinotus（注）
borboresthes属の一種upolzl0068,genus,common:taxon:inat.706685,Borboresthes,,T5,registry genus Borboresthes [exact_name] [rank_reduced],0,Borboresthes属の一種 UPOLZL0068
bosminafreyi,species,common:taxon:gbif.5179985,"Bosmina freyi De Melo & Hebert, 1994",,T3,GBIF match species 'Bosmina freyi' -> 5179985 (exact),0,Bosmina freyi（和名なし）
bosminopsiszernowi,species,common:taxon:gbif.2234688,"Bosminopsis deitersi Richard, 1895",,T3,GBIF match species 'Bosminopsis zernowi' -> 2234688 (synonym_of(7913571)),0,Bosminopsis zernowi（和名なし）
bradysiaalpicola,species,common:taxon:gbif.1488618,"Bradysia alpicola (Winnertz, 1867)",,T3,GBIF match species 'Bradysia alpicola' -> 1488618 (exact),0,Bradysia alpicola（注）
bradysiaperaffinis,species,common:taxon:gbif.1488246,"Bradysia peraffinis Tuomikoski, 1960",,T3,GBIF match species 'Bradysia peraffinis' -> 1488246 (exact),0,Bradysia peraffinis（注）
bugulinastolonifera,species,common:taxon:gbif.8428595,"Bugulina stolonifera (Ryland, 1960)",,T3,GBIF match species 'Bugulina stolonifera' -> 8428595 (exact),0,Bugulina stolonifera（和名なし）
carabussackeni,species,common:taxon:gbif.7546182,"Carabus sackeni Semenov, 1898",,T3,GBIF match species 'Carabus sackeni' -> 7546182 (exact),0,Carabus sackeni（注）
chaetosciara属の一種,genus,common:taxon:gbif.1487571,"Chaetosciara Frey, 1942",,T5,GBIF match genus 'Chaetosciara' -> 1487571 (exact) [rank_reduced],0,Chaetosciara属の一種
chrysotuspulchellus,species,common:taxon:gbif.1605925,"Chrysotus pulchellus Kowarz, 1875",,T3,GBIF match species 'Chrysotus pulchellus' -> 1605925 (exact),0,Chrysotus pulchellus（和名なし）
coboldiafuscipes,species,common:taxon:gbif.1544682,"Coboldia fuscipes (Meigen, 1830)",,T3,GBIF match species 'Coboldia fuscipes' -> 1544682 (exact),0,Coboldia fuscipes（注）
coecobryatenebricosa/coecobryacommunis,genus,common:taxon:gbif.2120736,"Coecobrya Yosii, 1956",,T5,"併記の全成員が属 Coecobrya の種（Coecobrya tenebricosa->common:taxon:gbif.4539524; Coecobrya communis->common:taxon:gbif.10810669）; GBIF match genus 'Coecobrya' -> 2120736 (exact) [rank_reduced,name_ambiguous]",0,Coecobrya tenebricosa（注）/Coecobrya communis（注）
colasposoma属の一種emhau-15070314,genus,common:taxon:gbif.3260090,"Colasposoma Laporte de Castelnau, 1833",,T5,GBIF match genus 'Colasposoma' -> 3260090 (exact) [rank_reduced],0,Colasposoma属の一種 EMHAU-15070314
conopeumseurati,species,common:taxon:gbif.1007737,"Conopeum seurati (Canu, 1928)",,T3,GBIF match species 'Conopeum seurati' -> 1007737 (exact),0,Conopeum seurati（注）
conwentziasinica,species,common:taxon:gbif.2109185,"Conwentzia sinica C.-k.Yang, 1974",,T3,GBIF match species 'Conwentzia sinica' -> 2109185 (exact),0,Conwentzia sinica（注）
corvomeyeniaeveretti,species,common:taxon:gbif.2246503,"Corvomeyenia everetti (Mills, 1884)",,T3,GBIF match species 'Corvomeyenia everetti' -> 2246503 (exact),0,Corvomeyenia everetti（生息分布詳細不明）
cryptochironomusdefectus,species,common:taxon:gbif.1454616,"Cryptochironomus defectus (Kieffer, 1913)",,T3,GBIF match species 'Cryptochironomus defectus' -> 1454616 (exact),0,Cryptochironomus defectus（注）
culexorbostiensis,species,common:taxon:gbif.1653699,"Culex orbostiensis Dobrotworsky, 1957",,T3,GBIF match species 'Culex orbostiensis' -> 1653699 (exact),0,Culex orbostiensis（注）
culex属の一種,genus,common:taxon:inat.130033,Culex,,T5,registry genus Culex [rank_reduced],0,Culex属の一種
curculiodavidi,species,common:taxon:gbif.5011908,"Curculio davidi L.Fairmaire, 1878",,T3,GBIF match species 'Curculio davidi' -> 5011908 (exact),0,Curculio davidi（注）
curelius属の一種byuco144,genus,common:taxon:gbif.4404847,"Curelius Casey, 1900",,T5,GBIF match genus 'Curelius' -> 4404847 (exact) [rank_reduced],0,Curelius属の一種 BYU CO144
dasyheleabilineata,species,common:taxon:gbif.1636168,"Dasyhelea bilineata Goetghebuer, 1920",,T3,GBIF match species 'Dasyhelea bilineata' -> 1636168 (exact),0,Dasyhelea bilineata（注）
diaeretiellarapae,species,common:taxon:gbif.1260239,"Diaeretiella rapae (McIntosh, 1855)",,T3,GBIF match species 'Diaeretiella rapae' -> 1260239 (exact),0,Diaeretiella rapae（和名なし）
diamesaloeffleri,species,common:taxon:gbif.1452620,"Diamesa loeffleri Reiss, 1968",,T3,GBIF match species 'Diamesa loeffleri' -> 1452620 (exact),0,Diamesa loeffleri（注）
dicranomyiaparamorioparamorio/dicranomyiaparamorioplatysoma,genus,common:taxon:gbif.6739522,"Dicranomyia Stephens, 1829",,T5,"併記の全成員が属 Dicranomyia の種（Dicranomyia paramorio paramorio->common:taxon:gbif.5065199; Dicranomyia paramorio platysoma->common:taxon:gbif.5065199）; GBIF match genus 'Dicranomyia' -> 6739522 (exact) [rank_reduced,name_ambiguous]",0,Dicranomyia paramorio paramorio（和名なし）/Dicranomyia paramorio platysoma（和名なし）
dolbinaparaexacta,species,common:taxon:gbif.10099165,"Dolbina paraexacta Brechlin, 2009",,T3,GBIF match species 'Dolbina paraexacta' -> 10099165 (exact),0,Dolbina paraexacta（注）
drosophilamukteshwarensis,species,common:taxon:gbif.5074636,"Drosophila mukteshwarensis Joshi, Fartyal & Singh, 2005",,T3,GBIF match species 'Drosophila mukteshwarensis' -> 5074636 (exact),0,Drosophila mukteshwarensis（注）
drosophila属の一種,genus,common:taxon:inat.67740,Drosophila,,T5,registry genus Drosophila [rank_reduced],0,Drosophila属の一種
dyscolusfunereus,species,common:taxon:gbif.7810565,"Dyscolus funereus (Moret, 1991)",,T3,GBIF match species 'Dyscolus funereus' -> 7810565 (exact),0,Dyscolus funereus（注）
dコカゲロウ,genus,common:taxon:gbif.4683398,"Nigrobaetis Novikova & Kluge, 1987",,T5,GBIF match genus 'Nigrobaetis' -> 4683398 (exact) (学名列の属 Nigrobaetis; ja_informal Dコカゲロウ) [rank_reduced],0,Dコカゲロウ
ectopsocusmeridionalis,species,common:taxon:gbif.8026099,"Ectopsocus meridionalis Ribaga, 1904",,T3,GBIF match species 'Ectopsocus meridionalis' -> 8026099 (exact),0,Ectopsocus meridionalis（和名なし）
eiseniellatetraedra,species,common:taxon:gbif.2307762,"Eiseniella tetraedra (Savigny, 1826)",,T3,GBIF match species 'Eiseniella tetraedra' -> 2307762 (exact),0,Eiseniella tetraedra（和名なし）
elater属の一種upolrk0013,genus,common:taxon:gbif.4405564,"Elater Linnaeus, 1758",,T5,GBIF match genus 'Elater' -> 4405564 (exact) [rank_reduced],0,Elater属の一種 UPOL RK0013
entomobrya属の一種,genus,common:taxon:inat.171448,Entomobrya,,T5,registry genus Entomobrya [rank_reduced],0,Entomobrya属の一種
entomobrya属の一種hb07161_2,genus,common:taxon:inat.171448,Entomobrya,,T5,registry genus Entomobrya [rank_reduced],0,Entomobrya属の一種 HB07161_2
epiphragmasubinsigne,species,common:taxon:inat.1611513,Epiphragma subinsigne,,T1,registry species Epiphragma subinsigne [exact_name],0,Epiphragma subinsigne（和名なし）
epistrophezibaiensis,species,common:taxon:gbif.5979302,"Epistrophe zibaiensis Huo, Ren & Zheng, 2007",,T3,GBIF match species 'Epistrophe zibaiensis' -> 5979302 (exact),0,Epistrophe zibaiensis（注）
epuraeamelanocephala,species,common:taxon:gbif.4452544,"Epuraea melanocephala (Marsham, 1802)",,T3,GBIF match species 'Epuraea melanocephala' -> 4452544 (exact),0,Epuraea melanocephala（注）
eristalinusfuscicornis/eristalinusbarclayi,genus,common:taxon:inat.145541,Eristalinus,,T5,"併記の全成員が属 Eristalinus の種（Eristalinus fuscicornis->common:taxon:gbif.1542673; Eristalinus barclayi->common:taxon:gbif.1542753）; registry genus Eristalinus [rank_reduced,name_ambiguous]",0,Eristalinus fuscicornis（注）/Eristalinus barclayi（注）
eubosminalongispinadjt-2008,species,common:taxon:gbif.2234705,"Bosmina coregoni Baird, 1857",,T3,GBIF match species 'Eubosmina longispina' -> 2234705 (synonym_of(2234714)),0,Eubosmina cf. longispina DJT-2008
euhampsoniaserratifera,species,common:taxon:gbif.11430243,"Euhampsonia serratifera Sugi, 1994",,T3,GBIF match species 'Euhampsonia serratifera' -> 11430243 (exact),0,Euhampsonia serratifera（注）
eukerriasaltensis,species,common:taxon:gbif.4410232,"Eukerria saltensis (Beddard, 1895)",,T3,GBIF match species 'Eukerria saltensis' -> 4410232 (exact),0,Eukerria saltensis（和名なし）
eumorphobotysobscuralis,species,common:taxon:gbif.1891124,"Eumorphobotys obscuralis Caradja, 1925",,T3,GBIF match species 'Eumorphobotys obscuralis' -> 1891124 (exact),0,Eumorphobotys obscuralis（注）
euparatettixnigritibis,species,common:taxon:gbif.1679608,"Euparatettix nigritibis Zheng & Jiang, 2000",,T3,GBIF match species 'Euparatettix nigritibis' -> 1679608 (exact),0,Euparatettix nigritibis（注）
eurydemagebleri,species,common:taxon:inat.549479,Eurydema gebleri,,T1,registry species Eurydema gebleri [exact_name],0,Eurydema gebleri（和名なし）
fenestrulina属の一種,genus,common:taxon:gbif.1008901,"Fenestrulina Jullien, 1888",,T5,GBIF match genus 'Fenestrulina' -> 1008901 (exact) [rank_reduced],0,Fenestrulina属の一種
formicacunicularia,species,common:taxon:gbif.1314946,"Formica cunicularia Latreille, 1798",,T3,GBIF match species 'Formica cunicularia' -> 1314946 (exact),0,Formica cunicularia（注）
formicafusca,species,common:taxon:gbif.1314881,"Formica fusca Linnaeus, 1758",,T3,GBIF match species 'Formica fusca' -> 1314881 (exact),0,Formica fusca（注）
formicaglauca,species,common:taxon:gbif.4504707,"Formica glauca Ruzsky, 1896",,T3,GBIF match species 'Formica glauca' -> 4504707 (exact),0,Formica glauca（注）
fコカゲロウ,genus,common:taxon:inat.123939,Baetis,,T5,registry genus Baetis (学名列の属 Baetis; ja_informal Fコカゲロウ) [rank_reduced],0,Fコカゲロウ
galerucadaurica,species,common:taxon:gbif.9505353,"Adimonia daurica (Joannis, 1865)",,T3,GBIF match species 'Galeruca daurica' -> 9505353 (synonym_of(8661632)),0,Galeruca daurica（注）
geocorispallidipennis,species,common:taxon:gbif.6544574,"Geocoris pallidipennis (Costa, 1843)",,T3,GBIF match species 'Geocoris pallidipennis' -> 6544574 (exact),0,Geocoris pallidipennis（注）
geranomyiagifuensis,species,common:taxon:gbif.1517388,"Geranomyia gifuensis Alexander, 1921",,T3,GBIF match species 'Geranomyia gifuensis' -> 1517388 (exact),0,Geranomyia gifuensis（和名なし）
gomphocerippusrufus/dnopherulaalbonemus/chorthippussaulcyi/chorthippusmontanus/chorthippusjacobsi/chorthippusbinotatus/chorthippusbiguttulus,genus,common:taxon:gbif.1700022,"Gomphocerippus Roberts, 1941",,T5,"GBIF match genus 'Gomphocerippus' -> 1700022 (exact) (シートの属 Gomphocerippus属; 併記 Gomphocerippus rufus/Dnopherula albonemus/Chorthippus saulcyi/Chorthippus montanus/Chorthippus jacobsi/Chorthippus binotatus/Chorthippus biguttulus) [rank_reduced,name_ambiguous]",0,Gomphocerippus rufus（注）/Dnopherula albonemus（注）/Chorthippus saulcyi（注）/Chorthippus montanus（注）/Chorthippus jacobsi（注）/Chorthippus binotatus（注）/Chorthippus biguttulus（注）
gonomyiaincompleta,species,common:taxon:gbif.1511296,"Gonomyia incompleta Brunetti, 1912",,T3,GBIF match species 'Gonomyia incompleta' -> 1511296 (exact),0,Gonomyia incompleta（和名なし）
gonomyiaquadrifila,species,common:taxon:gbif.1511270,"Gonomyia quadrifila Alexander, 1930",,T3,GBIF match species 'Gonomyia quadrifila' -> 1511270 (exact),0,Gonomyia quadrifila（和名なし）
gryllotalpa属の一種,genus,common:taxon:gbif.1716116,"Gryllotalpa Latreille, 1802",,T5,GBIF match genus 'Gryllotalpa' -> 1716116 (exact) [rank_reduced],0,Gryllotalpa属の一種
gymnosomanudifrons,species,common:taxon:gbif.5059119,"Gymnosoma nudifrons Herting, 1966",,T3,GBIF match species 'Gymnosoma nudifrons' -> 5059119 (exact),0,Gymnosoma nudifrons（注）
hexacentrus属の一種,genus,common:taxon:inat.437626,Hexacentrus,,T5,registry genus Hexacentrus [rank_reduced],0,Hexacentrus属の一種
hexatomakamiyai,species,common:taxon:gbif.1511913,"Hexatoma kamiyai (Alexander, 1932)",,T3,GBIF match species 'Hexatoma kamiyai' -> 1511913 (exact),0,Hexatoma kamiyai（和名なし）
hierodula属の一種,genus,common:taxon:inat.328038,Hierodula,,T5,registry genus Hierodula [exact_name] [rank_reduced],0,Hierodula属の一種
hishimonushamatus,species,common:taxon:gbif.2036052,"Hishimonus hamatus Kuoh, 1976",,T3,GBIF match species 'Hishimonus hamatus' -> 2036052 (exact),0,Hishimonus hamatus（注）
homidialaha,species,common:taxon:gbif.10237320,"Homidia laha (K.Christiansen & P.Bellinger, 1992)",,T3,GBIF match species 'Homidia laha' -> 10237320 (exact),0,Homidia laha（注）
horornisruficapilla,species,common:taxon:gbif.7712848,"Horornis ruficapilla (E.P.Ramsay, 1875)",,T3,GBIF match species 'Horornis ruficapilla' -> 7712848 (exact),0,Horornis ruficapilla（注）（ウグイスの可能性あり）
hydrelliamaura,species,common:taxon:gbif.1617693,"Hydrellia albiceps (Meigen, 1824)",,T3,GBIF match species 'Hydrellia maura' -> 1617693 (synonym_of(1617686)),0,Hydrellia maura（注）
hydrotaeaaenescens,species,common:taxon:gbif.1528980,"Hydrotaea aenescens (Wiedemann, 1830)",,T3,GBIF match species 'Hydrotaea aenescens' -> 1528980 (exact),0,Hydrotaea aenescens（注）
indopodismakingdoni,species,common:taxon:gbif.1705743,"Indopodisma kingdoni (Uvarov, 1927)",,T3,GBIF match species 'Indopodisma kingdoni' -> 1705743 (exact),0,Indopodisma kingdoni（注）
iteaphilamacquarti,species,common:taxon:gbif.1551060,"Iteaphila macquarti Zetterstedt, 1838",,T3,GBIF match species 'Iteaphila macquarti' -> 1551060 (exact),0,Iteaphila macquarti（注）
jankowskiaathleta,species,common:taxon:gbif.5144502,"Jankowskia athleta Oberthür, 1884",,T3,GBIF match species 'Jankowskia athleta' -> 5144502 (exact),0,Jankowskia athleta（注）
jコカゲロウ,genus,common:taxon:inat.123939,Baetis,,T5,registry genus Baetis (学名列の属 Baetis; ja_informal Jコカゲロウ) [rank_reduced],0,Jコカゲロウ
ladislavellaelodes/galbaobrussa/galbahumilis,genus,common:taxon:gbif.4606458,"Ladislavella B.Dybowski, 1913",,T5,"GBIF match genus 'Ladislavella' -> 4606458 (exact) (シートの属 Ladislavella属; 併記 Ladislavella elodes/Galba obrussa/Galba humilis) [rank_reduced,name_ambiguous]",0,Ladislavella elodes（注）/Galba obrussa（注）/Galba humilis（注）（Galba humilisは近年日本に侵入しているとの報告あり）
lamyctesemarginatus,species,common:taxon:gbif.2230973,"Lamyctes emarginatus Newport, 1844",,T3,GBIF match species 'Lamyctes emarginatus' -> 2230973 (exact),0,Lamyctes emarginatus（注）
lasiusfuliginosus,species,common:taxon:gbif.5035850,"Lasius fuliginosus (Latreille, 1798)",,T3,GBIF match species 'Lasius fuliginosus' -> 5035850 (exact),0,Lasius fuliginosus（注）
lepidocyrtusfimetarius,species,common:taxon:gbif.4539244,"Lepidocyrtus fimetarius H.Gisin, 1964",,T3,GBIF match species 'Lepidocyrtus fimetarius' -> 4539244 (exact),0,Lepidocyrtus fimetarius（注）
liposcelispearmani,species,common:taxon:gbif.1031525,"Liposcelis pearmani Lienhard, 1990",,T3,GBIF match species 'Liposcelis pearmani' -> 1031525 (exact),0,Liposcelis pearmani（注）
liposcelisrufa,species,common:taxon:gbif.1031509,"Liposcelis rufa Broadhead, 1950",,T3,GBIF match species 'Liposcelis rufa' -> 1031509 (exact),0,Liposcelis rufa（注）
lycoceruscurvatus,genus,common:taxon:inat.356294,Lycocerus,,T5,種 Lycocerus curvatus は GBIF に無い (none) ので属 Lycocerus に寄せる; registry genus Lycocerus [exact_name] [rank_reduced],0,Lycocerus curvatus（注）
macroscytussubaeneus,genus,common:taxon:inat.355787,Macroscytus,,T5,種 Macroscytus subaeneus は GBIF に無い (none) ので属 Macroscytus に寄せる; registry genus Macroscytus [rank_reduced],0,Macroscytus subaeneus（注）
maladeraverticalis,species,common:taxon:gbif.1053238,"Maladera verticalis (Fairmaire, 1888)",,T3,GBIF match species 'Maladera verticalis' -> 1053238 (exact),0,Maladera verticalis（注）
megaseliaの一種31sh-2017,genus,common:taxon:inat.123837,Megaselia,,T5,registry genus Megaselia [rank_reduced],0,Megaseliaの一種 31 SH-2017
metopinasagittata,species,common:taxon:gbif.8801140,Metopina sagittata Liu,,T3,GBIF match species 'Metopina sagittata' -> 8801140 (exact),0,Metopina sagittata（注）
micromus属の一種ky-2002,genus,common:taxon:inat.210207,Micromus,,T5,registry genus Micromus [rank_reduced],0,Micromus属の一種 KY-2002
monomoriumsp.ni-2025b,genus,common:taxon:inat.69100,Monomorium,,T5,registry genus Monomorium [rank_reduced],0,Monomorium sp. NI-2025b
mycomyacircumdata,species,common:taxon:gbif.1613206,"Mycomya circumdata (Staeger, 1840)",,T3,GBIF match species 'Mycomya circumdata' -> 1613206 (exact),0,Mycomya circumdata（注）
mycomya属の一種wqy006,genus,common:taxon:inat.354830,Mycomya,,T5,registry genus Mycomya [rank_reduced],0,Mycomya属の一種 WQY006
naiscommunis/variabiliscomplexsp.c,genus,common:taxon:gbif.9563151,"Nais Müller, 1774",,T5,"gbif_vernacular ミズミミズ属 -> 9563151 (シートの属 ミズミミズ属; 併記 Nais communis/variabilis complex sp. C) [rank_reduced,name_ambiguous]",0,Nais communis/variabilis complex sp. C
naispseudobtusa種複合体ced/ミツゲミズミミズ種複合体cea,genus,common:taxon:gbif.9563151,"Nais Müller, 1774",,T5,"gbif_vernacular ミズミミズ属 -> 9563151 (シートの属 ミズミミズ属; 併記 Nais pseudobtusa 種複合体 CED/ミツゲミズミミズ種複合体 CEA) [rank_reduced,name_ambiguous]",0,Nais pseudobtusa（和名なし）種複合体 CED/ミツゲミズミミズ種複合体 CEA
naisstolci,species,common:taxon:gbif.8764900,"Nais stolci Hrabĕ, 1981",,T3,GBIF match species 'Nais stolci' -> 8764900 (exact),0,Nais stolci（注）
necrosciinaesp.,family,common:taxon:inat.149024,Lonchodidae,,T5,registry family Lonchodidae (シートの科 Lonchodidae科; Necrosciinae は GBIF で決まらない (none)) [rank_reduced],0,Necrosciinae sp.
nemertopsisbivittataez-2019,species,common:taxon:gbif.2507063,"Nemertopsis bivittata (Delle Chiaje, 1841)",,T3,GBIF match species 'Nemertopsis bivittata' -> 2507063 (exact),0,Nemertopsis cf. bivittata EZ-2019
neocaridinapalmata,species,common:taxon:gbif.5862985,"Neocaridina palmata (Shen, 1948)",,T3,GBIF match species 'Neocaridina palmata' -> 5862985 (exact),0,Neocaridina palmata（和名なし）
nipponaphiscoreana,species,common:taxon:gbif.2074082,Nipponaphis coreana,,T3,GBIF match species 'Nipponaphis coreana' -> 2074082 (exact),0,Nipponaphis coreana（注）
nylanderia属の一種bold:aco1288,genus,common:taxon:inat.69405,Nylanderia,,T5,registry genus Nylanderia [rank_reduced],0,Nylanderia属の一種 BOLD:ACO1288
nysiusinconspicuus,species,common:taxon:gbif.8860942,"Nysius inconspicuus Distant, 1904",,T3,GBIF match species 'Nysius inconspicuus' -> 8860942 (exact),0,Nysius inconspicuus（注）
odhneripisidiumjaponicum,species,common:taxon:gbif.11666427,"Odhneripisidium japonicum (Pilsbry & Y.Hirase, 1908)",,T3,GBIF match species 'Odhneripisidium japonicum' -> 11666427 (exact),0,Odhneripisidium japonicum（和名なし）
oncocephalus属の一種,genus,common:taxon:inat.252733,Oncocephalus,,T5,registry genus Oncocephalus [rank_reduced],0,Oncocephalus属の一種
onychiurusorientalis,species,common:taxon:gbif.10658989,Onychiurus orientalis,,T3,GBIF match species 'Onychiurus orientalis' -> 10658989 (exact),0,Onychiurus orientalis（注）
osmylidae属の一種emhau-20151229-16,family,common:taxon:gbif.9380,Osmylidae,,T5,registry family Osmylidae [prefer_gbif_namespace] [rank_reduced],0,Osmylidae属の一種 EMHAU-20151229-16
pacificinicolaperforata,family,common:taxon:kanagawa-edna.%E3%82%A8%E3%83%AA%E3%82%A2%E3%83%8A%E3%82%B3%E3%82%B1%E3%83%A0%E3%82%B7%E7%A7%91,,エリアナコケムシ科,T4,family 和名のみ（Pacificinicola perforata は GBIF で決まらない (none)） (シートの科 エリアナコケムシ科; Pacificinicola perforata は GBIF で決まらない (none)) [rank_reduced],0,Pacificinicola perforata（和名なし）
pagydarecticlavata,genus,common:taxon:gbif.1884842,"Pagyda Walker, 1859",,T5,種 Pagyda recticlavata は GBIF に無い (none) ので属 Pagyda に寄せる; GBIF match genus 'Pagyda' -> 1884842 (exact) [rank_reduced],0,Pagyda recticlavata（注）
paracliuscurvispinus,species,common:taxon:gbif.1604301,"Paraclius curvispinus Yang & Saigusa, 2001",,T3,GBIF match species 'Paraclius curvispinus' -> 1604301 (exact),0,Paraclius curvispinus（注）
paratrissocladiussp.,genus,common:taxon:gbif.1449474,"Paratrissocladius Zavrel, 1937",,T5,GBIF match genus 'Paratrissocladius' -> 1449474 (exact) [rank_reduced],0,Paratrissocladius sp.
paratrissocladius属の一種,genus,common:taxon:gbif.1449474,"Paratrissocladius Zavrel, 1937",,T5,GBIF match genus 'Paratrissocladius' -> 1449474 (exact) [rank_reduced],0,Paratrissocladius属の一種
penthetriasimplicipes,species,common:taxon:gbif.5080643,"Penthetria simplicipes (Brunetti, 1925)",,T3,GBIF match species 'Penthetria simplicipes' -> 5080643 (exact),0,Penthetria simplicipes（注）
perlomyiakappa,species,common:taxon:gbif.7198749,"Perlomyia kappa Sivec & Stark, 2012",,T3,GBIF match species 'Perlomyia kappa' -> 7198749 (exact),0,Perlomyia kappa（和名なし）
perlomyialevanidovae,species,common:taxon:gbif.2002067,"Perlomyia levanidovae (Zhiltzova, 1975)",,T3,GBIF match species 'Perlomyia levanidovae' -> 2002067 (exact),0,Perlomyia levanidovae*
pheosiopsis属の一種,genus,common:taxon:gbif.1825887,"Pheosiopsis Bryk, 1949",,T5,GBIF match genus 'Pheosiopsis' -> 1825887 (exact) [rank_reduced],0,Pheosiopsis属の一種
phytosciaramegumiae,species,common:taxon:gbif.1485954,"Phytosciara megumiae Sasakawa, 1994",,T3,GBIF match species 'Phytosciara megumiae' -> 1485954 (exact),0,Phytosciara megumiae（和名なし）
phytosciaraussuriensis,species,common:taxon:gbif.11220514,"Prosciara ussuriensis (Antonova, 1977)",,T3,GBIF match species 'Phytosciara ussuriensis' -> 11220514 (synonym_of(1485896)),0,Phytosciara ussuriensis（和名なし）
piguetiellamichiganensis,species,common:taxon:gbif.2308078,"Piguetiella michiganensis Hiltunen, 1967",,T3,GBIF match species 'Piguetiella michiganensis' -> 2308078 (exact),0,Piguetiella michiganensis（注）
pisidiumannandalei,species,common:taxon:gbif.10739870,"Odhneripisidium annandalei (Prashad, 1925)",,T3,GBIF match species 'Pisidium annandalei' -> 10739870 (synonym_of(4559688)),0,Pisidium annandalei（注）
platencyrtusparkeri,species,common:taxon:gbif.4500083,"Platencyrtus parkeri Ferrière, 1955",,T3,GBIF match species 'Platencyrtus parkeri' -> 4500083 (exact),0,Platencyrtus parkeri（注）
plateros属の一種,genus,common:taxon:inat.212096,Plateros,,T5,registry genus Plateros [exact_name] [rank_reduced],0,Plateros属の一種
plateros属の一種upola00491,genus,common:taxon:inat.212096,Plateros,,T5,registry genus Plateros [exact_name] [rank_reduced],0,Plateros属の一種 UPOL A00491
plautiafimbriata,species,common:taxon:gbif.11903210,"Plautia fimbriata (Fabricius, 1787)",,T3,GBIF match species 'Plautia fimbriata' -> 11903210 (exact),0,Plautia fimbriata（注）
plumatellaminuta,genus,common:taxon:gbif.1003585,"Plumatella Lamarck, 1816",,T5,種 Plumatella minuta は GBIF に無い (none) ので属 Plumatella に寄せる; GBIF match genus 'Plumatella' -> 1003585 (exact) [rank_reduced],0,Plumatella minuta（和名なし）
plumatellavaihiriae,species,common:taxon:gbif.1003626,"Plumatella vaihiriae (Hastings, 1929)",,T3,GBIF match species 'Plumatella vaihiriae' -> 1003626 (exact),0,Plumatella vaihiriae（注）
potthastiamontiumgroupsp./リョウカクサワユスリカ,genus,common:taxon:gbif.1445509,"Potthastia Kieffer, 1922",,T5,"GBIF match genus 'Potthastia' -> 1445509 (exact) (同じ属の種から サワユスリカ属 -> Potthastia) (シートの属 サワユスリカ属; 併記 Potthastia montium group sp./リョウカクサワユスリカ) [rank_reduced,name_ambiguous]",0,Potthastia montium group sp./リョウカクサワユスリカ
procladiusnigriventris,species,common:taxon:gbif.1449325,"Procladius nigriventris (Kieffer, 1924)",,T3,GBIF match species 'Procladius nigriventris' -> 1449325 (exact),0,Procladius nigriventris（注）
prodaticusleander,species,common:taxon:gbif.5753572,"Hydaticus leander (Rossi, 1790)",,T3,GBIF match species 'Prodaticus leander' -> 5753572 (synonym_of(9429538)),0,Prodaticus leander（注）
prostomaeilhardi,species,common:taxon:gbif.4814773,"Prostoma eilhardi (Montgomery, 1894)",,T3,GBIF match species 'Prostoma eilhardi' -> 4814773 (exact),0,Prostoma eilhardi（注）
prostomasp.,family,common:taxon:gbif.1992,Tetrastemmatidae,,T5,GBIF match family 'Tetrastemmatidae' -> 1992 (exact) (シートの科 Tetrastemmatidae; Prostoma は GBIF で決まらない (higherrank)) [rank_reduced],0,Prostoma sp.（生息状況不明）
protaetiahimalyana,genus,common:taxon:inat.91347,Protaetia,,T5,種 Protaetia himalyana は GBIF に無い (none) ので属 Protaetia に寄せる; registry genus Protaetia [rank_reduced],0,Protaetia himalyana（注）
psectrotanypusdyari,species,common:taxon:gbif.1452570,"Psectrotanypus dyari (Coquillett, 1902)",,T3,GBIF match species 'Psectrotanypus dyari' -> 1452570 (exact),0,Psectrotanypus dyari（注）
pseudobiotusspinifer,species,common:taxon:gbif.8991798,"Pseudobiotus spinifer Chang, Kaczmarek, Lee & Michalczyk, 2007",,T3,GBIF match species 'Pseudobiotus spinifer' -> 8991798 (exact),0,Pseudobiotus spinifer（注）
psyllobora属の一種,genus,common:taxon:gbif.1043577,"Psyllobora Chevrolat, 1836",,T5,GBIF match genus 'Psyllobora' -> 1043577 (exact) [rank_reduced],0,Psyllobora属の一種
psyllobora属の一種co304,genus,common:taxon:gbif.1043577,"Psyllobora Chevrolat, 1836",,T5,GBIF match genus 'Psyllobora' -> 1043577 (exact) [rank_reduced],0,Psyllobora属の一種 CO304
pyrrhaltaviburni,species,common:taxon:gbif.1048933,"Pyrrhalta viburni (Paykull, 1799)",,T3,GBIF match species 'Pyrrhalta viburni' -> 1048933 (exact),0,Pyrrhalta viburni（注）
rcナガレトビケラ/オオナガレトビケラ,genus,common:taxon:inat.91754,Rhyacophila,,T5,"registry genus Rhyacophila [exact_name] (同じ属の種から ナガレトビケラ属 -> Rhyacophila) (シートの属 ナガレトビケラ属; 併記 RCナガレトビケラ/オオナガレトビケラ) [rank_reduced,name_ambiguous]",0,RCナガレトビケラ/オオナガレトビケラ
rhipidiachenwenyoungi,species,common:taxon:gbif.8414191,"Rhipidia chenwenyoungi Zhang, Li & Yang, 2012",,T3,GBIF match species 'Rhipidia chenwenyoungi' -> 8414191 (exact),0,Rhipidia chenwenyoungi（注）
ricaniasimulans,species,common:taxon:gbif.2057209,"Ricania simulans (Walker, 1851)",,T3,GBIF match species 'Ricania simulans' -> 2057209 (exact),0,Ricania simulans（和名なし）
saturniaboisduvalii,species,common:taxon:gbif.8637577,"Saturnia boisduvalii Eversmann, 1847",,T3,GBIF match species 'Saturnia boisduvalii' -> 8637577 (exact),0,Saturnia boisduvalii（注）
scatellahawaiiensis,species,common:taxon:gbif.1618585,"Scatella hawaiiensis Grimshaw, 1901",,T3,GBIF match species 'Scatella hawaiiensis' -> 1618585 (exact),0,Scatella hawaiiensis（注）
sciaramultispinulosa,species,common:taxon:gbif.1486463,"Sciara multispinulosa Mohrig & Kozánek, 1992",,T3,GBIF match species 'Sciara multispinulosa' -> 1486463 (exact),0,Sciara multispinulosa（和名なし）
sericoderussp.,genus,common:taxon:inat.203330,Sericoderus,,T5,registry genus Sericoderus [rank_reduced],0,Sericoderus sp.
simuliumaeneifacies,species,common:taxon:gbif.1644407,"Simulium aeneifacies Edwards, 1933",,T3,GBIF match species 'Simulium aeneifacies' -> 1644407 (exact),0,Simulium aeneifacies（注）
simuliumerythrocephalum,species,common:taxon:gbif.1645451,"Simulium erythrocephalum (De Geer, 1776)",,T3,GBIF match species 'Simulium erythrocephalum' -> 1645451 (exact),0,Simulium erythrocephalum（注）
simuliumruficorne,species,common:taxon:gbif.1645517,"Simulium ruficorne Macquart, 1838",,T3,GBIF match species 'Simulium ruficorne' -> 1645517 (exact),0,Simulium ruficorne（注）
simuliumsabahense,species,common:taxon:gbif.1644247,"Simulium sabahense Smart & Clifford, 1969",,T3,GBIF match species 'Simulium sabahense' -> 1644247 (exact),0,Simulium sabahense（注）
simuliumtani/simuliumaeneifacies,genus,common:taxon:inat.63165,Simulium,,T5,"併記の全成員が属 Simulium の種（Simulium tani->common:taxon:gbif.8581906; Simulium aeneifacies->common:taxon:gbif.1644407）; registry genus Simulium [rank_reduced,name_ambiguous]",0,Simulium tani（注）/Simulium aeneifacies（注）
sitobionavenae,species,common:taxon:gbif.2073121,"Sitobion avenae (Fabricius, 1775)",,T3,GBIF match species 'Sitobion avenae' -> 2073121 (exact),0,Sitobion avenae（注）
stenopsocusniger/ホソチャタテ/stenopsocusimmaculatus,genus,common:taxon:gbif.4395030,"Stenopsocus Hagen, 1866",,T5,"GBIF match genus 'Stenopsocus' -> 4395030 (exact) (シートの属 Stenopsocus; 併記 Stenopsocus niger/ホソチャタテ/Stenopsocus immaculatus) [rank_reduced,name_ambiguous]",0,Stenopsocus niger（和名なし）/ホソチャタテ/Stenopsocus immaculatus（和名なし）
stenostomumleucops,species,common:taxon:gbif.5233204,"Stenostomum leucops (Duges, 1828) Schmidt, 1848",,T3,GBIF match species 'Stenostomum leucops' -> 5233204 (exact),0,Stenostomum leucops（和名なし）
stenostomumsimplexaw-2018,species,common:taxon:gbif.5233215,"Stenostomum simplex Kepner & Carter, 1931",,T3,GBIF match species 'Stenostomum simplex' -> 5233215 (exact),0,Stenostomum cf. simplex AW-2018
stenostomumsthenum,species,common:taxon:gbif.7989702,"Stenostomum sthenum Borkott, 1970",,T3,GBIF match species 'Stenostomum sthenum' -> 7989702 (exact),0,Stenostomum sthenum（注）
stenostomumsthenum/stenostomumleucops,genus,common:taxon:gbif.2501556,"Stenostomum Schmidt, 1848",,T5,"併記の全成員が属 Stenostomum の種（Stenostomum sthenum->common:taxon:gbif.7989702; Stenostomum leucops->common:taxon:gbif.5233204）; GBIF match genus 'Stenostomum' -> 2501556 (exact) [rank_reduced,name_ambiguous]",0,Stenostomum sthenum（注）/Stenostomum leucops（注）
stephanitissp.yt-2007,genus,common:taxon:inat.334613,Stephanitis,,T5,registry genus Stephanitis [rank_reduced],0,Stephanitis sp. YT-2007
stephanitis属の一種,genus,common:taxon:inat.334613,Stephanitis,,T5,registry genus Stephanitis [rank_reduced],0,Stephanitis属の一種
styringomyianipponensis,species,common:taxon:gbif.1522196,"Styringomyia nipponensis Alexander, 1929",,T3,GBIF match species 'Styringomyia nipponensis' -> 1522196 (exact),0,Styringomyia nipponensis（和名なし）
sympycnusturbidus,species,common:taxon:gbif.12216988,"Telmaturgus simplicipes (Becker, 1908)",,T3,GBIF match species 'Sympycnus turbidus' -> 12216988 (synonym_of(1608857)),0,Sympycnus turbidus（和名なし）
syndiamesanigra/ヤマユスリカ属の一種,genus,common:taxon:gbif.1445472,"Syndiamesa Kieffer, 1918",,T5,"GBIF match genus 'Syndiamesa' -> 1445472 (exact) (シートの属 Syndiamesa; 併記 Syndiamesa nigra/ヤマユスリカ属の一種) [rank_reduced,name_ambiguous]",0,Syndiamesa nigra/ヤマユスリカ属の一種
syntormonflexibile,species,common:taxon:gbif.1604038,"Syntormon flexibile Becker, 1922",,T3,GBIF match species 'Syntormon flexibile' -> 1604038 (exact),0,Syntormon flexibile（注）
tabanushaysi,species,common:taxon:gbif.1498597,"Tabanus haysi Philip, 1956",,T3,GBIF match species 'Tabanus haysi' -> 1498597 (exact),0,Tabanus haysi（注）
tachytrechusangustipennis,species,common:taxon:gbif.5084178,"Tachytrechus angustipennis Loew, 1862",,T3,GBIF match species 'Tachytrechus angustipennis' -> 5084178 (exact),0,Tachytrechus angustipennis（注）
tenodera属の一種nov.mn519,genus,common:taxon:inat.71035,Tenodera,,T5,registry genus Tenodera [rank_reduced],0,Tenodera属の一種 nov. MN519
thienemannimyiasp.,genus,common:taxon:gbif.1452768,"Thienemannimyia Fittkau, 1957",,T5,GBIF match genus 'Thienemannimyia' -> 1452768 (exact) [rank_reduced],0,Thienemannimyia sp.
thripsimaginis,species,common:taxon:gbif.4424145,"Thrips imaginis Bagnall, 1926",,T3,GBIF match species 'Thrips imaginis' -> 4424145 (exact),0,Thrips imaginis（注）
tipulababai,species,common:taxon:gbif.1506167,"Tipula babai Alexander, 1971",,T3,GBIF match species 'Tipula babai' -> 1506167 (exact),0,Tipula babai（和名なし）
tipulapaludosa,species,common:taxon:gbif.1505543,"Tipula paludosa Meigen, 1830",,T3,GBIF match species 'Tipula paludosa' -> 1505543 (exact),0,Tipula paludosa（注）
tipulatrifascingulata,species,common:taxon:inat.1088248,Tipula trifascingulata,,T1,registry species Tipula trifascingulata [exact_name],0,Tipula trifascingulata（和名なし）
tipulavaripennis,species,common:taxon:gbif.1506232,"Tipula varipennis Meigen, 1818",,T3,GBIF match species 'Tipula varipennis' -> 1506232 (exact),0,Tipula varipennis（注）
trichadenotecnumcastum,species,common:taxon:gbif.1031461,"Trichadenotecnum castum Betz, 1983",,T3,GBIF match species 'Trichadenotecnum castum' -> 1031461 (exact),0,Trichadenotecnum castum（和名なし）
trichadenotecnumcircularoides,species,common:taxon:gbif.1031467,"Trichadenotecnum circularoides Badonnel, 1955",,T3,GBIF match species 'Trichadenotecnum circularoides' -> 1031467 (exact),0,Trichadenotecnum circularoides（注）
trichadenotecnumfalx,species,common:taxon:gbif.4398990,"Trichadenotecnum falx Yoshizawa, 2001",,T3,GBIF match species 'Trichadenotecnum falx' -> 4398990 (exact),0,Trichadenotecnum falx（和名なし）
trichadenotecnumlatebrachium,species,common:taxon:gbif.4399134,"Trichadenotecnum latebrachium Yoshizawa, 2001",,T3,GBIF match species 'Trichadenotecnum latebrachium' -> 4399134 (exact),0,Trichadenotecnum latebrachium（和名なし）
trichadenotecnum属の一種tiger35,genus,common:taxon:inat.252909,Trichadenotecnum,,T5,registry genus Trichadenotecnum [rank_reduced],0,Trichadenotecnum属の一種 Tiger35
trichocerabimacula,species,common:taxon:gbif.5072668,"Trichocera bimacula Walker, 1848",,T3,GBIF match species 'Trichocera bimacula' -> 5072668 (exact),0,Trichocera bimacula（注）
uloma属の一種,genus,common:taxon:inat.178674,Uloma,,T5,registry genus Uloma [exact_name] [rank_reduced],0,Uloma属の一種
unilepidotricha属の一種1sjr-2024a,family,common:taxon:inat.504832,Meessiidae,,T5,registry family Meessiidae (シートの科 Meessiidae科; Unilepidotricha は GBIF で決まらない (status_doubtful)) [rank_reduced],0,Unilepidotricha属の一種 1 SJR-2024a
uroleuconnigrotibium,species,common:taxon:gbif.2070720,"Uroleucon nigrotibium (Olive, 1963)",,T3,GBIF match species 'Uroleucon nigrotibium' -> 2070720 (exact),0,Uroleucon nigrotibium（和名なし）
uroleucon属の一種,genus,common:taxon:inat.84469,Uroleucon,,T5,registry genus Uroleucon [rank_reduced],0,Uroleucon属の一種
valenzuelakamakurensis/valenzuelaflavidus,genus,common:taxon:inat.203296,Valenzuela,,T5,"併記の全成員が属 Valenzuela の種（Valenzuela kamakurensis->common:taxon:gbif.4395903; Valenzuela flavidus->common:taxon:inat.308612）; registry genus Valenzuela [rank_reduced,name_ambiguous]",0,Valenzuela kamakurensis（和名なし）/Valenzuela flavidus（和名なし）
velarifictorushemelytrus,species,common:taxon:gbif.1722637,"Velarifictorus hemelytrus (Saussure, 1877)",,T3,GBIF match species 'Velarifictorus hemelytrus' -> 1722637 (exact),0,Velarifictorus hemelytrus（注）
zonitoschema属の一種gar-2022a,genus,common:taxon:inat.574549,Zonitoschema,,T5,registry genus Zonitoschema [exact_name] [rank_reduced],0,Zonitoschema属の一種 G AR-2022a
zygoneurabidens,species,common:taxon:gbif.1487035,"Zygoneura bidens (Mamaev, 1968)",,T3,GBIF match species 'Zygoneura bidens' -> 1487035 (exact),0,Zygoneura bidens（注）
zygoneurasciarina,species,common:taxon:gbif.1487012,"Zygoneura sciarina Meigen, 1830",,T3,GBIF match species 'Zygoneura sciarina' -> 1487012 (exact),0,Zygoneura sciarina（注）
アイゴ,species,common:taxon:gbif.2390191,"Siganus fuscescens (Houttuyn, 1782)",,T2c,gbif_vernacular アイゴ -> 2390191; registry に既存,0,アイゴ
アオウオ,species,common:taxon:gbif.2362110,Mylopharyngodon piceus,,T1,registry species Mylopharyngodon piceus (学名列),0,アオウオ
アオオサムシ,species,common:taxon:inat.624868,Carabus insulicola,,T1,registry species Carabus insulicola (学名列) [exact_name]; registry の和名 アオオサムシ は別の種 common:taxon:gbif.11232810 を指す（採らない）,0,アオオサムシ
アオキツメトゲブユ,species,common:taxon:gbif.1645676,"Simulium aokii (Takahasi, 1941)",,T3,GBIF match species 'Simulium aokii' -> 1645676 (exact) (学名列),0,アオキツメトゲブユ
アオグロカミキリモドキ,species,common:taxon:inat.1228840,Ischnomera nigrocyanea,,T1,registry species Ischnomera nigrocyanea (学名列),0,アオグロカミキリモドキ
アオサギ,species,common:taxon:inat.4954,Ardea cinerea,,T1,registry species Ardea cinerea (学名列) [exact_name],0,アオサギ
アオスジアゲハ,species,common:taxon:inat.125936,Graphium sarpedon,,T1,registry species Graphium sarpedon (学名列) [exact_name],0,アオスジアゲハ
アオズムカデ,species,common:taxon:gbif.9602721,"Scolopendra japonica L.Koch, 1878",,T2c,gbif_vernacular アオズムカデ -> 9602721; registry に既存,0,アオズムカデ
アオダイショウ,species,common:taxon:inat.68339,Elaphe climacophora,,T1,registry species Elaphe climacophora (学名列) [exact_name]; 同じ和名の未照合 taxon common:taxon:ryuiki-taxa.wamei.%E3%82%A2%E3%82%AA%E3%83%80%E3%82%A4%E3%82%B7%E3%83%A7%E3%82%A6 が registry にある（採らない）,0,アオダイショウ
アオドウガネ,species,common:taxon:inat.360299,Anomala albopilosa,,T1,registry species Anomala albopilosa (学名列) [exact_name],0,アオドウガネ
アオバアリガタハネカクシ,species,common:taxon:inat.355545,Paederus fuscipes,,T1,registry species Paederus fuscipes (学名列) [exact_name],0,アオバアリガタハネカクシ
アオバハゴロモ,species,common:taxon:inat.353431,Geisha distinctissima,,T1,registry species Geisha distinctissima (学名列) [exact_name],0,アオバハゴロモ
アオヒゲナガトビケラ,species,common:taxon:inat.355798,Mystacides azureus,,T1,registry species Mystacides azureus (学名列) [exact_name],0,アオヒゲナガトビケラ
アオマツムシ,species,common:taxon:gbif.1723292,"Truljalia hibinonis (Matsumura, 1917)",,T2,registry vernacular_name_ja アオマツムシ,0,アオマツムシ
アオムシコバチ,species,common:taxon:kanagawa-edna.%E3%82%A2%E3%82%AA%E3%83%A0%E3%82%B7%E3%82%B3%E3%83%90%E3%83%81,,アオムシコバチ,T4,和名のみ。registry に学名・和名とも無い,0,アオムシコバチ
アオモンイトトンボ,species,common:taxon:inat.52053,Ischnura senegalensis,,T1,registry species Ischnura senegalensis (学名列) [exact_name],0,アオモンイトトンボ
アカイエカ種群,genus,common:taxon:inat.130033,Culex,,T5,registry genus Culex (同じ属の種から ナミカ属 -> Culex) (シートの属 ナミカ属; ja_group アカイエカ種群) [rank_reduced],0,アカイエカ種群
アカウシアブ,species,common:taxon:inat.516688,Tabanus chrysurus,,T1,registry species Tabanus chrysurus (学名列),0,アカウシアブ
アカエイ,species,common:taxon:inat.623840,Hemitrygon akajei,,T1,registry species Hemitrygon akajei (学名列) [exact_name],0,アカエイ
アカエリヤサハナカメムシ,species,common:taxon:gbif.10771939,"Amphiareus ruficollaris Yamada & Hirowatari, 2003",,T3,GBIF match species 'Amphiareus ruficollaris' -> 10771939 (exact) (学名列),0,アカエリヤサハナカメムシ
アカオビシマハゼ,species,common:taxon:gbif.2376462,"Tridentiger trigonocephalus (Gill, 1859)",,T2,registry vernacular_name_ja アカオビシマハゼ,0,アカオビシマハゼ
アカオビミズミミズ,species,common:taxon:gbif.2308179,"Uncinais uncinata (Ørsted, 1842)",,T2c,gbif_vernacular アカオビミズミミズ -> 2308179,0,アカオビミズミミズ
アカギオナシカワゲラ,species,common:taxon:gbif.2003479,"Nemoura akagii Kawai, 1960",,T3,GBIF match species 'Nemoura akagii' -> 2003479 (exact) (学名列),0,アカギオナシカワゲラ
アカクラアシマダラブユ/アオキツメトゲブユ,genus,common:taxon:inat.63165,Simulium,,T5,"registry genus Simulium (同じ属の種から アシマダラブユ属 -> Simulium) (シートの属 アシマダラブユ属; 併記 アカクラアシマダラブユ/アオキツメトゲブユ) [rank_reduced,name_ambiguous]",0,アカクラアシマダラブユ/アオキツメトゲブユ
アカスジカスミカメ,species,common:taxon:gbif.7559468,"Stenotus rubrovittatus (Matsumura, 1913)",,T2c,gbif_vernacular アカスジカスミカメ -> 7559468; registry に既存,0,アカスジカスミカメ
アカツボワムシ,species,common:taxon:gbif.4984208,"Brachionus rubens Ehrenberg, 1838",,T3,GBIF match species 'Brachionus rubens' -> 4984208 (exact) (学名列),0,アカツボワムシ
アカネズミ,species,common:taxon:inat.45563,Apodemus speciosus,,T1,registry species Apodemus speciosus (学名列) [exact_name],0,アカネズミ
アカハネナガウンカ,species,common:taxon:inat.502813,Diostrombus politus,,T1,registry species Diostrombus politus (学名列) [exact_name],0,アカハネナガウンカ
アカバハバビロオオハネカクシ北海道・本州亜種,species,common:taxon:inat.820944,Agelosus carinatus,,T1,registry species Agelosus carinatus (学名列) [exact_name],0,アカバハバビロオオハネカクシ北海道・本州亜種
アカヒメヘリカメムシ,species,common:taxon:gbif.4391866,"Rhopalus maculatus (Fieber, 1837)",,T2c,gbif_vernacular アカヒメヘリカメムシ -> 4391866; registry に既存,0,アカヒメヘリカメムシ
アカボシゴマダラ,species,common:taxon:gbif.1898441,"Hestina assimilis (Linnaeus, 1758)",,T2,registry vernacular_name_ja アカボシゴマダラ,0,アカボシゴマダラ
アカマダラカゲロウ,species,common:taxon:gbif.7197181,"Teloganopsis punctisetae (Matsumura, 1931)",,T3,GBIF match species 'Teloganopsis punctisetae' -> 7197181 (exact) (学名列),0,アカマダラカゲロウ
アカミミガメ,species,common:taxon:inat.39782,Trachemys scripta,,T1,registry species Trachemys scripta (学名列) [exact_name],0,アカミミガメ
アカムカデ,species,common:taxon:kanagawa-edna.%E3%82%A2%E3%82%AB%E3%83%A0%E3%82%AB%E3%83%87,,アカムカデ,T4,和名のみ。registry に学名・和名とも無い,0,アカムカデ
アカリコケムシ属の一種,genus,common:taxon:gbif.1010467,"Hislopia Carter, 1858",,T5,GBIF match genus 'Hislopia' -> 1010467 (exact) (学名列の属 Hislopia; ja_genus アカリコケムシ属) [rank_reduced],0,アカリコケムシ属の一種
アカリコケムシ属の一種lb-noda-mh,genus,common:taxon:kanagawa-edna.%E3%82%A2%E3%82%AB%E3%83%AA%E3%82%B3%E3%82%B1%E3%83%A0%E3%82%B7%E5%B1%9E,,アカリコケムシ属,T4,genus 和名のみ（ja_genus アカリコケムシ属） (シートの属 アカリコケムシ属; ja_genus アカリコケムシ属) [rank_reduced],0,アカリコケムシ属の一種 LB-noda-MH
アキアカネ,species,common:taxon:gbif.1428237,"Sympetrum frequens (Selys, 1883)",,T2,registry vernacular_name_ja アキアカネ,0,アキアカネ
アキアカネ/タイリクアキアカネ,genus,common:taxon:inat.51556,Sympetrum,,T5,"併記の全成員が属 Sympetrum の種（アキアカネ->common:taxon:gbif.1428237; タイリクアキアカネ->common:taxon:gbif.1428235）; registry genus Sympetrum [rank_reduced,name_ambiguous]",0,アキアカネ/タイリクアキアカネ
アゲハ,species,common:taxon:gbif.1937819,"Papilio xuthus Linnaeus, 1767",,T2c,gbif_vernacular アゲハ -> 1937819; registry に既存,0,アゲハ
アゴハゼ,species,common:taxon:inat.97130,Chaenogobius annularis,,T1,registry species Chaenogobius annularis (学名列) [exact_name],0,アゴハゼ
アサカワオナシカワゲラ,species,common:taxon:gbif.2003500,"Nemoura longicercia Okamoto, 1922",,T3,GBIF match species 'Nemoura longicercia' -> 2003500 (exact) (学名列),0,アサカワオナシカワゲラ
アサカワクロカワゲラ,species,common:taxon:gbif.5152013,"Capnia asakawaena Kohno, 1952",,T3,GBIF match species 'Capnia asakawaena' -> 5152013 (exact) (学名列),0,アサカワクロカワゲラ
アサヒエビグモ/コガネエビグモ,genus,common:taxon:inat.56611,Philodromus,,T5,"併記の全成員が属 Philodromus の種（アサヒエビグモ->common:taxon:gbif.5169378; コガネエビグモ->common:taxon:gbif.10196288）; registry genus Philodromus [rank_reduced,name_ambiguous]",0,アサヒエビグモ/コガネエビグモ
アサヒナカワトンボ/ニホンカワトンボ,genus,common:taxon:inat.89999,Mnais,,T5,"併記の全成員が属 Mnais の種（アサヒナカワトンボ->common:taxon:gbif.1427267; ニホンカワトンボ->common:taxon:gbif.9980884）; registry genus Mnais [exact_name] [rank_reduced,name_ambiguous]",0,アサヒナカワトンボ/ニホンカワトンボ
アサリ,species,common:taxon:inat.343269,Ruditapes philippinarum,,T1,registry species Ruditapes philippinarum (学名列) [exact_name],0,アサリ
アシグロツユムシ,species,common:taxon:inat.358237,Phaneroptera nigroantennata,,T1,registry species Phaneroptera nigroantennata (学名列) [exact_name],0,アシグロツユムシ
アシシロハゼ,species,common:taxon:gbif.2375970,"Acanthogobius lactipes (Hilgendorf, 1879)",,T1,registry species Acanthogobius lactipes (学名列),0,アシシロハゼ
アシナガアリ,species,common:taxon:inat.372688,Aphaenogaster famelica,,T1,registry species Aphaenogaster famelica (学名列) [exact_name],0,アシナガアリ
アシナガキンバエ/ナミアシナガバエ,genus,common:taxon:gbif.1604970,"Dolichopus Latreille, 1796",,T5,"gbif_vernacular ナミアシナガバエ属 -> 1604970 (シートの属 ナミアシナガバエ属; 併記 アシナガキンバエ/ナミアシナガバエ) [rank_reduced,name_ambiguous]",0,アシナガキンバエ/ナミアシナガバエ
アシブトマキバサシガメ,species,common:taxon:kanagawa-edna.%E3%82%A2%E3%82%B7%E3%83%96%E3%83%88%E3%83%9E%E3%82%AD%E3%83%90%E3%82%B5%E3%82%B7%E3%82%AC%E3%83%A1,,アシブトマキバサシガメ,T4,和名のみ。registry に学名・和名とも無い,0,アシブトマキバサシガメ
アシマダラブユ,species,common:taxon:gbif.1644831,"Simulium japonicum Matsumura, 1931",,T3,GBIF match species 'Simulium japonicum' -> 1644831 (exact) (学名列),0,アシマダラブユ
アシマダラユスリカ属の一種,genus,common:taxon:inat.475355,Stictochironomus,,T5,registry genus Stictochironomus (学名列の属 Stictochironomus; ja_genus アシマダラユスリカ属) [rank_reduced],0,アシマダラユスリカ属の一種
アジアイトトンボ,species,common:taxon:inat.325405,Ischnura asiatica,,T1,registry species Ischnura asiatica (学名列) [exact_name],0,アジアイトトンボ
アズマオオズアリ,species,common:taxon:inat.704912,Pheidole fervida,,T1,registry species Pheidole fervida (学名列) [exact_name],0,アズマオオズアリ
アズマヒキガエル,species,common:taxon:gbif.5217143,"Bufo japonicus Temminck & Schlegel, 1838",,T1,registry species Bufo japonicus (学名列),0,アズマヒキガエル
アトボシアオゴミムシ,species,common:taxon:gbif.8388005,"Chlaenius naeviger A.Morawitz, 1862",,T2,registry vernacular_name_ja アトボシアオゴミムシ,0,アトボシアオゴミムシ
アトモンアオゴミムシ,species,common:taxon:gbif.6131169,"Chlaenius bioculatus Chaudoir, 1856",,T2c,gbif_vernacular アトモンアオゴミムシ -> 6131169,0,アトモンアオゴミムシ
アナグマ,species,common:taxon:gbif.2433884,"Meles anakuma Temminck, 1844",,T2c,gbif_vernacular アナグマ -> 2433884; registry に既存,0,アナグマ
アブラコウモリ,species,common:taxon:gbif.5707125,"Pipistrellus abramus (Temminck, 1838)",,T1,registry species Pipistrellus abramus (学名列),0,アブラコウモリ
アブラゼミ,species,common:taxon:inat.325363,Graptopsaltria nigrofuscata,,T1,registry species Graptopsaltria nigrofuscata (学名列) [exact_name],0,アブラゼミ
アブラハヤ,species,common:taxon:gbif.10076166,"Rhynchocypris steindachneri (Sauvage, 1883)",,T2c,gbif_vernacular アブラハヤ -> 10076166; registry に既存,0,アブラハヤ
アブラハヤ/タカハヤ,genus,common:taxon:inat.91759,Rhynchocypris,,T5,"registry genus Rhynchocypris (同じ属の種から アブラハヤ属 -> Rhynchocypris) (シートの属 アブラハヤ属; 併記 アブラハヤ/タカハヤ) [rank_reduced,name_ambiguous]",0,アブラハヤ/タカハヤ
アベハゼ,species,common:taxon:inat.187700,Mugilogobius abei,,T1,registry species Mugilogobius abei (学名列) [exact_name],0,アベハゼ
アマミアメンボ,species,common:taxon:kanagawa-edna.%E3%82%A2%E3%83%9E%E3%83%9F%E3%82%A2%E3%83%A1%E3%83%B3%E3%83%9C,,アマミアメンボ,T4,和名のみ。registry に学名・和名とも無い,0,アマミアメンボ
アミメアリ,species,common:taxon:inat.360058,Pristomyrmex punctatus,,T1,registry species Pristomyrmex punctatus (学名列) [exact_name],0,アミメアリ
アミメクサカゲロウ,species,common:taxon:inat.470256,Apochrysa matsumurae,,T1,registry species Apochrysa matsumurae (学名列) [exact_name],0,アミメクサカゲロウ
アミメシマトビケラ,species,common:taxon:gbif.1440184,"Arctopsyche spinifera Ulmer, 1907",,T3,GBIF match species 'Arctopsyche spinifera' -> 1440184 (exact) (学名列),0,アミメシマトビケラ
アミメハネコケムシ,species,common:taxon:gbif.4559526,"Plumatella rugosa Wood, Wood, Geimer & Massard, 1998",,T3,GBIF match species 'Plumatella rugosa' -> 4559526 (exact) (学名列),0,アミメハネコケムシ
アミメムラサキトビムシ,species,common:taxon:kanagawa-edna.%E3%82%A2%E3%83%9F%E3%83%A1%E3%83%A0%E3%83%A9%E3%82%B5%E3%82%AD%E3%83%88%E3%83%93%E3%83%A0%E3%82%B7,,アミメムラサキトビムシ,T4,和名のみ。registry に学名・和名とも無い,0,アミメムラサキトビムシ
アミヤハズハネコケムシ,species,common:taxon:gbif.1003627,"Plumatella reticulata Wood, 1988",,T3,GBIF match species 'Plumatella reticulata' -> 1003627 (exact) (学名列),0,アミヤハズハネコケムシ
アメイロアリ,species,common:taxon:inat.372712,Nylanderia flavipes,,T1,registry species Nylanderia flavipes (学名列) [exact_name],0,アメイロアリ
アメイロケアリ,species,common:taxon:inat.1079951,Lasius umbratus,,T1,registry species Lasius umbratus (学名列) [exact_name],0,アメイロケアリ
アメマス類,genus,common:taxon:gbif.2351241,"Salvelinus Richardson, 1836",,T5,gbif_vernacular イワナ属 -> 2351241 (シートの属 イワナ属; ja_group アメマス類) [rank_reduced],0,アメマス類
アメリカザリガニ,species,common:taxon:inat.51221,Procambarus clarkii,,T1,registry species Procambarus clarkii (学名列) [exact_name],0,アメリカザリガニ
アメリカシロヒトリ,species,common:taxon:gbif.1817797,"Hyphantria cunea (Drury, 1773)",,T2,registry vernacular_name_ja アメリカシロヒトリ,0,アメリカシロヒトリ
アメリカジガバチ,species,common:taxon:gbif.5041466,"Sceliphron caementarium (Drury, 1773)",,T2,registry vernacular_name_ja アメリカジガバチ,0,アメリカジガバチ
アメリカタバコガ/タバコガ/オオタバコガ,genus,common:taxon:inat.83810,Helicoverpa,,T5,"併記の全成員が属 Helicoverpa の種（アメリカタバコガ->common:taxon:gbif.1792564; タバコガ->common:taxon:gbif.1792555; オオタバコガ->common:taxon:gbif.8108800）; registry genus Helicoverpa [rank_reduced,name_ambiguous]",0,アメリカタバコガ/タバコガ/オオタバコガ
アメリカミズアブ,species,common:taxon:inat.82177,Hermetia illucens,,T1,registry species Hermetia illucens (学名列) [exact_name],0,アメリカミズアブ
アメンボ,species,common:taxon:kanagawa-edna.%E3%82%A2%E3%83%A1%E3%83%B3%E3%83%9C,,アメンボ,T4,和名のみ。registry に学名・和名とも無い,0,アメンボ
アユ,species,common:taxon:gbif.4283980,"Plecoglossus altivelis (Temminck & Schlegel, 1846)",,T1,registry species Plecoglossus altivelis (学名列),0,アユ
アライグマ,species,common:taxon:inat.41663,Procyon lotor,,T1,registry species Procyon lotor (学名列) [exact_name],0,アライグマ
アライヒシモンヨコバイ,species,common:taxon:gbif.2036052,"Hishimonus hamatus Kuoh, 1976",,T3,GBIF match species 'Hishimonus hamatus' -> 2036052 (exact) (学名列),0,アライヒシモンヨコバイ
アルタイヤマトビケラ,species,common:taxon:gbif.1430432,"Glossosoma altaicum (Martynov, 1914)",,T3,GBIF match species 'Glossosoma altaicum' -> 1430432 (exact) (学名列),0,アルタイヤマトビケラ
アワダチソウグンバイ,species,common:taxon:inat.320845,Corythucha marmorata,,T1,registry species Corythucha marmorata (学名列) [exact_name],0,アワダチソウグンバイ
アワノメイガ,species,common:taxon:gbif.1886362,"Ostrinia furnacalis (Guenée, 1854)",,T2,registry vernacular_name_ja アワノメイガ,0,アワノメイガ
アワヨトウ,species,common:taxon:gbif.5802396,"Mythimna separata (Walker, 1865)",,T2,registry vernacular_name_ja アワヨトウ,0,アワヨトウ
イエチャタテ,species,common:taxon:gbif.1031742,"Dorypteryx domestica (Smithers, 1958)",,T2c,gbif_vernacular イエチャタテ -> 1031742,0,イエチャタテ
イガイダマシ/アメリカイガイダマシ,genus,common:taxon:gbif.2287074,"Mytilopsis Conrad, 1858",,T5,"GBIF match genus 'Mytilopsis' -> 2287074 (exact) (シートの属 Mytilopsis属; 併記 イガイダマシ/アメリカイガイダマシ) [rank_reduced,name_ambiguous]",0,イガイダマシ/アメリカイガイダマシ
イシガキユスリカ,species,common:taxon:gbif.1450701,"Cladopelma edwardsi (Kruseman, 1933)",,T3,GBIF match species 'Cladopelma edwardsi' -> 1450701 (exact) (学名列),0,イシガキユスリカ
イシマキガイ,species,common:taxon:inat.701484,Clithon retropictum,,T1,registry species Clithon retropictum (学名列) [exact_name],0,イシマキガイ
イシワタマダラカゲロウ,genus,common:taxon:gbif.1407473,"Ephemerella Walsh, 1863",,T5,種 Ephemerella ishiwatai は GBIF に無い (none) ので属 Ephemerella に寄せる; GBIF match genus 'Ephemerella' -> 1407473 (exact) [rank_reduced],0,イシワタマダラカゲロウ
イソギンポ,species,common:taxon:inat.108411,Parablennius yatabei,,T1,registry species Parablennius yatabei (学名列) [exact_name],0,イソギンポ
イソベホソカワゲラ,species,common:taxon:gbif.7198747,"Perlomyia isobeae Sivec & Stark, 2012",,T3,GBIF match species 'Perlomyia isobeae' -> 7198747 (exact) (学名列),0,イソベホソカワゲラ
イタヤニタイケアブラムシ,species,common:taxon:gbif.2071303,"Periphyllus viridis (Matsumura, 1919)",,T3,GBIF match species 'Periphyllus viridis' -> 2071303 (exact) (学名列),0,イタヤニタイケアブラムシ
イダテンギンポ,species,common:taxon:gbif.2396119,"Omobranchus punctatus (Valenciennes, 1836)",,T1,registry species Omobranchus punctatus (学名列),0,イダテンギンポ
イチモンジカメムシ,species,common:taxon:gbif.6129971,"Piezodorus hybneri (Gmelin, 1790)",,T2c,gbif_vernacular イチモンジカメムシ -> 6129971; registry に既存,0,イチモンジカメムシ
イチモンジセセリ,species,common:taxon:gbif.1943212,"Parnara guttatus (Bremer & Grey, 1853)",,T2,registry vernacular_name_ja イチモンジセセリ,0,イチモンジセセリ
イトウカギバラアリ,species,common:taxon:gbif.1320557,"Proceratium itoi (Forel, 1918)",,T2,registry vernacular_name_ja イトウカギバラアリ,0,イトウカギバラアリ
イトミミズ,species,common:taxon:gbif.2308444,"Tubifex tubifex (Müller, 1774)",,T2c,gbif_vernacular イトミミズ -> 2308444; registry に既存,0,イトミミズ
イトモロコ,species,common:taxon:kanagawa-edna.%E3%82%A4%E3%83%88%E3%83%A2%E3%83%AD%E3%82%B3,,イトモロコ,T4,和名のみ。registry に学名・和名とも無い,0,イトモロコ
イナズマヨコバイ,species,common:taxon:gbif.8340957,"Maiestas dorsalis (Motschulsky, 1859)",,T2c,gbif_vernacular イナズマヨコバイ -> 8340957,0,イナズマヨコバイ
イネクダアザミウマ,species,common:taxon:gbif.1420023,"Haplothrips aculeatus (Fabricius, 1803)",,T3,GBIF match species 'Haplothrips aculeatus' -> 1420023 (exact) (学名列),0,イネクダアザミウマ
イネミズゾウムシ,species,common:taxon:inat.269432,Lissorhoptrus oryzophilus,,T1,registry species Lissorhoptrus oryzophilus (学名列) [exact_name],0,イネミズゾウムシ
イノシシ,species,common:taxon:gbif.7705930,Sus scrofa,,T1,registry species Sus scrofa (学名列) [prefer_gbif_namespace],0,イノシシ
イノプスヤマトビケラ,species,common:taxon:gbif.1430515,"Glossosoma ussuricum (Martynov, 1934)",,T3,GBIF match species 'Glossosoma ussuricum' -> 1430515 (exact) (学名列),0,イノプスヤマトビケラ
イバラヒゲナガアブラムシ,species,common:taxon:gbif.2073002,"Sitobion ibarae (Matsumura, 1917)",,T3,GBIF match species 'Sitobion ibarae' -> 2073002 (exact) (学名列),0,イバラヒゲナガアブラムシ
イマニシマダラカゲロウ,species,common:taxon:gbif.7197200,"Serratella occiprens Jacobus & McCafferty, 2008",,T3,GBIF match species 'Serratella occiprens' -> 7197200 (exact) (学名列),0,イマニシマダラカゲロウ
イラクサギンウワバ,species,common:taxon:gbif.1786360,Trichoplusia ni (Hübner),,T2,registry vernacular_name_ja イラクサギンウワバ,0,イラクサギンウワバ
イロタニガワトビケラ,species,common:taxon:gbif.1431491,"Dolophilodes iroensis (Kobayashi, 1980)",,T3,GBIF match species 'Dolophilodes iroensis' -> 1431491 (exact) (学名列),0,イロタニガワトビケラ
イワヒラタカゲロウ,species,common:taxon:gbif.7197275,"Epeorus cumulus Imanishi, 1939",,T3,GBIF match species 'Epeorus cumulus' -> 7197275 (exact) (学名列),0,イワヒラタカゲロウ
イワフジツボ,species,common:taxon:inat.469712,Chthamalus challengeri,,T1,registry species Chthamalus challengeri (学名列) [exact_name],0,イワフジツボ
ウェストントビイロカゲロウ,species,common:taxon:gbif.7197115,"Paraleptophlebia westoni Imanishi, 1937",,T3,GBIF match species 'Paraleptophlebia westoni' -> 7197115 (exact) (学名列),0,ウェストントビイロカゲロウ
ウエクチクサリヒメウズムシ,species,common:taxon:kanagawa-edna.%E3%82%A6%E3%82%A8%E3%82%AF%E3%83%81%E3%82%AF%E3%82%B5%E3%83%AA%E3%83%92%E3%83%A1%E3%82%A6%E3%82%BA%E3%83%A0%E3%82%B7,,ウエクチクサリヒメウズムシ,T4,和名のみ。registry に学名・和名とも無い,0,ウエクチクサリヒメウズムシ（cf.）
ウエノオナシカワゲラ,species,common:taxon:gbif.2003520,"Nemoura uenoi Kawai, 1954",,T3,GBIF match species 'Nemoura uenoi' -> 2003520 (exact) (学名列),0,ウエノオナシカワゲラ
ウエノカワゲラ,species,common:taxon:gbif.2004746,"Kamimuria uenoi Kohno, 1947",,T3,GBIF match species 'Kamimuria uenoi' -> 2004746 (exact) (学名列),0,ウエノカワゲラ
ウエノヒラタカゲロウ,species,common:taxon:gbif.6933421,"Epeorus curvatulus Matsumura, 1931",,T3,GBIF match species 'Epeorus curvatulus' -> 6933421 (exact) (学名列),0,ウエノヒラタカゲロウ
ウエノマルツツトビケラ,species,common:taxon:kanagawa-edna.%E3%82%A6%E3%82%A8%E3%83%8E%E3%83%9E%E3%83%AB%E3%83%84%E3%83%84%E3%83%88%E3%83%93%E3%82%B1%E3%83%A9,,ウエノマルツツトビケラ,T4,和名のみ。registry に学名・和名とも無い,0,ウエノマルツツトビケラ
ウキゴリ,species,common:taxon:inat.372195,Gymnogobius urotaenia,,T1,registry species Gymnogobius urotaenia (学名列) [exact_name],0,ウキゴリ
ウグイ,species,common:taxon:inat.1316273,Pseudaspius hakonensis,,T1,registry species Pseudaspius hakonensis (学名列) [exact_name]; 同じ和名の未照合 taxon common:taxon:ryuiki-taxa.wamei.%E3%82%A6%E3%82%B0%E3%82%A4 が registry にある（採らない）,0,ウグイ
ウシ,species,common:taxon:gbif.2441022,"Bos taurus Linnaeus, 1758",,T2c,gbif_vernacular ウシ -> 2441022; registry に既存,0,ウシ
ウシアブ,species,common:taxon:inat.473536,Tabanus trigonus,,T1,registry species Tabanus trigonus (学名列),0,ウシアブ
ウシガエル,species,common:taxon:inat.65979,Lithobates catesbeianus,,T2,registry vernacular_name_ja ウシガエル [exact_name],0,ウシガエル
ウシロヅノツボワムシ,species,common:taxon:gbif.4984093,"Brachionus forficula Wierzejski, 1891",,T3,GBIF match species 'Brachionus forficula' -> 4984093 (exact) (学名列),0,ウシロヅノツボワムシ
ウスイロクビボソジョウカイ,species,common:taxon:kanagawa-edna.%E3%82%A6%E3%82%B9%E3%82%A4%E3%83%AD%E3%82%AF%E3%83%93%E3%83%9C%E3%82%BD%E3%82%B8%E3%83%A7%E3%82%A6%E3%82%AB%E3%82%A4,,ウスイロクビボソジョウカイ,T4,和名のみ。registry に学名・和名とも無い,0,ウスイロクビボソジョウカイ
ウスイロササキリ,species,common:taxon:gbif.5095771,"Conocephalus chinensis (Redtenbacher, 1891)",,T2,registry vernacular_name_ja ウスイロササキリ,0,ウスイロササキリ
ウスイロフトヒゲコカゲロウ,species,common:taxon:gbif.7184552,"Labiobaetis atrebatinus (Eaton, 1870)",,T3,GBIF match species 'Labiobaetis atrebatinus' -> 7184552 (exact) (学名列),0,ウスイロフトヒゲコカゲロウ
ウスイロユスリカ,species,common:taxon:gbif.1448275,"Chironomus kiiensis Tokunaga, 1936",,T3,GBIF match species 'Chironomus kiiensis' -> 1448275 (exact) (学名列),0,ウスイロユスリカ
ウスオビトガリメイガ,species,common:taxon:gbif.5125656,"Endotricha consocia Butler, 1879",,T2,registry vernacular_name_ja ウスオビトガリメイガ,0,ウスオビトガリメイガ
ウスクロテンヒメシャク,species,common:taxon:gbif.5147426,"Idaea salutaria (Christoph, 1881)",,T1,registry species Idaea salutaria (学名列),0,ウスクロテンヒメシャク
ウスグモスズ,species,common:taxon:inat.865390,Amusurgus genji,,T1,registry species Amusurgus genji (学名列) [exact_name],0,ウスグモスズ
ウスチャケシマキムシ/ルイスケシマキムシ,genus,common:taxon:gbif.4406083,"Cortinicara Johnson, 1975",,T5,"併記の全成員が属 Cortinicara の種（ウスチャケシマキムシ->common:taxon:gbif.4450783; ルイスケシマキムシ->common:taxon:gbif.4450783）; GBIF match genus 'Cortinicara' -> 4406083 (exact) [rank_reduced,name_ambiguous]",0,ウスチャケシマキムシ/ルイスケシマキムシ
ウスチャヤガ,species,common:taxon:gbif.5112163,"Xestia dilatata Butler, 1879",,T2,registry vernacular_name_ja ウスチャヤガ,0,ウスチャヤガ
ウスバカゲロウ,species,common:taxon:inat.203923,Baliga micans,,T1,registry species Baliga micans (学名列) [exact_name],0,ウスバカゲロウ
ウスバカミキリ,species,common:taxon:kanagawa-edna.%E3%82%A6%E3%82%B9%E3%83%90%E3%82%AB%E3%83%9F%E3%82%AD%E3%83%AA,,ウスバカミキリ,T4,和名のみ。registry に学名・和名とも無い,0,ウスバカミキリ
ウスバガガンボ属の一種,genus,common:taxon:inat.247957,Antocha,,T5,registry genus Antocha (学名列の属 Antocha; ja_genus ウスバガガンボ属) [rank_reduced],0,ウスバガガンボ属の一種
ウスバキトンボ,species,common:taxon:inat.108344,Pantala flavescens,,T1,registry species Pantala flavescens (学名列) [exact_name],0,ウスバキトンボ
ウスベニスジヒメシャク,species,common:taxon:gbif.5144463,"Timandra dichela (Prout, 1935)",,T2c,gbif_vernacular ウスベニスジヒメシャク -> 5144463,0,ウスベニスジヒメシャク
ウスモンガガンボダマシ,species,common:taxon:kanagawa-edna.%E3%82%A6%E3%82%B9%E3%83%A2%E3%83%B3%E3%82%AC%E3%82%AC%E3%83%B3%E3%83%9C%E3%83%80%E3%83%9E%E3%82%B7,,ウスモンガガンボダマシ,T4,和名のみ。registry に学名・和名とも無い,0,ウスモンガガンボダマシ
ウスモンミドリカスミカメ,species,common:taxon:gbif.2010931,"Taylorilygus apicalis (Fieber, 1861)",,T2c,gbif_vernacular ウスモンミドリカスミカメ -> 2010931; registry に既存,0,ウスモンミドリカスミカメ
ウズラカメムシ,species,common:taxon:inat.361756,Aelia fieberi,,T1,registry species Aelia fieberi (学名列),0,ウズラカメムシ
ウチダコハクヤマトビケラ,species,common:taxon:kanagawa-edna.%E3%82%A6%E3%83%81%E3%83%80%E3%82%B3%E3%83%8F%E3%82%AF%E3%83%A4%E3%83%9E%E3%83%88%E3%83%93%E3%82%B1%E3%83%A9,,ウチダコハクヤマトビケラ,T4,和名のみ。registry に学名・和名とも無い,0,ウチダコハクヤマトビケラ
ウチダツノマユブユ,species,common:taxon:kanagawa-edna.%E3%82%A6%E3%83%81%E3%83%80%E3%83%84%E3%83%8E%E3%83%9E%E3%83%A6%E3%83%96%E3%83%A6,,ウチダツノマユブユ,T4,和名のみ。registry に学名・和名とも無い,0,ウチダツノマユブユ
ウチダナガグツブユ,species,common:taxon:gbif.1645280,"Simulium uchidai (Takahasi, 1950)",,T3,GBIF match species 'Simulium uchidai' -> 1645280 (exact) (学名列),0,ウチダナガグツブユ
ウチワミミズ,species,common:taxon:kanagawa-edna.%E3%82%A6%E3%83%81%E3%83%AF%E3%83%9F%E3%83%9F%E3%82%BA,,ウチワミミズ,T4,和名のみ。registry に学名・和名とも無い,0,ウチワミミズ
ウデマガリコカゲロウ,species,common:taxon:gbif.8373165,"Tenuibaetis flexifemora (Gose, 1980)",,T3,GBIF match species 'Tenuibaetis flexifemora' -> 8373165 (exact) (学名列),0,ウデマガリコカゲロウ
ウメマツアリ,species,common:taxon:gbif.1318740,"Vollenhovia emeryi Wheeler, 1906",,T2,registry vernacular_name_ja ウメマツアリ,0,ウメマツアリ
ウラギンシジミ,species,common:taxon:gbif.1931706,"Curetis acuta Moore, 1877",,T2,registry vernacular_name_ja ウラギンシジミ,0,ウラギンシジミ
ウリハムシ,species,common:taxon:inat.342313,Aulacophora indica,,T1,registry species Aulacophora indica (学名列) [exact_name]; registry の和名 ウリハムシ は別の種 common:taxon:gbif.11361837 を指す（採らない）,0,ウリハムシ
ウリハムシモドキ,species,common:taxon:gbif.10775803,Atrachya menetriesi,,T2,registry vernacular_name_ja ウリハムシモドキ,0,ウリハムシモドキ
ウルマーイワトビケラ属の一種,genus,common:taxon:gbif.1438158,"Polyplectropus Ulmer, 1905",,T5,GBIF match genus 'Polyplectropus' -> 1438158 (exact) (学名列の属 Polyplectropus; ja_genus ウルマーイワトビケラ属) [rank_reduced],0,ウルマーイワトビケラ属の一種
ウルマークダトビケラ,genus,common:taxon:gbif.3259770,"Psychomyia Latreille, 1829",,T5,種 Psychomyia acutipennis は GBIF に無い (none) ので属 Psychomyia に寄せる; GBIF match genus 'Psychomyia' -> 3259770 (exact) [rank_reduced],0,ウルマークダトビケラ
ウルマーシマトビケラ,species,common:taxon:inat.366855,Hydropsyche orientalis,,T1,registry species Hydropsyche orientalis (学名列) [exact_name],0,ウルマーシマトビケラ
ウロハゼ,species,common:taxon:gbif.2379442,"Glossogobius olivaceus (Temminck & Schlegel, 1845)",,T2,registry vernacular_name_ja ウロハゼ,0,ウロハゼ
ウロハゼ/スダレウロハゼ,genus,common:taxon:gbif.2379389,"Glossogobius Gill, 1859",,T5,"併記の全成員が属 Glossogobius の種（ウロハゼ->common:taxon:gbif.2379442; スダレウロハゼ->common:taxon:gbif.2379427）; registry genus Glossogobius [rank_reduced,name_ambiguous]",0,ウロハゼ/スダレウロハゼ
エサキコミズムシ,species,common:taxon:inat.1365027,Sigara septemlineata,,T1,registry species Sigara septemlineata (学名列) [exact_name],0,エサキコミズムシ
エサキナガレカタビロアメンボ,species,common:taxon:gbif.9349189,"Pseudovelia esakii Miyamoto, 1959",,T3,GBIF match species 'Pseudovelia esakii' -> 9349189 (exact) (学名列),0,エサキナガレカタビロアメンボ
エサキモンキツノカメムシ,species,common:taxon:inat.545902,Sastragala esakii,,T1,registry species Sastragala esakii (学名列) [exact_name],0,エサキモンキツノカメムシ
エゾギクキンウワバ,species,common:taxon:gbif.1785314,"Ctenoplusia albostriata (Bremer & Grey, 1853)",,T2,registry vernacular_name_ja エゾギクキンウワバ,0,エゾギクキンウワバ
エゾトビウンカ,species,common:taxon:kanagawa-edna.%E3%82%A8%E3%82%BE%E3%83%88%E3%83%93%E3%82%A6%E3%83%B3%E3%82%AB,,エゾトビウンカ,T4,和名のみ。registry に学名・和名とも無い,0,エゾトビウンカ
エゾナガウンカ,species,common:taxon:gbif.2056694,"Stenocranus matsumurai Metcalf, 1943",,T3,GBIF match species 'Stenocranus matsumurai' -> 2056694 (exact) (学名列),0,エゾナガウンカ
エノキワタアブラムシ,species,common:taxon:inat.335282,Shivaphis celti,,T1,registry species Shivaphis celti (学名列) [exact_name],0,エノキワタアブラムシ
エビイロカメムシ,species,common:taxon:gbif.10508521,Gonopsis affinis,,T2c,gbif_vernacular エビイロカメムシ -> 10508521; registry に既存,0,エビイロカメムシ
エビガラスズメ,species,common:taxon:gbif.1861644,"Agrius convolvuli Linnaeus, 1758",,T2,registry vernacular_name_ja エビガラスズメ,0,エビガラスズメ
エラブタマダラカゲロウ,species,common:taxon:gbif.6931702,"Torleya japonica (Gose, 1980)",,T3,GBIF match species 'Torleya japonica' -> 6931702 (exact) (学名列),0,エラブタマダラカゲロウ
エルモンヒラタカゲロウ,species,common:taxon:gbif.6933491,"Epeorus latifolium (Uéno, 1928)",,T3,GBIF match species 'Epeorus latifolium' -> 6933491 (exact) (学名列),0,エルモンヒラタカゲロウ
エルモンヒラタカゲロウ/マツムラヒラタカゲロウ/タニヒラタカゲロウ,genus,common:taxon:inat.173578,Epeorus,,T5,"registry genus Epeorus (同じ属の種から ヒラタカゲロウ属 -> Epeorus) (シートの属 ヒラタカゲロウ属; 併記 エルモンヒラタカゲロウ/マツムラヒラタカゲロウ/タニヒラタカゲロウ) [rank_reduced,name_ambiguous]",0,エルモンヒラタカゲロウ/マツムラヒラタカゲロウ/タニヒラタカゲロウ
エンドウヒゲナガアブラムシ,species,common:taxon:inat.132882,Acyrthosiphon pisum,,T1,registry species Acyrthosiphon pisum (学名列),0,エンドウヒゲナガアブラムシ
エンバンオナシカワゲラ,species,common:taxon:gbif.2003305,"Protonemura orbiculata Shimizu, 1998",,T3,GBIF match species 'Protonemura orbiculata' -> 2003305 (exact) (学名列),0,エンバンオナシカワゲラ
エンマコオロギ,species,common:taxon:inat.415442,Teleogryllus emma,,T1,registry species Teleogryllus emma (学名列) [exact_name],0,エンマコオロギ
オイカワ,species,common:taxon:inat.128279,Zacco platypus,,T1,registry species Zacco platypus (学名列) [exact_name],0,オイカワ
オウトウショウジョウバエ,species,common:taxon:gbif.5073820,"Drosophila suzukii (Matsumura, 1931)",,T2c,gbif_vernacular オウトウショウジョウバエ -> 5073820,0,オウトウショウジョウバエ
オオアオモリヒラタゴミムシ,species,common:taxon:inat.177051,Metacolpodes buchanani,,T1,registry species Metacolpodes buchanani (学名列); registry の和名 オオアオモリヒラタゴミムシ は別の種 common:taxon:gbif.9387918 を指す（採らない）,0,オオアオモリヒラタゴミムシ
オオアカバコガシラハネカクシ,species,common:taxon:gbif.4436921,"Philonthus spinipes Sharp, 1874",,T2,registry vernacular_name_ja オオアカバコガシラハネカクシ,0,オオアカバコガシラハネカクシ
オオアタマミジンコ,species,common:taxon:gbif.8357047,"Diaphanosoma dubium Manujlova, 1964",,T3,GBIF match species 'Diaphanosoma dubium' -> 8357047 (exact) (学名列),0,オオアタマミジンコ
オオアメンボ,species,common:taxon:gbif.5866105,"Aquarius elongatus (Uhler, 1896)",,T2,registry vernacular_name_ja オオアメンボ,0,オオアメンボ
オオウナギ,species,common:taxon:gbif.5213048,"Anguilla marmorata Quoy & Gaimard, 1824",,T2c,gbif_vernacular オオウナギ -> 5213048,0,オオウナギ
オオウロコチャタテ,species,common:taxon:gbif.1031745,"Stimulopalpus japonicus Enderlein, 1906",,T2c,gbif_vernacular オオウロコチャタテ -> 1031745; registry に既存,0,オオウロコチャタテ
オオウンモンクチバ,species,common:taxon:gbif.6116646,"Mocis undata (Fabricius, 1775)",,T2,registry vernacular_name_ja オオウンモンクチバ,0,オオウンモンクチバ
オオカクツツトビケラ,species,common:taxon:gbif.10257766,"Lepidostoma crassicorne G Ulmer, 1907",,T3,GBIF match species 'Lepidostoma crassicorne' -> 10257766 (exact) (学名列),0,オオカクツツトビケラ
オオカマキリ,species,common:taxon:inat.71034,Tenodera sinensis,,T1,registry species Tenodera sinensis (学名列) [exact_name],0,オオカマキリ
オオクシヒゲコメツキ,species,common:taxon:inat.359530,Tetrigus lewisi,,T1,registry species Tetrigus lewisi (学名列) [exact_name],0,オオクシヒゲコメツキ
オオクチバス,species,common:taxon:gbif.2394563,"Micropterus salmoides (Lacepède, 1802)",,T1,registry species Micropterus salmoides (学名列),0,オオクチバス
オオクチユゴイ,species,common:taxon:gbif.5208684,"Kuhlia rupestris (Lacepède, 1802)",,T2c,gbif_vernacular オオクチユゴイ -> 5208684,0,オオクチユゴイ
オオクママダラカゲロウ,species,common:taxon:gbif.6931821,"Cincticostella elongatula (McLachlan, 1875)",,T3,GBIF match species 'Cincticostella elongatula' -> 6931821 (exact) (学名列),0,オオクママダラカゲロウ
オオクラカケカワゲラ,species,common:taxon:gbif.2006186,"Paragnetina tinctipennis (McLachlan, 1875)",,T3,GBIF match species 'Paragnetina tinctipennis' -> 2006186 (exact) (学名列),0,オオクラカケカワゲラ
オオクロツヤヒラタゴミムシ,species,common:taxon:gbif.7346594,"Synuchus nitidus (Motschulsky, 1862)",,T2c,gbif_vernacular オオクロツヤヒラタゴミムシ -> 7346594,0,オオクロツヤヒラタゴミムシ
オオクロヤブカ,species,common:taxon:inat.155302,Armigeres subalbatus,,T1,registry species Armigeres subalbatus (学名列),0,オオクロヤブカ
オオクワゴモドキ,species,common:taxon:gbif.5125132,"Oberthueria falcigera Butler, 1878",,T2,registry vernacular_name_ja オオクワゴモドキ,0,オオクワゴモドキ
オオケチョウバエ,species,common:taxon:inat.258813,Clogmia albipunctata,,T1,registry species Clogmia albipunctata (学名列),0,オオケチョウバエ
オオゴミムシ/アトボシアオゴミムシ,genus,common:taxon:gbif.4748601,"Lesticus Dejean, 1828",,T5,"GBIF match genus 'Lesticus' -> 4748601 (exact) (シートの属 Lesticus属; 併記 オオゴミムシ/アトボシアオゴミムシ) [rank_reduced,name_ambiguous]",0,オオゴミムシ（要検証）/アトボシアオゴミムシ
オオシオカラトンボ,species,common:taxon:inat.325351,Orthetrum melania,,T1,registry species Orthetrum melania (学名列) [exact_name],0,オオシオカラトンボ
オオシカクミジンコ,species,common:taxon:gbif.5180060,"Alona affinis (Leydig, 1860)",,T3,GBIF match species 'Alona affinis' -> 5180060 (exact) (学名列),0,オオシカクミジンコ
オオシロカゲロウ,species,common:taxon:gbif.6934307,"Ephoron shigae (Takahashi, 1924）",,T1,registry species Ephoron shigae (学名列),0,オオシロカゲロウ
オオスズメバチ,species,common:taxon:gbif.5871429,"Vespa mandarinia Smith, 1852",,T2,registry vernacular_name_ja オオスズメバチ,0,オオスズメバチ
オオスナハラゴミムシ,species,common:taxon:gbif.7883346,"Diplocheila zeelandica (L.Redtenbacher, 1868)",,T2,registry vernacular_name_ja オオスナハラゴミムシ,0,オオスナハラゴミムシ
オオズアリ,species,common:taxon:inat.1120421,Pheidole nodus,,T1,registry species Pheidole nodus (学名列),0,オオズアリ
オオタバコガ,species,common:taxon:inat.83806,Helicoverpa armigera,,T1,registry species Helicoverpa armigera (学名列) [exact_name],0,オオタバコガ
オオチャイロナガカメムシ,species,common:taxon:gbif.6130497,"Neolethaeus assamensis (Distant, 1901)",,T2c,gbif_vernacular オオチャイロナガカメムシ -> 6130497; registry に既存,0,オオチャイロナガカメムシ
オオチャタテ,species,common:taxon:gbif.4399771,"Longivalvus nubilus (Enderlein, 1906)",,T2c,gbif_vernacular オオチャタテ -> 4399771; registry に既存,0,オオチャタテ
オオツノカメムシ,species,common:taxon:inat.737468,Acanthosoma firmatum,,T1,registry species Acanthosoma firmatum (学名列) [exact_name]; registry の和名 オオツノカメムシ は別の種 common:taxon:gbif.10340505 を指す（採らない）,0,オオツノカメムシ
オオツマキヘリカメムシ,species,common:taxon:inat.548783,Hygia lativentris,,T1,registry species Hygia lativentris (学名列) [exact_name],0,オオツマキヘリカメムシ
オオトゲユウレイガガンボ,species,common:taxon:gbif.1507798,"Dolichopeza saitamensis Alexander, 1930",,T3,GBIF match species 'Dolichopeza saitamensis' -> 1507798 (exact) (学名列),0,オオトゲユウレイガガンボ
オオトリノフンダマシ,species,common:taxon:gbif.7529643,"Cyrtarachne akirai Tanikawa, 2013",,T2,registry vernacular_name_ja オオトリノフンダマシ,0,オオトリノフンダマシ
オオナガレトビケラ,species,common:taxon:gbif.1433672,"Himalopsyche japonica (Morton, 1900)",,T2b,辞書 taxa moe_redlist:https://ikilog.biodic.go.jp/rdbdata/files/redlist2020/redlist2020_kontyurui.csv#row=606 (1行): オオナガレトビケラ -> Himalopsyche japonica; GBIF match species 'Himalopsyche japonica' -> 1433672 (exact),0,オオナガレトビケラ
オオハキリバチ,species,common:taxon:inat.52785,Megachile sculpturalis,,T1,registry species Megachile sculpturalis (学名列) [exact_name],0,オオハキリバチ
オオハサミムシ,species,common:taxon:gbif.1419912,"Labidura riparia (Pallas, 1773)",,T2,registry vernacular_name_ja オオハサミムシ,0,オオハサミムシ
オオハラツツトビケラ,species,common:taxon:kanagawa-edna.%E3%82%AA%E3%82%AA%E3%83%8F%E3%83%A9%E3%83%84%E3%83%84%E3%83%88%E3%83%93%E3%82%B1%E3%83%A9,,オオハラツツトビケラ,T4,和名のみ。registry に学名・和名とも無い,0,オオハラツツトビケラ
オオバン,species,common:taxon:inat.482,Fulica atra,,T1,registry species Fulica atra (学名列) [exact_name],0,オオバン
オオヒメヒラタアブ,species,common:taxon:kanagawa-edna.%E3%82%AA%E3%82%AA%E3%83%92%E3%83%A1%E3%83%92%E3%83%A9%E3%82%BF%E3%82%A2%E3%83%96,,オオヒメヒラタアブ,T4,和名のみ。registry に学名・和名とも無い,0,オオヒメヒラタアブ
オオヒメフタオカゲロウ/マエグロヒメフタオカゲロウ,genus,common:taxon:gbif.1407481,"Ameletus Eaton, 1885",,T5,"GBIF match genus 'Ameletus' -> 1407481 (exact) (同じ属の種から ヒメフタオカゲロウ属 -> Ameletus) (シートの属 ヒメフタオカゲロウ属; 併記 オオヒメフタオカゲロウ/マエグロヒメフタオカゲロウ) [rank_reduced,name_ambiguous]",0,オオヒメフタオカゲロウ（仮称）/マエグロヒメフタオカゲロウ
オオヒラタシデムシ,species,common:taxon:inat.503861,Eusilpha japonica,,T1,registry species Eusilpha japonica (学名列) [exact_name],0,オオヒラタシデムシ
オオフタオカゲロウ,species,common:taxon:gbif.6932747,"Siphlonurus binotatus (Eaton, 1892)",,T2c,gbif_vernacular オオフタオカゲロウ -> 6932747,0,オオフタオカゲロウ
オオフタホシテントウ,family,common:taxon:gbif.7782,Coccinellidae,,T5,gbif_vernacular テントウムシ科 -> 7782; registry に既存 (シートの科 テントウムシ科; Lemnia biplagiata は GBIF で決まらない (none)) [rank_reduced],0,オオフタホシテントウ
オオフタモンウバタマコメツキ,species,common:taxon:kanagawa-edna.%E3%82%AA%E3%82%AA%E3%83%95%E3%82%BF%E3%83%A2%E3%83%B3%E3%82%A6%E3%83%90%E3%82%BF%E3%83%9E%E3%82%B3%E3%83%A1%E3%83%84%E3%82%AD,,オオフタモンウバタマコメツキ,T4,和名のみ。registry に学名・和名とも無い,0,オオフタモンウバタマコメツキ
オオホシカメムシ,species,common:taxon:inat.366807,Physopelta gutta,,T1,registry species Physopelta gutta (学名列) [exact_name],0,オオホシカメムシ（ヒメホシカメムシと同じ配列のものとは大きく異なる）
オオホシカメムシ/ヒメホシカメムシ,genus,common:taxon:inat.357800,Physopelta,,T5,"併記の全成員が属 Physopelta の種（オオホシカメムシ->common:taxon:gbif.4783700; ヒメホシカメムシ->common:taxon:gbif.5866144）; registry genus Physopelta [rank_reduced,name_ambiguous]",0,オオホシカメムシ/ヒメホシカメムシ
オオホシミミヨトウ,species,common:taxon:gbif.4688172,"Condica illecta (Walker, 1865)",,T2c,gbif_vernacular オオホシミミヨトウ -> 4688172; registry に既存,0,オオホシミミヨトウ
オオマダラカゲロウ,species,common:taxon:gbif.6931761,"Drunella basalis (Imanishi, 1937)",,T3,GBIF match species 'Drunella basalis' -> 6931761 (exact) (学名列),0,オオマダラカゲロウ
オオマリコケムシ,species,common:taxon:gbif.1003567,"Pectinatella magnifica (Leidy, 1851)",,T2c,gbif_vernacular オオマリコケムシ -> 1003567,0,オオマリコケムシ
オオマルガタゴミムシ,species,common:taxon:inat.1156644,Amara gigantea,,T1,registry species Amara gigantea (学名列) [exact_name],0,オオマルガタゴミムシ
オオミズアオ,species,common:taxon:gbif.1865659,"Actias aliena Butler, 1879",,T2,registry vernacular_name_ja オオミズアオ,0,オオミズアオ
オオミズアオ本土亜種,species,common:taxon:gbif.1865671,"Actias artemis Bremer & Grey, 1853",,T1,registry species Actias artemis (学名列),0,オオミズアオ本土亜種
オオミノガ,species,common:taxon:inat.324309,Eumeta variegata,,T1,registry species Eumeta variegata (学名列),0,オオミノガ
オオメコナガカワゲラ,species,common:taxon:gbif.2004920,"Flavoperla thoracica (Okamoto, 1912)",,T3,GBIF match species 'Flavoperla thoracica' -> 2004920 (exact) (学名列),0,オオメコナガカワゲラ
オオヤマカワゲラ,species,common:taxon:inat.1500472,Oyamia lugubris,,T1,registry species Oyamia lugubris (学名列) [exact_name],0,オオヤマカワゲラ
オオユキユスリカ属の一種,genus,common:taxon:gbif.1447076,"Pagastia Oliver, 1959",,T5,GBIF match genus 'Pagastia' -> 1447076 (exact) (学名列の属 Pagastia; ja_genus オオユキユスリカ属) [rank_reduced],0,オオユキユスリカ属の一種
オオヨコバイ,species,common:taxon:inat.52447,Cicadella viridis,,T1,registry species Cicadella viridis (学名列) [exact_name],0,オオヨコバイ
オオヨシノボリ/ルリヨシノボリ,genus,common:taxon:inat.91721,Rhinogobius,,T5,"併記の全成員が属 Rhinogobius の種（オオヨシノボリ->common:taxon:gbif.8865127; ルリヨシノボリ->common:taxon:gbif.11142728）; registry genus Rhinogobius [exact_name] [rank_reduced,name_ambiguous]",0,オオヨシノボリ/ルリヨシノボリ
オカダトカゲ/ニホントカゲ,genus,common:taxon:inat.37763,Plestiodon,,T5,"併記の全成員が属 Plestiodon の種（オカダトカゲ->common:taxon:gbif.5960563; ニホントカゲ->common:taxon:gbif.8154433）; registry genus Plestiodon [exact_name] [rank_reduced,name_ambiguous]",0,オカダトカゲ/ニホントカゲ
オカボアカアブラムシ,species,common:taxon:gbif.2069520,"Rhopalosiphum rufiabdominalis (Sasaki, 1899)",,T3,GBIF match species 'Rhopalosiphum rufiabdominalis' -> 2069520 (exact) (学名列),0,オカボアカアブラムシ
オカモトホソカワゲラ,species,common:taxon:gbif.2001697,"Paraleuctra okamotoa (Claassen, 1936)",,T3,GBIF match species 'Paraleuctra okamotoa' -> 2001697 (exact) (学名列),0,オカモトホソカワゲラ
オガサワラクビキリギス,species,common:taxon:gbif.1689407,"Euconocephalus nasutus (Thunberg, 1815)",,T2c,gbif_vernacular オガサワラクビキリギス -> 1689407,0,オガサワラクビキリギス
オジロアシナガゾウムシ,species,common:taxon:gbif.6132354,"Mesalcidodes trifidus Voss, 1958",,T2,人の確認: registry の和名は Mesalcidodes trifidus と Ornatalcides trifidu(語尾が欠けた誤記の行)に当たる。前者が正しい学名,1,オジロアシナガゾウムシ
オジロサナエ,species,common:taxon:inat.113385,Stylogomphus suzukii,,T1,registry species Stylogomphus suzukii (学名列) [exact_name],0,オジロサナエ
オタルツノマユブユ,species,common:taxon:gbif.1644206,"Simulium subcostatum (Takahasi, 1950)",,T3,GBIF match species 'Simulium subcostatum' -> 1644206 (exact) (学名列),0,オタルツノマユブユ
オナガサナエ,species,common:taxon:inat.428673,Melligomphus viridicostus,,T1,registry species Melligomphus viridicostus (学名列) [exact_name],0,オナガサナエ
オナガダンダラヒメユスリカ,species,common:taxon:gbif.1450425,"Ablabesmyia longistyla Fittkau, 1962",,T3,GBIF match species 'Ablabesmyia longistyla' -> 1450425 (exact) (学名列),0,オナガダンダラヒメユスリカ
オナガヒラタカゲロウ,species,common:taxon:gbif.6933270,"Epeorus hiemalis Imanishi, 1934",,T3,GBIF match species 'Epeorus hiemalis' -> 6933270 (exact) (学名列),0,オナガヒラタカゲロウ
オナシカワゲラ,species,common:taxon:inat.1484102,Nemoura fulva,,T1,registry species Nemoura fulva (学名列),0,オナシカワゲラ
オナシカワゲラ属の一種,genus,common:taxon:inat.176787,Nemoura,,T5,registry genus Nemoura (同じ属の種から オナシカワゲラ属 -> Nemoura) [rank_reduced],0,オナシカワゲラ属の一種
オニヒメタニガワカゲロウ,family,common:taxon:inat.48006,Heptageniidae,,T5,registry family Heptageniidae (同じ科の種から ヒラタカゲロウ科 -> Heptageniidae) (シートの科 ヒラタカゲロウ科; Afghanurus zhiltzovae は GBIF で決まらない (none)) [rank_reduced],0,オニヒメタニガワカゲロウ
オニヤンマ,species,common:taxon:inat.62747,Anotogaster sieboldii,,T1,registry species Anotogaster sieboldii (学名列) [exact_name],0,オニヤンマ
オバボタル,species,common:taxon:inat.358230,Lucidina biplagiata,,T1,registry species Lucidina biplagiata (学名列) [exact_name],0,オバボタル
オマガリホソカワゲラ,species,common:taxon:kanagawa-edna.%E3%82%AA%E3%83%9E%E3%82%AC%E3%83%AA%E3%83%9B%E3%82%BD%E3%82%AB%E3%83%AF%E3%82%B2%E3%83%A9,,オマガリホソカワゲラ,T4,和名のみ。registry に学名・和名とも無い,0,オマガリホソカワゲラ
オヤニラミ,species,common:taxon:gbif.2380417,"Coreoperca kawamebari (Temminck & Schlegel, 1843)",,T2b,辞書 taxa moe_redlist|moe_ias_list:https://ikilog.biodic.go.jp/rdbdata/files/redlist2020/redlist2020_tansuigyorui.csv#row=109|https://www.env.go.jp/nature/intro/2outline/list/list2.xls#動物!row=267 (1行): オヤニラミ -> Coreoperca kawamebari; registry species Coreoperca kawamebari,0,オヤニラミ
オルモシア属の一種,family,common:taxon:inat.47992,Limoniidae,,T5,registry family Limoniidae (同じ科の種から ヒメガガンボ科 -> Limoniidae) (シートの科 ヒメガガンボ科; 属 オルモシア属 は決まらない; ja_genus オルモシア属) [rank_reduced],0,オルモシア属の一種
オンブバッタ,species,common:taxon:inat.325926,Atractomorpha lata,,T1,registry species Atractomorpha lata (学名列) [exact_name],0,オンブバッタ
カジカ,species,common:taxon:inat.612073,Cottus pollux,,T1,registry species Cottus pollux (学名列) [exact_name]; 同じ和名の未照合 taxon common:taxon:ryuiki-taxa.wamei.%E3%82%AB%E3%82%B8%E3%82%AB が registry にある（採らない）,0,カジカ
カジカガエル,species,common:taxon:inat.26608,Buergeria buergeri,,T1,registry species Buergeria buergeri (学名列) [exact_name],0,カジカガエル
カスミハネコケムシ,species,common:taxon:gbif.1003588,"Plumatella casmiana Oka, 1907",,T3,GBIF match species 'Plumatella casmiana' -> 1003588 (exact) (学名列),0,カスミハネコケムシ
カスリモンユスリカ,species,common:taxon:gbif.5055381,"Tanypus kraatzi (Kieffer, 1912)",,T3,GBIF match species 'Tanypus kraatzi' -> 5055381 (exact) (学名列),0,カスリモンユスリカ
カタクチイワシ,species,common:taxon:inat.328042,Engraulis japonicus,,T1,registry species Engraulis japonicus (学名列) [exact_name],0,カタクチイワシ
カタツムリトビケラ属の一種,genus,common:taxon:gbif.1434832,"Helicopsyche von Siebold, 1856",,T5,GBIF match genus 'Helicopsyche' -> 1434832 (exact) (学名列の属 Helicopsyche; ja_genus カタツムリトビケラ属) [rank_reduced],0,カタツムリトビケラ属の一種
カタツムリトビケラ属の一種mt-2021,genus,common:taxon:gbif.1434832,"Helicopsyche von Siebold, 1856",,T5,gbif_vernacular カタツムリトビケラ属 -> 1434832 [rank_reduced],0,カタツムリトビケラ属の一種 MT-2021
カタモンミナミボタル,species,common:taxon:gbif.6990608,"Drilaster axillaris Kiesenwetter, 1879",,T2,registry vernacular_name_ja カタモンミナミボタル,0,カタモンミナミボタル
カダヤシ,species,common:taxon:inat.59115,Gambusia affinis,,T1,registry species Gambusia affinis (学名列) [exact_name],0,カダヤシ
カッパクサカワゲラ,species,common:taxon:kanagawa-edna.%E3%82%AB%E3%83%83%E3%83%91%E3%82%AF%E3%82%B5%E3%82%AB%E3%83%AF%E3%82%B2%E3%83%A9,,カッパクサカワゲラ,T4,和名のみ。registry に学名・和名とも無い,0,カッパクサカワゲラ
カトリヤンマ,species,common:taxon:gbif.1424794,"Gynacantha japonica Bartenev, 1910",,T2,registry vernacular_name_ja カトリヤンマ,0,カトリヤンマ
カドオフシヒメバチ,species,common:taxon:kanagawa-edna.%E3%82%AB%E3%83%89%E3%82%AA%E3%83%95%E3%82%B7%E3%83%92%E3%83%A1%E3%83%90%E3%83%81,,カドオフシヒメバチ,T4,和名のみ。registry に学名・和名とも無い,0,カドオフシヒメバチ
カネタタキ,species,common:taxon:inat.622565,Ornebius kanetataki,,T1,registry species Ornebius kanetataki (学名列) [exact_name],0,カネタタキ
カバブチアブラムシ,species,common:taxon:gbif.2074133,"Symydobius kabae (Matsumura, 1917)",,T3,GBIF match species 'Symydobius kabae' -> 2074133 (exact) (学名列),0,カバブチアブラムシ
カブトミジンコ,species,common:taxon:gbif.2234812,"Daphnia galeata Sars, 1864",,T3,GBIF match species 'Daphnia galeata' -> 2234812 (exact) (学名列),0,カブトミジンコ
カブトムシ,species,common:taxon:inat.324733,Trypoxylus dichotomus,,T1,registry species Trypoxylus dichotomus (学名列) [exact_name],0,カブトムシ
カブラヤガ,species,common:taxon:inat.84455,Agrotis segetum,,T1,registry species Agrotis segetum (学名列) [exact_name],0,カブラヤガ
カマガタツボワムシ,species,common:taxon:gbif.4984079,"Brachionus falcatus Zacharias, 1898",,T3,GBIF match species 'Brachionus falcatus' -> 4984079 (exact) (学名列),0,カマガタツボワムシ
カマキリタマゴカツオブシムシ,species,common:taxon:gbif.4427408,"Thaumaglossa rufocapillata Redtenbacher, 1867",,T2,registry vernacular_name_ja カマキリタマゴカツオブシムシ,0,カマキリタマゴカツオブシムシ
カマツカ,species,common:taxon:inat.470282,Pseudogobio esocinus,,T1,registry species Pseudogobio esocinus (学名列) [exact_name],0,カマツカ
カミナリハムシ,species,common:taxon:gbif.8438148,"Altica aenea (Olivier, 1808)",,T2c,gbif_vernacular カミナリハムシ -> 8438148,0,カミナリハムシ
カミムラカワゲラ,species,common:taxon:gbif.2004711,"Kamimuria tibialis (Pictet, 1841)",,T1,registry species Kamimuria tibialis (学名列),0,カミムラカワゲラ
カムルチー,species,common:taxon:inat.128487,Channa argus,,T1,registry species Channa argus (学名列) [exact_name],0,カムルチー
カモシカ,species,common:taxon:gbif.4262615,"Capricornis crispus (Temminck, 1836)",,T2c,gbif_vernacular カモシカ -> 4262615; registry に既存,0,カモシカ
カモヤマユスリカ,species,common:taxon:kanagawa-edna.%E3%82%AB%E3%83%A2%E3%83%A4%E3%83%9E%E3%83%A6%E3%82%B9%E3%83%AA%E3%82%AB,,カモヤマユスリカ,T4,和名のみ。registry に学名・和名とも無い,0,カモヤマユスリカ
カラツイエカ,species,common:taxon:gbif.1653337,"Culex bitaeniorhynchus Giles, 1901",,T3,GBIF match species 'Culex bitaeniorhynchus' -> 1653337 (exact) (学名列),0,カラツイエカ
カラドジョウ,species,common:taxon:gbif.2368319,Paramisgurnus dabryanus,,T2,registry vernacular_name_ja カラドジョウ,0,カラドジョウ
カルガモ/マガモ,genus,common:taxon:inat.6922,Anas,,T5,"registry genus Anas [exact_name] (同じ属の種から マガモ属 -> Anas) (シートの属 マガモ属; 併記 カルガモ/マガモ) [rank_reduced,name_ambiguous]",0,カルガモ/マガモ
カワアナゴ,species,common:taxon:inat.187363,Eleotris oxycephala,,T1,registry species Eleotris oxycephala (学名列) [exact_name],0,カワアナゴ
カワウ,species,common:taxon:gbif.2481890,"Phalacrocorax carbo (Linnaeus, 1758)",,T2,registry vernacular_name_ja カワウ,0,カワウ
カワウ/ウミウ,genus,common:taxon:inat.4263,Phalacrocorax,,T5,"併記の全成員が属 Phalacrocorax の種（カワウ->common:taxon:gbif.2481890; ウミウ->common:taxon:gbif.2481886）; registry genus Phalacrocorax [rank_reduced,name_ambiguous]",0,カワウ/ウミウ
カワセミ,species,common:taxon:inat.2599,Alcedo atthis,,T1,registry species Alcedo atthis (学名列) [exact_name],0,カワセミ
カワトビケラ,species,common:taxon:inat.358080,Stenopsyche marmorata,,T1,registry species Stenopsyche marmorata (学名列) [exact_name],0,カワトビケラ
カワトンボ属の一種,family,common:taxon:inat.47929,Calopterygidae,,T5,registry family Calopterygidae (同じ科の種から カワトンボ科 -> Calopterygidae) (シートの科 カワトンボ科; 属 カワトンボ属 は決まらない; ja_genus カワトンボ属) [rank_reduced],0,カワトンボ属の一種
カワニナ,species,common:taxon:inat.325333,Semisulcospira libertina,,T1,registry species Semisulcospira libertina (学名列) [exact_name],0,カワニナ
カワムツ,species,common:taxon:inat.470278,Nipponocypris temminckii,,T1,registry species Nipponocypris temminckii (学名列) [exact_name],0,カワムツ
カワムラナガレトビケラ,species,common:taxon:gbif.5052502,"Rhyacophila kawamurae Tsuda, 1940",,T3,GBIF match species 'Rhyacophila kawamurae' -> 5052502 (exact) (学名列),0,カワムラナガレトビケラ
カワヨシノボリ,species,common:taxon:inat.450297,Rhinogobius flumineus,,T1,registry species Rhinogobius flumineus (学名列) [exact_name],0,カワヨシノボリ
カワラケアリ,species,common:taxon:inat.1430600,Lasius sakagamii,,T1,registry species Lasius sakagamii (学名列) [exact_name],0,カワラケアリ
カワラバト,species,common:taxon:inat.3017,Columba livia,,T1,registry species Columba livia (学名列) [exact_name],0,カワラバト（ドバト）
カワリヌマエビ属,genus,common:taxon:inat.349485,Neocaridina,,T5,registry genus Neocaridina (学名列の属 Neocaridina; ja_genus カワリヌマエビ属) [rank_reduced],0,カワリヌマエビ属
カワリヌマエビ属の一種,genus,common:taxon:inat.349485,Neocaridina,,T5,registry genus Neocaridina (同じ属の種から カワリヌマエビ属 -> Neocaridina) [rank_reduced],0,カワリヌマエビ属の一種
カワリミズミミズ,species,common:taxon:gbif.2308103,"Nais pardalis Piguet, 1906",,T2c,gbif_vernacular カワリミズミミズ -> 2308103,0,カワリミズミミズ
ガビチョウ,species,common:taxon:inat.15156,Garrulax canorus,,T1,registry species Garrulax canorus (学名列) [exact_name],0,ガビチョウ
ガマノハアブラムシ,species,common:taxon:gbif.2075954,"Schizaphis scirpi (Passerini, 1874)",,T2c,gbif_vernacular ガマノハアブラムシ -> 2075954,0,ガマノハアブラムシ
ガロアシマトビケラ,species,common:taxon:kanagawa-edna.%E3%82%AC%E3%83%AD%E3%82%A2%E3%82%B7%E3%83%9E%E3%83%88%E3%83%93%E3%82%B1%E3%83%A9,,ガロアシマトビケラ,T4,和名のみ。registry に学名・和名とも無い,0,ガロアシマトビケラ
キアゲハ,species,common:taxon:inat.56529,Papilio machaon,,T1,registry species Papilio machaon (学名列) [exact_name],0,キアゲハ
キアシオオブユ,species,common:taxon:gbif.1646237,"Helodon yezoense (Shiraki, 1935)",,T3,GBIF match species 'Prosimulium yezoense' -> 1646237 (synonym_of(11320070)) (学名列),0,キアシオオブユ
キアシコナガカワゲラ,species,common:taxon:gbif.2004915,"Flavoperla hagiensis (Okamoto, 1912)",,T3,GBIF match species 'Flavoperla hagiensis' -> 2004915 (exact) (学名列),0,キアシコナガカワゲラ
キアシツメトゲブユ,species,common:taxon:inat.1103122,Simulium bidentatum,,T1,registry species Simulium bidentatum (学名列),0,キアシツメトゲブユ
キアシドクガ,species,common:taxon:gbif.1820200,"Ivela auripes Butler, 1877",,T2,registry vernacular_name_ja キアシドクガ,0,キアシドクガ
キイロカワカゲロウ,species,common:taxon:gbif.6934545,"Potamanthus formosus Eaton, 1892",,T3,GBIF match species 'Potamanthus formosus' -> 6934545 (exact) (学名列),0,キイロカワカゲロウ
キイロケアリ,species,common:taxon:gbif.5035857,"Lasius flavus (Fabricius, 1782)",,T2c,gbif_vernacular キイロケアリ -> 5035857; registry に既存,0,キイロケアリ
キイロケチャタテ,species,common:taxon:gbif.4396360,"Paracaecilius japanus (Enderlein, 1906)",,T3,GBIF match species 'Paracaecilius japanus' -> 4396360 (exact) (学名列),0,キイロケチャタテ
キイロコウカアブ,species,common:taxon:gbif.1579001,"Ptecticus aurifer (Walker, 1854)",,T2c,gbif_vernacular キイロコウカアブ -> 1579001,0,キイロコウカアブ
キイロスズメバチ,species,common:taxon:gbif.1311401,"Vespa simillima Smith, 1868",,T2,registry vernacular_name_ja キイロスズメバチ,0,キイロスズメバチ
キイロテントウ,species,common:taxon:inat.498267,Illeis koebelei,,T1,registry species Illeis koebelei (学名列) [exact_name],0,キイロテントウ
キイロナミホシヒラタアブ/ヒロオビホシヒラタアブ,genus,common:taxon:inat.52489,Syrphus,,T5,"registry genus Syrphus (シートの属 Syrphus属; 併記 キイロナミホシヒラタアブ/ヒロオビホシヒラタアブ) [rank_reduced,name_ambiguous]",0,キイロナミホシヒラタアブ/ヒロオビホシヒラタアブ
キイロヒメアリ,species,common:taxon:gbif.1314524,"Monomorium triviale Wheeler, 1906",,T1,registry species Monomorium triviale (学名列),0,キイロヒメアリ
キイロヒメショウジョウバエ,species,common:taxon:gbif.1556935,"Scaptomyza flava (Fallén, 1823)",,T2c,gbif_vernacular キイロヒメショウジョウバエ -> 1556935,0,キイロヒメショウジョウバエ
キイロヒラタカゲロウ,species,common:taxon:gbif.6933402,"Epeorus aesculus Imanishi, 1934",,T3,GBIF match species 'Epeorus aesculus' -> 6933402 (exact) (学名列),0,キイロヒラタカゲロウ
キイロヒラタガムシ,species,common:taxon:inat.499075,Enochrus simulans,,T1,registry species Enochrus simulans (学名列) [exact_name],0,キイロヒラタガムシ
キオビゴマダラエダシャク,species,common:taxon:inat.323054,Biston panterinaria,,T1,registry species Biston panterinaria (学名列) [exact_name],0,キオビゴマダラエダシャク
キオビミズメイガ,species,common:taxon:gbif.1882287,"Potamomusa midas Butler, 1881",,T1,registry species Potamomusa midas (学名列),0,キオビミズメイガ
キコナガカワゲラ,species,common:taxon:gbif.2004911,"Flavoperla hatakeyamae (Okamoto, 1912)",,T3,GBIF match species 'Flavoperla hatakeyamae' -> 2004911 (exact) (学名列),0,キコナガカワゲラ
キゴシガガンボ,species,common:taxon:gbif.1508602,"Leptotarsus pulverosus (Matsumura, 1916)",,T3,GBIF match species 'Leptotarsus pulverosus' -> 1508602 (exact) (学名列),0,キゴシガガンボ
キシタエダシャク,species,common:taxon:inat.499913,Arichanna melanaria,,T2,registry vernacular_name_ja キシタエダシャク [infraspecific_vernacular->species exact_name],0,キシタエダシャク
キジバト,species,common:taxon:inat.2927,Streptopelia orientalis,,T1,registry species Streptopelia orientalis (学名列) [exact_name],0,キジバト
キスジクロホソカ,species,common:taxon:gbif.1569574,"Dixa obtusa Takahashi, 1958",,T3,GBIF match species 'Dixa obtusa' -> 1569574 (exact) (学名列),0,キスジクロホソカ
キスジミゾドロムシ,species,common:taxon:inat.1391685,Ordobrevia foveicollis,,T1,registry species Ordobrevia foveicollis (学名列) [exact_name],0,キスジミゾドロムシ
キソタニガワトビケラ,species,common:taxon:gbif.10763957,Kisaura kisoensis,,T3,GBIF match species 'Kisaura kisoensis' -> 10763957 (exact) (学名列),0,キソタニガワトビケラ
キソナガレトビケラ,species,common:taxon:kanagawa-edna.%E3%82%AD%E3%82%BD%E3%83%8A%E3%82%AC%E3%83%AC%E3%83%88%E3%83%93%E3%82%B1%E3%83%A9,,キソナガレトビケラ,T4,和名のみ。registry に学名・和名とも無い,0,キソナガレトビケラ
キタキチョウ/ミナミキチョウ,genus,common:taxon:inat.51615,Eurema,,T5,"併記の全成員が属 Eurema の種（キタキチョウ->common:taxon:gbif.5805954; ミナミキチョウ->common:taxon:gbif.5137849）; registry genus Eurema [exact_name] [rank_reduced,name_ambiguous]",0,キタキチョウ/ミナミキチョウ
キタクダトビケラ属,genus,common:taxon:gbif.1438856,"Lype McLachlan, 1878",,T5,gbif_vernacular キタクダトビケラ属 -> 1438856 [rank_reduced],0,キタクダトビケラ属
キタクダトビケラ属の一種,genus,common:taxon:gbif.1438856,"Lype McLachlan, 1878",,T5,GBIF match genus 'Lype' -> 1438856 (exact) (学名列の属 Lype; ja_genus キタクダトビケラ属) [rank_reduced],0,キタクダトビケラ属の一種
キタスナヤツメ,species,common:taxon:gbif.2421386,"Lethenteron reissneri (Dybowski, 1869)",,T2c,gbif_vernacular キタスナヤツメ -> 2421386,0,キタスナヤツメ
キタテハ,species,common:taxon:gbif.5129417,"Polygonia c-aureum (Linnaeus, 1758)",,T2,registry vernacular_name_ja キタテハ,0,キタテハ
キタドジョウ,genus,common:taxon:gbif.2367906,"Misgurnus Lacepède, 1803",,T5,種 Misgurnus sp は GBIF に無い (none) ので属 Misgurnus に寄せる; registry genus Misgurnus [rank_reduced],0,キタドジョウ
キタヒメヒラタアブ,species,common:taxon:kanagawa-edna.%E3%82%AD%E3%82%BF%E3%83%92%E3%83%A1%E3%83%92%E3%83%A9%E3%82%BF%E3%82%A2%E3%83%96,,キタヒメヒラタアブ,T4,和名のみ。registry に学名・和名とも無い,0,キタヒメヒラタアブ
キチヌ,species,common:taxon:inat.245762,Acanthopagrus latus,,T1,registry species Acanthopagrus latus (学名列) [exact_name],0,キチヌ
キハラゴマダラヒトリ,species,common:taxon:inat.81653,Spilosoma lubricipeda,,T1,registry species Spilosoma lubricipeda (学名列) [exact_name],0,キハラゴマダラヒトリ
キバネアシブトマキバサシガメ,species,common:taxon:kanagawa-edna.%E3%82%AD%E3%83%90%E3%83%8D%E3%82%A2%E3%82%B7%E3%83%96%E3%83%88%E3%83%9E%E3%82%AD%E3%83%90%E3%82%B5%E3%82%B7%E3%82%AC%E3%83%A1,,キバネアシブトマキバサシガメ,T4,和名のみ。registry に学名・和名とも無い,0,キバネアシブトマキバサシガメ
キバラヘリカメムシ,species,common:taxon:inat.520000,Plinachtus bicoloripes,,T1,registry species Plinachtus bicoloripes (学名列) [exact_name],0,キバラヘリカメムシ
キブネミドリカワゲラ,species,common:taxon:gbif.2003744,"Sweltsa kibunensis (Kawai, 1967)",,T3,GBIF match species 'Sweltsa kibunensis' -> 2003744 (exact) (学名列),0,キブネミドリカワゲラ
キブネミヤマシマトビケラ,species,common:taxon:gbif.1439209,"Diplectrona kibuneana Tsuda, 1940",,T3,GBIF match species 'Diplectrona kibuneana' -> 1439209 (exact) (学名列),0,キブネミヤマシマトビケラ
キボシカミキリ,species,common:taxon:inat.498007,Psacothea hilaris,,T1,registry species Psacothea hilaris (学名列) [exact_name],0,キボシカミキリ
キマダラカメムシ,species,common:taxon:inat.359008,Erthesina fullo,,T1,registry species Erthesina fullo (学名列) [exact_name],0,キマダラカメムシ
キマダラコウモリ,species,common:taxon:gbif.1829152,"Endoclita sinensis (Moore, 1877)",,T2,registry vernacular_name_ja キマダラコウモリ,0,キマダラコウモリ
キマダラセセリ,species,common:taxon:gbif.1947740,"Potanthus flava (Murray, 1875)",,T2,registry vernacular_name_ja キマダラセセリ,0,キマダラセセリ
キムネクマバチ,species,common:taxon:inat.437628,Xylocopa appendiculata,,T1,registry species Xylocopa appendiculata (学名列) [exact_name],0,キムネクマバチ
キモンクロハナカメムシ,species,common:taxon:gbif.10492059,Anthocoris miyamotoi,,T2c,gbif_vernacular キモンクロハナカメムシ -> 10492059,0,キモンクロハナカメムシ
キモンケチャタテ,species,common:taxon:gbif.4395749,"Valenzuela oyamai (Enderlein, 1906)",,T2c,gbif_vernacular キモンケチャタテ -> 4395749; registry に既存,0,キモンケチャタテ
キョウトキハダヒラタカゲロウ,species,common:taxon:gbif.6933293,"Heptagenia kyotoensis Gose, 1963",,T3,GBIF match species 'Heptagenia kyotoensis' -> 6933293 (exact) (学名列),0,キョウトキハダヒラタカゲロウ
キリウジガガンボ,species,common:taxon:inat.372166,Tipula aino,,T1,registry species Tipula aino (学名列),0,キリウジガガンボ
キンポクハリバエ,species,common:taxon:kanagawa-edna.%E3%82%AD%E3%83%B3%E3%83%9D%E3%82%AF%E3%83%8F%E3%83%AA%E3%83%90%E3%82%A8,,キンポクハリバエ,T4,和名のみ。registry に学名・和名とも無い,0,キンポクハリバエ
ギギ,species,common:taxon:inat.472678,Tachysurus nudiceps,,T1,registry species Tachysurus nudiceps (学名列),0,ギギ
ギバチ,,common:taxon:ryuiki-taxa.wamei.%E3%82%AE%E3%83%90%E3%83%81,,,T2,registry vernacular_name_ja ギバチ [registry_unresolved_wamei],0,ギバチ
ギフアブラバチ,species,common:taxon:gbif.1269104,"Aphidius gifuensis Ashmead, 1906",,T2,registry vernacular_name_ja ギフアブラバチ,0,ギフアブラバチ
ギンガメアジ/カスミアジ,genus,common:taxon:gbif.2390749,"Caranx Lacepède, 1801",,T5,"併記の全成員が属 Caranx の種（ギンガメアジ->common:taxon:gbif.2390776; カスミアジ->common:taxon:gbif.2390750）; registry genus Caranx [rank_reduced,name_ambiguous]",0,ギンガメアジ/カスミアジ
ギンザケ,species,common:taxon:gbif.5204034,"Oncorhynchus kisutch (Walbaum, 1792)",,T2c,gbif_vernacular ギンザケ -> 5204034,0,ギンザケ
ギンヤンマ/クロスジギンヤンマ,genus,common:taxon:gbif.1424815,"Anax Leach, 1815",,T5,"併記の全成員が属 Anax の種（ギンヤンマ->common:taxon:gbif.5051752; クロスジギンヤンマ->common:taxon:gbif.5051785）; GBIF match genus 'Anax' -> 1424815 (exact) [rank_reduced,name_ambiguous]",0,ギンヤンマ/クロスジギンヤンマ
クイナ,species,common:taxon:gbif.6085719,"Rallus indicus Blyth, 1849",,T2c,人の確認: GBIF の vernacular は Rallus aquaticus と R. indicus の両方に当たる。日本産のクイナは R. indicus（旧 R. aquaticus indicus）,1,クイナ
クサガメ,species,common:taxon:inat.39913,Mauremys reevesii,,T1,registry species Mauremys reevesii (学名列) [exact_name],0,クサガメ
クサキリ,species,common:taxon:inat.499203,Ruspolia lineosa,,T1,registry species Ruspolia lineosa (学名列) [exact_name],0,クサキリ
クサギカメムシ,species,common:taxon:inat.81923,Halyomorpha halys,,T1,registry species Halyomorpha halys (学名列) [exact_name],0,クサギカメムシ
クサシロキヨトウ,species,common:taxon:gbif.6132962,"Mythimna loreyi (Duponchel, 1827)",,T1,registry species Mythimna loreyi (学名列),0,クサシロキヨトウ
クサヒバリ,species,common:taxon:inat.603589,Svistella bifasciata,,T1,registry species Svistella bifasciata (学名列) [exact_name],0,クサヒバリ
クサフグ,species,common:taxon:inat.446552,Takifugu alboplumbeus,,T1,registry species Takifugu alboplumbeus (学名列) [exact_name]; registry の和名 クサフグ は別の種 common:taxon:gbif.2407534 を指す（採らない）,0,クサフグ
クシゲマダラカゲロウ,species,common:taxon:gbif.6931732,"Serratella setigera (Bajkova, 1967)",,T3,GBIF match species 'Serratella setigera' -> 6931732 (exact) (学名列),0,クシゲマダラカゲロウ
クスベニヒラタカスミカメ,species,common:taxon:gbif.12217471,Mansoniella cinnamomi,,T2c,gbif_vernacular クスベニヒラタカスミカメ -> 12217471; registry に既存,0,クスベニヒラタカスミカメ
クチバシガガンボ属の一種,genus,common:taxon:gbif.1516419,"Helius Lepeletier & Serville, 1828",,T5,GBIF match genus 'Helius' -> 1516419 (exact) (学名列の属 Helius; ja_genus クチバシガガンボ属) [rank_reduced],0,クチバシガガンボ属の一種
クチバスズメ,species,common:taxon:gbif.1861665,"Marumba sperchius Ménétriés, 1857",,T2,registry vernacular_name_ja クチバスズメ,0,クチバスズメ
クビキリギス,species,common:taxon:inat.348607,Euconocephalus varius,,T1,registry species Euconocephalus varius (学名列) [exact_name],0,クビキリギス
クビナガムシ,species,common:taxon:gbif.6968647,Cephaloon pallens,,T2,registry vernacular_name_ja クビナガムシ,0,クビナガムシ
クビレサワユスリカ,species,common:taxon:gbif.1445515,"Potthastia gaedii (Meigen, 1838)",,T3,GBIF match species 'Potthastia gaedii' -> 1445515 (exact) (学名列),0,クビレサワユスリカ
クビワユスリカ,species,common:taxon:gbif.1455241,"Nanocladius asiaticus Hayashi, 1998",,T3,GBIF match species 'Nanocladius asiaticus' -> 1455241 (exact) (学名列),0,クビワユスリカ
クボタアリツカコオロギ/クサアリツカコオロギ,family,common:taxon:kanagawa-edna.%E3%82%A2%E3%83%AA%E3%83%84%E3%82%AB%E3%82%B3%E3%82%AA%E3%83%AD%E3%82%AE%E7%A7%91,,アリツカコオロギ科,T4,"family 和名のみ（併記 クボタアリツカコオロギ/クサアリツカコオロギ） (シートの科 アリツカコオロギ科; 併記 クボタアリツカコオロギ/クサアリツカコオロギ) [rank_reduced,name_ambiguous]",0,クボタアリツカコオロギ/クサアリツカコオロギ
クマスズムシ,species,common:taxon:inat.545289,Sclerogryllus punctatus,,T1,registry species Sclerogryllus punctatus (学名列) [exact_name],0,クマスズムシ
クマゼミ,species,common:taxon:gbif.7874703,"Cryptotympana facialis (Walker, 1858)",,T2,registry vernacular_name_ja クマゼミ,0,クマゼミ
クマネズミ,species,common:taxon:gbif.2439270,"Rattus rattus (Linnaeus, 1758)",,T2,registry vernacular_name_ja クマネズミ,0,クマネズミ
クマバチ,species,common:taxon:kanagawa-edna.%E3%82%AF%E3%83%9E%E3%83%90%E3%83%81,,クマバチ,T4,和名のみ。registry に学名・和名とも無い,0,クマバチ
クモンクサカゲロウ,species,common:taxon:kanagawa-edna.%E3%82%AF%E3%83%A2%E3%83%B3%E3%82%AF%E3%82%B5%E3%82%AB%E3%82%B2%E3%83%AD%E3%82%A6,,クモンクサカゲロウ,T4,和名のみ。registry に学名・和名とも無い,0,クモンクサカゲロウ
クラズミウマ,species,common:taxon:kanagawa-edna.%E3%82%AF%E3%83%A9%E3%82%BA%E3%83%9F%E3%82%A6%E3%83%9E,,クラズミウマ,T4,和名のみ。registry に学名・和名とも無い,0,クラズミウマ
クリイロチャタテ,species,common:taxon:gbif.1031391,"Ectopsocopsis cryptomeriae (Enderlein, 1907)",,T3,GBIF match species 'Ectopsocopsis cryptomeriae' -> 1031391 (exact) (学名列),0,クリイロチャタテ
クリハラリス,species,common:taxon:inat.45952,Callosciurus erythraeus,,T1,registry species Callosciurus erythraeus (学名列) [exact_name],0,クリハラリス
クリヤケシキスイ,species,common:taxon:gbif.1044111,"Carpophilus hemipterus (Linnaeus, 1758)",,T2,registry vernacular_name_ja クリヤケシキスイ,0,クリヤケシキスイ
クルマスズメ,species,common:taxon:gbif.1863829,"Ampelophaga rubiginosa Bremer & Grey, 1853",,T2,registry vernacular_name_ja クルマスズメ,0,クルマスズメ
クルマバッタモドキ,species,common:taxon:inat.333076,Oedaleus infernalis,,T1,registry species Oedaleus infernalis (学名列) [exact_name],0,クルマバッタモドキ
クレメンスナガレトビケラ,species,common:taxon:gbif.5053001,"Rhyacophila clemens Tsuda, 1940",,T2c,gbif_vernacular クレメンスナガレトビケラ -> 5053001,0,クレメンスナガレトビケラ
クロイトトンボ,species,common:taxon:gbif.1423563,"Paracercion calamorum (Ris, 1916)",,T2,registry vernacular_name_ja クロイトトンボ,0,クロイトトンボ
クロオオアリ,species,common:taxon:inat.321673,Camponotus japonicus,,T1,registry species Camponotus japonicus (学名列) [exact_name],0,クロオオアリ
クロオナシカワゲラ,species,common:taxon:gbif.2002736,"Indonemoura nohirae (Okamoto, 1922)",,T3,GBIF match species 'Indonemoura nohirae' -> 2002736 (exact) (学名列),0,クロオナシカワゲラ
クロオビミズミミズ,species,common:taxon:gbif.2308038,"Ophidonais serpentina (Müller, 1774)",,T3,GBIF match species 'Ophidonais serpentina' -> 2308038 (exact) (学名列),0,クロオビミズミミズ
クロキノコショウジョウバエ,species,common:taxon:kanagawa-edna.%E3%82%AF%E3%83%AD%E3%82%AD%E3%83%8E%E3%82%B3%E3%82%B7%E3%83%A7%E3%82%A6%E3%82%B8%E3%83%A7%E3%82%A6%E3%83%90%E3%82%A8,,クロキノコショウジョウバエ,T4,和名のみ。registry に学名・和名とも無い,0,クロキノコショウジョウバエ
クロクサアリ,species,common:taxon:inat.360020,Lasius fuji,,T1,registry species Lasius fuji (学名列),0,クロクサアリ
クロクモヤガ,species,common:taxon:gbif.1764791,"Hermonassa cecilia Butler, 1878",,T2,registry vernacular_name_ja クロクモヤガ,0,クロクモヤガ
クロコガネ,species,common:taxon:gbif.4993762,"Holotrichia kiotonensis Brenske, 1894",,T2,registry vernacular_name_ja クロコガネ,0,クロコガネ
クロコガネ/オオクロコガネ,genus,common:taxon:inat.470873,Holotrichia,,T5,"併記の全成員が属 Holotrichia の種（クロコガネ->common:taxon:gbif.4993762; オオクロコガネ->common:taxon:gbif.4993889）; registry genus Holotrichia [rank_reduced,name_ambiguous]",0,クロコガネ/オオクロコガネ
クロコノマチョウ/ウスイロコノマチョウ,genus,common:taxon:gbif.1895908,"Melanitis Fabricius, 1807",,T5,"併記の全成員が属 Melanitis の種（クロコノマチョウ->common:taxon:gbif.1895992; ウスイロコノマチョウ->common:taxon:gbif.1895956）; GBIF match genus 'Melanitis' -> 1895908 (exact) [rank_reduced,name_ambiguous]",0,クロコノマチョウ/ウスイロコノマチョウ
クロゴキブリ,species,common:taxon:gbif.2000167,"Periplaneta fuliginosa Serville, 1838",,T1,registry species Periplaneta fuliginosa (学名列),0,クロゴキブリ
クロゴミノウミウシ,species,common:taxon:gbif.2292354,"Tenellia adspersa (von Nordmann, 1845)",,T3,GBIF match species 'Tenellia adspersa' -> 2292354 (exact) (学名列),0,クロゴミノウミウシ
クロサギ,species,common:taxon:inat.547437,Gerres equulus,,T1,registry species Gerres equulus (学名列) [exact_name],0,クロサギ（魚類）
クロサナエ,species,common:taxon:gbif.1426686,"Davidius fujiama Fraser, 1936",,T1,registry species Davidius fujiama (学名列),0,クロサナエ
クロシデムシ,species,common:taxon:gbif.1039018,"Nicrophorus concolor (Kraatz, 1877)",,T2,registry vernacular_name_ja クロシデムシ,0,クロシデムシ
クロスジギンヤンマ,species,common:taxon:inat.94046,Anax nigrofasciatus,,T1,registry species Anax nigrofasciatus (学名列) [exact_name],0,クロスジギンヤンマ
クロスジギンヤンマ/ギンヤンマ,genus,common:taxon:gbif.1424815,"Anax Leach, 1815",,T5,"併記の全成員が属 Anax の種（クロスジギンヤンマ->common:taxon:gbif.5051785; ギンヤンマ->common:taxon:gbif.5051752）; GBIF match genus 'Anax' -> 1424815 (exact) [rank_reduced,name_ambiguous]",0,クロスジギンヤンマ/ギンヤンマ
クロスジノメイガ,species,common:taxon:gbif.1889039,"Tyspanodes striata Butler, 1879",,T2,registry vernacular_name_ja クロスジノメイガ,0,クロスジノメイガ
クロスジヒメアツバ,species,common:taxon:gbif.5113036,"Schrankia costaestrigalis (Stephens, 1834)",,T2,registry vernacular_name_ja クロスジヒメアツバ,0,クロスジヒメアツバ
クロスズメバチ,species,common:taxon:inat.358143,Vespula flaviceps,,T1,registry species Vespula flaviceps (学名列) [exact_name],0,クロスズメバチ
クロタニガワカゲロウ,species,common:taxon:inat.1565039,Ecdyonurus tobiironis,,T1,registry species Ecdyonurus tobiironis (学名列),0,クロタニガワカゲロウ
クロダイ,species,common:taxon:inat.354333,Acanthopagrus schlegelii,,T1,registry species Acanthopagrus schlegelii (学名列) [exact_name],0,クロダイ
クロチビミズムシ,species,common:taxon:gbif.6130306,"Micronecta orientalis Wróblewski, 1960",,T3,GBIF match species 'Micronecta orientalis' -> 6130306 (exact) (学名列),0,クロチビミズムシ
クロツツトビケラ,species,common:taxon:gbif.1441597,"Uenoa tokunagai Iwata, 1927",,T1,registry species Uenoa tokunagai (学名列),0,クロツツトビケラ
クロニンギョウトビケラ,species,common:taxon:kanagawa-edna.%E3%82%AF%E3%83%AD%E3%83%8B%E3%83%B3%E3%82%AE%E3%83%A7%E3%82%A6%E3%83%88%E3%83%93%E3%82%B1%E3%83%A9,,クロニンギョウトビケラ,T4,和名のみ。registry に学名・和名とも無い,0,クロニンギョウトビケラ
クロハナムグリ,species,common:taxon:inat.471167,Glycyphana fulvistemma,,T1,registry species Glycyphana fulvistemma (学名列) [exact_name],0,クロハナムグリ
クロヒゲカワゲラ,species,common:taxon:gbif.2004777,"Kamimuria quadrata (Klapálek, 1907)",,T3,GBIF match species 'Kamimuria quadrata' -> 2004777 (exact) (学名列),0,クロヒゲカワゲラ
クロヒョウタンカスミカメ,species,common:taxon:kanagawa-edna.%E3%82%AF%E3%83%AD%E3%83%92%E3%83%A7%E3%82%A6%E3%82%BF%E3%83%B3%E3%82%AB%E3%82%B9%E3%83%9F%E3%82%AB%E3%83%A1,,クロヒョウタンカスミカメ,T4,和名のみ。registry に学名・和名とも無い,0,クロヒョウタンカスミカメ
クロホシウスバカゲロウ,species,common:taxon:gbif.12259591,"Paraglenurus melanostictus Matsumoto, Kikuta & Hayashi, 2021",,T2c,gbif_vernacular クロホシウスバカゲロウ -> 12259591,0,クロホシウスバカゲロウ
クロホソチャタテ/stenopsocusimmaculatus/ホソチャタテ,genus,common:taxon:gbif.4395030,"Stenopsocus Hagen, 1866",,T5,"GBIF match genus 'Stenopsocus' -> 4395030 (exact) (シートの属 Stenopsocus属; 併記 クロホソチャタテ/Stenopsocus immaculatus/ホソチャタテ) [rank_reduced,name_ambiguous]",0,クロホソチャタテ/Stenopsocus immaculatus（和名なし）/ホソチャタテ
クロマダラカゲロウ,species,common:taxon:gbif.6931807,"Cincticostella nigra (Uéno, 1928)",,T3,GBIF match species 'Cincticostella nigra' -> 6931807 (exact) (学名列),0,クロマダラカゲロウ
クロマルハナノミ,species,common:taxon:kanagawa-edna.%E3%82%AF%E3%83%AD%E3%83%9E%E3%83%AB%E3%83%8F%E3%83%8A%E3%83%8E%E3%83%9F,,クロマルハナノミ,T4,和名のみ。registry に学名・和名とも無い,0,クロマルハナノミ
クロミャクイチモンジヨコバイ,species,common:taxon:inat.1127317,Exitianus indicus,,T1,registry species Exitianus indicus (学名列),0,クロミャクイチモンジヨコバイ
クロミャクケチャタテ,species,common:taxon:kanagawa-edna.%E3%82%AF%E3%83%AD%E3%83%9F%E3%83%A3%E3%82%AF%E3%82%B1%E3%83%81%E3%83%A3%E3%82%BF%E3%83%86,,クロミャクケチャタテ,T4,和名のみ。registry に学名・和名とも無い,0,クロミャクケチャタテ
クロミャクチャタテ,species,common:taxon:inat.494309,Sigmatoneura kolbei,,T1,registry species Sigmatoneura kolbei (学名列),0,クロミャクチャタテ
クロメンガタスズメ,species,common:taxon:gbif.1861488,"Acherontia lachesis Fabricius, 1798",,T2c,gbif_vernacular クロメンガタスズメ -> 1861488; registry に既存,0,クロメンガタスズメ
クロモンナガレアブ,genus,common:taxon:gbif.1501448,"Asuragina Nagatomi & Yang, 1992",,T5,種 Asuragina caerulescens は GBIF に無い (none) ので属 Asuragina に寄せる; GBIF match genus 'Asuragina' -> 1501448 (exact) [rank_reduced],0,クロモンナガレアブ
クロヨシノボリ,species,common:taxon:gbif.2377583,"Rhinogobius brunneus (Temminck & Schlegel, 1845)",,T2c,gbif_vernacular クロヨシノボリ -> 2377583; registry に既存,0,クロヨシノボリ
クロヨシノボリ/シマヨシノボリ,genus,common:taxon:inat.91721,Rhinogobius,,T5,"併記の全成員が属 Rhinogobius の種（クロヨシノボリ->common:taxon:gbif.2377583; シマヨシノボリ->common:taxon:gbif.4840515）; registry genus Rhinogobius [exact_name] [rank_reduced,name_ambiguous]",0,クロヨシノボリ / シマヨシノボリ
クワカミキリ,species,common:taxon:gbif.5003741,"Apriona japonica Thomson, 1878",,T1,registry species Apriona japonica (学名列),0,クワカミキリ
クワコ,species,common:taxon:gbif.6544581,"Bombyx mandarina Moore, 1872",,T2,registry vernacular_name_ja クワコ,0,クワコ
クワノメイガ,species,common:taxon:gbif.5127656,"Glyphodes pyloalis Walker, 1859",,T2,registry vernacular_name_ja クワノメイガ,0,クワノメイガ
ケウスゴモクムシ,species,common:taxon:gbif.6097919,"Harpalus griseus (Panzer, 1796)",,T2,registry vernacular_name_ja ケウスゴモクムシ,0,ケウスゴモクムシ
ケシカタビロアメンボ,species,common:taxon:inat.1325557,Microvelia douglasi,,T1,registry species Microvelia douglasi (学名列) [exact_name],0,ケシカタビロアメンボ
ケシカタビロアメンボ属の一種,genus,common:taxon:inat.176984,Microvelia,,T5,registry genus Microvelia [exact_name] (同じ属の種から ケシカタビロアメンボ属 -> Microvelia) [rank_reduced],0,ケシカタビロアメンボ属の一種
ケナガクビボソムシ,species,common:taxon:kanagawa-edna.%E3%82%B1%E3%83%8A%E3%82%AC%E3%82%AF%E3%83%93%E3%83%9C%E3%82%BD%E3%83%A0%E3%82%B7,,ケナガクビボソムシ,T4,和名のみ。registry に学名・和名とも無い,0,ケナガクビボソムシ
ケヒラタアブ,species,common:taxon:kanagawa-edna.%E3%82%B1%E3%83%92%E3%83%A9%E3%82%BF%E3%82%A2%E3%83%96,,ケヒラタアブ,T4,和名のみ。registry に学名・和名とも無い,0,ケヒラタアブ
ケフサオナシカワゲラ,species,common:taxon:gbif.2003375,"Nemoura redimiculum Kawai, 1966",,T3,GBIF match species 'Nemoura redimiculum' -> 2003375 (exact) (学名列),0,ケフサオナシカワゲラ
ケブカエリユスリカ属の一種,genus,common:taxon:gbif.1454579,"Brillia Kieffer, 1913",,T5,GBIF match genus 'Brillia' -> 1454579 (exact) (学名列の属 Brillia; ja_genus ケブカエリユスリカ属) [rank_reduced],0,ケブカエリユスリカ属の一種
ケブカカスミカメ,species,common:taxon:gbif.6130231,"Tinginotum perlatum Linnavuori, 1961",,T2c,gbif_vernacular ケブカカスミカメ -> 6130231; registry に既存,0,ケブカカスミカメ
ケラ,species,common:taxon:inat.118894,Gryllotalpa orientalis,,T1,registry species Gryllotalpa orientalis (学名列) [exact_name],0,ケラ
ゲンゴロウブナ,species,common:taxon:inat.360787,Carassius cuvieri,,T1,registry species Carassius cuvieri (学名列) [exact_name],0,ゲンゴロウブナ
ゲンジボタル,species,common:taxon:inat.1437975,Nipponoluciola cruciata,,T1,registry species Nipponoluciola cruciata (学名列) [exact_name],0,ゲンジボタル
コアオハナムグリ,species,common:taxon:inat.357332,Gametis jucunda,,T1,registry species Gametis jucunda (学名列) [exact_name],0,コアオハナムグリ
コイ,species,common:taxon:inat.53911,Cyprinus carpio,,T1,registry species Cyprinus carpio (学名列) [exact_name],0,コイ
コウカアブ,species,common:taxon:gbif.1579037,"Ptecticus japonicus (Thunberg, 1789)",,T2c,gbif_vernacular コウカアブ -> 1579037; registry に既存,0,コウカアブ
コウロエンカワヒバリガイ,species,common:taxon:gbif.5188827,"Xenostrobus securis (Lamarck, 1819)",,T2,registry vernacular_name_ja コウロエンカワヒバリガイ,0,コウロエンカワヒバリガイ
コオイムシ,species,common:taxon:gbif.9888882,"Appasus japonicus Vuillefroy, 1864",,T2,registry vernacular_name_ja コオイムシ,0,コオイムシ
コオナガミズスマシ,species,common:taxon:inat.1393339,Orectochilus punctipennis,,T1,registry species Orectochilus punctipennis (学名列) [exact_name],0,コオナガミズスマシ
コオニヤンマ,species,common:taxon:inat.325345,Sieboldius albardae,,T1,registry species Sieboldius albardae (学名列) [exact_name],0,コオニヤンマ
コカクツツトビケラ,species,common:taxon:inat.358232,Lepidostoma japonicum,,T1,registry species Lepidostoma japonicum (学名列),0,コカクツツトビケラ
コカゲロウ属の一種,genus,common:taxon:inat.123939,Baetis,,T5,registry genus Baetis (同じ属の種から コカゲロウ属 -> Baetis) [rank_reduced],0,コカゲロウ属の一種
コカマキリ,species,common:taxon:gbif.1405383,"Statilia maculata Thunberg, 1784",,T2,registry vernacular_name_ja コカマキリ,0,コカマキリ
コカメノコテントウ/ヒメカメノコテントウ,genus,common:taxon:gbif.4405073,"Propylea Mulsant, 1846",,T5,"GBIF match genus 'Propylea' -> 4405073 (exact) (シートの属 Propylea属; 併記 コカメノコテントウ/ヒメカメノコテントウ) [rank_reduced,name_ambiguous]",0,コカメノコテントウ/ヒメカメノコテントウ
コガタアカイエカ,species,common:taxon:gbif.1653127,"Culex tritaeniorhynchus Giles, 1901",,T3,GBIF match species 'Culex tritaeniorhynchus' -> 1653127 (exact) (学名列),0,コガタアカイエカ
コガタアカイエカ/ネッタイイエカ,genus,common:taxon:inat.130033,Culex,,T5,"registry genus Culex (同じ属の種から ナミカ属 -> Culex) (シートの属 ナミカ属; 併記 コガタアカイエカ/ネッタイイエカ) [rank_reduced,name_ambiguous]",0,コガタアカイエカ/ネッタイイエカ
コガタシマトビケラ,species,common:taxon:gbif.1439752,"Cheumatopsyche brevilineata (Iwata, 1927)",,T3,GBIF match species 'Cheumatopsyche brevilineata' -> 1439752 (exact) (学名列),0,コガタシマトビケラ
コガタスズメバチ,species,common:taxon:gbif.11004388,"Vespa analis Fabricius, 1775",,T2,registry vernacular_name_ja コガタスズメバチ,0,コガタスズメバチ
コガムシ,species,common:taxon:inat.469796,Hydrochara affinis,,T1,registry species Hydrochara affinis (学名列) [exact_name],0,コガムシ
コガモ,species,common:taxon:gbif.8214667,"Anas crecca Linnaeus, 1758",,T2,registry vernacular_name_ja コガモ,0,コガモ
コクチバス,species,common:taxon:inat.49590,Micropterus dolomieu,,T1,registry species Micropterus dolomieu (学名列) [exact_name],0,コクチバス
コクロコガネ,species,common:taxon:gbif.4993711,"Holotrichia picea Waterhouse, 1875",,T2,registry vernacular_name_ja コクロコガネ,0,コクロコガネ
コクワガタ,species,common:taxon:inat.935433,Dorcus rectus,,T2,registry vernacular_name_ja コクワガタ [infraspecific_vernacular->species exact_name],0,コクワガタ
コグサヒメカワゲラ属1,genus,common:taxon:gbif.2004501,"Ostrovus Ricker, 1952",,T5,GBIF match genus 'Ostrovus' -> 2004501 (exact) (学名列の属 Ostrovus; ja_genus コグサヒメカワゲラ属) [rank_reduced],0,コグサヒメカワゲラ属1
コグサヒメカワゲラ属2,genus,common:taxon:gbif.2004501,"Ostrovus Ricker, 1952",,T5,GBIF match genus 'Ostrovus' -> 2004501 (exact) (学名列の属 Ostrovus; ja_genus コグサヒメカワゲラ属) [rank_reduced],0,コグサヒメカワゲラ属2
コグサヒメカワゲラ属の一種,family,common:taxon:gbif.2996,Perlodidae,,T5,GBIF match family 'Perlodidae' -> 2996 (exact) (同じ科の種から アミメカワゲラ科 -> Perlodidae) (シートの科 アミメカワゲラ科; 属 コグサヒメカワゲラ属 は決まらない; ja_genus コグサヒメカワゲラ属) [rank_reduced],0,コグサヒメカワゲラ属の一種
コサギ,species,common:taxon:gbif.2480876,"Egretta garzetta (Linnaeus, 1766)",,T2,registry vernacular_name_ja コサギ,0,コサギ
コシアキトンボ,species,common:taxon:inat.111129,Pseudothemis zonata,,T1,registry species Pseudothemis zonata (学名列) [exact_name],0,コシアキトンボ
コシアキノミバエ,species,common:taxon:gbif.1548900,"Dohrniphora cornuta (Bigot, 1857)",,T3,GBIF match species 'Dohrniphora cornuta' -> 1548900 (exact) (学名列),0,コシアキノミバエ
コシナガ,species,common:taxon:gbif.2373933,"Thunnus tonggol (Bleeker, 1851)",,T3,GBIF match species 'Thunnus tonggol' -> 2373933 (exact) (学名列),0,コシナガ
コシボソガガンボ属の一種,family,common:taxon:gbif.5585,Ptychopteridae,,T5,gbif_vernacular コシボソガガンボ科 -> 5585 (シートの科 コシボソガガンボ科; 属 コシボソガガンボ属 は決まらない; ja_genus コシボソガガンボ属) [rank_reduced],0,コシボソガガンボ属の一種
コシボソヤンマ,species,common:taxon:inat.325395,Boyeria maclachlani,,T1,registry species Boyeria maclachlani (学名列) [exact_name],0,コシボソヤンマ
コショウダイ,species,common:taxon:inat.502356,Plectorhinchus cinctus,,T1,registry species Plectorhinchus cinctus (学名列) [exact_name],0,コショウダイ
コジャノメ,species,common:taxon:inat.320534,Mycalesis francisca,,T1,registry species Mycalesis francisca (学名列) [exact_name],0,コジャノメ
コジュケイ,species,common:taxon:gbif.5227939,"Bambusicola thoracicus (Temminck, 1815)",,T2,registry vernacular_name_ja コジュケイ,0,コジュケイ
コスズメ,species,common:taxon:gbif.11907754,"Theretra japonica Boisduval, 1869",,T2,registry vernacular_name_ja コスズメ,0,コスズメ
コセアカアメンボ,species,common:taxon:gbif.9683828,"Gerris gracilicornis (Horváth, 1879)",,T2,registry vernacular_name_ja コセアカアメンボ,0,コセアカアメンボ
コチビミズムシ,species,common:taxon:gbif.10560184,"Micronecta guttata Matsumura, 1905",,T2c,gbif_vernacular コチビミズムシ -> 10560184,0,コチビミズムシ
コチ属の一種,genus,common:taxon:inat.68630,Platycephalus,,T5,registry genus Platycephalus [exact_name] (同じ属の種から コチ属 -> Platycephalus) [rank_reduced],0,コチ属の一種
コトヒキ,species,common:taxon:inat.113902,Terapon jarbua,,T1,registry species Terapon jarbua (学名列) [exact_name],0,コトヒキ
コノシメトンボ,species,common:taxon:gbif.1428214,"Sympetrum baccha (Selys, 1884)",,T2,registry vernacular_name_ja コノシメトンボ,0,コノシメトンボ
コノシロ,species,common:taxon:inat.482951,Konosirus punctatus,,T1,registry species Konosirus punctatus (学名列) [exact_name],0,コノシロ
コバネイナゴ,species,common:taxon:inat.367801,Oxya yezoensis,,T1,registry species Oxya yezoensis (学名列) [exact_name],0,コバネイナゴ
コバネササキリ,species,common:taxon:gbif.5096088,"Conocephalus japonicus (Redtenbacher, 1891)",,T2,registry vernacular_name_ja コバネササキリ,0,コバネササキリ
コバネヒゲトガリコカゲロウ,species,common:taxon:gbif.7353826,"Tenuibaetis parvipterus Fujitani, 2011",,T3,GBIF match species 'Tenuibaetis parvipterus' -> 7353826 (exact) (学名列),0,コバネヒゲトガリコカゲロウ
コバネヒメギス,species,common:taxon:gbif.1685091,"Chizuella bonneti (Bolívar, 1890)",,T2,registry vernacular_name_ja コバネヒメギス,0,コバネヒメギス
コバヤシツノマユブユ,species,common:taxon:gbif.1643678,"Simulium kobayashii Okamoto, Sato & Shogaki, 1958",,T3,GBIF match species 'Simulium kobayashii' -> 1643678 (exact) (学名列),0,コバヤシツノマユブユ
コバントビケラ,species,common:taxon:gbif.7369779,"Anisocentropus kawamurai (Iwata, 1927) Iwata, 1927",,T3,GBIF match species 'Anisocentropus kawamurai' -> 7369779 (exact) (学名列),0,コバントビケラ
コヒメハナカメムシ,species,common:taxon:gbif.2020897,"Orius minutus (Linnaeus, 1758)",,T2c,gbif_vernacular コヒメハナカメムシ -> 2020897; registry に既存,0,コヒメハナカメムシ
コフキコガネ,species,common:taxon:gbif.4990967,"Melolontha japonica Burmeister, 1855",,T2,registry vernacular_name_ja コフキコガネ,0,コフキコガネ
コブカラクサコケムシ,species,common:taxon:gbif.1003577,"Fredericella indica Annandale, 1909",,T3,GBIF match species 'Fredericella indica' -> 1003577 (exact) (学名列),0,コブカラクサコケムシ
コマダラヒメガガンボ,species,common:taxon:gbif.5067029,"Ilisia asymmetrica (Alexander, 1913)",,T3,GBIF match species 'Ilisia asymmetrica' -> 5067029 (exact) (学名列),0,コマダラヒメガガンボ
コマツモムシ,species,common:taxon:inat.495986,Anisops ogasawarensis,,T1,registry species Anisops ogasawarensis (学名列) [exact_name],0,コマツモムシ
コマルハナバチ,species,common:taxon:gbif.1340541,"Bombus ardens Smith, 1879",,T2,registry vernacular_name_ja コマルハナバチ,0,コマルハナバチ
コミカンアブラムシ,species,common:taxon:gbif.4485136,"Aphis aurantii Boyer de Fonscolombe, 1841",,T3,GBIF match species 'Aphis aurantii' -> 4485136 (exact) (学名列),0,コミカンアブラムシ
コムラサキ,species,common:taxon:gbif.5131860,"Apatura metis Frey, 1829",,T2,registry vernacular_name_ja コムラサキ,0,コムラサキ
コモチカワツボ,species,common:taxon:gbif.5192470,Potamopyrgus antipodarum,,T1,registry species Potamopyrgus antipodarum (学名列),0,コモチカワツボ
コモンシジミガムシ,species,common:taxon:gbif.9901866,"Laccobius oscillans Sharp, 1884",,T1,registry species Laccobius oscillans (学名列),0,コモンシジミガムシ
コヤマトンボ,species,common:taxon:inat.105018,Macromia amphigena,,T1,registry species Macromia amphigena (学名列) [exact_name],0,コヤマトンボ
コロギス,species,common:taxon:gbif.1726866,"Prosopogryllacris japonica (Matsumura & Shiraki, 1908)",,T2,registry vernacular_name_ja コロギス,0,コロギス
ゴクラクハゼ,species,common:taxon:inat.360786,Rhinogobius similis,,T1,registry species Rhinogobius similis (学名列) [exact_name]; 同じ和名の未照合 taxon common:taxon:ryuiki-taxa.wamei.%E3%82%B4%E3%82%AF%E3%83%A9%E3%82%AF%E3%83%8F%E3%82%BC が registry にある（採らない）,0,ゴクラクハゼ
ゴスジシラキブユ,species,common:taxon:gbif.1645649,"Simulium quinquestriatum (Shiraki, 1935)",,T3,GBIF match species 'Simulium quinquestriatum' -> 1645649 (exact) (学名列),0,ゴスジシラキブユ
ゴトウミゾドロムシ,species,common:taxon:inat.1391686,Ordobrevia gotoi,,T1,registry species Ordobrevia gotoi (学名列) [exact_name],0,ゴトウミゾドロムシ
ゴボウノメイガ/アズキノメイガ/アワノメイガ,genus,common:taxon:inat.62362,Ostrinia,,T5,"併記の全成員が属 Ostrinia の種（ゴボウノメイガ->common:taxon:gbif.1886351; アズキノメイガ->common:taxon:inat.736202; アワノメイガ->common:taxon:gbif.1886362）; registry genus Ostrinia [rank_reduced,name_ambiguous]",0,ゴボウノメイガ/アズキノメイガ/アワノメイガ
ゴマダラカミキリ,species,common:taxon:inat.199326,Anoplophora chinensis,,T1,registry species Anoplophora chinensis (学名列) [exact_name]; registry の和名 ゴマダラカミキリ は別の種 common:taxon:gbif.4999866 を指す（採らない）,0,ゴマダラカミキリ
ゴミマルカイミジンコ,species,common:taxon:inat.371148,Cypridopsis vidua,,T1,registry species Cypridopsis vidua (学名列),0,ゴミマルカイミジンコ
ゴンズイ,species,common:taxon:gbif.2341927,"Plotosus japonicus Yoshino & Kishimoto, 2008",,T2,人の確認: registry の和名は動物では Plotosus japonicus / P. lineatus に当たる。日本産のゴンズイは近年 P. japonicus に整理されている(動物界以外の同名は除外済み),1,ゴンズイ
サカマキガイ,species,common:taxon:gbif.2291118,"Physa acuta Draparnaud, 1805",,T2,registry vernacular_name_ja サカマキガイ,0,サカマキガイ
サキボソタニガワトビケラ,species,common:taxon:kanagawa-edna.%E3%82%B5%E3%82%AD%E3%83%9C%E3%82%BD%E3%82%BF%E3%83%8B%E3%82%AC%E3%83%AF%E3%83%88%E3%83%93%E3%82%B1%E3%83%A9,,サキボソタニガワトビケラ,T4,和名のみ。registry に学名・和名とも無い,0,サキボソタニガワトビケラ
サクラマス類,genus,common:taxon:inat.47522,Oncorhynchus,,T5,registry genus Oncorhynchus [exact_name] (同じ属の種から サケ属 -> Oncorhynchus) (シートの属 サケ属; ja_group サクラマス類) [rank_reduced],0,サクラマス類
サッパ,species,common:taxon:gbif.2412828,"Sardinella zunasi (Bleeker, 1854)",,T2,registry vernacular_name_ja サッパ,0,サッパ
サツキハゼ,species,common:taxon:gbif.2385767,"Parioglossus dotui Tomiyama, 1958",,T1,registry species Parioglossus dotui (学名列),0,サツキハゼ
サツキヒメヒラタカゲロウ,species,common:taxon:gbif.6933150,"Rhithrogena tetrapunctigera Matsumura, 1931",,T3,GBIF match species 'Rhithrogena tetrapunctigera' -> 6933150 (exact) (学名列),0,サツキヒメヒラタカゲロウ
サトウカクツツトビケラ,species,common:taxon:gbif.1442983,"Goerodes satoi (Kobayashi, 1968)",,T3,GBIF match species 'Lepidostoma satoi' -> 1442983 (synonym_of(10453245)) (学名列),0,サトウカクツツトビケラ
サトクダマキモドキ,species,common:taxon:inat.48115,Holochlora japonica,,T1,registry species Holochlora japonica (学名列) [exact_name],0,サトクダマキモドキ
サトモンオナシカワゲラ,species,common:taxon:gbif.2002922,"Amphinemura zonata Okamoto, 1922",,T3,GBIF match species 'Amphinemura zonata' -> 2002922 (exact) (学名列),0,サトモンオナシカワゲラ
サトユミアシゴミムシダマシ,species,common:taxon:gbif.8625952,Promethis valgipes,,T1,registry species Promethis valgipes (学名列) [prefer_gbif_namespace],0,サトユミアシゴミムシダマシ
サホコカゲロウ,species,common:taxon:gbif.6932416,"Baetis sahoensis Gose, 1980",,T3,GBIF match species 'Baetis sahoensis' -> 6932416 (exact) (学名列),0,サホコカゲロウ
サメハダツブノミハムシ,species,common:taxon:gbif.5876668,"Aphthona strigosa Baly, 1874",,T1,registry species Aphthona strigosa (学名列),0,サメハダツブノミハムシ
サヨリ,species,common:taxon:gbif.2368929,"Hyporhamphus sajori (Temminck & Schlegel, 1846)",,T2,registry vernacular_name_ja サヨリ,0,サヨリ
サラサエダシャク,species,common:taxon:gbif.9919968,"Epholca arenosa (Butler, 1878)",,T2,registry vernacular_name_ja サラサエダシャク,0,サラサエダシャク
サワガニ,species,common:taxon:inat.71066,Geothelphusa dehaani,,T1,registry species Geothelphusa dehaani (学名列) [exact_name],0,サワガニ
サワグルミミツアブラムシ,species,common:taxon:kanagawa-edna.%E3%82%B5%E3%83%AF%E3%82%B0%E3%83%AB%E3%83%9F%E3%83%9F%E3%83%84%E3%82%A2%E3%83%96%E3%83%A9%E3%83%A0%E3%82%B7,,サワグルミミツアブラムシ,T4,和名のみ。registry に学名・和名とも無い,0,サワグルミミツアブラムシ
サワダマメゲンゴロウ,species,common:taxon:gbif.6000433,"Platambus sawadai (Kamiya, 1932)",,T1,registry species Platambus sawadai (学名列),0,サワダマメゲンゴロウ
サワユスリカ属の一種1xl,genus,common:taxon:gbif.1445509,"Potthastia Kieffer, 1922",,T5,GBIF match genus 'Potthastia' -> 1445509 (exact) (同じ属の種から サワユスリカ属 -> Potthastia) [rank_reduced],0,サワユスリカ属の一種 1XL
サワユスリカ属の一種2xl,genus,common:taxon:gbif.1445509,"Potthastia Kieffer, 1922",,T5,GBIF match genus 'Potthastia' -> 1445509 (exact) (同じ属の種から サワユスリカ属 -> Potthastia) [rank_reduced],0,サワユスリカ属の一種 2XL
サンカクフジツボ/ヨーロッパフジツボ,genus,common:taxon:inat.49129,Balanus,,T5,"registry genus Balanus [exact_name] (シートの属 Balanus; 併記 サンカクフジツボ/ヨーロッパフジツボ) [rank_reduced,name_ambiguous]",0,サンカクフジツボ/ヨーロッパフジツボ
サンマ,species,common:taxon:gbif.2369261,"Cololabis saira (Brevoort, 1856)",,T2,registry vernacular_name_ja サンマ,0,サンマ
シオカラトンボ,species,common:taxon:inat.107942,Orthetrum albistylum,,T1,registry species Orthetrum albistylum (学名列) [exact_name],0,シオカラトンボ
シオヤトンボ,species,common:taxon:inat.107959,Orthetrum japonicum,,T1,registry species Orthetrum japonicum (学名列) [exact_name],0,シオヤトンボ
シコツナガレトビケラ,species,common:taxon:gbif.5052706,"Rhyacophila shikotsuensis Iwata, 1927",,T3,GBIF match species 'Rhyacophila shikotsuensis' -> 5052706 (exact) (学名列),0,シコツナガレトビケラ
シジミ属,genus,common:taxon:gbif.2286732,"Corbicula Megerle von Mühlfeld, 1811",,T5,gbif_vernacular シジミ属 -> 2286732 [rank_reduced],0,シジミ属
シジミ属の一種,genus,common:taxon:inat.64009,Corbicula,,T5,registry genus Corbicula (学名列の属 Corbicula; ja_genus シジミ属) [rank_reduced],0,シジミ属の一種
シズクガイ,species,common:taxon:gbif.5729087,"Theora lata (Hinds, 1843)",,T2,"registry vernacular_name_ja シズクガイ は複数の種 ['Theora fragilis', 'Theora lata'] に当たる。GBIF の受理名は Theora lata だけ; registry species Theora lata",0,シズクガイ
シダクロスズメバチ,species,common:taxon:gbif.1311660,"Vespula shidai Ish., Yam. & Wagn., 1980",,T2c,gbif_vernacular シダクロスズメバチ -> 1311660; registry に既存,0,シダクロスズメバチ
シナヌマエビ,species,common:taxon:inat.1070598,Neocaridina davidi,,T1,registry species Neocaridina davidi (学名列) [exact_name],0,シナヌマエビ
シナハマダラカ,species,common:taxon:gbif.1650357,"Anopheles sinensis Wiedemann, 1828",,T3,GBIF match species 'Anopheles sinensis' -> 1650357 (exact) (学名列),0,シナハマダラカ
シバスズ,species,common:taxon:gbif.1722861,"Polionemobius mikado (Shiraki, 1911)",,T2,registry vernacular_name_ja シバスズ,0,シバスズ
シマアメンボ,species,common:taxon:inat.360893,Metrocoris histrio,,T1,registry species Metrocoris histrio (学名列) [exact_name],0,シマアメンボ
シマイサキ,species,common:taxon:inat.470338,Rhynchopelates oxyrhynchus,,T1,registry species Rhynchopelates oxyrhynchus (学名列) [exact_name],0,シマイサキ
シマハナアブ,species,common:taxon:kanagawa-edna.%E3%82%B7%E3%83%9E%E3%83%8F%E3%83%8A%E3%82%A2%E3%83%96,,シマハナアブ,T4,和名のみ。registry に学名・和名とも無い,0,シマハナアブ
シマヨシノボリ,species,common:taxon:inat.614862,Rhinogobius nagoyae,,T1,registry species Rhinogobius nagoyae (学名列) [exact_name],0,シマヨシノボリ
シモフリシマハゼ,species,common:taxon:gbif.2376461,"Tridentiger bifasciatus Steindachner, 1881",,T2,registry vernacular_name_ja シモフリシマハゼ,0,シモフリシマハゼ
シュレーゲルアオガエル,species,common:taxon:gbif.5217282,"Rhacophorus schlegelii (Günther, 1858)",,T2,registry vernacular_name_ja シュレーゲルアオガエル,0,シュレーゲルアオガエル
ショウジョウトンボ,species,common:taxon:gbif.1427734,"Crocothemis servilia (Drury, 1773)",,T2,registry vernacular_name_ja ショウジョウトンボ,0,ショウジョウトンボ
ショウリョウバッタ,species,common:taxon:inat.358062,Acrida cinerea,,T1,registry species Acrida cinerea (学名列) [exact_name],0,ショウリョウバッタ
ショウリョウバッタモドキ,species,common:taxon:gbif.1702579,"Gonista bicolor (Haan, 1842)",,T2,registry vernacular_name_ja ショウリョウバッタモドキ,0,ショウリョウバッタモドキ
シラホシカメムシ,species,common:taxon:gbif.2078842,"Eysarcoris ventralis (Westwood, 1837)",,T2c,gbif_vernacular シラホシカメムシ -> 2078842; registry に既存,0,シラホシカメムシ
シラホシハナムグリ,species,common:taxon:inat.471169,Protaetia brevitarsis,,T2,registry vernacular_name_ja シラホシハナムグリ,0,シラホシハナムグリ
シリナガマダラカゲロウ,species,common:taxon:gbif.6931784,"Ephacerella longicaudata (Uéno, 1928)",,T3,GBIF match species 'Ephacerella longicaudata' -> 6931784 (exact) (学名列),0,シリナガマダラカゲロウ
シロイチモジヨトウ,species,common:taxon:gbif.8352161,"Spodoptera exigua (Hübner, 1808)",,T2c,gbif_vernacular シロイチモジヨトウ -> 8352161; registry に既存,0,シロイチモジヨトウ
シロオビノメイガ,species,common:taxon:gbif.1886251,"Spoladea recurvalis (Fabricius, 1775)",,T2,registry vernacular_name_ja シロオビノメイガ,0,シロオビノメイガ
シロオビフユシャク,species,common:taxon:gbif.5143942,"Alsophila japonensis (Warren, 1894)",,T2,registry vernacular_name_ja シロオビフユシャク,0,シロオビフユシャク
シロギス,species,common:taxon:inat.112576,Sillago japonica,,T1,registry species Sillago japonica (学名列) [exact_name],0,シロギス
シロシタケンモン,species,common:taxon:gbif.1783039,"Acronicta hercules Felder, 1874",,T2,registry vernacular_name_ja シロシタケンモン,0,シロシタケンモン
シロジュウシホシテントウ,species,common:taxon:gbif.1043171,"Calvia quatuordecimguttata (Linnaeus, 1758)",,T2,registry vernacular_name_ja シロジュウシホシテントウ,0,シロジュウシホシテントウ
シロズシマトビケラ,species,common:taxon:gbif.10010656,Hydropsyche albicephala,,T3,GBIF match species 'Hydropsyche albicephala' -> 10010656 (exact) (学名列),0,シロズシマトビケラ
シロズヒメヨコバイ,species,common:taxon:gbif.2029443,"Aguriahana triangularis (Matsumura, 1932)",,T2c,gbif_vernacular シロズヒメヨコバイ -> 2029443,0,シロズヒメヨコバイ
シロタニガワカゲロウ,species,common:taxon:inat.1234437,Afronurus yoshidae,,T1,registry species Afronurus yoshidae (学名列),0,シロタニガワカゲロウ
シロテンクロマイコガ,species,common:taxon:gbif.1831688,"Atrijuglans hetaohei Yang, 1977",,T2,registry vernacular_name_ja シロテンクロマイコガ,0,シロテンクロマイコガ
シロテンハナムグリ,species,common:taxon:inat.123519,Protaetia orientalis,,T1,registry species Protaetia orientalis (学名列) [exact_name],0,シロテンハナムグリ
シロトホシテントウ,species,common:taxon:gbif.4452235,"Calvia decemguttata (Linnaeus, 1767)",,T2,registry vernacular_name_ja シロトホシテントウ,0,シロトホシテントウ
シロハラコカゲロウ,species,common:taxon:gbif.6932382,"Baetis thermicus Uéno, 1931",,T3,GBIF match species 'Baetis thermicus' -> 6932382 (exact) (学名列),0,シロハラコカゲロウ
シロハラコカゲロウ-1,species,common:taxon:gbif.6932382,"Baetis thermicus Uéno, 1931",,T3,GBIF match species 'Baetis thermicus' -> 6932382 (exact) (学名列),0,シロハラコカゲロウ-1
シロハラコカゲロウ-2,species,common:taxon:gbif.6932382,"Baetis thermicus Uéno, 1931",,T3,GBIF match species 'Baetis thermicus' -> 6932382 (exact) (学名列),0,シロハラコカゲロウ-2
シロヒメユスリカ属の一種,genus,common:taxon:gbif.1446544,"Krenopelopia Fittkau, 1962",,T5,GBIF match genus 'Krenopelopia' -> 1446544 (exact) (学名列の属 Krenopelopia; ja_genus シロヒメユスリカ属) [rank_reduced],0,シロヒメユスリカ属の一種
シロホシテントウ,species,common:taxon:gbif.4452256,"Vibidia duodecimguttata (Poda, 1761)",,T2,registry vernacular_name_ja シロホシテントウ,0,シロホシテントウ
ジャコウアゲハ,species,common:taxon:inat.356410,Byasa alcinous,,T1,registry species Byasa alcinous (学名列) [exact_name],0,ジャコウアゲハ
ジュッポンオナシカワゲラ,species,common:taxon:gbif.2002937,"Amphinemura decemseta Okamoto, 1922",,T3,GBIF match species 'Amphinemura decemseta' -> 2002937 (exact) (学名列),0,ジュッポンオナシカワゲラ
スエヒロミミズ,species,common:taxon:gbif.10541663,"Aulophorus furcatus (Müller, 1774)",,T3,GBIF match species 'Aulophorus furcatus' -> 10541663 (exact) (学名列),0,スエヒロミミズ
スカシチャタテ,species,common:taxon:gbif.1031546,"Hemipsocus chloroticus (Hagen, 1858)",,T2c,gbif_vernacular スカシチャタテ -> 1031546,0,スカシチャタテ
スカシハネコケムシ,species,common:taxon:gbif.8412231,"Rumarcanella vorstmani (Toriumi, 1952)",,T3,GBIF match species 'Plumatella vorstmani' -> 8412231 (synonym_of(1003594)) (学名列),0,スカシハネコケムシ
スカシヒロバカゲロウ,species,common:taxon:kanagawa-edna.%E3%82%B9%E3%82%AB%E3%82%B7%E3%83%92%E3%83%AD%E3%83%90%E3%82%AB%E3%82%B2%E3%83%AD%E3%82%A6,,スカシヒロバカゲロウ,T4,和名のみ。registry に学名・和名とも無い,0,スカシヒロバカゲロウ
スクミリンゴガイ,species,common:taxon:inat.122278,Pomacea canaliculata,,T1,registry species Pomacea canaliculata (学名列) [exact_name],0,スクミリンゴガイ
スゴモロコ/コウライモロコ,genus,common:taxon:gbif.2367557,"Squalidus Dybowski, 1872",,T5,"gbif_vernacular スゴモロコ属 -> 2367557 (シートの属 スゴモロコ属; 併記 スゴモロコ/コウライモロコ) [rank_reduced,name_ambiguous]",0,スゴモロコ / コウライモロコ
スゴモロコ類,genus,common:taxon:gbif.2367557,"Squalidus Dybowski, 1872",,T5,GBIF match genus 'Squalidus' -> 2367557 (exact) (シートの属 Squalidus属; ja_group スゴモロコ類) [rank_reduced],0,スゴモロコ類
スジエビ,species,common:taxon:gbif.2225014,"Palaemon paucidens De Haan, 1844",,T2c,gbif_vernacular スジエビ -> 2225014; registry に既存,0,スジエビ
スジエビモドキ,species,common:taxon:gbif.2225016,"Palaemon serrifer (Stimpson, 1860)",,T2,registry vernacular_name_ja スジエビモドキ,0,スジエビモドキ
スジキリヨトウ,species,common:taxon:inat.472190,Spodoptera depravata,,T1,registry species Spodoptera depravata (学名列) [exact_name],0,スジキリヨトウ
スジグロシロチョウ,species,common:taxon:gbif.5137889,"Pieris melete Ménétriès, 1857",,T2,registry vernacular_name_ja スジグロシロチョウ,0,スジグロシロチョウ
スジコガシラゴミムシダマシ,species,common:taxon:inat.545810,Heterotarsus carinula,,T1,registry species Heterotarsus carinula (学名列) [exact_name],0,スジコガシラゴミムシダマシ
スジツトガ,species,common:taxon:gbif.1883157,"Chilo sacchariphagus Bojer, 1856",,T2c,gbif_vernacular スジツトガ -> 1883157,0,スジツトガ
スジハゼ,species,common:taxon:gbif.11158239,"Acentrogobius virgatulus (Jordan & Snyder, 1901)",,T2,人の確認: registry の和名は Acentrogobius pflaumii / A. virgatulus に当たる。日本産のスジハゼは A. virgatulus,1,スジハゼ
スズキ,species,common:taxon:inat.194678,Lateolabrax japonicus,,T1,registry species Lateolabrax japonicus (学名列) [exact_name],0,スズキ
スズキクラカケカワゲラ,species,common:taxon:kanagawa-edna.%E3%82%B9%E3%82%BA%E3%82%AD%E3%82%AF%E3%83%A9%E3%82%AB%E3%82%B1%E3%82%AB%E3%83%AF%E3%82%B2%E3%83%A9,,スズキクラカケカワゲラ,T4,和名のみ。registry に学名・和名とも無い,0,スズキクラカケカワゲラ
スズメ,species,common:taxon:inat.13851,Passer montanus,,T1,registry species Passer montanus (学名列) [exact_name],0,スズメ
スッポン,species,common:taxon:kanagawa-edna.%E3%82%B9%E3%83%83%E3%83%9D%E3%83%B3,,スッポン,T4,和名のみ。registry に学名・和名とも無い,0,スッポン
スナゴカマツカ,species,common:taxon:gbif.10310263,"Pseudogobio polysticta Tominaga & Kawase, 2019",,T2c,gbif_vernacular スナゴカマツカ -> 10310263; registry に既存,0,スナゴカマツカ
スネアカキンバエ/コガネキンバエ,genus,common:taxon:inat.61858,Lucilia,,T5,"registry genus Lucilia (シートの属 Lucilia属; 併記 スネアカキンバエ/コガネキンバエ) [rank_reduced,name_ambiguous]",0,スネアカキンバエ/コガネキンバエ
スミウキゴリ,species,common:taxon:inat.614635,Gymnogobius petschiliensis,,T1,registry species Gymnogobius petschiliensis (学名列) [exact_name],0,スミウキゴリ
ズアカシダカスミカメ,species,common:taxon:inat.510335,Monalocoris filicis,,T1,registry species Monalocoris filicis (学名列),0,ズアカシダカスミカメ
ズアカシダカスミカメ/アマミズアカシダカスミカメ,genus,common:taxon:inat.453974,Monalocoris,,T5,"併記の全成員が属 Monalocoris の種（ズアカシダカスミカメ->common:taxon:gbif.2010078; アマミズアカシダカスミカメ->common:taxon:gbif.7947484）; registry genus Monalocoris [rank_reduced,name_ambiguous]",0,ズアカシダカスミカメ/アマミズアカシダカスミカメ
セアカツノカメムシ,species,common:taxon:inat.560194,Acanthosoma denticaudum,,T1,registry species Acanthosoma denticaudum (学名列) [exact_name],0,セアカツノカメムシ
セアカヒラタゴミムシ,species,common:taxon:gbif.5755454,"Dolichus halensis (Schaller, 1783)",,T2,registry vernacular_name_ja セアカヒラタゴミムシ,0,セアカヒラタゴミムシ
セイヨウミツバチ,species,common:taxon:inat.47219,Apis mellifera,,T1,registry species Apis mellifera (学名列) [exact_name],0,セイヨウミツバチ
セキセイインコ,species,common:taxon:gbif.2479798,"Melopsittacus undulatus (Shaw, 1805)",,T2c,gbif_vernacular セキセイインコ -> 2479798; registry に既存,0,セキセイインコ
セグロキンヒバリ,species,common:taxon:gbif.1718798,"Natula pravdini (Gorochov, 1985)",,T3,GBIF match species 'Natula pravdini' -> 1718798 (exact) (学名列),0,セグロキンヒバリ
セジロウンカ,species,common:taxon:gbif.4777382,"Sogatella furcifera (Horváth, 1899)",,T2c,gbif_vernacular セジロウンカ -> 4777382,0,セジロウンカ
セスジアカムカデ,species,common:taxon:inat.516987,Scolopocryptops rubiginosus,,T1,registry species Scolopocryptops rubiginosus (学名列) [exact_name],0,セスジアカムカデ
セスジアカムネグモ,species,common:taxon:gbif.2137530,"Ummeliata insecticeps (Bösenberg & Strand, 1906)",,T1,registry species Ummeliata insecticeps (学名列),0,セスジアカムネグモ
セスジスズメ,species,common:taxon:inat.125110,Theretra oldenlandiae,,T1,registry species Theretra oldenlandiae (学名列) [exact_name],0,セスジスズメ
セスジダルマガムシ,species,common:taxon:gbif.6005302,"Ochthebius inermis (Sharp, 1884)",,T2c,gbif_vernacular セスジダルマガムシ -> 6005302,0,セスジダルマガムシ
セスジツユムシ,species,common:taxon:inat.499194,Ducetia japonica,,T1,registry species Ducetia japonica (学名列) [exact_name],0,セスジツユムシ
セスジナミシャク,species,common:taxon:gbif.11173690,Evecliptopera illitata,,T2,registry vernacular_name_ja セスジナミシャク,0,セスジナミシャク
セスジミドリカワゲラ,species,common:taxon:gbif.2003760,"Sweltsa abdominalis (Okamoto, 1912)",,T2c,gbif_vernacular セスジミドリカワゲラ -> 2003760,0,セスジミドリカワゲラ
セスジユスリカ,species,common:taxon:inat.356281,Chironomus yoshimatsui,,T1,registry species Chironomus yoshimatsui (学名列),0,セスジユスリカ
セスジユスリカ/ユスリカ属の一種,genus,common:taxon:inat.129409,Chironomus,,T5,"registry genus Chironomus (同じ属の種から ユスリカ属 -> Chironomus) (シートの属 ユスリカ属; 併記 セスジユスリカ/ユスリカ属の一種) [rank_reduced,name_ambiguous]",0,セスジユスリカ/ユスリカ属の一種
セマダラコガネ,species,common:taxon:gbif.5875148,"Exomala orientalis (Waterhouse, 1875)",,T2c,gbif_vernacular セマダラコガネ -> 5875148; registry に既存,0,セマダラコガネ
セマダラヒメユスリカ属の一種,family,common:taxon:gbif.3343,Chironomidae,,T5,registry family Chironomidae [prefer_gbif_namespace] (同じ科の種から ユスリカ科 -> Chironomidae) (シートの科 ユスリカ科; 属 セマダラヒメユスリカ属 は決まらない; ja_genus セマダラヒメユスリカ属) [rank_reduced],0,セマダラヒメユスリカ属の一種
セリーシマトビケラ/ギフシマトビケラ,genus,common:taxon:inat.88985,Hydropsyche,,T5,"registry genus Hydropsyche (同じ属の種から シマトビケラ属 -> Hydropsyche) (シートの属 シマトビケラ属; 併記 セリーシマトビケラ/ギフシマトビケラ) [rank_reduced,name_ambiguous]",0,セリーシマトビケラ/ギフシマトビケラ
セリーシマトビケラ/ギフシマトビケラ/オオヤマシマトビケラ,genus,common:taxon:inat.88985,Hydropsyche,,T5,"registry genus Hydropsyche (同じ属の種から シマトビケラ属 -> Hydropsyche) (シートの属 シマトビケラ属; 併記 セリーシマトビケラ/ギフシマトビケラ/オオヤマシマトビケラ) [rank_reduced,name_ambiguous]",0,セリーシマトビケラ/ギフシマトビケラ/オオヤマシマトビケラ
センカイトビケラ属の一種,genus,common:taxon:gbif.1435588,"Triaenodes McLachlan, 1865",,T5,GBIF match genus 'Triaenodes' -> 1435588 (exact) (学名列の属 Triaenodes; ja_genus センカイトビケラ属) [rank_reduced],0,センカイトビケラ属の一種
センノカミキリ,species,common:taxon:inat.366804,Acalolepta luxuriosa,,T1,registry species Acalolepta luxuriosa (学名列) [exact_name],0,センノカミキリ
ソウギョ,species,common:taxon:gbif.2362030,"Ctenopharyngodon idella (Valenciennes, 1844)",,T3,GBIF match species 'Ctenopharyngodon idella' -> 2362030 (exact) (学名列),0,ソウギョ
ソトオリガイ,species,common:taxon:gbif.9806546,"Exolaternula liautaudi (Mittre, 1844)",,T1,registry species Exolaternula liautaudi (学名列); registry の和名 ソトオリガイ は別の種 common:taxon:gbif.4586718 を指す（採らない）,0,ソトオリガイ
ソラマメヒゲナガアブラムシ,species,common:taxon:inat.467403,Megoura viciae,,T1,registry species Megoura viciae (学名列),0,ソラマメヒゲナガアブラムシ（２つの学名あり注意）
ゾウミジンコ,species,common:taxon:gbif.2234694,"Bosmina longirostris (O.F.Müller, 1776)",,T3,GBIF match species 'Bosmina longirostris' -> 2234694 (exact) (学名列),0,ゾウミジンコ
タイリククロスジヘビトンボ,species,common:taxon:gbif.1729916,"Parachauliodes continentalis van der Weele, 1909",,T2,registry vernacular_name_ja タイリククロスジヘビトンボ,0,タイリククロスジヘビトンボ
タイリクスズキ/スズキ,genus,common:taxon:gbif.2392024,"Lateolabrax Bleeker, 1855",,T5,"併記の全成員が属 Lateolabrax の種（タイリクスズキ->common:taxon:gbif.2392025; スズキ->common:taxon:gbif.2392025）; GBIF match genus 'Lateolabrax' -> 2392024 (exact) [rank_reduced,name_ambiguous]",0,タイリクスズキ/スズキ
タイワンツチイナゴ/ツチイナゴ,family,common:taxon:gbif.9394,Acrididae,,T5,"registry family Acrididae [prefer_gbif_namespace] (同じ科の種から イナゴ科 -> Acrididae) (シートの科 イナゴ科; 併記 タイワンツチイナゴ/ツチイナゴ) [rank_reduced,name_ambiguous]",0,タイワンツチイナゴ/ツチイナゴ
タイワンハネナガイナゴ,species,common:taxon:gbif.1700917,"Oxya chinensis (Thunberg, 1815)",,T2c,gbif_vernacular タイワンハネナガイナゴ -> 1700917,0,タイワンハネナガイナゴ
タイワンヒゲユスリカ,species,common:taxon:gbif.1451780,"Tanytarsus formosanus Kieffer, 1912",,T3,GBIF match species 'Tanytarsus formosanus' -> 1451780 (exact) (学名列),0,タイワンヒゲユスリカ
タカタユキユスリカ,species,common:taxon:gbif.1445477,"Syndiamesa takatensis Tokunaga, 1936",,T3,GBIF match species 'Sympotthastia takatensis' -> 1445477 (synonym_of(8329903)) (学名列),0,タカタユキユスリカ
タカネトンボ,species,common:taxon:inat.358568,Somatochlora uchidai,,T1,registry species Somatochlora uchidai (学名列) [exact_name],0,タカネトンボ
タカノケフサイソガニ,species,common:taxon:gbif.4382841,"Hemigrapsus takanoi Asakura & Watanabe, 2005",,T2,registry vernacular_name_ja タカノケフサイソガニ,0,タカノケフサイソガニ
タカノケフサイソガニ/ケフサイソガニ,genus,common:taxon:inat.48343,Hemigrapsus,,T5,"併記の全成員が属 Hemigrapsus の種（タカノケフサイソガニ->common:taxon:gbif.4382841; ケフサイソガニ->common:taxon:gbif.2225770）; registry genus Hemigrapsus [exact_name] [rank_reduced,name_ambiguous]",0,タカノケフサイソガニ/ケフサイソガニ
タカハヤ,species,common:taxon:gbif.5851441,"Rhynchocypris oxycephalus (Sauvage & Dabry de Thiersant, 1874)",,T1,registry species Rhynchocypris oxycephalus (学名列); 同じ和名の未照合 taxon common:taxon:ryuiki-taxa.wamei.%E3%82%BF%E3%82%AB%E3%83%8F%E3%83%A4 が registry にある（採らない）,0,タカハヤ
タカハヤ/アブラハヤ,genus,common:taxon:inat.91759,Rhynchocypris,,T5,"registry genus Rhynchocypris (シートの属 Rhynchocypris属; 併記 タカハヤ/アブラハヤ) [rank_reduced,name_ambiguous]",0,タカハヤ/アブラハヤ
タゴガエル/ナガレタゴガエル,genus,common:taxon:inat.25474,Rana,,T5,"併記の全成員が属 Rana の種（タゴガエル->common:taxon:gbif.2426787; ナガレタゴガエル->common:taxon:gbif.2426804）; registry genus Rana [exact_name] [rank_reduced,name_ambiguous]",0,タゴガエル/ナガレタゴガエル
タチウオ,species,common:taxon:gbif.2389414,"Trichiurus japonicus Temminck & Schlegel, 1844",,T1,registry species Trichiurus japonicus (学名列),0,タチウオ
タテジマアヤトビムシ,species,common:taxon:inat.296705,Homidia socia,,T1,registry species Homidia socia (学名列) [exact_name],0,タテジマアヤトビムシ
タテジマアヤ卜ビムシ,species,common:taxon:kanagawa-edna.%E3%82%BF%E3%83%86%E3%82%B8%E3%83%9E%E3%82%A2%E3%83%A4%E5%8D%9C%E3%83%93%E3%83%A0%E3%82%B7,,タテジマアヤ卜ビムシ,T4,和名のみ。registry に学名・和名とも無い,0,タテジマアヤ卜ビムシ
タテジマイソギンチャク,species,common:taxon:inat.81783,Diadumene lineata,,T1,registry species Diadumene lineata (学名列) [exact_name],0,タテジマイソギンチャク
タテジマフジツボ,species,common:taxon:inat.119104,Amphibalanus amphitrite,,T1,registry species Amphibalanus amphitrite (学名列) [exact_name],0,タテジマフジツボ
タデクギケアブラムシ,species,common:taxon:kanagawa-edna.%E3%82%BF%E3%83%87%E3%82%AF%E3%82%AE%E3%82%B1%E3%82%A2%E3%83%96%E3%83%A9%E3%83%A0%E3%82%B7,,タデクギケアブラムシ,T4,和名のみ。registry に学名・和名とも無い,0,タデクギケアブラムシ
タデマルカメムシ,species,common:taxon:inat.606781,Coptosoma parvipictum,,T1,registry species Coptosoma parvipictum (学名列),0,タデマルカメムシ
タニガワトビケラ,genus,common:taxon:gbif.1431439,"Dolophilodes Ulmer, 1909",,T5,種 Dolophilodes japonica は GBIF に無い (fuzzy) ので属 Dolophilodes に寄せる; registry genus Dolophilodes [rank_reduced],0,タニガワトビケラ
タニユスリカ属の一種,genus,common:taxon:gbif.1445876,"Boreoheptagyia Brundin, 1966",,T5,GBIF match genus 'Boreoheptagyia' -> 1445876 (exact) (学名列の属 Boreoheptagyia; ja_genus タニユスリカ属) [rank_reduced],0,タニユスリカ属の一種
タヌキ,species,common:taxon:inat.855311,Nyctereutes procyonoides,,T1,registry species Nyctereutes procyonoides (学名列) [exact_name],0,タヌキ
タネズミ,species,common:taxon:inat.44546,Rattus tanezumi,,T1,registry species Rattus tanezumi (学名列) [exact_name],0,タネズミ
タネハゼ,species,common:taxon:gbif.2379340,"Callogobius tanegasimae (Snyder, 1908)",,T3,GBIF match species 'Callogobius tanegasimae' -> 2379340 (exact) (学名列),0,タネハゼ
タネバエ,species,common:taxon:gbif.5077529,"Delia platura (Meigen, 1826)",,T2,registry vernacular_name_ja タネバエ,0,タネバエ
タバコガ/オオタバコガ/アメリカタバコガ,genus,common:taxon:inat.83810,Helicoverpa,,T5,"併記の全成員が属 Helicoverpa の種（タバコガ->common:taxon:gbif.1792555; オオタバコガ->common:taxon:gbif.8108800; アメリカタバコガ->common:taxon:gbif.1792564）; registry genus Helicoverpa [rank_reduced,name_ambiguous]",0,タバコガ/オオタバコガ/アメリカタバコガ
タバココナジラミ,species,common:taxon:kanagawa-edna.%E3%82%BF%E3%83%90%E3%82%B3%E3%82%B3%E3%83%8A%E3%82%B8%E3%83%A9%E3%83%9F,,タバココナジラミ,T4,和名のみ。registry に学名・和名とも無い,0,タバココナジラミ
タマガムシ,species,common:taxon:gbif.8590416,"Amphiops mater Sharp, 1873",,T1,registry species Amphiops mater (学名列),0,タマガムシ
タマナヤガ,species,common:taxon:gbif.1771245,"Agrotis ipsilon (Hufnagel, 1766)",,T2,registry vernacular_name_ja タマナヤガ,0,タマナヤガ
タマムシ,species,common:taxon:inat.360062,Chrysochroa fulgidissima,,T1,registry species Chrysochroa fulgidissima (学名列) [exact_name],0,タマムシ
タマリフタバカゲロウ,species,common:taxon:gbif.7196918,"Cloeon ryogokuensis Gose, 1980",,T3,GBIF match species 'Cloeon ryogokuensis' -> 7196918 (exact) (学名列),0,タマリフタバカゲロウ
タモロコ,species,common:taxon:gbif.2366298,"Gnathopogon elongatus (Temminck & Schlegel, 1846)",,T2,registry vernacular_name_ja タモロコ,0,タモロコ
タモロコ/ホンモロコ,genus,common:taxon:gbif.2366297,"Gnathopogon Bleeker, 1860",,T5,"併記の全成員が属 Gnathopogon の種（タモロコ->common:taxon:gbif.2366298; ホンモロコ->common:taxon:gbif.2366325）; GBIF match genus 'Gnathopogon' -> 2366297 (exact) [rank_reduced,name_ambiguous]",0,タモロコ / ホンモロコ
タラフタオアブラムシ/ニンジンフタオアブラムシ,genus,common:taxon:gbif.2070283,"Cavariella Del Guercio, 1911",,T5,"GBIF match genus 'Cavariella' -> 2070283 (exact) (シートの属 Cavariella; 併記 タラフタオアブラムシ/ニンジンフタオアブラムシ) [rank_reduced,name_ambiguous]",0,タラフタオアブラムシ/ニンジンフタオアブラムシ
タンボコオロギ,species,common:taxon:gbif.1722120,"Modicogryllus siamensis Chopard, 1961",,T2,registry vernacular_name_ja タンボコオロギ,0,タンボコオロギ
ダイサギ,species,common:taxon:gbif.9752617,"Ardea alba Linnaeus, 1758",,T2c,gbif_vernacular ダイサギ -> 9752617; registry に既存,0,ダイサギ
ダイズアブラムシ,species,common:taxon:kanagawa-edna.%E3%83%80%E3%82%A4%E3%82%BA%E3%82%A2%E3%83%96%E3%83%A9%E3%83%A0%E3%82%B7,,ダイズアブラムシ,T4,和名のみ。registry に学名・和名とも無い,0,ダイズアブラムシ
ダイズアブラムシ/マメクロアブラムシ/マメアブラムシ,genus,common:taxon:inat.55215,Aphis,,T5,"registry genus Aphis [exact_name] (シートの属 Aphis属; 併記 ダイズアブラムシ/マメクロアブラムシ/マメアブラムシ) [rank_reduced,name_ambiguous]",0,ダイズアブラムシ/マメクロアブラムシ/マメアブラムシ
ダイナンギンポ,species,common:taxon:gbif.5211347,"Dictyosoma burgeri van der Hoeven, 1855",,T2,registry vernacular_name_ja ダイナンギンポ,0,ダイナンギンポ
ダツ,species,common:taxon:gbif.5208032,"Strongylura anastomella (Valenciennes, 1846)",,T2,registry vernacular_name_ja ダツ,0,ダツ
ダビドサナエ,species,common:taxon:inat.99137,Davidius nanus,,T1,registry species Davidius nanus (学名列) [exact_name],0,ダビドサナエ
ダルマガエル,species,common:taxon:inat.66333,Pelophylax porosus,,T1,registry species Pelophylax porosus (学名列) [exact_name]; registry の和名 ダルマガエル は別の種 common:taxon:gbif.2426637 を指す（採らない）,0,ダルマガエル
ダンダラテントウ,species,common:taxon:gbif.1043321,"Cheilomenes sexmaculata (Fabricius, 1781)",,T2c,gbif_vernacular ダンダラテントウ -> 1043321; registry に既存,0,ダンダラテントウ
ダンダラヒメユスリカ,species,common:taxon:gbif.1450453,"Ablabesmyia monilis (Linnaeus, 1758)",,T3,GBIF match species 'Ablabesmyia monilis' -> 1450453 (exact) (学名列),0,ダンダラヒメユスリカ
チゴヤドリミミズ,species,common:taxon:gbif.5194015,"Chaetogaster diastrophus (Gruithuisen, 1828)",,T2c,gbif_vernacular チゴヤドリミミズ -> 5194015,0,チゴヤドリミミズ
チチブ/ヌマチチブ,genus,common:taxon:inat.56898,Tridentiger,,T5,"併記の全成員が属 Tridentiger の種（チチブ->common:taxon:gbif.2376459; ヌマチチブ->common:taxon:gbif.2376456）; registry genus Tridentiger [exact_name] [rank_reduced,name_ambiguous]",0,チチブ / ヌマチチブ
チチュウカイマダコ,species,common:taxon:gbif.2289671,"Octopus vulgaris Cuvier, 1797",,T1,registry species Octopus vulgaris (学名列),0,チチュウカイマダコ（マダコの可能性あり）
チノオナシカワゲラ,species,common:taxon:gbif.2003518,"Nemoura chinonis Okamoto, 1922",,T3,GBIF match species 'Nemoura chinonis' -> 2003518 (exact) (学名列),0,チノオナシカワゲラ
チバクロバネキノコバエ,species,common:taxon:kanagawa-edna.%E3%83%81%E3%83%90%E3%82%AF%E3%83%AD%E3%83%90%E3%83%8D%E3%82%AD%E3%83%8E%E3%82%B3%E3%83%90%E3%82%A8,,チバクロバネキノコバエ,T4,和名のみ。registry に学名・和名とも無い,0,チバクロバネキノコバエ
チビアシナガバエ属の一種,genus,common:taxon:inat.248242,Chrysotus,,T5,registry genus Chrysotus (同じ属の種から チビアシナガバエ属 -> Chrysotus) [rank_reduced],0,チビアシナガバエ属の一種
チビゲンゴロウ,species,common:taxon:inat.1239247,Hydroglyphus japonicus,,T1,registry species Hydroglyphus japonicus (学名列) [exact_name],0,チビゲンゴロウ
チビヒゲナガハナノミ,species,common:taxon:gbif.6994435,"Grammeubria opaca Kiesenwetter, 1874",,T3,GBIF match species 'Ectopria opaca' -> 6994435 (synonym_of(6994434)) (学名列),0,チビヒゲナガハナノミ
チビマメシジミ,species,common:taxon:gbif.10724236,"Odhneripisidium parvum (Mori, 1938)",,T3,GBIF match species 'Odhneripisidium parvum' -> 10724236 (exact) (学名列),0,チビマメシジミ
チビマルヒゲナガハナノミ,genus,common:taxon:gbif.4718982,"Macroeubria Pic, 1916",,T5,種 Macroeubria lewisi は GBIF に無い (none) ので属 Macroeubria に寄せる; GBIF match genus 'Macroeubria' -> 4718982 (exact) [rank_reduced],0,チビマルヒゲナガハナノミ
チャオビヨトウ,species,common:taxon:inat.326184,Niphonyx segregata,,T1,registry species Niphonyx segregata (学名列) [exact_name],0,チャオビヨトウ
チャノキイロアザミウマ,species,common:taxon:gbif.1420615,"Scirtothrips dorsalis Hood, 1919",,T3,GBIF match species 'Scirtothrips dorsalis' -> 1420615 (exact) (学名列),0,チャノキイロアザミウマ
チャノコカクモンハマキ,species,common:taxon:gbif.10115750,"Adoxophyes honmai Yasuda, 1998",,T2,registry vernacular_name_ja チャノコカクモンハマキ,0,チャノコカクモンハマキ
チャハマキ,species,common:taxon:inat.472756,Homona magnanima,,T1,registry species Homona magnanima (学名列) [exact_name],0,チャハマキ
チャバネアオカメムシ,species,common:taxon:inat.449714,Plautia stali,,T1,registry species Plautia stali (学名列) [exact_name],0,チャバネアオカメムシ
チャバネゴキブリ/オキナワチャバネゴキブリ,genus,common:taxon:inat.121238,Blattella,,T5,"併記の全成員が属 Blattella の種（チャバネゴキブリ->common:taxon:gbif.1997215; オキナワチャバネゴキブリ->common:taxon:gbif.1997190）; registry genus Blattella [rank_reduced,name_ambiguous]",0,チャバネゴキブリ/オキナワチャバネゴキブリ
チャバネセセリ,species,common:taxon:inat.322520,Pelopidas mathias,,T2,registry vernacular_name_ja チャバネセセリ [infraspecific_vernacular->species exact_name],0,チャバネセセリ
チャバネヒゲナガカワトビケラ,species,common:taxon:gbif.1431790,"Stenopsyche sauteri Ulmer, 1907",,T2c,gbif_vernacular チャバネヒゲナガカワトビケラ -> 1431790,0,チャバネヒゲナガカワトビケラ
チャミドロコケムシ,species,common:taxon:gbif.1010304,"Paludicella articulata (Ehrenberg, 1831)",,T3,GBIF match species 'Paludicella articulata' -> 1010304 (exact) (学名列),0,チャミドロコケムシ
チュウゴクモクズガニ,species,common:taxon:gbif.2225776,"Eriocheir sinensis H.Milne Edwards, 1853",,T2c,gbif_vernacular チュウゴクモクズガニ -> 2225776,0,チュウゴクモクズガニ
チョウ,species,common:taxon:gbif.2114151,"Argulus japonicus Thiele, 1900",,T1,registry species Argulus japonicus (学名列),0,チョウ
チョウセンカマキリ,species,common:taxon:inat.358082,Tenodera angustipennis,,T1,registry species Tenodera angustipennis (学名列) [exact_name],0,チョウセンカマキリ
チョウセンハマダラカ,species,common:taxon:gbif.1650348,"Anopheles koreicus Yamada & Watanabe, 1918",,T3,GBIF match species 'Anopheles koreicus' -> 1650348 (exact) (学名列),0,チョウセンハマダラカ
チラカゲロウ,species,common:taxon:gbif.6934699,Isonychia valida,,T3,GBIF match species 'Isonychia valida' -> 6934699 (exact) (学名列),0,チラカゲロウ
チリメンカワニナ/カワニナ,genus,common:taxon:inat.149942,Semisulcospira,,T5,"併記の全成員が属 Semisulcospira の種（チリメンカワニナ->common:taxon:gbif.7861047; カワニナ->common:taxon:gbif.5857680）; registry genus Semisulcospira [rank_reduced,name_ambiguous]",0,チリメンカワニナ/カワニナ
ツクツクボウシ,species,common:taxon:gbif.8538327,"Meimuna opalifera (Walker, 1850)",,T2,registry vernacular_name_ja ツクツクボウシ,0,ツクツクボウシ
ツダカクツツトビケラ,genus,common:taxon:inat.148207,Lepidostoma,,T5,種 Lepidostoma tsudai は GBIF に無い (none) ので属 Lepidostoma に寄せる; registry genus Lepidostoma [rank_reduced],0,ツダカクツツトビケラ
ツダコタニガワトビケラ,species,common:taxon:gbif.1431220,"Chimarra tsudai Ross, 1956",,T3,GBIF match species 'Chimarra tsudai' -> 1431220 (exact) (学名列),0,ツダコタニガワトビケラ
ツダタニガワトビケラ,species,common:taxon:gbif.1431546,"Kisaura tsudai (Botosaneanu, 1970)",,T3,GBIF match species 'Kisaura tsudai' -> 1431546 (exact) (学名列),0,ツダタニガワトビケラ
ツチイナゴ,species,common:taxon:gbif.1702191,"Patanga japonica (Bolívar, 1898)",,T2,registry vernacular_name_ja ツチイナゴ,0,ツチイナゴ
ツチカメムシ,species,common:taxon:inat.563621,Macroscytus japonensis,,T1,registry species Macroscytus japonensis (学名列) [exact_name],0,ツチカメムシ
ツヅレサセコオロギ,species,common:taxon:kanagawa-edna.%E3%83%84%E3%83%85%E3%83%AC%E3%82%B5%E3%82%BB%E3%82%B3%E3%82%AA%E3%83%AD%E3%82%AE,,ツヅレサセコオロギ,T4,和名のみ。registry に学名・和名とも無い,0,ツヅレサセコオロギ
ツボワムシ,species,common:taxon:gbif.4984102,"Brachionus calyciflorus Pallas, 1766",,T3,GBIF match species 'Brachionus calyciflorus' -> 4984102 (exact) (学名列),0,ツボワムシ
ツマキヘリカメムシ,species,common:taxon:inat.335533,Hygia opaca,,T1,registry species Hygia opaca (学名列) [exact_name],0,ツマキヘリカメムシ
ツマグロオオヨコバイ,species,common:taxon:inat.349069,Bothrogonia ferruginea,,T1,registry species Bothrogonia ferruginea (学名列) [exact_name],0,ツマグロオオヨコバイ
ツマグロハイスガ,species,common:taxon:gbif.1830474,"Yponomeuta yanagawana (Matsumura, 1931)",,T2,registry vernacular_name_ja ツマグロハイスガ,0,ツマグロハイスガ
ツマグロハギカスミカメ,species,common:taxon:inat.779049,Apolygus subpulchellus,,T1,registry species Apolygus subpulchellus (学名列),0,ツマグロハギカスミカメ
ツマグロヒョウモン,species,common:taxon:inat.323769,Argynnis hyperbius,,T1,registry species Argynnis hyperbius (学名列) [exact_name],0,ツマグロヒョウモン
ツマグロヨコバイ,species,common:taxon:gbif.2029384,"Nephotettix cincticeps (Uhler, 1896)",,T2c,gbif_vernacular ツマグロヨコバイ -> 2029384,0,ツマグロヨコバイ
ツマベニヒメナガカメムシ,species,common:taxon:inat.296399,Neortholomus scolopax,,T1,registry species Neortholomus scolopax (学名列) [exact_name],0,ツマベニヒメナガカメムシ
ツメトゲブユ,species,common:taxon:gbif.1644756,"Simulium iwatense (Shiraki, 1935)",,T3,GBIF match species 'Simulium iwatense' -> 1644756 (exact) (学名列),0,ツメトゲブユ
ツメナガナガレトビケラ,species,common:taxon:gbif.1434449,"Apsilochorema sutshanum Martynov, 1934",,T3,GBIF match species 'Apsilochorema sutshanum' -> 1434449 (exact) (学名列),0,ツメナガナガレトビケラ
ツヤアオカメムシ,species,common:taxon:inat.545458,Glaucias subpunctatus,,T1,registry species Glaucias subpunctatus (学名列) [exact_name],0,ツヤアオカメムシ
ツヤドロムシ/アワツヤドロムシ,genus,common:taxon:inat.178554,Zaitzevia,,T5,"併記の全成員が属 Zaitzevia の種（ツヤドロムシ->common:taxon:gbif.6968262; アワツヤドロムシ->common:taxon:gbif.6968256）; registry genus Zaitzevia [rank_reduced,name_ambiguous]",0,ツヤドロムシ/アワツヤドロムシ
ツヤナガアシドロムシ/キベリナガアシドロムシ,genus,common:taxon:gbif.4405225,"Grouvellinus Champion, 1923",,T5,"併記の全成員が属 Grouvellinus の種（ツヤナガアシドロムシ->common:taxon:gbif.6968037; キベリナガアシドロムシ->common:taxon:gbif.6968058）; GBIF match genus 'Grouvellinus' -> 4405225 (exact) [rank_reduced,name_ambiguous]",0,ツヤナガアシドロムシ/キベリナガアシドロムシ
ツヤヒメドロムシ,genus,common:taxon:gbif.1033543,"Heterlimnius Hinton, 1935",,T5,種 Heterlimnius nitidus は GBIF に無い (none) ので属 Heterlimnius に寄せる; GBIF match genus 'Heterlimnius' -> 1033543 (exact) [rank_reduced],0,ツヤヒメドロムシ
ツヤミドリカワゲラ属の一種,genus,common:taxon:gbif.2003869,"Suwallia Ricker, 1943",,T5,GBIF match genus 'Suwallia' -> 2003869 (exact) (同じ属の種から ツヤミドリカワゲラ属 -> Suwallia) [rank_reduced],0,ツヤミドリカワゲラ属の一種
ツヤミドリカワゲラ属未同定種2,genus,common:taxon:gbif.2003869,"Suwallia Ricker, 1943",,T5,GBIF match genus 'Suwallia' -> 2003869 (exact) (学名列の属 Suwallia; ja_genus ツヤミドリカワゲラ属) [rank_reduced],0,ツヤミドリカワゲラ属未同定種②
ツヤムネユスリカ属の一種,genus,common:taxon:gbif.1447882,"Microtendipes Kieffer, 1915",,T5,GBIF match genus 'Microtendipes' -> 1447882 (exact) (学名列の属 Microtendipes; ja_genus ツヤムネユスリカ属) [rank_reduced],0,ツヤムネユスリカ属の一種
ツヤユスリカ属の一種,genus,common:taxon:inat.120561,Cricotopus,,T5,registry genus Cricotopus (同じ属の種から ツヤユスリカ属 -> Cricotopus) [rank_reduced],0,ツヤユスリカ属の一種
ツユフタツメカワゲラ,species,common:taxon:kanagawa-edna.%E3%83%84%E3%83%A6%E3%83%95%E3%82%BF%E3%83%84%E3%83%A1%E3%82%AB%E3%83%AF%E3%82%B2%E3%83%A9,,ツユフタツメカワゲラ,T4,和名のみ。registry に学名・和名とも無い,0,（仮称）ツユフタツメカワゲラ
ツリフネソウスナヨセアブラムシ,species,common:taxon:kanagawa-edna.%E3%83%84%E3%83%AA%E3%83%95%E3%83%8D%E3%82%BD%E3%82%A6%E3%82%B9%E3%83%8A%E3%83%A8%E3%82%BB%E3%82%A2%E3%83%96%E3%83%A9%E3%83%A0%E3%82%B7,,ツリフネソウスナヨセアブラムシ,T4,和名のみ。registry に学名・和名とも無い,0,ツリフネソウスナヨセアブラムシ
テッポウエビ,species,common:taxon:gbif.2226105,"Alpheus brevicristatus de Haan, 1844",,T2,registry vernacular_name_ja テッポウエビ,0,テッポウエビ
テツイロヒメカミキリ,species,common:taxon:gbif.4908120,"Ceresium sinicum White, 1855",,T2,registry vernacular_name_ja テツイロヒメカミキリ,0,テツイロヒメカミキリ
テナガエビ,species,common:taxon:inat.435085,Macrobrachium nipponense,,T1,registry species Macrobrachium nipponense (学名列) [exact_name],0,テナガエビ
テラニシシリアゲアリ,species,common:taxon:gbif.10737619,Crematogaster teranishii,,T1,registry species Crematogaster teranishii (学名列) [prefer_gbif_namespace],0,テラニシシリアゲアリ
テングアワフキ,species,common:taxon:gbif.2016095,"Philagra albinotata Uhler, 1896",,T2,registry vernacular_name_ja テングアワフキ,0,テングアワフキ
テングチョウ,species,common:taxon:gbif.1909865,"Libythea lepita Moore, 1857",,T2,人の確認: registry の和名は Libythea celtis / L. lepita に当たる。日本産のテングチョウは L. lepita(celtis は欧州産),1,テングチョウ
デメモロコ/スゴモロコ/コウライモロコ,genus,common:taxon:gbif.2367557,"Squalidus Dybowski, 1872",,T5,"gbif_vernacular スゴモロコ属 -> 2367557 (シートの属 スゴモロコ属; 併記 デメモロコ/スゴモロコ/コウライモロコ) [rank_reduced,name_ambiguous]",0,デメモロコ / スゴモロコ / コウライモロコ
トウキョウダルマガエル,,common:taxon:ryuiki-taxa.wamei.%E3%83%88%E3%82%A6%E3%82%AD%E3%83%A7%E3%82%A6%E3%83%80%E3%83%AB%E3%83%9E%E3%82%AC%E3%82%A8%E3%83%AB,,,T2,registry vernacular_name_ja トウキョウダルマガエル [registry_unresolved_wamei],0,トウキョウダルマガエル
トウゴロウイワシ,species,common:taxon:gbif.2411906,"Hypoatherina valenciennei (Bleeker, 1854)",,T2,registry vernacular_name_ja トウゴロウイワシ,0,トウゴロウイワシ
トウモロコシアブラムシ,species,common:taxon:gbif.2069572,"Rhopalosiphum maidis (Fitch, 1856)",,T3,GBIF match species 'Rhopalosiphum maidis' -> 2069572 (exact) (学名列),0,トウモロコシアブラムシ
トウヨウカクツツトビケラ,species,common:taxon:gbif.12243487,"Lepidostoma orientale M Tsuda, 1942",,T3,GBIF match species 'Lepidostoma orientale' -> 12243487 (exact) (学名列),0,トウヨウカクツツトビケラ
トウヨウカトリバエ,species,common:taxon:gbif.5069647,"Lispe orientalis Wiedemann, 1824",,T3,GBIF match species 'Lispe orientalis' -> 5069647 (exact) (学名列),0,トウヨウカトリバエ
トウヨウグマガトビケラ,species,common:taxon:gbif.1435171,"Gumaga orientalis (Martynov, 1935)",,T3,GBIF match species 'Gumaga orientalis' -> 1435171 (exact) (学名列),0,トウヨウグマガトビケラ
トウヨウモンカゲロウ,species,common:taxon:gbif.6934507,"Ephemera orientalis McLachlan, 1875",,T2c,gbif_vernacular トウヨウモンカゲロウ -> 6934507; registry に既存,0,トウヨウモンカゲロウ
トウヨシノボリ類,genus,common:taxon:inat.91721,Rhinogobius,,T5,registry genus Rhinogobius [exact_name] (同じ属の種から ヨシノボリ属 -> Rhinogobius) (シートの属 ヨシノボリ属; ja_group トウヨシノボリ類) [rank_reduced],0,トウヨシノボリ類
トウヨシノボリ類/オオヨシノボリ/ルリヨシノボリ/クロヨシノボリ,genus,common:taxon:inat.91721,Rhinogobius,,T5,"registry genus Rhinogobius [exact_name] (同じ属の種から ヨシノボリ属 -> Rhinogobius) (シートの属 ヨシノボリ属; 併記 トウヨシノボリ類/オオヨシノボリ/ルリヨシノボリ/クロヨシノボリ) [rank_reduced,name_ambiguous]",0,トウヨシノボリ類/オオヨシノボリ/ルリヨシノボリ/クロヨシノボリ
トウヨシノボリ類/ルリヨシノボリ/オオヨシノボリ/クロヨシノボリ,genus,common:taxon:inat.91721,Rhinogobius,,T5,"registry genus Rhinogobius [exact_name] (同じ属の種から ヨシノボリ属 -> Rhinogobius) (シートの属 ヨシノボリ属; 併記 トウヨシノボリ類/ルリヨシノボリ/オオヨシノボリ/クロヨシノボリ) [rank_reduced,name_ambiguous]",0,トウヨシノボリ類/ルリヨシノボリ/オオヨシノボリ/クロヨシノボリ
トガリオカメミジンコ,species,common:taxon:gbif.2234808,"Simocephalus serrulatus (Koch, 1841)",,T2c,gbif_vernacular トガリオカメミジンコ -> 2234808,0,トガリオカメミジンコ
トガリミズミミズ,species,common:taxon:kanagawa-edna.%E3%83%88%E3%82%AC%E3%83%AA%E3%83%9F%E3%82%BA%E3%83%9F%E3%83%9F%E3%82%BA,,トガリミズミミズ,T4,和名のみ。registry に学名・和名とも無い,0,トガリミズミミズ
トガリミズミミズモドキ種複合体ceb,genus,common:taxon:gbif.9331524,"Pristina Ehrenberg, 1831",,T5,gbif_vernacular トガリミズミミズ属 -> 9331524 (シートの属 トガリミズミミズ属; ja_complex トガリミズミミズモドキ種複合体 CEB) [rank_reduced],0,トガリミズミミズモドキ種複合体 CEB
トガリミズミミズ種複合体,genus,common:taxon:gbif.9331524,"Pristina Ehrenberg, 1831",,T5,gbif_vernacular トガリミズミミズ属 -> 9331524 (シートの属 トガリミズミミズ属; ja_complex トガリミズミミズ種複合体) [rank_reduced],0,トガリミズミミズ種複合体
トガリミズミミズ種複合体cea,genus,common:taxon:gbif.9331524,"Pristina Ehrenberg, 1831",,T5,gbif_vernacular トガリミズミミズ属 -> 9331524 (シートの属 トガリミズミミズ属; ja_complex トガリミズミミズ種複合体 CEA) [rank_reduced],0,トガリミズミミズ種複合体 CEA
トゲアシヒライソガニモドキ,species,common:taxon:gbif.5863327,"Parapyxidognathus deianira (De Man, 1888)",,T2c,gbif_vernacular トゲアシヒライソガニモドキ -> 5863327,0,トゲアシヒライソガニモドキ
トゲエラトビイロコカゲロウ,species,common:taxon:gbif.7196805,"Nigrobaetis acinaciger (Kluge, 1983)",,T3,GBIF match species 'Nigrobaetis acinaciger' -> 7196805 (exact) (学名列),0,トゲエラトビイロコカゲロウ
トゲシラホシカメムシ,species,common:taxon:gbif.4485955,"Eysarcoris aeneus (Scopoli, 1763)",,T2c,gbif_vernacular トゲシラホシカメムシ -> 4485955,0,トゲシラホシカメムシ
トゲタニガワトビケラ属の一種,genus,common:taxon:gbif.1431526,"Kisaura Ross, 1956",,T5,GBIF match genus 'Kisaura' -> 1431526 (exact) (学名列の属 Kisaura; ja_genus トゲタニガワトビケラ属) [rank_reduced],0,トゲタニガワトビケラ属の一種
トゲトビイロカゲロウ,species,common:taxon:gbif.7197114,"Paraleptophlebia spinosa Uéno, 1931",,T3,GBIF match species 'Paraleptophlebia spinosa' -> 7197114 (exact) (学名列),0,トゲトビイロカゲロウ
トゲナシヌマエビ,species,common:taxon:inat.370281,Caridina typus,,T1,registry species Caridina typus (学名列) [exact_name],0,トゲナシヌマエビ
トゲバゴマフガムシ/ニッポントゲバゴマフガムシ,genus,common:taxon:gbif.1034259,"Berosus Leach, 1817",,T5,"併記の全成員が属 Berosus の種（トゲバゴマフガムシ->common:taxon:gbif.10576772; ニッポントゲバゴマフガムシ->common:taxon:gbif.9967376）; GBIF match genus 'Berosus' -> 1034259 (exact) [rank_reduced,name_ambiguous]",0,トゲバゴマフガムシ/ニッポントゲバゴマフガムシ
トゲヒシバッタ,species,common:taxon:inat.604594,Criotettix japonicus,,T1,registry species Criotettix japonicus (学名列) [exact_name],0,トゲヒシバッタ
トゲヤハズハネコケムシ,species,common:taxon:gbif.1003624,"Plumatella mukaii Wood, 2001",,T3,GBIF match species 'Plumatella mukaii' -> 1003624 (exact) (学名列),0,トゲヤハズハネコケムシ
トサカギンポ,species,common:taxon:gbif.2396147,"Omobranchus fasciolatoceps (Richardson, 1846)",,T2,registry vernacular_name_ja トサカギンポ,0,トサカギンポ
トサカフトメイガ,species,common:taxon:inat.338570,Locastra muscosalis,,T1,registry species Locastra muscosalis (学名列) [exact_name],0,トサカフトメイガ
トノサマバッタ,species,common:taxon:gbif.1713418,"Locusta migratoria (Linnaeus, 1758)",,T2,registry vernacular_name_ja トノサマバッタ,0,トノサマバッタ
トビイロケアリ/ハヤシケアリ,genus,common:taxon:inat.69086,Lasius,,T5,"併記の全成員が属 Lasius の種（トビイロケアリ->common:taxon:gbif.5035763; ハヤシケアリ->common:taxon:gbif.5035811）; registry genus Lasius [exact_name] [rank_reduced,name_ambiguous]",0,トビイロケアリ/ハヤシケアリ
トビイロコカゲロウ,species,common:taxon:gbif.7196808,"Nigrobaetis chocoratus (Gose, 1980)",,T3,GBIF match species 'Nigrobaetis chocoratus' -> 7196808 (exact) (学名列),0,トビイロコカゲロウ
トビイロコカゲロウ属の一種,genus,common:taxon:gbif.4683398,"Nigrobaetis Novikova & Kluge, 1987",,T5,GBIF match genus 'Nigrobaetis' -> 4683398 (exact) (学名列の属 Nigrobaetis; ja_genus トビイロコカゲロウ属) [rank_reduced],0,トビイロコカゲロウ属の一種
トビイロシワアリ,species,common:taxon:inat.319451,Tetramorium tsushimae,,T1,registry species Tetramorium tsushimae (学名列) [exact_name],0,トビイロシワアリ
トビイロスズメ,species,common:taxon:inat.121811,Clanis bilineata,,T1,registry species Clanis bilineata (学名列) [exact_name],0,トビイロスズメ
トビイロトビケラ,species,common:taxon:gbif.1441956,"Nothopsyche pallipes Banks, 1906",,T2c,gbif_vernacular トビイロトビケラ -> 1441956,0,トビイロトビケラ
トビモンオオエダシャク,species,common:taxon:gbif.1975979,"Biston robustum Butler, 1879",,T2,registry vernacular_name_ja トビモンオオエダシャク,0,トビモンオオエダシャク
トホシカメムシ,species,common:taxon:gbif.10219472,Lelia decempunctata,,T1,registry species Lelia decempunctata (学名列) [prefer_gbif_namespace],0,トホシカメムシ
トホシクビボソハムシ,species,common:taxon:gbif.7592488,"Lema decempunctata Gebler, 1830",,T2,registry vernacular_name_ja トホシクビボソハムシ,0,トホシクビボソハムシ
トホシテントウ,species,common:taxon:gbif.5877810,"Epilachna admirabilis Crotch, 1874",,T2,registry vernacular_name_ja トホシテントウ,0,トホシテントウ
トラタニガワカゲロウ,species,common:taxon:gbif.6933662,Ecdyonurus tigris,,T3,GBIF match species 'Ecdyonurus tigris' -> 6933662 (exact) (学名列),0,トラタニガワカゲロウ
トラフショウジョウバエ,species,common:taxon:kanagawa-edna.%E3%83%88%E3%83%A9%E3%83%95%E3%82%B7%E3%83%A7%E3%82%A6%E3%82%B8%E3%83%A7%E3%82%A6%E3%83%90%E3%82%A8,,トラフショウジョウバエ,T4,和名のみ。registry に学名・和名とも無い,0,トラフショウジョウバエ
トランスクィラナガレトビケラ,species,common:taxon:kanagawa-edna.%E3%83%88%E3%83%A9%E3%83%B3%E3%82%B9%E3%82%AF%E3%82%A3%E3%83%A9%E3%83%8A%E3%82%AC%E3%83%AC%E3%83%88%E3%83%93%E3%82%B1%E3%83%A9,,トランスクィラナガレトビケラ,T4,和名のみ。registry に学名・和名とも無い,0,トランスクィラナガレトビケラ
トワダナガレトビケラ/レゼイナガレトビケラ,genus,common:taxon:inat.91754,Rhyacophila,,T5,"registry genus Rhyacophila [exact_name] (同じ属の種から ナガレトビケラ属 -> Rhyacophila) (シートの属 ナガレトビケラ属; 併記 トワダナガレトビケラ/レゼイナガレトビケラ) [rank_reduced,name_ambiguous]",0,トワダナガレトビケラ/レゼイナガレトビケラ
ドジョウ,species,common:taxon:inat.128425,Misgurnus anguillicaudatus,,T1,registry species Misgurnus anguillicaudatus (学名列) [exact_name],0,ドジョウ（北朝鮮採取）
ドジョウ属の一種,genus,common:taxon:gbif.2367906,"Misgurnus Lacepède, 1803",,T5,registry genus Misgurnus (同じ属の種から ドジョウ属 -> Misgurnus) [rank_reduced],0,ドジョウ属の一種
ドブシジミ,species,common:taxon:gbif.5794111,"Sphaerium japonicum (Westerlund, 1883)",,T2,registry vernacular_name_ja ドブシジミ,0,ドブシジミ
ドブシジミ属の一種ts-2022_l11,family,common:taxon:gbif.3247675,Sphaeriidae,,T5,GBIF match family 'Sphaeriidae' -> 3247675 (exact) (同じ科の種から ドブシジミ科 -> Sphaeriidae) (シートの科 ドブシジミ科; 属 ドブシジミ属 は決まらない; ja_genus ドブシジミ属) [rank_reduced],0,ドブシジミ属の一種 TS-2022_L11
ドブネズミ,species,common:taxon:inat.44576,Rattus norvegicus,,T1,registry species Rattus norvegicus (学名列) [exact_name],0,ドブネズミ
ドンコ,species,common:taxon:gbif.2390043,"Odontobutis obscura (Temminck & Schlegel, 1845)",,T1,registry species Odontobutis obscura (学名列),0,ドンコ
ナカウスエダシャク,species,common:taxon:inat.372693,Alcis angulifera,,T1,registry species Alcis angulifera (学名列) [exact_name],0,ナカウスエダシャク
ナカオビツヤユスリカ,species,common:taxon:gbif.1454174,"Cricotopus triannulatus (Macquart, 1826)",,T3,GBIF match species 'Cricotopus triannulatus' -> 1454174 (exact) (学名列),0,ナカオビツヤユスリカ
ナカガワナガレトビケラ,species,common:taxon:gbif.5052884,"Rhyacophila nakagawai Kobayashi, 1969",,T3,GBIF match species 'Rhyacophila nakagawai' -> 5052884 (exact) (学名列),0,ナカガワナガレトビケラ
ナカグロカスミカメ,species,common:taxon:gbif.8035941,"Adelphocoris suturalis (Jakovlev, 1882)",,T2c,gbif_vernacular ナカグロカスミカメ -> 8035941,0,ナカグロカスミカメ
ナカハラシマトビケラ,genus,common:taxon:inat.88985,Hydropsyche,,T5,種 Hydropsyche setensis は GBIF に無い (none) ので属 Hydropsyche に寄せる; registry genus Hydropsyche [rank_reduced],0,ナカハラシマトビケラ
ナガチャコガネ,species,common:taxon:gbif.1065030,"Heptophylla picea Motschulsky, 1857",,T2,registry vernacular_name_ja ナガチャコガネ,0,ナガチャコガネ
ナガレカタビロアメンボ,species,common:taxon:gbif.8438324,"Pseudovelia tibialis Esaki & Miyamoto, 1955",,T3,GBIF match species 'Pseudovelia tibialis' -> 8438324 (exact) (学名列),0,ナガレカタビロアメンボ
ナシケンモン,species,common:taxon:inat.55623,Acronicta rumicis,,T2,"registry vernacular_name_ja ナシケンモン は複数の種 ['Acronicta rumicis', 'Viminia rumicis'] に当たる。GBIF の受理名は Acronicta rumicis だけ; registry species Acronicta rumicis [exact_name]",0,ナシケンモン
ナツアカネ,species,common:taxon:inat.333070,Sympetrum darwinianum,,T1,registry species Sympetrum darwinianum (学名列) [exact_name],0,ナツアカネ
ナツフタツメカワゲラ,species,common:taxon:kanagawa-edna.%E3%83%8A%E3%83%84%E3%83%95%E3%82%BF%E3%83%84%E3%83%A1%E3%82%AB%E3%83%AF%E3%82%B2%E3%83%A9,,ナツフタツメカワゲラ,T4,和名のみ。registry に学名・和名とも無い,0,ナツフタツメカワゲラ
ナナフシモドキ,species,common:taxon:inat.741198,Ramulus mikado,,T1,registry species Ramulus mikado (学名列) [exact_name],0,ナナフシモドキ
ナナホシテントウ,species,common:taxon:inat.51702,Coccinella septempunctata,,T1,registry species Coccinella septempunctata (学名列) [exact_name],0,ナナホシテントウ
ナベカ,species,common:taxon:inat.446259,Omobranchus elegans,,T1,registry species Omobranchus elegans (学名列) [exact_name],0,ナベカ
ナベブタムシ,species,common:taxon:gbif.9609937,"Aphelocheirus vittatus Matsumura, 1905",,T2,registry vernacular_name_ja ナベブタムシ,0,ナベブタムシ
ナマズ,species,common:taxon:inat.188404,Silurus asotus,,T1,registry species Silurus asotus (学名列) [exact_name]; 同じ和名の未照合 taxon common:taxon:ryuiki-taxa.wamei.%E3%83%8A%E3%83%9E%E3%82%BA が registry にある（採らない）,0,ナマズ
ナミアメンボ,species,common:taxon:inat.360902,Aquarius paludum,,T1,registry species Aquarius paludum (学名列) [exact_name],0,ナミアメンボ
ナミカ属の一種,genus,common:taxon:inat.130033,Culex,,T5,registry genus Culex (同じ属の種から ナミカ属 -> Culex) [rank_reduced],0,ナミカ属の一種
ナミコガタシマトビケラ,species,common:taxon:kanagawa-edna.%E3%83%8A%E3%83%9F%E3%82%B3%E3%82%AC%E3%82%BF%E3%82%B7%E3%83%9E%E3%83%88%E3%83%93%E3%82%B1%E3%83%A9,,ナミコガタシマトビケラ,T4,和名のみ。registry に学名・和名とも無い,0,ナミコガタシマトビケラ
ナミテントウ,species,common:taxon:inat.48484,Harmonia axyridis,,T1,registry species Harmonia axyridis (学名列) [exact_name],0,ナミテントウ
ナミトビイロカゲロウ,species,common:taxon:gbif.7197113,"Paraleptophlebia japonica Matsumura, 1931",,T3,GBIF match species 'Paraleptophlebia japonica' -> 7197113 (exact) (学名列),0,ナミトビイロカゲロウ
ナミヒラタカゲロウ,species,common:taxon:gbif.6933272,"Epeorus ikanonis Takahashi, 1924",,T3,GBIF match species 'Epeorus ikanonis' -> 6933272 (exact) (学名列),0,ナミヒラタカゲロウ
ナラカクツツトビケラ,genus,common:taxon:inat.148207,Lepidostoma,,T5,種 Lepidostoma naraense は GBIF に無い (none) ので属 Lepidostoma に寄せる; registry genus Lepidostoma [rank_reduced],0,ナラカクツツトビケラ
ナンオウフジツボ,species,common:taxon:gbif.9802456,"Perforatus perforatus (Bruguière, 1789)",,T1,registry species Perforatus perforatus (学名列),0,ナンオウフジツボ
ニイニイゼミ,species,common:taxon:inat.1594925,Planopleura kaempferi,,T1,registry species Planopleura kaempferi (学名列); registry の和名 ニイニイゼミ は別の種 common:taxon:gbif.5867595 を指す（採らない）,0,ニイニイゼミ
ニクハゼ,species,common:taxon:gbif.2376345,"Gymnogobius heptacanthus (Hilgendorf, 1879)",,T2,registry vernacular_name_ja ニクハゼ,0,ニクハゼ
ニゴイ,,common:taxon:ryuiki-taxa.wamei.%E3%83%8B%E3%82%B4%E3%82%A4,,,T2,registry vernacular_name_ja ニゴイ [registry_unresolved_wamei],0,ニゴイ
ニジマス,species,common:taxon:inat.47516,Oncorhynchus mykiss,,T1,registry species Oncorhynchus mykiss (学名列) [exact_name],0,ニジマス
ニジュウヤホシテントウ,species,common:taxon:inat.354799,Henosepilachna vigintioctopunctata,,T1,registry species Henosepilachna vigintioctopunctata (学名列) [exact_name]; registry の和名 ニジュウヤホシテントウ は別の種 common:taxon:gbif.6993544 を指す（採らない）,0,ニジュウヤホシテントウ
ニセオカモトホソカワゲラ,species,common:taxon:gbif.2001683,"Paraleuctra similis Shimizu, 2000",,T3,GBIF match species 'Paraleuctra similis' -> 2001683 (exact) (学名列),0,ニセオカモトホソカワゲラ
ニセケチャタテ,species,common:taxon:gbif.4397609,"Heterocaecilius solocipennis (Enderlein, 1907)",,T3,GBIF match species 'Heterocaecilius solocipennis' -> 4397609 (exact) (学名列),0,ニセケチャタテ
ニセスイドウトビケラ属の一種,genus,common:taxon:gbif.1437657,"Pseudoneureclipsis Ulmer, 1913",,T5,gbif_vernacular ニセスイドウトビケラ属 -> 1437657 [rank_reduced],0,ニセスイドウトビケラ属の一種
ニセゾウミジンコ,species,common:taxon:gbif.5179981,"Bosmina fatalis Burckhardt, 1924",,T3,GBIF match species 'Bosmina fatalis' -> 5179981 (exact) (学名列),0,ニセゾウミジンコ
ニセタカサゴ/タカサゴ,genus,common:taxon:gbif.2374737,"Pterocaesio Bleeker, 1876",,T5,"併記の全成員が属 Pterocaesio の種（ニセタカサゴ->common:taxon:gbif.2374765; タカサゴ->common:taxon:gbif.2374767）; GBIF match genus 'Pterocaesio' -> 2374737 (exact) [rank_reduced,name_ambiguous]",0,ニセタカサゴ/タカサゴ
ニセダイコンアブラムシ,species,common:taxon:gbif.2077159,"Lipaphis pseudobrassicae (Davis, 1914)",,T3,GBIF match species 'Lipaphis pseudobrassicae' -> 2077159 (exact) (学名列),0,ニセダイコンアブラムシ
ニセトビイロウンカ,species,common:taxon:gbif.2056619,"Nilaparvata muiri China, 1925",,T3,GBIF match species 'Nilaparvata muiri' -> 2056619 (exact) (学名列),0,ニセトビイロウンカ
ニセハネナガヒシバッタ,species,common:taxon:gbif.11372089,"Ergatettix dorsifer (Walker, 1871)",,T2,registry vernacular_name_ja ニセハネナガヒシバッタ,0,ニセハネナガヒシバッタ
ニチンカタヤマトビケラ,species,common:taxon:gbif.1430428,"Glossosoma nichinkata Schmid, 1971",,T3,GBIF match species 'Glossosoma nichinkata' -> 1430428 (exact) (学名列),0,ニチンカタヤマトビケラ
ニッコウミドリカワゲラ,species,common:taxon:gbif.2003709,"Sweltsa nikkoensis (Okamoto, 1912)",,T3,GBIF match species 'Sweltsa nikkoensis' -> 2003709 (exact) (学名列),0,ニッコウミドリカワゲラ
ニッポンアツバエグリトビケラ,species,common:taxon:gbif.5054316,"Neophylax japonicus Schmid, 1964",,T3,GBIF match species 'Neophylax japonicus' -> 5054316 (exact) (学名列),0,ニッポンアツバエグリトビケラ
ニッポントゲバゴマフガムシ/トゲバゴマフガムシ,genus,common:taxon:gbif.1034259,"Berosus Leach, 1817",,T5,"併記の全成員が属 Berosus の種（ニッポントゲバゴマフガムシ->common:taxon:gbif.9967376; トゲバゴマフガムシ->common:taxon:gbif.10576772）; GBIF match genus 'Berosus' -> 1034259 (exact) [rank_reduced,name_ambiguous]",0,ニッポントゲバゴマフガムシ/トゲバゴマフガムシ
ニッポンナガレトビケラ,species,common:taxon:gbif.5052652,"Rhyacophila nipponica Navas, 1933",,T3,GBIF match species 'Rhyacophila nipponica' -> 5052652 (exact) (学名列),0,ニッポンナガレトビケラ
ニッポンホソカ,species,common:taxon:gbif.1569635,"Dixa nipponica Ishihara, 1947",,T3,GBIF match species 'Dixa nipponica' -> 1569635 (exact) (学名列),0,ニッポンホソカ
ニトベエダシャク,species,common:taxon:gbif.1968304,"Wilemania nitobei (Nitobe, 1907)",,T2,registry vernacular_name_ja ニトベエダシャク,0,ニトベエダシャク
ニベ,species,common:taxon:gbif.2399798,"Nibea mitsukurii (Jordan & Snyder, 1900)",,T2c,gbif_vernacular ニベ -> 2399798; registry に既存,0,ニベ
ニホンアマガエル,species,common:taxon:gbif.2427601,"Hyla japonica Günther, 1859",,T2,registry vernacular_name_ja ニホンアマガエル,0,ニホンアマガエル
ニホンアミカ/ヒメナミアミカ,genus,common:taxon:gbif.5981323,"Blepharicera Macquart, 1843",,T5,"GBIF match genus 'Blepharicera' -> 5981323 (exact) (同じ属の種から ナミアミカ属 -> Blepharicera) (シートの属 ナミアミカ属; 併記 ニホンアミカ/ヒメナミアミカ) [rank_reduced,name_ambiguous]",0,ニホンアミカ/ヒメナミアミカ
ニホンウナギ,species,common:taxon:inat.122882,Anguilla japonica,,T1,registry species Anguilla japonica (学名列) [exact_name],0,ニホンウナギ
ニホンカブラハバチ,species,common:taxon:gbif.6129519,"Athalia japonica (Klug, 1915)",,T2c,gbif_vernacular ニホンカブラハバチ -> 6129519; registry に既存,0,ニホンカブラハバチ
ニホンジカ,species,common:taxon:inat.42210,Cervus nippon,,T1,registry species Cervus nippon (学名列) [exact_name],0,ニホンジカ
ニホンスッポン,species,common:taxon:gbif.8179364,"Pelodiscus maackii (Brandt, 1858)",,T2c,gbif_vernacular ニホンスッポン -> 8179364,0,ニホンスッポン
ニホントカゲ,species,common:taxon:gbif.8154433,"Plestiodon japonicus (Peters, 1864)",,T2,registry vernacular_name_ja ニホントカゲ,0,ニホントカゲ
ニホントビナナフシ,species,common:taxon:inat.359925,Micadina phluctainoides,,T1,registry species Micadina phluctainoides (学名列) [exact_name],0,ニホントビナナフシ
ニホンヒキガエル,species,common:taxon:gbif.5217143,"Bufo japonicus Temminck & Schlegel, 1838",,T1,registry species Bufo japonicus (学名列),0,ニホンヒキガエル
ニホンミツバチ,species,common:taxon:gbif.1341979,"Apis cerana Fabricius, 1793",,T2,registry vernacular_name_ja ニホンミツバチ,0,ニホンミツバチ
ニホンヤモリ,species,common:taxon:inat.101316,Gekko japonicus,,T1,registry species Gekko japonicus (学名列) [exact_name],0,ニホンヤモリ
ニワトリヌカカ,species,common:taxon:kanagawa-edna.%E3%83%8B%E3%83%AF%E3%83%88%E3%83%AA%E3%83%8C%E3%82%AB%E3%82%AB,,ニワトリヌカカ,T4,和名のみ。registry に学名・和名とも無い,0,ニワトリヌカカ
ニンギョウトビケラ,species,common:taxon:inat.358083,Goera japonica,,T1,registry species Goera japonica (学名列) [exact_name],0,ニンギョウトビケラ
ヌマエビ,species,common:taxon:inat.359252,Paratya compressa,,T1,registry species Paratya compressa (学名列) [exact_name],0,ヌマエビ
ヌマガエル,species,common:taxon:inat.134709,Fejervarya kawamurai,,T1,registry species Fejervarya kawamurai (学名列) [exact_name],0,ヌマガエル
ヌマチチブ,species,common:taxon:inat.470340,Tridentiger brevispinis,,T1,registry species Tridentiger brevispinis (学名列) [exact_name],0,ヌマチチブ
ヌマムツ,species,common:taxon:gbif.2360921,"Nipponocypris sieboldii (Temminck & Schlegel, 1846)",,T3,GBIF match species 'Nipponocypris sieboldii' -> 2360921 (exact) (学名列),0,ヌマムツ
ネグロセンブリ,species,common:taxon:gbif.5101304,"Sialis japonica van der Weele, 1909",,T1,registry species Sialis japonica (学名列),0,ネグロセンブリ
ネッタイシバスズ,species,common:taxon:gbif.11375731,"Polionemobius taprobanense (Walker, 1869)",,T2c,gbif_vernacular ネッタイシバスズ -> 11375731,0,ネッタイシバスズ
ノイヌ/オオカミ,genus,common:taxon:gbif.5219142,"Canis Linnaeus, 1758",,T5,"gbif_vernacular イヌ属 -> 5219142 (シートの属 イヌ属; 併記 ノイヌ/オオカミ) [rank_reduced,name_ambiguous]",0,ノイヌ/オオカミ
ノギカワゲラ,species,common:taxon:gbif.2001336,"Cryptoperla japonica (Okamoto, 1912)",,T3,GBIF match species 'Cryptoperla japonica' -> 2001336 (exact) (学名列),0,ノギカワゲラ
ノゲシヒゲナガアブラムシ/タイワンヒゲナガアブラムシ,genus,common:taxon:inat.84469,Uroleucon,,T5,"registry genus Uroleucon (シートの属 Uroleucon属; 併記 ノゲシヒゲナガアブラムシ/タイワンヒゲナガアブラムシ) [rank_reduced,name_ambiguous]",0,ノゲシヒゲナガアブラムシ/タイワンヒゲナガアブラムシ
ノゲシフクレアブラムシ,species,common:taxon:gbif.2076852,"Hyperomyzus carduellinus (Theobald, 1915)",,T3,GBIF match species 'Hyperomyzus carduellinus' -> 2076852 (exact) (学名列),0,ノゲシフクレアブラムシ
ノコギリカミキリ,species,common:taxon:inat.363885,Prionus insularis,,T1,registry species Prionus insularis (学名列) [exact_name],0,ノコギリカミキリ
ノコギリクワガタ,species,common:taxon:inat.324686,Prosopocoilus inclinatus,,T1,registry species Prosopocoilus inclinatus (学名列) [exact_name],0,ノコギリクワガタ
ノザキタニガワトビケラ,species,common:taxon:gbif.1431533,"Kisaura nozakii (Kuhara, 1999)",,T3,GBIF match species 'Kisaura nozakii' -> 1431533 (exact) (学名列),0,ノザキタニガワトビケラ
ノシメマダラメイガ,species,common:taxon:gbif.1873079,"Plodia interpunctella (Hübner, 1813)",,T2,registry vernacular_name_ja ノシメマダラメイガ,0,ノシメマダラメイガ
ノネコ,species,common:taxon:kanagawa-edna.%E3%83%8E%E3%83%8D%E3%82%B3,,ノネコ,T4,和名のみ。registry に学名・和名とも無い,0,ノネコ
ノハラカオジロショウジョウバエ/カオジロショウジョウバエ,family,common:taxon:inat.67742,Drosophilidae,,T5,"registry family Drosophilidae (同じ科の種から ショウジョウバエ科 -> Drosophilidae) (シートの科 ショウジョウバエ科; 併記 ノハラカオジロショウジョウバエ/カオジロショウジョウバエ) [rank_reduced,name_ambiguous]",0,ノハラカオジロショウジョウバエ/カオジロショウジョウバエ
ノムギタニガワトビケラ,species,common:taxon:kanagawa-edna.%E3%83%8E%E3%83%A0%E3%82%AE%E3%82%BF%E3%83%8B%E3%82%AC%E3%83%AF%E3%83%88%E3%83%93%E3%82%B1%E3%83%A9,,ノムギタニガワトビケラ,T4,和名のみ。registry に学名・和名とも無い,0,ノムギタニガワトビケラ
ハイイロゲンゴロウ,species,common:taxon:inat.415503,Eretes griseus,,T1,registry species Eretes griseus (学名列) [exact_name]; registry の和名 ハイイロゲンゴロウ は別の種 common:taxon:gbif.4989360 を指す（採らない）,0,ハイイロゲンゴロウ
ハイイロマメシジミ,species,common:taxon:gbif.7664805,"Euglesa casertana (Poli, 1791)",,T3,GBIF match species 'Euglesa casertana' -> 7664805 (exact) (学名列),0,ハイイロマメシジミ
ハイイロヤケイ/セキショクヤケイ,genus,common:taxon:gbif.2473720,"Gallus Brisson, 1760",,T5,"gbif_vernacular ヤケイ属 -> 2473720 (シートの属 ヤケイ属; 併記 ハイイロヤケイ/セキショクヤケイ) [rank_reduced,name_ambiguous]",0,ハイイロヤケイ/セキショクヤケイ
ハイマダラノメイガ,species,common:taxon:inat.208101,Hellula undalis,,T1,registry species Hellula undalis (学名列) [exact_name],0,ハイマダラノメイガ
ハクセキレイ/セグロセキレイ/ツメナガセキレイ,genus,common:taxon:gbif.2490295,"Motacilla Linnaeus, 1758",,T5,"gbif_vernacular セキレイ属 -> 2490295 (シートの属 セキレイ属; 併記 ハクセキレイ/セグロセキレイ/ツメナガセキレイ) [rank_reduced,name_ambiguous]",0,ハクセキレイ/セグロセキレイ/ツメナガセキレイ
ハクビシン,species,common:taxon:inat.41625,Paguma larvata,,T1,registry species Paguma larvata (学名列) [exact_name],0,ハクビシン
ハクライオウギガニ,species,common:taxon:gbif.5969273,"Acantholobulus pacificus (Edmondson, 1931)",,T3,GBIF match species 'Acantholobulus pacificus' -> 5969273 (exact) (学名列),0,ハクライオウギガニ
ハグルマチャタテ,species,common:taxon:gbif.4395471,"Matsumuraiella radiopicta Enderlein, 1906",,T2c,gbif_vernacular ハグルマチャタテ -> 4395471; registry に既存,0,ハグルマチャタテ
ハグロトンボ,species,common:taxon:inat.325397,Atrocalopteryx atrata,,T1,registry species Atrocalopteryx atrata (学名列) [exact_name],0,ハグロトンボ
ハコダテゴモクムシ,species,common:taxon:gbif.8270124,"Nipponoharpalus discrepans (A.Morawitz, 1862)",,T1,registry species Nipponoharpalus discrepans (学名列); registry の和名 ハコダテゴモクムシ は別の種 common:taxon:gbif.7481895 を指す（採らない）,0,ハコダテゴモクムシ
ハコネカワニナ/キタノカワニナ,genus,common:taxon:inat.149942,Semisulcospira,,T5,"registry genus Semisulcospira (同じ属の種から カワニナ属 -> Semisulcospira) (シートの属 カワニナ属; 併記 ハコネカワニナ/キタノカワニナ) [rank_reduced,name_ambiguous]",0,ハコネカワニナ/キタノカワニナ
ハサミツノカメムシ,species,common:taxon:inat.552118,Acanthosoma labiduroides,,T1,registry species Acanthosoma labiduroides (学名列) [exact_name],0,ハサミツノカメムシ
ハザクラ,species,common:taxon:gbif.11018616,"Psammotaea minor (Deshayes, 1855)",,T1,registry species Psammotaea minor (学名列),0,ハザクラ
ハシブトガラス,species,common:taxon:inat.8026,Corvus macrorhynchos,,T1,registry species Corvus macrorhynchos (学名列) [exact_name],0,ハシブトガラス
ハシボソガラス,species,common:taxon:gbif.9409796,"Corvus corone Linnaeus, 1758",,T2,registry vernacular_name_ja ハシボソガラス,0,ハシボソガラス
ハスクビレアブラムシ,species,common:taxon:gbif.9565622,"Rhopalosiphum nymphaeae (Linnaeus, 1761)",,T3,GBIF match species 'Rhopalosiphum nymphaeae' -> 9565622 (exact) (学名列),0,ハスクビレアブラムシ
ハスジフトメイガ,species,common:taxon:gbif.1877206,"Epilepia dentatum Matsumura & Shibuya, 1927",,T2,registry vernacular_name_ja ハスジフトメイガ,0,ハスジフトメイガ
ハスモンヨトウ,species,common:taxon:inat.124875,Spodoptera litura,,T1,registry species Spodoptera litura (学名列) [exact_name],0,ハスモンヨトウ
ハスモンヨトウ/ツマジロクサヨトウ,genus,common:taxon:inat.118931,Spodoptera,,T5,"併記の全成員が属 Spodoptera の種（ハスモンヨトウ->common:taxon:gbif.5109882; ツマジロクサヨトウ->common:taxon:gbif.5109855）; registry genus Spodoptera [rank_reduced,name_ambiguous]",0,ハスモンヨトウ/ツマジロクサヨトウ
ハゼアブラムシ,species,common:taxon:inat.635240,Aphis odinae,,T1,registry species Aphis odinae (学名列),0,ハゼアブラムシ（ヌルデアブラムシ）
ハタケノウマオイ,species,common:taxon:gbif.1688451,"Hexacentrus japonicus Karny, 1907",,T2,registry vernacular_name_ja ハタケノウマオイ,0,ハタケノウマオイ
ハタケノウマオイ/ハヤシノウマオイ,genus,common:taxon:inat.437626,Hexacentrus,,T5,"併記の全成員が属 Hexacentrus の種（ハタケノウマオイ->common:taxon:gbif.1688451; ハヤシノウマオイ->common:taxon:gbif.11233399）; registry genus Hexacentrus [rank_reduced,name_ambiguous]",0,ハタケノウマオイ/ハヤシノウマオイ
ハタケミミズ,species,common:taxon:gbif.9225458,"Amynthas agrestis (Goto & Hatai, 1899)",,T3,GBIF match species 'Metaphire agrestis' -> 9225458 (synonym_of(10199331)) (学名列),0,ハタケミミズ
ハダニアザミウマ,species,common:taxon:gbif.5733970,"Scolothrips takahashii Priesner, 1950",,T3,GBIF match species 'Scolothrips takahashii' -> 5733970 (exact) (学名列),0,ハダニアザミウマ
ハチノスツヅリガ,species,common:taxon:gbif.1876542,"Galleria mellonella (Linnaeus, 1758)",,T2,registry vernacular_name_ja ハチノスツヅリガ,0,ハチノスツヅリガ
ハナセマルツツトビケラ,species,common:taxon:gbif.1443431,"Micrasema hanasense Tsuda, 1942",,T3,GBIF match species 'Micrasema hanasense' -> 1443431 (exact) (学名列),0,ハナセマルツツトビケラ
ハナダカカメムシ,species,common:taxon:gbif.4485689,"Dybowskyia reticulata (Dallas, 1851)",,T2c,gbif_vernacular ハナダカカメムシ -> 4485689; registry に既存,0,ハナダカカメムシ
ハナレメナミアミカ,species,common:taxon:gbif.1629862,"Blepharicera shirakii (Alexander, 1922)",,T3,GBIF match species 'Blepharicera shirakii' -> 1629862 (exact) (学名列),0,ハナレメナミアミカ
ハネコケムシ属,genus,common:taxon:gbif.1003585,"Plumatella Lamarck, 1816",,T5,GBIF match genus 'Plumatella' -> 1003585 (exact) (学名列の属 Plumatella; ja_genus ハネコケムシ属) [rank_reduced],0,ハネコケムシ属
ハネコケムシ属の一種oki-mh1,genus,common:taxon:gbif.1003585,"Plumatella Lamarck, 1816",,T5,GBIF match genus 'Plumatella' -> 1003585 (exact) (同じ属の種から ハネコケムシ属 -> Plumatella) [rank_reduced],0,ハネコケムシ属の一種 Oki-MH1
ハネコケムシ属の一種oki-mh2,genus,common:taxon:gbif.1003585,"Plumatella Lamarck, 1816",,T5,GBIF match genus 'Plumatella' -> 1003585 (exact) (同じ属の種から ハネコケムシ属 -> Plumatella) [rank_reduced],0,ハネコケムシ属の一種 Oki-MH2
ハネナガイナゴ,species,common:taxon:gbif.1700933,"Oxya japonica (Thunberg, 1824)",,T2,registry vernacular_name_ja ハネナガイナゴ,0,ハネナガイナゴ
ハネナガマキバサシガメ,species,common:taxon:kanagawa-edna.%E3%83%8F%E3%83%8D%E3%83%8A%E3%82%AC%E3%83%9E%E3%82%AD%E3%83%90%E3%82%B5%E3%82%B7%E3%82%AC%E3%83%A1,,ハネナガマキバサシガメ,T4,和名のみ。registry に学名・和名とも無い,0,ハネナガマキバサシガメ
ハバビロドロムシ,species,common:taxon:gbif.6967665,"Dryopomorphus extraneus Hinton, 1936",,T3,GBIF match species 'Dryopomorphus extraneus' -> 6967665 (exact) (学名列),0,ハバビロドロムシ
ハマキアリガタバチ,species,common:taxon:gbif.6129661,"Goniozus japonicus Ashmead, 1904",,T2,registry vernacular_name_ja ハマキアリガタバチ,0,ハマキアリガタバチ
ハマダモノアラガイの近縁種,genus,common:taxon:gbif.2291289,"Radix Montfort, 1810",,T5,gbif_vernacular モノアラガイ属 -> 2291289 (シートの属 モノアラガイ属; ja_group ハマダモノアラガイの近縁種) [rank_reduced],0,ハマダモノアラガイの近縁種
ハマダラカ属の一種,genus,common:taxon:gbif.1650098,"Anopheles Meigen, 1818",,T5,GBIF match genus 'Anopheles' -> 1650098 (exact) (同じ属の種から ハマダラカ属 -> Anopheles) [rank_reduced],0,ハマダラカ属の一種
ハヤシケアリ/モリシタケアリ,genus,common:taxon:inat.69086,Lasius,,T5,"併記の全成員が属 Lasius の種（ハヤシケアリ->common:taxon:gbif.5035811; モリシタケアリ->common:taxon:gbif.5035807）; registry genus Lasius [exact_name] [rank_reduced,name_ambiguous]",0,ハヤシケアリ/モリシタケアリ
ハヤセヒメユスリカ属の一種,genus,common:taxon:gbif.1450327,"Trissopelopia Kieffer, 1923",,T5,GBIF match genus 'Trissopelopia' -> 1450327 (exact) (学名列の属 Trissopelopia; ja_genus ハヤセヒメユスリカ属) [rank_reduced],0,ハヤセヒメユスリカ属の一種
ハラオカメコオロギ,species,common:taxon:gbif.1721411,"Loxoblemmus campestris Matsuura, 1988",,T1,registry species Loxoblemmus campestris (学名列),0,ハラオカメコオロギ
ハラヒシバッタ,species,common:taxon:inat.362559,Tetrix japonica,,T1,registry species Tetrix japonica (学名列) [exact_name],0,ハラヒシバッタ
ハラビロカマキリ,species,common:taxon:inat.328037,Hierodula patellifera,,T1,registry species Hierodula patellifera (学名列) [exact_name],0,ハラビロカマキリ
ハルフタツメカワゲラ,species,common:taxon:kanagawa-edna.%E3%83%8F%E3%83%AB%E3%83%95%E3%82%BF%E3%83%84%E3%83%A1%E3%82%AB%E3%83%AF%E3%82%B2%E3%83%A9,,ハルフタツメカワゲラ,T4,和名のみ。registry に学名・和名とも無い,0,ハルフタツメカワゲラ
ハルホソカワゲラ属,genus,common:taxon:gbif.2002056,"Perlomyia Banks, 1906",,T5,GBIF match genus 'Perlomyia' -> 2002056 (exact) (学名列の属 Perlomyia; ja_genus ハルホソカワゲラ属) [rank_reduced],0,ハルホソカワゲラ属
ハワイミミズ,species,common:taxon:gbif.2307609,"Amynthas gracilis (Kinberg, 1866)",,T2,registry vernacular_name_ja ハワイミミズ,0,ハワイミミズ
バン,species,common:taxon:inat.201282,Gallinula chloropus,,T1,registry species Gallinula chloropus (学名列) [exact_name],0,バン
ヒイラギ,species,common:taxon:inat.347819,Nuchequula nuchalis,,T2,"registry vernacular_name_ja ヒイラギ は複数の種 ['Leiognathus nuchalis', 'Nuchequula nuchalis'] に当たる。GBIF の受理名は Nuchequula nuchalis だけ; registry species Nuchequula nuchalis [exact_name]",0,ヒイラギ
ヒエアブラムシ/ススキアブラムシ,family,common:taxon:inat.52381,Aphididae,,T5,"registry family Aphididae (同じ科の種から アブラムシ科 -> Aphididae) (シートの科 アブラムシ科; 属 Melanaphis属 は決まらない; 併記 ヒエアブラムシ/ススキアブラムシ) [rank_reduced,name_ambiguous]",0,ヒエアブラムシ/ススキアブラムシ
ヒエノアブラムシ/ススキアブラムシ,family,common:taxon:inat.52381,Aphididae,,T5,"registry family Aphididae (同じ科の種から アブラムシ科 -> Aphididae) (シートの科 アブラムシ科; 属 Melanaphis は決まらない; 併記 ヒエノアブラムシ/ススキアブラムシ) [rank_reduced,name_ambiguous]",0,ヒエノアブラムシ/ススキアブラムシ
ヒエノアブラムシ/チカラシバアブラムシ/ススキアブラムシ,family,common:taxon:inat.52381,Aphididae,,T5,"registry family Aphididae (同じ科の種から アブラムシ科 -> Aphididae) (シートの科 アブラムシ科; 属 Melanaphis は決まらない; 併記 ヒエノアブラムシ/チカラシバアブラムシ/ススキアブラムシ) [rank_reduced,name_ambiguous]",0,ヒエノアブラムシ/チカラシバアブラムシ/ススキアブラムシ
ヒガシシマドジョウ,species,common:taxon:kanagawa-edna.%E3%83%92%E3%82%AC%E3%82%B7%E3%82%B7%E3%83%9E%E3%83%89%E3%82%B8%E3%83%A7%E3%82%A6,,ヒガシシマドジョウ,T4,和名のみ。registry に学名・和名とも無い,0,ヒガシシマドジョウ
ヒガシニホンアマガエル,species,common:taxon:inat.1668966,Dryophytes leopardus,,T1,registry species Dryophytes leopardus (学名列),0,ヒガシニホンアマガエル
ヒクイナ,species,common:taxon:inat.508914,Zapornia fusca,,T1,registry species Zapornia fusca (学名列) [exact_name]; 同じ和名の未照合 taxon common:taxon:ryuiki-taxa.wamei.%E3%83%92%E3%82%AF%E3%82%A4%E3%83%8A が registry にある（採らない）,0,ヒクイナ
ヒグラシ,species,common:taxon:inat.355995,Tanna japonensis,,T1,registry species Tanna japonensis (学名列) [exact_name],0,ヒグラシ
ヒゲコメツキ,species,common:taxon:gbif.6979810,Pectocera fortunei,,T2,registry vernacular_name_ja ヒゲコメツキ,0,ヒゲコメツキ
ヒゲジロショウジョウバエ,species,common:taxon:gbif.5074191,"Drosophila lacteicornis Okada, 1965",,T3,GBIF match species 'Drosophila lacteicornis' -> 5074191 (exact) (学名列),0,ヒゲジロショウジョウバエ
ヒゲナガカスミカメ,species,common:taxon:gbif.7425901,"Adelphocorisella lespedezae Miyamoto & Yasunaga, 1993",,T2c,gbif_vernacular ヒゲナガカスミカメ -> 7425901,0,ヒゲナガカスミカメ
ヒゲナガカメムシ,species,common:taxon:kanagawa-edna.%E3%83%92%E3%82%B2%E3%83%8A%E3%82%AC%E3%82%AB%E3%83%A1%E3%83%A0%E3%82%B7,,ヒゲナガカメムシ,T4,和名のみ。registry に学名・和名とも無い,0,ヒゲナガカメムシ
ヒゲナガカワトビケラ,species,common:taxon:inat.358080,Stenopsyche marmorata,,T1,registry species Stenopsyche marmorata (学名列) [exact_name],0,ヒゲナガカワトビケラ
ヒゲナガカワトビケラ/カワトビケラ,genus,common:taxon:inat.62191,Stenopsyche,,T5,"registry genus Stenopsyche (同じ属の種から ヒゲナガカワトビケラ属 -> Stenopsyche) (シートの属 ヒゲナガカワトビケラ属; 併記 ヒゲナガカワトビケラ/カワトビケラ) [rank_reduced,name_ambiguous]",0,ヒゲナガカワトビケラ/カワトビケラ
ヒゲナガガガンボ属の一種,genus,common:taxon:inat.247968,Hexatoma,,T5,registry genus Hexatoma (学名列の属 Hexatoma; ja_genus ヒゲナガガガンボ属) [rank_reduced],0,ヒゲナガガガンボ属の一種
ヒゲナガケアリ,species,common:taxon:gbif.5035784,"Lasius productus Wilson, 1955",,T3,GBIF match species 'Lasius productus' -> 5035784 (exact) (学名列),0,ヒゲナガケアリ
ヒゲナガハナノミ属の一種,genus,common:taxon:gbif.3260676,"Paralichas White, 1859",,T5,registry genus Paralichas (学名列の属 Paralichas; ja_genus ヒゲナガハナノミ属) [rank_reduced],0,ヒゲナガハナノミ属の一種
ヒゲボソオオフタマタアミカ,species,common:taxon:gbif.5088219,"Philorus kuyaensis Kitakami, 1931",,T3,GBIF match species 'Philorus kuyaensis' -> 5088219 (exact) (学名列),0,ヒゲボソオオフタマタアミカ
ヒコサンテングカスミカメ,species,common:taxon:gbif.7910042,"Termatophylum hikosanum Miyamoto, 1965",,T2c,gbif_vernacular ヒコサンテングカスミカメ -> 7910042; registry に既存,0,ヒコサンテングカスミカメ
ヒシモンユスリカ,species,common:taxon:gbif.1448412,"Chironomus samoensis Edwards, 1928",,T3,GBIF match species 'Chironomus flaviplumus' -> 1448412 (synonym_of(1448413)) (学名列),0,ヒシモンユスリカ
ヒタチダラ,species,common:taxon:kanagawa-edna.%E3%83%92%E3%82%BF%E3%83%81%E3%83%80%E3%83%A9,,ヒタチダラ,T4,GBIF の vernacular の対応（Merluccius australis）が日本産と食い違うため不採用（2026-10-07 メイン判断）,1,ヒタチダラ
ヒト,species,common:taxon:gbif.2436436,"Homo sapiens Linnaeus, 1758",,T2c,gbif_vernacular ヒト -> 2436436,0,ヒト
ヒトスジシマカ,species,common:taxon:gbif.1651430,"Aedes albopictus (Skuse, 1894)",,T2c,gbif_vernacular ヒトスジシマカ -> 1651430; registry に既存,0,ヒトスジシマカ
ヒナハゼ,species,common:taxon:inat.111575,Redigobius bikolanus,,T1,registry species Redigobius bikolanus (学名列) [exact_name],0,ヒナハゼ
ヒナバッタ,species,common:taxon:gbif.1708499,"Glyptobothrus maritimus (Mistshenko, 1951)",,T2,registry vernacular_name_ja ヒナバッタ,0,ヒナバッタ
ヒバカリ,species,common:taxon:gbif.7577116,"Hebius vibakari (Boie, 1826)",,T2c,gbif_vernacular ヒバカリ -> 7577116; registry に既存,0,ヒバカリ
ヒメアカタテハ,species,common:taxon:inat.48548,Vanessa cardui,,T2,"registry vernacular_name_ja ヒメアカタテハ は複数の種 ['Cynthia cardui', 'Vanessa cardui'] に当たる。GBIF の受理名は Vanessa cardui だけ; registry species Vanessa cardui [exact_name]",0,ヒメアカタテハ
ヒメアメンボ,species,common:taxon:inat.360888,Gerris latiabdominis,,T1,registry species Gerris latiabdominis (学名列) [exact_name],0,ヒメアメンボ
ヒメアメンボ/ババアメンボ,genus,common:taxon:inat.64582,Gerris,,T5,"併記の全成員が属 Gerris の種（ヒメアメンボ->common:taxon:gbif.5866079; ババアメンボ->common:taxon:gbif.9756526）; registry genus Gerris [exact_name] [rank_reduced,name_ambiguous]",0,ヒメアメンボ/ババアメンボ
ヒメアリ,species,common:taxon:inat.372689,Monomorium intrudens,,T1,registry species Monomorium intrudens (学名列) [exact_name],0,ヒメアリ
ヒメイトアメンボ,species,common:taxon:gbif.5866025,"Hydrometra procera Horváth, 1905",,T2c,gbif_vernacular ヒメイトアメンボ -> 5866025; registry に既存,0,ヒメイトアメンボ
ヒメイトカメムシ,species,common:taxon:kanagawa-edna.%E3%83%92%E3%83%A1%E3%82%A4%E3%83%88%E3%82%AB%E3%83%A1%E3%83%A0%E3%82%B7,,ヒメイトカメムシ,T4,和名のみ。registry に学名・和名とも無い,0,ヒメイトカメムシ
ヒメウスバガガンボ,species,common:taxon:gbif.1514008,"Antocha satsuma Alexander, 1919",,T3,GBIF match species 'Antocha satsuma' -> 1514008 (exact) (学名列),0,ヒメウスバガガンボ
ヒメウスバコカゲロウ属の一種,genus,common:taxon:inat.211272,Procloeon,,T5,registry genus Procloeon (学名列の属 Procloeon; ja_genus ヒメウスバコカゲロウ属) [rank_reduced],0,ヒメウスバコカゲロウ属の一種
ヒメオオヤマカワゲラ,species,common:taxon:gbif.2005367,"Oyamia seminigra (Klapálek, 1907)",,T2,registry vernacular_name_ja ヒメオオヤマカワゲラ,0,ヒメオオヤマカワゲラ
ヒメガムシ,species,common:taxon:inat.805227,Sternolophus rufipes,,T1,registry species Sternolophus rufipes (学名列) [exact_name],0,ヒメガムシ
ヒメギス,species,common:taxon:gbif.1688944,"Eobiana engelhardti (Uvarov, 1926)",,T2,registry vernacular_name_ja ヒメギス,0,ヒメギス
ヒメクダマキモドキ,species,common:taxon:inat.357379,Phaulula macilenta,,T1,registry species Phaulula macilenta (学名列) [exact_name],0,ヒメクダマキモドキ
ヒメクロカメムシ,species,common:taxon:gbif.6129976,"Scotinophara scottii Horváth, 1879",,T2c,gbif_vernacular ヒメクロカメムシ -> 6129976,0,ヒメクロカメムシ
ヒメクロサナエ,species,common:taxon:gbif.1426648,"Lanthus fujiacus (Fraser, 1936)",,T1,registry species Lanthus fujiacus (学名列),0,ヒメクロサナエ
ヒメクロホウジャク,species,common:taxon:gbif.5124415,Macroglossum bombylans Boisduval,,T2,registry vernacular_name_ja ヒメクロホウジャク,0,ヒメクロホウジャク
ヒメコガネ,species,common:taxon:inat.364065,Anomala rufocuprea,,T1,registry species Anomala rufocuprea (学名列) [exact_name],0,ヒメコガネ
ヒメサナエ,species,common:taxon:inat.358490,Sinogomphus flavolimbatus,,T1,registry species Sinogomphus flavolimbatus (学名列) [exact_name],0,ヒメサナエ
ヒメシジミガムシ,species,common:taxon:gbif.6132474,"Laccobius fragilis Nakane, 1966",,T3,GBIF match species 'Laccobius fragilis' -> 6132474 (exact) (学名列),0,ヒメシジミガムシ
ヒメショウジョウハネカクシ,species,common:taxon:kanagawa-edna.%E3%83%92%E3%83%A1%E3%82%B7%E3%83%A7%E3%82%A6%E3%82%B8%E3%83%A7%E3%82%A6%E3%83%8F%E3%83%8D%E3%82%AB%E3%82%AF%E3%82%B7,,ヒメショウジョウハネカクシ,T4,和名のみ。registry に学名・和名とも無い,0,ヒメショウジョウハネカクシ
ヒメシロカゲロウ属の一種,genus,common:taxon:inat.174586,Caenis,,T5,registry genus Caenis (学名列の属 Caenis; ja_genus ヒメシロカゲロウ属) [rank_reduced],0,ヒメシロカゲロウ属の一種
ヒメシロカゲロウ属の一種jyz-2020,genus,common:taxon:gbif.1408104,"Caenis Stephens, 1835",,T5,gbif_vernacular ヒメシロカゲロウ属 -> 1408104 [rank_reduced],0,ヒメシロカゲロウ属の一種 JYZ-2020
ヒメジャノメ/コジャノメ,genus,common:taxon:inat.127879,Mycalesis,,T5,"併記の全成員が属 Mycalesis の種（ヒメジャノメ->common:taxon:gbif.1893546; コジャノメ->common:taxon:gbif.1893923）; registry genus Mycalesis [rank_reduced,name_ambiguous]",0,ヒメジャノメ/コジャノメ
ヒメツノカメムシ,species,common:taxon:gbif.10505684,"Elasmucha putoni Scott, 1874",,T2c,gbif_vernacular ヒメツノカメムシ -> 10505684; registry に既存,0,ヒメツノカメムシ
ヒメツヤドロムシ,species,common:taxon:gbif.6968533,"Zaitzeviaria brevis (Nomura, 1958)",,T3,GBIF match species 'Zaitzeviaria brevis' -> 6968533 (exact) (学名列),0,ヒメツヤドロムシ
ヒメテンコケムシ,species,common:taxon:gbif.1003647,"Lophopodella carteri (Hyatt, 1866)",,T3,GBIF match species 'Lophopodella carteri' -> 1003647 (exact) (学名列),0,ヒメテンコケムシ
ヒメトビイロカゲロウ,species,common:taxon:gbif.12223207,Choroterpes altioculus,,T3,GBIF match species 'Choroterpes altioculus' -> 12223207 (exact) (学名列),0,ヒメトビイロカゲロウ
ヒメトビイロケアリ,species,common:taxon:gbif.5035777,"Lasius alienus (Foerster, 1850)",,T3,GBIF match species 'Lasius alienus' -> 5035777 (exact) (学名列),0,ヒメトビイロケアリ
ヒメナガカメムシ,species,common:taxon:inat.768553,Nysius plebeius,,T1,registry species Nysius plebeius (学名列),0,ヒメナガカメムシ
ヒメナガメ,species,common:taxon:inat.70357,Eurydema dominulus,,T1,registry species Eurydema dominulus (学名列) [exact_name],0,ヒメナガメ
ヒメナミアミカ,species,common:taxon:gbif.1629899,"Blepharicera japonica (Kitakami, 1931)",,T3,GBIF match species 'Blepharicera japonica' -> 1629899 (exact) (学名列),0,ヒメナミアミカ
ヒメハサミツノカメムシ,species,common:taxon:inat.486548,Acanthosoma forficula,,T1,registry species Acanthosoma forficula (学名列) [exact_name],0,ヒメハサミツノカメムシ
ヒメハゼ,species,common:taxon:inat.358146,Favonigobius gymnauchen,,T1,registry species Favonigobius gymnauchen (学名列) [exact_name],0,ヒメハゼ
ヒメハバビロドロムシ,species,common:taxon:gbif.6967664,"Dryopomorphus nakanei Nomura, 1958",,T3,GBIF match species 'Dryopomorphus nakanei' -> 6967664 (exact) (学名列),0,ヒメハバビロドロムシ
ヒメヒゲナガカミキリ,species,common:taxon:inat.557001,Monochamus subfasciatus,,T1,registry species Monochamus subfasciatus (学名列) [exact_name],0,ヒメヒゲナガカミキリ
ヒメヒラタカゲロウ,species,common:taxon:gbif.6933201,"Rhithrogena japonica Uéno, 1928",,T3,GBIF match species 'Rhithrogena japonica' -> 6933201 (exact) (学名列),0,ヒメヒラタカゲロウ
ヒメフタオカゲロウ,species,common:taxon:gbif.6934412,"Ameletus montanus Imanishi, 1930",,T3,GBIF match species 'Ameletus montanus' -> 6934412 (exact) (学名列),0,ヒメフタオカゲロウ
ヒメフタオカゲロウ属1,genus,common:taxon:gbif.1407481,"Ameletus Eaton, 1885",,T5,GBIF match genus 'Ameletus' -> 1407481 (exact) (学名列の属 Ameletus; ja_genus ヒメフタオカゲロウ属) [rank_reduced],0,ヒメフタオカゲロウ属1
ヒメフタオカゲロウ属2,genus,common:taxon:gbif.1407481,"Ameletus Eaton, 1885",,T5,GBIF match genus 'Ameletus' -> 1407481 (exact) (同じ属の種から ヒメフタオカゲロウ属 -> Ameletus) [rank_reduced],0,ヒメフタオカゲロウ属2
ヒメフタオカゲロウ属の一種,genus,common:taxon:gbif.1407481,"Ameletus Eaton, 1885",,T5,GBIF match genus 'Ameletus' -> 1407481 (exact) (学名列の属 Ameletus; ja_genus ヒメフタオカゲロウ属) [rank_reduced],0,ヒメフタオカゲロウ属の一種
ヒメマダラミズメイガ,species,common:taxon:inat.733779,Elophila turbata,,T1,registry species Elophila turbata (学名列) [exact_name],0,ヒメマダラミズメイガ
ヒメムカシヨモギヒゲナガアブラムシ,species,common:taxon:gbif.2070692,"Uroleucon erigeronense (Thomas, 1878)",,T3,GBIF match species 'Uroleucon erigeronensis' -> 2070692 (synonym_of(2070695)) (学名列),0,ヒメムカシヨモギヒゲナガアブラムシ
ヒメヤマトカワゴカイ,species,common:taxon:gbif.2316427,"Hediste atoka Sato & Nakashima, 2003",,T3,GBIF match species 'Hediste atoka' -> 2316427 (exact) (学名列),0,ヒメヤマトカワゴカイ
ヒヤケハダカアリ,species,common:taxon:gbif.7636319,"Cardiocondyla kagutsuchi Terayama, 1999",,T2c,gbif_vernacular ヒヤケハダカアリ -> 7636319,0,ヒヤケハダカアリ
ヒヨドリ,species,common:taxon:inat.144910,Hypsipetes amaurotis,,T1,registry species Hypsipetes amaurotis (学名列) [exact_name],0,ヒヨドリ
ヒラアシクサアリ,species,common:taxon:inat.347960,Lasius spathepus,,T1,registry species Lasius spathepus (学名列) [exact_name],0,ヒラアシクサアリ
ヒラスズキ,species,common:taxon:inat.615639,Lateolabrax latus,,T1,registry species Lateolabrax latus (学名列),0,ヒラスズキ
ヒラタコエグリトビケラ,species,common:taxon:gbif.1441164,"Apatania aberrans (Martynov, 1933)",,T3,GBIF match species 'Apatania aberrans' -> 1441164 (exact) (学名列),0,ヒラタコエグリトビケラ
ヒラタチャタテ,species,common:taxon:gbif.1031520,"Liposcelis bostrychophila Badonnel, 1931",,T3,GBIF match species 'Liposcelis bostrychophila' -> 1031520 (exact) (学名列),0,ヒラタチャタテ
ヒラタドロムシ,species,common:taxon:inat.549189,Mataeopsephus japonicus,,T1,registry species Mataeopsephus japonicus (学名列),0,ヒラタドロムシ
ヒラテテナガエビ,species,common:taxon:inat.435036,Macrobrachium japonicum,,T1,registry species Macrobrachium japonicum (学名列) [exact_name],0,ヒラテテナガエビ
ヒラマキガイモドキ属の一種ts-2018,family,common:taxon:gbif.2851,Planorbidae,,T5,gbif_vernacular ヒラマキガイ科 -> 2851 (シートの科 ヒラマキガイ科; 属 ヒラマキガイモドキ属 は決まらない; ja_genus ヒラマキガイモドキ属) [rank_reduced],0,ヒラマキガイモドキ属の一種 TS-2018
ヒロアタマナガレトビケラ,species,common:taxon:gbif.5052850,"Rhyacophila brevicephala Iwata, 1927",,T3,GBIF match species 'Rhyacophila brevicephala' -> 5052850 (exact) (学名列),0,ヒロアタマナガレトビケラ
ヒロオカクツツトビケラ,species,common:taxon:gbif.1442985,"Goerodes bipertitus (Kobayashi, 1955)",,T3,GBIF match species 'Lepidostoma bipertitum' -> 1442985 (synonym_of(10035780)) (学名列),0,ヒロオカクツツトビケラ
ヒロバネアミメカワゲラ,species,common:taxon:gbif.7198793,"Pseudomegarcys japonica Kohno, 1946",,T3,GBIF match species 'Pseudomegarcys japonica' -> 7198793 (exact) (学名列),0,ヒロバネアミメカワゲラ
ヒロバネトビイロコカゲロウ,genus,common:taxon:gbif.4683398,"Nigrobaetis Novikova & Kluge, 1987",,T5,種 Nigrobaetis latus は GBIF に無い (none) ので属 Nigrobaetis に寄せる; GBIF match genus 'Nigrobaetis' -> 4683398 (exact) [rank_reduced],0,ヒロバネトビイロコカゲロウ
ヒロヘリアオイラガ,species,common:taxon:inat.202828,Parasa lepida,,T1,registry species Parasa lepida (学名列) [exact_name],0,ヒロヘリアオイラガ
ビリンゴ,species,common:taxon:inat.614626,Gymnogobius breunigii,,T1,registry species Gymnogobius breunigii (学名列) [exact_name],0,ビリンゴ
ビロウドカミキリ,species,common:taxon:inat.795088,Acalolepta fraudatrix,,T2,registry vernacular_name_ja ビロウドカミキリ [infraspecific_vernacular->species exact_name],0,ビロウドカミキリ
ビロウドサシガメ,species,common:taxon:gbif.5866988,"Ectrychotes andreae (Thunberg, 1784)",,T2,registry vernacular_name_ja ビロウドサシガメ,0,ビロウドサシガメ
ビワマス,genus,common:taxon:inat.47522,Oncorhynchus,,T5,種 Oncorhynchus sp は GBIF に無い (none) ので属 Oncorhynchus に寄せる; registry genus Oncorhynchus [exact_name] [rank_reduced],0,ビワマス
フクラスズメ,species,common:taxon:inat.356216,Arcte coerula,,T1,registry species Arcte coerula (学名列) [exact_name],0,フクラスズメ
フクロイトミミズ種複合体,genus,common:taxon:gbif.7492275,"Bothrioneurum Stolč, 1886",,T5,GBIF match genus 'Bothrioneurum' -> 7492275 (exact) (学名列の属 Bothrioneurum; ja_complex フクロイトミミズ種複合体) [rank_reduced],0,フクロイトミミズ種複合体
フサオナシカワゲラ属,genus,common:taxon:inat.173195,Amphinemura,,T5,registry genus Amphinemura (同じ属の種から フサオナシカワゲラ属 -> Amphinemura) [rank_reduced],0,フサオナシカワゲラ属
フサオナシカワゲラ属の一種,genus,common:taxon:inat.173195,Amphinemura,,T5,registry genus Amphinemura (学名列の属 Amphinemura; ja_genus フサオナシカワゲラ属) [rank_reduced],0,フサオナシカワゲラ属の一種
フサゲミズミミズ,species,common:taxon:gbif.2308186,"Ripistes parasita (Schmidt, 1847)",,T2c,gbif_vernacular フサゲミズミミズ -> 2308186,0,フサゲミズミミズ
フサユキユスリカ属の一種,genus,common:taxon:gbif.1445911,"Sympotthastia Pagast, 1947",,T5,GBIF match genus 'Sympotthastia' -> 1445911 (exact) (学名列の属 Sympotthastia; ja_genus フサユキユスリカ属) [rank_reduced],0,フサユキユスリカ属の一種
フシボソクサアリ,species,common:taxon:kanagawa-edna.%E3%83%95%E3%82%B7%E3%83%9C%E3%82%BD%E3%82%AF%E3%82%B5%E3%82%A2%E3%83%AA,,フシボソクサアリ,T4,和名のみ。registry に学名・和名とも無い,0,フシボソクサアリ
フタスジアブ,species,common:taxon:kanagawa-edna.%E3%83%95%E3%82%BF%E3%82%B9%E3%82%B8%E3%82%A2%E3%83%96,,フタスジアブ,T4,和名のみ。registry に学名・和名とも無い,0,フタスジアブ
フタスジクサカワゲラ,species,common:taxon:gbif.2004118,"Isoperla nipponica Okamoto, 1912",,T3,GBIF match species 'Isoperla nipponica' -> 2004118 (exact) (学名列),0,フタスジクサカワゲラ
フタスジシマメイガ/コメシマメイガ,genus,common:taxon:gbif.1872527,"Orthopygia Ragonot, 1890",,T5,"GBIF match genus 'Orthopygia' -> 1872527 (exact) (シートの属 Orthopygia属; 併記 フタスジシマメイガ/コメシマメイガ) [rank_reduced,name_ambiguous]",0,フタスジシマメイガ/コメシマメイガ
フタスジツヤユスリカ,species,common:taxon:gbif.1454181,"Cricotopus bicinctus (Meigen, 1818)",,T3,GBIF match species 'Cricotopus bicinctus' -> 1454181 (exact) (学名列),0,フタスジツヤユスリカ
フタスジモンカゲロウ,species,common:taxon:gbif.6934524,Ephemera japonica,,T1,registry species Ephemera japonica (学名列) [prefer_gbif_namespace],0,フタスジモンカゲロウ
フタツメカワゲラ属の一種,genus,common:taxon:inat.176725,Neoperla,,T5,registry genus Neoperla (学名列の属 Neoperla; ja_genus フタツメカワゲラ属) [rank_reduced],0,フタツメカワゲラ属の一種
フタツメシロアヤトビムシ,species,common:taxon:kanagawa-edna.%E3%83%95%E3%82%BF%E3%83%84%E3%83%A1%E3%82%B7%E3%83%AD%E3%82%A2%E3%83%A4%E3%83%88%E3%83%93%E3%83%A0%E3%82%B7,,フタツメシロアヤトビムシ,T4,和名のみ。registry に学名・和名とも無い,0,フタツメシロアヤトビムシ
フタテンオエダシャク,species,common:taxon:gbif.5880702,"Chiasmia defixaria (Walker, 1861)",,T2,registry vernacular_name_ja フタテンオエダシャク,0,フタテンオエダシャク
フタトゲクロカワゲラ,species,common:taxon:gbif.5151969,"Capnia bituberculata Uéno, 1929",,T3,GBIF match species 'Capnia bituberculata' -> 5151969 (exact) (学名列),0,フタトゲクロカワゲラ
フタバカゲロウ,species,common:taxon:inat.217219,Cloeon dipterum,,T1,registry species Cloeon dipterum (学名列),0,フタバカゲロウ
フタバカゲロウ属の一種bmnh704643,genus,common:taxon:gbif.1407878,"Cloeon Leach, 1815",,T5,GBIF match genus 'Cloeon' -> 1407878 (exact) (同じ属の種から フタバカゲロウ属 -> Cloeon) [rank_reduced],0,フタバカゲロウ属の一種 BMNH 704643
フタバコカゲロウ,species,common:taxon:gbif.6932360,"Baetiella japonica (Imanishi, 1931)",,T3,GBIF match species 'Baetiella japonica' -> 6932360 (exact) (学名列),0,フタバコカゲロウ
フタホシヒラタアブ,species,common:taxon:kanagawa-edna.%E3%83%95%E3%82%BF%E3%83%9B%E3%82%B7%E3%83%92%E3%83%A9%E3%82%BF%E3%82%A2%E3%83%96,,フタホシヒラタアブ,T4,和名のみ。registry に学名・和名とも無い,0,フタホシヒラタアブ
フタマタマダラカゲロウ,species,common:taxon:gbif.6931752,"Drunella sachalinensis (Matsumura, 1931)",,T3,GBIF match species 'Drunella sachalinensis' -> 6931752 (exact) (学名列),0,フタマタマダラカゲロウ
フタモンコカゲロウ,species,common:taxon:gbif.6932167,"Nigrobaetis taiwanensis (Müller-Liebenau, 1985)",,T3,GBIF match species 'Nigrobaetis taiwanensis' -> 6932167 (exact) (学名列),0,フタモンコカゲロウ
フタモンホシカメムシ,species,common:taxon:gbif.6130246,"Pyrrhocoris sibiricus Kuschakewitsch, 1866",,T2,registry vernacular_name_ja フタモンホシカメムシ,0,フタモンホシカメムシ
フタモンミドリカワゲラ,species,common:taxon:gbif.2003891,"Suwallia bimaculata (Okamoto, 1912)",,T3,GBIF match species 'Suwallia bimaculata' -> 2003891 (exact) (学名列),0,フタモンミドリカワゲラ
フチグロユスリカ,species,common:taxon:kanagawa-edna.%E3%83%95%E3%83%81%E3%82%B0%E3%83%AD%E3%83%A6%E3%82%B9%E3%83%AA%E3%82%AB,,フチグロユスリカ,T4,和名のみ。registry に学名・和名とも無い,0,フチグロユスリカ
フトオウスギヌヒメユスリカ,species,common:taxon:gbif.1452805,"Thienemannimyia tripunctata (Goetghebuer, 1922)",,T3,GBIF match species 'Hayesomyia tripunctata' -> 1452805 (synonym_of(4520068)) (学名列),0,フトオウスギヌヒメユスリカ
フトオダンダラヒメユスリカ,species,common:taxon:gbif.1450460,"Ablabesmyia prorasha Kobayashi & Kubota, 2002",,T3,GBIF match species 'Ablabesmyia prorasha' -> 1450460 (exact) (学名列),0,フトオダンダラヒメユスリカ
フトケチャタテ,species,common:taxon:inat.1246055,Amphipsocus japonicus,,T1,registry species Amphipsocus japonicus (学名列),0,フトケチャタテ
フトスジミミズ,species,common:taxon:gbif.9392458,"Amynthas vittatus (Goto & Hatai, 1898)",,T1,registry species Amynthas vittatus (学名列),0,フトスジミミズ
フトハサミツノカメムシ,species,common:taxon:gbif.10587728,"Acanthosoma crassicaudum Jakovlev, 1880",,T2c,gbif_vernacular フトハサミツノカメムシ -> 10587728; registry に既存,0,フトハサミツノカメムシ
フトマユチズガメ,species,common:taxon:gbif.2443079,"Graptemys ouachitensis Cagle, 1953",,T3,GBIF match species 'Graptemys ouachitensis' -> 2443079 (exact) (学名列),0,フトマユチズガメ
フナ属,genus,common:taxon:inat.58617,Carassius,,T5,registry genus Carassius [exact_name] (学名列の属 Carassius; ja_genus フナ属) [rank_reduced],0,フナ属
フナ属の一種,genus,common:taxon:inat.58617,Carassius,,T5,registry genus Carassius [exact_name] (同じ属の種から フナ属 -> Carassius) [rank_reduced],0,フナ属の一種
フリッツェホウジャク,species,common:taxon:gbif.5124304,"Macroglossum fritzei Rothschild & Jordan, 1903",,T3,GBIF match species 'Macroglossum fritzei' -> 5124304 (exact) (学名列),0,フリッツェホウジャク
フロリダガー/スポッテッドガー,genus,common:taxon:gbif.2346691,"Lepisosteus Lacepède, 1803",,T5,"gbif_vernacular レピソステウス属 -> 2346691 (シートの属 レピソステウス属; 併記 フロリダガー/スポッテッドガー) [rank_reduced,name_ambiguous]",0,フロリダガー/スポッテッドガー
ブタクサハムシ,species,common:taxon:inat.226508,Ophraella communa,,T1,registry species Ophraella communa (学名列) [exact_name],0,ブタクサハムシ
ブドウスズメ,species,common:taxon:inat.489784,Acosmeryx castanea,,T1,registry species Acosmeryx castanea (学名列) [exact_name],0,ブドウスズメ
ブラウントラウト,species,common:taxon:inat.47518,Salmo trutta,,T2b,辞書 taxa moe_ias_list:https://www.env.go.jp/nature/intro/2outline/list/list2.xls#動物!row=238 (1行): ブラウントラウト -> Salmo trutta; registry species Salmo trutta,0,ブラウントラウト
ブリ,species,common:taxon:inat.194667,Seriola quinqueradiata,,T1,registry species Seriola quinqueradiata (学名列),0,ブリ
ブルーギル,species,common:taxon:inat.49591,Lepomis macrochirus,,T1,registry species Lepomis macrochirus (学名列) [exact_name],0,ブルーギル
ヘイケボタル,species,common:taxon:gbif.7360967,"Aquatica lateralis (Motschulsky, 1860)",,T2,registry vernacular_name_ja ヘイケボタル,0,ヘイケボタル
ヘビトンボ,species,common:taxon:inat.468832,Protohermes grandis,,T1,registry species Protohermes grandis (学名列) [exact_name],0,ヘビトンボ
ヘリチャハゴロモ,species,common:taxon:kanagawa-edna.%E3%83%98%E3%83%AA%E3%83%81%E3%83%A3%E3%83%8F%E3%82%B4%E3%83%AD%E3%83%A2,,ヘリチャハゴロモ,T4,和名のみ。registry に学名・和名とも無い,0,ヘリチャハゴロモ
ベニシジミ,species,common:taxon:inat.55655,Lycaena phlaeas,,T1,registry species Lycaena phlaeas (学名列) [exact_name],0,ベニシジミ
ベニスズメ,species,common:taxon:inat.55996,Deilephila elpenor,,T1,registry species Deilephila elpenor (学名列) [exact_name],0,ベニスズメ
ベニヒカゲ,species,common:taxon:gbif.5135026,"Erebia niphonica Janson, 1877",,T2c,gbif_vernacular ベニヒカゲ -> 5135026,0,ベニヒカゲ
ベニモンマキバサシガメ,species,common:taxon:gbif.12244345,Gorpis japonicus,,T2,registry vernacular_name_ja ベニモンマキバサシガメ,0,ベニモンマキバサシガメ
ベンケイガニ,species,common:taxon:inat.1110022,Orisarma intermedium,,T1,registry species Orisarma intermedium (学名列) [exact_name],0,ベンケイガニ
ホウネンエビ,species,common:taxon:gbif.2235222,"Branchinella kugenumaensis (Ishikawa, 1895)",,T2c,gbif_vernacular ホウネンエビ -> 2235222; registry に既存,0,ホウネンエビ
ホオズキカメムシ,species,common:taxon:inat.349497,Acanthocoris sordidus,,T1,registry species Acanthocoris sordidus (学名列) [exact_name],0,ホオズキカメムシ
ホシチョウバエ,species,common:taxon:inat.294023,Psychoda alternata,,T1,registry species Psychoda alternata (学名列),0,ホシチョウバエ
ホシハラビロヘリカメムシ,species,common:taxon:inat.336009,Homoeocerus unipunctatus,,T1,registry species Homoeocerus unipunctatus (学名列) [exact_name],0,ホシハラビロヘリカメムシ
ホシヒメホウジャク,species,common:taxon:inat.181051,Neogurelca himachala,,T1,registry species Neogurelca himachala (学名列) [exact_name],0,ホシヒメホウジャク
ホシヨコバイ,species,common:taxon:gbif.2035632,"Xestocephalus japonicus Ishihara, 1961",,T3,GBIF match species 'Xestocephalus japonicus' -> 2035632 (exact) (学名列),0,ホシヨコバイ
ホソオビヒメガガンボ属の一種,genus,common:taxon:gbif.1510247,"Dicranota Zetterstedt, 1838",,T5,GBIF match genus 'Dicranota' -> 1510247 (exact) (学名列の属 Dicranota; ja_genus ホソオビヒメガガンボ属) [rank_reduced],0,ホソオビヒメガガンボ属の一種
ホソヒメツヤドロムシ,species,common:taxon:gbif.6968539,"Zaitzeviaria gotoi (Nomura, 1959)",,T2c,gbif_vernacular ホソヒメツヤドロムシ -> 6968539,0,ホソヒメツヤドロムシ
ホソヒメヒラタナガカメムシ,species,common:taxon:gbif.8628687,"Cymus koreanus Josifov & Kerzhner, 1978",,T3,GBIF match species 'Cymus koreanus' -> 8628687 (exact) (学名列),0,ホソヒメヒラタナガカメムシ
ホソヒラタアブ,species,common:taxon:inat.52482,Episyrphus balteatus,,T1,registry species Episyrphus balteatus (学名列) [exact_name],0,ホソヒラタアブ
ホソミイトトンボ,species,common:taxon:inat.93154,Aciagrion migratum,,T1,registry species Aciagrion migratum (学名列) [exact_name],0,ホソミイトトンボ
ホソミユスリカ属,genus,common:taxon:gbif.1446357,"Dicrotendipes Kieffer, 1913",,T5,GBIF match genus 'Dicrotendipes' -> 1446357 (exact) (学名列の属 Dicrotendipes; ja_genus ホソミユスリカ属) [rank_reduced],0,ホソミユスリカ属
ホソミユスリカ属の一種,genus,common:taxon:gbif.1446357,"Dicrotendipes Kieffer, 1913",,T5,GBIF match genus 'Dicrotendipes' -> 1446357 (exact) (同じ属の種から ホソミユスリカ属 -> Dicrotendipes) [rank_reduced],0,ホソミユスリカ属の一種
ホタルガ,species,common:taxon:gbif.1754525,"Pidorus atratus Butler, 1877",,T2,registry vernacular_name_ja ホタルガ,0,ホタルガ
ホトケドジョウ,species,common:taxon:inat.470275,Lefua echigonia,,T1,registry species Lefua echigonia (学名列) [exact_name]; 同じ和名の未照合 taxon common:taxon:ryuiki-taxa.wamei.%E3%83%9B%E3%83%88%E3%82%B1%E3%83%89%E3%82%B8%E3%83%A7%E3%82%A6 が registry にある（採らない）,0,ホトケドジョウ
ホホグロオビキンバエ,species,common:taxon:gbif.5064206,"Chrysomya pinguis (Walker, 1858)",,T3,GBIF match species 'Chrysomya pinguis' -> 5064206 (exact) (学名列),0,ホホグロオビキンバエ
ホルバートケシカタビロアメンボ,species,common:taxon:gbif.5866139,"Microvelia horvathi Lundblad, 1933",,T2c,gbif_vernacular ホルバートケシカタビロアメンボ -> 5866139; registry に既存,0,ホルバートケシカタビロアメンボ
ホンサナエ,species,common:taxon:gbif.1425991,"Shaogomphus postocularis (Selys, 1869)",,T2,registry vernacular_name_ja ホンサナエ,0,ホンサナエ
ホンチャタテ,species,common:taxon:gbif.1031521,"Liposcelis decolor (Pearman, 1925)",,T3,GBIF match species 'Liposcelis decolor' -> 1031521 (exact) (学名列),0,ホンチャタテ
ホンドテン,species,common:taxon:inat.41794,Martes melampus,,T2,registry vernacular_name_ja ホンドテン,0,ホンドテン
ボウズハゼ,species,common:taxon:inat.614907,Sicyopterus japonicus,,T1,registry species Sicyopterus japonicus (学名列) [exact_name]; 同じ和名の未照合 taxon common:taxon:ryuiki-taxa.wamei.%E3%83%9C%E3%82%A6%E3%82%BA%E3%83%8F%E3%82%BC が registry にある（採らない）,0,ボウズハゼ
ボカシヌマユスリカ,species,common:taxon:gbif.1447572,"Macropelopia paranebulosa Fittkau, 1962",,T3,GBIF match species 'Macropelopia paranebulosa' -> 1447572 (exact) (学名列),0,ボカシヌマユスリカ
ボカシヌマユスリカ属の一種,genus,common:taxon:gbif.1447525,"Macropelopia Thienemann, 1916",,T5,GBIF match genus 'Macropelopia' -> 1447525 (exact) (同じ属の種から ボカシヌマユスリカ属 -> Macropelopia) [rank_reduced],0,ボカシヌマユスリカ属の一種
ボタンヅルワタムシ,species,common:taxon:gbif.2073167,"Colophina clematis (Shinji, 1922)",,T2c,gbif_vernacular ボタンヅルワタムシ -> 2073167,0,ボタンヅルワタムシ
ボラ,species,common:taxon:inat.106222,Mugil cephalus,,T1,registry species Mugil cephalus (学名列) [exact_name],0,ボラ
マアジ,species,common:taxon:inat.194666,Trachurus japonicus,,T1,registry species Trachurus japonicus (学名列) [exact_name],0,マアジ
マイマイヒラタヒメバチ,species,common:taxon:gbif.1277871,"Pimpla luctuosa Smith, 1874",,T2,registry vernacular_name_ja マイマイヒラタヒメバチ,0,マイマイヒラタヒメバチ
マイワシ,species,common:taxon:gbif.2412593,"Sardinops melanostictus (Temminck & Schlegel, 1846)",,T2,registry vernacular_name_ja マイワシ,0,マイワシ
マエアカスカシノメイガ,species,common:taxon:gbif.1889765,"Palpita nigropunctalis Bremer, 1864",,T2,registry vernacular_name_ja マエアカスカシノメイガ,0,マエアカスカシノメイガ
マガモ/カルガモ,genus,common:taxon:inat.6922,Anas,,T5,"registry genus Anas [exact_name] (同じ属の種から マガモ属 -> Anas) (シートの属 マガモ属; 併記 マガモ/カルガモ) [rank_reduced,name_ambiguous]",0,マガモ/カルガモ
マガリモンヒラタアブ/フタホシヒラタアブ,genus,common:taxon:inat.62455,Eupeodes,,T5,"registry genus Eupeodes (シートの属 Eupeodes属; 併記 マガリモンヒラタアブ/フタホシヒラタアブ) [rank_reduced,name_ambiguous]",0,マガリモンヒラタアブ/フタホシヒラタアブ
マギレミジンコ,species,common:taxon:gbif.2234836,"Daphnia ambigua Scourfield, 1947",,T3,GBIF match species 'Daphnia ambigua' -> 2234836 (exact) (学名列),0,マギレミジンコ
マゴチ,species,common:taxon:kanagawa-edna.%E3%83%9E%E3%82%B4%E3%83%81,,マゴチ,T4,和名のみ。registry に学名・和名とも無い,0,マゴチ
マダイ,species,common:taxon:inat.132534,Pagrus major,,T1,registry species Pagrus major (学名列) [exact_name],0,マダイ
マダカアワビ/クロアワビ,genus,common:taxon:inat.56651,Haliotis,,T5,"併記の全成員が属 Haliotis の種（マダカアワビ->common:taxon:gbif.5859987; クロアワビ->common:taxon:inat.469034）; registry genus Haliotis [exact_name] [rank_reduced,name_ambiguous]",0,マダカアワビ/クロアワビ
マダラガガンボ,species,common:taxon:inat.548703,Tipula coquilletti,,T1,registry species Tipula coquilletti (学名列) [exact_name],0,マダラガガンボ
マダラスズ,species,common:taxon:gbif.1722877,"Dianemobius nigrofasciatus (Matsumura, 1904)",,T2,registry vernacular_name_ja マダラスズ,0,マダラスズ
マダラスズ/ネッタイマダラスズ,family,common:taxon:inat.84812,Trigonidiidae,,T5,"registry family Trigonidiidae (同じ科の種から ヒバリモドキ科 -> Trigonidiidae) (シートの科 ヒバリモドキ科; 併記 マダラスズ/ネッタイマダラスズ) [rank_reduced,name_ambiguous]",0,マダラスズ/ネッタイマダラスズ
マダラホソカ,species,common:taxon:gbif.1569610,"Dixa longistyla Takahashi, 1958",,T3,GBIF match species 'Dixa longistyla' -> 1569610 (exact) (学名列),0,マダラホソカ
マダラミズメイガ,species,common:taxon:gbif.9864823,Elophila interruptalis Pryer,,T3,GBIF match species 'Elophila interruptalis' -> 9864823 (exact) (学名列),0,マダラミズメイガ
マツイヒメトビケラ,species,common:taxon:gbif.8660409,"Hydroptila phenianica Botosaneanu, 1970",,T3,GBIF match species 'Hydroptila phenianica' -> 8660409 (exact) (学名列),0,マツイヒメトビケラ
マツカレハ,species,common:taxon:gbif.1733447,"Dendrolimus spectabilis (Butler, 1877)",,T2,registry vernacular_name_ja マツカレハ,0,マツカレハ
マツムラクサカゲロウ,species,common:taxon:gbif.2105130,"Semachrysa matsumurae (Okamoto, 1914)",,T2,registry vernacular_name_ja マツムラクサカゲロウ,0,マツムラクサカゲロウ
マツムラヒラタカゲロウ,genus,common:taxon:inat.173578,Epeorus,,T5,種 Epeorus l-nigrum は GBIF に無い (none) ので属 Epeorus に寄せる; registry genus Epeorus [rank_reduced],0,マツムラヒラタカゲロウ
マテガイ,species,common:taxon:inat.503995,Solen strictus,,T1,registry species Solen strictus (学名列) [exact_name],0,マテガイ
マドガガンボ,species,common:taxon:inat.360171,Tipula nova,,T1,registry species Tipula nova (学名列) [exact_name],0,マドガガンボ
マハゼ,species,common:taxon:inat.117563,Acanthogobius flavimanus,,T1,registry species Acanthogobius flavimanus (学名列) [exact_name],0,マハゼ
マミズクラゲ,species,common:taxon:gbif.4408321,"Craspedacusta sowerbii Lankester, 1880",,T3,GBIF match species 'Craspedacusta sowerbii' -> 4408321 (exact) (学名列),0,マミズクラゲ
マミズヒモムシ属の一種,genus,common:taxon:gbif.2506445,"Prostoma Dugès, 1828",,T5,gbif_vernacular マミズヒモムシ属 -> 2506445 (シートの属 マミズヒモムシ属; ja_genus マミズヒモムシ属) [rank_reduced],0,マミズヒモムシ属の一種
マミチャジナイ,species,common:taxon:gbif.2490728,"Turdus obscurus Gmelin, 1789",,T2,registry vernacular_name_ja マミチャジナイ,0,マミチャジナイ
マメガムシ,species,common:taxon:inat.560122,Regimbartia attenuata,,T1,registry species Regimbartia attenuata (学名列) [exact_name],0,マメガムシ
マメコガネ,species,common:taxon:inat.67760,Popillia japonica,,T1,registry species Popillia japonica (学名列) [exact_name],0,マメコガネ
マメシジミ,species,common:taxon:kanagawa-edna.%E3%83%9E%E3%83%A1%E3%82%B7%E3%82%B8%E3%83%9F,,マメシジミ,T4,和名のみ。registry に学名・和名とも無い,0,マメシジミ
マメシジミ属の一種ts-2022_l3,genus,common:taxon:gbif.2286678,"Pisidium C.Pfeiffer, 1821",,T5,gbif_vernacular マメシジミ属 -> 2286678 [rank_reduced],0,マメシジミ属の一種 TS-2022_L3
マメドクガ,species,common:taxon:gbif.12038479,"Cifuna locuples Walker, 1855",,T2,registry vernacular_name_ja マメドクガ,0,マメドクガ
マメハンミョウ,species,common:taxon:gbif.6954020,Epicauta gorhami,,T1,registry species Epicauta gorhami (学名列) [prefer_gbif_namespace],0,マメハンミョウ
マユタテアカネ,species,common:taxon:gbif.1428198,"Sympetrum eroticum (Selys, 1883)",,T2,registry vernacular_name_ja マユタテアカネ,0,マユタテアカネ
マルエンマコガネ,species,common:taxon:gbif.1091436,"Onthophagus (Gibbonthophagus)  viduus Harold, 1874",,T2,registry vernacular_name_ja マルエンマコガネ,0,マルエンマコガネ
マルカメムシ,species,common:taxon:gbif.11515979,Megacopta punctatissima,,T1,registry species Megacopta punctatissima (学名列) [prefer_gbif_namespace],0,マルカメムシ
マルカメムシ/タイワンマルカメムシ,genus,common:taxon:inat.209175,Megacopta,,T5,"併記の全成員が属 Megacopta の種（マルカメムシ->common:taxon:gbif.11515979; タイワンマルカメムシ->common:taxon:gbif.5866311）; registry genus Megacopta [rank_reduced,name_ambiguous]",0,マルカメムシ/タイワンマルカメムシ
マルガムシ,species,common:taxon:gbif.10056170,"Hydrocassis lacustris (Sharp, 1884)",,T1,registry species Hydrocassis lacustris (学名列),0,マルガムシ
マルクボユウレイガガンボ,species,common:taxon:gbif.1508041,"Dolichopeza circulans Alexander, 1953",,T3,GBIF match species 'Dolichopeza circulans' -> 1508041 (exact) (学名列),0,マルクボユウレイガガンボ
マルコチャタテ,species,common:taxon:kanagawa-edna.%E3%83%9E%E3%83%AB%E3%82%B3%E3%83%81%E3%83%A3%E3%82%BF%E3%83%86,,マルコチャタテ,T4,和名のみ。registry に学名・和名とも無い,0,マルコチャタテ
マルシラホシカメムシ,species,common:taxon:inat.546698,Eysarcoris guttigerus,,T1,registry species Eysarcoris guttigerus (学名列),0,マルシラホシカメムシ
マルスダレガイ目,species,common:taxon:kanagawa-edna.%E3%83%9E%E3%83%AB%E3%82%B9%E3%83%80%E3%83%AC%E3%82%AC%E3%82%A4%E7%9B%AE,,マルスダレガイ目,T4,和名のみ。registry に学名・和名とも無い,0,マルスダレガイ目（複数科が該当）
マルタ,,common:taxon:ryuiki-taxa.wamei.%E3%83%9E%E3%83%AB%E3%82%BF,,,T2,registry vernacular_name_ja マルタ [registry_unresolved_wamei],0,マルタ
マルタニシ,species,common:taxon:gbif.9738098,"Cipangopaludina chinensis (J.E.Gray, 1833)",,T3,GBIF match species 'Cipangopaludina chinensis' -> 9738098 (exact) (学名列),0,マルタニシ
マルタンヤンマ,species,common:taxon:gbif.1424925,"Anaciaeschna martini (Selys, 1897)",,T2,registry vernacular_name_ja マルタンヤンマ,0,マルタンヤンマ
マルツチカメムシ,species,common:taxon:gbif.5758803,"Microporus nigrita (J.C.Fabricius, 1794)",,T3,GBIF match species 'Aethus nigritus' -> 5758803 (synonym_of(2078764)); registry に既存 (学名列),0,マルツチカメムシ
マルバネトビケラ,species,common:taxon:gbif.1441064,"Phryganopsyche latipennis (Banks, 1906)",,T3,GBIF match species 'Phryganopsyche latipennis' -> 1441064 (exact) (学名列),0,マルバネトビケラ
マルヒメツヤドロムシ,species,common:taxon:gbif.6968543,"Zaitzeviaria ovata (Nomura, 1959)",,T3,GBIF match species 'Zaitzeviaria ovata' -> 6968543 (exact) (学名列),0,マルヒメツヤドロムシ
マルヒラタドロムシ,species,common:taxon:gbif.6994410,"Eubrianax ramicornis Kiesenwetter, 1874",,T2c,gbif_vernacular マルヒラタドロムシ -> 6994410,0,マルヒラタドロムシ
マルヒラタドロムシ/クシヒゲマルヒラタドロムシ,genus,common:taxon:gbif.1033399,"Eubrianax Kiesenwetter, 1874",,T5,"併記の全成員が属 Eubrianax の種（マルヒラタドロムシ->common:taxon:gbif.6994410; クシヒゲマルヒラタドロムシ->common:taxon:gbif.6994380）; GBIF match genus 'Eubrianax' -> 1033399 (exact) [rank_reduced,name_ambiguous]",0,マルヒラタドロムシ/クシヒゲマルヒラタドロムシ
マルミズムシ,species,common:taxon:inat.1364667,Paraplea japonica,,T1,registry species Paraplea japonica (学名列) [exact_name],0,マルミズムシ
マルムネハサミムシ科の一種ns-2016,family,common:taxon:kanagawa-edna.%E3%83%9E%E3%83%AB%E3%83%A0%E3%83%8D%E3%83%8F%E3%82%B5%E3%83%9F%E3%83%A0%E3%82%B7%E7%A7%91,,マルムネハサミムシ科,T4,family 和名のみ（科の和名） [rank_reduced],0,マルムネハサミムシ科の一種 NS-2016
ミエツノマユブユ,species,common:taxon:gbif.1645808,"Simulium mie Ogata & Sasa, 1954",,T3,GBIF match species 'Simulium mie' -> 1645808 (exact) (学名列),0,ミエツノマユブユ
ミカドガガンボ,species,common:taxon:inat.1227022,Holorusia mikado,,T1,registry species Holorusia mikado (学名列),0,ミカドガガンボ
ミカドフキバッタ,species,common:taxon:inat.126422,Parapodisma mikado,,T1,registry species Parapodisma mikado (学名列),0,ミカドフキバッタ
ミジカオクロカワゲラ,species,common:taxon:gbif.2002292,"Eucapnopsis stigmatica Okamoto, 1922",,T2c,gbif_vernacular ミジカオクロカワゲラ -> 2002292,0,ミジカオクロカワゲラ
ミジカオクロカワゲラ/ヨンセツミジカオクロカワゲラ,genus,common:taxon:gbif.2002291,"Eucapnopsis Okamoto, 1922",,T5,"GBIF match genus 'Eucapnopsis' -> 2002291 (exact) (同じ属の種から ミジカオクロカワゲラ属 -> Eucapnopsis) (シートの属 ミジカオクロカワゲラ属; 併記 ミジカオクロカワゲラ/ヨンセツミジカオクロカワゲラ) [rank_reduced,name_ambiguous]",0,ミジカオクロカワゲラ/ヨンセツミジカオクロカワゲラ
ミジカオナガレトビケラ,species,common:taxon:gbif.5052678,"Rhyacophila diffidens Tsuda, 1940",,T3,GBIF match species 'Rhyacophila diffidens' -> 5052678 (exact) (学名列),0,ミジカオナガレトビケラ
ミジカオフタバコカゲロウ,species,common:taxon:gbif.7196823,"Acentrella sibirica (Kazlauskas, 1963)",,T3,GBIF match species 'Acentrella sibirica' -> 7196823 (exact) (学名列),0,ミジカオフタバコカゲロウ
ミジンコ,species,common:taxon:kanagawa-edna.%E3%83%9F%E3%82%B8%E3%83%B3%E3%82%B3,,ミジンコ,T4,和名のみ。registry に学名・和名とも無い,0,ミジンコ
ミスジミバエ,species,common:taxon:inat.1292243,Zeugodacus scutellatus,,T1,registry species Zeugodacus scutellatus (学名列) [exact_name],0,ミスジミバエ
ミズカゲロウ,species,common:taxon:gbif.2097057,"Sisyra nikkoana (Navás, 1910)",,T1,registry species Sisyra nikkoana (学名列),0,ミズカゲロウ
ミズギワカメムシ属の一種yt-2009,genus,common:taxon:gbif.2069278,"Saldula Van Duzee, 1914",,T5,gbif_vernacular ミズギワカメムシ属 -> 2069278 [rank_reduced],0,ミズギワカメムシ属の一種 YT-2009
ミズバチ,species,common:taxon:gbif.1295999,"Agriotypus gracilis Waterston, 1930",,T1,registry species Agriotypus gracilis (学名列),0,ミズバチ
ミズミミズ/ナミミズミミズ,genus,common:taxon:gbif.9563151,"Nais Müller, 1774",,T5,"gbif_vernacular ミズミミズ属 -> 9563151 (シートの属 ミズミミズ属; 併記 ミズミミズ/ナミミズミミズ) [rank_reduced,name_ambiguous]",0,ミズミミズ/ナミミズミミズ
ミズミミズ属の一種c,genus,common:taxon:gbif.9563151,"Nais Müller, 1774",,T5,gbif_vernacular ミズミミズ属 -> 9563151 [rank_reduced],0,ミズミミズ属の一種 C
ミズムシ,species,common:taxon:gbif.10405371,"Hesperocorixa distanti (Kirkaldy, 1899)",,T2c,gbif_vernacular ミズムシ -> 10405371,0,ミズムシ（甲）
ミゾツヤドロムシ,species,common:taxon:gbif.6968252,"Zaitzevia rivalis Nomura, 1963",,T3,GBIF match species 'Zaitzevia rivalis' -> 6968252 (exact) (学名列),0,ミゾツヤドロムシ
ミゾレヌマエビ,species,common:taxon:inat.434727,Caridina leucosticta,,T1,registry species Caridina leucosticta (学名列) [exact_name],0,ミゾレヌマエビ
ミツオビツヤユスリカ,species,common:taxon:gbif.1454278,"Cricotopus trifasciatus Meigen, 1809",,T3,GBIF match species 'Cricotopus trifasciatus' -> 1454278 (exact) (学名列),0,ミツオビツヤユスリカ
ミツオミジカオフタバコカゲロウ,species,common:taxon:gbif.6932585,"Acentrella gnom (Kluge, 1983)",,T3,GBIF match species 'Acentrella gnom' -> 6932585 (exact) (学名列),0,ミツオミジカオフタバコカゲロウ
ミツカドコオロギ,species,common:taxon:gbif.1721396,"Loxoblemmus doenitzi Stein, 1881",,T2,registry vernacular_name_ja ミツカドコオロギ,0,ミツカドコオロギ
ミツトゲマダラカゲロウ,species,common:taxon:kanagawa-edna.%E3%83%9F%E3%83%84%E3%83%88%E3%82%B2%E3%83%9E%E3%83%80%E3%83%A9%E3%82%AB%E3%82%B2%E3%83%AD%E3%82%A6,,ミツトゲマダラカゲロウ,T4,和名のみ。registry に学名・和名とも無い,0,ミツトゲマダラカゲロウ
ミツモンキンウワバ,species,common:taxon:gbif.1785367,"Ctenoplusia agnata (Staudinger, 1892)",,T2,registry vernacular_name_ja ミツモンキンウワバ,0,ミツモンキンウワバ
ミドリイガイ,species,common:taxon:inat.199358,Perna viridis,,T1,registry species Perna viridis (学名列) [exact_name],0,ミドリイガイ
ミドリタニガワカゲロウ,species,common:taxon:gbif.6933584,"Afronurus viridis (Matsumura, 1931)",,T3,GBIF match species 'Afronurus viridis' -> 6933584 (exact) (学名列),0,ミドリタニガワカゲロウ
ミナカワトゲタニガワトビケラ,species,common:taxon:gbif.9886000,"Kisaura minakawai TI Arefina, 2005",,T3,GBIF match species 'Kisaura minakawai' -> 9886000 (exact) (学名列),0,ミナカワトゲタニガワトビケラ
ミナミアオカメムシ,species,common:taxon:gbif.2078852,"Nezara viridula (Linnaeus, 1758)",,T2,registry vernacular_name_ja ミナミアオカメムシ,0,ミナミアオカメムシ
ミナミイシガメ,species,common:taxon:gbif.2443393,"Mauremys mutica (Cantor, 1842)",,T2b,辞書 taxa moe_ias_list:https://www.env.go.jp/nature/intro/2outline/list/list2.xls#動物!row=179 (1行): ミナミイシガメ -> Mauremys mutica; GBIF match species 'Mauremys mutica' -> 2443393 (exact),0,ミナミイシガメ
ミナミギンガメアジ/ギンガメアジ/カスミアジ,genus,common:taxon:gbif.2390749,"Caranx Lacepède, 1801",,T5,"併記の全成員が属 Caranx の種（ミナミギンガメアジ->common:taxon:gbif.2390799; ギンガメアジ->common:taxon:gbif.2390776; カスミアジ->common:taxon:gbif.2390750）; registry genus Caranx [rank_reduced,name_ambiguous]",0,ミナミギンガメアジ/ギンガメアジ/カスミアジ
ミナミスナヤツメ,genus,common:taxon:gbif.2421216,"Lethenteron Creaser & Hubbs, 1922",,T5,種 Lethenteron hattai は GBIF に無い (none) ので属 Lethenteron に寄せる; GBIF match genus 'Lethenteron' -> 2421216 (exact) [rank_reduced],0,ミナミスナヤツメ
ミナミテナガエビ/ザラテテナガエビ,genus,common:taxon:gbif.2224508,"Macrobrachium Spence Bate, 1868",,T5,"GBIF match genus 'Macrobrachium' -> 2224508 (exact) (同じ属の種から テナガエビ属 -> Macrobrachium) (シートの属 テナガエビ属; 併記 ミナミテナガエビ/ザラテテナガエビ) [rank_reduced,name_ambiguous]",0,ミナミテナガエビ/ザラテテナガエビ
ミナミヌマエビ,species,common:taxon:gbif.2223025,"Neocaridina denticulata (De Haan, 1844)",,T2c,gbif_vernacular ミナミヌマエビ -> 2223025; registry に既存,0,ミナミヌマエビ
ミナミマゴチ,species,common:taxon:gbif.5201390,"Platycephalus indicus (Linnaeus, 1758)",,T1,registry species Platycephalus indicus (学名列),0,ミナミマゴチ
ミナミメダカ,species,common:taxon:inat.119409,Oryzias latipes,,T1,registry species Oryzias latipes (学名列) [exact_name],0,ミナミメダカ（ヒメダカを含む）
ミナミメダカ/メダカ,genus,common:taxon:inat.90534,Oryzias,,T5,"registry genus Oryzias (同じ属の種から メダカ属 -> Oryzias) (シートの属 メダカ属; 併記 ミナミメダカ/メダカ) [rank_reduced,name_ambiguous]",0,ミナミメダカ/メダカ（飼育品種）
ミナミユスリカ,species,common:taxon:kanagawa-edna.%E3%83%9F%E3%83%8A%E3%83%9F%E3%83%A6%E3%82%B9%E3%83%AA%E3%82%AB,,ミナミユスリカ,T4,和名のみ。registry に学名・和名とも無い,0,ミナミユスリカ
ミノウスバ,species,common:taxon:gbif.5879975,"Pryeria sinica Moore, 1877",,T2,registry vernacular_name_ja ミノウスバ,0,ミノウスバ
ミミズハゼ,species,common:taxon:inat.494008,Luciogobius guttatus,,T1,registry species Luciogobius guttatus (学名列) [exact_name],0,ミミズハゼ
ミミタニガワトビケラ,genus,common:taxon:gbif.1431439,"Dolophilodes Ulmer, 1909",,T5,種 Dolophilodes auriculata は GBIF に無い (fuzzy) ので属 Dolophilodes に寄せる; registry genus Dolophilodes [rank_reduced],0,ミミタニガワトビケラ
ミヤマアカネ,species,common:taxon:gbif.12333020,"Sympetrum pedemontanum (Allioni, 1766)",,T2,registry vernacular_name_ja ミヤマアカネ,0,ミヤマアカネ
ミヤマカミキリ,species,common:taxon:gbif.10038961,"Massicus raddei Blessig, 1872",,T1,registry species Massicus raddei (学名列),0,ミヤマカミキリ
ミヤマカワトンボ,species,common:taxon:gbif.5052043,"Calopteryx cornelia Selys, 1853",,T2,registry vernacular_name_ja ミヤマカワトンボ,0,ミヤマカワトンボ
ミヤマキンバエ,species,common:taxon:gbif.5064059,"Lucilia papuensis Macquart, 1844",,T3,GBIF match species 'Lucilia papuensis' -> 5064059 (exact) (学名列),0,ミヤマキンバエ
ミヤマクワガタ,species,common:taxon:gbif.7466607,"Lucanus maculifemoratus Motschulsky, 1861",,T2,registry vernacular_name_ja ミヤマクワガタ,0,ミヤマクワガタ
ミヤマサナエ,species,common:taxon:gbif.1425998,"Anisogomphus maacki (Selys, 1872)",,T1,registry species Anisogomphus maacki (学名列),0,ミヤマサナエ
ミヤマシマトビケラ属の一種,genus,common:taxon:gbif.1439161,"Diplectrona Westwood, 1840",,T5,GBIF match genus 'Diplectrona' -> 1439161 (exact) (同じ属の種から ミヤマシマトビケラ属 -> Diplectrona) [rank_reduced],0,ミヤマシマトビケラ属の一種
ミヤマタニガワカゲロウ属の一種,genus,common:taxon:gbif.1408514,"Cinygmula McDunnough, 1933",,T5,GBIF match genus 'Cinygmula' -> 1408514 (exact) (学名列の属 Cinygmula; ja_genus ミヤマタニガワカゲロウ属) [rank_reduced],0,ミヤマタニガワカゲロウ属の一種
ミヤマミズバチ,species,common:taxon:kanagawa-edna.%E3%83%9F%E3%83%A4%E3%83%9E%E3%83%9F%E3%82%BA%E3%83%90%E3%83%81,,ミヤマミズバチ,T4,和名のみ。registry に学名・和名とも無い,0,ミヤマミズバチ
ミルンヤンマ,species,common:taxon:gbif.1424994,"Planaeschna milnei (Selys, 1883)",,T3,GBIF match species 'Planaeschna milnei' -> 1424994 (exact) (学名列),0,ミルンヤンマ
ミンミンゼミ,species,common:taxon:inat.359390,Hyalessa maculaticollis,,T1,registry species Hyalessa maculaticollis (学名列) [exact_name],0,ミンミンゼミ
ムカシツチガエル,species,common:taxon:gbif.11724818,"Glandirana reliquia Shimada, Matsui, Ogata & Miura, 2022",,T2c,gbif_vernacular ムカシツチガエル -> 11724818; registry に既存,0,ムカシツチガエル
ムカシトンボ,species,common:taxon:gbif.1421306,"Epiophlebia superstes (Selys, 1889)",,T2c,gbif_vernacular ムカシトンボ -> 1421306,0,ムカシトンボ
ムギクビレアブラムシ,species,common:taxon:gbif.2069580,"Rhopalosiphum padi (Linnaeus, 1758)",,T3,GBIF match species 'Rhopalosiphum padi' -> 2069580 (exact) (学名列),0,ムギクビレアブラムシ
ムギツク,species,common:taxon:inat.418105,Pungtungia herzi,,T1,registry species Pungtungia herzi (学名列) [exact_name],0,ムギツク
ムギヒゲナガアブラムシ,species,common:taxon:gbif.2073121,"Sitobion avenae (Fabricius, 1775)",,T3,GBIF match species 'Sitobion avenae' -> 2073121 (exact) (学名列),0,ムギヒゲナガアブラムシ
ムギミドリアブラムシ,species,common:taxon:kanagawa-edna.%E3%83%A0%E3%82%AE%E3%83%9F%E3%83%89%E3%83%AA%E3%82%A2%E3%83%96%E3%83%A9%E3%83%A0%E3%82%B7,,ムギミドリアブラムシ,T4,和名のみ。registry に学名・和名とも無い,0,ムギミドリアブラムシ
ムクドリ,species,common:taxon:inat.547179,Spodiopsar cineraceus,,T1,registry species Spodiopsar cineraceus (学名列) [exact_name],0,ムクドリ
ムコブマダラカゲロウ/フタコブマダラカゲロウ,genus,common:taxon:gbif.1408127,"Drunella Needham, 1905",,T5,"GBIF match genus 'Drunella' -> 1408127 (exact) (同じ属の種から トゲマダラカゲロウ属 -> Drunella) (シートの属 トゲマダラカゲロウ属; 併記 ムコブマダラカゲロウ/フタコブマダラカゲロウ) [rank_reduced,name_ambiguous]",0,ムコブマダラカゲロウ/フタコブマダラカゲロウ
ムツテンウスヨコバイ,species,common:taxon:kanagawa-edna.%E3%83%A0%E3%83%84%E3%83%86%E3%83%B3%E3%82%A6%E3%82%B9%E3%83%A8%E3%82%B3%E3%83%90%E3%82%A4,,ムツテンウスヨコバイ,T4,和名のみ。registry に学名・和名とも無い,0,ムツテンウスヨコバイ
ムナグロキハダヒラタカゲロウ,species,common:taxon:gbif.6933285,"Heptagenia pectoralis Matsumura, 1931",,T2,registry vernacular_name_ja ムナグロキハダヒラタカゲロウ,0,ムナグロキハダヒラタカゲロウ
ムナグロナガレトビケラ,species,common:taxon:gbif.5052685,"Rhyacophila nigrocephala Iwata, 1927",,T3,GBIF match species 'Rhyacophila nigrocephala' -> 5052685 (exact) (学名列),0,ムナグロナガレトビケラ
ムネアカハラビロカマキリ,species,common:taxon:gbif.1405973,"Hierodula chinensis Werner, 1929",,T2c,gbif_vernacular ムネアカハラビロカマキリ -> 1405973; registry に既存,0,ムネアカハラビロカマキリ
ムネオナシカワゲラ,species,common:taxon:gbif.2003039,"Amphinemura longispina (Okamoto, 1922)",,T2c,gbif_vernacular ムネオナシカワゲラ -> 2003039,0,ムネオナシカワゲラ
ムネカクトビケラ属の一種,genus,common:taxon:gbif.1440577,"Ecnomus McLachlan, 1864",,T5,GBIF match genus 'Ecnomus' -> 1440577 (exact) (学名列の属 Ecnomus; ja_genus ムネカクトビケラ属) [rank_reduced],0,ムネカクトビケラ属の一種
ムモンクサカゲロウ,species,common:taxon:kanagawa-edna.%E3%83%A0%E3%83%A2%E3%83%B3%E3%82%AF%E3%82%B5%E3%82%AB%E3%82%B2%E3%83%AD%E3%82%A6,,ムモンクサカゲロウ,T4,和名のみ。registry に学名・和名とも無い,0,ムモンクサカゲロウ
ムラサキイガイ,species,common:taxon:inat.81648,Mytilus galloprovincialis,,T1,registry species Mytilus galloprovincialis (学名列) [exact_name],0,ムラサキイガイ
ムラサキイラガ,species,common:taxon:inat.773689,Austrapoda dentatus,,T1,registry species Austrapoda dentatus (学名列) [exact_name],0,ムラサキイラガ
ムラサキシャチホコ,species,common:taxon:gbif.1823294,"Uropyia meticulodina (Oberthür, 1884)",,T1,registry species Uropyia meticulodina (学名列),0,ムラサキシャチホコ
ムラサキシラホシカメムシ,species,common:taxon:gbif.10491272,Eysarcoris annamita,,T2c,gbif_vernacular ムラサキシラホシカメムシ -> 10491272; registry に既存,0,ムラサキシラホシカメムシ
ムラサキトビムシ,species,common:taxon:kanagawa-edna.%E3%83%A0%E3%83%A9%E3%82%B5%E3%82%AD%E3%83%88%E3%83%93%E3%83%A0%E3%82%B7,,ムラサキトビムシ,T4,和名のみ。registry に学名・和名とも無い,0,ムラサキトビムシ
ムラサキヒメトビムシ,species,common:taxon:gbif.2121338,"Ceratophysella communis (J.W.Folsom, 1898)",,T3,GBIF match species 'Ceratophysella communis' -> 2121338 (exact) (学名列),0,ムラサキヒメトビムシ
ムラソイ,species,common:taxon:inat.620536,Sebastes pachycephalus,,T1,registry species Sebastes pachycephalus (学名列) [exact_name],0,ムラソイ
ムーアシロホシテントウ,species,common:taxon:gbif.5877893,"Calvia muiri (Timberlake, 1943)",,T2,registry vernacular_name_ja ムーアシロホシテントウ,0,ムーアシロホシテントウ
メジナ,species,common:taxon:inat.361255,Girella punctata,,T1,registry species Girella punctata (学名列) [exact_name],0,メジナ
メスグロユスリカ,species,common:taxon:gbif.1446406,"Dicrotendipes pelochloris (Kieffer, 1912)",,T3,GBIF match species 'Dicrotendipes pelochloris' -> 1446406 (exact) (学名列),0,メスグロユスリカ
メダカナガカメムシ,species,common:taxon:inat.550293,Chauliops fallax,,T1,registry species Chauliops fallax (学名列) [exact_name],0,メダカナガカメムシ
モクズガニ,species,common:taxon:inat.418110,Eriocheir japonica,,T1,registry species Eriocheir japonica (学名列) [exact_name],0,モクズガニ
モツゴ,species,common:taxon:inat.118880,Pseudorasbora parva,,T1,registry species Pseudorasbora parva (学名列) [exact_name],0,モツゴ
モトミセラニクバエ,species,common:taxon:kanagawa-edna.%E3%83%A2%E3%83%88%E3%83%9F%E3%82%BB%E3%83%A9%E3%83%8B%E3%82%AF%E3%83%90%E3%82%A8,,モトミセラニクバエ,T4,和名のみ。registry に学名・和名とも無い,0,モトミセラニクバエ
モノアラガイ/イグチモノアラガイ,genus,common:taxon:inat.91634,Radix,,T5,"併記の全成員が属 Radix の種（モノアラガイ->common:taxon:inat.129204; イグチモノアラガイ->common:taxon:inat.129204）; registry genus Radix [rank_reduced,name_ambiguous]",0,モノアラガイ/イグチモノアラガイ
モノアラガイ属の一種,genus,common:taxon:inat.91634,Radix,,T5,registry genus Radix (学名列の属 Radix; ja_genus モノアラガイ属) [rank_reduced],0,モノアラガイ属の一種
モモアカアブラムシ,species,common:taxon:gbif.2076179,"Myzus persicae (Sulzer, 1776)",,T3,GBIF match species 'Myzus persicae' -> 2076179 (exact) (学名列),0,モモアカアブラムシ
モモコフキアブラムシ,species,common:taxon:gbif.2072851,"Hyalopterus pruni (Geoffroy, 1762)",,T2c,gbif_vernacular モモコフキアブラムシ -> 2072851,0,モモコフキアブラムシ
モモジロコウモリ,species,common:taxon:gbif.2432453,"Myotis macrodactylus (Temminck, 1840)",,T2c,gbif_vernacular モモジロコウモリ -> 2432453,0,モモジロコウモリ
モモヒメヨコバイ/ミドリヒメヨコバイ,genus,common:taxon:gbif.2048201,"Singapora Mahmood, 1967",,T5,"GBIF match genus 'Singapora' -> 2048201 (exact) (シートの属 Singapora属; 併記 モモヒメヨコバイ/ミドリヒメヨコバイ) [rank_reduced,name_ambiguous]",0,モモヒメヨコバイ/ミドリヒメヨコバイ
モモブトカミキリモドキ,species,common:taxon:kanagawa-edna.%E3%83%A2%E3%83%A2%E3%83%96%E3%83%88%E3%82%AB%E3%83%9F%E3%82%AD%E3%83%AA%E3%83%A2%E3%83%89%E3%82%AD,,モモブトカミキリモドキ,T4,和名のみ。registry に学名・和名とも無い,0,モモブトカミキリモドキ
モヨウハゼ/ツマグロスジハゼ,genus,common:taxon:gbif.2376393,"Acentrogobius Bleeker, 1874",,T5,"gbif_vernacular キララハゼ属 -> 2376393; registry に既存 (シートの属 キララハゼ属; 併記 モヨウハゼ/ツマグロスジハゼ) [rank_reduced,name_ambiguous]",0,モヨウハゼ / ツマグロスジハゼ
モリアオガエル,species,common:taxon:inat.923351,Zhangixalus arboreus,,T1,registry species Zhangixalus arboreus (学名列) [exact_name]; 同じ和名の未照合 taxon common:taxon:ryuiki-taxa.wamei.%E3%83%A2%E3%83%AA%E3%82%A2%E3%82%AA%E3%82%AC%E3%82%A8%E3%83%AB が registry にある（採らない）,0,モリアオガエル
モリオカメコオロギ,species,common:taxon:inat.358830,Loxoblemmus sylvestris,,T1,registry species Loxoblemmus sylvestris (学名列) [exact_name],0,モリオカメコオロギ
モリシタケアリ,species,common:taxon:gbif.5035807,"Lasius capitatus (Kuznetsov-Ugamsky, 1927)",,T3,GBIF match species 'Lasius capitatus' -> 5035807 (exact) (学名列),0,モリシタケアリ
モリチャバネゴキブリ,species,common:taxon:inat.358428,Blattella nipponica,,T1,registry species Blattella nipponica (学名列) [exact_name],0,モリチャバネゴキブリ
モリモトヤサハナカメムシ,species,common:taxon:gbif.11567390,Amphiareus morimotoi,,T2c,gbif_vernacular モリモトヤサハナカメムシ -> 11567390,0,モリモトヤサハナカメムシ
モンオナシカワゲラ,species,common:taxon:gbif.2002926,"Amphinemura megaloba (Kawai, 1960)",,T3,GBIF match species 'Amphinemura megaloba' -> 2002926 (exact) (学名列),0,モンオナシカワゲラ
モンカゲロウ,species,common:taxon:gbif.6934529,Ephemera strigata,,T1,registry species Ephemera strigata (学名列) [prefer_gbif_namespace],0,モンカゲロウ
モンカワゲラ,species,common:taxon:gbif.2005356,"Calineuria stigmatica (Klapálek, 1907)",,T3,GBIF match species 'Calineuria stigmatica' -> 2005356 (exact) (学名列),0,モンカワゲラ
モンキクロノメイガ,species,common:taxon:inat.125045,Herpetogramma luctuosalis,,T1,registry species Herpetogramma luctuosalis (学名列) [exact_name],0,モンキクロノメイガ
モンキゴミムシダマシ,species,common:taxon:gbif.7346519,Diaperis lewisi,,T2,registry vernacular_name_ja モンキゴミムシダマシ [infraspecific_vernacular->species prefer_gbif_namespace],0,モンキゴミムシダマシ
モンキマメゲンゴロウ,species,common:taxon:inat.1239243,Platambus pictipennis,,T1,registry species Platambus pictipennis (学名列) [exact_name],0,モンキマメゲンゴロウ
モンシロチョウ,species,common:taxon:inat.55626,Pieris rapae,,T1,registry species Pieris rapae (学名列) [exact_name],0,モンシロチョウ
モンスカシキノメイガ,species,common:taxon:gbif.1882234,"Pseudebulea fentoni Butler, 1881",,T2,registry vernacular_name_ja モンスカシキノメイガ,0,モンスカシキノメイガ
モンチビヒラタケシキスイ,species,common:taxon:gbif.1044152,"Haptoncus ocularis (Fairmaire, 1849)",,T2,registry vernacular_name_ja モンチビヒラタケシキスイ,0,モンチビヒラタケシキスイ
ヤサハナカメムシ,species,common:taxon:gbif.4487243,"Amphiareus obscuriceps (Poppius, 1909)",,T2c,gbif_vernacular ヤサハナカメムシ -> 4487243,0,ヤサハナカメムシ
ヤスマツアメンボ,species,common:taxon:gbif.9768627,"Gerris insularis (Motschulsky, 1866)",,T2,registry vernacular_name_ja ヤスマツアメンボ,0,ヤスマツアメンボ
ヤチスズ/シバスズ,family,common:taxon:inat.84812,Trigonidiidae,,T5,"registry family Trigonidiidae (同じ科の種から ヒバリモドキ科 -> Trigonidiidae) (シートの科 ヒバリモドキ科; 併記 ヤチスズ/シバスズ) [rank_reduced,name_ambiguous]",0,ヤチスズ/シバスズ
ヤチスズ/シバスズ/ネッタイシバスズ,genus,common:taxon:gbif.1717741,"Pteronemobius Jacobson, 1904",,T5,"GBIF match genus 'Pteronemobius' -> 1717741 (exact) (シートの属 Pteronemobius属; 併記 ヤチスズ/シバスズ/ネッタイシバスズ) [rank_reduced,name_ambiguous]",0,ヤチスズ/シバスズ/ネッタイシバスズ
ヤチスズ/ネッタイシバスズ,genus,common:taxon:gbif.1717741,"Pteronemobius Jacobson, 1904",,T5,"GBIF match genus 'Pteronemobius' -> 1717741 (exact) (シートの属 Pteronemobius属; 併記 ヤチスズ/ネッタイシバスズ) [rank_reduced,name_ambiguous]",0,ヤチスズ/ネッタイシバスズ
ヤチノコギリガガンボ,species,common:taxon:inat.464691,Tipula serricauda,,T1,registry species Tipula serricauda (学名列) [exact_name],0,ヤチノコギリガガンボ
ヤツボシハムシ,species,common:taxon:inat.1243561,Gonioctena nigroplagiata,,T1,registry species Gonioctena nigroplagiata (学名列) [exact_name],0,ヤツボシハムシ
ヤドリハモンユスリカ,species,common:taxon:gbif.9302232,"Polypedilum yamasinense (Tokunaga, 1940)",,T3,GBIF match species 'Polypedilum yamasinense' -> 9302232 (exact) (学名列),0,ヤドリハモンユスリカ
ヤドリミズミミズ属,family,common:taxon:gbif.6960,Naididae,,T5,GBIF match family 'Naididae' -> 6960 (exact) (同じ科の種から ミズミミズ科 -> Naididae) (シートの科 ミズミミズ科; 属 ヤドリミズミミズ属 は決まらない; ja_genus ヤドリミズミミズ属) [rank_reduced],0,ヤドリミズミミズ属
ヤドリミズミミズ属の一種,family,common:taxon:gbif.6960,Naididae,,T5,GBIF match family 'Naididae' -> 6960 (exact) (同じ科の種から ミズミミズ科 -> Naididae) (シートの科 ミズミミズ科; 属 ヤドリミズミミズ属 は決まらない; ja_genus ヤドリミズミミズ属) [rank_reduced],0,ヤドリミズミミズ属の一種
ヤドリミズミミズ属の一種cee,family,common:taxon:gbif.6960,Naididae,,T5,GBIF match family 'Naididae' -> 6960 (exact) (同じ科の種から ミズミミズ科 -> Naididae) (シートの科 ミズミミズ科; 属 ヤドリミズミミズ属 は決まらない; ja_genus ヤドリミズミミズ属) [rank_reduced],0,ヤドリミズミミズ属の一種 CEE
ヤドリミズミミズ属の一種cee/ヤドリミズミミズ属の一種10jm-2023,family,common:taxon:gbif.6960,Naididae,,T5,"GBIF match family 'Naididae' -> 6960 (exact) (同じ科の種から ミズミミズ科 -> Naididae) (シートの科 ミズミミズ科; 属 ヤドリミズミミズ属 は決まらない; 併記 ヤドリミズミミズ属の一種 CEE/ヤドリミズミミズ属の一種 10 JM-2023) [rank_reduced,name_ambiguous]",0,ヤドリミズミミズ属の一種 CEE/ヤドリミズミミズ属の一種 10 JM-2023
ヤドリミズミミズ属の一種cem,family,common:taxon:gbif.6960,Naididae,,T5,GBIF match family 'Naididae' -> 6960 (exact) (同じ科の種から ミズミミズ科 -> Naididae) (シートの科 ミズミミズ科; 属 ヤドリミズミミズ属 は決まらない; ja_genus ヤドリミズミミズ属) [rank_reduced],0,ヤドリミズミミズ属の一種 CEM
ヤナギケアブラムシ,species,common:taxon:kanagawa-edna.%E3%83%A4%E3%83%8A%E3%82%AE%E3%82%B1%E3%82%A2%E3%83%96%E3%83%A9%E3%83%A0%E3%82%B7,,ヤナギケアブラムシ,T4,和名のみ。registry に学名・和名とも無い,0,ヤナギケアブラムシ
ヤナギルリハムシ,species,common:taxon:gbif.1048626,"Plagiodera versicolora (Laicharting, 1781)",,T2,registry vernacular_name_ja ヤナギルリハムシ,0,ヤナギルリハムシ
ヤニサシガメ,species,common:taxon:gbif.9780408,"Velinus nodipes (Uhler, 1860)",,T2c,gbif_vernacular ヤニサシガメ -> 9780408; registry に既存,0,ヤニサシガメ
ヤハズカミキリ,species,common:taxon:inat.632604,Uraecha bimaculata,,T2,registry vernacular_name_ja ヤハズカミキリ [infraspecific_vernacular->species exact_name],0,ヤハズカミキリ
ヤハズハネコケムシ,species,common:taxon:gbif.1003614,"Plumatella emarginata Allmann, 1844",,T3,GBIF match species 'Plumatella emarginata' -> 1003614 (exact) (学名列),0,ヤハズハネコケムシ
ヤブキリ,species,common:taxon:inat.357378,Tettigonia orientalis,,T1,registry species Tettigonia orientalis (学名列) [exact_name],0,ヤブキリ
ヤマアカガエル,species,common:taxon:inat.25683,Rana ornativentris,,T1,registry species Rana ornativentris (学名列) [exact_name],0,ヤマアカガエル
ヤマガタトビイロトビケラ,species,common:taxon:gbif.1441951,"Nothopsyche yamagataensis Kobayashi, 1973",,T3,GBIF match species 'Nothopsyche yamagataensis' -> 1441951 (exact) (学名列),0,ヤマガタトビイロトビケラ
ヤマサナエ,species,common:taxon:inat.357710,Asiagomphus melaenops,,T1,registry species Asiagomphus melaenops (学名列) [exact_name],0,ヤマサナエ
ヤマトアカヤスデ,species,common:taxon:gbif.6127320,"Nedyopus patrioticus (Attems, 1898)",,T3,GBIF match species 'Nedyopus patrioticus' -> 6127320 (exact) (学名列),0,ヤマトアカヤスデ
ヤマトウロコトビムシ,species,common:taxon:gbif.10121652,"Willowsia japonica (J.W.Folsom, 1898)",,T3,GBIF match species 'Willowsia japonica' -> 10121652 (exact) (学名列),0,ヤマトウロコトビムシ
ヤマトオナシカワゲラ類似種,species,common:taxon:kanagawa-edna.%E3%83%A4%E3%83%9E%E3%83%88%E3%82%AA%E3%83%8A%E3%82%B7%E3%82%AB%E3%83%AF%E3%82%B2%E3%83%A9%E9%A1%9E%E4%BC%BC%E7%A8%AE,,ヤマトオナシカワゲラ類似種,T4,和名のみ。registry に学名・和名とも無い,0,ヤマトオナシカワゲラ類似種
ヤマトクサカゲロウ,species,common:taxon:inat.362814,Chrysoperla nipponensis,,T1,registry species Chrysoperla nipponensis (学名列) [exact_name],0,ヤマトクサカゲロウ
ヤマトクロスジヘビトンボ,species,common:taxon:inat.470241,Parachauliodes japonicus,,T1,registry species Parachauliodes japonicus (学名列) [exact_name],0,ヤマトクロスジヘビトンボ
ヤマトコミドリカワゲラ/ミジカオクロカワゲラ,genus,common:taxon:gbif.2003869,"Suwallia Ricker, 1943",,T5,"GBIF match genus 'Suwallia' -> 2003869 (exact) (同じ属の種から ツヤミドリカワゲラ属 -> Suwallia) (シートの属 ツヤミドリカワゲラ属; 併記 ヤマトコミドリカワゲラ/ミジカオクロカワゲラ) [rank_reduced,name_ambiguous]",0,ヤマトコミドリカワゲラ/ミジカオクロカワゲラ
ヤマトコヤマトビケラ,species,common:taxon:gbif.1430663,"Agapetus sibiricus Martynov, 1918",,T3,GBIF match species 'Agapetus sibiricus' -> 1430663 (exact) (学名列),0,ヤマトコヤマトビケラ
ヤマトシロアリ,species,common:taxon:inat.245989,Reticulitermes speratus,,T1,registry species Reticulitermes speratus (学名列) [exact_name],0,ヤマトシロアリ
ヤマトヌマエビ,species,common:taxon:inat.434771,Caridina multidentata,,T1,registry species Caridina multidentata (学名列) [exact_name],0,ヤマトヌマエビ
ヤマトハマダラカ,species,common:taxon:kanagawa-edna.%E3%83%A4%E3%83%9E%E3%83%88%E3%83%8F%E3%83%9E%E3%83%80%E3%83%A9%E3%82%AB,,ヤマトハマダラカ,T4,和名のみ。registry に学名・和名とも無い,0,ヤマトハマダラカ
ヤマトヒメカゲロウ,species,common:taxon:inat.470250,Hemerobius japonicus,,T1,registry species Hemerobius japonicus (学名列) [exact_name],0,ヤマトヒメカゲロウ
ヤマトヒメカワゲラ,species,common:taxon:gbif.2003952,"Stavsolus japonicus (Okamoto, 1912)",,T2c,gbif_vernacular ヤマトヒメカワゲラ -> 2003952,0,ヤマトヒメカワゲラ
ヤマトフキバッタ,species,common:taxon:gbif.1703091,"Parapodisma setouchiensis Inoue, 1979",,T2,registry vernacular_name_ja ヤマトフキバッタ,0,ヤマトフキバッタ
ヤマトフタツメカワゲラ,species,common:taxon:inat.358436,Neoperla niponensis,,T1,registry species Neoperla niponensis (学名列),0,ヤマトフタツメカワゲラ
ヤマトヤブカ,species,common:taxon:gbif.1652212,"Aedes japonicus (Theobald, 1901)",,T2c,gbif_vernacular ヤマトヤブカ -> 1652212; registry に既存,0,ヤマトヤブカ
ヤマナカナガレトビケラ,species,common:taxon:gbif.5052605,"Rhyacophila yamanakensis Iwata, 1927",,T3,GBIF match species 'Rhyacophila yamanakensis' -> 5052605 (exact) (学名列),0,ヤマナカナガレトビケラ
ヤママユ,species,common:taxon:gbif.1866568,"Antheraea yamamai Guérin-Méneville, 1861",,T2,registry vernacular_name_ja ヤママユ,0,ヤママユ
ヤマユスリカ属の一種,genus,common:taxon:gbif.1452593,"Diamesa Meigen, 1835",,T5,GBIF match genus 'Diamesa' -> 1452593 (exact) (学名列の属 Diamesa; ja_genus ヤマユスリカ属) [rank_reduced],0,ヤマユスリカ属の一種
ヤマユスリカ属の一種12xl,genus,common:taxon:gbif.1452593,"Diamesa Meigen, 1835",,T5,GBIF match genus 'Diamesa' -> 1452593 (exact) (同じ属の種から ヤマユスリカ属 -> Diamesa) [rank_reduced],0,ヤマユスリカ属の一種 12XL
ヤマユスリカ属の一種3xl,genus,common:taxon:gbif.1452593,"Diamesa Meigen, 1835",,T5,GBIF match genus 'Diamesa' -> 1452593 (exact) (同じ属の種から ヤマユスリカ属 -> Diamesa) [rank_reduced],0,ヤマユスリカ属の一種 3XL
ヤマユスリカ属の一種4xl/ヤマユスリカ属の一種2xl,genus,common:taxon:gbif.1452593,"Diamesa Meigen, 1835",,T5,"GBIF match genus 'Diamesa' -> 1452593 (exact) (同じ属の種から ヤマユスリカ属 -> Diamesa) (シートの属 ヤマユスリカ属; 併記 ヤマユスリカ属の一種 4XL/ヤマユスリカ属の一種 2 XL) [rank_reduced,name_ambiguous]",0,ヤマユスリカ属の一種 4XL/ヤマユスリカ属の一種 2 XL
ヤモンユスリカ,species,common:taxon:gbif.1456121,"Polypedilum nubifer Skuse, 1889",,T3,GBIF match species 'Polypedilum nubifer' -> 1456121 (exact) (学名列),0,ヤモンユスリカ
ユウマダラエダシャク,species,common:taxon:gbif.1967921,"Abraxas miranda Butler, 1878",,T2,registry vernacular_name_ja ユウマダラエダシャク,0,ユウマダラエダシャク
ユキシタカワゲラ属1,genus,common:taxon:gbif.2001645,"Mesyatsia Ricker & Ross, 1975",,T5,GBIF match genus 'Mesyatsia' -> 2001645 (exact) (学名列の属 Mesyatsia; ja_genus ユキシタカワゲラ属) [rank_reduced],0,ユキシタカワゲラ属1
ユキシタカワゲラ属の一種,genus,common:taxon:gbif.2001645,"Mesyatsia Ricker & Ross, 1975",,T5,gbif_vernacular ユキシタカワゲラ属 -> 2001645 [rank_reduced],0,ユキシタカワゲラ属の一種
ユキヤナギアブラムシ,species,common:taxon:kanagawa-edna.%E3%83%A6%E3%82%AD%E3%83%A4%E3%83%8A%E3%82%AE%E3%82%A2%E3%83%96%E3%83%A9%E3%83%A0%E3%82%B7,,ユキヤナギアブラムシ,T4,和名のみ。registry に学名・和名とも無い,0,ユキヤナギアブラムシ
ユゴイ,species,common:taxon:gbif.5208682,"Kuhlia marginata (Cuvier, 1829)",,T3,GBIF match species 'Kuhlia marginata' -> 5208682 (exact) (学名列),0,ユゴイ
ユスリカ属の一種,genus,common:taxon:inat.129409,Chironomus,,T5,registry genus Chironomus (学名列の属 Chironomus; ja_genus ユスリカ属) [rank_reduced],0,ユスリカ属の一種
ユミアシヒメフタマタアミカ,genus,common:taxon:gbif.1629676,"Philorus Kellogg, 1903",,T5,種 Philorus vividis は GBIF に無い (none) ので属 Philorus に寄せる; GBIF match genus 'Philorus' -> 1629676 (exact) [rank_reduced],0,ユミアシヒメフタマタアミカ
ユミゲカギヅメアヤトビムシ,species,common:taxon:kanagawa-edna.%E3%83%A6%E3%83%9F%E3%82%B2%E3%82%AB%E3%82%AE%E3%83%85%E3%83%A1%E3%82%A2%E3%83%A4%E3%83%88%E3%83%93%E3%83%A0%E3%82%B7,,ユミゲカギヅメアヤトビムシ,T4,和名のみ。registry に学名・和名とも無い,0,ユミゲカギヅメアヤトビムシ
ユミモンヒラタカゲロウ,genus,common:taxon:gbif.1408551,"Epeorus Eaton, 1881",,T5,種 Proepeorus nipponicus は GBIF に無い (none) ので属 Proepeorus に寄せる; GBIF match genus 'Proepeorus' -> 1408551 (synonym_of(4683420)) [rank_reduced],0,ユミモンヒラタカゲロウ
ユメノクラゲ,species,common:taxon:gbif.2266749,"Astrohydra japonica Hashimoto, 1981",,T3,GBIF match species 'Astrohydra japonica' -> 2266749 (exact) (学名列),0,ユメノクラゲ
ユリミミズ,species,common:taxon:gbif.2308543,"Limnodrilus hoffmeisteri Claparède, 1862",,T2c,gbif_vernacular ユリミミズ -> 2308543; registry に既存,0,ユリミミズ
ヨゴレミズミミズ,species,common:taxon:gbif.2308197,"Slavina appendiculata (d'Udekem, 1855)",,T3,GBIF match species 'Slavina appendiculata' -> 2308197 (exact) (学名列),0,ヨゴレミズミミズ
ヨシノコカゲロウ,species,common:taxon:gbif.10773257,Takobia yoshinensis,,T3,GBIF match species 'Takobia yoshinensis' -> 10773257 (exact) (学名列),0,ヨシノコカゲロウ
ヨシノボリ属,genus,common:taxon:inat.91721,Rhinogobius,,T5,registry genus Rhinogobius [exact_name] (同じ属の種から ヨシノボリ属 -> Rhinogobius) [rank_reduced],0,ヨシノボリ属(上記ヨシノボリ属の種を除く)
ヨシノボリ属の一種,genus,common:taxon:inat.91721,Rhinogobius,,T5,registry genus Rhinogobius [exact_name] (同じ属の種から ヨシノボリ属 -> Rhinogobius) [rank_reduced],0,ヨシノボリ属の一種
ヨシノマダラカゲロウ,species,common:taxon:gbif.6931855,"Drunella ishiyamana (Matsumura, 1931)",,T3,GBIF match species 'Drunella ishiyamana' -> 6931855 (exact) (学名列),0,ヨシノマダラカゲロウ
ヨツボシカメムシ,species,common:taxon:gbif.10888331,"Homalogonia obtusa (Walker, 1868)",,T2c,gbif_vernacular ヨツボシカメムシ -> 10888331; registry に既存,0,ヨツボシカメムシ
ヨツボシケシキスイ,species,common:taxon:gbif.5877767,"Librodor japonicus (Motschulsky, 1857)",,T2,registry vernacular_name_ja ヨツボシケシキスイ,0,ヨツボシケシキスイ
ヨツボシテントウダマシ,species,common:taxon:gbif.6713727,Ancylopus pictus,,T1,registry species Ancylopus pictus (学名列) [prefer_gbif_namespace],0,ヨツボシテントウダマシ
ヨツモンカメノコハムシ,species,common:taxon:gbif.5876115,"Laccoptera nepalensis Boheman, 1855",,T2c,gbif_vernacular ヨツモンカメノコハムシ -> 5876115; registry に既存,0,ヨツモンカメノコハムシ
ヨツモンマエジロアオシャク,species,common:taxon:inat.626993,Comibaena procumbaria,,T1,registry species Comibaena procumbaria (学名列) [exact_name],0,ヨツモンマエジロアオシャク
ヨトウガ,species,common:taxon:gbif.1788522,"Mamestra brassicae Linnaeus, 1758",,T2,registry vernacular_name_ja ヨトウガ,0,ヨトウガ
ヨモギアシナガトビハムシ,species,common:taxon:gbif.4990791,"Longitarsus succineus (Foudras, 1859)",,T2c,gbif_vernacular ヨモギアシナガトビハムシ -> 4990791; registry に既存,0,ヨモギアシナガトビハムシ
ヨモギミドリクギケアブラムシ,species,common:taxon:kanagawa-edna.%E3%83%A8%E3%83%A2%E3%82%AE%E3%83%9F%E3%83%89%E3%83%AA%E3%82%AF%E3%82%AE%E3%82%B1%E3%82%A2%E3%83%96%E3%83%A9%E3%83%A0%E3%82%B7,,ヨモギミドリクギケアブラムシ,T4,和名のみ。registry に学名・和名とも無い,0,ヨモギミドリクギケアブラムシ
ヨーロッパシジュウカラ,species,common:taxon:gbif.9705453,"Parus major Linnaeus, 1758",,T2c,gbif_vernacular ヨーロッパシジュウカラ -> 9705453; registry に既存,0,ヨーロッパシジュウカラ（おそらくシジュウカラ）
ラミーカミキリ,species,common:taxon:inat.714213,Paraglenea fortunei,,T1,registry species Paraglenea fortunei (学名列) [exact_name],0,ラミーカミキリ
リョウカクサワユスリカ,species,common:taxon:kanagawa-edna.%E3%83%AA%E3%83%A7%E3%82%A6%E3%82%AB%E3%82%AF%E3%82%B5%E3%83%AF%E3%83%A6%E3%82%B9%E3%83%AA%E3%82%AB,,リョウカクサワユスリカ,T4,和名のみ。registry に学名・和名とも無い,0,リョウカクサワユスリカ
ルイヨウマダラテントウ/ニジュウヤホシテントウ/ヤマトアザミテントウ,family,common:taxon:gbif.7782,Coccinellidae,,T5,"registry family Coccinellidae [prefer_gbif_namespace] (同じ科の種から テントウムシ科 -> Coccinellidae) (シートの科 テントウムシ科; 併記 ルイヨウマダラテントウ/ニジュウヤホシテントウ/ヤマトアザミテントウ) [rank_reduced,name_ambiguous]",0,ルイヨウマダラテントウ/ニジュウヤホシテントウ/ヤマトアザミテントウ
ルリアリ,species,common:taxon:gbif.1321647,"Ochetellus glaber (Mayr, 1862)",,T2c,gbif_vernacular ルリアリ -> 1321647; registry に既存,0,ルリアリ
ルリシジミ,species,common:taxon:gbif.1925918,"Celastrina argiolus (Linnaeus, 1758)",,T2,registry vernacular_name_ja ルリシジミ,0,ルリシジミ
ルリチュウレンジ,species,common:taxon:gbif.5868174,"Arge similis (Vollenhoven, 1860)",,T2c,gbif_vernacular ルリチュウレンジ -> 5868174; registry に既存,0,ルリチュウレンジ
ルリヨシノボリ/クロヨシノボリ,genus,common:taxon:inat.91721,Rhinogobius,,T5,"併記の全成員が属 Rhinogobius の種（ルリヨシノボリ->common:taxon:gbif.11142728; クロヨシノボリ->common:taxon:gbif.2377583）; registry genus Rhinogobius [exact_name] [rank_reduced,name_ambiguous]",0,ルリヨシノボリ/クロヨシノボリ（その他のヨシノボリ属の可能性あり）
ロウニンアジ,species,common:taxon:gbif.2390805,"Caranx ignobilis (Forsskål, 1775)",,T2c,gbif_vernacular ロウニンアジ -> 2390805; registry に既存,0,ロウニンアジ
ワカサギ,species,common:taxon:gbif.2410890,"Hypomesus nipponensis McAllister, 1963",,T2,registry vernacular_name_ja ワカサギ,0,ワカサギ
ワタアカミムシガ,species,common:taxon:gbif.5121979,"Pectinophora gossypiella (Saunders, 1844)",,T2c,gbif_vernacular ワタアカミムシガ -> 5121979,0,ワタアカミムシガ
ワタアブラムシ,species,common:taxon:inat.309466,Aphis gossypii,,T1,registry species Aphis gossypii (学名列) [exact_name],0,ワタアブラムシ
ワタミヒゲナガゾウムシ,species,common:taxon:inat.214056,Araecerus fasciculatus,,T1,registry species Araecerus fasciculatus (学名列) [exact_name],0,ワタミヒゲナガゾウムシ
ワモンゴキブリ,species,common:taxon:inat.82231,Periplaneta americana,,T1,registry species Periplaneta americana (学名列) [exact_name],0,ワモンゴキブリ
