taxon_id,scientific_name,canonical_binomial,rank,kingdom,phylum,class,order,family,vernacular_name_ja,gbif_taxon_key,basis,evidence
common:taxon:gbif.10010656,Hydropsyche albicephala,,species,Animalia,Arthropoda,Insecta,Trichoptera,Hydropsychidae,シロズシマトビケラ,10010656,gbif_match,kanagawa_edna: GBIF match species 'Hydropsyche albicephala' -> 10010656
common:taxon:gbif.1003567,"Pectinatella magnifica (Leidy, 1851)",,species,Animalia,Bryozoa,Phylactolaemata,Plumatellida,Pectinatellidae,,1003567,gbif_match,kanagawa_edna: gbif_vernacular オオマリコケムシ -> 1003567
common:taxon:gbif.1003577,"Fredericella indica Annandale, 1909",,species,Animalia,Bryozoa,Phylactolaemata,Plumatellida,Fredericellidae,コブカラクサコケムシ,1003577,gbif_match,kanagawa_edna: GBIF match species 'Fredericella indica' -> 1003577
common:taxon:gbif.1003585,"Plumatella Lamarck, 1816",,genus,Animalia,Bryozoa,Phylactolaemata,Plumatellida,Plumatellidae,,1003585,gbif_match,kanagawa_edna: GBIF match genus 'Plumatella' -> 1003585
common:taxon:gbif.1003588,"Plumatella casmiana Oka, 1907",,species,Animalia,Bryozoa,Phylactolaemata,Plumatellida,Plumatellidae,カスミハネコケムシ,1003588,gbif_match,kanagawa_edna: GBIF match species 'Plumatella casmiana' -> 1003588
common:taxon:gbif.1003614,"Plumatella emarginata Allmann, 1844",,species,Animalia,Bryozoa,Phylactolaemata,Plumatellida,Plumatellidae,ヤハズハネコケムシ,1003614,gbif_match,kanagawa_edna: GBIF match species 'Plumatella emarginata' -> 1003614
common:taxon:gbif.1003624,"Plumatella mukaii Wood, 2001",,species,Animalia,Bryozoa,Phylactolaemata,Plumatellida,Plumatellidae,トゲヤハズハネコケムシ,1003624,gbif_match,kanagawa_edna: GBIF match species 'Plumatella mukaii' -> 1003624
common:taxon:gbif.1003626,"Plumatella vaihiriae (Hastings, 1929)",,species,Animalia,Bryozoa,Phylactolaemata,Plumatellida,Plumatellidae,,1003626,gbif_match,kanagawa_edna: GBIF match species 'Plumatella vaihiriae' -> 1003626
common:taxon:gbif.1003627,"Plumatella reticulata Wood, 1988",,species,Animalia,Bryozoa,Phylactolaemata,Plumatellida,Plumatellidae,アミヤハズハネコケムシ,1003627,gbif_match,kanagawa_edna: GBIF match species 'Plumatella reticulata' -> 1003627
common:taxon:gbif.1003647,"Lophopodella carteri (Hyatt, 1866)",,species,Animalia,Bryozoa,Phylactolaemata,Plumatellida,Lophopodidae,ヒメテンコケムシ,1003647,gbif_match,kanagawa_edna: GBIF match species 'Lophopodella carteri' -> 1003647
common:taxon:gbif.1007737,"Conopeum seurati (Canu, 1928)",,species,Animalia,Bryozoa,Gymnolaemata,Cheilostomatida,Electridae,,1007737,gbif_match,kanagawa_edna: GBIF match species 'Conopeum seurati' -> 1007737
common:taxon:gbif.1008901,"Fenestrulina Jullien, 1888",,genus,Animalia,Bryozoa,Gymnolaemata,Cheilostomatida,Fenestrulinidae,,1008901,gbif_match,kanagawa_edna: GBIF match genus 'Fenestrulina' -> 1008901
common:taxon:gbif.10099165,"Dolbina paraexacta Brechlin, 2009",,species,Animalia,Arthropoda,Insecta,Lepidoptera,Sphingidae,,10099165,gbif_match,kanagawa_edna: GBIF match species 'Dolbina paraexacta' -> 10099165
common:taxon:gbif.1010304,"Paludicella articulata (Ehrenberg, 1831)",,species,Animalia,Bryozoa,Gymnolaemata,Ctenostomatida,Paludicellidae,チャミドロコケムシ,1010304,gbif_match,kanagawa_edna: GBIF match species 'Paludicella articulata' -> 1010304
common:taxon:gbif.1010467,"Hislopia Carter, 1858",,genus,Animalia,Bryozoa,Gymnolaemata,Ctenostomatida,Hislopiidae,,1010467,gbif_match,kanagawa_edna: GBIF match genus 'Hislopia' -> 1010467
common:taxon:gbif.10121652,"Willowsia japonica (J.W.Folsom, 1898)",,species,Animalia,Arthropoda,Collembola,Entomobryomorpha,Entomobryidae,ヤマトウロコトビムシ,10121652,gbif_match,kanagawa_edna: GBIF match species 'Willowsia japonica' -> 10121652
common:taxon:gbif.10237320,"Homidia laha (K.Christiansen & P.Bellinger, 1992)",,species,Animalia,Arthropoda,Collembola,Entomobryomorpha,Entomobryidae,,10237320,gbif_match,kanagawa_edna: GBIF match species 'Homidia laha' -> 10237320
common:taxon:gbif.10257766,"Lepidostoma crassicorne G Ulmer, 1907",,species,Animalia,Arthropoda,Insecta,Trichoptera,Lepidostomatidae,オオカクツツトビケラ,10257766,gbif_match,kanagawa_edna: GBIF match species 'Lepidostoma crassicorne' -> 10257766
common:taxon:gbif.1031391,"Ectopsocopsis cryptomeriae (Enderlein, 1907)",,species,Animalia,Arthropoda,Insecta,Psocodea,Ectopsocidae,クリイロチャタテ,1031391,gbif_match,kanagawa_edna: GBIF match species 'Ectopsocopsis cryptomeriae' -> 1031391
common:taxon:gbif.1031461,"Trichadenotecnum castum Betz, 1983",,species,Animalia,Arthropoda,Insecta,Psocodea,Psocidae,,1031461,gbif_match,kanagawa_edna: GBIF match species 'Trichadenotecnum castum' -> 1031461
common:taxon:gbif.1031467,"Trichadenotecnum circularoides Badonnel, 1955",,species,Animalia,Arthropoda,Insecta,Psocodea,Psocidae,,1031467,gbif_match,kanagawa_edna: GBIF match species 'Trichadenotecnum circularoides' -> 1031467
common:taxon:gbif.1031485,"Aaroniella Mockford, 1951",,genus,Animalia,Arthropoda,Insecta,Psocodea,Philotarsidae,,1031485,gbif_match,kanagawa_edna: GBIF match genus 'Aaroniella' -> 1031485
common:taxon:gbif.1031509,"Liposcelis rufa Broadhead, 1950",,species,Animalia,Arthropoda,Insecta,Psocodea,Liposcelididae,,1031509,gbif_match,kanagawa_edna: GBIF match species 'Liposcelis rufa' -> 1031509
common:taxon:gbif.1031520,"Liposcelis bostrychophila Badonnel, 1931",,species,Animalia,Arthropoda,Insecta,Psocodea,Liposcelididae,ヒラタチャタテ,1031520,gbif_match,kanagawa_edna: GBIF match species 'Liposcelis bostrychophila' -> 1031520
common:taxon:gbif.1031521,"Liposcelis decolor (Pearman, 1925)",,species,Animalia,Arthropoda,Insecta,Psocodea,Liposcelididae,ホンチャタテ,1031521,gbif_match,kanagawa_edna: GBIF match species 'Liposcelis decolor' -> 1031521
common:taxon:gbif.1031525,"Liposcelis pearmani Lienhard, 1990",,species,Animalia,Arthropoda,Insecta,Psocodea,Liposcelididae,,1031525,gbif_match,kanagawa_edna: GBIF match species 'Liposcelis pearmani' -> 1031525
common:taxon:gbif.1031546,"Hemipsocus chloroticus (Hagen, 1858)",,species,Animalia,Arthropoda,Insecta,Psocodea,Hemipsocidae,,1031546,gbif_match,kanagawa_edna: gbif_vernacular スカシチャタテ -> 1031546
common:taxon:gbif.1031742,"Dorypteryx domestica (Smithers, 1958)",,species,Animalia,Arthropoda,Insecta,Psocodea,Psyllipsocidae,,1031742,gbif_match,kanagawa_edna: gbif_vernacular イエチャタテ -> 1031742
common:taxon:gbif.1033399,"Eubrianax Kiesenwetter, 1874",,genus,Animalia,Arthropoda,Insecta,Coleoptera,Psephenidae,,1033399,gbif_match,kanagawa_edna: 併記の全成員が属 Eubrianax の種（マルヒラタドロムシ->common:taxon:gbif.6994410
common:taxon:gbif.1033543,"Heterlimnius Hinton, 1935",,genus,Animalia,Arthropoda,Insecta,Coleoptera,Elmidae,,1033543,gbif_match,kanagawa_edna: 種 Heterlimnius nitidus は GBIF に無い
common:taxon:gbif.1034259,"Berosus Leach, 1817",,genus,Animalia,Arthropoda,Insecta,Coleoptera,Hydrophilidae,,1034259,gbif_match,kanagawa_edna: 併記の全成員が属 Berosus の種（ニッポントゲバゴマフガムシ->common:taxon:gbif.9967376
common:taxon:gbif.10405371,"Hesperocorixa distanti (Kirkaldy, 1899)",,species,Animalia,Arthropoda,Insecta,Hemiptera,Corixidae,,10405371,gbif_match,kanagawa_edna: gbif_vernacular ミズムシ -> 10405371
common:taxon:gbif.1043577,"Psyllobora Chevrolat, 1836",,genus,Animalia,Arthropoda,Insecta,Coleoptera,Coccinellidae,,1043577,gbif_match,kanagawa_edna: GBIF match genus 'Psyllobora' -> 1043577
common:taxon:gbif.1048933,"Pyrrhalta viburni (Paykull, 1799)",,species,Animalia,Arthropoda,Insecta,Coleoptera,Chrysomelidae,,1048933,gbif_match,kanagawa_edna: GBIF match species 'Pyrrhalta viburni' -> 1048933
common:taxon:gbif.10492059,Anthocoris miyamotoi,,species,Animalia,Arthropoda,Insecta,Hemiptera,Anthocoridae,,10492059,gbif_match,kanagawa_edna: gbif_vernacular キモンクロハナカメムシ -> 10492059
common:taxon:gbif.1053238,"Maladera verticalis (Fairmaire, 1888)",,species,Animalia,Arthropoda,Insecta,Coleoptera,Scarabaeidae,,1053238,gbif_match,kanagawa_edna: GBIF match species 'Maladera verticalis' -> 1053238
common:taxon:gbif.10541663,"Aulophorus furcatus (Müller, 1774)",,species,Animalia,Annelida,Clitellata,Tubificida,Naididae,スエヒロミミズ,10541663,gbif_match,kanagawa_edna: GBIF match species 'Aulophorus furcatus' -> 10541663
common:taxon:gbif.10560184,"Micronecta guttata Matsumura, 1905",,species,Animalia,Arthropoda,Insecta,Hemiptera,Micronectidae,,10560184,gbif_match,kanagawa_edna: gbif_vernacular コチビミズムシ -> 10560184
common:taxon:gbif.10658989,Onychiurus orientalis,,species,Animalia,Arthropoda,Collembola,Poduromorpha,Onychiuridae,,10658989,gbif_match,kanagawa_edna: GBIF match species 'Onychiurus orientalis' -> 10658989
common:taxon:gbif.10724236,"Odhneripisidium parvum (Mori, 1938)",,species,Animalia,Mollusca,Bivalvia,Sphaeriida,Sphaeriidae,チビマメシジミ,10724236,gbif_match,kanagawa_edna: GBIF match species 'Odhneripisidium parvum' -> 10724236
common:taxon:gbif.10739870,"Odhneripisidium annandalei (Prashad, 1925)",,species,Animalia,Mollusca,Bivalvia,Sphaeriida,Sphaeriidae,,10739870,gbif_match,kanagawa_edna: GBIF match species 'Pisidium annandalei' -> 10739870
common:taxon:gbif.10763957,Kisaura kisoensis,,species,Animalia,Arthropoda,Insecta,Trichoptera,Philopotamidae,キソタニガワトビケラ,10763957,gbif_match,kanagawa_edna: GBIF match species 'Kisaura kisoensis' -> 10763957
common:taxon:gbif.10771939,"Amphiareus ruficollaris Yamada & Hirowatari, 2003",,species,Animalia,Arthropoda,Insecta,Hemiptera,Anthocoridae,アカエリヤサハナカメムシ,10771939,gbif_match,kanagawa_edna: GBIF match species 'Amphiareus ruficollaris' -> 10771939
common:taxon:gbif.10773257,Takobia yoshinensis,,species,Animalia,Arthropoda,Insecta,Ephemeroptera,Baetidae,ヨシノコカゲロウ,10773257,gbif_match,kanagawa_edna: GBIF match species 'Takobia yoshinensis' -> 10773257
common:taxon:gbif.10830063,Anthocoris kerzhneri,,species,Animalia,Arthropoda,Insecta,Hemiptera,Anthocoridae,,10830063,gbif_match,kanagawa_edna: GBIF match species 'Anthocoris kerzhneri' -> 10830063
common:taxon:gbif.11220514,"Prosciara ussuriensis (Antonova, 1977)",,species,Animalia,Arthropoda,Insecta,Diptera,Sciaridae,,11220514,gbif_match,kanagawa_edna: GBIF match species 'Phytosciara ussuriensis' -> 11220514
common:taxon:gbif.11375731,"Polionemobius taprobanense (Walker, 1869)",,species,Animalia,Arthropoda,Insecta,Orthoptera,Trigonidiidae,,11375731,gbif_match,kanagawa_edna: gbif_vernacular ネッタイシバスズ -> 11375731
common:taxon:gbif.11430243,"Euhampsonia serratifera Sugi, 1994",,species,Animalia,Arthropoda,Insecta,Lepidoptera,Notodontidae,,11430243,gbif_match,kanagawa_edna: GBIF match species 'Euhampsonia serratifera' -> 11430243
common:taxon:gbif.11567390,Amphiareus morimotoi,,species,Animalia,Arthropoda,Insecta,Hemiptera,Anthocoridae,,11567390,gbif_match,kanagawa_edna: gbif_vernacular モリモトヤサハナカメムシ -> 11567390
common:taxon:gbif.11666427,"Odhneripisidium japonicum (Pilsbry & Y.Hirase, 1908)",,species,Animalia,Mollusca,Bivalvia,Sphaeriida,Sphaeriidae,,11666427,gbif_match,kanagawa_edna: GBIF match species 'Odhneripisidium japonicum' -> 11666427
common:taxon:gbif.11903210,"Plautia fimbriata (Fabricius, 1787)",,species,Animalia,Arthropoda,Insecta,Hemiptera,Pentatomidae,,11903210,gbif_match,kanagawa_edna: GBIF match species 'Plautia fimbriata' -> 11903210
common:taxon:gbif.12216988,"Telmaturgus simplicipes (Becker, 1908)",,species,Animalia,Arthropoda,Insecta,Diptera,Dolichopodidae,,12216988,gbif_match,kanagawa_edna: GBIF match species 'Sympycnus turbidus' -> 12216988
common:taxon:gbif.12223207,Choroterpes altioculus,,species,Animalia,Arthropoda,Insecta,Ephemeroptera,Leptophlebiidae,ヒメトビイロカゲロウ,12223207,gbif_match,kanagawa_edna: GBIF match species 'Choroterpes altioculus' -> 12223207
common:taxon:gbif.12243487,"Lepidostoma orientale M Tsuda, 1942",,species,Animalia,Arthropoda,Insecta,Trichoptera,Lepidostomatidae,トウヨウカクツツトビケラ,12243487,gbif_match,kanagawa_edna: GBIF match species 'Lepidostoma orientale' -> 12243487
common:taxon:gbif.12259591,"Paraglenurus melanostictus Matsumoto, Kikuta & Hayashi, 2021",,species,Animalia,Arthropoda,Insecta,Neuroptera,Myrmeleontidae,,12259591,gbif_match,kanagawa_edna: gbif_vernacular クロホシウスバカゲロウ -> 12259591
common:taxon:gbif.1260239,"Diaeretiella rapae (McIntosh, 1855)",,species,Animalia,Arthropoda,Insecta,Hymenoptera,Braconidae,,1260239,gbif_match,kanagawa_edna: GBIF match species 'Diaeretiella rapae' -> 1260239
common:taxon:gbif.1294304,"Amblyjoppa Cameron, 1902",,genus,Animalia,Arthropoda,Insecta,Hymenoptera,Ichneumonidae,,1294304,gbif_match,kanagawa_edna: GBIF match genus 'Amblyjoppa' -> 1294304
common:taxon:gbif.1314881,"Formica fusca Linnaeus, 1758",,species,Animalia,Arthropoda,Insecta,Hymenoptera,Formicidae,,1314881,gbif_match,kanagawa_edna: GBIF match species 'Formica fusca' -> 1314881
common:taxon:gbif.1314946,"Formica cunicularia Latreille, 1798",,species,Animalia,Arthropoda,Insecta,Hymenoptera,Formicidae,,1314946,gbif_match,kanagawa_edna: GBIF match species 'Formica cunicularia' -> 1314946
common:taxon:gbif.1328068,"Anterhynchium de Saussure, 1863",,genus,Animalia,Arthropoda,Insecta,Hymenoptera,Eumenidae,,1328068,gbif_match,kanagawa_edna: GBIF match genus 'Anterhynchium' -> 1328068
common:taxon:gbif.1397345,"Asaphes suspensus (Nees, 1834)",,species,Animalia,Arthropoda,Insecta,Hymenoptera,Pteromalidae,,1397345,gbif_match,kanagawa_edna: GBIF match species 'Asaphes suspensus' -> 1397345
common:taxon:gbif.1407473,"Ephemerella Walsh, 1863",,genus,Animalia,Arthropoda,Insecta,Ephemeroptera,Ephemerellidae,,1407473,gbif_match,kanagawa_edna: 種 Ephemerella ishiwatai は GBIF に無い
common:taxon:gbif.1407481,"Ameletus Eaton, 1885",,genus,Animalia,Arthropoda,Insecta,Ephemeroptera,Ameletidae,,1407481,gbif_match,kanagawa_edna: GBIF match genus 'Ameletus' -> 1407481
common:taxon:gbif.1407878,"Cloeon Leach, 1815",,genus,Animalia,Arthropoda,Insecta,Ephemeroptera,Baetidae,,1407878,gbif_match,kanagawa_edna: GBIF match genus 'Cloeon' -> 1407878
common:taxon:gbif.1408104,"Caenis Stephens, 1835",,genus,Animalia,Arthropoda,Insecta,Ephemeroptera,Caenidae,,1408104,gbif_match,kanagawa_edna: gbif_vernacular ヒメシロカゲロウ属 -> 1408104 [rank_reduced]
common:taxon:gbif.1408127,"Drunella Needham, 1905",,genus,Animalia,Arthropoda,Insecta,Ephemeroptera,Ephemerellidae,,1408127,gbif_match,kanagawa_edna: GBIF match genus 'Drunella' -> 1408127
common:taxon:gbif.1408514,"Cinygmula McDunnough, 1933",,genus,Animalia,Arthropoda,Insecta,Ephemeroptera,Heptageniidae,,1408514,gbif_match,kanagawa_edna: GBIF match genus 'Cinygmula' -> 1408514
common:taxon:gbif.1408551,"Epeorus Eaton, 1881",,genus,Animalia,Arthropoda,Insecta,Ephemeroptera,Heptageniidae,,1408551,gbif_match,kanagawa_edna: 種 Proepeorus nipponicus は GBIF に無い
common:taxon:gbif.1420023,"Haplothrips aculeatus (Fabricius, 1803)",,species,Animalia,Arthropoda,Insecta,Thysanoptera,Phlaeothripidae,イネクダアザミウマ,1420023,gbif_match,kanagawa_edna: GBIF match species 'Haplothrips aculeatus' -> 1420023
common:taxon:gbif.1420615,"Scirtothrips dorsalis Hood, 1919",,species,Animalia,Arthropoda,Insecta,Thysanoptera,Thripidae,チャノキイロアザミウマ,1420615,gbif_match,kanagawa_edna: GBIF match species 'Scirtothrips dorsalis' -> 1420615
common:taxon:gbif.1421306,"Epiophlebia superstes (Selys, 1889)",,species,Animalia,Arthropoda,Insecta,Odonata,Epiophlebiidae,,1421306,gbif_match,kanagawa_edna: gbif_vernacular ムカシトンボ -> 1421306
common:taxon:gbif.1424815,"Anax Leach, 1815",,genus,Animalia,Arthropoda,Insecta,Odonata,Aeshnidae,,1424815,gbif_match,kanagawa_edna: 併記の全成員が属 Anax の種（クロスジギンヤンマ->common:taxon:gbif.5051785
common:taxon:gbif.1424994,"Planaeschna milnei (Selys, 1883)",,species,Animalia,Arthropoda,Insecta,Odonata,Aeshnidae,ミルンヤンマ,1424994,gbif_match,kanagawa_edna: GBIF match species 'Planaeschna milnei' -> 1424994
common:taxon:gbif.1430428,"Glossosoma nichinkata Schmid, 1971",,species,Animalia,Arthropoda,Insecta,Trichoptera,Glossosomatidae,ニチンカタヤマトビケラ,1430428,gbif_match,kanagawa_edna: GBIF match species 'Glossosoma nichinkata' -> 1430428
common:taxon:gbif.1430432,"Glossosoma altaicum (Martynov, 1914)",,species,Animalia,Arthropoda,Insecta,Trichoptera,Glossosomatidae,アルタイヤマトビケラ,1430432,gbif_match,kanagawa_edna: GBIF match species 'Glossosoma altaicum' -> 1430432
common:taxon:gbif.1430515,"Glossosoma ussuricum (Martynov, 1934)",,species,Animalia,Arthropoda,Insecta,Trichoptera,Glossosomatidae,イノプスヤマトビケラ,1430515,gbif_match,kanagawa_edna: GBIF match species 'Glossosoma ussuricum' -> 1430515
common:taxon:gbif.1430663,"Agapetus sibiricus Martynov, 1918",,species,Animalia,Arthropoda,Insecta,Trichoptera,Glossosomatidae,ヤマトコヤマトビケラ,1430663,gbif_match,kanagawa_edna: GBIF match species 'Agapetus sibiricus' -> 1430663
common:taxon:gbif.1431220,"Chimarra tsudai Ross, 1956",,species,Animalia,Arthropoda,Insecta,Trichoptera,Philopotamidae,ツダコタニガワトビケラ,1431220,gbif_match,kanagawa_edna: GBIF match species 'Chimarra tsudai' -> 1431220
common:taxon:gbif.1431491,"Dolophilodes iroensis (Kobayashi, 1980)",,species,Animalia,Arthropoda,Insecta,Trichoptera,Philopotamidae,イロタニガワトビケラ,1431491,gbif_match,kanagawa_edna: GBIF match species 'Dolophilodes iroensis' -> 1431491
common:taxon:gbif.1431526,"Kisaura Ross, 1956",,genus,Animalia,Arthropoda,Insecta,Trichoptera,Philopotamidae,,1431526,gbif_match,kanagawa_edna: GBIF match genus 'Kisaura' -> 1431526
common:taxon:gbif.1431533,"Kisaura nozakii (Kuhara, 1999)",,species,Animalia,Arthropoda,Insecta,Trichoptera,Philopotamidae,ノザキタニガワトビケラ,1431533,gbif_match,kanagawa_edna: GBIF match species 'Kisaura nozakii' -> 1431533
common:taxon:gbif.1431546,"Kisaura tsudai (Botosaneanu, 1970)",,species,Animalia,Arthropoda,Insecta,Trichoptera,Philopotamidae,ツダタニガワトビケラ,1431546,gbif_match,kanagawa_edna: GBIF match species 'Kisaura tsudai' -> 1431546
common:taxon:gbif.1431790,"Stenopsyche sauteri Ulmer, 1907",,species,Animalia,Arthropoda,Insecta,Trichoptera,Stenopsychidae,,1431790,gbif_match,kanagawa_edna: gbif_vernacular チャバネヒゲナガカワトビケラ -> 1431790
common:taxon:gbif.1433672,"Himalopsyche japonica (Morton, 1900)",,species,Animalia,Arthropoda,Insecta,Trichoptera,Rhyacophilidae,,1433672,gbif_match,kanagawa_edna: 辞書 taxa moe_redlist:https://ikilog.biodic.go.jp/rdbdata/files/redlist2020/redlist2020_kontyurui.csv#row=606
common:taxon:gbif.1434449,"Apsilochorema sutshanum Martynov, 1934",,species,Animalia,Arthropoda,Insecta,Trichoptera,Hydrobiosidae,ツメナガナガレトビケラ,1434449,gbif_match,kanagawa_edna: GBIF match species 'Apsilochorema sutshanum' -> 1434449
common:taxon:gbif.1434832,"Helicopsyche von Siebold, 1856",,genus,Animalia,Arthropoda,Insecta,Trichoptera,Helicopsychidae,,1434832,gbif_match,kanagawa_edna: gbif_vernacular カタツムリトビケラ属 -> 1434832 [rank_reduced]
common:taxon:gbif.1435171,"Gumaga orientalis (Martynov, 1935)",,species,Animalia,Arthropoda,Insecta,Trichoptera,Sericostomatidae,トウヨウグマガトビケラ,1435171,gbif_match,kanagawa_edna: GBIF match species 'Gumaga orientalis' -> 1435171
common:taxon:gbif.1435588,"Triaenodes McLachlan, 1865",,genus,Animalia,Arthropoda,Insecta,Trichoptera,Leptoceridae,,1435588,gbif_match,kanagawa_edna: GBIF match genus 'Triaenodes' -> 1435588
common:taxon:gbif.1437657,"Pseudoneureclipsis Ulmer, 1913",,genus,Animalia,Arthropoda,Insecta,Trichoptera,Polycentropodidae,,1437657,gbif_match,kanagawa_edna: gbif_vernacular ニセスイドウトビケラ属 -> 1437657 [rank_reduced]
common:taxon:gbif.1438158,"Polyplectropus Ulmer, 1905",,genus,Animalia,Arthropoda,Insecta,Trichoptera,Polycentropodidae,,1438158,gbif_match,kanagawa_edna: GBIF match genus 'Polyplectropus' -> 1438158
common:taxon:gbif.1438856,"Lype McLachlan, 1878",,genus,Animalia,Arthropoda,Insecta,Trichoptera,Psychomyiidae,,1438856,gbif_match,kanagawa_edna: GBIF match genus 'Lype' -> 1438856
common:taxon:gbif.1439161,"Diplectrona Westwood, 1840",,genus,Animalia,Arthropoda,Insecta,Trichoptera,Hydropsychidae,,1439161,gbif_match,kanagawa_edna: GBIF match genus 'Diplectrona' -> 1439161
common:taxon:gbif.1439209,"Diplectrona kibuneana Tsuda, 1940",,species,Animalia,Arthropoda,Insecta,Trichoptera,Hydropsychidae,キブネミヤマシマトビケラ,1439209,gbif_match,kanagawa_edna: GBIF match species 'Diplectrona kibuneana' -> 1439209
common:taxon:gbif.1439752,"Cheumatopsyche brevilineata (Iwata, 1927)",,species,Animalia,Arthropoda,Insecta,Trichoptera,Hydropsychidae,コガタシマトビケラ,1439752,gbif_match,kanagawa_edna: GBIF match species 'Cheumatopsyche brevilineata' -> 1439752
common:taxon:gbif.1440184,"Arctopsyche spinifera Ulmer, 1907",,species,Animalia,Arthropoda,Insecta,Trichoptera,Hydropsychidae,アミメシマトビケラ,1440184,gbif_match,kanagawa_edna: GBIF match species 'Arctopsyche spinifera' -> 1440184
common:taxon:gbif.1440577,"Ecnomus McLachlan, 1864",,genus,Animalia,Arthropoda,Insecta,Trichoptera,Ecnomidae,,1440577,gbif_match,kanagawa_edna: GBIF match genus 'Ecnomus' -> 1440577
common:taxon:gbif.1441064,"Phryganopsyche latipennis (Banks, 1906)",,species,Animalia,Arthropoda,Insecta,Trichoptera,Phryganopsychidae,マルバネトビケラ,1441064,gbif_match,kanagawa_edna: GBIF match species 'Phryganopsyche latipennis' -> 1441064
common:taxon:gbif.1441164,"Apatania aberrans (Martynov, 1933)",,species,Animalia,Arthropoda,Insecta,Trichoptera,Apataniidae,ヒラタコエグリトビケラ,1441164,gbif_match,kanagawa_edna: GBIF match species 'Apatania aberrans' -> 1441164
common:taxon:gbif.1441951,"Nothopsyche yamagataensis Kobayashi, 1973",,species,Animalia,Arthropoda,Insecta,Trichoptera,Limnephilidae,ヤマガタトビイロトビケラ,1441951,gbif_match,kanagawa_edna: GBIF match species 'Nothopsyche yamagataensis' -> 1441951
common:taxon:gbif.1441956,"Nothopsyche pallipes Banks, 1906",,species,Animalia,Arthropoda,Insecta,Trichoptera,Limnephilidae,,1441956,gbif_match,kanagawa_edna: gbif_vernacular トビイロトビケラ -> 1441956
common:taxon:gbif.1442983,"Goerodes satoi (Kobayashi, 1968)",,species,Animalia,Arthropoda,Insecta,Trichoptera,Lepidostomatidae,サトウカクツツトビケラ,1442983,gbif_match,kanagawa_edna: GBIF match species 'Lepidostoma satoi' -> 1442983
common:taxon:gbif.1442985,"Goerodes bipertitus (Kobayashi, 1955)",,species,Animalia,Arthropoda,Insecta,Trichoptera,Lepidostomatidae,ヒロオカクツツトビケラ,1442985,gbif_match,kanagawa_edna: GBIF match species 'Lepidostoma bipertitum' -> 1442985
common:taxon:gbif.1443431,"Micrasema hanasense Tsuda, 1942",,species,Animalia,Arthropoda,Insecta,Trichoptera,Brachycentridae,ハナセマルツツトビケラ,1443431,gbif_match,kanagawa_edna: GBIF match species 'Micrasema hanasense' -> 1443431
common:taxon:gbif.1445472,"Syndiamesa Kieffer, 1918",,genus,Animalia,Arthropoda,Insecta,Diptera,Chironomidae,,1445472,gbif_match,kanagawa_edna: GBIF match genus 'Syndiamesa' -> 1445472
common:taxon:gbif.1445477,"Syndiamesa takatensis Tokunaga, 1936",,species,Animalia,Arthropoda,Insecta,Diptera,Chironomidae,タカタユキユスリカ,1445477,gbif_match,kanagawa_edna: GBIF match species 'Sympotthastia takatensis' -> 1445477
common:taxon:gbif.1445509,"Potthastia Kieffer, 1922",,genus,Animalia,Arthropoda,Insecta,Diptera,Chironomidae,,1445509,gbif_match,kanagawa_edna: GBIF match genus 'Potthastia' -> 1445509
common:taxon:gbif.1445515,"Potthastia gaedii (Meigen, 1838)",,species,Animalia,Arthropoda,Insecta,Diptera,Chironomidae,クビレサワユスリカ,1445515,gbif_match,kanagawa_edna: GBIF match species 'Potthastia gaedii' -> 1445515
common:taxon:gbif.1445876,"Boreoheptagyia Brundin, 1966",,genus,Animalia,Arthropoda,Insecta,Diptera,Chironomidae,,1445876,gbif_match,kanagawa_edna: GBIF match genus 'Boreoheptagyia' -> 1445876
common:taxon:gbif.1445911,"Sympotthastia Pagast, 1947",,genus,Animalia,Arthropoda,Insecta,Diptera,Chironomidae,,1445911,gbif_match,kanagawa_edna: GBIF match genus 'Sympotthastia' -> 1445911
common:taxon:gbif.1446357,"Dicrotendipes Kieffer, 1913",,genus,Animalia,Arthropoda,Insecta,Diptera,Chironomidae,,1446357,gbif_match,kanagawa_edna: GBIF match genus 'Dicrotendipes' -> 1446357
common:taxon:gbif.1446406,"Dicrotendipes pelochloris (Kieffer, 1912)",,species,Animalia,Arthropoda,Insecta,Diptera,Chironomidae,メスグロユスリカ,1446406,gbif_match,kanagawa_edna: GBIF match species 'Dicrotendipes pelochloris' -> 1446406
common:taxon:gbif.1446544,"Krenopelopia Fittkau, 1962",,genus,Animalia,Arthropoda,Insecta,Diptera,Chironomidae,,1446544,gbif_match,kanagawa_edna: GBIF match genus 'Krenopelopia' -> 1446544
common:taxon:gbif.1447076,"Pagastia Oliver, 1959",,genus,Animalia,Arthropoda,Insecta,Diptera,Chironomidae,,1447076,gbif_match,kanagawa_edna: GBIF match genus 'Pagastia' -> 1447076
common:taxon:gbif.1447525,"Macropelopia Thienemann, 1916",,genus,Animalia,Arthropoda,Insecta,Diptera,Chironomidae,,1447525,gbif_match,kanagawa_edna: GBIF match genus 'Macropelopia' -> 1447525
common:taxon:gbif.1447572,"Macropelopia paranebulosa Fittkau, 1962",,species,Animalia,Arthropoda,Insecta,Diptera,Chironomidae,ボカシヌマユスリカ,1447572,gbif_match,kanagawa_edna: GBIF match species 'Macropelopia paranebulosa' -> 1447572
common:taxon:gbif.1447882,"Microtendipes Kieffer, 1915",,genus,Animalia,Arthropoda,Insecta,Diptera,Chironomidae,,1447882,gbif_match,kanagawa_edna: GBIF match genus 'Microtendipes' -> 1447882
common:taxon:gbif.1448275,"Chironomus kiiensis Tokunaga, 1936",,species,Animalia,Arthropoda,Insecta,Diptera,Chironomidae,ウスイロユスリカ,1448275,gbif_match,kanagawa_edna: GBIF match species 'Chironomus kiiensis' -> 1448275
common:taxon:gbif.1448412,"Chironomus samoensis Edwards, 1928",,species,Animalia,Arthropoda,Insecta,Diptera,Chironomidae,ヒシモンユスリカ,1448412,gbif_match,kanagawa_edna: GBIF match species 'Chironomus flaviplumus' -> 1448412
common:taxon:gbif.1449325,"Procladius nigriventris (Kieffer, 1924)",,species,Animalia,Arthropoda,Insecta,Diptera,Chironomidae,,1449325,gbif_match,kanagawa_edna: GBIF match species 'Procladius nigriventris' -> 1449325
common:taxon:gbif.1449474,"Paratrissocladius Zavrel, 1937",,genus,Animalia,Arthropoda,Insecta,Diptera,Chironomidae,,1449474,gbif_match,kanagawa_edna: GBIF match genus 'Paratrissocladius' -> 1449474
common:taxon:gbif.1450327,"Trissopelopia Kieffer, 1923",,genus,Animalia,Arthropoda,Insecta,Diptera,Chironomidae,,1450327,gbif_match,kanagawa_edna: GBIF match genus 'Trissopelopia' -> 1450327
common:taxon:gbif.1450425,"Ablabesmyia longistyla Fittkau, 1962",,species,Animalia,Arthropoda,Insecta,Diptera,Chironomidae,オナガダンダラヒメユスリカ,1450425,gbif_match,kanagawa_edna: GBIF match species 'Ablabesmyia longistyla' -> 1450425
common:taxon:gbif.1450453,"Ablabesmyia monilis (Linnaeus, 1758)",,species,Animalia,Arthropoda,Insecta,Diptera,Chironomidae,ダンダラヒメユスリカ,1450453,gbif_match,kanagawa_edna: GBIF match species 'Ablabesmyia monilis' -> 1450453
common:taxon:gbif.1450460,"Ablabesmyia prorasha Kobayashi & Kubota, 2002",,species,Animalia,Arthropoda,Insecta,Diptera,Chironomidae,フトオダンダラヒメユスリカ,1450460,gbif_match,kanagawa_edna: GBIF match species 'Ablabesmyia prorasha' -> 1450460
common:taxon:gbif.1450701,"Cladopelma edwardsi (Kruseman, 1933)",,species,Animalia,Arthropoda,Insecta,Diptera,Chironomidae,イシガキユスリカ,1450701,gbif_match,kanagawa_edna: GBIF match species 'Cladopelma edwardsi' -> 1450701
common:taxon:gbif.1451780,"Tanytarsus formosanus Kieffer, 1912",,species,Animalia,Arthropoda,Insecta,Diptera,Chironomidae,タイワンヒゲユスリカ,1451780,gbif_match,kanagawa_edna: GBIF match species 'Tanytarsus formosanus' -> 1451780
common:taxon:gbif.1452570,"Psectrotanypus dyari (Coquillett, 1902)",,species,Animalia,Arthropoda,Insecta,Diptera,Chironomidae,,1452570,gbif_match,kanagawa_edna: GBIF match species 'Psectrotanypus dyari' -> 1452570
common:taxon:gbif.1452593,"Diamesa Meigen, 1835",,genus,Animalia,Arthropoda,Insecta,Diptera,Chironomidae,,1452593,gbif_match,kanagawa_edna: GBIF match genus 'Diamesa' -> 1452593
common:taxon:gbif.1452620,"Diamesa loeffleri Reiss, 1968",,species,Animalia,Arthropoda,Insecta,Diptera,Chironomidae,,1452620,gbif_match,kanagawa_edna: GBIF match species 'Diamesa loeffleri' -> 1452620
common:taxon:gbif.1452768,"Thienemannimyia Fittkau, 1957",,genus,Animalia,Arthropoda,Insecta,Diptera,Chironomidae,,1452768,gbif_match,kanagawa_edna: GBIF match genus 'Thienemannimyia' -> 1452768
common:taxon:gbif.1452805,"Thienemannimyia tripunctata (Goetghebuer, 1922)",,species,Animalia,Arthropoda,Insecta,Diptera,Chironomidae,フトオウスギヌヒメユスリカ,1452805,gbif_match,kanagawa_edna: GBIF match species 'Hayesomyia tripunctata' -> 1452805
common:taxon:gbif.1454174,"Cricotopus triannulatus (Macquart, 1826)",,species,Animalia,Arthropoda,Insecta,Diptera,Chironomidae,ナカオビツヤユスリカ,1454174,gbif_match,kanagawa_edna: GBIF match species 'Cricotopus triannulatus' -> 1454174
common:taxon:gbif.1454181,"Cricotopus bicinctus (Meigen, 1818)",,species,Animalia,Arthropoda,Insecta,Diptera,Chironomidae,フタスジツヤユスリカ,1454181,gbif_match,kanagawa_edna: GBIF match species 'Cricotopus bicinctus' -> 1454181
common:taxon:gbif.1454278,"Cricotopus trifasciatus Meigen, 1809",,species,Animalia,Arthropoda,Insecta,Diptera,Chironomidae,ミツオビツヤユスリカ,1454278,gbif_match,kanagawa_edna: GBIF match species 'Cricotopus trifasciatus' -> 1454278
common:taxon:gbif.1454579,"Brillia Kieffer, 1913",,genus,Animalia,Arthropoda,Insecta,Diptera,Chironomidae,,1454579,gbif_match,kanagawa_edna: GBIF match genus 'Brillia' -> 1454579
common:taxon:gbif.1454616,"Cryptochironomus defectus (Kieffer, 1913)",,species,Animalia,Arthropoda,Insecta,Diptera,Chironomidae,,1454616,gbif_match,kanagawa_edna: GBIF match species 'Cryptochironomus defectus' -> 1454616
common:taxon:gbif.1455241,"Nanocladius asiaticus Hayashi, 1998",,species,Animalia,Arthropoda,Insecta,Diptera,Chironomidae,クビワユスリカ,1455241,gbif_match,kanagawa_edna: GBIF match species 'Nanocladius asiaticus' -> 1455241
common:taxon:gbif.1456121,"Polypedilum nubifer Skuse, 1889",,species,Animalia,Arthropoda,Insecta,Diptera,Chironomidae,ヤモンユスリカ,1456121,gbif_match,kanagawa_edna: GBIF match species 'Polypedilum nubifer' -> 1456121
common:taxon:gbif.1485954,"Phytosciara megumiae Sasakawa, 1994",,species,Animalia,Arthropoda,Insecta,Diptera,Sciaridae,,1485954,gbif_match,kanagawa_edna: GBIF match species 'Phytosciara megumiae' -> 1485954
common:taxon:gbif.1486463,"Sciara multispinulosa Mohrig & Kozánek, 1992",,species,Animalia,Arthropoda,Insecta,Diptera,Sciaridae,,1486463,gbif_match,kanagawa_edna: GBIF match species 'Sciara multispinulosa' -> 1486463
common:taxon:gbif.1487012,"Zygoneura sciarina Meigen, 1830",,species,Animalia,Arthropoda,Insecta,Diptera,Sciaridae,,1487012,gbif_match,kanagawa_edna: GBIF match species 'Zygoneura sciarina' -> 1487012
common:taxon:gbif.1487035,"Zygoneura bidens (Mamaev, 1968)",,species,Animalia,Arthropoda,Insecta,Diptera,Sciaridae,,1487035,gbif_match,kanagawa_edna: GBIF match species 'Zygoneura bidens' -> 1487035
common:taxon:gbif.1487571,"Chaetosciara Frey, 1942",,genus,Animalia,Arthropoda,Insecta,Diptera,Sciaridae,,1487571,gbif_match,kanagawa_edna: GBIF match genus 'Chaetosciara' -> 1487571
common:taxon:gbif.1488246,"Bradysia peraffinis Tuomikoski, 1960",,species,Animalia,Arthropoda,Insecta,Diptera,Sciaridae,,1488246,gbif_match,kanagawa_edna: GBIF match species 'Bradysia peraffinis' -> 1488246
common:taxon:gbif.1488618,"Bradysia alpicola (Winnertz, 1867)",,species,Animalia,Arthropoda,Insecta,Diptera,Sciaridae,,1488618,gbif_match,kanagawa_edna: GBIF match species 'Bradysia alpicola' -> 1488618
common:taxon:gbif.1498597,"Tabanus haysi Philip, 1956",,species,Animalia,Arthropoda,Insecta,Diptera,Tabanidae,,1498597,gbif_match,kanagawa_edna: GBIF match species 'Tabanus haysi' -> 1498597
common:taxon:gbif.1501448,"Asuragina Nagatomi & Yang, 1992",,genus,Animalia,Arthropoda,Insecta,Diptera,Athericidae,,1501448,gbif_match,kanagawa_edna: 種 Asuragina caerulescens は GBIF に無い
common:taxon:gbif.1505543,"Tipula paludosa Meigen, 1830",,species,Animalia,Arthropoda,Insecta,Diptera,Tipulidae,,1505543,gbif_match,kanagawa_edna: GBIF match species 'Tipula paludosa' -> 1505543
common:taxon:gbif.1506167,"Tipula babai Alexander, 1971",,species,Animalia,Arthropoda,Insecta,Diptera,Tipulidae,,1506167,gbif_match,kanagawa_edna: GBIF match species 'Tipula babai' -> 1506167
common:taxon:gbif.1506232,"Tipula varipennis Meigen, 1818",,species,Animalia,Arthropoda,Insecta,Diptera,Tipulidae,,1506232,gbif_match,kanagawa_edna: GBIF match species 'Tipula varipennis' -> 1506232
common:taxon:gbif.1507798,"Dolichopeza saitamensis Alexander, 1930",,species,Animalia,Arthropoda,Insecta,Diptera,Tipulidae,オオトゲユウレイガガンボ,1507798,gbif_match,kanagawa_edna: GBIF match species 'Dolichopeza saitamensis' -> 1507798
common:taxon:gbif.1508041,"Dolichopeza circulans Alexander, 1953",,species,Animalia,Arthropoda,Insecta,Diptera,Tipulidae,マルクボユウレイガガンボ,1508041,gbif_match,kanagawa_edna: GBIF match species 'Dolichopeza circulans' -> 1508041
common:taxon:gbif.1508602,"Leptotarsus pulverosus (Matsumura, 1916)",,species,Animalia,Arthropoda,Insecta,Diptera,Tipulidae,キゴシガガンボ,1508602,gbif_match,kanagawa_edna: GBIF match species 'Leptotarsus pulverosus' -> 1508602
common:taxon:gbif.1510247,"Dicranota Zetterstedt, 1838",,genus,Animalia,Arthropoda,Insecta,Diptera,Pediciidae,,1510247,gbif_match,kanagawa_edna: GBIF match genus 'Dicranota' -> 1510247
common:taxon:gbif.1511270,"Gonomyia quadrifila Alexander, 1930",,species,Animalia,Arthropoda,Insecta,Diptera,Limoniidae,,1511270,gbif_match,kanagawa_edna: GBIF match species 'Gonomyia quadrifila' -> 1511270
common:taxon:gbif.1511296,"Gonomyia incompleta Brunetti, 1912",,species,Animalia,Arthropoda,Insecta,Diptera,Limoniidae,,1511296,gbif_match,kanagawa_edna: GBIF match species 'Gonomyia incompleta' -> 1511296
common:taxon:gbif.1511913,"Hexatoma kamiyai (Alexander, 1932)",,species,Animalia,Arthropoda,Insecta,Diptera,Limoniidae,,1511913,gbif_match,kanagawa_edna: GBIF match species 'Hexatoma kamiyai' -> 1511913
common:taxon:gbif.1513882,"Antocha dentifera Alexander, 1924",,species,Animalia,Arthropoda,Insecta,Diptera,Limoniidae,,1513882,gbif_match,kanagawa_edna: GBIF match species 'Antocha dentifera' -> 1513882
common:taxon:gbif.1513904,"Antocha bifida Alexander, 1924",,species,Animalia,Arthropoda,Insecta,Diptera,Limoniidae,,1513904,gbif_match,kanagawa_edna: GBIF match species 'Antocha bifida' -> 1513904
common:taxon:gbif.1513991,"Antocha dilatata Alexander, 1924",,species,Animalia,Arthropoda,Insecta,Diptera,Limoniidae,,1513991,gbif_match,kanagawa_edna: GBIF match species 'Antocha dilatata' -> 1513991
common:taxon:gbif.1514008,"Antocha satsuma Alexander, 1919",,species,Animalia,Arthropoda,Insecta,Diptera,Limoniidae,ヒメウスバガガンボ,1514008,gbif_match,kanagawa_edna: GBIF match species 'Antocha satsuma' -> 1514008
common:taxon:gbif.1516419,"Helius Lepeletier & Serville, 1828",,genus,Animalia,Arthropoda,Insecta,Diptera,Limoniidae,,1516419,gbif_match,kanagawa_edna: GBIF match genus 'Helius' -> 1516419
common:taxon:gbif.1517388,"Geranomyia gifuensis Alexander, 1921",,species,Animalia,Arthropoda,Insecta,Diptera,Limoniidae,,1517388,gbif_match,kanagawa_edna: GBIF match species 'Geranomyia gifuensis' -> 1517388
common:taxon:gbif.1522196,"Styringomyia nipponensis Alexander, 1929",,species,Animalia,Arthropoda,Insecta,Diptera,Limoniidae,,1522196,gbif_match,kanagawa_edna: GBIF match species 'Styringomyia nipponensis' -> 1522196
common:taxon:gbif.1528980,"Hydrotaea aenescens (Wiedemann, 1830)",,species,Animalia,Arthropoda,Insecta,Diptera,Muscidae,,1528980,gbif_match,kanagawa_edna: GBIF match species 'Hydrotaea aenescens' -> 1528980
common:taxon:gbif.1544682,"Coboldia fuscipes (Meigen, 1830)",,species,Animalia,Arthropoda,Insecta,Diptera,Scatopsidae,,1544682,gbif_match,kanagawa_edna: GBIF match species 'Coboldia fuscipes' -> 1544682
common:taxon:gbif.1548900,"Dohrniphora cornuta (Bigot, 1857)",,species,Animalia,Arthropoda,Insecta,Diptera,Phoridae,コシアキノミバエ,1548900,gbif_match,kanagawa_edna: GBIF match species 'Dohrniphora cornuta' -> 1548900
common:taxon:gbif.1551060,"Iteaphila macquarti Zetterstedt, 1838",,species,Animalia,Arthropoda,Insecta,Diptera,Iteaphilidae,,1551060,gbif_match,kanagawa_edna: GBIF match species 'Iteaphila macquarti' -> 1551060
common:taxon:gbif.1556935,"Scaptomyza flava (Fallén, 1823)",,species,Animalia,Arthropoda,Insecta,Diptera,Drosophilidae,,1556935,gbif_match,kanagawa_edna: gbif_vernacular キイロヒメショウジョウバエ -> 1556935
common:taxon:gbif.1569574,"Dixa obtusa Takahashi, 1958",,species,Animalia,Arthropoda,Insecta,Diptera,Dixidae,キスジクロホソカ,1569574,gbif_match,kanagawa_edna: GBIF match species 'Dixa obtusa' -> 1569574
common:taxon:gbif.1569610,"Dixa longistyla Takahashi, 1958",,species,Animalia,Arthropoda,Insecta,Diptera,Dixidae,マダラホソカ,1569610,gbif_match,kanagawa_edna: GBIF match species 'Dixa longistyla' -> 1569610
common:taxon:gbif.1569635,"Dixa nipponica Ishihara, 1947",,species,Animalia,Arthropoda,Insecta,Diptera,Dixidae,ニッポンホソカ,1569635,gbif_match,kanagawa_edna: GBIF match species 'Dixa nipponica' -> 1569635
common:taxon:gbif.1579001,"Ptecticus aurifer (Walker, 1854)",,species,Animalia,Arthropoda,Insecta,Diptera,Stratiomyidae,,1579001,gbif_match,kanagawa_edna: gbif_vernacular キイロコウカアブ -> 1579001
common:taxon:gbif.1604038,"Syntormon flexibile Becker, 1922",,species,Animalia,Arthropoda,Insecta,Diptera,Dolichopodidae,,1604038,gbif_match,kanagawa_edna: GBIF match species 'Syntormon flexibile' -> 1604038
common:taxon:gbif.1604301,"Paraclius curvispinus Yang & Saigusa, 2001",,species,Animalia,Arthropoda,Insecta,Diptera,Dolichopodidae,,1604301,gbif_match,kanagawa_edna: GBIF match species 'Paraclius curvispinus' -> 1604301
common:taxon:gbif.1604970,"Dolichopus Latreille, 1796",,genus,Animalia,Arthropoda,Insecta,Diptera,Dolichopodidae,,1604970,gbif_match,kanagawa_edna: gbif_vernacular ナミアシナガバエ属 -> 1604970
common:taxon:gbif.1605925,"Chrysotus pulchellus Kowarz, 1875",,species,Animalia,Arthropoda,Insecta,Diptera,Dolichopodidae,,1605925,gbif_match,kanagawa_edna: GBIF match species 'Chrysotus pulchellus' -> 1605925
common:taxon:gbif.1613206,"Mycomya circumdata (Staeger, 1840)",,species,Animalia,Arthropoda,Insecta,Diptera,Mycetophilidae,,1613206,gbif_match,kanagawa_edna: GBIF match species 'Mycomya circumdata' -> 1613206
common:taxon:gbif.1617693,"Hydrellia albiceps (Meigen, 1824)",,species,Animalia,Arthropoda,Insecta,Diptera,Ephydridae,,1617693,gbif_match,kanagawa_edna: GBIF match species 'Hydrellia maura' -> 1617693
common:taxon:gbif.1618585,"Scatella hawaiiensis Grimshaw, 1901",,species,Animalia,Arthropoda,Insecta,Diptera,Ephydridae,,1618585,gbif_match,kanagawa_edna: GBIF match species 'Scatella hawaiiensis' -> 1618585
common:taxon:gbif.1629676,"Philorus Kellogg, 1903",,genus,Animalia,Arthropoda,Insecta,Diptera,Blephariceridae,,1629676,gbif_match,kanagawa_edna: 種 Philorus vividis は GBIF に無い
common:taxon:gbif.1629862,"Blepharicera shirakii (Alexander, 1922)",,species,Animalia,Arthropoda,Insecta,Diptera,Blephariceridae,ハナレメナミアミカ,1629862,gbif_match,kanagawa_edna: GBIF match species 'Blepharicera shirakii' -> 1629862
common:taxon:gbif.1629899,"Blepharicera japonica (Kitakami, 1931)",,species,Animalia,Arthropoda,Insecta,Diptera,Blephariceridae,ヒメナミアミカ,1629899,gbif_match,kanagawa_edna: GBIF match species 'Blepharicera japonica' -> 1629899
common:taxon:gbif.1636168,"Dasyhelea bilineata Goetghebuer, 1920",,species,Animalia,Arthropoda,Insecta,Diptera,Ceratopogonidae,,1636168,gbif_match,kanagawa_edna: GBIF match species 'Dasyhelea bilineata' -> 1636168
common:taxon:gbif.1643678,"Simulium kobayashii Okamoto, Sato & Shogaki, 1958",,species,Animalia,Arthropoda,Insecta,Diptera,Simuliidae,コバヤシツノマユブユ,1643678,gbif_match,kanagawa_edna: GBIF match species 'Simulium kobayashii' -> 1643678
common:taxon:gbif.1644206,"Simulium subcostatum (Takahasi, 1950)",,species,Animalia,Arthropoda,Insecta,Diptera,Simuliidae,オタルツノマユブユ,1644206,gbif_match,kanagawa_edna: GBIF match species 'Simulium subcostatum' -> 1644206
common:taxon:gbif.1644247,"Simulium sabahense Smart & Clifford, 1969",,species,Animalia,Arthropoda,Insecta,Diptera,Simuliidae,,1644247,gbif_match,kanagawa_edna: GBIF match species 'Simulium sabahense' -> 1644247
common:taxon:gbif.1644407,"Simulium aeneifacies Edwards, 1933",,species,Animalia,Arthropoda,Insecta,Diptera,Simuliidae,,1644407,gbif_match,kanagawa_edna: GBIF match species 'Simulium aeneifacies' -> 1644407
common:taxon:gbif.1644756,"Simulium iwatense (Shiraki, 1935)",,species,Animalia,Arthropoda,Insecta,Diptera,Simuliidae,ツメトゲブユ,1644756,gbif_match,kanagawa_edna: GBIF match species 'Simulium iwatense' -> 1644756
common:taxon:gbif.1644831,"Simulium japonicum Matsumura, 1931",,species,Animalia,Arthropoda,Insecta,Diptera,Simuliidae,アシマダラブユ,1644831,gbif_match,kanagawa_edna: GBIF match species 'Simulium japonicum' -> 1644831
common:taxon:gbif.1645280,"Simulium uchidai (Takahasi, 1950)",,species,Animalia,Arthropoda,Insecta,Diptera,Simuliidae,ウチダナガグツブユ,1645280,gbif_match,kanagawa_edna: GBIF match species 'Simulium uchidai' -> 1645280
common:taxon:gbif.1645451,"Simulium erythrocephalum (De Geer, 1776)",,species,Animalia,Arthropoda,Insecta,Diptera,Simuliidae,,1645451,gbif_match,kanagawa_edna: GBIF match species 'Simulium erythrocephalum' -> 1645451
common:taxon:gbif.1645517,"Simulium ruficorne Macquart, 1838",,species,Animalia,Arthropoda,Insecta,Diptera,Simuliidae,,1645517,gbif_match,kanagawa_edna: GBIF match species 'Simulium ruficorne' -> 1645517
common:taxon:gbif.1645649,"Simulium quinquestriatum (Shiraki, 1935)",,species,Animalia,Arthropoda,Insecta,Diptera,Simuliidae,ゴスジシラキブユ,1645649,gbif_match,kanagawa_edna: GBIF match species 'Simulium quinquestriatum' -> 1645649
common:taxon:gbif.1645676,"Simulium aokii (Takahasi, 1941)",,species,Animalia,Arthropoda,Insecta,Diptera,Simuliidae,アオキツメトゲブユ,1645676,gbif_match,kanagawa_edna: GBIF match species 'Simulium aokii' -> 1645676
common:taxon:gbif.1645808,"Simulium mie Ogata & Sasa, 1954",,species,Animalia,Arthropoda,Insecta,Diptera,Simuliidae,ミエツノマユブユ,1645808,gbif_match,kanagawa_edna: GBIF match species 'Simulium mie' -> 1645808
common:taxon:gbif.1646237,"Helodon yezoense (Shiraki, 1935)",,species,Animalia,Arthropoda,Insecta,Diptera,Simuliidae,キアシオオブユ,1646237,gbif_match,kanagawa_edna: GBIF match species 'Prosimulium yezoense' -> 1646237
common:taxon:gbif.1650098,"Anopheles Meigen, 1818",,genus,Animalia,Arthropoda,Insecta,Diptera,Culicidae,,1650098,gbif_match,kanagawa_edna: GBIF match genus 'Anopheles' -> 1650098
common:taxon:gbif.1650348,"Anopheles koreicus Yamada & Watanabe, 1918",,species,Animalia,Arthropoda,Insecta,Diptera,Culicidae,チョウセンハマダラカ,1650348,gbif_match,kanagawa_edna: GBIF match species 'Anopheles koreicus' -> 1650348
common:taxon:gbif.1650357,"Anopheles sinensis Wiedemann, 1828",,species,Animalia,Arthropoda,Insecta,Diptera,Culicidae,シナハマダラカ,1650357,gbif_match,kanagawa_edna: GBIF match species 'Anopheles sinensis' -> 1650357
common:taxon:gbif.1653127,"Culex tritaeniorhynchus Giles, 1901",,species,Animalia,Arthropoda,Insecta,Diptera,Culicidae,コガタアカイエカ,1653127,gbif_match,kanagawa_edna: GBIF match species 'Culex tritaeniorhynchus' -> 1653127
common:taxon:gbif.1653337,"Culex bitaeniorhynchus Giles, 1901",,species,Animalia,Arthropoda,Insecta,Diptera,Culicidae,カラツイエカ,1653337,gbif_match,kanagawa_edna: GBIF match species 'Culex bitaeniorhynchus' -> 1653337
common:taxon:gbif.1653699,"Culex orbostiensis Dobrotworsky, 1957",,species,Animalia,Arthropoda,Insecta,Diptera,Culicidae,,1653699,gbif_match,kanagawa_edna: GBIF match species 'Culex orbostiensis' -> 1653699
common:taxon:gbif.1679608,"Euparatettix nigritibis Zheng & Jiang, 2000",,species,Animalia,Arthropoda,Insecta,Orthoptera,Tetrigidae,,1679608,gbif_match,kanagawa_edna: GBIF match species 'Euparatettix nigritibis' -> 1679608
common:taxon:gbif.1681790,"Alulatettix yunnanensis Liang, 1993",,species,Animalia,Arthropoda,Insecta,Orthoptera,Tetrigidae,,1681790,gbif_match,kanagawa_edna: GBIF match species 'Alulatettix yunnanensis' -> 1681790
common:taxon:gbif.1689407,"Euconocephalus nasutus (Thunberg, 1815)",,species,Animalia,Arthropoda,Insecta,Orthoptera,Tettigoniidae,,1689407,gbif_match,kanagawa_edna: gbif_vernacular オガサワラクビキリギス -> 1689407
common:taxon:gbif.1700022,"Gomphocerippus Roberts, 1941",,genus,Animalia,Arthropoda,Insecta,Orthoptera,Acrididae,,1700022,gbif_match,kanagawa_edna: GBIF match genus 'Gomphocerippus' -> 1700022
common:taxon:gbif.1700917,"Oxya chinensis (Thunberg, 1815)",,species,Animalia,Arthropoda,Insecta,Orthoptera,Acrididae,,1700917,gbif_match,kanagawa_edna: gbif_vernacular タイワンハネナガイナゴ -> 1700917
common:taxon:gbif.1705743,"Indopodisma kingdoni (Uvarov, 1927)",,species,Animalia,Arthropoda,Insecta,Orthoptera,Acrididae,,1705743,gbif_match,kanagawa_edna: GBIF match species 'Indopodisma kingdoni' -> 1705743
common:taxon:gbif.1713668,"Acrida ungarica (Herbst, 1786)",,species,Animalia,Arthropoda,Insecta,Orthoptera,Acrididae,,1713668,gbif_match,kanagawa_edna: GBIF match species 'Acrida ungarica' -> 1713668
common:taxon:gbif.1716116,"Gryllotalpa Latreille, 1802",,genus,Animalia,Arthropoda,Insecta,Orthoptera,Gryllotalpidae,,1716116,gbif_match,kanagawa_edna: GBIF match genus 'Gryllotalpa' -> 1716116
common:taxon:gbif.1717741,"Pteronemobius Jacobson, 1904",,genus,Animalia,Arthropoda,Insecta,Orthoptera,Trigonidiidae,,1717741,gbif_match,kanagawa_edna: GBIF match genus 'Pteronemobius' -> 1717741
common:taxon:gbif.1718798,"Natula pravdini (Gorochov, 1985)",,species,Animalia,Arthropoda,Insecta,Orthoptera,Trigonidiidae,セグロキンヒバリ,1718798,gbif_match,kanagawa_edna: GBIF match species 'Natula pravdini' -> 1718798
common:taxon:gbif.1722637,"Velarifictorus hemelytrus (Saussure, 1877)",,species,Animalia,Arthropoda,Insecta,Orthoptera,Gryllidae,,1722637,gbif_match,kanagawa_edna: GBIF match species 'Velarifictorus hemelytrus' -> 1722637
common:taxon:gbif.1825887,"Pheosiopsis Bryk, 1949",,genus,Animalia,Arthropoda,Insecta,Lepidoptera,Notodontidae,,1825887,gbif_match,kanagawa_edna: GBIF match genus 'Pheosiopsis' -> 1825887
common:taxon:gbif.1872527,"Orthopygia Ragonot, 1890",,genus,Animalia,Arthropoda,Insecta,Lepidoptera,Pyralidae,,1872527,gbif_match,kanagawa_edna: GBIF match genus 'Orthopygia' -> 1872527
common:taxon:gbif.1883157,"Chilo sacchariphagus Bojer, 1856",,species,Animalia,Arthropoda,Insecta,Lepidoptera,Crambidae,,1883157,gbif_match,kanagawa_edna: gbif_vernacular スジツトガ -> 1883157
common:taxon:gbif.1884842,"Pagyda Walker, 1859",,genus,Animalia,Arthropoda,Insecta,Lepidoptera,Crambidae,,1884842,gbif_match,kanagawa_edna: 種 Pagyda recticlavata は GBIF に無い
common:taxon:gbif.1891124,"Eumorphobotys obscuralis Caradja, 1925",,species,Animalia,Arthropoda,Insecta,Lepidoptera,Crambidae,,1891124,gbif_match,kanagawa_edna: GBIF match species 'Eumorphobotys obscuralis' -> 1891124
common:taxon:gbif.1895908,"Melanitis Fabricius, 1807",,genus,Animalia,Arthropoda,Insecta,Lepidoptera,Nymphalidae,,1895908,gbif_match,kanagawa_edna: 併記の全成員が属 Melanitis の種（クロコノマチョウ->common:taxon:gbif.1895992
common:taxon:gbif.1992,Tetrastemmatidae,,family,Animalia,Nemertea,Hoplonemertea,Monostilifera,Tetrastemmatidae,,1992,gbif_match,kanagawa_edna: GBIF match family 'Tetrastemmatidae' -> 1992
common:taxon:gbif.2001336,"Cryptoperla japonica (Okamoto, 1912)",,species,Animalia,Arthropoda,Insecta,Plecoptera,Peltoperlidae,ノギカワゲラ,2001336,gbif_match,kanagawa_edna: GBIF match species 'Cryptoperla japonica' -> 2001336
common:taxon:gbif.2001645,"Mesyatsia Ricker & Ross, 1975",,genus,Animalia,Arthropoda,Insecta,Plecoptera,Taeniopterygidae,,2001645,gbif_match,kanagawa_edna: gbif_vernacular ユキシタカワゲラ属 -> 2001645 [rank_reduced]
common:taxon:gbif.2001683,"Paraleuctra similis Shimizu, 2000",,species,Animalia,Arthropoda,Insecta,Plecoptera,Leuctridae,ニセオカモトホソカワゲラ,2001683,gbif_match,kanagawa_edna: GBIF match species 'Paraleuctra similis' -> 2001683
common:taxon:gbif.2001697,"Paraleuctra okamotoa (Claassen, 1936)",,species,Animalia,Arthropoda,Insecta,Plecoptera,Leuctridae,オカモトホソカワゲラ,2001697,gbif_match,kanagawa_edna: GBIF match species 'Paraleuctra okamotoa' -> 2001697
common:taxon:gbif.2002056,"Perlomyia Banks, 1906",,genus,Animalia,Arthropoda,Insecta,Plecoptera,Leuctridae,,2002056,gbif_match,kanagawa_edna: GBIF match genus 'Perlomyia' -> 2002056
common:taxon:gbif.2002067,"Perlomyia levanidovae (Zhiltzova, 1975)",,species,Animalia,Arthropoda,Insecta,Plecoptera,Leuctridae,,2002067,gbif_match,kanagawa_edna: GBIF match species 'Perlomyia levanidovae' -> 2002067
common:taxon:gbif.2002135,"Allocapnia recta (Claassen, 1924)",,species,Animalia,Arthropoda,Insecta,Plecoptera,Capniidae,,2002135,gbif_match,kanagawa_edna: GBIF match species 'Allocapnia recta' -> 2002135
common:taxon:gbif.2002291,"Eucapnopsis Okamoto, 1922",,genus,Animalia,Arthropoda,Insecta,Plecoptera,Capniidae,,2002291,gbif_match,kanagawa_edna: GBIF match genus 'Eucapnopsis' -> 2002291
common:taxon:gbif.2002292,"Eucapnopsis stigmatica Okamoto, 1922",,species,Animalia,Arthropoda,Insecta,Plecoptera,Capniidae,,2002292,gbif_match,kanagawa_edna: gbif_vernacular ミジカオクロカワゲラ -> 2002292
common:taxon:gbif.2002736,"Indonemoura nohirae (Okamoto, 1922)",,species,Animalia,Arthropoda,Insecta,Plecoptera,Nemouridae,クロオナシカワゲラ,2002736,gbif_match,kanagawa_edna: GBIF match species 'Indonemoura nohirae' -> 2002736
common:taxon:gbif.2002922,"Amphinemura zonata Okamoto, 1922",,species,Animalia,Arthropoda,Insecta,Plecoptera,Nemouridae,サトモンオナシカワゲラ,2002922,gbif_match,kanagawa_edna: GBIF match species 'Amphinemura zonata' -> 2002922
common:taxon:gbif.2002926,"Amphinemura megaloba (Kawai, 1960)",,species,Animalia,Arthropoda,Insecta,Plecoptera,Nemouridae,モンオナシカワゲラ,2002926,gbif_match,kanagawa_edna: GBIF match species 'Amphinemura megaloba' -> 2002926
common:taxon:gbif.2002937,"Amphinemura decemseta Okamoto, 1922",,species,Animalia,Arthropoda,Insecta,Plecoptera,Nemouridae,ジュッポンオナシカワゲラ,2002937,gbif_match,kanagawa_edna: GBIF match species 'Amphinemura decemseta' -> 2002937
common:taxon:gbif.2003039,"Amphinemura longispina (Okamoto, 1922)",,species,Animalia,Arthropoda,Insecta,Plecoptera,Nemouridae,,2003039,gbif_match,kanagawa_edna: gbif_vernacular ムネオナシカワゲラ -> 2003039
common:taxon:gbif.2003305,"Protonemura orbiculata Shimizu, 1998",,species,Animalia,Arthropoda,Insecta,Plecoptera,Nemouridae,エンバンオナシカワゲラ,2003305,gbif_match,kanagawa_edna: GBIF match species 'Protonemura orbiculata' -> 2003305
common:taxon:gbif.2003375,"Nemoura redimiculum Kawai, 1966",,species,Animalia,Arthropoda,Insecta,Plecoptera,Nemouridae,ケフサオナシカワゲラ,2003375,gbif_match,kanagawa_edna: GBIF match species 'Nemoura redimiculum' -> 2003375
common:taxon:gbif.2003479,"Nemoura akagii Kawai, 1960",,species,Animalia,Arthropoda,Insecta,Plecoptera,Nemouridae,アカギオナシカワゲラ,2003479,gbif_match,kanagawa_edna: GBIF match species 'Nemoura akagii' -> 2003479
common:taxon:gbif.2003500,"Nemoura longicercia Okamoto, 1922",,species,Animalia,Arthropoda,Insecta,Plecoptera,Nemouridae,アサカワオナシカワゲラ,2003500,gbif_match,kanagawa_edna: GBIF match species 'Nemoura longicercia' -> 2003500
common:taxon:gbif.2003518,"Nemoura chinonis Okamoto, 1922",,species,Animalia,Arthropoda,Insecta,Plecoptera,Nemouridae,チノオナシカワゲラ,2003518,gbif_match,kanagawa_edna: GBIF match species 'Nemoura chinonis' -> 2003518
common:taxon:gbif.2003520,"Nemoura uenoi Kawai, 1954",,species,Animalia,Arthropoda,Insecta,Plecoptera,Nemouridae,ウエノオナシカワゲラ,2003520,gbif_match,kanagawa_edna: GBIF match species 'Nemoura uenoi' -> 2003520
common:taxon:gbif.2003709,"Sweltsa nikkoensis (Okamoto, 1912)",,species,Animalia,Arthropoda,Insecta,Plecoptera,Chloroperlidae,ニッコウミドリカワゲラ,2003709,gbif_match,kanagawa_edna: GBIF match species 'Sweltsa nikkoensis' -> 2003709
common:taxon:gbif.2003744,"Sweltsa kibunensis (Kawai, 1967)",,species,Animalia,Arthropoda,Insecta,Plecoptera,Chloroperlidae,キブネミドリカワゲラ,2003744,gbif_match,kanagawa_edna: GBIF match species 'Sweltsa kibunensis' -> 2003744
common:taxon:gbif.2003760,"Sweltsa abdominalis (Okamoto, 1912)",,species,Animalia,Arthropoda,Insecta,Plecoptera,Chloroperlidae,,2003760,gbif_match,kanagawa_edna: gbif_vernacular セスジミドリカワゲラ -> 2003760
common:taxon:gbif.2003869,"Suwallia Ricker, 1943",,genus,Animalia,Arthropoda,Insecta,Plecoptera,Chloroperlidae,,2003869,gbif_match,kanagawa_edna: GBIF match genus 'Suwallia' -> 2003869
common:taxon:gbif.2003891,"Suwallia bimaculata (Okamoto, 1912)",,species,Animalia,Arthropoda,Insecta,Plecoptera,Chloroperlidae,フタモンミドリカワゲラ,2003891,gbif_match,kanagawa_edna: GBIF match species 'Suwallia bimaculata' -> 2003891
common:taxon:gbif.2003952,"Stavsolus japonicus (Okamoto, 1912)",,species,Animalia,Arthropoda,Insecta,Plecoptera,Perlodidae,,2003952,gbif_match,kanagawa_edna: gbif_vernacular ヤマトヒメカワゲラ -> 2003952
common:taxon:gbif.2004118,"Isoperla nipponica Okamoto, 1912",,species,Animalia,Arthropoda,Insecta,Plecoptera,Perlodidae,フタスジクサカワゲラ,2004118,gbif_match,kanagawa_edna: GBIF match species 'Isoperla nipponica' -> 2004118
common:taxon:gbif.2004501,"Ostrovus Ricker, 1952",,genus,Animalia,Arthropoda,Insecta,Plecoptera,Perlodidae,,2004501,gbif_match,kanagawa_edna: GBIF match genus 'Ostrovus' -> 2004501
common:taxon:gbif.2004746,"Kamimuria uenoi Kohno, 1947",,species,Animalia,Arthropoda,Insecta,Plecoptera,Perlidae,ウエノカワゲラ,2004746,gbif_match,kanagawa_edna: GBIF match species 'Kamimuria uenoi' -> 2004746
common:taxon:gbif.2004777,"Kamimuria quadrata (Klapálek, 1907)",,species,Animalia,Arthropoda,Insecta,Plecoptera,Perlidae,クロヒゲカワゲラ,2004777,gbif_match,kanagawa_edna: GBIF match species 'Kamimuria quadrata' -> 2004777
common:taxon:gbif.2004911,"Flavoperla hatakeyamae (Okamoto, 1912)",,species,Animalia,Arthropoda,Insecta,Plecoptera,Perlidae,キコナガカワゲラ,2004911,gbif_match,kanagawa_edna: GBIF match species 'Flavoperla hatakeyamae' -> 2004911
common:taxon:gbif.2004915,"Flavoperla hagiensis (Okamoto, 1912)",,species,Animalia,Arthropoda,Insecta,Plecoptera,Perlidae,キアシコナガカワゲラ,2004915,gbif_match,kanagawa_edna: GBIF match species 'Flavoperla hagiensis' -> 2004915
common:taxon:gbif.2004920,"Flavoperla thoracica (Okamoto, 1912)",,species,Animalia,Arthropoda,Insecta,Plecoptera,Perlidae,オオメコナガカワゲラ,2004920,gbif_match,kanagawa_edna: GBIF match species 'Flavoperla thoracica' -> 2004920
common:taxon:gbif.2005356,"Calineuria stigmatica (Klapálek, 1907)",,species,Animalia,Arthropoda,Insecta,Plecoptera,Perlidae,モンカワゲラ,2005356,gbif_match,kanagawa_edna: GBIF match species 'Calineuria stigmatica' -> 2005356
common:taxon:gbif.2006186,"Paragnetina tinctipennis (McLachlan, 1875)",,species,Animalia,Arthropoda,Insecta,Plecoptera,Perlidae,オオクラカケカワゲラ,2006186,gbif_match,kanagawa_edna: GBIF match species 'Paragnetina tinctipennis' -> 2006186
common:taxon:gbif.2014023,"Acizzia jamatonica (Kuwayama, 1908)",,species,Animalia,Arthropoda,Insecta,Hemiptera,Psyllidae,,2014023,gbif_match,kanagawa_edna: GBIF match species 'Acizzia jamatonica' -> 2014023
common:taxon:gbif.2029384,"Nephotettix cincticeps (Uhler, 1896)",,species,Animalia,Arthropoda,Insecta,Hemiptera,Cicadellidae,,2029384,gbif_match,kanagawa_edna: gbif_vernacular ツマグロヨコバイ -> 2029384
common:taxon:gbif.2029443,"Aguriahana triangularis (Matsumura, 1932)",,species,Animalia,Arthropoda,Insecta,Hemiptera,Cicadellidae,,2029443,gbif_match,kanagawa_edna: gbif_vernacular シロズヒメヨコバイ -> 2029443
common:taxon:gbif.2035632,"Xestocephalus japonicus Ishihara, 1961",,species,Animalia,Arthropoda,Insecta,Hemiptera,Cicadellidae,ホシヨコバイ,2035632,gbif_match,kanagawa_edna: GBIF match species 'Xestocephalus japonicus' -> 2035632
common:taxon:gbif.2036052,"Hishimonus hamatus Kuoh, 1976",,species,Animalia,Arthropoda,Insecta,Hemiptera,Cicadellidae,アライヒシモンヨコバイ,2036052,gbif_match,kanagawa_edna: GBIF match species 'Hishimonus hamatus' -> 2036052
common:taxon:gbif.2048201,"Singapora Mahmood, 1967",,genus,Animalia,Arthropoda,Insecta,Hemiptera,Cicadellidae,,2048201,gbif_match,kanagawa_edna: GBIF match genus 'Singapora' -> 2048201
common:taxon:gbif.2056619,"Nilaparvata muiri China, 1925",,species,Animalia,Arthropoda,Insecta,Hemiptera,Delphacidae,ニセトビイロウンカ,2056619,gbif_match,kanagawa_edna: GBIF match species 'Nilaparvata muiri' -> 2056619
common:taxon:gbif.2056694,"Stenocranus matsumurai Metcalf, 1943",,species,Animalia,Arthropoda,Insecta,Hemiptera,Delphacidae,エゾナガウンカ,2056694,gbif_match,kanagawa_edna: GBIF match species 'Stenocranus matsumurai' -> 2056694
common:taxon:gbif.2057209,"Ricania simulans (Walker, 1851)",,species,Animalia,Arthropoda,Insecta,Hemiptera,Ricaniidae,,2057209,gbif_match,kanagawa_edna: GBIF match species 'Ricania simulans' -> 2057209
common:taxon:gbif.2069278,"Saldula Van Duzee, 1914",,genus,Animalia,Arthropoda,Insecta,Hemiptera,Saldidae,,2069278,gbif_match,kanagawa_edna: gbif_vernacular ミズギワカメムシ属 -> 2069278 [rank_reduced]
common:taxon:gbif.2069520,"Rhopalosiphum rufiabdominalis (Sasaki, 1899)",,species,Animalia,Arthropoda,Insecta,Hemiptera,Aphididae,オカボアカアブラムシ,2069520,gbif_match,kanagawa_edna: GBIF match species 'Rhopalosiphum rufiabdominalis' -> 2069520
common:taxon:gbif.2069572,"Rhopalosiphum maidis (Fitch, 1856)",,species,Animalia,Arthropoda,Insecta,Hemiptera,Aphididae,トウモロコシアブラムシ,2069572,gbif_match,kanagawa_edna: GBIF match species 'Rhopalosiphum maidis' -> 2069572
common:taxon:gbif.2069580,"Rhopalosiphum padi (Linnaeus, 1758)",,species,Animalia,Arthropoda,Insecta,Hemiptera,Aphididae,ムギクビレアブラムシ,2069580,gbif_match,kanagawa_edna: GBIF match species 'Rhopalosiphum padi' -> 2069580
common:taxon:gbif.2070283,"Cavariella Del Guercio, 1911",,genus,Animalia,Arthropoda,Insecta,Hemiptera,Aphididae,,2070283,gbif_match,kanagawa_edna: GBIF match genus 'Cavariella' -> 2070283
common:taxon:gbif.2070692,"Uroleucon erigeronense (Thomas, 1878)",,species,Animalia,Arthropoda,Insecta,Hemiptera,Aphididae,ヒメムカシヨモギヒゲナガアブラムシ,2070692,gbif_match,kanagawa_edna: GBIF match species 'Uroleucon erigeronensis' -> 2070692
common:taxon:gbif.2070720,"Uroleucon nigrotibium (Olive, 1963)",,species,Animalia,Arthropoda,Insecta,Hemiptera,Aphididae,,2070720,gbif_match,kanagawa_edna: GBIF match species 'Uroleucon nigrotibium' -> 2070720
common:taxon:gbif.2071303,"Periphyllus viridis (Matsumura, 1919)",,species,Animalia,Arthropoda,Insecta,Hemiptera,Aphididae,イタヤニタイケアブラムシ,2071303,gbif_match,kanagawa_edna: GBIF match species 'Periphyllus viridis' -> 2071303
common:taxon:gbif.2072294,"Aphis urticata Gmelin, 1790",,species,Animalia,Arthropoda,Insecta,Hemiptera,Aphididae,,2072294,gbif_match,kanagawa_edna: GBIF match species 'Aphis urticata' -> 2072294
common:taxon:gbif.2072851,"Hyalopterus pruni (Geoffroy, 1762)",,species,Animalia,Arthropoda,Insecta,Hemiptera,Aphididae,,2072851,gbif_match,kanagawa_edna: gbif_vernacular モモコフキアブラムシ -> 2072851
common:taxon:gbif.2073002,"Sitobion ibarae (Matsumura, 1917)",,species,Animalia,Arthropoda,Insecta,Hemiptera,Aphididae,イバラヒゲナガアブラムシ,2073002,gbif_match,kanagawa_edna: GBIF match species 'Sitobion ibarae' -> 2073002
common:taxon:gbif.2073121,"Sitobion avenae (Fabricius, 1775)",,species,Animalia,Arthropoda,Insecta,Hemiptera,Aphididae,ムギヒゲナガアブラムシ,2073121,gbif_match,kanagawa_edna: GBIF match species 'Sitobion avenae' -> 2073121
common:taxon:gbif.2073167,"Colophina clematis (Shinji, 1922)",,species,Animalia,Arthropoda,Insecta,Hemiptera,Aphididae,,2073167,gbif_match,kanagawa_edna: gbif_vernacular ボタンヅルワタムシ -> 2073167
common:taxon:gbif.2074082,Nipponaphis coreana,,species,Animalia,Arthropoda,Insecta,Hemiptera,Aphididae,,2074082,gbif_match,kanagawa_edna: GBIF match species 'Nipponaphis coreana' -> 2074082
common:taxon:gbif.2074133,"Symydobius kabae (Matsumura, 1917)",,species,Animalia,Arthropoda,Insecta,Hemiptera,Aphididae,カバブチアブラムシ,2074133,gbif_match,kanagawa_edna: GBIF match species 'Symydobius kabae' -> 2074133
common:taxon:gbif.2075954,"Schizaphis scirpi (Passerini, 1874)",,species,Animalia,Arthropoda,Insecta,Hemiptera,Aphididae,,2075954,gbif_match,kanagawa_edna: gbif_vernacular ガマノハアブラムシ -> 2075954
common:taxon:gbif.2076179,"Myzus persicae (Sulzer, 1776)",,species,Animalia,Arthropoda,Insecta,Hemiptera,Aphididae,モモアカアブラムシ,2076179,gbif_match,kanagawa_edna: GBIF match species 'Myzus persicae' -> 2076179
common:taxon:gbif.2076852,"Hyperomyzus carduellinus (Theobald, 1915)",,species,Animalia,Arthropoda,Insecta,Hemiptera,Aphididae,ノゲシフクレアブラムシ,2076852,gbif_match,kanagawa_edna: GBIF match species 'Hyperomyzus carduellinus' -> 2076852
common:taxon:gbif.2077159,"Lipaphis pseudobrassicae (Davis, 1914)",,species,Animalia,Arthropoda,Insecta,Hemiptera,Aphididae,ニセダイコンアブラムシ,2077159,gbif_match,kanagawa_edna: GBIF match species 'Lipaphis pseudobrassicae' -> 2077159
common:taxon:gbif.2077518,"Acyrthosiphon caraganae (Cholodkovsky, 1908)",,species,Animalia,Arthropoda,Insecta,Hemiptera,Aphididae,,2077518,gbif_match,kanagawa_edna: GBIF match species 'Acyrthosiphon caraganae' -> 2077518
common:taxon:gbif.2109185,"Conwentzia sinica C.-k.Yang, 1974",,species,Animalia,Arthropoda,Insecta,Neuroptera,Coniopterygidae,,2109185,gbif_match,kanagawa_edna: GBIF match species 'Conwentzia sinica' -> 2109185
common:taxon:gbif.2120736,"Coecobrya Yosii, 1956",,genus,Animalia,Arthropoda,Collembola,Entomobryomorpha,Entomobryidae,,2120736,gbif_match,kanagawa_edna: 併記の全成員が属 Coecobrya の種（Coecobrya tenebricosa->common:taxon:gbif.4539524
common:taxon:gbif.2121338,"Ceratophysella communis (J.W.Folsom, 1898)",,species,Animalia,Arthropoda,Collembola,Poduromorpha,Hypogastruridae,ムラサキヒメトビムシ,2121338,gbif_match,kanagawa_edna: GBIF match species 'Ceratophysella communis' -> 2121338
common:taxon:gbif.2224508,"Macrobrachium Spence Bate, 1868",,genus,Animalia,Arthropoda,Malacostraca,Decapoda,Palaemonidae,,2224508,gbif_match,kanagawa_edna: GBIF match genus 'Macrobrachium' -> 2224508
common:taxon:gbif.2225776,"Eriocheir sinensis H.Milne Edwards, 1853",,species,Animalia,Arthropoda,Malacostraca,Decapoda,Varunidae,,2225776,gbif_match,kanagawa_edna: gbif_vernacular チュウゴクモクズガニ -> 2225776
common:taxon:gbif.2230973,"Lamyctes emarginatus Newport, 1844",,species,Animalia,Arthropoda,Chilopoda,Lithobiomorpha,Henicopidae,,2230973,gbif_match,kanagawa_edna: GBIF match species 'Lamyctes emarginatus' -> 2230973
common:taxon:gbif.2234688,"Bosminopsis deitersi Richard, 1895",,species,Animalia,Arthropoda,Branchiopoda,Diplostraca,Bosminidae,,2234688,gbif_match,kanagawa_edna: GBIF match species 'Bosminopsis zernowi' -> 2234688
common:taxon:gbif.2234694,"Bosmina longirostris (O.F.Müller, 1776)",,species,Animalia,Arthropoda,Branchiopoda,Diplostraca,Bosminidae,ゾウミジンコ,2234694,gbif_match,kanagawa_edna: GBIF match species 'Bosmina longirostris' -> 2234694
common:taxon:gbif.2234705,"Bosmina coregoni Baird, 1857",,species,Animalia,Arthropoda,Branchiopoda,Diplostraca,Bosminidae,,2234705,gbif_match,kanagawa_edna: GBIF match species 'Eubosmina longispina' -> 2234705
common:taxon:gbif.2234808,"Simocephalus serrulatus (Koch, 1841)",,species,Animalia,Arthropoda,Branchiopoda,Diplostraca,Daphniidae,,2234808,gbif_match,kanagawa_edna: gbif_vernacular トガリオカメミジンコ -> 2234808
common:taxon:gbif.2234812,"Daphnia galeata Sars, 1864",,species,Animalia,Arthropoda,Branchiopoda,Diplostraca,Daphniidae,カブトミジンコ,2234812,gbif_match,kanagawa_edna: GBIF match species 'Daphnia galeata' -> 2234812
common:taxon:gbif.2234836,"Daphnia ambigua Scourfield, 1947",,species,Animalia,Arthropoda,Branchiopoda,Diplostraca,Daphniidae,マギレミジンコ,2234836,gbif_match,kanagawa_edna: GBIF match species 'Daphnia ambigua' -> 2234836
common:taxon:gbif.2246503,"Corvomeyenia everetti (Mills, 1884)",,species,Animalia,Porifera,Demospongiae,Spongillida,Metaniidae,,2246503,gbif_match,kanagawa_edna: GBIF match species 'Corvomeyenia everetti' -> 2246503
common:taxon:gbif.2266749,"Astrohydra japonica Hashimoto, 1981",,species,Animalia,Cnidaria,Hydrozoa,Limnomedusae,Olindiidae,ユメノクラゲ,2266749,gbif_match,kanagawa_edna: GBIF match species 'Astrohydra japonica' -> 2266749
common:taxon:gbif.2286678,"Pisidium C.Pfeiffer, 1821",,genus,Animalia,Mollusca,Bivalvia,Sphaeriida,Sphaeriidae,,2286678,gbif_match,kanagawa_edna: gbif_vernacular マメシジミ属 -> 2286678 [rank_reduced]
common:taxon:gbif.2286732,"Corbicula Megerle von Mühlfeld, 1811",,genus,Animalia,Mollusca,Bivalvia,Venerida,Cyrenidae,,2286732,gbif_match,kanagawa_edna: gbif_vernacular シジミ属 -> 2286732 [rank_reduced]
common:taxon:gbif.2287074,"Mytilopsis Conrad, 1858",,genus,Animalia,Mollusca,Bivalvia,Myida,Dreissenidae,,2287074,gbif_match,kanagawa_edna: GBIF match genus 'Mytilopsis' -> 2287074
common:taxon:gbif.2291289,"Radix Montfort, 1810",,genus,Animalia,Mollusca,Gastropoda,,Lymnaeidae,,2291289,gbif_match,kanagawa_edna: gbif_vernacular モノアラガイ属 -> 2291289
common:taxon:gbif.2292354,"Tenellia adspersa (von Nordmann, 1845)",,species,Animalia,Mollusca,Gastropoda,Nudibranchia,Trinchesiidae,クロゴミノウミウシ,2292354,gbif_match,kanagawa_edna: GBIF match species 'Tenellia adspersa' -> 2292354
common:taxon:gbif.2307762,"Eiseniella tetraedra (Savigny, 1826)",,species,Animalia,Annelida,Clitellata,Crassiclitellata,Lumbricidae,,2307762,gbif_match,kanagawa_edna: GBIF match species 'Eiseniella tetraedra' -> 2307762
common:taxon:gbif.2308038,"Ophidonais serpentina (Müller, 1774)",,species,Animalia,Annelida,Clitellata,Tubificida,Naididae,クロオビミズミミズ,2308038,gbif_match,kanagawa_edna: GBIF match species 'Ophidonais serpentina' -> 2308038
common:taxon:gbif.2308078,"Piguetiella michiganensis Hiltunen, 1967",,species,Animalia,Annelida,Clitellata,Tubificida,Naididae,,2308078,gbif_match,kanagawa_edna: GBIF match species 'Piguetiella michiganensis' -> 2308078
common:taxon:gbif.2308103,"Nais pardalis Piguet, 1906",,species,Animalia,Annelida,Clitellata,Tubificida,Naididae,,2308103,gbif_match,kanagawa_edna: gbif_vernacular カワリミズミミズ -> 2308103
common:taxon:gbif.2308179,"Uncinais uncinata (Ørsted, 1842)",,species,Animalia,Annelida,Clitellata,Tubificida,Naididae,,2308179,gbif_match,kanagawa_edna: gbif_vernacular アカオビミズミミズ -> 2308179
common:taxon:gbif.2308186,"Ripistes parasita (Schmidt, 1847)",,species,Animalia,Annelida,Clitellata,Tubificida,Naididae,,2308186,gbif_match,kanagawa_edna: gbif_vernacular フサゲミズミミズ -> 2308186
common:taxon:gbif.2308197,"Slavina appendiculata (d'Udekem, 1855)",,species,Animalia,Annelida,Clitellata,Tubificida,Naididae,ヨゴレミズミミズ,2308197,gbif_match,kanagawa_edna: GBIF match species 'Slavina appendiculata' -> 2308197
common:taxon:gbif.2316427,"Hediste atoka Sato & Nakashima, 2003",,species,Animalia,Annelida,Polychaeta,Phyllodocida,Nereididae,ヒメヤマトカワゴカイ,2316427,gbif_match,kanagawa_edna: GBIF match species 'Hediste atoka' -> 2316427
common:taxon:gbif.2346691,"Lepisosteus Lacepède, 1803",,genus,Animalia,Chordata,,Lepisosteiformes,Lepisosteidae,,2346691,gbif_match,kanagawa_edna: gbif_vernacular レピソステウス属 -> 2346691
common:taxon:gbif.2351241,"Salvelinus Richardson, 1836",,genus,Animalia,Chordata,,Salmoniformes,Salmonidae,,2351241,gbif_match,kanagawa_edna: gbif_vernacular イワナ属 -> 2351241
common:taxon:gbif.2360921,"Nipponocypris sieboldii (Temminck & Schlegel, 1846)",,species,Animalia,Chordata,,Cypriniformes,Cyprinidae,ヌマムツ,2360921,gbif_match,kanagawa_edna: GBIF match species 'Nipponocypris sieboldii' -> 2360921
common:taxon:gbif.2362030,"Ctenopharyngodon idella (Valenciennes, 1844)",,species,Animalia,Chordata,,Cypriniformes,Cyprinidae,ソウギョ,2362030,gbif_match,kanagawa_edna: GBIF match species 'Ctenopharyngodon idella' -> 2362030
common:taxon:gbif.2366297,"Gnathopogon Bleeker, 1860",,genus,Animalia,Chordata,,Cypriniformes,Cyprinidae,,2366297,gbif_match,kanagawa_edna: 併記の全成員が属 Gnathopogon の種（タモロコ->common:taxon:gbif.2366298
common:taxon:gbif.2367557,"Squalidus Dybowski, 1872",,genus,Animalia,Chordata,,Cypriniformes,Cyprinidae,,2367557,gbif_match,kanagawa_edna: gbif_vernacular スゴモロコ属 -> 2367557
common:taxon:gbif.2373933,"Thunnus tonggol (Bleeker, 1851)",,species,Animalia,Chordata,,Perciformes,Scombridae,コシナガ,2373933,gbif_match,kanagawa_edna: GBIF match species 'Thunnus tonggol' -> 2373933
common:taxon:gbif.2374737,"Pterocaesio Bleeker, 1876",,genus,Animalia,Chordata,,Perciformes,Caesionidae,,2374737,gbif_match,kanagawa_edna: 併記の全成員が属 Pterocaesio の種（ニセタカサゴ->common:taxon:gbif.2374765
common:taxon:gbif.2379340,"Callogobius tanegasimae (Snyder, 1908)",,species,Animalia,Chordata,,Perciformes,Gobiidae,タネハゼ,2379340,gbif_match,kanagawa_edna: GBIF match species 'Callogobius tanegasimae' -> 2379340
common:taxon:gbif.2392024,"Lateolabrax Bleeker, 1855",,genus,Animalia,Chordata,,Perciformes,Lateolabracidae,,2392024,gbif_match,kanagawa_edna: 併記の全成員が属 Lateolabrax の種（タイリクスズキ->common:taxon:gbif.2392025
common:taxon:gbif.2421216,"Lethenteron Creaser & Hubbs, 1922",,genus,Animalia,Chordata,Petromyzonti,Petromyzontiformes,Petromyzontidae,,2421216,gbif_match,kanagawa_edna: 種 Lethenteron hattai は GBIF に無い
common:taxon:gbif.2421386,"Lethenteron reissneri (Dybowski, 1869)",,species,Animalia,Chordata,Petromyzonti,Petromyzontiformes,Petromyzontidae,,2421386,gbif_match,kanagawa_edna: gbif_vernacular キタスナヤツメ -> 2421386
common:taxon:gbif.2432453,"Myotis macrodactylus (Temminck, 1840)",,species,Animalia,Chordata,Mammalia,Chiroptera,Vespertilionidae,,2432453,gbif_match,kanagawa_edna: gbif_vernacular モモジロコウモリ -> 2432453
common:taxon:gbif.2436436,"Homo sapiens Linnaeus, 1758",,species,Animalia,Chordata,Mammalia,Primates,Hominidae,,2436436,gbif_match,kanagawa_edna: gbif_vernacular ヒト -> 2436436
common:taxon:gbif.2443079,"Graptemys ouachitensis Cagle, 1953",,species,Animalia,Chordata,Testudines,,Emydidae,フトマユチズガメ,2443079,gbif_match,kanagawa_edna: GBIF match species 'Graptemys ouachitensis' -> 2443079
common:taxon:gbif.2443393,"Mauremys mutica (Cantor, 1842)",,species,Animalia,Chordata,Testudines,,Geoemydidae,,2443393,gbif_match,kanagawa_edna: 辞書 taxa moe_ias_list:https://www.env.go.jp/nature/intro/2outline/list/list2.xls#動物!row=179
common:taxon:gbif.2473720,"Gallus Brisson, 1760",,genus,Animalia,Chordata,Aves,Galliformes,Phasianidae,,2473720,gbif_match,kanagawa_edna: gbif_vernacular ヤケイ属 -> 2473720
common:taxon:gbif.2490295,"Motacilla Linnaeus, 1758",,genus,Animalia,Chordata,Aves,Passeriformes,Motacillidae,,2490295,gbif_match,kanagawa_edna: gbif_vernacular セキレイ属 -> 2490295
common:taxon:gbif.2501556,"Stenostomum Schmidt, 1848",,genus,Animalia,Platyhelminthes,Turbellaria,,Stenostomidae,,2501556,gbif_match,kanagawa_edna: 併記の全成員が属 Stenostomum の種（Stenostomum sthenum->common:taxon:gbif.7989702
common:taxon:gbif.2506445,"Prostoma Dugès, 1828",,genus,Animalia,Nemertea,Hoplonemertea,Monostilifera,Prostomatidae,,2506445,gbif_match,kanagawa_edna: gbif_vernacular マミズヒモムシ属 -> 2506445
common:taxon:gbif.2507063,"Nemertopsis bivittata (Delle Chiaje, 1841)",,species,Animalia,Nemertea,Hoplonemertea,Monostilifera,Emplectonematidae,,2507063,gbif_match,kanagawa_edna: GBIF match species 'Nemertopsis bivittata' -> 2507063
common:taxon:gbif.2851,Planorbidae,,family,Animalia,Mollusca,Gastropoda,,Planorbidae,,2851,gbif_match,kanagawa_edna: gbif_vernacular ヒラマキガイ科 -> 2851
common:taxon:gbif.2996,Perlodidae,,family,Animalia,Arthropoda,Insecta,Plecoptera,Perlodidae,,2996,gbif_match,kanagawa_edna: GBIF match family 'Perlodidae' -> 2996
common:taxon:gbif.3247675,Sphaeriidae,,family,Animalia,Mollusca,Bivalvia,Sphaeriida,Sphaeriidae,,3247675,gbif_match,kanagawa_edna: GBIF match family 'Sphaeriidae' -> 3247675
common:taxon:gbif.3259770,"Psychomyia Latreille, 1829",,genus,Animalia,Arthropoda,Insecta,Trichoptera,Psychomyiidae,,3259770,gbif_match,kanagawa_edna: 種 Psychomyia acutipennis は GBIF に無い
common:taxon:gbif.3260090,"Colasposoma Laporte de Castelnau, 1833",,genus,Animalia,Arthropoda,Insecta,Coleoptera,Chrysomelidae,,3260090,gbif_match,kanagawa_edna: GBIF match genus 'Colasposoma' -> 3260090
common:taxon:gbif.4395030,"Stenopsocus Hagen, 1866",,genus,Animalia,Arthropoda,Insecta,Psocodea,Stenopsocidae,,4395030,gbif_match,kanagawa_edna: GBIF match genus 'Stenopsocus' -> 4395030
common:taxon:gbif.4396360,"Paracaecilius japanus (Enderlein, 1906)",,species,Animalia,Arthropoda,Insecta,Psocodea,Paracaeciliidae,キイロケチャタテ,4396360,gbif_match,kanagawa_edna: GBIF match species 'Paracaecilius japanus' -> 4396360
common:taxon:gbif.4397609,"Heterocaecilius solocipennis (Enderlein, 1907)",,species,Animalia,Arthropoda,Insecta,Psocodea,Pseudocaeciliidae,ニセケチャタテ,4397609,gbif_match,kanagawa_edna: GBIF match species 'Heterocaecilius solocipennis' -> 4397609
common:taxon:gbif.4398990,"Trichadenotecnum falx Yoshizawa, 2001",,species,Animalia,Arthropoda,Insecta,Psocodea,Psocidae,,4398990,gbif_match,kanagawa_edna: GBIF match species 'Trichadenotecnum falx' -> 4398990
common:taxon:gbif.4399134,"Trichadenotecnum latebrachium Yoshizawa, 2001",,species,Animalia,Arthropoda,Insecta,Psocodea,Psocidae,,4399134,gbif_match,kanagawa_edna: GBIF match species 'Trichadenotecnum latebrachium' -> 4399134
common:taxon:gbif.4404847,"Curelius Casey, 1900",,genus,Animalia,Arthropoda,Insecta,Coleoptera,Cryptophagidae,,4404847,gbif_match,kanagawa_edna: GBIF match genus 'Curelius' -> 4404847
common:taxon:gbif.4405073,"Propylea Mulsant, 1846",,genus,Animalia,Arthropoda,Insecta,Coleoptera,Coccinellidae,,4405073,gbif_match,kanagawa_edna: GBIF match genus 'Propylea' -> 4405073
common:taxon:gbif.4405225,"Grouvellinus Champion, 1923",,genus,Animalia,Arthropoda,Insecta,Coleoptera,Elmidae,,4405225,gbif_match,kanagawa_edna: 併記の全成員が属 Grouvellinus の種（ツヤナガアシドロムシ->common:taxon:gbif.6968037
common:taxon:gbif.4405564,"Elater Linnaeus, 1758",,genus,Animalia,Arthropoda,Insecta,Coleoptera,Elateridae,,4405564,gbif_match,kanagawa_edna: GBIF match genus 'Elater' -> 4405564
common:taxon:gbif.4406083,"Cortinicara Johnson, 1975",,genus,Animalia,Arthropoda,Insecta,Coleoptera,Latridiidae,,4406083,gbif_match,kanagawa_edna: 併記の全成員が属 Cortinicara の種（ウスチャケシマキムシ->common:taxon:gbif.4450783
common:taxon:gbif.4408321,"Craspedacusta sowerbii Lankester, 1880",,species,Animalia,Cnidaria,Hydrozoa,Limnomedusae,Olindiidae,マミズクラゲ,4408321,gbif_match,kanagawa_edna: GBIF match species 'Craspedacusta sowerbii' -> 4408321
common:taxon:gbif.4410232,"Eukerria saltensis (Beddard, 1895)",,species,Animalia,Annelida,Clitellata,Crassiclitellata,Ocnerodrilidae,,4410232,gbif_match,kanagawa_edna: GBIF match species 'Eukerria saltensis' -> 4410232
common:taxon:gbif.4424145,"Thrips imaginis Bagnall, 1926",,species,Animalia,Arthropoda,Insecta,Thysanoptera,Thripidae,,4424145,gbif_match,kanagawa_edna: GBIF match species 'Thrips imaginis' -> 4424145
common:taxon:gbif.4452544,"Epuraea melanocephala (Marsham, 1802)",,species,Animalia,Arthropoda,Insecta,Coleoptera,Nitidulidae,,4452544,gbif_match,kanagawa_edna: GBIF match species 'Epuraea melanocephala' -> 4452544
common:taxon:gbif.4485136,"Aphis aurantii Boyer de Fonscolombe, 1841",,species,Animalia,Arthropoda,Insecta,Hemiptera,Aphididae,コミカンアブラムシ,4485136,gbif_match,kanagawa_edna: GBIF match species 'Aphis aurantii' -> 4485136
common:taxon:gbif.4485955,"Eysarcoris aeneus (Scopoli, 1763)",,species,Animalia,Arthropoda,Insecta,Hemiptera,Pentatomidae,,4485955,gbif_match,kanagawa_edna: gbif_vernacular トゲシラホシカメムシ -> 4485955
common:taxon:gbif.4487243,"Amphiareus obscuriceps (Poppius, 1909)",,species,Animalia,Arthropoda,Insecta,Hemiptera,Anthocoridae,,4487243,gbif_match,kanagawa_edna: gbif_vernacular ヤサハナカメムシ -> 4487243
common:taxon:gbif.4500083,"Platencyrtus parkeri Ferrière, 1955",,species,Animalia,Arthropoda,Insecta,Hymenoptera,Encyrtidae,,4500083,gbif_match,kanagawa_edna: GBIF match species 'Platencyrtus parkeri' -> 4500083
common:taxon:gbif.4504707,"Formica glauca Ruzsky, 1896",,species,Animalia,Arthropoda,Insecta,Hymenoptera,Formicidae,,4504707,gbif_match,kanagawa_edna: GBIF match species 'Formica glauca' -> 4504707
common:taxon:gbif.4539244,"Lepidocyrtus fimetarius H.Gisin, 1964",,species,Animalia,Arthropoda,Collembola,Entomobryomorpha,Entomobryidae,,4539244,gbif_match,kanagawa_edna: GBIF match species 'Lepidocyrtus fimetarius' -> 4539244
common:taxon:gbif.4559526,"Plumatella rugosa Wood, Wood, Geimer & Massard, 1998",,species,Animalia,Bryozoa,Phylactolaemata,Plumatellida,Plumatellidae,アミメハネコケムシ,4559526,gbif_match,kanagawa_edna: GBIF match species 'Plumatella rugosa' -> 4559526
common:taxon:gbif.4606458,"Ladislavella B.Dybowski, 1913",,genus,Animalia,Mollusca,Gastropoda,,Lymnaeidae,,4606458,gbif_match,kanagawa_edna: GBIF match genus 'Ladislavella' -> 4606458
common:taxon:gbif.4683398,"Nigrobaetis Novikova & Kluge, 1987",,genus,Animalia,Arthropoda,Insecta,Ephemeroptera,Baetidae,,4683398,gbif_match,kanagawa_edna: 種 Nigrobaetis latus は GBIF に無い
common:taxon:gbif.4718982,"Macroeubria Pic, 1916",,genus,Animalia,Arthropoda,Insecta,Coleoptera,Psephenidae,,4718982,gbif_match,kanagawa_edna: 種 Macroeubria lewisi は GBIF に無い
common:taxon:gbif.4748601,"Lesticus Dejean, 1828",,genus,Animalia,Arthropoda,Insecta,Coleoptera,Carabidae,,4748601,gbif_match,kanagawa_edna: GBIF match genus 'Lesticus' -> 4748601
common:taxon:gbif.4777382,"Sogatella furcifera (Horváth, 1899)",,species,Animalia,Arthropoda,Insecta,Hemiptera,Delphacidae,,4777382,gbif_match,kanagawa_edna: gbif_vernacular セジロウンカ -> 4777382
common:taxon:gbif.4814773,"Prostoma eilhardi (Montgomery, 1894)",,species,Animalia,Nemertea,Hoplonemertea,Monostilifera,Prostomatidae,,4814773,gbif_match,kanagawa_edna: GBIF match species 'Prostoma eilhardi' -> 4814773
common:taxon:gbif.4984079,"Brachionus falcatus Zacharias, 1898",,species,Animalia,Rotifera,Eurotatoria,Ploima,Brachionidae,カマガタツボワムシ,4984079,gbif_match,kanagawa_edna: GBIF match species 'Brachionus falcatus' -> 4984079
common:taxon:gbif.4984093,"Brachionus forficula Wierzejski, 1891",,species,Animalia,Rotifera,Eurotatoria,Ploima,Brachionidae,ウシロヅノツボワムシ,4984093,gbif_match,kanagawa_edna: GBIF match species 'Brachionus forficula' -> 4984093
common:taxon:gbif.4984102,"Brachionus calyciflorus Pallas, 1766",,species,Animalia,Rotifera,Eurotatoria,Ploima,Brachionidae,ツボワムシ,4984102,gbif_match,kanagawa_edna: GBIF match species 'Brachionus calyciflorus' -> 4984102
common:taxon:gbif.4984208,"Brachionus rubens Ehrenberg, 1838",,species,Animalia,Rotifera,Eurotatoria,Ploima,Brachionidae,アカツボワムシ,4984208,gbif_match,kanagawa_edna: GBIF match species 'Brachionus rubens' -> 4984208
common:taxon:gbif.5011908,"Curculio davidi L.Fairmaire, 1878",,species,Animalia,Arthropoda,Insecta,Coleoptera,Curculionidae,,5011908,gbif_match,kanagawa_edna: GBIF match species 'Curculio davidi' -> 5011908
common:taxon:gbif.5035777,"Lasius alienus (Foerster, 1850)",,species,Animalia,Arthropoda,Insecta,Hymenoptera,Formicidae,ヒメトビイロケアリ,5035777,gbif_match,kanagawa_edna: GBIF match species 'Lasius alienus' -> 5035777
common:taxon:gbif.5035784,"Lasius productus Wilson, 1955",,species,Animalia,Arthropoda,Insecta,Hymenoptera,Formicidae,ヒゲナガケアリ,5035784,gbif_match,kanagawa_edna: GBIF match species 'Lasius productus' -> 5035784
common:taxon:gbif.5035807,"Lasius capitatus (Kuznetsov-Ugamsky, 1927)",,species,Animalia,Arthropoda,Insecta,Hymenoptera,Formicidae,モリシタケアリ,5035807,gbif_match,kanagawa_edna: GBIF match species 'Lasius capitatus' -> 5035807
common:taxon:gbif.5035850,"Lasius fuliginosus (Latreille, 1798)",,species,Animalia,Arthropoda,Insecta,Hymenoptera,Formicidae,,5035850,gbif_match,kanagawa_edna: GBIF match species 'Lasius fuliginosus' -> 5035850
common:taxon:gbif.5052502,"Rhyacophila kawamurae Tsuda, 1940",,species,Animalia,Arthropoda,Insecta,Trichoptera,Rhyacophilidae,カワムラナガレトビケラ,5052502,gbif_match,kanagawa_edna: GBIF match species 'Rhyacophila kawamurae' -> 5052502
common:taxon:gbif.5052605,"Rhyacophila yamanakensis Iwata, 1927",,species,Animalia,Arthropoda,Insecta,Trichoptera,Rhyacophilidae,ヤマナカナガレトビケラ,5052605,gbif_match,kanagawa_edna: GBIF match species 'Rhyacophila yamanakensis' -> 5052605
common:taxon:gbif.5052652,"Rhyacophila nipponica Navas, 1933",,species,Animalia,Arthropoda,Insecta,Trichoptera,Rhyacophilidae,ニッポンナガレトビケラ,5052652,gbif_match,kanagawa_edna: GBIF match species 'Rhyacophila nipponica' -> 5052652
common:taxon:gbif.5052678,"Rhyacophila diffidens Tsuda, 1940",,species,Animalia,Arthropoda,Insecta,Trichoptera,Rhyacophilidae,ミジカオナガレトビケラ,5052678,gbif_match,kanagawa_edna: GBIF match species 'Rhyacophila diffidens' -> 5052678
common:taxon:gbif.5052685,"Rhyacophila nigrocephala Iwata, 1927",,species,Animalia,Arthropoda,Insecta,Trichoptera,Rhyacophilidae,ムナグロナガレトビケラ,5052685,gbif_match,kanagawa_edna: GBIF match species 'Rhyacophila nigrocephala' -> 5052685
common:taxon:gbif.5052706,"Rhyacophila shikotsuensis Iwata, 1927",,species,Animalia,Arthropoda,Insecta,Trichoptera,Rhyacophilidae,シコツナガレトビケラ,5052706,gbif_match,kanagawa_edna: GBIF match species 'Rhyacophila shikotsuensis' -> 5052706
common:taxon:gbif.5052850,"Rhyacophila brevicephala Iwata, 1927",,species,Animalia,Arthropoda,Insecta,Trichoptera,Rhyacophilidae,ヒロアタマナガレトビケラ,5052850,gbif_match,kanagawa_edna: GBIF match species 'Rhyacophila brevicephala' -> 5052850
common:taxon:gbif.5052884,"Rhyacophila nakagawai Kobayashi, 1969",,species,Animalia,Arthropoda,Insecta,Trichoptera,Rhyacophilidae,ナカガワナガレトビケラ,5052884,gbif_match,kanagawa_edna: GBIF match species 'Rhyacophila nakagawai' -> 5052884
common:taxon:gbif.5053001,"Rhyacophila clemens Tsuda, 1940",,species,Animalia,Arthropoda,Insecta,Trichoptera,Rhyacophilidae,,5053001,gbif_match,kanagawa_edna: gbif_vernacular クレメンスナガレトビケラ -> 5053001
common:taxon:gbif.5054316,"Neophylax japonicus Schmid, 1964",,species,Animalia,Arthropoda,Insecta,Trichoptera,Uenoidae,ニッポンアツバエグリトビケラ,5054316,gbif_match,kanagawa_edna: GBIF match species 'Neophylax japonicus' -> 5054316
common:taxon:gbif.5055381,"Tanypus kraatzi (Kieffer, 1912)",,species,Animalia,Arthropoda,Insecta,Diptera,Chironomidae,カスリモンユスリカ,5055381,gbif_match,kanagawa_edna: GBIF match species 'Tanypus kraatzi' -> 5055381
common:taxon:gbif.5059119,"Gymnosoma nudifrons Herting, 1966",,species,Animalia,Arthropoda,Insecta,Diptera,Tachinidae,,5059119,gbif_match,kanagawa_edna: GBIF match species 'Gymnosoma nudifrons' -> 5059119
common:taxon:gbif.5064059,"Lucilia papuensis Macquart, 1844",,species,Animalia,Arthropoda,Insecta,Diptera,Calliphoridae,ミヤマキンバエ,5064059,gbif_match,kanagawa_edna: GBIF match species 'Lucilia papuensis' -> 5064059
common:taxon:gbif.5064206,"Chrysomya pinguis (Walker, 1858)",,species,Animalia,Arthropoda,Insecta,Diptera,Calliphoridae,ホホグロオビキンバエ,5064206,gbif_match,kanagawa_edna: GBIF match species 'Chrysomya pinguis' -> 5064206
common:taxon:gbif.5067029,"Ilisia asymmetrica (Alexander, 1913)",,species,Animalia,Arthropoda,Insecta,Diptera,Limoniidae,コマダラヒメガガンボ,5067029,gbif_match,kanagawa_edna: GBIF match species 'Ilisia asymmetrica' -> 5067029
common:taxon:gbif.5069647,"Lispe orientalis Wiedemann, 1824",,species,Animalia,Arthropoda,Insecta,Diptera,Muscidae,トウヨウカトリバエ,5069647,gbif_match,kanagawa_edna: GBIF match species 'Lispe orientalis' -> 5069647
common:taxon:gbif.5072668,"Trichocera bimacula Walker, 1848",,species,Animalia,Arthropoda,Insecta,Diptera,Trichoceridae,,5072668,gbif_match,kanagawa_edna: GBIF match species 'Trichocera bimacula' -> 5072668
common:taxon:gbif.5073820,"Drosophila suzukii (Matsumura, 1931)",,species,Animalia,Arthropoda,Insecta,Diptera,Drosophilidae,,5073820,gbif_match,kanagawa_edna: gbif_vernacular オウトウショウジョウバエ -> 5073820
common:taxon:gbif.5074191,"Drosophila lacteicornis Okada, 1965",,species,Animalia,Arthropoda,Insecta,Diptera,Drosophilidae,ヒゲジロショウジョウバエ,5074191,gbif_match,kanagawa_edna: GBIF match species 'Drosophila lacteicornis' -> 5074191
common:taxon:gbif.5074636,"Drosophila mukteshwarensis Joshi, Fartyal & Singh, 2005",,species,Animalia,Arthropoda,Insecta,Diptera,Drosophilidae,,5074636,gbif_match,kanagawa_edna: GBIF match species 'Drosophila mukteshwarensis' -> 5074636
common:taxon:gbif.5080643,"Penthetria simplicipes (Brunetti, 1925)",,species,Animalia,Arthropoda,Insecta,Diptera,Bibionidae,,5080643,gbif_match,kanagawa_edna: GBIF match species 'Penthetria simplicipes' -> 5080643
common:taxon:gbif.5084178,"Tachytrechus angustipennis Loew, 1862",,species,Animalia,Arthropoda,Insecta,Diptera,Dolichopodidae,,5084178,gbif_match,kanagawa_edna: GBIF match species 'Tachytrechus angustipennis' -> 5084178
common:taxon:gbif.5088219,"Philorus kuyaensis Kitakami, 1931",,species,Animalia,Arthropoda,Insecta,Diptera,Blephariceridae,ヒゲボソオオフタマタアミカ,5088219,gbif_match,kanagawa_edna: GBIF match species 'Philorus kuyaensis' -> 5088219
common:taxon:gbif.5121979,"Pectinophora gossypiella (Saunders, 1844)",,species,Animalia,Arthropoda,Insecta,Lepidoptera,Gelechiidae,,5121979,gbif_match,kanagawa_edna: gbif_vernacular ワタアカミムシガ -> 5121979
common:taxon:gbif.5124304,"Macroglossum fritzei Rothschild & Jordan, 1903",,species,Animalia,Arthropoda,Insecta,Lepidoptera,Sphingidae,フリッツェホウジャク,5124304,gbif_match,kanagawa_edna: GBIF match species 'Macroglossum fritzei' -> 5124304
common:taxon:gbif.5135026,"Erebia niphonica Janson, 1877",,species,Animalia,Arthropoda,Insecta,Lepidoptera,Nymphalidae,,5135026,gbif_match,kanagawa_edna: gbif_vernacular ベニヒカゲ -> 5135026
common:taxon:gbif.5144463,"Timandra dichela (Prout, 1935)",,species,Animalia,Arthropoda,Insecta,Lepidoptera,Geometridae,,5144463,gbif_match,kanagawa_edna: gbif_vernacular ウスベニスジヒメシャク -> 5144463
common:taxon:gbif.5144502,"Jankowskia athleta Oberthür, 1884",,species,Animalia,Arthropoda,Insecta,Lepidoptera,Geometridae,,5144502,gbif_match,kanagawa_edna: GBIF match species 'Jankowskia athleta' -> 5144502
common:taxon:gbif.5151969,"Capnia bituberculata Uéno, 1929",,species,Animalia,Arthropoda,Insecta,Plecoptera,Capniidae,フタトゲクロカワゲラ,5151969,gbif_match,kanagawa_edna: GBIF match species 'Capnia bituberculata' -> 5151969
common:taxon:gbif.5152013,"Capnia asakawaena Kohno, 1952",,species,Animalia,Arthropoda,Insecta,Plecoptera,Capniidae,アサカワクロカワゲラ,5152013,gbif_match,kanagawa_edna: GBIF match species 'Capnia asakawaena' -> 5152013
common:taxon:gbif.5179981,"Bosmina fatalis Burckhardt, 1924",,species,Animalia,Arthropoda,Branchiopoda,Diplostraca,Bosminidae,ニセゾウミジンコ,5179981,gbif_match,kanagawa_edna: GBIF match species 'Bosmina fatalis' -> 5179981
common:taxon:gbif.5179985,"Bosmina freyi De Melo & Hebert, 1994",,species,Animalia,Arthropoda,Branchiopoda,Diplostraca,Bosminidae,,5179985,gbif_match,kanagawa_edna: GBIF match species 'Bosmina freyi' -> 5179985
common:taxon:gbif.5180060,"Alona affinis (Leydig, 1860)",,species,Animalia,Arthropoda,Branchiopoda,Diplostraca,Chydoridae,オオシカクミジンコ,5180060,gbif_match,kanagawa_edna: GBIF match species 'Alona affinis' -> 5180060
common:taxon:gbif.5194015,"Chaetogaster diastrophus (Gruithuisen, 1828)",,species,Animalia,Annelida,Clitellata,Tubificida,Naididae,,5194015,gbif_match,kanagawa_edna: gbif_vernacular チゴヤドリミミズ -> 5194015
common:taxon:gbif.5204034,"Oncorhynchus kisutch (Walbaum, 1792)",,species,Animalia,Chordata,,Salmoniformes,Salmonidae,,5204034,gbif_match,kanagawa_edna: gbif_vernacular ギンザケ -> 5204034
common:taxon:gbif.5208682,"Kuhlia marginata (Cuvier, 1829)",,species,Animalia,Chordata,,Perciformes,Kuhliidae,ユゴイ,5208682,gbif_match,kanagawa_edna: GBIF match species 'Kuhlia marginata' -> 5208682
common:taxon:gbif.5208684,"Kuhlia rupestris (Lacepède, 1802)",,species,Animalia,Chordata,,Perciformes,Kuhliidae,,5208684,gbif_match,kanagawa_edna: gbif_vernacular オオクチユゴイ -> 5208684
common:taxon:gbif.5208783,"Awaous grammepomus (Bleeker, 1849)",,species,Animalia,Chordata,,Perciformes,Gobiidae,,5208783,gbif_match,kanagawa_edna: GBIF match species 'Awaous grammepomus' -> 5208783
common:taxon:gbif.5213048,"Anguilla marmorata Quoy & Gaimard, 1824",,species,Animalia,Chordata,,Anguilliformes,Anguillidae,,5213048,gbif_match,kanagawa_edna: gbif_vernacular オオウナギ -> 5213048
common:taxon:gbif.5219142,"Canis Linnaeus, 1758",,genus,Animalia,Chordata,Mammalia,Carnivora,Canidae,,5219142,gbif_match,kanagawa_edna: gbif_vernacular イヌ属 -> 5219142
common:taxon:gbif.5233204,"Stenostomum leucops (Duges, 1828) Schmidt, 1848",,species,Animalia,Platyhelminthes,Turbellaria,,Stenostomidae,,5233204,gbif_match,kanagawa_edna: GBIF match species 'Stenostomum leucops' -> 5233204
common:taxon:gbif.5233215,"Stenostomum simplex Kepner & Carter, 1931",,species,Animalia,Platyhelminthes,Turbellaria,,Stenostomidae,,5233215,gbif_match,kanagawa_edna: GBIF match species 'Stenostomum simplex' -> 5233215
common:taxon:gbif.5585,Ptychopteridae,,family,Animalia,Arthropoda,Insecta,Diptera,Ptychopteridae,,5585,gbif_match,kanagawa_edna: gbif_vernacular コシボソガガンボ科 -> 5585
common:taxon:gbif.5733970,"Scolothrips takahashii Priesner, 1950",,species,Animalia,Arthropoda,Insecta,Thysanoptera,Thripidae,ハダニアザミウマ,5733970,gbif_match,kanagawa_edna: GBIF match species 'Scolothrips takahashii' -> 5733970
common:taxon:gbif.5735087,"Biasticus flavinotus (Matsumura, 1913)",,species,Animalia,Arthropoda,Insecta,Hemiptera,Reduviidae,,5735087,gbif_match,kanagawa_edna: GBIF match species 'Biasticus flavinotus' -> 5735087
common:taxon:gbif.5735146,"Aulacorthum Mordvilko, 1914",,genus,Animalia,Arthropoda,Insecta,Hemiptera,Aphididae,,5735146,gbif_match,kanagawa_edna: GBIF match genus 'Aulacorthum' -> 5735146
common:taxon:gbif.5753572,"Hydaticus leander (Rossi, 1790)",,species,Animalia,Arthropoda,Insecta,Coleoptera,Dytiscidae,,5753572,gbif_match,kanagawa_edna: GBIF match species 'Prodaticus leander' -> 5753572
common:taxon:gbif.5862985,"Neocaridina palmata (Shen, 1948)",,species,Animalia,Arthropoda,Malacostraca,Decapoda,Atyidae,,5862985,gbif_match,kanagawa_edna: GBIF match species 'Neocaridina palmata' -> 5862985
common:taxon:gbif.5863327,"Parapyxidognathus deianira (De Man, 1888)",,species,Animalia,Arthropoda,Malacostraca,Decapoda,Varunidae,,5863327,gbif_match,kanagawa_edna: gbif_vernacular トゲアシヒライソガニモドキ -> 5863327
common:taxon:gbif.5969273,"Acantholobulus pacificus (Edmondson, 1931)",,species,Animalia,Arthropoda,Malacostraca,Decapoda,Panopeidae,ハクライオウギガニ,5969273,gbif_match,kanagawa_edna: GBIF match species 'Acantholobulus pacificus' -> 5969273
common:taxon:gbif.5979302,"Epistrophe zibaiensis Huo, Ren & Zheng, 2007",,species,Animalia,Arthropoda,Insecta,Diptera,Syrphidae,,5979302,gbif_match,kanagawa_edna: GBIF match species 'Epistrophe zibaiensis' -> 5979302
common:taxon:gbif.5981323,"Blepharicera Macquart, 1843",,genus,Animalia,Arthropoda,Insecta,Diptera,Blephariceridae,,5981323,gbif_match,kanagawa_edna: GBIF match genus 'Blepharicera' -> 5981323
common:taxon:gbif.6005302,"Ochthebius inermis (Sharp, 1884)",,species,Animalia,Arthropoda,Insecta,Coleoptera,Hydraenidae,,6005302,gbif_match,kanagawa_edna: gbif_vernacular セスジダルマガムシ -> 6005302
common:taxon:gbif.6127320,"Nedyopus patrioticus (Attems, 1898)",,species,Animalia,Arthropoda,Diplopoda,Polydesmida,Paradoxosomatidae,ヤマトアカヤスデ,6127320,gbif_match,kanagawa_edna: GBIF match species 'Nedyopus patrioticus' -> 6127320
common:taxon:gbif.6129976,"Scotinophara scottii Horváth, 1879",,species,Animalia,Arthropoda,Insecta,Hemiptera,Pentatomidae,,6129976,gbif_match,kanagawa_edna: gbif_vernacular ヒメクロカメムシ -> 6129976
common:taxon:gbif.6130306,"Micronecta orientalis Wróblewski, 1960",,species,Animalia,Arthropoda,Insecta,Hemiptera,Micronectidae,クロチビミズムシ,6130306,gbif_match,kanagawa_edna: GBIF match species 'Micronecta orientalis' -> 6130306
common:taxon:gbif.6131169,"Chlaenius bioculatus Chaudoir, 1856",,species,Animalia,Arthropoda,Insecta,Coleoptera,Carabidae,,6131169,gbif_match,kanagawa_edna: gbif_vernacular アトモンアオゴミムシ -> 6131169
common:taxon:gbif.6132474,"Laccobius fragilis Nakane, 1966",,species,Animalia,Arthropoda,Insecta,Coleoptera,Hydrophilidae,ヒメシジミガムシ,6132474,gbif_match,kanagawa_edna: GBIF match species 'Laccobius fragilis' -> 6132474
common:taxon:gbif.6544574,"Geocoris pallidipennis (Costa, 1843)",,species,Animalia,Arthropoda,Insecta,Hemiptera,Geocoridae,,6544574,gbif_match,kanagawa_edna: GBIF match species 'Geocoris pallidipennis' -> 6544574
common:taxon:gbif.6739522,"Dicranomyia Stephens, 1829",,genus,Animalia,Arthropoda,Insecta,Diptera,Limoniidae,,6739522,gbif_match,kanagawa_edna: 併記の全成員が属 Dicranomyia の種（Dicranomyia paramorio paramorio->common:taxon:gbif.5065199
common:taxon:gbif.6931702,"Torleya japonica (Gose, 1980)",,species,Animalia,Arthropoda,Insecta,Ephemeroptera,Ephemerellidae,エラブタマダラカゲロウ,6931702,gbif_match,kanagawa_edna: GBIF match species 'Torleya japonica' -> 6931702
common:taxon:gbif.6931732,"Serratella setigera (Bajkova, 1967)",,species,Animalia,Arthropoda,Insecta,Ephemeroptera,Ephemerellidae,クシゲマダラカゲロウ,6931732,gbif_match,kanagawa_edna: GBIF match species 'Serratella setigera' -> 6931732
common:taxon:gbif.6931752,"Drunella sachalinensis (Matsumura, 1931)",,species,Animalia,Arthropoda,Insecta,Ephemeroptera,Ephemerellidae,フタマタマダラカゲロウ,6931752,gbif_match,kanagawa_edna: GBIF match species 'Drunella sachalinensis' -> 6931752
common:taxon:gbif.6931761,"Drunella basalis (Imanishi, 1937)",,species,Animalia,Arthropoda,Insecta,Ephemeroptera,Ephemerellidae,オオマダラカゲロウ,6931761,gbif_match,kanagawa_edna: GBIF match species 'Drunella basalis' -> 6931761
common:taxon:gbif.6931784,"Ephacerella longicaudata (Uéno, 1928)",,species,Animalia,Arthropoda,Insecta,Ephemeroptera,Ephemerellidae,シリナガマダラカゲロウ,6931784,gbif_match,kanagawa_edna: GBIF match species 'Ephacerella longicaudata' -> 6931784
common:taxon:gbif.6931807,"Cincticostella nigra (Uéno, 1928)",,species,Animalia,Arthropoda,Insecta,Ephemeroptera,Ephemerellidae,クロマダラカゲロウ,6931807,gbif_match,kanagawa_edna: GBIF match species 'Cincticostella nigra' -> 6931807
common:taxon:gbif.6931821,"Cincticostella elongatula (McLachlan, 1875)",,species,Animalia,Arthropoda,Insecta,Ephemeroptera,Ephemerellidae,オオクママダラカゲロウ,6931821,gbif_match,kanagawa_edna: GBIF match species 'Cincticostella elongatula' -> 6931821
common:taxon:gbif.6931855,"Drunella ishiyamana (Matsumura, 1931)",,species,Animalia,Arthropoda,Insecta,Ephemeroptera,Ephemerellidae,ヨシノマダラカゲロウ,6931855,gbif_match,kanagawa_edna: GBIF match species 'Drunella ishiyamana' -> 6931855
common:taxon:gbif.6932167,"Nigrobaetis taiwanensis (Müller-Liebenau, 1985)",,species,Animalia,Arthropoda,Insecta,Ephemeroptera,Baetidae,フタモンコカゲロウ,6932167,gbif_match,kanagawa_edna: GBIF match species 'Nigrobaetis taiwanensis' -> 6932167
common:taxon:gbif.6932360,"Baetiella japonica (Imanishi, 1931)",,species,Animalia,Arthropoda,Insecta,Ephemeroptera,Baetidae,フタバコカゲロウ,6932360,gbif_match,kanagawa_edna: GBIF match species 'Baetiella japonica' -> 6932360
common:taxon:gbif.6932382,"Baetis thermicus Uéno, 1931",,species,Animalia,Arthropoda,Insecta,Ephemeroptera,Baetidae,シロハラコカゲロウ,6932382,gbif_match,kanagawa_edna: GBIF match species 'Baetis thermicus' -> 6932382
common:taxon:gbif.6932416,"Baetis sahoensis Gose, 1980",,species,Animalia,Arthropoda,Insecta,Ephemeroptera,Baetidae,サホコカゲロウ,6932416,gbif_match,kanagawa_edna: GBIF match species 'Baetis sahoensis' -> 6932416
common:taxon:gbif.6932585,"Acentrella gnom (Kluge, 1983)",,species,Animalia,Arthropoda,Insecta,Ephemeroptera,Baetidae,ミツオミジカオフタバコカゲロウ,6932585,gbif_match,kanagawa_edna: GBIF match species 'Acentrella gnom' -> 6932585
common:taxon:gbif.6932747,"Siphlonurus binotatus (Eaton, 1892)",,species,Animalia,Arthropoda,Insecta,Ephemeroptera,Siphlonuridae,,6932747,gbif_match,kanagawa_edna: gbif_vernacular オオフタオカゲロウ -> 6932747
common:taxon:gbif.6933150,"Rhithrogena tetrapunctigera Matsumura, 1931",,species,Animalia,Arthropoda,Insecta,Ephemeroptera,Heptageniidae,サツキヒメヒラタカゲロウ,6933150,gbif_match,kanagawa_edna: GBIF match species 'Rhithrogena tetrapunctigera' -> 6933150
common:taxon:gbif.6933201,"Rhithrogena japonica Uéno, 1928",,species,Animalia,Arthropoda,Insecta,Ephemeroptera,Heptageniidae,ヒメヒラタカゲロウ,6933201,gbif_match,kanagawa_edna: GBIF match species 'Rhithrogena japonica' -> 6933201
common:taxon:gbif.6933270,"Epeorus hiemalis Imanishi, 1934",,species,Animalia,Arthropoda,Insecta,Ephemeroptera,Heptageniidae,オナガヒラタカゲロウ,6933270,gbif_match,kanagawa_edna: GBIF match species 'Epeorus hiemalis' -> 6933270
common:taxon:gbif.6933272,"Epeorus ikanonis Takahashi, 1924",,species,Animalia,Arthropoda,Insecta,Ephemeroptera,Heptageniidae,ナミヒラタカゲロウ,6933272,gbif_match,kanagawa_edna: GBIF match species 'Epeorus ikanonis' -> 6933272
common:taxon:gbif.6933293,"Heptagenia kyotoensis Gose, 1963",,species,Animalia,Arthropoda,Insecta,Ephemeroptera,Heptageniidae,キョウトキハダヒラタカゲロウ,6933293,gbif_match,kanagawa_edna: GBIF match species 'Heptagenia kyotoensis' -> 6933293
common:taxon:gbif.6933402,"Epeorus aesculus Imanishi, 1934",,species,Animalia,Arthropoda,Insecta,Ephemeroptera,Heptageniidae,キイロヒラタカゲロウ,6933402,gbif_match,kanagawa_edna: GBIF match species 'Epeorus aesculus' -> 6933402
common:taxon:gbif.6933421,"Epeorus curvatulus Matsumura, 1931",,species,Animalia,Arthropoda,Insecta,Ephemeroptera,Heptageniidae,ウエノヒラタカゲロウ,6933421,gbif_match,kanagawa_edna: GBIF match species 'Epeorus curvatulus' -> 6933421
common:taxon:gbif.6933491,"Epeorus latifolium (Uéno, 1928)",,species,Animalia,Arthropoda,Insecta,Ephemeroptera,Heptageniidae,エルモンヒラタカゲロウ,6933491,gbif_match,kanagawa_edna: GBIF match species 'Epeorus latifolium' -> 6933491
common:taxon:gbif.6933584,"Afronurus viridis (Matsumura, 1931)",,species,Animalia,Arthropoda,Insecta,Ephemeroptera,Heptageniidae,ミドリタニガワカゲロウ,6933584,gbif_match,kanagawa_edna: GBIF match species 'Afronurus viridis' -> 6933584
common:taxon:gbif.6933662,Ecdyonurus tigris,,species,Animalia,Arthropoda,Insecta,Ephemeroptera,Heptageniidae,トラタニガワカゲロウ,6933662,gbif_match,kanagawa_edna: GBIF match species 'Ecdyonurus tigris' -> 6933662
common:taxon:gbif.6934412,"Ameletus montanus Imanishi, 1930",,species,Animalia,Arthropoda,Insecta,Ephemeroptera,Ameletidae,ヒメフタオカゲロウ,6934412,gbif_match,kanagawa_edna: GBIF match species 'Ameletus montanus' -> 6934412
common:taxon:gbif.6934545,"Potamanthus formosus Eaton, 1892",,species,Animalia,Arthropoda,Insecta,Ephemeroptera,Potamanthidae,キイロカワカゲロウ,6934545,gbif_match,kanagawa_edna: GBIF match species 'Potamanthus formosus' -> 6934545
common:taxon:gbif.6934699,Isonychia valida,,species,Animalia,Arthropoda,Insecta,Ephemeroptera,Isonychiidae,チラカゲロウ,6934699,gbif_match,kanagawa_edna: GBIF match species 'Isonychia valida' -> 6934699
common:taxon:gbif.6960,Naididae,,family,Animalia,Annelida,Clitellata,Tubificida,Naididae,,6960,gbif_match,kanagawa_edna: GBIF match family 'Naididae' -> 6960
common:taxon:gbif.6967664,"Dryopomorphus nakanei Nomura, 1958",,species,Animalia,Arthropoda,Insecta,Coleoptera,Elmidae,ヒメハバビロドロムシ,6967664,gbif_match,kanagawa_edna: GBIF match species 'Dryopomorphus nakanei' -> 6967664
common:taxon:gbif.6967665,"Dryopomorphus extraneus Hinton, 1936",,species,Animalia,Arthropoda,Insecta,Coleoptera,Elmidae,ハバビロドロムシ,6967665,gbif_match,kanagawa_edna: GBIF match species 'Dryopomorphus extraneus' -> 6967665
common:taxon:gbif.6968252,"Zaitzevia rivalis Nomura, 1963",,species,Animalia,Arthropoda,Insecta,Coleoptera,Elmidae,ミゾツヤドロムシ,6968252,gbif_match,kanagawa_edna: GBIF match species 'Zaitzevia rivalis' -> 6968252
common:taxon:gbif.6968533,"Zaitzeviaria brevis (Nomura, 1958)",,species,Animalia,Arthropoda,Insecta,Coleoptera,Elmidae,ヒメツヤドロムシ,6968533,gbif_match,kanagawa_edna: GBIF match species 'Zaitzeviaria brevis' -> 6968533
common:taxon:gbif.6968539,"Zaitzeviaria gotoi (Nomura, 1959)",,species,Animalia,Arthropoda,Insecta,Coleoptera,Elmidae,,6968539,gbif_match,kanagawa_edna: gbif_vernacular ホソヒメツヤドロムシ -> 6968539
common:taxon:gbif.6968543,"Zaitzeviaria ovata (Nomura, 1959)",,species,Animalia,Arthropoda,Insecta,Coleoptera,Elmidae,マルヒメツヤドロムシ,6968543,gbif_match,kanagawa_edna: GBIF match species 'Zaitzeviaria ovata' -> 6968543
common:taxon:gbif.6994410,"Eubrianax ramicornis Kiesenwetter, 1874",,species,Animalia,Arthropoda,Insecta,Coleoptera,Psephenidae,,6994410,gbif_match,kanagawa_edna: gbif_vernacular マルヒラタドロムシ -> 6994410
common:taxon:gbif.6994435,"Grammeubria opaca Kiesenwetter, 1874",,species,Animalia,,,,,チビヒゲナガハナノミ,6994435,gbif_match,kanagawa_edna: GBIF match species 'Ectopria opaca' -> 6994435
common:taxon:gbif.7184552,"Labiobaetis atrebatinus (Eaton, 1870)",,species,Animalia,Arthropoda,Insecta,Ephemeroptera,Baetidae,ウスイロフトヒゲコカゲロウ,7184552,gbif_match,kanagawa_edna: GBIF match species 'Labiobaetis atrebatinus' -> 7184552
common:taxon:gbif.7196805,"Nigrobaetis acinaciger (Kluge, 1983)",,species,Animalia,Arthropoda,Insecta,Ephemeroptera,Baetidae,トゲエラトビイロコカゲロウ,7196805,gbif_match,kanagawa_edna: GBIF match species 'Nigrobaetis acinaciger' -> 7196805
common:taxon:gbif.7196808,"Nigrobaetis chocoratus (Gose, 1980)",,species,Animalia,Arthropoda,Insecta,Ephemeroptera,Baetidae,トビイロコカゲロウ,7196808,gbif_match,kanagawa_edna: GBIF match species 'Nigrobaetis chocoratus' -> 7196808
common:taxon:gbif.7196823,"Acentrella sibirica (Kazlauskas, 1963)",,species,Animalia,Arthropoda,Insecta,Ephemeroptera,Baetidae,ミジカオフタバコカゲロウ,7196823,gbif_match,kanagawa_edna: GBIF match species 'Acentrella sibirica' -> 7196823
common:taxon:gbif.7196918,"Cloeon ryogokuensis Gose, 1980",,species,Animalia,Arthropoda,Insecta,Ephemeroptera,Baetidae,タマリフタバカゲロウ,7196918,gbif_match,kanagawa_edna: GBIF match species 'Cloeon ryogokuensis' -> 7196918
common:taxon:gbif.7197113,"Paraleptophlebia japonica Matsumura, 1931",,species,Animalia,Arthropoda,Insecta,Ephemeroptera,Leptophlebiidae,ナミトビイロカゲロウ,7197113,gbif_match,kanagawa_edna: GBIF match species 'Paraleptophlebia japonica' -> 7197113
common:taxon:gbif.7197114,"Paraleptophlebia spinosa Uéno, 1931",,species,Animalia,Arthropoda,Insecta,Ephemeroptera,Leptophlebiidae,トゲトビイロカゲロウ,7197114,gbif_match,kanagawa_edna: GBIF match species 'Paraleptophlebia spinosa' -> 7197114
common:taxon:gbif.7197115,"Paraleptophlebia westoni Imanishi, 1937",,species,Animalia,Arthropoda,Insecta,Ephemeroptera,Leptophlebiidae,ウェストントビイロカゲロウ,7197115,gbif_match,kanagawa_edna: GBIF match species 'Paraleptophlebia westoni' -> 7197115
common:taxon:gbif.7197181,"Teloganopsis punctisetae (Matsumura, 1931)",,species,Animalia,Arthropoda,Insecta,Ephemeroptera,Ephemerellidae,アカマダラカゲロウ,7197181,gbif_match,kanagawa_edna: GBIF match species 'Teloganopsis punctisetae' -> 7197181
common:taxon:gbif.7197200,"Serratella occiprens Jacobus & McCafferty, 2008",,species,Animalia,Arthropoda,Insecta,Ephemeroptera,Ephemerellidae,イマニシマダラカゲロウ,7197200,gbif_match,kanagawa_edna: GBIF match species 'Serratella occiprens' -> 7197200
common:taxon:gbif.7197275,"Epeorus cumulus Imanishi, 1939",,species,Animalia,Arthropoda,Insecta,Ephemeroptera,Heptageniidae,イワヒラタカゲロウ,7197275,gbif_match,kanagawa_edna: GBIF match species 'Epeorus cumulus' -> 7197275
common:taxon:gbif.7198747,"Perlomyia isobeae Sivec & Stark, 2012",,species,Animalia,Arthropoda,Insecta,Plecoptera,Leuctridae,イソベホソカワゲラ,7198747,gbif_match,kanagawa_edna: GBIF match species 'Perlomyia isobeae' -> 7198747
common:taxon:gbif.7198749,"Perlomyia kappa Sivec & Stark, 2012",,species,Animalia,Arthropoda,Insecta,Plecoptera,Leuctridae,,7198749,gbif_match,kanagawa_edna: GBIF match species 'Perlomyia kappa' -> 7198749
common:taxon:gbif.7198793,"Pseudomegarcys japonica Kohno, 1946",,species,Animalia,Arthropoda,Insecta,Plecoptera,Perlodidae,ヒロバネアミメカワゲラ,7198793,gbif_match,kanagawa_edna: GBIF match species 'Pseudomegarcys japonica' -> 7198793
common:taxon:gbif.7346594,"Synuchus nitidus (Motschulsky, 1862)",,species,Animalia,Arthropoda,Insecta,Coleoptera,Carabidae,,7346594,gbif_match,kanagawa_edna: gbif_vernacular オオクロツヤヒラタゴミムシ -> 7346594
common:taxon:gbif.7353826,"Tenuibaetis parvipterus Fujitani, 2011",,species,Animalia,Arthropoda,Insecta,Ephemeroptera,Baetidae,コバネヒゲトガリコカゲロウ,7353826,gbif_match,kanagawa_edna: GBIF match species 'Tenuibaetis parvipterus' -> 7353826
common:taxon:gbif.7369779,"Anisocentropus kawamurai (Iwata, 1927) Iwata, 1927",,species,Animalia,Arthropoda,Insecta,Trichoptera,Calamoceratidae,コバントビケラ,7369779,gbif_match,kanagawa_edna: GBIF match species 'Anisocentropus kawamurai' -> 7369779
common:taxon:gbif.7425901,"Adelphocorisella lespedezae Miyamoto & Yasunaga, 1993",,species,Animalia,Arthropoda,Insecta,Hemiptera,Miridae,,7425901,gbif_match,kanagawa_edna: gbif_vernacular ヒゲナガカスミカメ -> 7425901
common:taxon:gbif.7492275,"Bothrioneurum Stolč, 1886",,genus,Animalia,Annelida,Clitellata,Tubificida,Naididae,,7492275,gbif_match,kanagawa_edna: GBIF match genus 'Bothrioneurum' -> 7492275
common:taxon:gbif.7546182,"Carabus sackeni Semenov, 1898",,species,Animalia,Arthropoda,Insecta,Coleoptera,Carabidae,,7546182,gbif_match,kanagawa_edna: GBIF match species 'Carabus sackeni' -> 7546182
common:taxon:gbif.7636319,"Cardiocondyla kagutsuchi Terayama, 1999",,species,Animalia,Arthropoda,Insecta,Hymenoptera,Formicidae,,7636319,gbif_match,kanagawa_edna: gbif_vernacular ヒヤケハダカアリ -> 7636319
common:taxon:gbif.7664805,"Euglesa casertana (Poli, 1791)",,species,Animalia,Mollusca,Bivalvia,Sphaeriida,Sphaeriidae,ハイイロマメシジミ,7664805,gbif_match,kanagawa_edna: GBIF match species 'Euglesa casertana' -> 7664805
common:taxon:gbif.7712848,"Horornis ruficapilla (E.P.Ramsay, 1875)",,species,Animalia,Chordata,Aves,Passeriformes,Cettiidae,,7712848,gbif_match,kanagawa_edna: GBIF match species 'Horornis ruficapilla' -> 7712848
common:taxon:gbif.7810565,"Dyscolus funereus (Moret, 1991)",,species,Animalia,Arthropoda,Insecta,Coleoptera,Carabidae,,7810565,gbif_match,kanagawa_edna: GBIF match species 'Dyscolus funereus' -> 7810565
common:taxon:gbif.7989702,"Stenostomum sthenum Borkott, 1970",,species,Animalia,Platyhelminthes,Turbellaria,,Stenostomidae,,7989702,gbif_match,kanagawa_edna: GBIF match species 'Stenostomum sthenum' -> 7989702
common:taxon:gbif.8026099,"Ectopsocus meridionalis Ribaga, 1904",,species,Animalia,Arthropoda,Insecta,Psocodea,Ectopsocidae,,8026099,gbif_match,kanagawa_edna: GBIF match species 'Ectopsocus meridionalis' -> 8026099
common:taxon:gbif.8035941,"Adelphocoris suturalis (Jakovlev, 1882)",,species,Animalia,Arthropoda,Insecta,Hemiptera,Miridae,,8035941,gbif_match,kanagawa_edna: gbif_vernacular ナカグロカスミカメ -> 8035941
common:taxon:gbif.8179364,"Pelodiscus maackii (Brandt, 1858)",,species,Animalia,Chordata,Testudines,,Trionychidae,,8179364,gbif_match,kanagawa_edna: gbif_vernacular ニホンスッポン -> 8179364
common:taxon:gbif.8340957,"Maiestas dorsalis (Motschulsky, 1859)",,species,Animalia,Arthropoda,Insecta,Hemiptera,Cicadellidae,,8340957,gbif_match,kanagawa_edna: gbif_vernacular イナズマヨコバイ -> 8340957
common:taxon:gbif.8357047,"Diaphanosoma dubium Manujlova, 1964",,species,Animalia,Arthropoda,Branchiopoda,Diplostraca,Sididae,オオアタマミジンコ,8357047,gbif_match,kanagawa_edna: GBIF match species 'Diaphanosoma dubium' -> 8357047
common:taxon:gbif.8373165,"Tenuibaetis flexifemora (Gose, 1980)",,species,Animalia,Arthropoda,Insecta,Ephemeroptera,Baetidae,ウデマガリコカゲロウ,8373165,gbif_match,kanagawa_edna: GBIF match species 'Tenuibaetis flexifemora' -> 8373165
common:taxon:gbif.8412231,"Rumarcanella vorstmani (Toriumi, 1952)",,species,Animalia,Bryozoa,Phylactolaemata,Plumatellida,Plumatellidae,スカシハネコケムシ,8412231,gbif_match,kanagawa_edna: GBIF match species 'Plumatella vorstmani' -> 8412231
common:taxon:gbif.8414191,"Rhipidia chenwenyoungi Zhang, Li & Yang, 2012",,species,Animalia,Arthropoda,Insecta,Diptera,Limoniidae,,8414191,gbif_match,kanagawa_edna: GBIF match species 'Rhipidia chenwenyoungi' -> 8414191
common:taxon:gbif.8428595,"Bugulina stolonifera (Ryland, 1960)",,species,Animalia,Bryozoa,Gymnolaemata,Cheilostomatida,Bugulidae,,8428595,gbif_match,kanagawa_edna: GBIF match species 'Bugulina stolonifera' -> 8428595
common:taxon:gbif.8438148,"Altica aenea (Olivier, 1808)",,species,Animalia,Arthropoda,Insecta,Coleoptera,Chrysomelidae,,8438148,gbif_match,kanagawa_edna: gbif_vernacular カミナリハムシ -> 8438148
common:taxon:gbif.8438324,"Pseudovelia tibialis Esaki & Miyamoto, 1955",,species,Animalia,Arthropoda,Insecta,Hemiptera,Veliidae,ナガレカタビロアメンボ,8438324,gbif_match,kanagawa_edna: GBIF match species 'Pseudovelia tibialis' -> 8438324
common:taxon:gbif.8628687,"Cymus koreanus Josifov & Kerzhner, 1978",,species,Animalia,Arthropoda,Insecta,Hemiptera,Cymidae,ホソヒメヒラタナガカメムシ,8628687,gbif_match,kanagawa_edna: GBIF match species 'Cymus koreanus' -> 8628687
common:taxon:gbif.8637577,"Saturnia boisduvalii Eversmann, 1847",,species,Animalia,Arthropoda,Insecta,Lepidoptera,Saturniidae,,8637577,gbif_match,kanagawa_edna: GBIF match species 'Saturnia boisduvalii' -> 8637577
common:taxon:gbif.8660409,"Hydroptila phenianica Botosaneanu, 1970",,species,Animalia,Arthropoda,Insecta,Trichoptera,Hydroptilidae,マツイヒメトビケラ,8660409,gbif_match,kanagawa_edna: GBIF match species 'Hydroptila phenianica' -> 8660409
common:taxon:gbif.8764900,"Nais stolci Hrabĕ, 1981",,species,Animalia,Annelida,Clitellata,Tubificida,Naididae,,8764900,gbif_match,kanagawa_edna: GBIF match species 'Nais stolci' -> 8764900
common:taxon:gbif.8801140,Metopina sagittata Liu,,species,Animalia,Arthropoda,Insecta,Diptera,Phoridae,,8801140,gbif_match,kanagawa_edna: GBIF match species 'Metopina sagittata' -> 8801140
common:taxon:gbif.8860942,"Nysius inconspicuus Distant, 1904",,species,Animalia,Arthropoda,Insecta,Hemiptera,Lygaeidae,,8860942,gbif_match,kanagawa_edna: GBIF match species 'Nysius inconspicuus' -> 8860942
common:taxon:gbif.8895825,"Aelia sibirica Reuter, 1884",,species,Animalia,Arthropoda,Insecta,Hemiptera,Pentatomidae,,8895825,gbif_match,kanagawa_edna: GBIF match species 'Aelia sibirica' -> 8895825
common:taxon:gbif.8991798,"Pseudobiotus spinifer Chang, Kaczmarek, Lee & Michalczyk, 2007",,species,Animalia,Tardigrada,Eutardigrada,Parachela,Doryphoribiidae,,8991798,gbif_match,kanagawa_edna: GBIF match species 'Pseudobiotus spinifer' -> 8991798
common:taxon:gbif.9222483,"Aaroniella badonneli (Danks, 1950)",,species,Animalia,Arthropoda,Insecta,Psocodea,Philotarsidae,,9222483,gbif_match,kanagawa_edna: GBIF match species 'Aaroniella badonneli' -> 9222483
common:taxon:gbif.9225458,"Amynthas agrestis (Goto & Hatai, 1899)",,species,Animalia,Annelida,Clitellata,Crassiclitellata,Megascolecidae,ハタケミミズ,9225458,gbif_match,kanagawa_edna: GBIF match species 'Metaphire agrestis' -> 9225458
common:taxon:gbif.9302232,"Polypedilum yamasinense (Tokunaga, 1940)",,species,Animalia,Arthropoda,Insecta,Diptera,Chironomidae,ヤドリハモンユスリカ,9302232,gbif_match,kanagawa_edna: GBIF match species 'Polypedilum yamasinense' -> 9302232
common:taxon:gbif.9331524,"Pristina Ehrenberg, 1831",,genus,Animalia,Annelida,Clitellata,Tubificida,Naididae,,9331524,gbif_match,kanagawa_edna: gbif_vernacular トガリミズミミズ属 -> 9331524
common:taxon:gbif.9349189,"Pseudovelia esakii Miyamoto, 1959",,species,Animalia,Arthropoda,Insecta,Hemiptera,Veliidae,エサキナガレカタビロアメンボ,9349189,gbif_match,kanagawa_edna: GBIF match species 'Pseudovelia esakii' -> 9349189
common:taxon:gbif.9505353,"Adimonia daurica (Joannis, 1865)",,species,Animalia,Arthropoda,Insecta,Coleoptera,Chrysomelidae,,9505353,gbif_match,kanagawa_edna: GBIF match species 'Galeruca daurica' -> 9505353
common:taxon:gbif.9563151,"Nais Müller, 1774",,genus,Animalia,Annelida,Clitellata,Tubificida,Naididae,,9563151,gbif_match,kanagawa_edna: gbif_vernacular ミズミミズ属 -> 9563151 [rank_reduced]
common:taxon:gbif.9565622,"Rhopalosiphum nymphaeae (Linnaeus, 1761)",,species,Animalia,Arthropoda,Insecta,Hemiptera,Aphididae,ハスクビレアブラムシ,9565622,gbif_match,kanagawa_edna: GBIF match species 'Rhopalosiphum nymphaeae' -> 9565622
common:taxon:gbif.9738098,"Cipangopaludina chinensis (J.E.Gray, 1833)",,species,Animalia,Mollusca,Gastropoda,Architaenioglossa,Viviparidae,マルタニシ,9738098,gbif_match,kanagawa_edna: GBIF match species 'Cipangopaludina chinensis' -> 9738098
common:taxon:gbif.9837908,"Arge obesa Hara & Shinohara, 2012",,species,Animalia,Arthropoda,Insecta,Hymenoptera,Argidae,,9837908,gbif_match,kanagawa_edna: GBIF match species 'Arge obesa' -> 9837908
common:taxon:gbif.9864823,Elophila interruptalis Pryer,,species,Animalia,Arthropoda,Insecta,Lepidoptera,Crambidae,マダラミズメイガ,9864823,gbif_match,kanagawa_edna: GBIF match species 'Elophila interruptalis' -> 9864823
common:taxon:gbif.9886000,"Kisaura minakawai TI Arefina, 2005",,species,Animalia,Arthropoda,Insecta,Trichoptera,Philopotamidae,ミナカワトゲタニガワトビケラ,9886000,gbif_match,kanagawa_edna: GBIF match species 'Kisaura minakawai' -> 9886000
common:taxon:gbif.9960019,"Ampullaceana lagotis (Schrank, 1803)",,species,Animalia,Mollusca,Gastropoda,,Lymnaeidae,,9960019,gbif_match,kanagawa_edna: GBIF match species 'Ampullaceana lagotis' -> 9960019
common:taxon:kanagawa-edna.%E3%82%A2%E3%82%AA%E3%83%A0%E3%82%B7%E3%82%B3%E3%83%90%E3%83%81,,,species,Animalia,Arthropoda,Insecta,Hymenoptera,Pteromalidae,アオムシコバチ,,name_only,kanagawa_edna: registry に無い和名のみ; シート: 昆虫綱/ハチ目（膜翅目）/Pteromalidae/Pteromalus
common:taxon:kanagawa-edna.%E3%82%A2%E3%82%AB%E3%83%A0%E3%82%AB%E3%83%87,,,species,Animalia,Arthropoda,Chilopoda,,,アカムカデ,,name_only,kanagawa_edna: registry に無い和名のみ; シート: ムカデ／唇脚綱/オオムカデ目/メナシムカデ科/Scolopocryptops属
common:taxon:kanagawa-edna.%E3%82%A2%E3%82%AB%E3%83%AA%E3%82%B3%E3%82%B1%E3%83%A0%E3%82%B7%E5%B1%9E,,,genus,Animalia,Bryozoa,Gymnolaemata,,,アカリコケムシ属,,name_only,kanagawa_edna: ja_genus アカリコケムシ属; シート: 裸喉綱/櫛口目/アカリコケムシ科/アカリコケムシ属
common:taxon:kanagawa-edna.%E3%82%A2%E3%82%B7%E3%83%96%E3%83%88%E3%83%9E%E3%82%AD%E3%83%90%E3%82%B5%E3%82%B7%E3%82%AC%E3%83%A1,,,species,Animalia,Arthropoda,Insecta,Hemiptera,Nabidae,アシブトマキバサシガメ,,name_only,kanagawa_edna: registry に無い和名のみ; シート: 昆虫綱/カメムシ目（半翅目）/マキバサシガメ科/
common:taxon:kanagawa-edna.%E3%82%A2%E3%83%9E%E3%83%9F%E3%82%A2%E3%83%A1%E3%83%B3%E3%83%9C,,,species,Animalia,Arthropoda,Insecta,Hemiptera,Gerridae,アマミアメンボ,,name_only,kanagawa_edna: registry に無い和名のみ; シート: 昆虫綱/カメムシ目（半翅目）/アメンボ科/アメンボ属
common:taxon:kanagawa-edna.%E3%82%A2%E3%83%9F%E3%83%A1%E3%83%A0%E3%83%A9%E3%82%B5%E3%82%AD%E3%83%88%E3%83%93%E3%83%A0%E3%82%B7,,,species,Animalia,Arthropoda,Collembola,Poduromorpha,Hypogastruridae,アミメムラサキトビムシ,,name_only,kanagawa_edna: registry に無い和名のみ; シート: トビムシ綱/Poduromorpha目/ヒメトビムシ科/Hypogastrura属
common:taxon:kanagawa-edna.%E3%82%A2%E3%83%A1%E3%83%B3%E3%83%9C,,,species,Animalia,Arthropoda,Insecta,Hemiptera,Gerridae,アメンボ,,name_only,kanagawa_edna: registry に無い和名のみ; シート: 昆虫綱/カメムシ目（半翅目）/アメンボ科/アメンボ属
common:taxon:kanagawa-edna.%E3%82%A2%E3%83%AA%E3%83%84%E3%82%AB%E3%82%B3%E3%82%AA%E3%83%AD%E3%82%AE%E7%A7%91,,,family,Animalia,Arthropoda,Insecta,,,アリツカコオロギ科,,name_only,kanagawa_edna: 併記 クボタアリツカコオロギ/クサアリツカコオロギ; シート: 昆虫綱/バッタ目（直翅目）/アリツカコオロギ科/
common:taxon:kanagawa-edna.%E3%82%A4%E3%83%88%E3%83%A2%E3%83%AD%E3%82%B3,,,species,Animalia,Chordata,,Cypriniformes,Cyprinidae,イトモロコ,,name_only,kanagawa_edna: registry に無い和名のみ; シート: 硬骨魚綱/コイ目/コイ科/スゴモロコ属
common:taxon:kanagawa-edna.%E3%82%A6%E3%82%A8%E3%82%AF%E3%83%81%E3%82%AF%E3%82%B5%E3%83%AA%E3%83%92%E3%83%A1%E3%82%A6%E3%82%BA%E3%83%A0%E3%82%B7,,,species,Animalia,Platyhelminthes,Catenulida,,Stenostomidae,ウエクチクサリヒメウズムシ,,name_only,kanagawa_edna: registry に無い和名のみ; シート: 小鎖状綱//クサリヒメウズムシ科/Stenostomum属
common:taxon:kanagawa-edna.%E3%82%A6%E3%82%A8%E3%83%8E%E3%83%9E%E3%83%AB%E3%83%84%E3%83%84%E3%83%88%E3%83%93%E3%82%B1%E3%83%A9,,,species,Animalia,Arthropoda,Insecta,Trichoptera,Brachycentridae,ウエノマルツツトビケラ,,name_only,kanagawa_edna: registry に無い和名のみ; シート: 昆虫綱/トビケラ目（毛翅目）/カクスイトビケラ科/マルツツトビケラ属
common:taxon:kanagawa-edna.%E3%82%A6%E3%82%B9%E3%82%A4%E3%83%AD%E3%82%AF%E3%83%93%E3%83%9C%E3%82%BD%E3%82%B8%E3%83%A7%E3%82%A6%E3%82%AB%E3%82%A4,,,species,Animalia,Arthropoda,Insecta,,,ウスイロクビボソジョウカイ,,name_only,kanagawa_edna: registry に無い和名のみ; シート: 昆虫綱/コウチュウ目（鞘翅目）/ジョウカイボン科/Podabrus属
common:taxon:kanagawa-edna.%E3%82%A6%E3%82%B9%E3%83%90%E3%82%AB%E3%83%9F%E3%82%AD%E3%83%AA,,,species,Animalia,Arthropoda,Insecta,Coleoptera,Cerambycidae,ウスバカミキリ,,name_only,kanagawa_edna: registry に無い和名のみ; シート: 昆虫綱/コウチュウ目（鞘翅目）/カミキリムシ科/Aegosoma
common:taxon:kanagawa-edna.%E3%82%A6%E3%82%B9%E3%83%A2%E3%83%B3%E3%82%AC%E3%82%AC%E3%83%B3%E3%83%9C%E3%83%80%E3%83%9E%E3%82%B7,,,species,Animalia,Arthropoda,Insecta,Diptera,Trichoceridae,ウスモンガガンボダマシ,,name_only,kanagawa_edna: registry に無い和名のみ; シート: 昆虫綱/ハエ目（双翅目）/ガガンボダマシ科/
common:taxon:kanagawa-edna.%E3%82%A6%E3%83%81%E3%83%80%E3%82%B3%E3%83%8F%E3%82%AF%E3%83%A4%E3%83%9E%E3%83%88%E3%83%93%E3%82%B1%E3%83%A9,,,species,Animalia,Arthropoda,Insecta,Trichoptera,Glossosomatidae,ウチダコハクヤマトビケラ,,name_only,kanagawa_edna: registry に無い和名のみ; シート: 昆虫綱/トビケラ目（毛翅目）/ヤマトビケラ科/コハクヤマトビケラ属
common:taxon:kanagawa-edna.%E3%82%A6%E3%83%81%E3%83%80%E3%83%84%E3%83%8E%E3%83%9E%E3%83%A6%E3%83%96%E3%83%A6,,,species,Animalia,Arthropoda,Insecta,Diptera,Simuliidae,ウチダツノマユブユ,,name_only,kanagawa_edna: registry に無い和名のみ; シート: 昆虫綱/ハエ目（双翅目）/ブユ科/アシマダラブユ属
common:taxon:kanagawa-edna.%E3%82%A6%E3%83%81%E3%83%AF%E3%83%9F%E3%83%9F%E3%82%BA,,,species,Animalia,Annelida,Clitellata,Tubificida,Naididae,ウチワミミズ,,name_only,kanagawa_edna: registry に無い和名のみ; シート: 環帯綱/イトミミズ目/ミズミミズ科/ウチワミミズ属
common:taxon:kanagawa-edna.%E3%82%A8%E3%82%BE%E3%83%88%E3%83%93%E3%82%A6%E3%83%B3%E3%82%AB,,,species,Animalia,Arthropoda,Insecta,Hemiptera,Delphacidae,エゾトビウンカ,,name_only,kanagawa_edna: registry に無い和名のみ; シート: 昆虫綱/カメムシ目（半翅目）/ウンカ科/
common:taxon:kanagawa-edna.%E3%82%A8%E3%83%AA%E3%82%A2%E3%83%8A%E3%82%B3%E3%82%B1%E3%83%A0%E3%82%B7%E7%A7%91,,,family,Animalia,Bryozoa,Gymnolaemata,,,エリアナコケムシ科,,name_only,kanagawa_edna: Pacificinicola perforata は GBIF で決まらない (none); シート: 裸喉綱/唇口目/エリアナコケムシ科/Pacificincola
common:taxon:kanagawa-edna.%E3%82%AA%E3%82%AA%E3%83%8F%E3%83%A9%E3%83%84%E3%83%84%E3%83%88%E3%83%93%E3%82%B1%E3%83%A9,,,species,Animalia,Arthropoda,Insecta,Trichoptera,Brachycentridae,オオハラツツトビケラ,,name_only,kanagawa_edna: registry に無い和名のみ; シート: 昆虫綱/トビケラ目（毛翅目）/カクスイトビケラ科/オオハラツツトビケラ属
common:taxon:kanagawa-edna.%E3%82%AA%E3%82%AA%E3%83%92%E3%83%A1%E3%83%92%E3%83%A9%E3%82%BF%E3%82%A2%E3%83%96,,,species,Animalia,Arthropoda,Insecta,Diptera,Syrphidae,オオヒメヒラタアブ,,name_only,kanagawa_edna: registry に無い和名のみ; シート: 昆虫綱/ハエ目（双翅目）/ハナアブ科/
common:taxon:kanagawa-edna.%E3%82%AA%E3%82%AA%E3%83%95%E3%82%BF%E3%83%A2%E3%83%B3%E3%82%A6%E3%83%90%E3%82%BF%E3%83%9E%E3%82%B3%E3%83%A1%E3%83%84%E3%82%AD,,,species,Animalia,Arthropoda,Insecta,Coleoptera,Elateridae,オオフタモンウバタマコメツキ,,name_only,kanagawa_edna: registry に無い和名のみ; シート: 昆虫綱/コウチュウ目（鞘翅目）/コメツキムシ科/Cryptalaus属
common:taxon:kanagawa-edna.%E3%82%AA%E3%83%9E%E3%82%AC%E3%83%AA%E3%83%9B%E3%82%BD%E3%82%AB%E3%83%AF%E3%82%B2%E3%83%A9,,,species,Animalia,Arthropoda,Insecta,Plecoptera,Leuctridae,オマガリホソカワゲラ,,name_only,kanagawa_edna: registry に無い和名のみ; シート: 昆虫綱/カワゲラ目（セキ翅目）/ホソカワゲラ科/トゲホソカワゲラ属
common:taxon:kanagawa-edna.%E3%82%AB%E3%83%83%E3%83%91%E3%82%AF%E3%82%B5%E3%82%AB%E3%83%AF%E3%82%B2%E3%83%A9,,,species,Animalia,Arthropoda,Insecta,Plecoptera,Perlodidae,カッパクサカワゲラ,,name_only,kanagawa_edna: registry に無い和名のみ; シート: 昆虫綱/カワゲラ目（セキ翅目）/アミメカワゲラ科/クサカワゲラ属
common:taxon:kanagawa-edna.%E3%82%AB%E3%83%89%E3%82%AA%E3%83%95%E3%82%B7%E3%83%92%E3%83%A1%E3%83%90%E3%83%81,,,species,Animalia,Arthropoda,Insecta,Hymenoptera,Ichneumonidae,カドオフシヒメバチ,,name_only,kanagawa_edna: registry に無い和名のみ; シート: 昆虫綱/ハチ目（膜翅目）/ヒメバチ科/Scambus
common:taxon:kanagawa-edna.%E3%82%AB%E3%83%A2%E3%83%A4%E3%83%9E%E3%83%A6%E3%82%B9%E3%83%AA%E3%82%AB,,,species,Animalia,Arthropoda,Insecta,Diptera,Chironomidae,カモヤマユスリカ,,name_only,kanagawa_edna: registry に無い和名のみ; シート: 昆虫綱/ハエ目（双翅目）/ユスリカ科/サワユスリカ属
common:taxon:kanagawa-edna.%E3%82%AC%E3%83%AD%E3%82%A2%E3%82%B7%E3%83%9E%E3%83%88%E3%83%93%E3%82%B1%E3%83%A9,,,species,Animalia,Arthropoda,Insecta,Trichoptera,Hydropsychidae,ガロアシマトビケラ,,name_only,kanagawa_edna: registry に無い和名のみ; シート: 昆虫綱/トビケラ目（毛翅目）/シマトビケラ科/コガタシマトビケラ属
common:taxon:kanagawa-edna.%E3%82%AD%E3%82%BD%E3%83%8A%E3%82%AC%E3%83%AC%E3%83%88%E3%83%93%E3%82%B1%E3%83%A9,,,species,Animalia,Arthropoda,Insecta,Trichoptera,Rhyacophilidae,キソナガレトビケラ,,name_only,kanagawa_edna: registry に無い和名のみ; シート: 昆虫綱/トビケラ目（毛翅目）/ナガレトビケラ科/ナガレトビケラ属
common:taxon:kanagawa-edna.%E3%82%AD%E3%82%BF%E3%83%92%E3%83%A1%E3%83%92%E3%83%A9%E3%82%BF%E3%82%A2%E3%83%96,,,species,Animalia,Arthropoda,Insecta,Diptera,Syrphidae,キタヒメヒラタアブ,,name_only,kanagawa_edna: registry に無い和名のみ; シート: 昆虫綱/ハエ目（双翅目）/ハナアブ科/
common:taxon:kanagawa-edna.%E3%82%AD%E3%83%90%E3%83%8D%E3%82%A2%E3%82%B7%E3%83%96%E3%83%88%E3%83%9E%E3%82%AD%E3%83%90%E3%82%B5%E3%82%B7%E3%82%AC%E3%83%A1,,,species,Animalia,Arthropoda,Insecta,Hemiptera,Nabidae,キバネアシブトマキバサシガメ,,name_only,kanagawa_edna: registry に無い和名のみ; シート: 昆虫綱/カメムシ目（半翅目）/マキバサシガメ科/
common:taxon:kanagawa-edna.%E3%82%AD%E3%83%B3%E3%83%9D%E3%82%AF%E3%83%8F%E3%83%AA%E3%83%90%E3%82%A8,,,species,Animalia,Arthropoda,Insecta,Diptera,Tachinidae,キンポクハリバエ,,name_only,kanagawa_edna: registry に無い和名のみ; シート: 昆虫綱/ハエ目（双翅目）/ヤドリバエ科/Phorocerosoma属
common:taxon:kanagawa-edna.%E3%82%AF%E3%83%9E%E3%83%90%E3%83%81,,,species,Animalia,Arthropoda,Insecta,Hymenoptera,Apidae,クマバチ,,name_only,kanagawa_edna: registry に無い和名のみ; シート: 昆虫綱/ハチ目（膜翅目）/ミツバチ科/
common:taxon:kanagawa-edna.%E3%82%AF%E3%83%A2%E3%83%B3%E3%82%AF%E3%82%B5%E3%82%AB%E3%82%B2%E3%83%AD%E3%82%A6,,,species,Animalia,Arthropoda,Insecta,Neuroptera,Chrysopidae,クモンクサカゲロウ,,name_only,kanagawa_edna: registry に無い和名のみ; シート: 昆虫綱/アミメカゲロウ目（脈翅目）/クサカゲロウ科/Chrysopa
common:taxon:kanagawa-edna.%E3%82%AF%E3%83%A9%E3%82%BA%E3%83%9F%E3%82%A6%E3%83%9E,,,species,Animalia,Arthropoda,Insecta,,,クラズミウマ,,name_only,kanagawa_edna: registry に無い和名のみ; シート: 昆虫綱/バッタ目（直翅目）/カマドウマ科/
common:taxon:kanagawa-edna.%E3%82%AF%E3%83%AD%E3%82%AD%E3%83%8E%E3%82%B3%E3%82%B7%E3%83%A7%E3%82%A6%E3%82%B8%E3%83%A7%E3%82%A6%E3%83%90%E3%82%A8,,,species,Animalia,Arthropoda,Insecta,Diptera,Drosophilidae,クロキノコショウジョウバエ,,name_only,kanagawa_edna: registry に無い和名のみ; シート: 昆虫綱/ハエ目（双翅目）/ショウジョウバエ科/
common:taxon:kanagawa-edna.%E3%82%AF%E3%83%AD%E3%83%8B%E3%83%B3%E3%82%AE%E3%83%A7%E3%82%A6%E3%83%88%E3%83%93%E3%82%B1%E3%83%A9,,,species,Animalia,Arthropoda,Insecta,,,クロニンギョウトビケラ,,name_only,kanagawa_edna: registry に無い和名のみ; シート: 昆虫綱/トビケラ目（毛翅目）/ニンギョウトビケラ科/ニンギョウトビケラ属
common:taxon:kanagawa-edna.%E3%82%AF%E3%83%AD%E3%83%92%E3%83%A7%E3%82%A6%E3%82%BF%E3%83%B3%E3%82%AB%E3%82%B9%E3%83%9F%E3%82%AB%E3%83%A1,,,species,Animalia,Arthropoda,Insecta,Hemiptera,Miridae,クロヒョウタンカスミカメ,,name_only,kanagawa_edna: registry に無い和名のみ; シート: 昆虫綱/カメムシ目（半翅目）/カスミカメムシ科/
common:taxon:kanagawa-edna.%E3%82%AF%E3%83%AD%E3%83%9E%E3%83%AB%E3%83%8F%E3%83%8A%E3%83%8E%E3%83%9F,,,species,Animalia,Arthropoda,Insecta,,,クロマルハナノミ,,name_only,kanagawa_edna: registry に無い和名のみ; シート: 昆虫綱/コウチュウ目（鞘翅目）/マルハナノミ科/クロマルハナノミ属
common:taxon:kanagawa-edna.%E3%82%AF%E3%83%AD%E3%83%9F%E3%83%A3%E3%82%AF%E3%82%B1%E3%83%81%E3%83%A3%E3%82%BF%E3%83%86,,,species,Animalia,Arthropoda,Insecta,,,クロミャクケチャタテ,,name_only,kanagawa_edna: registry に無い和名のみ; シート: 昆虫綱/チャタテムシ目/ケブカチャタテ科/Kolbia
common:taxon:kanagawa-edna.%E3%82%B1%E3%83%8A%E3%82%AC%E3%82%AF%E3%83%93%E3%83%9C%E3%82%BD%E3%83%A0%E3%82%B7,,,species,Animalia,Arthropoda,Insecta,,,ケナガクビボソムシ,,name_only,kanagawa_edna: registry に無い和名のみ; シート: 昆虫綱/コウチュウ目（鞘翅目）/アリモドキ科/Neostereopalpus属
common:taxon:kanagawa-edna.%E3%82%B1%E3%83%92%E3%83%A9%E3%82%BF%E3%82%A2%E3%83%96,,,species,Animalia,Arthropoda,Insecta,Diptera,Syrphidae,ケヒラタアブ,,name_only,kanagawa_edna: registry に無い和名のみ; シート: 昆虫綱/ハエ目（双翅目）/ハナアブ科/
common:taxon:kanagawa-edna.%E3%82%B5%E3%82%AD%E3%83%9C%E3%82%BD%E3%82%BF%E3%83%8B%E3%82%AC%E3%83%AF%E3%83%88%E3%83%93%E3%82%B1%E3%83%A9,,,species,Animalia,Arthropoda,Insecta,Trichoptera,Philopotamidae,サキボソタニガワトビケラ,,name_only,kanagawa_edna: registry に無い和名のみ; シート: 昆虫綱/トビケラ目（毛翅目）/カワトビケラ科/タニガワトビケラ属
common:taxon:kanagawa-edna.%E3%82%B5%E3%83%AF%E3%82%B0%E3%83%AB%E3%83%9F%E3%83%9F%E3%83%84%E3%82%A2%E3%83%96%E3%83%A9%E3%83%A0%E3%82%B7,,,species,Animalia,Arthropoda,Insecta,,Thelaxidae,サワグルミミツアブラムシ,,name_only,kanagawa_edna: registry に無い和名のみ; シート: 昆虫綱/カメムシ目（半翅目）/Thelaxidae科/Kurisakia属
common:taxon:kanagawa-edna.%E3%82%B7%E3%83%9E%E3%83%8F%E3%83%8A%E3%82%A2%E3%83%96,,,species,Animalia,Arthropoda,Insecta,Diptera,Syrphidae,シマハナアブ,,name_only,kanagawa_edna: registry に無い和名のみ; シート: 昆虫綱/ハエ目（双翅目）/ハナアブ科/
common:taxon:kanagawa-edna.%E3%82%B9%E3%82%AB%E3%82%B7%E3%83%92%E3%83%AD%E3%83%90%E3%82%AB%E3%82%B2%E3%83%AD%E3%82%A6,,,species,Animalia,Arthropoda,Insecta,,,スカシヒロバカゲロウ,,name_only,kanagawa_edna: registry に無い和名のみ; シート: 昆虫綱/アミメカゲロウ目（脈翅目）/ヒロバカゲロウ科/ウンモンヒロバカゲロウ属
common:taxon:kanagawa-edna.%E3%82%B9%E3%82%BA%E3%82%AD%E3%82%AF%E3%83%A9%E3%82%AB%E3%82%B1%E3%82%AB%E3%83%AF%E3%82%B2%E3%83%A9,,,species,Animalia,Arthropoda,Insecta,Plecoptera,Perlidae,スズキクラカケカワゲラ,,name_only,kanagawa_edna: registry に無い和名のみ; シート: 昆虫綱/カワゲラ目（セキ翅目）/カワゲラ科/クラカケカワゲラ属
common:taxon:kanagawa-edna.%E3%82%B9%E3%83%83%E3%83%9D%E3%83%B3,,,species,Animalia,Chordata,Squamata,,Trionychidae,スッポン,,name_only,kanagawa_edna: registry に無い和名のみ; シート: 爬虫綱/カメ目/スッポン科/スッポン属
common:taxon:kanagawa-edna.%E3%82%BF%E3%83%86%E3%82%B8%E3%83%9E%E3%82%A2%E3%83%A4%E5%8D%9C%E3%83%93%E3%83%A0%E3%82%B7,,,species,Animalia,Arthropoda,Collembola,Entomobryomorpha,Entomobryidae,タテジマアヤ卜ビムシ,,name_only,kanagawa_edna: registry に無い和名のみ; シート: トビムシ目/アヤトビムシ下目/Entomobryidae/Homidia
common:taxon:kanagawa-edna.%E3%82%BF%E3%83%87%E3%82%AF%E3%82%AE%E3%82%B1%E3%82%A2%E3%83%96%E3%83%A9%E3%83%A0%E3%82%B7,,,species,Animalia,Arthropoda,Insecta,Hemiptera,Aphididae,タデクギケアブラムシ,,name_only,kanagawa_edna: registry に無い和名のみ; シート: 昆虫綱/カメムシ目（半翅目）/アブラムシ科/Capitophorus
common:taxon:kanagawa-edna.%E3%82%BF%E3%83%90%E3%82%B3%E3%82%B3%E3%83%8A%E3%82%B8%E3%83%A9%E3%83%9F,,,species,Animalia,Arthropoda,Insecta,,Aleyrodidae,タバココナジラミ,,name_only,kanagawa_edna: registry に無い和名のみ; シート: 昆虫綱/カメムシ目（半翅目）/Aleyrodidae科/Bemisia属
common:taxon:kanagawa-edna.%E3%83%80%E3%82%A4%E3%82%BA%E3%82%A2%E3%83%96%E3%83%A9%E3%83%A0%E3%82%B7,,,species,Animalia,Arthropoda,Insecta,Hemiptera,Aphididae,ダイズアブラムシ,,name_only,kanagawa_edna: registry に無い和名のみ; シート: 昆虫綱/カメムシ目（半翅目）/アブラムシ科/Aphis属
common:taxon:kanagawa-edna.%E3%83%81%E3%83%90%E3%82%AF%E3%83%AD%E3%83%90%E3%83%8D%E3%82%AD%E3%83%8E%E3%82%B3%E3%83%90%E3%82%A8,,,species,Animalia,Arthropoda,Insecta,Diptera,Sciaridae,チバクロバネキノコバエ,,name_only,kanagawa_edna: registry に無い和名のみ; シート: 昆虫綱/ハエ目（双翅目）/クロバネキノコバエ科/
common:taxon:kanagawa-edna.%E3%83%84%E3%83%85%E3%83%AC%E3%82%B5%E3%82%BB%E3%82%B3%E3%82%AA%E3%83%AD%E3%82%AE,,,species,Animalia,Arthropoda,Insecta,Orthoptera,Gryllidae,ツヅレサセコオロギ,,name_only,kanagawa_edna: registry に無い和名のみ; シート: 昆虫綱/バッタ目（直翅目）/コオロギ科/
common:taxon:kanagawa-edna.%E3%83%84%E3%83%A6%E3%83%95%E3%82%BF%E3%83%84%E3%83%A1%E3%82%AB%E3%83%AF%E3%82%B2%E3%83%A9,,,species,Animalia,Arthropoda,Insecta,Plecoptera,Perlidae,ツユフタツメカワゲラ,,name_only,kanagawa_edna: registry に無い和名のみ; シート: 昆虫綱/カワゲラ目（セキ翅目）/カワゲラ科/フタツメカワゲラ属
common:taxon:kanagawa-edna.%E3%83%84%E3%83%AA%E3%83%95%E3%83%8D%E3%82%BD%E3%82%A6%E3%82%B9%E3%83%8A%E3%83%A8%E3%82%BB%E3%82%A2%E3%83%96%E3%83%A9%E3%83%A0%E3%82%B7,,,species,Animalia,Arthropoda,Insecta,Hemiptera,Aphididae,ツリフネソウスナヨセアブラムシ,,name_only,kanagawa_edna: registry に無い和名のみ; シート: 昆虫綱/カメムシ目（半翅目）/アブラムシ科/Hydronaphis
common:taxon:kanagawa-edna.%E3%83%88%E3%82%AC%E3%83%AA%E3%83%9F%E3%82%BA%E3%83%9F%E3%83%9F%E3%82%BA,,,species,Animalia,Annelida,Clitellata,Tubificida,Naididae,トガリミズミミズ,,name_only,kanagawa_edna: registry に無い和名のみ; シート: ミミズ綱/イトミミズ目/ミズミミズ科/トガリミズミミズ属
common:taxon:kanagawa-edna.%E3%83%88%E3%83%A9%E3%83%95%E3%82%B7%E3%83%A7%E3%82%A6%E3%82%B8%E3%83%A7%E3%82%A6%E3%83%90%E3%82%A8,,,species,Animalia,Arthropoda,Insecta,Diptera,Drosophilidae,トラフショウジョウバエ,,name_only,kanagawa_edna: registry に無い和名のみ; シート: 昆虫綱/ハエ目（双翅目）/ショウジョウバエ科/Drosophila属
common:taxon:kanagawa-edna.%E3%83%88%E3%83%A9%E3%83%B3%E3%82%B9%E3%82%AF%E3%82%A3%E3%83%A9%E3%83%8A%E3%82%AC%E3%83%AC%E3%83%88%E3%83%93%E3%82%B1%E3%83%A9,,,species,Animalia,Arthropoda,Insecta,Trichoptera,Rhyacophilidae,トランスクィラナガレトビケラ,,name_only,kanagawa_edna: registry に無い和名のみ; シート: 昆虫綱/トビケラ目（毛翅目）/ナガレトビケラ科/ナガレトビケラ属
common:taxon:kanagawa-edna.%E3%83%8A%E3%83%84%E3%83%95%E3%82%BF%E3%83%84%E3%83%A1%E3%82%AB%E3%83%AF%E3%82%B2%E3%83%A9,,,species,Animalia,Arthropoda,Insecta,Plecoptera,Perlidae,ナツフタツメカワゲラ,,name_only,kanagawa_edna: registry に無い和名のみ; シート: 昆虫綱/カワゲラ目（セキ翅目）/カワゲラ科/フタツメカワゲラ属
common:taxon:kanagawa-edna.%E3%83%8A%E3%83%9F%E3%82%B3%E3%82%AC%E3%82%BF%E3%82%B7%E3%83%9E%E3%83%88%E3%83%93%E3%82%B1%E3%83%A9,,,species,Animalia,Arthropoda,Insecta,Trichoptera,Hydropsychidae,ナミコガタシマトビケラ,,name_only,kanagawa_edna: registry に無い和名のみ; シート: 昆虫綱/トビケラ目（毛翅目）/シマトビケラ科/コガタシマトビケラ属
common:taxon:kanagawa-edna.%E3%83%8B%E3%83%AF%E3%83%88%E3%83%AA%E3%83%8C%E3%82%AB%E3%82%AB,,,species,Animalia,Arthropoda,Insecta,Diptera,Ceratopogonidae,ニワトリヌカカ,,name_only,kanagawa_edna: registry に無い和名のみ; シート: 昆虫綱/ハエ目（双翅目）/ヌカカ科/Culicoides属
common:taxon:kanagawa-edna.%E3%83%8E%E3%83%8D%E3%82%B3,,,species,Animalia,Chordata,Mammalia,,,ノネコ,,name_only,kanagawa_edna: registry に無い和名のみ; シート: 哺乳綱/ネコ目（食肉目）/ネコ科/ネコ属
common:taxon:kanagawa-edna.%E3%83%8E%E3%83%A0%E3%82%AE%E3%82%BF%E3%83%8B%E3%82%AC%E3%83%AF%E3%83%88%E3%83%93%E3%82%B1%E3%83%A9,,,species,Animalia,Arthropoda,Insecta,Trichoptera,Philopotamidae,ノムギタニガワトビケラ,,name_only,kanagawa_edna: registry に無い和名のみ; シート: 昆虫綱/トビケラ目（毛翅目）/カワトビケラ科/タニガワトビケラ属
common:taxon:kanagawa-edna.%E3%83%8F%E3%83%8D%E3%83%8A%E3%82%AC%E3%83%9E%E3%82%AD%E3%83%90%E3%82%B5%E3%82%B7%E3%82%AC%E3%83%A1,,,species,Animalia,Arthropoda,Insecta,Hemiptera,Nabidae,ハネナガマキバサシガメ,,name_only,kanagawa_edna: registry に無い和名のみ; シート: 昆虫綱/カメムシ目（半翅目）/マキバサシガメ科/
common:taxon:kanagawa-edna.%E3%83%8F%E3%83%AB%E3%83%95%E3%82%BF%E3%83%84%E3%83%A1%E3%82%AB%E3%83%AF%E3%82%B2%E3%83%A9,,,species,Animalia,Arthropoda,Insecta,Plecoptera,Perlidae,ハルフタツメカワゲラ,,name_only,kanagawa_edna: registry に無い和名のみ; シート: 昆虫綱/カワゲラ目（セキ翅目）/カワゲラ科/フタツメカワゲラ属
common:taxon:kanagawa-edna.%E3%83%92%E3%82%AC%E3%82%B7%E3%82%B7%E3%83%9E%E3%83%89%E3%82%B8%E3%83%A7%E3%82%A6,,,species,Animalia,Chordata,,Cypriniformes,Cobitidae,ヒガシシマドジョウ,,name_only,kanagawa_edna: registry に無い和名のみ; シート: 条鰭綱/コイ目/ドジョウ科/シマドジョウ属
common:taxon:kanagawa-edna.%E3%83%92%E3%82%B2%E3%83%8A%E3%82%AC%E3%82%AB%E3%83%A1%E3%83%A0%E3%82%B7,,,species,Animalia,Arthropoda,Insecta,,Pachygronthidae,ヒゲナガカメムシ,,name_only,kanagawa_edna: registry に無い和名のみ; シート: 昆虫綱/カメムシ目（半翅目）/Pachygronthidae科/Pachygrontha属
common:taxon:kanagawa-edna.%E3%83%92%E3%82%BF%E3%83%81%E3%83%80%E3%83%A9,,,species,Animalia,Chordata,,,,ヒタチダラ,,name_only,kanagawa_edna: GBIF の vernacular の対応（Merluccius australis）が日本産と食い違うため不採用（2026-10-07 メイン判断）
common:taxon:kanagawa-edna.%E3%83%92%E3%83%A1%E3%82%A4%E3%83%88%E3%82%AB%E3%83%A1%E3%83%A0%E3%82%B7,,,species,Animalia,Arthropoda,Insecta,,,ヒメイトカメムシ,,name_only,kanagawa_edna: registry に無い和名のみ; シート: 昆虫綱/カメムシ目（半翅目）/イトカメムシ科/
common:taxon:kanagawa-edna.%E3%83%92%E3%83%A1%E3%82%B7%E3%83%A7%E3%82%A6%E3%82%B8%E3%83%A7%E3%82%A6%E3%83%8F%E3%83%8D%E3%82%AB%E3%82%AF%E3%82%B7,,,species,Animalia,Arthropoda,Insecta,Coleoptera,Staphylinidae,ヒメショウジョウハネカクシ,,name_only,kanagawa_edna: registry に無い和名のみ; シート: 昆虫綱/コウチュウ目（鞘翅目）/ハネカクシ科/
common:taxon:kanagawa-edna.%E3%83%95%E3%82%B7%E3%83%9C%E3%82%BD%E3%82%AF%E3%82%B5%E3%82%A2%E3%83%AA,,,species,Animalia,Arthropoda,Insecta,Hymenoptera,Formicidae,フシボソクサアリ,,name_only,kanagawa_edna: registry に無い和名のみ; シート: 昆虫綱/ハチ目（膜翅目）/アリ科/
common:taxon:kanagawa-edna.%E3%83%95%E3%82%BF%E3%82%B9%E3%82%B8%E3%82%A2%E3%83%96,,,species,Animalia,Arthropoda,Insecta,Diptera,Tabanidae,フタスジアブ,,name_only,kanagawa_edna: registry に無い和名のみ; シート: 昆虫綱/ハエ目（双翅目）/アブ科/キイロアブ属
common:taxon:kanagawa-edna.%E3%83%95%E3%82%BF%E3%83%84%E3%83%A1%E3%82%B7%E3%83%AD%E3%82%A2%E3%83%A4%E3%83%88%E3%83%93%E3%83%A0%E3%82%B7,,,species,Animalia,Arthropoda,Collembola,Entomobryomorpha,Entomobryidae,フタツメシロアヤトビムシ,,name_only,kanagawa_edna: registry に無い和名のみ; シート: トビムシ目/アヤトビムシ下目/Entomobryidae/Sinella
common:taxon:kanagawa-edna.%E3%83%95%E3%82%BF%E3%83%9B%E3%82%B7%E3%83%92%E3%83%A9%E3%82%BF%E3%82%A2%E3%83%96,,,species,Animalia,Arthropoda,Insecta,Diptera,Syrphidae,フタホシヒラタアブ,,name_only,kanagawa_edna: registry に無い和名のみ; シート: 昆虫綱/ハエ目（双翅目）/ハナアブ科/Eupeodes属
common:taxon:kanagawa-edna.%E3%83%95%E3%83%81%E3%82%B0%E3%83%AD%E3%83%A6%E3%82%B9%E3%83%AA%E3%82%AB,,,species,Animalia,Arthropoda,Insecta,Diptera,Chironomidae,フチグロユスリカ,,name_only,kanagawa_edna: registry に無い和名のみ; シート: 昆虫綱/ハエ目（双翅目）/ユスリカ科/ユスリカ属
common:taxon:kanagawa-edna.%E3%83%98%E3%83%AA%E3%83%81%E3%83%A3%E3%83%8F%E3%82%B4%E3%83%AD%E3%83%A2,,,species,Animalia,Arthropoda,Insecta,,,ヘリチャハゴロモ,,name_only,kanagawa_edna: registry に無い和名のみ; シート: 昆虫綱/カメムシ目（半翅目）/アオバハゴロモ科/Salurnis
common:taxon:kanagawa-edna.%E3%83%9E%E3%82%B4%E3%83%81,,,species,Animalia,Chordata,,Scorpaeniformes,Platycephalidae,マゴチ,,name_only,kanagawa_edna: registry に無い和名のみ; シート: 条鰭綱/スズキ目/コチ科/コチ属
common:taxon:kanagawa-edna.%E3%83%9E%E3%83%A1%E3%82%B7%E3%82%B8%E3%83%9F,,,species,Animalia,Mollusca,Bivalvia,Sphaeriida,Sphaeriidae,マメシジミ,,name_only,kanagawa_edna: registry に無い和名のみ; シート: 二枚貝綱/マルスダレガイ目/マメシジミ科/マメシジミ属
common:taxon:kanagawa-edna.%E3%83%9E%E3%83%AB%E3%82%B3%E3%83%81%E3%83%A3%E3%82%BF%E3%83%86,,,species,Animalia,Arthropoda,Insecta,,Trogiidae,マルコチャタテ,,name_only,kanagawa_edna: registry に無い和名のみ; シート: 昆虫綱/チャタテムシ目/Trogiidae科/Cerobasis属
common:taxon:kanagawa-edna.%E3%83%9E%E3%83%AB%E3%82%B9%E3%83%80%E3%83%AC%E3%82%AC%E3%82%A4%E7%9B%AE,,,species,Animalia,Mollusca,Bivalvia,,,マルスダレガイ目,,name_only,kanagawa_edna: registry に無い和名のみ; シート: 二枚貝綱/マルスダレガイ目/カワホトトギス科/
common:taxon:kanagawa-edna.%E3%83%9E%E3%83%AB%E3%83%A0%E3%83%8D%E3%83%8F%E3%82%B5%E3%83%9F%E3%83%A0%E3%82%B7%E7%A7%91,,,family,Animalia,Arthropoda,Insecta,,,マルムネハサミムシ科,,name_only,kanagawa_edna: 科の和名; シート: 昆虫綱/ハサミムシ目（革翅目）/マルムネハサミムシ科/
common:taxon:kanagawa-edna.%E3%83%9F%E3%82%B8%E3%83%B3%E3%82%B3,,,species,Animalia,Arthropoda,Branchiopoda,Diplostraca,Daphniidae,ミジンコ,,name_only,kanagawa_edna: registry に無い和名のみ; シート: 鰓脚綱/ミジンコ目/ミジンコ科/ミジンコ属
common:taxon:kanagawa-edna.%E3%83%9F%E3%83%84%E3%83%88%E3%82%B2%E3%83%9E%E3%83%80%E3%83%A9%E3%82%AB%E3%82%B2%E3%83%AD%E3%82%A6,,,species,Animalia,Arthropoda,Insecta,Ephemeroptera,Ephemerellidae,ミツトゲマダラカゲロウ,,name_only,kanagawa_edna: registry に無い和名のみ; シート: 昆虫綱/カゲロウ目（蜉蝣目）/マダラカゲロウ科/トゲマダラカゲロウ属
common:taxon:kanagawa-edna.%E3%83%9F%E3%83%8A%E3%83%9F%E3%83%A6%E3%82%B9%E3%83%AA%E3%82%AB,,,species,Animalia,Arthropoda,Insecta,Diptera,Chironomidae,ミナミユスリカ,,name_only,kanagawa_edna: registry に無い和名のみ; シート: 昆虫綱/ハエ目（双翅目）/ユスリカ科/ミナミユスリカ属
common:taxon:kanagawa-edna.%E3%83%9F%E3%83%A4%E3%83%9E%E3%83%9F%E3%82%BA%E3%83%90%E3%83%81,,,species,Animalia,Arthropoda,Insecta,Hymenoptera,Ichneumonidae,ミヤマミズバチ,,name_only,kanagawa_edna: registry に無い和名のみ; シート: 昆虫綱/ハチ目（膜翅目）/ヒメバチ科/ミズバチ属
common:taxon:kanagawa-edna.%E3%83%A0%E3%82%AE%E3%83%9F%E3%83%89%E3%83%AA%E3%82%A2%E3%83%96%E3%83%A9%E3%83%A0%E3%82%B7,,,species,Animalia,Arthropoda,Insecta,Hemiptera,Aphididae,ムギミドリアブラムシ,,name_only,kanagawa_edna: registry に無い和名のみ; シート: 昆虫綱/カメムシ目（半翅目）/アブラムシ科/Schizaphis
common:taxon:kanagawa-edna.%E3%83%A0%E3%83%84%E3%83%86%E3%83%B3%E3%82%A6%E3%82%B9%E3%83%A8%E3%82%B3%E3%83%90%E3%82%A4,,,species,Animalia,Arthropoda,Insecta,Hemiptera,Cicadellidae,ムツテンウスヨコバイ,,name_only,kanagawa_edna: registry に無い和名のみ; シート: 昆虫綱/カメムシ目（半翅目）/ヨコバイ科/Macrosteles属
common:taxon:kanagawa-edna.%E3%83%A0%E3%83%A2%E3%83%B3%E3%82%AF%E3%82%B5%E3%82%AB%E3%82%B2%E3%83%AD%E3%82%A6,,,species,Animalia,Arthropoda,Insecta,Neuroptera,Chrysopidae,ムモンクサカゲロウ,,name_only,kanagawa_edna: registry に無い和名のみ; シート: 昆虫綱/アミメカゲロウ目（脈翅目）/クサカゲロウ科/Chrysopidia
common:taxon:kanagawa-edna.%E3%83%A0%E3%83%A9%E3%82%B5%E3%82%AD%E3%83%88%E3%83%93%E3%83%A0%E3%82%B7,,,species,Animalia,Arthropoda,Collembola,Poduromorpha,Hypogastruridae,ムラサキトビムシ,,name_only,kanagawa_edna: registry に無い和名のみ; シート: トビムシ目/ミズトビムシ下目/Hypogastruridae/Ceratophysella
common:taxon:kanagawa-edna.%E3%83%A2%E3%83%88%E3%83%9F%E3%82%BB%E3%83%A9%E3%83%8B%E3%82%AF%E3%83%90%E3%82%A8,,,species,Animalia,Arthropoda,Insecta,,,モトミセラニクバエ,,name_only,kanagawa_edna: registry に無い和名のみ; シート: 昆虫綱/ハエ目（双翅目）/ニクバエ科/
common:taxon:kanagawa-edna.%E3%83%A2%E3%83%A2%E3%83%96%E3%83%88%E3%82%AB%E3%83%9F%E3%82%AD%E3%83%AA%E3%83%A2%E3%83%89%E3%82%AD,,,species,Animalia,Arthropoda,Insecta,,,モモブトカミキリモドキ,,name_only,kanagawa_edna: registry に無い和名のみ; シート: 昆虫綱/コウチュウ目（鞘翅目）/カミキリモドキ科/Oedemera属
common:taxon:kanagawa-edna.%E3%83%A4%E3%83%8A%E3%82%AE%E3%82%B1%E3%82%A2%E3%83%96%E3%83%A9%E3%83%A0%E3%82%B7,,,species,Animalia,Arthropoda,Insecta,Hemiptera,Aphididae,ヤナギケアブラムシ,,name_only,kanagawa_edna: registry に無い和名のみ; シート: 昆虫綱/カメムシ目（半翅目）/アブラムシ科/Chaitophorus
common:taxon:kanagawa-edna.%E3%83%A4%E3%83%9E%E3%83%88%E3%82%AA%E3%83%8A%E3%82%B7%E3%82%AB%E3%83%AF%E3%82%B2%E3%83%A9%E9%A1%9E%E4%BC%BC%E7%A8%AE,,,species,Animalia,Arthropoda,Insecta,Plecoptera,Nemouridae,ヤマトオナシカワゲラ類似種,,name_only,kanagawa_edna: registry に無い和名のみ; シート: 昆虫綱/カワゲラ目（セキ翅目）/オナシカワゲラ科/オナシカワゲラ属
common:taxon:kanagawa-edna.%E3%83%A4%E3%83%9E%E3%83%88%E3%83%8F%E3%83%9E%E3%83%80%E3%83%A9%E3%82%AB,,,species,Animalia,Arthropoda,Insecta,Diptera,Culicidae,ヤマトハマダラカ,,name_only,kanagawa_edna: registry に無い和名のみ; シート: 昆虫綱/ハエ目（双翅目）/カ科/ハマダラカ属
common:taxon:kanagawa-edna.%E3%83%A6%E3%82%AD%E3%83%A4%E3%83%8A%E3%82%AE%E3%82%A2%E3%83%96%E3%83%A9%E3%83%A0%E3%82%B7,,,species,Animalia,Arthropoda,Insecta,Hemiptera,Aphididae,ユキヤナギアブラムシ,,name_only,kanagawa_edna: registry に無い和名のみ; シート: 昆虫綱/カメムシ目（半翅目）/アブラムシ科/Aphis
common:taxon:kanagawa-edna.%E3%83%A6%E3%83%9F%E3%82%B2%E3%82%AB%E3%82%AE%E3%83%85%E3%83%A1%E3%82%A2%E3%83%A4%E3%83%88%E3%83%93%E3%83%A0%E3%82%B7,,,species,Animalia,Arthropoda,Collembola,Entomobryomorpha,Entomobryidae,ユミゲカギヅメアヤトビムシ,,name_only,kanagawa_edna: registry に無い和名のみ; シート: トビムシ綱/Entomobryomorpha目/アヤトビムシ科/Sinella属
common:taxon:kanagawa-edna.%E3%83%A8%E3%83%A2%E3%82%AE%E3%83%9F%E3%83%89%E3%83%AA%E3%82%AF%E3%82%AE%E3%82%B1%E3%82%A2%E3%83%96%E3%83%A9%E3%83%A0%E3%82%B7,,,species,Animalia,Arthropoda,Insecta,Hemiptera,Aphididae,ヨモギミドリクギケアブラムシ,,name_only,kanagawa_edna: registry に無い和名のみ; シート: 昆虫綱/カメムシ目（半翅目）/アブラムシ科/Pleotrichophorus
common:taxon:kanagawa-edna.%E3%83%AA%E3%83%A7%E3%82%A6%E3%82%AB%E3%82%AF%E3%82%B5%E3%83%AF%E3%83%A6%E3%82%B9%E3%83%AA%E3%82%AB,,,species,Animalia,Arthropoda,Insecta,Diptera,Chironomidae,リョウカクサワユスリカ,,name_only,kanagawa_edna: registry に無い和名のみ; シート: 昆虫綱/ハエ目（双翅目）/ユスリカ科/サワユスリカ属
