source_id,source_ref,data_year,watershed_id,water_system_code_old,water_system_name_ja_estimated,landuse_code_raw,landuse_name_ja,n_cells,area_km2
nlni_l03b_landuse_by_watershed,https://nlftp.mlit.go.jp/ksj/gml/datalist/KsjTmplt-L03-b.html#L03-b-16,2016,83030-0001,83030,多摩川,0500,森林,2,0.020962
nlni_l03b_landuse_by_watershed,https://nlftp.mlit.go.jp/ksj/gml/datalist/KsjTmplt-L03-b.html#L03-b-16,2016,83030-0001,83030,多摩川,0700,建物用地,902,9.453681
nlni_l03b_landuse_by_watershed,https://nlftp.mlit.go.jp/ksj/gml/datalist/KsjTmplt-L03-b.html#L03-b-16,2016,83030-0001,83030,多摩川,0901,道路,84,0.880421
nlni_l03b_landuse_by_watershed,https://nlftp.mlit.go.jp/ksj/gml/datalist/KsjTmplt-L03-b.html#L03-b-16,2016,83030-0001,83030,多摩川,0902,鉄道,32,0.335394
nlni_l03b_landuse_by_watershed,https://nlftp.mlit.go.jp/ksj/gml/datalist/KsjTmplt-L03-b.html#L03-b-16,2016,83030-0001,83030,多摩川,1000,その他の用地,200,2.096146
nlni_l03b_landuse_by_watershed,https://nlftp.mlit.go.jp/ksj/gml/datalist/KsjTmplt-L03-b.html#L03-b-16,2016,83030-0001,83030,多摩川,1100,河川地及び湖沼,387,4.055989
nlni_l03b_landuse_by_watershed,https://nlftp.mlit.go.jp/ksj/gml/datalist/KsjTmplt-L03-b.html#L03-b-16,2016,83030-0001,83030,多摩川,1500,海水域,56,0.587003
nlni_l03b_landuse_by_watershed,https://nlftp.mlit.go.jp/ksj/gml/datalist/KsjTmplt-L03-b.html#L03-b-16,2016,83030-0002,83030,多摩川,0100,田,1,0.010473
nlni_l03b_landuse_by_watershed,https://nlftp.mlit.go.jp/ksj/gml/datalist/KsjTmplt-L03-b.html#L03-b-16,2016,83030-0002,83030,多摩川,0200,その他の農用地,21,0.219939
nlni_l03b_landuse_by_watershed,https://nlftp.mlit.go.jp/ksj/gml/datalist/KsjTmplt-L03-b.html#L03-b-16,2016,83030-0002,83030,多摩川,0500,森林,117,1.225353
nlni_l03b_landuse_by_watershed,https://nlftp.mlit.go.jp/ksj/gml/datalist/KsjTmplt-L03-b.html#L03-b-16,2016,83030-0002,83030,多摩川,0600,荒地,2,0.020946
nlni_l03b_landuse_by_watershed,https://nlftp.mlit.go.jp/ksj/gml/datalist/KsjTmplt-L03-b.html#L03-b-16,2016,83030-0002,83030,多摩川,0700,建物用地,1865,19.535953
nlni_l03b_landuse_by_watershed,https://nlftp.mlit.go.jp/ksj/gml/datalist/KsjTmplt-L03-b.html#L03-b-16,2016,83030-0002,83030,多摩川,0901,道路,48,0.502842
nlni_l03b_landuse_by_watershed,https://nlftp.mlit.go.jp/ksj/gml/datalist/KsjTmplt-L03-b.html#L03-b-16,2016,83030-0002,83030,多摩川,0902,鉄道,54,0.565777
nlni_l03b_landuse_by_watershed,https://nlftp.mlit.go.jp/ksj/gml/datalist/KsjTmplt-L03-b.html#L03-b-16,2016,83030-0002,83030,多摩川,1000,その他の用地,183,1.916861
nlni_l03b_landuse_by_watershed,https://nlftp.mlit.go.jp/ksj/gml/datalist/KsjTmplt-L03-b.html#L03-b-16,2016,83030-0002,83030,多摩川,1100,河川地及び湖沼,6,0.062858
nlni_l03b_landuse_by_watershed,https://nlftp.mlit.go.jp/ksj/gml/datalist/KsjTmplt-L03-b.html#L03-b-16,2016,83030-0002,83030,多摩川,1600,ゴルフ場,38,0.397953
nlni_l03b_landuse_by_watershed,https://nlftp.mlit.go.jp/ksj/gml/datalist/KsjTmplt-L03-b.html#L03-b-16,2016,83030-0003,83030,多摩川,0500,森林,5,0.052371
nlni_l03b_landuse_by_watershed,https://nlftp.mlit.go.jp/ksj/gml/datalist/KsjTmplt-L03-b.html#L03-b-16,2016,83030-0003,83030,多摩川,0700,建物用地,838,8.779163
nlni_l03b_landuse_by_watershed,https://nlftp.mlit.go.jp/ksj/gml/datalist/KsjTmplt-L03-b.html#L03-b-16,2016,83030-0003,83030,多摩川,0901,道路,34,0.356195
nlni_l03b_landuse_by_watershed,https://nlftp.mlit.go.jp/ksj/gml/datalist/KsjTmplt-L03-b.html#L03-b-16,2016,83030-0003,83030,多摩川,0902,鉄道,34,0.356195
nlni_l03b_landuse_by_watershed,https://nlftp.mlit.go.jp/ksj/gml/datalist/KsjTmplt-L03-b.html#L03-b-16,2016,83030-0003,83030,多摩川,1000,その他の用地,46,0.481934
nlni_l03b_landuse_by_watershed,https://nlftp.mlit.go.jp/ksj/gml/datalist/KsjTmplt-L03-b.html#L03-b-16,2016,83030-0003,83030,多摩川,1100,河川地及び湖沼,258,2.703182
nlni_l03b_landuse_by_watershed,https://nlftp.mlit.go.jp/ksj/gml/datalist/KsjTmplt-L03-b.html#L03-b-16,2016,83030-0004,83030,多摩川,0200,その他の農用地,2,0.020945
nlni_l03b_landuse_by_watershed,https://nlftp.mlit.go.jp/ksj/gml/datalist/KsjTmplt-L03-b.html#L03-b-16,2016,83030-0004,83030,多摩川,0500,森林,1,0.010474
nlni_l03b_landuse_by_watershed,https://nlftp.mlit.go.jp/ksj/gml/datalist/KsjTmplt-L03-b.html#L03-b-16,2016,83030-0004,83030,多摩川,0700,建物用地,110,1.152058
nlni_l03b_landuse_by_watershed,https://nlftp.mlit.go.jp/ksj/gml/datalist/KsjTmplt-L03-b.html#L03-b-16,2016,83030-0004,83030,多摩川,0901,道路,5,0.052364
nlni_l03b_landuse_by_watershed,https://nlftp.mlit.go.jp/ksj/gml/datalist/KsjTmplt-L03-b.html#L03-b-16,2016,83030-0004,83030,多摩川,1000,その他の用地,22,0.230428
nlni_l03b_landuse_by_watershed,https://nlftp.mlit.go.jp/ksj/gml/datalist/KsjTmplt-L03-b.html#L03-b-16,2016,83030-0004,83030,多摩川,1100,河川地及び湖沼,158,1.654798
nlni_l03b_landuse_by_watershed,https://nlftp.mlit.go.jp/ksj/gml/datalist/KsjTmplt-L03-b.html#L03-b-16,2016,83030-0005,83030,,0200,その他の農用地,1,0.010473
nlni_l03b_landuse_by_watershed,https://nlftp.mlit.go.jp/ksj/gml/datalist/KsjTmplt-L03-b.html#L03-b-16,2016,83030-0005,83030,,0500,森林,2,0.020948
nlni_l03b_landuse_by_watershed,https://nlftp.mlit.go.jp/ksj/gml/datalist/KsjTmplt-L03-b.html#L03-b-16,2016,83030-0005,83030,,0700,建物用地,195,2.042217
nlni_l03b_landuse_by_watershed,https://nlftp.mlit.go.jp/ksj/gml/datalist/KsjTmplt-L03-b.html#L03-b-16,2016,83030-0005,83030,,0901,道路,6,0.062835
nlni_l03b_landuse_by_watershed,https://nlftp.mlit.go.jp/ksj/gml/datalist/KsjTmplt-L03-b.html#L03-b-16,2016,83030-0005,83030,,0902,鉄道,4,0.041889
nlni_l03b_landuse_by_watershed,https://nlftp.mlit.go.jp/ksj/gml/datalist/KsjTmplt-L03-b.html#L03-b-16,2016,83030-0005,83030,,1000,その他の用地,7,0.073308
nlni_l03b_landuse_by_watershed,https://nlftp.mlit.go.jp/ksj/gml/datalist/KsjTmplt-L03-b.html#L03-b-16,2016,83030-0005,83030,,1100,河川地及び湖沼,3,0.031423
nlni_l03b_landuse_by_watershed,https://nlftp.mlit.go.jp/ksj/gml/datalist/KsjTmplt-L03-b.html#L03-b-16,2016,83030-0006,83030,,0200,その他の農用地,1,0.010467
nlni_l03b_landuse_by_watershed,https://nlftp.mlit.go.jp/ksj/gml/datalist/KsjTmplt-L03-b.html#L03-b-16,2016,83030-0006,83030,,0500,森林,30,0.314087
nlni_l03b_landuse_by_watershed,https://nlftp.mlit.go.jp/ksj/gml/datalist/KsjTmplt-L03-b.html#L03-b-16,2016,83030-0006,83030,,0700,建物用地,420,4.397208
nlni_l03b_landuse_by_watershed,https://nlftp.mlit.go.jp/ksj/gml/datalist/KsjTmplt-L03-b.html#L03-b-16,2016,83030-0006,83030,,0901,道路,14,0.146579
nlni_l03b_landuse_by_watershed,https://nlftp.mlit.go.jp/ksj/gml/datalist/KsjTmplt-L03-b.html#L03-b-16,2016,83030-0006,83030,,0902,鉄道,6,0.062816
nlni_l03b_landuse_by_watershed,https://nlftp.mlit.go.jp/ksj/gml/datalist/KsjTmplt-L03-b.html#L03-b-16,2016,83030-0006,83030,,1000,その他の用地,38,0.397856
nlni_l03b_landuse_by_watershed,https://nlftp.mlit.go.jp/ksj/gml/datalist/KsjTmplt-L03-b.html#L03-b-16,2016,83030-0007,83030,,0500,森林,10,0.104705
nlni_l03b_landuse_by_watershed,https://nlftp.mlit.go.jp/ksj/gml/datalist/KsjTmplt-L03-b.html#L03-b-16,2016,83030-0007,83030,,0700,建物用地,438,4.585772
nlni_l03b_landuse_by_watershed,https://nlftp.mlit.go.jp/ksj/gml/datalist/KsjTmplt-L03-b.html#L03-b-16,2016,83030-0007,83030,,0901,道路,19,0.198922
nlni_l03b_landuse_by_watershed,https://nlftp.mlit.go.jp/ksj/gml/datalist/KsjTmplt-L03-b.html#L03-b-16,2016,83030-0007,83030,,0902,鉄道,1,0.010472
nlni_l03b_landuse_by_watershed,https://nlftp.mlit.go.jp/ksj/gml/datalist/KsjTmplt-L03-b.html#L03-b-16,2016,83030-0007,83030,,1000,その他の用地,28,0.29314
nlni_l03b_landuse_by_watershed,https://nlftp.mlit.go.jp/ksj/gml/datalist/KsjTmplt-L03-b.html#L03-b-16,2016,83030-0008,83030,多摩川,0700,建物用地,69,0.722577
nlni_l03b_landuse_by_watershed,https://nlftp.mlit.go.jp/ksj/gml/datalist/KsjTmplt-L03-b.html#L03-b-16,2016,83030-0008,83030,多摩川,0901,道路,6,0.062831
nlni_l03b_landuse_by_watershed,https://nlftp.mlit.go.jp/ksj/gml/datalist/KsjTmplt-L03-b.html#L03-b-16,2016,83030-0008,83030,多摩川,0902,鉄道,4,0.041889
nlni_l03b_landuse_by_watershed,https://nlftp.mlit.go.jp/ksj/gml/datalist/KsjTmplt-L03-b.html#L03-b-16,2016,83030-0008,83030,多摩川,1000,その他の用地,3,0.031417
nlni_l03b_landuse_by_watershed,https://nlftp.mlit.go.jp/ksj/gml/datalist/KsjTmplt-L03-b.html#L03-b-16,2016,83030-0008,83030,多摩川,1100,河川地及び湖沼,34,0.356036
nlni_l03b_landuse_by_watershed,https://nlftp.mlit.go.jp/ksj/gml/datalist/KsjTmplt-L03-b.html#L03-b-16,2016,83030-0009,83030,多摩川,0700,建物用地,50,0.523541
nlni_l03b_landuse_by_watershed,https://nlftp.mlit.go.jp/ksj/gml/datalist/KsjTmplt-L03-b.html#L03-b-16,2016,83030-0009,83030,多摩川,0901,道路,2,0.020943
nlni_l03b_landuse_by_watershed,https://nlftp.mlit.go.jp/ksj/gml/datalist/KsjTmplt-L03-b.html#L03-b-16,2016,83030-0009,83030,多摩川,0902,鉄道,2,0.020943
nlni_l03b_landuse_by_watershed,https://nlftp.mlit.go.jp/ksj/gml/datalist/KsjTmplt-L03-b.html#L03-b-16,2016,83030-0009,83030,多摩川,1000,その他の用地,9,0.094237
nlni_l03b_landuse_by_watershed,https://nlftp.mlit.go.jp/ksj/gml/datalist/KsjTmplt-L03-b.html#L03-b-16,2016,83030-0009,83030,多摩川,1100,河川地及び湖沼,32,0.335079
nlni_l03b_landuse_by_watershed,https://nlftp.mlit.go.jp/ksj/gml/datalist/KsjTmplt-L03-b.html#L03-b-16,2016,83030-0010,83030,,0700,建物用地,4,0.041881
nlni_l03b_landuse_by_watershed,https://nlftp.mlit.go.jp/ksj/gml/datalist/KsjTmplt-L03-b.html#L03-b-16,2016,83030-0010,83030,,1000,その他の用地,3,0.031411
nlni_l03b_landuse_by_watershed,https://nlftp.mlit.go.jp/ksj/gml/datalist/KsjTmplt-L03-b.html#L03-b-16,2016,83030-0010,83030,,1100,河川地及び湖沼,2,0.02094
nlni_l03b_landuse_by_watershed,https://nlftp.mlit.go.jp/ksj/gml/datalist/KsjTmplt-L03-b.html#L03-b-16,2016,83030-0011,83030,,0200,その他の農用地,7,0.073284
nlni_l03b_landuse_by_watershed,https://nlftp.mlit.go.jp/ksj/gml/datalist/KsjTmplt-L03-b.html#L03-b-16,2016,83030-0011,83030,,0500,森林,2,0.020938
nlni_l03b_landuse_by_watershed,https://nlftp.mlit.go.jp/ksj/gml/datalist/KsjTmplt-L03-b.html#L03-b-16,2016,83030-0011,83030,,0700,建物用地,557,5.830487
nlni_l03b_landuse_by_watershed,https://nlftp.mlit.go.jp/ksj/gml/datalist/KsjTmplt-L03-b.html#L03-b-16,2016,83030-0011,83030,,0901,道路,12,0.125594
nlni_l03b_landuse_by_watershed,https://nlftp.mlit.go.jp/ksj/gml/datalist/KsjTmplt-L03-b.html#L03-b-16,2016,83030-0011,83030,,0902,鉄道,8,0.083738
nlni_l03b_landuse_by_watershed,https://nlftp.mlit.go.jp/ksj/gml/datalist/KsjTmplt-L03-b.html#L03-b-16,2016,83030-0011,83030,,1000,その他の用地,28,0.2931
nlni_l03b_landuse_by_watershed,https://nlftp.mlit.go.jp/ksj/gml/datalist/KsjTmplt-L03-b.html#L03-b-16,2016,83030-0012,83030,,0200,その他の農用地,2,0.020937
nlni_l03b_landuse_by_watershed,https://nlftp.mlit.go.jp/ksj/gml/datalist/KsjTmplt-L03-b.html#L03-b-16,2016,83030-0012,83030,,0500,森林,9,0.094212
nlni_l03b_landuse_by_watershed,https://nlftp.mlit.go.jp/ksj/gml/datalist/KsjTmplt-L03-b.html#L03-b-16,2016,83030-0012,83030,,0700,建物用地,365,3.820878
nlni_l03b_landuse_by_watershed,https://nlftp.mlit.go.jp/ksj/gml/datalist/KsjTmplt-L03-b.html#L03-b-16,2016,83030-0012,83030,,0901,道路,3,0.031409
nlni_l03b_landuse_by_watershed,https://nlftp.mlit.go.jp/ksj/gml/datalist/KsjTmplt-L03-b.html#L03-b-16,2016,83030-0012,83030,,0902,鉄道,8,0.083745
nlni_l03b_landuse_by_watershed,https://nlftp.mlit.go.jp/ksj/gml/datalist/KsjTmplt-L03-b.html#L03-b-16,2016,83030-0012,83030,,1000,その他の用地,20,0.209362
nlni_l03b_landuse_by_watershed,https://nlftp.mlit.go.jp/ksj/gml/datalist/KsjTmplt-L03-b.html#L03-b-16,2016,83030-0012,83030,,1100,河川地及び湖沼,14,0.146564
nlni_l03b_landuse_by_watershed,https://nlftp.mlit.go.jp/ksj/gml/datalist/KsjTmplt-L03-b.html#L03-b-16,2016,83030-0016,83030,多摩川,0200,その他の農用地,11,0.115178
nlni_l03b_landuse_by_watershed,https://nlftp.mlit.go.jp/ksj/gml/datalist/KsjTmplt-L03-b.html#L03-b-16,2016,83030-0016,83030,多摩川,0500,森林,151,1.581139
nlni_l03b_landuse_by_watershed,https://nlftp.mlit.go.jp/ksj/gml/datalist/KsjTmplt-L03-b.html#L03-b-16,2016,83030-0016,83030,多摩川,0700,建物用地,1139,11.926686
nlni_l03b_landuse_by_watershed,https://nlftp.mlit.go.jp/ksj/gml/datalist/KsjTmplt-L03-b.html#L03-b-16,2016,83030-0016,83030,多摩川,0901,道路,9,0.094242
nlni_l03b_landuse_by_watershed,https://nlftp.mlit.go.jp/ksj/gml/datalist/KsjTmplt-L03-b.html#L03-b-16,2016,83030-0016,83030,多摩川,0902,鉄道,25,0.26178
nlni_l03b_landuse_by_watershed,https://nlftp.mlit.go.jp/ksj/gml/datalist/KsjTmplt-L03-b.html#L03-b-16,2016,83030-0016,83030,多摩川,1000,その他の用地,89,0.931933
nlni_l03b_landuse_by_watershed,https://nlftp.mlit.go.jp/ksj/gml/datalist/KsjTmplt-L03-b.html#L03-b-16,2016,83030-0016,83030,多摩川,1100,河川地及び湖沼,7,0.073301
nlni_l03b_landuse_by_watershed,https://nlftp.mlit.go.jp/ksj/gml/datalist/KsjTmplt-L03-b.html#L03-b-16,2016,83030-0016,83030,多摩川,1600,ゴルフ場,4,0.04188
nlni_l03b_landuse_by_watershed,https://nlftp.mlit.go.jp/ksj/gml/datalist/KsjTmplt-L03-b.html#L03-b-16,2016,83030-0017,83030,多摩川,0100,田,2,0.020935
nlni_l03b_landuse_by_watershed,https://nlftp.mlit.go.jp/ksj/gml/datalist/KsjTmplt-L03-b.html#L03-b-16,2016,83030-0017,83030,多摩川,0200,その他の農用地,12,0.125618
nlni_l03b_landuse_by_watershed,https://nlftp.mlit.go.jp/ksj/gml/datalist/KsjTmplt-L03-b.html#L03-b-16,2016,83030-0017,83030,多摩川,0500,森林,1,0.010469
nlni_l03b_landuse_by_watershed,https://nlftp.mlit.go.jp/ksj/gml/datalist/KsjTmplt-L03-b.html#L03-b-16,2016,83030-0017,83030,多摩川,0700,建物用地,538,5.632473
nlni_l03b_landuse_by_watershed,https://nlftp.mlit.go.jp/ksj/gml/datalist/KsjTmplt-L03-b.html#L03-b-16,2016,83030-0017,83030,多摩川,0901,道路,9,0.094233
nlni_l03b_landuse_by_watershed,https://nlftp.mlit.go.jp/ksj/gml/datalist/KsjTmplt-L03-b.html#L03-b-16,2016,83030-0017,83030,多摩川,0902,鉄道,18,0.188461
nlni_l03b_landuse_by_watershed,https://nlftp.mlit.go.jp/ksj/gml/datalist/KsjTmplt-L03-b.html#L03-b-16,2016,83030-0017,83030,多摩川,1000,その他の用地,48,0.502517
nlni_l03b_landuse_by_watershed,https://nlftp.mlit.go.jp/ksj/gml/datalist/KsjTmplt-L03-b.html#L03-b-16,2016,83030-0017,83030,多摩川,1100,河川地及び湖沼,273,2.858282
nlni_l03b_landuse_by_watershed,https://nlftp.mlit.go.jp/ksj/gml/datalist/KsjTmplt-L03-b.html#L03-b-16,2016,83030-0018,83030,多摩川,0100,田,35,0.366464
nlni_l03b_landuse_by_watershed,https://nlftp.mlit.go.jp/ksj/gml/datalist/KsjTmplt-L03-b.html#L03-b-16,2016,83030-0018,83030,多摩川,0200,その他の農用地,107,1.120316
nlni_l03b_landuse_by_watershed,https://nlftp.mlit.go.jp/ksj/gml/datalist/KsjTmplt-L03-b.html#L03-b-16,2016,83030-0018,83030,多摩川,0500,森林,363,3.800577
nlni_l03b_landuse_by_watershed,https://nlftp.mlit.go.jp/ksj/gml/datalist/KsjTmplt-L03-b.html#L03-b-16,2016,83030-0018,83030,多摩川,0600,荒地,12,0.125635
nlni_l03b_landuse_by_watershed,https://nlftp.mlit.go.jp/ksj/gml/datalist/KsjTmplt-L03-b.html#L03-b-16,2016,83030-0018,83030,多摩川,0700,建物用地,894,9.359095
nlni_l03b_landuse_by_watershed,https://nlftp.mlit.go.jp/ksj/gml/datalist/KsjTmplt-L03-b.html#L03-b-16,2016,83030-0018,83030,多摩川,0901,道路,46,0.481545
nlni_l03b_landuse_by_watershed,https://nlftp.mlit.go.jp/ksj/gml/datalist/KsjTmplt-L03-b.html#L03-b-16,2016,83030-0018,83030,多摩川,0902,鉄道,54,0.565338
nlni_l03b_landuse_by_watershed,https://nlftp.mlit.go.jp/ksj/gml/datalist/KsjTmplt-L03-b.html#L03-b-16,2016,83030-0018,83030,多摩川,1000,その他の用地,181,1.894998
nlni_l03b_landuse_by_watershed,https://nlftp.mlit.go.jp/ksj/gml/datalist/KsjTmplt-L03-b.html#L03-b-16,2016,83030-0018,83030,多摩川,1100,河川地及び湖沼,7,0.073282
nlni_l03b_landuse_by_watershed,https://nlftp.mlit.go.jp/ksj/gml/datalist/KsjTmplt-L03-b.html#L03-b-16,2016,83030-0018,83030,多摩川,1600,ゴルフ場,112,1.172574
nlni_l03b_landuse_by_watershed,https://nlftp.mlit.go.jp/ksj/gml/datalist/KsjTmplt-L03-b.html#L03-b-16,2016,83030-0019,83030,多摩川,0100,田,16,0.167444
nlni_l03b_landuse_by_watershed,https://nlftp.mlit.go.jp/ksj/gml/datalist/KsjTmplt-L03-b.html#L03-b-16,2016,83030-0019,83030,多摩川,0200,その他の農用地,20,0.209335
nlni_l03b_landuse_by_watershed,https://nlftp.mlit.go.jp/ksj/gml/datalist/KsjTmplt-L03-b.html#L03-b-16,2016,83030-0019,83030,多摩川,0500,森林,150,1.570105
nlni_l03b_landuse_by_watershed,https://nlftp.mlit.go.jp/ksj/gml/datalist/KsjTmplt-L03-b.html#L03-b-16,2016,83030-0019,83030,多摩川,0700,建物用地,917,9.596932
nlni_l03b_landuse_by_watershed,https://nlftp.mlit.go.jp/ksj/gml/datalist/KsjTmplt-L03-b.html#L03-b-16,2016,83030-0019,83030,多摩川,0901,道路,47,0.491889
nlni_l03b_landuse_by_watershed,https://nlftp.mlit.go.jp/ksj/gml/datalist/KsjTmplt-L03-b.html#L03-b-16,2016,83030-0019,83030,多摩川,0902,鉄道,36,0.376746
nlni_l03b_landuse_by_watershed,https://nlftp.mlit.go.jp/ksj/gml/datalist/KsjTmplt-L03-b.html#L03-b-16,2016,83030-0019,83030,多摩川,1000,その他の用地,152,1.590829
nlni_l03b_landuse_by_watershed,https://nlftp.mlit.go.jp/ksj/gml/datalist/KsjTmplt-L03-b.html#L03-b-16,2016,83030-0019,83030,多摩川,1100,河川地及び湖沼,284,2.972553
nlni_l03b_landuse_by_watershed,https://nlftp.mlit.go.jp/ksj/gml/datalist/KsjTmplt-L03-b.html#L03-b-16,2016,83030-0019,83030,多摩川,1600,ゴルフ場,61,0.63853
nlni_l03b_landuse_by_watershed,https://nlftp.mlit.go.jp/ksj/gml/datalist/KsjTmplt-L03-b.html#L03-b-16,2016,83030-0020,83030,,0500,森林,14,0.146539
nlni_l03b_landuse_by_watershed,https://nlftp.mlit.go.jp/ksj/gml/datalist/KsjTmplt-L03-b.html#L03-b-16,2016,83030-0020,83030,,0700,建物用地,25,0.261673
nlni_l03b_landuse_by_watershed,https://nlftp.mlit.go.jp/ksj/gml/datalist/KsjTmplt-L03-b.html#L03-b-16,2016,83030-0020,83030,,0901,道路,5,0.052335
nlni_l03b_landuse_by_watershed,https://nlftp.mlit.go.jp/ksj/gml/datalist/KsjTmplt-L03-b.html#L03-b-16,2016,83030-0020,83030,,1000,その他の用地,8,0.083736
nlni_l03b_landuse_by_watershed,https://nlftp.mlit.go.jp/ksj/gml/datalist/KsjTmplt-L03-b.html#L03-b-16,2016,83030-0020,83030,,1100,河川地及び湖沼,16,0.167467
nlni_l03b_landuse_by_watershed,https://nlftp.mlit.go.jp/ksj/gml/datalist/KsjTmplt-L03-b.html#L03-b-16,2016,83030-0020,83030,,1600,ゴルフ場,36,0.376815
nlni_l03b_landuse_by_watershed,https://nlftp.mlit.go.jp/ksj/gml/datalist/KsjTmplt-L03-b.html#L03-b-16,2016,83030-0021,83030,,0200,その他の農用地,2,0.020935
nlni_l03b_landuse_by_watershed,https://nlftp.mlit.go.jp/ksj/gml/datalist/KsjTmplt-L03-b.html#L03-b-16,2016,83030-0021,83030,,0500,森林,225,2.355654
nlni_l03b_landuse_by_watershed,https://nlftp.mlit.go.jp/ksj/gml/datalist/KsjTmplt-L03-b.html#L03-b-16,2016,83030-0021,83030,,0700,建物用地,891,9.328487
nlni_l03b_landuse_by_watershed,https://nlftp.mlit.go.jp/ksj/gml/datalist/KsjTmplt-L03-b.html#L03-b-16,2016,83030-0021,83030,,0901,道路,83,0.869029
nlni_l03b_landuse_by_watershed,https://nlftp.mlit.go.jp/ksj/gml/datalist/KsjTmplt-L03-b.html#L03-b-16,2016,83030-0021,83030,,0902,鉄道,32,0.335036
nlni_l03b_landuse_by_watershed,https://nlftp.mlit.go.jp/ksj/gml/datalist/KsjTmplt-L03-b.html#L03-b-16,2016,83030-0021,83030,,1000,その他の用地,126,1.319251
nlni_l03b_landuse_by_watershed,https://nlftp.mlit.go.jp/ksj/gml/datalist/KsjTmplt-L03-b.html#L03-b-16,2016,83030-0021,83030,,1600,ゴルフ場,43,0.450247
nlni_l03b_landuse_by_watershed,https://nlftp.mlit.go.jp/ksj/gml/datalist/KsjTmplt-L03-b.html#L03-b-16,2016,83030-0022,83030,,0100,田,4,0.041873
nlni_l03b_landuse_by_watershed,https://nlftp.mlit.go.jp/ksj/gml/datalist/KsjTmplt-L03-b.html#L03-b-16,2016,83030-0022,83030,,0200,その他の農用地,22,0.230297
nlni_l03b_landuse_by_watershed,https://nlftp.mlit.go.jp/ksj/gml/datalist/KsjTmplt-L03-b.html#L03-b-16,2016,83030-0022,83030,,0500,森林,268,2.805516
nlni_l03b_landuse_by_watershed,https://nlftp.mlit.go.jp/ksj/gml/datalist/KsjTmplt-L03-b.html#L03-b-16,2016,83030-0022,83030,,0700,建物用地,701,7.338199
nlni_l03b_landuse_by_watershed,https://nlftp.mlit.go.jp/ksj/gml/datalist/KsjTmplt-L03-b.html#L03-b-16,2016,83030-0022,83030,,0901,道路,30,0.314062
nlni_l03b_landuse_by_watershed,https://nlftp.mlit.go.jp/ksj/gml/datalist/KsjTmplt-L03-b.html#L03-b-16,2016,83030-0022,83030,,0902,鉄道,9,0.094217
nlni_l03b_landuse_by_watershed,https://nlftp.mlit.go.jp/ksj/gml/datalist/KsjTmplt-L03-b.html#L03-b-16,2016,83030-0022,83030,,1000,その他の用地,144,1.507477
nlni_l03b_landuse_by_watershed,https://nlftp.mlit.go.jp/ksj/gml/datalist/KsjTmplt-L03-b.html#L03-b-16,2016,83030-0022,83030,,1100,河川地及び湖沼,17,0.17796
nlni_l03b_landuse_by_watershed,https://nlftp.mlit.go.jp/ksj/gml/datalist/KsjTmplt-L03-b.html#L03-b-16,2016,83030-0022,83030,,1600,ゴルフ場,21,0.219875
nlni_l03b_landuse_by_watershed,https://nlftp.mlit.go.jp/ksj/gml/datalist/KsjTmplt-L03-b.html#L03-b-16,2016,83030-0023,83030,,0500,森林,84,0.87963
nlni_l03b_landuse_by_watershed,https://nlftp.mlit.go.jp/ksj/gml/datalist/KsjTmplt-L03-b.html#L03-b-16,2016,83030-0023,83030,,0700,建物用地,235,2.460753
nlni_l03b_landuse_by_watershed,https://nlftp.mlit.go.jp/ksj/gml/datalist/KsjTmplt-L03-b.html#L03-b-16,2016,83030-0023,83030,,0901,道路,15,0.157069
nlni_l03b_landuse_by_watershed,https://nlftp.mlit.go.jp/ksj/gml/datalist/KsjTmplt-L03-b.html#L03-b-16,2016,83030-0023,83030,,0902,鉄道,9,0.094239
nlni_l03b_landuse_by_watershed,https://nlftp.mlit.go.jp/ksj/gml/datalist/KsjTmplt-L03-b.html#L03-b-16,2016,83030-0023,83030,,1000,その他の用地,43,0.450285
nlni_l03b_landuse_by_watershed,https://nlftp.mlit.go.jp/ksj/gml/datalist/KsjTmplt-L03-b.html#L03-b-16,2016,83030-0023,83030,,1100,河川地及び湖沼,3,0.03141
nlni_l03b_landuse_by_watershed,https://nlftp.mlit.go.jp/ksj/gml/datalist/KsjTmplt-L03-b.html#L03-b-16,2016,83030-0024,83030,,0100,田,16,0.167519
nlni_l03b_landuse_by_watershed,https://nlftp.mlit.go.jp/ksj/gml/datalist/KsjTmplt-L03-b.html#L03-b-16,2016,83030-0024,83030,,0200,その他の農用地,51,0.533972
nlni_l03b_landuse_by_watershed,https://nlftp.mlit.go.jp/ksj/gml/datalist/KsjTmplt-L03-b.html#L03-b-16,2016,83030-0024,83030,,0500,森林,284,2.973527
nlni_l03b_landuse_by_watershed,https://nlftp.mlit.go.jp/ksj/gml/datalist/KsjTmplt-L03-b.html#L03-b-16,2016,83030-0024,83030,,0600,荒地,36,0.376977
nlni_l03b_landuse_by_watershed,https://nlftp.mlit.go.jp/ksj/gml/datalist/KsjTmplt-L03-b.html#L03-b-16,2016,83030-0024,83030,,0700,建物用地,430,4.502149
nlni_l03b_landuse_by_watershed,https://nlftp.mlit.go.jp/ksj/gml/datalist/KsjTmplt-L03-b.html#L03-b-16,2016,83030-0024,83030,,0901,道路,32,0.335053
nlni_l03b_landuse_by_watershed,https://nlftp.mlit.go.jp/ksj/gml/datalist/KsjTmplt-L03-b.html#L03-b-16,2016,83030-0024,83030,,1000,その他の用地,87,0.910948
nlni_l03b_landuse_by_watershed,https://nlftp.mlit.go.jp/ksj/gml/datalist/KsjTmplt-L03-b.html#L03-b-16,2016,83030-0024,83030,,1100,河川地及び湖沼,9,0.094226
nlni_l03b_landuse_by_watershed,https://nlftp.mlit.go.jp/ksj/gml/datalist/KsjTmplt-L03-b.html#L03-b-16,2016,83030-0026,83030,,0100,田,2,0.020935
nlni_l03b_landuse_by_watershed,https://nlftp.mlit.go.jp/ksj/gml/datalist/KsjTmplt-L03-b.html#L03-b-16,2016,83030-0026,83030,,0200,その他の農用地,5,0.052335
nlni_l03b_landuse_by_watershed,https://nlftp.mlit.go.jp/ksj/gml/datalist/KsjTmplt-L03-b.html#L03-b-16,2016,83030-0026,83030,,0500,森林,132,1.38161
nlni_l03b_landuse_by_watershed,https://nlftp.mlit.go.jp/ksj/gml/datalist/KsjTmplt-L03-b.html#L03-b-16,2016,83030-0026,83030,,0700,建物用地,238,2.490864
nlni_l03b_landuse_by_watershed,https://nlftp.mlit.go.jp/ksj/gml/datalist/KsjTmplt-L03-b.html#L03-b-16,2016,83030-0026,83030,,0902,鉄道,22,0.230247
nlni_l03b_landuse_by_watershed,https://nlftp.mlit.go.jp/ksj/gml/datalist/KsjTmplt-L03-b.html#L03-b-16,2016,83030-0026,83030,,1000,その他の用地,42,0.439601
nlni_l03b_landuse_by_watershed,https://nlftp.mlit.go.jp/ksj/gml/datalist/KsjTmplt-L03-b.html#L03-b-16,2016,83030-0026,83030,,1100,河川地及び湖沼,6,0.062791
nlni_l03b_landuse_by_watershed,https://nlftp.mlit.go.jp/ksj/gml/datalist/KsjTmplt-L03-b.html#L03-b-16,2016,83030-0027,83030,,0100,田,12,0.125585
nlni_l03b_landuse_by_watershed,https://nlftp.mlit.go.jp/ksj/gml/datalist/KsjTmplt-L03-b.html#L03-b-16,2016,83030-0027,83030,,0200,その他の農用地,25,0.261652
nlni_l03b_landuse_by_watershed,https://nlftp.mlit.go.jp/ksj/gml/datalist/KsjTmplt-L03-b.html#L03-b-16,2016,83030-0027,83030,,0500,森林,131,1.371182
nlni_l03b_landuse_by_watershed,https://nlftp.mlit.go.jp/ksj/gml/datalist/KsjTmplt-L03-b.html#L03-b-16,2016,83030-0027,83030,,0600,荒地,4,0.041865
nlni_l03b_landuse_by_watershed,https://nlftp.mlit.go.jp/ksj/gml/datalist/KsjTmplt-L03-b.html#L03-b-16,2016,83030-0027,83030,,0700,建物用地,801,8.382969
nlni_l03b_landuse_by_watershed,https://nlftp.mlit.go.jp/ksj/gml/datalist/KsjTmplt-L03-b.html#L03-b-16,2016,83030-0027,83030,,0901,道路,43,0.449999
nlni_l03b_landuse_by_watershed,https://nlftp.mlit.go.jp/ksj/gml/datalist/KsjTmplt-L03-b.html#L03-b-16,2016,83030-0027,83030,,0902,鉄道,39,0.408156
nlni_l03b_landuse_by_watershed,https://nlftp.mlit.go.jp/ksj/gml/datalist/KsjTmplt-L03-b.html#L03-b-16,2016,83030-0027,83030,,1000,その他の用地,48,0.502349
nlni_l03b_landuse_by_watershed,https://nlftp.mlit.go.jp/ksj/gml/datalist/KsjTmplt-L03-b.html#L03-b-16,2016,83030-0027,83030,,1100,河川地及び湖沼,97,1.015142
nlni_l03b_landuse_by_watershed,https://nlftp.mlit.go.jp/ksj/gml/datalist/KsjTmplt-L03-b.html#L03-b-16,2016,83030-0028,83030,,0500,森林,44,0.460602
nlni_l03b_landuse_by_watershed,https://nlftp.mlit.go.jp/ksj/gml/datalist/KsjTmplt-L03-b.html#L03-b-16,2016,83030-0028,83030,,0600,荒地,4,0.041873
nlni_l03b_landuse_by_watershed,https://nlftp.mlit.go.jp/ksj/gml/datalist/KsjTmplt-L03-b.html#L03-b-16,2016,83030-0028,83030,,0700,建物用地,214,2.240128
nlni_l03b_landuse_by_watershed,https://nlftp.mlit.go.jp/ksj/gml/datalist/KsjTmplt-L03-b.html#L03-b-16,2016,83030-0028,83030,,0901,道路,14,0.146553
nlni_l03b_landuse_by_watershed,https://nlftp.mlit.go.jp/ksj/gml/datalist/KsjTmplt-L03-b.html#L03-b-16,2016,83030-0028,83030,,0902,鉄道,17,0.177945
nlni_l03b_landuse_by_watershed,https://nlftp.mlit.go.jp/ksj/gml/datalist/KsjTmplt-L03-b.html#L03-b-16,2016,83030-0028,83030,,1000,その他の用地,7,0.073274
nlni_l03b_landuse_by_watershed,https://nlftp.mlit.go.jp/ksj/gml/datalist/KsjTmplt-L03-b.html#L03-b-16,2016,83030-0028,83030,,1100,河川地及び湖沼,8,0.083738
nlni_l03b_landuse_by_watershed,https://nlftp.mlit.go.jp/ksj/gml/datalist/KsjTmplt-L03-b.html#L03-b-16,2016,83030-0029,83030,,0200,その他の農用地,14,0.146563
nlni_l03b_landuse_by_watershed,https://nlftp.mlit.go.jp/ksj/gml/datalist/KsjTmplt-L03-b.html#L03-b-16,2016,83030-0029,83030,,0500,森林,129,1.350626
nlni_l03b_landuse_by_watershed,https://nlftp.mlit.go.jp/ksj/gml/datalist/KsjTmplt-L03-b.html#L03-b-16,2016,83030-0029,83030,,0600,荒地,11,0.115169
nlni_l03b_landuse_by_watershed,https://nlftp.mlit.go.jp/ksj/gml/datalist/KsjTmplt-L03-b.html#L03-b-16,2016,83030-0029,83030,,0700,建物用地,320,3.350189
nlni_l03b_landuse_by_watershed,https://nlftp.mlit.go.jp/ksj/gml/datalist/KsjTmplt-L03-b.html#L03-b-16,2016,83030-0029,83030,,0901,道路,20,0.209382
nlni_l03b_landuse_by_watershed,https://nlftp.mlit.go.jp/ksj/gml/datalist/KsjTmplt-L03-b.html#L03-b-16,2016,83030-0029,83030,,0902,鉄道,8,0.083755
nlni_l03b_landuse_by_watershed,https://nlftp.mlit.go.jp/ksj/gml/datalist/KsjTmplt-L03-b.html#L03-b-16,2016,83030-0029,83030,,1000,その他の用地,65,0.680524
nlni_l03b_landuse_by_watershed,https://nlftp.mlit.go.jp/ksj/gml/datalist/KsjTmplt-L03-b.html#L03-b-16,2016,83030-0029,83030,,1100,河川地及び湖沼,1,0.01047
nlni_l03b_landuse_by_watershed,https://nlftp.mlit.go.jp/ksj/gml/datalist/KsjTmplt-L03-b.html#L03-b-16,2016,83030-0030,83030,,0100,田,12,0.125629
nlni_l03b_landuse_by_watershed,https://nlftp.mlit.go.jp/ksj/gml/datalist/KsjTmplt-L03-b.html#L03-b-16,2016,83030-0030,83030,,0200,その他の農用地,85,0.889836
nlni_l03b_landuse_by_watershed,https://nlftp.mlit.go.jp/ksj/gml/datalist/KsjTmplt-L03-b.html#L03-b-16,2016,83030-0030,83030,,0500,森林,320,3.350369
nlni_l03b_landuse_by_watershed,https://nlftp.mlit.go.jp/ksj/gml/datalist/KsjTmplt-L03-b.html#L03-b-16,2016,83030-0030,83030,,0600,荒地,6,0.062819
nlni_l03b_landuse_by_watershed,https://nlftp.mlit.go.jp/ksj/gml/datalist/KsjTmplt-L03-b.html#L03-b-16,2016,83030-0030,83030,,0700,建物用地,470,4.920345
nlni_l03b_landuse_by_watershed,https://nlftp.mlit.go.jp/ksj/gml/datalist/KsjTmplt-L03-b.html#L03-b-16,2016,83030-0030,83030,,0901,道路,31,0.324528
nlni_l03b_landuse_by_watershed,https://nlftp.mlit.go.jp/ksj/gml/datalist/KsjTmplt-L03-b.html#L03-b-16,2016,83030-0030,83030,,0902,鉄道,7,0.073273
nlni_l03b_landuse_by_watershed,https://nlftp.mlit.go.jp/ksj/gml/datalist/KsjTmplt-L03-b.html#L03-b-16,2016,83030-0030,83030,,1000,その他の用地,95,0.994568
nlni_l03b_landuse_by_watershed,https://nlftp.mlit.go.jp/ksj/gml/datalist/KsjTmplt-L03-b.html#L03-b-16,2016,83030-0030,83030,,1100,河川地及び湖沼,9,0.094209
nlni_l03b_landuse_by_watershed,https://nlftp.mlit.go.jp/ksj/gml/datalist/KsjTmplt-L03-b.html#L03-b-16,2016,83030-0030,83030,,1600,ゴルフ場,21,0.219886
nlni_l03b_landuse_by_watershed,https://nlftp.mlit.go.jp/ksj/gml/datalist/KsjTmplt-L03-b.html#L03-b-16,2016,83030-0031,83030,,0200,その他の農用地,23,0.240728
nlni_l03b_landuse_by_watershed,https://nlftp.mlit.go.jp/ksj/gml/datalist/KsjTmplt-L03-b.html#L03-b-16,2016,83030-0031,83030,,0500,森林,3,0.031397
nlni_l03b_landuse_by_watershed,https://nlftp.mlit.go.jp/ksj/gml/datalist/KsjTmplt-L03-b.html#L03-b-16,2016,83030-0031,83030,,0600,荒地,1,0.010467
nlni_l03b_landuse_by_watershed,https://nlftp.mlit.go.jp/ksj/gml/datalist/KsjTmplt-L03-b.html#L03-b-16,2016,83030-0031,83030,,0700,建物用地,185,1.936168
nlni_l03b_landuse_by_watershed,https://nlftp.mlit.go.jp/ksj/gml/datalist/KsjTmplt-L03-b.html#L03-b-16,2016,83030-0031,83030,,0901,道路,16,0.167442
nlni_l03b_landuse_by_watershed,https://nlftp.mlit.go.jp/ksj/gml/datalist/KsjTmplt-L03-b.html#L03-b-16,2016,83030-0031,83030,,0902,鉄道,8,0.083728
nlni_l03b_landuse_by_watershed,https://nlftp.mlit.go.jp/ksj/gml/datalist/KsjTmplt-L03-b.html#L03-b-16,2016,83030-0031,83030,,1000,その他の用地,8,0.083724
nlni_l03b_landuse_by_watershed,https://nlftp.mlit.go.jp/ksj/gml/datalist/KsjTmplt-L03-b.html#L03-b-16,2016,83030-0031,83030,,1100,河川地及び湖沼,18,0.188401
nlni_l03b_landuse_by_watershed,https://nlftp.mlit.go.jp/ksj/gml/datalist/KsjTmplt-L03-b.html#L03-b-16,2016,83030-0032,83030,,0200,その他の農用地,4,0.041868
nlni_l03b_landuse_by_watershed,https://nlftp.mlit.go.jp/ksj/gml/datalist/KsjTmplt-L03-b.html#L03-b-16,2016,83030-0032,83030,,0500,森林,8,0.083735
nlni_l03b_landuse_by_watershed,https://nlftp.mlit.go.jp/ksj/gml/datalist/KsjTmplt-L03-b.html#L03-b-16,2016,83030-0032,83030,,0700,建物用地,302,3.16098
nlni_l03b_landuse_by_watershed,https://nlftp.mlit.go.jp/ksj/gml/datalist/KsjTmplt-L03-b.html#L03-b-16,2016,83030-0032,83030,,0901,道路,22,0.230267
nlni_l03b_landuse_by_watershed,https://nlftp.mlit.go.jp/ksj/gml/datalist/KsjTmplt-L03-b.html#L03-b-16,2016,83030-0032,83030,,0902,鉄道,24,0.251193
nlni_l03b_landuse_by_watershed,https://nlftp.mlit.go.jp/ksj/gml/datalist/KsjTmplt-L03-b.html#L03-b-16,2016,83030-0032,83030,,1000,その他の用地,15,0.156999
nlni_l03b_landuse_by_watershed,https://nlftp.mlit.go.jp/ksj/gml/datalist/KsjTmplt-L03-b.html#L03-b-16,2016,83030-0032,83030,,1100,河川地及び湖沼,2,0.020932
nlni_l03b_landuse_by_watershed,https://nlftp.mlit.go.jp/ksj/gml/datalist/KsjTmplt-L03-b.html#L03-b-16,2016,83030-0033,83030,,0500,森林,10,0.104657
nlni_l03b_landuse_by_watershed,https://nlftp.mlit.go.jp/ksj/gml/datalist/KsjTmplt-L03-b.html#L03-b-16,2016,83030-0033,83030,,0700,建物用地,397,4.154744
nlni_l03b_landuse_by_watershed,https://nlftp.mlit.go.jp/ksj/gml/datalist/KsjTmplt-L03-b.html#L03-b-16,2016,83030-0033,83030,,0901,道路,36,0.376751
nlni_l03b_landuse_by_watershed,https://nlftp.mlit.go.jp/ksj/gml/datalist/KsjTmplt-L03-b.html#L03-b-16,2016,83030-0033,83030,,0902,鉄道,6,0.062794
nlni_l03b_landuse_by_watershed,https://nlftp.mlit.go.jp/ksj/gml/datalist/KsjTmplt-L03-b.html#L03-b-16,2016,83030-0033,83030,,1000,その他の用地,23,0.240717
nlni_l03b_landuse_by_watershed,https://nlftp.mlit.go.jp/ksj/gml/datalist/KsjTmplt-L03-b.html#L03-b-16,2016,83030-0033,83030,,1100,河川地及び湖沼,39,0.40814
nlni_l03b_landuse_by_watershed,https://nlftp.mlit.go.jp/ksj/gml/datalist/KsjTmplt-L03-b.html#L03-b-16,2016,83030-0036,83030,,0200,その他の農用地,9,0.094203
nlni_l03b_landuse_by_watershed,https://nlftp.mlit.go.jp/ksj/gml/datalist/KsjTmplt-L03-b.html#L03-b-16,2016,83030-0036,83030,,0500,森林,215,2.250578
nlni_l03b_landuse_by_watershed,https://nlftp.mlit.go.jp/ksj/gml/datalist/KsjTmplt-L03-b.html#L03-b-16,2016,83030-0036,83030,,0600,荒地,6,0.062812
nlni_l03b_landuse_by_watershed,https://nlftp.mlit.go.jp/ksj/gml/datalist/KsjTmplt-L03-b.html#L03-b-16,2016,83030-0036,83030,,0700,建物用地,551,5.766971
nlni_l03b_landuse_by_watershed,https://nlftp.mlit.go.jp/ksj/gml/datalist/KsjTmplt-L03-b.html#L03-b-16,2016,83030-0036,83030,,0901,道路,19,0.198867
nlni_l03b_landuse_by_watershed,https://nlftp.mlit.go.jp/ksj/gml/datalist/KsjTmplt-L03-b.html#L03-b-16,2016,83030-0036,83030,,0902,鉄道,18,0.188412
nlni_l03b_landuse_by_watershed,https://nlftp.mlit.go.jp/ksj/gml/datalist/KsjTmplt-L03-b.html#L03-b-16,2016,83030-0036,83030,,1000,その他の用地,77,0.805954
nlni_l03b_landuse_by_watershed,https://nlftp.mlit.go.jp/ksj/gml/datalist/KsjTmplt-L03-b.html#L03-b-16,2016,83030-0036,83030,,1100,河川地及び湖沼,18,0.188386
nlni_l03b_landuse_by_watershed,https://nlftp.mlit.go.jp/ksj/gml/datalist/KsjTmplt-L03-b.html#L03-b-16,2016,83030-0037,83030,,0100,田,1,0.010464
nlni_l03b_landuse_by_watershed,https://nlftp.mlit.go.jp/ksj/gml/datalist/KsjTmplt-L03-b.html#L03-b-16,2016,83030-0037,83030,,0500,森林,2,0.020929
nlni_l03b_landuse_by_watershed,https://nlftp.mlit.go.jp/ksj/gml/datalist/KsjTmplt-L03-b.html#L03-b-16,2016,83030-0037,83030,,0700,建物用地,41,0.429037
nlni_l03b_landuse_by_watershed,https://nlftp.mlit.go.jp/ksj/gml/datalist/KsjTmplt-L03-b.html#L03-b-16,2016,83030-0037,83030,,0901,道路,6,0.062786
nlni_l03b_landuse_by_watershed,https://nlftp.mlit.go.jp/ksj/gml/datalist/KsjTmplt-L03-b.html#L03-b-16,2016,83030-0037,83030,,1000,その他の用地,1,0.010464
nlni_l03b_landuse_by_watershed,https://nlftp.mlit.go.jp/ksj/gml/datalist/KsjTmplt-L03-b.html#L03-b-16,2016,83030-0037,83030,,1100,河川地及び湖沼,2,0.020928
nlni_l03b_landuse_by_watershed,https://nlftp.mlit.go.jp/ksj/gml/datalist/KsjTmplt-L03-b.html#L03-b-16,2016,83030-0038,83030,,0200,その他の農用地,7,0.073294
nlni_l03b_landuse_by_watershed,https://nlftp.mlit.go.jp/ksj/gml/datalist/KsjTmplt-L03-b.html#L03-b-16,2016,83030-0038,83030,,0500,森林,906,9.486361
nlni_l03b_landuse_by_watershed,https://nlftp.mlit.go.jp/ksj/gml/datalist/KsjTmplt-L03-b.html#L03-b-16,2016,83030-0038,83030,,0600,荒地,2,0.020943
nlni_l03b_landuse_by_watershed,https://nlftp.mlit.go.jp/ksj/gml/datalist/KsjTmplt-L03-b.html#L03-b-16,2016,83030-0038,83030,,0700,建物用地,47,0.49208
nlni_l03b_landuse_by_watershed,https://nlftp.mlit.go.jp/ksj/gml/datalist/KsjTmplt-L03-b.html#L03-b-16,2016,83030-0038,83030,,0901,道路,6,0.062819
nlni_l03b_landuse_by_watershed,https://nlftp.mlit.go.jp/ksj/gml/datalist/KsjTmplt-L03-b.html#L03-b-16,2016,83030-0038,83030,,0902,鉄道,5,0.052343
nlni_l03b_landuse_by_watershed,https://nlftp.mlit.go.jp/ksj/gml/datalist/KsjTmplt-L03-b.html#L03-b-16,2016,83030-0038,83030,,1000,その他の用地,6,0.062825
nlni_l03b_landuse_by_watershed,https://nlftp.mlit.go.jp/ksj/gml/datalist/KsjTmplt-L03-b.html#L03-b-16,2016,83030-0039,83030,,0200,その他の農用地,11,0.115145
nlni_l03b_landuse_by_watershed,https://nlftp.mlit.go.jp/ksj/gml/datalist/KsjTmplt-L03-b.html#L03-b-16,2016,83030-0039,83030,,0500,森林,1051,11.001563
nlni_l03b_landuse_by_watershed,https://nlftp.mlit.go.jp/ksj/gml/datalist/KsjTmplt-L03-b.html#L03-b-16,2016,83030-0039,83030,,0600,荒地,4,0.041874
nlni_l03b_landuse_by_watershed,https://nlftp.mlit.go.jp/ksj/gml/datalist/KsjTmplt-L03-b.html#L03-b-16,2016,83030-0039,83030,,0700,建物用地,35,0.366376
nlni_l03b_landuse_by_watershed,https://nlftp.mlit.go.jp/ksj/gml/datalist/KsjTmplt-L03-b.html#L03-b-16,2016,83030-0039,83030,,0901,道路,36,0.376838
nlni_l03b_landuse_by_watershed,https://nlftp.mlit.go.jp/ksj/gml/datalist/KsjTmplt-L03-b.html#L03-b-16,2016,83030-0039,83030,,0902,鉄道,11,0.115146
nlni_l03b_landuse_by_watershed,https://nlftp.mlit.go.jp/ksj/gml/datalist/KsjTmplt-L03-b.html#L03-b-16,2016,83030-0039,83030,,1000,その他の用地,1,0.010468
nlni_l03b_landuse_by_watershed,https://nlftp.mlit.go.jp/ksj/gml/datalist/KsjTmplt-L03-b.html#L03-b-16,2016,83030-0040,83030,,0100,田,4,0.041858
nlni_l03b_landuse_by_watershed,https://nlftp.mlit.go.jp/ksj/gml/datalist/KsjTmplt-L03-b.html#L03-b-16,2016,83030-0040,83030,,0200,その他の農用地,5,0.052326
nlni_l03b_landuse_by_watershed,https://nlftp.mlit.go.jp/ksj/gml/datalist/KsjTmplt-L03-b.html#L03-b-16,2016,83030-0040,83030,,0500,森林,255,2.668909
nlni_l03b_landuse_by_watershed,https://nlftp.mlit.go.jp/ksj/gml/datalist/KsjTmplt-L03-b.html#L03-b-16,2016,83030-0040,83030,,0700,建物用地,121,1.266339
nlni_l03b_landuse_by_watershed,https://nlftp.mlit.go.jp/ksj/gml/datalist/KsjTmplt-L03-b.html#L03-b-16,2016,83030-0040,83030,,0901,道路,22,0.230252
nlni_l03b_landuse_by_watershed,https://nlftp.mlit.go.jp/ksj/gml/datalist/KsjTmplt-L03-b.html#L03-b-16,2016,83030-0040,83030,,1000,その他の用地,17,0.177911
nlni_l03b_landuse_by_watershed,https://nlftp.mlit.go.jp/ksj/gml/datalist/KsjTmplt-L03-b.html#L03-b-16,2016,83030-0041,83030,,0100,田,5,0.052321
nlni_l03b_landuse_by_watershed,https://nlftp.mlit.go.jp/ksj/gml/datalist/KsjTmplt-L03-b.html#L03-b-16,2016,83030-0041,83030,,0200,その他の農用地,3,0.031393
nlni_l03b_landuse_by_watershed,https://nlftp.mlit.go.jp/ksj/gml/datalist/KsjTmplt-L03-b.html#L03-b-16,2016,83030-0041,83030,,0500,森林,104,1.08832
nlni_l03b_landuse_by_watershed,https://nlftp.mlit.go.jp/ksj/gml/datalist/KsjTmplt-L03-b.html#L03-b-16,2016,83030-0041,83030,,0700,建物用地,100,1.046451
nlni_l03b_landuse_by_watershed,https://nlftp.mlit.go.jp/ksj/gml/datalist/KsjTmplt-L03-b.html#L03-b-16,2016,83030-0041,83030,,1000,その他の用地,65,0.680223
nlni_l03b_landuse_by_watershed,https://nlftp.mlit.go.jp/ksj/gml/datalist/KsjTmplt-L03-b.html#L03-b-16,2016,83030-0042,83030,,0700,建物用地,1,0.010464
nlni_l03b_landuse_by_watershed,https://nlftp.mlit.go.jp/ksj/gml/datalist/KsjTmplt-L03-b.html#L03-b-16,2016,83030-0042,83030,,1100,河川地及び湖沼,2,0.020928
nlni_l03b_landuse_by_watershed,https://nlftp.mlit.go.jp/ksj/gml/datalist/KsjTmplt-L03-b.html#L03-b-16,2016,83030-0043,83030,,0100,田,6,0.062782
nlni_l03b_landuse_by_watershed,https://nlftp.mlit.go.jp/ksj/gml/datalist/KsjTmplt-L03-b.html#L03-b-16,2016,83030-0043,83030,,0200,その他の農用地,45,0.47089
nlni_l03b_landuse_by_watershed,https://nlftp.mlit.go.jp/ksj/gml/datalist/KsjTmplt-L03-b.html#L03-b-16,2016,83030-0043,83030,,0500,森林,952,9.962423
nlni_l03b_landuse_by_watershed,https://nlftp.mlit.go.jp/ksj/gml/datalist/KsjTmplt-L03-b.html#L03-b-16,2016,83030-0043,83030,,0600,荒地,12,0.125583
nlni_l03b_landuse_by_watershed,https://nlftp.mlit.go.jp/ksj/gml/datalist/KsjTmplt-L03-b.html#L03-b-16,2016,83030-0043,83030,,0700,建物用地,89,0.931309
nlni_l03b_landuse_by_watershed,https://nlftp.mlit.go.jp/ksj/gml/datalist/KsjTmplt-L03-b.html#L03-b-16,2016,83030-0043,83030,,1000,その他の用地,8,0.083715
nlni_l03b_landuse_by_watershed,https://nlftp.mlit.go.jp/ksj/gml/datalist/KsjTmplt-L03-b.html#L03-b-16,2016,83030-0045,83030,,0200,その他の農用地,5,0.052302
nlni_l03b_landuse_by_watershed,https://nlftp.mlit.go.jp/ksj/gml/datalist/KsjTmplt-L03-b.html#L03-b-16,2016,83030-0045,83030,,0500,森林,367,3.839048
nlni_l03b_landuse_by_watershed,https://nlftp.mlit.go.jp/ksj/gml/datalist/KsjTmplt-L03-b.html#L03-b-16,2016,83030-0045,83030,,0600,荒地,114,1.192504
nlni_l03b_landuse_by_watershed,https://nlftp.mlit.go.jp/ksj/gml/datalist/KsjTmplt-L03-b.html#L03-b-16,2016,83030-0045,83030,,0700,建物用地,29,0.303354
nlni_l03b_landuse_by_watershed,https://nlftp.mlit.go.jp/ksj/gml/datalist/KsjTmplt-L03-b.html#L03-b-16,2016,83030-0045,83030,,1000,その他の用地,1,0.010461
nlni_l03b_landuse_by_watershed,https://nlftp.mlit.go.jp/ksj/gml/datalist/KsjTmplt-L03-b.html#L03-b-16,2016,83030-0046,83030,,0200,その他の農用地,9,0.094163
nlni_l03b_landuse_by_watershed,https://nlftp.mlit.go.jp/ksj/gml/datalist/KsjTmplt-L03-b.html#L03-b-16,2016,83030-0046,83030,,0500,森林,550,5.753984
nlni_l03b_landuse_by_watershed,https://nlftp.mlit.go.jp/ksj/gml/datalist/KsjTmplt-L03-b.html#L03-b-16,2016,83030-0046,83030,,0600,荒地,21,0.219708
nlni_l03b_landuse_by_watershed,https://nlftp.mlit.go.jp/ksj/gml/datalist/KsjTmplt-L03-b.html#L03-b-16,2016,83030-0046,83030,,0700,建物用地,11,0.115089
nlni_l03b_landuse_by_watershed,https://nlftp.mlit.go.jp/ksj/gml/datalist/KsjTmplt-L03-b.html#L03-b-16,2016,83030-0046,83030,,1000,その他の用地,2,0.020926
nlni_l03b_landuse_by_watershed,https://nlftp.mlit.go.jp/ksj/gml/datalist/KsjTmplt-L03-b.html#L03-b-16,2016,83030-0047,83030,,0200,その他の農用地,5,0.052322
nlni_l03b_landuse_by_watershed,https://nlftp.mlit.go.jp/ksj/gml/datalist/KsjTmplt-L03-b.html#L03-b-16,2016,83030-0047,83030,,0500,森林,680,7.116405
nlni_l03b_landuse_by_watershed,https://nlftp.mlit.go.jp/ksj/gml/datalist/KsjTmplt-L03-b.html#L03-b-16,2016,83030-0047,83030,,0600,荒地,14,0.146495
nlni_l03b_landuse_by_watershed,https://nlftp.mlit.go.jp/ksj/gml/datalist/KsjTmplt-L03-b.html#L03-b-16,2016,83030-0047,83030,,0700,建物用地,9,0.094179
nlni_l03b_landuse_by_watershed,https://nlftp.mlit.go.jp/ksj/gml/datalist/KsjTmplt-L03-b.html#L03-b-16,2016,83030-0048,83030,,0200,その他の農用地,4,0.041854
nlni_l03b_landuse_by_watershed,https://nlftp.mlit.go.jp/ksj/gml/datalist/KsjTmplt-L03-b.html#L03-b-16,2016,83030-0048,83030,,0500,森林,718,7.512435
nlni_l03b_landuse_by_watershed,https://nlftp.mlit.go.jp/ksj/gml/datalist/KsjTmplt-L03-b.html#L03-b-16,2016,83030-0048,83030,,0600,荒地,13,0.136018
nlni_l03b_landuse_by_watershed,https://nlftp.mlit.go.jp/ksj/gml/datalist/KsjTmplt-L03-b.html#L03-b-16,2016,83030-0048,83030,,0700,建物用地,7,0.073242
nlni_l03b_landuse_by_watershed,https://nlftp.mlit.go.jp/ksj/gml/datalist/KsjTmplt-L03-b.html#L03-b-16,2016,83030-0048,83030,,1000,その他の用地,1,0.010464
nlni_l03b_landuse_by_watershed,https://nlftp.mlit.go.jp/ksj/gml/datalist/KsjTmplt-L03-b.html#L03-b-16,2016,83030-0058,83030,,0100,田,3,0.03137
nlni_l03b_landuse_by_watershed,https://nlftp.mlit.go.jp/ksj/gml/datalist/KsjTmplt-L03-b.html#L03-b-16,2016,83030-0058,83030,,0200,その他の農用地,29,0.303251
nlni_l03b_landuse_by_watershed,https://nlftp.mlit.go.jp/ksj/gml/datalist/KsjTmplt-L03-b.html#L03-b-16,2016,83030-0058,83030,,0500,森林,279,2.917486
nlni_l03b_landuse_by_watershed,https://nlftp.mlit.go.jp/ksj/gml/datalist/KsjTmplt-L03-b.html#L03-b-16,2016,83030-0058,83030,,0600,荒地,9,0.094116
nlni_l03b_landuse_by_watershed,https://nlftp.mlit.go.jp/ksj/gml/datalist/KsjTmplt-L03-b.html#L03-b-16,2016,83030-0058,83030,,0700,建物用地,180,1.882195
nlni_l03b_landuse_by_watershed,https://nlftp.mlit.go.jp/ksj/gml/datalist/KsjTmplt-L03-b.html#L03-b-16,2016,83030-0058,83030,,0901,道路,4,0.041826
nlni_l03b_landuse_by_watershed,https://nlftp.mlit.go.jp/ksj/gml/datalist/KsjTmplt-L03-b.html#L03-b-16,2016,83030-0058,83030,,0902,鉄道,1,0.010456
nlni_l03b_landuse_by_watershed,https://nlftp.mlit.go.jp/ksj/gml/datalist/KsjTmplt-L03-b.html#L03-b-16,2016,83030-0058,83030,,1000,その他の用地,12,0.125482
nlni_l03b_landuse_by_watershed,https://nlftp.mlit.go.jp/ksj/gml/datalist/KsjTmplt-L03-b.html#L03-b-16,2016,83030-0058,83030,,1100,河川地及び湖沼,28,0.292788
nlni_l03b_landuse_by_watershed,https://nlftp.mlit.go.jp/ksj/gml/datalist/KsjTmplt-L03-b.html#L03-b-16,2016,83030-0058,83030,,1600,ゴルフ場,10,0.104581
nlni_l03b_landuse_by_watershed,https://nlftp.mlit.go.jp/ksj/gml/datalist/KsjTmplt-L03-b.html#L03-b-16,2016,83030-0059,83030,,0200,その他の農用地,8,0.083657
nlni_l03b_landuse_by_watershed,https://nlftp.mlit.go.jp/ksj/gml/datalist/KsjTmplt-L03-b.html#L03-b-16,2016,83030-0059,83030,,0500,森林,1223,12.791591
nlni_l03b_landuse_by_watershed,https://nlftp.mlit.go.jp/ksj/gml/datalist/KsjTmplt-L03-b.html#L03-b-16,2016,83030-0059,83030,,0600,荒地,22,0.230106
nlni_l03b_landuse_by_watershed,https://nlftp.mlit.go.jp/ksj/gml/datalist/KsjTmplt-L03-b.html#L03-b-16,2016,83030-0059,83030,,0700,建物用地,17,0.177776
nlni_l03b_landuse_by_watershed,https://nlftp.mlit.go.jp/ksj/gml/datalist/KsjTmplt-L03-b.html#L03-b-16,2016,83030-0059,83030,,1000,その他の用地,7,0.073207
nlni_l03b_landuse_by_watershed,https://nlftp.mlit.go.jp/ksj/gml/datalist/KsjTmplt-L03-b.html#L03-b-16,2016,83030-0060,83030,,0200,その他の農用地,18,0.188213
nlni_l03b_landuse_by_watershed,https://nlftp.mlit.go.jp/ksj/gml/datalist/KsjTmplt-L03-b.html#L03-b-16,2016,83030-0060,83030,,0500,森林,178,1.861149
nlni_l03b_landuse_by_watershed,https://nlftp.mlit.go.jp/ksj/gml/datalist/KsjTmplt-L03-b.html#L03-b-16,2016,83030-0060,83030,,0700,建物用地,31,0.324148
nlni_l03b_landuse_by_watershed,https://nlftp.mlit.go.jp/ksj/gml/datalist/KsjTmplt-L03-b.html#L03-b-16,2016,83030-0060,83030,,1000,その他の用地,1,0.010457
nlni_l03b_landuse_by_watershed,https://nlftp.mlit.go.jp/ksj/gml/datalist/KsjTmplt-L03-b.html#L03-b-16,2016,83030-0060,83030,,1100,河川地及び湖沼,11,0.115019
nlni_l03b_landuse_by_watershed,https://nlftp.mlit.go.jp/ksj/gml/datalist/KsjTmplt-L03-b.html#L03-b-16,2016,83030-0062,83030,,0200,その他の農用地,14,0.146392
nlni_l03b_landuse_by_watershed,https://nlftp.mlit.go.jp/ksj/gml/datalist/KsjTmplt-L03-b.html#L03-b-16,2016,83030-0062,83030,,0500,森林,544,5.688542
nlni_l03b_landuse_by_watershed,https://nlftp.mlit.go.jp/ksj/gml/datalist/KsjTmplt-L03-b.html#L03-b-16,2016,83030-0062,83030,,0600,荒地,16,0.167316
nlni_l03b_landuse_by_watershed,https://nlftp.mlit.go.jp/ksj/gml/datalist/KsjTmplt-L03-b.html#L03-b-16,2016,83030-0062,83030,,0700,建物用地,42,0.439188
nlni_l03b_landuse_by_watershed,https://nlftp.mlit.go.jp/ksj/gml/datalist/KsjTmplt-L03-b.html#L03-b-16,2016,83030-0062,83030,,1100,河川地及び湖沼,14,0.146396
nlni_l03b_landuse_by_watershed,https://nlftp.mlit.go.jp/ksj/gml/datalist/KsjTmplt-L03-b.html#L03-b-16,2016,83030-0063,83030,,0200,その他の農用地,3,0.031375
nlni_l03b_landuse_by_watershed,https://nlftp.mlit.go.jp/ksj/gml/datalist/KsjTmplt-L03-b.html#L03-b-16,2016,83030-0063,83030,,0500,森林,293,3.064237
nlni_l03b_landuse_by_watershed,https://nlftp.mlit.go.jp/ksj/gml/datalist/KsjTmplt-L03-b.html#L03-b-16,2016,83030-0063,83030,,0600,荒地,17,0.177774
nlni_l03b_landuse_by_watershed,https://nlftp.mlit.go.jp/ksj/gml/datalist/KsjTmplt-L03-b.html#L03-b-16,2016,83030-0063,83030,,0700,建物用地,7,0.073204
nlni_l03b_landuse_by_watershed,https://nlftp.mlit.go.jp/ksj/gml/datalist/KsjTmplt-L03-b.html#L03-b-16,2016,83030-0064,83030,,0500,森林,854,8.934359
nlni_l03b_landuse_by_watershed,https://nlftp.mlit.go.jp/ksj/gml/datalist/KsjTmplt-L03-b.html#L03-b-16,2016,83030-0068,83030,,0500,森林,16,0.167266
nlni_l03b_landuse_by_watershed,https://nlftp.mlit.go.jp/ksj/gml/datalist/KsjTmplt-L03-b.html#L03-b-16,2016,83030-0068,83030,,0700,建物用地,2,0.020908
nlni_l03b_landuse_by_watershed,https://nlftp.mlit.go.jp/ksj/gml/datalist/KsjTmplt-L03-b.html#L03-b-16,2016,83030-0075,83030,,0500,森林,7,0.073184
nlni_l03b_landuse_by_watershed,https://nlftp.mlit.go.jp/ksj/gml/datalist/KsjTmplt-L03-b.html#L03-b-16,2016,83030-0075,83030,,0700,建物用地,1,0.010455
nlni_l03b_landuse_by_watershed,https://nlftp.mlit.go.jp/ksj/gml/datalist/KsjTmplt-L03-b.html#L03-b-16,2016,83030-0075,83030,,1000,その他の用地,1,0.010454
nlni_l03b_landuse_by_watershed,https://nlftp.mlit.go.jp/ksj/gml/datalist/KsjTmplt-L03-b.html#L03-b-16,2016,83030-0075,83030,,1100,河川地及び湖沼,1,0.010454
nlni_l03b_landuse_by_watershed,https://nlftp.mlit.go.jp/ksj/gml/datalist/KsjTmplt-L03-b.html#L03-b-16,2016,83030-0078,83030,,0200,その他の農用地,6,0.062728
nlni_l03b_landuse_by_watershed,https://nlftp.mlit.go.jp/ksj/gml/datalist/KsjTmplt-L03-b.html#L03-b-16,2016,83030-0078,83030,,0500,森林,170,1.777231
nlni_l03b_landuse_by_watershed,https://nlftp.mlit.go.jp/ksj/gml/datalist/KsjTmplt-L03-b.html#L03-b-16,2016,83030-0078,83030,,0700,建物用地,70,0.731809
nlni_l03b_landuse_by_watershed,https://nlftp.mlit.go.jp/ksj/gml/datalist/KsjTmplt-L03-b.html#L03-b-16,2016,83030-0078,83030,,1000,その他の用地,4,0.041818
nlni_l03b_landuse_by_watershed,https://nlftp.mlit.go.jp/ksj/gml/datalist/KsjTmplt-L03-b.html#L03-b-16,2016,83030-0078,83030,,1100,河川地及び湖沼,3,0.031363
nlni_l03b_landuse_by_watershed,https://nlftp.mlit.go.jp/ksj/gml/datalist/KsjTmplt-L03-b.html#L03-b-16,2016,83031-0001,83031,鶴見川,0200,その他の農用地,1,0.010483
nlni_l03b_landuse_by_watershed,https://nlftp.mlit.go.jp/ksj/gml/datalist/KsjTmplt-L03-b.html#L03-b-16,2016,83031-0001,83031,鶴見川,0500,森林,32,0.335458
nlni_l03b_landuse_by_watershed,https://nlftp.mlit.go.jp/ksj/gml/datalist/KsjTmplt-L03-b.html#L03-b-16,2016,83031-0001,83031,鶴見川,0700,建物用地,1306,13.691538
nlni_l03b_landuse_by_watershed,https://nlftp.mlit.go.jp/ksj/gml/datalist/KsjTmplt-L03-b.html#L03-b-16,2016,83031-0001,83031,鶴見川,0901,道路,54,0.56614
nlni_l03b_landuse_by_watershed,https://nlftp.mlit.go.jp/ksj/gml/datalist/KsjTmplt-L03-b.html#L03-b-16,2016,83031-0001,83031,鶴見川,0902,鉄道,50,0.524181
nlni_l03b_landuse_by_watershed,https://nlftp.mlit.go.jp/ksj/gml/datalist/KsjTmplt-L03-b.html#L03-b-16,2016,83031-0001,83031,鶴見川,1000,その他の用地,149,1.562092
nlni_l03b_landuse_by_watershed,https://nlftp.mlit.go.jp/ksj/gml/datalist/KsjTmplt-L03-b.html#L03-b-16,2016,83031-0001,83031,鶴見川,1100,河川地及び湖沼,136,1.425965
nlni_l03b_landuse_by_watershed,https://nlftp.mlit.go.jp/ksj/gml/datalist/KsjTmplt-L03-b.html#L03-b-16,2016,83031-0001,83031,鶴見川,1500,海水域,1,0.010489
nlni_l03b_landuse_by_watershed,https://nlftp.mlit.go.jp/ksj/gml/datalist/KsjTmplt-L03-b.html#L03-b-16,2016,83031-0002,83031,鶴見川,0200,その他の農用地,12,0.125795
nlni_l03b_landuse_by_watershed,https://nlftp.mlit.go.jp/ksj/gml/datalist/KsjTmplt-L03-b.html#L03-b-16,2016,83031-0002,83031,鶴見川,0500,森林,42,0.440238
nlni_l03b_landuse_by_watershed,https://nlftp.mlit.go.jp/ksj/gml/datalist/KsjTmplt-L03-b.html#L03-b-16,2016,83031-0002,83031,鶴見川,0700,建物用地,738,7.735353
nlni_l03b_landuse_by_watershed,https://nlftp.mlit.go.jp/ksj/gml/datalist/KsjTmplt-L03-b.html#L03-b-16,2016,83031-0002,83031,鶴見川,0901,道路,12,0.125781
nlni_l03b_landuse_by_watershed,https://nlftp.mlit.go.jp/ksj/gml/datalist/KsjTmplt-L03-b.html#L03-b-16,2016,83031-0002,83031,鶴見川,0902,鉄道,13,0.136254
nlni_l03b_landuse_by_watershed,https://nlftp.mlit.go.jp/ksj/gml/datalist/KsjTmplt-L03-b.html#L03-b-16,2016,83031-0002,83031,鶴見川,1000,その他の用地,34,0.356364
nlni_l03b_landuse_by_watershed,https://nlftp.mlit.go.jp/ksj/gml/datalist/KsjTmplt-L03-b.html#L03-b-16,2016,83031-0002,83031,鶴見川,1100,河川地及び湖沼,47,0.492629
nlni_l03b_landuse_by_watershed,https://nlftp.mlit.go.jp/ksj/gml/datalist/KsjTmplt-L03-b.html#L03-b-16,2016,83031-0003,83031,鶴見川,0100,田,2,0.020955
nlni_l03b_landuse_by_watershed,https://nlftp.mlit.go.jp/ksj/gml/datalist/KsjTmplt-L03-b.html#L03-b-16,2016,83031-0003,83031,鶴見川,0200,その他の農用地,50,0.523858
nlni_l03b_landuse_by_watershed,https://nlftp.mlit.go.jp/ksj/gml/datalist/KsjTmplt-L03-b.html#L03-b-16,2016,83031-0003,83031,鶴見川,0500,森林,51,0.534361
nlni_l03b_landuse_by_watershed,https://nlftp.mlit.go.jp/ksj/gml/datalist/KsjTmplt-L03-b.html#L03-b-16,2016,83031-0003,83031,鶴見川,0700,建物用地,1151,12.059031
nlni_l03b_landuse_by_watershed,https://nlftp.mlit.go.jp/ksj/gml/datalist/KsjTmplt-L03-b.html#L03-b-16,2016,83031-0003,83031,鶴見川,0901,道路,39,0.408582
nlni_l03b_landuse_by_watershed,https://nlftp.mlit.go.jp/ksj/gml/datalist/KsjTmplt-L03-b.html#L03-b-16,2016,83031-0003,83031,鶴見川,0902,鉄道,24,0.251435
nlni_l03b_landuse_by_watershed,https://nlftp.mlit.go.jp/ksj/gml/datalist/KsjTmplt-L03-b.html#L03-b-16,2016,83031-0003,83031,鶴見川,1000,その他の用地,59,0.618178
nlni_l03b_landuse_by_watershed,https://nlftp.mlit.go.jp/ksj/gml/datalist/KsjTmplt-L03-b.html#L03-b-16,2016,83031-0003,83031,鶴見川,1100,河川地及び湖沼,18,0.188623
nlni_l03b_landuse_by_watershed,https://nlftp.mlit.go.jp/ksj/gml/datalist/KsjTmplt-L03-b.html#L03-b-16,2016,83031-0004,83031,鶴見川,0200,その他の農用地,41,0.429738
nlni_l03b_landuse_by_watershed,https://nlftp.mlit.go.jp/ksj/gml/datalist/KsjTmplt-L03-b.html#L03-b-16,2016,83031-0004,83031,鶴見川,0500,森林,46,0.482185
nlni_l03b_landuse_by_watershed,https://nlftp.mlit.go.jp/ksj/gml/datalist/KsjTmplt-L03-b.html#L03-b-16,2016,83031-0004,83031,鶴見川,0700,建物用地,651,6.824253
nlni_l03b_landuse_by_watershed,https://nlftp.mlit.go.jp/ksj/gml/datalist/KsjTmplt-L03-b.html#L03-b-16,2016,83031-0004,83031,鶴見川,0901,道路,26,0.272542
nlni_l03b_landuse_by_watershed,https://nlftp.mlit.go.jp/ksj/gml/datalist/KsjTmplt-L03-b.html#L03-b-16,2016,83031-0004,83031,鶴見川,0902,鉄道,27,0.28306
nlni_l03b_landuse_by_watershed,https://nlftp.mlit.go.jp/ksj/gml/datalist/KsjTmplt-L03-b.html#L03-b-16,2016,83031-0004,83031,鶴見川,1000,その他の用地,25,0.262078
nlni_l03b_landuse_by_watershed,https://nlftp.mlit.go.jp/ksj/gml/datalist/KsjTmplt-L03-b.html#L03-b-16,2016,83031-0004,83031,鶴見川,1100,河川地及び湖沼,40,0.4193
nlni_l03b_landuse_by_watershed,https://nlftp.mlit.go.jp/ksj/gml/datalist/KsjTmplt-L03-b.html#L03-b-16,2016,83031-0005,83031,鶴見川,0100,田,2,0.020971
nlni_l03b_landuse_by_watershed,https://nlftp.mlit.go.jp/ksj/gml/datalist/KsjTmplt-L03-b.html#L03-b-16,2016,83031-0005,83031,鶴見川,0200,その他の農用地,209,2.191738
nlni_l03b_landuse_by_watershed,https://nlftp.mlit.go.jp/ksj/gml/datalist/KsjTmplt-L03-b.html#L03-b-16,2016,83031-0005,83031,鶴見川,0500,森林,110,1.153522
nlni_l03b_landuse_by_watershed,https://nlftp.mlit.go.jp/ksj/gml/datalist/KsjTmplt-L03-b.html#L03-b-16,2016,83031-0005,83031,鶴見川,0600,荒地,1,0.010484
nlni_l03b_landuse_by_watershed,https://nlftp.mlit.go.jp/ksj/gml/datalist/KsjTmplt-L03-b.html#L03-b-16,2016,83031-0005,83031,鶴見川,0700,建物用地,638,6.690313
nlni_l03b_landuse_by_watershed,https://nlftp.mlit.go.jp/ksj/gml/datalist/KsjTmplt-L03-b.html#L03-b-16,2016,83031-0005,83031,鶴見川,0901,道路,39,0.408984
nlni_l03b_landuse_by_watershed,https://nlftp.mlit.go.jp/ksj/gml/datalist/KsjTmplt-L03-b.html#L03-b-16,2016,83031-0005,83031,鶴見川,0902,鉄道,38,0.398515
nlni_l03b_landuse_by_watershed,https://nlftp.mlit.go.jp/ksj/gml/datalist/KsjTmplt-L03-b.html#L03-b-16,2016,83031-0005,83031,鶴見川,1000,その他の用地,28,0.293598
nlni_l03b_landuse_by_watershed,https://nlftp.mlit.go.jp/ksj/gml/datalist/KsjTmplt-L03-b.html#L03-b-16,2016,83031-0006,83031,鶴見川,0100,田,3,0.031454
nlni_l03b_landuse_by_watershed,https://nlftp.mlit.go.jp/ksj/gml/datalist/KsjTmplt-L03-b.html#L03-b-16,2016,83031-0006,83031,鶴見川,0200,その他の農用地,14,0.146781
nlni_l03b_landuse_by_watershed,https://nlftp.mlit.go.jp/ksj/gml/datalist/KsjTmplt-L03-b.html#L03-b-16,2016,83031-0006,83031,鶴見川,0500,森林,11,0.115334
nlni_l03b_landuse_by_watershed,https://nlftp.mlit.go.jp/ksj/gml/datalist/KsjTmplt-L03-b.html#L03-b-16,2016,83031-0006,83031,鶴見川,0700,建物用地,54,0.566168
nlni_l03b_landuse_by_watershed,https://nlftp.mlit.go.jp/ksj/gml/datalist/KsjTmplt-L03-b.html#L03-b-16,2016,83031-0006,83031,鶴見川,0901,道路,14,0.14678
nlni_l03b_landuse_by_watershed,https://nlftp.mlit.go.jp/ksj/gml/datalist/KsjTmplt-L03-b.html#L03-b-16,2016,83031-0006,83031,鶴見川,0902,鉄道,2,0.020969
nlni_l03b_landuse_by_watershed,https://nlftp.mlit.go.jp/ksj/gml/datalist/KsjTmplt-L03-b.html#L03-b-16,2016,83031-0006,83031,鶴見川,1000,その他の用地,45,0.471789
nlni_l03b_landuse_by_watershed,https://nlftp.mlit.go.jp/ksj/gml/datalist/KsjTmplt-L03-b.html#L03-b-16,2016,83031-0006,83031,鶴見川,1100,河川地及び湖沼,26,0.272583
nlni_l03b_landuse_by_watershed,https://nlftp.mlit.go.jp/ksj/gml/datalist/KsjTmplt-L03-b.html#L03-b-16,2016,83031-0007,83031,鶴見川,0100,田,8,0.083871
nlni_l03b_landuse_by_watershed,https://nlftp.mlit.go.jp/ksj/gml/datalist/KsjTmplt-L03-b.html#L03-b-16,2016,83031-0007,83031,鶴見川,0200,その他の農用地,63,0.660528
nlni_l03b_landuse_by_watershed,https://nlftp.mlit.go.jp/ksj/gml/datalist/KsjTmplt-L03-b.html#L03-b-16,2016,83031-0007,83031,鶴見川,0500,森林,34,0.356505
nlni_l03b_landuse_by_watershed,https://nlftp.mlit.go.jp/ksj/gml/datalist/KsjTmplt-L03-b.html#L03-b-16,2016,83031-0007,83031,鶴見川,0700,建物用地,615,6.448073
nlni_l03b_landuse_by_watershed,https://nlftp.mlit.go.jp/ksj/gml/datalist/KsjTmplt-L03-b.html#L03-b-16,2016,83031-0007,83031,鶴見川,0901,道路,33,0.34599
nlni_l03b_landuse_by_watershed,https://nlftp.mlit.go.jp/ksj/gml/datalist/KsjTmplt-L03-b.html#L03-b-16,2016,83031-0007,83031,鶴見川,0902,鉄道,14,0.146782
nlni_l03b_landuse_by_watershed,https://nlftp.mlit.go.jp/ksj/gml/datalist/KsjTmplt-L03-b.html#L03-b-16,2016,83031-0007,83031,鶴見川,1000,その他の用地,61,0.639566
nlni_l03b_landuse_by_watershed,https://nlftp.mlit.go.jp/ksj/gml/datalist/KsjTmplt-L03-b.html#L03-b-16,2016,83031-0007,83031,鶴見川,1100,河川地及び湖沼,56,0.587107
nlni_l03b_landuse_by_watershed,https://nlftp.mlit.go.jp/ksj/gml/datalist/KsjTmplt-L03-b.html#L03-b-16,2016,83031-0008,83031,鶴見川,0100,田,1,0.010484
nlni_l03b_landuse_by_watershed,https://nlftp.mlit.go.jp/ksj/gml/datalist/KsjTmplt-L03-b.html#L03-b-16,2016,83031-0008,83031,鶴見川,0200,その他の農用地,70,0.733751
nlni_l03b_landuse_by_watershed,https://nlftp.mlit.go.jp/ksj/gml/datalist/KsjTmplt-L03-b.html#L03-b-16,2016,83031-0008,83031,鶴見川,0500,森林,48,0.503164
nlni_l03b_landuse_by_watershed,https://nlftp.mlit.go.jp/ksj/gml/datalist/KsjTmplt-L03-b.html#L03-b-16,2016,83031-0008,83031,鶴見川,0700,建物用地,285,2.987533
nlni_l03b_landuse_by_watershed,https://nlftp.mlit.go.jp/ksj/gml/datalist/KsjTmplt-L03-b.html#L03-b-16,2016,83031-0008,83031,鶴見川,0901,道路,23,0.241099
nlni_l03b_landuse_by_watershed,https://nlftp.mlit.go.jp/ksj/gml/datalist/KsjTmplt-L03-b.html#L03-b-16,2016,83031-0008,83031,鶴見川,0902,鉄道,1,0.010481
nlni_l03b_landuse_by_watershed,https://nlftp.mlit.go.jp/ksj/gml/datalist/KsjTmplt-L03-b.html#L03-b-16,2016,83031-0008,83031,鶴見川,1000,その他の用地,20,0.209648
nlni_l03b_landuse_by_watershed,https://nlftp.mlit.go.jp/ksj/gml/datalist/KsjTmplt-L03-b.html#L03-b-16,2016,83031-0008,83031,鶴見川,1100,河川地及び湖沼,1,0.010484
nlni_l03b_landuse_by_watershed,https://nlftp.mlit.go.jp/ksj/gml/datalist/KsjTmplt-L03-b.html#L03-b-16,2016,83031-0009,83031,鶴見川,0100,田,3,0.031449
nlni_l03b_landuse_by_watershed,https://nlftp.mlit.go.jp/ksj/gml/datalist/KsjTmplt-L03-b.html#L03-b-16,2016,83031-0009,83031,鶴見川,0200,その他の農用地,140,1.467488
nlni_l03b_landuse_by_watershed,https://nlftp.mlit.go.jp/ksj/gml/datalist/KsjTmplt-L03-b.html#L03-b-16,2016,83031-0009,83031,鶴見川,0500,森林,21,0.220119
nlni_l03b_landuse_by_watershed,https://nlftp.mlit.go.jp/ksj/gml/datalist/KsjTmplt-L03-b.html#L03-b-16,2016,83031-0009,83031,鶴見川,0700,建物用地,188,1.970582
nlni_l03b_landuse_by_watershed,https://nlftp.mlit.go.jp/ksj/gml/datalist/KsjTmplt-L03-b.html#L03-b-16,2016,83031-0009,83031,鶴見川,0901,道路,22,0.230591
nlni_l03b_landuse_by_watershed,https://nlftp.mlit.go.jp/ksj/gml/datalist/KsjTmplt-L03-b.html#L03-b-16,2016,83031-0009,83031,鶴見川,0902,鉄道,5,0.052406
nlni_l03b_landuse_by_watershed,https://nlftp.mlit.go.jp/ksj/gml/datalist/KsjTmplt-L03-b.html#L03-b-16,2016,83031-0009,83031,鶴見川,1000,その他の用地,9,0.094338
nlni_l03b_landuse_by_watershed,https://nlftp.mlit.go.jp/ksj/gml/datalist/KsjTmplt-L03-b.html#L03-b-16,2016,83031-0010,83031,鶴見川,0100,田,123,1.289278
nlni_l03b_landuse_by_watershed,https://nlftp.mlit.go.jp/ksj/gml/datalist/KsjTmplt-L03-b.html#L03-b-16,2016,83031-0010,83031,鶴見川,0200,その他の農用地,155,1.624736
nlni_l03b_landuse_by_watershed,https://nlftp.mlit.go.jp/ksj/gml/datalist/KsjTmplt-L03-b.html#L03-b-16,2016,83031-0010,83031,鶴見川,0500,森林,649,6.802873
nlni_l03b_landuse_by_watershed,https://nlftp.mlit.go.jp/ksj/gml/datalist/KsjTmplt-L03-b.html#L03-b-16,2016,83031-0010,83031,鶴見川,0600,荒地,6,0.062909
nlni_l03b_landuse_by_watershed,https://nlftp.mlit.go.jp/ksj/gml/datalist/KsjTmplt-L03-b.html#L03-b-16,2016,83031-0010,83031,鶴見川,0700,建物用地,3128,32.784003
nlni_l03b_landuse_by_watershed,https://nlftp.mlit.go.jp/ksj/gml/datalist/KsjTmplt-L03-b.html#L03-b-16,2016,83031-0010,83031,鶴見川,0901,道路,76,0.796708
nlni_l03b_landuse_by_watershed,https://nlftp.mlit.go.jp/ksj/gml/datalist/KsjTmplt-L03-b.html#L03-b-16,2016,83031-0010,83031,鶴見川,0902,鉄道,70,0.733693
nlni_l03b_landuse_by_watershed,https://nlftp.mlit.go.jp/ksj/gml/datalist/KsjTmplt-L03-b.html#L03-b-16,2016,83031-0010,83031,鶴見川,1000,その他の用地,253,2.651568
nlni_l03b_landuse_by_watershed,https://nlftp.mlit.go.jp/ksj/gml/datalist/KsjTmplt-L03-b.html#L03-b-16,2016,83031-0010,83031,鶴見川,1100,河川地及び湖沼,37,0.387805
nlni_l03b_landuse_by_watershed,https://nlftp.mlit.go.jp/ksj/gml/datalist/KsjTmplt-L03-b.html#L03-b-16,2016,83031-0011,83031,鶴見川,0100,田,40,0.41924
nlni_l03b_landuse_by_watershed,https://nlftp.mlit.go.jp/ksj/gml/datalist/KsjTmplt-L03-b.html#L03-b-16,2016,83031-0011,83031,鶴見川,0200,その他の農用地,105,1.100495
nlni_l03b_landuse_by_watershed,https://nlftp.mlit.go.jp/ksj/gml/datalist/KsjTmplt-L03-b.html#L03-b-16,2016,83031-0011,83031,鶴見川,0500,森林,43,0.450699
nlni_l03b_landuse_by_watershed,https://nlftp.mlit.go.jp/ksj/gml/datalist/KsjTmplt-L03-b.html#L03-b-16,2016,83031-0011,83031,鶴見川,0700,建物用地,664,6.958972
nlni_l03b_landuse_by_watershed,https://nlftp.mlit.go.jp/ksj/gml/datalist/KsjTmplt-L03-b.html#L03-b-16,2016,83031-0011,83031,鶴見川,0901,道路,43,0.450652
nlni_l03b_landuse_by_watershed,https://nlftp.mlit.go.jp/ksj/gml/datalist/KsjTmplt-L03-b.html#L03-b-16,2016,83031-0011,83031,鶴見川,0902,鉄道,11,0.115294
nlni_l03b_landuse_by_watershed,https://nlftp.mlit.go.jp/ksj/gml/datalist/KsjTmplt-L03-b.html#L03-b-16,2016,83031-0011,83031,鶴見川,1000,その他の用地,32,0.335341
nlni_l03b_landuse_by_watershed,https://nlftp.mlit.go.jp/ksj/gml/datalist/KsjTmplt-L03-b.html#L03-b-16,2016,83031-0011,83031,鶴見川,1100,河川地及び湖沼,24,0.251546
nlni_l03b_landuse_by_watershed,https://nlftp.mlit.go.jp/ksj/gml/datalist/KsjTmplt-L03-b.html#L03-b-16,2016,83031-0012,83031,鶴見川,0100,田,39,0.408613
nlni_l03b_landuse_by_watershed,https://nlftp.mlit.go.jp/ksj/gml/datalist/KsjTmplt-L03-b.html#L03-b-16,2016,83031-0012,83031,鶴見川,0200,その他の農用地,79,0.827703
nlni_l03b_landuse_by_watershed,https://nlftp.mlit.go.jp/ksj/gml/datalist/KsjTmplt-L03-b.html#L03-b-16,2016,83031-0012,83031,鶴見川,0500,森林,241,2.524854
nlni_l03b_landuse_by_watershed,https://nlftp.mlit.go.jp/ksj/gml/datalist/KsjTmplt-L03-b.html#L03-b-16,2016,83031-0012,83031,鶴見川,0600,荒地,2,0.020954
nlni_l03b_landuse_by_watershed,https://nlftp.mlit.go.jp/ksj/gml/datalist/KsjTmplt-L03-b.html#L03-b-16,2016,83031-0012,83031,鶴見川,0700,建物用地,633,6.631589
nlni_l03b_landuse_by_watershed,https://nlftp.mlit.go.jp/ksj/gml/datalist/KsjTmplt-L03-b.html#L03-b-16,2016,83031-0012,83031,鶴見川,0901,道路,13,0.136195
nlni_l03b_landuse_by_watershed,https://nlftp.mlit.go.jp/ksj/gml/datalist/KsjTmplt-L03-b.html#L03-b-16,2016,83031-0012,83031,鶴見川,1000,その他の用地,66,0.691445
nlni_l03b_landuse_by_watershed,https://nlftp.mlit.go.jp/ksj/gml/datalist/KsjTmplt-L03-b.html#L03-b-16,2016,83031-0012,83031,鶴見川,1100,河川地及び湖沼,20,0.209547
nlni_l03b_landuse_by_watershed,https://nlftp.mlit.go.jp/ksj/gml/datalist/KsjTmplt-L03-b.html#L03-b-16,2016,83031-0013,83031,鶴見川,0100,田,1,0.010478
nlni_l03b_landuse_by_watershed,https://nlftp.mlit.go.jp/ksj/gml/datalist/KsjTmplt-L03-b.html#L03-b-16,2016,83031-0013,83031,鶴見川,0200,その他の農用地,11,0.11525
nlni_l03b_landuse_by_watershed,https://nlftp.mlit.go.jp/ksj/gml/datalist/KsjTmplt-L03-b.html#L03-b-16,2016,83031-0013,83031,鶴見川,0500,森林,55,0.576146
nlni_l03b_landuse_by_watershed,https://nlftp.mlit.go.jp/ksj/gml/datalist/KsjTmplt-L03-b.html#L03-b-16,2016,83031-0013,83031,鶴見川,0700,建物用地,192,2.011354
nlni_l03b_landuse_by_watershed,https://nlftp.mlit.go.jp/ksj/gml/datalist/KsjTmplt-L03-b.html#L03-b-16,2016,83031-0013,83031,鶴見川,0901,道路,4,0.041905
nlni_l03b_landuse_by_watershed,https://nlftp.mlit.go.jp/ksj/gml/datalist/KsjTmplt-L03-b.html#L03-b-16,2016,83031-0013,83031,鶴見川,1000,その他の用地,20,0.209509
nlni_l03b_landuse_by_watershed,https://nlftp.mlit.go.jp/ksj/gml/datalist/KsjTmplt-L03-b.html#L03-b-16,2016,83031-0014,83031,鶴見川,0500,森林,1,0.010475
nlni_l03b_landuse_by_watershed,https://nlftp.mlit.go.jp/ksj/gml/datalist/KsjTmplt-L03-b.html#L03-b-16,2016,83031-0014,83031,鶴見川,0700,建物用地,17,0.178083
nlni_l03b_landuse_by_watershed,https://nlftp.mlit.go.jp/ksj/gml/datalist/KsjTmplt-L03-b.html#L03-b-16,2016,83031-0014,83031,鶴見川,1100,河川地及び湖沼,1,0.010476
nlni_l03b_landuse_by_watershed,https://nlftp.mlit.go.jp/ksj/gml/datalist/KsjTmplt-L03-b.html#L03-b-16,2016,83031-0015,83031,鶴見川,0100,田,48,0.502719
nlni_l03b_landuse_by_watershed,https://nlftp.mlit.go.jp/ksj/gml/datalist/KsjTmplt-L03-b.html#L03-b-16,2016,83031-0015,83031,鶴見川,0200,その他の農用地,214,2.241392
nlni_l03b_landuse_by_watershed,https://nlftp.mlit.go.jp/ksj/gml/datalist/KsjTmplt-L03-b.html#L03-b-16,2016,83031-0015,83031,鶴見川,0500,森林,783,8.200922
nlni_l03b_landuse_by_watershed,https://nlftp.mlit.go.jp/ksj/gml/datalist/KsjTmplt-L03-b.html#L03-b-16,2016,83031-0015,83031,鶴見川,0600,荒地,24,0.251371
nlni_l03b_landuse_by_watershed,https://nlftp.mlit.go.jp/ksj/gml/datalist/KsjTmplt-L03-b.html#L03-b-16,2016,83031-0015,83031,鶴見川,0700,建物用地,1353,14.172602
nlni_l03b_landuse_by_watershed,https://nlftp.mlit.go.jp/ksj/gml/datalist/KsjTmplt-L03-b.html#L03-b-16,2016,83031-0015,83031,鶴見川,0901,道路,25,0.261832
nlni_l03b_landuse_by_watershed,https://nlftp.mlit.go.jp/ksj/gml/datalist/KsjTmplt-L03-b.html#L03-b-16,2016,83031-0015,83031,鶴見川,0902,鉄道,6,0.062855
nlni_l03b_landuse_by_watershed,https://nlftp.mlit.go.jp/ksj/gml/datalist/KsjTmplt-L03-b.html#L03-b-16,2016,83031-0015,83031,鶴見川,1000,その他の用地,150,1.571141
nlni_l03b_landuse_by_watershed,https://nlftp.mlit.go.jp/ksj/gml/datalist/KsjTmplt-L03-b.html#L03-b-16,2016,83031-0015,83031,鶴見川,1100,河川地及び湖沼,23,0.240926
nlni_l03b_landuse_by_watershed,https://nlftp.mlit.go.jp/ksj/gml/datalist/KsjTmplt-L03-b.html#L03-b-16,2016,83031-0015,83031,鶴見川,1600,ゴルフ場,26,0.272281
nlni_l03b_landuse_by_watershed,https://nlftp.mlit.go.jp/ksj/gml/datalist/KsjTmplt-L03-b.html#L03-b-16,2016,83031-0016,83031,鶴見川,0100,田,7,0.073312
nlni_l03b_landuse_by_watershed,https://nlftp.mlit.go.jp/ksj/gml/datalist/KsjTmplt-L03-b.html#L03-b-16,2016,83031-0016,83031,鶴見川,0200,その他の農用地,7,0.073311
nlni_l03b_landuse_by_watershed,https://nlftp.mlit.go.jp/ksj/gml/datalist/KsjTmplt-L03-b.html#L03-b-16,2016,83031-0016,83031,鶴見川,0500,森林,53,0.555067
nlni_l03b_landuse_by_watershed,https://nlftp.mlit.go.jp/ksj/gml/datalist/KsjTmplt-L03-b.html#L03-b-16,2016,83031-0016,83031,鶴見川,0700,建物用地,333,3.487786
nlni_l03b_landuse_by_watershed,https://nlftp.mlit.go.jp/ksj/gml/datalist/KsjTmplt-L03-b.html#L03-b-16,2016,83031-0016,83031,鶴見川,0902,鉄道,4,0.0419
nlni_l03b_landuse_by_watershed,https://nlftp.mlit.go.jp/ksj/gml/datalist/KsjTmplt-L03-b.html#L03-b-16,2016,83031-0016,83031,鶴見川,1000,その他の用地,45,0.471304
nlni_l03b_landuse_by_watershed,https://nlftp.mlit.go.jp/ksj/gml/datalist/KsjTmplt-L03-b.html#L03-b-16,2016,83031-0016,83031,鶴見川,1100,河川地及び湖沼,2,0.020947
nlni_l03b_landuse_by_watershed,https://nlftp.mlit.go.jp/ksj/gml/datalist/KsjTmplt-L03-b.html#L03-b-16,2016,83031-0017,83031,鶴見川,0100,田,3,0.031418
nlni_l03b_landuse_by_watershed,https://nlftp.mlit.go.jp/ksj/gml/datalist/KsjTmplt-L03-b.html#L03-b-16,2016,83031-0017,83031,鶴見川,0200,その他の農用地,36,0.377023
nlni_l03b_landuse_by_watershed,https://nlftp.mlit.go.jp/ksj/gml/datalist/KsjTmplt-L03-b.html#L03-b-16,2016,83031-0017,83031,鶴見川,0500,森林,112,1.17289
nlni_l03b_landuse_by_watershed,https://nlftp.mlit.go.jp/ksj/gml/datalist/KsjTmplt-L03-b.html#L03-b-16,2016,83031-0017,83031,鶴見川,0700,建物用地,726,7.603071
nlni_l03b_landuse_by_watershed,https://nlftp.mlit.go.jp/ksj/gml/datalist/KsjTmplt-L03-b.html#L03-b-16,2016,83031-0017,83031,鶴見川,0901,道路,3,0.031418
nlni_l03b_landuse_by_watershed,https://nlftp.mlit.go.jp/ksj/gml/datalist/KsjTmplt-L03-b.html#L03-b-16,2016,83031-0017,83031,鶴見川,0902,鉄道,20,0.209457
nlni_l03b_landuse_by_watershed,https://nlftp.mlit.go.jp/ksj/gml/datalist/KsjTmplt-L03-b.html#L03-b-16,2016,83031-0017,83031,鶴見川,1000,その他の用地,72,0.754013
nlni_l03b_landuse_by_watershed,https://nlftp.mlit.go.jp/ksj/gml/datalist/KsjTmplt-L03-b.html#L03-b-16,2016,83031-0017,83031,鶴見川,1100,河川地及び湖沼,1,0.010475
nlni_l03b_landuse_by_watershed,https://nlftp.mlit.go.jp/ksj/gml/datalist/KsjTmplt-L03-b.html#L03-b-16,2016,83031-0017,83031,鶴見川,1600,ゴルフ場,29,0.303649
nlni_l03b_landuse_by_watershed,https://nlftp.mlit.go.jp/ksj/gml/datalist/KsjTmplt-L03-b.html#L03-b-16,2016,83031-0018,83031,鶴見川,0200,その他の農用地,61,0.63924
nlni_l03b_landuse_by_watershed,https://nlftp.mlit.go.jp/ksj/gml/datalist/KsjTmplt-L03-b.html#L03-b-16,2016,83031-0018,83031,鶴見川,0500,森林,71,0.744028
nlni_l03b_landuse_by_watershed,https://nlftp.mlit.go.jp/ksj/gml/datalist/KsjTmplt-L03-b.html#L03-b-16,2016,83031-0018,83031,鶴見川,0700,建物用地,715,7.492332
nlni_l03b_landuse_by_watershed,https://nlftp.mlit.go.jp/ksj/gml/datalist/KsjTmplt-L03-b.html#L03-b-16,2016,83031-0018,83031,鶴見川,0901,道路,59,0.618257
nlni_l03b_landuse_by_watershed,https://nlftp.mlit.go.jp/ksj/gml/datalist/KsjTmplt-L03-b.html#L03-b-16,2016,83031-0018,83031,鶴見川,0902,鉄道,1,0.010479
nlni_l03b_landuse_by_watershed,https://nlftp.mlit.go.jp/ksj/gml/datalist/KsjTmplt-L03-b.html#L03-b-16,2016,83031-0018,83031,鶴見川,1000,その他の用地,50,0.523922
nlni_l03b_landuse_by_watershed,https://nlftp.mlit.go.jp/ksj/gml/datalist/KsjTmplt-L03-b.html#L03-b-16,2016,83031-0018,83031,鶴見川,1100,河川地及び湖沼,12,0.125759
nlni_l03b_landuse_by_watershed,https://nlftp.mlit.go.jp/ksj/gml/datalist/KsjTmplt-L03-b.html#L03-b-16,2016,83031-0019,83031,鶴見川,0100,田,7,0.073351
nlni_l03b_landuse_by_watershed,https://nlftp.mlit.go.jp/ksj/gml/datalist/KsjTmplt-L03-b.html#L03-b-16,2016,83031-0019,83031,鶴見川,0200,その他の農用地,60,0.628667
nlni_l03b_landuse_by_watershed,https://nlftp.mlit.go.jp/ksj/gml/datalist/KsjTmplt-L03-b.html#L03-b-16,2016,83031-0019,83031,鶴見川,0500,森林,130,1.36221
nlni_l03b_landuse_by_watershed,https://nlftp.mlit.go.jp/ksj/gml/datalist/KsjTmplt-L03-b.html#L03-b-16,2016,83031-0019,83031,鶴見川,0600,荒地,1,0.010477
nlni_l03b_landuse_by_watershed,https://nlftp.mlit.go.jp/ksj/gml/datalist/KsjTmplt-L03-b.html#L03-b-16,2016,83031-0019,83031,鶴見川,0700,建物用地,1359,14.239322
nlni_l03b_landuse_by_watershed,https://nlftp.mlit.go.jp/ksj/gml/datalist/KsjTmplt-L03-b.html#L03-b-16,2016,83031-0019,83031,鶴見川,0901,道路,80,0.838302
nlni_l03b_landuse_by_watershed,https://nlftp.mlit.go.jp/ksj/gml/datalist/KsjTmplt-L03-b.html#L03-b-16,2016,83031-0019,83031,鶴見川,0902,鉄道,19,0.199084
nlni_l03b_landuse_by_watershed,https://nlftp.mlit.go.jp/ksj/gml/datalist/KsjTmplt-L03-b.html#L03-b-16,2016,83031-0019,83031,鶴見川,1000,その他の用地,93,0.974424
nlni_l03b_landuse_by_watershed,https://nlftp.mlit.go.jp/ksj/gml/datalist/KsjTmplt-L03-b.html#L03-b-16,2016,83031-0019,83031,鶴見川,1100,河川地及び湖沼,7,0.073351
nlni_l03b_landuse_by_watershed,https://nlftp.mlit.go.jp/ksj/gml/datalist/KsjTmplt-L03-b.html#L03-b-16,2016,83031-0020,83031,鶴見川,0200,その他の農用地,35,0.366696
nlni_l03b_landuse_by_watershed,https://nlftp.mlit.go.jp/ksj/gml/datalist/KsjTmplt-L03-b.html#L03-b-16,2016,83031-0020,83031,鶴見川,0500,森林,19,0.199065
nlni_l03b_landuse_by_watershed,https://nlftp.mlit.go.jp/ksj/gml/datalist/KsjTmplt-L03-b.html#L03-b-16,2016,83031-0020,83031,鶴見川,0700,建物用地,401,4.201202
nlni_l03b_landuse_by_watershed,https://nlftp.mlit.go.jp/ksj/gml/datalist/KsjTmplt-L03-b.html#L03-b-16,2016,83031-0020,83031,鶴見川,0901,道路,17,0.178106
nlni_l03b_landuse_by_watershed,https://nlftp.mlit.go.jp/ksj/gml/datalist/KsjTmplt-L03-b.html#L03-b-16,2016,83031-0020,83031,鶴見川,1000,その他の用地,14,0.14668
nlni_l03b_landuse_by_watershed,https://nlftp.mlit.go.jp/ksj/gml/datalist/KsjTmplt-L03-b.html#L03-b-16,2016,83031-0021,83031,鶴見川,0200,その他の農用地,12,0.125706
nlni_l03b_landuse_by_watershed,https://nlftp.mlit.go.jp/ksj/gml/datalist/KsjTmplt-L03-b.html#L03-b-16,2016,83031-0021,83031,鶴見川,0500,森林,26,0.272358
nlni_l03b_landuse_by_watershed,https://nlftp.mlit.go.jp/ksj/gml/datalist/KsjTmplt-L03-b.html#L03-b-16,2016,83031-0021,83031,鶴見川,0700,建物用地,760,7.961024
nlni_l03b_landuse_by_watershed,https://nlftp.mlit.go.jp/ksj/gml/datalist/KsjTmplt-L03-b.html#L03-b-16,2016,83031-0021,83031,鶴見川,0901,道路,43,0.450436
nlni_l03b_landuse_by_watershed,https://nlftp.mlit.go.jp/ksj/gml/datalist/KsjTmplt-L03-b.html#L03-b-16,2016,83031-0021,83031,鶴見川,0902,鉄道,37,0.387588
nlni_l03b_landuse_by_watershed,https://nlftp.mlit.go.jp/ksj/gml/datalist/KsjTmplt-L03-b.html#L03-b-16,2016,83031-0021,83031,鶴見川,1000,その他の用地,33,0.345676
nlni_l03b_landuse_by_watershed,https://nlftp.mlit.go.jp/ksj/gml/datalist/KsjTmplt-L03-b.html#L03-b-16,2016,83031-0021,83031,鶴見川,1100,河川地及び湖沼,5,0.052382
nlni_l03b_landuse_by_watershed,https://nlftp.mlit.go.jp/ksj/gml/datalist/KsjTmplt-L03-b.html#L03-b-16,2016,83032-0001,83032,相模川,0200,その他の農用地,31,0.325758
nlni_l03b_landuse_by_watershed,https://nlftp.mlit.go.jp/ksj/gml/datalist/KsjTmplt-L03-b.html#L03-b-16,2016,83032-0001,83032,相模川,0500,森林,15,0.157639
nlni_l03b_landuse_by_watershed,https://nlftp.mlit.go.jp/ksj/gml/datalist/KsjTmplt-L03-b.html#L03-b-16,2016,83032-0001,83032,相模川,0700,建物用地,316,3.320522
nlni_l03b_landuse_by_watershed,https://nlftp.mlit.go.jp/ksj/gml/datalist/KsjTmplt-L03-b.html#L03-b-16,2016,83032-0001,83032,相模川,0901,道路,17,0.178642
nlni_l03b_landuse_by_watershed,https://nlftp.mlit.go.jp/ksj/gml/datalist/KsjTmplt-L03-b.html#L03-b-16,2016,83032-0001,83032,相模川,0902,鉄道,15,0.157612
nlni_l03b_landuse_by_watershed,https://nlftp.mlit.go.jp/ksj/gml/datalist/KsjTmplt-L03-b.html#L03-b-16,2016,83032-0001,83032,相模川,1000,その他の用地,26,0.273222
nlni_l03b_landuse_by_watershed,https://nlftp.mlit.go.jp/ksj/gml/datalist/KsjTmplt-L03-b.html#L03-b-16,2016,83032-0001,83032,相模川,1100,河川地及び湖沼,21,0.220692
nlni_l03b_landuse_by_watershed,https://nlftp.mlit.go.jp/ksj/gml/datalist/KsjTmplt-L03-b.html#L03-b-16,2016,83032-0001,83032,相模川,1400,海浜,6,0.063056
nlni_l03b_landuse_by_watershed,https://nlftp.mlit.go.jp/ksj/gml/datalist/KsjTmplt-L03-b.html#L03-b-16,2016,83032-0001,83032,相模川,1600,ゴルフ場,22,0.231187
nlni_l03b_landuse_by_watershed,https://nlftp.mlit.go.jp/ksj/gml/datalist/KsjTmplt-L03-b.html#L03-b-16,2016,83032-0002,83032,相模川,0100,田,16,0.168083
nlni_l03b_landuse_by_watershed,https://nlftp.mlit.go.jp/ksj/gml/datalist/KsjTmplt-L03-b.html#L03-b-16,2016,83032-0002,83032,相模川,0200,その他の農用地,31,0.32566
nlni_l03b_landuse_by_watershed,https://nlftp.mlit.go.jp/ksj/gml/datalist/KsjTmplt-L03-b.html#L03-b-16,2016,83032-0002,83032,相模川,0500,森林,31,0.325649
nlni_l03b_landuse_by_watershed,https://nlftp.mlit.go.jp/ksj/gml/datalist/KsjTmplt-L03-b.html#L03-b-16,2016,83032-0002,83032,相模川,0700,建物用地,625,6.56632
nlni_l03b_landuse_by_watershed,https://nlftp.mlit.go.jp/ksj/gml/datalist/KsjTmplt-L03-b.html#L03-b-16,2016,83032-0002,83032,相模川,0901,道路,13,0.136575
nlni_l03b_landuse_by_watershed,https://nlftp.mlit.go.jp/ksj/gml/datalist/KsjTmplt-L03-b.html#L03-b-16,2016,83032-0002,83032,相模川,0902,鉄道,5,0.052532
nlni_l03b_landuse_by_watershed,https://nlftp.mlit.go.jp/ksj/gml/datalist/KsjTmplt-L03-b.html#L03-b-16,2016,83032-0002,83032,相模川,1000,その他の用地,31,0.325688
nlni_l03b_landuse_by_watershed,https://nlftp.mlit.go.jp/ksj/gml/datalist/KsjTmplt-L03-b.html#L03-b-16,2016,83032-0002,83032,相模川,1600,ゴルフ場,11,0.115552
nlni_l03b_landuse_by_watershed,https://nlftp.mlit.go.jp/ksj/gml/datalist/KsjTmplt-L03-b.html#L03-b-16,2016,83032-0004,83032,相模川,0100,田,194,2.037444
nlni_l03b_landuse_by_watershed,https://nlftp.mlit.go.jp/ksj/gml/datalist/KsjTmplt-L03-b.html#L03-b-16,2016,83032-0004,83032,相模川,0200,その他の農用地,520,5.46079
nlni_l03b_landuse_by_watershed,https://nlftp.mlit.go.jp/ksj/gml/datalist/KsjTmplt-L03-b.html#L03-b-16,2016,83032-0004,83032,相模川,0500,森林,282,2.961545
nlni_l03b_landuse_by_watershed,https://nlftp.mlit.go.jp/ksj/gml/datalist/KsjTmplt-L03-b.html#L03-b-16,2016,83032-0004,83032,相模川,0600,荒地,14,0.147028
nlni_l03b_landuse_by_watershed,https://nlftp.mlit.go.jp/ksj/gml/datalist/KsjTmplt-L03-b.html#L03-b-16,2016,83032-0004,83032,相模川,0700,建物用地,1044,10.965401
nlni_l03b_landuse_by_watershed,https://nlftp.mlit.go.jp/ksj/gml/datalist/KsjTmplt-L03-b.html#L03-b-16,2016,83032-0004,83032,相模川,0901,道路,41,0.430641
nlni_l03b_landuse_by_watershed,https://nlftp.mlit.go.jp/ksj/gml/datalist/KsjTmplt-L03-b.html#L03-b-16,2016,83032-0004,83032,相模川,0902,鉄道,4,0.042017
nlni_l03b_landuse_by_watershed,https://nlftp.mlit.go.jp/ksj/gml/datalist/KsjTmplt-L03-b.html#L03-b-16,2016,83032-0004,83032,相模川,1000,その他の用地,116,1.218236
nlni_l03b_landuse_by_watershed,https://nlftp.mlit.go.jp/ksj/gml/datalist/KsjTmplt-L03-b.html#L03-b-16,2016,83032-0004,83032,相模川,1100,河川地及び湖沼,15,0.157583
nlni_l03b_landuse_by_watershed,https://nlftp.mlit.go.jp/ksj/gml/datalist/KsjTmplt-L03-b.html#L03-b-16,2016,83032-0004,83032,相模川,1600,ゴルフ場,65,0.682765
nlni_l03b_landuse_by_watershed,https://nlftp.mlit.go.jp/ksj/gml/datalist/KsjTmplt-L03-b.html#L03-b-16,2016,83032-0005,83032,相模川,0100,田,11,0.115544
nlni_l03b_landuse_by_watershed,https://nlftp.mlit.go.jp/ksj/gml/datalist/KsjTmplt-L03-b.html#L03-b-16,2016,83032-0005,83032,相模川,0200,その他の農用地,34,0.3572
nlni_l03b_landuse_by_watershed,https://nlftp.mlit.go.jp/ksj/gml/datalist/KsjTmplt-L03-b.html#L03-b-16,2016,83032-0005,83032,相模川,0500,森林,5,0.052535
nlni_l03b_landuse_by_watershed,https://nlftp.mlit.go.jp/ksj/gml/datalist/KsjTmplt-L03-b.html#L03-b-16,2016,83032-0005,83032,相模川,0700,建物用地,836,8.783079
nlni_l03b_landuse_by_watershed,https://nlftp.mlit.go.jp/ksj/gml/datalist/KsjTmplt-L03-b.html#L03-b-16,2016,83032-0005,83032,相模川,0901,道路,39,0.409764
nlni_l03b_landuse_by_watershed,https://nlftp.mlit.go.jp/ksj/gml/datalist/KsjTmplt-L03-b.html#L03-b-16,2016,83032-0005,83032,相模川,0902,鉄道,19,0.199646
nlni_l03b_landuse_by_watershed,https://nlftp.mlit.go.jp/ksj/gml/datalist/KsjTmplt-L03-b.html#L03-b-16,2016,83032-0005,83032,相模川,1000,その他の用地,78,0.81948
nlni_l03b_landuse_by_watershed,https://nlftp.mlit.go.jp/ksj/gml/datalist/KsjTmplt-L03-b.html#L03-b-16,2016,83032-0005,83032,相模川,1100,河川地及び湖沼,225,2.363908
nlni_l03b_landuse_by_watershed,https://nlftp.mlit.go.jp/ksj/gml/datalist/KsjTmplt-L03-b.html#L03-b-16,2016,83032-0005,83032,相模川,1600,ゴルフ場,17,0.178637
nlni_l03b_landuse_by_watershed,https://nlftp.mlit.go.jp/ksj/gml/datalist/KsjTmplt-L03-b.html#L03-b-16,2016,83032-0006,83032,相模川,0100,田,37,0.388533
nlni_l03b_landuse_by_watershed,https://nlftp.mlit.go.jp/ksj/gml/datalist/KsjTmplt-L03-b.html#L03-b-16,2016,83032-0006,83032,相模川,0200,その他の農用地,54,0.567048
nlni_l03b_landuse_by_watershed,https://nlftp.mlit.go.jp/ksj/gml/datalist/KsjTmplt-L03-b.html#L03-b-16,2016,83032-0006,83032,相模川,0500,森林,5,0.052509
nlni_l03b_landuse_by_watershed,https://nlftp.mlit.go.jp/ksj/gml/datalist/KsjTmplt-L03-b.html#L03-b-16,2016,83032-0006,83032,相模川,0700,建物用地,334,3.507612
nlni_l03b_landuse_by_watershed,https://nlftp.mlit.go.jp/ksj/gml/datalist/KsjTmplt-L03-b.html#L03-b-16,2016,83032-0006,83032,相模川,0901,道路,8,0.084023
nlni_l03b_landuse_by_watershed,https://nlftp.mlit.go.jp/ksj/gml/datalist/KsjTmplt-L03-b.html#L03-b-16,2016,83032-0006,83032,相模川,0902,鉄道,11,0.115526
nlni_l03b_landuse_by_watershed,https://nlftp.mlit.go.jp/ksj/gml/datalist/KsjTmplt-L03-b.html#L03-b-16,2016,83032-0006,83032,相模川,1000,その他の用地,41,0.430565
nlni_l03b_landuse_by_watershed,https://nlftp.mlit.go.jp/ksj/gml/datalist/KsjTmplt-L03-b.html#L03-b-16,2016,83032-0006,83032,相模川,1100,河川地及び湖沼,29,0.304569
nlni_l03b_landuse_by_watershed,https://nlftp.mlit.go.jp/ksj/gml/datalist/KsjTmplt-L03-b.html#L03-b-16,2016,83032-0007,83032,相模川,0100,田,199,2.088992
nlni_l03b_landuse_by_watershed,https://nlftp.mlit.go.jp/ksj/gml/datalist/KsjTmplt-L03-b.html#L03-b-16,2016,83032-0007,83032,相模川,0200,その他の農用地,75,0.787303
nlni_l03b_landuse_by_watershed,https://nlftp.mlit.go.jp/ksj/gml/datalist/KsjTmplt-L03-b.html#L03-b-16,2016,83032-0007,83032,相模川,0500,森林,14,0.146931
nlni_l03b_landuse_by_watershed,https://nlftp.mlit.go.jp/ksj/gml/datalist/KsjTmplt-L03-b.html#L03-b-16,2016,83032-0007,83032,相模川,0700,建物用地,737,7.737131
nlni_l03b_landuse_by_watershed,https://nlftp.mlit.go.jp/ksj/gml/datalist/KsjTmplt-L03-b.html#L03-b-16,2016,83032-0007,83032,相模川,0901,道路,56,0.587836
nlni_l03b_landuse_by_watershed,https://nlftp.mlit.go.jp/ksj/gml/datalist/KsjTmplt-L03-b.html#L03-b-16,2016,83032-0007,83032,相模川,0902,鉄道,17,0.178493
nlni_l03b_landuse_by_watershed,https://nlftp.mlit.go.jp/ksj/gml/datalist/KsjTmplt-L03-b.html#L03-b-16,2016,83032-0007,83032,相模川,1000,その他の用地,74,0.776873
nlni_l03b_landuse_by_watershed,https://nlftp.mlit.go.jp/ksj/gml/datalist/KsjTmplt-L03-b.html#L03-b-16,2016,83032-0007,83032,相模川,1100,河川地及び湖沼,253,2.65661
nlni_l03b_landuse_by_watershed,https://nlftp.mlit.go.jp/ksj/gml/datalist/KsjTmplt-L03-b.html#L03-b-16,2016,83032-0008,83032,相模川,0100,田,129,1.354179
nlni_l03b_landuse_by_watershed,https://nlftp.mlit.go.jp/ksj/gml/datalist/KsjTmplt-L03-b.html#L03-b-16,2016,83032-0008,83032,相模川,0200,その他の農用地,417,4.375456
nlni_l03b_landuse_by_watershed,https://nlftp.mlit.go.jp/ksj/gml/datalist/KsjTmplt-L03-b.html#L03-b-16,2016,83032-0008,83032,相模川,0500,森林,222,2.328966
nlni_l03b_landuse_by_watershed,https://nlftp.mlit.go.jp/ksj/gml/datalist/KsjTmplt-L03-b.html#L03-b-16,2016,83032-0008,83032,相模川,0600,荒地,13,0.136435
nlni_l03b_landuse_by_watershed,https://nlftp.mlit.go.jp/ksj/gml/datalist/KsjTmplt-L03-b.html#L03-b-16,2016,83032-0008,83032,相模川,0700,建物用地,2176,22.823777
nlni_l03b_landuse_by_watershed,https://nlftp.mlit.go.jp/ksj/gml/datalist/KsjTmplt-L03-b.html#L03-b-16,2016,83032-0008,83032,相模川,0901,道路,21,0.220299
nlni_l03b_landuse_by_watershed,https://nlftp.mlit.go.jp/ksj/gml/datalist/KsjTmplt-L03-b.html#L03-b-16,2016,83032-0008,83032,相模川,0902,鉄道,32,0.335707
nlni_l03b_landuse_by_watershed,https://nlftp.mlit.go.jp/ksj/gml/datalist/KsjTmplt-L03-b.html#L03-b-16,2016,83032-0008,83032,相模川,1000,その他の用地,251,2.63304
nlni_l03b_landuse_by_watershed,https://nlftp.mlit.go.jp/ksj/gml/datalist/KsjTmplt-L03-b.html#L03-b-16,2016,83032-0008,83032,相模川,1100,河川地及び湖沼,17,0.178428
nlni_l03b_landuse_by_watershed,https://nlftp.mlit.go.jp/ksj/gml/datalist/KsjTmplt-L03-b.html#L03-b-16,2016,83032-0008,83032,相模川,1600,ゴルフ場,104,1.090113
nlni_l03b_landuse_by_watershed,https://nlftp.mlit.go.jp/ksj/gml/datalist/KsjTmplt-L03-b.html#L03-b-16,2016,83032-0009,83032,相模川,0100,田,24,0.25192
nlni_l03b_landuse_by_watershed,https://nlftp.mlit.go.jp/ksj/gml/datalist/KsjTmplt-L03-b.html#L03-b-16,2016,83032-0009,83032,相模川,0200,その他の農用地,5,0.052483
nlni_l03b_landuse_by_watershed,https://nlftp.mlit.go.jp/ksj/gml/datalist/KsjTmplt-L03-b.html#L03-b-16,2016,83032-0009,83032,相模川,0700,建物用地,91,0.955187
nlni_l03b_landuse_by_watershed,https://nlftp.mlit.go.jp/ksj/gml/datalist/KsjTmplt-L03-b.html#L03-b-16,2016,83032-0009,83032,相模川,0901,道路,18,0.18893
nlni_l03b_landuse_by_watershed,https://nlftp.mlit.go.jp/ksj/gml/datalist/KsjTmplt-L03-b.html#L03-b-16,2016,83032-0009,83032,相模川,1000,その他の用地,3,0.031488
nlni_l03b_landuse_by_watershed,https://nlftp.mlit.go.jp/ksj/gml/datalist/KsjTmplt-L03-b.html#L03-b-16,2016,83032-0009,83032,相模川,1100,河川地及び湖沼,13,0.136462
nlni_l03b_landuse_by_watershed,https://nlftp.mlit.go.jp/ksj/gml/datalist/KsjTmplt-L03-b.html#L03-b-16,2016,83032-0010,83032,相模川,0100,田,107,1.122811
nlni_l03b_landuse_by_watershed,https://nlftp.mlit.go.jp/ksj/gml/datalist/KsjTmplt-L03-b.html#L03-b-16,2016,83032-0010,83032,相模川,0200,その他の農用地,46,0.482727
nlni_l03b_landuse_by_watershed,https://nlftp.mlit.go.jp/ksj/gml/datalist/KsjTmplt-L03-b.html#L03-b-16,2016,83032-0010,83032,相模川,0500,森林,1,0.010492
nlni_l03b_landuse_by_watershed,https://nlftp.mlit.go.jp/ksj/gml/datalist/KsjTmplt-L03-b.html#L03-b-16,2016,83032-0010,83032,相模川,0700,建物用地,751,7.880862
nlni_l03b_landuse_by_watershed,https://nlftp.mlit.go.jp/ksj/gml/datalist/KsjTmplt-L03-b.html#L03-b-16,2016,83032-0010,83032,相模川,0901,道路,63,0.66119
nlni_l03b_landuse_by_watershed,https://nlftp.mlit.go.jp/ksj/gml/datalist/KsjTmplt-L03-b.html#L03-b-16,2016,83032-0010,83032,相模川,0902,鉄道,32,0.335765
nlni_l03b_landuse_by_watershed,https://nlftp.mlit.go.jp/ksj/gml/datalist/KsjTmplt-L03-b.html#L03-b-16,2016,83032-0010,83032,相模川,1000,その他の用地,72,0.755529
nlni_l03b_landuse_by_watershed,https://nlftp.mlit.go.jp/ksj/gml/datalist/KsjTmplt-L03-b.html#L03-b-16,2016,83032-0010,83032,相模川,1100,河川地及び湖沼,177,1.857647
nlni_l03b_landuse_by_watershed,https://nlftp.mlit.go.jp/ksj/gml/datalist/KsjTmplt-L03-b.html#L03-b-16,2016,83032-0011,83032,相模川,0100,田,39,0.409306
nlni_l03b_landuse_by_watershed,https://nlftp.mlit.go.jp/ksj/gml/datalist/KsjTmplt-L03-b.html#L03-b-16,2016,83032-0011,83032,相模川,0200,その他の農用地,14,0.146929
nlni_l03b_landuse_by_watershed,https://nlftp.mlit.go.jp/ksj/gml/datalist/KsjTmplt-L03-b.html#L03-b-16,2016,83032-0011,83032,相模川,0500,森林,2,0.020988
nlni_l03b_landuse_by_watershed,https://nlftp.mlit.go.jp/ksj/gml/datalist/KsjTmplt-L03-b.html#L03-b-16,2016,83032-0011,83032,相模川,0700,建物用地,149,1.563717
nlni_l03b_landuse_by_watershed,https://nlftp.mlit.go.jp/ksj/gml/datalist/KsjTmplt-L03-b.html#L03-b-16,2016,83032-0011,83032,相模川,0901,道路,4,0.041977
nlni_l03b_landuse_by_watershed,https://nlftp.mlit.go.jp/ksj/gml/datalist/KsjTmplt-L03-b.html#L03-b-16,2016,83032-0011,83032,相模川,1000,その他の用地,5,0.052472
nlni_l03b_landuse_by_watershed,https://nlftp.mlit.go.jp/ksj/gml/datalist/KsjTmplt-L03-b.html#L03-b-16,2016,83032-0011,83032,相模川,1100,河川地及び湖沼,9,0.094458
nlni_l03b_landuse_by_watershed,https://nlftp.mlit.go.jp/ksj/gml/datalist/KsjTmplt-L03-b.html#L03-b-16,2016,83032-0012,83032,相模川,0100,田,23,0.241374
nlni_l03b_landuse_by_watershed,https://nlftp.mlit.go.jp/ksj/gml/datalist/KsjTmplt-L03-b.html#L03-b-16,2016,83032-0012,83032,相模川,0200,その他の農用地,8,0.083955
nlni_l03b_landuse_by_watershed,https://nlftp.mlit.go.jp/ksj/gml/datalist/KsjTmplt-L03-b.html#L03-b-16,2016,83032-0012,83032,相模川,0500,森林,8,0.083955
nlni_l03b_landuse_by_watershed,https://nlftp.mlit.go.jp/ksj/gml/datalist/KsjTmplt-L03-b.html#L03-b-16,2016,83032-0012,83032,相模川,0700,建物用地,70,0.734629
nlni_l03b_landuse_by_watershed,https://nlftp.mlit.go.jp/ksj/gml/datalist/KsjTmplt-L03-b.html#L03-b-16,2016,83032-0012,83032,相模川,0901,道路,8,0.083962
nlni_l03b_landuse_by_watershed,https://nlftp.mlit.go.jp/ksj/gml/datalist/KsjTmplt-L03-b.html#L03-b-16,2016,83032-0012,83032,相模川,1000,その他の用地,4,0.041981
nlni_l03b_landuse_by_watershed,https://nlftp.mlit.go.jp/ksj/gml/datalist/KsjTmplt-L03-b.html#L03-b-16,2016,83032-0012,83032,相模川,1100,河川地及び湖沼,1,0.010496
nlni_l03b_landuse_by_watershed,https://nlftp.mlit.go.jp/ksj/gml/datalist/KsjTmplt-L03-b.html#L03-b-16,2016,83032-0013,83032,相模川,0100,田,27,0.283349
nlni_l03b_landuse_by_watershed,https://nlftp.mlit.go.jp/ksj/gml/datalist/KsjTmplt-L03-b.html#L03-b-16,2016,83032-0013,83032,相模川,0200,その他の農用地,52,0.545711
nlni_l03b_landuse_by_watershed,https://nlftp.mlit.go.jp/ksj/gml/datalist/KsjTmplt-L03-b.html#L03-b-16,2016,83032-0013,83032,相模川,0500,森林,158,1.658072
nlni_l03b_landuse_by_watershed,https://nlftp.mlit.go.jp/ksj/gml/datalist/KsjTmplt-L03-b.html#L03-b-16,2016,83032-0013,83032,相模川,0600,荒地,12,0.125909
nlni_l03b_landuse_by_watershed,https://nlftp.mlit.go.jp/ksj/gml/datalist/KsjTmplt-L03-b.html#L03-b-16,2016,83032-0013,83032,相模川,0700,建物用地,178,1.867902
nlni_l03b_landuse_by_watershed,https://nlftp.mlit.go.jp/ksj/gml/datalist/KsjTmplt-L03-b.html#L03-b-16,2016,83032-0013,83032,相模川,0901,道路,6,0.062973
nlni_l03b_landuse_by_watershed,https://nlftp.mlit.go.jp/ksj/gml/datalist/KsjTmplt-L03-b.html#L03-b-16,2016,83032-0013,83032,相模川,1000,その他の用地,47,0.493194
nlni_l03b_landuse_by_watershed,https://nlftp.mlit.go.jp/ksj/gml/datalist/KsjTmplt-L03-b.html#L03-b-16,2016,83032-0013,83032,相模川,1100,河川地及び湖沼,10,0.104943
nlni_l03b_landuse_by_watershed,https://nlftp.mlit.go.jp/ksj/gml/datalist/KsjTmplt-L03-b.html#L03-b-16,2016,83032-0014,83032,相模川,0100,田,80,0.83938
nlni_l03b_landuse_by_watershed,https://nlftp.mlit.go.jp/ksj/gml/datalist/KsjTmplt-L03-b.html#L03-b-16,2016,83032-0014,83032,相模川,0200,その他の農用地,48,0.503615
nlni_l03b_landuse_by_watershed,https://nlftp.mlit.go.jp/ksj/gml/datalist/KsjTmplt-L03-b.html#L03-b-16,2016,83032-0014,83032,相模川,0500,森林,300,3.1474
nlni_l03b_landuse_by_watershed,https://nlftp.mlit.go.jp/ksj/gml/datalist/KsjTmplt-L03-b.html#L03-b-16,2016,83032-0014,83032,相模川,0600,荒地,29,0.304242
nlni_l03b_landuse_by_watershed,https://nlftp.mlit.go.jp/ksj/gml/datalist/KsjTmplt-L03-b.html#L03-b-16,2016,83032-0014,83032,相模川,0700,建物用地,440,4.616652
nlni_l03b_landuse_by_watershed,https://nlftp.mlit.go.jp/ksj/gml/datalist/KsjTmplt-L03-b.html#L03-b-16,2016,83032-0014,83032,相模川,0901,道路,1,0.010493
nlni_l03b_landuse_by_watershed,https://nlftp.mlit.go.jp/ksj/gml/datalist/KsjTmplt-L03-b.html#L03-b-16,2016,83032-0014,83032,相模川,1000,その他の用地,48,0.503598
nlni_l03b_landuse_by_watershed,https://nlftp.mlit.go.jp/ksj/gml/datalist/KsjTmplt-L03-b.html#L03-b-16,2016,83032-0015,83032,相模川,0100,田,23,0.241366
nlni_l03b_landuse_by_watershed,https://nlftp.mlit.go.jp/ksj/gml/datalist/KsjTmplt-L03-b.html#L03-b-16,2016,83032-0015,83032,相模川,0200,その他の農用地,48,0.503714
nlni_l03b_landuse_by_watershed,https://nlftp.mlit.go.jp/ksj/gml/datalist/KsjTmplt-L03-b.html#L03-b-16,2016,83032-0015,83032,相模川,0500,森林,519,5.446337
nlni_l03b_landuse_by_watershed,https://nlftp.mlit.go.jp/ksj/gml/datalist/KsjTmplt-L03-b.html#L03-b-16,2016,83032-0015,83032,相模川,0700,建物用地,34,0.356798
nlni_l03b_landuse_by_watershed,https://nlftp.mlit.go.jp/ksj/gml/datalist/KsjTmplt-L03-b.html#L03-b-16,2016,83032-0015,83032,相模川,1000,その他の用地,5,0.052469
nlni_l03b_landuse_by_watershed,https://nlftp.mlit.go.jp/ksj/gml/datalist/KsjTmplt-L03-b.html#L03-b-16,2016,83032-0016,83032,相模川,0100,田,27,0.283294
nlni_l03b_landuse_by_watershed,https://nlftp.mlit.go.jp/ksj/gml/datalist/KsjTmplt-L03-b.html#L03-b-16,2016,83032-0016,83032,相模川,0200,その他の農用地,42,0.440695
nlni_l03b_landuse_by_watershed,https://nlftp.mlit.go.jp/ksj/gml/datalist/KsjTmplt-L03-b.html#L03-b-16,2016,83032-0016,83032,相模川,0500,森林,637,6.683553
nlni_l03b_landuse_by_watershed,https://nlftp.mlit.go.jp/ksj/gml/datalist/KsjTmplt-L03-b.html#L03-b-16,2016,83032-0016,83032,相模川,0600,荒地,14,0.146881
nlni_l03b_landuse_by_watershed,https://nlftp.mlit.go.jp/ksj/gml/datalist/KsjTmplt-L03-b.html#L03-b-16,2016,83032-0016,83032,相模川,0700,建物用地,56,0.587587
nlni_l03b_landuse_by_watershed,https://nlftp.mlit.go.jp/ksj/gml/datalist/KsjTmplt-L03-b.html#L03-b-16,2016,83032-0016,83032,相模川,1000,その他の用地,14,0.146901
nlni_l03b_landuse_by_watershed,https://nlftp.mlit.go.jp/ksj/gml/datalist/KsjTmplt-L03-b.html#L03-b-16,2016,83032-0016,83032,相模川,1600,ゴルフ場,4,0.041963
nlni_l03b_landuse_by_watershed,https://nlftp.mlit.go.jp/ksj/gml/datalist/KsjTmplt-L03-b.html#L03-b-16,2016,83032-0017,83032,相模川,0100,田,13,0.136361
nlni_l03b_landuse_by_watershed,https://nlftp.mlit.go.jp/ksj/gml/datalist/KsjTmplt-L03-b.html#L03-b-16,2016,83032-0017,83032,相模川,0200,その他の農用地,6,0.06294
nlni_l03b_landuse_by_watershed,https://nlftp.mlit.go.jp/ksj/gml/datalist/KsjTmplt-L03-b.html#L03-b-16,2016,83032-0017,83032,相模川,0500,森林,22,0.230809
nlni_l03b_landuse_by_watershed,https://nlftp.mlit.go.jp/ksj/gml/datalist/KsjTmplt-L03-b.html#L03-b-16,2016,83032-0017,83032,相模川,0700,建物用地,487,5.109213
nlni_l03b_landuse_by_watershed,https://nlftp.mlit.go.jp/ksj/gml/datalist/KsjTmplt-L03-b.html#L03-b-16,2016,83032-0017,83032,相模川,0901,道路,13,0.13639
nlni_l03b_landuse_by_watershed,https://nlftp.mlit.go.jp/ksj/gml/datalist/KsjTmplt-L03-b.html#L03-b-16,2016,83032-0017,83032,相模川,1000,その他の用地,16,0.167869
nlni_l03b_landuse_by_watershed,https://nlftp.mlit.go.jp/ksj/gml/datalist/KsjTmplt-L03-b.html#L03-b-16,2016,83032-0017,83032,相模川,1100,河川地及び湖沼,23,0.241315
nlni_l03b_landuse_by_watershed,https://nlftp.mlit.go.jp/ksj/gml/datalist/KsjTmplt-L03-b.html#L03-b-16,2016,83032-0017,83032,相模川,1600,ゴルフ場,29,0.304246
nlni_l03b_landuse_by_watershed,https://nlftp.mlit.go.jp/ksj/gml/datalist/KsjTmplt-L03-b.html#L03-b-16,2016,83032-0018,83032,相模川,0200,その他の農用地,3,0.031476
nlni_l03b_landuse_by_watershed,https://nlftp.mlit.go.jp/ksj/gml/datalist/KsjTmplt-L03-b.html#L03-b-16,2016,83032-0018,83032,相模川,0700,建物用地,20,0.209832
nlni_l03b_landuse_by_watershed,https://nlftp.mlit.go.jp/ksj/gml/datalist/KsjTmplt-L03-b.html#L03-b-16,2016,83032-0018,83032,相模川,0901,道路,4,0.041967
nlni_l03b_landuse_by_watershed,https://nlftp.mlit.go.jp/ksj/gml/datalist/KsjTmplt-L03-b.html#L03-b-16,2016,83032-0018,83032,相模川,1100,河川地及び湖沼,16,0.16787
nlni_l03b_landuse_by_watershed,https://nlftp.mlit.go.jp/ksj/gml/datalist/KsjTmplt-L03-b.html#L03-b-16,2016,83032-0019,83032,相模川,0100,田,71,0.744788
nlni_l03b_landuse_by_watershed,https://nlftp.mlit.go.jp/ksj/gml/datalist/KsjTmplt-L03-b.html#L03-b-16,2016,83032-0019,83032,相模川,0200,その他の農用地,126,1.321638
nlni_l03b_landuse_by_watershed,https://nlftp.mlit.go.jp/ksj/gml/datalist/KsjTmplt-L03-b.html#L03-b-16,2016,83032-0019,83032,相模川,0500,森林,683,7.163836
nlni_l03b_landuse_by_watershed,https://nlftp.mlit.go.jp/ksj/gml/datalist/KsjTmplt-L03-b.html#L03-b-16,2016,83032-0019,83032,相模川,0600,荒地,45,0.471914
nlni_l03b_landuse_by_watershed,https://nlftp.mlit.go.jp/ksj/gml/datalist/KsjTmplt-L03-b.html#L03-b-16,2016,83032-0019,83032,相模川,0700,建物用地,215,2.255253
nlni_l03b_landuse_by_watershed,https://nlftp.mlit.go.jp/ksj/gml/datalist/KsjTmplt-L03-b.html#L03-b-16,2016,83032-0019,83032,相模川,0901,道路,3,0.031472
nlni_l03b_landuse_by_watershed,https://nlftp.mlit.go.jp/ksj/gml/datalist/KsjTmplt-L03-b.html#L03-b-16,2016,83032-0019,83032,相模川,1000,その他の用地,27,0.283208
nlni_l03b_landuse_by_watershed,https://nlftp.mlit.go.jp/ksj/gml/datalist/KsjTmplt-L03-b.html#L03-b-16,2016,83032-0019,83032,相模川,1100,河川地及び湖沼,16,0.16784
nlni_l03b_landuse_by_watershed,https://nlftp.mlit.go.jp/ksj/gml/datalist/KsjTmplt-L03-b.html#L03-b-16,2016,83032-0019,83032,相模川,1600,ゴルフ場,44,0.461567
nlni_l03b_landuse_by_watershed,https://nlftp.mlit.go.jp/ksj/gml/datalist/KsjTmplt-L03-b.html#L03-b-16,2016,83032-0020,83032,相模川,0100,田,80,0.839066
nlni_l03b_landuse_by_watershed,https://nlftp.mlit.go.jp/ksj/gml/datalist/KsjTmplt-L03-b.html#L03-b-16,2016,83032-0020,83032,相模川,0200,その他の農用地,158,1.656827
nlni_l03b_landuse_by_watershed,https://nlftp.mlit.go.jp/ksj/gml/datalist/KsjTmplt-L03-b.html#L03-b-16,2016,83032-0020,83032,相模川,0500,森林,733,7.686118
nlni_l03b_landuse_by_watershed,https://nlftp.mlit.go.jp/ksj/gml/datalist/KsjTmplt-L03-b.html#L03-b-16,2016,83032-0020,83032,相模川,0600,荒地,28,0.293593
nlni_l03b_landuse_by_watershed,https://nlftp.mlit.go.jp/ksj/gml/datalist/KsjTmplt-L03-b.html#L03-b-16,2016,83032-0020,83032,相模川,0700,建物用地,463,4.85552
nlni_l03b_landuse_by_watershed,https://nlftp.mlit.go.jp/ksj/gml/datalist/KsjTmplt-L03-b.html#L03-b-16,2016,83032-0020,83032,相模川,0901,道路,12,0.12586
nlni_l03b_landuse_by_watershed,https://nlftp.mlit.go.jp/ksj/gml/datalist/KsjTmplt-L03-b.html#L03-b-16,2016,83032-0020,83032,相模川,1000,その他の用地,61,0.639761
nlni_l03b_landuse_by_watershed,https://nlftp.mlit.go.jp/ksj/gml/datalist/KsjTmplt-L03-b.html#L03-b-16,2016,83032-0020,83032,相模川,1600,ゴルフ場,220,2.306973
nlni_l03b_landuse_by_watershed,https://nlftp.mlit.go.jp/ksj/gml/datalist/KsjTmplt-L03-b.html#L03-b-16,2016,83032-0021,83032,相模川,0100,田,5,0.052442
nlni_l03b_landuse_by_watershed,https://nlftp.mlit.go.jp/ksj/gml/datalist/KsjTmplt-L03-b.html#L03-b-16,2016,83032-0021,83032,相模川,0200,その他の農用地,1,0.010488
nlni_l03b_landuse_by_watershed,https://nlftp.mlit.go.jp/ksj/gml/datalist/KsjTmplt-L03-b.html#L03-b-16,2016,83032-0021,83032,相模川,0500,森林,825,8.654456
nlni_l03b_landuse_by_watershed,https://nlftp.mlit.go.jp/ksj/gml/datalist/KsjTmplt-L03-b.html#L03-b-16,2016,83032-0021,83032,相模川,0700,建物用地,8,0.083905
nlni_l03b_landuse_by_watershed,https://nlftp.mlit.go.jp/ksj/gml/datalist/KsjTmplt-L03-b.html#L03-b-16,2016,83032-0022,83032,相模川,0200,その他の農用地,13,0.13633
nlni_l03b_landuse_by_watershed,https://nlftp.mlit.go.jp/ksj/gml/datalist/KsjTmplt-L03-b.html#L03-b-16,2016,83032-0022,83032,相模川,0500,森林,549,5.757099
nlni_l03b_landuse_by_watershed,https://nlftp.mlit.go.jp/ksj/gml/datalist/KsjTmplt-L03-b.html#L03-b-16,2016,83032-0022,83032,相模川,0700,建物用地,13,0.136332
nlni_l03b_landuse_by_watershed,https://nlftp.mlit.go.jp/ksj/gml/datalist/KsjTmplt-L03-b.html#L03-b-16,2016,83032-0023,83032,相模川,0100,田,183,1.919177
nlni_l03b_landuse_by_watershed,https://nlftp.mlit.go.jp/ksj/gml/datalist/KsjTmplt-L03-b.html#L03-b-16,2016,83032-0023,83032,相模川,0200,その他の農用地,49,0.513881
nlni_l03b_landuse_by_watershed,https://nlftp.mlit.go.jp/ksj/gml/datalist/KsjTmplt-L03-b.html#L03-b-16,2016,83032-0023,83032,相模川,0500,森林,32,0.335581
nlni_l03b_landuse_by_watershed,https://nlftp.mlit.go.jp/ksj/gml/datalist/KsjTmplt-L03-b.html#L03-b-16,2016,83032-0023,83032,相模川,0700,建物用地,396,4.15289
nlni_l03b_landuse_by_watershed,https://nlftp.mlit.go.jp/ksj/gml/datalist/KsjTmplt-L03-b.html#L03-b-16,2016,83032-0023,83032,相模川,0901,道路,10,0.104893
nlni_l03b_landuse_by_watershed,https://nlftp.mlit.go.jp/ksj/gml/datalist/KsjTmplt-L03-b.html#L03-b-16,2016,83032-0023,83032,相模川,1000,その他の用地,32,0.335599
nlni_l03b_landuse_by_watershed,https://nlftp.mlit.go.jp/ksj/gml/datalist/KsjTmplt-L03-b.html#L03-b-16,2016,83032-0023,83032,相模川,1100,河川地及び湖沼,127,1.332091
nlni_l03b_landuse_by_watershed,https://nlftp.mlit.go.jp/ksj/gml/datalist/KsjTmplt-L03-b.html#L03-b-16,2016,83032-0024,83032,相模川,0100,田,175,1.835475
nlni_l03b_landuse_by_watershed,https://nlftp.mlit.go.jp/ksj/gml/datalist/KsjTmplt-L03-b.html#L03-b-16,2016,83032-0024,83032,相模川,0200,その他の農用地,79,0.828334
nlni_l03b_landuse_by_watershed,https://nlftp.mlit.go.jp/ksj/gml/datalist/KsjTmplt-L03-b.html#L03-b-16,2016,83032-0024,83032,相模川,0500,森林,116,1.216308
nlni_l03b_landuse_by_watershed,https://nlftp.mlit.go.jp/ksj/gml/datalist/KsjTmplt-L03-b.html#L03-b-16,2016,83032-0024,83032,相模川,0600,荒地,1,0.010484
nlni_l03b_landuse_by_watershed,https://nlftp.mlit.go.jp/ksj/gml/datalist/KsjTmplt-L03-b.html#L03-b-16,2016,83032-0024,83032,相模川,0700,建物用地,732,7.677303
nlni_l03b_landuse_by_watershed,https://nlftp.mlit.go.jp/ksj/gml/datalist/KsjTmplt-L03-b.html#L03-b-16,2016,83032-0024,83032,相模川,0901,道路,14,0.146851
nlni_l03b_landuse_by_watershed,https://nlftp.mlit.go.jp/ksj/gml/datalist/KsjTmplt-L03-b.html#L03-b-16,2016,83032-0024,83032,相模川,0902,鉄道,22,0.230737
nlni_l03b_landuse_by_watershed,https://nlftp.mlit.go.jp/ksj/gml/datalist/KsjTmplt-L03-b.html#L03-b-16,2016,83032-0024,83032,相模川,1000,その他の用地,117,1.226717
nlni_l03b_landuse_by_watershed,https://nlftp.mlit.go.jp/ksj/gml/datalist/KsjTmplt-L03-b.html#L03-b-16,2016,83032-0024,83032,相模川,1100,河川地及び湖沼,8,0.083933
nlni_l03b_landuse_by_watershed,https://nlftp.mlit.go.jp/ksj/gml/datalist/KsjTmplt-L03-b.html#L03-b-16,2016,83032-0024,83032,相模川,1600,ゴルフ場,8,0.083881
nlni_l03b_landuse_by_watershed,https://nlftp.mlit.go.jp/ksj/gml/datalist/KsjTmplt-L03-b.html#L03-b-16,2016,83032-0025,83032,相模川,0100,田,256,2.684291
nlni_l03b_landuse_by_watershed,https://nlftp.mlit.go.jp/ksj/gml/datalist/KsjTmplt-L03-b.html#L03-b-16,2016,83032-0025,83032,相模川,0200,その他の農用地,335,3.511833
nlni_l03b_landuse_by_watershed,https://nlftp.mlit.go.jp/ksj/gml/datalist/KsjTmplt-L03-b.html#L03-b-16,2016,83032-0025,83032,相模川,0500,森林,183,1.918108
nlni_l03b_landuse_by_watershed,https://nlftp.mlit.go.jp/ksj/gml/datalist/KsjTmplt-L03-b.html#L03-b-16,2016,83032-0025,83032,相模川,0600,荒地,54,0.565954
nlni_l03b_landuse_by_watershed,https://nlftp.mlit.go.jp/ksj/gml/datalist/KsjTmplt-L03-b.html#L03-b-16,2016,83032-0025,83032,相模川,0700,建物用地,1381,14.477023
nlni_l03b_landuse_by_watershed,https://nlftp.mlit.go.jp/ksj/gml/datalist/KsjTmplt-L03-b.html#L03-b-16,2016,83032-0025,83032,相模川,0901,道路,71,0.744475
nlni_l03b_landuse_by_watershed,https://nlftp.mlit.go.jp/ksj/gml/datalist/KsjTmplt-L03-b.html#L03-b-16,2016,83032-0025,83032,相模川,1000,その他の用地,172,1.803171
nlni_l03b_landuse_by_watershed,https://nlftp.mlit.go.jp/ksj/gml/datalist/KsjTmplt-L03-b.html#L03-b-16,2016,83032-0025,83032,相模川,1100,河川地及び湖沼,551,5.777345
nlni_l03b_landuse_by_watershed,https://nlftp.mlit.go.jp/ksj/gml/datalist/KsjTmplt-L03-b.html#L03-b-16,2016,83032-0025,83032,相模川,1600,ゴルフ場,20,0.209604
nlni_l03b_landuse_by_watershed,https://nlftp.mlit.go.jp/ksj/gml/datalist/KsjTmplt-L03-b.html#L03-b-16,2016,83032-0026,83032,相模川,0200,その他の農用地,255,2.671815
nlni_l03b_landuse_by_watershed,https://nlftp.mlit.go.jp/ksj/gml/datalist/KsjTmplt-L03-b.html#L03-b-16,2016,83032-0026,83032,相模川,0500,森林,95,0.995526
nlni_l03b_landuse_by_watershed,https://nlftp.mlit.go.jp/ksj/gml/datalist/KsjTmplt-L03-b.html#L03-b-16,2016,83032-0026,83032,相模川,0600,荒地,2,0.02096
nlni_l03b_landuse_by_watershed,https://nlftp.mlit.go.jp/ksj/gml/datalist/KsjTmplt-L03-b.html#L03-b-16,2016,83032-0026,83032,相模川,0700,建物用地,1466,15.360861
nlni_l03b_landuse_by_watershed,https://nlftp.mlit.go.jp/ksj/gml/datalist/KsjTmplt-L03-b.html#L03-b-16,2016,83032-0026,83032,相模川,0901,道路,27,0.282917
nlni_l03b_landuse_by_watershed,https://nlftp.mlit.go.jp/ksj/gml/datalist/KsjTmplt-L03-b.html#L03-b-16,2016,83032-0026,83032,相模川,0902,鉄道,18,0.188613
nlni_l03b_landuse_by_watershed,https://nlftp.mlit.go.jp/ksj/gml/datalist/KsjTmplt-L03-b.html#L03-b-16,2016,83032-0026,83032,相模川,1000,その他の用地,185,1.938474
nlni_l03b_landuse_by_watershed,https://nlftp.mlit.go.jp/ksj/gml/datalist/KsjTmplt-L03-b.html#L03-b-16,2016,83032-0026,83032,相模川,1100,河川地及び湖沼,23,0.24108
nlni_l03b_landuse_by_watershed,https://nlftp.mlit.go.jp/ksj/gml/datalist/KsjTmplt-L03-b.html#L03-b-16,2016,83032-0026,83032,相模川,1600,ゴルフ場,9,0.09432
nlni_l03b_landuse_by_watershed,https://nlftp.mlit.go.jp/ksj/gml/datalist/KsjTmplt-L03-b.html#L03-b-16,2016,83032-0027,83032,相模川,0100,田,78,0.817713
nlni_l03b_landuse_by_watershed,https://nlftp.mlit.go.jp/ksj/gml/datalist/KsjTmplt-L03-b.html#L03-b-16,2016,83032-0027,83032,相模川,0200,その他の農用地,218,2.284957
nlni_l03b_landuse_by_watershed,https://nlftp.mlit.go.jp/ksj/gml/datalist/KsjTmplt-L03-b.html#L03-b-16,2016,83032-0027,83032,相模川,0500,森林,1770,18.553147
nlni_l03b_landuse_by_watershed,https://nlftp.mlit.go.jp/ksj/gml/datalist/KsjTmplt-L03-b.html#L03-b-16,2016,83032-0027,83032,相模川,0600,荒地,55,0.5765
nlni_l03b_landuse_by_watershed,https://nlftp.mlit.go.jp/ksj/gml/datalist/KsjTmplt-L03-b.html#L03-b-16,2016,83032-0027,83032,相模川,0700,建物用地,542,5.681434
nlni_l03b_landuse_by_watershed,https://nlftp.mlit.go.jp/ksj/gml/datalist/KsjTmplt-L03-b.html#L03-b-16,2016,83032-0027,83032,相模川,0901,道路,1,0.010481
nlni_l03b_landuse_by_watershed,https://nlftp.mlit.go.jp/ksj/gml/datalist/KsjTmplt-L03-b.html#L03-b-16,2016,83032-0027,83032,相模川,1000,その他の用地,62,0.64982
nlni_l03b_landuse_by_watershed,https://nlftp.mlit.go.jp/ksj/gml/datalist/KsjTmplt-L03-b.html#L03-b-16,2016,83032-0027,83032,相模川,1100,河川地及び湖沼,254,2.662464
nlni_l03b_landuse_by_watershed,https://nlftp.mlit.go.jp/ksj/gml/datalist/KsjTmplt-L03-b.html#L03-b-16,2016,83032-0027,83032,相模川,1600,ゴルフ場,76,0.796531
nlni_l03b_landuse_by_watershed,https://nlftp.mlit.go.jp/ksj/gml/datalist/KsjTmplt-L03-b.html#L03-b-16,2016,83032-0028,83032,相模川,0500,森林,160,1.677148
nlni_l03b_landuse_by_watershed,https://nlftp.mlit.go.jp/ksj/gml/datalist/KsjTmplt-L03-b.html#L03-b-16,2016,83032-0028,83032,相模川,1000,その他の用地,27,0.283009
nlni_l03b_landuse_by_watershed,https://nlftp.mlit.go.jp/ksj/gml/datalist/KsjTmplt-L03-b.html#L03-b-16,2016,83032-0028,83032,相模川,1100,河川地及び湖沼,105,1.100593
nlni_l03b_landuse_by_watershed,https://nlftp.mlit.go.jp/ksj/gml/datalist/KsjTmplt-L03-b.html#L03-b-16,2016,83032-0029,83032,相模川,0500,森林,161,1.687817
nlni_l03b_landuse_by_watershed,https://nlftp.mlit.go.jp/ksj/gml/datalist/KsjTmplt-L03-b.html#L03-b-16,2016,83032-0029,83032,相模川,0700,建物用地,3,0.031449
nlni_l03b_landuse_by_watershed,https://nlftp.mlit.go.jp/ksj/gml/datalist/KsjTmplt-L03-b.html#L03-b-16,2016,83032-0029,83032,相模川,1000,その他の用地,28,0.293523
nlni_l03b_landuse_by_watershed,https://nlftp.mlit.go.jp/ksj/gml/datalist/KsjTmplt-L03-b.html#L03-b-16,2016,83032-0029,83032,相模川,1100,河川地及び湖沼,81,0.849108
nlni_l03b_landuse_by_watershed,https://nlftp.mlit.go.jp/ksj/gml/datalist/KsjTmplt-L03-b.html#L03-b-16,2016,83032-0030,83032,相模川,0500,森林,444,4.655357
nlni_l03b_landuse_by_watershed,https://nlftp.mlit.go.jp/ksj/gml/datalist/KsjTmplt-L03-b.html#L03-b-16,2016,83032-0030,83032,相模川,0600,荒地,19,0.199199
nlni_l03b_landuse_by_watershed,https://nlftp.mlit.go.jp/ksj/gml/datalist/KsjTmplt-L03-b.html#L03-b-16,2016,83032-0030,83032,相模川,1100,河川地及び湖沼,50,0.524211
nlni_l03b_landuse_by_watershed,https://nlftp.mlit.go.jp/ksj/gml/datalist/KsjTmplt-L03-b.html#L03-b-16,2016,83032-0031,83032,相模川,0500,森林,679,7.120038
nlni_l03b_landuse_by_watershed,https://nlftp.mlit.go.jp/ksj/gml/datalist/KsjTmplt-L03-b.html#L03-b-16,2016,83032-0031,83032,相模川,0600,荒地,6,0.062912
nlni_l03b_landuse_by_watershed,https://nlftp.mlit.go.jp/ksj/gml/datalist/KsjTmplt-L03-b.html#L03-b-16,2016,83032-0031,83032,相模川,1000,その他の用地,2,0.02097
nlni_l03b_landuse_by_watershed,https://nlftp.mlit.go.jp/ksj/gml/datalist/KsjTmplt-L03-b.html#L03-b-16,2016,83032-0031,83032,相模川,1100,河川地及び湖沼,49,0.513751
nlni_l03b_landuse_by_watershed,https://nlftp.mlit.go.jp/ksj/gml/datalist/KsjTmplt-L03-b.html#L03-b-16,2016,83032-0032,83032,相模川,0500,森林,891,9.346522
nlni_l03b_landuse_by_watershed,https://nlftp.mlit.go.jp/ksj/gml/datalist/KsjTmplt-L03-b.html#L03-b-16,2016,83032-0033,83032,相模川,0500,森林,66,0.692192
nlni_l03b_landuse_by_watershed,https://nlftp.mlit.go.jp/ksj/gml/datalist/KsjTmplt-L03-b.html#L03-b-16,2016,83032-0033,83032,相模川,1000,その他の用地,1,0.010488
nlni_l03b_landuse_by_watershed,https://nlftp.mlit.go.jp/ksj/gml/datalist/KsjTmplt-L03-b.html#L03-b-16,2016,83032-0033,83032,相模川,1100,河川地及び湖沼,4,0.041951
nlni_l03b_landuse_by_watershed,https://nlftp.mlit.go.jp/ksj/gml/datalist/KsjTmplt-L03-b.html#L03-b-16,2016,83032-0034,83032,相模川,0500,森林,1640,17.207036
nlni_l03b_landuse_by_watershed,https://nlftp.mlit.go.jp/ksj/gml/datalist/KsjTmplt-L03-b.html#L03-b-16,2016,83032-0034,83032,相模川,0600,荒地,11,0.115433
nlni_l03b_landuse_by_watershed,https://nlftp.mlit.go.jp/ksj/gml/datalist/KsjTmplt-L03-b.html#L03-b-16,2016,83032-0034,83032,相模川,0700,建物用地,1,0.010491
nlni_l03b_landuse_by_watershed,https://nlftp.mlit.go.jp/ksj/gml/datalist/KsjTmplt-L03-b.html#L03-b-16,2016,83032-0034,83032,相模川,1100,河川地及び湖沼,1,0.010488
nlni_l03b_landuse_by_watershed,https://nlftp.mlit.go.jp/ksj/gml/datalist/KsjTmplt-L03-b.html#L03-b-16,2016,83032-0035,83032,相模川,0500,森林,1405,14.736961
nlni_l03b_landuse_by_watershed,https://nlftp.mlit.go.jp/ksj/gml/datalist/KsjTmplt-L03-b.html#L03-b-16,2016,83032-0035,83032,相模川,0600,荒地,14,0.146858
nlni_l03b_landuse_by_watershed,https://nlftp.mlit.go.jp/ksj/gml/datalist/KsjTmplt-L03-b.html#L03-b-16,2016,83032-0036,83032,相模川,0500,森林,26,0.272566
nlni_l03b_landuse_by_watershed,https://nlftp.mlit.go.jp/ksj/gml/datalist/KsjTmplt-L03-b.html#L03-b-16,2016,83032-0036,83032,相模川,1100,河川地及び湖沼,6,0.062897
nlni_l03b_landuse_by_watershed,https://nlftp.mlit.go.jp/ksj/gml/datalist/KsjTmplt-L03-b.html#L03-b-16,2016,83032-0037,83032,相模川,0500,森林,2177,22.826381
nlni_l03b_landuse_by_watershed,https://nlftp.mlit.go.jp/ksj/gml/datalist/KsjTmplt-L03-b.html#L03-b-16,2016,83032-0037,83032,相模川,0600,荒地,4,0.041944
nlni_l03b_landuse_by_watershed,https://nlftp.mlit.go.jp/ksj/gml/datalist/KsjTmplt-L03-b.html#L03-b-16,2016,83032-0037,83032,相模川,1100,河川地及び湖沼,10,0.104832
nlni_l03b_landuse_by_watershed,https://nlftp.mlit.go.jp/ksj/gml/datalist/KsjTmplt-L03-b.html#L03-b-16,2016,83032-0038,83032,相模川,0500,森林,666,6.980972
nlni_l03b_landuse_by_watershed,https://nlftp.mlit.go.jp/ksj/gml/datalist/KsjTmplt-L03-b.html#L03-b-16,2016,83032-0039,83032,相模川,0100,田,13,0.136226
nlni_l03b_landuse_by_watershed,https://nlftp.mlit.go.jp/ksj/gml/datalist/KsjTmplt-L03-b.html#L03-b-16,2016,83032-0039,83032,相模川,0200,その他の農用地,97,1.0163
nlni_l03b_landuse_by_watershed,https://nlftp.mlit.go.jp/ksj/gml/datalist/KsjTmplt-L03-b.html#L03-b-16,2016,83032-0039,83032,相模川,0500,森林,393,4.117776
nlni_l03b_landuse_by_watershed,https://nlftp.mlit.go.jp/ksj/gml/datalist/KsjTmplt-L03-b.html#L03-b-16,2016,83032-0039,83032,相模川,0600,荒地,14,0.146687
nlni_l03b_landuse_by_watershed,https://nlftp.mlit.go.jp/ksj/gml/datalist/KsjTmplt-L03-b.html#L03-b-16,2016,83032-0039,83032,相模川,0700,建物用地,190,1.990643
nlni_l03b_landuse_by_watershed,https://nlftp.mlit.go.jp/ksj/gml/datalist/KsjTmplt-L03-b.html#L03-b-16,2016,83032-0039,83032,相模川,0901,道路,8,0.083819
nlni_l03b_landuse_by_watershed,https://nlftp.mlit.go.jp/ksj/gml/datalist/KsjTmplt-L03-b.html#L03-b-16,2016,83032-0039,83032,相模川,1000,その他の用地,18,0.188584
nlni_l03b_landuse_by_watershed,https://nlftp.mlit.go.jp/ksj/gml/datalist/KsjTmplt-L03-b.html#L03-b-16,2016,83032-0039,83032,相模川,1100,河川地及び湖沼,177,1.854467
nlni_l03b_landuse_by_watershed,https://nlftp.mlit.go.jp/ksj/gml/datalist/KsjTmplt-L03-b.html#L03-b-16,2016,83032-0039,83032,相模川,1600,ゴルフ場,85,0.89069
nlni_l03b_landuse_by_watershed,https://nlftp.mlit.go.jp/ksj/gml/datalist/KsjTmplt-L03-b.html#L03-b-16,2016,83032-0040,83032,相模川,0200,その他の農用地,5,0.052373
nlni_l03b_landuse_by_watershed,https://nlftp.mlit.go.jp/ksj/gml/datalist/KsjTmplt-L03-b.html#L03-b-16,2016,83032-0040,83032,相模川,0500,森林,68,0.712261
nlni_l03b_landuse_by_watershed,https://nlftp.mlit.go.jp/ksj/gml/datalist/KsjTmplt-L03-b.html#L03-b-16,2016,83032-0040,83032,相模川,0600,荒地,1,0.010475
nlni_l03b_landuse_by_watershed,https://nlftp.mlit.go.jp/ksj/gml/datalist/KsjTmplt-L03-b.html#L03-b-16,2016,83032-0040,83032,相模川,0700,建物用地,99,1.036932
nlni_l03b_landuse_by_watershed,https://nlftp.mlit.go.jp/ksj/gml/datalist/KsjTmplt-L03-b.html#L03-b-16,2016,83032-0040,83032,相模川,0901,道路,7,0.073323
nlni_l03b_landuse_by_watershed,https://nlftp.mlit.go.jp/ksj/gml/datalist/KsjTmplt-L03-b.html#L03-b-16,2016,83032-0040,83032,相模川,1000,その他の用地,27,0.282806
nlni_l03b_landuse_by_watershed,https://nlftp.mlit.go.jp/ksj/gml/datalist/KsjTmplt-L03-b.html#L03-b-16,2016,83032-0040,83032,相模川,1100,河川地及び湖沼,26,0.272346
nlni_l03b_landuse_by_watershed,https://nlftp.mlit.go.jp/ksj/gml/datalist/KsjTmplt-L03-b.html#L03-b-16,2016,83032-0041,83032,相模川,0100,田,12,0.12574
nlni_l03b_landuse_by_watershed,https://nlftp.mlit.go.jp/ksj/gml/datalist/KsjTmplt-L03-b.html#L03-b-16,2016,83032-0041,83032,相模川,0200,その他の農用地,284,2.975692
nlni_l03b_landuse_by_watershed,https://nlftp.mlit.go.jp/ksj/gml/datalist/KsjTmplt-L03-b.html#L03-b-16,2016,83032-0041,83032,相模川,0500,森林,1728,18.106837
nlni_l03b_landuse_by_watershed,https://nlftp.mlit.go.jp/ksj/gml/datalist/KsjTmplt-L03-b.html#L03-b-16,2016,83032-0041,83032,相模川,0600,荒地,33,0.345762
nlni_l03b_landuse_by_watershed,https://nlftp.mlit.go.jp/ksj/gml/datalist/KsjTmplt-L03-b.html#L03-b-16,2016,83032-0041,83032,相模川,0700,建物用地,345,3.614741
nlni_l03b_landuse_by_watershed,https://nlftp.mlit.go.jp/ksj/gml/datalist/KsjTmplt-L03-b.html#L03-b-16,2016,83032-0041,83032,相模川,0901,道路,21,0.219987
nlni_l03b_landuse_by_watershed,https://nlftp.mlit.go.jp/ksj/gml/datalist/KsjTmplt-L03-b.html#L03-b-16,2016,83032-0041,83032,相模川,1000,その他の用地,36,0.377218
nlni_l03b_landuse_by_watershed,https://nlftp.mlit.go.jp/ksj/gml/datalist/KsjTmplt-L03-b.html#L03-b-16,2016,83032-0041,83032,相模川,1100,河川地及び湖沼,3,0.031425
nlni_l03b_landuse_by_watershed,https://nlftp.mlit.go.jp/ksj/gml/datalist/KsjTmplt-L03-b.html#L03-b-16,2016,83032-0041,83032,相模川,1600,ゴルフ場,41,0.429609
nlni_l03b_landuse_by_watershed,https://nlftp.mlit.go.jp/ksj/gml/datalist/KsjTmplt-L03-b.html#L03-b-16,2016,83032-0042,83032,相模川,0200,その他の農用地,87,0.911213
nlni_l03b_landuse_by_watershed,https://nlftp.mlit.go.jp/ksj/gml/datalist/KsjTmplt-L03-b.html#L03-b-16,2016,83032-0042,83032,相模川,0500,森林,595,6.231945
nlni_l03b_landuse_by_watershed,https://nlftp.mlit.go.jp/ksj/gml/datalist/KsjTmplt-L03-b.html#L03-b-16,2016,83032-0042,83032,相模川,0600,荒地,2,0.020948
nlni_l03b_landuse_by_watershed,https://nlftp.mlit.go.jp/ksj/gml/datalist/KsjTmplt-L03-b.html#L03-b-16,2016,83032-0042,83032,相模川,0700,建物用地,302,3.163251
nlni_l03b_landuse_by_watershed,https://nlftp.mlit.go.jp/ksj/gml/datalist/KsjTmplt-L03-b.html#L03-b-16,2016,83032-0042,83032,相模川,0901,道路,7,0.073317
nlni_l03b_landuse_by_watershed,https://nlftp.mlit.go.jp/ksj/gml/datalist/KsjTmplt-L03-b.html#L03-b-16,2016,83032-0042,83032,相模川,1000,その他の用地,29,0.30375
nlni_l03b_landuse_by_watershed,https://nlftp.mlit.go.jp/ksj/gml/datalist/KsjTmplt-L03-b.html#L03-b-16,2016,83032-0042,83032,相模川,1100,河川地及び湖沼,221,2.314756
nlni_l03b_landuse_by_watershed,https://nlftp.mlit.go.jp/ksj/gml/datalist/KsjTmplt-L03-b.html#L03-b-16,2016,83032-0042,83032,相模川,1600,ゴルフ場,61,0.638997
nlni_l03b_landuse_by_watershed,https://nlftp.mlit.go.jp/ksj/gml/datalist/KsjTmplt-L03-b.html#L03-b-16,2016,83032-0043,83032,相模川,0100,田,39,0.408673
nlni_l03b_landuse_by_watershed,https://nlftp.mlit.go.jp/ksj/gml/datalist/KsjTmplt-L03-b.html#L03-b-16,2016,83032-0043,83032,相模川,0200,その他の農用地,200,2.095475
nlni_l03b_landuse_by_watershed,https://nlftp.mlit.go.jp/ksj/gml/datalist/KsjTmplt-L03-b.html#L03-b-16,2016,83032-0043,83032,相模川,0500,森林,3705,38.825251
nlni_l03b_landuse_by_watershed,https://nlftp.mlit.go.jp/ksj/gml/datalist/KsjTmplt-L03-b.html#L03-b-16,2016,83032-0043,83032,相模川,0600,荒地,52,0.544815
nlni_l03b_landuse_by_watershed,https://nlftp.mlit.go.jp/ksj/gml/datalist/KsjTmplt-L03-b.html#L03-b-16,2016,83032-0043,83032,相模川,0700,建物用地,177,1.85443
nlni_l03b_landuse_by_watershed,https://nlftp.mlit.go.jp/ksj/gml/datalist/KsjTmplt-L03-b.html#L03-b-16,2016,83032-0043,83032,相模川,1000,その他の用地,33,0.345736
nlni_l03b_landuse_by_watershed,https://nlftp.mlit.go.jp/ksj/gml/datalist/KsjTmplt-L03-b.html#L03-b-16,2016,83032-0043,83032,相模川,1100,河川地及び湖沼,133,1.393491
nlni_l03b_landuse_by_watershed,https://nlftp.mlit.go.jp/ksj/gml/datalist/KsjTmplt-L03-b.html#L03-b-16,2016,83032-0043,83032,相模川,1600,ゴルフ場,7,0.073329
nlni_l03b_landuse_by_watershed,https://nlftp.mlit.go.jp/ksj/gml/datalist/KsjTmplt-L03-b.html#L03-b-16,2016,83032-0044,83032,相模川,0500,森林,2068,21.68412
nlni_l03b_landuse_by_watershed,https://nlftp.mlit.go.jp/ksj/gml/datalist/KsjTmplt-L03-b.html#L03-b-16,2016,83032-0044,83032,相模川,0600,荒地,19,0.199226
nlni_l03b_landuse_by_watershed,https://nlftp.mlit.go.jp/ksj/gml/datalist/KsjTmplt-L03-b.html#L03-b-16,2016,83032-0044,83032,相模川,1100,河川地及び湖沼,13,0.136279
nlni_l03b_landuse_by_watershed,https://nlftp.mlit.go.jp/ksj/gml/datalist/KsjTmplt-L03-b.html#L03-b-16,2016,83032-0045,83032,,0100,田,8,0.083856
nlni_l03b_landuse_by_watershed,https://nlftp.mlit.go.jp/ksj/gml/datalist/KsjTmplt-L03-b.html#L03-b-16,2016,83032-0045,83032,,0200,その他の農用地,51,0.534577
nlni_l03b_landuse_by_watershed,https://nlftp.mlit.go.jp/ksj/gml/datalist/KsjTmplt-L03-b.html#L03-b-16,2016,83032-0045,83032,,0500,森林,2468,25.869602
nlni_l03b_landuse_by_watershed,https://nlftp.mlit.go.jp/ksj/gml/datalist/KsjTmplt-L03-b.html#L03-b-16,2016,83032-0045,83032,,0600,荒地,1,0.010481
nlni_l03b_landuse_by_watershed,https://nlftp.mlit.go.jp/ksj/gml/datalist/KsjTmplt-L03-b.html#L03-b-16,2016,83032-0045,83032,,0700,建物用地,20,0.209642
nlni_l03b_landuse_by_watershed,https://nlftp.mlit.go.jp/ksj/gml/datalist/KsjTmplt-L03-b.html#L03-b-16,2016,83032-0045,83032,,1000,その他の用地,3,0.031446
nlni_l03b_landuse_by_watershed,https://nlftp.mlit.go.jp/ksj/gml/datalist/KsjTmplt-L03-b.html#L03-b-16,2016,83032-0045,83032,,1100,河川地及び湖沼,29,0.303974
nlni_l03b_landuse_by_watershed,https://nlftp.mlit.go.jp/ksj/gml/datalist/KsjTmplt-L03-b.html#L03-b-16,2016,83032-0046,83032,,0100,田,5,0.052418
nlni_l03b_landuse_by_watershed,https://nlftp.mlit.go.jp/ksj/gml/datalist/KsjTmplt-L03-b.html#L03-b-16,2016,83032-0046,83032,,0500,森林,922,9.667985
nlni_l03b_landuse_by_watershed,https://nlftp.mlit.go.jp/ksj/gml/datalist/KsjTmplt-L03-b.html#L03-b-16,2016,83032-0046,83032,,0700,建物用地,3,0.031452
nlni_l03b_landuse_by_watershed,https://nlftp.mlit.go.jp/ksj/gml/datalist/KsjTmplt-L03-b.html#L03-b-16,2016,83032-0046,83032,,1000,その他の用地,1,0.010484
nlni_l03b_landuse_by_watershed,https://nlftp.mlit.go.jp/ksj/gml/datalist/KsjTmplt-L03-b.html#L03-b-16,2016,83032-0047,83032,,0100,田,15,0.157266
nlni_l03b_landuse_by_watershed,https://nlftp.mlit.go.jp/ksj/gml/datalist/KsjTmplt-L03-b.html#L03-b-16,2016,83032-0047,83032,,0200,その他の農用地,25,0.262092
nlni_l03b_landuse_by_watershed,https://nlftp.mlit.go.jp/ksj/gml/datalist/KsjTmplt-L03-b.html#L03-b-16,2016,83032-0047,83032,,0500,森林,657,6.888189
nlni_l03b_landuse_by_watershed,https://nlftp.mlit.go.jp/ksj/gml/datalist/KsjTmplt-L03-b.html#L03-b-16,2016,83032-0047,83032,,0700,建物用地,16,0.167739
nlni_l03b_landuse_by_watershed,https://nlftp.mlit.go.jp/ksj/gml/datalist/KsjTmplt-L03-b.html#L03-b-16,2016,83032-0047,83032,,1000,その他の用地,1,0.010483
nlni_l03b_landuse_by_watershed,https://nlftp.mlit.go.jp/ksj/gml/datalist/KsjTmplt-L03-b.html#L03-b-16,2016,83032-0047,83032,,1100,河川地及び湖沼,7,0.073389
nlni_l03b_landuse_by_watershed,https://nlftp.mlit.go.jp/ksj/gml/datalist/KsjTmplt-L03-b.html#L03-b-16,2016,83032-0048,83032,,0500,森林,211,2.212989
nlni_l03b_landuse_by_watershed,https://nlftp.mlit.go.jp/ksj/gml/datalist/KsjTmplt-L03-b.html#L03-b-16,2016,83032-0049,83032,相模川,0100,田,1,0.01047
nlni_l03b_landuse_by_watershed,https://nlftp.mlit.go.jp/ksj/gml/datalist/KsjTmplt-L03-b.html#L03-b-16,2016,83032-0049,83032,相模川,0200,その他の農用地,105,1.099613
nlni_l03b_landuse_by_watershed,https://nlftp.mlit.go.jp/ksj/gml/datalist/KsjTmplt-L03-b.html#L03-b-16,2016,83032-0049,83032,相模川,0500,森林,1914,20.04086
nlni_l03b_landuse_by_watershed,https://nlftp.mlit.go.jp/ksj/gml/datalist/KsjTmplt-L03-b.html#L03-b-16,2016,83032-0049,83032,相模川,0600,荒地,1,0.010469
nlni_l03b_landuse_by_watershed,https://nlftp.mlit.go.jp/ksj/gml/datalist/KsjTmplt-L03-b.html#L03-b-16,2016,83032-0049,83032,相模川,0700,建物用地,197,2.062937
nlni_l03b_landuse_by_watershed,https://nlftp.mlit.go.jp/ksj/gml/datalist/KsjTmplt-L03-b.html#L03-b-16,2016,83032-0049,83032,相模川,0901,道路,14,0.146574
nlni_l03b_landuse_by_watershed,https://nlftp.mlit.go.jp/ksj/gml/datalist/KsjTmplt-L03-b.html#L03-b-16,2016,83032-0049,83032,相模川,0902,鉄道,9,0.094231
nlni_l03b_landuse_by_watershed,https://nlftp.mlit.go.jp/ksj/gml/datalist/KsjTmplt-L03-b.html#L03-b-16,2016,83032-0049,83032,相模川,1000,その他の用地,51,0.534086
nlni_l03b_landuse_by_watershed,https://nlftp.mlit.go.jp/ksj/gml/datalist/KsjTmplt-L03-b.html#L03-b-16,2016,83032-0049,83032,相模川,1100,河川地及び湖沼,87,0.911035
nlni_l03b_landuse_by_watershed,https://nlftp.mlit.go.jp/ksj/gml/datalist/KsjTmplt-L03-b.html#L03-b-16,2016,83032-0050,83032,相模川,0200,その他の農用地,31,0.324588
nlni_l03b_landuse_by_watershed,https://nlftp.mlit.go.jp/ksj/gml/datalist/KsjTmplt-L03-b.html#L03-b-16,2016,83032-0050,83032,相模川,0500,森林,300,3.140936
nlni_l03b_landuse_by_watershed,https://nlftp.mlit.go.jp/ksj/gml/datalist/KsjTmplt-L03-b.html#L03-b-16,2016,83032-0050,83032,相模川,0600,荒地,2,0.020941
nlni_l03b_landuse_by_watershed,https://nlftp.mlit.go.jp/ksj/gml/datalist/KsjTmplt-L03-b.html#L03-b-16,2016,83032-0050,83032,相模川,0700,建物用地,51,0.53401
nlni_l03b_landuse_by_watershed,https://nlftp.mlit.go.jp/ksj/gml/datalist/KsjTmplt-L03-b.html#L03-b-16,2016,83032-0050,83032,相模川,0901,道路,13,0.136114
nlni_l03b_landuse_by_watershed,https://nlftp.mlit.go.jp/ksj/gml/datalist/KsjTmplt-L03-b.html#L03-b-16,2016,83032-0050,83032,相模川,0902,鉄道,2,0.020941
nlni_l03b_landuse_by_watershed,https://nlftp.mlit.go.jp/ksj/gml/datalist/KsjTmplt-L03-b.html#L03-b-16,2016,83032-0050,83032,相模川,1000,その他の用地,5,0.052356
nlni_l03b_landuse_by_watershed,https://nlftp.mlit.go.jp/ksj/gml/datalist/KsjTmplt-L03-b.html#L03-b-16,2016,83032-0050,83032,相模川,1100,河川地及び湖沼,104,1.088992
nlni_l03b_landuse_by_watershed,https://nlftp.mlit.go.jp/ksj/gml/datalist/KsjTmplt-L03-b.html#L03-b-16,2016,83032-0051,83032,相模川,0100,田,1,0.010474
nlni_l03b_landuse_by_watershed,https://nlftp.mlit.go.jp/ksj/gml/datalist/KsjTmplt-L03-b.html#L03-b-16,2016,83032-0051,83032,相模川,0200,その他の農用地,17,0.17805
nlni_l03b_landuse_by_watershed,https://nlftp.mlit.go.jp/ksj/gml/datalist/KsjTmplt-L03-b.html#L03-b-16,2016,83032-0051,83032,相模川,0500,森林,644,6.745308
nlni_l03b_landuse_by_watershed,https://nlftp.mlit.go.jp/ksj/gml/datalist/KsjTmplt-L03-b.html#L03-b-16,2016,83032-0051,83032,相模川,0600,荒地,5,0.052371
nlni_l03b_landuse_by_watershed,https://nlftp.mlit.go.jp/ksj/gml/datalist/KsjTmplt-L03-b.html#L03-b-16,2016,83032-0051,83032,相模川,0700,建物用地,7,0.07332
nlni_l03b_landuse_by_watershed,https://nlftp.mlit.go.jp/ksj/gml/datalist/KsjTmplt-L03-b.html#L03-b-16,2016,83032-0051,83032,相模川,1100,河川地及び湖沼,15,0.157079
nlni_l03b_landuse_by_watershed,https://nlftp.mlit.go.jp/ksj/gml/datalist/KsjTmplt-L03-b.html#L03-b-16,2016,83032-0052,83032,相模川,0200,その他の農用地,12,0.125661
nlni_l03b_landuse_by_watershed,https://nlftp.mlit.go.jp/ksj/gml/datalist/KsjTmplt-L03-b.html#L03-b-16,2016,83032-0052,83032,相模川,0500,森林,48,0.502655
nlni_l03b_landuse_by_watershed,https://nlftp.mlit.go.jp/ksj/gml/datalist/KsjTmplt-L03-b.html#L03-b-16,2016,83032-0052,83032,相模川,0700,建物用地,22,0.230376
nlni_l03b_landuse_by_watershed,https://nlftp.mlit.go.jp/ksj/gml/datalist/KsjTmplt-L03-b.html#L03-b-16,2016,83032-0052,83032,相模川,0901,道路,1,0.010471
nlni_l03b_landuse_by_watershed,https://nlftp.mlit.go.jp/ksj/gml/datalist/KsjTmplt-L03-b.html#L03-b-16,2016,83032-0052,83032,相模川,0902,鉄道,3,0.031413
nlni_l03b_landuse_by_watershed,https://nlftp.mlit.go.jp/ksj/gml/datalist/KsjTmplt-L03-b.html#L03-b-16,2016,83032-0052,83032,相模川,1000,その他の用地,3,0.031414
nlni_l03b_landuse_by_watershed,https://nlftp.mlit.go.jp/ksj/gml/datalist/KsjTmplt-L03-b.html#L03-b-16,2016,83032-0052,83032,相模川,1100,河川地及び湖沼,14,0.1466
nlni_l03b_landuse_by_watershed,https://nlftp.mlit.go.jp/ksj/gml/datalist/KsjTmplt-L03-b.html#L03-b-16,2016,83032-0053,83032,相模川,0200,その他の農用地,59,0.61762
nlni_l03b_landuse_by_watershed,https://nlftp.mlit.go.jp/ksj/gml/datalist/KsjTmplt-L03-b.html#L03-b-16,2016,83032-0053,83032,相模川,0500,森林,1726,18.066417
nlni_l03b_landuse_by_watershed,https://nlftp.mlit.go.jp/ksj/gml/datalist/KsjTmplt-L03-b.html#L03-b-16,2016,83032-0053,83032,相模川,0600,荒地,1,0.010466
nlni_l03b_landuse_by_watershed,https://nlftp.mlit.go.jp/ksj/gml/datalist/KsjTmplt-L03-b.html#L03-b-16,2016,83032-0053,83032,相模川,0700,建物用地,33,0.345483
nlni_l03b_landuse_by_watershed,https://nlftp.mlit.go.jp/ksj/gml/datalist/KsjTmplt-L03-b.html#L03-b-16,2016,83032-0053,83032,相模川,0901,道路,3,0.031412
nlni_l03b_landuse_by_watershed,https://nlftp.mlit.go.jp/ksj/gml/datalist/KsjTmplt-L03-b.html#L03-b-16,2016,83032-0053,83032,相模川,0902,鉄道,3,0.031413
nlni_l03b_landuse_by_watershed,https://nlftp.mlit.go.jp/ksj/gml/datalist/KsjTmplt-L03-b.html#L03-b-16,2016,83032-0053,83032,相模川,1000,その他の用地,3,0.031411
nlni_l03b_landuse_by_watershed,https://nlftp.mlit.go.jp/ksj/gml/datalist/KsjTmplt-L03-b.html#L03-b-16,2016,83032-0053,83032,相模川,1100,河川地及び湖沼,1,0.010471
nlni_l03b_landuse_by_watershed,https://nlftp.mlit.go.jp/ksj/gml/datalist/KsjTmplt-L03-b.html#L03-b-16,2016,83032-0054,83032,相模川,0200,その他の農用地,7,0.073308
nlni_l03b_landuse_by_watershed,https://nlftp.mlit.go.jp/ksj/gml/datalist/KsjTmplt-L03-b.html#L03-b-16,2016,83032-0054,83032,相模川,0500,森林,213,2.230665
nlni_l03b_landuse_by_watershed,https://nlftp.mlit.go.jp/ksj/gml/datalist/KsjTmplt-L03-b.html#L03-b-16,2016,83032-0054,83032,相模川,0600,荒地,4,0.041892
nlni_l03b_landuse_by_watershed,https://nlftp.mlit.go.jp/ksj/gml/datalist/KsjTmplt-L03-b.html#L03-b-16,2016,83032-0054,83032,相模川,0700,建物用地,39,0.40842
nlni_l03b_landuse_by_watershed,https://nlftp.mlit.go.jp/ksj/gml/datalist/KsjTmplt-L03-b.html#L03-b-16,2016,83032-0054,83032,相模川,1000,その他の用地,4,0.041889
nlni_l03b_landuse_by_watershed,https://nlftp.mlit.go.jp/ksj/gml/datalist/KsjTmplt-L03-b.html#L03-b-16,2016,83032-0054,83032,相模川,1100,河川地及び湖沼,16,0.167554
nlni_l03b_landuse_by_watershed,https://nlftp.mlit.go.jp/ksj/gml/datalist/KsjTmplt-L03-b.html#L03-b-16,2016,83032-0055,83032,相模川,0200,その他の農用地,23,0.240935
nlni_l03b_landuse_by_watershed,https://nlftp.mlit.go.jp/ksj/gml/datalist/KsjTmplt-L03-b.html#L03-b-16,2016,83032-0055,83032,相模川,0500,森林,433,4.536042
nlni_l03b_landuse_by_watershed,https://nlftp.mlit.go.jp/ksj/gml/datalist/KsjTmplt-L03-b.html#L03-b-16,2016,83032-0055,83032,相模川,0600,荒地,15,0.157154
nlni_l03b_landuse_by_watershed,https://nlftp.mlit.go.jp/ksj/gml/datalist/KsjTmplt-L03-b.html#L03-b-16,2016,83032-0055,83032,相模川,0700,建物用地,16,0.167609
nlni_l03b_landuse_by_watershed,https://nlftp.mlit.go.jp/ksj/gml/datalist/KsjTmplt-L03-b.html#L03-b-16,2016,83032-0055,83032,相模川,1000,その他の用地,8,0.083804
nlni_l03b_landuse_by_watershed,https://nlftp.mlit.go.jp/ksj/gml/datalist/KsjTmplt-L03-b.html#L03-b-16,2016,83032-0055,83032,相模川,1600,ゴルフ場,65,0.680977
nlni_l03b_landuse_by_watershed,https://nlftp.mlit.go.jp/ksj/gml/datalist/KsjTmplt-L03-b.html#L03-b-16,2016,83032-0056,83032,相模川,0200,その他の農用地,29,0.303755
nlni_l03b_landuse_by_watershed,https://nlftp.mlit.go.jp/ksj/gml/datalist/KsjTmplt-L03-b.html#L03-b-16,2016,83032-0056,83032,相模川,0500,森林,170,1.780646
nlni_l03b_landuse_by_watershed,https://nlftp.mlit.go.jp/ksj/gml/datalist/KsjTmplt-L03-b.html#L03-b-16,2016,83032-0056,83032,相模川,0600,荒地,2,0.02095
nlni_l03b_landuse_by_watershed,https://nlftp.mlit.go.jp/ksj/gml/datalist/KsjTmplt-L03-b.html#L03-b-16,2016,83032-0056,83032,相模川,0700,建物用地,27,0.282814
nlni_l03b_landuse_by_watershed,https://nlftp.mlit.go.jp/ksj/gml/datalist/KsjTmplt-L03-b.html#L03-b-16,2016,83032-0056,83032,相模川,1000,その他の用地,3,0.031424
nlni_l03b_landuse_by_watershed,https://nlftp.mlit.go.jp/ksj/gml/datalist/KsjTmplt-L03-b.html#L03-b-16,2016,83032-0056,83032,相模川,1600,ゴルフ場,29,0.303761
nlni_l03b_landuse_by_watershed,https://nlftp.mlit.go.jp/ksj/gml/datalist/KsjTmplt-L03-b.html#L03-b-16,2016,83032-0057,83032,相模川,0200,その他の農用地,11,0.115211
nlni_l03b_landuse_by_watershed,https://nlftp.mlit.go.jp/ksj/gml/datalist/KsjTmplt-L03-b.html#L03-b-16,2016,83032-0057,83032,相模川,0500,森林,570,5.970173
nlni_l03b_landuse_by_watershed,https://nlftp.mlit.go.jp/ksj/gml/datalist/KsjTmplt-L03-b.html#L03-b-16,2016,83032-0057,83032,相模川,0600,荒地,1,0.010474
nlni_l03b_landuse_by_watershed,https://nlftp.mlit.go.jp/ksj/gml/datalist/KsjTmplt-L03-b.html#L03-b-16,2016,83032-0057,83032,相模川,0700,建物用地,1,0.010473
nlni_l03b_landuse_by_watershed,https://nlftp.mlit.go.jp/ksj/gml/datalist/KsjTmplt-L03-b.html#L03-b-16,2016,83032-0057,83032,相模川,1600,ゴルフ場,8,0.083785
nlni_l03b_landuse_by_watershed,https://nlftp.mlit.go.jp/ksj/gml/datalist/KsjTmplt-L03-b.html#L03-b-16,2016,83032-0058,83032,相模川,0200,その他の農用地,24,0.251393
nlni_l03b_landuse_by_watershed,https://nlftp.mlit.go.jp/ksj/gml/datalist/KsjTmplt-L03-b.html#L03-b-16,2016,83032-0058,83032,相模川,0500,森林,146,1.529332
nlni_l03b_landuse_by_watershed,https://nlftp.mlit.go.jp/ksj/gml/datalist/KsjTmplt-L03-b.html#L03-b-16,2016,83032-0058,83032,相模川,0600,荒地,2,0.020949
nlni_l03b_landuse_by_watershed,https://nlftp.mlit.go.jp/ksj/gml/datalist/KsjTmplt-L03-b.html#L03-b-16,2016,83032-0058,83032,相模川,0700,建物用地,6,0.062848
nlni_l03b_landuse_by_watershed,https://nlftp.mlit.go.jp/ksj/gml/datalist/KsjTmplt-L03-b.html#L03-b-16,2016,83032-0058,83032,相模川,1000,その他の用地,4,0.041896
nlni_l03b_landuse_by_watershed,https://nlftp.mlit.go.jp/ksj/gml/datalist/KsjTmplt-L03-b.html#L03-b-16,2016,83032-0058,83032,相模川,1600,ゴルフ場,12,0.125706
nlni_l03b_landuse_by_watershed,https://nlftp.mlit.go.jp/ksj/gml/datalist/KsjTmplt-L03-b.html#L03-b-16,2016,83032-0059,83032,相模川,0200,その他の農用地,11,0.115244
nlni_l03b_landuse_by_watershed,https://nlftp.mlit.go.jp/ksj/gml/datalist/KsjTmplt-L03-b.html#L03-b-16,2016,83032-0059,83032,相模川,0500,森林,351,3.677558
nlni_l03b_landuse_by_watershed,https://nlftp.mlit.go.jp/ksj/gml/datalist/KsjTmplt-L03-b.html#L03-b-16,2016,83032-0059,83032,相模川,0700,建物用地,2,0.020955
nlni_l03b_landuse_by_watershed,https://nlftp.mlit.go.jp/ksj/gml/datalist/KsjTmplt-L03-b.html#L03-b-16,2016,83032-0060,83032,,0200,その他の農用地,7,0.073347
nlni_l03b_landuse_by_watershed,https://nlftp.mlit.go.jp/ksj/gml/datalist/KsjTmplt-L03-b.html#L03-b-16,2016,83032-0060,83032,,0500,森林,638,6.685116
nlni_l03b_landuse_by_watershed,https://nlftp.mlit.go.jp/ksj/gml/datalist/KsjTmplt-L03-b.html#L03-b-16,2016,83032-0060,83032,,0600,荒地,4,0.041914
nlni_l03b_landuse_by_watershed,https://nlftp.mlit.go.jp/ksj/gml/datalist/KsjTmplt-L03-b.html#L03-b-16,2016,83032-0061,83032,,0100,田,10,0.104764
nlni_l03b_landuse_by_watershed,https://nlftp.mlit.go.jp/ksj/gml/datalist/KsjTmplt-L03-b.html#L03-b-16,2016,83032-0061,83032,,0200,その他の農用地,30,0.314277
nlni_l03b_landuse_by_watershed,https://nlftp.mlit.go.jp/ksj/gml/datalist/KsjTmplt-L03-b.html#L03-b-16,2016,83032-0061,83032,,0500,森林,1166,12.216054
nlni_l03b_landuse_by_watershed,https://nlftp.mlit.go.jp/ksj/gml/datalist/KsjTmplt-L03-b.html#L03-b-16,2016,83032-0061,83032,,0600,荒地,2,0.020949
nlni_l03b_landuse_by_watershed,https://nlftp.mlit.go.jp/ksj/gml/datalist/KsjTmplt-L03-b.html#L03-b-16,2016,83032-0061,83032,,0700,建物用地,33,0.345707
nlni_l03b_landuse_by_watershed,https://nlftp.mlit.go.jp/ksj/gml/datalist/KsjTmplt-L03-b.html#L03-b-16,2016,83032-0061,83032,,1000,その他の用地,7,0.073333
nlni_l03b_landuse_by_watershed,https://nlftp.mlit.go.jp/ksj/gml/datalist/KsjTmplt-L03-b.html#L03-b-16,2016,83032-0061,83032,,1100,河川地及び湖沼,10,0.104764
nlni_l03b_landuse_by_watershed,https://nlftp.mlit.go.jp/ksj/gml/datalist/KsjTmplt-L03-b.html#L03-b-16,2016,83032-0061,83032,,1600,ゴルフ場,43,0.450536
nlni_l03b_landuse_by_watershed,https://nlftp.mlit.go.jp/ksj/gml/datalist/KsjTmplt-L03-b.html#L03-b-16,2016,83032-0062,83032,,0200,その他の農用地,5,0.052385
nlni_l03b_landuse_by_watershed,https://nlftp.mlit.go.jp/ksj/gml/datalist/KsjTmplt-L03-b.html#L03-b-16,2016,83032-0062,83032,,0500,森林,704,7.377077
nlni_l03b_landuse_by_watershed,https://nlftp.mlit.go.jp/ksj/gml/datalist/KsjTmplt-L03-b.html#L03-b-16,2016,83032-0062,83032,,0600,荒地,3,0.031435
nlni_l03b_landuse_by_watershed,https://nlftp.mlit.go.jp/ksj/gml/datalist/KsjTmplt-L03-b.html#L03-b-16,2016,83032-0062,83032,,0700,建物用地,4,0.041908
nlni_l03b_landuse_by_watershed,https://nlftp.mlit.go.jp/ksj/gml/datalist/KsjTmplt-L03-b.html#L03-b-16,2016,83032-0063,83032,,0100,田,12,0.125714
nlni_l03b_landuse_by_watershed,https://nlftp.mlit.go.jp/ksj/gml/datalist/KsjTmplt-L03-b.html#L03-b-16,2016,83032-0063,83032,,0200,その他の農用地,42,0.440005
nlni_l03b_landuse_by_watershed,https://nlftp.mlit.go.jp/ksj/gml/datalist/KsjTmplt-L03-b.html#L03-b-16,2016,83032-0063,83032,,0500,森林,1294,13.55666
nlni_l03b_landuse_by_watershed,https://nlftp.mlit.go.jp/ksj/gml/datalist/KsjTmplt-L03-b.html#L03-b-16,2016,83032-0063,83032,,0600,荒地,2,0.020952
nlni_l03b_landuse_by_watershed,https://nlftp.mlit.go.jp/ksj/gml/datalist/KsjTmplt-L03-b.html#L03-b-16,2016,83032-0063,83032,,0700,建物用地,23,0.240957
nlni_l03b_landuse_by_watershed,https://nlftp.mlit.go.jp/ksj/gml/datalist/KsjTmplt-L03-b.html#L03-b-16,2016,83032-0063,83032,,1000,その他の用地,1,0.010476
nlni_l03b_landuse_by_watershed,https://nlftp.mlit.go.jp/ksj/gml/datalist/KsjTmplt-L03-b.html#L03-b-16,2016,83032-0064,83032,相模川,0200,その他の農用地,23,0.240836
nlni_l03b_landuse_by_watershed,https://nlftp.mlit.go.jp/ksj/gml/datalist/KsjTmplt-L03-b.html#L03-b-16,2016,83032-0064,83032,相模川,0500,森林,143,1.497321
nlni_l03b_landuse_by_watershed,https://nlftp.mlit.go.jp/ksj/gml/datalist/KsjTmplt-L03-b.html#L03-b-16,2016,83032-0064,83032,相模川,0700,建物用地,54,0.565434
nlni_l03b_landuse_by_watershed,https://nlftp.mlit.go.jp/ksj/gml/datalist/KsjTmplt-L03-b.html#L03-b-16,2016,83032-0064,83032,相模川,0901,道路,7,0.073294
nlni_l03b_landuse_by_watershed,https://nlftp.mlit.go.jp/ksj/gml/datalist/KsjTmplt-L03-b.html#L03-b-16,2016,83032-0064,83032,相模川,0902,鉄道,3,0.031413
nlni_l03b_landuse_by_watershed,https://nlftp.mlit.go.jp/ksj/gml/datalist/KsjTmplt-L03-b.html#L03-b-16,2016,83032-0064,83032,相模川,1000,その他の用地,3,0.031416
nlni_l03b_landuse_by_watershed,https://nlftp.mlit.go.jp/ksj/gml/datalist/KsjTmplt-L03-b.html#L03-b-16,2016,83032-0064,83032,相模川,1100,河川地及び湖沼,22,0.230363
nlni_l03b_landuse_by_watershed,https://nlftp.mlit.go.jp/ksj/gml/datalist/KsjTmplt-L03-b.html#L03-b-16,2016,83032-0065,83032,相模川,0100,田,10,0.104713
nlni_l03b_landuse_by_watershed,https://nlftp.mlit.go.jp/ksj/gml/datalist/KsjTmplt-L03-b.html#L03-b-16,2016,83032-0065,83032,相模川,0200,その他の農用地,19,0.19896
nlni_l03b_landuse_by_watershed,https://nlftp.mlit.go.jp/ksj/gml/datalist/KsjTmplt-L03-b.html#L03-b-16,2016,83032-0065,83032,相模川,0500,森林,324,3.392915
nlni_l03b_landuse_by_watershed,https://nlftp.mlit.go.jp/ksj/gml/datalist/KsjTmplt-L03-b.html#L03-b-16,2016,83032-0065,83032,相模川,0600,荒地,3,0.031416
nlni_l03b_landuse_by_watershed,https://nlftp.mlit.go.jp/ksj/gml/datalist/KsjTmplt-L03-b.html#L03-b-16,2016,83032-0065,83032,相模川,0700,建物用地,154,1.612449
nlni_l03b_landuse_by_watershed,https://nlftp.mlit.go.jp/ksj/gml/datalist/KsjTmplt-L03-b.html#L03-b-16,2016,83032-0065,83032,相模川,0901,道路,7,0.073292
nlni_l03b_landuse_by_watershed,https://nlftp.mlit.go.jp/ksj/gml/datalist/KsjTmplt-L03-b.html#L03-b-16,2016,83032-0065,83032,相模川,0902,鉄道,2,0.020941
nlni_l03b_landuse_by_watershed,https://nlftp.mlit.go.jp/ksj/gml/datalist/KsjTmplt-L03-b.html#L03-b-16,2016,83032-0065,83032,相模川,1000,その他の用地,42,0.439768
nlni_l03b_landuse_by_watershed,https://nlftp.mlit.go.jp/ksj/gml/datalist/KsjTmplt-L03-b.html#L03-b-16,2016,83032-0065,83032,相模川,1100,河川地及び湖沼,54,0.565433
nlni_l03b_landuse_by_watershed,https://nlftp.mlit.go.jp/ksj/gml/datalist/KsjTmplt-L03-b.html#L03-b-16,2016,83032-0065,83032,相模川,1600,ゴルフ場,32,0.335125
nlni_l03b_landuse_by_watershed,https://nlftp.mlit.go.jp/ksj/gml/datalist/KsjTmplt-L03-b.html#L03-b-16,2016,83032-0066,83032,相模川,0200,その他の農用地,51,0.533819
nlni_l03b_landuse_by_watershed,https://nlftp.mlit.go.jp/ksj/gml/datalist/KsjTmplt-L03-b.html#L03-b-16,2016,83032-0066,83032,相模川,0500,森林,562,5.882712
nlni_l03b_landuse_by_watershed,https://nlftp.mlit.go.jp/ksj/gml/datalist/KsjTmplt-L03-b.html#L03-b-16,2016,83032-0066,83032,相模川,0600,荒地,2,0.020935
nlni_l03b_landuse_by_watershed,https://nlftp.mlit.go.jp/ksj/gml/datalist/KsjTmplt-L03-b.html#L03-b-16,2016,83032-0066,83032,相模川,0700,建物用地,75,0.785119
nlni_l03b_landuse_by_watershed,https://nlftp.mlit.go.jp/ksj/gml/datalist/KsjTmplt-L03-b.html#L03-b-16,2016,83032-0066,83032,相模川,0901,道路,3,0.03141
nlni_l03b_landuse_by_watershed,https://nlftp.mlit.go.jp/ksj/gml/datalist/KsjTmplt-L03-b.html#L03-b-16,2016,83032-0066,83032,相模川,1000,その他の用地,5,0.052341
nlni_l03b_landuse_by_watershed,https://nlftp.mlit.go.jp/ksj/gml/datalist/KsjTmplt-L03-b.html#L03-b-16,2016,83032-0066,83032,相模川,1100,河川地及び湖沼,1,0.010471
nlni_l03b_landuse_by_watershed,https://nlftp.mlit.go.jp/ksj/gml/datalist/KsjTmplt-L03-b.html#L03-b-16,2016,83032-0066,83032,相模川,1600,ゴルフ場,15,0.156996
nlni_l03b_landuse_by_watershed,https://nlftp.mlit.go.jp/ksj/gml/datalist/KsjTmplt-L03-b.html#L03-b-16,2016,83032-0067,83032,,0100,田,6,0.062829
nlni_l03b_landuse_by_watershed,https://nlftp.mlit.go.jp/ksj/gml/datalist/KsjTmplt-L03-b.html#L03-b-16,2016,83032-0067,83032,,0200,その他の農用地,16,0.167542
nlni_l03b_landuse_by_watershed,https://nlftp.mlit.go.jp/ksj/gml/datalist/KsjTmplt-L03-b.html#L03-b-16,2016,83032-0067,83032,,0500,森林,707,7.403891
nlni_l03b_landuse_by_watershed,https://nlftp.mlit.go.jp/ksj/gml/datalist/KsjTmplt-L03-b.html#L03-b-16,2016,83032-0067,83032,,0700,建物用地,50,0.523558
nlni_l03b_landuse_by_watershed,https://nlftp.mlit.go.jp/ksj/gml/datalist/KsjTmplt-L03-b.html#L03-b-16,2016,83032-0067,83032,,0902,鉄道,2,0.020943
nlni_l03b_landuse_by_watershed,https://nlftp.mlit.go.jp/ksj/gml/datalist/KsjTmplt-L03-b.html#L03-b-16,2016,83032-0067,83032,,1000,その他の用地,6,0.062826
nlni_l03b_landuse_by_watershed,https://nlftp.mlit.go.jp/ksj/gml/datalist/KsjTmplt-L03-b.html#L03-b-16,2016,83032-0067,83032,,1100,河川地及び湖沼,15,0.157068
nlni_l03b_landuse_by_watershed,https://nlftp.mlit.go.jp/ksj/gml/datalist/KsjTmplt-L03-b.html#L03-b-16,2016,83032-0068,83032,,0200,その他の農用地,1,0.010471
nlni_l03b_landuse_by_watershed,https://nlftp.mlit.go.jp/ksj/gml/datalist/KsjTmplt-L03-b.html#L03-b-16,2016,83032-0068,83032,,0500,森林,10,0.104703
nlni_l03b_landuse_by_watershed,https://nlftp.mlit.go.jp/ksj/gml/datalist/KsjTmplt-L03-b.html#L03-b-16,2016,83032-0068,83032,,0600,荒地,2,0.020941
nlni_l03b_landuse_by_watershed,https://nlftp.mlit.go.jp/ksj/gml/datalist/KsjTmplt-L03-b.html#L03-b-16,2016,83032-0068,83032,,0700,建物用地,47,0.492099
nlni_l03b_landuse_by_watershed,https://nlftp.mlit.go.jp/ksj/gml/datalist/KsjTmplt-L03-b.html#L03-b-16,2016,83032-0068,83032,,0901,道路,4,0.04188
nlni_l03b_landuse_by_watershed,https://nlftp.mlit.go.jp/ksj/gml/datalist/KsjTmplt-L03-b.html#L03-b-16,2016,83032-0068,83032,,0902,鉄道,4,0.041883
nlni_l03b_landuse_by_watershed,https://nlftp.mlit.go.jp/ksj/gml/datalist/KsjTmplt-L03-b.html#L03-b-16,2016,83032-0068,83032,,1000,その他の用地,2,0.02094
nlni_l03b_landuse_by_watershed,https://nlftp.mlit.go.jp/ksj/gml/datalist/KsjTmplt-L03-b.html#L03-b-16,2016,83032-0068,83032,,1100,河川地及び湖沼,5,0.052352
nlni_l03b_landuse_by_watershed,https://nlftp.mlit.go.jp/ksj/gml/datalist/KsjTmplt-L03-b.html#L03-b-16,2016,83032-0069,83032,,0100,田,12,0.125627
nlni_l03b_landuse_by_watershed,https://nlftp.mlit.go.jp/ksj/gml/datalist/KsjTmplt-L03-b.html#L03-b-16,2016,83032-0069,83032,,0200,その他の農用地,9,0.094215
nlni_l03b_landuse_by_watershed,https://nlftp.mlit.go.jp/ksj/gml/datalist/KsjTmplt-L03-b.html#L03-b-16,2016,83032-0069,83032,,0500,森林,98,1.025929
nlni_l03b_landuse_by_watershed,https://nlftp.mlit.go.jp/ksj/gml/datalist/KsjTmplt-L03-b.html#L03-b-16,2016,83032-0069,83032,,0600,荒地,1,0.01047
nlni_l03b_landuse_by_watershed,https://nlftp.mlit.go.jp/ksj/gml/datalist/KsjTmplt-L03-b.html#L03-b-16,2016,83032-0069,83032,,0700,建物用地,96,1.005013
nlni_l03b_landuse_by_watershed,https://nlftp.mlit.go.jp/ksj/gml/datalist/KsjTmplt-L03-b.html#L03-b-16,2016,83032-0069,83032,,0901,道路,6,0.062815
nlni_l03b_landuse_by_watershed,https://nlftp.mlit.go.jp/ksj/gml/datalist/KsjTmplt-L03-b.html#L03-b-16,2016,83032-0069,83032,,1000,その他の用地,19,0.198919
nlni_l03b_landuse_by_watershed,https://nlftp.mlit.go.jp/ksj/gml/datalist/KsjTmplt-L03-b.html#L03-b-16,2016,83032-0069,83032,,1100,河川地及び湖沼,8,0.083756
nlni_l03b_landuse_by_watershed,https://nlftp.mlit.go.jp/ksj/gml/datalist/KsjTmplt-L03-b.html#L03-b-16,2016,83032-0070,83032,,0100,田,1,0.01047
nlni_l03b_landuse_by_watershed,https://nlftp.mlit.go.jp/ksj/gml/datalist/KsjTmplt-L03-b.html#L03-b-16,2016,83032-0070,83032,,0200,その他の農用地,5,0.052347
nlni_l03b_landuse_by_watershed,https://nlftp.mlit.go.jp/ksj/gml/datalist/KsjTmplt-L03-b.html#L03-b-16,2016,83032-0070,83032,,0500,森林,216,2.261496
nlni_l03b_landuse_by_watershed,https://nlftp.mlit.go.jp/ksj/gml/datalist/KsjTmplt-L03-b.html#L03-b-16,2016,83032-0070,83032,,0600,荒地,2,0.02094
nlni_l03b_landuse_by_watershed,https://nlftp.mlit.go.jp/ksj/gml/datalist/KsjTmplt-L03-b.html#L03-b-16,2016,83032-0070,83032,,0700,建物用地,65,0.680576
nlni_l03b_landuse_by_watershed,https://nlftp.mlit.go.jp/ksj/gml/datalist/KsjTmplt-L03-b.html#L03-b-16,2016,83032-0070,83032,,0901,道路,1,0.010469
nlni_l03b_landuse_by_watershed,https://nlftp.mlit.go.jp/ksj/gml/datalist/KsjTmplt-L03-b.html#L03-b-16,2016,83032-0070,83032,,1000,その他の用地,21,0.219869
nlni_l03b_landuse_by_watershed,https://nlftp.mlit.go.jp/ksj/gml/datalist/KsjTmplt-L03-b.html#L03-b-16,2016,83032-0070,83032,,1100,河川地及び湖沼,1,0.010469
nlni_l03b_landuse_by_watershed,https://nlftp.mlit.go.jp/ksj/gml/datalist/KsjTmplt-L03-b.html#L03-b-16,2016,83032-0070,83032,,1600,ゴルフ場,60,0.628156
nlni_l03b_landuse_by_watershed,https://nlftp.mlit.go.jp/ksj/gml/datalist/KsjTmplt-L03-b.html#L03-b-16,2016,83032-0071,83032,,0100,田,9,0.094214
nlni_l03b_landuse_by_watershed,https://nlftp.mlit.go.jp/ksj/gml/datalist/KsjTmplt-L03-b.html#L03-b-16,2016,83032-0071,83032,,0200,その他の農用地,27,0.282641
nlni_l03b_landuse_by_watershed,https://nlftp.mlit.go.jp/ksj/gml/datalist/KsjTmplt-L03-b.html#L03-b-16,2016,83032-0071,83032,,0500,森林,244,2.554035
nlni_l03b_landuse_by_watershed,https://nlftp.mlit.go.jp/ksj/gml/datalist/KsjTmplt-L03-b.html#L03-b-16,2016,83032-0071,83032,,0600,荒地,4,0.041874
nlni_l03b_landuse_by_watershed,https://nlftp.mlit.go.jp/ksj/gml/datalist/KsjTmplt-L03-b.html#L03-b-16,2016,83032-0071,83032,,0700,建物用地,34,0.355922
nlni_l03b_landuse_by_watershed,https://nlftp.mlit.go.jp/ksj/gml/datalist/KsjTmplt-L03-b.html#L03-b-16,2016,83032-0071,83032,,0901,道路,16,0.167501
nlni_l03b_landuse_by_watershed,https://nlftp.mlit.go.jp/ksj/gml/datalist/KsjTmplt-L03-b.html#L03-b-16,2016,83032-0072,83032,,0100,田,7,0.073272
nlni_l03b_landuse_by_watershed,https://nlftp.mlit.go.jp/ksj/gml/datalist/KsjTmplt-L03-b.html#L03-b-16,2016,83032-0072,83032,,0200,その他の農用地,82,0.858119
nlni_l03b_landuse_by_watershed,https://nlftp.mlit.go.jp/ksj/gml/datalist/KsjTmplt-L03-b.html#L03-b-16,2016,83032-0072,83032,,0500,森林,1683,17.612181
nlni_l03b_landuse_by_watershed,https://nlftp.mlit.go.jp/ksj/gml/datalist/KsjTmplt-L03-b.html#L03-b-16,2016,83032-0072,83032,,0600,荒地,3,0.031391
nlni_l03b_landuse_by_watershed,https://nlftp.mlit.go.jp/ksj/gml/datalist/KsjTmplt-L03-b.html#L03-b-16,2016,83032-0072,83032,,0700,建物用地,52,0.54422
nlni_l03b_landuse_by_watershed,https://nlftp.mlit.go.jp/ksj/gml/datalist/KsjTmplt-L03-b.html#L03-b-16,2016,83032-0072,83032,,1000,その他の用地,1,0.010465
nlni_l03b_landuse_by_watershed,https://nlftp.mlit.go.jp/ksj/gml/datalist/KsjTmplt-L03-b.html#L03-b-16,2016,83032-0072,83032,,1100,河川地及び湖沼,7,0.073261
nlni_l03b_landuse_by_watershed,https://nlftp.mlit.go.jp/ksj/gml/datalist/KsjTmplt-L03-b.html#L03-b-16,2016,83032-0072,83032,,1600,ゴルフ場,69,0.722084
nlni_l03b_landuse_by_watershed,https://nlftp.mlit.go.jp/ksj/gml/datalist/KsjTmplt-L03-b.html#L03-b-16,2016,83032-0073,83032,,0200,その他の農用地,25,0.261661
nlni_l03b_landuse_by_watershed,https://nlftp.mlit.go.jp/ksj/gml/datalist/KsjTmplt-L03-b.html#L03-b-16,2016,83032-0073,83032,,0500,森林,492,5.149189
nlni_l03b_landuse_by_watershed,https://nlftp.mlit.go.jp/ksj/gml/datalist/KsjTmplt-L03-b.html#L03-b-16,2016,83032-0073,83032,,0700,建物用地,6,0.062803
nlni_l03b_landuse_by_watershed,https://nlftp.mlit.go.jp/ksj/gml/datalist/KsjTmplt-L03-b.html#L03-b-16,2016,83032-0074,83032,,0100,田,1,0.010469
nlni_l03b_landuse_by_watershed,https://nlftp.mlit.go.jp/ksj/gml/datalist/KsjTmplt-L03-b.html#L03-b-16,2016,83032-0074,83032,,0200,その他の農用地,29,0.303575
nlni_l03b_landuse_by_watershed,https://nlftp.mlit.go.jp/ksj/gml/datalist/KsjTmplt-L03-b.html#L03-b-16,2016,83032-0074,83032,,0500,森林,1220,12.769764
nlni_l03b_landuse_by_watershed,https://nlftp.mlit.go.jp/ksj/gml/datalist/KsjTmplt-L03-b.html#L03-b-16,2016,83032-0074,83032,,0700,建物用地,14,0.146556
nlni_l03b_landuse_by_watershed,https://nlftp.mlit.go.jp/ksj/gml/datalist/KsjTmplt-L03-b.html#L03-b-16,2016,83032-0074,83032,,0901,道路,18,0.188438
nlni_l03b_landuse_by_watershed,https://nlftp.mlit.go.jp/ksj/gml/datalist/KsjTmplt-L03-b.html#L03-b-16,2016,83032-0075,83032,,0100,田,7,0.073294
nlni_l03b_landuse_by_watershed,https://nlftp.mlit.go.jp/ksj/gml/datalist/KsjTmplt-L03-b.html#L03-b-16,2016,83032-0075,83032,,0200,その他の農用地,36,0.376917
nlni_l03b_landuse_by_watershed,https://nlftp.mlit.go.jp/ksj/gml/datalist/KsjTmplt-L03-b.html#L03-b-16,2016,83032-0075,83032,,0500,森林,640,6.700768
nlni_l03b_landuse_by_watershed,https://nlftp.mlit.go.jp/ksj/gml/datalist/KsjTmplt-L03-b.html#L03-b-16,2016,83032-0075,83032,,0600,荒地,7,0.073288
nlni_l03b_landuse_by_watershed,https://nlftp.mlit.go.jp/ksj/gml/datalist/KsjTmplt-L03-b.html#L03-b-16,2016,83032-0075,83032,,0700,建物用地,33,0.345512
nlni_l03b_landuse_by_watershed,https://nlftp.mlit.go.jp/ksj/gml/datalist/KsjTmplt-L03-b.html#L03-b-16,2016,83032-0075,83032,,0901,道路,31,0.324559
nlni_l03b_landuse_by_watershed,https://nlftp.mlit.go.jp/ksj/gml/datalist/KsjTmplt-L03-b.html#L03-b-16,2016,83032-0075,83032,,0902,鉄道,1,0.010471
nlni_l03b_landuse_by_watershed,https://nlftp.mlit.go.jp/ksj/gml/datalist/KsjTmplt-L03-b.html#L03-b-16,2016,83032-0075,83032,,1000,その他の用地,15,0.157048
nlni_l03b_landuse_by_watershed,https://nlftp.mlit.go.jp/ksj/gml/datalist/KsjTmplt-L03-b.html#L03-b-16,2016,83032-0075,83032,,1100,河川地及び湖沼,15,0.157057
nlni_l03b_landuse_by_watershed,https://nlftp.mlit.go.jp/ksj/gml/datalist/KsjTmplt-L03-b.html#L03-b-16,2016,83032-0075,83032,,1600,ゴルフ場,60,0.628199
nlni_l03b_landuse_by_watershed,https://nlftp.mlit.go.jp/ksj/gml/datalist/KsjTmplt-L03-b.html#L03-b-16,2016,83032-0076,83032,,0100,田,7,0.073307
nlni_l03b_landuse_by_watershed,https://nlftp.mlit.go.jp/ksj/gml/datalist/KsjTmplt-L03-b.html#L03-b-16,2016,83032-0076,83032,,0200,その他の農用地,28,0.293232
nlni_l03b_landuse_by_watershed,https://nlftp.mlit.go.jp/ksj/gml/datalist/KsjTmplt-L03-b.html#L03-b-16,2016,83032-0076,83032,,0500,森林,1405,14.714926
nlni_l03b_landuse_by_watershed,https://nlftp.mlit.go.jp/ksj/gml/datalist/KsjTmplt-L03-b.html#L03-b-16,2016,83032-0076,83032,,0600,荒地,4,0.041894
nlni_l03b_landuse_by_watershed,https://nlftp.mlit.go.jp/ksj/gml/datalist/KsjTmplt-L03-b.html#L03-b-16,2016,83032-0076,83032,,0700,建物用地,45,0.471257
nlni_l03b_landuse_by_watershed,https://nlftp.mlit.go.jp/ksj/gml/datalist/KsjTmplt-L03-b.html#L03-b-16,2016,83032-0076,83032,,0901,道路,4,0.041885
nlni_l03b_landuse_by_watershed,https://nlftp.mlit.go.jp/ksj/gml/datalist/KsjTmplt-L03-b.html#L03-b-16,2016,83032-0076,83032,,0902,鉄道,7,0.073307
nlni_l03b_landuse_by_watershed,https://nlftp.mlit.go.jp/ksj/gml/datalist/KsjTmplt-L03-b.html#L03-b-16,2016,83032-0076,83032,,1000,その他の用地,4,0.041888
nlni_l03b_landuse_by_watershed,https://nlftp.mlit.go.jp/ksj/gml/datalist/KsjTmplt-L03-b.html#L03-b-16,2016,83032-0076,83032,,1100,河川地及び湖沼,25,0.261814
nlni_l03b_landuse_by_watershed,https://nlftp.mlit.go.jp/ksj/gml/datalist/KsjTmplt-L03-b.html#L03-b-16,2016,83032-0078,83032,,0100,田,2,0.020942
nlni_l03b_landuse_by_watershed,https://nlftp.mlit.go.jp/ksj/gml/datalist/KsjTmplt-L03-b.html#L03-b-16,2016,83032-0078,83032,,0200,その他の農用地,27,0.282719
nlni_l03b_landuse_by_watershed,https://nlftp.mlit.go.jp/ksj/gml/datalist/KsjTmplt-L03-b.html#L03-b-16,2016,83032-0078,83032,,0500,森林,292,3.057253
nlni_l03b_landuse_by_watershed,https://nlftp.mlit.go.jp/ksj/gml/datalist/KsjTmplt-L03-b.html#L03-b-16,2016,83032-0078,83032,,0600,荒地,7,0.0733
nlni_l03b_landuse_by_watershed,https://nlftp.mlit.go.jp/ksj/gml/datalist/KsjTmplt-L03-b.html#L03-b-16,2016,83032-0078,83032,,0700,建物用地,14,0.146597
nlni_l03b_landuse_by_watershed,https://nlftp.mlit.go.jp/ksj/gml/datalist/KsjTmplt-L03-b.html#L03-b-16,2016,83032-0078,83032,,0901,道路,4,0.041886
nlni_l03b_landuse_by_watershed,https://nlftp.mlit.go.jp/ksj/gml/datalist/KsjTmplt-L03-b.html#L03-b-16,2016,83032-0078,83032,,0902,鉄道,1,0.010472
nlni_l03b_landuse_by_watershed,https://nlftp.mlit.go.jp/ksj/gml/datalist/KsjTmplt-L03-b.html#L03-b-16,2016,83032-0078,83032,,1600,ゴルフ場,22,0.230342
nlni_l03b_landuse_by_watershed,https://nlftp.mlit.go.jp/ksj/gml/datalist/KsjTmplt-L03-b.html#L03-b-16,2016,83032-0079,83032,,0100,田,16,0.167561
nlni_l03b_landuse_by_watershed,https://nlftp.mlit.go.jp/ksj/gml/datalist/KsjTmplt-L03-b.html#L03-b-16,2016,83032-0079,83032,,0200,その他の農用地,37,0.387471
nlni_l03b_landuse_by_watershed,https://nlftp.mlit.go.jp/ksj/gml/datalist/KsjTmplt-L03-b.html#L03-b-16,2016,83032-0079,83032,,0500,森林,699,7.320153
nlni_l03b_landuse_by_watershed,https://nlftp.mlit.go.jp/ksj/gml/datalist/KsjTmplt-L03-b.html#L03-b-16,2016,83032-0079,83032,,0600,荒地,4,0.041892
nlni_l03b_landuse_by_watershed,https://nlftp.mlit.go.jp/ksj/gml/datalist/KsjTmplt-L03-b.html#L03-b-16,2016,83032-0079,83032,,0700,建物用地,70,0.733031
nlni_l03b_landuse_by_watershed,https://nlftp.mlit.go.jp/ksj/gml/datalist/KsjTmplt-L03-b.html#L03-b-16,2016,83032-0079,83032,,0901,道路,12,0.125657
nlni_l03b_landuse_by_watershed,https://nlftp.mlit.go.jp/ksj/gml/datalist/KsjTmplt-L03-b.html#L03-b-16,2016,83032-0079,83032,,0902,鉄道,4,0.041888
nlni_l03b_landuse_by_watershed,https://nlftp.mlit.go.jp/ksj/gml/datalist/KsjTmplt-L03-b.html#L03-b-16,2016,83032-0079,83032,,1000,その他の用地,13,0.13612
nlni_l03b_landuse_by_watershed,https://nlftp.mlit.go.jp/ksj/gml/datalist/KsjTmplt-L03-b.html#L03-b-16,2016,83032-0079,83032,,1100,河川地及び湖沼,30,0.314173
nlni_l03b_landuse_by_watershed,https://nlftp.mlit.go.jp/ksj/gml/datalist/KsjTmplt-L03-b.html#L03-b-16,2016,83032-0079,83032,,1600,ゴルフ場,16,0.167524
nlni_l03b_landuse_by_watershed,https://nlftp.mlit.go.jp/ksj/gml/datalist/KsjTmplt-L03-b.html#L03-b-16,2016,83032-0082,83032,,0100,田,2,0.020956
nlni_l03b_landuse_by_watershed,https://nlftp.mlit.go.jp/ksj/gml/datalist/KsjTmplt-L03-b.html#L03-b-16,2016,83032-0082,83032,,0500,森林,434,4.547734
nlni_l03b_landuse_by_watershed,https://nlftp.mlit.go.jp/ksj/gml/datalist/KsjTmplt-L03-b.html#L03-b-16,2016,83032-0082,83032,,0902,鉄道,2,0.020955
nlni_l03b_landuse_by_watershed,https://nlftp.mlit.go.jp/ksj/gml/datalist/KsjTmplt-L03-b.html#L03-b-16,2016,83032-0084,83032,,0500,森林,318,3.335437
nlni_l03b_landuse_by_watershed,https://nlftp.mlit.go.jp/ksj/gml/datalist/KsjTmplt-L03-b.html#L03-b-16,2016,83032-0118,83032,,0500,森林,303,3.177286
nlni_l03b_landuse_by_watershed,https://nlftp.mlit.go.jp/ksj/gml/datalist/KsjTmplt-L03-b.html#L03-b-16,2016,83032-0119,83032,,0500,森林,118,1.237338
nlni_l03b_landuse_by_watershed,https://nlftp.mlit.go.jp/ksj/gml/datalist/KsjTmplt-L03-b.html#L03-b-16,2016,83032-0133,83032,,0500,森林,1981,20.777848
nlni_l03b_landuse_by_watershed,https://nlftp.mlit.go.jp/ksj/gml/datalist/KsjTmplt-L03-b.html#L03-b-16,2016,83032-0133,83032,,0600,荒地,27,0.283174
nlni_l03b_landuse_by_watershed,https://nlftp.mlit.go.jp/ksj/gml/datalist/KsjTmplt-L03-b.html#L03-b-16,2016,83032-0134,83032,,0500,森林,15,0.157303
nlni_l03b_landuse_by_watershed,https://nlftp.mlit.go.jp/ksj/gml/datalist/KsjTmplt-L03-b.html#L03-b-16,2016,83032-0141,83032,,0100,田,64,0.671205
nlni_l03b_landuse_by_watershed,https://nlftp.mlit.go.jp/ksj/gml/datalist/KsjTmplt-L03-b.html#L03-b-16,2016,83032-0141,83032,,0200,その他の農用地,21,0.220234
nlni_l03b_landuse_by_watershed,https://nlftp.mlit.go.jp/ksj/gml/datalist/KsjTmplt-L03-b.html#L03-b-16,2016,83032-0141,83032,,0500,森林,1889,19.813063
nlni_l03b_landuse_by_watershed,https://nlftp.mlit.go.jp/ksj/gml/datalist/KsjTmplt-L03-b.html#L03-b-16,2016,83032-0141,83032,,0600,荒地,6,0.062926
nlni_l03b_landuse_by_watershed,https://nlftp.mlit.go.jp/ksj/gml/datalist/KsjTmplt-L03-b.html#L03-b-16,2016,83032-0141,83032,,0700,建物用地,20,0.209741
nlni_l03b_landuse_by_watershed,https://nlftp.mlit.go.jp/ksj/gml/datalist/KsjTmplt-L03-b.html#L03-b-16,2016,83032-0141,83032,,1100,河川地及び湖沼,3,0.031459
nlni_l03b_landuse_by_watershed,https://nlftp.mlit.go.jp/ksj/gml/datalist/KsjTmplt-L03-b.html#L03-b-16,2016,83032-0143,83032,,0100,田,5,0.052431
nlni_l03b_landuse_by_watershed,https://nlftp.mlit.go.jp/ksj/gml/datalist/KsjTmplt-L03-b.html#L03-b-16,2016,83032-0143,83032,,0200,その他の農用地,7,0.073404
nlni_l03b_landuse_by_watershed,https://nlftp.mlit.go.jp/ksj/gml/datalist/KsjTmplt-L03-b.html#L03-b-16,2016,83032-0143,83032,,0500,森林,117,1.226954
nlni_l03b_landuse_by_watershed,https://nlftp.mlit.go.jp/ksj/gml/datalist/KsjTmplt-L03-b.html#L03-b-16,2016,83032-0144,83032,相模川,0500,森林,494,5.179669
nlni_l03b_landuse_by_watershed,https://nlftp.mlit.go.jp/ksj/gml/datalist/KsjTmplt-L03-b.html#L03-b-16,2016,83032-0144,83032,相模川,1100,河川地及び湖沼,4,0.041932
nlni_l03b_landuse_by_watershed,https://nlftp.mlit.go.jp/ksj/gml/datalist/KsjTmplt-L03-b.html#L03-b-16,2016,83032-0154,83032,,0100,田,18,0.188851
nlni_l03b_landuse_by_watershed,https://nlftp.mlit.go.jp/ksj/gml/datalist/KsjTmplt-L03-b.html#L03-b-16,2016,83032-0154,83032,,0200,その他の農用地,4,0.041964
nlni_l03b_landuse_by_watershed,https://nlftp.mlit.go.jp/ksj/gml/datalist/KsjTmplt-L03-b.html#L03-b-16,2016,83032-0154,83032,,0500,森林,600,6.294859
nlni_l03b_landuse_by_watershed,https://nlftp.mlit.go.jp/ksj/gml/datalist/KsjTmplt-L03-b.html#L03-b-16,2016,83032-0154,83032,,0600,荒地,13,0.136373
nlni_l03b_landuse_by_watershed,https://nlftp.mlit.go.jp/ksj/gml/datalist/KsjTmplt-L03-b.html#L03-b-16,2016,83032-0154,83032,,0700,建物用地,2,0.020983
nlni_l03b_landuse_by_watershed,https://nlftp.mlit.go.jp/ksj/gml/datalist/KsjTmplt-L03-b.html#L03-b-16,2016,83032-0154,83032,,1100,河川地及び湖沼,5,0.052459
nlni_l03b_landuse_by_watershed,https://nlftp.mlit.go.jp/ksj/gml/datalist/KsjTmplt-L03-b.html#L03-b-16,2016,83032-0156,83032,,0100,田,1,0.010495
nlni_l03b_landuse_by_watershed,https://nlftp.mlit.go.jp/ksj/gml/datalist/KsjTmplt-L03-b.html#L03-b-16,2016,83032-0156,83032,,0200,その他の農用地,2,0.02099
nlni_l03b_landuse_by_watershed,https://nlftp.mlit.go.jp/ksj/gml/datalist/KsjTmplt-L03-b.html#L03-b-16,2016,83032-0156,83032,,0500,森林,372,3.904539
nlni_l03b_landuse_by_watershed,https://nlftp.mlit.go.jp/ksj/gml/datalist/KsjTmplt-L03-b.html#L03-b-16,2016,83032-0156,83032,,0600,荒地,18,0.188943
nlni_l03b_landuse_by_watershed,https://nlftp.mlit.go.jp/ksj/gml/datalist/KsjTmplt-L03-b.html#L03-b-16,2016,83032-0156,83032,,0700,建物用地,49,0.514226
nlni_l03b_landuse_by_watershed,https://nlftp.mlit.go.jp/ksj/gml/datalist/KsjTmplt-L03-b.html#L03-b-16,2016,83032-0156,83032,,1100,河川地及び湖沼,40,0.419819
nlni_l03b_landuse_by_watershed,https://nlftp.mlit.go.jp/ksj/gml/datalist/KsjTmplt-L03-b.html#L03-b-16,2016,83032-0159,83032,,0100,田,20,0.209911
nlni_l03b_landuse_by_watershed,https://nlftp.mlit.go.jp/ksj/gml/datalist/KsjTmplt-L03-b.html#L03-b-16,2016,83032-0159,83032,,0200,その他の農用地,53,0.556217
nlni_l03b_landuse_by_watershed,https://nlftp.mlit.go.jp/ksj/gml/datalist/KsjTmplt-L03-b.html#L03-b-16,2016,83032-0159,83032,,0500,森林,176,1.846813
nlni_l03b_landuse_by_watershed,https://nlftp.mlit.go.jp/ksj/gml/datalist/KsjTmplt-L03-b.html#L03-b-16,2016,83032-0159,83032,,0700,建物用地,29,0.304354
nlni_l03b_landuse_by_watershed,https://nlftp.mlit.go.jp/ksj/gml/datalist/KsjTmplt-L03-b.html#L03-b-16,2016,83032-0160,83032,,0100,田,27,0.283389
nlni_l03b_landuse_by_watershed,https://nlftp.mlit.go.jp/ksj/gml/datalist/KsjTmplt-L03-b.html#L03-b-16,2016,83032-0160,83032,,0200,その他の農用地,151,1.5847
nlni_l03b_landuse_by_watershed,https://nlftp.mlit.go.jp/ksj/gml/datalist/KsjTmplt-L03-b.html#L03-b-16,2016,83032-0160,83032,,0500,森林,613,6.432814
nlni_l03b_landuse_by_watershed,https://nlftp.mlit.go.jp/ksj/gml/datalist/KsjTmplt-L03-b.html#L03-b-16,2016,83032-0160,83032,,0600,荒地,55,0.577287
nlni_l03b_landuse_by_watershed,https://nlftp.mlit.go.jp/ksj/gml/datalist/KsjTmplt-L03-b.html#L03-b-16,2016,83032-0160,83032,,0700,建物用地,39,0.409316
nlni_l03b_landuse_by_watershed,https://nlftp.mlit.go.jp/ksj/gml/datalist/KsjTmplt-L03-b.html#L03-b-16,2016,83032-0160,83032,,1000,その他の用地,22,0.230919
nlni_l03b_landuse_by_watershed,https://nlftp.mlit.go.jp/ksj/gml/datalist/KsjTmplt-L03-b.html#L03-b-16,2016,83267-0001,83267,境川,0200,その他の農用地,1,0.010507
nlni_l03b_landuse_by_watershed,https://nlftp.mlit.go.jp/ksj/gml/datalist/KsjTmplt-L03-b.html#L03-b-16,2016,83267-0001,83267,境川,0500,森林,18,0.189148
nlni_l03b_landuse_by_watershed,https://nlftp.mlit.go.jp/ksj/gml/datalist/KsjTmplt-L03-b.html#L03-b-16,2016,83267-0001,83267,境川,0600,荒地,2,0.021015
nlni_l03b_landuse_by_watershed,https://nlftp.mlit.go.jp/ksj/gml/datalist/KsjTmplt-L03-b.html#L03-b-16,2016,83267-0001,83267,境川,0700,建物用地,373,3.919653
nlni_l03b_landuse_by_watershed,https://nlftp.mlit.go.jp/ksj/gml/datalist/KsjTmplt-L03-b.html#L03-b-16,2016,83267-0001,83267,境川,0901,道路,18,0.189145
nlni_l03b_landuse_by_watershed,https://nlftp.mlit.go.jp/ksj/gml/datalist/KsjTmplt-L03-b.html#L03-b-16,2016,83267-0001,83267,境川,0902,鉄道,9,0.094575
nlni_l03b_landuse_by_watershed,https://nlftp.mlit.go.jp/ksj/gml/datalist/KsjTmplt-L03-b.html#L03-b-16,2016,83267-0001,83267,境川,1000,その他の用地,9,0.094583
nlni_l03b_landuse_by_watershed,https://nlftp.mlit.go.jp/ksj/gml/datalist/KsjTmplt-L03-b.html#L03-b-16,2016,83267-0001,83267,境川,1100,河川地及び湖沼,21,0.22069
nlni_l03b_landuse_by_watershed,https://nlftp.mlit.go.jp/ksj/gml/datalist/KsjTmplt-L03-b.html#L03-b-16,2016,83267-0001,83267,境川,1400,海浜,4,0.042042
nlni_l03b_landuse_by_watershed,https://nlftp.mlit.go.jp/ksj/gml/datalist/KsjTmplt-L03-b.html#L03-b-16,2016,83267-0002,83267,境川,0100,田,55,0.577632
nlni_l03b_landuse_by_watershed,https://nlftp.mlit.go.jp/ksj/gml/datalist/KsjTmplt-L03-b.html#L03-b-16,2016,83267-0002,83267,境川,0200,その他の農用地,196,2.058517
nlni_l03b_landuse_by_watershed,https://nlftp.mlit.go.jp/ksj/gml/datalist/KsjTmplt-L03-b.html#L03-b-16,2016,83267-0002,83267,境川,0500,森林,80,0.8403
nlni_l03b_landuse_by_watershed,https://nlftp.mlit.go.jp/ksj/gml/datalist/KsjTmplt-L03-b.html#L03-b-16,2016,83267-0002,83267,境川,0600,荒地,3,0.031506
nlni_l03b_landuse_by_watershed,https://nlftp.mlit.go.jp/ksj/gml/datalist/KsjTmplt-L03-b.html#L03-b-16,2016,83267-0002,83267,境川,0700,建物用地,702,7.373798
nlni_l03b_landuse_by_watershed,https://nlftp.mlit.go.jp/ksj/gml/datalist/KsjTmplt-L03-b.html#L03-b-16,2016,83267-0002,83267,境川,0901,道路,24,0.252089
nlni_l03b_landuse_by_watershed,https://nlftp.mlit.go.jp/ksj/gml/datalist/KsjTmplt-L03-b.html#L03-b-16,2016,83267-0002,83267,境川,0902,鉄道,7,0.07353
nlni_l03b_landuse_by_watershed,https://nlftp.mlit.go.jp/ksj/gml/datalist/KsjTmplt-L03-b.html#L03-b-16,2016,83267-0002,83267,境川,1000,その他の用地,118,1.239431
nlni_l03b_landuse_by_watershed,https://nlftp.mlit.go.jp/ksj/gml/datalist/KsjTmplt-L03-b.html#L03-b-16,2016,83267-0002,83267,境川,1100,河川地及び湖沼,16,0.168073
nlni_l03b_landuse_by_watershed,https://nlftp.mlit.go.jp/ksj/gml/datalist/KsjTmplt-L03-b.html#L03-b-16,2016,83267-0003,83267,境川,0100,田,1,0.010506
nlni_l03b_landuse_by_watershed,https://nlftp.mlit.go.jp/ksj/gml/datalist/KsjTmplt-L03-b.html#L03-b-16,2016,83267-0003,83267,境川,0200,その他の農用地,17,0.178627
nlni_l03b_landuse_by_watershed,https://nlftp.mlit.go.jp/ksj/gml/datalist/KsjTmplt-L03-b.html#L03-b-16,2016,83267-0003,83267,境川,0500,森林,412,4.329001
nlni_l03b_landuse_by_watershed,https://nlftp.mlit.go.jp/ksj/gml/datalist/KsjTmplt-L03-b.html#L03-b-16,2016,83267-0003,83267,境川,0600,荒地,3,0.031524
nlni_l03b_landuse_by_watershed,https://nlftp.mlit.go.jp/ksj/gml/datalist/KsjTmplt-L03-b.html#L03-b-16,2016,83267-0003,83267,境川,0700,建物用地,1078,11.326019
nlni_l03b_landuse_by_watershed,https://nlftp.mlit.go.jp/ksj/gml/datalist/KsjTmplt-L03-b.html#L03-b-16,2016,83267-0003,83267,境川,0901,道路,12,0.126069
nlni_l03b_landuse_by_watershed,https://nlftp.mlit.go.jp/ksj/gml/datalist/KsjTmplt-L03-b.html#L03-b-16,2016,83267-0003,83267,境川,0902,鉄道,46,0.483278
nlni_l03b_landuse_by_watershed,https://nlftp.mlit.go.jp/ksj/gml/datalist/KsjTmplt-L03-b.html#L03-b-16,2016,83267-0003,83267,境川,1000,その他の用地,97,1.019122
nlni_l03b_landuse_by_watershed,https://nlftp.mlit.go.jp/ksj/gml/datalist/KsjTmplt-L03-b.html#L03-b-16,2016,83267-0003,83267,境川,1100,河川地及び湖沼,18,0.189113
nlni_l03b_landuse_by_watershed,https://nlftp.mlit.go.jp/ksj/gml/datalist/KsjTmplt-L03-b.html#L03-b-16,2016,83267-0004,83267,境川,0200,その他の農用地,3,0.031516
nlni_l03b_landuse_by_watershed,https://nlftp.mlit.go.jp/ksj/gml/datalist/KsjTmplt-L03-b.html#L03-b-16,2016,83267-0004,83267,境川,0500,森林,122,1.281703
nlni_l03b_landuse_by_watershed,https://nlftp.mlit.go.jp/ksj/gml/datalist/KsjTmplt-L03-b.html#L03-b-16,2016,83267-0004,83267,境川,0700,建物用地,166,1.743892
nlni_l03b_landuse_by_watershed,https://nlftp.mlit.go.jp/ksj/gml/datalist/KsjTmplt-L03-b.html#L03-b-16,2016,83267-0004,83267,境川,0902,鉄道,2,0.021009
nlni_l03b_landuse_by_watershed,https://nlftp.mlit.go.jp/ksj/gml/datalist/KsjTmplt-L03-b.html#L03-b-16,2016,83267-0004,83267,境川,1000,その他の用地,8,0.084045
nlni_l03b_landuse_by_watershed,https://nlftp.mlit.go.jp/ksj/gml/datalist/KsjTmplt-L03-b.html#L03-b-16,2016,83267-0004,83267,境川,1600,ゴルフ場,48,0.504282
nlni_l03b_landuse_by_watershed,https://nlftp.mlit.go.jp/ksj/gml/datalist/KsjTmplt-L03-b.html#L03-b-16,2016,83267-0005,83267,境川,0100,田,3,0.03151
nlni_l03b_landuse_by_watershed,https://nlftp.mlit.go.jp/ksj/gml/datalist/KsjTmplt-L03-b.html#L03-b-16,2016,83267-0005,83267,境川,0200,その他の農用地,25,0.262593
nlni_l03b_landuse_by_watershed,https://nlftp.mlit.go.jp/ksj/gml/datalist/KsjTmplt-L03-b.html#L03-b-16,2016,83267-0005,83267,境川,0500,森林,314,3.298362
nlni_l03b_landuse_by_watershed,https://nlftp.mlit.go.jp/ksj/gml/datalist/KsjTmplt-L03-b.html#L03-b-16,2016,83267-0005,83267,境川,0600,荒地,17,0.17857
nlni_l03b_landuse_by_watershed,https://nlftp.mlit.go.jp/ksj/gml/datalist/KsjTmplt-L03-b.html#L03-b-16,2016,83267-0005,83267,境川,0700,建物用地,952,9.999234
nlni_l03b_landuse_by_watershed,https://nlftp.mlit.go.jp/ksj/gml/datalist/KsjTmplt-L03-b.html#L03-b-16,2016,83267-0005,83267,境川,0901,道路,24,0.252066
nlni_l03b_landuse_by_watershed,https://nlftp.mlit.go.jp/ksj/gml/datalist/KsjTmplt-L03-b.html#L03-b-16,2016,83267-0005,83267,境川,0902,鉄道,8,0.084022
nlni_l03b_landuse_by_watershed,https://nlftp.mlit.go.jp/ksj/gml/datalist/KsjTmplt-L03-b.html#L03-b-16,2016,83267-0005,83267,境川,1000,その他の用地,100,1.050433
nlni_l03b_landuse_by_watershed,https://nlftp.mlit.go.jp/ksj/gml/datalist/KsjTmplt-L03-b.html#L03-b-16,2016,83267-0005,83267,境川,1600,ゴルフ場,24,0.252143
nlni_l03b_landuse_by_watershed,https://nlftp.mlit.go.jp/ksj/gml/datalist/KsjTmplt-L03-b.html#L03-b-16,2016,83267-0006,83267,境川,0200,その他の農用地,3,0.031511
nlni_l03b_landuse_by_watershed,https://nlftp.mlit.go.jp/ksj/gml/datalist/KsjTmplt-L03-b.html#L03-b-16,2016,83267-0006,83267,境川,0500,森林,9,0.094536
nlni_l03b_landuse_by_watershed,https://nlftp.mlit.go.jp/ksj/gml/datalist/KsjTmplt-L03-b.html#L03-b-16,2016,83267-0006,83267,境川,0700,建物用地,53,0.556706
nlni_l03b_landuse_by_watershed,https://nlftp.mlit.go.jp/ksj/gml/datalist/KsjTmplt-L03-b.html#L03-b-16,2016,83267-0006,83267,境川,0902,鉄道,7,0.073526
nlni_l03b_landuse_by_watershed,https://nlftp.mlit.go.jp/ksj/gml/datalist/KsjTmplt-L03-b.html#L03-b-16,2016,83267-0006,83267,境川,1000,その他の用地,2,0.021007
nlni_l03b_landuse_by_watershed,https://nlftp.mlit.go.jp/ksj/gml/datalist/KsjTmplt-L03-b.html#L03-b-16,2016,83267-0006,83267,境川,1100,河川地及び湖沼,2,0.021007
nlni_l03b_landuse_by_watershed,https://nlftp.mlit.go.jp/ksj/gml/datalist/KsjTmplt-L03-b.html#L03-b-16,2016,83267-0007,83267,境川,0100,田,39,0.409538
nlni_l03b_landuse_by_watershed,https://nlftp.mlit.go.jp/ksj/gml/datalist/KsjTmplt-L03-b.html#L03-b-16,2016,83267-0007,83267,境川,0200,その他の農用地,70,0.73512
nlni_l03b_landuse_by_watershed,https://nlftp.mlit.go.jp/ksj/gml/datalist/KsjTmplt-L03-b.html#L03-b-16,2016,83267-0007,83267,境川,0500,森林,226,2.373121
nlni_l03b_landuse_by_watershed,https://nlftp.mlit.go.jp/ksj/gml/datalist/KsjTmplt-L03-b.html#L03-b-16,2016,83267-0007,83267,境川,0600,荒地,7,0.07349
nlni_l03b_landuse_by_watershed,https://nlftp.mlit.go.jp/ksj/gml/datalist/KsjTmplt-L03-b.html#L03-b-16,2016,83267-0007,83267,境川,0700,建物用地,1285,13.492435
nlni_l03b_landuse_by_watershed,https://nlftp.mlit.go.jp/ksj/gml/datalist/KsjTmplt-L03-b.html#L03-b-16,2016,83267-0007,83267,境川,0901,道路,29,0.304491
nlni_l03b_landuse_by_watershed,https://nlftp.mlit.go.jp/ksj/gml/datalist/KsjTmplt-L03-b.html#L03-b-16,2016,83267-0007,83267,境川,0902,鉄道,20,0.209995
nlni_l03b_landuse_by_watershed,https://nlftp.mlit.go.jp/ksj/gml/datalist/KsjTmplt-L03-b.html#L03-b-16,2016,83267-0007,83267,境川,1000,その他の用地,95,0.997574
nlni_l03b_landuse_by_watershed,https://nlftp.mlit.go.jp/ksj/gml/datalist/KsjTmplt-L03-b.html#L03-b-16,2016,83267-0007,83267,境川,1100,河川地及び湖沼,25,0.262509
nlni_l03b_landuse_by_watershed,https://nlftp.mlit.go.jp/ksj/gml/datalist/KsjTmplt-L03-b.html#L03-b-16,2016,83267-0008,83267,境川,0100,田,1,0.010501
nlni_l03b_landuse_by_watershed,https://nlftp.mlit.go.jp/ksj/gml/datalist/KsjTmplt-L03-b.html#L03-b-16,2016,83267-0008,83267,境川,0200,その他の農用地,28,0.293947
nlni_l03b_landuse_by_watershed,https://nlftp.mlit.go.jp/ksj/gml/datalist/KsjTmplt-L03-b.html#L03-b-16,2016,83267-0008,83267,境川,0500,森林,137,1.438006
nlni_l03b_landuse_by_watershed,https://nlftp.mlit.go.jp/ksj/gml/datalist/KsjTmplt-L03-b.html#L03-b-16,2016,83267-0008,83267,境川,0600,荒地,7,0.073466
nlni_l03b_landuse_by_watershed,https://nlftp.mlit.go.jp/ksj/gml/datalist/KsjTmplt-L03-b.html#L03-b-16,2016,83267-0008,83267,境川,0700,建物用地,1079,11.326018
nlni_l03b_landuse_by_watershed,https://nlftp.mlit.go.jp/ksj/gml/datalist/KsjTmplt-L03-b.html#L03-b-16,2016,83267-0008,83267,境川,0901,道路,51,0.535312
nlni_l03b_landuse_by_watershed,https://nlftp.mlit.go.jp/ksj/gml/datalist/KsjTmplt-L03-b.html#L03-b-16,2016,83267-0008,83267,境川,0902,鉄道,25,0.262406
nlni_l03b_landuse_by_watershed,https://nlftp.mlit.go.jp/ksj/gml/datalist/KsjTmplt-L03-b.html#L03-b-16,2016,83267-0008,83267,境川,1000,その他の用地,92,0.965722
nlni_l03b_landuse_by_watershed,https://nlftp.mlit.go.jp/ksj/gml/datalist/KsjTmplt-L03-b.html#L03-b-16,2016,83267-0008,83267,境川,1100,河川地及び湖沼,4,0.041985
nlni_l03b_landuse_by_watershed,https://nlftp.mlit.go.jp/ksj/gml/datalist/KsjTmplt-L03-b.html#L03-b-16,2016,83267-0008,83267,境川,1600,ゴルフ場,73,0.766004
nlni_l03b_landuse_by_watershed,https://nlftp.mlit.go.jp/ksj/gml/datalist/KsjTmplt-L03-b.html#L03-b-16,2016,83267-0009,83267,境川,0100,田,4,0.041978
nlni_l03b_landuse_by_watershed,https://nlftp.mlit.go.jp/ksj/gml/datalist/KsjTmplt-L03-b.html#L03-b-16,2016,83267-0009,83267,境川,0200,その他の農用地,53,0.556188
nlni_l03b_landuse_by_watershed,https://nlftp.mlit.go.jp/ksj/gml/datalist/KsjTmplt-L03-b.html#L03-b-16,2016,83267-0009,83267,境川,0500,森林,211,2.214221
nlni_l03b_landuse_by_watershed,https://nlftp.mlit.go.jp/ksj/gml/datalist/KsjTmplt-L03-b.html#L03-b-16,2016,83267-0009,83267,境川,0600,荒地,7,0.07346
nlni_l03b_landuse_by_watershed,https://nlftp.mlit.go.jp/ksj/gml/datalist/KsjTmplt-L03-b.html#L03-b-16,2016,83267-0009,83267,境川,0700,建物用地,894,9.381881
nlni_l03b_landuse_by_watershed,https://nlftp.mlit.go.jp/ksj/gml/datalist/KsjTmplt-L03-b.html#L03-b-16,2016,83267-0009,83267,境川,0901,道路,13,0.136435
nlni_l03b_landuse_by_watershed,https://nlftp.mlit.go.jp/ksj/gml/datalist/KsjTmplt-L03-b.html#L03-b-16,2016,83267-0009,83267,境川,0902,鉄道,11,0.115422
nlni_l03b_landuse_by_watershed,https://nlftp.mlit.go.jp/ksj/gml/datalist/KsjTmplt-L03-b.html#L03-b-16,2016,83267-0009,83267,境川,1000,その他の用地,86,0.902471
nlni_l03b_landuse_by_watershed,https://nlftp.mlit.go.jp/ksj/gml/datalist/KsjTmplt-L03-b.html#L03-b-16,2016,83267-0009,83267,境川,1100,河川地及び湖沼,2,0.020989
nlni_l03b_landuse_by_watershed,https://nlftp.mlit.go.jp/ksj/gml/datalist/KsjTmplt-L03-b.html#L03-b-16,2016,83267-0009,83267,境川,1600,ゴルフ場,46,0.482698
nlni_l03b_landuse_by_watershed,https://nlftp.mlit.go.jp/ksj/gml/datalist/KsjTmplt-L03-b.html#L03-b-16,2016,83267-0010,83267,境川,0100,田,22,0.231019
nlni_l03b_landuse_by_watershed,https://nlftp.mlit.go.jp/ksj/gml/datalist/KsjTmplt-L03-b.html#L03-b-16,2016,83267-0010,83267,境川,0200,その他の農用地,31,0.325529
nlni_l03b_landuse_by_watershed,https://nlftp.mlit.go.jp/ksj/gml/datalist/KsjTmplt-L03-b.html#L03-b-16,2016,83267-0010,83267,境川,0500,森林,13,0.136512
nlni_l03b_landuse_by_watershed,https://nlftp.mlit.go.jp/ksj/gml/datalist/KsjTmplt-L03-b.html#L03-b-16,2016,83267-0010,83267,境川,0600,荒地,3,0.031501
nlni_l03b_landuse_by_watershed,https://nlftp.mlit.go.jp/ksj/gml/datalist/KsjTmplt-L03-b.html#L03-b-16,2016,83267-0010,83267,境川,0700,建物用地,55,0.577543
nlni_l03b_landuse_by_watershed,https://nlftp.mlit.go.jp/ksj/gml/datalist/KsjTmplt-L03-b.html#L03-b-16,2016,83267-0010,83267,境川,1000,その他の用地,18,0.18901
nlni_l03b_landuse_by_watershed,https://nlftp.mlit.go.jp/ksj/gml/datalist/KsjTmplt-L03-b.html#L03-b-16,2016,83267-0010,83267,境川,1100,河川地及び湖沼,5,0.052505
nlni_l03b_landuse_by_watershed,https://nlftp.mlit.go.jp/ksj/gml/datalist/KsjTmplt-L03-b.html#L03-b-16,2016,83267-0011,83267,境川,0100,田,2,0.021001
nlni_l03b_landuse_by_watershed,https://nlftp.mlit.go.jp/ksj/gml/datalist/KsjTmplt-L03-b.html#L03-b-16,2016,83267-0011,83267,境川,0200,その他の農用地,137,1.438294
nlni_l03b_landuse_by_watershed,https://nlftp.mlit.go.jp/ksj/gml/datalist/KsjTmplt-L03-b.html#L03-b-16,2016,83267-0011,83267,境川,0500,森林,65,0.682518
nlni_l03b_landuse_by_watershed,https://nlftp.mlit.go.jp/ksj/gml/datalist/KsjTmplt-L03-b.html#L03-b-16,2016,83267-0011,83267,境川,0700,建物用地,816,8.567244
nlni_l03b_landuse_by_watershed,https://nlftp.mlit.go.jp/ksj/gml/datalist/KsjTmplt-L03-b.html#L03-b-16,2016,83267-0011,83267,境川,0901,道路,11,0.115498
nlni_l03b_landuse_by_watershed,https://nlftp.mlit.go.jp/ksj/gml/datalist/KsjTmplt-L03-b.html#L03-b-16,2016,83267-0011,83267,境川,1000,その他の用地,118,1.2389
nlni_l03b_landuse_by_watershed,https://nlftp.mlit.go.jp/ksj/gml/datalist/KsjTmplt-L03-b.html#L03-b-16,2016,83267-0011,83267,境川,1100,河川地及び湖沼,2,0.021003
nlni_l03b_landuse_by_watershed,https://nlftp.mlit.go.jp/ksj/gml/datalist/KsjTmplt-L03-b.html#L03-b-16,2016,83267-0012,83267,境川,0100,田,69,0.724295
nlni_l03b_landuse_by_watershed,https://nlftp.mlit.go.jp/ksj/gml/datalist/KsjTmplt-L03-b.html#L03-b-16,2016,83267-0012,83267,境川,0200,その他の農用地,144,1.511406
nlni_l03b_landuse_by_watershed,https://nlftp.mlit.go.jp/ksj/gml/datalist/KsjTmplt-L03-b.html#L03-b-16,2016,83267-0012,83267,境川,0500,森林,35,0.367363
nlni_l03b_landuse_by_watershed,https://nlftp.mlit.go.jp/ksj/gml/datalist/KsjTmplt-L03-b.html#L03-b-16,2016,83267-0012,83267,境川,0600,荒地,2,0.021
nlni_l03b_landuse_by_watershed,https://nlftp.mlit.go.jp/ksj/gml/datalist/KsjTmplt-L03-b.html#L03-b-16,2016,83267-0012,83267,境川,0700,建物用地,682,7.158143
nlni_l03b_landuse_by_watershed,https://nlftp.mlit.go.jp/ksj/gml/datalist/KsjTmplt-L03-b.html#L03-b-16,2016,83267-0012,83267,境川,0901,道路,10,0.104959
nlni_l03b_landuse_by_watershed,https://nlftp.mlit.go.jp/ksj/gml/datalist/KsjTmplt-L03-b.html#L03-b-16,2016,83267-0012,83267,境川,0902,鉄道,12,0.125969
nlni_l03b_landuse_by_watershed,https://nlftp.mlit.go.jp/ksj/gml/datalist/KsjTmplt-L03-b.html#L03-b-16,2016,83267-0012,83267,境川,1000,その他の用地,41,0.430354
nlni_l03b_landuse_by_watershed,https://nlftp.mlit.go.jp/ksj/gml/datalist/KsjTmplt-L03-b.html#L03-b-16,2016,83267-0012,83267,境川,1100,河川地及び湖沼,34,0.356899
nlni_l03b_landuse_by_watershed,https://nlftp.mlit.go.jp/ksj/gml/datalist/KsjTmplt-L03-b.html#L03-b-16,2016,83267-0013,83267,境川,0100,田,20,0.209961
nlni_l03b_landuse_by_watershed,https://nlftp.mlit.go.jp/ksj/gml/datalist/KsjTmplt-L03-b.html#L03-b-16,2016,83267-0013,83267,境川,0200,その他の農用地,219,2.298198
nlni_l03b_landuse_by_watershed,https://nlftp.mlit.go.jp/ksj/gml/datalist/KsjTmplt-L03-b.html#L03-b-16,2016,83267-0013,83267,境川,0500,森林,90,0.944272
nlni_l03b_landuse_by_watershed,https://nlftp.mlit.go.jp/ksj/gml/datalist/KsjTmplt-L03-b.html#L03-b-16,2016,83267-0013,83267,境川,0600,荒地,4,0.041976
nlni_l03b_landuse_by_watershed,https://nlftp.mlit.go.jp/ksj/gml/datalist/KsjTmplt-L03-b.html#L03-b-16,2016,83267-0013,83267,境川,0700,建物用地,688,7.219751
nlni_l03b_landuse_by_watershed,https://nlftp.mlit.go.jp/ksj/gml/datalist/KsjTmplt-L03-b.html#L03-b-16,2016,83267-0013,83267,境川,0901,道路,16,0.167888
nlni_l03b_landuse_by_watershed,https://nlftp.mlit.go.jp/ksj/gml/datalist/KsjTmplt-L03-b.html#L03-b-16,2016,83267-0013,83267,境川,0902,鉄道,22,0.23088
nlni_l03b_landuse_by_watershed,https://nlftp.mlit.go.jp/ksj/gml/datalist/KsjTmplt-L03-b.html#L03-b-16,2016,83267-0013,83267,境川,1000,その他の用地,55,0.577181
nlni_l03b_landuse_by_watershed,https://nlftp.mlit.go.jp/ksj/gml/datalist/KsjTmplt-L03-b.html#L03-b-16,2016,83267-0013,83267,境川,1100,河川地及び湖沼,1,0.0105
nlni_l03b_landuse_by_watershed,https://nlftp.mlit.go.jp/ksj/gml/datalist/KsjTmplt-L03-b.html#L03-b-16,2016,83267-0014,83267,境川,0200,その他の農用地,14,0.146889
nlni_l03b_landuse_by_watershed,https://nlftp.mlit.go.jp/ksj/gml/datalist/KsjTmplt-L03-b.html#L03-b-16,2016,83267-0014,83267,境川,0500,森林,15,0.157373
nlni_l03b_landuse_by_watershed,https://nlftp.mlit.go.jp/ksj/gml/datalist/KsjTmplt-L03-b.html#L03-b-16,2016,83267-0014,83267,境川,0700,建物用地,229,2.402412
nlni_l03b_landuse_by_watershed,https://nlftp.mlit.go.jp/ksj/gml/datalist/KsjTmplt-L03-b.html#L03-b-16,2016,83267-0014,83267,境川,0901,道路,3,0.031473
nlni_l03b_landuse_by_watershed,https://nlftp.mlit.go.jp/ksj/gml/datalist/KsjTmplt-L03-b.html#L03-b-16,2016,83267-0014,83267,境川,0902,鉄道,6,0.062938
nlni_l03b_landuse_by_watershed,https://nlftp.mlit.go.jp/ksj/gml/datalist/KsjTmplt-L03-b.html#L03-b-16,2016,83267-0014,83267,境川,1000,その他の用地,8,0.08393
nlni_l03b_landuse_by_watershed,https://nlftp.mlit.go.jp/ksj/gml/datalist/KsjTmplt-L03-b.html#L03-b-16,2016,83267-0014,83267,境川,1100,河川地及び湖沼,8,0.083929
nlni_l03b_landuse_by_watershed,https://nlftp.mlit.go.jp/ksj/gml/datalist/KsjTmplt-L03-b.html#L03-b-16,2016,83267-0015,83267,境川,0100,田,4,0.041948
nlni_l03b_landuse_by_watershed,https://nlftp.mlit.go.jp/ksj/gml/datalist/KsjTmplt-L03-b.html#L03-b-16,2016,83267-0015,83267,境川,0200,その他の農用地,69,0.723686
nlni_l03b_landuse_by_watershed,https://nlftp.mlit.go.jp/ksj/gml/datalist/KsjTmplt-L03-b.html#L03-b-16,2016,83267-0015,83267,境川,0500,森林,15,0.157344
nlni_l03b_landuse_by_watershed,https://nlftp.mlit.go.jp/ksj/gml/datalist/KsjTmplt-L03-b.html#L03-b-16,2016,83267-0015,83267,境川,0700,建物用地,231,2.4232
nlni_l03b_landuse_by_watershed,https://nlftp.mlit.go.jp/ksj/gml/datalist/KsjTmplt-L03-b.html#L03-b-16,2016,83267-0015,83267,境川,0901,道路,6,0.062947
nlni_l03b_landuse_by_watershed,https://nlftp.mlit.go.jp/ksj/gml/datalist/KsjTmplt-L03-b.html#L03-b-16,2016,83267-0015,83267,境川,0902,鉄道,1,0.01049
nlni_l03b_landuse_by_watershed,https://nlftp.mlit.go.jp/ksj/gml/datalist/KsjTmplt-L03-b.html#L03-b-16,2016,83267-0015,83267,境川,1000,その他の用地,33,0.346133
nlni_l03b_landuse_by_watershed,https://nlftp.mlit.go.jp/ksj/gml/datalist/KsjTmplt-L03-b.html#L03-b-16,2016,83267-0016,83267,境川,0100,田,2,0.020975
nlni_l03b_landuse_by_watershed,https://nlftp.mlit.go.jp/ksj/gml/datalist/KsjTmplt-L03-b.html#L03-b-16,2016,83267-0016,83267,境川,0200,その他の農用地,83,0.87044
nlni_l03b_landuse_by_watershed,https://nlftp.mlit.go.jp/ksj/gml/datalist/KsjTmplt-L03-b.html#L03-b-16,2016,83267-0016,83267,境川,0500,森林,7,0.073415
nlni_l03b_landuse_by_watershed,https://nlftp.mlit.go.jp/ksj/gml/datalist/KsjTmplt-L03-b.html#L03-b-16,2016,83267-0016,83267,境川,0600,荒地,1,0.010487
nlni_l03b_landuse_by_watershed,https://nlftp.mlit.go.jp/ksj/gml/datalist/KsjTmplt-L03-b.html#L03-b-16,2016,83267-0016,83267,境川,0700,建物用地,107,1.122199
nlni_l03b_landuse_by_watershed,https://nlftp.mlit.go.jp/ksj/gml/datalist/KsjTmplt-L03-b.html#L03-b-16,2016,83267-0016,83267,境川,0901,道路,3,0.031457
nlni_l03b_landuse_by_watershed,https://nlftp.mlit.go.jp/ksj/gml/datalist/KsjTmplt-L03-b.html#L03-b-16,2016,83267-0016,83267,境川,1000,その他の用地,17,0.178282
nlni_l03b_landuse_by_watershed,https://nlftp.mlit.go.jp/ksj/gml/datalist/KsjTmplt-L03-b.html#L03-b-16,2016,83267-0017,83267,境川,0100,田,28,0.293564
nlni_l03b_landuse_by_watershed,https://nlftp.mlit.go.jp/ksj/gml/datalist/KsjTmplt-L03-b.html#L03-b-16,2016,83267-0017,83267,境川,0200,その他の農用地,98,1.027049
nlni_l03b_landuse_by_watershed,https://nlftp.mlit.go.jp/ksj/gml/datalist/KsjTmplt-L03-b.html#L03-b-16,2016,83267-0017,83267,境川,0500,森林,390,4.085834
nlni_l03b_landuse_by_watershed,https://nlftp.mlit.go.jp/ksj/gml/datalist/KsjTmplt-L03-b.html#L03-b-16,2016,83267-0017,83267,境川,0600,荒地,8,0.083803
nlni_l03b_landuse_by_watershed,https://nlftp.mlit.go.jp/ksj/gml/datalist/KsjTmplt-L03-b.html#L03-b-16,2016,83267-0017,83267,境川,0700,建物用地,5250,55.013757
nlni_l03b_landuse_by_watershed,https://nlftp.mlit.go.jp/ksj/gml/datalist/KsjTmplt-L03-b.html#L03-b-16,2016,83267-0017,83267,境川,0901,道路,114,1.194549
nlni_l03b_landuse_by_watershed,https://nlftp.mlit.go.jp/ksj/gml/datalist/KsjTmplt-L03-b.html#L03-b-16,2016,83267-0017,83267,境川,0902,鉄道,88,0.922137
nlni_l03b_landuse_by_watershed,https://nlftp.mlit.go.jp/ksj/gml/datalist/KsjTmplt-L03-b.html#L03-b-16,2016,83267-0017,83267,境川,1000,その他の用地,473,4.956012
nlni_l03b_landuse_by_watershed,https://nlftp.mlit.go.jp/ksj/gml/datalist/KsjTmplt-L03-b.html#L03-b-16,2016,83267-0017,83267,境川,1100,河川地及び湖沼,32,0.335463
nlni_l03b_landuse_by_watershed,https://nlftp.mlit.go.jp/ksj/gml/datalist/KsjTmplt-L03-b.html#L03-b-16,2016,83267-0017,83267,境川,1600,ゴルフ場,53,0.55534
nlni_l03b_landuse_by_watershed,https://nlftp.mlit.go.jp/ksj/gml/datalist/KsjTmplt-L03-b.html#L03-b-16,2016,83267-0018,83267,境川,0100,田,12,0.125669
nlni_l03b_landuse_by_watershed,https://nlftp.mlit.go.jp/ksj/gml/datalist/KsjTmplt-L03-b.html#L03-b-16,2016,83267-0018,83267,境川,0200,その他の農用地,22,0.230399
nlni_l03b_landuse_by_watershed,https://nlftp.mlit.go.jp/ksj/gml/datalist/KsjTmplt-L03-b.html#L03-b-16,2016,83267-0018,83267,境川,0500,森林,119,1.246247
nlni_l03b_landuse_by_watershed,https://nlftp.mlit.go.jp/ksj/gml/datalist/KsjTmplt-L03-b.html#L03-b-16,2016,83267-0018,83267,境川,0700,建物用地,24,0.251342
nlni_l03b_landuse_by_watershed,https://nlftp.mlit.go.jp/ksj/gml/datalist/KsjTmplt-L03-b.html#L03-b-16,2016,83267-0018,83267,境川,1000,その他の用地,5,0.052363
nlni_l03b_landuse_by_watershed,https://nlftp.mlit.go.jp/ksj/gml/datalist/KsjTmplt-L03-b.html#L03-b-16,2016,83267-0019,83267,境川,0100,田,9,0.094244
nlni_l03b_landuse_by_watershed,https://nlftp.mlit.go.jp/ksj/gml/datalist/KsjTmplt-L03-b.html#L03-b-16,2016,83267-0019,83267,境川,0200,その他の農用地,18,0.188489
nlni_l03b_landuse_by_watershed,https://nlftp.mlit.go.jp/ksj/gml/datalist/KsjTmplt-L03-b.html#L03-b-16,2016,83267-0019,83267,境川,0500,森林,276,2.890116
nlni_l03b_landuse_by_watershed,https://nlftp.mlit.go.jp/ksj/gml/datalist/KsjTmplt-L03-b.html#L03-b-16,2016,83267-0019,83267,境川,0600,荒地,4,0.041889
nlni_l03b_landuse_by_watershed,https://nlftp.mlit.go.jp/ksj/gml/datalist/KsjTmplt-L03-b.html#L03-b-16,2016,83267-0019,83267,境川,0700,建物用地,61,0.638766
nlni_l03b_landuse_by_watershed,https://nlftp.mlit.go.jp/ksj/gml/datalist/KsjTmplt-L03-b.html#L03-b-16,2016,83267-0019,83267,境川,0901,道路,2,0.020943
nlni_l03b_landuse_by_watershed,https://nlftp.mlit.go.jp/ksj/gml/datalist/KsjTmplt-L03-b.html#L03-b-16,2016,83267-0019,83267,境川,1000,その他の用地,36,0.376975
nlni_l03b_landuse_by_watershed,https://nlftp.mlit.go.jp/ksj/gml/datalist/KsjTmplt-L03-b.html#L03-b-16,2016,83267-0019,83267,境川,1100,河川地及び湖沼,25,0.261803
nlni_l03b_landuse_by_watershed,https://nlftp.mlit.go.jp/ksj/gml/datalist/KsjTmplt-L03-b.html#L03-b-16,2016,83267-0019,83267,境川,1600,ゴルフ場,2,0.020943
nlni_l03b_landuse_by_watershed,https://nlftp.mlit.go.jp/ksj/gml/datalist/KsjTmplt-L03-b.html#L03-b-16,2016,83268-0001,83268,酒匂川,0100,田,18,0.189244
nlni_l03b_landuse_by_watershed,https://nlftp.mlit.go.jp/ksj/gml/datalist/KsjTmplt-L03-b.html#L03-b-16,2016,83268-0001,83268,酒匂川,0500,森林,2,0.021032
nlni_l03b_landuse_by_watershed,https://nlftp.mlit.go.jp/ksj/gml/datalist/KsjTmplt-L03-b.html#L03-b-16,2016,83268-0001,83268,酒匂川,0700,建物用地,340,3.575125
nlni_l03b_landuse_by_watershed,https://nlftp.mlit.go.jp/ksj/gml/datalist/KsjTmplt-L03-b.html#L03-b-16,2016,83268-0001,83268,酒匂川,0901,道路,7,0.073606
nlni_l03b_landuse_by_watershed,https://nlftp.mlit.go.jp/ksj/gml/datalist/KsjTmplt-L03-b.html#L03-b-16,2016,83268-0001,83268,酒匂川,0902,鉄道,19,0.199784
nlni_l03b_landuse_by_watershed,https://nlftp.mlit.go.jp/ksj/gml/datalist/KsjTmplt-L03-b.html#L03-b-16,2016,83268-0001,83268,酒匂川,1000,その他の用地,28,0.294435
nlni_l03b_landuse_by_watershed,https://nlftp.mlit.go.jp/ksj/gml/datalist/KsjTmplt-L03-b.html#L03-b-16,2016,83268-0001,83268,酒匂川,1100,河川地及び湖沼,76,0.799186
nlni_l03b_landuse_by_watershed,https://nlftp.mlit.go.jp/ksj/gml/datalist/KsjTmplt-L03-b.html#L03-b-16,2016,83268-0001,83268,酒匂川,1400,海浜,15,0.157747
nlni_l03b_landuse_by_watershed,https://nlftp.mlit.go.jp/ksj/gml/datalist/KsjTmplt-L03-b.html#L03-b-16,2016,83268-0001,83268,酒匂川,1500,海水域,1,0.010517
nlni_l03b_landuse_by_watershed,https://nlftp.mlit.go.jp/ksj/gml/datalist/KsjTmplt-L03-b.html#L03-b-16,2016,83268-0002,83268,酒匂川,0100,田,15,0.157706
nlni_l03b_landuse_by_watershed,https://nlftp.mlit.go.jp/ksj/gml/datalist/KsjTmplt-L03-b.html#L03-b-16,2016,83268-0002,83268,酒匂川,0200,その他の農用地,60,0.630844
nlni_l03b_landuse_by_watershed,https://nlftp.mlit.go.jp/ksj/gml/datalist/KsjTmplt-L03-b.html#L03-b-16,2016,83268-0002,83268,酒匂川,0500,森林,16,0.168222
nlni_l03b_landuse_by_watershed,https://nlftp.mlit.go.jp/ksj/gml/datalist/KsjTmplt-L03-b.html#L03-b-16,2016,83268-0002,83268,酒匂川,0700,建物用地,122,1.282684
nlni_l03b_landuse_by_watershed,https://nlftp.mlit.go.jp/ksj/gml/datalist/KsjTmplt-L03-b.html#L03-b-16,2016,83268-0002,83268,酒匂川,0901,道路,2,0.021028
nlni_l03b_landuse_by_watershed,https://nlftp.mlit.go.jp/ksj/gml/datalist/KsjTmplt-L03-b.html#L03-b-16,2016,83268-0002,83268,酒匂川,0902,鉄道,8,0.084114
nlni_l03b_landuse_by_watershed,https://nlftp.mlit.go.jp/ksj/gml/datalist/KsjTmplt-L03-b.html#L03-b-16,2016,83268-0002,83268,酒匂川,1000,その他の用地,13,0.136682
nlni_l03b_landuse_by_watershed,https://nlftp.mlit.go.jp/ksj/gml/datalist/KsjTmplt-L03-b.html#L03-b-16,2016,83268-0002,83268,酒匂川,1100,河川地及び湖沼,23,0.241825
nlni_l03b_landuse_by_watershed,https://nlftp.mlit.go.jp/ksj/gml/datalist/KsjTmplt-L03-b.html#L03-b-16,2016,83268-0003,83268,酒匂川,0100,田,222,2.333124
nlni_l03b_landuse_by_watershed,https://nlftp.mlit.go.jp/ksj/gml/datalist/KsjTmplt-L03-b.html#L03-b-16,2016,83268-0003,83268,酒匂川,0200,その他の農用地,27,0.283744
nlni_l03b_landuse_by_watershed,https://nlftp.mlit.go.jp/ksj/gml/datalist/KsjTmplt-L03-b.html#L03-b-16,2016,83268-0003,83268,酒匂川,0500,森林,20,0.210129
nlni_l03b_landuse_by_watershed,https://nlftp.mlit.go.jp/ksj/gml/datalist/KsjTmplt-L03-b.html#L03-b-16,2016,83268-0003,83268,酒匂川,0700,建物用地,492,5.170956
nlni_l03b_landuse_by_watershed,https://nlftp.mlit.go.jp/ksj/gml/datalist/KsjTmplt-L03-b.html#L03-b-16,2016,83268-0003,83268,酒匂川,0901,道路,37,0.38879
nlni_l03b_landuse_by_watershed,https://nlftp.mlit.go.jp/ksj/gml/datalist/KsjTmplt-L03-b.html#L03-b-16,2016,83268-0003,83268,酒匂川,0902,鉄道,11,0.1156
nlni_l03b_landuse_by_watershed,https://nlftp.mlit.go.jp/ksj/gml/datalist/KsjTmplt-L03-b.html#L03-b-16,2016,83268-0003,83268,酒匂川,1000,その他の用地,44,0.462434
nlni_l03b_landuse_by_watershed,https://nlftp.mlit.go.jp/ksj/gml/datalist/KsjTmplt-L03-b.html#L03-b-16,2016,83268-0003,83268,酒匂川,1100,河川地及び湖沼,195,2.04956
nlni_l03b_landuse_by_watershed,https://nlftp.mlit.go.jp/ksj/gml/datalist/KsjTmplt-L03-b.html#L03-b-16,2016,83268-0004,83268,酒匂川,0100,田,11,0.11564
nlni_l03b_landuse_by_watershed,https://nlftp.mlit.go.jp/ksj/gml/datalist/KsjTmplt-L03-b.html#L03-b-16,2016,83268-0004,83268,酒匂川,0200,その他の農用地,127,1.335178
nlni_l03b_landuse_by_watershed,https://nlftp.mlit.go.jp/ksj/gml/datalist/KsjTmplt-L03-b.html#L03-b-16,2016,83268-0004,83268,酒匂川,0500,森林,225,2.365551
nlni_l03b_landuse_by_watershed,https://nlftp.mlit.go.jp/ksj/gml/datalist/KsjTmplt-L03-b.html#L03-b-16,2016,83268-0004,83268,酒匂川,0600,荒地,3,0.03154
nlni_l03b_landuse_by_watershed,https://nlftp.mlit.go.jp/ksj/gml/datalist/KsjTmplt-L03-b.html#L03-b-16,2016,83268-0004,83268,酒匂川,0700,建物用地,148,1.555868
nlni_l03b_landuse_by_watershed,https://nlftp.mlit.go.jp/ksj/gml/datalist/KsjTmplt-L03-b.html#L03-b-16,2016,83268-0004,83268,酒匂川,0902,鉄道,2,0.021026
nlni_l03b_landuse_by_watershed,https://nlftp.mlit.go.jp/ksj/gml/datalist/KsjTmplt-L03-b.html#L03-b-16,2016,83268-0004,83268,酒匂川,1000,その他の用地,11,0.115642
nlni_l03b_landuse_by_watershed,https://nlftp.mlit.go.jp/ksj/gml/datalist/KsjTmplt-L03-b.html#L03-b-16,2016,83268-0004,83268,酒匂川,1100,河川地及び湖沼,11,0.115639
nlni_l03b_landuse_by_watershed,https://nlftp.mlit.go.jp/ksj/gml/datalist/KsjTmplt-L03-b.html#L03-b-16,2016,83268-0005,83268,酒匂川,0100,田,1,0.010511
nlni_l03b_landuse_by_watershed,https://nlftp.mlit.go.jp/ksj/gml/datalist/KsjTmplt-L03-b.html#L03-b-16,2016,83268-0005,83268,酒匂川,0200,その他の農用地,21,0.220752
nlni_l03b_landuse_by_watershed,https://nlftp.mlit.go.jp/ksj/gml/datalist/KsjTmplt-L03-b.html#L03-b-16,2016,83268-0005,83268,酒匂川,0500,森林,6,0.063072
nlni_l03b_landuse_by_watershed,https://nlftp.mlit.go.jp/ksj/gml/datalist/KsjTmplt-L03-b.html#L03-b-16,2016,83268-0005,83268,酒匂川,0700,建物用地,57,0.59916
nlni_l03b_landuse_by_watershed,https://nlftp.mlit.go.jp/ksj/gml/datalist/KsjTmplt-L03-b.html#L03-b-16,2016,83268-0005,83268,酒匂川,0902,鉄道,1,0.010511
nlni_l03b_landuse_by_watershed,https://nlftp.mlit.go.jp/ksj/gml/datalist/KsjTmplt-L03-b.html#L03-b-16,2016,83268-0005,83268,酒匂川,1000,その他の用地,3,0.031534
nlni_l03b_landuse_by_watershed,https://nlftp.mlit.go.jp/ksj/gml/datalist/KsjTmplt-L03-b.html#L03-b-16,2016,83268-0005,83268,酒匂川,1100,河川地及び湖沼,6,0.063068
nlni_l03b_landuse_by_watershed,https://nlftp.mlit.go.jp/ksj/gml/datalist/KsjTmplt-L03-b.html#L03-b-16,2016,83268-0006,83268,酒匂川,0200,その他の農用地,47,0.494044
nlni_l03b_landuse_by_watershed,https://nlftp.mlit.go.jp/ksj/gml/datalist/KsjTmplt-L03-b.html#L03-b-16,2016,83268-0006,83268,酒匂川,0500,森林,2,0.021023
nlni_l03b_landuse_by_watershed,https://nlftp.mlit.go.jp/ksj/gml/datalist/KsjTmplt-L03-b.html#L03-b-16,2016,83268-0006,83268,酒匂川,0700,建物用地,33,0.346871
nlni_l03b_landuse_by_watershed,https://nlftp.mlit.go.jp/ksj/gml/datalist/KsjTmplt-L03-b.html#L03-b-16,2016,83268-0006,83268,酒匂川,1000,その他の用地,2,0.021024
nlni_l03b_landuse_by_watershed,https://nlftp.mlit.go.jp/ksj/gml/datalist/KsjTmplt-L03-b.html#L03-b-16,2016,83268-0007,83268,酒匂川,0200,その他の農用地,20,0.210252
nlni_l03b_landuse_by_watershed,https://nlftp.mlit.go.jp/ksj/gml/datalist/KsjTmplt-L03-b.html#L03-b-16,2016,83268-0007,83268,酒匂川,0500,森林,452,4.752189
nlni_l03b_landuse_by_watershed,https://nlftp.mlit.go.jp/ksj/gml/datalist/KsjTmplt-L03-b.html#L03-b-16,2016,83268-0007,83268,酒匂川,0600,荒地,1,0.010513
nlni_l03b_landuse_by_watershed,https://nlftp.mlit.go.jp/ksj/gml/datalist/KsjTmplt-L03-b.html#L03-b-16,2016,83268-0007,83268,酒匂川,0700,建物用地,24,0.252293
nlni_l03b_landuse_by_watershed,https://nlftp.mlit.go.jp/ksj/gml/datalist/KsjTmplt-L03-b.html#L03-b-16,2016,83268-0007,83268,酒匂川,1000,その他の用地,1,0.010512
nlni_l03b_landuse_by_watershed,https://nlftp.mlit.go.jp/ksj/gml/datalist/KsjTmplt-L03-b.html#L03-b-16,2016,83268-0008,83268,酒匂川,0200,その他の農用地,10,0.105114
nlni_l03b_landuse_by_watershed,https://nlftp.mlit.go.jp/ksj/gml/datalist/KsjTmplt-L03-b.html#L03-b-16,2016,83268-0008,83268,酒匂川,0500,森林,383,4.02642
nlni_l03b_landuse_by_watershed,https://nlftp.mlit.go.jp/ksj/gml/datalist/KsjTmplt-L03-b.html#L03-b-16,2016,83268-0008,83268,酒匂川,0600,荒地,6,0.063078
nlni_l03b_landuse_by_watershed,https://nlftp.mlit.go.jp/ksj/gml/datalist/KsjTmplt-L03-b.html#L03-b-16,2016,83268-0008,83268,酒匂川,0700,建物用地,14,0.147165
nlni_l03b_landuse_by_watershed,https://nlftp.mlit.go.jp/ksj/gml/datalist/KsjTmplt-L03-b.html#L03-b-16,2016,83268-0008,83268,酒匂川,1000,その他の用地,1,0.010512
nlni_l03b_landuse_by_watershed,https://nlftp.mlit.go.jp/ksj/gml/datalist/KsjTmplt-L03-b.html#L03-b-16,2016,83268-0009,83268,酒匂川,0100,田,17,0.178668
nlni_l03b_landuse_by_watershed,https://nlftp.mlit.go.jp/ksj/gml/datalist/KsjTmplt-L03-b.html#L03-b-16,2016,83268-0009,83268,酒匂川,0200,その他の農用地,112,1.177
nlni_l03b_landuse_by_watershed,https://nlftp.mlit.go.jp/ksj/gml/datalist/KsjTmplt-L03-b.html#L03-b-16,2016,83268-0009,83268,酒匂川,0500,森林,306,3.216243
nlni_l03b_landuse_by_watershed,https://nlftp.mlit.go.jp/ksj/gml/datalist/KsjTmplt-L03-b.html#L03-b-16,2016,83268-0009,83268,酒匂川,0600,荒地,12,0.126099
nlni_l03b_landuse_by_watershed,https://nlftp.mlit.go.jp/ksj/gml/datalist/KsjTmplt-L03-b.html#L03-b-16,2016,83268-0009,83268,酒匂川,0700,建物用地,253,2.65891
nlni_l03b_landuse_by_watershed,https://nlftp.mlit.go.jp/ksj/gml/datalist/KsjTmplt-L03-b.html#L03-b-16,2016,83268-0009,83268,酒匂川,0902,鉄道,4,0.042037
nlni_l03b_landuse_by_watershed,https://nlftp.mlit.go.jp/ksj/gml/datalist/KsjTmplt-L03-b.html#L03-b-16,2016,83268-0009,83268,酒匂川,1000,その他の用地,14,0.147132
nlni_l03b_landuse_by_watershed,https://nlftp.mlit.go.jp/ksj/gml/datalist/KsjTmplt-L03-b.html#L03-b-16,2016,83268-0009,83268,酒匂川,1100,河川地及び湖沼,11,0.115609
nlni_l03b_landuse_by_watershed,https://nlftp.mlit.go.jp/ksj/gml/datalist/KsjTmplt-L03-b.html#L03-b-16,2016,83268-0010,83268,酒匂川,0200,その他の農用地,3,0.03153
nlni_l03b_landuse_by_watershed,https://nlftp.mlit.go.jp/ksj/gml/datalist/KsjTmplt-L03-b.html#L03-b-16,2016,83268-0010,83268,酒匂川,0500,森林,230,2.417706
nlni_l03b_landuse_by_watershed,https://nlftp.mlit.go.jp/ksj/gml/datalist/KsjTmplt-L03-b.html#L03-b-16,2016,83268-0010,83268,酒匂川,0700,建物用地,10,0.105101
nlni_l03b_landuse_by_watershed,https://nlftp.mlit.go.jp/ksj/gml/datalist/KsjTmplt-L03-b.html#L03-b-16,2016,83268-0011,83268,酒匂川,0100,田,8,0.084079
nlni_l03b_landuse_by_watershed,https://nlftp.mlit.go.jp/ksj/gml/datalist/KsjTmplt-L03-b.html#L03-b-16,2016,83268-0011,83268,酒匂川,0200,その他の農用地,16,0.168155
nlni_l03b_landuse_by_watershed,https://nlftp.mlit.go.jp/ksj/gml/datalist/KsjTmplt-L03-b.html#L03-b-16,2016,83268-0011,83268,酒匂川,0500,森林,378,3.973351
nlni_l03b_landuse_by_watershed,https://nlftp.mlit.go.jp/ksj/gml/datalist/KsjTmplt-L03-b.html#L03-b-16,2016,83268-0011,83268,酒匂川,0700,建物用地,2,0.02102
nlni_l03b_landuse_by_watershed,https://nlftp.mlit.go.jp/ksj/gml/datalist/KsjTmplt-L03-b.html#L03-b-16,2016,83268-0012,83268,酒匂川,0100,田,2,0.021016
nlni_l03b_landuse_by_watershed,https://nlftp.mlit.go.jp/ksj/gml/datalist/KsjTmplt-L03-b.html#L03-b-16,2016,83268-0012,83268,酒匂川,0200,その他の農用地,8,0.084064
nlni_l03b_landuse_by_watershed,https://nlftp.mlit.go.jp/ksj/gml/datalist/KsjTmplt-L03-b.html#L03-b-16,2016,83268-0012,83268,酒匂川,0500,森林,670,7.042067
nlni_l03b_landuse_by_watershed,https://nlftp.mlit.go.jp/ksj/gml/datalist/KsjTmplt-L03-b.html#L03-b-16,2016,83268-0013,83268,酒匂川,0100,田,24,0.252183
nlni_l03b_landuse_by_watershed,https://nlftp.mlit.go.jp/ksj/gml/datalist/KsjTmplt-L03-b.html#L03-b-16,2016,83268-0013,83268,酒匂川,0200,その他の農用地,69,0.725035
nlni_l03b_landuse_by_watershed,https://nlftp.mlit.go.jp/ksj/gml/datalist/KsjTmplt-L03-b.html#L03-b-16,2016,83268-0013,83268,酒匂川,0500,森林,1093,11.48913
nlni_l03b_landuse_by_watershed,https://nlftp.mlit.go.jp/ksj/gml/datalist/KsjTmplt-L03-b.html#L03-b-16,2016,83268-0013,83268,酒匂川,0600,荒地,3,0.031524
nlni_l03b_landuse_by_watershed,https://nlftp.mlit.go.jp/ksj/gml/datalist/KsjTmplt-L03-b.html#L03-b-16,2016,83268-0013,83268,酒匂川,0700,建物用地,8,0.084062
nlni_l03b_landuse_by_watershed,https://nlftp.mlit.go.jp/ksj/gml/datalist/KsjTmplt-L03-b.html#L03-b-16,2016,83268-0013,83268,酒匂川,1000,その他の用地,1,0.010509
nlni_l03b_landuse_by_watershed,https://nlftp.mlit.go.jp/ksj/gml/datalist/KsjTmplt-L03-b.html#L03-b-16,2016,83268-0013,83268,酒匂川,1100,河川地及び湖沼,6,0.063046
nlni_l03b_landuse_by_watershed,https://nlftp.mlit.go.jp/ksj/gml/datalist/KsjTmplt-L03-b.html#L03-b-16,2016,83268-0014,83268,酒匂川,0100,田,17,0.178633
nlni_l03b_landuse_by_watershed,https://nlftp.mlit.go.jp/ksj/gml/datalist/KsjTmplt-L03-b.html#L03-b-16,2016,83268-0014,83268,酒匂川,0200,その他の農用地,50,0.52543
nlni_l03b_landuse_by_watershed,https://nlftp.mlit.go.jp/ksj/gml/datalist/KsjTmplt-L03-b.html#L03-b-16,2016,83268-0014,83268,酒匂川,0500,森林,219,2.301551
nlni_l03b_landuse_by_watershed,https://nlftp.mlit.go.jp/ksj/gml/datalist/KsjTmplt-L03-b.html#L03-b-16,2016,83268-0014,83268,酒匂川,0600,荒地,2,0.02102
nlni_l03b_landuse_by_watershed,https://nlftp.mlit.go.jp/ksj/gml/datalist/KsjTmplt-L03-b.html#L03-b-16,2016,83268-0014,83268,酒匂川,0700,建物用地,62,0.651519
nlni_l03b_landuse_by_watershed,https://nlftp.mlit.go.jp/ksj/gml/datalist/KsjTmplt-L03-b.html#L03-b-16,2016,83268-0014,83268,酒匂川,1000,その他の用地,2,0.021017
nlni_l03b_landuse_by_watershed,https://nlftp.mlit.go.jp/ksj/gml/datalist/KsjTmplt-L03-b.html#L03-b-16,2016,83268-0014,83268,酒匂川,1100,河川地及び湖沼,7,0.073559
nlni_l03b_landuse_by_watershed,https://nlftp.mlit.go.jp/ksj/gml/datalist/KsjTmplt-L03-b.html#L03-b-16,2016,83268-0015,83268,酒匂川,0100,田,46,0.483416
nlni_l03b_landuse_by_watershed,https://nlftp.mlit.go.jp/ksj/gml/datalist/KsjTmplt-L03-b.html#L03-b-16,2016,83268-0015,83268,酒匂川,0200,その他の農用地,86,0.903597
nlni_l03b_landuse_by_watershed,https://nlftp.mlit.go.jp/ksj/gml/datalist/KsjTmplt-L03-b.html#L03-b-16,2016,83268-0015,83268,酒匂川,0500,森林,96,1.008642
nlni_l03b_landuse_by_watershed,https://nlftp.mlit.go.jp/ksj/gml/datalist/KsjTmplt-L03-b.html#L03-b-16,2016,83268-0015,83268,酒匂川,0600,荒地,1,0.010507
nlni_l03b_landuse_by_watershed,https://nlftp.mlit.go.jp/ksj/gml/datalist/KsjTmplt-L03-b.html#L03-b-16,2016,83268-0015,83268,酒匂川,0700,建物用地,203,2.133261
nlni_l03b_landuse_by_watershed,https://nlftp.mlit.go.jp/ksj/gml/datalist/KsjTmplt-L03-b.html#L03-b-16,2016,83268-0015,83268,酒匂川,0902,鉄道,4,0.04204
nlni_l03b_landuse_by_watershed,https://nlftp.mlit.go.jp/ksj/gml/datalist/KsjTmplt-L03-b.html#L03-b-16,2016,83268-0015,83268,酒匂川,1000,その他の用地,28,0.294219
nlni_l03b_landuse_by_watershed,https://nlftp.mlit.go.jp/ksj/gml/datalist/KsjTmplt-L03-b.html#L03-b-16,2016,83268-0015,83268,酒匂川,1100,河川地及び湖沼,3,0.031531
nlni_l03b_landuse_by_watershed,https://nlftp.mlit.go.jp/ksj/gml/datalist/KsjTmplt-L03-b.html#L03-b-16,2016,83268-0016,83268,酒匂川,0100,田,260,2.731901
nlni_l03b_landuse_by_watershed,https://nlftp.mlit.go.jp/ksj/gml/datalist/KsjTmplt-L03-b.html#L03-b-16,2016,83268-0016,83268,酒匂川,0200,その他の農用地,24,0.252148
nlni_l03b_landuse_by_watershed,https://nlftp.mlit.go.jp/ksj/gml/datalist/KsjTmplt-L03-b.html#L03-b-16,2016,83268-0016,83268,酒匂川,0500,森林,1,0.010506
nlni_l03b_landuse_by_watershed,https://nlftp.mlit.go.jp/ksj/gml/datalist/KsjTmplt-L03-b.html#L03-b-16,2016,83268-0016,83268,酒匂川,0700,建物用地,296,3.110234
nlni_l03b_landuse_by_watershed,https://nlftp.mlit.go.jp/ksj/gml/datalist/KsjTmplt-L03-b.html#L03-b-16,2016,83268-0016,83268,酒匂川,0901,道路,2,0.021015
nlni_l03b_landuse_by_watershed,https://nlftp.mlit.go.jp/ksj/gml/datalist/KsjTmplt-L03-b.html#L03-b-16,2016,83268-0016,83268,酒匂川,1000,その他の用地,29,0.304726
nlni_l03b_landuse_by_watershed,https://nlftp.mlit.go.jp/ksj/gml/datalist/KsjTmplt-L03-b.html#L03-b-16,2016,83268-0016,83268,酒匂川,1100,河川地及び湖沼,1,0.01051
nlni_l03b_landuse_by_watershed,https://nlftp.mlit.go.jp/ksj/gml/datalist/KsjTmplt-L03-b.html#L03-b-16,2016,83268-0017,83268,酒匂川,0100,田,159,1.670892
nlni_l03b_landuse_by_watershed,https://nlftp.mlit.go.jp/ksj/gml/datalist/KsjTmplt-L03-b.html#L03-b-16,2016,83268-0017,83268,酒匂川,0200,その他の農用地,5,0.052534
nlni_l03b_landuse_by_watershed,https://nlftp.mlit.go.jp/ksj/gml/datalist/KsjTmplt-L03-b.html#L03-b-16,2016,83268-0017,83268,酒匂川,0700,建物用地,298,3.13183
nlni_l03b_landuse_by_watershed,https://nlftp.mlit.go.jp/ksj/gml/datalist/KsjTmplt-L03-b.html#L03-b-16,2016,83268-0017,83268,酒匂川,0901,道路,2,0.021016
nlni_l03b_landuse_by_watershed,https://nlftp.mlit.go.jp/ksj/gml/datalist/KsjTmplt-L03-b.html#L03-b-16,2016,83268-0017,83268,酒匂川,0902,鉄道,15,0.157636
nlni_l03b_landuse_by_watershed,https://nlftp.mlit.go.jp/ksj/gml/datalist/KsjTmplt-L03-b.html#L03-b-16,2016,83268-0017,83268,酒匂川,1000,その他の用地,23,0.241702
nlni_l03b_landuse_by_watershed,https://nlftp.mlit.go.jp/ksj/gml/datalist/KsjTmplt-L03-b.html#L03-b-16,2016,83268-0018,83268,酒匂川,0100,田,50,0.525344
nlni_l03b_landuse_by_watershed,https://nlftp.mlit.go.jp/ksj/gml/datalist/KsjTmplt-L03-b.html#L03-b-16,2016,83268-0018,83268,酒匂川,0200,その他の農用地,64,0.672453
nlni_l03b_landuse_by_watershed,https://nlftp.mlit.go.jp/ksj/gml/datalist/KsjTmplt-L03-b.html#L03-b-16,2016,83268-0018,83268,酒匂川,0500,森林,932,9.794178
nlni_l03b_landuse_by_watershed,https://nlftp.mlit.go.jp/ksj/gml/datalist/KsjTmplt-L03-b.html#L03-b-16,2016,83268-0018,83268,酒匂川,0600,荒地,2,0.021014
nlni_l03b_landuse_by_watershed,https://nlftp.mlit.go.jp/ksj/gml/datalist/KsjTmplt-L03-b.html#L03-b-16,2016,83268-0018,83268,酒匂川,0700,建物用地,25,0.262662
nlni_l03b_landuse_by_watershed,https://nlftp.mlit.go.jp/ksj/gml/datalist/KsjTmplt-L03-b.html#L03-b-16,2016,83268-0018,83268,酒匂川,1000,その他の用地,1,0.010506
nlni_l03b_landuse_by_watershed,https://nlftp.mlit.go.jp/ksj/gml/datalist/KsjTmplt-L03-b.html#L03-b-16,2016,83268-0018,83268,酒匂川,1100,河川地及び湖沼,9,0.094553
nlni_l03b_landuse_by_watershed,https://nlftp.mlit.go.jp/ksj/gml/datalist/KsjTmplt-L03-b.html#L03-b-16,2016,83268-0019,83268,酒匂川,0100,田,2,0.021009
nlni_l03b_landuse_by_watershed,https://nlftp.mlit.go.jp/ksj/gml/datalist/KsjTmplt-L03-b.html#L03-b-16,2016,83268-0019,83268,酒匂川,0200,その他の農用地,19,0.199588
nlni_l03b_landuse_by_watershed,https://nlftp.mlit.go.jp/ksj/gml/datalist/KsjTmplt-L03-b.html#L03-b-16,2016,83268-0019,83268,酒匂川,0500,森林,7,0.073529
nlni_l03b_landuse_by_watershed,https://nlftp.mlit.go.jp/ksj/gml/datalist/KsjTmplt-L03-b.html#L03-b-16,2016,83268-0019,83268,酒匂川,0700,建物用地,56,0.588265
nlni_l03b_landuse_by_watershed,https://nlftp.mlit.go.jp/ksj/gml/datalist/KsjTmplt-L03-b.html#L03-b-16,2016,83268-0019,83268,酒匂川,1000,その他の用地,13,0.136556
nlni_l03b_landuse_by_watershed,https://nlftp.mlit.go.jp/ksj/gml/datalist/KsjTmplt-L03-b.html#L03-b-16,2016,83268-0019,83268,酒匂川,1100,河川地及び湖沼,27,0.283634
nlni_l03b_landuse_by_watershed,https://nlftp.mlit.go.jp/ksj/gml/datalist/KsjTmplt-L03-b.html#L03-b-16,2016,83268-0020,83268,酒匂川,0100,田,12,0.126048
nlni_l03b_landuse_by_watershed,https://nlftp.mlit.go.jp/ksj/gml/datalist/KsjTmplt-L03-b.html#L03-b-16,2016,83268-0020,83268,酒匂川,0200,その他の農用地,163,1.712001
nlni_l03b_landuse_by_watershed,https://nlftp.mlit.go.jp/ksj/gml/datalist/KsjTmplt-L03-b.html#L03-b-16,2016,83268-0020,83268,酒匂川,0500,森林,590,6.196137
nlni_l03b_landuse_by_watershed,https://nlftp.mlit.go.jp/ksj/gml/datalist/KsjTmplt-L03-b.html#L03-b-16,2016,83268-0020,83268,酒匂川,0600,荒地,8,0.084019
nlni_l03b_landuse_by_watershed,https://nlftp.mlit.go.jp/ksj/gml/datalist/KsjTmplt-L03-b.html#L03-b-16,2016,83268-0020,83268,酒匂川,0700,建物用地,146,1.533536
nlni_l03b_landuse_by_watershed,https://nlftp.mlit.go.jp/ksj/gml/datalist/KsjTmplt-L03-b.html#L03-b-16,2016,83268-0020,83268,酒匂川,0901,道路,37,0.388621
nlni_l03b_landuse_by_watershed,https://nlftp.mlit.go.jp/ksj/gml/datalist/KsjTmplt-L03-b.html#L03-b-16,2016,83268-0020,83268,酒匂川,0902,鉄道,9,0.094532
nlni_l03b_landuse_by_watershed,https://nlftp.mlit.go.jp/ksj/gml/datalist/KsjTmplt-L03-b.html#L03-b-16,2016,83268-0020,83268,酒匂川,1000,その他の用地,4,0.042014
nlni_l03b_landuse_by_watershed,https://nlftp.mlit.go.jp/ksj/gml/datalist/KsjTmplt-L03-b.html#L03-b-16,2016,83268-0020,83268,酒匂川,1100,河川地及び湖沼,3,0.031512
nlni_l03b_landuse_by_watershed,https://nlftp.mlit.go.jp/ksj/gml/datalist/KsjTmplt-L03-b.html#L03-b-16,2016,83268-0021,83268,酒匂川,0100,田,20,0.210103
nlni_l03b_landuse_by_watershed,https://nlftp.mlit.go.jp/ksj/gml/datalist/KsjTmplt-L03-b.html#L03-b-16,2016,83268-0021,83268,酒匂川,0200,その他の農用地,105,1.102923
nlni_l03b_landuse_by_watershed,https://nlftp.mlit.go.jp/ksj/gml/datalist/KsjTmplt-L03-b.html#L03-b-16,2016,83268-0021,83268,酒匂川,0500,森林,277,2.909526
nlni_l03b_landuse_by_watershed,https://nlftp.mlit.go.jp/ksj/gml/datalist/KsjTmplt-L03-b.html#L03-b-16,2016,83268-0021,83268,酒匂川,0600,荒地,2,0.021009
nlni_l03b_landuse_by_watershed,https://nlftp.mlit.go.jp/ksj/gml/datalist/KsjTmplt-L03-b.html#L03-b-16,2016,83268-0021,83268,酒匂川,0700,建物用地,102,1.071522
nlni_l03b_landuse_by_watershed,https://nlftp.mlit.go.jp/ksj/gml/datalist/KsjTmplt-L03-b.html#L03-b-16,2016,83268-0021,83268,酒匂川,0901,道路,29,0.304636
nlni_l03b_landuse_by_watershed,https://nlftp.mlit.go.jp/ksj/gml/datalist/KsjTmplt-L03-b.html#L03-b-16,2016,83268-0021,83268,酒匂川,0902,鉄道,13,0.136567
nlni_l03b_landuse_by_watershed,https://nlftp.mlit.go.jp/ksj/gml/datalist/KsjTmplt-L03-b.html#L03-b-16,2016,83268-0021,83268,酒匂川,1000,その他の用地,10,0.105057
nlni_l03b_landuse_by_watershed,https://nlftp.mlit.go.jp/ksj/gml/datalist/KsjTmplt-L03-b.html#L03-b-16,2016,83268-0021,83268,酒匂川,1100,河川地及び湖沼,71,0.745876
nlni_l03b_landuse_by_watershed,https://nlftp.mlit.go.jp/ksj/gml/datalist/KsjTmplt-L03-b.html#L03-b-16,2016,83268-0021,83268,酒匂川,1600,ゴルフ場,7,0.073523
nlni_l03b_landuse_by_watershed,https://nlftp.mlit.go.jp/ksj/gml/datalist/KsjTmplt-L03-b.html#L03-b-16,2016,83268-0022,83268,酒匂川,0200,その他の農用地,38,0.399198
nlni_l03b_landuse_by_watershed,https://nlftp.mlit.go.jp/ksj/gml/datalist/KsjTmplt-L03-b.html#L03-b-16,2016,83268-0022,83268,酒匂川,0500,森林,49,0.514733
nlni_l03b_landuse_by_watershed,https://nlftp.mlit.go.jp/ksj/gml/datalist/KsjTmplt-L03-b.html#L03-b-16,2016,83268-0022,83268,酒匂川,0700,建物用地,66,0.693376
nlni_l03b_landuse_by_watershed,https://nlftp.mlit.go.jp/ksj/gml/datalist/KsjTmplt-L03-b.html#L03-b-16,2016,83268-0022,83268,酒匂川,0901,道路,11,0.115559
nlni_l03b_landuse_by_watershed,https://nlftp.mlit.go.jp/ksj/gml/datalist/KsjTmplt-L03-b.html#L03-b-16,2016,83268-0022,83268,酒匂川,0902,鉄道,6,0.063034
nlni_l03b_landuse_by_watershed,https://nlftp.mlit.go.jp/ksj/gml/datalist/KsjTmplt-L03-b.html#L03-b-16,2016,83268-0022,83268,酒匂川,1000,その他の用地,4,0.042023
nlni_l03b_landuse_by_watershed,https://nlftp.mlit.go.jp/ksj/gml/datalist/KsjTmplt-L03-b.html#L03-b-16,2016,83268-0022,83268,酒匂川,1100,河川地及び湖沼,15,0.15759
nlni_l03b_landuse_by_watershed,https://nlftp.mlit.go.jp/ksj/gml/datalist/KsjTmplt-L03-b.html#L03-b-16,2016,83268-0023,83268,酒匂川,0200,その他の農用地,10,0.105047
nlni_l03b_landuse_by_watershed,https://nlftp.mlit.go.jp/ksj/gml/datalist/KsjTmplt-L03-b.html#L03-b-16,2016,83268-0023,83268,酒匂川,0500,森林,196,2.058828
nlni_l03b_landuse_by_watershed,https://nlftp.mlit.go.jp/ksj/gml/datalist/KsjTmplt-L03-b.html#L03-b-16,2016,83268-0023,83268,酒匂川,0600,荒地,5,0.052521
nlni_l03b_landuse_by_watershed,https://nlftp.mlit.go.jp/ksj/gml/datalist/KsjTmplt-L03-b.html#L03-b-16,2016,83268-0023,83268,酒匂川,0700,建物用地,14,0.147067
nlni_l03b_landuse_by_watershed,https://nlftp.mlit.go.jp/ksj/gml/datalist/KsjTmplt-L03-b.html#L03-b-16,2016,83268-0023,83268,酒匂川,0901,道路,9,0.094541
nlni_l03b_landuse_by_watershed,https://nlftp.mlit.go.jp/ksj/gml/datalist/KsjTmplt-L03-b.html#L03-b-16,2016,83268-0023,83268,酒匂川,0902,鉄道,7,0.073531
nlni_l03b_landuse_by_watershed,https://nlftp.mlit.go.jp/ksj/gml/datalist/KsjTmplt-L03-b.html#L03-b-16,2016,83268-0023,83268,酒匂川,1000,その他の用地,13,0.136556
nlni_l03b_landuse_by_watershed,https://nlftp.mlit.go.jp/ksj/gml/datalist/KsjTmplt-L03-b.html#L03-b-16,2016,83268-0023,83268,酒匂川,1100,河川地及び湖沼,13,0.13656
nlni_l03b_landuse_by_watershed,https://nlftp.mlit.go.jp/ksj/gml/datalist/KsjTmplt-L03-b.html#L03-b-16,2016,83268-0024,83268,酒匂川,0200,その他の農用地,20,0.210014
nlni_l03b_landuse_by_watershed,https://nlftp.mlit.go.jp/ksj/gml/datalist/KsjTmplt-L03-b.html#L03-b-16,2016,83268-0024,83268,酒匂川,0500,森林,535,5.618558
nlni_l03b_landuse_by_watershed,https://nlftp.mlit.go.jp/ksj/gml/datalist/KsjTmplt-L03-b.html#L03-b-16,2016,83268-0024,83268,酒匂川,0600,荒地,28,0.294064
nlni_l03b_landuse_by_watershed,https://nlftp.mlit.go.jp/ksj/gml/datalist/KsjTmplt-L03-b.html#L03-b-16,2016,83268-0024,83268,酒匂川,0700,建物用地,16,0.168026
nlni_l03b_landuse_by_watershed,https://nlftp.mlit.go.jp/ksj/gml/datalist/KsjTmplt-L03-b.html#L03-b-16,2016,83268-0024,83268,酒匂川,0901,道路,1,0.010504
nlni_l03b_landuse_by_watershed,https://nlftp.mlit.go.jp/ksj/gml/datalist/KsjTmplt-L03-b.html#L03-b-16,2016,83268-0024,83268,酒匂川,1100,河川地及び湖沼,6,0.063015
nlni_l03b_landuse_by_watershed,https://nlftp.mlit.go.jp/ksj/gml/datalist/KsjTmplt-L03-b.html#L03-b-16,2016,83268-0024,83268,酒匂川,1600,ゴルフ場,74,0.777198
nlni_l03b_landuse_by_watershed,https://nlftp.mlit.go.jp/ksj/gml/datalist/KsjTmplt-L03-b.html#L03-b-16,2016,83268-0025,83268,酒匂川,0100,田,38,0.399001
nlni_l03b_landuse_by_watershed,https://nlftp.mlit.go.jp/ksj/gml/datalist/KsjTmplt-L03-b.html#L03-b-16,2016,83268-0025,83268,酒匂川,0200,その他の農用地,188,1.974131
nlni_l03b_landuse_by_watershed,https://nlftp.mlit.go.jp/ksj/gml/datalist/KsjTmplt-L03-b.html#L03-b-16,2016,83268-0025,83268,酒匂川,0500,森林,1166,12.239918
nlni_l03b_landuse_by_watershed,https://nlftp.mlit.go.jp/ksj/gml/datalist/KsjTmplt-L03-b.html#L03-b-16,2016,83268-0025,83268,酒匂川,0600,荒地,13,0.136517
nlni_l03b_landuse_by_watershed,https://nlftp.mlit.go.jp/ksj/gml/datalist/KsjTmplt-L03-b.html#L03-b-16,2016,83268-0025,83268,酒匂川,0700,建物用地,148,1.554139
nlni_l03b_landuse_by_watershed,https://nlftp.mlit.go.jp/ksj/gml/datalist/KsjTmplt-L03-b.html#L03-b-16,2016,83268-0025,83268,酒匂川,0901,道路,14,0.147033
nlni_l03b_landuse_by_watershed,https://nlftp.mlit.go.jp/ksj/gml/datalist/KsjTmplt-L03-b.html#L03-b-16,2016,83268-0025,83268,酒匂川,0902,鉄道,8,0.084019
nlni_l03b_landuse_by_watershed,https://nlftp.mlit.go.jp/ksj/gml/datalist/KsjTmplt-L03-b.html#L03-b-16,2016,83268-0025,83268,酒匂川,1000,その他の用地,14,0.147032
nlni_l03b_landuse_by_watershed,https://nlftp.mlit.go.jp/ksj/gml/datalist/KsjTmplt-L03-b.html#L03-b-16,2016,83268-0025,83268,酒匂川,1100,河川地及び湖沼,10,0.105003
nlni_l03b_landuse_by_watershed,https://nlftp.mlit.go.jp/ksj/gml/datalist/KsjTmplt-L03-b.html#L03-b-16,2016,83268-0025,83268,酒匂川,1600,ゴルフ場,33,0.346502
nlni_l03b_landuse_by_watershed,https://nlftp.mlit.go.jp/ksj/gml/datalist/KsjTmplt-L03-b.html#L03-b-16,2016,83268-0026,83268,酒匂川,0100,田,4,0.041998
nlni_l03b_landuse_by_watershed,https://nlftp.mlit.go.jp/ksj/gml/datalist/KsjTmplt-L03-b.html#L03-b-16,2016,83268-0026,83268,酒匂川,0200,その他の農用地,70,0.734922
nlni_l03b_landuse_by_watershed,https://nlftp.mlit.go.jp/ksj/gml/datalist/KsjTmplt-L03-b.html#L03-b-16,2016,83268-0026,83268,酒匂川,0500,森林,1469,15.419067
nlni_l03b_landuse_by_watershed,https://nlftp.mlit.go.jp/ksj/gml/datalist/KsjTmplt-L03-b.html#L03-b-16,2016,83268-0026,83268,酒匂川,0600,荒地,4,0.041984
nlni_l03b_landuse_by_watershed,https://nlftp.mlit.go.jp/ksj/gml/datalist/KsjTmplt-L03-b.html#L03-b-16,2016,83268-0026,83268,酒匂川,0700,建物用地,48,0.503967
nlni_l03b_landuse_by_watershed,https://nlftp.mlit.go.jp/ksj/gml/datalist/KsjTmplt-L03-b.html#L03-b-16,2016,83268-0026,83268,酒匂川,1000,その他の用地,4,0.041995
nlni_l03b_landuse_by_watershed,https://nlftp.mlit.go.jp/ksj/gml/datalist/KsjTmplt-L03-b.html#L03-b-16,2016,83268-0026,83268,酒匂川,1100,河川地及び湖沼,21,0.220461
nlni_l03b_landuse_by_watershed,https://nlftp.mlit.go.jp/ksj/gml/datalist/KsjTmplt-L03-b.html#L03-b-16,2016,83268-0026,83268,酒匂川,1600,ゴルフ場,23,0.24149
nlni_l03b_landuse_by_watershed,https://nlftp.mlit.go.jp/ksj/gml/datalist/KsjTmplt-L03-b.html#L03-b-16,2016,83268-0027,83268,酒匂川,0200,その他の農用地,18,0.188999
nlni_l03b_landuse_by_watershed,https://nlftp.mlit.go.jp/ksj/gml/datalist/KsjTmplt-L03-b.html#L03-b-16,2016,83268-0027,83268,酒匂川,0500,森林,533,5.595984
nlni_l03b_landuse_by_watershed,https://nlftp.mlit.go.jp/ksj/gml/datalist/KsjTmplt-L03-b.html#L03-b-16,2016,83268-0027,83268,酒匂川,0600,荒地,1,0.010501
nlni_l03b_landuse_by_watershed,https://nlftp.mlit.go.jp/ksj/gml/datalist/KsjTmplt-L03-b.html#L03-b-16,2016,83268-0027,83268,酒匂川,0700,建物用地,15,0.1575
nlni_l03b_landuse_by_watershed,https://nlftp.mlit.go.jp/ksj/gml/datalist/KsjTmplt-L03-b.html#L03-b-16,2016,83268-0028,83268,酒匂川,0100,田,15,0.15758
nlni_l03b_landuse_by_watershed,https://nlftp.mlit.go.jp/ksj/gml/datalist/KsjTmplt-L03-b.html#L03-b-16,2016,83268-0028,83268,酒匂川,0200,その他の農用地,73,0.766867
nlni_l03b_landuse_by_watershed,https://nlftp.mlit.go.jp/ksj/gml/datalist/KsjTmplt-L03-b.html#L03-b-16,2016,83268-0028,83268,酒匂川,0500,森林,193,2.027661
nlni_l03b_landuse_by_watershed,https://nlftp.mlit.go.jp/ksj/gml/datalist/KsjTmplt-L03-b.html#L03-b-16,2016,83268-0028,83268,酒匂川,0700,建物用地,26,0.273131
nlni_l03b_landuse_by_watershed,https://nlftp.mlit.go.jp/ksj/gml/datalist/KsjTmplt-L03-b.html#L03-b-16,2016,83268-0028,83268,酒匂川,1000,その他の用地,9,0.094547
nlni_l03b_landuse_by_watershed,https://nlftp.mlit.go.jp/ksj/gml/datalist/KsjTmplt-L03-b.html#L03-b-16,2016,83268-0028,83268,酒匂川,1100,河川地及び湖沼,34,0.357172
nlni_l03b_landuse_by_watershed,https://nlftp.mlit.go.jp/ksj/gml/datalist/KsjTmplt-L03-b.html#L03-b-16,2016,83268-0029,83268,酒匂川,0200,その他の農用地,14,0.147069
nlni_l03b_landuse_by_watershed,https://nlftp.mlit.go.jp/ksj/gml/datalist/KsjTmplt-L03-b.html#L03-b-16,2016,83268-0029,83268,酒匂川,0500,森林,343,3.603436
nlni_l03b_landuse_by_watershed,https://nlftp.mlit.go.jp/ksj/gml/datalist/KsjTmplt-L03-b.html#L03-b-16,2016,83268-0029,83268,酒匂川,0700,建物用地,9,0.094543
nlni_l03b_landuse_by_watershed,https://nlftp.mlit.go.jp/ksj/gml/datalist/KsjTmplt-L03-b.html#L03-b-16,2016,83268-0029,83268,酒匂川,1000,その他の用地,1,0.010505
nlni_l03b_landuse_by_watershed,https://nlftp.mlit.go.jp/ksj/gml/datalist/KsjTmplt-L03-b.html#L03-b-16,2016,83268-0029,83268,酒匂川,1100,河川地及び湖沼,1,0.010505
nlni_l03b_landuse_by_watershed,https://nlftp.mlit.go.jp/ksj/gml/datalist/KsjTmplt-L03-b.html#L03-b-16,2016,83268-0030,83268,酒匂川,0200,その他の農用地,54,0.567083
nlni_l03b_landuse_by_watershed,https://nlftp.mlit.go.jp/ksj/gml/datalist/KsjTmplt-L03-b.html#L03-b-16,2016,83268-0030,83268,酒匂川,0500,森林,556,5.83955
nlni_l03b_landuse_by_watershed,https://nlftp.mlit.go.jp/ksj/gml/datalist/KsjTmplt-L03-b.html#L03-b-16,2016,83268-0030,83268,酒匂川,0600,荒地,1,0.010503
nlni_l03b_landuse_by_watershed,https://nlftp.mlit.go.jp/ksj/gml/datalist/KsjTmplt-L03-b.html#L03-b-16,2016,83268-0030,83268,酒匂川,0700,建物用地,19,0.19956
nlni_l03b_landuse_by_watershed,https://nlftp.mlit.go.jp/ksj/gml/datalist/KsjTmplt-L03-b.html#L03-b-16,2016,83268-0030,83268,酒匂川,0901,道路,4,0.042012
nlni_l03b_landuse_by_watershed,https://nlftp.mlit.go.jp/ksj/gml/datalist/KsjTmplt-L03-b.html#L03-b-16,2016,83268-0030,83268,酒匂川,0902,鉄道,3,0.031511
nlni_l03b_landuse_by_watershed,https://nlftp.mlit.go.jp/ksj/gml/datalist/KsjTmplt-L03-b.html#L03-b-16,2016,83268-0030,83268,酒匂川,1000,その他の用地,4,0.042017
nlni_l03b_landuse_by_watershed,https://nlftp.mlit.go.jp/ksj/gml/datalist/KsjTmplt-L03-b.html#L03-b-16,2016,83268-0030,83268,酒匂川,1100,河川地及び湖沼,36,0.378133
nlni_l03b_landuse_by_watershed,https://nlftp.mlit.go.jp/ksj/gml/datalist/KsjTmplt-L03-b.html#L03-b-16,2016,83268-0031,83268,酒匂川,0200,その他の農用地,35,0.367559
nlni_l03b_landuse_by_watershed,https://nlftp.mlit.go.jp/ksj/gml/datalist/KsjTmplt-L03-b.html#L03-b-16,2016,83268-0031,83268,酒匂川,0500,森林,1324,13.901583
nlni_l03b_landuse_by_watershed,https://nlftp.mlit.go.jp/ksj/gml/datalist/KsjTmplt-L03-b.html#L03-b-16,2016,83268-0031,83268,酒匂川,0600,荒地,9,0.0945
nlni_l03b_landuse_by_watershed,https://nlftp.mlit.go.jp/ksj/gml/datalist/KsjTmplt-L03-b.html#L03-b-16,2016,83268-0031,83268,酒匂川,0700,建物用地,18,0.18906
nlni_l03b_landuse_by_watershed,https://nlftp.mlit.go.jp/ksj/gml/datalist/KsjTmplt-L03-b.html#L03-b-16,2016,83268-0031,83268,酒匂川,0901,道路,6,0.06302
nlni_l03b_landuse_by_watershed,https://nlftp.mlit.go.jp/ksj/gml/datalist/KsjTmplt-L03-b.html#L03-b-16,2016,83268-0031,83268,酒匂川,0902,鉄道,1,0.010504
nlni_l03b_landuse_by_watershed,https://nlftp.mlit.go.jp/ksj/gml/datalist/KsjTmplt-L03-b.html#L03-b-16,2016,83268-0031,83268,酒匂川,1000,その他の用地,2,0.021006
nlni_l03b_landuse_by_watershed,https://nlftp.mlit.go.jp/ksj/gml/datalist/KsjTmplt-L03-b.html#L03-b-16,2016,83268-0031,83268,酒匂川,1100,河川地及び湖沼,1,0.010504
nlni_l03b_landuse_by_watershed,https://nlftp.mlit.go.jp/ksj/gml/datalist/KsjTmplt-L03-b.html#L03-b-16,2016,83268-0032,83268,酒匂川,0500,森林,614,6.45031
nlni_l03b_landuse_by_watershed,https://nlftp.mlit.go.jp/ksj/gml/datalist/KsjTmplt-L03-b.html#L03-b-16,2016,83268-0032,83268,酒匂川,0600,荒地,21,0.22063
nlni_l03b_landuse_by_watershed,https://nlftp.mlit.go.jp/ksj/gml/datalist/KsjTmplt-L03-b.html#L03-b-16,2016,83268-0032,83268,酒匂川,0700,建物用地,1,0.010505
nlni_l03b_landuse_by_watershed,https://nlftp.mlit.go.jp/ksj/gml/datalist/KsjTmplt-L03-b.html#L03-b-16,2016,83268-0032,83268,酒匂川,1100,河川地及び湖沼,1,0.010503
nlni_l03b_landuse_by_watershed,https://nlftp.mlit.go.jp/ksj/gml/datalist/KsjTmplt-L03-b.html#L03-b-16,2016,83268-0032,83268,酒匂川,1600,ゴルフ場,46,0.483245
nlni_l03b_landuse_by_watershed,https://nlftp.mlit.go.jp/ksj/gml/datalist/KsjTmplt-L03-b.html#L03-b-16,2016,83268-0033,83268,酒匂川,0100,田,11,0.11553
nlni_l03b_landuse_by_watershed,https://nlftp.mlit.go.jp/ksj/gml/datalist/KsjTmplt-L03-b.html#L03-b-16,2016,83268-0033,83268,酒匂川,0200,その他の農用地,51,0.535609
nlni_l03b_landuse_by_watershed,https://nlftp.mlit.go.jp/ksj/gml/datalist/KsjTmplt-L03-b.html#L03-b-16,2016,83268-0033,83268,酒匂川,0500,森林,100,1.050221
nlni_l03b_landuse_by_watershed,https://nlftp.mlit.go.jp/ksj/gml/datalist/KsjTmplt-L03-b.html#L03-b-16,2016,83268-0033,83268,酒匂川,0700,建物用地,8,0.084023
nlni_l03b_landuse_by_watershed,https://nlftp.mlit.go.jp/ksj/gml/datalist/KsjTmplt-L03-b.html#L03-b-16,2016,83268-0033,83268,酒匂川,0901,道路,4,0.04201
nlni_l03b_landuse_by_watershed,https://nlftp.mlit.go.jp/ksj/gml/datalist/KsjTmplt-L03-b.html#L03-b-16,2016,83268-0033,83268,酒匂川,0902,鉄道,3,0.031509
nlni_l03b_landuse_by_watershed,https://nlftp.mlit.go.jp/ksj/gml/datalist/KsjTmplt-L03-b.html#L03-b-16,2016,83268-0033,83268,酒匂川,1100,河川地及び湖沼,11,0.11553
nlni_l03b_landuse_by_watershed,https://nlftp.mlit.go.jp/ksj/gml/datalist/KsjTmplt-L03-b.html#L03-b-16,2016,83268-0034,83268,酒匂川,0100,田,2,0.02101
nlni_l03b_landuse_by_watershed,https://nlftp.mlit.go.jp/ksj/gml/datalist/KsjTmplt-L03-b.html#L03-b-16,2016,83268-0034,83268,酒匂川,0200,その他の農用地,21,0.220568
nlni_l03b_landuse_by_watershed,https://nlftp.mlit.go.jp/ksj/gml/datalist/KsjTmplt-L03-b.html#L03-b-16,2016,83268-0034,83268,酒匂川,0500,森林,1074,11.28149
nlni_l03b_landuse_by_watershed,https://nlftp.mlit.go.jp/ksj/gml/datalist/KsjTmplt-L03-b.html#L03-b-16,2016,83268-0034,83268,酒匂川,0600,荒地,71,0.745723
nlni_l03b_landuse_by_watershed,https://nlftp.mlit.go.jp/ksj/gml/datalist/KsjTmplt-L03-b.html#L03-b-16,2016,83268-0034,83268,酒匂川,0700,建物用地,71,0.745754
nlni_l03b_landuse_by_watershed,https://nlftp.mlit.go.jp/ksj/gml/datalist/KsjTmplt-L03-b.html#L03-b-16,2016,83268-0034,83268,酒匂川,0901,道路,49,0.51468
nlni_l03b_landuse_by_watershed,https://nlftp.mlit.go.jp/ksj/gml/datalist/KsjTmplt-L03-b.html#L03-b-16,2016,83268-0034,83268,酒匂川,0902,鉄道,9,0.094531
nlni_l03b_landuse_by_watershed,https://nlftp.mlit.go.jp/ksj/gml/datalist/KsjTmplt-L03-b.html#L03-b-16,2016,83268-0034,83268,酒匂川,1000,その他の用地,4,0.042014
nlni_l03b_landuse_by_watershed,https://nlftp.mlit.go.jp/ksj/gml/datalist/KsjTmplt-L03-b.html#L03-b-16,2016,83268-0034,83268,酒匂川,1100,河川地及び湖沼,25,0.262584
nlni_l03b_landuse_by_watershed,https://nlftp.mlit.go.jp/ksj/gml/datalist/KsjTmplt-L03-b.html#L03-b-16,2016,83268-0035,83268,酒匂川,0100,田,28,0.29399
nlni_l03b_landuse_by_watershed,https://nlftp.mlit.go.jp/ksj/gml/datalist/KsjTmplt-L03-b.html#L03-b-16,2016,83268-0035,83268,酒匂川,0200,その他の農用地,44,0.462027
nlni_l03b_landuse_by_watershed,https://nlftp.mlit.go.jp/ksj/gml/datalist/KsjTmplt-L03-b.html#L03-b-16,2016,83268-0035,83268,酒匂川,0500,森林,1304,13.691587
nlni_l03b_landuse_by_watershed,https://nlftp.mlit.go.jp/ksj/gml/datalist/KsjTmplt-L03-b.html#L03-b-16,2016,83268-0035,83268,酒匂川,0600,荒地,20,0.210017
nlni_l03b_landuse_by_watershed,https://nlftp.mlit.go.jp/ksj/gml/datalist/KsjTmplt-L03-b.html#L03-b-16,2016,83268-0035,83268,酒匂川,0700,建物用地,21,0.220503
nlni_l03b_landuse_by_watershed,https://nlftp.mlit.go.jp/ksj/gml/datalist/KsjTmplt-L03-b.html#L03-b-16,2016,83268-0035,83268,酒匂川,0901,道路,1,0.010498
nlni_l03b_landuse_by_watershed,https://nlftp.mlit.go.jp/ksj/gml/datalist/KsjTmplt-L03-b.html#L03-b-16,2016,83268-0035,83268,酒匂川,1000,その他の用地,16,0.16796
nlni_l03b_landuse_by_watershed,https://nlftp.mlit.go.jp/ksj/gml/datalist/KsjTmplt-L03-b.html#L03-b-16,2016,83268-0035,83268,酒匂川,1100,河川地及び湖沼,67,0.703448
nlni_l03b_landuse_by_watershed,https://nlftp.mlit.go.jp/ksj/gml/datalist/KsjTmplt-L03-b.html#L03-b-16,2016,83268-0036,83268,酒匂川,0200,その他の農用地,5,0.052481
nlni_l03b_landuse_by_watershed,https://nlftp.mlit.go.jp/ksj/gml/datalist/KsjTmplt-L03-b.html#L03-b-16,2016,83268-0036,83268,酒匂川,0500,森林,907,9.519961
nlni_l03b_landuse_by_watershed,https://nlftp.mlit.go.jp/ksj/gml/datalist/KsjTmplt-L03-b.html#L03-b-16,2016,83268-0036,83268,酒匂川,0600,荒地,19,0.199416
nlni_l03b_landuse_by_watershed,https://nlftp.mlit.go.jp/ksj/gml/datalist/KsjTmplt-L03-b.html#L03-b-16,2016,83268-0036,83268,酒匂川,0700,建物用地,7,0.073474
nlni_l03b_landuse_by_watershed,https://nlftp.mlit.go.jp/ksj/gml/datalist/KsjTmplt-L03-b.html#L03-b-16,2016,83268-0036,83268,酒匂川,1000,その他の用地,5,0.052483
nlni_l03b_landuse_by_watershed,https://nlftp.mlit.go.jp/ksj/gml/datalist/KsjTmplt-L03-b.html#L03-b-16,2016,83268-0036,83268,酒匂川,1100,河川地及び湖沼,59,0.619316
nlni_l03b_landuse_by_watershed,https://nlftp.mlit.go.jp/ksj/gml/datalist/KsjTmplt-L03-b.html#L03-b-16,2016,83268-0037,83268,酒匂川,0500,森林,580,6.088284
nlni_l03b_landuse_by_watershed,https://nlftp.mlit.go.jp/ksj/gml/datalist/KsjTmplt-L03-b.html#L03-b-16,2016,83268-0037,83268,酒匂川,0600,荒地,6,0.06298
nlni_l03b_landuse_by_watershed,https://nlftp.mlit.go.jp/ksj/gml/datalist/KsjTmplt-L03-b.html#L03-b-16,2016,83268-0037,83268,酒匂川,1100,河川地及び湖沼,63,0.661305
nlni_l03b_landuse_by_watershed,https://nlftp.mlit.go.jp/ksj/gml/datalist/KsjTmplt-L03-b.html#L03-b-16,2016,83268-0038,83268,酒匂川,0500,森林,27,0.283407
nlni_l03b_landuse_by_watershed,https://nlftp.mlit.go.jp/ksj/gml/datalist/KsjTmplt-L03-b.html#L03-b-16,2016,83268-0038,83268,酒匂川,0600,荒地,3,0.031491
nlni_l03b_landuse_by_watershed,https://nlftp.mlit.go.jp/ksj/gml/datalist/KsjTmplt-L03-b.html#L03-b-16,2016,83268-0038,83268,酒匂川,0700,建物用地,2,0.020994
nlni_l03b_landuse_by_watershed,https://nlftp.mlit.go.jp/ksj/gml/datalist/KsjTmplt-L03-b.html#L03-b-16,2016,83268-0038,83268,酒匂川,1000,その他の用地,2,0.020994
nlni_l03b_landuse_by_watershed,https://nlftp.mlit.go.jp/ksj/gml/datalist/KsjTmplt-L03-b.html#L03-b-16,2016,83268-0038,83268,酒匂川,1100,河川地及び湖沼,38,0.398882
nlni_l03b_landuse_by_watershed,https://nlftp.mlit.go.jp/ksj/gml/datalist/KsjTmplt-L03-b.html#L03-b-16,2016,83268-0039,83268,酒匂川,0500,森林,648,6.798696
nlni_l03b_landuse_by_watershed,https://nlftp.mlit.go.jp/ksj/gml/datalist/KsjTmplt-L03-b.html#L03-b-16,2016,83268-0040,83268,酒匂川,0500,森林,2732,28.662608
nlni_l03b_landuse_by_watershed,https://nlftp.mlit.go.jp/ksj/gml/datalist/KsjTmplt-L03-b.html#L03-b-16,2016,83268-0040,83268,酒匂川,0600,荒地,83,0.870723
nlni_l03b_landuse_by_watershed,https://nlftp.mlit.go.jp/ksj/gml/datalist/KsjTmplt-L03-b.html#L03-b-16,2016,83268-0041,83268,酒匂川,0500,森林,712,7.473621
nlni_l03b_landuse_by_watershed,https://nlftp.mlit.go.jp/ksj/gml/datalist/KsjTmplt-L03-b.html#L03-b-16,2016,83268-0041,83268,酒匂川,1100,河川地及び湖沼,2,0.020995
nlni_l03b_landuse_by_watershed,https://nlftp.mlit.go.jp/ksj/gml/datalist/KsjTmplt-L03-b.html#L03-b-16,2016,83268-0042,83268,酒匂川,0500,森林,2177,22.841496
nlni_l03b_landuse_by_watershed,https://nlftp.mlit.go.jp/ksj/gml/datalist/KsjTmplt-L03-b.html#L03-b-16,2016,83268-0042,83268,酒匂川,0600,荒地,26,0.272838
nlni_l03b_landuse_by_watershed,https://nlftp.mlit.go.jp/ksj/gml/datalist/KsjTmplt-L03-b.html#L03-b-16,2016,83268-0043,83268,酒匂川,0500,森林,1954,20.50463
nlni_l03b_landuse_by_watershed,https://nlftp.mlit.go.jp/ksj/gml/datalist/KsjTmplt-L03-b.html#L03-b-16,2016,83268-0043,83268,酒匂川,0600,荒地,2,0.02099
nlni_l03b_landuse_by_watershed,https://nlftp.mlit.go.jp/ksj/gml/datalist/KsjTmplt-L03-b.html#L03-b-16,2016,83268-0044,83268,酒匂川,0500,森林,853,8.954282
nlni_l03b_landuse_by_watershed,https://nlftp.mlit.go.jp/ksj/gml/datalist/KsjTmplt-L03-b.html#L03-b-16,2016,83268-0044,83268,酒匂川,0600,荒地,9,0.094482
nlni_l03b_landuse_by_watershed,https://nlftp.mlit.go.jp/ksj/gml/datalist/KsjTmplt-L03-b.html#L03-b-16,2016,83268-0045,83268,,0500,森林,41,0.430694
nlni_l03b_landuse_by_watershed,https://nlftp.mlit.go.jp/ksj/gml/datalist/KsjTmplt-L03-b.html#L03-b-16,2016,83268-0045,83268,,0700,建物用地,7,0.073528
nlni_l03b_landuse_by_watershed,https://nlftp.mlit.go.jp/ksj/gml/datalist/KsjTmplt-L03-b.html#L03-b-16,2016,83268-0045,83268,,0901,道路,4,0.042017
nlni_l03b_landuse_by_watershed,https://nlftp.mlit.go.jp/ksj/gml/datalist/KsjTmplt-L03-b.html#L03-b-16,2016,83268-0045,83268,,0902,鉄道,2,0.021008
nlni_l03b_landuse_by_watershed,https://nlftp.mlit.go.jp/ksj/gml/datalist/KsjTmplt-L03-b.html#L03-b-16,2016,83268-0045,83268,,1100,河川地及び湖沼,2,0.021008
nlni_l03b_landuse_by_watershed,https://nlftp.mlit.go.jp/ksj/gml/datalist/KsjTmplt-L03-b.html#L03-b-16,2016,83268-0045,83268,,1600,ゴルフ場,15,0.157581
nlni_l03b_landuse_by_watershed,https://nlftp.mlit.go.jp/ksj/gml/datalist/KsjTmplt-L03-b.html#L03-b-16,2016,83268-0046,83268,,0100,田,65,0.682849
nlni_l03b_landuse_by_watershed,https://nlftp.mlit.go.jp/ksj/gml/datalist/KsjTmplt-L03-b.html#L03-b-16,2016,83268-0046,83268,,0200,その他の農用地,5,0.052529
nlni_l03b_landuse_by_watershed,https://nlftp.mlit.go.jp/ksj/gml/datalist/KsjTmplt-L03-b.html#L03-b-16,2016,83268-0046,83268,,0500,森林,133,1.397215
nlni_l03b_landuse_by_watershed,https://nlftp.mlit.go.jp/ksj/gml/datalist/KsjTmplt-L03-b.html#L03-b-16,2016,83268-0046,83268,,0700,建物用地,79,0.82989
nlni_l03b_landuse_by_watershed,https://nlftp.mlit.go.jp/ksj/gml/datalist/KsjTmplt-L03-b.html#L03-b-16,2016,83268-0046,83268,,0901,道路,6,0.063031
nlni_l03b_landuse_by_watershed,https://nlftp.mlit.go.jp/ksj/gml/datalist/KsjTmplt-L03-b.html#L03-b-16,2016,83268-0046,83268,,0902,鉄道,8,0.084041
nlni_l03b_landuse_by_watershed,https://nlftp.mlit.go.jp/ksj/gml/datalist/KsjTmplt-L03-b.html#L03-b-16,2016,83268-0046,83268,,1000,その他の用地,4,0.042017
nlni_l03b_landuse_by_watershed,https://nlftp.mlit.go.jp/ksj/gml/datalist/KsjTmplt-L03-b.html#L03-b-16,2016,83268-0046,83268,,1100,河川地及び湖沼,12,0.126056
nlni_l03b_landuse_by_watershed,https://nlftp.mlit.go.jp/ksj/gml/datalist/KsjTmplt-L03-b.html#L03-b-16,2016,83268-0046,83268,,1600,ゴルフ場,25,0.262647
nlni_l03b_landuse_by_watershed,https://nlftp.mlit.go.jp/ksj/gml/datalist/KsjTmplt-L03-b.html#L03-b-16,2016,83268-0047,83268,,0100,田,1,0.010507
nlni_l03b_landuse_by_watershed,https://nlftp.mlit.go.jp/ksj/gml/datalist/KsjTmplt-L03-b.html#L03-b-16,2016,83268-0047,83268,,0500,森林,436,4.581642
nlni_l03b_landuse_by_watershed,https://nlftp.mlit.go.jp/ksj/gml/datalist/KsjTmplt-L03-b.html#L03-b-16,2016,83268-0047,83268,,0700,建物用地,12,0.126086
nlni_l03b_landuse_by_watershed,https://nlftp.mlit.go.jp/ksj/gml/datalist/KsjTmplt-L03-b.html#L03-b-16,2016,83268-0047,83268,,1000,その他の用地,1,0.010507
nlni_l03b_landuse_by_watershed,https://nlftp.mlit.go.jp/ksj/gml/datalist/KsjTmplt-L03-b.html#L03-b-16,2016,83268-0047,83268,,1600,ゴルフ場,2,0.021013
nlni_l03b_landuse_by_watershed,https://nlftp.mlit.go.jp/ksj/gml/datalist/KsjTmplt-L03-b.html#L03-b-16,2016,83268-0048,83268,,0100,田,30,0.315214
nlni_l03b_landuse_by_watershed,https://nlftp.mlit.go.jp/ksj/gml/datalist/KsjTmplt-L03-b.html#L03-b-16,2016,83268-0048,83268,,0200,その他の農用地,3,0.031523
nlni_l03b_landuse_by_watershed,https://nlftp.mlit.go.jp/ksj/gml/datalist/KsjTmplt-L03-b.html#L03-b-16,2016,83268-0048,83268,,0500,森林,36,0.378278
nlni_l03b_landuse_by_watershed,https://nlftp.mlit.go.jp/ksj/gml/datalist/KsjTmplt-L03-b.html#L03-b-16,2016,83268-0048,83268,,0600,荒地,5,0.052539
nlni_l03b_landuse_by_watershed,https://nlftp.mlit.go.jp/ksj/gml/datalist/KsjTmplt-L03-b.html#L03-b-16,2016,83268-0048,83268,,0700,建物用地,9,0.094573
nlni_l03b_landuse_by_watershed,https://nlftp.mlit.go.jp/ksj/gml/datalist/KsjTmplt-L03-b.html#L03-b-16,2016,83268-0048,83268,,0901,道路,9,0.094565
nlni_l03b_landuse_by_watershed,https://nlftp.mlit.go.jp/ksj/gml/datalist/KsjTmplt-L03-b.html#L03-b-16,2016,83268-0048,83268,,1000,その他の用地,3,0.031524
nlni_l03b_landuse_by_watershed,https://nlftp.mlit.go.jp/ksj/gml/datalist/KsjTmplt-L03-b.html#L03-b-16,2016,83268-0048,83268,,1100,河川地及び湖沼,1,0.010507
nlni_l03b_landuse_by_watershed,https://nlftp.mlit.go.jp/ksj/gml/datalist/KsjTmplt-L03-b.html#L03-b-16,2016,83268-0049,83268,,0100,田,40,0.42024
nlni_l03b_landuse_by_watershed,https://nlftp.mlit.go.jp/ksj/gml/datalist/KsjTmplt-L03-b.html#L03-b-16,2016,83268-0049,83268,,0200,その他の農用地,7,0.073539
nlni_l03b_landuse_by_watershed,https://nlftp.mlit.go.jp/ksj/gml/datalist/KsjTmplt-L03-b.html#L03-b-16,2016,83268-0049,83268,,0500,森林,4,0.042023
nlni_l03b_landuse_by_watershed,https://nlftp.mlit.go.jp/ksj/gml/datalist/KsjTmplt-L03-b.html#L03-b-16,2016,83268-0049,83268,,0700,建物用地,20,0.210115
nlni_l03b_landuse_by_watershed,https://nlftp.mlit.go.jp/ksj/gml/datalist/KsjTmplt-L03-b.html#L03-b-16,2016,83268-0049,83268,,0901,道路,6,0.063038
nlni_l03b_landuse_by_watershed,https://nlftp.mlit.go.jp/ksj/gml/datalist/KsjTmplt-L03-b.html#L03-b-16,2016,83268-0049,83268,,1100,河川地及び湖沼,4,0.042025
nlni_l03b_landuse_by_watershed,https://nlftp.mlit.go.jp/ksj/gml/datalist/KsjTmplt-L03-b.html#L03-b-16,2016,83268-0050,83268,,0100,田,60,0.630283
nlni_l03b_landuse_by_watershed,https://nlftp.mlit.go.jp/ksj/gml/datalist/KsjTmplt-L03-b.html#L03-b-16,2016,83268-0050,83268,,0200,その他の農用地,75,0.787753
nlni_l03b_landuse_by_watershed,https://nlftp.mlit.go.jp/ksj/gml/datalist/KsjTmplt-L03-b.html#L03-b-16,2016,83268-0050,83268,,0500,森林,306,3.214175
nlni_l03b_landuse_by_watershed,https://nlftp.mlit.go.jp/ksj/gml/datalist/KsjTmplt-L03-b.html#L03-b-16,2016,83268-0050,83268,,0700,建物用地,83,0.871847
nlni_l03b_landuse_by_watershed,https://nlftp.mlit.go.jp/ksj/gml/datalist/KsjTmplt-L03-b.html#L03-b-16,2016,83268-0050,83268,,0901,道路,3,0.031514
nlni_l03b_landuse_by_watershed,https://nlftp.mlit.go.jp/ksj/gml/datalist/KsjTmplt-L03-b.html#L03-b-16,2016,83268-0050,83268,,1000,その他の用地,74,0.777237
nlni_l03b_landuse_by_watershed,https://nlftp.mlit.go.jp/ksj/gml/datalist/KsjTmplt-L03-b.html#L03-b-16,2016,83268-0050,83268,,1100,河川地及び湖沼,6,0.063027
nlni_l03b_landuse_by_watershed,https://nlftp.mlit.go.jp/ksj/gml/datalist/KsjTmplt-L03-b.html#L03-b-16,2016,83268-0050,83268,,1600,ゴルフ場,35,0.367565
nlni_l03b_landuse_by_watershed,https://nlftp.mlit.go.jp/ksj/gml/datalist/KsjTmplt-L03-b.html#L03-b-16,2016,83268-0051,83268,,0100,田,10,0.105028
nlni_l03b_landuse_by_watershed,https://nlftp.mlit.go.jp/ksj/gml/datalist/KsjTmplt-L03-b.html#L03-b-16,2016,83268-0051,83268,,0500,森林,167,1.753803
nlni_l03b_landuse_by_watershed,https://nlftp.mlit.go.jp/ksj/gml/datalist/KsjTmplt-L03-b.html#L03-b-16,2016,83268-0051,83268,,0700,建物用地,47,0.493645
nlni_l03b_landuse_by_watershed,https://nlftp.mlit.go.jp/ksj/gml/datalist/KsjTmplt-L03-b.html#L03-b-16,2016,83268-0051,83268,,0901,道路,1,0.010503
nlni_l03b_landuse_by_watershed,https://nlftp.mlit.go.jp/ksj/gml/datalist/KsjTmplt-L03-b.html#L03-b-16,2016,83268-0051,83268,,1000,その他の用地,3,0.03151
nlni_l03b_landuse_by_watershed,https://nlftp.mlit.go.jp/ksj/gml/datalist/KsjTmplt-L03-b.html#L03-b-16,2016,83268-0052,83268,,0100,田,31,0.32555
nlni_l03b_landuse_by_watershed,https://nlftp.mlit.go.jp/ksj/gml/datalist/KsjTmplt-L03-b.html#L03-b-16,2016,83268-0052,83268,,0200,その他の農用地,6,0.063013
nlni_l03b_landuse_by_watershed,https://nlftp.mlit.go.jp/ksj/gml/datalist/KsjTmplt-L03-b.html#L03-b-16,2016,83268-0052,83268,,0500,森林,577,6.05829
nlni_l03b_landuse_by_watershed,https://nlftp.mlit.go.jp/ksj/gml/datalist/KsjTmplt-L03-b.html#L03-b-16,2016,83268-0052,83268,,0600,荒地,7,0.073492
nlni_l03b_landuse_by_watershed,https://nlftp.mlit.go.jp/ksj/gml/datalist/KsjTmplt-L03-b.html#L03-b-16,2016,83268-0052,83268,,0700,建物用地,10,0.105016
nlni_l03b_landuse_by_watershed,https://nlftp.mlit.go.jp/ksj/gml/datalist/KsjTmplt-L03-b.html#L03-b-16,2016,83268-0053,83268,,0100,田,19,0.199547
nlni_l03b_landuse_by_watershed,https://nlftp.mlit.go.jp/ksj/gml/datalist/KsjTmplt-L03-b.html#L03-b-16,2016,83268-0053,83268,,0200,その他の農用地,7,0.07351
nlni_l03b_landuse_by_watershed,https://nlftp.mlit.go.jp/ksj/gml/datalist/KsjTmplt-L03-b.html#L03-b-16,2016,83268-0053,83268,,0500,森林,400,4.200141
nlni_l03b_landuse_by_watershed,https://nlftp.mlit.go.jp/ksj/gml/datalist/KsjTmplt-L03-b.html#L03-b-16,2016,83268-0053,83268,,0700,建物用地,2,0.021005
nlni_l03b_landuse_by_watershed,https://nlftp.mlit.go.jp/ksj/gml/datalist/KsjTmplt-L03-b.html#L03-b-16,2016,83268-0053,83268,,1000,その他の用地,5,0.052515
nlni_l03b_landuse_by_watershed,https://nlftp.mlit.go.jp/ksj/gml/datalist/KsjTmplt-L03-b.html#L03-b-16,2016,83268-0053,83268,,1600,ゴルフ場,12,0.126011
nlni_l03b_landuse_by_watershed,https://nlftp.mlit.go.jp/ksj/gml/datalist/KsjTmplt-L03-b.html#L03-b-16,2016,83268-0054,83268,,0100,田,24,0.252049
nlni_l03b_landuse_by_watershed,https://nlftp.mlit.go.jp/ksj/gml/datalist/KsjTmplt-L03-b.html#L03-b-16,2016,83268-0054,83268,,0200,その他の農用地,23,0.241549
nlni_l03b_landuse_by_watershed,https://nlftp.mlit.go.jp/ksj/gml/datalist/KsjTmplt-L03-b.html#L03-b-16,2016,83268-0054,83268,,0500,森林,308,3.234095
nlni_l03b_landuse_by_watershed,https://nlftp.mlit.go.jp/ksj/gml/datalist/KsjTmplt-L03-b.html#L03-b-16,2016,83268-0054,83268,,0700,建物用地,11,0.115522
nlni_l03b_landuse_by_watershed,https://nlftp.mlit.go.jp/ksj/gml/datalist/KsjTmplt-L03-b.html#L03-b-16,2016,83268-0054,83268,,1000,その他の用地,5,0.052514
nlni_l03b_landuse_by_watershed,https://nlftp.mlit.go.jp/ksj/gml/datalist/KsjTmplt-L03-b.html#L03-b-16,2016,83268-0054,83268,,1600,ゴルフ場,46,0.483062
nlni_l03b_landuse_by_watershed,https://nlftp.mlit.go.jp/ksj/gml/datalist/KsjTmplt-L03-b.html#L03-b-16,2016,83268-0055,83268,,0200,その他の農用地,2,0.021007
nlni_l03b_landuse_by_watershed,https://nlftp.mlit.go.jp/ksj/gml/datalist/KsjTmplt-L03-b.html#L03-b-16,2016,83268-0055,83268,,0500,森林,15,0.157555
nlni_l03b_landuse_by_watershed,https://nlftp.mlit.go.jp/ksj/gml/datalist/KsjTmplt-L03-b.html#L03-b-16,2016,83268-0056,83268,,0100,田,12,0.12604
nlni_l03b_landuse_by_watershed,https://nlftp.mlit.go.jp/ksj/gml/datalist/KsjTmplt-L03-b.html#L03-b-16,2016,83268-0056,83268,,0200,その他の農用地,36,0.378133
nlni_l03b_landuse_by_watershed,https://nlftp.mlit.go.jp/ksj/gml/datalist/KsjTmplt-L03-b.html#L03-b-16,2016,83268-0056,83268,,0500,森林,1333,13.999021
nlni_l03b_landuse_by_watershed,https://nlftp.mlit.go.jp/ksj/gml/datalist/KsjTmplt-L03-b.html#L03-b-16,2016,83268-0056,83268,,0600,荒地,13,0.136528
nlni_l03b_landuse_by_watershed,https://nlftp.mlit.go.jp/ksj/gml/datalist/KsjTmplt-L03-b.html#L03-b-16,2016,83268-0056,83268,,0700,建物用地,33,0.346616
nlni_l03b_landuse_by_watershed,https://nlftp.mlit.go.jp/ksj/gml/datalist/KsjTmplt-L03-b.html#L03-b-16,2016,83268-0056,83268,,0901,道路,3,0.031508
nlni_l03b_landuse_by_watershed,https://nlftp.mlit.go.jp/ksj/gml/datalist/KsjTmplt-L03-b.html#L03-b-16,2016,83268-0056,83268,,1000,その他の用地,250,2.625587
nlni_l03b_landuse_by_watershed,https://nlftp.mlit.go.jp/ksj/gml/datalist/KsjTmplt-L03-b.html#L03-b-16,2016,83268-0056,83268,,1600,ゴルフ場,103,1.081808
nlni_l03b_landuse_by_watershed,https://nlftp.mlit.go.jp/ksj/gml/datalist/KsjTmplt-L03-b.html#L03-b-16,2016,83268-0057,83268,,0100,田,179,1.880648
nlni_l03b_landuse_by_watershed,https://nlftp.mlit.go.jp/ksj/gml/datalist/KsjTmplt-L03-b.html#L03-b-16,2016,83268-0057,83268,,0200,その他の農用地,22,0.231134
nlni_l03b_landuse_by_watershed,https://nlftp.mlit.go.jp/ksj/gml/datalist/KsjTmplt-L03-b.html#L03-b-16,2016,83268-0057,83268,,0500,森林,30,0.315185
nlni_l03b_landuse_by_watershed,https://nlftp.mlit.go.jp/ksj/gml/datalist/KsjTmplt-L03-b.html#L03-b-16,2016,83268-0057,83268,,0700,建物用地,57,0.598868
nlni_l03b_landuse_by_watershed,https://nlftp.mlit.go.jp/ksj/gml/datalist/KsjTmplt-L03-b.html#L03-b-16,2016,83268-0057,83268,,0901,道路,2,0.021013
nlni_l03b_landuse_by_watershed,https://nlftp.mlit.go.jp/ksj/gml/datalist/KsjTmplt-L03-b.html#L03-b-16,2016,83268-0057,83268,,1600,ゴルフ場,9,0.094554
nlni_l03b_landuse_by_watershed,https://nlftp.mlit.go.jp/ksj/gml/datalist/KsjTmplt-L03-b.html#L03-b-16,2016,83268-0058,83268,,0100,田,90,0.945507
nlni_l03b_landuse_by_watershed,https://nlftp.mlit.go.jp/ksj/gml/datalist/KsjTmplt-L03-b.html#L03-b-16,2016,83268-0058,83268,,0200,その他の農用地,20,0.210112
nlni_l03b_landuse_by_watershed,https://nlftp.mlit.go.jp/ksj/gml/datalist/KsjTmplt-L03-b.html#L03-b-16,2016,83268-0058,83268,,0500,森林,26,0.273155
nlni_l03b_landuse_by_watershed,https://nlftp.mlit.go.jp/ksj/gml/datalist/KsjTmplt-L03-b.html#L03-b-16,2016,83268-0058,83268,,0700,建物用地,79,0.829939
nlni_l03b_landuse_by_watershed,https://nlftp.mlit.go.jp/ksj/gml/datalist/KsjTmplt-L03-b.html#L03-b-16,2016,83268-0058,83268,,1000,その他の用地,3,0.031516
nlni_l03b_landuse_by_watershed,https://nlftp.mlit.go.jp/ksj/gml/datalist/KsjTmplt-L03-b.html#L03-b-16,2016,83268-0060,83268,,0100,田,146,1.534016
nlni_l03b_landuse_by_watershed,https://nlftp.mlit.go.jp/ksj/gml/datalist/KsjTmplt-L03-b.html#L03-b-16,2016,83268-0060,83268,,0200,その他の農用地,1,0.010506
nlni_l03b_landuse_by_watershed,https://nlftp.mlit.go.jp/ksj/gml/datalist/KsjTmplt-L03-b.html#L03-b-16,2016,83268-0060,83268,,0500,森林,91,0.956076
nlni_l03b_landuse_by_watershed,https://nlftp.mlit.go.jp/ksj/gml/datalist/KsjTmplt-L03-b.html#L03-b-16,2016,83268-0060,83268,,0600,荒地,3,0.031521
nlni_l03b_landuse_by_watershed,https://nlftp.mlit.go.jp/ksj/gml/datalist/KsjTmplt-L03-b.html#L03-b-16,2016,83268-0060,83268,,0700,建物用地,65,0.682957
nlni_l03b_landuse_by_watershed,https://nlftp.mlit.go.jp/ksj/gml/datalist/KsjTmplt-L03-b.html#L03-b-16,2016,83268-0060,83268,,0901,道路,2,0.021014
nlni_l03b_landuse_by_watershed,https://nlftp.mlit.go.jp/ksj/gml/datalist/KsjTmplt-L03-b.html#L03-b-16,2016,83268-0060,83268,,1000,その他の用地,2,0.021013
nlni_l03b_landuse_by_watershed,https://nlftp.mlit.go.jp/ksj/gml/datalist/KsjTmplt-L03-b.html#L03-b-16,2016,83268-0060,83268,,1600,ゴルフ場,32,0.336189
nlni_l03b_landuse_by_watershed,https://nlftp.mlit.go.jp/ksj/gml/datalist/KsjTmplt-L03-b.html#L03-b-16,2016,83268-0061,83268,,0100,田,224,2.353703
nlni_l03b_landuse_by_watershed,https://nlftp.mlit.go.jp/ksj/gml/datalist/KsjTmplt-L03-b.html#L03-b-16,2016,83268-0061,83268,,0200,その他の農用地,10,0.105073
nlni_l03b_landuse_by_watershed,https://nlftp.mlit.go.jp/ksj/gml/datalist/KsjTmplt-L03-b.html#L03-b-16,2016,83268-0061,83268,,0500,森林,100,1.050676
nlni_l03b_landuse_by_watershed,https://nlftp.mlit.go.jp/ksj/gml/datalist/KsjTmplt-L03-b.html#L03-b-16,2016,83268-0061,83268,,0600,荒地,4,0.042024
nlni_l03b_landuse_by_watershed,https://nlftp.mlit.go.jp/ksj/gml/datalist/KsjTmplt-L03-b.html#L03-b-16,2016,83268-0061,83268,,0700,建物用地,95,0.998206
nlni_l03b_landuse_by_watershed,https://nlftp.mlit.go.jp/ksj/gml/datalist/KsjTmplt-L03-b.html#L03-b-16,2016,83268-0061,83268,,0901,道路,4,0.042031
nlni_l03b_landuse_by_watershed,https://nlftp.mlit.go.jp/ksj/gml/datalist/KsjTmplt-L03-b.html#L03-b-16,2016,83268-0061,83268,,1000,その他の用地,22,0.231153
nlni_l03b_landuse_by_watershed,https://nlftp.mlit.go.jp/ksj/gml/datalist/KsjTmplt-L03-b.html#L03-b-16,2016,83268-0061,83268,,1600,ゴルフ場,7,0.073543
nlni_l03b_landuse_by_watershed,https://nlftp.mlit.go.jp/ksj/gml/datalist/KsjTmplt-L03-b.html#L03-b-16,2016,83268-0065,83268,,0100,田,16,0.168103
nlni_l03b_landuse_by_watershed,https://nlftp.mlit.go.jp/ksj/gml/datalist/KsjTmplt-L03-b.html#L03-b-16,2016,83268-0065,83268,,0200,その他の農用地,2,0.021014
nlni_l03b_landuse_by_watershed,https://nlftp.mlit.go.jp/ksj/gml/datalist/KsjTmplt-L03-b.html#L03-b-16,2016,83268-0065,83268,,0500,森林,31,0.325704
nlni_l03b_landuse_by_watershed,https://nlftp.mlit.go.jp/ksj/gml/datalist/KsjTmplt-L03-b.html#L03-b-16,2016,83268-0065,83268,,0700,建物用地,19,0.199631
nlni_l03b_landuse_by_watershed,https://nlftp.mlit.go.jp/ksj/gml/datalist/KsjTmplt-L03-b.html#L03-b-16,2016,83268-0065,83268,,0902,鉄道,3,0.03152
nlni_l03b_landuse_by_watershed,https://nlftp.mlit.go.jp/ksj/gml/datalist/KsjTmplt-L03-b.html#L03-b-16,2016,83268-0065,83268,,1100,河川地及び湖沼,3,0.03152
nlni_l03b_landuse_by_watershed,https://nlftp.mlit.go.jp/ksj/gml/datalist/KsjTmplt-L03-b.html#L03-b-16,2016,83268-0065,83268,,1600,ゴルフ場,1,0.010506
nlni_l03b_landuse_by_watershed,https://nlftp.mlit.go.jp/ksj/gml/datalist/KsjTmplt-L03-b.html#L03-b-16,2016,83268-0066,83268,,0100,田,1,0.010508
nlni_l03b_landuse_by_watershed,https://nlftp.mlit.go.jp/ksj/gml/datalist/KsjTmplt-L03-b.html#L03-b-16,2016,83268-0066,83268,,0500,森林,33,0.346753
nlni_l03b_landuse_by_watershed,https://nlftp.mlit.go.jp/ksj/gml/datalist/KsjTmplt-L03-b.html#L03-b-16,2016,83268-0066,83268,,0700,建物用地,19,0.199643
nlni_l03b_landuse_by_watershed,https://nlftp.mlit.go.jp/ksj/gml/datalist/KsjTmplt-L03-b.html#L03-b-16,2016,83268-0066,83268,,0902,鉄道,2,0.021015
nlni_l03b_landuse_by_watershed,https://nlftp.mlit.go.jp/ksj/gml/datalist/KsjTmplt-L03-b.html#L03-b-16,2016,83268-0066,83268,,1000,その他の用地,4,0.042032
nlni_l03b_landuse_by_watershed,https://nlftp.mlit.go.jp/ksj/gml/datalist/KsjTmplt-L03-b.html#L03-b-16,2016,83268-0066,83268,,1100,河川地及び湖沼,3,0.031523
nlni_l03b_landuse_by_watershed,https://nlftp.mlit.go.jp/ksj/gml/datalist/KsjTmplt-L03-b.html#L03-b-16,2016,83268-0067,83268,,0100,田,11,0.115592
nlni_l03b_landuse_by_watershed,https://nlftp.mlit.go.jp/ksj/gml/datalist/KsjTmplt-L03-b.html#L03-b-16,2016,83268-0067,83268,,0200,その他の農用地,7,0.073563
nlni_l03b_landuse_by_watershed,https://nlftp.mlit.go.jp/ksj/gml/datalist/KsjTmplt-L03-b.html#L03-b-16,2016,83268-0067,83268,,0500,森林,272,2.858726
nlni_l03b_landuse_by_watershed,https://nlftp.mlit.go.jp/ksj/gml/datalist/KsjTmplt-L03-b.html#L03-b-16,2016,83268-0067,83268,,0902,鉄道,2,0.021016
nlni_l03b_landuse_by_watershed,https://nlftp.mlit.go.jp/ksj/gml/datalist/KsjTmplt-L03-b.html#L03-b-16,2016,83268-0067,83268,,1000,その他の用地,3,0.031528
nlni_l03b_landuse_by_watershed,https://nlftp.mlit.go.jp/ksj/gml/datalist/KsjTmplt-L03-b.html#L03-b-16,2016,83268-0067,83268,,1600,ゴルフ場,48,0.504428
nlni_l03b_landuse_by_watershed,https://nlftp.mlit.go.jp/ksj/gml/datalist/KsjTmplt-L03-b.html#L03-b-16,2016,83268-0068,83268,,0100,田,15,0.157629
nlni_l03b_landuse_by_watershed,https://nlftp.mlit.go.jp/ksj/gml/datalist/KsjTmplt-L03-b.html#L03-b-16,2016,83268-0068,83268,,0200,その他の農用地,7,0.073565
nlni_l03b_landuse_by_watershed,https://nlftp.mlit.go.jp/ksj/gml/datalist/KsjTmplt-L03-b.html#L03-b-16,2016,83268-0068,83268,,0500,森林,89,0.935282
nlni_l03b_landuse_by_watershed,https://nlftp.mlit.go.jp/ksj/gml/datalist/KsjTmplt-L03-b.html#L03-b-16,2016,83268-0068,83268,,0600,荒地,2,0.021018
nlni_l03b_landuse_by_watershed,https://nlftp.mlit.go.jp/ksj/gml/datalist/KsjTmplt-L03-b.html#L03-b-16,2016,83268-0068,83268,,0700,建物用地,19,0.199664
nlni_l03b_landuse_by_watershed,https://nlftp.mlit.go.jp/ksj/gml/datalist/KsjTmplt-L03-b.html#L03-b-16,2016,83268-0068,83268,,0901,道路,4,0.042035
nlni_l03b_landuse_by_watershed,https://nlftp.mlit.go.jp/ksj/gml/datalist/KsjTmplt-L03-b.html#L03-b-16,2016,83268-0068,83268,,0902,鉄道,5,0.052544
nlni_l03b_landuse_by_watershed,https://nlftp.mlit.go.jp/ksj/gml/datalist/KsjTmplt-L03-b.html#L03-b-16,2016,83268-0068,83268,,1000,その他の用地,4,0.042034
nlni_l03b_landuse_by_watershed,https://nlftp.mlit.go.jp/ksj/gml/datalist/KsjTmplt-L03-b.html#L03-b-16,2016,83268-0068,83268,,1100,河川地及び湖沼,6,0.06305
nlni_l03b_landuse_by_watershed,https://nlftp.mlit.go.jp/ksj/gml/datalist/KsjTmplt-L03-b.html#L03-b-16,2016,83268-0069,83268,,0100,田,56,0.588496
nlni_l03b_landuse_by_watershed,https://nlftp.mlit.go.jp/ksj/gml/datalist/KsjTmplt-L03-b.html#L03-b-16,2016,83268-0069,83268,,0200,その他の農用地,6,0.063055
nlni_l03b_landuse_by_watershed,https://nlftp.mlit.go.jp/ksj/gml/datalist/KsjTmplt-L03-b.html#L03-b-16,2016,83268-0069,83268,,0500,森林,47,0.493904
nlni_l03b_landuse_by_watershed,https://nlftp.mlit.go.jp/ksj/gml/datalist/KsjTmplt-L03-b.html#L03-b-16,2016,83268-0069,83268,,0600,荒地,2,0.021016
nlni_l03b_landuse_by_watershed,https://nlftp.mlit.go.jp/ksj/gml/datalist/KsjTmplt-L03-b.html#L03-b-16,2016,83268-0069,83268,,0700,建物用地,34,0.357321
nlni_l03b_landuse_by_watershed,https://nlftp.mlit.go.jp/ksj/gml/datalist/KsjTmplt-L03-b.html#L03-b-16,2016,83268-0069,83268,,1000,その他の用地,2,0.021018
nlni_l03b_landuse_by_watershed,https://nlftp.mlit.go.jp/ksj/gml/datalist/KsjTmplt-L03-b.html#L03-b-16,2016,83268-0070,83268,,0100,田,5,0.052547
nlni_l03b_landuse_by_watershed,https://nlftp.mlit.go.jp/ksj/gml/datalist/KsjTmplt-L03-b.html#L03-b-16,2016,83268-0070,83268,,0200,その他の農用地,4,0.042038
nlni_l03b_landuse_by_watershed,https://nlftp.mlit.go.jp/ksj/gml/datalist/KsjTmplt-L03-b.html#L03-b-16,2016,83268-0070,83268,,0500,森林,288,3.027292
nlni_l03b_landuse_by_watershed,https://nlftp.mlit.go.jp/ksj/gml/datalist/KsjTmplt-L03-b.html#L03-b-16,2016,83268-0070,83268,,0700,建物用地,2,0.021019
nlni_l03b_landuse_by_watershed,https://nlftp.mlit.go.jp/ksj/gml/datalist/KsjTmplt-L03-b.html#L03-b-16,2016,83268-0070,83268,,1600,ゴルフ場,1,0.01051
nlni_l03b_landuse_by_watershed,https://nlftp.mlit.go.jp/ksj/gml/datalist/KsjTmplt-L03-b.html#L03-b-16,2016,83268-0071,83268,,0100,田,7,0.073568
nlni_l03b_landuse_by_watershed,https://nlftp.mlit.go.jp/ksj/gml/datalist/KsjTmplt-L03-b.html#L03-b-16,2016,83268-0071,83268,,0200,その他の農用地,2,0.021019
nlni_l03b_landuse_by_watershed,https://nlftp.mlit.go.jp/ksj/gml/datalist/KsjTmplt-L03-b.html#L03-b-16,2016,83268-0071,83268,,0500,森林,230,2.417472
nlni_l03b_landuse_by_watershed,https://nlftp.mlit.go.jp/ksj/gml/datalist/KsjTmplt-L03-b.html#L03-b-16,2016,83268-0071,83268,,0600,荒地,1,0.01051
nlni_l03b_landuse_by_watershed,https://nlftp.mlit.go.jp/ksj/gml/datalist/KsjTmplt-L03-b.html#L03-b-16,2016,83268-0071,83268,,0700,建物用地,8,0.084079
nlni_l03b_landuse_by_watershed,https://nlftp.mlit.go.jp/ksj/gml/datalist/KsjTmplt-L03-b.html#L03-b-16,2016,83268-0071,83268,,0901,道路,22,0.231212
nlni_l03b_landuse_by_watershed,https://nlftp.mlit.go.jp/ksj/gml/datalist/KsjTmplt-L03-b.html#L03-b-16,2016,83268-0071,83268,,0902,鉄道,2,0.02102
nlni_l03b_landuse_by_watershed,https://nlftp.mlit.go.jp/ksj/gml/datalist/KsjTmplt-L03-b.html#L03-b-16,2016,83268-0071,83268,,1000,その他の用地,2,0.02102
nlni_l03b_landuse_by_watershed,https://nlftp.mlit.go.jp/ksj/gml/datalist/KsjTmplt-L03-b.html#L03-b-16,2016,83268-0071,83268,,1100,河川地及び湖沼,3,0.031529
nlni_l03b_landuse_by_watershed,https://nlftp.mlit.go.jp/ksj/gml/datalist/KsjTmplt-L03-b.html#L03-b-16,2016,83268-0071,83268,,1600,ゴルフ場,45,0.472962
nlni_l03b_landuse_by_watershed,https://nlftp.mlit.go.jp/ksj/gml/datalist/KsjTmplt-L03-b.html#L03-b-16,2016,83268-0072,83268,,0100,田,20,0.210241
nlni_l03b_landuse_by_watershed,https://nlftp.mlit.go.jp/ksj/gml/datalist/KsjTmplt-L03-b.html#L03-b-16,2016,83268-0072,83268,,0200,その他の農用地,13,0.136658
nlni_l03b_landuse_by_watershed,https://nlftp.mlit.go.jp/ksj/gml/datalist/KsjTmplt-L03-b.html#L03-b-16,2016,83268-0072,83268,,0500,森林,530,5.57172
nlni_l03b_landuse_by_watershed,https://nlftp.mlit.go.jp/ksj/gml/datalist/KsjTmplt-L03-b.html#L03-b-16,2016,83268-0072,83268,,0600,荒地,6,0.063078
nlni_l03b_landuse_by_watershed,https://nlftp.mlit.go.jp/ksj/gml/datalist/KsjTmplt-L03-b.html#L03-b-16,2016,83268-0072,83268,,0700,建物用地,97,1.019674
nlni_l03b_landuse_by_watershed,https://nlftp.mlit.go.jp/ksj/gml/datalist/KsjTmplt-L03-b.html#L03-b-16,2016,83268-0072,83268,,0901,道路,9,0.094607
nlni_l03b_landuse_by_watershed,https://nlftp.mlit.go.jp/ksj/gml/datalist/KsjTmplt-L03-b.html#L03-b-16,2016,83268-0072,83268,,1000,その他の用地,11,0.115635
nlni_l03b_landuse_by_watershed,https://nlftp.mlit.go.jp/ksj/gml/datalist/KsjTmplt-L03-b.html#L03-b-16,2016,83268-0072,83268,,1100,河川地及び湖沼,3,0.031538
nlni_l03b_landuse_by_watershed,https://nlftp.mlit.go.jp/ksj/gml/datalist/KsjTmplt-L03-b.html#L03-b-16,2016,83268-0072,83268,,1600,ゴルフ場,39,0.409962
nlni_l03b_landuse_by_watershed,https://nlftp.mlit.go.jp/ksj/gml/datalist/KsjTmplt-L03-b.html#L03-b-16,2016,83268-0073,83268,,0100,田,67,0.704212
nlni_l03b_landuse_by_watershed,https://nlftp.mlit.go.jp/ksj/gml/datalist/KsjTmplt-L03-b.html#L03-b-16,2016,83268-0073,83268,,0200,その他の農用地,9,0.094598
nlni_l03b_landuse_by_watershed,https://nlftp.mlit.go.jp/ksj/gml/datalist/KsjTmplt-L03-b.html#L03-b-16,2016,83268-0073,83268,,0500,森林,40,0.420415
nlni_l03b_landuse_by_watershed,https://nlftp.mlit.go.jp/ksj/gml/datalist/KsjTmplt-L03-b.html#L03-b-16,2016,83268-0073,83268,,0700,建物用地,158,1.660752
nlni_l03b_landuse_by_watershed,https://nlftp.mlit.go.jp/ksj/gml/datalist/KsjTmplt-L03-b.html#L03-b-16,2016,83268-0073,83268,,0901,道路,24,0.252273
nlni_l03b_landuse_by_watershed,https://nlftp.mlit.go.jp/ksj/gml/datalist/KsjTmplt-L03-b.html#L03-b-16,2016,83268-0073,83268,,0902,鉄道,2,0.021022
nlni_l03b_landuse_by_watershed,https://nlftp.mlit.go.jp/ksj/gml/datalist/KsjTmplt-L03-b.html#L03-b-16,2016,83268-0073,83268,,1000,その他の用地,7,0.073576
nlni_l03b_landuse_by_watershed,https://nlftp.mlit.go.jp/ksj/gml/datalist/KsjTmplt-L03-b.html#L03-b-16,2016,83268-0073,83268,,1100,河川地及び湖沼,3,0.031531
nlni_l03b_landuse_by_watershed,https://nlftp.mlit.go.jp/ksj/gml/datalist/KsjTmplt-L03-b.html#L03-b-16,2016,83268-0074,83268,酒匂川,0100,田,1,0.010491
nlni_l03b_landuse_by_watershed,https://nlftp.mlit.go.jp/ksj/gml/datalist/KsjTmplt-L03-b.html#L03-b-16,2016,83268-0074,83268,酒匂川,0200,その他の農用地,8,0.083936
nlni_l03b_landuse_by_watershed,https://nlftp.mlit.go.jp/ksj/gml/datalist/KsjTmplt-L03-b.html#L03-b-16,2016,83268-0074,83268,酒匂川,0500,森林,3877,40.670351
nlni_l03b_landuse_by_watershed,https://nlftp.mlit.go.jp/ksj/gml/datalist/KsjTmplt-L03-b.html#L03-b-16,2016,83268-0074,83268,酒匂川,0600,荒地,51,0.535078
nlni_l03b_landuse_by_watershed,https://nlftp.mlit.go.jp/ksj/gml/datalist/KsjTmplt-L03-b.html#L03-b-16,2016,83268-0074,83268,酒匂川,0700,建物用地,19,0.19937
nlni_l03b_landuse_by_watershed,https://nlftp.mlit.go.jp/ksj/gml/datalist/KsjTmplt-L03-b.html#L03-b-16,2016,83268-0074,83268,酒匂川,1000,その他の用地,5,0.05246
nlni_l03b_landuse_by_watershed,https://nlftp.mlit.go.jp/ksj/gml/datalist/KsjTmplt-L03-b.html#L03-b-16,2016,83268-0074,83268,酒匂川,1100,河川地及び湖沼,42,0.440833
nlni_l03b_landuse_by_watershed,https://nlftp.mlit.go.jp/ksj/gml/datalist/KsjTmplt-L03-b.html#L03-b-16,2016,83268-0075,83268,酒匂川,0200,その他の農用地,4,0.042018
nlni_l03b_landuse_by_watershed,https://nlftp.mlit.go.jp/ksj/gml/datalist/KsjTmplt-L03-b.html#L03-b-16,2016,83268-0075,83268,酒匂川,0500,森林,11,0.115548
nlni_l03b_landuse_by_watershed,https://nlftp.mlit.go.jp/ksj/gml/datalist/KsjTmplt-L03-b.html#L03-b-16,2016,83268-0075,83268,酒匂川,0700,建物用地,1,0.010505
nlni_l03b_landuse_by_watershed,https://nlftp.mlit.go.jp/ksj/gml/datalist/KsjTmplt-L03-b.html#L03-b-16,2016,83268-0075,83268,酒匂川,1000,その他の用地,6,0.063026
nlni_l03b_landuse_by_watershed,https://nlftp.mlit.go.jp/ksj/gml/datalist/KsjTmplt-L03-b.html#L03-b-16,2016,83268-0075,83268,酒匂川,1100,河川地及び湖沼,7,0.073531
nlni_l03b_landuse_by_watershed,https://nlftp.mlit.go.jp/ksj/gml/datalist/KsjTmplt-L03-b.html#L03-b-16,2016,83268-0076,83268,酒匂川,0200,その他の農用地,19,0.199609
nlni_l03b_landuse_by_watershed,https://nlftp.mlit.go.jp/ksj/gml/datalist/KsjTmplt-L03-b.html#L03-b-16,2016,83268-0076,83268,酒匂川,0500,森林,3,0.031518
nlni_l03b_landuse_by_watershed,https://nlftp.mlit.go.jp/ksj/gml/datalist/KsjTmplt-L03-b.html#L03-b-16,2016,83268-0076,83268,酒匂川,0700,建物用地,2,0.02101
nlni_l03b_landuse_by_watershed,https://nlftp.mlit.go.jp/ksj/gml/datalist/KsjTmplt-L03-b.html#L03-b-16,2016,83268-0076,83268,酒匂川,1000,その他の用地,7,0.073539
nlni_l03b_landuse_by_watershed,https://nlftp.mlit.go.jp/ksj/gml/datalist/KsjTmplt-L03-b.html#L03-b-16,2016,83268-0076,83268,酒匂川,1100,河川地及び湖沼,9,0.094549
nlni_l03b_landuse_by_watershed,https://nlftp.mlit.go.jp/ksj/gml/datalist/KsjTmplt-L03-b.html#L03-b-16,2016,83268-0077,83268,,0100,田,32,0.336084
nlni_l03b_landuse_by_watershed,https://nlftp.mlit.go.jp/ksj/gml/datalist/KsjTmplt-L03-b.html#L03-b-16,2016,83268-0077,83268,,0200,その他の農用地,9,0.094519
nlni_l03b_landuse_by_watershed,https://nlftp.mlit.go.jp/ksj/gml/datalist/KsjTmplt-L03-b.html#L03-b-16,2016,83268-0077,83268,,0500,森林,593,6.226569
nlni_l03b_landuse_by_watershed,https://nlftp.mlit.go.jp/ksj/gml/datalist/KsjTmplt-L03-b.html#L03-b-16,2016,83268-0077,83268,,0600,荒地,3,0.031498
nlni_l03b_landuse_by_watershed,https://nlftp.mlit.go.jp/ksj/gml/datalist/KsjTmplt-L03-b.html#L03-b-16,2016,83268-0077,83268,,0700,建物用地,10,0.105025
nlni_l03b_landuse_by_watershed,https://nlftp.mlit.go.jp/ksj/gml/datalist/KsjTmplt-L03-b.html#L03-b-16,2016,83268-0077,83268,,1000,その他の用地,25,0.262554
nlni_l03b_landuse_by_watershed,https://nlftp.mlit.go.jp/ksj/gml/datalist/KsjTmplt-L03-b.html#L03-b-16,2016,83268-0079,83268,,0100,田,145,1.523718
nlni_l03b_landuse_by_watershed,https://nlftp.mlit.go.jp/ksj/gml/datalist/KsjTmplt-L03-b.html#L03-b-16,2016,83268-0079,83268,,0200,その他の農用地,6,0.06305
nlni_l03b_landuse_by_watershed,https://nlftp.mlit.go.jp/ksj/gml/datalist/KsjTmplt-L03-b.html#L03-b-16,2016,83268-0079,83268,,0500,森林,9,0.094573
nlni_l03b_landuse_by_watershed,https://nlftp.mlit.go.jp/ksj/gml/datalist/KsjTmplt-L03-b.html#L03-b-16,2016,83268-0079,83268,,0700,建物用地,99,1.04035
nlni_l03b_landuse_by_watershed,https://nlftp.mlit.go.jp/ksj/gml/datalist/KsjTmplt-L03-b.html#L03-b-16,2016,83268-0079,83268,,0901,道路,2,0.021017
nlni_l03b_landuse_by_watershed,https://nlftp.mlit.go.jp/ksj/gml/datalist/KsjTmplt-L03-b.html#L03-b-16,2016,83268-0079,83268,,1000,その他の用地,3,0.031525
nlni_l03b_landuse_by_watershed,https://nlftp.mlit.go.jp/ksj/gml/datalist/KsjTmplt-L03-b.html#L03-b-16,2016,83268-0080,83268,酒匂川,0200,その他の農用地,3,0.031528
nlni_l03b_landuse_by_watershed,https://nlftp.mlit.go.jp/ksj/gml/datalist/KsjTmplt-L03-b.html#L03-b-16,2016,83268-0080,83268,酒匂川,0700,建物用地,8,0.084075
nlni_l03b_landuse_by_watershed,https://nlftp.mlit.go.jp/ksj/gml/datalist/KsjTmplt-L03-b.html#L03-b-16,2016,83268-0080,83268,酒匂川,1100,河川地及び湖沼,1,0.010509
nlni_l03b_landuse_by_watershed,https://nlftp.mlit.go.jp/ksj/gml/datalist/KsjTmplt-L03-b.html#L03-b-16,2016,83544-0045,83544,,0500,森林,17,0.177984
nlni_l03b_landuse_by_watershed,https://nlftp.mlit.go.jp/ksj/gml/datalist/KsjTmplt-L03-b.html#L03-b-16,2016,83544-0045,83544,,0700,建物用地,875,9.160787
nlni_l03b_landuse_by_watershed,https://nlftp.mlit.go.jp/ksj/gml/datalist/KsjTmplt-L03-b.html#L03-b-16,2016,83544-0045,83544,,0901,道路,45,0.471128
nlni_l03b_landuse_by_watershed,https://nlftp.mlit.go.jp/ksj/gml/datalist/KsjTmplt-L03-b.html#L03-b-16,2016,83544-0045,83544,,0902,鉄道,46,0.48163
nlni_l03b_landuse_by_watershed,https://nlftp.mlit.go.jp/ksj/gml/datalist/KsjTmplt-L03-b.html#L03-b-16,2016,83544-0045,83544,,1000,その他の用地,28,0.293144
nlni_l03b_landuse_by_watershed,https://nlftp.mlit.go.jp/ksj/gml/datalist/KsjTmplt-L03-b.html#L03-b-16,2016,83544-0045,83544,,1100,河川地及び湖沼,13,0.136104
nlni_l03b_landuse_by_watershed,https://nlftp.mlit.go.jp/ksj/gml/datalist/KsjTmplt-L03-b.html#L03-b-16,2016,83544-0046,83544,,0500,森林,4,0.04187
nlni_l03b_landuse_by_watershed,https://nlftp.mlit.go.jp/ksj/gml/datalist/KsjTmplt-L03-b.html#L03-b-16,2016,83544-0046,83544,,0700,建物用地,569,5.956372
nlni_l03b_landuse_by_watershed,https://nlftp.mlit.go.jp/ksj/gml/datalist/KsjTmplt-L03-b.html#L03-b-16,2016,83544-0046,83544,,0901,道路,8,0.083745
nlni_l03b_landuse_by_watershed,https://nlftp.mlit.go.jp/ksj/gml/datalist/KsjTmplt-L03-b.html#L03-b-16,2016,83544-0046,83544,,0902,鉄道,1,0.010468
nlni_l03b_landuse_by_watershed,https://nlftp.mlit.go.jp/ksj/gml/datalist/KsjTmplt-L03-b.html#L03-b-16,2016,83544-0046,83544,,1000,その他の用地,27,0.282632
nlni_l03b_landuse_by_watershed,https://nlftp.mlit.go.jp/ksj/gml/datalist/KsjTmplt-L03-b.html#L03-b-16,2016,83544-0047,83544,,0500,森林,13,0.136056
nlni_l03b_landuse_by_watershed,https://nlftp.mlit.go.jp/ksj/gml/datalist/KsjTmplt-L03-b.html#L03-b-16,2016,83544-0047,83544,,0700,建物用地,235,2.459583
nlni_l03b_landuse_by_watershed,https://nlftp.mlit.go.jp/ksj/gml/datalist/KsjTmplt-L03-b.html#L03-b-16,2016,83544-0047,83544,,0901,道路,17,0.177929
nlni_l03b_landuse_by_watershed,https://nlftp.mlit.go.jp/ksj/gml/datalist/KsjTmplt-L03-b.html#L03-b-16,2016,83544-0047,83544,,0902,鉄道,5,0.052329
nlni_l03b_landuse_by_watershed,https://nlftp.mlit.go.jp/ksj/gml/datalist/KsjTmplt-L03-b.html#L03-b-16,2016,83544-0047,83544,,1000,その他の用地,19,0.198859
nlni_l03b_landuse_by_watershed,https://nlftp.mlit.go.jp/ksj/gml/datalist/KsjTmplt-L03-b.html#L03-b-16,2016,83544-0047,83544,,1100,河川地及び湖沼,1,0.010467
nlni_l03b_landuse_by_watershed,https://nlftp.mlit.go.jp/ksj/gml/datalist/KsjTmplt-L03-b.html#L03-b-16,2016,83544-0050,83544,,0500,森林,2,0.020945
nlni_l03b_landuse_by_watershed,https://nlftp.mlit.go.jp/ksj/gml/datalist/KsjTmplt-L03-b.html#L03-b-16,2016,83544-0050,83544,,0700,建物用地,844,8.838019
nlni_l03b_landuse_by_watershed,https://nlftp.mlit.go.jp/ksj/gml/datalist/KsjTmplt-L03-b.html#L03-b-16,2016,83544-0050,83544,,0901,道路,16,0.167542
nlni_l03b_landuse_by_watershed,https://nlftp.mlit.go.jp/ksj/gml/datalist/KsjTmplt-L03-b.html#L03-b-16,2016,83544-0050,83544,,0902,鉄道,42,0.439819
nlni_l03b_landuse_by_watershed,https://nlftp.mlit.go.jp/ksj/gml/datalist/KsjTmplt-L03-b.html#L03-b-16,2016,83544-0050,83544,,1000,その他の用地,35,0.36651
nlni_l03b_landuse_by_watershed,https://nlftp.mlit.go.jp/ksj/gml/datalist/KsjTmplt-L03-b.html#L03-b-16,2016,83544-0050,83544,,1100,河川地及び湖沼,1,0.01047
nlni_l03b_landuse_by_watershed,https://nlftp.mlit.go.jp/ksj/gml/datalist/KsjTmplt-L03-b.html#L03-b-16,2016,83544-0051,83544,,0500,森林,6,0.062851
nlni_l03b_landuse_by_watershed,https://nlftp.mlit.go.jp/ksj/gml/datalist/KsjTmplt-L03-b.html#L03-b-16,2016,83544-0051,83544,,0700,建物用地,1622,16.99194
nlni_l03b_landuse_by_watershed,https://nlftp.mlit.go.jp/ksj/gml/datalist/KsjTmplt-L03-b.html#L03-b-16,2016,83544-0051,83544,,0901,道路,36,0.377158
nlni_l03b_landuse_by_watershed,https://nlftp.mlit.go.jp/ksj/gml/datalist/KsjTmplt-L03-b.html#L03-b-16,2016,83544-0051,83544,,0902,鉄道,48,0.502826
nlni_l03b_landuse_by_watershed,https://nlftp.mlit.go.jp/ksj/gml/datalist/KsjTmplt-L03-b.html#L03-b-16,2016,83544-0051,83544,,1000,その他の用地,93,0.974285
nlni_l03b_landuse_by_watershed,https://nlftp.mlit.go.jp/ksj/gml/datalist/KsjTmplt-L03-b.html#L03-b-16,2016,83544-0051,83544,,1100,河川地及び湖沼,18,0.188569
nlni_l03b_landuse_by_watershed,https://nlftp.mlit.go.jp/ksj/gml/datalist/KsjTmplt-L03-b.html#L03-b-16,2016,83544-0051,83544,,1500,海水域,2,0.020954
nlni_l03b_landuse_by_watershed,https://nlftp.mlit.go.jp/ksj/gml/datalist/KsjTmplt-L03-b.html#L03-b-16,2016,83544-0052,83544,,0500,森林,3,0.031416
nlni_l03b_landuse_by_watershed,https://nlftp.mlit.go.jp/ksj/gml/datalist/KsjTmplt-L03-b.html#L03-b-16,2016,83544-0052,83544,,0700,建物用地,174,1.82208
nlni_l03b_landuse_by_watershed,https://nlftp.mlit.go.jp/ksj/gml/datalist/KsjTmplt-L03-b.html#L03-b-16,2016,83544-0052,83544,,0901,道路,1,0.010471
nlni_l03b_landuse_by_watershed,https://nlftp.mlit.go.jp/ksj/gml/datalist/KsjTmplt-L03-b.html#L03-b-16,2016,83544-0052,83544,,0902,鉄道,7,0.073305
nlni_l03b_landuse_by_watershed,https://nlftp.mlit.go.jp/ksj/gml/datalist/KsjTmplt-L03-b.html#L03-b-16,2016,83544-0052,83544,,1000,その他の用地,8,0.083773
nlni_l03b_landuse_by_watershed,https://nlftp.mlit.go.jp/ksj/gml/datalist/KsjTmplt-L03-b.html#L03-b-16,2016,83544-0053,83544,,0500,森林,2,0.020943
nlni_l03b_landuse_by_watershed,https://nlftp.mlit.go.jp/ksj/gml/datalist/KsjTmplt-L03-b.html#L03-b-16,2016,83544-0053,83544,,0700,建物用地,581,6.08318
nlni_l03b_landuse_by_watershed,https://nlftp.mlit.go.jp/ksj/gml/datalist/KsjTmplt-L03-b.html#L03-b-16,2016,83544-0053,83544,,0901,道路,30,0.314093
nlni_l03b_landuse_by_watershed,https://nlftp.mlit.go.jp/ksj/gml/datalist/KsjTmplt-L03-b.html#L03-b-16,2016,83544-0053,83544,,0902,鉄道,5,0.052356
nlni_l03b_landuse_by_watershed,https://nlftp.mlit.go.jp/ksj/gml/datalist/KsjTmplt-L03-b.html#L03-b-16,2016,83544-0053,83544,,1000,その他の用地,56,0.58631
nlni_l03b_landuse_by_watershed,https://nlftp.mlit.go.jp/ksj/gml/datalist/KsjTmplt-L03-b.html#L03-b-16,2016,83544-0054,83544,滝の川,0200,その他の農用地,28,0.293671
nlni_l03b_landuse_by_watershed,https://nlftp.mlit.go.jp/ksj/gml/datalist/KsjTmplt-L03-b.html#L03-b-16,2016,83544-0054,83544,滝の川,0500,森林,39,0.409058
nlni_l03b_landuse_by_watershed,https://nlftp.mlit.go.jp/ksj/gml/datalist/KsjTmplt-L03-b.html#L03-b-16,2016,83544-0054,83544,滝の川,0700,建物用地,690,7.236971
nlni_l03b_landuse_by_watershed,https://nlftp.mlit.go.jp/ksj/gml/datalist/KsjTmplt-L03-b.html#L03-b-16,2016,83544-0054,83544,滝の川,0901,道路,31,0.32515
nlni_l03b_landuse_by_watershed,https://nlftp.mlit.go.jp/ksj/gml/datalist/KsjTmplt-L03-b.html#L03-b-16,2016,83544-0054,83544,滝の川,0902,鉄道,9,0.094403
nlni_l03b_landuse_by_watershed,https://nlftp.mlit.go.jp/ksj/gml/datalist/KsjTmplt-L03-b.html#L03-b-16,2016,83544-0054,83544,滝の川,1000,その他の用地,59,0.618815
nlni_l03b_landuse_by_watershed,https://nlftp.mlit.go.jp/ksj/gml/datalist/KsjTmplt-L03-b.html#L03-b-16,2016,83544-0055,83544,帷子川,0500,森林,7,0.073429
nlni_l03b_landuse_by_watershed,https://nlftp.mlit.go.jp/ksj/gml/datalist/KsjTmplt-L03-b.html#L03-b-16,2016,83544-0055,83544,帷子川,0700,建物用地,405,4.248884
nlni_l03b_landuse_by_watershed,https://nlftp.mlit.go.jp/ksj/gml/datalist/KsjTmplt-L03-b.html#L03-b-16,2016,83544-0055,83544,帷子川,0901,道路,36,0.377666
nlni_l03b_landuse_by_watershed,https://nlftp.mlit.go.jp/ksj/gml/datalist/KsjTmplt-L03-b.html#L03-b-16,2016,83544-0055,83544,帷子川,0902,鉄道,26,0.272763
nlni_l03b_landuse_by_watershed,https://nlftp.mlit.go.jp/ksj/gml/datalist/KsjTmplt-L03-b.html#L03-b-16,2016,83544-0055,83544,帷子川,1000,その他の用地,33,0.346228
nlni_l03b_landuse_by_watershed,https://nlftp.mlit.go.jp/ksj/gml/datalist/KsjTmplt-L03-b.html#L03-b-16,2016,83544-0055,83544,帷子川,1100,河川地及び湖沼,13,0.13638
nlni_l03b_landuse_by_watershed,https://nlftp.mlit.go.jp/ksj/gml/datalist/KsjTmplt-L03-b.html#L03-b-16,2016,83544-0056,83544,帷子川,0200,その他の農用地,7,0.07345
nlni_l03b_landuse_by_watershed,https://nlftp.mlit.go.jp/ksj/gml/datalist/KsjTmplt-L03-b.html#L03-b-16,2016,83544-0056,83544,帷子川,0500,森林,85,0.891913
nlni_l03b_landuse_by_watershed,https://nlftp.mlit.go.jp/ksj/gml/datalist/KsjTmplt-L03-b.html#L03-b-16,2016,83544-0056,83544,帷子川,0700,建物用地,500,5.246383
nlni_l03b_landuse_by_watershed,https://nlftp.mlit.go.jp/ksj/gml/datalist/KsjTmplt-L03-b.html#L03-b-16,2016,83544-0056,83544,帷子川,0901,道路,56,0.587599
nlni_l03b_landuse_by_watershed,https://nlftp.mlit.go.jp/ksj/gml/datalist/KsjTmplt-L03-b.html#L03-b-16,2016,83544-0056,83544,帷子川,0902,鉄道,18,0.188871
nlni_l03b_landuse_by_watershed,https://nlftp.mlit.go.jp/ksj/gml/datalist/KsjTmplt-L03-b.html#L03-b-16,2016,83544-0056,83544,帷子川,1000,その他の用地,36,0.377745
nlni_l03b_landuse_by_watershed,https://nlftp.mlit.go.jp/ksj/gml/datalist/KsjTmplt-L03-b.html#L03-b-16,2016,83544-0056,83544,帷子川,1100,河川地及び湖沼,1,0.010493
nlni_l03b_landuse_by_watershed,https://nlftp.mlit.go.jp/ksj/gml/datalist/KsjTmplt-L03-b.html#L03-b-16,2016,83544-0056,83544,帷子川,1600,ゴルフ場,42,0.440691
nlni_l03b_landuse_by_watershed,https://nlftp.mlit.go.jp/ksj/gml/datalist/KsjTmplt-L03-b.html#L03-b-16,2016,83544-0057,83544,帷子川,0200,その他の農用地,134,1.405487
nlni_l03b_landuse_by_watershed,https://nlftp.mlit.go.jp/ksj/gml/datalist/KsjTmplt-L03-b.html#L03-b-16,2016,83544-0057,83544,帷子川,0500,森林,221,2.318147
nlni_l03b_landuse_by_watershed,https://nlftp.mlit.go.jp/ksj/gml/datalist/KsjTmplt-L03-b.html#L03-b-16,2016,83544-0057,83544,帷子川,0700,建物用地,1412,14.810688
nlni_l03b_landuse_by_watershed,https://nlftp.mlit.go.jp/ksj/gml/datalist/KsjTmplt-L03-b.html#L03-b-16,2016,83544-0057,83544,帷子川,0901,道路,54,0.566487
nlni_l03b_landuse_by_watershed,https://nlftp.mlit.go.jp/ksj/gml/datalist/KsjTmplt-L03-b.html#L03-b-16,2016,83544-0057,83544,帷子川,0902,鉄道,31,0.325179
nlni_l03b_landuse_by_watershed,https://nlftp.mlit.go.jp/ksj/gml/datalist/KsjTmplt-L03-b.html#L03-b-16,2016,83544-0057,83544,帷子川,1000,その他の用地,133,1.395101
nlni_l03b_landuse_by_watershed,https://nlftp.mlit.go.jp/ksj/gml/datalist/KsjTmplt-L03-b.html#L03-b-16,2016,83544-0057,83544,帷子川,1100,河川地及び湖沼,16,0.167835
nlni_l03b_landuse_by_watershed,https://nlftp.mlit.go.jp/ksj/gml/datalist/KsjTmplt-L03-b.html#L03-b-16,2016,83544-0058,83544,帷子川,0200,その他の農用地,16,0.167864
nlni_l03b_landuse_by_watershed,https://nlftp.mlit.go.jp/ksj/gml/datalist/KsjTmplt-L03-b.html#L03-b-16,2016,83544-0058,83544,帷子川,0500,森林,77,0.80788
nlni_l03b_landuse_by_watershed,https://nlftp.mlit.go.jp/ksj/gml/datalist/KsjTmplt-L03-b.html#L03-b-16,2016,83544-0058,83544,帷子川,0700,建物用地,698,7.322587
nlni_l03b_landuse_by_watershed,https://nlftp.mlit.go.jp/ksj/gml/datalist/KsjTmplt-L03-b.html#L03-b-16,2016,83544-0058,83544,帷子川,0901,道路,11,0.115391
nlni_l03b_landuse_by_watershed,https://nlftp.mlit.go.jp/ksj/gml/datalist/KsjTmplt-L03-b.html#L03-b-16,2016,83544-0058,83544,帷子川,0902,鉄道,19,0.199328
nlni_l03b_landuse_by_watershed,https://nlftp.mlit.go.jp/ksj/gml/datalist/KsjTmplt-L03-b.html#L03-b-16,2016,83544-0058,83544,帷子川,1000,その他の用地,40,0.419646
nlni_l03b_landuse_by_watershed,https://nlftp.mlit.go.jp/ksj/gml/datalist/KsjTmplt-L03-b.html#L03-b-16,2016,83544-0058,83544,帷子川,1600,ゴルフ場,18,0.188866
nlni_l03b_landuse_by_watershed,https://nlftp.mlit.go.jp/ksj/gml/datalist/KsjTmplt-L03-b.html#L03-b-16,2016,83544-0059,83544,帷子川,0100,田,4,0.04194
nlni_l03b_landuse_by_watershed,https://nlftp.mlit.go.jp/ksj/gml/datalist/KsjTmplt-L03-b.html#L03-b-16,2016,83544-0059,83544,帷子川,0200,その他の農用地,202,2.11836
nlni_l03b_landuse_by_watershed,https://nlftp.mlit.go.jp/ksj/gml/datalist/KsjTmplt-L03-b.html#L03-b-16,2016,83544-0059,83544,帷子川,0500,森林,281,2.946825
nlni_l03b_landuse_by_watershed,https://nlftp.mlit.go.jp/ksj/gml/datalist/KsjTmplt-L03-b.html#L03-b-16,2016,83544-0059,83544,帷子川,0600,荒地,4,0.041943
nlni_l03b_landuse_by_watershed,https://nlftp.mlit.go.jp/ksj/gml/datalist/KsjTmplt-L03-b.html#L03-b-16,2016,83544-0059,83544,帷子川,0700,建物用地,725,7.603566
nlni_l03b_landuse_by_watershed,https://nlftp.mlit.go.jp/ksj/gml/datalist/KsjTmplt-L03-b.html#L03-b-16,2016,83544-0059,83544,帷子川,0901,道路,45,0.47192
nlni_l03b_landuse_by_watershed,https://nlftp.mlit.go.jp/ksj/gml/datalist/KsjTmplt-L03-b.html#L03-b-16,2016,83544-0059,83544,帷子川,1000,その他の用地,101,1.05916
nlni_l03b_landuse_by_watershed,https://nlftp.mlit.go.jp/ksj/gml/datalist/KsjTmplt-L03-b.html#L03-b-16,2016,83544-0059,83544,帷子川,1100,河川地及び湖沼,2,0.020975
nlni_l03b_landuse_by_watershed,https://nlftp.mlit.go.jp/ksj/gml/datalist/KsjTmplt-L03-b.html#L03-b-16,2016,83544-0059,83544,帷子川,1600,ゴルフ場,45,0.471935
nlni_l03b_landuse_by_watershed,https://nlftp.mlit.go.jp/ksj/gml/datalist/KsjTmplt-L03-b.html#L03-b-16,2016,83544-0060,83544,大岡川,0500,森林,10,0.104935
nlni_l03b_landuse_by_watershed,https://nlftp.mlit.go.jp/ksj/gml/datalist/KsjTmplt-L03-b.html#L03-b-16,2016,83544-0060,83544,大岡川,0700,建物用地,205,2.151126
nlni_l03b_landuse_by_watershed,https://nlftp.mlit.go.jp/ksj/gml/datalist/KsjTmplt-L03-b.html#L03-b-16,2016,83544-0060,83544,大岡川,0901,道路,20,0.209868
nlni_l03b_landuse_by_watershed,https://nlftp.mlit.go.jp/ksj/gml/datalist/KsjTmplt-L03-b.html#L03-b-16,2016,83544-0060,83544,大岡川,0902,鉄道,7,0.073453
nlni_l03b_landuse_by_watershed,https://nlftp.mlit.go.jp/ksj/gml/datalist/KsjTmplt-L03-b.html#L03-b-16,2016,83544-0060,83544,大岡川,1000,その他の用地,17,0.178387
nlni_l03b_landuse_by_watershed,https://nlftp.mlit.go.jp/ksj/gml/datalist/KsjTmplt-L03-b.html#L03-b-16,2016,83544-0060,83544,大岡川,1100,河川地及び湖沼,11,0.115426
nlni_l03b_landuse_by_watershed,https://nlftp.mlit.go.jp/ksj/gml/datalist/KsjTmplt-L03-b.html#L03-b-16,2016,83544-0061,83544,大岡川,0200,その他の農用地,1,0.010494
nlni_l03b_landuse_by_watershed,https://nlftp.mlit.go.jp/ksj/gml/datalist/KsjTmplt-L03-b.html#L03-b-16,2016,83544-0061,83544,大岡川,0500,森林,29,0.304363
nlni_l03b_landuse_by_watershed,https://nlftp.mlit.go.jp/ksj/gml/datalist/KsjTmplt-L03-b.html#L03-b-16,2016,83544-0061,83544,大岡川,0700,建物用地,921,9.666608
nlni_l03b_landuse_by_watershed,https://nlftp.mlit.go.jp/ksj/gml/datalist/KsjTmplt-L03-b.html#L03-b-16,2016,83544-0061,83544,大岡川,0901,道路,44,0.461786
nlni_l03b_landuse_by_watershed,https://nlftp.mlit.go.jp/ksj/gml/datalist/KsjTmplt-L03-b.html#L03-b-16,2016,83544-0061,83544,大岡川,0902,鉄道,15,0.157447
nlni_l03b_landuse_by_watershed,https://nlftp.mlit.go.jp/ksj/gml/datalist/KsjTmplt-L03-b.html#L03-b-16,2016,83544-0061,83544,大岡川,1000,その他の用地,39,0.409311
nlni_l03b_landuse_by_watershed,https://nlftp.mlit.go.jp/ksj/gml/datalist/KsjTmplt-L03-b.html#L03-b-16,2016,83544-0061,83544,大岡川,1100,河川地及び湖沼,9,0.094457
nlni_l03b_landuse_by_watershed,https://nlftp.mlit.go.jp/ksj/gml/datalist/KsjTmplt-L03-b.html#L03-b-16,2016,83544-0062,83544,大岡川,0200,その他の農用地,9,0.094533
nlni_l03b_landuse_by_watershed,https://nlftp.mlit.go.jp/ksj/gml/datalist/KsjTmplt-L03-b.html#L03-b-16,2016,83544-0062,83544,大岡川,0500,森林,203,2.132298
nlni_l03b_landuse_by_watershed,https://nlftp.mlit.go.jp/ksj/gml/datalist/KsjTmplt-L03-b.html#L03-b-16,2016,83544-0062,83544,大岡川,0700,建物用地,493,5.177017
nlni_l03b_landuse_by_watershed,https://nlftp.mlit.go.jp/ksj/gml/datalist/KsjTmplt-L03-b.html#L03-b-16,2016,83544-0062,83544,大岡川,0901,道路,48,0.504146
nlni_l03b_landuse_by_watershed,https://nlftp.mlit.go.jp/ksj/gml/datalist/KsjTmplt-L03-b.html#L03-b-16,2016,83544-0062,83544,大岡川,0902,鉄道,6,0.063008
nlni_l03b_landuse_by_watershed,https://nlftp.mlit.go.jp/ksj/gml/datalist/KsjTmplt-L03-b.html#L03-b-16,2016,83544-0062,83544,大岡川,1000,その他の用地,48,0.504061
nlni_l03b_landuse_by_watershed,https://nlftp.mlit.go.jp/ksj/gml/datalist/KsjTmplt-L03-b.html#L03-b-16,2016,83544-0062,83544,大岡川,1600,ゴルフ場,42,0.441109
nlni_l03b_landuse_by_watershed,https://nlftp.mlit.go.jp/ksj/gml/datalist/KsjTmplt-L03-b.html#L03-b-16,2016,83544-0063,83544,大岡川,0200,その他の農用地,2,0.021001
nlni_l03b_landuse_by_watershed,https://nlftp.mlit.go.jp/ksj/gml/datalist/KsjTmplt-L03-b.html#L03-b-16,2016,83544-0063,83544,大岡川,0500,森林,24,0.252041
nlni_l03b_landuse_by_watershed,https://nlftp.mlit.go.jp/ksj/gml/datalist/KsjTmplt-L03-b.html#L03-b-16,2016,83544-0063,83544,大岡川,0700,建物用地,593,6.226973
nlni_l03b_landuse_by_watershed,https://nlftp.mlit.go.jp/ksj/gml/datalist/KsjTmplt-L03-b.html#L03-b-16,2016,83544-0063,83544,大岡川,0901,道路,52,0.546051
nlni_l03b_landuse_by_watershed,https://nlftp.mlit.go.jp/ksj/gml/datalist/KsjTmplt-L03-b.html#L03-b-16,2016,83544-0063,83544,大岡川,0902,鉄道,2,0.021003
nlni_l03b_landuse_by_watershed,https://nlftp.mlit.go.jp/ksj/gml/datalist/KsjTmplt-L03-b.html#L03-b-16,2016,83544-0063,83544,大岡川,1000,その他の用地,80,0.840057
nlni_l03b_landuse_by_watershed,https://nlftp.mlit.go.jp/ksj/gml/datalist/KsjTmplt-L03-b.html#L03-b-16,2016,83544-0064,83544,大岡川,0500,森林,4,0.041974
nlni_l03b_landuse_by_watershed,https://nlftp.mlit.go.jp/ksj/gml/datalist/KsjTmplt-L03-b.html#L03-b-16,2016,83544-0064,83544,大岡川,0700,建物用地,239,2.508023
nlni_l03b_landuse_by_watershed,https://nlftp.mlit.go.jp/ksj/gml/datalist/KsjTmplt-L03-b.html#L03-b-16,2016,83544-0064,83544,大岡川,0901,道路,32,0.335794
nlni_l03b_landuse_by_watershed,https://nlftp.mlit.go.jp/ksj/gml/datalist/KsjTmplt-L03-b.html#L03-b-16,2016,83544-0064,83544,大岡川,0902,鉄道,2,0.020987
nlni_l03b_landuse_by_watershed,https://nlftp.mlit.go.jp/ksj/gml/datalist/KsjTmplt-L03-b.html#L03-b-16,2016,83544-0064,83544,大岡川,1000,その他の用地,24,0.251853
nlni_l03b_landuse_by_watershed,https://nlftp.mlit.go.jp/ksj/gml/datalist/KsjTmplt-L03-b.html#L03-b-16,2016,83544-0064,83544,大岡川,1100,河川地及び湖沼,5,0.05247
nlni_l03b_landuse_by_watershed,https://nlftp.mlit.go.jp/ksj/gml/datalist/KsjTmplt-L03-b.html#L03-b-16,2016,83544-0065,83544,大岡川,0700,建物用地,25,0.262363
nlni_l03b_landuse_by_watershed,https://nlftp.mlit.go.jp/ksj/gml/datalist/KsjTmplt-L03-b.html#L03-b-16,2016,83544-0065,83544,大岡川,0901,道路,2,0.020989
nlni_l03b_landuse_by_watershed,https://nlftp.mlit.go.jp/ksj/gml/datalist/KsjTmplt-L03-b.html#L03-b-16,2016,83544-0065,83544,大岡川,1000,その他の用地,1,0.010494
nlni_l03b_landuse_by_watershed,https://nlftp.mlit.go.jp/ksj/gml/datalist/KsjTmplt-L03-b.html#L03-b-16,2016,83544-0065,83544,大岡川,1100,河川地及び湖沼,1,0.010494
nlni_l03b_landuse_by_watershed,https://nlftp.mlit.go.jp/ksj/gml/datalist/KsjTmplt-L03-b.html#L03-b-16,2016,83544-0066,83544,宮川,0500,森林,130,1.36574
nlni_l03b_landuse_by_watershed,https://nlftp.mlit.go.jp/ksj/gml/datalist/KsjTmplt-L03-b.html#L03-b-16,2016,83544-0066,83544,宮川,0700,建物用地,414,4.349527
nlni_l03b_landuse_by_watershed,https://nlftp.mlit.go.jp/ksj/gml/datalist/KsjTmplt-L03-b.html#L03-b-16,2016,83544-0066,83544,宮川,0901,道路,20,0.210112
nlni_l03b_landuse_by_watershed,https://nlftp.mlit.go.jp/ksj/gml/datalist/KsjTmplt-L03-b.html#L03-b-16,2016,83544-0066,83544,宮川,0902,鉄道,12,0.126077
nlni_l03b_landuse_by_watershed,https://nlftp.mlit.go.jp/ksj/gml/datalist/KsjTmplt-L03-b.html#L03-b-16,2016,83544-0066,83544,宮川,1000,その他の用地,50,0.525289
nlni_l03b_landuse_by_watershed,https://nlftp.mlit.go.jp/ksj/gml/datalist/KsjTmplt-L03-b.html#L03-b-16,2016,83544-0067,83544,侍従川,0200,その他の農用地,1,0.010508
nlni_l03b_landuse_by_watershed,https://nlftp.mlit.go.jp/ksj/gml/datalist/KsjTmplt-L03-b.html#L03-b-16,2016,83544-0067,83544,侍従川,0500,森林,157,1.649803
nlni_l03b_landuse_by_watershed,https://nlftp.mlit.go.jp/ksj/gml/datalist/KsjTmplt-L03-b.html#L03-b-16,2016,83544-0067,83544,侍従川,0700,建物用地,343,3.604321
nlni_l03b_landuse_by_watershed,https://nlftp.mlit.go.jp/ksj/gml/datalist/KsjTmplt-L03-b.html#L03-b-16,2016,83544-0067,83544,侍従川,0901,道路,16,0.168124
nlni_l03b_landuse_by_watershed,https://nlftp.mlit.go.jp/ksj/gml/datalist/KsjTmplt-L03-b.html#L03-b-16,2016,83544-0067,83544,侍従川,0902,鉄道,9,0.094576
nlni_l03b_landuse_by_watershed,https://nlftp.mlit.go.jp/ksj/gml/datalist/KsjTmplt-L03-b.html#L03-b-16,2016,83544-0067,83544,侍従川,1000,その他の用地,31,0.325764
nlni_l03b_landuse_by_watershed,https://nlftp.mlit.go.jp/ksj/gml/datalist/KsjTmplt-L03-b.html#L03-b-16,2016,83544-0067,83544,侍従川,1100,河川地及び湖沼,3,0.031525
nlni_l03b_landuse_by_watershed,https://nlftp.mlit.go.jp/ksj/gml/datalist/KsjTmplt-L03-b.html#L03-b-16,2016,83544-0068,83544,鷹取川,0500,森林,57,0.599078
nlni_l03b_landuse_by_watershed,https://nlftp.mlit.go.jp/ksj/gml/datalist/KsjTmplt-L03-b.html#L03-b-16,2016,83544-0068,83544,鷹取川,0700,建物用地,209,2.196543
nlni_l03b_landuse_by_watershed,https://nlftp.mlit.go.jp/ksj/gml/datalist/KsjTmplt-L03-b.html#L03-b-16,2016,83544-0068,83544,鷹取川,0901,道路,12,0.126115
nlni_l03b_landuse_by_watershed,https://nlftp.mlit.go.jp/ksj/gml/datalist/KsjTmplt-L03-b.html#L03-b-16,2016,83544-0068,83544,鷹取川,0902,鉄道,1,0.01051
nlni_l03b_landuse_by_watershed,https://nlftp.mlit.go.jp/ksj/gml/datalist/KsjTmplt-L03-b.html#L03-b-16,2016,83544-0068,83544,鷹取川,1000,その他の用地,23,0.241715
nlni_l03b_landuse_by_watershed,https://nlftp.mlit.go.jp/ksj/gml/datalist/KsjTmplt-L03-b.html#L03-b-16,2016,83544-0068,83544,鷹取川,1100,河川地及び湖沼,2,0.021018
nlni_l03b_landuse_by_watershed,https://nlftp.mlit.go.jp/ksj/gml/datalist/KsjTmplt-L03-b.html#L03-b-16,2016,83544-0068,83544,鷹取川,1500,海水域,1,0.010509
nlni_l03b_landuse_by_watershed,https://nlftp.mlit.go.jp/ksj/gml/datalist/KsjTmplt-L03-b.html#L03-b-16,2016,83544-0069,83544,平作川,0100,田,4,0.042072
nlni_l03b_landuse_by_watershed,https://nlftp.mlit.go.jp/ksj/gml/datalist/KsjTmplt-L03-b.html#L03-b-16,2016,83544-0069,83544,平作川,0200,その他の農用地,18,0.189334
nlni_l03b_landuse_by_watershed,https://nlftp.mlit.go.jp/ksj/gml/datalist/KsjTmplt-L03-b.html#L03-b-16,2016,83544-0069,83544,平作川,0500,森林,682,7.173565
nlni_l03b_landuse_by_watershed,https://nlftp.mlit.go.jp/ksj/gml/datalist/KsjTmplt-L03-b.html#L03-b-16,2016,83544-0069,83544,平作川,0600,荒地,14,0.147279
nlni_l03b_landuse_by_watershed,https://nlftp.mlit.go.jp/ksj/gml/datalist/KsjTmplt-L03-b.html#L03-b-16,2016,83544-0069,83544,平作川,0700,建物用地,1487,15.639921
nlni_l03b_landuse_by_watershed,https://nlftp.mlit.go.jp/ksj/gml/datalist/KsjTmplt-L03-b.html#L03-b-16,2016,83544-0069,83544,平作川,0901,道路,82,0.862532
nlni_l03b_landuse_by_watershed,https://nlftp.mlit.go.jp/ksj/gml/datalist/KsjTmplt-L03-b.html#L03-b-16,2016,83544-0069,83544,平作川,0902,鉄道,27,0.284009
nlni_l03b_landuse_by_watershed,https://nlftp.mlit.go.jp/ksj/gml/datalist/KsjTmplt-L03-b.html#L03-b-16,2016,83544-0069,83544,平作川,1000,その他の用地,134,1.409482
nlni_l03b_landuse_by_watershed,https://nlftp.mlit.go.jp/ksj/gml/datalist/KsjTmplt-L03-b.html#L03-b-16,2016,83544-0069,83544,平作川,1100,河川地及び湖沼,15,0.157784
nlni_l03b_landuse_by_watershed,https://nlftp.mlit.go.jp/ksj/gml/datalist/KsjTmplt-L03-b.html#L03-b-16,2016,83544-0069,83544,平作川,1400,海浜,3,0.031563
nlni_l03b_landuse_by_watershed,https://nlftp.mlit.go.jp/ksj/gml/datalist/KsjTmplt-L03-b.html#L03-b-16,2016,83544-0069,83544,平作川,1600,ゴルフ場,19,0.199829
nlni_l03b_landuse_by_watershed,https://nlftp.mlit.go.jp/ksj/gml/datalist/KsjTmplt-L03-b.html#L03-b-16,2016,83544-0070,83544,下山川,0100,田,19,0.199802
nlni_l03b_landuse_by_watershed,https://nlftp.mlit.go.jp/ksj/gml/datalist/KsjTmplt-L03-b.html#L03-b-16,2016,83544-0070,83544,下山川,0200,その他の農用地,22,0.231351
nlni_l03b_landuse_by_watershed,https://nlftp.mlit.go.jp/ksj/gml/datalist/KsjTmplt-L03-b.html#L03-b-16,2016,83544-0070,83544,下山川,0500,森林,644,6.771965
nlni_l03b_landuse_by_watershed,https://nlftp.mlit.go.jp/ksj/gml/datalist/KsjTmplt-L03-b.html#L03-b-16,2016,83544-0070,83544,下山川,0600,荒地,2,0.021031
nlni_l03b_landuse_by_watershed,https://nlftp.mlit.go.jp/ksj/gml/datalist/KsjTmplt-L03-b.html#L03-b-16,2016,83544-0070,83544,下山川,0700,建物用地,248,2.607937
nlni_l03b_landuse_by_watershed,https://nlftp.mlit.go.jp/ksj/gml/datalist/KsjTmplt-L03-b.html#L03-b-16,2016,83544-0070,83544,下山川,0901,道路,10,0.105148
nlni_l03b_landuse_by_watershed,https://nlftp.mlit.go.jp/ksj/gml/datalist/KsjTmplt-L03-b.html#L03-b-16,2016,83544-0070,83544,下山川,1000,その他の用地,21,0.22084
nlni_l03b_landuse_by_watershed,https://nlftp.mlit.go.jp/ksj/gml/datalist/KsjTmplt-L03-b.html#L03-b-16,2016,83544-0070,83544,下山川,1100,河川地及び湖沼,2,0.021033
nlni_l03b_landuse_by_watershed,https://nlftp.mlit.go.jp/ksj/gml/datalist/KsjTmplt-L03-b.html#L03-b-16,2016,83544-0070,83544,下山川,1400,海浜,1,0.010516
nlni_l03b_landuse_by_watershed,https://nlftp.mlit.go.jp/ksj/gml/datalist/KsjTmplt-L03-b.html#L03-b-16,2016,83544-0070,83544,下山川,1600,ゴルフ場,25,0.262912
nlni_l03b_landuse_by_watershed,https://nlftp.mlit.go.jp/ksj/gml/datalist/KsjTmplt-L03-b.html#L03-b-16,2016,83544-0071,83544,森戸川,0100,田,3,0.031541
nlni_l03b_landuse_by_watershed,https://nlftp.mlit.go.jp/ksj/gml/datalist/KsjTmplt-L03-b.html#L03-b-16,2016,83544-0071,83544,森戸川,0200,その他の農用地,1,0.010514
nlni_l03b_landuse_by_watershed,https://nlftp.mlit.go.jp/ksj/gml/datalist/KsjTmplt-L03-b.html#L03-b-16,2016,83544-0071,83544,森戸川,0500,森林,509,5.351584
nlni_l03b_landuse_by_watershed,https://nlftp.mlit.go.jp/ksj/gml/datalist/KsjTmplt-L03-b.html#L03-b-16,2016,83544-0071,83544,森戸川,0700,建物用地,200,2.102788
nlni_l03b_landuse_by_watershed,https://nlftp.mlit.go.jp/ksj/gml/datalist/KsjTmplt-L03-b.html#L03-b-16,2016,83544-0071,83544,森戸川,1000,その他の用地,14,0.147191
nlni_l03b_landuse_by_watershed,https://nlftp.mlit.go.jp/ksj/gml/datalist/KsjTmplt-L03-b.html#L03-b-16,2016,83544-0071,83544,森戸川,1100,河川地及び湖沼,1,0.010515
nlni_l03b_landuse_by_watershed,https://nlftp.mlit.go.jp/ksj/gml/datalist/KsjTmplt-L03-b.html#L03-b-16,2016,83544-0071,83544,森戸川,1400,海浜,1,0.010515
nlni_l03b_landuse_by_watershed,https://nlftp.mlit.go.jp/ksj/gml/datalist/KsjTmplt-L03-b.html#L03-b-16,2016,83544-0071,83544,森戸川,1500,海水域,2,0.02103
nlni_l03b_landuse_by_watershed,https://nlftp.mlit.go.jp/ksj/gml/datalist/KsjTmplt-L03-b.html#L03-b-16,2016,83544-0072,83544,田越川,0200,その他の農用地,2,0.021024
nlni_l03b_landuse_by_watershed,https://nlftp.mlit.go.jp/ksj/gml/datalist/KsjTmplt-L03-b.html#L03-b-16,2016,83544-0072,83544,田越川,0500,森林,687,7.221041
nlni_l03b_landuse_by_watershed,https://nlftp.mlit.go.jp/ksj/gml/datalist/KsjTmplt-L03-b.html#L03-b-16,2016,83544-0072,83544,田越川,0600,荒地,1,0.01051
nlni_l03b_landuse_by_watershed,https://nlftp.mlit.go.jp/ksj/gml/datalist/KsjTmplt-L03-b.html#L03-b-16,2016,83544-0072,83544,田越川,0700,建物用地,520,5.465971
nlni_l03b_landuse_by_watershed,https://nlftp.mlit.go.jp/ksj/gml/datalist/KsjTmplt-L03-b.html#L03-b-16,2016,83544-0072,83544,田越川,0901,道路,18,0.189218
nlni_l03b_landuse_by_watershed,https://nlftp.mlit.go.jp/ksj/gml/datalist/KsjTmplt-L03-b.html#L03-b-16,2016,83544-0072,83544,田越川,0902,鉄道,21,0.220739
nlni_l03b_landuse_by_watershed,https://nlftp.mlit.go.jp/ksj/gml/datalist/KsjTmplt-L03-b.html#L03-b-16,2016,83544-0072,83544,田越川,1000,その他の用地,45,0.473005
nlni_l03b_landuse_by_watershed,https://nlftp.mlit.go.jp/ksj/gml/datalist/KsjTmplt-L03-b.html#L03-b-16,2016,83544-0072,83544,田越川,1100,河川地及び湖沼,2,0.021026
nlni_l03b_landuse_by_watershed,https://nlftp.mlit.go.jp/ksj/gml/datalist/KsjTmplt-L03-b.html#L03-b-16,2016,83544-0072,83544,田越川,1400,海浜,3,0.031537
nlni_l03b_landuse_by_watershed,https://nlftp.mlit.go.jp/ksj/gml/datalist/KsjTmplt-L03-b.html#L03-b-16,2016,83544-0072,83544,田越川,1500,海水域,1,0.010513
nlni_l03b_landuse_by_watershed,https://nlftp.mlit.go.jp/ksj/gml/datalist/KsjTmplt-L03-b.html#L03-b-16,2016,83544-0073,83544,滑川,0500,森林,540,5.67447
nlni_l03b_landuse_by_watershed,https://nlftp.mlit.go.jp/ksj/gml/datalist/KsjTmplt-L03-b.html#L03-b-16,2016,83544-0073,83544,滑川,0600,荒地,2,0.021016
nlni_l03b_landuse_by_watershed,https://nlftp.mlit.go.jp/ksj/gml/datalist/KsjTmplt-L03-b.html#L03-b-16,2016,83544-0073,83544,滑川,0700,建物用地,450,4.729052
nlni_l03b_landuse_by_watershed,https://nlftp.mlit.go.jp/ksj/gml/datalist/KsjTmplt-L03-b.html#L03-b-16,2016,83544-0073,83544,滑川,0901,道路,2,0.021018
nlni_l03b_landuse_by_watershed,https://nlftp.mlit.go.jp/ksj/gml/datalist/KsjTmplt-L03-b.html#L03-b-16,2016,83544-0073,83544,滑川,0902,鉄道,13,0.13662
nlni_l03b_landuse_by_watershed,https://nlftp.mlit.go.jp/ksj/gml/datalist/KsjTmplt-L03-b.html#L03-b-16,2016,83544-0073,83544,滑川,1000,その他の用地,63,0.662007
nlni_l03b_landuse_by_watershed,https://nlftp.mlit.go.jp/ksj/gml/datalist/KsjTmplt-L03-b.html#L03-b-16,2016,83544-0073,83544,滑川,1100,河川地及び湖沼,4,0.042035
nlni_l03b_landuse_by_watershed,https://nlftp.mlit.go.jp/ksj/gml/datalist/KsjTmplt-L03-b.html#L03-b-16,2016,83544-0073,83544,滑川,1400,海浜,7,0.073574
nlni_l03b_landuse_by_watershed,https://nlftp.mlit.go.jp/ksj/gml/datalist/KsjTmplt-L03-b.html#L03-b-16,2016,83544-0074,83544,神戸川,0200,その他の農用地,1,0.010509
nlni_l03b_landuse_by_watershed,https://nlftp.mlit.go.jp/ksj/gml/datalist/KsjTmplt-L03-b.html#L03-b-16,2016,83544-0074,83544,神戸川,0500,森林,67,0.704146
nlni_l03b_landuse_by_watershed,https://nlftp.mlit.go.jp/ksj/gml/datalist/KsjTmplt-L03-b.html#L03-b-16,2016,83544-0074,83544,神戸川,0700,建物用地,225,2.364606
nlni_l03b_landuse_by_watershed,https://nlftp.mlit.go.jp/ksj/gml/datalist/KsjTmplt-L03-b.html#L03-b-16,2016,83544-0074,83544,神戸川,0901,道路,1,0.010508
nlni_l03b_landuse_by_watershed,https://nlftp.mlit.go.jp/ksj/gml/datalist/KsjTmplt-L03-b.html#L03-b-16,2016,83544-0074,83544,神戸川,0902,鉄道,3,0.031528
nlni_l03b_landuse_by_watershed,https://nlftp.mlit.go.jp/ksj/gml/datalist/KsjTmplt-L03-b.html#L03-b-16,2016,83544-0074,83544,神戸川,1000,その他の用地,5,0.05255
nlni_l03b_landuse_by_watershed,https://nlftp.mlit.go.jp/ksj/gml/datalist/KsjTmplt-L03-b.html#L03-b-16,2016,83544-0074,83544,神戸川,1400,海浜,1,0.01051
nlni_l03b_landuse_by_watershed,https://nlftp.mlit.go.jp/ksj/gml/datalist/KsjTmplt-L03-b.html#L03-b-16,2016,83544-0075,83544,大岡川,0500,森林,39,0.409376
nlni_l03b_landuse_by_watershed,https://nlftp.mlit.go.jp/ksj/gml/datalist/KsjTmplt-L03-b.html#L03-b-16,2016,83544-0075,83544,大岡川,0700,建物用地,365,3.831245
nlni_l03b_landuse_by_watershed,https://nlftp.mlit.go.jp/ksj/gml/datalist/KsjTmplt-L03-b.html#L03-b-16,2016,83544-0075,83544,大岡川,0901,道路,6,0.062977
nlni_l03b_landuse_by_watershed,https://nlftp.mlit.go.jp/ksj/gml/datalist/KsjTmplt-L03-b.html#L03-b-16,2016,83544-0075,83544,大岡川,1000,その他の用地,27,0.283431
nlni_l03b_landuse_by_watershed,https://nlftp.mlit.go.jp/ksj/gml/datalist/KsjTmplt-L03-b.html#L03-b-16,2016,83544-0075,83544,大岡川,1100,河川地及び湖沼,6,0.062975
nlni_l03b_landuse_by_watershed,https://nlftp.mlit.go.jp/ksj/gml/datalist/KsjTmplt-L03-b.html#L03-b-16,2016,83545-0001,83545,千歳川,0200,その他の農用地,193,2.032591
nlni_l03b_landuse_by_watershed,https://nlftp.mlit.go.jp/ksj/gml/datalist/KsjTmplt-L03-b.html#L03-b-16,2016,83545-0001,83545,千歳川,0500,森林,418,4.402159
nlni_l03b_landuse_by_watershed,https://nlftp.mlit.go.jp/ksj/gml/datalist/KsjTmplt-L03-b.html#L03-b-16,2016,83545-0001,83545,千歳川,0700,建物用地,195,2.053609
nlni_l03b_landuse_by_watershed,https://nlftp.mlit.go.jp/ksj/gml/datalist/KsjTmplt-L03-b.html#L03-b-16,2016,83545-0001,83545,千歳川,0902,鉄道,8,0.084251
nlni_l03b_landuse_by_watershed,https://nlftp.mlit.go.jp/ksj/gml/datalist/KsjTmplt-L03-b.html#L03-b-16,2016,83545-0001,83545,千歳川,1000,その他の用地,9,0.094785
nlni_l03b_landuse_by_watershed,https://nlftp.mlit.go.jp/ksj/gml/datalist/KsjTmplt-L03-b.html#L03-b-16,2016,83545-0001,83545,千歳川,1100,河川地及び湖沼,7,0.073721
nlni_l03b_landuse_by_watershed,https://nlftp.mlit.go.jp/ksj/gml/datalist/KsjTmplt-L03-b.html#L03-b-16,2016,83545-0002,83545,,0200,その他の農用地,52,0.547656
nlni_l03b_landuse_by_watershed,https://nlftp.mlit.go.jp/ksj/gml/datalist/KsjTmplt-L03-b.html#L03-b-16,2016,83545-0002,83545,,0500,森林,910,9.583684
nlni_l03b_landuse_by_watershed,https://nlftp.mlit.go.jp/ksj/gml/datalist/KsjTmplt-L03-b.html#L03-b-16,2016,83545-0002,83545,,0700,建物用地,32,0.337008
nlni_l03b_landuse_by_watershed,https://nlftp.mlit.go.jp/ksj/gml/datalist/KsjTmplt-L03-b.html#L03-b-16,2016,83545-0002,83545,,1000,その他の用地,5,0.052664
nlni_l03b_landuse_by_watershed,https://nlftp.mlit.go.jp/ksj/gml/datalist/KsjTmplt-L03-b.html#L03-b-16,2016,83545-0003,83545,千歳川,0200,その他の農用地,4,0.042124
nlni_l03b_landuse_by_watershed,https://nlftp.mlit.go.jp/ksj/gml/datalist/KsjTmplt-L03-b.html#L03-b-16,2016,83545-0003,83545,千歳川,0500,森林,322,3.390502
nlni_l03b_landuse_by_watershed,https://nlftp.mlit.go.jp/ksj/gml/datalist/KsjTmplt-L03-b.html#L03-b-16,2016,83545-0003,83545,千歳川,0700,建物用地,45,0.473873
nlni_l03b_landuse_by_watershed,https://nlftp.mlit.go.jp/ksj/gml/datalist/KsjTmplt-L03-b.html#L03-b-16,2016,83545-0003,83545,千歳川,1100,河川地及び湖沼,4,0.042122
nlni_l03b_landuse_by_watershed,https://nlftp.mlit.go.jp/ksj/gml/datalist/KsjTmplt-L03-b.html#L03-b-16,2016,83545-0004,83545,千歳川,0500,森林,422,4.44298
nlni_l03b_landuse_by_watershed,https://nlftp.mlit.go.jp/ksj/gml/datalist/KsjTmplt-L03-b.html#L03-b-16,2016,83545-0004,83545,千歳川,0600,荒地,7,0.073692
nlni_l03b_landuse_by_watershed,https://nlftp.mlit.go.jp/ksj/gml/datalist/KsjTmplt-L03-b.html#L03-b-16,2016,83545-0004,83545,千歳川,0700,建物用地,1,0.010529
nlni_l03b_landuse_by_watershed,https://nlftp.mlit.go.jp/ksj/gml/datalist/KsjTmplt-L03-b.html#L03-b-16,2016,83545-0004,83545,千歳川,1000,その他の用地,1,0.010528
nlni_l03b_landuse_by_watershed,https://nlftp.mlit.go.jp/ksj/gml/datalist/KsjTmplt-L03-b.html#L03-b-16,2016,83545-0005,83545,千歳川,0500,森林,314,3.305566
nlni_l03b_landuse_by_watershed,https://nlftp.mlit.go.jp/ksj/gml/datalist/KsjTmplt-L03-b.html#L03-b-16,2016,83545-0005,83545,千歳川,0600,荒地,2,0.021053
nlni_l03b_landuse_by_watershed,https://nlftp.mlit.go.jp/ksj/gml/datalist/KsjTmplt-L03-b.html#L03-b-16,2016,83545-0005,83545,千歳川,0700,建物用地,4,0.042115
nlni_l03b_landuse_by_watershed,https://nlftp.mlit.go.jp/ksj/gml/datalist/KsjTmplt-L03-b.html#L03-b-16,2016,83545-0005,83545,千歳川,1000,その他の用地,2,0.021052
nlni_l03b_landuse_by_watershed,https://nlftp.mlit.go.jp/ksj/gml/datalist/KsjTmplt-L03-b.html#L03-b-16,2016,83545-0006,83545,新崎川,0200,その他の農用地,138,1.453048
nlni_l03b_landuse_by_watershed,https://nlftp.mlit.go.jp/ksj/gml/datalist/KsjTmplt-L03-b.html#L03-b-16,2016,83545-0006,83545,新崎川,0500,森林,1240,13.053466
nlni_l03b_landuse_by_watershed,https://nlftp.mlit.go.jp/ksj/gml/datalist/KsjTmplt-L03-b.html#L03-b-16,2016,83545-0006,83545,新崎川,0600,荒地,11,0.115802
nlni_l03b_landuse_by_watershed,https://nlftp.mlit.go.jp/ksj/gml/datalist/KsjTmplt-L03-b.html#L03-b-16,2016,83545-0006,83545,新崎川,0700,建物用地,115,1.210932
nlni_l03b_landuse_by_watershed,https://nlftp.mlit.go.jp/ksj/gml/datalist/KsjTmplt-L03-b.html#L03-b-16,2016,83545-0006,83545,新崎川,0901,道路,2,0.021062
nlni_l03b_landuse_by_watershed,https://nlftp.mlit.go.jp/ksj/gml/datalist/KsjTmplt-L03-b.html#L03-b-16,2016,83545-0006,83545,新崎川,0902,鉄道,5,0.052651
nlni_l03b_landuse_by_watershed,https://nlftp.mlit.go.jp/ksj/gml/datalist/KsjTmplt-L03-b.html#L03-b-16,2016,83545-0006,83545,新崎川,1000,その他の用地,8,0.084247
nlni_l03b_landuse_by_watershed,https://nlftp.mlit.go.jp/ksj/gml/datalist/KsjTmplt-L03-b.html#L03-b-16,2016,83545-0006,83545,新崎川,1100,河川地及び湖沼,9,0.094767
nlni_l03b_landuse_by_watershed,https://nlftp.mlit.go.jp/ksj/gml/datalist/KsjTmplt-L03-b.html#L03-b-16,2016,83545-0006,83545,新崎川,1600,ゴルフ場,12,0.126336
nlni_l03b_landuse_by_watershed,https://nlftp.mlit.go.jp/ksj/gml/datalist/KsjTmplt-L03-b.html#L03-b-16,2016,83545-0007,83545,,0200,その他の農用地,69,0.726417
nlni_l03b_landuse_by_watershed,https://nlftp.mlit.go.jp/ksj/gml/datalist/KsjTmplt-L03-b.html#L03-b-16,2016,83545-0007,83545,,0500,森林,237,2.49486
nlni_l03b_landuse_by_watershed,https://nlftp.mlit.go.jp/ksj/gml/datalist/KsjTmplt-L03-b.html#L03-b-16,2016,83545-0007,83545,,0600,荒地,56,0.589539
nlni_l03b_landuse_by_watershed,https://nlftp.mlit.go.jp/ksj/gml/datalist/KsjTmplt-L03-b.html#L03-b-16,2016,83545-0007,83545,,0700,建物用地,20,0.210566
nlni_l03b_landuse_by_watershed,https://nlftp.mlit.go.jp/ksj/gml/datalist/KsjTmplt-L03-b.html#L03-b-16,2016,83545-0007,83545,,0902,鉄道,2,0.021058
nlni_l03b_landuse_by_watershed,https://nlftp.mlit.go.jp/ksj/gml/datalist/KsjTmplt-L03-b.html#L03-b-16,2016,83545-0007,83545,,1000,その他の用地,2,0.021057
nlni_l03b_landuse_by_watershed,https://nlftp.mlit.go.jp/ksj/gml/datalist/KsjTmplt-L03-b.html#L03-b-16,2016,83545-0008,83545,白糸川,0200,その他の農用地,131,1.378682
nlni_l03b_landuse_by_watershed,https://nlftp.mlit.go.jp/ksj/gml/datalist/KsjTmplt-L03-b.html#L03-b-16,2016,83545-0008,83545,白糸川,0500,森林,496,5.220262
nlni_l03b_landuse_by_watershed,https://nlftp.mlit.go.jp/ksj/gml/datalist/KsjTmplt-L03-b.html#L03-b-16,2016,83545-0008,83545,白糸川,0600,荒地,4,0.042096
nlni_l03b_landuse_by_watershed,https://nlftp.mlit.go.jp/ksj/gml/datalist/KsjTmplt-L03-b.html#L03-b-16,2016,83545-0008,83545,白糸川,0700,建物用地,10,0.105241
nlni_l03b_landuse_by_watershed,https://nlftp.mlit.go.jp/ksj/gml/datalist/KsjTmplt-L03-b.html#L03-b-16,2016,83545-0008,83545,白糸川,0902,鉄道,1,0.010524
nlni_l03b_landuse_by_watershed,https://nlftp.mlit.go.jp/ksj/gml/datalist/KsjTmplt-L03-b.html#L03-b-16,2016,83545-0008,83545,白糸川,1000,その他の用地,3,0.03157
nlni_l03b_landuse_by_watershed,https://nlftp.mlit.go.jp/ksj/gml/datalist/KsjTmplt-L03-b.html#L03-b-16,2016,83545-0008,83545,白糸川,1600,ゴルフ場,37,0.389434
nlni_l03b_landuse_by_watershed,https://nlftp.mlit.go.jp/ksj/gml/datalist/KsjTmplt-L03-b.html#L03-b-16,2016,83545-0009,83545,清水川,0200,その他の農用地,78,0.820737
nlni_l03b_landuse_by_watershed,https://nlftp.mlit.go.jp/ksj/gml/datalist/KsjTmplt-L03-b.html#L03-b-16,2016,83545-0009,83545,清水川,0500,森林,377,3.967093
nlni_l03b_landuse_by_watershed,https://nlftp.mlit.go.jp/ksj/gml/datalist/KsjTmplt-L03-b.html#L03-b-16,2016,83545-0009,83545,清水川,0700,建物用地,7,0.073655
nlni_l03b_landuse_by_watershed,https://nlftp.mlit.go.jp/ksj/gml/datalist/KsjTmplt-L03-b.html#L03-b-16,2016,83545-0010,83545,玉川,0200,その他の農用地,85,0.894279
nlni_l03b_landuse_by_watershed,https://nlftp.mlit.go.jp/ksj/gml/datalist/KsjTmplt-L03-b.html#L03-b-16,2016,83545-0010,83545,玉川,0500,森林,303,3.188297
nlni_l03b_landuse_by_watershed,https://nlftp.mlit.go.jp/ksj/gml/datalist/KsjTmplt-L03-b.html#L03-b-16,2016,83545-0010,83545,玉川,0700,建物用地,4,0.042084
nlni_l03b_landuse_by_watershed,https://nlftp.mlit.go.jp/ksj/gml/datalist/KsjTmplt-L03-b.html#L03-b-16,2016,83545-0010,83545,玉川,0902,鉄道,2,0.021042
nlni_l03b_landuse_by_watershed,https://nlftp.mlit.go.jp/ksj/gml/datalist/KsjTmplt-L03-b.html#L03-b-16,2016,83545-0010,83545,玉川,1500,海水域,2,0.021042
nlni_l03b_landuse_by_watershed,https://nlftp.mlit.go.jp/ksj/gml/datalist/KsjTmplt-L03-b.html#L03-b-16,2016,83545-0011,83545,早川,0100,田,1,0.01052
nlni_l03b_landuse_by_watershed,https://nlftp.mlit.go.jp/ksj/gml/datalist/KsjTmplt-L03-b.html#L03-b-16,2016,83545-0011,83545,早川,0200,その他の農用地,263,2.766385
nlni_l03b_landuse_by_watershed,https://nlftp.mlit.go.jp/ksj/gml/datalist/KsjTmplt-L03-b.html#L03-b-16,2016,83545-0011,83545,早川,0500,森林,440,4.628583
nlni_l03b_landuse_by_watershed,https://nlftp.mlit.go.jp/ksj/gml/datalist/KsjTmplt-L03-b.html#L03-b-16,2016,83545-0011,83545,早川,0600,荒地,4,0.042078
nlni_l03b_landuse_by_watershed,https://nlftp.mlit.go.jp/ksj/gml/datalist/KsjTmplt-L03-b.html#L03-b-16,2016,83545-0011,83545,早川,0700,建物用地,197,2.072203
nlni_l03b_landuse_by_watershed,https://nlftp.mlit.go.jp/ksj/gml/datalist/KsjTmplt-L03-b.html#L03-b-16,2016,83545-0011,83545,早川,0901,道路,16,0.168302
nlni_l03b_landuse_by_watershed,https://nlftp.mlit.go.jp/ksj/gml/datalist/KsjTmplt-L03-b.html#L03-b-16,2016,83545-0011,83545,早川,0902,鉄道,18,0.189342
nlni_l03b_landuse_by_watershed,https://nlftp.mlit.go.jp/ksj/gml/datalist/KsjTmplt-L03-b.html#L03-b-16,2016,83545-0011,83545,早川,1000,その他の用地,8,0.084151
nlni_l03b_landuse_by_watershed,https://nlftp.mlit.go.jp/ksj/gml/datalist/KsjTmplt-L03-b.html#L03-b-16,2016,83545-0011,83545,早川,1100,河川地及び湖沼,33,0.347122
nlni_l03b_landuse_by_watershed,https://nlftp.mlit.go.jp/ksj/gml/datalist/KsjTmplt-L03-b.html#L03-b-16,2016,83545-0011,83545,早川,1600,ゴルフ場,44,0.462918
nlni_l03b_landuse_by_watershed,https://nlftp.mlit.go.jp/ksj/gml/datalist/KsjTmplt-L03-b.html#L03-b-16,2016,83545-0012,83545,山王川,0100,田,8,0.084129
nlni_l03b_landuse_by_watershed,https://nlftp.mlit.go.jp/ksj/gml/datalist/KsjTmplt-L03-b.html#L03-b-16,2016,83545-0012,83545,山王川,0200,その他の農用地,239,2.513316
nlni_l03b_landuse_by_watershed,https://nlftp.mlit.go.jp/ksj/gml/datalist/KsjTmplt-L03-b.html#L03-b-16,2016,83545-0012,83545,山王川,0500,森林,59,0.620472
nlni_l03b_landuse_by_watershed,https://nlftp.mlit.go.jp/ksj/gml/datalist/KsjTmplt-L03-b.html#L03-b-16,2016,83545-0012,83545,山王川,0600,荒地,3,0.031551
nlni_l03b_landuse_by_watershed,https://nlftp.mlit.go.jp/ksj/gml/datalist/KsjTmplt-L03-b.html#L03-b-16,2016,83545-0012,83545,山王川,0700,建物用地,374,3.932963
nlni_l03b_landuse_by_watershed,https://nlftp.mlit.go.jp/ksj/gml/datalist/KsjTmplt-L03-b.html#L03-b-16,2016,83545-0012,83545,山王川,0901,道路,13,0.136712
nlni_l03b_landuse_by_watershed,https://nlftp.mlit.go.jp/ksj/gml/datalist/KsjTmplt-L03-b.html#L03-b-16,2016,83545-0012,83545,山王川,0902,鉄道,15,0.15774
nlni_l03b_landuse_by_watershed,https://nlftp.mlit.go.jp/ksj/gml/datalist/KsjTmplt-L03-b.html#L03-b-16,2016,83545-0012,83545,山王川,1000,その他の用地,19,0.199793
nlni_l03b_landuse_by_watershed,https://nlftp.mlit.go.jp/ksj/gml/datalist/KsjTmplt-L03-b.html#L03-b-16,2016,83545-0012,83545,山王川,1100,河川地及び湖沼,6,0.0631
nlni_l03b_landuse_by_watershed,https://nlftp.mlit.go.jp/ksj/gml/datalist/KsjTmplt-L03-b.html#L03-b-16,2016,83545-0012,83545,山王川,1400,海浜,4,0.042069
nlni_l03b_landuse_by_watershed,https://nlftp.mlit.go.jp/ksj/gml/datalist/KsjTmplt-L03-b.html#L03-b-16,2016,83545-0012,83545,山王川,1500,海水域,2,0.021034
nlni_l03b_landuse_by_watershed,https://nlftp.mlit.go.jp/ksj/gml/datalist/KsjTmplt-L03-b.html#L03-b-16,2016,83545-0013,83545,山王川,0100,田,2,0.021031
nlni_l03b_landuse_by_watershed,https://nlftp.mlit.go.jp/ksj/gml/datalist/KsjTmplt-L03-b.html#L03-b-16,2016,83545-0013,83545,山王川,0200,その他の農用地,62,0.651985
nlni_l03b_landuse_by_watershed,https://nlftp.mlit.go.jp/ksj/gml/datalist/KsjTmplt-L03-b.html#L03-b-16,2016,83545-0013,83545,山王川,0500,森林,564,5.931598
nlni_l03b_landuse_by_watershed,https://nlftp.mlit.go.jp/ksj/gml/datalist/KsjTmplt-L03-b.html#L03-b-16,2016,83545-0013,83545,山王川,0600,荒地,11,0.115691
nlni_l03b_landuse_by_watershed,https://nlftp.mlit.go.jp/ksj/gml/datalist/KsjTmplt-L03-b.html#L03-b-16,2016,83545-0013,83545,山王川,0700,建物用地,6,0.063095
nlni_l03b_landuse_by_watershed,https://nlftp.mlit.go.jp/ksj/gml/datalist/KsjTmplt-L03-b.html#L03-b-16,2016,83545-0013,83545,山王川,1000,その他の用地,21,0.220851
nlni_l03b_landuse_by_watershed,https://nlftp.mlit.go.jp/ksj/gml/datalist/KsjTmplt-L03-b.html#L03-b-16,2016,83545-0014,83545,山王川,0100,田,3,0.031544
nlni_l03b_landuse_by_watershed,https://nlftp.mlit.go.jp/ksj/gml/datalist/KsjTmplt-L03-b.html#L03-b-16,2016,83545-0014,83545,山王川,0200,その他の農用地,92,0.967358
nlni_l03b_landuse_by_watershed,https://nlftp.mlit.go.jp/ksj/gml/datalist/KsjTmplt-L03-b.html#L03-b-16,2016,83545-0014,83545,山王川,0500,森林,875,9.201283
nlni_l03b_landuse_by_watershed,https://nlftp.mlit.go.jp/ksj/gml/datalist/KsjTmplt-L03-b.html#L03-b-16,2016,83545-0014,83545,山王川,0600,荒地,16,0.168259
nlni_l03b_landuse_by_watershed,https://nlftp.mlit.go.jp/ksj/gml/datalist/KsjTmplt-L03-b.html#L03-b-16,2016,83545-0014,83545,山王川,0700,建物用地,34,0.357503
nlni_l03b_landuse_by_watershed,https://nlftp.mlit.go.jp/ksj/gml/datalist/KsjTmplt-L03-b.html#L03-b-16,2016,83545-0015,83545,早川,0200,その他の農用地,2,0.021034
nlni_l03b_landuse_by_watershed,https://nlftp.mlit.go.jp/ksj/gml/datalist/KsjTmplt-L03-b.html#L03-b-16,2016,83545-0015,83545,早川,0500,森林,3440,36.17967
nlni_l03b_landuse_by_watershed,https://nlftp.mlit.go.jp/ksj/gml/datalist/KsjTmplt-L03-b.html#L03-b-16,2016,83545-0015,83545,早川,0600,荒地,87,0.915008
nlni_l03b_landuse_by_watershed,https://nlftp.mlit.go.jp/ksj/gml/datalist/KsjTmplt-L03-b.html#L03-b-16,2016,83545-0015,83545,早川,0700,建物用地,615,6.468003
nlni_l03b_landuse_by_watershed,https://nlftp.mlit.go.jp/ksj/gml/datalist/KsjTmplt-L03-b.html#L03-b-16,2016,83545-0015,83545,早川,0902,鉄道,17,0.178821
nlni_l03b_landuse_by_watershed,https://nlftp.mlit.go.jp/ksj/gml/datalist/KsjTmplt-L03-b.html#L03-b-16,2016,83545-0015,83545,早川,1000,その他の用地,48,0.504809
nlni_l03b_landuse_by_watershed,https://nlftp.mlit.go.jp/ksj/gml/datalist/KsjTmplt-L03-b.html#L03-b-16,2016,83545-0015,83545,早川,1100,河川地及び湖沼,36,0.378657
nlni_l03b_landuse_by_watershed,https://nlftp.mlit.go.jp/ksj/gml/datalist/KsjTmplt-L03-b.html#L03-b-16,2016,83545-0015,83545,早川,1600,ゴルフ場,248,2.608369
nlni_l03b_landuse_by_watershed,https://nlftp.mlit.go.jp/ksj/gml/datalist/KsjTmplt-L03-b.html#L03-b-16,2016,83545-0016,83545,早川,0500,森林,1933,20.341109
nlni_l03b_landuse_by_watershed,https://nlftp.mlit.go.jp/ksj/gml/datalist/KsjTmplt-L03-b.html#L03-b-16,2016,83545-0016,83545,早川,0600,荒地,21,0.220968
nlni_l03b_landuse_by_watershed,https://nlftp.mlit.go.jp/ksj/gml/datalist/KsjTmplt-L03-b.html#L03-b-16,2016,83545-0016,83545,早川,0700,建物用地,43,0.452413
nlni_l03b_landuse_by_watershed,https://nlftp.mlit.go.jp/ksj/gml/datalist/KsjTmplt-L03-b.html#L03-b-16,2016,83545-0016,83545,早川,1000,その他の用地,6,0.06314
nlni_l03b_landuse_by_watershed,https://nlftp.mlit.go.jp/ksj/gml/datalist/KsjTmplt-L03-b.html#L03-b-16,2016,83545-0016,83545,早川,1100,河川地及び湖沼,8,0.084168
nlni_l03b_landuse_by_watershed,https://nlftp.mlit.go.jp/ksj/gml/datalist/KsjTmplt-L03-b.html#L03-b-16,2016,83545-0016,83545,早川,1600,ゴルフ場,2,0.021042
nlni_l03b_landuse_by_watershed,https://nlftp.mlit.go.jp/ksj/gml/datalist/KsjTmplt-L03-b.html#L03-b-16,2016,83545-0017,83545,早川,0500,森林,1611,16.951174
nlni_l03b_landuse_by_watershed,https://nlftp.mlit.go.jp/ksj/gml/datalist/KsjTmplt-L03-b.html#L03-b-16,2016,83545-0017,83545,早川,0600,荒地,25,0.263021
nlni_l03b_landuse_by_watershed,https://nlftp.mlit.go.jp/ksj/gml/datalist/KsjTmplt-L03-b.html#L03-b-16,2016,83545-0017,83545,早川,0700,建物用地,139,1.462612
nlni_l03b_landuse_by_watershed,https://nlftp.mlit.go.jp/ksj/gml/datalist/KsjTmplt-L03-b.html#L03-b-16,2016,83545-0017,83545,早川,0901,道路,2,0.021052
nlni_l03b_landuse_by_watershed,https://nlftp.mlit.go.jp/ksj/gml/datalist/KsjTmplt-L03-b.html#L03-b-16,2016,83545-0017,83545,早川,1000,その他の用地,24,0.25254
nlni_l03b_landuse_by_watershed,https://nlftp.mlit.go.jp/ksj/gml/datalist/KsjTmplt-L03-b.html#L03-b-16,2016,83545-0017,83545,早川,1100,河川地及び湖沼,679,7.144984
nlni_l03b_landuse_by_watershed,https://nlftp.mlit.go.jp/ksj/gml/datalist/KsjTmplt-L03-b.html#L03-b-16,2016,83545-0017,83545,早川,1600,ゴルフ場,42,0.441972
nlni_l03b_landuse_by_watershed,https://nlftp.mlit.go.jp/ksj/gml/datalist/KsjTmplt-L03-b.html#L03-b-16,2016,83545-0018,83545,早川,0500,森林,55,0.578948
nlni_l03b_landuse_by_watershed,https://nlftp.mlit.go.jp/ksj/gml/datalist/KsjTmplt-L03-b.html#L03-b-16,2016,83545-0018,83545,早川,0600,荒地,3,0.031581
nlni_l03b_landuse_by_watershed,https://nlftp.mlit.go.jp/ksj/gml/datalist/KsjTmplt-L03-b.html#L03-b-16,2016,83545-0018,83545,早川,0700,建物用地,8,0.084205
nlni_l03b_landuse_by_watershed,https://nlftp.mlit.go.jp/ksj/gml/datalist/KsjTmplt-L03-b.html#L03-b-16,2016,83545-0018,83545,早川,1600,ゴルフ場,26,0.273694
nlni_l03b_landuse_by_watershed,https://nlftp.mlit.go.jp/ksj/gml/datalist/KsjTmplt-L03-b.html#L03-b-16,2016,83545-0019,83545,森戸川,0200,その他の農用地,1,0.010514
nlni_l03b_landuse_by_watershed,https://nlftp.mlit.go.jp/ksj/gml/datalist/KsjTmplt-L03-b.html#L03-b-16,2016,83545-0019,83545,森戸川,0700,建物用地,11,0.115655
nlni_l03b_landuse_by_watershed,https://nlftp.mlit.go.jp/ksj/gml/datalist/KsjTmplt-L03-b.html#L03-b-16,2016,83545-0019,83545,森戸川,0901,道路,5,0.052571
nlni_l03b_landuse_by_watershed,https://nlftp.mlit.go.jp/ksj/gml/datalist/KsjTmplt-L03-b.html#L03-b-16,2016,83545-0019,83545,森戸川,0902,鉄道,2,0.021028
nlni_l03b_landuse_by_watershed,https://nlftp.mlit.go.jp/ksj/gml/datalist/KsjTmplt-L03-b.html#L03-b-16,2016,83545-0019,83545,森戸川,1400,海浜,1,0.010514
nlni_l03b_landuse_by_watershed,https://nlftp.mlit.go.jp/ksj/gml/datalist/KsjTmplt-L03-b.html#L03-b-16,2016,83545-0020,83545,森戸川,0100,田,145,1.524099
nlni_l03b_landuse_by_watershed,https://nlftp.mlit.go.jp/ksj/gml/datalist/KsjTmplt-L03-b.html#L03-b-16,2016,83545-0020,83545,森戸川,0200,その他の農用地,17,0.178683
nlni_l03b_landuse_by_watershed,https://nlftp.mlit.go.jp/ksj/gml/datalist/KsjTmplt-L03-b.html#L03-b-16,2016,83545-0020,83545,森戸川,0500,森林,1,0.010509
nlni_l03b_landuse_by_watershed,https://nlftp.mlit.go.jp/ksj/gml/datalist/KsjTmplt-L03-b.html#L03-b-16,2016,83545-0020,83545,森戸川,0700,建物用地,389,4.089575
nlni_l03b_landuse_by_watershed,https://nlftp.mlit.go.jp/ksj/gml/datalist/KsjTmplt-L03-b.html#L03-b-16,2016,83545-0020,83545,森戸川,0901,道路,15,0.157677
nlni_l03b_landuse_by_watershed,https://nlftp.mlit.go.jp/ksj/gml/datalist/KsjTmplt-L03-b.html#L03-b-16,2016,83545-0020,83545,森戸川,0902,鉄道,10,0.105142
nlni_l03b_landuse_by_watershed,https://nlftp.mlit.go.jp/ksj/gml/datalist/KsjTmplt-L03-b.html#L03-b-16,2016,83545-0020,83545,森戸川,1000,その他の用地,32,0.336383
nlni_l03b_landuse_by_watershed,https://nlftp.mlit.go.jp/ksj/gml/datalist/KsjTmplt-L03-b.html#L03-b-16,2016,83545-0021,83545,森戸川,0100,田,94,0.988095
nlni_l03b_landuse_by_watershed,https://nlftp.mlit.go.jp/ksj/gml/datalist/KsjTmplt-L03-b.html#L03-b-16,2016,83545-0021,83545,森戸川,0200,その他の農用地,388,4.078171
nlni_l03b_landuse_by_watershed,https://nlftp.mlit.go.jp/ksj/gml/datalist/KsjTmplt-L03-b.html#L03-b-16,2016,83545-0021,83545,森戸川,0500,森林,200,2.10201
nlni_l03b_landuse_by_watershed,https://nlftp.mlit.go.jp/ksj/gml/datalist/KsjTmplt-L03-b.html#L03-b-16,2016,83545-0021,83545,森戸川,0600,荒地,3,0.03153
nlni_l03b_landuse_by_watershed,https://nlftp.mlit.go.jp/ksj/gml/datalist/KsjTmplt-L03-b.html#L03-b-16,2016,83545-0021,83545,森戸川,0700,建物用地,409,4.299458
nlni_l03b_landuse_by_watershed,https://nlftp.mlit.go.jp/ksj/gml/datalist/KsjTmplt-L03-b.html#L03-b-16,2016,83545-0021,83545,森戸川,0901,道路,16,0.168205
nlni_l03b_landuse_by_watershed,https://nlftp.mlit.go.jp/ksj/gml/datalist/KsjTmplt-L03-b.html#L03-b-16,2016,83545-0021,83545,森戸川,0902,鉄道,31,0.325886
nlni_l03b_landuse_by_watershed,https://nlftp.mlit.go.jp/ksj/gml/datalist/KsjTmplt-L03-b.html#L03-b-16,2016,83545-0021,83545,森戸川,1000,その他の用地,18,0.189223
nlni_l03b_landuse_by_watershed,https://nlftp.mlit.go.jp/ksj/gml/datalist/KsjTmplt-L03-b.html#L03-b-16,2016,83545-0022,83545,森戸川,0100,田,68,0.714588
nlni_l03b_landuse_by_watershed,https://nlftp.mlit.go.jp/ksj/gml/datalist/KsjTmplt-L03-b.html#L03-b-16,2016,83545-0022,83545,森戸川,0200,その他の農用地,161,1.691744
nlni_l03b_landuse_by_watershed,https://nlftp.mlit.go.jp/ksj/gml/datalist/KsjTmplt-L03-b.html#L03-b-16,2016,83545-0022,83545,森戸川,0500,森林,146,1.534053
nlni_l03b_landuse_by_watershed,https://nlftp.mlit.go.jp/ksj/gml/datalist/KsjTmplt-L03-b.html#L03-b-16,2016,83545-0022,83545,森戸川,0600,荒地,5,0.052534
nlni_l03b_landuse_by_watershed,https://nlftp.mlit.go.jp/ksj/gml/datalist/KsjTmplt-L03-b.html#L03-b-16,2016,83545-0022,83545,森戸川,0700,建物用地,136,1.42912
nlni_l03b_landuse_by_watershed,https://nlftp.mlit.go.jp/ksj/gml/datalist/KsjTmplt-L03-b.html#L03-b-16,2016,83545-0022,83545,森戸川,0901,道路,12,0.12608
nlni_l03b_landuse_by_watershed,https://nlftp.mlit.go.jp/ksj/gml/datalist/KsjTmplt-L03-b.html#L03-b-16,2016,83545-0022,83545,森戸川,0902,鉄道,7,0.073562
nlni_l03b_landuse_by_watershed,https://nlftp.mlit.go.jp/ksj/gml/datalist/KsjTmplt-L03-b.html#L03-b-16,2016,83545-0022,83545,森戸川,1000,その他の用地,26,0.273191
nlni_l03b_landuse_by_watershed,https://nlftp.mlit.go.jp/ksj/gml/datalist/KsjTmplt-L03-b.html#L03-b-16,2016,83545-0023,83545,中村川,0100,田,45,0.472964
nlni_l03b_landuse_by_watershed,https://nlftp.mlit.go.jp/ksj/gml/datalist/KsjTmplt-L03-b.html#L03-b-16,2016,83545-0023,83545,中村川,0200,その他の農用地,256,2.690633
nlni_l03b_landuse_by_watershed,https://nlftp.mlit.go.jp/ksj/gml/datalist/KsjTmplt-L03-b.html#L03-b-16,2016,83545-0023,83545,中村川,0500,森林,146,1.534485
nlni_l03b_landuse_by_watershed,https://nlftp.mlit.go.jp/ksj/gml/datalist/KsjTmplt-L03-b.html#L03-b-16,2016,83545-0023,83545,中村川,0600,荒地,10,0.105099
nlni_l03b_landuse_by_watershed,https://nlftp.mlit.go.jp/ksj/gml/datalist/KsjTmplt-L03-b.html#L03-b-16,2016,83545-0023,83545,中村川,0700,建物用地,149,1.566098
nlni_l03b_landuse_by_watershed,https://nlftp.mlit.go.jp/ksj/gml/datalist/KsjTmplt-L03-b.html#L03-b-16,2016,83545-0023,83545,中村川,0901,道路,9,0.094601
nlni_l03b_landuse_by_watershed,https://nlftp.mlit.go.jp/ksj/gml/datalist/KsjTmplt-L03-b.html#L03-b-16,2016,83545-0023,83545,中村川,0902,鉄道,5,0.052558
nlni_l03b_landuse_by_watershed,https://nlftp.mlit.go.jp/ksj/gml/datalist/KsjTmplt-L03-b.html#L03-b-16,2016,83545-0023,83545,中村川,1000,その他の用地,8,0.084077
nlni_l03b_landuse_by_watershed,https://nlftp.mlit.go.jp/ksj/gml/datalist/KsjTmplt-L03-b.html#L03-b-16,2016,83545-0023,83545,中村川,1100,河川地及び湖沼,11,0.11562
nlni_l03b_landuse_by_watershed,https://nlftp.mlit.go.jp/ksj/gml/datalist/KsjTmplt-L03-b.html#L03-b-16,2016,83545-0023,83545,中村川,1400,海浜,1,0.010513
nlni_l03b_landuse_by_watershed,https://nlftp.mlit.go.jp/ksj/gml/datalist/KsjTmplt-L03-b.html#L03-b-16,2016,83545-0024,83545,中村川,0100,田,52,0.546361
nlni_l03b_landuse_by_watershed,https://nlftp.mlit.go.jp/ksj/gml/datalist/KsjTmplt-L03-b.html#L03-b-16,2016,83545-0024,83545,中村川,0200,その他の農用地,494,5.190326
nlni_l03b_landuse_by_watershed,https://nlftp.mlit.go.jp/ksj/gml/datalist/KsjTmplt-L03-b.html#L03-b-16,2016,83545-0024,83545,中村川,0500,森林,754,7.92178
nlni_l03b_landuse_by_watershed,https://nlftp.mlit.go.jp/ksj/gml/datalist/KsjTmplt-L03-b.html#L03-b-16,2016,83545-0024,83545,中村川,0600,荒地,137,1.439578
nlni_l03b_landuse_by_watershed,https://nlftp.mlit.go.jp/ksj/gml/datalist/KsjTmplt-L03-b.html#L03-b-16,2016,83545-0024,83545,中村川,0700,建物用地,130,1.365913
nlni_l03b_landuse_by_watershed,https://nlftp.mlit.go.jp/ksj/gml/datalist/KsjTmplt-L03-b.html#L03-b-16,2016,83545-0024,83545,中村川,0901,道路,21,0.220625
nlni_l03b_landuse_by_watershed,https://nlftp.mlit.go.jp/ksj/gml/datalist/KsjTmplt-L03-b.html#L03-b-16,2016,83545-0024,83545,中村川,1000,その他の用地,36,0.37823
nlni_l03b_landuse_by_watershed,https://nlftp.mlit.go.jp/ksj/gml/datalist/KsjTmplt-L03-b.html#L03-b-16,2016,83545-0024,83545,中村川,1100,河川地及び湖沼,6,0.06305
nlni_l03b_landuse_by_watershed,https://nlftp.mlit.go.jp/ksj/gml/datalist/KsjTmplt-L03-b.html#L03-b-16,2016,83545-0024,83545,中村川,1600,ゴルフ場,54,0.567261
nlni_l03b_landuse_by_watershed,https://nlftp.mlit.go.jp/ksj/gml/datalist/KsjTmplt-L03-b.html#L03-b-16,2016,83545-0025,83545,中村川,0100,田,1,0.010506
nlni_l03b_landuse_by_watershed,https://nlftp.mlit.go.jp/ksj/gml/datalist/KsjTmplt-L03-b.html#L03-b-16,2016,83545-0025,83545,中村川,0200,その他の農用地,162,1.701795
nlni_l03b_landuse_by_watershed,https://nlftp.mlit.go.jp/ksj/gml/datalist/KsjTmplt-L03-b.html#L03-b-16,2016,83545-0025,83545,中村川,0500,森林,162,1.701872
nlni_l03b_landuse_by_watershed,https://nlftp.mlit.go.jp/ksj/gml/datalist/KsjTmplt-L03-b.html#L03-b-16,2016,83545-0025,83545,中村川,0600,荒地,10,0.10505
nlni_l03b_landuse_by_watershed,https://nlftp.mlit.go.jp/ksj/gml/datalist/KsjTmplt-L03-b.html#L03-b-16,2016,83545-0025,83545,中村川,0700,建物用地,99,1.040101
nlni_l03b_landuse_by_watershed,https://nlftp.mlit.go.jp/ksj/gml/datalist/KsjTmplt-L03-b.html#L03-b-16,2016,83545-0025,83545,中村川,0901,道路,8,0.084039
nlni_l03b_landuse_by_watershed,https://nlftp.mlit.go.jp/ksj/gml/datalist/KsjTmplt-L03-b.html#L03-b-16,2016,83545-0025,83545,中村川,1000,その他の用地,20,0.210112
nlni_l03b_landuse_by_watershed,https://nlftp.mlit.go.jp/ksj/gml/datalist/KsjTmplt-L03-b.html#L03-b-16,2016,83545-0025,83545,中村川,1100,河川地及び湖沼,1,0.010504
nlni_l03b_landuse_by_watershed,https://nlftp.mlit.go.jp/ksj/gml/datalist/KsjTmplt-L03-b.html#L03-b-16,2016,83545-0025,83545,中村川,1600,ゴルフ場,1,0.010505
nlni_l03b_landuse_by_watershed,https://nlftp.mlit.go.jp/ksj/gml/datalist/KsjTmplt-L03-b.html#L03-b-16,2016,83545-0026,83545,葛川,0200,その他の農用地,1,0.010511
nlni_l03b_landuse_by_watershed,https://nlftp.mlit.go.jp/ksj/gml/datalist/KsjTmplt-L03-b.html#L03-b-16,2016,83545-0026,83545,葛川,0500,森林,4,0.042044
nlni_l03b_landuse_by_watershed,https://nlftp.mlit.go.jp/ksj/gml/datalist/KsjTmplt-L03-b.html#L03-b-16,2016,83545-0026,83545,葛川,0700,建物用地,3,0.031533
nlni_l03b_landuse_by_watershed,https://nlftp.mlit.go.jp/ksj/gml/datalist/KsjTmplt-L03-b.html#L03-b-16,2016,83545-0026,83545,葛川,1000,その他の用地,3,0.031533
nlni_l03b_landuse_by_watershed,https://nlftp.mlit.go.jp/ksj/gml/datalist/KsjTmplt-L03-b.html#L03-b-16,2016,83545-0027,83545,葛川,0100,田,10,0.105077
nlni_l03b_landuse_by_watershed,https://nlftp.mlit.go.jp/ksj/gml/datalist/KsjTmplt-L03-b.html#L03-b-16,2016,83545-0027,83545,葛川,0200,その他の農用地,370,3.887801
nlni_l03b_landuse_by_watershed,https://nlftp.mlit.go.jp/ksj/gml/datalist/KsjTmplt-L03-b.html#L03-b-16,2016,83545-0027,83545,葛川,0500,森林,266,2.795192
nlni_l03b_landuse_by_watershed,https://nlftp.mlit.go.jp/ksj/gml/datalist/KsjTmplt-L03-b.html#L03-b-16,2016,83545-0027,83545,葛川,0600,荒地,1,0.01051
nlni_l03b_landuse_by_watershed,https://nlftp.mlit.go.jp/ksj/gml/datalist/KsjTmplt-L03-b.html#L03-b-16,2016,83545-0027,83545,葛川,0700,建物用地,496,5.212366
nlni_l03b_landuse_by_watershed,https://nlftp.mlit.go.jp/ksj/gml/datalist/KsjTmplt-L03-b.html#L03-b-16,2016,83545-0027,83545,葛川,0901,道路,42,0.441308
nlni_l03b_landuse_by_watershed,https://nlftp.mlit.go.jp/ksj/gml/datalist/KsjTmplt-L03-b.html#L03-b-16,2016,83545-0027,83545,葛川,0902,鉄道,7,0.073574
nlni_l03b_landuse_by_watershed,https://nlftp.mlit.go.jp/ksj/gml/datalist/KsjTmplt-L03-b.html#L03-b-16,2016,83545-0027,83545,葛川,1000,その他の用地,57,0.5989
nlni_l03b_landuse_by_watershed,https://nlftp.mlit.go.jp/ksj/gml/datalist/KsjTmplt-L03-b.html#L03-b-16,2016,83545-0027,83545,葛川,1600,ゴルフ場,79,0.830114
nlni_l03b_landuse_by_watershed,https://nlftp.mlit.go.jp/ksj/gml/datalist/KsjTmplt-L03-b.html#L03-b-16,2016,83545-0028,83545,葛川,0100,田,17,0.178647
nlni_l03b_landuse_by_watershed,https://nlftp.mlit.go.jp/ksj/gml/datalist/KsjTmplt-L03-b.html#L03-b-16,2016,83545-0028,83545,葛川,0200,その他の農用地,418,4.392199
nlni_l03b_landuse_by_watershed,https://nlftp.mlit.go.jp/ksj/gml/datalist/KsjTmplt-L03-b.html#L03-b-16,2016,83545-0028,83545,葛川,0500,森林,521,5.474677
nlni_l03b_landuse_by_watershed,https://nlftp.mlit.go.jp/ksj/gml/datalist/KsjTmplt-L03-b.html#L03-b-16,2016,83545-0028,83545,葛川,0600,荒地,4,0.042027
nlni_l03b_landuse_by_watershed,https://nlftp.mlit.go.jp/ksj/gml/datalist/KsjTmplt-L03-b.html#L03-b-16,2016,83545-0028,83545,葛川,0700,建物用地,239,2.511567
nlni_l03b_landuse_by_watershed,https://nlftp.mlit.go.jp/ksj/gml/datalist/KsjTmplt-L03-b.html#L03-b-16,2016,83545-0028,83545,葛川,0901,道路,17,0.178639
nlni_l03b_landuse_by_watershed,https://nlftp.mlit.go.jp/ksj/gml/datalist/KsjTmplt-L03-b.html#L03-b-16,2016,83545-0028,83545,葛川,0902,鉄道,15,0.157641
nlni_l03b_landuse_by_watershed,https://nlftp.mlit.go.jp/ksj/gml/datalist/KsjTmplt-L03-b.html#L03-b-16,2016,83545-0028,83545,葛川,1000,その他の用地,28,0.294231
nlni_l03b_landuse_by_watershed,https://nlftp.mlit.go.jp/ksj/gml/datalist/KsjTmplt-L03-b.html#L03-b-16,2016,83545-0028,83545,葛川,1100,河川地及び湖沼,1,0.010507
nlni_l03b_landuse_by_watershed,https://nlftp.mlit.go.jp/ksj/gml/datalist/KsjTmplt-L03-b.html#L03-b-16,2016,83545-0028,83545,葛川,1600,ゴルフ場,33,0.346737
nlni_l03b_landuse_by_watershed,https://nlftp.mlit.go.jp/ksj/gml/datalist/KsjTmplt-L03-b.html#L03-b-16,2016,83545-0029,83545,金目川,0100,田,30,0.315165
nlni_l03b_landuse_by_watershed,https://nlftp.mlit.go.jp/ksj/gml/datalist/KsjTmplt-L03-b.html#L03-b-16,2016,83545-0029,83545,金目川,0200,その他の農用地,153,1.607342
nlni_l03b_landuse_by_watershed,https://nlftp.mlit.go.jp/ksj/gml/datalist/KsjTmplt-L03-b.html#L03-b-16,2016,83545-0029,83545,金目川,0500,森林,217,2.279807
nlni_l03b_landuse_by_watershed,https://nlftp.mlit.go.jp/ksj/gml/datalist/KsjTmplt-L03-b.html#L03-b-16,2016,83545-0029,83545,金目川,0600,荒地,12,0.126068
nlni_l03b_landuse_by_watershed,https://nlftp.mlit.go.jp/ksj/gml/datalist/KsjTmplt-L03-b.html#L03-b-16,2016,83545-0029,83545,金目川,0700,建物用地,88,0.924478
nlni_l03b_landuse_by_watershed,https://nlftp.mlit.go.jp/ksj/gml/datalist/KsjTmplt-L03-b.html#L03-b-16,2016,83545-0029,83545,金目川,1000,その他の用地,45,0.472752
nlni_l03b_landuse_by_watershed,https://nlftp.mlit.go.jp/ksj/gml/datalist/KsjTmplt-L03-b.html#L03-b-16,2016,83545-0029,83545,金目川,1100,河川地及び湖沼,2,0.021014
nlni_l03b_landuse_by_watershed,https://nlftp.mlit.go.jp/ksj/gml/datalist/KsjTmplt-L03-b.html#L03-b-16,2016,83545-0029,83545,金目川,1600,ゴルフ場,77,0.809047
nlni_l03b_landuse_by_watershed,https://nlftp.mlit.go.jp/ksj/gml/datalist/KsjTmplt-L03-b.html#L03-b-16,2016,83545-0030,83545,金目川,0100,田,39,0.409733
nlni_l03b_landuse_by_watershed,https://nlftp.mlit.go.jp/ksj/gml/datalist/KsjTmplt-L03-b.html#L03-b-16,2016,83545-0030,83545,金目川,0200,その他の農用地,59,0.619937
nlni_l03b_landuse_by_watershed,https://nlftp.mlit.go.jp/ksj/gml/datalist/KsjTmplt-L03-b.html#L03-b-16,2016,83545-0030,83545,金目川,0500,森林,157,1.649841
nlni_l03b_landuse_by_watershed,https://nlftp.mlit.go.jp/ksj/gml/datalist/KsjTmplt-L03-b.html#L03-b-16,2016,83545-0030,83545,金目川,0700,建物用地,774,8.13276
nlni_l03b_landuse_by_watershed,https://nlftp.mlit.go.jp/ksj/gml/datalist/KsjTmplt-L03-b.html#L03-b-16,2016,83545-0030,83545,金目川,0901,道路,30,0.315233
nlni_l03b_landuse_by_watershed,https://nlftp.mlit.go.jp/ksj/gml/datalist/KsjTmplt-L03-b.html#L03-b-16,2016,83545-0030,83545,金目川,0902,鉄道,28,0.294235
nlni_l03b_landuse_by_watershed,https://nlftp.mlit.go.jp/ksj/gml/datalist/KsjTmplt-L03-b.html#L03-b-16,2016,83545-0030,83545,金目川,1000,その他の用地,48,0.504354
nlni_l03b_landuse_by_watershed,https://nlftp.mlit.go.jp/ksj/gml/datalist/KsjTmplt-L03-b.html#L03-b-16,2016,83545-0030,83545,金目川,1100,河川地及び湖沼,28,0.294235
nlni_l03b_landuse_by_watershed,https://nlftp.mlit.go.jp/ksj/gml/datalist/KsjTmplt-L03-b.html#L03-b-16,2016,83545-0030,83545,金目川,1400,海浜,3,0.031529
nlni_l03b_landuse_by_watershed,https://nlftp.mlit.go.jp/ksj/gml/datalist/KsjTmplt-L03-b.html#L03-b-16,2016,83545-0031,83545,金目川,0100,田,150,1.575639
nlni_l03b_landuse_by_watershed,https://nlftp.mlit.go.jp/ksj/gml/datalist/KsjTmplt-L03-b.html#L03-b-16,2016,83545-0031,83545,金目川,0200,その他の農用地,87,0.913885
nlni_l03b_landuse_by_watershed,https://nlftp.mlit.go.jp/ksj/gml/datalist/KsjTmplt-L03-b.html#L03-b-16,2016,83545-0031,83545,金目川,0500,森林,26,0.27311
nlni_l03b_landuse_by_watershed,https://nlftp.mlit.go.jp/ksj/gml/datalist/KsjTmplt-L03-b.html#L03-b-16,2016,83545-0031,83545,金目川,0700,建物用地,357,3.750047
nlni_l03b_landuse_by_watershed,https://nlftp.mlit.go.jp/ksj/gml/datalist/KsjTmplt-L03-b.html#L03-b-16,2016,83545-0031,83545,金目川,0901,道路,6,0.063023
nlni_l03b_landuse_by_watershed,https://nlftp.mlit.go.jp/ksj/gml/datalist/KsjTmplt-L03-b.html#L03-b-16,2016,83545-0031,83545,金目川,0902,鉄道,3,0.031515
nlni_l03b_landuse_by_watershed,https://nlftp.mlit.go.jp/ksj/gml/datalist/KsjTmplt-L03-b.html#L03-b-16,2016,83545-0031,83545,金目川,1000,その他の用地,45,0.472668
nlni_l03b_landuse_by_watershed,https://nlftp.mlit.go.jp/ksj/gml/datalist/KsjTmplt-L03-b.html#L03-b-16,2016,83545-0031,83545,金目川,1100,河川地及び湖沼,41,0.430699
nlni_l03b_landuse_by_watershed,https://nlftp.mlit.go.jp/ksj/gml/datalist/KsjTmplt-L03-b.html#L03-b-16,2016,83545-0032,83545,金目川,0100,田,2,0.021013
nlni_l03b_landuse_by_watershed,https://nlftp.mlit.go.jp/ksj/gml/datalist/KsjTmplt-L03-b.html#L03-b-16,2016,83545-0032,83545,金目川,0200,その他の農用地,2,0.021014
nlni_l03b_landuse_by_watershed,https://nlftp.mlit.go.jp/ksj/gml/datalist/KsjTmplt-L03-b.html#L03-b-16,2016,83545-0032,83545,金目川,0500,森林,6,0.063036
nlni_l03b_landuse_by_watershed,https://nlftp.mlit.go.jp/ksj/gml/datalist/KsjTmplt-L03-b.html#L03-b-16,2016,83545-0032,83545,金目川,0700,建物用地,213,2.237748
nlni_l03b_landuse_by_watershed,https://nlftp.mlit.go.jp/ksj/gml/datalist/KsjTmplt-L03-b.html#L03-b-16,2016,83545-0032,83545,金目川,0901,道路,2,0.021014
nlni_l03b_landuse_by_watershed,https://nlftp.mlit.go.jp/ksj/gml/datalist/KsjTmplt-L03-b.html#L03-b-16,2016,83545-0032,83545,金目川,1000,その他の用地,27,0.283663
nlni_l03b_landuse_by_watershed,https://nlftp.mlit.go.jp/ksj/gml/datalist/KsjTmplt-L03-b.html#L03-b-16,2016,83545-0032,83545,金目川,1100,河川地及び湖沼,10,0.105065
nlni_l03b_landuse_by_watershed,https://nlftp.mlit.go.jp/ksj/gml/datalist/KsjTmplt-L03-b.html#L03-b-16,2016,83545-0033,83545,引地川,0100,田,59,0.619696
nlni_l03b_landuse_by_watershed,https://nlftp.mlit.go.jp/ksj/gml/datalist/KsjTmplt-L03-b.html#L03-b-16,2016,83545-0033,83545,引地川,0200,その他の農用地,88,0.924258
nlni_l03b_landuse_by_watershed,https://nlftp.mlit.go.jp/ksj/gml/datalist/KsjTmplt-L03-b.html#L03-b-16,2016,83545-0033,83545,引地川,0500,森林,107,1.123917
nlni_l03b_landuse_by_watershed,https://nlftp.mlit.go.jp/ksj/gml/datalist/KsjTmplt-L03-b.html#L03-b-16,2016,83545-0033,83545,引地川,0600,荒地,1,0.010501
nlni_l03b_landuse_by_watershed,https://nlftp.mlit.go.jp/ksj/gml/datalist/KsjTmplt-L03-b.html#L03-b-16,2016,83545-0033,83545,引地川,0700,建物用地,1248,13.110062
nlni_l03b_landuse_by_watershed,https://nlftp.mlit.go.jp/ksj/gml/datalist/KsjTmplt-L03-b.html#L03-b-16,2016,83545-0033,83545,引地川,0901,道路,56,0.588238
nlni_l03b_landuse_by_watershed,https://nlftp.mlit.go.jp/ksj/gml/datalist/KsjTmplt-L03-b.html#L03-b-16,2016,83545-0033,83545,引地川,0902,鉄道,15,0.157602
nlni_l03b_landuse_by_watershed,https://nlftp.mlit.go.jp/ksj/gml/datalist/KsjTmplt-L03-b.html#L03-b-16,2016,83545-0033,83545,引地川,1000,その他の用地,146,1.533634
nlni_l03b_landuse_by_watershed,https://nlftp.mlit.go.jp/ksj/gml/datalist/KsjTmplt-L03-b.html#L03-b-16,2016,83545-0033,83545,引地川,1100,河川地及び湖沼,36,0.378205
nlni_l03b_landuse_by_watershed,https://nlftp.mlit.go.jp/ksj/gml/datalist/KsjTmplt-L03-b.html#L03-b-16,2016,83545-0033,83545,引地川,1400,海浜,1,0.01051
nlni_l03b_landuse_by_watershed,https://nlftp.mlit.go.jp/ksj/gml/datalist/KsjTmplt-L03-b.html#L03-b-16,2016,83545-0033,83545,引地川,1600,ゴルフ場,32,0.336148
nlni_l03b_landuse_by_watershed,https://nlftp.mlit.go.jp/ksj/gml/datalist/KsjTmplt-L03-b.html#L03-b-16,2016,83545-0034,83545,金目川,0100,田,58,0.609228
nlni_l03b_landuse_by_watershed,https://nlftp.mlit.go.jp/ksj/gml/datalist/KsjTmplt-L03-b.html#L03-b-16,2016,83545-0034,83545,金目川,0200,その他の農用地,109,1.14493
nlni_l03b_landuse_by_watershed,https://nlftp.mlit.go.jp/ksj/gml/datalist/KsjTmplt-L03-b.html#L03-b-16,2016,83545-0034,83545,金目川,0500,森林,38,0.399135
nlni_l03b_landuse_by_watershed,https://nlftp.mlit.go.jp/ksj/gml/datalist/KsjTmplt-L03-b.html#L03-b-16,2016,83545-0034,83545,金目川,0700,建物用地,92,0.966332
nlni_l03b_landuse_by_watershed,https://nlftp.mlit.go.jp/ksj/gml/datalist/KsjTmplt-L03-b.html#L03-b-16,2016,83545-0034,83545,金目川,0901,道路,7,0.073527
nlni_l03b_landuse_by_watershed,https://nlftp.mlit.go.jp/ksj/gml/datalist/KsjTmplt-L03-b.html#L03-b-16,2016,83545-0034,83545,金目川,0902,鉄道,4,0.042013
nlni_l03b_landuse_by_watershed,https://nlftp.mlit.go.jp/ksj/gml/datalist/KsjTmplt-L03-b.html#L03-b-16,2016,83545-0034,83545,金目川,1000,その他の用地,17,0.178562
nlni_l03b_landuse_by_watershed,https://nlftp.mlit.go.jp/ksj/gml/datalist/KsjTmplt-L03-b.html#L03-b-16,2016,83545-0034,83545,金目川,1100,河川地及び湖沼,23,0.24159
nlni_l03b_landuse_by_watershed,https://nlftp.mlit.go.jp/ksj/gml/datalist/KsjTmplt-L03-b.html#L03-b-16,2016,83545-0035,83545,金目川,0100,田,1,0.010503
nlni_l03b_landuse_by_watershed,https://nlftp.mlit.go.jp/ksj/gml/datalist/KsjTmplt-L03-b.html#L03-b-16,2016,83545-0035,83545,金目川,0200,その他の農用地,5,0.052519
nlni_l03b_landuse_by_watershed,https://nlftp.mlit.go.jp/ksj/gml/datalist/KsjTmplt-L03-b.html#L03-b-16,2016,83545-0035,83545,金目川,0500,森林,4,0.042016
nlni_l03b_landuse_by_watershed,https://nlftp.mlit.go.jp/ksj/gml/datalist/KsjTmplt-L03-b.html#L03-b-16,2016,83545-0035,83545,金目川,0700,建物用地,62,0.651212
nlni_l03b_landuse_by_watershed,https://nlftp.mlit.go.jp/ksj/gml/datalist/KsjTmplt-L03-b.html#L03-b-16,2016,83545-0035,83545,金目川,0901,道路,2,0.021007
nlni_l03b_landuse_by_watershed,https://nlftp.mlit.go.jp/ksj/gml/datalist/KsjTmplt-L03-b.html#L03-b-16,2016,83545-0035,83545,金目川,0902,鉄道,1,0.010503
nlni_l03b_landuse_by_watershed,https://nlftp.mlit.go.jp/ksj/gml/datalist/KsjTmplt-L03-b.html#L03-b-16,2016,83545-0035,83545,金目川,1000,その他の用地,4,0.042014
nlni_l03b_landuse_by_watershed,https://nlftp.mlit.go.jp/ksj/gml/datalist/KsjTmplt-L03-b.html#L03-b-16,2016,83545-0035,83545,金目川,1100,河川地及び湖沼,1,0.010503
nlni_l03b_landuse_by_watershed,https://nlftp.mlit.go.jp/ksj/gml/datalist/KsjTmplt-L03-b.html#L03-b-16,2016,83545-0036,83545,金目川,0100,田,7,0.073521
nlni_l03b_landuse_by_watershed,https://nlftp.mlit.go.jp/ksj/gml/datalist/KsjTmplt-L03-b.html#L03-b-16,2016,83545-0036,83545,金目川,0200,その他の農用地,81,0.850766
nlni_l03b_landuse_by_watershed,https://nlftp.mlit.go.jp/ksj/gml/datalist/KsjTmplt-L03-b.html#L03-b-16,2016,83545-0036,83545,金目川,0500,森林,127,1.333933
nlni_l03b_landuse_by_watershed,https://nlftp.mlit.go.jp/ksj/gml/datalist/KsjTmplt-L03-b.html#L03-b-16,2016,83545-0036,83545,金目川,0700,建物用地,461,4.841665
nlni_l03b_landuse_by_watershed,https://nlftp.mlit.go.jp/ksj/gml/datalist/KsjTmplt-L03-b.html#L03-b-16,2016,83545-0036,83545,金目川,0901,道路,7,0.073515
nlni_l03b_landuse_by_watershed,https://nlftp.mlit.go.jp/ksj/gml/datalist/KsjTmplt-L03-b.html#L03-b-16,2016,83545-0036,83545,金目川,0902,鉄道,6,0.063015
nlni_l03b_landuse_by_watershed,https://nlftp.mlit.go.jp/ksj/gml/datalist/KsjTmplt-L03-b.html#L03-b-16,2016,83545-0036,83545,金目川,1000,その他の用地,15,0.157542
nlni_l03b_landuse_by_watershed,https://nlftp.mlit.go.jp/ksj/gml/datalist/KsjTmplt-L03-b.html#L03-b-16,2016,83545-0037,83545,金目川,0200,その他の農用地,98,1.028891
nlni_l03b_landuse_by_watershed,https://nlftp.mlit.go.jp/ksj/gml/datalist/KsjTmplt-L03-b.html#L03-b-16,2016,83545-0037,83545,金目川,0500,森林,806,8.458623
nlni_l03b_landuse_by_watershed,https://nlftp.mlit.go.jp/ksj/gml/datalist/KsjTmplt-L03-b.html#L03-b-16,2016,83545-0037,83545,金目川,0600,荒地,10,0.104943
nlni_l03b_landuse_by_watershed,https://nlftp.mlit.go.jp/ksj/gml/datalist/KsjTmplt-L03-b.html#L03-b-16,2016,83545-0037,83545,金目川,0700,建物用地,503,5.281969
nlni_l03b_landuse_by_watershed,https://nlftp.mlit.go.jp/ksj/gml/datalist/KsjTmplt-L03-b.html#L03-b-16,2016,83545-0037,83545,金目川,0901,道路,16,0.168023
nlni_l03b_landuse_by_watershed,https://nlftp.mlit.go.jp/ksj/gml/datalist/KsjTmplt-L03-b.html#L03-b-16,2016,83545-0037,83545,金目川,0902,鉄道,12,0.126028
nlni_l03b_landuse_by_watershed,https://nlftp.mlit.go.jp/ksj/gml/datalist/KsjTmplt-L03-b.html#L03-b-16,2016,83545-0037,83545,金目川,1000,その他の用地,71,0.745516
nlni_l03b_landuse_by_watershed,https://nlftp.mlit.go.jp/ksj/gml/datalist/KsjTmplt-L03-b.html#L03-b-16,2016,83545-0037,83545,金目川,1100,河川地及び湖沼,39,0.409515
nlni_l03b_landuse_by_watershed,https://nlftp.mlit.go.jp/ksj/gml/datalist/KsjTmplt-L03-b.html#L03-b-16,2016,83545-0038,83545,金目川,0100,田,18,0.189002
nlni_l03b_landuse_by_watershed,https://nlftp.mlit.go.jp/ksj/gml/datalist/KsjTmplt-L03-b.html#L03-b-16,2016,83545-0038,83545,金目川,0200,その他の農用地,113,1.186558
nlni_l03b_landuse_by_watershed,https://nlftp.mlit.go.jp/ksj/gml/datalist/KsjTmplt-L03-b.html#L03-b-16,2016,83545-0038,83545,金目川,0500,森林,239,2.509499
nlni_l03b_landuse_by_watershed,https://nlftp.mlit.go.jp/ksj/gml/datalist/KsjTmplt-L03-b.html#L03-b-16,2016,83545-0038,83545,金目川,0600,荒地,5,0.052502
nlni_l03b_landuse_by_watershed,https://nlftp.mlit.go.jp/ksj/gml/datalist/KsjTmplt-L03-b.html#L03-b-16,2016,83545-0038,83545,金目川,0700,建物用地,284,2.982317
nlni_l03b_landuse_by_watershed,https://nlftp.mlit.go.jp/ksj/gml/datalist/KsjTmplt-L03-b.html#L03-b-16,2016,83545-0038,83545,金目川,0901,道路,16,0.16802
nlni_l03b_landuse_by_watershed,https://nlftp.mlit.go.jp/ksj/gml/datalist/KsjTmplt-L03-b.html#L03-b-16,2016,83545-0038,83545,金目川,1000,その他の用地,9,0.094504
nlni_l03b_landuse_by_watershed,https://nlftp.mlit.go.jp/ksj/gml/datalist/KsjTmplt-L03-b.html#L03-b-16,2016,83545-0038,83545,金目川,1100,河川地及び湖沼,2,0.021004
nlni_l03b_landuse_by_watershed,https://nlftp.mlit.go.jp/ksj/gml/datalist/KsjTmplt-L03-b.html#L03-b-16,2016,83545-0038,83545,金目川,1600,ゴルフ場,31,0.32546
nlni_l03b_landuse_by_watershed,https://nlftp.mlit.go.jp/ksj/gml/datalist/KsjTmplt-L03-b.html#L03-b-16,2016,83545-0039,83545,金目川,0100,田,12,0.125977
nlni_l03b_landuse_by_watershed,https://nlftp.mlit.go.jp/ksj/gml/datalist/KsjTmplt-L03-b.html#L03-b-16,2016,83545-0039,83545,金目川,0200,その他の農用地,180,1.88971
nlni_l03b_landuse_by_watershed,https://nlftp.mlit.go.jp/ksj/gml/datalist/KsjTmplt-L03-b.html#L03-b-16,2016,83545-0039,83545,金目川,0500,森林,849,8.911608
nlni_l03b_landuse_by_watershed,https://nlftp.mlit.go.jp/ksj/gml/datalist/KsjTmplt-L03-b.html#L03-b-16,2016,83545-0039,83545,金目川,0600,荒地,14,0.146972
nlni_l03b_landuse_by_watershed,https://nlftp.mlit.go.jp/ksj/gml/datalist/KsjTmplt-L03-b.html#L03-b-16,2016,83545-0039,83545,金目川,0700,建物用地,348,3.653815
nlni_l03b_landuse_by_watershed,https://nlftp.mlit.go.jp/ksj/gml/datalist/KsjTmplt-L03-b.html#L03-b-16,2016,83545-0039,83545,金目川,0901,道路,2,0.021001
nlni_l03b_landuse_by_watershed,https://nlftp.mlit.go.jp/ksj/gml/datalist/KsjTmplt-L03-b.html#L03-b-16,2016,83545-0039,83545,金目川,1000,その他の用地,19,0.199487
nlni_l03b_landuse_by_watershed,https://nlftp.mlit.go.jp/ksj/gml/datalist/KsjTmplt-L03-b.html#L03-b-16,2016,83545-0039,83545,金目川,1100,河川地及び湖沼,13,0.136504
nlni_l03b_landuse_by_watershed,https://nlftp.mlit.go.jp/ksj/gml/datalist/KsjTmplt-L03-b.html#L03-b-16,2016,83545-0039,83545,金目川,1600,ゴルフ場,61,0.640358
nlni_l03b_landuse_by_watershed,https://nlftp.mlit.go.jp/ksj/gml/datalist/KsjTmplt-L03-b.html#L03-b-16,2016,83545-0040,83545,金目川,0100,田,42,0.440963
nlni_l03b_landuse_by_watershed,https://nlftp.mlit.go.jp/ksj/gml/datalist/KsjTmplt-L03-b.html#L03-b-16,2016,83545-0040,83545,金目川,0200,その他の農用地,122,1.280836
nlni_l03b_landuse_by_watershed,https://nlftp.mlit.go.jp/ksj/gml/datalist/KsjTmplt-L03-b.html#L03-b-16,2016,83545-0040,83545,金目川,0500,森林,792,8.313486
nlni_l03b_landuse_by_watershed,https://nlftp.mlit.go.jp/ksj/gml/datalist/KsjTmplt-L03-b.html#L03-b-16,2016,83545-0040,83545,金目川,0600,荒地,5,0.052489
nlni_l03b_landuse_by_watershed,https://nlftp.mlit.go.jp/ksj/gml/datalist/KsjTmplt-L03-b.html#L03-b-16,2016,83545-0040,83545,金目川,0700,建物用地,131,1.375389
nlni_l03b_landuse_by_watershed,https://nlftp.mlit.go.jp/ksj/gml/datalist/KsjTmplt-L03-b.html#L03-b-16,2016,83545-0040,83545,金目川,1000,その他の用地,12,0.125984
nlni_l03b_landuse_by_watershed,https://nlftp.mlit.go.jp/ksj/gml/datalist/KsjTmplt-L03-b.html#L03-b-16,2016,83545-0040,83545,金目川,1600,ゴルフ場,41,0.430427
nlni_l03b_landuse_by_watershed,https://nlftp.mlit.go.jp/ksj/gml/datalist/KsjTmplt-L03-b.html#L03-b-16,2016,83545-0041,83545,金目川,0100,田,212,2.226679
nlni_l03b_landuse_by_watershed,https://nlftp.mlit.go.jp/ksj/gml/datalist/KsjTmplt-L03-b.html#L03-b-16,2016,83545-0041,83545,金目川,0200,その他の農用地,24,0.252081
nlni_l03b_landuse_by_watershed,https://nlftp.mlit.go.jp/ksj/gml/datalist/KsjTmplt-L03-b.html#L03-b-16,2016,83545-0041,83545,金目川,0500,森林,1,0.010502
nlni_l03b_landuse_by_watershed,https://nlftp.mlit.go.jp/ksj/gml/datalist/KsjTmplt-L03-b.html#L03-b-16,2016,83545-0041,83545,金目川,0700,建物用地,133,1.396996
nlni_l03b_landuse_by_watershed,https://nlftp.mlit.go.jp/ksj/gml/datalist/KsjTmplt-L03-b.html#L03-b-16,2016,83545-0041,83545,金目川,0901,道路,9,0.094528
nlni_l03b_landuse_by_watershed,https://nlftp.mlit.go.jp/ksj/gml/datalist/KsjTmplt-L03-b.html#L03-b-16,2016,83545-0041,83545,金目川,0902,鉄道,3,0.031512
nlni_l03b_landuse_by_watershed,https://nlftp.mlit.go.jp/ksj/gml/datalist/KsjTmplt-L03-b.html#L03-b-16,2016,83545-0041,83545,金目川,1000,その他の用地,9,0.094537
nlni_l03b_landuse_by_watershed,https://nlftp.mlit.go.jp/ksj/gml/datalist/KsjTmplt-L03-b.html#L03-b-16,2016,83545-0041,83545,金目川,1100,河川地及び湖沼,30,0.315114
nlni_l03b_landuse_by_watershed,https://nlftp.mlit.go.jp/ksj/gml/datalist/KsjTmplt-L03-b.html#L03-b-16,2016,83545-0042,83545,金目川,0100,田,60,0.630146
nlni_l03b_landuse_by_watershed,https://nlftp.mlit.go.jp/ksj/gml/datalist/KsjTmplt-L03-b.html#L03-b-16,2016,83545-0042,83545,金目川,0200,その他の農用地,2,0.021006
nlni_l03b_landuse_by_watershed,https://nlftp.mlit.go.jp/ksj/gml/datalist/KsjTmplt-L03-b.html#L03-b-16,2016,83545-0042,83545,金目川,0700,建物用地,17,0.178545
nlni_l03b_landuse_by_watershed,https://nlftp.mlit.go.jp/ksj/gml/datalist/KsjTmplt-L03-b.html#L03-b-16,2016,83545-0042,83545,金目川,1000,その他の用地,1,0.010503
nlni_l03b_landuse_by_watershed,https://nlftp.mlit.go.jp/ksj/gml/datalist/KsjTmplt-L03-b.html#L03-b-16,2016,83545-0042,83545,金目川,1100,河川地及び湖沼,3,0.031506
nlni_l03b_landuse_by_watershed,https://nlftp.mlit.go.jp/ksj/gml/datalist/KsjTmplt-L03-b.html#L03-b-16,2016,83545-0043,83545,金目川,0100,田,26,0.273048
nlni_l03b_landuse_by_watershed,https://nlftp.mlit.go.jp/ksj/gml/datalist/KsjTmplt-L03-b.html#L03-b-16,2016,83545-0043,83545,金目川,0200,その他の農用地,92,0.966178
nlni_l03b_landuse_by_watershed,https://nlftp.mlit.go.jp/ksj/gml/datalist/KsjTmplt-L03-b.html#L03-b-16,2016,83545-0043,83545,金目川,0500,森林,119,1.249689
nlni_l03b_landuse_by_watershed,https://nlftp.mlit.go.jp/ksj/gml/datalist/KsjTmplt-L03-b.html#L03-b-16,2016,83545-0043,83545,金目川,0600,荒地,2,0.021004
nlni_l03b_landuse_by_watershed,https://nlftp.mlit.go.jp/ksj/gml/datalist/KsjTmplt-L03-b.html#L03-b-16,2016,83545-0043,83545,金目川,0700,建物用地,423,4.442356
nlni_l03b_landuse_by_watershed,https://nlftp.mlit.go.jp/ksj/gml/datalist/KsjTmplt-L03-b.html#L03-b-16,2016,83545-0043,83545,金目川,0901,道路,17,0.178534
nlni_l03b_landuse_by_watershed,https://nlftp.mlit.go.jp/ksj/gml/datalist/KsjTmplt-L03-b.html#L03-b-16,2016,83545-0043,83545,金目川,0902,鉄道,15,0.15753
nlni_l03b_landuse_by_watershed,https://nlftp.mlit.go.jp/ksj/gml/datalist/KsjTmplt-L03-b.html#L03-b-16,2016,83545-0043,83545,金目川,1000,その他の用地,16,0.168034
nlni_l03b_landuse_by_watershed,https://nlftp.mlit.go.jp/ksj/gml/datalist/KsjTmplt-L03-b.html#L03-b-16,2016,83545-0043,83545,金目川,1100,河川地及び湖沼,2,0.021004
nlni_l03b_landuse_by_watershed,https://nlftp.mlit.go.jp/ksj/gml/datalist/KsjTmplt-L03-b.html#L03-b-16,2016,83545-0044,83545,金目川,0100,田,70,0.735062
nlni_l03b_landuse_by_watershed,https://nlftp.mlit.go.jp/ksj/gml/datalist/KsjTmplt-L03-b.html#L03-b-16,2016,83545-0044,83545,金目川,0200,その他の農用地,97,1.018498
nlni_l03b_landuse_by_watershed,https://nlftp.mlit.go.jp/ksj/gml/datalist/KsjTmplt-L03-b.html#L03-b-16,2016,83545-0044,83545,金目川,0500,森林,161,1.690469
nlni_l03b_landuse_by_watershed,https://nlftp.mlit.go.jp/ksj/gml/datalist/KsjTmplt-L03-b.html#L03-b-16,2016,83545-0044,83545,金目川,0600,荒地,7,0.073502
nlni_l03b_landuse_by_watershed,https://nlftp.mlit.go.jp/ksj/gml/datalist/KsjTmplt-L03-b.html#L03-b-16,2016,83545-0044,83545,金目川,0700,建物用地,89,0.934519
nlni_l03b_landuse_by_watershed,https://nlftp.mlit.go.jp/ksj/gml/datalist/KsjTmplt-L03-b.html#L03-b-16,2016,83545-0044,83545,金目川,0901,道路,6,0.063
nlni_l03b_landuse_by_watershed,https://nlftp.mlit.go.jp/ksj/gml/datalist/KsjTmplt-L03-b.html#L03-b-16,2016,83545-0044,83545,金目川,0902,鉄道,3,0.031502
nlni_l03b_landuse_by_watershed,https://nlftp.mlit.go.jp/ksj/gml/datalist/KsjTmplt-L03-b.html#L03-b-16,2016,83545-0044,83545,金目川,1000,その他の用地,3,0.0315
nlni_l03b_landuse_by_watershed,https://nlftp.mlit.go.jp/ksj/gml/datalist/KsjTmplt-L03-b.html#L03-b-16,2016,83545-0045,83545,金目川,0100,田,88,0.924042
nlni_l03b_landuse_by_watershed,https://nlftp.mlit.go.jp/ksj/gml/datalist/KsjTmplt-L03-b.html#L03-b-16,2016,83545-0045,83545,金目川,0200,その他の農用地,133,1.396357
nlni_l03b_landuse_by_watershed,https://nlftp.mlit.go.jp/ksj/gml/datalist/KsjTmplt-L03-b.html#L03-b-16,2016,83545-0045,83545,金目川,0500,森林,187,1.963191
nlni_l03b_landuse_by_watershed,https://nlftp.mlit.go.jp/ksj/gml/datalist/KsjTmplt-L03-b.html#L03-b-16,2016,83545-0045,83545,金目川,0700,建物用地,312,3.275715
nlni_l03b_landuse_by_watershed,https://nlftp.mlit.go.jp/ksj/gml/datalist/KsjTmplt-L03-b.html#L03-b-16,2016,83545-0045,83545,金目川,0901,道路,12,0.125986
nlni_l03b_landuse_by_watershed,https://nlftp.mlit.go.jp/ksj/gml/datalist/KsjTmplt-L03-b.html#L03-b-16,2016,83545-0045,83545,金目川,0902,鉄道,4,0.042
nlni_l03b_landuse_by_watershed,https://nlftp.mlit.go.jp/ksj/gml/datalist/KsjTmplt-L03-b.html#L03-b-16,2016,83545-0045,83545,金目川,1000,その他の用地,17,0.178488
nlni_l03b_landuse_by_watershed,https://nlftp.mlit.go.jp/ksj/gml/datalist/KsjTmplt-L03-b.html#L03-b-16,2016,83545-0045,83545,金目川,1600,ゴルフ場,5,0.052488
nlni_l03b_landuse_by_watershed,https://nlftp.mlit.go.jp/ksj/gml/datalist/KsjTmplt-L03-b.html#L03-b-16,2016,83545-0046,83545,金目川,0100,田,26,0.272925
nlni_l03b_landuse_by_watershed,https://nlftp.mlit.go.jp/ksj/gml/datalist/KsjTmplt-L03-b.html#L03-b-16,2016,83545-0046,83545,金目川,0200,その他の農用地,67,0.703301
nlni_l03b_landuse_by_watershed,https://nlftp.mlit.go.jp/ksj/gml/datalist/KsjTmplt-L03-b.html#L03-b-16,2016,83545-0046,83545,金目川,0500,森林,832,8.732544
nlni_l03b_landuse_by_watershed,https://nlftp.mlit.go.jp/ksj/gml/datalist/KsjTmplt-L03-b.html#L03-b-16,2016,83545-0046,83545,金目川,0600,荒地,6,0.062968
nlni_l03b_landuse_by_watershed,https://nlftp.mlit.go.jp/ksj/gml/datalist/KsjTmplt-L03-b.html#L03-b-16,2016,83545-0046,83545,金目川,0700,建物用地,76,0.797757
nlni_l03b_landuse_by_watershed,https://nlftp.mlit.go.jp/ksj/gml/datalist/KsjTmplt-L03-b.html#L03-b-16,2016,83545-0046,83545,金目川,0901,道路,1,0.010499
nlni_l03b_landuse_by_watershed,https://nlftp.mlit.go.jp/ksj/gml/datalist/KsjTmplt-L03-b.html#L03-b-16,2016,83545-0046,83545,金目川,1000,その他の用地,2,0.020993
nlni_l03b_landuse_by_watershed,https://nlftp.mlit.go.jp/ksj/gml/datalist/KsjTmplt-L03-b.html#L03-b-16,2016,83545-0046,83545,金目川,1600,ゴルフ場,31,0.325412
nlni_l03b_landuse_by_watershed,https://nlftp.mlit.go.jp/ksj/gml/datalist/KsjTmplt-L03-b.html#L03-b-16,2016,83545-0047,83545,金目川,0100,田,404,4.242948
nlni_l03b_landuse_by_watershed,https://nlftp.mlit.go.jp/ksj/gml/datalist/KsjTmplt-L03-b.html#L03-b-16,2016,83545-0047,83545,金目川,0200,その他の農用地,215,2.257826
nlni_l03b_landuse_by_watershed,https://nlftp.mlit.go.jp/ksj/gml/datalist/KsjTmplt-L03-b.html#L03-b-16,2016,83545-0047,83545,金目川,0500,森林,6,0.063006
nlni_l03b_landuse_by_watershed,https://nlftp.mlit.go.jp/ksj/gml/datalist/KsjTmplt-L03-b.html#L03-b-16,2016,83545-0047,83545,金目川,0700,建物用地,931,9.777512
nlni_l03b_landuse_by_watershed,https://nlftp.mlit.go.jp/ksj/gml/datalist/KsjTmplt-L03-b.html#L03-b-16,2016,83545-0047,83545,金目川,0901,道路,21,0.220539
nlni_l03b_landuse_by_watershed,https://nlftp.mlit.go.jp/ksj/gml/datalist/KsjTmplt-L03-b.html#L03-b-16,2016,83545-0047,83545,金目川,0902,鉄道,16,0.168014
nlni_l03b_landuse_by_watershed,https://nlftp.mlit.go.jp/ksj/gml/datalist/KsjTmplt-L03-b.html#L03-b-16,2016,83545-0047,83545,金目川,1000,その他の用地,49,0.514617
nlni_l03b_landuse_by_watershed,https://nlftp.mlit.go.jp/ksj/gml/datalist/KsjTmplt-L03-b.html#L03-b-16,2016,83545-0047,83545,金目川,1100,河川地及び湖沼,23,0.24159
nlni_l03b_landuse_by_watershed,https://nlftp.mlit.go.jp/ksj/gml/datalist/KsjTmplt-L03-b.html#L03-b-16,2016,83545-0048,83545,相模川,0100,田,171,1.795276
nlni_l03b_landuse_by_watershed,https://nlftp.mlit.go.jp/ksj/gml/datalist/KsjTmplt-L03-b.html#L03-b-16,2016,83545-0048,83545,相模川,0200,その他の農用地,40,0.419972
nlni_l03b_landuse_by_watershed,https://nlftp.mlit.go.jp/ksj/gml/datalist/KsjTmplt-L03-b.html#L03-b-16,2016,83545-0048,83545,相模川,0500,森林,3,0.031485
nlni_l03b_landuse_by_watershed,https://nlftp.mlit.go.jp/ksj/gml/datalist/KsjTmplt-L03-b.html#L03-b-16,2016,83545-0048,83545,相模川,0700,建物用地,245,2.571916
nlni_l03b_landuse_by_watershed,https://nlftp.mlit.go.jp/ksj/gml/datalist/KsjTmplt-L03-b.html#L03-b-16,2016,83545-0048,83545,相模川,0901,道路,12,0.12596
nlni_l03b_landuse_by_watershed,https://nlftp.mlit.go.jp/ksj/gml/datalist/KsjTmplt-L03-b.html#L03-b-16,2016,83545-0048,83545,相模川,0902,鉄道,3,0.031502
nlni_l03b_landuse_by_watershed,https://nlftp.mlit.go.jp/ksj/gml/datalist/KsjTmplt-L03-b.html#L03-b-16,2016,83545-0048,83545,相模川,1000,その他の用地,33,0.346423
nlni_l03b_landuse_by_watershed,https://nlftp.mlit.go.jp/ksj/gml/datalist/KsjTmplt-L03-b.html#L03-b-16,2016,83545-0049,83545,金目川,0100,田,150,1.574804
nlni_l03b_landuse_by_watershed,https://nlftp.mlit.go.jp/ksj/gml/datalist/KsjTmplt-L03-b.html#L03-b-16,2016,83545-0049,83545,金目川,0200,その他の農用地,122,1.28063
nlni_l03b_landuse_by_watershed,https://nlftp.mlit.go.jp/ksj/gml/datalist/KsjTmplt-L03-b.html#L03-b-16,2016,83545-0049,83545,金目川,0500,森林,72,0.75572
nlni_l03b_landuse_by_watershed,https://nlftp.mlit.go.jp/ksj/gml/datalist/KsjTmplt-L03-b.html#L03-b-16,2016,83545-0049,83545,金目川,0700,建物用地,394,4.13586
nlni_l03b_landuse_by_watershed,https://nlftp.mlit.go.jp/ksj/gml/datalist/KsjTmplt-L03-b.html#L03-b-16,2016,83545-0049,83545,金目川,0901,道路,18,0.188946
nlni_l03b_landuse_by_watershed,https://nlftp.mlit.go.jp/ksj/gml/datalist/KsjTmplt-L03-b.html#L03-b-16,2016,83545-0049,83545,金目川,0902,鉄道,3,0.03149
nlni_l03b_landuse_by_watershed,https://nlftp.mlit.go.jp/ksj/gml/datalist/KsjTmplt-L03-b.html#L03-b-16,2016,83545-0049,83545,金目川,1000,その他の用地,73,0.766314
nlni_l03b_landuse_by_watershed,https://nlftp.mlit.go.jp/ksj/gml/datalist/KsjTmplt-L03-b.html#L03-b-16,2016,83545-0049,83545,金目川,1100,河川地及び湖沼,10,0.104993
nlni_l03b_landuse_by_watershed,https://nlftp.mlit.go.jp/ksj/gml/datalist/KsjTmplt-L03-b.html#L03-b-16,2016,83545-0050,83545,金目川,0100,田,222,2.330728
nlni_l03b_landuse_by_watershed,https://nlftp.mlit.go.jp/ksj/gml/datalist/KsjTmplt-L03-b.html#L03-b-16,2016,83545-0050,83545,金目川,0200,その他の農用地,265,2.781698
nlni_l03b_landuse_by_watershed,https://nlftp.mlit.go.jp/ksj/gml/datalist/KsjTmplt-L03-b.html#L03-b-16,2016,83545-0050,83545,金目川,0500,森林,169,1.773768
nlni_l03b_landuse_by_watershed,https://nlftp.mlit.go.jp/ksj/gml/datalist/KsjTmplt-L03-b.html#L03-b-16,2016,83545-0050,83545,金目川,0700,建物用地,406,4.262107
nlni_l03b_landuse_by_watershed,https://nlftp.mlit.go.jp/ksj/gml/datalist/KsjTmplt-L03-b.html#L03-b-16,2016,83545-0050,83545,金目川,0901,道路,13,0.136479
nlni_l03b_landuse_by_watershed,https://nlftp.mlit.go.jp/ksj/gml/datalist/KsjTmplt-L03-b.html#L03-b-16,2016,83545-0050,83545,金目川,1000,その他の用地,58,0.608799
nlni_l03b_landuse_by_watershed,https://nlftp.mlit.go.jp/ksj/gml/datalist/KsjTmplt-L03-b.html#L03-b-16,2016,83545-0051,83545,引地川,0100,田,4,0.041993
nlni_l03b_landuse_by_watershed,https://nlftp.mlit.go.jp/ksj/gml/datalist/KsjTmplt-L03-b.html#L03-b-16,2016,83545-0051,83545,引地川,0200,その他の農用地,155,1.627
nlni_l03b_landuse_by_watershed,https://nlftp.mlit.go.jp/ksj/gml/datalist/KsjTmplt-L03-b.html#L03-b-16,2016,83545-0051,83545,引地川,0500,森林,36,0.377905
nlni_l03b_landuse_by_watershed,https://nlftp.mlit.go.jp/ksj/gml/datalist/KsjTmplt-L03-b.html#L03-b-16,2016,83545-0051,83545,引地川,0600,荒地,3,0.031491
nlni_l03b_landuse_by_watershed,https://nlftp.mlit.go.jp/ksj/gml/datalist/KsjTmplt-L03-b.html#L03-b-16,2016,83545-0051,83545,引地川,0700,建物用地,306,3.212514
nlni_l03b_landuse_by_watershed,https://nlftp.mlit.go.jp/ksj/gml/datalist/KsjTmplt-L03-b.html#L03-b-16,2016,83545-0051,83545,引地川,0901,道路,15,0.15748
nlni_l03b_landuse_by_watershed,https://nlftp.mlit.go.jp/ksj/gml/datalist/KsjTmplt-L03-b.html#L03-b-16,2016,83545-0051,83545,引地川,0902,鉄道,3,0.03149
nlni_l03b_landuse_by_watershed,https://nlftp.mlit.go.jp/ksj/gml/datalist/KsjTmplt-L03-b.html#L03-b-16,2016,83545-0051,83545,引地川,1000,その他の用地,41,0.43044
nlni_l03b_landuse_by_watershed,https://nlftp.mlit.go.jp/ksj/gml/datalist/KsjTmplt-L03-b.html#L03-b-16,2016,83545-0052,83545,引地川,0100,田,14,0.146972
nlni_l03b_landuse_by_watershed,https://nlftp.mlit.go.jp/ksj/gml/datalist/KsjTmplt-L03-b.html#L03-b-16,2016,83545-0052,83545,引地川,0200,その他の農用地,25,0.262473
nlni_l03b_landuse_by_watershed,https://nlftp.mlit.go.jp/ksj/gml/datalist/KsjTmplt-L03-b.html#L03-b-16,2016,83545-0052,83545,引地川,0500,森林,4,0.041997
nlni_l03b_landuse_by_watershed,https://nlftp.mlit.go.jp/ksj/gml/datalist/KsjTmplt-L03-b.html#L03-b-16,2016,83545-0052,83545,引地川,0600,荒地,5,0.052504
nlni_l03b_landuse_by_watershed,https://nlftp.mlit.go.jp/ksj/gml/datalist/KsjTmplt-L03-b.html#L03-b-16,2016,83545-0052,83545,引地川,0700,建物用地,497,5.218188
nlni_l03b_landuse_by_watershed,https://nlftp.mlit.go.jp/ksj/gml/datalist/KsjTmplt-L03-b.html#L03-b-16,2016,83545-0052,83545,引地川,0901,道路,10,0.104996
nlni_l03b_landuse_by_watershed,https://nlftp.mlit.go.jp/ksj/gml/datalist/KsjTmplt-L03-b.html#L03-b-16,2016,83545-0052,83545,引地川,0902,鉄道,8,0.083994
nlni_l03b_landuse_by_watershed,https://nlftp.mlit.go.jp/ksj/gml/datalist/KsjTmplt-L03-b.html#L03-b-16,2016,83545-0052,83545,引地川,1000,その他の用地,38,0.398973
nlni_l03b_landuse_by_watershed,https://nlftp.mlit.go.jp/ksj/gml/datalist/KsjTmplt-L03-b.html#L03-b-16,2016,83545-0052,83545,引地川,1100,河川地及び湖沼,10,0.104993
nlni_l03b_landuse_by_watershed,https://nlftp.mlit.go.jp/ksj/gml/datalist/KsjTmplt-L03-b.html#L03-b-16,2016,83545-0053,83545,引地川,0200,その他の農用地,2,0.020995
nlni_l03b_landuse_by_watershed,https://nlftp.mlit.go.jp/ksj/gml/datalist/KsjTmplt-L03-b.html#L03-b-16,2016,83545-0053,83545,引地川,0500,森林,1,0.010497
nlni_l03b_landuse_by_watershed,https://nlftp.mlit.go.jp/ksj/gml/datalist/KsjTmplt-L03-b.html#L03-b-16,2016,83545-0053,83545,引地川,0700,建物用地,72,0.755779
nlni_l03b_landuse_by_watershed,https://nlftp.mlit.go.jp/ksj/gml/datalist/KsjTmplt-L03-b.html#L03-b-16,2016,83545-0053,83545,引地川,1000,その他の用地,3,0.031491
nlni_l03b_landuse_by_watershed,https://nlftp.mlit.go.jp/ksj/gml/datalist/KsjTmplt-L03-b.html#L03-b-16,2016,83545-0054,83545,引地川,0100,田,12,0.125955
nlni_l03b_landuse_by_watershed,https://nlftp.mlit.go.jp/ksj/gml/datalist/KsjTmplt-L03-b.html#L03-b-16,2016,83545-0054,83545,引地川,0200,その他の農用地,79,0.829097
nlni_l03b_landuse_by_watershed,https://nlftp.mlit.go.jp/ksj/gml/datalist/KsjTmplt-L03-b.html#L03-b-16,2016,83545-0054,83545,引地川,0500,森林,28,0.293836
nlni_l03b_landuse_by_watershed,https://nlftp.mlit.go.jp/ksj/gml/datalist/KsjTmplt-L03-b.html#L03-b-16,2016,83545-0054,83545,引地川,0600,荒地,5,0.052472
nlni_l03b_landuse_by_watershed,https://nlftp.mlit.go.jp/ksj/gml/datalist/KsjTmplt-L03-b.html#L03-b-16,2016,83545-0054,83545,引地川,0700,建物用地,399,4.186827
nlni_l03b_landuse_by_watershed,https://nlftp.mlit.go.jp/ksj/gml/datalist/KsjTmplt-L03-b.html#L03-b-16,2016,83545-0054,83545,引地川,0901,道路,12,0.12592
nlni_l03b_landuse_by_watershed,https://nlftp.mlit.go.jp/ksj/gml/datalist/KsjTmplt-L03-b.html#L03-b-16,2016,83545-0054,83545,引地川,0902,鉄道,2,0.020992
nlni_l03b_landuse_by_watershed,https://nlftp.mlit.go.jp/ksj/gml/datalist/KsjTmplt-L03-b.html#L03-b-16,2016,83545-0054,83545,引地川,1000,その他の用地,43,0.451228
nlni_l03b_landuse_by_watershed,https://nlftp.mlit.go.jp/ksj/gml/datalist/KsjTmplt-L03-b.html#L03-b-16,2016,83545-0054,83545,引地川,1600,ゴルフ場,7,0.073467
nlni_l03b_landuse_by_watershed,https://nlftp.mlit.go.jp/ksj/gml/datalist/KsjTmplt-L03-b.html#L03-b-16,2016,83545-0055,83545,引地川,0100,田,2,0.020991
nlni_l03b_landuse_by_watershed,https://nlftp.mlit.go.jp/ksj/gml/datalist/KsjTmplt-L03-b.html#L03-b-16,2016,83545-0055,83545,引地川,0200,その他の農用地,17,0.178404
nlni_l03b_landuse_by_watershed,https://nlftp.mlit.go.jp/ksj/gml/datalist/KsjTmplt-L03-b.html#L03-b-16,2016,83545-0055,83545,引地川,0500,森林,68,0.713524
nlni_l03b_landuse_by_watershed,https://nlftp.mlit.go.jp/ksj/gml/datalist/KsjTmplt-L03-b.html#L03-b-16,2016,83545-0055,83545,引地川,0600,荒地,4,0.041979
nlni_l03b_landuse_by_watershed,https://nlftp.mlit.go.jp/ksj/gml/datalist/KsjTmplt-L03-b.html#L03-b-16,2016,83545-0055,83545,引地川,0700,建物用地,484,5.077796
nlni_l03b_landuse_by_watershed,https://nlftp.mlit.go.jp/ksj/gml/datalist/KsjTmplt-L03-b.html#L03-b-16,2016,83545-0055,83545,引地川,0901,道路,5,0.052454
nlni_l03b_landuse_by_watershed,https://nlftp.mlit.go.jp/ksj/gml/datalist/KsjTmplt-L03-b.html#L03-b-16,2016,83545-0055,83545,引地川,0902,鉄道,7,0.073439
nlni_l03b_landuse_by_watershed,https://nlftp.mlit.go.jp/ksj/gml/datalist/KsjTmplt-L03-b.html#L03-b-16,2016,83545-0055,83545,引地川,1000,その他の用地,202,2.11933
nlni_l03b_landuse_by_watershed,https://nlftp.mlit.go.jp/ksj/gml/datalist/KsjTmplt-L03-b.html#L03-b-16,2016,83545-0055,83545,引地川,1600,ゴルフ場,65,0.682021
nlni_l03b_landuse_by_watershed,https://nlftp.mlit.go.jp/ksj/gml/datalist/KsjTmplt-L03-b.html#L03-b-16,2016,83545-0056,83545,引地川,0100,田,29,0.304391
nlni_l03b_landuse_by_watershed,https://nlftp.mlit.go.jp/ksj/gml/datalist/KsjTmplt-L03-b.html#L03-b-16,2016,83545-0056,83545,引地川,0200,その他の農用地,59,0.619119
nlni_l03b_landuse_by_watershed,https://nlftp.mlit.go.jp/ksj/gml/datalist/KsjTmplt-L03-b.html#L03-b-16,2016,83545-0056,83545,引地川,0500,森林,95,0.996552
nlni_l03b_landuse_by_watershed,https://nlftp.mlit.go.jp/ksj/gml/datalist/KsjTmplt-L03-b.html#L03-b-16,2016,83545-0056,83545,引地川,0600,荒地,2,0.020979
nlni_l03b_landuse_by_watershed,https://nlftp.mlit.go.jp/ksj/gml/datalist/KsjTmplt-L03-b.html#L03-b-16,2016,83545-0056,83545,引地川,0700,建物用地,1225,12.850725
nlni_l03b_landuse_by_watershed,https://nlftp.mlit.go.jp/ksj/gml/datalist/KsjTmplt-L03-b.html#L03-b-16,2016,83545-0056,83545,引地川,0901,道路,18,0.188799
nlni_l03b_landuse_by_watershed,https://nlftp.mlit.go.jp/ksj/gml/datalist/KsjTmplt-L03-b.html#L03-b-16,2016,83545-0056,83545,引地川,0902,鉄道,32,0.335753
nlni_l03b_landuse_by_watershed,https://nlftp.mlit.go.jp/ksj/gml/datalist/KsjTmplt-L03-b.html#L03-b-16,2016,83545-0056,83545,引地川,1000,その他の用地,202,2.119261
nlni_l03b_landuse_by_watershed,https://nlftp.mlit.go.jp/ksj/gml/datalist/KsjTmplt-L03-b.html#L03-b-16,2016,83545-0056,83545,引地川,1100,河川地及び湖沼,2,0.020978
nlni_l03b_landuse_by_watershed,https://nlftp.mlit.go.jp/ksj/gml/datalist/KsjTmplt-L03-b.html#L03-b-16,2016,83545-0056,83545,引地川,1600,ゴルフ場,31,0.325114
nlni_l03b_landuse_by_watershed,https://nlftp.mlit.go.jp/ksj/gml/datalist/KsjTmplt-L03-b.html#L03-b-16,2016,85045-0010,85045,,0100,田,36,0.378932
nlni_l03b_landuse_by_watershed,https://nlftp.mlit.go.jp/ksj/gml/datalist/KsjTmplt-L03-b.html#L03-b-16,2016,85045-0010,85045,,0200,その他の農用地,22,0.231586
nlni_l03b_landuse_by_watershed,https://nlftp.mlit.go.jp/ksj/gml/datalist/KsjTmplt-L03-b.html#L03-b-16,2016,85045-0010,85045,,0500,森林,222,2.33683
nlni_l03b_landuse_by_watershed,https://nlftp.mlit.go.jp/ksj/gml/datalist/KsjTmplt-L03-b.html#L03-b-16,2016,85045-0010,85045,,0600,荒地,7,0.073685
nlni_l03b_landuse_by_watershed,https://nlftp.mlit.go.jp/ksj/gml/datalist/KsjTmplt-L03-b.html#L03-b-16,2016,85045-0010,85045,,0700,建物用地,169,1.779022
nlni_l03b_landuse_by_watershed,https://nlftp.mlit.go.jp/ksj/gml/datalist/KsjTmplt-L03-b.html#L03-b-16,2016,85045-0010,85045,,0901,道路,22,0.231584
nlni_l03b_landuse_by_watershed,https://nlftp.mlit.go.jp/ksj/gml/datalist/KsjTmplt-L03-b.html#L03-b-16,2016,85045-0010,85045,,0902,鉄道,5,0.052632
nlni_l03b_landuse_by_watershed,https://nlftp.mlit.go.jp/ksj/gml/datalist/KsjTmplt-L03-b.html#L03-b-16,2016,85045-0010,85045,,1000,その他の用地,12,0.126315
nlni_l03b_landuse_by_watershed,https://nlftp.mlit.go.jp/ksj/gml/datalist/KsjTmplt-L03-b.html#L03-b-16,2016,85045-0010,85045,,1100,河川地及び湖沼,6,0.063163
nlni_l03b_landuse_by_watershed,https://nlftp.mlit.go.jp/ksj/gml/datalist/KsjTmplt-L03-b.html#L03-b-16,2016,85045-0010,85045,,1600,ゴルフ場,17,0.178946
nlni_l03b_landuse_by_watershed,https://nlftp.mlit.go.jp/ksj/gml/datalist/KsjTmplt-L03-b.html#L03-b-16,2016,85045-0013,85045,,0700,建物用地,2,0.021055
nlni_l03b_landuse_by_watershed,https://nlftp.mlit.go.jp/ksj/gml/datalist/KsjTmplt-L03-b.html#L03-b-16,2016,85045-0015,85045,,0200,その他の農用地,4,0.042101
nlni_l03b_landuse_by_watershed,https://nlftp.mlit.go.jp/ksj/gml/datalist/KsjTmplt-L03-b.html#L03-b-16,2016,85045-0015,85045,,0500,森林,117,1.231433
nlni_l03b_landuse_by_watershed,https://nlftp.mlit.go.jp/ksj/gml/datalist/KsjTmplt-L03-b.html#L03-b-16,2016,85045-0015,85045,,0700,建物用地,24,0.252593
nlni_l03b_landuse_by_watershed,https://nlftp.mlit.go.jp/ksj/gml/datalist/KsjTmplt-L03-b.html#L03-b-16,2016,85045-0015,85045,,0901,道路,6,0.063151
nlni_l03b_landuse_by_watershed,https://nlftp.mlit.go.jp/ksj/gml/datalist/KsjTmplt-L03-b.html#L03-b-16,2016,85045-0015,85045,,1600,ゴルフ場,23,0.242064
nlni_l03b_landuse_by_watershed,https://nlftp.mlit.go.jp/ksj/gml/datalist/KsjTmplt-L03-b.html#L03-b-16,2016,85045-0016,85045,,0100,田,5,0.052618
nlni_l03b_landuse_by_watershed,https://nlftp.mlit.go.jp/ksj/gml/datalist/KsjTmplt-L03-b.html#L03-b-16,2016,85045-0016,85045,,0200,その他の農用地,17,0.178905
nlni_l03b_landuse_by_watershed,https://nlftp.mlit.go.jp/ksj/gml/datalist/KsjTmplt-L03-b.html#L03-b-16,2016,85045-0016,85045,,0500,森林,126,1.325965
nlni_l03b_landuse_by_watershed,https://nlftp.mlit.go.jp/ksj/gml/datalist/KsjTmplt-L03-b.html#L03-b-16,2016,85045-0016,85045,,0700,建物用地,24,0.252571
nlni_l03b_landuse_by_watershed,https://nlftp.mlit.go.jp/ksj/gml/datalist/KsjTmplt-L03-b.html#L03-b-16,2016,85045-0016,85045,,0901,道路,9,0.094712
nlni_l03b_landuse_by_watershed,https://nlftp.mlit.go.jp/ksj/gml/datalist/KsjTmplt-L03-b.html#L03-b-16,2016,85045-0018,85045,,0200,その他の農用地,1,0.01052
nlni_l03b_landuse_by_watershed,https://nlftp.mlit.go.jp/ksj/gml/datalist/KsjTmplt-L03-b.html#L03-b-16,2016,85045-0018,85045,,0700,建物用地,2,0.021041
nlni_l03b_landuse_by_watershed,https://nlftp.mlit.go.jp/ksj/gml/datalist/KsjTmplt-L03-b.html#L03-b-16,2016,85045-0018,85045,,1100,河川地及び湖沼,1,0.01052
nlni_l03b_landuse_by_watershed,https://nlftp.mlit.go.jp/ksj/gml/datalist/KsjTmplt-L03-b.html#L03-b-16,2016,85045-0022,85045,,0100,田,1,0.010527
nlni_l03b_landuse_by_watershed,https://nlftp.mlit.go.jp/ksj/gml/datalist/KsjTmplt-L03-b.html#L03-b-16,2016,85045-0022,85045,,0700,建物用地,43,0.452686
nlni_l03b_landuse_by_watershed,https://nlftp.mlit.go.jp/ksj/gml/datalist/KsjTmplt-L03-b.html#L03-b-16,2016,85045-0022,85045,,1000,その他の用地,2,0.021055
nlni_l03b_landuse_by_watershed,https://nlftp.mlit.go.jp/ksj/gml/datalist/KsjTmplt-L03-b.html#L03-b-16,2016,85045-0023,85045,,0100,田,5,0.052639
nlni_l03b_landuse_by_watershed,https://nlftp.mlit.go.jp/ksj/gml/datalist/KsjTmplt-L03-b.html#L03-b-16,2016,85045-0023,85045,,0200,その他の農用地,1,0.010528
nlni_l03b_landuse_by_watershed,https://nlftp.mlit.go.jp/ksj/gml/datalist/KsjTmplt-L03-b.html#L03-b-16,2016,85045-0023,85045,,0500,森林,3,0.031583
nlni_l03b_landuse_by_watershed,https://nlftp.mlit.go.jp/ksj/gml/datalist/KsjTmplt-L03-b.html#L03-b-16,2016,85045-0023,85045,,0700,建物用地,2,0.021056
nlni_l03b_landuse_by_watershed,https://nlftp.mlit.go.jp/ksj/gml/datalist/KsjTmplt-L03-b.html#L03-b-16,2016,85045-0037,85045,,0200,その他の農用地,3,0.031578
nlni_l03b_landuse_by_watershed,https://nlftp.mlit.go.jp/ksj/gml/datalist/KsjTmplt-L03-b.html#L03-b-16,2016,85045-0037,85045,,0500,森林,105,1.105347
nlni_l03b_landuse_by_watershed,https://nlftp.mlit.go.jp/ksj/gml/datalist/KsjTmplt-L03-b.html#L03-b-16,2016,85045-0037,85045,,0600,荒地,3,0.031579
nlni_l03b_landuse_by_watershed,https://nlftp.mlit.go.jp/ksj/gml/datalist/KsjTmplt-L03-b.html#L03-b-16,2016,85045-0037,85045,,0700,建物用地,12,0.126314
nlni_l03b_landuse_by_watershed,https://nlftp.mlit.go.jp/ksj/gml/datalist/KsjTmplt-L03-b.html#L03-b-16,2016,85045-0037,85045,,1600,ゴルフ場,5,0.052629
nlni_l03b_landuse_by_watershed,https://nlftp.mlit.go.jp/ksj/gml/datalist/KsjTmplt-L03-b.html#L03-b-16,2016,85045-0115,85045,,0100,田,2,0.021051
nlni_l03b_landuse_by_watershed,https://nlftp.mlit.go.jp/ksj/gml/datalist/KsjTmplt-L03-b.html#L03-b-16,2016,85045-0115,85045,,0200,その他の農用地,13,0.136823
nlni_l03b_landuse_by_watershed,https://nlftp.mlit.go.jp/ksj/gml/datalist/KsjTmplt-L03-b.html#L03-b-16,2016,85045-0115,85045,,0500,森林,80,0.841962
nlni_l03b_landuse_by_watershed,https://nlftp.mlit.go.jp/ksj/gml/datalist/KsjTmplt-L03-b.html#L03-b-16,2016,85045-0115,85045,,0700,建物用地,34,0.357835
nlni_l03b_landuse_by_watershed,https://nlftp.mlit.go.jp/ksj/gml/datalist/KsjTmplt-L03-b.html#L03-b-16,2016,85045-0115,85045,,0901,道路,6,0.063148
nlni_l03b_landuse_by_watershed,https://nlftp.mlit.go.jp/ksj/gml/datalist/KsjTmplt-L03-b.html#L03-b-16,2016,85045-0115,85045,,1000,その他の用地,13,0.136815
nlni_l03b_landuse_by_watershed,https://nlftp.mlit.go.jp/ksj/gml/datalist/KsjTmplt-L03-b.html#L03-b-16,2016,85045-0115,85045,,1100,河川地及び湖沼,6,0.063149
nlni_l03b_landuse_by_watershed,https://nlftp.mlit.go.jp/ksj/gml/datalist/KsjTmplt-L03-b.html#L03-b-16,2016,85045-0115,85045,,1600,ゴルフ場,8,0.084192
nlni_l03b_landuse_by_watershed,https://nlftp.mlit.go.jp/ksj/gml/datalist/KsjTmplt-L03-b.html#L03-b-16,2016,85045-0121,85045,,0100,田,12,0.126329
nlni_l03b_landuse_by_watershed,https://nlftp.mlit.go.jp/ksj/gml/datalist/KsjTmplt-L03-b.html#L03-b-16,2016,85045-0121,85045,,0200,その他の農用地,37,0.38948
nlni_l03b_landuse_by_watershed,https://nlftp.mlit.go.jp/ksj/gml/datalist/KsjTmplt-L03-b.html#L03-b-16,2016,85045-0121,85045,,0500,森林,740,7.788497
nlni_l03b_landuse_by_watershed,https://nlftp.mlit.go.jp/ksj/gml/datalist/KsjTmplt-L03-b.html#L03-b-16,2016,85045-0121,85045,,0700,建物用地,23,0.242123
nlni_l03b_landuse_by_watershed,https://nlftp.mlit.go.jp/ksj/gml/datalist/KsjTmplt-L03-b.html#L03-b-16,2016,85045-0121,85045,,1000,その他の用地,2,0.021054
nlni_l03b_landuse_by_watershed,https://nlftp.mlit.go.jp/ksj/gml/datalist/KsjTmplt-L03-b.html#L03-b-16,2016,85045-0122,85045,,0100,田,50,0.526307
nlni_l03b_landuse_by_watershed,https://nlftp.mlit.go.jp/ksj/gml/datalist/KsjTmplt-L03-b.html#L03-b-16,2016,85045-0122,85045,,0200,その他の農用地,24,0.252632
nlni_l03b_landuse_by_watershed,https://nlftp.mlit.go.jp/ksj/gml/datalist/KsjTmplt-L03-b.html#L03-b-16,2016,85045-0122,85045,,0500,森林,187,1.968276
nlni_l03b_landuse_by_watershed,https://nlftp.mlit.go.jp/ksj/gml/datalist/KsjTmplt-L03-b.html#L03-b-16,2016,85045-0122,85045,,0700,建物用地,83,0.873674
nlni_l03b_landuse_by_watershed,https://nlftp.mlit.go.jp/ksj/gml/datalist/KsjTmplt-L03-b.html#L03-b-16,2016,85045-0122,85045,,1000,その他の用地,3,0.03158
nlni_l03b_landuse_by_watershed,https://nlftp.mlit.go.jp/ksj/gml/datalist/KsjTmplt-L03-b.html#L03-b-16,2016,85045-0122,85045,,1100,河川地及び湖沼,1,0.010527
nlni_l03b_landuse_by_watershed,https://nlftp.mlit.go.jp/ksj/gml/datalist/KsjTmplt-L03-b.html#L03-b-16,2016,85045-0123,85045,,0100,田,2,0.02105
nlni_l03b_landuse_by_watershed,https://nlftp.mlit.go.jp/ksj/gml/datalist/KsjTmplt-L03-b.html#L03-b-16,2016,85045-0123,85045,,0200,その他の農用地,2,0.02105
nlni_l03b_landuse_by_watershed,https://nlftp.mlit.go.jp/ksj/gml/datalist/KsjTmplt-L03-b.html#L03-b-16,2016,85045-0123,85045,,0500,森林,222,2.336281
nlni_l03b_landuse_by_watershed,https://nlftp.mlit.go.jp/ksj/gml/datalist/KsjTmplt-L03-b.html#L03-b-16,2016,85045-0123,85045,,0700,建物用地,1,0.010525
nlni_l03b_landuse_by_watershed,https://nlftp.mlit.go.jp/ksj/gml/datalist/KsjTmplt-L03-b.html#L03-b-16,2016,85045-0124,85045,,0100,田,4,0.042098
nlni_l03b_landuse_by_watershed,https://nlftp.mlit.go.jp/ksj/gml/datalist/KsjTmplt-L03-b.html#L03-b-16,2016,85045-0124,85045,,0200,その他の農用地,7,0.073667
nlni_l03b_landuse_by_watershed,https://nlftp.mlit.go.jp/ksj/gml/datalist/KsjTmplt-L03-b.html#L03-b-16,2016,85045-0124,85045,,0500,森林,568,5.977059
nlni_l03b_landuse_by_watershed,https://nlftp.mlit.go.jp/ksj/gml/datalist/KsjTmplt-L03-b.html#L03-b-16,2016,85045-0124,85045,,0600,荒地,5,0.052617
nlni_l03b_landuse_by_watershed,https://nlftp.mlit.go.jp/ksj/gml/datalist/KsjTmplt-L03-b.html#L03-b-16,2016,85045-0124,85045,,0700,建物用地,16,0.168382
nlni_l03b_landuse_by_watershed,https://nlftp.mlit.go.jp/ksj/gml/datalist/KsjTmplt-L03-b.html#L03-b-16,2016,85045-0124,85045,,1000,その他の用地,6,0.063142
nlni_l03b_landuse_by_watershed,https://nlftp.mlit.go.jp/ksj/gml/datalist/KsjTmplt-L03-b.html#L03-b-16,2016,85045-0125,85045,,0100,田,28,0.294654
nlni_l03b_landuse_by_watershed,https://nlftp.mlit.go.jp/ksj/gml/datalist/KsjTmplt-L03-b.html#L03-b-16,2016,85045-0125,85045,,0200,その他の農用地,17,0.1789
nlni_l03b_landuse_by_watershed,https://nlftp.mlit.go.jp/ksj/gml/datalist/KsjTmplt-L03-b.html#L03-b-16,2016,85045-0125,85045,,0500,森林,152,1.599369
nlni_l03b_landuse_by_watershed,https://nlftp.mlit.go.jp/ksj/gml/datalist/KsjTmplt-L03-b.html#L03-b-16,2016,85045-0125,85045,,0700,建物用地,68,0.715674
nlni_l03b_landuse_by_watershed,https://nlftp.mlit.go.jp/ksj/gml/datalist/KsjTmplt-L03-b.html#L03-b-16,2016,85045-0125,85045,,0902,鉄道,4,0.042097
nlni_l03b_landuse_by_watershed,https://nlftp.mlit.go.jp/ksj/gml/datalist/KsjTmplt-L03-b.html#L03-b-16,2016,85045-0125,85045,,1000,その他の用地,2,0.021048
nlni_l03b_landuse_by_watershed,https://nlftp.mlit.go.jp/ksj/gml/datalist/KsjTmplt-L03-b.html#L03-b-16,2016,85045-0126,85045,,0100,田,99,1.041833
nlni_l03b_landuse_by_watershed,https://nlftp.mlit.go.jp/ksj/gml/datalist/KsjTmplt-L03-b.html#L03-b-16,2016,85045-0126,85045,,0200,その他の農用地,28,0.294644
nlni_l03b_landuse_by_watershed,https://nlftp.mlit.go.jp/ksj/gml/datalist/KsjTmplt-L03-b.html#L03-b-16,2016,85045-0126,85045,,0500,森林,42,0.441967
nlni_l03b_landuse_by_watershed,https://nlftp.mlit.go.jp/ksj/gml/datalist/KsjTmplt-L03-b.html#L03-b-16,2016,85045-0126,85045,,0600,荒地,1,0.01052
nlni_l03b_landuse_by_watershed,https://nlftp.mlit.go.jp/ksj/gml/datalist/KsjTmplt-L03-b.html#L03-b-16,2016,85045-0126,85045,,0700,建物用地,229,2.409792
nlni_l03b_landuse_by_watershed,https://nlftp.mlit.go.jp/ksj/gml/datalist/KsjTmplt-L03-b.html#L03-b-16,2016,85045-0126,85045,,0901,道路,38,0.399875
nlni_l03b_landuse_by_watershed,https://nlftp.mlit.go.jp/ksj/gml/datalist/KsjTmplt-L03-b.html#L03-b-16,2016,85045-0126,85045,,0902,鉄道,3,0.031568
nlni_l03b_landuse_by_watershed,https://nlftp.mlit.go.jp/ksj/gml/datalist/KsjTmplt-L03-b.html#L03-b-16,2016,85045-0126,85045,,1000,その他の用地,74,0.778609
nlni_l03b_landuse_by_watershed,https://nlftp.mlit.go.jp/ksj/gml/datalist/KsjTmplt-L03-b.html#L03-b-16,2016,85045-0126,85045,,1100,河川地及び湖沼,19,0.199961
nlni_l03b_landuse_by_watershed,https://nlftp.mlit.go.jp/ksj/gml/datalist/KsjTmplt-L03-b.html#L03-b-16,2016,85045-0127,85045,,0100,田,1,0.010526
nlni_l03b_landuse_by_watershed,https://nlftp.mlit.go.jp/ksj/gml/datalist/KsjTmplt-L03-b.html#L03-b-16,2016,85045-0127,85045,,0200,その他の農用地,1,0.010526
nlni_l03b_landuse_by_watershed,https://nlftp.mlit.go.jp/ksj/gml/datalist/KsjTmplt-L03-b.html#L03-b-16,2016,85045-0127,85045,,0500,森林,10,0.10526
nlni_l03b_landuse_by_watershed,https://nlftp.mlit.go.jp/ksj/gml/datalist/KsjTmplt-L03-b.html#L03-b-16,2016,85045-0127,85045,,0700,建物用地,4,0.042104
nlni_l03b_landuse_by_watershed,https://nlftp.mlit.go.jp/ksj/gml/datalist/KsjTmplt-L03-b.html#L03-b-16,2016,85045-0127,85045,,0901,道路,2,0.021052
nlni_l03b_landuse_by_watershed,https://nlftp.mlit.go.jp/ksj/gml/datalist/KsjTmplt-L03-b.html#L03-b-16,2016,85045-0127,85045,,1100,河川地及び湖沼,1,0.010526
nlni_l03b_landuse_by_watershed,https://nlftp.mlit.go.jp/ksj/gml/datalist/KsjTmplt-L03-b.html#L03-b-16,2016,85045-0128,85045,,0200,その他の農用地,9,0.094712
nlni_l03b_landuse_by_watershed,https://nlftp.mlit.go.jp/ksj/gml/datalist/KsjTmplt-L03-b.html#L03-b-16,2016,85045-0128,85045,,0500,森林,2,0.021047
nlni_l03b_landuse_by_watershed,https://nlftp.mlit.go.jp/ksj/gml/datalist/KsjTmplt-L03-b.html#L03-b-16,2016,85045-0128,85045,,0700,建物用地,11,0.11576
nlni_l03b_landuse_by_watershed,https://nlftp.mlit.go.jp/ksj/gml/datalist/KsjTmplt-L03-b.html#L03-b-16,2016,85045-0128,85045,,1100,河川地及び湖沼,4,0.042095
nlni_l03b_landuse_by_watershed,https://nlftp.mlit.go.jp/ksj/gml/datalist/KsjTmplt-L03-b.html#L03-b-16,2016,85045-0130,85045,,0100,田,23,0.24193
nlni_l03b_landuse_by_watershed,https://nlftp.mlit.go.jp/ksj/gml/datalist/KsjTmplt-L03-b.html#L03-b-16,2016,85045-0130,85045,,0200,その他の農用地,20,0.210383
nlni_l03b_landuse_by_watershed,https://nlftp.mlit.go.jp/ksj/gml/datalist/KsjTmplt-L03-b.html#L03-b-16,2016,85045-0130,85045,,0500,森林,52,0.54698
nlni_l03b_landuse_by_watershed,https://nlftp.mlit.go.jp/ksj/gml/datalist/KsjTmplt-L03-b.html#L03-b-16,2016,85045-0130,85045,,0600,荒地,2,0.021038
nlni_l03b_landuse_by_watershed,https://nlftp.mlit.go.jp/ksj/gml/datalist/KsjTmplt-L03-b.html#L03-b-16,2016,85045-0130,85045,,0700,建物用地,77,0.809921
nlni_l03b_landuse_by_watershed,https://nlftp.mlit.go.jp/ksj/gml/datalist/KsjTmplt-L03-b.html#L03-b-16,2016,85045-0130,85045,,0901,道路,30,0.315565
nlni_l03b_landuse_by_watershed,https://nlftp.mlit.go.jp/ksj/gml/datalist/KsjTmplt-L03-b.html#L03-b-16,2016,85045-0130,85045,,0902,鉄道,7,0.073636
nlni_l03b_landuse_by_watershed,https://nlftp.mlit.go.jp/ksj/gml/datalist/KsjTmplt-L03-b.html#L03-b-16,2016,85045-0130,85045,,1000,その他の用地,92,0.967673
nlni_l03b_landuse_by_watershed,https://nlftp.mlit.go.jp/ksj/gml/datalist/KsjTmplt-L03-b.html#L03-b-16,2016,85045-0130,85045,,1100,河川地及び湖沼,8,0.084155
nlni_l03b_landuse_by_watershed,https://nlftp.mlit.go.jp/ksj/gml/datalist/KsjTmplt-L03-b.html#L03-b-16,2016,85045-0131,85045,,0100,田,32,0.336663
nlni_l03b_landuse_by_watershed,https://nlftp.mlit.go.jp/ksj/gml/datalist/KsjTmplt-L03-b.html#L03-b-16,2016,85045-0131,85045,,0200,その他の農用地,13,0.136761
nlni_l03b_landuse_by_watershed,https://nlftp.mlit.go.jp/ksj/gml/datalist/KsjTmplt-L03-b.html#L03-b-16,2016,85045-0131,85045,,0500,森林,13,0.136764
nlni_l03b_landuse_by_watershed,https://nlftp.mlit.go.jp/ksj/gml/datalist/KsjTmplt-L03-b.html#L03-b-16,2016,85045-0131,85045,,0700,建物用地,27,0.284055
nlni_l03b_landuse_by_watershed,https://nlftp.mlit.go.jp/ksj/gml/datalist/KsjTmplt-L03-b.html#L03-b-16,2016,85045-0131,85045,,0901,道路,2,0.021043
nlni_l03b_landuse_by_watershed,https://nlftp.mlit.go.jp/ksj/gml/datalist/KsjTmplt-L03-b.html#L03-b-16,2016,85045-0131,85045,,0902,鉄道,2,0.021042
nlni_l03b_landuse_by_watershed,https://nlftp.mlit.go.jp/ksj/gml/datalist/KsjTmplt-L03-b.html#L03-b-16,2016,85045-0131,85045,,1000,その他の用地,2,0.021043
nlni_l03b_landuse_by_watershed,https://nlftp.mlit.go.jp/ksj/gml/datalist/KsjTmplt-L03-b.html#L03-b-16,2016,85045-0131,85045,,1100,河川地及び湖沼,5,0.052606
nlni_l03b_landuse_by_watershed,https://nlftp.mlit.go.jp/ksj/gml/datalist/KsjTmplt-L03-b.html#L03-b-16,2016,85045-0132,85045,,0100,田,3,0.031562
nlni_l03b_landuse_by_watershed,https://nlftp.mlit.go.jp/ksj/gml/datalist/KsjTmplt-L03-b.html#L03-b-16,2016,85045-0132,85045,,0500,森林,5,0.052604
nlni_l03b_landuse_by_watershed,https://nlftp.mlit.go.jp/ksj/gml/datalist/KsjTmplt-L03-b.html#L03-b-16,2016,85045-0132,85045,,0700,建物用地,3,0.031562
nlni_l03b_landuse_by_watershed,https://nlftp.mlit.go.jp/ksj/gml/datalist/KsjTmplt-L03-b.html#L03-b-16,2016,85045-0133,85045,,0100,田,2,0.021042
nlni_l03b_landuse_by_watershed,https://nlftp.mlit.go.jp/ksj/gml/datalist/KsjTmplt-L03-b.html#L03-b-16,2016,85045-0133,85045,,0200,その他の農用地,12,0.126253
nlni_l03b_landuse_by_watershed,https://nlftp.mlit.go.jp/ksj/gml/datalist/KsjTmplt-L03-b.html#L03-b-16,2016,85045-0133,85045,,0500,森林,67,0.704905
nlni_l03b_landuse_by_watershed,https://nlftp.mlit.go.jp/ksj/gml/datalist/KsjTmplt-L03-b.html#L03-b-16,2016,85045-0133,85045,,0700,建物用地,24,0.252506
nlni_l03b_landuse_by_watershed,https://nlftp.mlit.go.jp/ksj/gml/datalist/KsjTmplt-L03-b.html#L03-b-16,2016,85045-0133,85045,,0902,鉄道,1,0.010522
nlni_l03b_landuse_by_watershed,https://nlftp.mlit.go.jp/ksj/gml/datalist/KsjTmplt-L03-b.html#L03-b-16,2016,85045-0133,85045,,1000,その他の用地,1,0.010521
nlni_l03b_landuse_by_watershed,https://nlftp.mlit.go.jp/ksj/gml/datalist/KsjTmplt-L03-b.html#L03-b-16,2016,85045-0133,85045,,1100,河川地及び湖沼,5,0.052606
nlni_l03b_landuse_by_watershed,https://nlftp.mlit.go.jp/ksj/gml/datalist/KsjTmplt-L03-b.html#L03-b-16,2016,85045-0134,85045,,0100,田,3,0.031567
nlni_l03b_landuse_by_watershed,https://nlftp.mlit.go.jp/ksj/gml/datalist/KsjTmplt-L03-b.html#L03-b-16,2016,85045-0134,85045,,0200,その他の農用地,2,0.021044
nlni_l03b_landuse_by_watershed,https://nlftp.mlit.go.jp/ksj/gml/datalist/KsjTmplt-L03-b.html#L03-b-16,2016,85045-0134,85045,,0500,森林,507,5.334197
nlni_l03b_landuse_by_watershed,https://nlftp.mlit.go.jp/ksj/gml/datalist/KsjTmplt-L03-b.html#L03-b-16,2016,85045-0134,85045,,0700,建物用地,10,0.105218
nlni_l03b_landuse_by_watershed,https://nlftp.mlit.go.jp/ksj/gml/datalist/KsjTmplt-L03-b.html#L03-b-16,2016,85045-0134,85045,,1000,その他の用地,7,0.073649
nlni_l03b_landuse_by_watershed,https://nlftp.mlit.go.jp/ksj/gml/datalist/KsjTmplt-L03-b.html#L03-b-16,2016,85045-0135,85045,,0200,その他の農用地,8,0.084163
nlni_l03b_landuse_by_watershed,https://nlftp.mlit.go.jp/ksj/gml/datalist/KsjTmplt-L03-b.html#L03-b-16,2016,85045-0135,85045,,0500,森林,721,7.584178
nlni_l03b_landuse_by_watershed,https://nlftp.mlit.go.jp/ksj/gml/datalist/KsjTmplt-L03-b.html#L03-b-16,2016,85045-0135,85045,,0700,建物用地,18,0.189367
nlni_l03b_landuse_by_watershed,https://nlftp.mlit.go.jp/ksj/gml/datalist/KsjTmplt-L03-b.html#L03-b-16,2016,85045-0135,85045,,1600,ゴルフ場,56,0.589102
nlni_l03b_landuse_by_watershed,https://nlftp.mlit.go.jp/ksj/gml/datalist/KsjTmplt-L03-b.html#L03-b-16,2016,85045-0136,85045,,0100,田,3,0.031561
nlni_l03b_landuse_by_watershed,https://nlftp.mlit.go.jp/ksj/gml/datalist/KsjTmplt-L03-b.html#L03-b-16,2016,85045-0136,85045,,0200,その他の農用地,3,0.03156
nlni_l03b_landuse_by_watershed,https://nlftp.mlit.go.jp/ksj/gml/datalist/KsjTmplt-L03-b.html#L03-b-16,2016,85045-0136,85045,,0500,森林,399,4.196671
nlni_l03b_landuse_by_watershed,https://nlftp.mlit.go.jp/ksj/gml/datalist/KsjTmplt-L03-b.html#L03-b-16,2016,85045-0136,85045,,0600,荒地,6,0.063106
nlni_l03b_landuse_by_watershed,https://nlftp.mlit.go.jp/ksj/gml/datalist/KsjTmplt-L03-b.html#L03-b-16,2016,85045-0136,85045,,0700,建物用地,30,0.315576
nlni_l03b_landuse_by_watershed,https://nlftp.mlit.go.jp/ksj/gml/datalist/KsjTmplt-L03-b.html#L03-b-16,2016,85045-0136,85045,,1000,その他の用地,19,0.199864
nlni_l03b_landuse_by_watershed,https://nlftp.mlit.go.jp/ksj/gml/datalist/KsjTmplt-L03-b.html#L03-b-16,2016,85045-0136,85045,,1600,ゴルフ場,88,0.92557
nlni_l03b_landuse_by_watershed,https://nlftp.mlit.go.jp/ksj/gml/datalist/KsjTmplt-L03-b.html#L03-b-16,2016,85045-0137,85045,,0100,田,16,0.168308
nlni_l03b_landuse_by_watershed,https://nlftp.mlit.go.jp/ksj/gml/datalist/KsjTmplt-L03-b.html#L03-b-16,2016,85045-0137,85045,,0200,その他の農用地,8,0.084155
nlni_l03b_landuse_by_watershed,https://nlftp.mlit.go.jp/ksj/gml/datalist/KsjTmplt-L03-b.html#L03-b-16,2016,85045-0137,85045,,0500,森林,31,0.326062
nlni_l03b_landuse_by_watershed,https://nlftp.mlit.go.jp/ksj/gml/datalist/KsjTmplt-L03-b.html#L03-b-16,2016,85045-0137,85045,,0600,荒地,2,0.021036
nlni_l03b_landuse_by_watershed,https://nlftp.mlit.go.jp/ksj/gml/datalist/KsjTmplt-L03-b.html#L03-b-16,2016,85045-0137,85045,,0700,建物用地,63,0.662687
nlni_l03b_landuse_by_watershed,https://nlftp.mlit.go.jp/ksj/gml/datalist/KsjTmplt-L03-b.html#L03-b-16,2016,85045-0137,85045,,1000,その他の用地,3,0.031554
nlni_l03b_landuse_by_watershed,https://nlftp.mlit.go.jp/ksj/gml/datalist/KsjTmplt-L03-b.html#L03-b-16,2016,85045-0137,85045,,1100,河川地及び湖沼,12,0.126231
nlni_l03b_landuse_by_watershed,https://nlftp.mlit.go.jp/ksj/gml/datalist/KsjTmplt-L03-b.html#L03-b-16,2016,85045-0138,85045,,0100,田,12,0.126208
nlni_l03b_landuse_by_watershed,https://nlftp.mlit.go.jp/ksj/gml/datalist/KsjTmplt-L03-b.html#L03-b-16,2016,85045-0138,85045,,0200,その他の農用地,1,0.010517
nlni_l03b_landuse_by_watershed,https://nlftp.mlit.go.jp/ksj/gml/datalist/KsjTmplt-L03-b.html#L03-b-16,2016,85045-0138,85045,,0500,森林,284,2.986683
nlni_l03b_landuse_by_watershed,https://nlftp.mlit.go.jp/ksj/gml/datalist/KsjTmplt-L03-b.html#L03-b-16,2016,85045-0138,85045,,0600,荒地,7,0.073615
nlni_l03b_landuse_by_watershed,https://nlftp.mlit.go.jp/ksj/gml/datalist/KsjTmplt-L03-b.html#L03-b-16,2016,85045-0138,85045,,0700,建物用地,6,0.063103
nlni_l03b_landuse_by_watershed,https://nlftp.mlit.go.jp/ksj/gml/datalist/KsjTmplt-L03-b.html#L03-b-16,2016,85045-0138,85045,,1600,ゴルフ場,1,0.010517
nlni_l03b_landuse_by_watershed,https://nlftp.mlit.go.jp/ksj/gml/datalist/KsjTmplt-L03-b.html#L03-b-16,2016,85045-0139,85045,,0100,田,110,1.156601
nlni_l03b_landuse_by_watershed,https://nlftp.mlit.go.jp/ksj/gml/datalist/KsjTmplt-L03-b.html#L03-b-16,2016,85045-0139,85045,,0200,その他の農用地,46,0.48365
nlni_l03b_landuse_by_watershed,https://nlftp.mlit.go.jp/ksj/gml/datalist/KsjTmplt-L03-b.html#L03-b-16,2016,85045-0139,85045,,0500,森林,473,4.973765
nlni_l03b_landuse_by_watershed,https://nlftp.mlit.go.jp/ksj/gml/datalist/KsjTmplt-L03-b.html#L03-b-16,2016,85045-0139,85045,,0600,荒地,1,0.010517
nlni_l03b_landuse_by_watershed,https://nlftp.mlit.go.jp/ksj/gml/datalist/KsjTmplt-L03-b.html#L03-b-16,2016,85045-0139,85045,,0700,建物用地,145,1.524475
nlni_l03b_landuse_by_watershed,https://nlftp.mlit.go.jp/ksj/gml/datalist/KsjTmplt-L03-b.html#L03-b-16,2016,85045-0139,85045,,0901,道路,5,0.052566
nlni_l03b_landuse_by_watershed,https://nlftp.mlit.go.jp/ksj/gml/datalist/KsjTmplt-L03-b.html#L03-b-16,2016,85045-0139,85045,,0902,鉄道,7,0.073597
nlni_l03b_landuse_by_watershed,https://nlftp.mlit.go.jp/ksj/gml/datalist/KsjTmplt-L03-b.html#L03-b-16,2016,85045-0139,85045,,1000,その他の用地,11,0.115645
nlni_l03b_landuse_by_watershed,https://nlftp.mlit.go.jp/ksj/gml/datalist/KsjTmplt-L03-b.html#L03-b-16,2016,85045-0139,85045,,1100,河川地及び湖沼,3,0.03155
nlni_l03b_landuse_by_watershed,https://nlftp.mlit.go.jp/ksj/gml/datalist/KsjTmplt-L03-b.html#L03-b-16,2016,85045-0140,85045,,0100,田,205,2.155097
nlni_l03b_landuse_by_watershed,https://nlftp.mlit.go.jp/ksj/gml/datalist/KsjTmplt-L03-b.html#L03-b-16,2016,85045-0140,85045,,0200,その他の農用地,35,0.367953
nlni_l03b_landuse_by_watershed,https://nlftp.mlit.go.jp/ksj/gml/datalist/KsjTmplt-L03-b.html#L03-b-16,2016,85045-0140,85045,,0500,森林,183,1.923433
nlni_l03b_landuse_by_watershed,https://nlftp.mlit.go.jp/ksj/gml/datalist/KsjTmplt-L03-b.html#L03-b-16,2016,85045-0140,85045,,0600,荒地,6,0.063076
nlni_l03b_landuse_by_watershed,https://nlftp.mlit.go.jp/ksj/gml/datalist/KsjTmplt-L03-b.html#L03-b-16,2016,85045-0140,85045,,0700,建物用地,243,2.554386
nlni_l03b_landuse_by_watershed,https://nlftp.mlit.go.jp/ksj/gml/datalist/KsjTmplt-L03-b.html#L03-b-16,2016,85045-0140,85045,,0901,道路,12,0.126166
nlni_l03b_landuse_by_watershed,https://nlftp.mlit.go.jp/ksj/gml/datalist/KsjTmplt-L03-b.html#L03-b-16,2016,85045-0140,85045,,0902,鉄道,7,0.073614
nlni_l03b_landuse_by_watershed,https://nlftp.mlit.go.jp/ksj/gml/datalist/KsjTmplt-L03-b.html#L03-b-16,2016,85045-0140,85045,,1000,その他の用地,40,0.420424
nlni_l03b_landuse_by_watershed,https://nlftp.mlit.go.jp/ksj/gml/datalist/KsjTmplt-L03-b.html#L03-b-16,2016,85045-0141,85045,,0100,田,57,0.599448
nlni_l03b_landuse_by_watershed,https://nlftp.mlit.go.jp/ksj/gml/datalist/KsjTmplt-L03-b.html#L03-b-16,2016,85045-0141,85045,,0200,その他の農用地,10,0.105165
nlni_l03b_landuse_by_watershed,https://nlftp.mlit.go.jp/ksj/gml/datalist/KsjTmplt-L03-b.html#L03-b-16,2016,85045-0141,85045,,0500,森林,56,0.588906
nlni_l03b_landuse_by_watershed,https://nlftp.mlit.go.jp/ksj/gml/datalist/KsjTmplt-L03-b.html#L03-b-16,2016,85045-0141,85045,,0600,荒地,5,0.052583
nlni_l03b_landuse_by_watershed,https://nlftp.mlit.go.jp/ksj/gml/datalist/KsjTmplt-L03-b.html#L03-b-16,2016,85045-0141,85045,,0700,建物用地,70,0.736165
nlni_l03b_landuse_by_watershed,https://nlftp.mlit.go.jp/ksj/gml/datalist/KsjTmplt-L03-b.html#L03-b-16,2016,85045-0141,85045,,0901,道路,20,0.210341
nlni_l03b_landuse_by_watershed,https://nlftp.mlit.go.jp/ksj/gml/datalist/KsjTmplt-L03-b.html#L03-b-16,2016,85045-0141,85045,,1000,その他の用地,309,3.249462
nlni_l03b_landuse_by_watershed,https://nlftp.mlit.go.jp/ksj/gml/datalist/KsjTmplt-L03-b.html#L03-b-16,2016,85045-0141,85045,,1100,河川地及び湖沼,5,0.052585
nlni_l03b_landuse_by_watershed,https://nlftp.mlit.go.jp/ksj/gml/datalist/KsjTmplt-L03-b.html#L03-b-16,2016,85045-0141,85045,,1600,ゴルフ場,6,0.063094
nlni_l03b_landuse_by_watershed,https://nlftp.mlit.go.jp/ksj/gml/datalist/KsjTmplt-L03-b.html#L03-b-16,2016,85045-0142,85045,,0100,田,24,0.252356
nlni_l03b_landuse_by_watershed,https://nlftp.mlit.go.jp/ksj/gml/datalist/KsjTmplt-L03-b.html#L03-b-16,2016,85045-0142,85045,,0200,その他の農用地,6,0.063091
nlni_l03b_landuse_by_watershed,https://nlftp.mlit.go.jp/ksj/gml/datalist/KsjTmplt-L03-b.html#L03-b-16,2016,85045-0142,85045,,0500,森林,31,0.325972
nlni_l03b_landuse_by_watershed,https://nlftp.mlit.go.jp/ksj/gml/datalist/KsjTmplt-L03-b.html#L03-b-16,2016,85045-0142,85045,,0600,荒地,4,0.042061
nlni_l03b_landuse_by_watershed,https://nlftp.mlit.go.jp/ksj/gml/datalist/KsjTmplt-L03-b.html#L03-b-16,2016,85045-0142,85045,,0700,建物用地,55,0.578323
nlni_l03b_landuse_by_watershed,https://nlftp.mlit.go.jp/ksj/gml/datalist/KsjTmplt-L03-b.html#L03-b-16,2016,85045-0142,85045,,0901,道路,7,0.073613
nlni_l03b_landuse_by_watershed,https://nlftp.mlit.go.jp/ksj/gml/datalist/KsjTmplt-L03-b.html#L03-b-16,2016,85045-0142,85045,,1000,その他の用地,38,0.399582
nlni_l03b_landuse_by_watershed,https://nlftp.mlit.go.jp/ksj/gml/datalist/KsjTmplt-L03-b.html#L03-b-16,2016,85045-0142,85045,,1100,河川地及び湖沼,5,0.052578
nlni_l03b_landuse_by_watershed,https://nlftp.mlit.go.jp/ksj/gml/datalist/KsjTmplt-L03-b.html#L03-b-16,2016,85045-0142,85045,,1600,ゴルフ場,15,0.15773
nlni_l03b_landuse_by_watershed,https://nlftp.mlit.go.jp/ksj/gml/datalist/KsjTmplt-L03-b.html#L03-b-16,2016,85045-0143,85045,,0100,田,43,0.452099
nlni_l03b_landuse_by_watershed,https://nlftp.mlit.go.jp/ksj/gml/datalist/KsjTmplt-L03-b.html#L03-b-16,2016,85045-0143,85045,,0200,その他の農用地,63,0.662387
nlni_l03b_landuse_by_watershed,https://nlftp.mlit.go.jp/ksj/gml/datalist/KsjTmplt-L03-b.html#L03-b-16,2016,85045-0143,85045,,0500,森林,68,0.714951
nlni_l03b_landuse_by_watershed,https://nlftp.mlit.go.jp/ksj/gml/datalist/KsjTmplt-L03-b.html#L03-b-16,2016,85045-0143,85045,,0600,荒地,9,0.094629
nlni_l03b_landuse_by_watershed,https://nlftp.mlit.go.jp/ksj/gml/datalist/KsjTmplt-L03-b.html#L03-b-16,2016,85045-0143,85045,,0700,建物用地,11,0.115658
nlni_l03b_landuse_by_watershed,https://nlftp.mlit.go.jp/ksj/gml/datalist/KsjTmplt-L03-b.html#L03-b-16,2016,85045-0143,85045,,1000,その他の用地,53,0.557257
nlni_l03b_landuse_by_watershed,https://nlftp.mlit.go.jp/ksj/gml/datalist/KsjTmplt-L03-b.html#L03-b-16,2016,85045-0143,85045,,1100,河川地及び湖沼,1,0.010513
nlni_l03b_landuse_by_watershed,https://nlftp.mlit.go.jp/ksj/gml/datalist/KsjTmplt-L03-b.html#L03-b-16,2016,85045-0143,85045,,1600,ゴルフ場,32,0.336444
nlni_l03b_landuse_by_watershed,https://nlftp.mlit.go.jp/ksj/gml/datalist/KsjTmplt-L03-b.html#L03-b-16,2016,85045-0144,85045,,0100,田,30,0.315397
nlni_l03b_landuse_by_watershed,https://nlftp.mlit.go.jp/ksj/gml/datalist/KsjTmplt-L03-b.html#L03-b-16,2016,85045-0144,85045,,0200,その他の農用地,46,0.483583
nlni_l03b_landuse_by_watershed,https://nlftp.mlit.go.jp/ksj/gml/datalist/KsjTmplt-L03-b.html#L03-b-16,2016,85045-0144,85045,,0500,森林,77,0.809487
nlni_l03b_landuse_by_watershed,https://nlftp.mlit.go.jp/ksj/gml/datalist/KsjTmplt-L03-b.html#L03-b-16,2016,85045-0144,85045,,0700,建物用地,30,0.315392
nlni_l03b_landuse_by_watershed,https://nlftp.mlit.go.jp/ksj/gml/datalist/KsjTmplt-L03-b.html#L03-b-16,2016,85045-0144,85045,,1000,その他の用地,14,0.147181
nlni_l03b_landuse_by_watershed,https://nlftp.mlit.go.jp/ksj/gml/datalist/KsjTmplt-L03-b.html#L03-b-16,2016,85045-0144,85045,,1100,河川地及び湖沼,4,0.042054
nlni_l03b_landuse_by_watershed,https://nlftp.mlit.go.jp/ksj/gml/datalist/KsjTmplt-L03-b.html#L03-b-16,2016,85045-0144,85045,,1600,ゴルフ場,26,0.273344
nlni_l03b_landuse_by_watershed,https://nlftp.mlit.go.jp/ksj/gml/datalist/KsjTmplt-L03-b.html#L03-b-16,2016,85045-0146,85045,,0200,その他の農用地,34,0.357455
nlni_l03b_landuse_by_watershed,https://nlftp.mlit.go.jp/ksj/gml/datalist/KsjTmplt-L03-b.html#L03-b-16,2016,85045-0146,85045,,0500,森林,432,4.542148
nlni_l03b_landuse_by_watershed,https://nlftp.mlit.go.jp/ksj/gml/datalist/KsjTmplt-L03-b.html#L03-b-16,2016,85045-0146,85045,,0600,荒地,6,0.063081
nlni_l03b_landuse_by_watershed,https://nlftp.mlit.go.jp/ksj/gml/datalist/KsjTmplt-L03-b.html#L03-b-16,2016,85045-0146,85045,,0700,建物用地,70,0.735922
nlni_l03b_landuse_by_watershed,https://nlftp.mlit.go.jp/ksj/gml/datalist/KsjTmplt-L03-b.html#L03-b-16,2016,85045-0146,85045,,1000,その他の用地,7,0.073594
nlni_l03b_landuse_by_watershed,https://nlftp.mlit.go.jp/ksj/gml/datalist/KsjTmplt-L03-b.html#L03-b-16,2016,85045-0147,85045,,0100,田,43,0.451968
nlni_l03b_landuse_by_watershed,https://nlftp.mlit.go.jp/ksj/gml/datalist/KsjTmplt-L03-b.html#L03-b-16,2016,85045-0147,85045,,0200,その他の農用地,10,0.105117
nlni_l03b_landuse_by_watershed,https://nlftp.mlit.go.jp/ksj/gml/datalist/KsjTmplt-L03-b.html#L03-b-16,2016,85045-0147,85045,,0500,森林,36,0.378378
nlni_l03b_landuse_by_watershed,https://nlftp.mlit.go.jp/ksj/gml/datalist/KsjTmplt-L03-b.html#L03-b-16,2016,85045-0147,85045,,0600,荒地,2,0.021026
nlni_l03b_landuse_by_watershed,https://nlftp.mlit.go.jp/ksj/gml/datalist/KsjTmplt-L03-b.html#L03-b-16,2016,85045-0147,85045,,0700,建物用地,330,3.468773
nlni_l03b_landuse_by_watershed,https://nlftp.mlit.go.jp/ksj/gml/datalist/KsjTmplt-L03-b.html#L03-b-16,2016,85045-0147,85045,,0901,道路,16,0.168197
nlni_l03b_landuse_by_watershed,https://nlftp.mlit.go.jp/ksj/gml/datalist/KsjTmplt-L03-b.html#L03-b-16,2016,85045-0147,85045,,0902,鉄道,2,0.021024
nlni_l03b_landuse_by_watershed,https://nlftp.mlit.go.jp/ksj/gml/datalist/KsjTmplt-L03-b.html#L03-b-16,2016,85045-0147,85045,,1000,その他の用地,23,0.241764
nlni_l03b_landuse_by_watershed,https://nlftp.mlit.go.jp/ksj/gml/datalist/KsjTmplt-L03-b.html#L03-b-16,2016,85553-0076,85553,,0200,その他の農用地,6,0.063231
nlni_l03b_landuse_by_watershed,https://nlftp.mlit.go.jp/ksj/gml/datalist/KsjTmplt-L03-b.html#L03-b-16,2016,85553-0076,85553,,0500,森林,239,2.518553
nlni_l03b_landuse_by_watershed,https://nlftp.mlit.go.jp/ksj/gml/datalist/KsjTmplt-L03-b.html#L03-b-16,2016,85553-0076,85553,,0600,荒地,1,0.010538
nlni_l03b_landuse_by_watershed,https://nlftp.mlit.go.jp/ksj/gml/datalist/KsjTmplt-L03-b.html#L03-b-16,2016,85553-0076,85553,,0700,建物用地,66,0.695521
nlni_l03b_landuse_by_watershed,https://nlftp.mlit.go.jp/ksj/gml/datalist/KsjTmplt-L03-b.html#L03-b-16,2016,85553-0076,85553,,1000,その他の用地,5,0.052692
nlni_l03b_landuse_by_watershed,https://nlftp.mlit.go.jp/ksj/gml/datalist/KsjTmplt-L03-b.html#L03-b-16,2016,85553-0091,85553,,0200,その他の農用地,7,0.073755
nlni_l03b_landuse_by_watershed,https://nlftp.mlit.go.jp/ksj/gml/datalist/KsjTmplt-L03-b.html#L03-b-16,2016,85553-0091,85553,,0500,森林,490,5.162625
nlni_l03b_landuse_by_watershed,https://nlftp.mlit.go.jp/ksj/gml/datalist/KsjTmplt-L03-b.html#L03-b-16,2016,85553-0091,85553,,0700,建物用地,99,1.043155
nlni_l03b_landuse_by_watershed,https://nlftp.mlit.go.jp/ksj/gml/datalist/KsjTmplt-L03-b.html#L03-b-16,2016,85553-0091,85553,,0902,鉄道,4,0.042148
nlni_l03b_landuse_by_watershed,https://nlftp.mlit.go.jp/ksj/gml/datalist/KsjTmplt-L03-b.html#L03-b-16,2016,85553-0091,85553,,1000,その他の用地,4,0.042141
nlni_l03b_landuse_by_watershed,https://nlftp.mlit.go.jp/ksj/gml/datalist/KsjTmplt-L03-b.html#L03-b-16,2016,85553-0091,85553,,1100,河川地及び湖沼,1,0.010538
nlni_l03b_landuse_by_watershed,https://nlftp.mlit.go.jp/ksj/gml/datalist/KsjTmplt-L03-b.html#L03-b-16,2016,85553-0091,85553,,1600,ゴルフ場,10,0.105352
nlni_l03b_landuse_by_watershed,https://nlftp.mlit.go.jp/ksj/gml/datalist/KsjTmplt-L03-b.html#L03-b-16,2016,85553-0092,85553,,0500,森林,225,2.370369
nlni_l03b_landuse_by_watershed,https://nlftp.mlit.go.jp/ksj/gml/datalist/KsjTmplt-L03-b.html#L03-b-16,2016,85553-0092,85553,,0600,荒地,1,0.010536
nlni_l03b_landuse_by_watershed,https://nlftp.mlit.go.jp/ksj/gml/datalist/KsjTmplt-L03-b.html#L03-b-16,2016,85553-0092,85553,,0700,建物用地,77,0.811308
nlni_l03b_landuse_by_watershed,https://nlftp.mlit.go.jp/ksj/gml/datalist/KsjTmplt-L03-b.html#L03-b-16,2016,85553-0092,85553,,0902,鉄道,2,0.021074
nlni_l03b_landuse_by_watershed,https://nlftp.mlit.go.jp/ksj/gml/datalist/KsjTmplt-L03-b.html#L03-b-16,2016,85553-0092,85553,,1100,河川地及び湖沼,1,0.010537
nlni_l03b_landuse_by_watershed,https://nlftp.mlit.go.jp/ksj/gml/datalist/KsjTmplt-L03-b.html#L03-b-16,2016,85553-0092,85553,,1600,ゴルフ場,20,0.210711
nlni_l03b_landuse_by_watershed,https://nlftp.mlit.go.jp/ksj/gml/datalist/KsjTmplt-L03-b.html#L03-b-06,2006,83030-0001,83030,多摩川,2,その他の農用地,1,0.010481
nlni_l03b_landuse_by_watershed,https://nlftp.mlit.go.jp/ksj/gml/datalist/KsjTmplt-L03-b.html#L03-b-06,2006,83030-0001,83030,多摩川,7,建物用地,947,9.925335
nlni_l03b_landuse_by_watershed,https://nlftp.mlit.go.jp/ksj/gml/datalist/KsjTmplt-L03-b.html#L03-b-06,2006,83030-0001,83030,多摩川,9,幹線交通用地,43,0.450687
nlni_l03b_landuse_by_watershed,https://nlftp.mlit.go.jp/ksj/gml/datalist/KsjTmplt-L03-b.html#L03-b-06,2006,83030-0001,83030,多摩川,A,その他の用地,196,2.054236
nlni_l03b_landuse_by_watershed,https://nlftp.mlit.go.jp/ksj/gml/datalist/KsjTmplt-L03-b.html#L03-b-06,2006,83030-0001,83030,多摩川,B,河川地及び湖沼,409,4.286555
nlni_l03b_landuse_by_watershed,https://nlftp.mlit.go.jp/ksj/gml/datalist/KsjTmplt-L03-b.html#L03-b-06,2006,83030-0001,83030,多摩川,F,海水域,67,0.702301
nlni_l03b_landuse_by_watershed,https://nlftp.mlit.go.jp/ksj/gml/datalist/KsjTmplt-L03-b.html#L03-b-06,2006,83030-0002,83030,多摩川,1,田,4,0.041892
nlni_l03b_landuse_by_watershed,https://nlftp.mlit.go.jp/ksj/gml/datalist/KsjTmplt-L03-b.html#L03-b-06,2006,83030-0002,83030,多摩川,2,その他の農用地,52,0.544616
nlni_l03b_landuse_by_watershed,https://nlftp.mlit.go.jp/ksj/gml/datalist/KsjTmplt-L03-b.html#L03-b-06,2006,83030-0002,83030,多摩川,5,森林,99,1.036845
nlni_l03b_landuse_by_watershed,https://nlftp.mlit.go.jp/ksj/gml/datalist/KsjTmplt-L03-b.html#L03-b-06,2006,83030-0002,83030,多摩川,6,荒地,9,0.09426
nlni_l03b_landuse_by_watershed,https://nlftp.mlit.go.jp/ksj/gml/datalist/KsjTmplt-L03-b.html#L03-b-06,2006,83030-0002,83030,多摩川,7,建物用地,1778,18.625029
nlni_l03b_landuse_by_watershed,https://nlftp.mlit.go.jp/ksj/gml/datalist/KsjTmplt-L03-b.html#L03-b-06,2006,83030-0002,83030,多摩川,9,幹線交通用地,56,0.586623
nlni_l03b_landuse_by_watershed,https://nlftp.mlit.go.jp/ksj/gml/datalist/KsjTmplt-L03-b.html#L03-b-06,2006,83030-0002,83030,多摩川,A,その他の用地,271,2.838471
nlni_l03b_landuse_by_watershed,https://nlftp.mlit.go.jp/ksj/gml/datalist/KsjTmplt-L03-b.html#L03-b-06,2006,83030-0002,83030,多摩川,B,河川地及び湖沼,17,0.178069
nlni_l03b_landuse_by_watershed,https://nlftp.mlit.go.jp/ksj/gml/datalist/KsjTmplt-L03-b.html#L03-b-06,2006,83030-0002,83030,多摩川,G,ゴルフ場,49,0.513151
nlni_l03b_landuse_by_watershed,https://nlftp.mlit.go.jp/ksj/gml/datalist/KsjTmplt-L03-b.html#L03-b-06,2006,83030-0003,83030,多摩川,2,その他の農用地,1,0.010477
nlni_l03b_landuse_by_watershed,https://nlftp.mlit.go.jp/ksj/gml/datalist/KsjTmplt-L03-b.html#L03-b-06,2006,83030-0003,83030,多摩川,5,森林,3,0.031425
nlni_l03b_landuse_by_watershed,https://nlftp.mlit.go.jp/ksj/gml/datalist/KsjTmplt-L03-b.html#L03-b-06,2006,83030-0003,83030,多摩川,7,建物用地,912,9.554423
nlni_l03b_landuse_by_watershed,https://nlftp.mlit.go.jp/ksj/gml/datalist/KsjTmplt-L03-b.html#L03-b-06,2006,83030-0003,83030,多摩川,9,幹線交通用地,17,0.178071
nlni_l03b_landuse_by_watershed,https://nlftp.mlit.go.jp/ksj/gml/datalist/KsjTmplt-L03-b.html#L03-b-06,2006,83030-0003,83030,多摩川,A,その他の用地,13,0.136205
nlni_l03b_landuse_by_watershed,https://nlftp.mlit.go.jp/ksj/gml/datalist/KsjTmplt-L03-b.html#L03-b-06,2006,83030-0003,83030,多摩川,B,河川地及び湖沼,256,2.682215
nlni_l03b_landuse_by_watershed,https://nlftp.mlit.go.jp/ksj/gml/datalist/KsjTmplt-L03-b.html#L03-b-06,2006,83030-0003,83030,多摩川,G,ゴルフ場,13,0.136224
nlni_l03b_landuse_by_watershed,https://nlftp.mlit.go.jp/ksj/gml/datalist/KsjTmplt-L03-b.html#L03-b-06,2006,83030-0004,83030,多摩川,2,その他の農用地,2,0.020945
nlni_l03b_landuse_by_watershed,https://nlftp.mlit.go.jp/ksj/gml/datalist/KsjTmplt-L03-b.html#L03-b-06,2006,83030-0004,83030,多摩川,7,建物用地,108,1.13111
nlni_l03b_landuse_by_watershed,https://nlftp.mlit.go.jp/ksj/gml/datalist/KsjTmplt-L03-b.html#L03-b-06,2006,83030-0004,83030,多摩川,9,幹線交通用地,5,0.052364
nlni_l03b_landuse_by_watershed,https://nlftp.mlit.go.jp/ksj/gml/datalist/KsjTmplt-L03-b.html#L03-b-06,2006,83030-0004,83030,多摩川,A,その他の用地,17,0.178057
nlni_l03b_landuse_by_watershed,https://nlftp.mlit.go.jp/ksj/gml/datalist/KsjTmplt-L03-b.html#L03-b-06,2006,83030-0004,83030,多摩川,B,河川地及び湖沼,166,1.738592
nlni_l03b_landuse_by_watershed,https://nlftp.mlit.go.jp/ksj/gml/datalist/KsjTmplt-L03-b.html#L03-b-06,2006,83030-0005,83030,,2,その他の農用地,1,0.010473
nlni_l03b_landuse_by_watershed,https://nlftp.mlit.go.jp/ksj/gml/datalist/KsjTmplt-L03-b.html#L03-b-06,2006,83030-0005,83030,,5,森林,1,0.010474
nlni_l03b_landuse_by_watershed,https://nlftp.mlit.go.jp/ksj/gml/datalist/KsjTmplt-L03-b.html#L03-b-06,2006,83030-0005,83030,,7,建物用地,196,2.052683
nlni_l03b_landuse_by_watershed,https://nlftp.mlit.go.jp/ksj/gml/datalist/KsjTmplt-L03-b.html#L03-b-06,2006,83030-0005,83030,,9,幹線交通用地,5,0.052362
nlni_l03b_landuse_by_watershed,https://nlftp.mlit.go.jp/ksj/gml/datalist/KsjTmplt-L03-b.html#L03-b-06,2006,83030-0005,83030,,A,その他の用地,8,0.083784
nlni_l03b_landuse_by_watershed,https://nlftp.mlit.go.jp/ksj/gml/datalist/KsjTmplt-L03-b.html#L03-b-06,2006,83030-0005,83030,,B,河川地及び湖沼,7,0.073317
nlni_l03b_landuse_by_watershed,https://nlftp.mlit.go.jp/ksj/gml/datalist/KsjTmplt-L03-b.html#L03-b-06,2006,83030-0006,83030,,2,その他の農用地,3,0.031407
nlni_l03b_landuse_by_watershed,https://nlftp.mlit.go.jp/ksj/gml/datalist/KsjTmplt-L03-b.html#L03-b-06,2006,83030-0006,83030,,5,森林,13,0.136108
nlni_l03b_landuse_by_watershed,https://nlftp.mlit.go.jp/ksj/gml/datalist/KsjTmplt-L03-b.html#L03-b-06,2006,83030-0006,83030,,7,建物用地,384,4.020306
nlni_l03b_landuse_by_watershed,https://nlftp.mlit.go.jp/ksj/gml/datalist/KsjTmplt-L03-b.html#L03-b-06,2006,83030-0006,83030,,9,幹線交通用地,33,0.345512
nlni_l03b_landuse_by_watershed,https://nlftp.mlit.go.jp/ksj/gml/datalist/KsjTmplt-L03-b.html#L03-b-06,2006,83030-0006,83030,,A,その他の用地,76,0.795678
nlni_l03b_landuse_by_watershed,https://nlftp.mlit.go.jp/ksj/gml/datalist/KsjTmplt-L03-b.html#L03-b-06,2006,83030-0007,83030,,2,その他の農用地,4,0.041873
nlni_l03b_landuse_by_watershed,https://nlftp.mlit.go.jp/ksj/gml/datalist/KsjTmplt-L03-b.html#L03-b-06,2006,83030-0007,83030,,5,森林,1,0.010472
nlni_l03b_landuse_by_watershed,https://nlftp.mlit.go.jp/ksj/gml/datalist/KsjTmplt-L03-b.html#L03-b-06,2006,83030-0007,83030,,7,建物用地,442,4.627662
nlni_l03b_landuse_by_watershed,https://nlftp.mlit.go.jp/ksj/gml/datalist/KsjTmplt-L03-b.html#L03-b-06,2006,83030-0007,83030,,9,幹線交通用地,31,0.324564
nlni_l03b_landuse_by_watershed,https://nlftp.mlit.go.jp/ksj/gml/datalist/KsjTmplt-L03-b.html#L03-b-06,2006,83030-0007,83030,,A,その他の用地,18,0.188439
nlni_l03b_landuse_by_watershed,https://nlftp.mlit.go.jp/ksj/gml/datalist/KsjTmplt-L03-b.html#L03-b-06,2006,83030-0008,83030,多摩川,7,建物用地,73,0.764467
nlni_l03b_landuse_by_watershed,https://nlftp.mlit.go.jp/ksj/gml/datalist/KsjTmplt-L03-b.html#L03-b-06,2006,83030-0008,83030,多摩川,9,幹線交通用地,5,0.052359
nlni_l03b_landuse_by_watershed,https://nlftp.mlit.go.jp/ksj/gml/datalist/KsjTmplt-L03-b.html#L03-b-06,2006,83030-0008,83030,多摩川,A,その他の用地,3,0.031417
nlni_l03b_landuse_by_watershed,https://nlftp.mlit.go.jp/ksj/gml/datalist/KsjTmplt-L03-b.html#L03-b-06,2006,83030-0008,83030,多摩川,B,河川地及び湖沼,35,0.366507
nlni_l03b_landuse_by_watershed,https://nlftp.mlit.go.jp/ksj/gml/datalist/KsjTmplt-L03-b.html#L03-b-06,2006,83030-0009,83030,多摩川,2,その他の農用地,2,0.020941
nlni_l03b_landuse_by_watershed,https://nlftp.mlit.go.jp/ksj/gml/datalist/KsjTmplt-L03-b.html#L03-b-06,2006,83030-0009,83030,多摩川,7,建物用地,51,0.534013
nlni_l03b_landuse_by_watershed,https://nlftp.mlit.go.jp/ksj/gml/datalist/KsjTmplt-L03-b.html#L03-b-06,2006,83030-0009,83030,多摩川,9,幹線交通用地,2,0.020943
nlni_l03b_landuse_by_watershed,https://nlftp.mlit.go.jp/ksj/gml/datalist/KsjTmplt-L03-b.html#L03-b-06,2006,83030-0009,83030,多摩川,A,その他の用地,9,0.094237
nlni_l03b_landuse_by_watershed,https://nlftp.mlit.go.jp/ksj/gml/datalist/KsjTmplt-L03-b.html#L03-b-06,2006,83030-0009,83030,多摩川,B,河川地及び湖沼,31,0.324609
nlni_l03b_landuse_by_watershed,https://nlftp.mlit.go.jp/ksj/gml/datalist/KsjTmplt-L03-b.html#L03-b-06,2006,83030-0010,83030,,2,その他の農用地,3,0.03141
nlni_l03b_landuse_by_watershed,https://nlftp.mlit.go.jp/ksj/gml/datalist/KsjTmplt-L03-b.html#L03-b-06,2006,83030-0010,83030,,7,建物用地,2,0.02094
nlni_l03b_landuse_by_watershed,https://nlftp.mlit.go.jp/ksj/gml/datalist/KsjTmplt-L03-b.html#L03-b-06,2006,83030-0010,83030,,A,その他の用地,4,0.041881
nlni_l03b_landuse_by_watershed,https://nlftp.mlit.go.jp/ksj/gml/datalist/KsjTmplt-L03-b.html#L03-b-06,2006,83030-0011,83030,,2,その他の農用地,24,0.251242
nlni_l03b_landuse_by_watershed,https://nlftp.mlit.go.jp/ksj/gml/datalist/KsjTmplt-L03-b.html#L03-b-06,2006,83030-0011,83030,,7,建物用地,518,5.422247
nlni_l03b_landuse_by_watershed,https://nlftp.mlit.go.jp/ksj/gml/datalist/KsjTmplt-L03-b.html#L03-b-06,2006,83030-0011,83030,,9,幹線交通用地,13,0.136068
nlni_l03b_landuse_by_watershed,https://nlftp.mlit.go.jp/ksj/gml/datalist/KsjTmplt-L03-b.html#L03-b-06,2006,83030-0011,83030,,A,その他の用地,55,0.575703
nlni_l03b_landuse_by_watershed,https://nlftp.mlit.go.jp/ksj/gml/datalist/KsjTmplt-L03-b.html#L03-b-06,2006,83030-0011,83030,,B,河川地及び湖沼,4,0.04188
nlni_l03b_landuse_by_watershed,https://nlftp.mlit.go.jp/ksj/gml/datalist/KsjTmplt-L03-b.html#L03-b-06,2006,83030-0012,83030,,2,その他の農用地,9,0.094222
nlni_l03b_landuse_by_watershed,https://nlftp.mlit.go.jp/ksj/gml/datalist/KsjTmplt-L03-b.html#L03-b-06,2006,83030-0012,83030,,5,森林,5,0.052337
nlni_l03b_landuse_by_watershed,https://nlftp.mlit.go.jp/ksj/gml/datalist/KsjTmplt-L03-b.html#L03-b-06,2006,83030-0012,83030,,6,荒地,3,0.031408
nlni_l03b_landuse_by_watershed,https://nlftp.mlit.go.jp/ksj/gml/datalist/KsjTmplt-L03-b.html#L03-b-06,2006,83030-0012,83030,,7,建物用地,342,3.58013
nlni_l03b_landuse_by_watershed,https://nlftp.mlit.go.jp/ksj/gml/datalist/KsjTmplt-L03-b.html#L03-b-06,2006,83030-0012,83030,,9,幹線交通用地,3,0.031409
nlni_l03b_landuse_by_watershed,https://nlftp.mlit.go.jp/ksj/gml/datalist/KsjTmplt-L03-b.html#L03-b-06,2006,83030-0012,83030,,A,その他の用地,54,0.565263
nlni_l03b_landuse_by_watershed,https://nlftp.mlit.go.jp/ksj/gml/datalist/KsjTmplt-L03-b.html#L03-b-06,2006,83030-0012,83030,,B,河川地及び湖沼,5,0.052338
nlni_l03b_landuse_by_watershed,https://nlftp.mlit.go.jp/ksj/gml/datalist/KsjTmplt-L03-b.html#L03-b-06,2006,83030-0016,83030,多摩川,2,その他の農用地,29,0.303654
nlni_l03b_landuse_by_watershed,https://nlftp.mlit.go.jp/ksj/gml/datalist/KsjTmplt-L03-b.html#L03-b-06,2006,83030-0016,83030,多摩川,5,森林,143,1.497368
nlni_l03b_landuse_by_watershed,https://nlftp.mlit.go.jp/ksj/gml/datalist/KsjTmplt-L03-b.html#L03-b-06,2006,83030-0016,83030,多摩川,6,荒地,4,0.041884
nlni_l03b_landuse_by_watershed,https://nlftp.mlit.go.jp/ksj/gml/datalist/KsjTmplt-L03-b.html#L03-b-06,2006,83030-0016,83030,多摩川,7,建物用地,1020,10.680614
nlni_l03b_landuse_by_watershed,https://nlftp.mlit.go.jp/ksj/gml/datalist/KsjTmplt-L03-b.html#L03-b-06,2006,83030-0016,83030,多摩川,9,幹線交通用地,18,0.188487
nlni_l03b_landuse_by_watershed,https://nlftp.mlit.go.jp/ksj/gml/datalist/KsjTmplt-L03-b.html#L03-b-06,2006,83030-0016,83030,多摩川,A,その他の用地,194,2.031415
nlni_l03b_landuse_by_watershed,https://nlftp.mlit.go.jp/ksj/gml/datalist/KsjTmplt-L03-b.html#L03-b-06,2006,83030-0016,83030,多摩川,B,河川地及び湖沼,15,0.15707
nlni_l03b_landuse_by_watershed,https://nlftp.mlit.go.jp/ksj/gml/datalist/KsjTmplt-L03-b.html#L03-b-06,2006,83030-0016,83030,多摩川,G,ゴルフ場,12,0.125647
nlni_l03b_landuse_by_watershed,https://nlftp.mlit.go.jp/ksj/gml/datalist/KsjTmplt-L03-b.html#L03-b-06,2006,83030-0017,83030,多摩川,1,田,8,0.08374
nlni_l03b_landuse_by_watershed,https://nlftp.mlit.go.jp/ksj/gml/datalist/KsjTmplt-L03-b.html#L03-b-06,2006,83030-0017,83030,多摩川,2,その他の農用地,13,0.136084
nlni_l03b_landuse_by_watershed,https://nlftp.mlit.go.jp/ksj/gml/datalist/KsjTmplt-L03-b.html#L03-b-06,2006,83030-0017,83030,多摩川,7,建物用地,522,5.465013
nlni_l03b_landuse_by_watershed,https://nlftp.mlit.go.jp/ksj/gml/datalist/KsjTmplt-L03-b.html#L03-b-06,2006,83030-0017,83030,多摩川,9,幹線交通用地,5,0.052354
nlni_l03b_landuse_by_watershed,https://nlftp.mlit.go.jp/ksj/gml/datalist/KsjTmplt-L03-b.html#L03-b-06,2006,83030-0017,83030,多摩川,A,その他の用地,69,0.722368
nlni_l03b_landuse_by_watershed,https://nlftp.mlit.go.jp/ksj/gml/datalist/KsjTmplt-L03-b.html#L03-b-06,2006,83030-0017,83030,多摩川,B,河川地及び湖沼,284,2.97343
nlni_l03b_landuse_by_watershed,https://nlftp.mlit.go.jp/ksj/gml/datalist/KsjTmplt-L03-b.html#L03-b-06,2006,83030-0018,83030,多摩川,1,田,45,0.47115
nlni_l03b_landuse_by_watershed,https://nlftp.mlit.go.jp/ksj/gml/datalist/KsjTmplt-L03-b.html#L03-b-06,2006,83030-0018,83030,多摩川,2,その他の農用地,124,1.298225
nlni_l03b_landuse_by_watershed,https://nlftp.mlit.go.jp/ksj/gml/datalist/KsjTmplt-L03-b.html#L03-b-06,2006,83030-0018,83030,多摩川,5,森林,333,3.486543
nlni_l03b_landuse_by_watershed,https://nlftp.mlit.go.jp/ksj/gml/datalist/KsjTmplt-L03-b.html#L03-b-06,2006,83030-0018,83030,多摩川,6,荒地,84,0.879431
nlni_l03b_landuse_by_watershed,https://nlftp.mlit.go.jp/ksj/gml/datalist/KsjTmplt-L03-b.html#L03-b-06,2006,83030-0018,83030,多摩川,7,建物用地,591,6.186849
nlni_l03b_landuse_by_watershed,https://nlftp.mlit.go.jp/ksj/gml/datalist/KsjTmplt-L03-b.html#L03-b-06,2006,83030-0018,83030,多摩川,9,幹線交通用地,43,0.450164
nlni_l03b_landuse_by_watershed,https://nlftp.mlit.go.jp/ksj/gml/datalist/KsjTmplt-L03-b.html#L03-b-06,2006,83030-0018,83030,多摩川,A,その他の用地,440,4.606593
nlni_l03b_landuse_by_watershed,https://nlftp.mlit.go.jp/ksj/gml/datalist/KsjTmplt-L03-b.html#L03-b-06,2006,83030-0018,83030,多摩川,B,河川地及び湖沼,7,0.07328
nlni_l03b_landuse_by_watershed,https://nlftp.mlit.go.jp/ksj/gml/datalist/KsjTmplt-L03-b.html#L03-b-06,2006,83030-0018,83030,多摩川,G,ゴルフ場,144,1.507588
nlni_l03b_landuse_by_watershed,https://nlftp.mlit.go.jp/ksj/gml/datalist/KsjTmplt-L03-b.html#L03-b-06,2006,83030-0019,83030,多摩川,1,田,34,0.355823
nlni_l03b_landuse_by_watershed,https://nlftp.mlit.go.jp/ksj/gml/datalist/KsjTmplt-L03-b.html#L03-b-06,2006,83030-0019,83030,多摩川,2,その他の農用地,17,0.177923
nlni_l03b_landuse_by_watershed,https://nlftp.mlit.go.jp/ksj/gml/datalist/KsjTmplt-L03-b.html#L03-b-06,2006,83030-0019,83030,多摩川,5,森林,124,1.29797
nlni_l03b_landuse_by_watershed,https://nlftp.mlit.go.jp/ksj/gml/datalist/KsjTmplt-L03-b.html#L03-b-06,2006,83030-0019,83030,多摩川,6,荒地,1,0.010467
nlni_l03b_landuse_by_watershed,https://nlftp.mlit.go.jp/ksj/gml/datalist/KsjTmplt-L03-b.html#L03-b-06,2006,83030-0019,83030,多摩川,7,建物用地,814,8.518958
nlni_l03b_landuse_by_watershed,https://nlftp.mlit.go.jp/ksj/gml/datalist/KsjTmplt-L03-b.html#L03-b-06,2006,83030-0019,83030,多摩川,9,幹線交通用地,41,0.429082
nlni_l03b_landuse_by_watershed,https://nlftp.mlit.go.jp/ksj/gml/datalist/KsjTmplt-L03-b.html#L03-b-06,2006,83030-0019,83030,多摩川,A,その他の用地,260,2.721107
nlni_l03b_landuse_by_watershed,https://nlftp.mlit.go.jp/ksj/gml/datalist/KsjTmplt-L03-b.html#L03-b-06,2006,83030-0019,83030,多摩川,B,河川地及び湖沼,312,3.265618
nlni_l03b_landuse_by_watershed,https://nlftp.mlit.go.jp/ksj/gml/datalist/KsjTmplt-L03-b.html#L03-b-06,2006,83030-0019,83030,多摩川,G,ゴルフ場,80,0.837416
nlni_l03b_landuse_by_watershed,https://nlftp.mlit.go.jp/ksj/gml/datalist/KsjTmplt-L03-b.html#L03-b-06,2006,83030-0020,83030,,2,その他の農用地,1,0.010467
nlni_l03b_landuse_by_watershed,https://nlftp.mlit.go.jp/ksj/gml/datalist/KsjTmplt-L03-b.html#L03-b-06,2006,83030-0020,83030,,7,建物用地,23,0.240739
nlni_l03b_landuse_by_watershed,https://nlftp.mlit.go.jp/ksj/gml/datalist/KsjTmplt-L03-b.html#L03-b-06,2006,83030-0020,83030,,9,幹線交通用地,1,0.010467
nlni_l03b_landuse_by_watershed,https://nlftp.mlit.go.jp/ksj/gml/datalist/KsjTmplt-L03-b.html#L03-b-06,2006,83030-0020,83030,,A,その他の用地,12,0.125601
nlni_l03b_landuse_by_watershed,https://nlftp.mlit.go.jp/ksj/gml/datalist/KsjTmplt-L03-b.html#L03-b-06,2006,83030-0020,83030,,B,河川地及び湖沼,15,0.157
nlni_l03b_landuse_by_watershed,https://nlftp.mlit.go.jp/ksj/gml/datalist/KsjTmplt-L03-b.html#L03-b-06,2006,83030-0020,83030,,G,ゴルフ場,52,0.544291
nlni_l03b_landuse_by_watershed,https://nlftp.mlit.go.jp/ksj/gml/datalist/KsjTmplt-L03-b.html#L03-b-06,2006,83030-0021,83030,,1,田,1,0.01047
nlni_l03b_landuse_by_watershed,https://nlftp.mlit.go.jp/ksj/gml/datalist/KsjTmplt-L03-b.html#L03-b-06,2006,83030-0021,83030,,2,その他の農用地,4,0.041879
nlni_l03b_landuse_by_watershed,https://nlftp.mlit.go.jp/ksj/gml/datalist/KsjTmplt-L03-b.html#L03-b-06,2006,83030-0021,83030,,5,森林,71,0.743305
nlni_l03b_landuse_by_watershed,https://nlftp.mlit.go.jp/ksj/gml/datalist/KsjTmplt-L03-b.html#L03-b-06,2006,83030-0021,83030,,6,荒地,13,0.136103
nlni_l03b_landuse_by_watershed,https://nlftp.mlit.go.jp/ksj/gml/datalist/KsjTmplt-L03-b.html#L03-b-06,2006,83030-0021,83030,,7,建物用地,748,7.831261
nlni_l03b_landuse_by_watershed,https://nlftp.mlit.go.jp/ksj/gml/datalist/KsjTmplt-L03-b.html#L03-b-06,2006,83030-0021,83030,,9,幹線交通用地,50,0.523495
nlni_l03b_landuse_by_watershed,https://nlftp.mlit.go.jp/ksj/gml/datalist/KsjTmplt-L03-b.html#L03-b-06,2006,83030-0021,83030,,A,その他の用地,421,4.407928
nlni_l03b_landuse_by_watershed,https://nlftp.mlit.go.jp/ksj/gml/datalist/KsjTmplt-L03-b.html#L03-b-06,2006,83030-0021,83030,,B,河川地及び湖沼,11,0.115157
nlni_l03b_landuse_by_watershed,https://nlftp.mlit.go.jp/ksj/gml/datalist/KsjTmplt-L03-b.html#L03-b-06,2006,83030-0021,83030,,G,ゴルフ場,83,0.86904
nlni_l03b_landuse_by_watershed,https://nlftp.mlit.go.jp/ksj/gml/datalist/KsjTmplt-L03-b.html#L03-b-06,2006,83030-0022,83030,,1,田,13,0.136075
nlni_l03b_landuse_by_watershed,https://nlftp.mlit.go.jp/ksj/gml/datalist/KsjTmplt-L03-b.html#L03-b-06,2006,83030-0022,83030,,2,その他の農用地,39,0.40825
nlni_l03b_landuse_by_watershed,https://nlftp.mlit.go.jp/ksj/gml/datalist/KsjTmplt-L03-b.html#L03-b-06,2006,83030-0022,83030,,5,森林,242,2.53324
nlni_l03b_landuse_by_watershed,https://nlftp.mlit.go.jp/ksj/gml/datalist/KsjTmplt-L03-b.html#L03-b-06,2006,83030-0022,83030,,6,荒地,17,0.177964
nlni_l03b_landuse_by_watershed,https://nlftp.mlit.go.jp/ksj/gml/datalist/KsjTmplt-L03-b.html#L03-b-06,2006,83030-0022,83030,,7,建物用地,530,5.548098
nlni_l03b_landuse_by_watershed,https://nlftp.mlit.go.jp/ksj/gml/datalist/KsjTmplt-L03-b.html#L03-b-06,2006,83030-0022,83030,,9,幹線交通用地,16,0.167495
nlni_l03b_landuse_by_watershed,https://nlftp.mlit.go.jp/ksj/gml/datalist/KsjTmplt-L03-b.html#L03-b-06,2006,83030-0022,83030,,A,その他の用地,298,3.119706
nlni_l03b_landuse_by_watershed,https://nlftp.mlit.go.jp/ksj/gml/datalist/KsjTmplt-L03-b.html#L03-b-06,2006,83030-0022,83030,,B,河川地及び湖沼,13,0.136078
nlni_l03b_landuse_by_watershed,https://nlftp.mlit.go.jp/ksj/gml/datalist/KsjTmplt-L03-b.html#L03-b-06,2006,83030-0022,83030,,G,ゴルフ場,48,0.502571
nlni_l03b_landuse_by_watershed,https://nlftp.mlit.go.jp/ksj/gml/datalist/KsjTmplt-L03-b.html#L03-b-06,2006,83030-0023,83030,,5,森林,50,0.523581
nlni_l03b_landuse_by_watershed,https://nlftp.mlit.go.jp/ksj/gml/datalist/KsjTmplt-L03-b.html#L03-b-06,2006,83030-0023,83030,,6,荒地,7,0.073299
nlni_l03b_landuse_by_watershed,https://nlftp.mlit.go.jp/ksj/gml/datalist/KsjTmplt-L03-b.html#L03-b-06,2006,83030-0023,83030,,7,建物用地,111,1.162323
nlni_l03b_landuse_by_watershed,https://nlftp.mlit.go.jp/ksj/gml/datalist/KsjTmplt-L03-b.html#L03-b-06,2006,83030-0023,83030,,9,幹線交通用地,11,0.115181
nlni_l03b_landuse_by_watershed,https://nlftp.mlit.go.jp/ksj/gml/datalist/KsjTmplt-L03-b.html#L03-b-06,2006,83030-0023,83030,,A,その他の用地,208,2.17806
nlni_l03b_landuse_by_watershed,https://nlftp.mlit.go.jp/ksj/gml/datalist/KsjTmplt-L03-b.html#L03-b-06,2006,83030-0023,83030,,B,河川地及び湖沼,2,0.020941
nlni_l03b_landuse_by_watershed,https://nlftp.mlit.go.jp/ksj/gml/datalist/KsjTmplt-L03-b.html#L03-b-06,2006,83030-0024,83030,,1,田,20,0.209401
nlni_l03b_landuse_by_watershed,https://nlftp.mlit.go.jp/ksj/gml/datalist/KsjTmplt-L03-b.html#L03-b-06,2006,83030-0024,83030,,2,その他の農用地,36,0.376924
nlni_l03b_landuse_by_watershed,https://nlftp.mlit.go.jp/ksj/gml/datalist/KsjTmplt-L03-b.html#L03-b-06,2006,83030-0024,83030,,5,森林,304,3.182923
nlni_l03b_landuse_by_watershed,https://nlftp.mlit.go.jp/ksj/gml/datalist/KsjTmplt-L03-b.html#L03-b-06,2006,83030-0024,83030,,6,荒地,37,0.387403
nlni_l03b_landuse_by_watershed,https://nlftp.mlit.go.jp/ksj/gml/datalist/KsjTmplt-L03-b.html#L03-b-06,2006,83030-0024,83030,,7,建物用地,252,2.638379
nlni_l03b_landuse_by_watershed,https://nlftp.mlit.go.jp/ksj/gml/datalist/KsjTmplt-L03-b.html#L03-b-06,2006,83030-0024,83030,,9,幹線交通用地,30,0.314106
nlni_l03b_landuse_by_watershed,https://nlftp.mlit.go.jp/ksj/gml/datalist/KsjTmplt-L03-b.html#L03-b-06,2006,83030-0024,83030,,A,その他の用地,259,2.711947
nlni_l03b_landuse_by_watershed,https://nlftp.mlit.go.jp/ksj/gml/datalist/KsjTmplt-L03-b.html#L03-b-06,2006,83030-0024,83030,,B,河川地及び湖沼,7,0.073288
nlni_l03b_landuse_by_watershed,https://nlftp.mlit.go.jp/ksj/gml/datalist/KsjTmplt-L03-b.html#L03-b-06,2006,83030-0026,83030,,1,田,1,0.010465
nlni_l03b_landuse_by_watershed,https://nlftp.mlit.go.jp/ksj/gml/datalist/KsjTmplt-L03-b.html#L03-b-06,2006,83030-0026,83030,,2,その他の農用地,3,0.031396
nlni_l03b_landuse_by_watershed,https://nlftp.mlit.go.jp/ksj/gml/datalist/KsjTmplt-L03-b.html#L03-b-06,2006,83030-0026,83030,,5,森林,93,0.973423
nlni_l03b_landuse_by_watershed,https://nlftp.mlit.go.jp/ksj/gml/datalist/KsjTmplt-L03-b.html#L03-b-06,2006,83030-0026,83030,,6,荒地,5,0.052334
nlni_l03b_landuse_by_watershed,https://nlftp.mlit.go.jp/ksj/gml/datalist/KsjTmplt-L03-b.html#L03-b-06,2006,83030-0026,83030,,7,建物用地,210,2.197833
nlni_l03b_landuse_by_watershed,https://nlftp.mlit.go.jp/ksj/gml/datalist/KsjTmplt-L03-b.html#L03-b-06,2006,83030-0026,83030,,9,幹線交通用地,5,0.052331
nlni_l03b_landuse_by_watershed,https://nlftp.mlit.go.jp/ksj/gml/datalist/KsjTmplt-L03-b.html#L03-b-06,2006,83030-0026,83030,,A,その他の用地,124,1.29781
nlni_l03b_landuse_by_watershed,https://nlftp.mlit.go.jp/ksj/gml/datalist/KsjTmplt-L03-b.html#L03-b-06,2006,83030-0026,83030,,B,河川地及び湖沼,6,0.062791
nlni_l03b_landuse_by_watershed,https://nlftp.mlit.go.jp/ksj/gml/datalist/KsjTmplt-L03-b.html#L03-b-06,2006,83030-0027,83030,,1,田,47,0.491876
nlni_l03b_landuse_by_watershed,https://nlftp.mlit.go.jp/ksj/gml/datalist/KsjTmplt-L03-b.html#L03-b-06,2006,83030-0027,83030,,2,その他の農用地,50,0.523268
nlni_l03b_landuse_by_watershed,https://nlftp.mlit.go.jp/ksj/gml/datalist/KsjTmplt-L03-b.html#L03-b-06,2006,83030-0027,83030,,5,森林,103,1.078128
nlni_l03b_landuse_by_watershed,https://nlftp.mlit.go.jp/ksj/gml/datalist/KsjTmplt-L03-b.html#L03-b-06,2006,83030-0027,83030,,6,荒地,15,0.156999
nlni_l03b_landuse_by_watershed,https://nlftp.mlit.go.jp/ksj/gml/datalist/KsjTmplt-L03-b.html#L03-b-06,2006,83030-0027,83030,,7,建物用地,725,7.587588
nlni_l03b_landuse_by_watershed,https://nlftp.mlit.go.jp/ksj/gml/datalist/KsjTmplt-L03-b.html#L03-b-06,2006,83030-0027,83030,,9,幹線交通用地,42,0.439553
nlni_l03b_landuse_by_watershed,https://nlftp.mlit.go.jp/ksj/gml/datalist/KsjTmplt-L03-b.html#L03-b-06,2006,83030-0027,83030,,A,その他の用地,112,1.172153
nlni_l03b_landuse_by_watershed,https://nlftp.mlit.go.jp/ksj/gml/datalist/KsjTmplt-L03-b.html#L03-b-06,2006,83030-0027,83030,,B,河川地及び湖沼,106,1.109334
nlni_l03b_landuse_by_watershed,https://nlftp.mlit.go.jp/ksj/gml/datalist/KsjTmplt-L03-b.html#L03-b-06,2006,83030-0028,83030,,1,田,1,0.010467
nlni_l03b_landuse_by_watershed,https://nlftp.mlit.go.jp/ksj/gml/datalist/KsjTmplt-L03-b.html#L03-b-06,2006,83030-0028,83030,,2,その他の農用地,6,0.062803
nlni_l03b_landuse_by_watershed,https://nlftp.mlit.go.jp/ksj/gml/datalist/KsjTmplt-L03-b.html#L03-b-06,2006,83030-0028,83030,,5,森林,31,0.32451
nlni_l03b_landuse_by_watershed,https://nlftp.mlit.go.jp/ksj/gml/datalist/KsjTmplt-L03-b.html#L03-b-06,2006,83030-0028,83030,,6,荒地,6,0.062811
nlni_l03b_landuse_by_watershed,https://nlftp.mlit.go.jp/ksj/gml/datalist/KsjTmplt-L03-b.html#L03-b-06,2006,83030-0028,83030,,7,建物用地,204,2.135433
nlni_l03b_landuse_by_watershed,https://nlftp.mlit.go.jp/ksj/gml/datalist/KsjTmplt-L03-b.html#L03-b-06,2006,83030-0028,83030,,9,幹線交通用地,14,0.146553
nlni_l03b_landuse_by_watershed,https://nlftp.mlit.go.jp/ksj/gml/datalist/KsjTmplt-L03-b.html#L03-b-06,2006,83030-0028,83030,,A,その他の用地,41,0.429199
nlni_l03b_landuse_by_watershed,https://nlftp.mlit.go.jp/ksj/gml/datalist/KsjTmplt-L03-b.html#L03-b-06,2006,83030-0028,83030,,B,河川地及び湖沼,5,0.052338
nlni_l03b_landuse_by_watershed,https://nlftp.mlit.go.jp/ksj/gml/datalist/KsjTmplt-L03-b.html#L03-b-06,2006,83030-0029,83030,,1,田,3,0.031408
nlni_l03b_landuse_by_watershed,https://nlftp.mlit.go.jp/ksj/gml/datalist/KsjTmplt-L03-b.html#L03-b-06,2006,83030-0029,83030,,2,その他の農用地,31,0.324542
nlni_l03b_landuse_by_watershed,https://nlftp.mlit.go.jp/ksj/gml/datalist/KsjTmplt-L03-b.html#L03-b-06,2006,83030-0029,83030,,5,森林,167,1.748482
nlni_l03b_landuse_by_watershed,https://nlftp.mlit.go.jp/ksj/gml/datalist/KsjTmplt-L03-b.html#L03-b-06,2006,83030-0029,83030,,6,荒地,12,0.125632
nlni_l03b_landuse_by_watershed,https://nlftp.mlit.go.jp/ksj/gml/datalist/KsjTmplt-L03-b.html#L03-b-06,2006,83030-0029,83030,,7,建物用地,133,1.392382
nlni_l03b_landuse_by_watershed,https://nlftp.mlit.go.jp/ksj/gml/datalist/KsjTmplt-L03-b.html#L03-b-06,2006,83030-0029,83030,,9,幹線交通用地,8,0.083753
nlni_l03b_landuse_by_watershed,https://nlftp.mlit.go.jp/ksj/gml/datalist/KsjTmplt-L03-b.html#L03-b-06,2006,83030-0029,83030,,A,その他の用地,213,2.23001
nlni_l03b_landuse_by_watershed,https://nlftp.mlit.go.jp/ksj/gml/datalist/KsjTmplt-L03-b.html#L03-b-06,2006,83030-0029,83030,,B,河川地及び湖沼,1,0.01047
nlni_l03b_landuse_by_watershed,https://nlftp.mlit.go.jp/ksj/gml/datalist/KsjTmplt-L03-b.html#L03-b-06,2006,83030-0030,83030,,1,田,23,0.240783
nlni_l03b_landuse_by_watershed,https://nlftp.mlit.go.jp/ksj/gml/datalist/KsjTmplt-L03-b.html#L03-b-06,2006,83030-0030,83030,,2,その他の農用地,82,0.858411
nlni_l03b_landuse_by_watershed,https://nlftp.mlit.go.jp/ksj/gml/datalist/KsjTmplt-L03-b.html#L03-b-06,2006,83030-0030,83030,,5,森林,310,3.245652
nlni_l03b_landuse_by_watershed,https://nlftp.mlit.go.jp/ksj/gml/datalist/KsjTmplt-L03-b.html#L03-b-06,2006,83030-0030,83030,,6,荒地,32,0.335004
nlni_l03b_landuse_by_watershed,https://nlftp.mlit.go.jp/ksj/gml/datalist/KsjTmplt-L03-b.html#L03-b-06,2006,83030-0030,83030,,7,建物用地,344,3.6012
nlni_l03b_landuse_by_watershed,https://nlftp.mlit.go.jp/ksj/gml/datalist/KsjTmplt-L03-b.html#L03-b-06,2006,83030-0030,83030,,9,幹線交通用地,22,0.230317
nlni_l03b_landuse_by_watershed,https://nlftp.mlit.go.jp/ksj/gml/datalist/KsjTmplt-L03-b.html#L03-b-06,2006,83030-0030,83030,,A,その他の用地,209,2.188093
nlni_l03b_landuse_by_watershed,https://nlftp.mlit.go.jp/ksj/gml/datalist/KsjTmplt-L03-b.html#L03-b-06,2006,83030-0030,83030,,B,河川地及び湖沼,2,0.02094
nlni_l03b_landuse_by_watershed,https://nlftp.mlit.go.jp/ksj/gml/datalist/KsjTmplt-L03-b.html#L03-b-06,2006,83030-0030,83030,,G,ゴルフ場,32,0.335065
nlni_l03b_landuse_by_watershed,https://nlftp.mlit.go.jp/ksj/gml/datalist/KsjTmplt-L03-b.html#L03-b-06,2006,83030-0031,83030,,2,その他の農用地,27,0.28259
nlni_l03b_landuse_by_watershed,https://nlftp.mlit.go.jp/ksj/gml/datalist/KsjTmplt-L03-b.html#L03-b-06,2006,83030-0031,83030,,7,建物用地,165,1.726853
nlni_l03b_landuse_by_watershed,https://nlftp.mlit.go.jp/ksj/gml/datalist/KsjTmplt-L03-b.html#L03-b-06,2006,83030-0031,83030,,9,幹線交通用地,13,0.136053
nlni_l03b_landuse_by_watershed,https://nlftp.mlit.go.jp/ksj/gml/datalist/KsjTmplt-L03-b.html#L03-b-06,2006,83030-0031,83030,,A,その他の用地,38,0.397692
nlni_l03b_landuse_by_watershed,https://nlftp.mlit.go.jp/ksj/gml/datalist/KsjTmplt-L03-b.html#L03-b-06,2006,83030-0031,83030,,B,河川地及び湖沼,19,0.198869
nlni_l03b_landuse_by_watershed,https://nlftp.mlit.go.jp/ksj/gml/datalist/KsjTmplt-L03-b.html#L03-b-06,2006,83030-0032,83030,,2,その他の農用地,9,0.094204
nlni_l03b_landuse_by_watershed,https://nlftp.mlit.go.jp/ksj/gml/datalist/KsjTmplt-L03-b.html#L03-b-06,2006,83030-0032,83030,,5,森林,3,0.031401
nlni_l03b_landuse_by_watershed,https://nlftp.mlit.go.jp/ksj/gml/datalist/KsjTmplt-L03-b.html#L03-b-06,2006,83030-0032,83030,,7,建物用地,307,3.213319
nlni_l03b_landuse_by_watershed,https://nlftp.mlit.go.jp/ksj/gml/datalist/KsjTmplt-L03-b.html#L03-b-06,2006,83030-0032,83030,,9,幹線交通用地,27,0.282588
nlni_l03b_landuse_by_watershed,https://nlftp.mlit.go.jp/ksj/gml/datalist/KsjTmplt-L03-b.html#L03-b-06,2006,83030-0032,83030,,A,その他の用地,29,0.303529
nlni_l03b_landuse_by_watershed,https://nlftp.mlit.go.jp/ksj/gml/datalist/KsjTmplt-L03-b.html#L03-b-06,2006,83030-0032,83030,,B,河川地及び湖沼,2,0.020932
nlni_l03b_landuse_by_watershed,https://nlftp.mlit.go.jp/ksj/gml/datalist/KsjTmplt-L03-b.html#L03-b-06,2006,83030-0033,83030,,5,森林,7,0.07326
nlni_l03b_landuse_by_watershed,https://nlftp.mlit.go.jp/ksj/gml/datalist/KsjTmplt-L03-b.html#L03-b-06,2006,83030-0033,83030,,7,建物用地,412,4.311742
nlni_l03b_landuse_by_watershed,https://nlftp.mlit.go.jp/ksj/gml/datalist/KsjTmplt-L03-b.html#L03-b-06,2006,83030-0033,83030,,9,幹線交通用地,33,0.345354
nlni_l03b_landuse_by_watershed,https://nlftp.mlit.go.jp/ksj/gml/datalist/KsjTmplt-L03-b.html#L03-b-06,2006,83030-0033,83030,,A,その他の用地,18,0.188382
nlni_l03b_landuse_by_watershed,https://nlftp.mlit.go.jp/ksj/gml/datalist/KsjTmplt-L03-b.html#L03-b-06,2006,83030-0033,83030,,B,河川地及び湖沼,41,0.429065
nlni_l03b_landuse_by_watershed,https://nlftp.mlit.go.jp/ksj/gml/datalist/KsjTmplt-L03-b.html#L03-b-06,2006,83030-0036,83030,,2,その他の農用地,5,0.052334
nlni_l03b_landuse_by_watershed,https://nlftp.mlit.go.jp/ksj/gml/datalist/KsjTmplt-L03-b.html#L03-b-06,2006,83030-0036,83030,,5,森林,247,2.585523
nlni_l03b_landuse_by_watershed,https://nlftp.mlit.go.jp/ksj/gml/datalist/KsjTmplt-L03-b.html#L03-b-06,2006,83030-0036,83030,,6,荒地,3,0.031406
nlni_l03b_landuse_by_watershed,https://nlftp.mlit.go.jp/ksj/gml/datalist/KsjTmplt-L03-b.html#L03-b-06,2006,83030-0036,83030,,7,建物用地,525,5.494851
nlni_l03b_landuse_by_watershed,https://nlftp.mlit.go.jp/ksj/gml/datalist/KsjTmplt-L03-b.html#L03-b-06,2006,83030-0036,83030,,9,幹線交通用地,16,0.167473
nlni_l03b_landuse_by_watershed,https://nlftp.mlit.go.jp/ksj/gml/datalist/KsjTmplt-L03-b.html#L03-b-06,2006,83030-0036,83030,,A,その他の用地,109,1.140873
nlni_l03b_landuse_by_watershed,https://nlftp.mlit.go.jp/ksj/gml/datalist/KsjTmplt-L03-b.html#L03-b-06,2006,83030-0036,83030,,B,河川地及び湖沼,8,0.083722
nlni_l03b_landuse_by_watershed,https://nlftp.mlit.go.jp/ksj/gml/datalist/KsjTmplt-L03-b.html#L03-b-06,2006,83030-0037,83030,,1,田,2,0.020928
nlni_l03b_landuse_by_watershed,https://nlftp.mlit.go.jp/ksj/gml/datalist/KsjTmplt-L03-b.html#L03-b-06,2006,83030-0037,83030,,5,森林,3,0.031394
nlni_l03b_landuse_by_watershed,https://nlftp.mlit.go.jp/ksj/gml/datalist/KsjTmplt-L03-b.html#L03-b-06,2006,83030-0037,83030,,7,建物用地,35,0.366251
nlni_l03b_landuse_by_watershed,https://nlftp.mlit.go.jp/ksj/gml/datalist/KsjTmplt-L03-b.html#L03-b-06,2006,83030-0037,83030,,9,幹線交通用地,3,0.031393
nlni_l03b_landuse_by_watershed,https://nlftp.mlit.go.jp/ksj/gml/datalist/KsjTmplt-L03-b.html#L03-b-06,2006,83030-0037,83030,,A,その他の用地,9,0.094178
nlni_l03b_landuse_by_watershed,https://nlftp.mlit.go.jp/ksj/gml/datalist/KsjTmplt-L03-b.html#L03-b-06,2006,83030-0037,83030,,B,河川地及び湖沼,1,0.010464
nlni_l03b_landuse_by_watershed,https://nlftp.mlit.go.jp/ksj/gml/datalist/KsjTmplt-L03-b.html#L03-b-06,2006,83030-0038,83030,,1,田,3,0.031409
nlni_l03b_landuse_by_watershed,https://nlftp.mlit.go.jp/ksj/gml/datalist/KsjTmplt-L03-b.html#L03-b-06,2006,83030-0038,83030,,2,その他の農用地,5,0.052354
nlni_l03b_landuse_by_watershed,https://nlftp.mlit.go.jp/ksj/gml/datalist/KsjTmplt-L03-b.html#L03-b-06,2006,83030-0038,83030,,5,森林,921,9.643406
nlni_l03b_landuse_by_watershed,https://nlftp.mlit.go.jp/ksj/gml/datalist/KsjTmplt-L03-b.html#L03-b-06,2006,83030-0038,83030,,7,建物用地,30,0.314093
nlni_l03b_landuse_by_watershed,https://nlftp.mlit.go.jp/ksj/gml/datalist/KsjTmplt-L03-b.html#L03-b-06,2006,83030-0038,83030,,9,幹線交通用地,1,0.01047
nlni_l03b_landuse_by_watershed,https://nlftp.mlit.go.jp/ksj/gml/datalist/KsjTmplt-L03-b.html#L03-b-06,2006,83030-0038,83030,,A,その他の用地,19,0.198933
nlni_l03b_landuse_by_watershed,https://nlftp.mlit.go.jp/ksj/gml/datalist/KsjTmplt-L03-b.html#L03-b-06,2006,83030-0039,83030,,2,その他の農用地,11,0.115146
nlni_l03b_landuse_by_watershed,https://nlftp.mlit.go.jp/ksj/gml/datalist/KsjTmplt-L03-b.html#L03-b-06,2006,83030-0039,83030,,5,森林,1063,11.127177
nlni_l03b_landuse_by_watershed,https://nlftp.mlit.go.jp/ksj/gml/datalist/KsjTmplt-L03-b.html#L03-b-06,2006,83030-0039,83030,,6,荒地,3,0.031404
nlni_l03b_landuse_by_watershed,https://nlftp.mlit.go.jp/ksj/gml/datalist/KsjTmplt-L03-b.html#L03-b-06,2006,83030-0039,83030,,7,建物用地,34,0.35591
nlni_l03b_landuse_by_watershed,https://nlftp.mlit.go.jp/ksj/gml/datalist/KsjTmplt-L03-b.html#L03-b-06,2006,83030-0039,83030,,9,幹線交通用地,34,0.355903
nlni_l03b_landuse_by_watershed,https://nlftp.mlit.go.jp/ksj/gml/datalist/KsjTmplt-L03-b.html#L03-b-06,2006,83030-0039,83030,,A,その他の用地,3,0.031404
nlni_l03b_landuse_by_watershed,https://nlftp.mlit.go.jp/ksj/gml/datalist/KsjTmplt-L03-b.html#L03-b-06,2006,83030-0039,83030,,B,河川地及び湖沼,1,0.010468
nlni_l03b_landuse_by_watershed,https://nlftp.mlit.go.jp/ksj/gml/datalist/KsjTmplt-L03-b.html#L03-b-06,2006,83030-0040,83030,,1,田,1,0.010464
nlni_l03b_landuse_by_watershed,https://nlftp.mlit.go.jp/ksj/gml/datalist/KsjTmplt-L03-b.html#L03-b-06,2006,83030-0040,83030,,2,その他の農用地,13,0.136052
nlni_l03b_landuse_by_watershed,https://nlftp.mlit.go.jp/ksj/gml/datalist/KsjTmplt-L03-b.html#L03-b-06,2006,83030-0040,83030,,5,森林,273,2.857295
nlni_l03b_landuse_by_watershed,https://nlftp.mlit.go.jp/ksj/gml/datalist/KsjTmplt-L03-b.html#L03-b-06,2006,83030-0040,83030,,7,建物用地,97,1.015164
nlni_l03b_landuse_by_watershed,https://nlftp.mlit.go.jp/ksj/gml/datalist/KsjTmplt-L03-b.html#L03-b-06,2006,83030-0040,83030,,9,幹線交通用地,17,0.177916
nlni_l03b_landuse_by_watershed,https://nlftp.mlit.go.jp/ksj/gml/datalist/KsjTmplt-L03-b.html#L03-b-06,2006,83030-0040,83030,,A,その他の用地,23,0.240703
nlni_l03b_landuse_by_watershed,https://nlftp.mlit.go.jp/ksj/gml/datalist/KsjTmplt-L03-b.html#L03-b-06,2006,83030-0041,83030,,1,田,4,0.041857
nlni_l03b_landuse_by_watershed,https://nlftp.mlit.go.jp/ksj/gml/datalist/KsjTmplt-L03-b.html#L03-b-06,2006,83030-0041,83030,,2,その他の農用地,4,0.041857
nlni_l03b_landuse_by_watershed,https://nlftp.mlit.go.jp/ksj/gml/datalist/KsjTmplt-L03-b.html#L03-b-06,2006,83030-0041,83030,,5,森林,99,1.035995
nlni_l03b_landuse_by_watershed,https://nlftp.mlit.go.jp/ksj/gml/datalist/KsjTmplt-L03-b.html#L03-b-06,2006,83030-0041,83030,,7,建物用地,73,0.76391
nlni_l03b_landuse_by_watershed,https://nlftp.mlit.go.jp/ksj/gml/datalist/KsjTmplt-L03-b.html#L03-b-06,2006,83030-0041,83030,,A,その他の用地,97,1.01509
nlni_l03b_landuse_by_watershed,https://nlftp.mlit.go.jp/ksj/gml/datalist/KsjTmplt-L03-b.html#L03-b-06,2006,83030-0042,83030,,B,河川地及び湖沼,3,0.031392
nlni_l03b_landuse_by_watershed,https://nlftp.mlit.go.jp/ksj/gml/datalist/KsjTmplt-L03-b.html#L03-b-06,2006,83030-0043,83030,,1,田,7,0.073246
nlni_l03b_landuse_by_watershed,https://nlftp.mlit.go.jp/ksj/gml/datalist/KsjTmplt-L03-b.html#L03-b-06,2006,83030-0043,83030,,2,その他の農用地,65,0.680164
nlni_l03b_landuse_by_watershed,https://nlftp.mlit.go.jp/ksj/gml/datalist/KsjTmplt-L03-b.html#L03-b-06,2006,83030-0043,83030,,5,森林,968,10.129869
nlni_l03b_landuse_by_watershed,https://nlftp.mlit.go.jp/ksj/gml/datalist/KsjTmplt-L03-b.html#L03-b-06,2006,83030-0043,83030,,7,建物用地,62,0.648777
nlni_l03b_landuse_by_watershed,https://nlftp.mlit.go.jp/ksj/gml/datalist/KsjTmplt-L03-b.html#L03-b-06,2006,83030-0043,83030,,A,その他の用地,10,0.104646
nlni_l03b_landuse_by_watershed,https://nlftp.mlit.go.jp/ksj/gml/datalist/KsjTmplt-L03-b.html#L03-b-06,2006,83030-0045,83030,,2,その他の農用地,5,0.052301
nlni_l03b_landuse_by_watershed,https://nlftp.mlit.go.jp/ksj/gml/datalist/KsjTmplt-L03-b.html#L03-b-06,2006,83030-0045,83030,,5,森林,405,4.236541
nlni_l03b_landuse_by_watershed,https://nlftp.mlit.go.jp/ksj/gml/datalist/KsjTmplt-L03-b.html#L03-b-06,2006,83030-0045,83030,,6,荒地,87,0.910075
nlni_l03b_landuse_by_watershed,https://nlftp.mlit.go.jp/ksj/gml/datalist/KsjTmplt-L03-b.html#L03-b-06,2006,83030-0045,83030,,7,建物用地,13,0.135985
nlni_l03b_landuse_by_watershed,https://nlftp.mlit.go.jp/ksj/gml/datalist/KsjTmplt-L03-b.html#L03-b-06,2006,83030-0045,83030,,A,その他の用地,6,0.062765
nlni_l03b_landuse_by_watershed,https://nlftp.mlit.go.jp/ksj/gml/datalist/KsjTmplt-L03-b.html#L03-b-06,2006,83030-0046,83030,,2,その他の農用地,9,0.094166
nlni_l03b_landuse_by_watershed,https://nlftp.mlit.go.jp/ksj/gml/datalist/KsjTmplt-L03-b.html#L03-b-06,2006,83030-0046,83030,,5,森林,558,5.837669
nlni_l03b_landuse_by_watershed,https://nlftp.mlit.go.jp/ksj/gml/datalist/KsjTmplt-L03-b.html#L03-b-06,2006,83030-0046,83030,,6,荒地,13,0.13602
nlni_l03b_landuse_by_watershed,https://nlftp.mlit.go.jp/ksj/gml/datalist/KsjTmplt-L03-b.html#L03-b-06,2006,83030-0046,83030,,7,建物用地,13,0.136016
nlni_l03b_landuse_by_watershed,https://nlftp.mlit.go.jp/ksj/gml/datalist/KsjTmplt-L03-b.html#L03-b-06,2006,83030-0047,83030,,2,その他の農用地,6,0.062788
nlni_l03b_landuse_by_watershed,https://nlftp.mlit.go.jp/ksj/gml/datalist/KsjTmplt-L03-b.html#L03-b-06,2006,83030-0047,83030,,5,森林,695,7.273362
nlni_l03b_landuse_by_watershed,https://nlftp.mlit.go.jp/ksj/gml/datalist/KsjTmplt-L03-b.html#L03-b-06,2006,83030-0047,83030,,7,建物用地,7,0.073252
nlni_l03b_landuse_by_watershed,https://nlftp.mlit.go.jp/ksj/gml/datalist/KsjTmplt-L03-b.html#L03-b-06,2006,83030-0048,83030,,2,その他の農用地,4,0.041853
nlni_l03b_landuse_by_watershed,https://nlftp.mlit.go.jp/ksj/gml/datalist/KsjTmplt-L03-b.html#L03-b-06,2006,83030-0048,83030,,5,森林,733,7.669379
nlni_l03b_landuse_by_watershed,https://nlftp.mlit.go.jp/ksj/gml/datalist/KsjTmplt-L03-b.html#L03-b-06,2006,83030-0048,83030,,7,建物用地,6,0.06278
nlni_l03b_landuse_by_watershed,https://nlftp.mlit.go.jp/ksj/gml/datalist/KsjTmplt-L03-b.html#L03-b-06,2006,83030-0058,83030,,1,田,3,0.03137
nlni_l03b_landuse_by_watershed,https://nlftp.mlit.go.jp/ksj/gml/datalist/KsjTmplt-L03-b.html#L03-b-06,2006,83030-0058,83030,,2,その他の農用地,20,0.209144
nlni_l03b_landuse_by_watershed,https://nlftp.mlit.go.jp/ksj/gml/datalist/KsjTmplt-L03-b.html#L03-b-06,2006,83030-0058,83030,,5,森林,292,3.05342
nlni_l03b_landuse_by_watershed,https://nlftp.mlit.go.jp/ksj/gml/datalist/KsjTmplt-L03-b.html#L03-b-06,2006,83030-0058,83030,,6,荒地,1,0.010458
nlni_l03b_landuse_by_watershed,https://nlftp.mlit.go.jp/ksj/gml/datalist/KsjTmplt-L03-b.html#L03-b-06,2006,83030-0058,83030,,7,建物用地,178,1.861273
nlni_l03b_landuse_by_watershed,https://nlftp.mlit.go.jp/ksj/gml/datalist/KsjTmplt-L03-b.html#L03-b-06,2006,83030-0058,83030,,A,その他の用地,9,0.094115
nlni_l03b_landuse_by_watershed,https://nlftp.mlit.go.jp/ksj/gml/datalist/KsjTmplt-L03-b.html#L03-b-06,2006,83030-0058,83030,,B,河川地及び湖沼,39,0.407815
nlni_l03b_landuse_by_watershed,https://nlftp.mlit.go.jp/ksj/gml/datalist/KsjTmplt-L03-b.html#L03-b-06,2006,83030-0058,83030,,G,ゴルフ場,13,0.135956
nlni_l03b_landuse_by_watershed,https://nlftp.mlit.go.jp/ksj/gml/datalist/KsjTmplt-L03-b.html#L03-b-06,2006,83030-0059,83030,,2,その他の農用地,10,0.104572
nlni_l03b_landuse_by_watershed,https://nlftp.mlit.go.jp/ksj/gml/datalist/KsjTmplt-L03-b.html#L03-b-06,2006,83030-0059,83030,,5,森林,1228,12.843887
nlni_l03b_landuse_by_watershed,https://nlftp.mlit.go.jp/ksj/gml/datalist/KsjTmplt-L03-b.html#L03-b-06,2006,83030-0059,83030,,6,荒地,23,0.240557
nlni_l03b_landuse_by_watershed,https://nlftp.mlit.go.jp/ksj/gml/datalist/KsjTmplt-L03-b.html#L03-b-06,2006,83030-0059,83030,,7,建物用地,10,0.104573
nlni_l03b_landuse_by_watershed,https://nlftp.mlit.go.jp/ksj/gml/datalist/KsjTmplt-L03-b.html#L03-b-06,2006,83030-0059,83030,,A,その他の用地,6,0.062749
nlni_l03b_landuse_by_watershed,https://nlftp.mlit.go.jp/ksj/gml/datalist/KsjTmplt-L03-b.html#L03-b-06,2006,83030-0060,83030,,2,その他の農用地,14,0.146388
nlni_l03b_landuse_by_watershed,https://nlftp.mlit.go.jp/ksj/gml/datalist/KsjTmplt-L03-b.html#L03-b-06,2006,83030-0060,83030,,5,森林,184,1.923887
nlni_l03b_landuse_by_watershed,https://nlftp.mlit.go.jp/ksj/gml/datalist/KsjTmplt-L03-b.html#L03-b-06,2006,83030-0060,83030,,7,建物用地,33,0.345062
nlni_l03b_landuse_by_watershed,https://nlftp.mlit.go.jp/ksj/gml/datalist/KsjTmplt-L03-b.html#L03-b-06,2006,83030-0060,83030,,A,その他の用地,4,0.041825
nlni_l03b_landuse_by_watershed,https://nlftp.mlit.go.jp/ksj/gml/datalist/KsjTmplt-L03-b.html#L03-b-06,2006,83030-0060,83030,,B,河川地及び湖沼,4,0.041826
nlni_l03b_landuse_by_watershed,https://nlftp.mlit.go.jp/ksj/gml/datalist/KsjTmplt-L03-b.html#L03-b-06,2006,83030-0062,83030,,2,その他の農用地,15,0.156853
nlni_l03b_landuse_by_watershed,https://nlftp.mlit.go.jp/ksj/gml/datalist/KsjTmplt-L03-b.html#L03-b-06,2006,83030-0062,83030,,5,森林,552,5.7722
nlni_l03b_landuse_by_watershed,https://nlftp.mlit.go.jp/ksj/gml/datalist/KsjTmplt-L03-b.html#L03-b-06,2006,83030-0062,83030,,6,荒地,1,0.010456
nlni_l03b_landuse_by_watershed,https://nlftp.mlit.go.jp/ksj/gml/datalist/KsjTmplt-L03-b.html#L03-b-06,2006,83030-0062,83030,,7,建物用地,36,0.376445
nlni_l03b_landuse_by_watershed,https://nlftp.mlit.go.jp/ksj/gml/datalist/KsjTmplt-L03-b.html#L03-b-06,2006,83030-0062,83030,,A,その他の用地,3,0.03137
nlni_l03b_landuse_by_watershed,https://nlftp.mlit.go.jp/ksj/gml/datalist/KsjTmplt-L03-b.html#L03-b-06,2006,83030-0062,83030,,B,河川地及び湖沼,23,0.240509
nlni_l03b_landuse_by_watershed,https://nlftp.mlit.go.jp/ksj/gml/datalist/KsjTmplt-L03-b.html#L03-b-06,2006,83030-0063,83030,,2,その他の農用地,3,0.031376
nlni_l03b_landuse_by_watershed,https://nlftp.mlit.go.jp/ksj/gml/datalist/KsjTmplt-L03-b.html#L03-b-06,2006,83030-0063,83030,,5,森林,298,3.116528
nlni_l03b_landuse_by_watershed,https://nlftp.mlit.go.jp/ksj/gml/datalist/KsjTmplt-L03-b.html#L03-b-06,2006,83030-0063,83030,,6,荒地,16,0.167316
nlni_l03b_landuse_by_watershed,https://nlftp.mlit.go.jp/ksj/gml/datalist/KsjTmplt-L03-b.html#L03-b-06,2006,83030-0063,83030,,7,建物用地,3,0.031371
nlni_l03b_landuse_by_watershed,https://nlftp.mlit.go.jp/ksj/gml/datalist/KsjTmplt-L03-b.html#L03-b-06,2006,83030-0064,83030,,5,森林,853,8.923899
nlni_l03b_landuse_by_watershed,https://nlftp.mlit.go.jp/ksj/gml/datalist/KsjTmplt-L03-b.html#L03-b-06,2006,83030-0064,83030,,6,荒地,1,0.01046
nlni_l03b_landuse_by_watershed,https://nlftp.mlit.go.jp/ksj/gml/datalist/KsjTmplt-L03-b.html#L03-b-06,2006,83030-0068,83030,,5,森林,16,0.167266
nlni_l03b_landuse_by_watershed,https://nlftp.mlit.go.jp/ksj/gml/datalist/KsjTmplt-L03-b.html#L03-b-06,2006,83030-0068,83030,,7,建物用地,2,0.020908
nlni_l03b_landuse_by_watershed,https://nlftp.mlit.go.jp/ksj/gml/datalist/KsjTmplt-L03-b.html#L03-b-06,2006,83030-0075,83030,,5,森林,9,0.094094
nlni_l03b_landuse_by_watershed,https://nlftp.mlit.go.jp/ksj/gml/datalist/KsjTmplt-L03-b.html#L03-b-06,2006,83030-0075,83030,,7,建物用地,1,0.010454
nlni_l03b_landuse_by_watershed,https://nlftp.mlit.go.jp/ksj/gml/datalist/KsjTmplt-L03-b.html#L03-b-06,2006,83030-0078,83030,,2,その他の農用地,6,0.062727
nlni_l03b_landuse_by_watershed,https://nlftp.mlit.go.jp/ksj/gml/datalist/KsjTmplt-L03-b.html#L03-b-06,2006,83030-0078,83030,,5,森林,166,1.735413
nlni_l03b_landuse_by_watershed,https://nlftp.mlit.go.jp/ksj/gml/datalist/KsjTmplt-L03-b.html#L03-b-06,2006,83030-0078,83030,,7,建物用地,67,0.700444
nlni_l03b_landuse_by_watershed,https://nlftp.mlit.go.jp/ksj/gml/datalist/KsjTmplt-L03-b.html#L03-b-06,2006,83030-0078,83030,,9,幹線交通用地,6,0.06273
nlni_l03b_landuse_by_watershed,https://nlftp.mlit.go.jp/ksj/gml/datalist/KsjTmplt-L03-b.html#L03-b-06,2006,83030-0078,83030,,A,その他の用地,6,0.062727
nlni_l03b_landuse_by_watershed,https://nlftp.mlit.go.jp/ksj/gml/datalist/KsjTmplt-L03-b.html#L03-b-06,2006,83030-0078,83030,,B,河川地及び湖沼,2,0.020908
nlni_l03b_landuse_by_watershed,https://nlftp.mlit.go.jp/ksj/gml/datalist/KsjTmplt-L03-b.html#L03-b-06,2006,83031-0001,83031,鶴見川,2,その他の農用地,4,0.041931
nlni_l03b_landuse_by_watershed,https://nlftp.mlit.go.jp/ksj/gml/datalist/KsjTmplt-L03-b.html#L03-b-06,2006,83031-0001,83031,鶴見川,5,森林,34,0.35642
nlni_l03b_landuse_by_watershed,https://nlftp.mlit.go.jp/ksj/gml/datalist/KsjTmplt-L03-b.html#L03-b-06,2006,83031-0001,83031,鶴見川,6,荒地,3,0.031448
nlni_l03b_landuse_by_watershed,https://nlftp.mlit.go.jp/ksj/gml/datalist/KsjTmplt-L03-b.html#L03-b-06,2006,83031-0001,83031,鶴見川,7,建物用地,1368,14.341494
nlni_l03b_landuse_by_watershed,https://nlftp.mlit.go.jp/ksj/gml/datalist/KsjTmplt-L03-b.html#L03-b-06,2006,83031-0001,83031,鶴見川,9,幹線交通用地,42,0.440359
nlni_l03b_landuse_by_watershed,https://nlftp.mlit.go.jp/ksj/gml/datalist/KsjTmplt-L03-b.html#L03-b-06,2006,83031-0001,83031,鶴見川,A,その他の用地,135,1.415346
nlni_l03b_landuse_by_watershed,https://nlftp.mlit.go.jp/ksj/gml/datalist/KsjTmplt-L03-b.html#L03-b-06,2006,83031-0001,83031,鶴見川,B,河川地及び湖沼,138,1.446903
nlni_l03b_landuse_by_watershed,https://nlftp.mlit.go.jp/ksj/gml/datalist/KsjTmplt-L03-b.html#L03-b-06,2006,83031-0001,83031,鶴見川,F,海水域,5,0.052444
nlni_l03b_landuse_by_watershed,https://nlftp.mlit.go.jp/ksj/gml/datalist/KsjTmplt-L03-b.html#L03-b-06,2006,83031-0002,83031,鶴見川,2,その他の農用地,19,0.199164
nlni_l03b_landuse_by_watershed,https://nlftp.mlit.go.jp/ksj/gml/datalist/KsjTmplt-L03-b.html#L03-b-06,2006,83031-0002,83031,鶴見川,5,森林,47,0.492658
nlni_l03b_landuse_by_watershed,https://nlftp.mlit.go.jp/ksj/gml/datalist/KsjTmplt-L03-b.html#L03-b-06,2006,83031-0002,83031,鶴見川,7,建物用地,732,7.672438
nlni_l03b_landuse_by_watershed,https://nlftp.mlit.go.jp/ksj/gml/datalist/KsjTmplt-L03-b.html#L03-b-06,2006,83031-0002,83031,鶴見川,9,幹線交通用地,4,0.041921
nlni_l03b_landuse_by_watershed,https://nlftp.mlit.go.jp/ksj/gml/datalist/KsjTmplt-L03-b.html#L03-b-06,2006,83031-0002,83031,鶴見川,A,その他の用地,41,0.429752
nlni_l03b_landuse_by_watershed,https://nlftp.mlit.go.jp/ksj/gml/datalist/KsjTmplt-L03-b.html#L03-b-06,2006,83031-0002,83031,鶴見川,B,河川地及び湖沼,55,0.57648
nlni_l03b_landuse_by_watershed,https://nlftp.mlit.go.jp/ksj/gml/datalist/KsjTmplt-L03-b.html#L03-b-06,2006,83031-0003,83031,鶴見川,1,田,1,0.010477
nlni_l03b_landuse_by_watershed,https://nlftp.mlit.go.jp/ksj/gml/datalist/KsjTmplt-L03-b.html#L03-b-06,2006,83031-0003,83031,鶴見川,2,その他の農用地,44,0.46101
nlni_l03b_landuse_by_watershed,https://nlftp.mlit.go.jp/ksj/gml/datalist/KsjTmplt-L03-b.html#L03-b-06,2006,83031-0003,83031,鶴見川,5,森林,52,0.544808
nlni_l03b_landuse_by_watershed,https://nlftp.mlit.go.jp/ksj/gml/datalist/KsjTmplt-L03-b.html#L03-b-06,2006,83031-0003,83031,鶴見川,6,荒地,1,0.010479
nlni_l03b_landuse_by_watershed,https://nlftp.mlit.go.jp/ksj/gml/datalist/KsjTmplt-L03-b.html#L03-b-06,2006,83031-0003,83031,鶴見川,7,建物用地,1192,12.488657
nlni_l03b_landuse_by_watershed,https://nlftp.mlit.go.jp/ksj/gml/datalist/KsjTmplt-L03-b.html#L03-b-06,2006,83031-0003,83031,鶴見川,9,幹線交通用地,36,0.377124
nlni_l03b_landuse_by_watershed,https://nlftp.mlit.go.jp/ksj/gml/datalist/KsjTmplt-L03-b.html#L03-b-06,2006,83031-0003,83031,鶴見川,A,その他の用地,54,0.565748
nlni_l03b_landuse_by_watershed,https://nlftp.mlit.go.jp/ksj/gml/datalist/KsjTmplt-L03-b.html#L03-b-06,2006,83031-0003,83031,鶴見川,B,河川地及び湖沼,14,0.146719
nlni_l03b_landuse_by_watershed,https://nlftp.mlit.go.jp/ksj/gml/datalist/KsjTmplt-L03-b.html#L03-b-06,2006,83031-0004,83031,鶴見川,1,田,1,0.010482
nlni_l03b_landuse_by_watershed,https://nlftp.mlit.go.jp/ksj/gml/datalist/KsjTmplt-L03-b.html#L03-b-06,2006,83031-0004,83031,鶴見川,2,その他の農用地,30,0.31445
nlni_l03b_landuse_by_watershed,https://nlftp.mlit.go.jp/ksj/gml/datalist/KsjTmplt-L03-b.html#L03-b-06,2006,83031-0004,83031,鶴見川,5,森林,62,0.649902
nlni_l03b_landuse_by_watershed,https://nlftp.mlit.go.jp/ksj/gml/datalist/KsjTmplt-L03-b.html#L03-b-06,2006,83031-0004,83031,鶴見川,7,建物用地,633,6.635594
nlni_l03b_landuse_by_watershed,https://nlftp.mlit.go.jp/ksj/gml/datalist/KsjTmplt-L03-b.html#L03-b-06,2006,83031-0004,83031,鶴見川,9,幹線交通用地,14,0.146749
nlni_l03b_landuse_by_watershed,https://nlftp.mlit.go.jp/ksj/gml/datalist/KsjTmplt-L03-b.html#L03-b-06,2006,83031-0004,83031,鶴見川,A,その他の用地,75,0.786196
nlni_l03b_landuse_by_watershed,https://nlftp.mlit.go.jp/ksj/gml/datalist/KsjTmplt-L03-b.html#L03-b-06,2006,83031-0004,83031,鶴見川,B,河川地及び湖沼,41,0.429784
nlni_l03b_landuse_by_watershed,https://nlftp.mlit.go.jp/ksj/gml/datalist/KsjTmplt-L03-b.html#L03-b-06,2006,83031-0005,83031,鶴見川,1,田,2,0.020971
nlni_l03b_landuse_by_watershed,https://nlftp.mlit.go.jp/ksj/gml/datalist/KsjTmplt-L03-b.html#L03-b-06,2006,83031-0005,83031,鶴見川,2,その他の農用地,189,1.981997
nlni_l03b_landuse_by_watershed,https://nlftp.mlit.go.jp/ksj/gml/datalist/KsjTmplt-L03-b.html#L03-b-06,2006,83031-0005,83031,鶴見川,5,森林,72,0.755022
nlni_l03b_landuse_by_watershed,https://nlftp.mlit.go.jp/ksj/gml/datalist/KsjTmplt-L03-b.html#L03-b-06,2006,83031-0005,83031,鶴見川,6,荒地,3,0.03146
nlni_l03b_landuse_by_watershed,https://nlftp.mlit.go.jp/ksj/gml/datalist/KsjTmplt-L03-b.html#L03-b-06,2006,83031-0005,83031,鶴見川,7,建物用地,632,6.627456
nlni_l03b_landuse_by_watershed,https://nlftp.mlit.go.jp/ksj/gml/datalist/KsjTmplt-L03-b.html#L03-b-06,2006,83031-0005,83031,鶴見川,9,幹線交通用地,69,0.723613
nlni_l03b_landuse_by_watershed,https://nlftp.mlit.go.jp/ksj/gml/datalist/KsjTmplt-L03-b.html#L03-b-06,2006,83031-0005,83031,鶴見川,A,その他の用地,89,0.933243
nlni_l03b_landuse_by_watershed,https://nlftp.mlit.go.jp/ksj/gml/datalist/KsjTmplt-L03-b.html#L03-b-06,2006,83031-0005,83031,鶴見川,B,河川地及び湖沼,9,0.094363
nlni_l03b_landuse_by_watershed,https://nlftp.mlit.go.jp/ksj/gml/datalist/KsjTmplt-L03-b.html#L03-b-06,2006,83031-0006,83031,鶴見川,1,田,1,0.010485
nlni_l03b_landuse_by_watershed,https://nlftp.mlit.go.jp/ksj/gml/datalist/KsjTmplt-L03-b.html#L03-b-06,2006,83031-0006,83031,鶴見川,2,その他の農用地,19,0.199201
nlni_l03b_landuse_by_watershed,https://nlftp.mlit.go.jp/ksj/gml/datalist/KsjTmplt-L03-b.html#L03-b-06,2006,83031-0006,83031,鶴見川,5,森林,10,0.104849
nlni_l03b_landuse_by_watershed,https://nlftp.mlit.go.jp/ksj/gml/datalist/KsjTmplt-L03-b.html#L03-b-06,2006,83031-0006,83031,鶴見川,6,荒地,13,0.136294
nlni_l03b_landuse_by_watershed,https://nlftp.mlit.go.jp/ksj/gml/datalist/KsjTmplt-L03-b.html#L03-b-06,2006,83031-0006,83031,鶴見川,7,建物用地,51,0.534714
nlni_l03b_landuse_by_watershed,https://nlftp.mlit.go.jp/ksj/gml/datalist/KsjTmplt-L03-b.html#L03-b-06,2006,83031-0006,83031,鶴見川,9,幹線交通用地,4,0.041937
nlni_l03b_landuse_by_watershed,https://nlftp.mlit.go.jp/ksj/gml/datalist/KsjTmplt-L03-b.html#L03-b-06,2006,83031-0006,83031,鶴見川,A,その他の用地,45,0.471795
nlni_l03b_landuse_by_watershed,https://nlftp.mlit.go.jp/ksj/gml/datalist/KsjTmplt-L03-b.html#L03-b-06,2006,83031-0006,83031,鶴見川,B,河川地及び湖沼,26,0.272583
nlni_l03b_landuse_by_watershed,https://nlftp.mlit.go.jp/ksj/gml/datalist/KsjTmplt-L03-b.html#L03-b-06,2006,83031-0007,83031,鶴見川,1,田,13,0.136289
nlni_l03b_landuse_by_watershed,https://nlftp.mlit.go.jp/ksj/gml/datalist/KsjTmplt-L03-b.html#L03-b-06,2006,83031-0007,83031,鶴見川,2,その他の農用地,59,0.618594
nlni_l03b_landuse_by_watershed,https://nlftp.mlit.go.jp/ksj/gml/datalist/KsjTmplt-L03-b.html#L03-b-06,2006,83031-0007,83031,鶴見川,5,森林,30,0.314559
nlni_l03b_landuse_by_watershed,https://nlftp.mlit.go.jp/ksj/gml/datalist/KsjTmplt-L03-b.html#L03-b-06,2006,83031-0007,83031,鶴見川,6,荒地,3,0.031453
nlni_l03b_landuse_by_watershed,https://nlftp.mlit.go.jp/ksj/gml/datalist/KsjTmplt-L03-b.html#L03-b-06,2006,83031-0007,83031,鶴見川,7,建物用地,573,6.007737
nlni_l03b_landuse_by_watershed,https://nlftp.mlit.go.jp/ksj/gml/datalist/KsjTmplt-L03-b.html#L03-b-06,2006,83031-0007,83031,鶴見川,9,幹線交通用地,27,0.283074
nlni_l03b_landuse_by_watershed,https://nlftp.mlit.go.jp/ksj/gml/datalist/KsjTmplt-L03-b.html#L03-b-06,2006,83031-0007,83031,鶴見川,A,その他の用地,115,1.205735
nlni_l03b_landuse_by_watershed,https://nlftp.mlit.go.jp/ksj/gml/datalist/KsjTmplt-L03-b.html#L03-b-06,2006,83031-0007,83031,鶴見川,B,河川地及び湖沼,64,0.670981
nlni_l03b_landuse_by_watershed,https://nlftp.mlit.go.jp/ksj/gml/datalist/KsjTmplt-L03-b.html#L03-b-06,2006,83031-0008,83031,鶴見川,2,その他の農用地,80,0.83857
nlni_l03b_landuse_by_watershed,https://nlftp.mlit.go.jp/ksj/gml/datalist/KsjTmplt-L03-b.html#L03-b-06,2006,83031-0008,83031,鶴見川,5,森林,34,0.356405
nlni_l03b_landuse_by_watershed,https://nlftp.mlit.go.jp/ksj/gml/datalist/KsjTmplt-L03-b.html#L03-b-06,2006,83031-0008,83031,鶴見川,6,荒地,4,0.04193
nlni_l03b_landuse_by_watershed,https://nlftp.mlit.go.jp/ksj/gml/datalist/KsjTmplt-L03-b.html#L03-b-06,2006,83031-0008,83031,鶴見川,7,建物用地,221,2.316667
nlni_l03b_landuse_by_watershed,https://nlftp.mlit.go.jp/ksj/gml/datalist/KsjTmplt-L03-b.html#L03-b-06,2006,83031-0008,83031,鶴見川,9,幹線交通用地,26,0.272544
nlni_l03b_landuse_by_watershed,https://nlftp.mlit.go.jp/ksj/gml/datalist/KsjTmplt-L03-b.html#L03-b-06,2006,83031-0008,83031,鶴見川,A,その他の用地,84,0.880526
nlni_l03b_landuse_by_watershed,https://nlftp.mlit.go.jp/ksj/gml/datalist/KsjTmplt-L03-b.html#L03-b-06,2006,83031-0009,83031,鶴見川,1,田,4,0.04193
nlni_l03b_landuse_by_watershed,https://nlftp.mlit.go.jp/ksj/gml/datalist/KsjTmplt-L03-b.html#L03-b-06,2006,83031-0009,83031,鶴見川,2,その他の農用地,118,1.236879
nlni_l03b_landuse_by_watershed,https://nlftp.mlit.go.jp/ksj/gml/datalist/KsjTmplt-L03-b.html#L03-b-06,2006,83031-0009,83031,鶴見川,5,森林,23,0.241088
nlni_l03b_landuse_by_watershed,https://nlftp.mlit.go.jp/ksj/gml/datalist/KsjTmplt-L03-b.html#L03-b-06,2006,83031-0009,83031,鶴見川,6,荒地,2,0.020962
nlni_l03b_landuse_by_watershed,https://nlftp.mlit.go.jp/ksj/gml/datalist/KsjTmplt-L03-b.html#L03-b-06,2006,83031-0009,83031,鶴見川,7,建物用地,133,1.394114
nlni_l03b_landuse_by_watershed,https://nlftp.mlit.go.jp/ksj/gml/datalist/KsjTmplt-L03-b.html#L03-b-06,2006,83031-0009,83031,鶴見川,9,幹線交通用地,27,0.283
nlni_l03b_landuse_by_watershed,https://nlftp.mlit.go.jp/ksj/gml/datalist/KsjTmplt-L03-b.html#L03-b-06,2006,83031-0009,83031,鶴見川,A,その他の用地,78,0.817549
nlni_l03b_landuse_by_watershed,https://nlftp.mlit.go.jp/ksj/gml/datalist/KsjTmplt-L03-b.html#L03-b-06,2006,83031-0009,83031,鶴見川,B,河川地及び湖沼,3,0.03145
nlni_l03b_landuse_by_watershed,https://nlftp.mlit.go.jp/ksj/gml/datalist/KsjTmplt-L03-b.html#L03-b-06,2006,83031-0010,83031,鶴見川,1,田,101,1.058643
nlni_l03b_landuse_by_watershed,https://nlftp.mlit.go.jp/ksj/gml/datalist/KsjTmplt-L03-b.html#L03-b-06,2006,83031-0010,83031,鶴見川,2,その他の農用地,174,1.823722
nlni_l03b_landuse_by_watershed,https://nlftp.mlit.go.jp/ksj/gml/datalist/KsjTmplt-L03-b.html#L03-b-06,2006,83031-0010,83031,鶴見川,5,森林,604,6.331243
nlni_l03b_landuse_by_watershed,https://nlftp.mlit.go.jp/ksj/gml/datalist/KsjTmplt-L03-b.html#L03-b-06,2006,83031-0010,83031,鶴見川,6,荒地,71,0.744292
nlni_l03b_landuse_by_watershed,https://nlftp.mlit.go.jp/ksj/gml/datalist/KsjTmplt-L03-b.html#L03-b-06,2006,83031-0010,83031,鶴見川,7,建物用地,2589,27.134881
nlni_l03b_landuse_by_watershed,https://nlftp.mlit.go.jp/ksj/gml/datalist/KsjTmplt-L03-b.html#L03-b-06,2006,83031-0010,83031,鶴見川,9,幹線交通用地,140,1.467513
nlni_l03b_landuse_by_watershed,https://nlftp.mlit.go.jp/ksj/gml/datalist/KsjTmplt-L03-b.html#L03-b-06,2006,83031-0010,83031,鶴見川,A,その他の用地,782,8.195919
nlni_l03b_landuse_by_watershed,https://nlftp.mlit.go.jp/ksj/gml/datalist/KsjTmplt-L03-b.html#L03-b-06,2006,83031-0010,83031,鶴見川,B,河川地及び湖沼,36,0.377359
nlni_l03b_landuse_by_watershed,https://nlftp.mlit.go.jp/ksj/gml/datalist/KsjTmplt-L03-b.html#L03-b-06,2006,83031-0011,83031,鶴見川,1,田,41,0.429729
nlni_l03b_landuse_by_watershed,https://nlftp.mlit.go.jp/ksj/gml/datalist/KsjTmplt-L03-b.html#L03-b-06,2006,83031-0011,83031,鶴見川,2,その他の農用地,93,0.974728
nlni_l03b_landuse_by_watershed,https://nlftp.mlit.go.jp/ksj/gml/datalist/KsjTmplt-L03-b.html#L03-b-06,2006,83031-0011,83031,鶴見川,5,森林,23,0.241083
nlni_l03b_landuse_by_watershed,https://nlftp.mlit.go.jp/ksj/gml/datalist/KsjTmplt-L03-b.html#L03-b-06,2006,83031-0011,83031,鶴見川,6,荒地,8,0.083848
nlni_l03b_landuse_by_watershed,https://nlftp.mlit.go.jp/ksj/gml/datalist/KsjTmplt-L03-b.html#L03-b-06,2006,83031-0011,83031,鶴見川,7,建物用地,614,6.434997
nlni_l03b_landuse_by_watershed,https://nlftp.mlit.go.jp/ksj/gml/datalist/KsjTmplt-L03-b.html#L03-b-06,2006,83031-0011,83031,鶴見川,9,幹線交通用地,51,0.534475
nlni_l03b_landuse_by_watershed,https://nlftp.mlit.go.jp/ksj/gml/datalist/KsjTmplt-L03-b.html#L03-b-06,2006,83031-0011,83031,鶴見川,A,その他の用地,106,1.110857
nlni_l03b_landuse_by_watershed,https://nlftp.mlit.go.jp/ksj/gml/datalist/KsjTmplt-L03-b.html#L03-b-06,2006,83031-0011,83031,鶴見川,B,河川地及び湖沼,26,0.272522
nlni_l03b_landuse_by_watershed,https://nlftp.mlit.go.jp/ksj/gml/datalist/KsjTmplt-L03-b.html#L03-b-06,2006,83031-0012,83031,鶴見川,1,田,29,0.303843
nlni_l03b_landuse_by_watershed,https://nlftp.mlit.go.jp/ksj/gml/datalist/KsjTmplt-L03-b.html#L03-b-06,2006,83031-0012,83031,鶴見川,2,その他の農用地,73,0.764839
nlni_l03b_landuse_by_watershed,https://nlftp.mlit.go.jp/ksj/gml/datalist/KsjTmplt-L03-b.html#L03-b-06,2006,83031-0012,83031,鶴見川,5,森林,214,2.242
nlni_l03b_landuse_by_watershed,https://nlftp.mlit.go.jp/ksj/gml/datalist/KsjTmplt-L03-b.html#L03-b-06,2006,83031-0012,83031,鶴見川,6,荒地,7,0.073333
nlni_l03b_landuse_by_watershed,https://nlftp.mlit.go.jp/ksj/gml/datalist/KsjTmplt-L03-b.html#L03-b-06,2006,83031-0012,83031,鶴見川,7,建物用地,567,5.94013
nlni_l03b_landuse_by_watershed,https://nlftp.mlit.go.jp/ksj/gml/datalist/KsjTmplt-L03-b.html#L03-b-06,2006,83031-0012,83031,鶴見川,9,幹線交通用地,4,0.0419
nlni_l03b_landuse_by_watershed,https://nlftp.mlit.go.jp/ksj/gml/datalist/KsjTmplt-L03-b.html#L03-b-06,2006,83031-0012,83031,鶴見川,A,その他の用地,177,1.854362
nlni_l03b_landuse_by_watershed,https://nlftp.mlit.go.jp/ksj/gml/datalist/KsjTmplt-L03-b.html#L03-b-06,2006,83031-0012,83031,鶴見川,B,河川地及び湖沼,22,0.230494
nlni_l03b_landuse_by_watershed,https://nlftp.mlit.go.jp/ksj/gml/datalist/KsjTmplt-L03-b.html#L03-b-06,2006,83031-0013,83031,鶴見川,1,田,2,0.020957
nlni_l03b_landuse_by_watershed,https://nlftp.mlit.go.jp/ksj/gml/datalist/KsjTmplt-L03-b.html#L03-b-06,2006,83031-0013,83031,鶴見川,2,その他の農用地,6,0.062859
nlni_l03b_landuse_by_watershed,https://nlftp.mlit.go.jp/ksj/gml/datalist/KsjTmplt-L03-b.html#L03-b-06,2006,83031-0013,83031,鶴見川,5,森林,43,0.450443
nlni_l03b_landuse_by_watershed,https://nlftp.mlit.go.jp/ksj/gml/datalist/KsjTmplt-L03-b.html#L03-b-06,2006,83031-0013,83031,鶴見川,6,荒地,12,0.125697
nlni_l03b_landuse_by_watershed,https://nlftp.mlit.go.jp/ksj/gml/datalist/KsjTmplt-L03-b.html#L03-b-06,2006,83031-0013,83031,鶴見川,7,建物用地,148,1.550432
nlni_l03b_landuse_by_watershed,https://nlftp.mlit.go.jp/ksj/gml/datalist/KsjTmplt-L03-b.html#L03-b-06,2006,83031-0013,83031,鶴見川,9,幹線交通用地,2,0.020953
nlni_l03b_landuse_by_watershed,https://nlftp.mlit.go.jp/ksj/gml/datalist/KsjTmplt-L03-b.html#L03-b-06,2006,83031-0013,83031,鶴見川,A,その他の用地,70,0.733302
nlni_l03b_landuse_by_watershed,https://nlftp.mlit.go.jp/ksj/gml/datalist/KsjTmplt-L03-b.html#L03-b-06,2006,83031-0014,83031,鶴見川,5,森林,2,0.02095
nlni_l03b_landuse_by_watershed,https://nlftp.mlit.go.jp/ksj/gml/datalist/KsjTmplt-L03-b.html#L03-b-06,2006,83031-0014,83031,鶴見川,7,建物用地,10,0.104755
nlni_l03b_landuse_by_watershed,https://nlftp.mlit.go.jp/ksj/gml/datalist/KsjTmplt-L03-b.html#L03-b-06,2006,83031-0014,83031,鶴見川,A,その他の用地,5,0.052378
nlni_l03b_landuse_by_watershed,https://nlftp.mlit.go.jp/ksj/gml/datalist/KsjTmplt-L03-b.html#L03-b-06,2006,83031-0014,83031,鶴見川,B,河川地及び湖沼,2,0.020951
nlni_l03b_landuse_by_watershed,https://nlftp.mlit.go.jp/ksj/gml/datalist/KsjTmplt-L03-b.html#L03-b-06,2006,83031-0015,83031,鶴見川,1,田,109,1.141638
nlni_l03b_landuse_by_watershed,https://nlftp.mlit.go.jp/ksj/gml/datalist/KsjTmplt-L03-b.html#L03-b-06,2006,83031-0015,83031,鶴見川,2,その他の農用地,271,2.838464
nlni_l03b_landuse_by_watershed,https://nlftp.mlit.go.jp/ksj/gml/datalist/KsjTmplt-L03-b.html#L03-b-06,2006,83031-0015,83031,鶴見川,5,森林,815,8.536119
nlni_l03b_landuse_by_watershed,https://nlftp.mlit.go.jp/ksj/gml/datalist/KsjTmplt-L03-b.html#L03-b-06,2006,83031-0015,83031,鶴見川,6,荒地,99,1.036899
nlni_l03b_landuse_by_watershed,https://nlftp.mlit.go.jp/ksj/gml/datalist/KsjTmplt-L03-b.html#L03-b-06,2006,83031-0015,83031,鶴見川,7,建物用地,847,8.872364
nlni_l03b_landuse_by_watershed,https://nlftp.mlit.go.jp/ksj/gml/datalist/KsjTmplt-L03-b.html#L03-b-06,2006,83031-0015,83031,鶴見川,9,幹線交通用地,10,0.104751
nlni_l03b_landuse_by_watershed,https://nlftp.mlit.go.jp/ksj/gml/datalist/KsjTmplt-L03-b.html#L03-b-06,2006,83031-0015,83031,鶴見川,A,その他の用地,452,4.734647
nlni_l03b_landuse_by_watershed,https://nlftp.mlit.go.jp/ksj/gml/datalist/KsjTmplt-L03-b.html#L03-b-06,2006,83031-0015,83031,鶴見川,B,河川地及び湖沼,5,0.052378
nlni_l03b_landuse_by_watershed,https://nlftp.mlit.go.jp/ksj/gml/datalist/KsjTmplt-L03-b.html#L03-b-06,2006,83031-0015,83031,鶴見川,G,ゴルフ場,44,0.460781
nlni_l03b_landuse_by_watershed,https://nlftp.mlit.go.jp/ksj/gml/datalist/KsjTmplt-L03-b.html#L03-b-06,2006,83031-0016,83031,鶴見川,1,田,18,0.188526
nlni_l03b_landuse_by_watershed,https://nlftp.mlit.go.jp/ksj/gml/datalist/KsjTmplt-L03-b.html#L03-b-06,2006,83031-0016,83031,鶴見川,2,その他の農用地,19,0.19899
nlni_l03b_landuse_by_watershed,https://nlftp.mlit.go.jp/ksj/gml/datalist/KsjTmplt-L03-b.html#L03-b-06,2006,83031-0016,83031,鶴見川,5,森林,63,0.659808
nlni_l03b_landuse_by_watershed,https://nlftp.mlit.go.jp/ksj/gml/datalist/KsjTmplt-L03-b.html#L03-b-06,2006,83031-0016,83031,鶴見川,6,荒地,48,0.502737
nlni_l03b_landuse_by_watershed,https://nlftp.mlit.go.jp/ksj/gml/datalist/KsjTmplt-L03-b.html#L03-b-06,2006,83031-0016,83031,鶴見川,7,建物用地,221,2.314761
nlni_l03b_landuse_by_watershed,https://nlftp.mlit.go.jp/ksj/gml/datalist/KsjTmplt-L03-b.html#L03-b-06,2006,83031-0016,83031,鶴見川,A,その他の用地,82,0.858806
nlni_l03b_landuse_by_watershed,https://nlftp.mlit.go.jp/ksj/gml/datalist/KsjTmplt-L03-b.html#L03-b-06,2006,83031-0017,83031,鶴見川,1,田,13,0.136147
nlni_l03b_landuse_by_watershed,https://nlftp.mlit.go.jp/ksj/gml/datalist/KsjTmplt-L03-b.html#L03-b-06,2006,83031-0017,83031,鶴見川,2,その他の農用地,63,0.659784
nlni_l03b_landuse_by_watershed,https://nlftp.mlit.go.jp/ksj/gml/datalist/KsjTmplt-L03-b.html#L03-b-06,2006,83031-0017,83031,鶴見川,5,森林,128,1.340479
nlni_l03b_landuse_by_watershed,https://nlftp.mlit.go.jp/ksj/gml/datalist/KsjTmplt-L03-b.html#L03-b-06,2006,83031-0017,83031,鶴見川,6,荒地,14,0.146616
nlni_l03b_landuse_by_watershed,https://nlftp.mlit.go.jp/ksj/gml/datalist/KsjTmplt-L03-b.html#L03-b-06,2006,83031-0017,83031,鶴見川,7,建物用地,420,4.39849
nlni_l03b_landuse_by_watershed,https://nlftp.mlit.go.jp/ksj/gml/datalist/KsjTmplt-L03-b.html#L03-b-06,2006,83031-0017,83031,鶴見川,9,幹線交通用地,8,0.083782
nlni_l03b_landuse_by_watershed,https://nlftp.mlit.go.jp/ksj/gml/datalist/KsjTmplt-L03-b.html#L03-b-06,2006,83031-0017,83031,鶴見川,A,その他の用地,306,3.204573
nlni_l03b_landuse_by_watershed,https://nlftp.mlit.go.jp/ksj/gml/datalist/KsjTmplt-L03-b.html#L03-b-06,2006,83031-0017,83031,鶴見川,B,河川地及び湖沼,3,0.03142
nlni_l03b_landuse_by_watershed,https://nlftp.mlit.go.jp/ksj/gml/datalist/KsjTmplt-L03-b.html#L03-b-06,2006,83031-0017,83031,鶴見川,G,ゴルフ場,47,0.492122
nlni_l03b_landuse_by_watershed,https://nlftp.mlit.go.jp/ksj/gml/datalist/KsjTmplt-L03-b.html#L03-b-06,2006,83031-0018,83031,鶴見川,2,その他の農用地,65,0.681161
nlni_l03b_landuse_by_watershed,https://nlftp.mlit.go.jp/ksj/gml/datalist/KsjTmplt-L03-b.html#L03-b-06,2006,83031-0018,83031,鶴見川,5,森林,41,0.429654
nlni_l03b_landuse_by_watershed,https://nlftp.mlit.go.jp/ksj/gml/datalist/KsjTmplt-L03-b.html#L03-b-06,2006,83031-0018,83031,鶴見川,7,建物用地,501,5.250017
nlni_l03b_landuse_by_watershed,https://nlftp.mlit.go.jp/ksj/gml/datalist/KsjTmplt-L03-b.html#L03-b-06,2006,83031-0018,83031,鶴見川,9,幹線交通用地,55,0.576334
nlni_l03b_landuse_by_watershed,https://nlftp.mlit.go.jp/ksj/gml/datalist/KsjTmplt-L03-b.html#L03-b-06,2006,83031-0018,83031,鶴見川,A,その他の用地,298,3.122533
nlni_l03b_landuse_by_watershed,https://nlftp.mlit.go.jp/ksj/gml/datalist/KsjTmplt-L03-b.html#L03-b-06,2006,83031-0018,83031,鶴見川,B,河川地及び湖沼,9,0.094318
nlni_l03b_landuse_by_watershed,https://nlftp.mlit.go.jp/ksj/gml/datalist/KsjTmplt-L03-b.html#L03-b-06,2006,83031-0019,83031,鶴見川,1,田,7,0.073352
nlni_l03b_landuse_by_watershed,https://nlftp.mlit.go.jp/ksj/gml/datalist/KsjTmplt-L03-b.html#L03-b-06,2006,83031-0019,83031,鶴見川,2,その他の農用地,74,0.775412
nlni_l03b_landuse_by_watershed,https://nlftp.mlit.go.jp/ksj/gml/datalist/KsjTmplt-L03-b.html#L03-b-06,2006,83031-0019,83031,鶴見川,5,森林,103,1.079231
nlni_l03b_landuse_by_watershed,https://nlftp.mlit.go.jp/ksj/gml/datalist/KsjTmplt-L03-b.html#L03-b-06,2006,83031-0019,83031,鶴見川,6,荒地,9,0.094303
nlni_l03b_landuse_by_watershed,https://nlftp.mlit.go.jp/ksj/gml/datalist/KsjTmplt-L03-b.html#L03-b-06,2006,83031-0019,83031,鶴見川,7,建物用地,865,9.063198
nlni_l03b_landuse_by_watershed,https://nlftp.mlit.go.jp/ksj/gml/datalist/KsjTmplt-L03-b.html#L03-b-06,2006,83031-0019,83031,鶴見川,9,幹線交通用地,97,1.016401
nlni_l03b_landuse_by_watershed,https://nlftp.mlit.go.jp/ksj/gml/datalist/KsjTmplt-L03-b.html#L03-b-06,2006,83031-0019,83031,鶴見川,A,その他の用地,575,6.024851
nlni_l03b_landuse_by_watershed,https://nlftp.mlit.go.jp/ksj/gml/datalist/KsjTmplt-L03-b.html#L03-b-06,2006,83031-0019,83031,鶴見川,B,河川地及び湖沼,26,0.272441
nlni_l03b_landuse_by_watershed,https://nlftp.mlit.go.jp/ksj/gml/datalist/KsjTmplt-L03-b.html#L03-b-06,2006,83031-0020,83031,鶴見川,2,その他の農用地,48,0.5029
nlni_l03b_landuse_by_watershed,https://nlftp.mlit.go.jp/ksj/gml/datalist/KsjTmplt-L03-b.html#L03-b-06,2006,83031-0020,83031,鶴見川,5,森林,27,0.28288
nlni_l03b_landuse_by_watershed,https://nlftp.mlit.go.jp/ksj/gml/datalist/KsjTmplt-L03-b.html#L03-b-06,2006,83031-0020,83031,鶴見川,6,荒地,2,0.020954
nlni_l03b_landuse_by_watershed,https://nlftp.mlit.go.jp/ksj/gml/datalist/KsjTmplt-L03-b.html#L03-b-06,2006,83031-0020,83031,鶴見川,7,建物用地,342,3.583059
nlni_l03b_landuse_by_watershed,https://nlftp.mlit.go.jp/ksj/gml/datalist/KsjTmplt-L03-b.html#L03-b-06,2006,83031-0020,83031,鶴見川,9,幹線交通用地,12,0.125723
nlni_l03b_landuse_by_watershed,https://nlftp.mlit.go.jp/ksj/gml/datalist/KsjTmplt-L03-b.html#L03-b-06,2006,83031-0020,83031,鶴見川,A,その他の用地,55,0.576233
nlni_l03b_landuse_by_watershed,https://nlftp.mlit.go.jp/ksj/gml/datalist/KsjTmplt-L03-b.html#L03-b-06,2006,83031-0021,83031,鶴見川,2,その他の農用地,18,0.188557
nlni_l03b_landuse_by_watershed,https://nlftp.mlit.go.jp/ksj/gml/datalist/KsjTmplt-L03-b.html#L03-b-06,2006,83031-0021,83031,鶴見川,5,森林,27,0.282848
nlni_l03b_landuse_by_watershed,https://nlftp.mlit.go.jp/ksj/gml/datalist/KsjTmplt-L03-b.html#L03-b-06,2006,83031-0021,83031,鶴見川,6,荒地,3,0.031423
nlni_l03b_landuse_by_watershed,https://nlftp.mlit.go.jp/ksj/gml/datalist/KsjTmplt-L03-b.html#L03-b-06,2006,83031-0021,83031,鶴見川,7,建物用地,638,6.68308
nlni_l03b_landuse_by_watershed,https://nlftp.mlit.go.jp/ksj/gml/datalist/KsjTmplt-L03-b.html#L03-b-06,2006,83031-0021,83031,鶴見川,9,幹線交通用地,97,1.016094
nlni_l03b_landuse_by_watershed,https://nlftp.mlit.go.jp/ksj/gml/datalist/KsjTmplt-L03-b.html#L03-b-06,2006,83031-0021,83031,鶴見川,A,その他の用地,133,1.393168
nlni_l03b_landuse_by_watershed,https://nlftp.mlit.go.jp/ksj/gml/datalist/KsjTmplt-L03-b.html#L03-b-06,2006,83032-0001,83032,相模川,2,その他の農用地,42,0.441343
nlni_l03b_landuse_by_watershed,https://nlftp.mlit.go.jp/ksj/gml/datalist/KsjTmplt-L03-b.html#L03-b-06,2006,83032-0001,83032,相模川,5,森林,17,0.178657
nlni_l03b_landuse_by_watershed,https://nlftp.mlit.go.jp/ksj/gml/datalist/KsjTmplt-L03-b.html#L03-b-06,2006,83032-0001,83032,相模川,7,建物用地,304,3.194419
nlni_l03b_landuse_by_watershed,https://nlftp.mlit.go.jp/ksj/gml/datalist/KsjTmplt-L03-b.html#L03-b-06,2006,83032-0001,83032,相模川,9,幹線交通用地,26,0.273204
nlni_l03b_landuse_by_watershed,https://nlftp.mlit.go.jp/ksj/gml/datalist/KsjTmplt-L03-b.html#L03-b-06,2006,83032-0001,83032,相模川,A,その他の用地,29,0.304751
nlni_l03b_landuse_by_watershed,https://nlftp.mlit.go.jp/ksj/gml/datalist/KsjTmplt-L03-b.html#L03-b-06,2006,83032-0001,83032,相模川,B,河川地及び湖沼,8,0.08407
nlni_l03b_landuse_by_watershed,https://nlftp.mlit.go.jp/ksj/gml/datalist/KsjTmplt-L03-b.html#L03-b-06,2006,83032-0001,83032,相模川,E,海浜,14,0.147132
nlni_l03b_landuse_by_watershed,https://nlftp.mlit.go.jp/ksj/gml/datalist/KsjTmplt-L03-b.html#L03-b-06,2006,83032-0001,83032,相模川,F,海水域,10,0.105093
nlni_l03b_landuse_by_watershed,https://nlftp.mlit.go.jp/ksj/gml/datalist/KsjTmplt-L03-b.html#L03-b-06,2006,83032-0001,83032,相模川,G,ゴルフ場,19,0.19966
nlni_l03b_landuse_by_watershed,https://nlftp.mlit.go.jp/ksj/gml/datalist/KsjTmplt-L03-b.html#L03-b-06,2006,83032-0002,83032,相模川,1,田,17,0.178592
nlni_l03b_landuse_by_watershed,https://nlftp.mlit.go.jp/ksj/gml/datalist/KsjTmplt-L03-b.html#L03-b-06,2006,83032-0002,83032,相模川,2,その他の農用地,45,0.472744
nlni_l03b_landuse_by_watershed,https://nlftp.mlit.go.jp/ksj/gml/datalist/KsjTmplt-L03-b.html#L03-b-06,2006,83032-0002,83032,相模川,5,森林,29,0.30464
nlni_l03b_landuse_by_watershed,https://nlftp.mlit.go.jp/ksj/gml/datalist/KsjTmplt-L03-b.html#L03-b-06,2006,83032-0002,83032,相模川,6,荒地,1,0.010504
nlni_l03b_landuse_by_watershed,https://nlftp.mlit.go.jp/ksj/gml/datalist/KsjTmplt-L03-b.html#L03-b-06,2006,83032-0002,83032,相模川,7,建物用地,528,5.547223
nlni_l03b_landuse_by_watershed,https://nlftp.mlit.go.jp/ksj/gml/datalist/KsjTmplt-L03-b.html#L03-b-06,2006,83032-0002,83032,相模川,9,幹線交通用地,30,0.315179
nlni_l03b_landuse_by_watershed,https://nlftp.mlit.go.jp/ksj/gml/datalist/KsjTmplt-L03-b.html#L03-b-06,2006,83032-0002,83032,相模川,A,その他の用地,101,1.061121
nlni_l03b_landuse_by_watershed,https://nlftp.mlit.go.jp/ksj/gml/datalist/KsjTmplt-L03-b.html#L03-b-06,2006,83032-0002,83032,相模川,G,ゴルフ場,12,0.126057
nlni_l03b_landuse_by_watershed,https://nlftp.mlit.go.jp/ksj/gml/datalist/KsjTmplt-L03-b.html#L03-b-06,2006,83032-0004,83032,相模川,1,田,198,2.079501
nlni_l03b_landuse_by_watershed,https://nlftp.mlit.go.jp/ksj/gml/datalist/KsjTmplt-L03-b.html#L03-b-06,2006,83032-0004,83032,相模川,2,その他の農用地,582,6.111895
nlni_l03b_landuse_by_watershed,https://nlftp.mlit.go.jp/ksj/gml/datalist/KsjTmplt-L03-b.html#L03-b-06,2006,83032-0004,83032,相模川,5,森林,262,2.751445
nlni_l03b_landuse_by_watershed,https://nlftp.mlit.go.jp/ksj/gml/datalist/KsjTmplt-L03-b.html#L03-b-06,2006,83032-0004,83032,相模川,6,荒地,29,0.304546
nlni_l03b_landuse_by_watershed,https://nlftp.mlit.go.jp/ksj/gml/datalist/KsjTmplt-L03-b.html#L03-b-06,2006,83032-0004,83032,相模川,7,建物用地,834,8.759779
nlni_l03b_landuse_by_watershed,https://nlftp.mlit.go.jp/ksj/gml/datalist/KsjTmplt-L03-b.html#L03-b-06,2006,83032-0004,83032,相模川,9,幹線交通用地,22,0.231111
nlni_l03b_landuse_by_watershed,https://nlftp.mlit.go.jp/ksj/gml/datalist/KsjTmplt-L03-b.html#L03-b-06,2006,83032-0004,83032,相模川,A,その他の用地,250,2.625694
nlni_l03b_landuse_by_watershed,https://nlftp.mlit.go.jp/ksj/gml/datalist/KsjTmplt-L03-b.html#L03-b-06,2006,83032-0004,83032,相模川,B,河川地及び湖沼,16,0.168073
nlni_l03b_landuse_by_watershed,https://nlftp.mlit.go.jp/ksj/gml/datalist/KsjTmplt-L03-b.html#L03-b-06,2006,83032-0004,83032,相模川,G,ゴルフ場,102,1.071406
nlni_l03b_landuse_by_watershed,https://nlftp.mlit.go.jp/ksj/gml/datalist/KsjTmplt-L03-b.html#L03-b-06,2006,83032-0005,83032,相模川,1,田,21,0.220577
nlni_l03b_landuse_by_watershed,https://nlftp.mlit.go.jp/ksj/gml/datalist/KsjTmplt-L03-b.html#L03-b-06,2006,83032-0005,83032,相模川,2,その他の農用地,45,0.472762
nlni_l03b_landuse_by_watershed,https://nlftp.mlit.go.jp/ksj/gml/datalist/KsjTmplt-L03-b.html#L03-b-06,2006,83032-0005,83032,相模川,6,荒地,8,0.084055
nlni_l03b_landuse_by_watershed,https://nlftp.mlit.go.jp/ksj/gml/datalist/KsjTmplt-L03-b.html#L03-b-06,2006,83032-0005,83032,相模川,7,建物用地,853,8.96182
nlni_l03b_landuse_by_watershed,https://nlftp.mlit.go.jp/ksj/gml/datalist/KsjTmplt-L03-b.html#L03-b-06,2006,83032-0005,83032,相模川,9,幹線交通用地,30,0.315227
nlni_l03b_landuse_by_watershed,https://nlftp.mlit.go.jp/ksj/gml/datalist/KsjTmplt-L03-b.html#L03-b-06,2006,83032-0005,83032,相模川,A,その他の用地,112,1.176594
nlni_l03b_landuse_by_watershed,https://nlftp.mlit.go.jp/ksj/gml/datalist/KsjTmplt-L03-b.html#L03-b-06,2006,83032-0005,83032,相模川,B,河川地及び湖沼,182,1.912144
nlni_l03b_landuse_by_watershed,https://nlftp.mlit.go.jp/ksj/gml/datalist/KsjTmplt-L03-b.html#L03-b-06,2006,83032-0005,83032,相模川,E,海浜,1,0.01051
nlni_l03b_landuse_by_watershed,https://nlftp.mlit.go.jp/ksj/gml/datalist/KsjTmplt-L03-b.html#L03-b-06,2006,83032-0005,83032,相模川,F,海水域,6,0.063056
nlni_l03b_landuse_by_watershed,https://nlftp.mlit.go.jp/ksj/gml/datalist/KsjTmplt-L03-b.html#L03-b-06,2006,83032-0005,83032,相模川,G,ゴルフ場,6,0.063049
nlni_l03b_landuse_by_watershed,https://nlftp.mlit.go.jp/ksj/gml/datalist/KsjTmplt-L03-b.html#L03-b-06,2006,83032-0006,83032,相模川,1,田,41,0.430546
nlni_l03b_landuse_by_watershed,https://nlftp.mlit.go.jp/ksj/gml/datalist/KsjTmplt-L03-b.html#L03-b-06,2006,83032-0006,83032,相模川,2,その他の農用地,72,0.756059
nlni_l03b_landuse_by_watershed,https://nlftp.mlit.go.jp/ksj/gml/datalist/KsjTmplt-L03-b.html#L03-b-06,2006,83032-0006,83032,相模川,7,建物用地,296,3.108551
nlni_l03b_landuse_by_watershed,https://nlftp.mlit.go.jp/ksj/gml/datalist/KsjTmplt-L03-b.html#L03-b-06,2006,83032-0006,83032,相模川,9,幹線交通用地,7,0.073517
nlni_l03b_landuse_by_watershed,https://nlftp.mlit.go.jp/ksj/gml/datalist/KsjTmplt-L03-b.html#L03-b-06,2006,83032-0006,83032,相模川,A,その他の用地,76,0.798141
nlni_l03b_landuse_by_watershed,https://nlftp.mlit.go.jp/ksj/gml/datalist/KsjTmplt-L03-b.html#L03-b-06,2006,83032-0006,83032,相模川,B,河川地及び湖沼,27,0.283571
nlni_l03b_landuse_by_watershed,https://nlftp.mlit.go.jp/ksj/gml/datalist/KsjTmplt-L03-b.html#L03-b-06,2006,83032-0007,83032,相模川,1,田,246,2.582381
nlni_l03b_landuse_by_watershed,https://nlftp.mlit.go.jp/ksj/gml/datalist/KsjTmplt-L03-b.html#L03-b-06,2006,83032-0007,83032,相模川,2,その他の農用地,119,1.249227
nlni_l03b_landuse_by_watershed,https://nlftp.mlit.go.jp/ksj/gml/datalist/KsjTmplt-L03-b.html#L03-b-06,2006,83032-0007,83032,相模川,5,森林,16,0.167936
nlni_l03b_landuse_by_watershed,https://nlftp.mlit.go.jp/ksj/gml/datalist/KsjTmplt-L03-b.html#L03-b-06,2006,83032-0007,83032,相模川,6,荒地,6,0.063007
nlni_l03b_landuse_by_watershed,https://nlftp.mlit.go.jp/ksj/gml/datalist/KsjTmplt-L03-b.html#L03-b-06,2006,83032-0007,83032,相模川,7,建物用地,633,6.64544
nlni_l03b_landuse_by_watershed,https://nlftp.mlit.go.jp/ksj/gml/datalist/KsjTmplt-L03-b.html#L03-b-06,2006,83032-0007,83032,相模川,9,幹線交通用地,36,0.377887
nlni_l03b_landuse_by_watershed,https://nlftp.mlit.go.jp/ksj/gml/datalist/KsjTmplt-L03-b.html#L03-b-06,2006,83032-0007,83032,相模川,A,その他の用地,160,1.679751
nlni_l03b_landuse_by_watershed,https://nlftp.mlit.go.jp/ksj/gml/datalist/KsjTmplt-L03-b.html#L03-b-06,2006,83032-0007,83032,相模川,B,河川地及び湖沼,209,2.19454
nlni_l03b_landuse_by_watershed,https://nlftp.mlit.go.jp/ksj/gml/datalist/KsjTmplt-L03-b.html#L03-b-06,2006,83032-0008,83032,相模川,1,田,127,1.333149
nlni_l03b_landuse_by_watershed,https://nlftp.mlit.go.jp/ksj/gml/datalist/KsjTmplt-L03-b.html#L03-b-06,2006,83032-0008,83032,相模川,2,その他の農用地,395,4.144452
nlni_l03b_landuse_by_watershed,https://nlftp.mlit.go.jp/ksj/gml/datalist/KsjTmplt-L03-b.html#L03-b-06,2006,83032-0008,83032,相模川,5,森林,266,2.791026
nlni_l03b_landuse_by_watershed,https://nlftp.mlit.go.jp/ksj/gml/datalist/KsjTmplt-L03-b.html#L03-b-06,2006,83032-0008,83032,相模川,6,荒地,47,0.49306
nlni_l03b_landuse_by_watershed,https://nlftp.mlit.go.jp/ksj/gml/datalist/KsjTmplt-L03-b.html#L03-b-06,2006,83032-0008,83032,相模川,7,建物用地,1810,18.984621
nlni_l03b_landuse_by_watershed,https://nlftp.mlit.go.jp/ksj/gml/datalist/KsjTmplt-L03-b.html#L03-b-06,2006,83032-0008,83032,相模川,9,幹線交通用地,49,0.514099
nlni_l03b_landuse_by_watershed,https://nlftp.mlit.go.jp/ksj/gml/datalist/KsjTmplt-L03-b.html#L03-b-06,2006,83032-0008,83032,相模川,A,その他の用地,557,5.842735
nlni_l03b_landuse_by_watershed,https://nlftp.mlit.go.jp/ksj/gml/datalist/KsjTmplt-L03-b.html#L03-b-06,2006,83032-0008,83032,相模川,B,河川地及び湖沼,18,0.188947
nlni_l03b_landuse_by_watershed,https://nlftp.mlit.go.jp/ksj/gml/datalist/KsjTmplt-L03-b.html#L03-b-06,2006,83032-0008,83032,相模川,G,ゴルフ場,113,1.184311
nlni_l03b_landuse_by_watershed,https://nlftp.mlit.go.jp/ksj/gml/datalist/KsjTmplt-L03-b.html#L03-b-06,2006,83032-0009,83032,相模川,1,田,25,0.262419
nlni_l03b_landuse_by_watershed,https://nlftp.mlit.go.jp/ksj/gml/datalist/KsjTmplt-L03-b.html#L03-b-06,2006,83032-0009,83032,相模川,2,その他の農用地,5,0.052483
nlni_l03b_landuse_by_watershed,https://nlftp.mlit.go.jp/ksj/gml/datalist/KsjTmplt-L03-b.html#L03-b-06,2006,83032-0009,83032,相模川,7,建物用地,95,0.997174
nlni_l03b_landuse_by_watershed,https://nlftp.mlit.go.jp/ksj/gml/datalist/KsjTmplt-L03-b.html#L03-b-06,2006,83032-0009,83032,相模川,9,幹線交通用地,17,0.178433
nlni_l03b_landuse_by_watershed,https://nlftp.mlit.go.jp/ksj/gml/datalist/KsjTmplt-L03-b.html#L03-b-06,2006,83032-0009,83032,相模川,A,その他の用地,4,0.041984
nlni_l03b_landuse_by_watershed,https://nlftp.mlit.go.jp/ksj/gml/datalist/KsjTmplt-L03-b.html#L03-b-06,2006,83032-0009,83032,相模川,B,河川地及び湖沼,8,0.083978
nlni_l03b_landuse_by_watershed,https://nlftp.mlit.go.jp/ksj/gml/datalist/KsjTmplt-L03-b.html#L03-b-06,2006,83032-0010,83032,相模川,1,田,127,1.332676
nlni_l03b_landuse_by_watershed,https://nlftp.mlit.go.jp/ksj/gml/datalist/KsjTmplt-L03-b.html#L03-b-06,2006,83032-0010,83032,相模川,2,その他の農用地,52,0.545708
nlni_l03b_landuse_by_watershed,https://nlftp.mlit.go.jp/ksj/gml/datalist/KsjTmplt-L03-b.html#L03-b-06,2006,83032-0010,83032,相模川,5,森林,1,0.010492
nlni_l03b_landuse_by_watershed,https://nlftp.mlit.go.jp/ksj/gml/datalist/KsjTmplt-L03-b.html#L03-b-06,2006,83032-0010,83032,相模川,6,荒地,1,0.010496
nlni_l03b_landuse_by_watershed,https://nlftp.mlit.go.jp/ksj/gml/datalist/KsjTmplt-L03-b.html#L03-b-06,2006,83032-0010,83032,相模川,7,建物用地,755,7.92289
nlni_l03b_landuse_by_watershed,https://nlftp.mlit.go.jp/ksj/gml/datalist/KsjTmplt-L03-b.html#L03-b-06,2006,83032-0010,83032,相模川,9,幹線交通用地,45,0.472222
nlni_l03b_landuse_by_watershed,https://nlftp.mlit.go.jp/ksj/gml/datalist/KsjTmplt-L03-b.html#L03-b-06,2006,83032-0010,83032,相模川,A,その他の用地,94,0.986375
nlni_l03b_landuse_by_watershed,https://nlftp.mlit.go.jp/ksj/gml/datalist/KsjTmplt-L03-b.html#L03-b-06,2006,83032-0010,83032,相模川,B,河川地及び湖沼,174,1.826165
nlni_l03b_landuse_by_watershed,https://nlftp.mlit.go.jp/ksj/gml/datalist/KsjTmplt-L03-b.html#L03-b-06,2006,83032-0011,83032,相模川,1,田,29,0.304357
nlni_l03b_landuse_by_watershed,https://nlftp.mlit.go.jp/ksj/gml/datalist/KsjTmplt-L03-b.html#L03-b-06,2006,83032-0011,83032,相模川,2,その他の農用地,21,0.220396
nlni_l03b_landuse_by_watershed,https://nlftp.mlit.go.jp/ksj/gml/datalist/KsjTmplt-L03-b.html#L03-b-06,2006,83032-0011,83032,相模川,5,森林,2,0.020989
nlni_l03b_landuse_by_watershed,https://nlftp.mlit.go.jp/ksj/gml/datalist/KsjTmplt-L03-b.html#L03-b-06,2006,83032-0011,83032,相模川,7,建物用地,142,1.49024
nlni_l03b_landuse_by_watershed,https://nlftp.mlit.go.jp/ksj/gml/datalist/KsjTmplt-L03-b.html#L03-b-06,2006,83032-0011,83032,相模川,9,幹線交通用地,15,0.157429
nlni_l03b_landuse_by_watershed,https://nlftp.mlit.go.jp/ksj/gml/datalist/KsjTmplt-L03-b.html#L03-b-06,2006,83032-0011,83032,相模川,A,その他の用地,5,0.052475
nlni_l03b_landuse_by_watershed,https://nlftp.mlit.go.jp/ksj/gml/datalist/KsjTmplt-L03-b.html#L03-b-06,2006,83032-0011,83032,相模川,B,河川地及び湖沼,8,0.083962
nlni_l03b_landuse_by_watershed,https://nlftp.mlit.go.jp/ksj/gml/datalist/KsjTmplt-L03-b.html#L03-b-06,2006,83032-0012,83032,相模川,1,田,25,0.262362
nlni_l03b_landuse_by_watershed,https://nlftp.mlit.go.jp/ksj/gml/datalist/KsjTmplt-L03-b.html#L03-b-06,2006,83032-0012,83032,相模川,2,その他の農用地,12,0.125933
nlni_l03b_landuse_by_watershed,https://nlftp.mlit.go.jp/ksj/gml/datalist/KsjTmplt-L03-b.html#L03-b-06,2006,83032-0012,83032,相模川,5,森林,4,0.041977
nlni_l03b_landuse_by_watershed,https://nlftp.mlit.go.jp/ksj/gml/datalist/KsjTmplt-L03-b.html#L03-b-06,2006,83032-0012,83032,相模川,7,建物用地,70,0.734633
nlni_l03b_landuse_by_watershed,https://nlftp.mlit.go.jp/ksj/gml/datalist/KsjTmplt-L03-b.html#L03-b-06,2006,83032-0012,83032,相模川,9,幹線交通用地,5,0.052476
nlni_l03b_landuse_by_watershed,https://nlftp.mlit.go.jp/ksj/gml/datalist/KsjTmplt-L03-b.html#L03-b-06,2006,83032-0012,83032,相模川,A,その他の用地,6,0.062971
nlni_l03b_landuse_by_watershed,https://nlftp.mlit.go.jp/ksj/gml/datalist/KsjTmplt-L03-b.html#L03-b-06,2006,83032-0013,83032,相模川,1,田,27,0.283349
nlni_l03b_landuse_by_watershed,https://nlftp.mlit.go.jp/ksj/gml/datalist/KsjTmplt-L03-b.html#L03-b-06,2006,83032-0013,83032,相模川,2,その他の農用地,57,0.598186
nlni_l03b_landuse_by_watershed,https://nlftp.mlit.go.jp/ksj/gml/datalist/KsjTmplt-L03-b.html#L03-b-06,2006,83032-0013,83032,相模川,5,森林,160,1.679053
nlni_l03b_landuse_by_watershed,https://nlftp.mlit.go.jp/ksj/gml/datalist/KsjTmplt-L03-b.html#L03-b-06,2006,83032-0013,83032,相模川,6,荒地,15,0.157391
nlni_l03b_landuse_by_watershed,https://nlftp.mlit.go.jp/ksj/gml/datalist/KsjTmplt-L03-b.html#L03-b-06,2006,83032-0013,83032,相模川,7,建物用地,148,1.553077
nlni_l03b_landuse_by_watershed,https://nlftp.mlit.go.jp/ksj/gml/datalist/KsjTmplt-L03-b.html#L03-b-06,2006,83032-0013,83032,相模川,9,幹線交通用地,11,0.115449
nlni_l03b_landuse_by_watershed,https://nlftp.mlit.go.jp/ksj/gml/datalist/KsjTmplt-L03-b.html#L03-b-06,2006,83032-0013,83032,相模川,A,その他の用地,67,0.703079
nlni_l03b_landuse_by_watershed,https://nlftp.mlit.go.jp/ksj/gml/datalist/KsjTmplt-L03-b.html#L03-b-06,2006,83032-0013,83032,相模川,B,河川地及び湖沼,5,0.05247
nlni_l03b_landuse_by_watershed,https://nlftp.mlit.go.jp/ksj/gml/datalist/KsjTmplt-L03-b.html#L03-b-06,2006,83032-0014,83032,相模川,1,田,88,0.923331
nlni_l03b_landuse_by_watershed,https://nlftp.mlit.go.jp/ksj/gml/datalist/KsjTmplt-L03-b.html#L03-b-06,2006,83032-0014,83032,相模川,2,その他の農用地,57,0.59805
nlni_l03b_landuse_by_watershed,https://nlftp.mlit.go.jp/ksj/gml/datalist/KsjTmplt-L03-b.html#L03-b-06,2006,83032-0014,83032,相模川,5,森林,314,3.294279
nlni_l03b_landuse_by_watershed,https://nlftp.mlit.go.jp/ksj/gml/datalist/KsjTmplt-L03-b.html#L03-b-06,2006,83032-0014,83032,相模川,6,荒地,31,0.325208
nlni_l03b_landuse_by_watershed,https://nlftp.mlit.go.jp/ksj/gml/datalist/KsjTmplt-L03-b.html#L03-b-06,2006,83032-0014,83032,相模川,7,建物用地,388,4.071069
nlni_l03b_landuse_by_watershed,https://nlftp.mlit.go.jp/ksj/gml/datalist/KsjTmplt-L03-b.html#L03-b-06,2006,83032-0014,83032,相模川,9,幹線交通用地,1,0.010491
nlni_l03b_landuse_by_watershed,https://nlftp.mlit.go.jp/ksj/gml/datalist/KsjTmplt-L03-b.html#L03-b-06,2006,83032-0014,83032,相模川,A,その他の用地,67,0.702954
nlni_l03b_landuse_by_watershed,https://nlftp.mlit.go.jp/ksj/gml/datalist/KsjTmplt-L03-b.html#L03-b-06,2006,83032-0015,83032,相模川,1,田,37,0.388283
nlni_l03b_landuse_by_watershed,https://nlftp.mlit.go.jp/ksj/gml/datalist/KsjTmplt-L03-b.html#L03-b-06,2006,83032-0015,83032,相模川,2,その他の農用地,46,0.482725
nlni_l03b_landuse_by_watershed,https://nlftp.mlit.go.jp/ksj/gml/datalist/KsjTmplt-L03-b.html#L03-b-06,2006,83032-0015,83032,相模川,5,森林,515,5.404362
nlni_l03b_landuse_by_watershed,https://nlftp.mlit.go.jp/ksj/gml/datalist/KsjTmplt-L03-b.html#L03-b-06,2006,83032-0015,83032,相模川,7,建物用地,26,0.272844
nlni_l03b_landuse_by_watershed,https://nlftp.mlit.go.jp/ksj/gml/datalist/KsjTmplt-L03-b.html#L03-b-06,2006,83032-0015,83032,相模川,A,その他の用地,5,0.052469
nlni_l03b_landuse_by_watershed,https://nlftp.mlit.go.jp/ksj/gml/datalist/KsjTmplt-L03-b.html#L03-b-06,2006,83032-0016,83032,相模川,1,田,15,0.157384
nlni_l03b_landuse_by_watershed,https://nlftp.mlit.go.jp/ksj/gml/datalist/KsjTmplt-L03-b.html#L03-b-06,2006,83032-0016,83032,相模川,2,その他の農用地,54,0.566608
nlni_l03b_landuse_by_watershed,https://nlftp.mlit.go.jp/ksj/gml/datalist/KsjTmplt-L03-b.html#L03-b-06,2006,83032-0016,83032,相模川,5,森林,637,6.683544
nlni_l03b_landuse_by_watershed,https://nlftp.mlit.go.jp/ksj/gml/datalist/KsjTmplt-L03-b.html#L03-b-06,2006,83032-0016,83032,相模川,6,荒地,10,0.10491
nlni_l03b_landuse_by_watershed,https://nlftp.mlit.go.jp/ksj/gml/datalist/KsjTmplt-L03-b.html#L03-b-06,2006,83032-0016,83032,相模川,7,建物用地,46,0.482665
nlni_l03b_landuse_by_watershed,https://nlftp.mlit.go.jp/ksj/gml/datalist/KsjTmplt-L03-b.html#L03-b-06,2006,83032-0016,83032,相模川,A,その他の用地,28,0.293801
nlni_l03b_landuse_by_watershed,https://nlftp.mlit.go.jp/ksj/gml/datalist/KsjTmplt-L03-b.html#L03-b-06,2006,83032-0016,83032,相模川,G,ゴルフ場,4,0.041963
nlni_l03b_landuse_by_watershed,https://nlftp.mlit.go.jp/ksj/gml/datalist/KsjTmplt-L03-b.html#L03-b-06,2006,83032-0017,83032,相模川,1,田,15,0.157347
nlni_l03b_landuse_by_watershed,https://nlftp.mlit.go.jp/ksj/gml/datalist/KsjTmplt-L03-b.html#L03-b-06,2006,83032-0017,83032,相模川,2,その他の農用地,10,0.104896
nlni_l03b_landuse_by_watershed,https://nlftp.mlit.go.jp/ksj/gml/datalist/KsjTmplt-L03-b.html#L03-b-06,2006,83032-0017,83032,相模川,7,建物用地,504,5.287584
nlni_l03b_landuse_by_watershed,https://nlftp.mlit.go.jp/ksj/gml/datalist/KsjTmplt-L03-b.html#L03-b-06,2006,83032-0017,83032,相模川,A,その他の用地,13,0.136381
nlni_l03b_landuse_by_watershed,https://nlftp.mlit.go.jp/ksj/gml/datalist/KsjTmplt-L03-b.html#L03-b-06,2006,83032-0017,83032,相模川,B,河川地及び湖沼,24,0.251812
nlni_l03b_landuse_by_watershed,https://nlftp.mlit.go.jp/ksj/gml/datalist/KsjTmplt-L03-b.html#L03-b-06,2006,83032-0017,83032,相模川,G,ゴルフ場,43,0.451124
nlni_l03b_landuse_by_watershed,https://nlftp.mlit.go.jp/ksj/gml/datalist/KsjTmplt-L03-b.html#L03-b-06,2006,83032-0018,83032,相模川,2,その他の農用地,1,0.010492
nlni_l03b_landuse_by_watershed,https://nlftp.mlit.go.jp/ksj/gml/datalist/KsjTmplt-L03-b.html#L03-b-06,2006,83032-0018,83032,相模川,7,建物用地,20,0.209834
nlni_l03b_landuse_by_watershed,https://nlftp.mlit.go.jp/ksj/gml/datalist/KsjTmplt-L03-b.html#L03-b-06,2006,83032-0018,83032,相模川,A,その他の用地,6,0.062949
nlni_l03b_landuse_by_watershed,https://nlftp.mlit.go.jp/ksj/gml/datalist/KsjTmplt-L03-b.html#L03-b-06,2006,83032-0018,83032,相模川,B,河川地及び湖沼,16,0.16787
nlni_l03b_landuse_by_watershed,https://nlftp.mlit.go.jp/ksj/gml/datalist/KsjTmplt-L03-b.html#L03-b-06,2006,83032-0019,83032,相模川,1,田,77,0.807735
nlni_l03b_landuse_by_watershed,https://nlftp.mlit.go.jp/ksj/gml/datalist/KsjTmplt-L03-b.html#L03-b-06,2006,83032-0019,83032,相模川,2,その他の農用地,179,1.877579
nlni_l03b_landuse_by_watershed,https://nlftp.mlit.go.jp/ksj/gml/datalist/KsjTmplt-L03-b.html#L03-b-06,2006,83032-0019,83032,相模川,5,森林,612,6.419061
nlni_l03b_landuse_by_watershed,https://nlftp.mlit.go.jp/ksj/gml/datalist/KsjTmplt-L03-b.html#L03-b-06,2006,83032-0019,83032,相模川,6,荒地,54,0.566295
nlni_l03b_landuse_by_watershed,https://nlftp.mlit.go.jp/ksj/gml/datalist/KsjTmplt-L03-b.html#L03-b-06,2006,83032-0019,83032,相模川,7,建物用地,139,1.458062
nlni_l03b_landuse_by_watershed,https://nlftp.mlit.go.jp/ksj/gml/datalist/KsjTmplt-L03-b.html#L03-b-06,2006,83032-0019,83032,相模川,A,その他の用地,40,0.419576
nlni_l03b_landuse_by_watershed,https://nlftp.mlit.go.jp/ksj/gml/datalist/KsjTmplt-L03-b.html#L03-b-06,2006,83032-0019,83032,相模川,B,河川地及び湖沼,36,0.377618
nlni_l03b_landuse_by_watershed,https://nlftp.mlit.go.jp/ksj/gml/datalist/KsjTmplt-L03-b.html#L03-b-06,2006,83032-0019,83032,相模川,G,ゴルフ場,93,0.97559
nlni_l03b_landuse_by_watershed,https://nlftp.mlit.go.jp/ksj/gml/datalist/KsjTmplt-L03-b.html#L03-b-06,2006,83032-0020,83032,相模川,1,田,71,0.744676
nlni_l03b_landuse_by_watershed,https://nlftp.mlit.go.jp/ksj/gml/datalist/KsjTmplt-L03-b.html#L03-b-06,2006,83032-0020,83032,相模川,2,その他の農用地,216,2.265013
nlni_l03b_landuse_by_watershed,https://nlftp.mlit.go.jp/ksj/gml/datalist/KsjTmplt-L03-b.html#L03-b-06,2006,83032-0020,83032,相模川,5,森林,721,7.56029
nlni_l03b_landuse_by_watershed,https://nlftp.mlit.go.jp/ksj/gml/datalist/KsjTmplt-L03-b.html#L03-b-06,2006,83032-0020,83032,相模川,6,荒地,26,0.27262
nlni_l03b_landuse_by_watershed,https://nlftp.mlit.go.jp/ksj/gml/datalist/KsjTmplt-L03-b.html#L03-b-06,2006,83032-0020,83032,相模川,7,建物用地,368,3.859373
nlni_l03b_landuse_by_watershed,https://nlftp.mlit.go.jp/ksj/gml/datalist/KsjTmplt-L03-b.html#L03-b-06,2006,83032-0020,83032,相模川,9,幹線交通用地,1,0.01049
nlni_l03b_landuse_by_watershed,https://nlftp.mlit.go.jp/ksj/gml/datalist/KsjTmplt-L03-b.html#L03-b-06,2006,83032-0020,83032,相模川,A,その他の用地,59,0.618729
nlni_l03b_landuse_by_watershed,https://nlftp.mlit.go.jp/ksj/gml/datalist/KsjTmplt-L03-b.html#L03-b-06,2006,83032-0020,83032,相模川,B,河川地及び湖沼,13,0.13634
nlni_l03b_landuse_by_watershed,https://nlftp.mlit.go.jp/ksj/gml/datalist/KsjTmplt-L03-b.html#L03-b-06,2006,83032-0020,83032,相模川,G,ゴルフ場,280,2.936187
nlni_l03b_landuse_by_watershed,https://nlftp.mlit.go.jp/ksj/gml/datalist/KsjTmplt-L03-b.html#L03-b-06,2006,83032-0021,83032,相模川,1,田,5,0.052442
nlni_l03b_landuse_by_watershed,https://nlftp.mlit.go.jp/ksj/gml/datalist/KsjTmplt-L03-b.html#L03-b-06,2006,83032-0021,83032,相模川,2,その他の農用地,2,0.020976
nlni_l03b_landuse_by_watershed,https://nlftp.mlit.go.jp/ksj/gml/datalist/KsjTmplt-L03-b.html#L03-b-06,2006,83032-0021,83032,相模川,5,森林,828,8.685921
nlni_l03b_landuse_by_watershed,https://nlftp.mlit.go.jp/ksj/gml/datalist/KsjTmplt-L03-b.html#L03-b-06,2006,83032-0021,83032,相模川,7,建物用地,4,0.041952
nlni_l03b_landuse_by_watershed,https://nlftp.mlit.go.jp/ksj/gml/datalist/KsjTmplt-L03-b.html#L03-b-06,2006,83032-0022,83032,相模川,2,その他の農用地,14,0.146815
nlni_l03b_landuse_by_watershed,https://nlftp.mlit.go.jp/ksj/gml/datalist/KsjTmplt-L03-b.html#L03-b-06,2006,83032-0022,83032,相模川,5,森林,555,5.820022
nlni_l03b_landuse_by_watershed,https://nlftp.mlit.go.jp/ksj/gml/datalist/KsjTmplt-L03-b.html#L03-b-06,2006,83032-0022,83032,相模川,7,建物用地,6,0.062924
nlni_l03b_landuse_by_watershed,https://nlftp.mlit.go.jp/ksj/gml/datalist/KsjTmplt-L03-b.html#L03-b-06,2006,83032-0023,83032,相模川,1,田,204,2.139403
nlni_l03b_landuse_by_watershed,https://nlftp.mlit.go.jp/ksj/gml/datalist/KsjTmplt-L03-b.html#L03-b-06,2006,83032-0023,83032,相模川,2,その他の農用地,80,0.83895
nlni_l03b_landuse_by_watershed,https://nlftp.mlit.go.jp/ksj/gml/datalist/KsjTmplt-L03-b.html#L03-b-06,2006,83032-0023,83032,相模川,5,森林,15,0.157304
nlni_l03b_landuse_by_watershed,https://nlftp.mlit.go.jp/ksj/gml/datalist/KsjTmplt-L03-b.html#L03-b-06,2006,83032-0023,83032,相模川,6,荒地,3,0.031464
nlni_l03b_landuse_by_watershed,https://nlftp.mlit.go.jp/ksj/gml/datalist/KsjTmplt-L03-b.html#L03-b-06,2006,83032-0023,83032,相模川,7,建物用地,334,3.502711
nlni_l03b_landuse_by_watershed,https://nlftp.mlit.go.jp/ksj/gml/datalist/KsjTmplt-L03-b.html#L03-b-06,2006,83032-0023,83032,相模川,9,幹線交通用地,5,0.05245
nlni_l03b_landuse_by_watershed,https://nlftp.mlit.go.jp/ksj/gml/datalist/KsjTmplt-L03-b.html#L03-b-06,2006,83032-0023,83032,相模川,A,その他の用地,63,0.660748
nlni_l03b_landuse_by_watershed,https://nlftp.mlit.go.jp/ksj/gml/datalist/KsjTmplt-L03-b.html#L03-b-06,2006,83032-0023,83032,相模川,B,河川地及び湖沼,125,1.311084
nlni_l03b_landuse_by_watershed,https://nlftp.mlit.go.jp/ksj/gml/datalist/KsjTmplt-L03-b.html#L03-b-06,2006,83032-0024,83032,相模川,1,田,210,2.20263
nlni_l03b_landuse_by_watershed,https://nlftp.mlit.go.jp/ksj/gml/datalist/KsjTmplt-L03-b.html#L03-b-06,2006,83032-0024,83032,相模川,2,その他の農用地,100,1.048497
nlni_l03b_landuse_by_watershed,https://nlftp.mlit.go.jp/ksj/gml/datalist/KsjTmplt-L03-b.html#L03-b-06,2006,83032-0024,83032,相模川,5,森林,104,1.090516
nlni_l03b_landuse_by_watershed,https://nlftp.mlit.go.jp/ksj/gml/datalist/KsjTmplt-L03-b.html#L03-b-06,2006,83032-0024,83032,相模川,6,荒地,18,0.188711
nlni_l03b_landuse_by_watershed,https://nlftp.mlit.go.jp/ksj/gml/datalist/KsjTmplt-L03-b.html#L03-b-06,2006,83032-0024,83032,相模川,7,建物用地,598,6.271895
nlni_l03b_landuse_by_watershed,https://nlftp.mlit.go.jp/ksj/gml/datalist/KsjTmplt-L03-b.html#L03-b-06,2006,83032-0024,83032,相模川,9,幹線交通用地,30,0.314669
nlni_l03b_landuse_by_watershed,https://nlftp.mlit.go.jp/ksj/gml/datalist/KsjTmplt-L03-b.html#L03-b-06,2006,83032-0024,83032,相模川,A,その他の用地,200,2.09722
nlni_l03b_landuse_by_watershed,https://nlftp.mlit.go.jp/ksj/gml/datalist/KsjTmplt-L03-b.html#L03-b-06,2006,83032-0024,83032,相模川,B,河川地及び湖沼,11,0.1154
nlni_l03b_landuse_by_watershed,https://nlftp.mlit.go.jp/ksj/gml/datalist/KsjTmplt-L03-b.html#L03-b-06,2006,83032-0024,83032,相模川,G,ゴルフ場,1,0.010485
nlni_l03b_landuse_by_watershed,https://nlftp.mlit.go.jp/ksj/gml/datalist/KsjTmplt-L03-b.html#L03-b-06,2006,83032-0025,83032,相模川,1,田,300,3.145703
nlni_l03b_landuse_by_watershed,https://nlftp.mlit.go.jp/ksj/gml/datalist/KsjTmplt-L03-b.html#L03-b-06,2006,83032-0025,83032,相模川,2,その他の農用地,626,6.562099
nlni_l03b_landuse_by_watershed,https://nlftp.mlit.go.jp/ksj/gml/datalist/KsjTmplt-L03-b.html#L03-b-06,2006,83032-0025,83032,相模川,5,森林,216,2.264015
nlni_l03b_landuse_by_watershed,https://nlftp.mlit.go.jp/ksj/gml/datalist/KsjTmplt-L03-b.html#L03-b-06,2006,83032-0025,83032,相模川,6,荒地,85,0.890893
nlni_l03b_landuse_by_watershed,https://nlftp.mlit.go.jp/ksj/gml/datalist/KsjTmplt-L03-b.html#L03-b-06,2006,83032-0025,83032,相模川,7,建物用地,1037,10.871037
nlni_l03b_landuse_by_watershed,https://nlftp.mlit.go.jp/ksj/gml/datalist/KsjTmplt-L03-b.html#L03-b-06,2006,83032-0025,83032,相模川,9,幹線交通用地,38,0.398438
nlni_l03b_landuse_by_watershed,https://nlftp.mlit.go.jp/ksj/gml/datalist/KsjTmplt-L03-b.html#L03-b-06,2006,83032-0025,83032,相模川,A,その他の用地,158,1.656578
nlni_l03b_landuse_by_watershed,https://nlftp.mlit.go.jp/ksj/gml/datalist/KsjTmplt-L03-b.html#L03-b-06,2006,83032-0025,83032,相模川,B,河川地及び湖沼,549,5.756319
nlni_l03b_landuse_by_watershed,https://nlftp.mlit.go.jp/ksj/gml/datalist/KsjTmplt-L03-b.html#L03-b-06,2006,83032-0025,83032,相模川,G,ゴルフ場,14,0.146723
nlni_l03b_landuse_by_watershed,https://nlftp.mlit.go.jp/ksj/gml/datalist/KsjTmplt-L03-b.html#L03-b-06,2006,83032-0026,83032,相模川,1,田,1,0.010482
nlni_l03b_landuse_by_watershed,https://nlftp.mlit.go.jp/ksj/gml/datalist/KsjTmplt-L03-b.html#L03-b-06,2006,83032-0026,83032,相模川,2,その他の農用地,451,4.725457
nlni_l03b_landuse_by_watershed,https://nlftp.mlit.go.jp/ksj/gml/datalist/KsjTmplt-L03-b.html#L03-b-06,2006,83032-0026,83032,相模川,5,森林,121,1.267929
nlni_l03b_landuse_by_watershed,https://nlftp.mlit.go.jp/ksj/gml/datalist/KsjTmplt-L03-b.html#L03-b-06,2006,83032-0026,83032,相模川,6,荒地,24,0.251486
nlni_l03b_landuse_by_watershed,https://nlftp.mlit.go.jp/ksj/gml/datalist/KsjTmplt-L03-b.html#L03-b-06,2006,83032-0026,83032,相模川,7,建物用地,1233,12.91944
nlni_l03b_landuse_by_watershed,https://nlftp.mlit.go.jp/ksj/gml/datalist/KsjTmplt-L03-b.html#L03-b-06,2006,83032-0026,83032,相模川,9,幹線交通用地,9,0.094316
nlni_l03b_landuse_by_watershed,https://nlftp.mlit.go.jp/ksj/gml/datalist/KsjTmplt-L03-b.html#L03-b-06,2006,83032-0026,83032,相模川,A,その他の用地,203,2.127205
nlni_l03b_landuse_by_watershed,https://nlftp.mlit.go.jp/ksj/gml/datalist/KsjTmplt-L03-b.html#L03-b-06,2006,83032-0026,83032,相模川,B,河川地及び湖沼,19,0.199132
nlni_l03b_landuse_by_watershed,https://nlftp.mlit.go.jp/ksj/gml/datalist/KsjTmplt-L03-b.html#L03-b-06,2006,83032-0026,83032,相模川,G,ゴルフ場,19,0.199119
nlni_l03b_landuse_by_watershed,https://nlftp.mlit.go.jp/ksj/gml/datalist/KsjTmplt-L03-b.html#L03-b-06,2006,83032-0027,83032,相模川,1,田,79,0.82819
nlni_l03b_landuse_by_watershed,https://nlftp.mlit.go.jp/ksj/gml/datalist/KsjTmplt-L03-b.html#L03-b-06,2006,83032-0027,83032,相模川,2,その他の農用地,399,4.182205
nlni_l03b_landuse_by_watershed,https://nlftp.mlit.go.jp/ksj/gml/datalist/KsjTmplt-L03-b.html#L03-b-06,2006,83032-0027,83032,相模川,5,森林,1810,18.972289
nlni_l03b_landuse_by_watershed,https://nlftp.mlit.go.jp/ksj/gml/datalist/KsjTmplt-L03-b.html#L03-b-06,2006,83032-0027,83032,相模川,6,荒地,94,0.985436
nlni_l03b_landuse_by_watershed,https://nlftp.mlit.go.jp/ksj/gml/datalist/KsjTmplt-L03-b.html#L03-b-06,2006,83032-0027,83032,相模川,7,建物用地,346,3.626921
nlni_l03b_landuse_by_watershed,https://nlftp.mlit.go.jp/ksj/gml/datalist/KsjTmplt-L03-b.html#L03-b-06,2006,83032-0027,83032,相模川,A,その他の用地,18,0.188658
nlni_l03b_landuse_by_watershed,https://nlftp.mlit.go.jp/ksj/gml/datalist/KsjTmplt-L03-b.html#L03-b-06,2006,83032-0027,83032,相模川,B,河川地及び湖沼,226,2.368975
nlni_l03b_landuse_by_watershed,https://nlftp.mlit.go.jp/ksj/gml/datalist/KsjTmplt-L03-b.html#L03-b-06,2006,83032-0027,83032,相模川,G,ゴルフ場,84,0.880374
nlni_l03b_landuse_by_watershed,https://nlftp.mlit.go.jp/ksj/gml/datalist/KsjTmplt-L03-b.html#L03-b-06,2006,83032-0028,83032,相模川,5,森林,181,1.897271
nlni_l03b_landuse_by_watershed,https://nlftp.mlit.go.jp/ksj/gml/datalist/KsjTmplt-L03-b.html#L03-b-06,2006,83032-0028,83032,相模川,6,荒地,3,0.031444
nlni_l03b_landuse_by_watershed,https://nlftp.mlit.go.jp/ksj/gml/datalist/KsjTmplt-L03-b.html#L03-b-06,2006,83032-0028,83032,相模川,A,その他の用地,7,0.073372
nlni_l03b_landuse_by_watershed,https://nlftp.mlit.go.jp/ksj/gml/datalist/KsjTmplt-L03-b.html#L03-b-06,2006,83032-0028,83032,相模川,B,河川地及び湖沼,101,1.058663
nlni_l03b_landuse_by_watershed,https://nlftp.mlit.go.jp/ksj/gml/datalist/KsjTmplt-L03-b.html#L03-b-06,2006,83032-0029,83032,相模川,5,森林,168,1.7612
nlni_l03b_landuse_by_watershed,https://nlftp.mlit.go.jp/ksj/gml/datalist/KsjTmplt-L03-b.html#L03-b-06,2006,83032-0029,83032,相模川,7,建物用地,5,0.052415
nlni_l03b_landuse_by_watershed,https://nlftp.mlit.go.jp/ksj/gml/datalist/KsjTmplt-L03-b.html#L03-b-06,2006,83032-0029,83032,相模川,A,その他の用地,12,0.125793
nlni_l03b_landuse_by_watershed,https://nlftp.mlit.go.jp/ksj/gml/datalist/KsjTmplt-L03-b.html#L03-b-06,2006,83032-0029,83032,相模川,B,河川地及び湖沼,88,0.922489
nlni_l03b_landuse_by_watershed,https://nlftp.mlit.go.jp/ksj/gml/datalist/KsjTmplt-L03-b.html#L03-b-06,2006,83032-0030,83032,相模川,5,森林,465,4.875531
nlni_l03b_landuse_by_watershed,https://nlftp.mlit.go.jp/ksj/gml/datalist/KsjTmplt-L03-b.html#L03-b-06,2006,83032-0030,83032,相模川,6,荒地,8,0.083872
nlni_l03b_landuse_by_watershed,https://nlftp.mlit.go.jp/ksj/gml/datalist/KsjTmplt-L03-b.html#L03-b-06,2006,83032-0030,83032,相模川,B,河川地及び湖沼,40,0.419365
nlni_l03b_landuse_by_watershed,https://nlftp.mlit.go.jp/ksj/gml/datalist/KsjTmplt-L03-b.html#L03-b-06,2006,83032-0031,83032,相模川,5,森林,679,7.120033
nlni_l03b_landuse_by_watershed,https://nlftp.mlit.go.jp/ksj/gml/datalist/KsjTmplt-L03-b.html#L03-b-06,2006,83032-0031,83032,相模川,6,荒地,4,0.041939
nlni_l03b_landuse_by_watershed,https://nlftp.mlit.go.jp/ksj/gml/datalist/KsjTmplt-L03-b.html#L03-b-06,2006,83032-0031,83032,相模川,A,その他の用地,3,0.031454
nlni_l03b_landuse_by_watershed,https://nlftp.mlit.go.jp/ksj/gml/datalist/KsjTmplt-L03-b.html#L03-b-06,2006,83032-0031,83032,相模川,B,河川地及び湖沼,50,0.524244
nlni_l03b_landuse_by_watershed,https://nlftp.mlit.go.jp/ksj/gml/datalist/KsjTmplt-L03-b.html#L03-b-06,2006,83032-0032,83032,相模川,5,森林,889,9.325537
nlni_l03b_landuse_by_watershed,https://nlftp.mlit.go.jp/ksj/gml/datalist/KsjTmplt-L03-b.html#L03-b-06,2006,83032-0032,83032,相模川,6,荒地,2,0.020986
nlni_l03b_landuse_by_watershed,https://nlftp.mlit.go.jp/ksj/gml/datalist/KsjTmplt-L03-b.html#L03-b-06,2006,83032-0033,83032,相模川,5,森林,69,0.723655
nlni_l03b_landuse_by_watershed,https://nlftp.mlit.go.jp/ksj/gml/datalist/KsjTmplt-L03-b.html#L03-b-06,2006,83032-0033,83032,相模川,B,河川地及び湖沼,2,0.020975
nlni_l03b_landuse_by_watershed,https://nlftp.mlit.go.jp/ksj/gml/datalist/KsjTmplt-L03-b.html#L03-b-06,2006,83032-0034,83032,相模川,2,その他の農用地,1,0.010495
nlni_l03b_landuse_by_watershed,https://nlftp.mlit.go.jp/ksj/gml/datalist/KsjTmplt-L03-b.html#L03-b-06,2006,83032-0034,83032,相模川,5,森林,1626,17.060142
nlni_l03b_landuse_by_watershed,https://nlftp.mlit.go.jp/ksj/gml/datalist/KsjTmplt-L03-b.html#L03-b-06,2006,83032-0034,83032,相模川,6,荒地,19,0.19937
nlni_l03b_landuse_by_watershed,https://nlftp.mlit.go.jp/ksj/gml/datalist/KsjTmplt-L03-b.html#L03-b-06,2006,83032-0034,83032,相模川,7,建物用地,2,0.020989
nlni_l03b_landuse_by_watershed,https://nlftp.mlit.go.jp/ksj/gml/datalist/KsjTmplt-L03-b.html#L03-b-06,2006,83032-0034,83032,相模川,B,河川地及び湖沼,5,0.052451
nlni_l03b_landuse_by_watershed,https://nlftp.mlit.go.jp/ksj/gml/datalist/KsjTmplt-L03-b.html#L03-b-06,2006,83032-0035,83032,相模川,5,森林,1393,14.611093
nlni_l03b_landuse_by_watershed,https://nlftp.mlit.go.jp/ksj/gml/datalist/KsjTmplt-L03-b.html#L03-b-06,2006,83032-0035,83032,相模川,6,荒地,17,0.178334
nlni_l03b_landuse_by_watershed,https://nlftp.mlit.go.jp/ksj/gml/datalist/KsjTmplt-L03-b.html#L03-b-06,2006,83032-0035,83032,相模川,B,河川地及び湖沼,9,0.094392
nlni_l03b_landuse_by_watershed,https://nlftp.mlit.go.jp/ksj/gml/datalist/KsjTmplt-L03-b.html#L03-b-06,2006,83032-0036,83032,相模川,5,森林,26,0.272566
nlni_l03b_landuse_by_watershed,https://nlftp.mlit.go.jp/ksj/gml/datalist/KsjTmplt-L03-b.html#L03-b-06,2006,83032-0036,83032,相模川,B,河川地及び湖沼,6,0.062897
nlni_l03b_landuse_by_watershed,https://nlftp.mlit.go.jp/ksj/gml/datalist/KsjTmplt-L03-b.html#L03-b-06,2006,83032-0037,83032,相模川,5,森林,2163,22.679613
nlni_l03b_landuse_by_watershed,https://nlftp.mlit.go.jp/ksj/gml/datalist/KsjTmplt-L03-b.html#L03-b-06,2006,83032-0037,83032,相模川,6,荒地,12,0.125813
nlni_l03b_landuse_by_watershed,https://nlftp.mlit.go.jp/ksj/gml/datalist/KsjTmplt-L03-b.html#L03-b-06,2006,83032-0037,83032,相模川,B,河川地及び湖沼,16,0.167731
nlni_l03b_landuse_by_watershed,https://nlftp.mlit.go.jp/ksj/gml/datalist/KsjTmplt-L03-b.html#L03-b-06,2006,83032-0038,83032,相模川,5,森林,657,6.886628
nlni_l03b_landuse_by_watershed,https://nlftp.mlit.go.jp/ksj/gml/datalist/KsjTmplt-L03-b.html#L03-b-06,2006,83032-0038,83032,相模川,6,荒地,9,0.094343
nlni_l03b_landuse_by_watershed,https://nlftp.mlit.go.jp/ksj/gml/datalist/KsjTmplt-L03-b.html#L03-b-06,2006,83032-0039,83032,相模川,1,田,36,0.377187
nlni_l03b_landuse_by_watershed,https://nlftp.mlit.go.jp/ksj/gml/datalist/KsjTmplt-L03-b.html#L03-b-06,2006,83032-0039,83032,相模川,2,その他の農用地,148,1.550639
nlni_l03b_landuse_by_watershed,https://nlftp.mlit.go.jp/ksj/gml/datalist/KsjTmplt-L03-b.html#L03-b-06,2006,83032-0039,83032,相模川,5,森林,369,3.866266
nlni_l03b_landuse_by_watershed,https://nlftp.mlit.go.jp/ksj/gml/datalist/KsjTmplt-L03-b.html#L03-b-06,2006,83032-0039,83032,相模川,6,荒地,8,0.083808
nlni_l03b_landuse_by_watershed,https://nlftp.mlit.go.jp/ksj/gml/datalist/KsjTmplt-L03-b.html#L03-b-06,2006,83032-0039,83032,相模川,7,建物用地,139,1.456302
nlni_l03b_landuse_by_watershed,https://nlftp.mlit.go.jp/ksj/gml/datalist/KsjTmplt-L03-b.html#L03-b-06,2006,83032-0039,83032,相模川,A,その他の用地,6,0.062861
nlni_l03b_landuse_by_watershed,https://nlftp.mlit.go.jp/ksj/gml/datalist/KsjTmplt-L03-b.html#L03-b-06,2006,83032-0039,83032,相模川,B,河川地及び湖沼,157,1.644935
nlni_l03b_landuse_by_watershed,https://nlftp.mlit.go.jp/ksj/gml/datalist/KsjTmplt-L03-b.html#L03-b-06,2006,83032-0039,83032,相模川,G,ゴルフ場,132,1.383193
nlni_l03b_landuse_by_watershed,https://nlftp.mlit.go.jp/ksj/gml/datalist/KsjTmplt-L03-b.html#L03-b-06,2006,83032-0040,83032,相模川,2,その他の農用地,20,0.209492
nlni_l03b_landuse_by_watershed,https://nlftp.mlit.go.jp/ksj/gml/datalist/KsjTmplt-L03-b.html#L03-b-06,2006,83032-0040,83032,相模川,5,森林,67,0.701796
nlni_l03b_landuse_by_watershed,https://nlftp.mlit.go.jp/ksj/gml/datalist/KsjTmplt-L03-b.html#L03-b-06,2006,83032-0040,83032,相模川,7,建物用地,89,0.932182
nlni_l03b_landuse_by_watershed,https://nlftp.mlit.go.jp/ksj/gml/datalist/KsjTmplt-L03-b.html#L03-b-06,2006,83032-0040,83032,相模川,A,その他の用地,23,0.240903
nlni_l03b_landuse_by_watershed,https://nlftp.mlit.go.jp/ksj/gml/datalist/KsjTmplt-L03-b.html#L03-b-06,2006,83032-0040,83032,相模川,B,河川地及び湖沼,34,0.356142
nlni_l03b_landuse_by_watershed,https://nlftp.mlit.go.jp/ksj/gml/datalist/KsjTmplt-L03-b.html#L03-b-06,2006,83032-0041,83032,相模川,1,田,12,0.125741
nlni_l03b_landuse_by_watershed,https://nlftp.mlit.go.jp/ksj/gml/datalist/KsjTmplt-L03-b.html#L03-b-06,2006,83032-0041,83032,相模川,2,その他の農用地,416,4.358713
nlni_l03b_landuse_by_watershed,https://nlftp.mlit.go.jp/ksj/gml/datalist/KsjTmplt-L03-b.html#L03-b-06,2006,83032-0041,83032,相模川,5,森林,1770,18.546856
nlni_l03b_landuse_by_watershed,https://nlftp.mlit.go.jp/ksj/gml/datalist/KsjTmplt-L03-b.html#L03-b-06,2006,83032-0041,83032,相模川,6,荒地,36,0.377179
nlni_l03b_landuse_by_watershed,https://nlftp.mlit.go.jp/ksj/gml/datalist/KsjTmplt-L03-b.html#L03-b-06,2006,83032-0041,83032,相模川,7,建物用地,199,2.085025
nlni_l03b_landuse_by_watershed,https://nlftp.mlit.go.jp/ksj/gml/datalist/KsjTmplt-L03-b.html#L03-b-06,2006,83032-0041,83032,相模川,A,その他の用地,18,0.188643
nlni_l03b_landuse_by_watershed,https://nlftp.mlit.go.jp/ksj/gml/datalist/KsjTmplt-L03-b.html#L03-b-06,2006,83032-0041,83032,相模川,B,河川地及び湖沼,4,0.041902
nlni_l03b_landuse_by_watershed,https://nlftp.mlit.go.jp/ksj/gml/datalist/KsjTmplt-L03-b.html#L03-b-06,2006,83032-0041,83032,相模川,G,ゴルフ場,48,0.50295
nlni_l03b_landuse_by_watershed,https://nlftp.mlit.go.jp/ksj/gml/datalist/KsjTmplt-L03-b.html#L03-b-06,2006,83032-0042,83032,相模川,2,その他の農用地,140,1.466348
nlni_l03b_landuse_by_watershed,https://nlftp.mlit.go.jp/ksj/gml/datalist/KsjTmplt-L03-b.html#L03-b-06,2006,83032-0042,83032,相模川,5,森林,511,5.35212
nlni_l03b_landuse_by_watershed,https://nlftp.mlit.go.jp/ksj/gml/datalist/KsjTmplt-L03-b.html#L03-b-06,2006,83032-0042,83032,相模川,7,建物用地,244,2.555715
nlni_l03b_landuse_by_watershed,https://nlftp.mlit.go.jp/ksj/gml/datalist/KsjTmplt-L03-b.html#L03-b-06,2006,83032-0042,83032,相模川,9,幹線交通用地,3,0.031425
nlni_l03b_landuse_by_watershed,https://nlftp.mlit.go.jp/ksj/gml/datalist/KsjTmplt-L03-b.html#L03-b-06,2006,83032-0042,83032,相模川,A,その他の用地,42,0.439917
nlni_l03b_landuse_by_watershed,https://nlftp.mlit.go.jp/ksj/gml/datalist/KsjTmplt-L03-b.html#L03-b-06,2006,83032-0042,83032,相模川,B,河川地及び湖沼,263,2.754642
nlni_l03b_landuse_by_watershed,https://nlftp.mlit.go.jp/ksj/gml/datalist/KsjTmplt-L03-b.html#L03-b-06,2006,83032-0042,83032,相模川,G,ゴルフ場,101,1.05801
nlni_l03b_landuse_by_watershed,https://nlftp.mlit.go.jp/ksj/gml/datalist/KsjTmplt-L03-b.html#L03-b-06,2006,83032-0043,83032,相模川,1,田,40,0.419142
nlni_l03b_landuse_by_watershed,https://nlftp.mlit.go.jp/ksj/gml/datalist/KsjTmplt-L03-b.html#L03-b-06,2006,83032-0043,83032,相模川,2,その他の農用地,264,2.765951
nlni_l03b_landuse_by_watershed,https://nlftp.mlit.go.jp/ksj/gml/datalist/KsjTmplt-L03-b.html#L03-b-06,2006,83032-0043,83032,相模川,5,森林,3676,38.521475
nlni_l03b_landuse_by_watershed,https://nlftp.mlit.go.jp/ksj/gml/datalist/KsjTmplt-L03-b.html#L03-b-06,2006,83032-0043,83032,相模川,6,荒地,96,1.005846
nlni_l03b_landuse_by_watershed,https://nlftp.mlit.go.jp/ksj/gml/datalist/KsjTmplt-L03-b.html#L03-b-06,2006,83032-0043,83032,相模川,7,建物用地,138,1.445857
nlni_l03b_landuse_by_watershed,https://nlftp.mlit.go.jp/ksj/gml/datalist/KsjTmplt-L03-b.html#L03-b-06,2006,83032-0043,83032,相模川,9,幹線交通用地,1,0.010481
nlni_l03b_landuse_by_watershed,https://nlftp.mlit.go.jp/ksj/gml/datalist/KsjTmplt-L03-b.html#L03-b-06,2006,83032-0043,83032,相模川,A,その他の用地,26,0.272389
nlni_l03b_landuse_by_watershed,https://nlftp.mlit.go.jp/ksj/gml/datalist/KsjTmplt-L03-b.html#L03-b-06,2006,83032-0043,83032,相模川,B,河川地及び湖沼,97,1.016255
nlni_l03b_landuse_by_watershed,https://nlftp.mlit.go.jp/ksj/gml/datalist/KsjTmplt-L03-b.html#L03-b-06,2006,83032-0043,83032,相模川,G,ゴルフ場,8,0.083805
nlni_l03b_landuse_by_watershed,https://nlftp.mlit.go.jp/ksj/gml/datalist/KsjTmplt-L03-b.html#L03-b-06,2006,83032-0044,83032,相模川,5,森林,2068,21.684106
nlni_l03b_landuse_by_watershed,https://nlftp.mlit.go.jp/ksj/gml/datalist/KsjTmplt-L03-b.html#L03-b-06,2006,83032-0044,83032,相模川,6,荒地,12,0.125818
nlni_l03b_landuse_by_watershed,https://nlftp.mlit.go.jp/ksj/gml/datalist/KsjTmplt-L03-b.html#L03-b-06,2006,83032-0044,83032,相模川,B,河川地及び湖沼,20,0.209701
nlni_l03b_landuse_by_watershed,https://nlftp.mlit.go.jp/ksj/gml/datalist/KsjTmplt-L03-b.html#L03-b-06,2006,83032-0045,83032,,1,田,5,0.05241
nlni_l03b_landuse_by_watershed,https://nlftp.mlit.go.jp/ksj/gml/datalist/KsjTmplt-L03-b.html#L03-b-06,2006,83032-0045,83032,,2,その他の農用地,52,0.54506
nlni_l03b_landuse_by_watershed,https://nlftp.mlit.go.jp/ksj/gml/datalist/KsjTmplt-L03-b.html#L03-b-06,2006,83032-0045,83032,,5,森林,2494,26.142131
nlni_l03b_landuse_by_watershed,https://nlftp.mlit.go.jp/ksj/gml/datalist/KsjTmplt-L03-b.html#L03-b-06,2006,83032-0045,83032,,6,荒地,7,0.073374
nlni_l03b_landuse_by_watershed,https://nlftp.mlit.go.jp/ksj/gml/datalist/KsjTmplt-L03-b.html#L03-b-06,2006,83032-0045,83032,,7,建物用地,22,0.230604
nlni_l03b_landuse_by_watershed,https://nlftp.mlit.go.jp/ksj/gml/datalist/KsjTmplt-L03-b.html#L03-b-06,2006,83032-0046,83032,,1,田,5,0.052416
nlni_l03b_landuse_by_watershed,https://nlftp.mlit.go.jp/ksj/gml/datalist/KsjTmplt-L03-b.html#L03-b-06,2006,83032-0046,83032,,2,その他の農用地,1,0.010483
nlni_l03b_landuse_by_watershed,https://nlftp.mlit.go.jp/ksj/gml/datalist/KsjTmplt-L03-b.html#L03-b-06,2006,83032-0046,83032,,5,森林,919,9.636535
nlni_l03b_landuse_by_watershed,https://nlftp.mlit.go.jp/ksj/gml/datalist/KsjTmplt-L03-b.html#L03-b-06,2006,83032-0046,83032,,6,荒地,2,0.020967
nlni_l03b_landuse_by_watershed,https://nlftp.mlit.go.jp/ksj/gml/datalist/KsjTmplt-L03-b.html#L03-b-06,2006,83032-0046,83032,,7,建物用地,1,0.010485
nlni_l03b_landuse_by_watershed,https://nlftp.mlit.go.jp/ksj/gml/datalist/KsjTmplt-L03-b.html#L03-b-06,2006,83032-0046,83032,,A,その他の用地,3,0.031452
nlni_l03b_landuse_by_watershed,https://nlftp.mlit.go.jp/ksj/gml/datalist/KsjTmplt-L03-b.html#L03-b-06,2006,83032-0047,83032,,1,田,16,0.16775
nlni_l03b_landuse_by_watershed,https://nlftp.mlit.go.jp/ksj/gml/datalist/KsjTmplt-L03-b.html#L03-b-06,2006,83032-0047,83032,,2,その他の農用地,23,0.241129
nlni_l03b_landuse_by_watershed,https://nlftp.mlit.go.jp/ksj/gml/datalist/KsjTmplt-L03-b.html#L03-b-06,2006,83032-0047,83032,,5,森林,653,6.84625
nlni_l03b_landuse_by_watershed,https://nlftp.mlit.go.jp/ksj/gml/datalist/KsjTmplt-L03-b.html#L03-b-06,2006,83032-0047,83032,,6,荒地,5,0.052419
nlni_l03b_landuse_by_watershed,https://nlftp.mlit.go.jp/ksj/gml/datalist/KsjTmplt-L03-b.html#L03-b-06,2006,83032-0047,83032,,7,建物用地,15,0.157255
nlni_l03b_landuse_by_watershed,https://nlftp.mlit.go.jp/ksj/gml/datalist/KsjTmplt-L03-b.html#L03-b-06,2006,83032-0047,83032,,A,その他の用地,8,0.08387
nlni_l03b_landuse_by_watershed,https://nlftp.mlit.go.jp/ksj/gml/datalist/KsjTmplt-L03-b.html#L03-b-06,2006,83032-0047,83032,,B,河川地及び湖沼,1,0.010485
nlni_l03b_landuse_by_watershed,https://nlftp.mlit.go.jp/ksj/gml/datalist/KsjTmplt-L03-b.html#L03-b-06,2006,83032-0048,83032,,5,森林,211,2.212989
nlni_l03b_landuse_by_watershed,https://nlftp.mlit.go.jp/ksj/gml/datalist/KsjTmplt-L03-b.html#L03-b-06,2006,83032-0049,83032,相模川,1,田,5,0.052362
nlni_l03b_landuse_by_watershed,https://nlftp.mlit.go.jp/ksj/gml/datalist/KsjTmplt-L03-b.html#L03-b-06,2006,83032-0049,83032,相模川,2,その他の農用地,178,1.864097
nlni_l03b_landuse_by_watershed,https://nlftp.mlit.go.jp/ksj/gml/datalist/KsjTmplt-L03-b.html#L03-b-06,2006,83032-0049,83032,相模川,5,森林,1825,19.10884
nlni_l03b_landuse_by_watershed,https://nlftp.mlit.go.jp/ksj/gml/datalist/KsjTmplt-L03-b.html#L03-b-06,2006,83032-0049,83032,相模川,6,荒地,7,0.073314
nlni_l03b_landuse_by_watershed,https://nlftp.mlit.go.jp/ksj/gml/datalist/KsjTmplt-L03-b.html#L03-b-06,2006,83032-0049,83032,相模川,7,建物用地,171,1.790651
nlni_l03b_landuse_by_watershed,https://nlftp.mlit.go.jp/ksj/gml/datalist/KsjTmplt-L03-b.html#L03-b-06,2006,83032-0049,83032,相模川,9,幹線交通用地,21,0.219865
nlni_l03b_landuse_by_watershed,https://nlftp.mlit.go.jp/ksj/gml/datalist/KsjTmplt-L03-b.html#L03-b-06,2006,83032-0049,83032,相模川,A,その他の用地,48,0.502667
nlni_l03b_landuse_by_watershed,https://nlftp.mlit.go.jp/ksj/gml/datalist/KsjTmplt-L03-b.html#L03-b-06,2006,83032-0049,83032,相模川,B,河川地及び湖沼,124,1.29848
nlni_l03b_landuse_by_watershed,https://nlftp.mlit.go.jp/ksj/gml/datalist/KsjTmplt-L03-b.html#L03-b-06,2006,83032-0050,83032,相模川,2,その他の農用地,41,0.429294
nlni_l03b_landuse_by_watershed,https://nlftp.mlit.go.jp/ksj/gml/datalist/KsjTmplt-L03-b.html#L03-b-06,2006,83032-0050,83032,相模川,5,森林,281,2.941995
nlni_l03b_landuse_by_watershed,https://nlftp.mlit.go.jp/ksj/gml/datalist/KsjTmplt-L03-b.html#L03-b-06,2006,83032-0050,83032,相模川,6,荒地,2,0.020942
nlni_l03b_landuse_by_watershed,https://nlftp.mlit.go.jp/ksj/gml/datalist/KsjTmplt-L03-b.html#L03-b-06,2006,83032-0050,83032,相模川,7,建物用地,53,0.55495
nlni_l03b_landuse_by_watershed,https://nlftp.mlit.go.jp/ksj/gml/datalist/KsjTmplt-L03-b.html#L03-b-06,2006,83032-0050,83032,相模川,9,幹線交通用地,20,0.209406
nlni_l03b_landuse_by_watershed,https://nlftp.mlit.go.jp/ksj/gml/datalist/KsjTmplt-L03-b.html#L03-b-06,2006,83032-0050,83032,相模川,A,その他の用地,1,0.010472
nlni_l03b_landuse_by_watershed,https://nlftp.mlit.go.jp/ksj/gml/datalist/KsjTmplt-L03-b.html#L03-b-06,2006,83032-0050,83032,相模川,B,河川地及び湖沼,110,1.151819
nlni_l03b_landuse_by_watershed,https://nlftp.mlit.go.jp/ksj/gml/datalist/KsjTmplt-L03-b.html#L03-b-06,2006,83032-0051,83032,相模川,1,田,2,0.020949
nlni_l03b_landuse_by_watershed,https://nlftp.mlit.go.jp/ksj/gml/datalist/KsjTmplt-L03-b.html#L03-b-06,2006,83032-0051,83032,相模川,2,その他の農用地,44,0.460858
nlni_l03b_landuse_by_watershed,https://nlftp.mlit.go.jp/ksj/gml/datalist/KsjTmplt-L03-b.html#L03-b-06,2006,83032-0051,83032,相模川,5,森林,601,6.294939
nlni_l03b_landuse_by_watershed,https://nlftp.mlit.go.jp/ksj/gml/datalist/KsjTmplt-L03-b.html#L03-b-06,2006,83032-0051,83032,相模川,6,荒地,9,0.094258
nlni_l03b_landuse_by_watershed,https://nlftp.mlit.go.jp/ksj/gml/datalist/KsjTmplt-L03-b.html#L03-b-06,2006,83032-0051,83032,相模川,7,建物用地,12,0.125682
nlni_l03b_landuse_by_watershed,https://nlftp.mlit.go.jp/ksj/gml/datalist/KsjTmplt-L03-b.html#L03-b-06,2006,83032-0051,83032,相模川,A,その他の用地,2,0.02095
nlni_l03b_landuse_by_watershed,https://nlftp.mlit.go.jp/ksj/gml/datalist/KsjTmplt-L03-b.html#L03-b-06,2006,83032-0051,83032,相模川,B,河川地及び湖沼,19,0.198967
nlni_l03b_landuse_by_watershed,https://nlftp.mlit.go.jp/ksj/gml/datalist/KsjTmplt-L03-b.html#L03-b-06,2006,83032-0052,83032,相模川,2,その他の農用地,15,0.157077
nlni_l03b_landuse_by_watershed,https://nlftp.mlit.go.jp/ksj/gml/datalist/KsjTmplt-L03-b.html#L03-b-06,2006,83032-0052,83032,相模川,5,森林,45,0.471241
nlni_l03b_landuse_by_watershed,https://nlftp.mlit.go.jp/ksj/gml/datalist/KsjTmplt-L03-b.html#L03-b-06,2006,83032-0052,83032,相模川,6,荒地,1,0.010471
nlni_l03b_landuse_by_watershed,https://nlftp.mlit.go.jp/ksj/gml/datalist/KsjTmplt-L03-b.html#L03-b-06,2006,83032-0052,83032,相模川,7,建物用地,16,0.167546
nlni_l03b_landuse_by_watershed,https://nlftp.mlit.go.jp/ksj/gml/datalist/KsjTmplt-L03-b.html#L03-b-06,2006,83032-0052,83032,相模川,9,幹線交通用地,5,0.052355
nlni_l03b_landuse_by_watershed,https://nlftp.mlit.go.jp/ksj/gml/datalist/KsjTmplt-L03-b.html#L03-b-06,2006,83032-0052,83032,相模川,A,その他の用地,2,0.020943
nlni_l03b_landuse_by_watershed,https://nlftp.mlit.go.jp/ksj/gml/datalist/KsjTmplt-L03-b.html#L03-b-06,2006,83032-0052,83032,相模川,B,河川地及び湖沼,19,0.198958
nlni_l03b_landuse_by_watershed,https://nlftp.mlit.go.jp/ksj/gml/datalist/KsjTmplt-L03-b.html#L03-b-06,2006,83032-0053,83032,相模川,2,その他の農用地,94,0.984022
nlni_l03b_landuse_by_watershed,https://nlftp.mlit.go.jp/ksj/gml/datalist/KsjTmplt-L03-b.html#L03-b-06,2006,83032-0053,83032,相模川,5,森林,1672,17.501112
nlni_l03b_landuse_by_watershed,https://nlftp.mlit.go.jp/ksj/gml/datalist/KsjTmplt-L03-b.html#L03-b-06,2006,83032-0053,83032,相模川,6,荒地,10,0.104692
nlni_l03b_landuse_by_watershed,https://nlftp.mlit.go.jp/ksj/gml/datalist/KsjTmplt-L03-b.html#L03-b-06,2006,83032-0053,83032,相模川,7,建物用地,40,0.41875
nlni_l03b_landuse_by_watershed,https://nlftp.mlit.go.jp/ksj/gml/datalist/KsjTmplt-L03-b.html#L03-b-06,2006,83032-0053,83032,相模川,9,幹線交通用地,6,0.062825
nlni_l03b_landuse_by_watershed,https://nlftp.mlit.go.jp/ksj/gml/datalist/KsjTmplt-L03-b.html#L03-b-06,2006,83032-0053,83032,相模川,A,その他の用地,4,0.04188
nlni_l03b_landuse_by_watershed,https://nlftp.mlit.go.jp/ksj/gml/datalist/KsjTmplt-L03-b.html#L03-b-06,2006,83032-0053,83032,相模川,B,河川地及び湖沼,3,0.031413
nlni_l03b_landuse_by_watershed,https://nlftp.mlit.go.jp/ksj/gml/datalist/KsjTmplt-L03-b.html#L03-b-06,2006,83032-0054,83032,相模川,1,田,4,0.04189
nlni_l03b_landuse_by_watershed,https://nlftp.mlit.go.jp/ksj/gml/datalist/KsjTmplt-L03-b.html#L03-b-06,2006,83032-0054,83032,相模川,2,その他の農用地,33,0.345597
nlni_l03b_landuse_by_watershed,https://nlftp.mlit.go.jp/ksj/gml/datalist/KsjTmplt-L03-b.html#L03-b-06,2006,83032-0054,83032,相模川,5,森林,176,1.843178
nlni_l03b_landuse_by_watershed,https://nlftp.mlit.go.jp/ksj/gml/datalist/KsjTmplt-L03-b.html#L03-b-06,2006,83032-0054,83032,相模川,6,荒地,3,0.031416
nlni_l03b_landuse_by_watershed,https://nlftp.mlit.go.jp/ksj/gml/datalist/KsjTmplt-L03-b.html#L03-b-06,2006,83032-0054,83032,相模川,7,建物用地,33,0.345587
nlni_l03b_landuse_by_watershed,https://nlftp.mlit.go.jp/ksj/gml/datalist/KsjTmplt-L03-b.html#L03-b-06,2006,83032-0054,83032,相模川,A,その他の用地,3,0.031416
nlni_l03b_landuse_by_watershed,https://nlftp.mlit.go.jp/ksj/gml/datalist/KsjTmplt-L03-b.html#L03-b-06,2006,83032-0054,83032,相模川,B,河川地及び湖沼,31,0.324643
nlni_l03b_landuse_by_watershed,https://nlftp.mlit.go.jp/ksj/gml/datalist/KsjTmplt-L03-b.html#L03-b-06,2006,83032-0055,83032,相模川,2,その他の農用地,38,0.398075
nlni_l03b_landuse_by_watershed,https://nlftp.mlit.go.jp/ksj/gml/datalist/KsjTmplt-L03-b.html#L03-b-06,2006,83032-0055,83032,相模川,5,森林,398,4.169389
nlni_l03b_landuse_by_watershed,https://nlftp.mlit.go.jp/ksj/gml/datalist/KsjTmplt-L03-b.html#L03-b-06,2006,83032-0055,83032,相模川,6,荒地,8,0.083808
nlni_l03b_landuse_by_watershed,https://nlftp.mlit.go.jp/ksj/gml/datalist/KsjTmplt-L03-b.html#L03-b-06,2006,83032-0055,83032,相模川,7,建物用地,13,0.136173
nlni_l03b_landuse_by_watershed,https://nlftp.mlit.go.jp/ksj/gml/datalist/KsjTmplt-L03-b.html#L03-b-06,2006,83032-0055,83032,相模川,9,幹線交通用地,1,0.010477
nlni_l03b_landuse_by_watershed,https://nlftp.mlit.go.jp/ksj/gml/datalist/KsjTmplt-L03-b.html#L03-b-06,2006,83032-0055,83032,相模川,A,その他の用地,2,0.02095
nlni_l03b_landuse_by_watershed,https://nlftp.mlit.go.jp/ksj/gml/datalist/KsjTmplt-L03-b.html#L03-b-06,2006,83032-0055,83032,相模川,B,河川地及び湖沼,1,0.010473
nlni_l03b_landuse_by_watershed,https://nlftp.mlit.go.jp/ksj/gml/datalist/KsjTmplt-L03-b.html#L03-b-06,2006,83032-0055,83032,相模川,G,ゴルフ場,99,1.037176
nlni_l03b_landuse_by_watershed,https://nlftp.mlit.go.jp/ksj/gml/datalist/KsjTmplt-L03-b.html#L03-b-06,2006,83032-0056,83032,相模川,2,その他の農用地,42,0.439921
nlni_l03b_landuse_by_watershed,https://nlftp.mlit.go.jp/ksj/gml/datalist/KsjTmplt-L03-b.html#L03-b-06,2006,83032-0056,83032,相模川,5,森林,129,1.351209
nlni_l03b_landuse_by_watershed,https://nlftp.mlit.go.jp/ksj/gml/datalist/KsjTmplt-L03-b.html#L03-b-06,2006,83032-0056,83032,相模川,6,荒地,1,0.010475
nlni_l03b_landuse_by_watershed,https://nlftp.mlit.go.jp/ksj/gml/datalist/KsjTmplt-L03-b.html#L03-b-06,2006,83032-0056,83032,相模川,7,建物用地,29,0.303757
nlni_l03b_landuse_by_watershed,https://nlftp.mlit.go.jp/ksj/gml/datalist/KsjTmplt-L03-b.html#L03-b-06,2006,83032-0056,83032,相模川,A,その他の用地,9,0.094267
nlni_l03b_landuse_by_watershed,https://nlftp.mlit.go.jp/ksj/gml/datalist/KsjTmplt-L03-b.html#L03-b-06,2006,83032-0056,83032,相模川,B,河川地及び湖沼,9,0.094263
nlni_l03b_landuse_by_watershed,https://nlftp.mlit.go.jp/ksj/gml/datalist/KsjTmplt-L03-b.html#L03-b-06,2006,83032-0056,83032,相模川,G,ゴルフ場,41,0.429456
nlni_l03b_landuse_by_watershed,https://nlftp.mlit.go.jp/ksj/gml/datalist/KsjTmplt-L03-b.html#L03-b-06,2006,83032-0057,83032,相模川,2,その他の農用地,13,0.136162
nlni_l03b_landuse_by_watershed,https://nlftp.mlit.go.jp/ksj/gml/datalist/KsjTmplt-L03-b.html#L03-b-06,2006,83032-0057,83032,相模川,5,森林,543,5.687391
nlni_l03b_landuse_by_watershed,https://nlftp.mlit.go.jp/ksj/gml/datalist/KsjTmplt-L03-b.html#L03-b-06,2006,83032-0057,83032,相模川,6,荒地,1,0.010473
nlni_l03b_landuse_by_watershed,https://nlftp.mlit.go.jp/ksj/gml/datalist/KsjTmplt-L03-b.html#L03-b-06,2006,83032-0057,83032,相模川,7,建物用地,9,0.094262
nlni_l03b_landuse_by_watershed,https://nlftp.mlit.go.jp/ksj/gml/datalist/KsjTmplt-L03-b.html#L03-b-06,2006,83032-0057,83032,相模川,A,その他の用地,2,0.020947
nlni_l03b_landuse_by_watershed,https://nlftp.mlit.go.jp/ksj/gml/datalist/KsjTmplt-L03-b.html#L03-b-06,2006,83032-0057,83032,相模川,G,ゴルフ場,23,0.24088
nlni_l03b_landuse_by_watershed,https://nlftp.mlit.go.jp/ksj/gml/datalist/KsjTmplt-L03-b.html#L03-b-06,2006,83032-0058,83032,相模川,2,その他の農用地,40,0.418986
nlni_l03b_landuse_by_watershed,https://nlftp.mlit.go.jp/ksj/gml/datalist/KsjTmplt-L03-b.html#L03-b-06,2006,83032-0058,83032,相模川,5,森林,110,1.152239
nlni_l03b_landuse_by_watershed,https://nlftp.mlit.go.jp/ksj/gml/datalist/KsjTmplt-L03-b.html#L03-b-06,2006,83032-0058,83032,相模川,6,荒地,3,0.031423
nlni_l03b_landuse_by_watershed,https://nlftp.mlit.go.jp/ksj/gml/datalist/KsjTmplt-L03-b.html#L03-b-06,2006,83032-0058,83032,相模川,7,建物用地,10,0.104749
nlni_l03b_landuse_by_watershed,https://nlftp.mlit.go.jp/ksj/gml/datalist/KsjTmplt-L03-b.html#L03-b-06,2006,83032-0058,83032,相模川,9,幹線交通用地,1,0.010475
nlni_l03b_landuse_by_watershed,https://nlftp.mlit.go.jp/ksj/gml/datalist/KsjTmplt-L03-b.html#L03-b-06,2006,83032-0058,83032,相模川,B,河川地及び湖沼,12,0.125694
nlni_l03b_landuse_by_watershed,https://nlftp.mlit.go.jp/ksj/gml/datalist/KsjTmplt-L03-b.html#L03-b-06,2006,83032-0058,83032,相模川,G,ゴルフ場,18,0.188559
nlni_l03b_landuse_by_watershed,https://nlftp.mlit.go.jp/ksj/gml/datalist/KsjTmplt-L03-b.html#L03-b-06,2006,83032-0059,83032,相模川,1,田,1,0.010478
nlni_l03b_landuse_by_watershed,https://nlftp.mlit.go.jp/ksj/gml/datalist/KsjTmplt-L03-b.html#L03-b-06,2006,83032-0059,83032,相模川,2,その他の農用地,13,0.136199
nlni_l03b_landuse_by_watershed,https://nlftp.mlit.go.jp/ksj/gml/datalist/KsjTmplt-L03-b.html#L03-b-06,2006,83032-0059,83032,相模川,5,森林,345,3.614696
nlni_l03b_landuse_by_watershed,https://nlftp.mlit.go.jp/ksj/gml/datalist/KsjTmplt-L03-b.html#L03-b-06,2006,83032-0059,83032,相模川,6,荒地,1,0.010476
nlni_l03b_landuse_by_watershed,https://nlftp.mlit.go.jp/ksj/gml/datalist/KsjTmplt-L03-b.html#L03-b-06,2006,83032-0059,83032,相模川,7,建物用地,3,0.031432
nlni_l03b_landuse_by_watershed,https://nlftp.mlit.go.jp/ksj/gml/datalist/KsjTmplt-L03-b.html#L03-b-06,2006,83032-0059,83032,相模川,B,河川地及び湖沼,1,0.010475
nlni_l03b_landuse_by_watershed,https://nlftp.mlit.go.jp/ksj/gml/datalist/KsjTmplt-L03-b.html#L03-b-06,2006,83032-0060,83032,,2,その他の農用地,13,0.136213
nlni_l03b_landuse_by_watershed,https://nlftp.mlit.go.jp/ksj/gml/datalist/KsjTmplt-L03-b.html#L03-b-06,2006,83032-0060,83032,,5,森林,633,6.632728
nlni_l03b_landuse_by_watershed,https://nlftp.mlit.go.jp/ksj/gml/datalist/KsjTmplt-L03-b.html#L03-b-06,2006,83032-0060,83032,,6,荒地,2,0.020957
nlni_l03b_landuse_by_watershed,https://nlftp.mlit.go.jp/ksj/gml/datalist/KsjTmplt-L03-b.html#L03-b-06,2006,83032-0060,83032,,7,建物用地,1,0.010478
nlni_l03b_landuse_by_watershed,https://nlftp.mlit.go.jp/ksj/gml/datalist/KsjTmplt-L03-b.html#L03-b-06,2006,83032-0061,83032,,1,田,13,0.136188
nlni_l03b_landuse_by_watershed,https://nlftp.mlit.go.jp/ksj/gml/datalist/KsjTmplt-L03-b.html#L03-b-06,2006,83032-0061,83032,,2,その他の農用地,35,0.366655
nlni_l03b_landuse_by_watershed,https://nlftp.mlit.go.jp/ksj/gml/datalist/KsjTmplt-L03-b.html#L03-b-06,2006,83032-0061,83032,,5,森林,1111,11.63977
nlni_l03b_landuse_by_watershed,https://nlftp.mlit.go.jp/ksj/gml/datalist/KsjTmplt-L03-b.html#L03-b-06,2006,83032-0061,83032,,6,荒地,5,0.052383
nlni_l03b_landuse_by_watershed,https://nlftp.mlit.go.jp/ksj/gml/datalist/KsjTmplt-L03-b.html#L03-b-06,2006,83032-0061,83032,,7,建物用地,27,0.282852
nlni_l03b_landuse_by_watershed,https://nlftp.mlit.go.jp/ksj/gml/datalist/KsjTmplt-L03-b.html#L03-b-06,2006,83032-0061,83032,,9,幹線交通用地,2,0.020954
nlni_l03b_landuse_by_watershed,https://nlftp.mlit.go.jp/ksj/gml/datalist/KsjTmplt-L03-b.html#L03-b-06,2006,83032-0061,83032,,A,その他の用地,1,0.010476
nlni_l03b_landuse_by_watershed,https://nlftp.mlit.go.jp/ksj/gml/datalist/KsjTmplt-L03-b.html#L03-b-06,2006,83032-0061,83032,,B,河川地及び湖沼,1,0.010475
nlni_l03b_landuse_by_watershed,https://nlftp.mlit.go.jp/ksj/gml/datalist/KsjTmplt-L03-b.html#L03-b-06,2006,83032-0061,83032,,G,ゴルフ場,106,1.11063
nlni_l03b_landuse_by_watershed,https://nlftp.mlit.go.jp/ksj/gml/datalist/KsjTmplt-L03-b.html#L03-b-06,2006,83032-0062,83032,,2,その他の農用地,7,0.073339
nlni_l03b_landuse_by_watershed,https://nlftp.mlit.go.jp/ksj/gml/datalist/KsjTmplt-L03-b.html#L03-b-06,2006,83032-0062,83032,,5,森林,701,7.345648
nlni_l03b_landuse_by_watershed,https://nlftp.mlit.go.jp/ksj/gml/datalist/KsjTmplt-L03-b.html#L03-b-06,2006,83032-0062,83032,,6,荒地,6,0.062864
nlni_l03b_landuse_by_watershed,https://nlftp.mlit.go.jp/ksj/gml/datalist/KsjTmplt-L03-b.html#L03-b-06,2006,83032-0062,83032,,7,建物用地,1,0.010477
nlni_l03b_landuse_by_watershed,https://nlftp.mlit.go.jp/ksj/gml/datalist/KsjTmplt-L03-b.html#L03-b-06,2006,83032-0062,83032,,A,その他の用地,1,0.010477
nlni_l03b_landuse_by_watershed,https://nlftp.mlit.go.jp/ksj/gml/datalist/KsjTmplt-L03-b.html#L03-b-06,2006,83032-0063,83032,,1,田,16,0.16762
nlni_l03b_landuse_by_watershed,https://nlftp.mlit.go.jp/ksj/gml/datalist/KsjTmplt-L03-b.html#L03-b-06,2006,83032-0063,83032,,2,その他の農用地,35,0.366674
nlni_l03b_landuse_by_watershed,https://nlftp.mlit.go.jp/ksj/gml/datalist/KsjTmplt-L03-b.html#L03-b-06,2006,83032-0063,83032,,5,森林,1297,13.588087
nlni_l03b_landuse_by_watershed,https://nlftp.mlit.go.jp/ksj/gml/datalist/KsjTmplt-L03-b.html#L03-b-06,2006,83032-0063,83032,,7,建物用地,20,0.209527
nlni_l03b_landuse_by_watershed,https://nlftp.mlit.go.jp/ksj/gml/datalist/KsjTmplt-L03-b.html#L03-b-06,2006,83032-0063,83032,,9,幹線交通用地,4,0.041904
nlni_l03b_landuse_by_watershed,https://nlftp.mlit.go.jp/ksj/gml/datalist/KsjTmplt-L03-b.html#L03-b-06,2006,83032-0063,83032,,A,その他の用地,2,0.020953
nlni_l03b_landuse_by_watershed,https://nlftp.mlit.go.jp/ksj/gml/datalist/KsjTmplt-L03-b.html#L03-b-06,2006,83032-0064,83032,相模川,2,その他の農用地,25,0.261779
nlni_l03b_landuse_by_watershed,https://nlftp.mlit.go.jp/ksj/gml/datalist/KsjTmplt-L03-b.html#L03-b-06,2006,83032-0064,83032,相模川,5,森林,124,1.298375
nlni_l03b_landuse_by_watershed,https://nlftp.mlit.go.jp/ksj/gml/datalist/KsjTmplt-L03-b.html#L03-b-06,2006,83032-0064,83032,相模川,7,建物用地,47,0.492135
nlni_l03b_landuse_by_watershed,https://nlftp.mlit.go.jp/ksj/gml/datalist/KsjTmplt-L03-b.html#L03-b-06,2006,83032-0064,83032,相模川,9,幹線交通用地,22,0.230354
nlni_l03b_landuse_by_watershed,https://nlftp.mlit.go.jp/ksj/gml/datalist/KsjTmplt-L03-b.html#L03-b-06,2006,83032-0064,83032,相模川,A,その他の用地,6,0.062831
nlni_l03b_landuse_by_watershed,https://nlftp.mlit.go.jp/ksj/gml/datalist/KsjTmplt-L03-b.html#L03-b-06,2006,83032-0064,83032,相模川,B,河川地及び湖沼,31,0.324602
nlni_l03b_landuse_by_watershed,https://nlftp.mlit.go.jp/ksj/gml/datalist/KsjTmplt-L03-b.html#L03-b-06,2006,83032-0065,83032,相模川,1,田,22,0.23037
nlni_l03b_landuse_by_watershed,https://nlftp.mlit.go.jp/ksj/gml/datalist/KsjTmplt-L03-b.html#L03-b-06,2006,83032-0065,83032,相模川,2,その他の農用地,43,0.450269
nlni_l03b_landuse_by_watershed,https://nlftp.mlit.go.jp/ksj/gml/datalist/KsjTmplt-L03-b.html#L03-b-06,2006,83032-0065,83032,相模川,5,森林,255,2.670379
nlni_l03b_landuse_by_watershed,https://nlftp.mlit.go.jp/ksj/gml/datalist/KsjTmplt-L03-b.html#L03-b-06,2006,83032-0065,83032,相模川,6,荒地,19,0.198959
nlni_l03b_landuse_by_watershed,https://nlftp.mlit.go.jp/ksj/gml/datalist/KsjTmplt-L03-b.html#L03-b-06,2006,83032-0065,83032,相模川,7,建物用地,137,1.434431
nlni_l03b_landuse_by_watershed,https://nlftp.mlit.go.jp/ksj/gml/datalist/KsjTmplt-L03-b.html#L03-b-06,2006,83032-0065,83032,相模川,9,幹線交通用地,15,0.157055
nlni_l03b_landuse_by_watershed,https://nlftp.mlit.go.jp/ksj/gml/datalist/KsjTmplt-L03-b.html#L03-b-06,2006,83032-0065,83032,相模川,A,その他の用地,34,0.355984
nlni_l03b_landuse_by_watershed,https://nlftp.mlit.go.jp/ksj/gml/datalist/KsjTmplt-L03-b.html#L03-b-06,2006,83032-0065,83032,相模川,B,河川地及び湖沼,60,0.628262
nlni_l03b_landuse_by_watershed,https://nlftp.mlit.go.jp/ksj/gml/datalist/KsjTmplt-L03-b.html#L03-b-06,2006,83032-0065,83032,相模川,G,ゴルフ場,62,0.649303
nlni_l03b_landuse_by_watershed,https://nlftp.mlit.go.jp/ksj/gml/datalist/KsjTmplt-L03-b.html#L03-b-06,2006,83032-0066,83032,相模川,2,その他の農用地,78,0.816426
nlni_l03b_landuse_by_watershed,https://nlftp.mlit.go.jp/ksj/gml/datalist/KsjTmplt-L03-b.html#L03-b-06,2006,83032-0066,83032,相模川,5,森林,464,4.856855
nlni_l03b_landuse_by_watershed,https://nlftp.mlit.go.jp/ksj/gml/datalist/KsjTmplt-L03-b.html#L03-b-06,2006,83032-0066,83032,相模川,6,荒地,11,0.115154
nlni_l03b_landuse_by_watershed,https://nlftp.mlit.go.jp/ksj/gml/datalist/KsjTmplt-L03-b.html#L03-b-06,2006,83032-0066,83032,相模川,7,建物用地,69,0.722313
nlni_l03b_landuse_by_watershed,https://nlftp.mlit.go.jp/ksj/gml/datalist/KsjTmplt-L03-b.html#L03-b-06,2006,83032-0066,83032,相模川,9,幹線交通用地,11,0.115172
nlni_l03b_landuse_by_watershed,https://nlftp.mlit.go.jp/ksj/gml/datalist/KsjTmplt-L03-b.html#L03-b-06,2006,83032-0066,83032,相模川,A,その他の用地,44,0.460633
nlni_l03b_landuse_by_watershed,https://nlftp.mlit.go.jp/ksj/gml/datalist/KsjTmplt-L03-b.html#L03-b-06,2006,83032-0066,83032,相模川,G,ゴルフ場,37,0.38725
nlni_l03b_landuse_by_watershed,https://nlftp.mlit.go.jp/ksj/gml/datalist/KsjTmplt-L03-b.html#L03-b-06,2006,83032-0067,83032,,1,田,6,0.062829
nlni_l03b_landuse_by_watershed,https://nlftp.mlit.go.jp/ksj/gml/datalist/KsjTmplt-L03-b.html#L03-b-06,2006,83032-0067,83032,,2,その他の農用地,49,0.513099
nlni_l03b_landuse_by_watershed,https://nlftp.mlit.go.jp/ksj/gml/datalist/KsjTmplt-L03-b.html#L03-b-06,2006,83032-0067,83032,,5,森林,624,6.534761
nlni_l03b_landuse_by_watershed,https://nlftp.mlit.go.jp/ksj/gml/datalist/KsjTmplt-L03-b.html#L03-b-06,2006,83032-0067,83032,,6,荒地,4,0.041889
nlni_l03b_landuse_by_watershed,https://nlftp.mlit.go.jp/ksj/gml/datalist/KsjTmplt-L03-b.html#L03-b-06,2006,83032-0067,83032,,7,建物用地,52,0.544503
nlni_l03b_landuse_by_watershed,https://nlftp.mlit.go.jp/ksj/gml/datalist/KsjTmplt-L03-b.html#L03-b-06,2006,83032-0067,83032,,9,幹線交通用地,5,0.052356
nlni_l03b_landuse_by_watershed,https://nlftp.mlit.go.jp/ksj/gml/datalist/KsjTmplt-L03-b.html#L03-b-06,2006,83032-0067,83032,,A,その他の用地,17,0.178007
nlni_l03b_landuse_by_watershed,https://nlftp.mlit.go.jp/ksj/gml/datalist/KsjTmplt-L03-b.html#L03-b-06,2006,83032-0067,83032,,B,河川地及び湖沼,40,0.41885
nlni_l03b_landuse_by_watershed,https://nlftp.mlit.go.jp/ksj/gml/datalist/KsjTmplt-L03-b.html#L03-b-06,2006,83032-0067,83032,,G,ゴルフ場,5,0.052362
nlni_l03b_landuse_by_watershed,https://nlftp.mlit.go.jp/ksj/gml/datalist/KsjTmplt-L03-b.html#L03-b-06,2006,83032-0068,83032,,2,その他の農用地,5,0.052352
nlni_l03b_landuse_by_watershed,https://nlftp.mlit.go.jp/ksj/gml/datalist/KsjTmplt-L03-b.html#L03-b-06,2006,83032-0068,83032,,5,森林,3,0.031411
nlni_l03b_landuse_by_watershed,https://nlftp.mlit.go.jp/ksj/gml/datalist/KsjTmplt-L03-b.html#L03-b-06,2006,83032-0068,83032,,6,荒地,1,0.01047
nlni_l03b_landuse_by_watershed,https://nlftp.mlit.go.jp/ksj/gml/datalist/KsjTmplt-L03-b.html#L03-b-06,2006,83032-0068,83032,,7,建物用地,44,0.46069
nlni_l03b_landuse_by_watershed,https://nlftp.mlit.go.jp/ksj/gml/datalist/KsjTmplt-L03-b.html#L03-b-06,2006,83032-0068,83032,,9,幹線交通用地,6,0.06282
nlni_l03b_landuse_by_watershed,https://nlftp.mlit.go.jp/ksj/gml/datalist/KsjTmplt-L03-b.html#L03-b-06,2006,83032-0068,83032,,A,その他の用地,2,0.02094
nlni_l03b_landuse_by_watershed,https://nlftp.mlit.go.jp/ksj/gml/datalist/KsjTmplt-L03-b.html#L03-b-06,2006,83032-0068,83032,,B,河川地及び湖沼,14,0.146586
nlni_l03b_landuse_by_watershed,https://nlftp.mlit.go.jp/ksj/gml/datalist/KsjTmplt-L03-b.html#L03-b-06,2006,83032-0069,83032,,1,田,24,0.251256
nlni_l03b_landuse_by_watershed,https://nlftp.mlit.go.jp/ksj/gml/datalist/KsjTmplt-L03-b.html#L03-b-06,2006,83032-0069,83032,,2,その他の農用地,15,0.157025
nlni_l03b_landuse_by_watershed,https://nlftp.mlit.go.jp/ksj/gml/datalist/KsjTmplt-L03-b.html#L03-b-06,2006,83032-0069,83032,,5,森林,64,0.669993
nlni_l03b_landuse_by_watershed,https://nlftp.mlit.go.jp/ksj/gml/datalist/KsjTmplt-L03-b.html#L03-b-06,2006,83032-0069,83032,,6,荒地,31,0.32454
nlni_l03b_landuse_by_watershed,https://nlftp.mlit.go.jp/ksj/gml/datalist/KsjTmplt-L03-b.html#L03-b-06,2006,83032-0069,83032,,7,建物用地,81,0.847974
nlni_l03b_landuse_by_watershed,https://nlftp.mlit.go.jp/ksj/gml/datalist/KsjTmplt-L03-b.html#L03-b-06,2006,83032-0069,83032,,9,幹線交通用地,13,0.136101
nlni_l03b_landuse_by_watershed,https://nlftp.mlit.go.jp/ksj/gml/datalist/KsjTmplt-L03-b.html#L03-b-06,2006,83032-0069,83032,,A,その他の用地,5,0.052344
nlni_l03b_landuse_by_watershed,https://nlftp.mlit.go.jp/ksj/gml/datalist/KsjTmplt-L03-b.html#L03-b-06,2006,83032-0069,83032,,B,河川地及び湖沼,16,0.16751
nlni_l03b_landuse_by_watershed,https://nlftp.mlit.go.jp/ksj/gml/datalist/KsjTmplt-L03-b.html#L03-b-06,2006,83032-0070,83032,,1,田,1,0.01047
nlni_l03b_landuse_by_watershed,https://nlftp.mlit.go.jp/ksj/gml/datalist/KsjTmplt-L03-b.html#L03-b-06,2006,83032-0070,83032,,2,その他の農用地,12,0.125639
nlni_l03b_landuse_by_watershed,https://nlftp.mlit.go.jp/ksj/gml/datalist/KsjTmplt-L03-b.html#L03-b-06,2006,83032-0070,83032,,5,森林,125,1.30875
nlni_l03b_landuse_by_watershed,https://nlftp.mlit.go.jp/ksj/gml/datalist/KsjTmplt-L03-b.html#L03-b-06,2006,83032-0070,83032,,6,荒地,48,0.502555
nlni_l03b_landuse_by_watershed,https://nlftp.mlit.go.jp/ksj/gml/datalist/KsjTmplt-L03-b.html#L03-b-06,2006,83032-0070,83032,,7,建物用地,41,0.429281
nlni_l03b_landuse_by_watershed,https://nlftp.mlit.go.jp/ksj/gml/datalist/KsjTmplt-L03-b.html#L03-b-06,2006,83032-0070,83032,,A,その他の用地,45,0.471167
nlni_l03b_landuse_by_watershed,https://nlftp.mlit.go.jp/ksj/gml/datalist/KsjTmplt-L03-b.html#L03-b-06,2006,83032-0070,83032,,B,河川地及び湖沼,1,0.01047
nlni_l03b_landuse_by_watershed,https://nlftp.mlit.go.jp/ksj/gml/datalist/KsjTmplt-L03-b.html#L03-b-06,2006,83032-0070,83032,,G,ゴルフ場,99,1.03646
nlni_l03b_landuse_by_watershed,https://nlftp.mlit.go.jp/ksj/gml/datalist/KsjTmplt-L03-b.html#L03-b-06,2006,83032-0071,83032,,1,田,9,0.094214
nlni_l03b_landuse_by_watershed,https://nlftp.mlit.go.jp/ksj/gml/datalist/KsjTmplt-L03-b.html#L03-b-06,2006,83032-0071,83032,,2,その他の農用地,57,0.596686
nlni_l03b_landuse_by_watershed,https://nlftp.mlit.go.jp/ksj/gml/datalist/KsjTmplt-L03-b.html#L03-b-06,2006,83032-0071,83032,,5,森林,184,1.925941
nlni_l03b_landuse_by_watershed,https://nlftp.mlit.go.jp/ksj/gml/datalist/KsjTmplt-L03-b.html#L03-b-06,2006,83032-0071,83032,,6,荒地,22,0.230302
nlni_l03b_landuse_by_watershed,https://nlftp.mlit.go.jp/ksj/gml/datalist/KsjTmplt-L03-b.html#L03-b-06,2006,83032-0071,83032,,7,建物用地,34,0.355921
nlni_l03b_landuse_by_watershed,https://nlftp.mlit.go.jp/ksj/gml/datalist/KsjTmplt-L03-b.html#L03-b-06,2006,83032-0071,83032,,9,幹線交通用地,25,0.261719
nlni_l03b_landuse_by_watershed,https://nlftp.mlit.go.jp/ksj/gml/datalist/KsjTmplt-L03-b.html#L03-b-06,2006,83032-0071,83032,,A,その他の用地,3,0.031405
nlni_l03b_landuse_by_watershed,https://nlftp.mlit.go.jp/ksj/gml/datalist/KsjTmplt-L03-b.html#L03-b-06,2006,83032-0072,83032,,1,田,10,0.104675
nlni_l03b_landuse_by_watershed,https://nlftp.mlit.go.jp/ksj/gml/datalist/KsjTmplt-L03-b.html#L03-b-06,2006,83032-0072,83032,,2,その他の農用地,128,1.339517
nlni_l03b_landuse_by_watershed,https://nlftp.mlit.go.jp/ksj/gml/datalist/KsjTmplt-L03-b.html#L03-b-06,2006,83032-0072,83032,,5,森林,1518,15.885386
nlni_l03b_landuse_by_watershed,https://nlftp.mlit.go.jp/ksj/gml/datalist/KsjTmplt-L03-b.html#L03-b-06,2006,83032-0072,83032,,6,荒地,11,0.115134
nlni_l03b_landuse_by_watershed,https://nlftp.mlit.go.jp/ksj/gml/datalist/KsjTmplt-L03-b.html#L03-b-06,2006,83032-0072,83032,,7,建物用地,66,0.690727
nlni_l03b_landuse_by_watershed,https://nlftp.mlit.go.jp/ksj/gml/datalist/KsjTmplt-L03-b.html#L03-b-06,2006,83032-0072,83032,,A,その他の用地,4,0.041869
nlni_l03b_landuse_by_watershed,https://nlftp.mlit.go.jp/ksj/gml/datalist/KsjTmplt-L03-b.html#L03-b-06,2006,83032-0072,83032,,B,河川地及び湖沼,21,0.219803
nlni_l03b_landuse_by_watershed,https://nlftp.mlit.go.jp/ksj/gml/datalist/KsjTmplt-L03-b.html#L03-b-06,2006,83032-0072,83032,,G,ゴルフ場,146,1.527882
nlni_l03b_landuse_by_watershed,https://nlftp.mlit.go.jp/ksj/gml/datalist/KsjTmplt-L03-b.html#L03-b-06,2006,83032-0073,83032,,1,田,6,0.062805
nlni_l03b_landuse_by_watershed,https://nlftp.mlit.go.jp/ksj/gml/datalist/KsjTmplt-L03-b.html#L03-b-06,2006,83032-0073,83032,,2,その他の農用地,32,0.334925
nlni_l03b_landuse_by_watershed,https://nlftp.mlit.go.jp/ksj/gml/datalist/KsjTmplt-L03-b.html#L03-b-06,2006,83032-0073,83032,,5,森林,459,4.803788
nlni_l03b_landuse_by_watershed,https://nlftp.mlit.go.jp/ksj/gml/datalist/KsjTmplt-L03-b.html#L03-b-06,2006,83032-0073,83032,,6,荒地,7,0.073267
nlni_l03b_landuse_by_watershed,https://nlftp.mlit.go.jp/ksj/gml/datalist/KsjTmplt-L03-b.html#L03-b-06,2006,83032-0073,83032,,7,建物用地,17,0.177933
nlni_l03b_landuse_by_watershed,https://nlftp.mlit.go.jp/ksj/gml/datalist/KsjTmplt-L03-b.html#L03-b-06,2006,83032-0073,83032,,9,幹線交通用地,2,0.020936
nlni_l03b_landuse_by_watershed,https://nlftp.mlit.go.jp/ksj/gml/datalist/KsjTmplt-L03-b.html#L03-b-06,2006,83032-0074,83032,,1,田,7,0.073276
nlni_l03b_landuse_by_watershed,https://nlftp.mlit.go.jp/ksj/gml/datalist/KsjTmplt-L03-b.html#L03-b-06,2006,83032-0074,83032,,2,その他の農用地,60,0.628089
nlni_l03b_landuse_by_watershed,https://nlftp.mlit.go.jp/ksj/gml/datalist/KsjTmplt-L03-b.html#L03-b-06,2006,83032-0074,83032,,5,森林,1148,12.016052
nlni_l03b_landuse_by_watershed,https://nlftp.mlit.go.jp/ksj/gml/datalist/KsjTmplt-L03-b.html#L03-b-06,2006,83032-0074,83032,,6,荒地,15,0.157027
nlni_l03b_landuse_by_watershed,https://nlftp.mlit.go.jp/ksj/gml/datalist/KsjTmplt-L03-b.html#L03-b-06,2006,83032-0074,83032,,7,建物用地,26,0.272171
nlni_l03b_landuse_by_watershed,https://nlftp.mlit.go.jp/ksj/gml/datalist/KsjTmplt-L03-b.html#L03-b-06,2006,83032-0074,83032,,9,幹線交通用地,23,0.240781
nlni_l03b_landuse_by_watershed,https://nlftp.mlit.go.jp/ksj/gml/datalist/KsjTmplt-L03-b.html#L03-b-06,2006,83032-0074,83032,,A,その他の用地,1,0.010468
nlni_l03b_landuse_by_watershed,https://nlftp.mlit.go.jp/ksj/gml/datalist/KsjTmplt-L03-b.html#L03-b-06,2006,83032-0074,83032,,G,ゴルフ場,2,0.020938
nlni_l03b_landuse_by_watershed,https://nlftp.mlit.go.jp/ksj/gml/datalist/KsjTmplt-L03-b.html#L03-b-06,2006,83032-0075,83032,,1,田,23,0.24082
nlni_l03b_landuse_by_watershed,https://nlftp.mlit.go.jp/ksj/gml/datalist/KsjTmplt-L03-b.html#L03-b-06,2006,83032-0075,83032,,2,その他の農用地,48,0.502555
nlni_l03b_landuse_by_watershed,https://nlftp.mlit.go.jp/ksj/gml/datalist/KsjTmplt-L03-b.html#L03-b-06,2006,83032-0075,83032,,5,森林,473,4.952275
nlni_l03b_landuse_by_watershed,https://nlftp.mlit.go.jp/ksj/gml/datalist/KsjTmplt-L03-b.html#L03-b-06,2006,83032-0075,83032,,6,荒地,66,0.691014
nlni_l03b_landuse_by_watershed,https://nlftp.mlit.go.jp/ksj/gml/datalist/KsjTmplt-L03-b.html#L03-b-06,2006,83032-0075,83032,,7,建物用地,60,0.628201
nlni_l03b_landuse_by_watershed,https://nlftp.mlit.go.jp/ksj/gml/datalist/KsjTmplt-L03-b.html#L03-b-06,2006,83032-0075,83032,,9,幹線交通用地,38,0.397856
nlni_l03b_landuse_by_watershed,https://nlftp.mlit.go.jp/ksj/gml/datalist/KsjTmplt-L03-b.html#L03-b-06,2006,83032-0075,83032,,A,その他の用地,24,0.251276
nlni_l03b_landuse_by_watershed,https://nlftp.mlit.go.jp/ksj/gml/datalist/KsjTmplt-L03-b.html#L03-b-06,2006,83032-0075,83032,,B,河川地及び湖沼,20,0.209409
nlni_l03b_landuse_by_watershed,https://nlftp.mlit.go.jp/ksj/gml/datalist/KsjTmplt-L03-b.html#L03-b-06,2006,83032-0075,83032,,G,ゴルフ場,93,0.973706
nlni_l03b_landuse_by_watershed,https://nlftp.mlit.go.jp/ksj/gml/datalist/KsjTmplt-L03-b.html#L03-b-06,2006,83032-0076,83032,,1,田,18,0.188505
nlni_l03b_landuse_by_watershed,https://nlftp.mlit.go.jp/ksj/gml/datalist/KsjTmplt-L03-b.html#L03-b-06,2006,83032-0076,83032,,2,その他の農用地,51,0.534095
nlni_l03b_landuse_by_watershed,https://nlftp.mlit.go.jp/ksj/gml/datalist/KsjTmplt-L03-b.html#L03-b-06,2006,83032-0076,83032,,5,森林,1294,13.552502
nlni_l03b_landuse_by_watershed,https://nlftp.mlit.go.jp/ksj/gml/datalist/KsjTmplt-L03-b.html#L03-b-06,2006,83032-0076,83032,,6,荒地,16,0.167559
nlni_l03b_landuse_by_watershed,https://nlftp.mlit.go.jp/ksj/gml/datalist/KsjTmplt-L03-b.html#L03-b-06,2006,83032-0076,83032,,7,建物用地,60,0.628343
nlni_l03b_landuse_by_watershed,https://nlftp.mlit.go.jp/ksj/gml/datalist/KsjTmplt-L03-b.html#L03-b-06,2006,83032-0076,83032,,9,幹線交通用地,26,0.272269
nlni_l03b_landuse_by_watershed,https://nlftp.mlit.go.jp/ksj/gml/datalist/KsjTmplt-L03-b.html#L03-b-06,2006,83032-0076,83032,,A,その他の用地,10,0.104723
nlni_l03b_landuse_by_watershed,https://nlftp.mlit.go.jp/ksj/gml/datalist/KsjTmplt-L03-b.html#L03-b-06,2006,83032-0076,83032,,B,河川地及び湖沼,54,0.565517
nlni_l03b_landuse_by_watershed,https://nlftp.mlit.go.jp/ksj/gml/datalist/KsjTmplt-L03-b.html#L03-b-06,2006,83032-0078,83032,,1,田,7,0.073298
nlni_l03b_landuse_by_watershed,https://nlftp.mlit.go.jp/ksj/gml/datalist/KsjTmplt-L03-b.html#L03-b-06,2006,83032-0078,83032,,2,その他の農用地,41,0.429322
nlni_l03b_landuse_by_watershed,https://nlftp.mlit.go.jp/ksj/gml/datalist/KsjTmplt-L03-b.html#L03-b-06,2006,83032-0078,83032,,5,森林,234,2.449953
nlni_l03b_landuse_by_watershed,https://nlftp.mlit.go.jp/ksj/gml/datalist/KsjTmplt-L03-b.html#L03-b-06,2006,83032-0078,83032,,6,荒地,3,0.031413
nlni_l03b_landuse_by_watershed,https://nlftp.mlit.go.jp/ksj/gml/datalist/KsjTmplt-L03-b.html#L03-b-06,2006,83032-0078,83032,,7,建物用地,17,0.17801
nlni_l03b_landuse_by_watershed,https://nlftp.mlit.go.jp/ksj/gml/datalist/KsjTmplt-L03-b.html#L03-b-06,2006,83032-0078,83032,,9,幹線交通用地,10,0.104719
nlni_l03b_landuse_by_watershed,https://nlftp.mlit.go.jp/ksj/gml/datalist/KsjTmplt-L03-b.html#L03-b-06,2006,83032-0078,83032,,G,ゴルフ場,57,0.596798
nlni_l03b_landuse_by_watershed,https://nlftp.mlit.go.jp/ksj/gml/datalist/KsjTmplt-L03-b.html#L03-b-06,2006,83032-0079,83032,,1,田,24,0.25134
nlni_l03b_landuse_by_watershed,https://nlftp.mlit.go.jp/ksj/gml/datalist/KsjTmplt-L03-b.html#L03-b-06,2006,83032-0079,83032,,2,その他の農用地,71,0.743504
nlni_l03b_landuse_by_watershed,https://nlftp.mlit.go.jp/ksj/gml/datalist/KsjTmplt-L03-b.html#L03-b-06,2006,83032-0079,83032,,5,森林,630,6.597637
nlni_l03b_landuse_by_watershed,https://nlftp.mlit.go.jp/ksj/gml/datalist/KsjTmplt-L03-b.html#L03-b-06,2006,83032-0079,83032,,6,荒地,6,0.062833
nlni_l03b_landuse_by_watershed,https://nlftp.mlit.go.jp/ksj/gml/datalist/KsjTmplt-L03-b.html#L03-b-06,2006,83032-0079,83032,,7,建物用地,72,0.75398
nlni_l03b_landuse_by_watershed,https://nlftp.mlit.go.jp/ksj/gml/datalist/KsjTmplt-L03-b.html#L03-b-06,2006,83032-0079,83032,,9,幹線交通用地,16,0.167543
nlni_l03b_landuse_by_watershed,https://nlftp.mlit.go.jp/ksj/gml/datalist/KsjTmplt-L03-b.html#L03-b-06,2006,83032-0079,83032,,A,その他の用地,3,0.031415
nlni_l03b_landuse_by_watershed,https://nlftp.mlit.go.jp/ksj/gml/datalist/KsjTmplt-L03-b.html#L03-b-06,2006,83032-0079,83032,,B,河川地及び湖沼,32,0.335118
nlni_l03b_landuse_by_watershed,https://nlftp.mlit.go.jp/ksj/gml/datalist/KsjTmplt-L03-b.html#L03-b-06,2006,83032-0079,83032,,G,ゴルフ場,47,0.492099
nlni_l03b_landuse_by_watershed,https://nlftp.mlit.go.jp/ksj/gml/datalist/KsjTmplt-L03-b.html#L03-b-06,2006,83032-0082,83032,,5,森林,438,4.589645
nlni_l03b_landuse_by_watershed,https://nlftp.mlit.go.jp/ksj/gml/datalist/KsjTmplt-L03-b.html#L03-b-06,2006,83032-0084,83032,,5,森林,318,3.335437
nlni_l03b_landuse_by_watershed,https://nlftp.mlit.go.jp/ksj/gml/datalist/KsjTmplt-L03-b.html#L03-b-06,2006,83032-0118,83032,,5,森林,303,3.177286
nlni_l03b_landuse_by_watershed,https://nlftp.mlit.go.jp/ksj/gml/datalist/KsjTmplt-L03-b.html#L03-b-06,2006,83032-0119,83032,,5,森林,118,1.237338
nlni_l03b_landuse_by_watershed,https://nlftp.mlit.go.jp/ksj/gml/datalist/KsjTmplt-L03-b.html#L03-b-06,2006,83032-0133,83032,,5,森林,2008,21.061022
nlni_l03b_landuse_by_watershed,https://nlftp.mlit.go.jp/ksj/gml/datalist/KsjTmplt-L03-b.html#L03-b-06,2006,83032-0134,83032,,5,森林,15,0.157303
nlni_l03b_landuse_by_watershed,https://nlftp.mlit.go.jp/ksj/gml/datalist/KsjTmplt-L03-b.html#L03-b-06,2006,83032-0141,83032,,1,田,34,0.356559
nlni_l03b_landuse_by_watershed,https://nlftp.mlit.go.jp/ksj/gml/datalist/KsjTmplt-L03-b.html#L03-b-06,2006,83032-0141,83032,,2,その他の農用地,18,0.188775
nlni_l03b_landuse_by_watershed,https://nlftp.mlit.go.jp/ksj/gml/datalist/KsjTmplt-L03-b.html#L03-b-06,2006,83032-0141,83032,,5,森林,1917,20.106719
nlni_l03b_landuse_by_watershed,https://nlftp.mlit.go.jp/ksj/gml/datalist/KsjTmplt-L03-b.html#L03-b-06,2006,83032-0141,83032,,7,建物用地,5,0.052437
nlni_l03b_landuse_by_watershed,https://nlftp.mlit.go.jp/ksj/gml/datalist/KsjTmplt-L03-b.html#L03-b-06,2006,83032-0141,83032,,9,幹線交通用地,1,0.010487
nlni_l03b_landuse_by_watershed,https://nlftp.mlit.go.jp/ksj/gml/datalist/KsjTmplt-L03-b.html#L03-b-06,2006,83032-0141,83032,,A,その他の用地,5,0.052433
nlni_l03b_landuse_by_watershed,https://nlftp.mlit.go.jp/ksj/gml/datalist/KsjTmplt-L03-b.html#L03-b-06,2006,83032-0141,83032,,B,河川地及び湖沼,23,0.241218
nlni_l03b_landuse_by_watershed,https://nlftp.mlit.go.jp/ksj/gml/datalist/KsjTmplt-L03-b.html#L03-b-06,2006,83032-0143,83032,,1,田,3,0.031458
nlni_l03b_landuse_by_watershed,https://nlftp.mlit.go.jp/ksj/gml/datalist/KsjTmplt-L03-b.html#L03-b-06,2006,83032-0143,83032,,2,その他の農用地,7,0.073404
nlni_l03b_landuse_by_watershed,https://nlftp.mlit.go.jp/ksj/gml/datalist/KsjTmplt-L03-b.html#L03-b-06,2006,83032-0143,83032,,5,森林,119,1.247927
nlni_l03b_landuse_by_watershed,https://nlftp.mlit.go.jp/ksj/gml/datalist/KsjTmplt-L03-b.html#L03-b-06,2006,83032-0144,83032,相模川,5,森林,496,5.200635
nlni_l03b_landuse_by_watershed,https://nlftp.mlit.go.jp/ksj/gml/datalist/KsjTmplt-L03-b.html#L03-b-06,2006,83032-0144,83032,相模川,B,河川地及び湖沼,2,0.020966
nlni_l03b_landuse_by_watershed,https://nlftp.mlit.go.jp/ksj/gml/datalist/KsjTmplt-L03-b.html#L03-b-06,2006,83032-0154,83032,,1,田,23,0.24131
nlni_l03b_landuse_by_watershed,https://nlftp.mlit.go.jp/ksj/gml/datalist/KsjTmplt-L03-b.html#L03-b-06,2006,83032-0154,83032,,2,その他の農用地,2,0.020983
nlni_l03b_landuse_by_watershed,https://nlftp.mlit.go.jp/ksj/gml/datalist/KsjTmplt-L03-b.html#L03-b-06,2006,83032-0154,83032,,5,森林,582,6.106039
nlni_l03b_landuse_by_watershed,https://nlftp.mlit.go.jp/ksj/gml/datalist/KsjTmplt-L03-b.html#L03-b-06,2006,83032-0154,83032,,6,荒地,33,0.346174
nlni_l03b_landuse_by_watershed,https://nlftp.mlit.go.jp/ksj/gml/datalist/KsjTmplt-L03-b.html#L03-b-06,2006,83032-0154,83032,,B,河川地及び湖沼,2,0.020984
nlni_l03b_landuse_by_watershed,https://nlftp.mlit.go.jp/ksj/gml/datalist/KsjTmplt-L03-b.html#L03-b-06,2006,83032-0156,83032,,1,田,2,0.02099
nlni_l03b_landuse_by_watershed,https://nlftp.mlit.go.jp/ksj/gml/datalist/KsjTmplt-L03-b.html#L03-b-06,2006,83032-0156,83032,,5,森林,390,4.093359
nlni_l03b_landuse_by_watershed,https://nlftp.mlit.go.jp/ksj/gml/datalist/KsjTmplt-L03-b.html#L03-b-06,2006,83032-0156,83032,,6,荒地,21,0.220496
nlni_l03b_landuse_by_watershed,https://nlftp.mlit.go.jp/ksj/gml/datalist/KsjTmplt-L03-b.html#L03-b-06,2006,83032-0156,83032,,7,建物用地,19,0.199395
nlni_l03b_landuse_by_watershed,https://nlftp.mlit.go.jp/ksj/gml/datalist/KsjTmplt-L03-b.html#L03-b-06,2006,83032-0156,83032,,A,その他の用地,4,0.04198
nlni_l03b_landuse_by_watershed,https://nlftp.mlit.go.jp/ksj/gml/datalist/KsjTmplt-L03-b.html#L03-b-06,2006,83032-0156,83032,,B,河川地及び湖沼,46,0.482792
nlni_l03b_landuse_by_watershed,https://nlftp.mlit.go.jp/ksj/gml/datalist/KsjTmplt-L03-b.html#L03-b-06,2006,83032-0159,83032,,1,田,9,0.09446
nlni_l03b_landuse_by_watershed,https://nlftp.mlit.go.jp/ksj/gml/datalist/KsjTmplt-L03-b.html#L03-b-06,2006,83032-0159,83032,,2,その他の農用地,11,0.115443
nlni_l03b_landuse_by_watershed,https://nlftp.mlit.go.jp/ksj/gml/datalist/KsjTmplt-L03-b.html#L03-b-06,2006,83032-0159,83032,,5,森林,182,1.909775
nlni_l03b_landuse_by_watershed,https://nlftp.mlit.go.jp/ksj/gml/datalist/KsjTmplt-L03-b.html#L03-b-06,2006,83032-0159,83032,,6,荒地,1,0.010496
nlni_l03b_landuse_by_watershed,https://nlftp.mlit.go.jp/ksj/gml/datalist/KsjTmplt-L03-b.html#L03-b-06,2006,83032-0159,83032,,7,建物用地,17,0.178418
nlni_l03b_landuse_by_watershed,https://nlftp.mlit.go.jp/ksj/gml/datalist/KsjTmplt-L03-b.html#L03-b-06,2006,83032-0159,83032,,A,その他の用地,56,0.587712
nlni_l03b_landuse_by_watershed,https://nlftp.mlit.go.jp/ksj/gml/datalist/KsjTmplt-L03-b.html#L03-b-06,2006,83032-0159,83032,,B,河川地及び湖沼,2,0.020992
nlni_l03b_landuse_by_watershed,https://nlftp.mlit.go.jp/ksj/gml/datalist/KsjTmplt-L03-b.html#L03-b-06,2006,83032-0160,83032,,1,田,26,0.272896
nlni_l03b_landuse_by_watershed,https://nlftp.mlit.go.jp/ksj/gml/datalist/KsjTmplt-L03-b.html#L03-b-06,2006,83032-0160,83032,,2,その他の農用地,41,0.430306
nlni_l03b_landuse_by_watershed,https://nlftp.mlit.go.jp/ksj/gml/datalist/KsjTmplt-L03-b.html#L03-b-06,2006,83032-0160,83032,,5,森林,665,6.978602
nlni_l03b_landuse_by_watershed,https://nlftp.mlit.go.jp/ksj/gml/datalist/KsjTmplt-L03-b.html#L03-b-06,2006,83032-0160,83032,,6,荒地,24,0.251904
nlni_l03b_landuse_by_watershed,https://nlftp.mlit.go.jp/ksj/gml/datalist/KsjTmplt-L03-b.html#L03-b-06,2006,83032-0160,83032,,7,建物用地,8,0.083965
nlni_l03b_landuse_by_watershed,https://nlftp.mlit.go.jp/ksj/gml/datalist/KsjTmplt-L03-b.html#L03-b-06,2006,83032-0160,83032,,9,幹線交通用地,3,0.031492
nlni_l03b_landuse_by_watershed,https://nlftp.mlit.go.jp/ksj/gml/datalist/KsjTmplt-L03-b.html#L03-b-06,2006,83032-0160,83032,,A,その他の用地,131,1.374809
nlni_l03b_landuse_by_watershed,https://nlftp.mlit.go.jp/ksj/gml/datalist/KsjTmplt-L03-b.html#L03-b-06,2006,83032-0160,83032,,B,河川地及び湖沼,9,0.09445
nlni_l03b_landuse_by_watershed,https://nlftp.mlit.go.jp/ksj/gml/datalist/KsjTmplt-L03-b.html#L03-b-06,2006,83267-0001,83267,境川,2,その他の農用地,1,0.010508
nlni_l03b_landuse_by_watershed,https://nlftp.mlit.go.jp/ksj/gml/datalist/KsjTmplt-L03-b.html#L03-b-06,2006,83267-0001,83267,境川,5,森林,35,0.367791
nlni_l03b_landuse_by_watershed,https://nlftp.mlit.go.jp/ksj/gml/datalist/KsjTmplt-L03-b.html#L03-b-06,2006,83267-0001,83267,境川,6,荒地,4,0.042031
nlni_l03b_landuse_by_watershed,https://nlftp.mlit.go.jp/ksj/gml/datalist/KsjTmplt-L03-b.html#L03-b-06,2006,83267-0001,83267,境川,7,建物用地,352,3.698974
nlni_l03b_landuse_by_watershed,https://nlftp.mlit.go.jp/ksj/gml/datalist/KsjTmplt-L03-b.html#L03-b-06,2006,83267-0001,83267,境川,9,幹線交通用地,19,0.199662
nlni_l03b_landuse_by_watershed,https://nlftp.mlit.go.jp/ksj/gml/datalist/KsjTmplt-L03-b.html#L03-b-06,2006,83267-0001,83267,境川,A,その他の用地,21,0.220678
nlni_l03b_landuse_by_watershed,https://nlftp.mlit.go.jp/ksj/gml/datalist/KsjTmplt-L03-b.html#L03-b-06,2006,83267-0001,83267,境川,B,河川地及び湖沼,17,0.178652
nlni_l03b_landuse_by_watershed,https://nlftp.mlit.go.jp/ksj/gml/datalist/KsjTmplt-L03-b.html#L03-b-06,2006,83267-0001,83267,境川,E,海浜,3,0.031531
nlni_l03b_landuse_by_watershed,https://nlftp.mlit.go.jp/ksj/gml/datalist/KsjTmplt-L03-b.html#L03-b-06,2006,83267-0001,83267,境川,F,海水域,3,0.031532
nlni_l03b_landuse_by_watershed,https://nlftp.mlit.go.jp/ksj/gml/datalist/KsjTmplt-L03-b.html#L03-b-06,2006,83267-0002,83267,境川,1,田,45,0.472606
nlni_l03b_landuse_by_watershed,https://nlftp.mlit.go.jp/ksj/gml/datalist/KsjTmplt-L03-b.html#L03-b-06,2006,83267-0002,83267,境川,2,その他の農用地,191,2.006003
nlni_l03b_landuse_by_watershed,https://nlftp.mlit.go.jp/ksj/gml/datalist/KsjTmplt-L03-b.html#L03-b-06,2006,83267-0002,83267,境川,5,森林,87,0.913819
nlni_l03b_landuse_by_watershed,https://nlftp.mlit.go.jp/ksj/gml/datalist/KsjTmplt-L03-b.html#L03-b-06,2006,83267-0002,83267,境川,6,荒地,7,0.073523
nlni_l03b_landuse_by_watershed,https://nlftp.mlit.go.jp/ksj/gml/datalist/KsjTmplt-L03-b.html#L03-b-06,2006,83267-0002,83267,境川,7,建物用地,603,6.333931
nlni_l03b_landuse_by_watershed,https://nlftp.mlit.go.jp/ksj/gml/datalist/KsjTmplt-L03-b.html#L03-b-06,2006,83267-0002,83267,境川,9,幹線交通用地,33,0.346633
nlni_l03b_landuse_by_watershed,https://nlftp.mlit.go.jp/ksj/gml/datalist/KsjTmplt-L03-b.html#L03-b-06,2006,83267-0002,83267,境川,A,その他の用地,211,2.216277
nlni_l03b_landuse_by_watershed,https://nlftp.mlit.go.jp/ksj/gml/datalist/KsjTmplt-L03-b.html#L03-b-06,2006,83267-0002,83267,境川,B,河川地及び湖沼,23,0.241581
nlni_l03b_landuse_by_watershed,https://nlftp.mlit.go.jp/ksj/gml/datalist/KsjTmplt-L03-b.html#L03-b-06,2006,83267-0002,83267,境川,G,ゴルフ場,1,0.010503
nlni_l03b_landuse_by_watershed,https://nlftp.mlit.go.jp/ksj/gml/datalist/KsjTmplt-L03-b.html#L03-b-06,2006,83267-0003,83267,境川,1,田,7,0.073551
nlni_l03b_landuse_by_watershed,https://nlftp.mlit.go.jp/ksj/gml/datalist/KsjTmplt-L03-b.html#L03-b-06,2006,83267-0003,83267,境川,2,その他の農用地,9,0.09457
nlni_l03b_landuse_by_watershed,https://nlftp.mlit.go.jp/ksj/gml/datalist/KsjTmplt-L03-b.html#L03-b-06,2006,83267-0003,83267,境川,5,森林,362,3.803687
nlni_l03b_landuse_by_watershed,https://nlftp.mlit.go.jp/ksj/gml/datalist/KsjTmplt-L03-b.html#L03-b-06,2006,83267-0003,83267,境川,6,荒地,15,0.157605
nlni_l03b_landuse_by_watershed,https://nlftp.mlit.go.jp/ksj/gml/datalist/KsjTmplt-L03-b.html#L03-b-06,2006,83267-0003,83267,境川,7,建物用地,1135,11.924876
nlni_l03b_landuse_by_watershed,https://nlftp.mlit.go.jp/ksj/gml/datalist/KsjTmplt-L03-b.html#L03-b-06,2006,83267-0003,83267,境川,9,幹線交通用地,37,0.388716
nlni_l03b_landuse_by_watershed,https://nlftp.mlit.go.jp/ksj/gml/datalist/KsjTmplt-L03-b.html#L03-b-06,2006,83267-0003,83267,境川,A,その他の用地,105,1.103165
nlni_l03b_landuse_by_watershed,https://nlftp.mlit.go.jp/ksj/gml/datalist/KsjTmplt-L03-b.html#L03-b-06,2006,83267-0003,83267,境川,B,河川地及び湖沼,14,0.14709
nlni_l03b_landuse_by_watershed,https://nlftp.mlit.go.jp/ksj/gml/datalist/KsjTmplt-L03-b.html#L03-b-06,2006,83267-0004,83267,境川,2,その他の農用地,2,0.02101
nlni_l03b_landuse_by_watershed,https://nlftp.mlit.go.jp/ksj/gml/datalist/KsjTmplt-L03-b.html#L03-b-06,2006,83267-0004,83267,境川,5,森林,100,1.05058
nlni_l03b_landuse_by_watershed,https://nlftp.mlit.go.jp/ksj/gml/datalist/KsjTmplt-L03-b.html#L03-b-06,2006,83267-0004,83267,境川,6,荒地,3,0.031519
nlni_l03b_landuse_by_watershed,https://nlftp.mlit.go.jp/ksj/gml/datalist/KsjTmplt-L03-b.html#L03-b-06,2006,83267-0004,83267,境川,7,建物用地,184,1.932985
nlni_l03b_landuse_by_watershed,https://nlftp.mlit.go.jp/ksj/gml/datalist/KsjTmplt-L03-b.html#L03-b-06,2006,83267-0004,83267,境川,9,幹線交通用地,1,0.010504
nlni_l03b_landuse_by_watershed,https://nlftp.mlit.go.jp/ksj/gml/datalist/KsjTmplt-L03-b.html#L03-b-06,2006,83267-0004,83267,境川,A,その他の用地,2,0.021011
nlni_l03b_landuse_by_watershed,https://nlftp.mlit.go.jp/ksj/gml/datalist/KsjTmplt-L03-b.html#L03-b-06,2006,83267-0004,83267,境川,B,河川地及び湖沼,1,0.010506
nlni_l03b_landuse_by_watershed,https://nlftp.mlit.go.jp/ksj/gml/datalist/KsjTmplt-L03-b.html#L03-b-06,2006,83267-0004,83267,境川,G,ゴルフ場,56,0.58833
nlni_l03b_landuse_by_watershed,https://nlftp.mlit.go.jp/ksj/gml/datalist/KsjTmplt-L03-b.html#L03-b-06,2006,83267-0005,83267,境川,1,田,2,0.021004
nlni_l03b_landuse_by_watershed,https://nlftp.mlit.go.jp/ksj/gml/datalist/KsjTmplt-L03-b.html#L03-b-06,2006,83267-0005,83267,境川,2,その他の農用地,12,0.126038
nlni_l03b_landuse_by_watershed,https://nlftp.mlit.go.jp/ksj/gml/datalist/KsjTmplt-L03-b.html#L03-b-06,2006,83267-0005,83267,境川,5,森林,232,2.436975
nlni_l03b_landuse_by_watershed,https://nlftp.mlit.go.jp/ksj/gml/datalist/KsjTmplt-L03-b.html#L03-b-06,2006,83267-0005,83267,境川,6,荒地,47,0.493721
nlni_l03b_landuse_by_watershed,https://nlftp.mlit.go.jp/ksj/gml/datalist/KsjTmplt-L03-b.html#L03-b-06,2006,83267-0005,83267,境川,7,建物用地,962,10.104283
nlni_l03b_landuse_by_watershed,https://nlftp.mlit.go.jp/ksj/gml/datalist/KsjTmplt-L03-b.html#L03-b-06,2006,83267-0005,83267,境川,9,幹線交通用地,14,0.147049
nlni_l03b_landuse_by_watershed,https://nlftp.mlit.go.jp/ksj/gml/datalist/KsjTmplt-L03-b.html#L03-b-06,2006,83267-0005,83267,境川,A,その他の用地,157,1.649146
nlni_l03b_landuse_by_watershed,https://nlftp.mlit.go.jp/ksj/gml/datalist/KsjTmplt-L03-b.html#L03-b-06,2006,83267-0005,83267,境川,B,河川地及び湖沼,11,0.115539
nlni_l03b_landuse_by_watershed,https://nlftp.mlit.go.jp/ksj/gml/datalist/KsjTmplt-L03-b.html#L03-b-06,2006,83267-0005,83267,境川,G,ゴルフ場,30,0.315177
nlni_l03b_landuse_by_watershed,https://nlftp.mlit.go.jp/ksj/gml/datalist/KsjTmplt-L03-b.html#L03-b-06,2006,83267-0006,83267,境川,2,その他の農用地,1,0.010503
nlni_l03b_landuse_by_watershed,https://nlftp.mlit.go.jp/ksj/gml/datalist/KsjTmplt-L03-b.html#L03-b-06,2006,83267-0006,83267,境川,5,森林,3,0.031511
nlni_l03b_landuse_by_watershed,https://nlftp.mlit.go.jp/ksj/gml/datalist/KsjTmplt-L03-b.html#L03-b-06,2006,83267-0006,83267,境川,7,建物用地,58,0.609225
nlni_l03b_landuse_by_watershed,https://nlftp.mlit.go.jp/ksj/gml/datalist/KsjTmplt-L03-b.html#L03-b-06,2006,83267-0006,83267,境川,9,幹線交通用地,13,0.136549
nlni_l03b_landuse_by_watershed,https://nlftp.mlit.go.jp/ksj/gml/datalist/KsjTmplt-L03-b.html#L03-b-06,2006,83267-0006,83267,境川,B,河川地及び湖沼,1,0.010504
nlni_l03b_landuse_by_watershed,https://nlftp.mlit.go.jp/ksj/gml/datalist/KsjTmplt-L03-b.html#L03-b-06,2006,83267-0007,83267,境川,1,田,21,0.220539
nlni_l03b_landuse_by_watershed,https://nlftp.mlit.go.jp/ksj/gml/datalist/KsjTmplt-L03-b.html#L03-b-06,2006,83267-0007,83267,境川,2,その他の農用地,36,0.378052
nlni_l03b_landuse_by_watershed,https://nlftp.mlit.go.jp/ksj/gml/datalist/KsjTmplt-L03-b.html#L03-b-06,2006,83267-0007,83267,境川,5,森林,195,2.047645
nlni_l03b_landuse_by_watershed,https://nlftp.mlit.go.jp/ksj/gml/datalist/KsjTmplt-L03-b.html#L03-b-06,2006,83267-0007,83267,境川,6,荒地,34,0.357
nlni_l03b_landuse_by_watershed,https://nlftp.mlit.go.jp/ksj/gml/datalist/KsjTmplt-L03-b.html#L03-b-06,2006,83267-0007,83267,境川,7,建物用地,1254,13.166937
nlni_l03b_landuse_by_watershed,https://nlftp.mlit.go.jp/ksj/gml/datalist/KsjTmplt-L03-b.html#L03-b-06,2006,83267-0007,83267,境川,9,幹線交通用地,40,0.419994
nlni_l03b_landuse_by_watershed,https://nlftp.mlit.go.jp/ksj/gml/datalist/KsjTmplt-L03-b.html#L03-b-06,2006,83267-0007,83267,境川,A,その他の用地,192,2.016087
nlni_l03b_landuse_by_watershed,https://nlftp.mlit.go.jp/ksj/gml/datalist/KsjTmplt-L03-b.html#L03-b-06,2006,83267-0007,83267,境川,B,河川地及び湖沼,24,0.252019
nlni_l03b_landuse_by_watershed,https://nlftp.mlit.go.jp/ksj/gml/datalist/KsjTmplt-L03-b.html#L03-b-06,2006,83267-0008,83267,境川,1,田,2,0.021001
nlni_l03b_landuse_by_watershed,https://nlftp.mlit.go.jp/ksj/gml/datalist/KsjTmplt-L03-b.html#L03-b-06,2006,83267-0008,83267,境川,2,その他の農用地,19,0.199459
nlni_l03b_landuse_by_watershed,https://nlftp.mlit.go.jp/ksj/gml/datalist/KsjTmplt-L03-b.html#L03-b-06,2006,83267-0008,83267,境川,5,森林,109,1.144133
nlni_l03b_landuse_by_watershed,https://nlftp.mlit.go.jp/ksj/gml/datalist/KsjTmplt-L03-b.html#L03-b-06,2006,83267-0008,83267,境川,6,荒地,7,0.073502
nlni_l03b_landuse_by_watershed,https://nlftp.mlit.go.jp/ksj/gml/datalist/KsjTmplt-L03-b.html#L03-b-06,2006,83267-0008,83267,境川,7,建物用地,1042,10.937733
nlni_l03b_landuse_by_watershed,https://nlftp.mlit.go.jp/ksj/gml/datalist/KsjTmplt-L03-b.html#L03-b-06,2006,83267-0008,83267,境川,9,幹線交通用地,65,0.682267
nlni_l03b_landuse_by_watershed,https://nlftp.mlit.go.jp/ksj/gml/datalist/KsjTmplt-L03-b.html#L03-b-06,2006,83267-0008,83267,境川,A,その他の用地,159,1.66891
nlni_l03b_landuse_by_watershed,https://nlftp.mlit.go.jp/ksj/gml/datalist/KsjTmplt-L03-b.html#L03-b-06,2006,83267-0008,83267,境川,G,ゴルフ場,94,0.986361
nlni_l03b_landuse_by_watershed,https://nlftp.mlit.go.jp/ksj/gml/datalist/KsjTmplt-L03-b.html#L03-b-06,2006,83267-0009,83267,境川,1,田,2,0.02099
nlni_l03b_landuse_by_watershed,https://nlftp.mlit.go.jp/ksj/gml/datalist/KsjTmplt-L03-b.html#L03-b-06,2006,83267-0009,83267,境川,2,その他の農用地,60,0.62965
nlni_l03b_landuse_by_watershed,https://nlftp.mlit.go.jp/ksj/gml/datalist/KsjTmplt-L03-b.html#L03-b-06,2006,83267-0009,83267,境川,5,森林,143,1.500676
nlni_l03b_landuse_by_watershed,https://nlftp.mlit.go.jp/ksj/gml/datalist/KsjTmplt-L03-b.html#L03-b-06,2006,83267-0009,83267,境川,6,荒地,5,0.052466
nlni_l03b_landuse_by_watershed,https://nlftp.mlit.go.jp/ksj/gml/datalist/KsjTmplt-L03-b.html#L03-b-06,2006,83267-0009,83267,境川,7,建物用地,799,8.384919
nlni_l03b_landuse_by_watershed,https://nlftp.mlit.go.jp/ksj/gml/datalist/KsjTmplt-L03-b.html#L03-b-06,2006,83267-0009,83267,境川,9,幹線交通用地,25,0.262355
nlni_l03b_landuse_by_watershed,https://nlftp.mlit.go.jp/ksj/gml/datalist/KsjTmplt-L03-b.html#L03-b-06,2006,83267-0009,83267,境川,A,その他の用地,209,2.193243
nlni_l03b_landuse_by_watershed,https://nlftp.mlit.go.jp/ksj/gml/datalist/KsjTmplt-L03-b.html#L03-b-06,2006,83267-0009,83267,境川,B,河川地及び湖沼,2,0.02099
nlni_l03b_landuse_by_watershed,https://nlftp.mlit.go.jp/ksj/gml/datalist/KsjTmplt-L03-b.html#L03-b-06,2006,83267-0009,83267,境川,G,ゴルフ場,82,0.860456
nlni_l03b_landuse_by_watershed,https://nlftp.mlit.go.jp/ksj/gml/datalist/KsjTmplt-L03-b.html#L03-b-06,2006,83267-0010,83267,境川,1,田,19,0.199518
nlni_l03b_landuse_by_watershed,https://nlftp.mlit.go.jp/ksj/gml/datalist/KsjTmplt-L03-b.html#L03-b-06,2006,83267-0010,83267,境川,2,その他の農用地,35,0.36753
nlni_l03b_landuse_by_watershed,https://nlftp.mlit.go.jp/ksj/gml/datalist/KsjTmplt-L03-b.html#L03-b-06,2006,83267-0010,83267,境川,5,森林,20,0.210016
nlni_l03b_landuse_by_watershed,https://nlftp.mlit.go.jp/ksj/gml/datalist/KsjTmplt-L03-b.html#L03-b-06,2006,83267-0010,83267,境川,6,荒地,3,0.031501
nlni_l03b_landuse_by_watershed,https://nlftp.mlit.go.jp/ksj/gml/datalist/KsjTmplt-L03-b.html#L03-b-06,2006,83267-0010,83267,境川,7,建物用地,41,0.430532
nlni_l03b_landuse_by_watershed,https://nlftp.mlit.go.jp/ksj/gml/datalist/KsjTmplt-L03-b.html#L03-b-06,2006,83267-0010,83267,境川,A,その他の用地,20,0.210015
nlni_l03b_landuse_by_watershed,https://nlftp.mlit.go.jp/ksj/gml/datalist/KsjTmplt-L03-b.html#L03-b-06,2006,83267-0010,83267,境川,B,河川地及び湖沼,9,0.094507
nlni_l03b_landuse_by_watershed,https://nlftp.mlit.go.jp/ksj/gml/datalist/KsjTmplt-L03-b.html#L03-b-06,2006,83267-0011,83267,境川,1,田,1,0.010502
nlni_l03b_landuse_by_watershed,https://nlftp.mlit.go.jp/ksj/gml/datalist/KsjTmplt-L03-b.html#L03-b-06,2006,83267-0011,83267,境川,2,その他の農用地,142,1.490802
nlni_l03b_landuse_by_watershed,https://nlftp.mlit.go.jp/ksj/gml/datalist/KsjTmplt-L03-b.html#L03-b-06,2006,83267-0011,83267,境川,5,森林,50,0.52499
nlni_l03b_landuse_by_watershed,https://nlftp.mlit.go.jp/ksj/gml/datalist/KsjTmplt-L03-b.html#L03-b-06,2006,83267-0011,83267,境川,6,荒地,38,0.398959
nlni_l03b_landuse_by_watershed,https://nlftp.mlit.go.jp/ksj/gml/datalist/KsjTmplt-L03-b.html#L03-b-06,2006,83267-0011,83267,境川,7,建物用地,817,8.577754
nlni_l03b_landuse_by_watershed,https://nlftp.mlit.go.jp/ksj/gml/datalist/KsjTmplt-L03-b.html#L03-b-06,2006,83267-0011,83267,境川,9,幹線交通用地,4,0.042002
nlni_l03b_landuse_by_watershed,https://nlftp.mlit.go.jp/ksj/gml/datalist/KsjTmplt-L03-b.html#L03-b-06,2006,83267-0011,83267,境川,A,その他の用地,98,1.028948
nlni_l03b_landuse_by_watershed,https://nlftp.mlit.go.jp/ksj/gml/datalist/KsjTmplt-L03-b.html#L03-b-06,2006,83267-0011,83267,境川,B,河川地及び湖沼,1,0.010502
nlni_l03b_landuse_by_watershed,https://nlftp.mlit.go.jp/ksj/gml/datalist/KsjTmplt-L03-b.html#L03-b-06,2006,83267-0012,83267,境川,1,田,68,0.713782
nlni_l03b_landuse_by_watershed,https://nlftp.mlit.go.jp/ksj/gml/datalist/KsjTmplt-L03-b.html#L03-b-06,2006,83267-0012,83267,境川,2,その他の農用地,190,1.994206
nlni_l03b_landuse_by_watershed,https://nlftp.mlit.go.jp/ksj/gml/datalist/KsjTmplt-L03-b.html#L03-b-06,2006,83267-0012,83267,境川,5,森林,54,0.566808
nlni_l03b_landuse_by_watershed,https://nlftp.mlit.go.jp/ksj/gml/datalist/KsjTmplt-L03-b.html#L03-b-06,2006,83267-0012,83267,境川,6,荒地,14,0.146992
nlni_l03b_landuse_by_watershed,https://nlftp.mlit.go.jp/ksj/gml/datalist/KsjTmplt-L03-b.html#L03-b-06,2006,83267-0012,83267,境川,7,建物用地,558,5.85669
nlni_l03b_landuse_by_watershed,https://nlftp.mlit.go.jp/ksj/gml/datalist/KsjTmplt-L03-b.html#L03-b-06,2006,83267-0012,83267,境川,9,幹線交通用地,25,0.262379
nlni_l03b_landuse_by_watershed,https://nlftp.mlit.go.jp/ksj/gml/datalist/KsjTmplt-L03-b.html#L03-b-06,2006,83267-0012,83267,境川,A,その他の用地,86,0.902659
nlni_l03b_landuse_by_watershed,https://nlftp.mlit.go.jp/ksj/gml/datalist/KsjTmplt-L03-b.html#L03-b-06,2006,83267-0012,83267,境川,B,河川地及び湖沼,34,0.356872
nlni_l03b_landuse_by_watershed,https://nlftp.mlit.go.jp/ksj/gml/datalist/KsjTmplt-L03-b.html#L03-b-06,2006,83267-0013,83267,境川,1,田,15,0.157487
nlni_l03b_landuse_by_watershed,https://nlftp.mlit.go.jp/ksj/gml/datalist/KsjTmplt-L03-b.html#L03-b-06,2006,83267-0013,83267,境川,2,その他の農用地,254,2.665518
nlni_l03b_landuse_by_watershed,https://nlftp.mlit.go.jp/ksj/gml/datalist/KsjTmplt-L03-b.html#L03-b-06,2006,83267-0013,83267,境川,5,森林,124,1.301102
nlni_l03b_landuse_by_watershed,https://nlftp.mlit.go.jp/ksj/gml/datalist/KsjTmplt-L03-b.html#L03-b-06,2006,83267-0013,83267,境川,6,荒地,11,0.115457
nlni_l03b_landuse_by_watershed,https://nlftp.mlit.go.jp/ksj/gml/datalist/KsjTmplt-L03-b.html#L03-b-06,2006,83267-0013,83267,境川,7,建物用地,587,6.159773
nlni_l03b_landuse_by_watershed,https://nlftp.mlit.go.jp/ksj/gml/datalist/KsjTmplt-L03-b.html#L03-b-06,2006,83267-0013,83267,境川,9,幹線交通用地,12,0.125909
nlni_l03b_landuse_by_watershed,https://nlftp.mlit.go.jp/ksj/gml/datalist/KsjTmplt-L03-b.html#L03-b-06,2006,83267-0013,83267,境川,A,その他の用地,108,1.133387
nlni_l03b_landuse_by_watershed,https://nlftp.mlit.go.jp/ksj/gml/datalist/KsjTmplt-L03-b.html#L03-b-06,2006,83267-0013,83267,境川,B,河川地及び湖沼,4,0.041974
nlni_l03b_landuse_by_watershed,https://nlftp.mlit.go.jp/ksj/gml/datalist/KsjTmplt-L03-b.html#L03-b-06,2006,83267-0014,83267,境川,2,その他の農用地,25,0.262294
nlni_l03b_landuse_by_watershed,https://nlftp.mlit.go.jp/ksj/gml/datalist/KsjTmplt-L03-b.html#L03-b-06,2006,83267-0014,83267,境川,5,森林,10,0.104918
nlni_l03b_landuse_by_watershed,https://nlftp.mlit.go.jp/ksj/gml/datalist/KsjTmplt-L03-b.html#L03-b-06,2006,83267-0014,83267,境川,6,荒地,1,0.010493
nlni_l03b_landuse_by_watershed,https://nlftp.mlit.go.jp/ksj/gml/datalist/KsjTmplt-L03-b.html#L03-b-06,2006,83267-0014,83267,境川,7,建物用地,215,2.255522
nlni_l03b_landuse_by_watershed,https://nlftp.mlit.go.jp/ksj/gml/datalist/KsjTmplt-L03-b.html#L03-b-06,2006,83267-0014,83267,境川,9,幹線交通用地,3,0.031472
nlni_l03b_landuse_by_watershed,https://nlftp.mlit.go.jp/ksj/gml/datalist/KsjTmplt-L03-b.html#L03-b-06,2006,83267-0014,83267,境川,A,その他の用地,17,0.17835
nlni_l03b_landuse_by_watershed,https://nlftp.mlit.go.jp/ksj/gml/datalist/KsjTmplt-L03-b.html#L03-b-06,2006,83267-0014,83267,境川,B,河川地及び湖沼,12,0.125896
nlni_l03b_landuse_by_watershed,https://nlftp.mlit.go.jp/ksj/gml/datalist/KsjTmplt-L03-b.html#L03-b-06,2006,83267-0015,83267,境川,1,田,5,0.052435
nlni_l03b_landuse_by_watershed,https://nlftp.mlit.go.jp/ksj/gml/datalist/KsjTmplt-L03-b.html#L03-b-06,2006,83267-0015,83267,境川,2,その他の農用地,65,0.681757
nlni_l03b_landuse_by_watershed,https://nlftp.mlit.go.jp/ksj/gml/datalist/KsjTmplt-L03-b.html#L03-b-06,2006,83267-0015,83267,境川,5,森林,13,0.136372
nlni_l03b_landuse_by_watershed,https://nlftp.mlit.go.jp/ksj/gml/datalist/KsjTmplt-L03-b.html#L03-b-06,2006,83267-0015,83267,境川,6,荒地,4,0.04195
nlni_l03b_landuse_by_watershed,https://nlftp.mlit.go.jp/ksj/gml/datalist/KsjTmplt-L03-b.html#L03-b-06,2006,83267-0015,83267,境川,7,建物用地,231,2.423194
nlni_l03b_landuse_by_watershed,https://nlftp.mlit.go.jp/ksj/gml/datalist/KsjTmplt-L03-b.html#L03-b-06,2006,83267-0015,83267,境川,9,幹線交通用地,1,0.01049
nlni_l03b_landuse_by_watershed,https://nlftp.mlit.go.jp/ksj/gml/datalist/KsjTmplt-L03-b.html#L03-b-06,2006,83267-0015,83267,境川,A,その他の用地,37,0.388086
nlni_l03b_landuse_by_watershed,https://nlftp.mlit.go.jp/ksj/gml/datalist/KsjTmplt-L03-b.html#L03-b-06,2006,83267-0015,83267,境川,B,河川地及び湖沼,3,0.031464
nlni_l03b_landuse_by_watershed,https://nlftp.mlit.go.jp/ksj/gml/datalist/KsjTmplt-L03-b.html#L03-b-06,2006,83267-0016,83267,境川,1,田,5,0.052437
nlni_l03b_landuse_by_watershed,https://nlftp.mlit.go.jp/ksj/gml/datalist/KsjTmplt-L03-b.html#L03-b-06,2006,83267-0016,83267,境川,2,その他の農用地,80,0.838977
nlni_l03b_landuse_by_watershed,https://nlftp.mlit.go.jp/ksj/gml/datalist/KsjTmplt-L03-b.html#L03-b-06,2006,83267-0016,83267,境川,5,森林,8,0.083897
nlni_l03b_landuse_by_watershed,https://nlftp.mlit.go.jp/ksj/gml/datalist/KsjTmplt-L03-b.html#L03-b-06,2006,83267-0016,83267,境川,6,荒地,7,0.073404
nlni_l03b_landuse_by_watershed,https://nlftp.mlit.go.jp/ksj/gml/datalist/KsjTmplt-L03-b.html#L03-b-06,2006,83267-0016,83267,境川,7,建物用地,88,0.922961
nlni_l03b_landuse_by_watershed,https://nlftp.mlit.go.jp/ksj/gml/datalist/KsjTmplt-L03-b.html#L03-b-06,2006,83267-0016,83267,境川,9,幹線交通用地,3,0.031457
nlni_l03b_landuse_by_watershed,https://nlftp.mlit.go.jp/ksj/gml/datalist/KsjTmplt-L03-b.html#L03-b-06,2006,83267-0016,83267,境川,A,その他の用地,29,0.304121
nlni_l03b_landuse_by_watershed,https://nlftp.mlit.go.jp/ksj/gml/datalist/KsjTmplt-L03-b.html#L03-b-06,2006,83267-0017,83267,境川,1,田,33,0.346005
nlni_l03b_landuse_by_watershed,https://nlftp.mlit.go.jp/ksj/gml/datalist/KsjTmplt-L03-b.html#L03-b-06,2006,83267-0017,83267,境川,2,その他の農用地,242,2.535946
nlni_l03b_landuse_by_watershed,https://nlftp.mlit.go.jp/ksj/gml/datalist/KsjTmplt-L03-b.html#L03-b-06,2006,83267-0017,83267,境川,5,森林,409,4.2851
nlni_l03b_landuse_by_watershed,https://nlftp.mlit.go.jp/ksj/gml/datalist/KsjTmplt-L03-b.html#L03-b-06,2006,83267-0017,83267,境川,6,荒地,23,0.241039
nlni_l03b_landuse_by_watershed,https://nlftp.mlit.go.jp/ksj/gml/datalist/KsjTmplt-L03-b.html#L03-b-06,2006,83267-0017,83267,境川,7,建物用地,4685,49.093042
nlni_l03b_landuse_by_watershed,https://nlftp.mlit.go.jp/ksj/gml/datalist/KsjTmplt-L03-b.html#L03-b-06,2006,83267-0017,83267,境川,9,幹線交通用地,176,1.844462
nlni_l03b_landuse_by_watershed,https://nlftp.mlit.go.jp/ksj/gml/datalist/KsjTmplt-L03-b.html#L03-b-06,2006,83267-0017,83267,境川,A,その他の用地,854,8.94837
nlni_l03b_landuse_by_watershed,https://nlftp.mlit.go.jp/ksj/gml/datalist/KsjTmplt-L03-b.html#L03-b-06,2006,83267-0017,83267,境川,B,河川地及び湖沼,28,0.293502
nlni_l03b_landuse_by_watershed,https://nlftp.mlit.go.jp/ksj/gml/datalist/KsjTmplt-L03-b.html#L03-b-06,2006,83267-0017,83267,境川,G,ゴルフ場,84,0.880041
nlni_l03b_landuse_by_watershed,https://nlftp.mlit.go.jp/ksj/gml/datalist/KsjTmplt-L03-b.html#L03-b-06,2006,83267-0018,83267,境川,1,田,6,0.062834
nlni_l03b_landuse_by_watershed,https://nlftp.mlit.go.jp/ksj/gml/datalist/KsjTmplt-L03-b.html#L03-b-06,2006,83267-0018,83267,境川,2,その他の農用地,34,0.356072
nlni_l03b_landuse_by_watershed,https://nlftp.mlit.go.jp/ksj/gml/datalist/KsjTmplt-L03-b.html#L03-b-06,2006,83267-0018,83267,境川,5,森林,110,1.151991
nlni_l03b_landuse_by_watershed,https://nlftp.mlit.go.jp/ksj/gml/datalist/KsjTmplt-L03-b.html#L03-b-06,2006,83267-0018,83267,境川,6,荒地,3,0.031419
nlni_l03b_landuse_by_watershed,https://nlftp.mlit.go.jp/ksj/gml/datalist/KsjTmplt-L03-b.html#L03-b-06,2006,83267-0018,83267,境川,7,建物用地,26,0.272288
nlni_l03b_landuse_by_watershed,https://nlftp.mlit.go.jp/ksj/gml/datalist/KsjTmplt-L03-b.html#L03-b-06,2006,83267-0018,83267,境川,A,その他の用地,3,0.031418
nlni_l03b_landuse_by_watershed,https://nlftp.mlit.go.jp/ksj/gml/datalist/KsjTmplt-L03-b.html#L03-b-06,2006,83267-0019,83267,境川,1,田,12,0.125657
nlni_l03b_landuse_by_watershed,https://nlftp.mlit.go.jp/ksj/gml/datalist/KsjTmplt-L03-b.html#L03-b-06,2006,83267-0019,83267,境川,2,その他の農用地,20,0.209431
nlni_l03b_landuse_by_watershed,https://nlftp.mlit.go.jp/ksj/gml/datalist/KsjTmplt-L03-b.html#L03-b-06,2006,83267-0019,83267,境川,5,森林,239,2.502696
nlni_l03b_landuse_by_watershed,https://nlftp.mlit.go.jp/ksj/gml/datalist/KsjTmplt-L03-b.html#L03-b-06,2006,83267-0019,83267,境川,6,荒地,9,0.094245
nlni_l03b_landuse_by_watershed,https://nlftp.mlit.go.jp/ksj/gml/datalist/KsjTmplt-L03-b.html#L03-b-06,2006,83267-0019,83267,境川,7,建物用地,46,0.481692
nlni_l03b_landuse_by_watershed,https://nlftp.mlit.go.jp/ksj/gml/datalist/KsjTmplt-L03-b.html#L03-b-06,2006,83267-0019,83267,境川,9,幹線交通用地,3,0.031416
nlni_l03b_landuse_by_watershed,https://nlftp.mlit.go.jp/ksj/gml/datalist/KsjTmplt-L03-b.html#L03-b-06,2006,83267-0019,83267,境川,A,その他の用地,81,0.848175
nlni_l03b_landuse_by_watershed,https://nlftp.mlit.go.jp/ksj/gml/datalist/KsjTmplt-L03-b.html#L03-b-06,2006,83267-0019,83267,境川,B,河川地及び湖沼,18,0.188497
nlni_l03b_landuse_by_watershed,https://nlftp.mlit.go.jp/ksj/gml/datalist/KsjTmplt-L03-b.html#L03-b-06,2006,83267-0019,83267,境川,G,ゴルフ場,5,0.052358
nlni_l03b_landuse_by_watershed,https://nlftp.mlit.go.jp/ksj/gml/datalist/KsjTmplt-L03-b.html#L03-b-06,2006,83268-0001,83268,酒匂川,1,田,51,0.536212
nlni_l03b_landuse_by_watershed,https://nlftp.mlit.go.jp/ksj/gml/datalist/KsjTmplt-L03-b.html#L03-b-06,2006,83268-0001,83268,酒匂川,2,その他の農用地,2,0.021031
nlni_l03b_landuse_by_watershed,https://nlftp.mlit.go.jp/ksj/gml/datalist/KsjTmplt-L03-b.html#L03-b-06,2006,83268-0001,83268,酒匂川,7,建物用地,300,3.154539
nlni_l03b_landuse_by_watershed,https://nlftp.mlit.go.jp/ksj/gml/datalist/KsjTmplt-L03-b.html#L03-b-06,2006,83268-0001,83268,酒匂川,9,幹線交通用地,21,0.220828
nlni_l03b_landuse_by_watershed,https://nlftp.mlit.go.jp/ksj/gml/datalist/KsjTmplt-L03-b.html#L03-b-06,2006,83268-0001,83268,酒匂川,A,その他の用地,50,0.525778
nlni_l03b_landuse_by_watershed,https://nlftp.mlit.go.jp/ksj/gml/datalist/KsjTmplt-L03-b.html#L03-b-06,2006,83268-0001,83268,酒匂川,B,河川地及び湖沼,77,0.809704
nlni_l03b_landuse_by_watershed,https://nlftp.mlit.go.jp/ksj/gml/datalist/KsjTmplt-L03-b.html#L03-b-06,2006,83268-0001,83268,酒匂川,E,海浜,5,0.052583
nlni_l03b_landuse_by_watershed,https://nlftp.mlit.go.jp/ksj/gml/datalist/KsjTmplt-L03-b.html#L03-b-06,2006,83268-0002,83268,酒匂川,1,田,33,0.346949
nlni_l03b_landuse_by_watershed,https://nlftp.mlit.go.jp/ksj/gml/datalist/KsjTmplt-L03-b.html#L03-b-06,2006,83268-0002,83268,酒匂川,2,その他の農用地,73,0.76753
nlni_l03b_landuse_by_watershed,https://nlftp.mlit.go.jp/ksj/gml/datalist/KsjTmplt-L03-b.html#L03-b-06,2006,83268-0002,83268,酒匂川,5,森林,15,0.157709
nlni_l03b_landuse_by_watershed,https://nlftp.mlit.go.jp/ksj/gml/datalist/KsjTmplt-L03-b.html#L03-b-06,2006,83268-0002,83268,酒匂川,6,荒地,1,0.010515
nlni_l03b_landuse_by_watershed,https://nlftp.mlit.go.jp/ksj/gml/datalist/KsjTmplt-L03-b.html#L03-b-06,2006,83268-0002,83268,酒匂川,7,建物用地,101,1.061893
nlni_l03b_landuse_by_watershed,https://nlftp.mlit.go.jp/ksj/gml/datalist/KsjTmplt-L03-b.html#L03-b-06,2006,83268-0002,83268,酒匂川,9,幹線交通用地,5,0.05257
nlni_l03b_landuse_by_watershed,https://nlftp.mlit.go.jp/ksj/gml/datalist/KsjTmplt-L03-b.html#L03-b-06,2006,83268-0002,83268,酒匂川,A,その他の用地,17,0.178743
nlni_l03b_landuse_by_watershed,https://nlftp.mlit.go.jp/ksj/gml/datalist/KsjTmplt-L03-b.html#L03-b-06,2006,83268-0002,83268,酒匂川,B,河川地及び湖沼,14,0.147198
nlni_l03b_landuse_by_watershed,https://nlftp.mlit.go.jp/ksj/gml/datalist/KsjTmplt-L03-b.html#L03-b-06,2006,83268-0003,83268,酒匂川,1,田,348,3.657398
nlni_l03b_landuse_by_watershed,https://nlftp.mlit.go.jp/ksj/gml/datalist/KsjTmplt-L03-b.html#L03-b-06,2006,83268-0003,83268,酒匂川,2,その他の農用地,38,0.3993
nlni_l03b_landuse_by_watershed,https://nlftp.mlit.go.jp/ksj/gml/datalist/KsjTmplt-L03-b.html#L03-b-06,2006,83268-0003,83268,酒匂川,5,森林,16,0.168103
nlni_l03b_landuse_by_watershed,https://nlftp.mlit.go.jp/ksj/gml/datalist/KsjTmplt-L03-b.html#L03-b-06,2006,83268-0003,83268,酒匂川,6,荒地,4,0.042035
nlni_l03b_landuse_by_watershed,https://nlftp.mlit.go.jp/ksj/gml/datalist/KsjTmplt-L03-b.html#L03-b-06,2006,83268-0003,83268,酒匂川,7,建物用地,349,3.668028
nlni_l03b_landuse_by_watershed,https://nlftp.mlit.go.jp/ksj/gml/datalist/KsjTmplt-L03-b.html#L03-b-06,2006,83268-0003,83268,酒匂川,9,幹線交通用地,28,0.294194
nlni_l03b_landuse_by_watershed,https://nlftp.mlit.go.jp/ksj/gml/datalist/KsjTmplt-L03-b.html#L03-b-06,2006,83268-0003,83268,酒匂川,A,その他の用地,102,1.072084
nlni_l03b_landuse_by_watershed,https://nlftp.mlit.go.jp/ksj/gml/datalist/KsjTmplt-L03-b.html#L03-b-06,2006,83268-0003,83268,酒匂川,B,河川地及び湖沼,163,1.713194
nlni_l03b_landuse_by_watershed,https://nlftp.mlit.go.jp/ksj/gml/datalist/KsjTmplt-L03-b.html#L03-b-06,2006,83268-0004,83268,酒匂川,1,田,46,0.483582
nlni_l03b_landuse_by_watershed,https://nlftp.mlit.go.jp/ksj/gml/datalist/KsjTmplt-L03-b.html#L03-b-06,2006,83268-0004,83268,酒匂川,2,その他の農用地,151,1.587493
nlni_l03b_landuse_by_watershed,https://nlftp.mlit.go.jp/ksj/gml/datalist/KsjTmplt-L03-b.html#L03-b-06,2006,83268-0004,83268,酒匂川,5,森林,225,2.365547
nlni_l03b_landuse_by_watershed,https://nlftp.mlit.go.jp/ksj/gml/datalist/KsjTmplt-L03-b.html#L03-b-06,2006,83268-0004,83268,酒匂川,6,荒地,3,0.031542
nlni_l03b_landuse_by_watershed,https://nlftp.mlit.go.jp/ksj/gml/datalist/KsjTmplt-L03-b.html#L03-b-06,2006,83268-0004,83268,酒匂川,7,建物用地,97,1.019719
nlni_l03b_landuse_by_watershed,https://nlftp.mlit.go.jp/ksj/gml/datalist/KsjTmplt-L03-b.html#L03-b-06,2006,83268-0004,83268,酒匂川,A,その他の用地,5,0.052561
nlni_l03b_landuse_by_watershed,https://nlftp.mlit.go.jp/ksj/gml/datalist/KsjTmplt-L03-b.html#L03-b-06,2006,83268-0004,83268,酒匂川,B,河川地及び湖沼,11,0.115638
nlni_l03b_landuse_by_watershed,https://nlftp.mlit.go.jp/ksj/gml/datalist/KsjTmplt-L03-b.html#L03-b-06,2006,83268-0005,83268,酒匂川,1,田,5,0.052556
nlni_l03b_landuse_by_watershed,https://nlftp.mlit.go.jp/ksj/gml/datalist/KsjTmplt-L03-b.html#L03-b-06,2006,83268-0005,83268,酒匂川,2,その他の農用地,31,0.32587
nlni_l03b_landuse_by_watershed,https://nlftp.mlit.go.jp/ksj/gml/datalist/KsjTmplt-L03-b.html#L03-b-06,2006,83268-0005,83268,酒匂川,5,森林,3,0.031536
nlni_l03b_landuse_by_watershed,https://nlftp.mlit.go.jp/ksj/gml/datalist/KsjTmplt-L03-b.html#L03-b-06,2006,83268-0005,83268,酒匂川,7,建物用地,47,0.494041
nlni_l03b_landuse_by_watershed,https://nlftp.mlit.go.jp/ksj/gml/datalist/KsjTmplt-L03-b.html#L03-b-06,2006,83268-0005,83268,酒匂川,A,その他の用地,6,0.063071
nlni_l03b_landuse_by_watershed,https://nlftp.mlit.go.jp/ksj/gml/datalist/KsjTmplt-L03-b.html#L03-b-06,2006,83268-0005,83268,酒匂川,B,河川地及び湖沼,3,0.031534
nlni_l03b_landuse_by_watershed,https://nlftp.mlit.go.jp/ksj/gml/datalist/KsjTmplt-L03-b.html#L03-b-06,2006,83268-0006,83268,酒匂川,1,田,2,0.021023
nlni_l03b_landuse_by_watershed,https://nlftp.mlit.go.jp/ksj/gml/datalist/KsjTmplt-L03-b.html#L03-b-06,2006,83268-0006,83268,酒匂川,2,その他の農用地,53,0.557114
nlni_l03b_landuse_by_watershed,https://nlftp.mlit.go.jp/ksj/gml/datalist/KsjTmplt-L03-b.html#L03-b-06,2006,83268-0006,83268,酒匂川,5,森林,1,0.010511
nlni_l03b_landuse_by_watershed,https://nlftp.mlit.go.jp/ksj/gml/datalist/KsjTmplt-L03-b.html#L03-b-06,2006,83268-0006,83268,酒匂川,7,建物用地,28,0.294314
nlni_l03b_landuse_by_watershed,https://nlftp.mlit.go.jp/ksj/gml/datalist/KsjTmplt-L03-b.html#L03-b-06,2006,83268-0007,83268,酒匂川,2,その他の農用地,24,0.252304
nlni_l03b_landuse_by_watershed,https://nlftp.mlit.go.jp/ksj/gml/datalist/KsjTmplt-L03-b.html#L03-b-06,2006,83268-0007,83268,酒匂川,5,森林,436,4.583983
nlni_l03b_landuse_by_watershed,https://nlftp.mlit.go.jp/ksj/gml/datalist/KsjTmplt-L03-b.html#L03-b-06,2006,83268-0007,83268,酒匂川,6,荒地,6,0.063082
nlni_l03b_landuse_by_watershed,https://nlftp.mlit.go.jp/ksj/gml/datalist/KsjTmplt-L03-b.html#L03-b-06,2006,83268-0007,83268,酒匂川,7,建物用地,5,0.05256
nlni_l03b_landuse_by_watershed,https://nlftp.mlit.go.jp/ksj/gml/datalist/KsjTmplt-L03-b.html#L03-b-06,2006,83268-0007,83268,酒匂川,A,その他の用地,27,0.283831
nlni_l03b_landuse_by_watershed,https://nlftp.mlit.go.jp/ksj/gml/datalist/KsjTmplt-L03-b.html#L03-b-06,2006,83268-0008,83268,酒匂川,2,その他の農用地,9,0.094603
nlni_l03b_landuse_by_watershed,https://nlftp.mlit.go.jp/ksj/gml/datalist/KsjTmplt-L03-b.html#L03-b-06,2006,83268-0008,83268,酒匂川,5,森林,371,3.900233
nlni_l03b_landuse_by_watershed,https://nlftp.mlit.go.jp/ksj/gml/datalist/KsjTmplt-L03-b.html#L03-b-06,2006,83268-0008,83268,酒匂川,6,荒地,21,0.2208
nlni_l03b_landuse_by_watershed,https://nlftp.mlit.go.jp/ksj/gml/datalist/KsjTmplt-L03-b.html#L03-b-06,2006,83268-0008,83268,酒匂川,7,建物用地,7,0.073582
nlni_l03b_landuse_by_watershed,https://nlftp.mlit.go.jp/ksj/gml/datalist/KsjTmplt-L03-b.html#L03-b-06,2006,83268-0008,83268,酒匂川,A,その他の用地,6,0.063071
nlni_l03b_landuse_by_watershed,https://nlftp.mlit.go.jp/ksj/gml/datalist/KsjTmplt-L03-b.html#L03-b-06,2006,83268-0009,83268,酒匂川,1,田,21,0.220693
nlni_l03b_landuse_by_watershed,https://nlftp.mlit.go.jp/ksj/gml/datalist/KsjTmplt-L03-b.html#L03-b-06,2006,83268-0009,83268,酒匂川,2,その他の農用地,144,1.513251
nlni_l03b_landuse_by_watershed,https://nlftp.mlit.go.jp/ksj/gml/datalist/KsjTmplt-L03-b.html#L03-b-06,2006,83268-0009,83268,酒匂川,5,森林,275,2.890494
nlni_l03b_landuse_by_watershed,https://nlftp.mlit.go.jp/ksj/gml/datalist/KsjTmplt-L03-b.html#L03-b-06,2006,83268-0009,83268,酒匂川,7,建物用地,251,2.63789
nlni_l03b_landuse_by_watershed,https://nlftp.mlit.go.jp/ksj/gml/datalist/KsjTmplt-L03-b.html#L03-b-06,2006,83268-0009,83268,酒匂川,A,その他の用地,26,0.273251
nlni_l03b_landuse_by_watershed,https://nlftp.mlit.go.jp/ksj/gml/datalist/KsjTmplt-L03-b.html#L03-b-06,2006,83268-0009,83268,酒匂川,B,河川地及び湖沼,12,0.126117
nlni_l03b_landuse_by_watershed,https://nlftp.mlit.go.jp/ksj/gml/datalist/KsjTmplt-L03-b.html#L03-b-06,2006,83268-0010,83268,酒匂川,2,その他の農用地,3,0.03153
nlni_l03b_landuse_by_watershed,https://nlftp.mlit.go.jp/ksj/gml/datalist/KsjTmplt-L03-b.html#L03-b-06,2006,83268-0010,83268,酒匂川,5,森林,229,2.407195
nlni_l03b_landuse_by_watershed,https://nlftp.mlit.go.jp/ksj/gml/datalist/KsjTmplt-L03-b.html#L03-b-06,2006,83268-0010,83268,酒匂川,7,建物用地,11,0.115612
nlni_l03b_landuse_by_watershed,https://nlftp.mlit.go.jp/ksj/gml/datalist/KsjTmplt-L03-b.html#L03-b-06,2006,83268-0011,83268,酒匂川,1,田,5,0.052549
nlni_l03b_landuse_by_watershed,https://nlftp.mlit.go.jp/ksj/gml/datalist/KsjTmplt-L03-b.html#L03-b-06,2006,83268-0011,83268,酒匂川,2,その他の農用地,12,0.126115
nlni_l03b_landuse_by_watershed,https://nlftp.mlit.go.jp/ksj/gml/datalist/KsjTmplt-L03-b.html#L03-b-06,2006,83268-0011,83268,酒匂川,5,森林,363,3.815668
nlni_l03b_landuse_by_watershed,https://nlftp.mlit.go.jp/ksj/gml/datalist/KsjTmplt-L03-b.html#L03-b-06,2006,83268-0011,83268,酒匂川,6,荒地,17,0.178703
nlni_l03b_landuse_by_watershed,https://nlftp.mlit.go.jp/ksj/gml/datalist/KsjTmplt-L03-b.html#L03-b-06,2006,83268-0011,83268,酒匂川,7,建物用地,2,0.02102
nlni_l03b_landuse_by_watershed,https://nlftp.mlit.go.jp/ksj/gml/datalist/KsjTmplt-L03-b.html#L03-b-06,2006,83268-0011,83268,酒匂川,A,その他の用地,5,0.05255
nlni_l03b_landuse_by_watershed,https://nlftp.mlit.go.jp/ksj/gml/datalist/KsjTmplt-L03-b.html#L03-b-06,2006,83268-0012,83268,酒匂川,1,田,2,0.021015
nlni_l03b_landuse_by_watershed,https://nlftp.mlit.go.jp/ksj/gml/datalist/KsjTmplt-L03-b.html#L03-b-06,2006,83268-0012,83268,酒匂川,2,その他の農用地,22,0.231178
nlni_l03b_landuse_by_watershed,https://nlftp.mlit.go.jp/ksj/gml/datalist/KsjTmplt-L03-b.html#L03-b-06,2006,83268-0012,83268,酒匂川,5,森林,641,6.737259
nlni_l03b_landuse_by_watershed,https://nlftp.mlit.go.jp/ksj/gml/datalist/KsjTmplt-L03-b.html#L03-b-06,2006,83268-0012,83268,酒匂川,6,荒地,15,0.157695
nlni_l03b_landuse_by_watershed,https://nlftp.mlit.go.jp/ksj/gml/datalist/KsjTmplt-L03-b.html#L03-b-06,2006,83268-0013,83268,酒匂川,1,田,32,0.336247
nlni_l03b_landuse_by_watershed,https://nlftp.mlit.go.jp/ksj/gml/datalist/KsjTmplt-L03-b.html#L03-b-06,2006,83268-0013,83268,酒匂川,2,その他の農用地,86,0.903668
nlni_l03b_landuse_by_watershed,https://nlftp.mlit.go.jp/ksj/gml/datalist/KsjTmplt-L03-b.html#L03-b-06,2006,83268-0013,83268,酒匂川,5,森林,1008,10.59569
nlni_l03b_landuse_by_watershed,https://nlftp.mlit.go.jp/ksj/gml/datalist/KsjTmplt-L03-b.html#L03-b-06,2006,83268-0013,83268,酒匂川,6,荒地,57,0.599223
nlni_l03b_landuse_by_watershed,https://nlftp.mlit.go.jp/ksj/gml/datalist/KsjTmplt-L03-b.html#L03-b-06,2006,83268-0013,83268,酒匂川,7,建物用地,15,0.157614
nlni_l03b_landuse_by_watershed,https://nlftp.mlit.go.jp/ksj/gml/datalist/KsjTmplt-L03-b.html#L03-b-06,2006,83268-0013,83268,酒匂川,B,河川地及び湖沼,6,0.063045
nlni_l03b_landuse_by_watershed,https://nlftp.mlit.go.jp/ksj/gml/datalist/KsjTmplt-L03-b.html#L03-b-06,2006,83268-0014,83268,酒匂川,1,田,32,0.336255
nlni_l03b_landuse_by_watershed,https://nlftp.mlit.go.jp/ksj/gml/datalist/KsjTmplt-L03-b.html#L03-b-06,2006,83268-0014,83268,酒匂川,2,その他の農用地,63,0.662043
nlni_l03b_landuse_by_watershed,https://nlftp.mlit.go.jp/ksj/gml/datalist/KsjTmplt-L03-b.html#L03-b-06,2006,83268-0014,83268,酒匂川,5,森林,205,2.154427
nlni_l03b_landuse_by_watershed,https://nlftp.mlit.go.jp/ksj/gml/datalist/KsjTmplt-L03-b.html#L03-b-06,2006,83268-0014,83268,酒匂川,6,荒地,6,0.063055
nlni_l03b_landuse_by_watershed,https://nlftp.mlit.go.jp/ksj/gml/datalist/KsjTmplt-L03-b.html#L03-b-06,2006,83268-0014,83268,酒匂川,7,建物用地,46,0.483387
nlni_l03b_landuse_by_watershed,https://nlftp.mlit.go.jp/ksj/gml/datalist/KsjTmplt-L03-b.html#L03-b-06,2006,83268-0014,83268,酒匂川,A,その他の用地,6,0.063052
nlni_l03b_landuse_by_watershed,https://nlftp.mlit.go.jp/ksj/gml/datalist/KsjTmplt-L03-b.html#L03-b-06,2006,83268-0014,83268,酒匂川,B,河川地及び湖沼,1,0.010509
nlni_l03b_landuse_by_watershed,https://nlftp.mlit.go.jp/ksj/gml/datalist/KsjTmplt-L03-b.html#L03-b-06,2006,83268-0015,83268,酒匂川,1,田,67,0.704108
nlni_l03b_landuse_by_watershed,https://nlftp.mlit.go.jp/ksj/gml/datalist/KsjTmplt-L03-b.html#L03-b-06,2006,83268-0015,83268,酒匂川,2,その他の農用地,128,1.344893
nlni_l03b_landuse_by_watershed,https://nlftp.mlit.go.jp/ksj/gml/datalist/KsjTmplt-L03-b.html#L03-b-06,2006,83268-0015,83268,酒匂川,5,森林,45,0.472798
nlni_l03b_landuse_by_watershed,https://nlftp.mlit.go.jp/ksj/gml/datalist/KsjTmplt-L03-b.html#L03-b-06,2006,83268-0015,83268,酒匂川,7,建物用地,147,1.54478
nlni_l03b_landuse_by_watershed,https://nlftp.mlit.go.jp/ksj/gml/datalist/KsjTmplt-L03-b.html#L03-b-06,2006,83268-0015,83268,酒匂川,A,その他の用地,78,0.819615
nlni_l03b_landuse_by_watershed,https://nlftp.mlit.go.jp/ksj/gml/datalist/KsjTmplt-L03-b.html#L03-b-06,2006,83268-0015,83268,酒匂川,B,河川地及び湖沼,2,0.02102
nlni_l03b_landuse_by_watershed,https://nlftp.mlit.go.jp/ksj/gml/datalist/KsjTmplt-L03-b.html#L03-b-06,2006,83268-0016,83268,酒匂川,1,田,312,3.278351
nlni_l03b_landuse_by_watershed,https://nlftp.mlit.go.jp/ksj/gml/datalist/KsjTmplt-L03-b.html#L03-b-06,2006,83268-0016,83268,酒匂川,2,その他の農用地,26,0.273162
nlni_l03b_landuse_by_watershed,https://nlftp.mlit.go.jp/ksj/gml/datalist/KsjTmplt-L03-b.html#L03-b-06,2006,83268-0016,83268,酒匂川,7,建物用地,234,2.458705
nlni_l03b_landuse_by_watershed,https://nlftp.mlit.go.jp/ksj/gml/datalist/KsjTmplt-L03-b.html#L03-b-06,2006,83268-0016,83268,酒匂川,A,その他の用地,41,0.430822
nlni_l03b_landuse_by_watershed,https://nlftp.mlit.go.jp/ksj/gml/datalist/KsjTmplt-L03-b.html#L03-b-06,2006,83268-0017,83268,酒匂川,1,田,239,2.511691
nlni_l03b_landuse_by_watershed,https://nlftp.mlit.go.jp/ksj/gml/datalist/KsjTmplt-L03-b.html#L03-b-06,2006,83268-0017,83268,酒匂川,2,その他の農用地,1,0.010506
nlni_l03b_landuse_by_watershed,https://nlftp.mlit.go.jp/ksj/gml/datalist/KsjTmplt-L03-b.html#L03-b-06,2006,83268-0017,83268,酒匂川,7,建物用地,235,2.469686
nlni_l03b_landuse_by_watershed,https://nlftp.mlit.go.jp/ksj/gml/datalist/KsjTmplt-L03-b.html#L03-b-06,2006,83268-0017,83268,酒匂川,9,幹線交通用地,1,0.010506
nlni_l03b_landuse_by_watershed,https://nlftp.mlit.go.jp/ksj/gml/datalist/KsjTmplt-L03-b.html#L03-b-06,2006,83268-0017,83268,酒匂川,A,その他の用地,22,0.231169
nlni_l03b_landuse_by_watershed,https://nlftp.mlit.go.jp/ksj/gml/datalist/KsjTmplt-L03-b.html#L03-b-06,2006,83268-0017,83268,酒匂川,B,河川地及び湖沼,4,0.042051
nlni_l03b_landuse_by_watershed,https://nlftp.mlit.go.jp/ksj/gml/datalist/KsjTmplt-L03-b.html#L03-b-06,2006,83268-0018,83268,酒匂川,1,田,51,0.53584
nlni_l03b_landuse_by_watershed,https://nlftp.mlit.go.jp/ksj/gml/datalist/KsjTmplt-L03-b.html#L03-b-06,2006,83268-0018,83268,酒匂川,2,その他の農用地,123,1.292346
nlni_l03b_landuse_by_watershed,https://nlftp.mlit.go.jp/ksj/gml/datalist/KsjTmplt-L03-b.html#L03-b-06,2006,83268-0018,83268,酒匂川,5,森林,805,8.459741
nlni_l03b_landuse_by_watershed,https://nlftp.mlit.go.jp/ksj/gml/datalist/KsjTmplt-L03-b.html#L03-b-06,2006,83268-0018,83268,酒匂川,6,荒地,64,0.672518
nlni_l03b_landuse_by_watershed,https://nlftp.mlit.go.jp/ksj/gml/datalist/KsjTmplt-L03-b.html#L03-b-06,2006,83268-0018,83268,酒匂川,7,建物用地,30,0.3152
nlni_l03b_landuse_by_watershed,https://nlftp.mlit.go.jp/ksj/gml/datalist/KsjTmplt-L03-b.html#L03-b-06,2006,83268-0018,83268,酒匂川,A,その他の用地,2,0.021012
nlni_l03b_landuse_by_watershed,https://nlftp.mlit.go.jp/ksj/gml/datalist/KsjTmplt-L03-b.html#L03-b-06,2006,83268-0018,83268,酒匂川,B,河川地及び湖沼,8,0.084052
nlni_l03b_landuse_by_watershed,https://nlftp.mlit.go.jp/ksj/gml/datalist/KsjTmplt-L03-b.html#L03-b-06,2006,83268-0019,83268,酒匂川,1,田,1,0.010505
nlni_l03b_landuse_by_watershed,https://nlftp.mlit.go.jp/ksj/gml/datalist/KsjTmplt-L03-b.html#L03-b-06,2006,83268-0019,83268,酒匂川,2,その他の農用地,25,0.262614
nlni_l03b_landuse_by_watershed,https://nlftp.mlit.go.jp/ksj/gml/datalist/KsjTmplt-L03-b.html#L03-b-06,2006,83268-0019,83268,酒匂川,5,森林,7,0.073529
nlni_l03b_landuse_by_watershed,https://nlftp.mlit.go.jp/ksj/gml/datalist/KsjTmplt-L03-b.html#L03-b-06,2006,83268-0019,83268,酒匂川,7,建物用地,52,0.546246
nlni_l03b_landuse_by_watershed,https://nlftp.mlit.go.jp/ksj/gml/datalist/KsjTmplt-L03-b.html#L03-b-06,2006,83268-0019,83268,酒匂川,A,その他の用地,15,0.157568
nlni_l03b_landuse_by_watershed,https://nlftp.mlit.go.jp/ksj/gml/datalist/KsjTmplt-L03-b.html#L03-b-06,2006,83268-0019,83268,酒匂川,B,河川地及び湖沼,24,0.252118
nlni_l03b_landuse_by_watershed,https://nlftp.mlit.go.jp/ksj/gml/datalist/KsjTmplt-L03-b.html#L03-b-06,2006,83268-0020,83268,酒匂川,1,田,7,0.073528
nlni_l03b_landuse_by_watershed,https://nlftp.mlit.go.jp/ksj/gml/datalist/KsjTmplt-L03-b.html#L03-b-06,2006,83268-0020,83268,酒匂川,2,その他の農用地,200,2.100623
nlni_l03b_landuse_by_watershed,https://nlftp.mlit.go.jp/ksj/gml/datalist/KsjTmplt-L03-b.html#L03-b-06,2006,83268-0020,83268,酒匂川,5,森林,556,5.839011
nlni_l03b_landuse_by_watershed,https://nlftp.mlit.go.jp/ksj/gml/datalist/KsjTmplt-L03-b.html#L03-b-06,2006,83268-0020,83268,酒匂川,7,建物用地,143,1.502028
nlni_l03b_landuse_by_watershed,https://nlftp.mlit.go.jp/ksj/gml/datalist/KsjTmplt-L03-b.html#L03-b-06,2006,83268-0020,83268,酒匂川,9,幹線交通用地,53,0.556679
nlni_l03b_landuse_by_watershed,https://nlftp.mlit.go.jp/ksj/gml/datalist/KsjTmplt-L03-b.html#L03-b-06,2006,83268-0020,83268,酒匂川,A,その他の用地,10,0.105037
nlni_l03b_landuse_by_watershed,https://nlftp.mlit.go.jp/ksj/gml/datalist/KsjTmplt-L03-b.html#L03-b-06,2006,83268-0020,83268,酒匂川,B,河川地及び湖沼,3,0.031514
nlni_l03b_landuse_by_watershed,https://nlftp.mlit.go.jp/ksj/gml/datalist/KsjTmplt-L03-b.html#L03-b-06,2006,83268-0021,83268,酒匂川,1,田,19,0.199598
nlni_l03b_landuse_by_watershed,https://nlftp.mlit.go.jp/ksj/gml/datalist/KsjTmplt-L03-b.html#L03-b-06,2006,83268-0021,83268,酒匂川,2,その他の農用地,135,1.418055
nlni_l03b_landuse_by_watershed,https://nlftp.mlit.go.jp/ksj/gml/datalist/KsjTmplt-L03-b.html#L03-b-06,2006,83268-0021,83268,酒匂川,5,森林,252,2.646923
nlni_l03b_landuse_by_watershed,https://nlftp.mlit.go.jp/ksj/gml/datalist/KsjTmplt-L03-b.html#L03-b-06,2006,83268-0021,83268,酒匂川,7,建物用地,76,0.798396
nlni_l03b_landuse_by_watershed,https://nlftp.mlit.go.jp/ksj/gml/datalist/KsjTmplt-L03-b.html#L03-b-06,2006,83268-0021,83268,酒匂川,9,幹線交通用地,49,0.514728
nlni_l03b_landuse_by_watershed,https://nlftp.mlit.go.jp/ksj/gml/datalist/KsjTmplt-L03-b.html#L03-b-06,2006,83268-0021,83268,酒匂川,A,その他の用地,24,0.25213
nlni_l03b_landuse_by_watershed,https://nlftp.mlit.go.jp/ksj/gml/datalist/KsjTmplt-L03-b.html#L03-b-06,2006,83268-0021,83268,酒匂川,B,河川地及び湖沼,73,0.766886
nlni_l03b_landuse_by_watershed,https://nlftp.mlit.go.jp/ksj/gml/datalist/KsjTmplt-L03-b.html#L03-b-06,2006,83268-0021,83268,酒匂川,G,ゴルフ場,8,0.084026
nlni_l03b_landuse_by_watershed,https://nlftp.mlit.go.jp/ksj/gml/datalist/KsjTmplt-L03-b.html#L03-b-06,2006,83268-0022,83268,酒匂川,2,その他の農用地,46,0.483241
nlni_l03b_landuse_by_watershed,https://nlftp.mlit.go.jp/ksj/gml/datalist/KsjTmplt-L03-b.html#L03-b-06,2006,83268-0022,83268,酒匂川,5,森林,34,0.357155
nlni_l03b_landuse_by_watershed,https://nlftp.mlit.go.jp/ksj/gml/datalist/KsjTmplt-L03-b.html#L03-b-06,2006,83268-0022,83268,酒匂川,7,建物用地,68,0.714389
nlni_l03b_landuse_by_watershed,https://nlftp.mlit.go.jp/ksj/gml/datalist/KsjTmplt-L03-b.html#L03-b-06,2006,83268-0022,83268,酒匂川,9,幹線交通用地,25,0.262635
nlni_l03b_landuse_by_watershed,https://nlftp.mlit.go.jp/ksj/gml/datalist/KsjTmplt-L03-b.html#L03-b-06,2006,83268-0022,83268,酒匂川,A,その他の用地,4,0.042023
nlni_l03b_landuse_by_watershed,https://nlftp.mlit.go.jp/ksj/gml/datalist/KsjTmplt-L03-b.html#L03-b-06,2006,83268-0022,83268,酒匂川,B,河川地及び湖沼,11,0.115566
nlni_l03b_landuse_by_watershed,https://nlftp.mlit.go.jp/ksj/gml/datalist/KsjTmplt-L03-b.html#L03-b-06,2006,83268-0022,83268,酒匂川,G,ゴルフ場,1,0.010504
nlni_l03b_landuse_by_watershed,https://nlftp.mlit.go.jp/ksj/gml/datalist/KsjTmplt-L03-b.html#L03-b-06,2006,83268-0023,83268,酒匂川,1,田,3,0.031515
nlni_l03b_landuse_by_watershed,https://nlftp.mlit.go.jp/ksj/gml/datalist/KsjTmplt-L03-b.html#L03-b-06,2006,83268-0023,83268,酒匂川,2,その他の農用地,19,0.199583
nlni_l03b_landuse_by_watershed,https://nlftp.mlit.go.jp/ksj/gml/datalist/KsjTmplt-L03-b.html#L03-b-06,2006,83268-0023,83268,酒匂川,5,森林,181,1.901262
nlni_l03b_landuse_by_watershed,https://nlftp.mlit.go.jp/ksj/gml/datalist/KsjTmplt-L03-b.html#L03-b-06,2006,83268-0023,83268,酒匂川,6,荒地,5,0.052523
nlni_l03b_landuse_by_watershed,https://nlftp.mlit.go.jp/ksj/gml/datalist/KsjTmplt-L03-b.html#L03-b-06,2006,83268-0023,83268,酒匂川,7,建物用地,11,0.115554
nlni_l03b_landuse_by_watershed,https://nlftp.mlit.go.jp/ksj/gml/datalist/KsjTmplt-L03-b.html#L03-b-06,2006,83268-0023,83268,酒匂川,9,幹線交通用地,7,0.073532
nlni_l03b_landuse_by_watershed,https://nlftp.mlit.go.jp/ksj/gml/datalist/KsjTmplt-L03-b.html#L03-b-06,2006,83268-0023,83268,酒匂川,A,その他の用地,22,0.231097
nlni_l03b_landuse_by_watershed,https://nlftp.mlit.go.jp/ksj/gml/datalist/KsjTmplt-L03-b.html#L03-b-06,2006,83268-0023,83268,酒匂川,B,河川地及び湖沼,19,0.199588
nlni_l03b_landuse_by_watershed,https://nlftp.mlit.go.jp/ksj/gml/datalist/KsjTmplt-L03-b.html#L03-b-06,2006,83268-0024,83268,酒匂川,1,田,1,0.010501
nlni_l03b_landuse_by_watershed,https://nlftp.mlit.go.jp/ksj/gml/datalist/KsjTmplt-L03-b.html#L03-b-06,2006,83268-0024,83268,酒匂川,2,その他の農用地,23,0.241521
nlni_l03b_landuse_by_watershed,https://nlftp.mlit.go.jp/ksj/gml/datalist/KsjTmplt-L03-b.html#L03-b-06,2006,83268-0024,83268,酒匂川,5,森林,489,5.135461
nlni_l03b_landuse_by_watershed,https://nlftp.mlit.go.jp/ksj/gml/datalist/KsjTmplt-L03-b.html#L03-b-06,2006,83268-0024,83268,酒匂川,6,荒地,34,0.357081
nlni_l03b_landuse_by_watershed,https://nlftp.mlit.go.jp/ksj/gml/datalist/KsjTmplt-L03-b.html#L03-b-06,2006,83268-0024,83268,酒匂川,7,建物用地,20,0.210034
nlni_l03b_landuse_by_watershed,https://nlftp.mlit.go.jp/ksj/gml/datalist/KsjTmplt-L03-b.html#L03-b-06,2006,83268-0024,83268,酒匂川,9,幹線交通用地,1,0.010504
nlni_l03b_landuse_by_watershed,https://nlftp.mlit.go.jp/ksj/gml/datalist/KsjTmplt-L03-b.html#L03-b-06,2006,83268-0024,83268,酒匂川,A,その他の用地,7,0.073507
nlni_l03b_landuse_by_watershed,https://nlftp.mlit.go.jp/ksj/gml/datalist/KsjTmplt-L03-b.html#L03-b-06,2006,83268-0024,83268,酒匂川,B,河川地及び湖沼,32,0.336067
nlni_l03b_landuse_by_watershed,https://nlftp.mlit.go.jp/ksj/gml/datalist/KsjTmplt-L03-b.html#L03-b-06,2006,83268-0024,83268,酒匂川,G,ゴルフ場,73,0.766704
nlni_l03b_landuse_by_watershed,https://nlftp.mlit.go.jp/ksj/gml/datalist/KsjTmplt-L03-b.html#L03-b-06,2006,83268-0025,83268,酒匂川,1,田,33,0.346504
nlni_l03b_landuse_by_watershed,https://nlftp.mlit.go.jp/ksj/gml/datalist/KsjTmplt-L03-b.html#L03-b-06,2006,83268-0025,83268,酒匂川,2,その他の農用地,276,2.898187
nlni_l03b_landuse_by_watershed,https://nlftp.mlit.go.jp/ksj/gml/datalist/KsjTmplt-L03-b.html#L03-b-06,2006,83268-0025,83268,酒匂川,5,森林,1048,11.001022
nlni_l03b_landuse_by_watershed,https://nlftp.mlit.go.jp/ksj/gml/datalist/KsjTmplt-L03-b.html#L03-b-06,2006,83268-0025,83268,酒匂川,6,荒地,39,0.409432
nlni_l03b_landuse_by_watershed,https://nlftp.mlit.go.jp/ksj/gml/datalist/KsjTmplt-L03-b.html#L03-b-06,2006,83268-0025,83268,酒匂川,7,建物用地,138,1.449143
nlni_l03b_landuse_by_watershed,https://nlftp.mlit.go.jp/ksj/gml/datalist/KsjTmplt-L03-b.html#L03-b-06,2006,83268-0025,83268,酒匂川,9,幹線交通用地,19,0.199548
nlni_l03b_landuse_by_watershed,https://nlftp.mlit.go.jp/ksj/gml/datalist/KsjTmplt-L03-b.html#L03-b-06,2006,83268-0025,83268,酒匂川,A,その他の用地,4,0.042005
nlni_l03b_landuse_by_watershed,https://nlftp.mlit.go.jp/ksj/gml/datalist/KsjTmplt-L03-b.html#L03-b-06,2006,83268-0025,83268,酒匂川,B,河川地及び湖沼,41,0.430456
nlni_l03b_landuse_by_watershed,https://nlftp.mlit.go.jp/ksj/gml/datalist/KsjTmplt-L03-b.html#L03-b-06,2006,83268-0025,83268,酒匂川,G,ゴルフ場,34,0.356998
nlni_l03b_landuse_by_watershed,https://nlftp.mlit.go.jp/ksj/gml/datalist/KsjTmplt-L03-b.html#L03-b-06,2006,83268-0026,83268,酒匂川,1,田,22,0.230974
nlni_l03b_landuse_by_watershed,https://nlftp.mlit.go.jp/ksj/gml/datalist/KsjTmplt-L03-b.html#L03-b-06,2006,83268-0026,83268,酒匂川,2,その他の農用地,98,1.0289
nlni_l03b_landuse_by_watershed,https://nlftp.mlit.go.jp/ksj/gml/datalist/KsjTmplt-L03-b.html#L03-b-06,2006,83268-0026,83268,酒匂川,5,森林,1352,14.190941
nlni_l03b_landuse_by_watershed,https://nlftp.mlit.go.jp/ksj/gml/datalist/KsjTmplt-L03-b.html#L03-b-06,2006,83268-0026,83268,酒匂川,6,荒地,79,0.829151
nlni_l03b_landuse_by_watershed,https://nlftp.mlit.go.jp/ksj/gml/datalist/KsjTmplt-L03-b.html#L03-b-06,2006,83268-0026,83268,酒匂川,7,建物用地,42,0.440966
nlni_l03b_landuse_by_watershed,https://nlftp.mlit.go.jp/ksj/gml/datalist/KsjTmplt-L03-b.html#L03-b-06,2006,83268-0026,83268,酒匂川,A,その他の用地,9,0.094492
nlni_l03b_landuse_by_watershed,https://nlftp.mlit.go.jp/ksj/gml/datalist/KsjTmplt-L03-b.html#L03-b-06,2006,83268-0026,83268,酒匂川,B,河川地及び湖沼,16,0.167972
nlni_l03b_landuse_by_watershed,https://nlftp.mlit.go.jp/ksj/gml/datalist/KsjTmplt-L03-b.html#L03-b-06,2006,83268-0026,83268,酒匂川,G,ゴルフ場,25,0.262488
nlni_l03b_landuse_by_watershed,https://nlftp.mlit.go.jp/ksj/gml/datalist/KsjTmplt-L03-b.html#L03-b-06,2006,83268-0027,83268,酒匂川,1,田,2,0.021
nlni_l03b_landuse_by_watershed,https://nlftp.mlit.go.jp/ksj/gml/datalist/KsjTmplt-L03-b.html#L03-b-06,2006,83268-0027,83268,酒匂川,2,その他の農用地,24,0.251998
nlni_l03b_landuse_by_watershed,https://nlftp.mlit.go.jp/ksj/gml/datalist/KsjTmplt-L03-b.html#L03-b-06,2006,83268-0027,83268,酒匂川,5,森林,530,5.564484
nlni_l03b_landuse_by_watershed,https://nlftp.mlit.go.jp/ksj/gml/datalist/KsjTmplt-L03-b.html#L03-b-06,2006,83268-0027,83268,酒匂川,7,建物用地,5,0.0525
nlni_l03b_landuse_by_watershed,https://nlftp.mlit.go.jp/ksj/gml/datalist/KsjTmplt-L03-b.html#L03-b-06,2006,83268-0027,83268,酒匂川,A,その他の用地,1,0.0105
nlni_l03b_landuse_by_watershed,https://nlftp.mlit.go.jp/ksj/gml/datalist/KsjTmplt-L03-b.html#L03-b-06,2006,83268-0027,83268,酒匂川,B,河川地及び湖沼,5,0.052501
nlni_l03b_landuse_by_watershed,https://nlftp.mlit.go.jp/ksj/gml/datalist/KsjTmplt-L03-b.html#L03-b-06,2006,83268-0028,83268,酒匂川,1,田,12,0.126061
nlni_l03b_landuse_by_watershed,https://nlftp.mlit.go.jp/ksj/gml/datalist/KsjTmplt-L03-b.html#L03-b-06,2006,83268-0028,83268,酒匂川,2,その他の農用地,133,1.397209
nlni_l03b_landuse_by_watershed,https://nlftp.mlit.go.jp/ksj/gml/datalist/KsjTmplt-L03-b.html#L03-b-06,2006,83268-0028,83268,酒匂川,5,森林,145,1.523379
nlni_l03b_landuse_by_watershed,https://nlftp.mlit.go.jp/ksj/gml/datalist/KsjTmplt-L03-b.html#L03-b-06,2006,83268-0028,83268,酒匂川,7,建物用地,27,0.283641
nlni_l03b_landuse_by_watershed,https://nlftp.mlit.go.jp/ksj/gml/datalist/KsjTmplt-L03-b.html#L03-b-06,2006,83268-0028,83268,酒匂川,A,その他の用地,3,0.031516
nlni_l03b_landuse_by_watershed,https://nlftp.mlit.go.jp/ksj/gml/datalist/KsjTmplt-L03-b.html#L03-b-06,2006,83268-0028,83268,酒匂川,B,河川地及び湖沼,30,0.315153
nlni_l03b_landuse_by_watershed,https://nlftp.mlit.go.jp/ksj/gml/datalist/KsjTmplt-L03-b.html#L03-b-06,2006,83268-0029,83268,酒匂川,2,その他の農用地,23,0.241614
nlni_l03b_landuse_by_watershed,https://nlftp.mlit.go.jp/ksj/gml/datalist/KsjTmplt-L03-b.html#L03-b-06,2006,83268-0029,83268,酒匂川,5,森林,332,3.487876
nlni_l03b_landuse_by_watershed,https://nlftp.mlit.go.jp/ksj/gml/datalist/KsjTmplt-L03-b.html#L03-b-06,2006,83268-0029,83268,酒匂川,6,荒地,2,0.021015
nlni_l03b_landuse_by_watershed,https://nlftp.mlit.go.jp/ksj/gml/datalist/KsjTmplt-L03-b.html#L03-b-06,2006,83268-0029,83268,酒匂川,7,建物用地,10,0.105047
nlni_l03b_landuse_by_watershed,https://nlftp.mlit.go.jp/ksj/gml/datalist/KsjTmplt-L03-b.html#L03-b-06,2006,83268-0029,83268,酒匂川,B,河川地及び湖沼,1,0.010505
nlni_l03b_landuse_by_watershed,https://nlftp.mlit.go.jp/ksj/gml/datalist/KsjTmplt-L03-b.html#L03-b-06,2006,83268-0030,83268,酒匂川,2,その他の農用地,30,0.315092
nlni_l03b_landuse_by_watershed,https://nlftp.mlit.go.jp/ksj/gml/datalist/KsjTmplt-L03-b.html#L03-b-06,2006,83268-0030,83268,酒匂川,5,森林,549,5.766004
nlni_l03b_landuse_by_watershed,https://nlftp.mlit.go.jp/ksj/gml/datalist/KsjTmplt-L03-b.html#L03-b-06,2006,83268-0030,83268,酒匂川,6,荒地,7,0.073525
nlni_l03b_landuse_by_watershed,https://nlftp.mlit.go.jp/ksj/gml/datalist/KsjTmplt-L03-b.html#L03-b-06,2006,83268-0030,83268,酒匂川,7,建物用地,13,0.136536
nlni_l03b_landuse_by_watershed,https://nlftp.mlit.go.jp/ksj/gml/datalist/KsjTmplt-L03-b.html#L03-b-06,2006,83268-0030,83268,酒匂川,9,幹線交通用地,4,0.042012
nlni_l03b_landuse_by_watershed,https://nlftp.mlit.go.jp/ksj/gml/datalist/KsjTmplt-L03-b.html#L03-b-06,2006,83268-0030,83268,酒匂川,A,その他の用地,29,0.304535
nlni_l03b_landuse_by_watershed,https://nlftp.mlit.go.jp/ksj/gml/datalist/KsjTmplt-L03-b.html#L03-b-06,2006,83268-0030,83268,酒匂川,B,河川地及び湖沼,45,0.472664
nlni_l03b_landuse_by_watershed,https://nlftp.mlit.go.jp/ksj/gml/datalist/KsjTmplt-L03-b.html#L03-b-06,2006,83268-0031,83268,酒匂川,2,その他の農用地,13,0.136537
nlni_l03b_landuse_by_watershed,https://nlftp.mlit.go.jp/ksj/gml/datalist/KsjTmplt-L03-b.html#L03-b-06,2006,83268-0031,83268,酒匂川,5,森林,1302,13.670587
nlni_l03b_landuse_by_watershed,https://nlftp.mlit.go.jp/ksj/gml/datalist/KsjTmplt-L03-b.html#L03-b-06,2006,83268-0031,83268,酒匂川,6,荒地,7,0.073489
nlni_l03b_landuse_by_watershed,https://nlftp.mlit.go.jp/ksj/gml/datalist/KsjTmplt-L03-b.html#L03-b-06,2006,83268-0031,83268,酒匂川,7,建物用地,18,0.189055
nlni_l03b_landuse_by_watershed,https://nlftp.mlit.go.jp/ksj/gml/datalist/KsjTmplt-L03-b.html#L03-b-06,2006,83268-0031,83268,酒匂川,9,幹線交通用地,6,0.06302
nlni_l03b_landuse_by_watershed,https://nlftp.mlit.go.jp/ksj/gml/datalist/KsjTmplt-L03-b.html#L03-b-06,2006,83268-0031,83268,酒匂川,A,その他の用地,18,0.189015
nlni_l03b_landuse_by_watershed,https://nlftp.mlit.go.jp/ksj/gml/datalist/KsjTmplt-L03-b.html#L03-b-06,2006,83268-0031,83268,酒匂川,B,河川地及び湖沼,32,0.336034
nlni_l03b_landuse_by_watershed,https://nlftp.mlit.go.jp/ksj/gml/datalist/KsjTmplt-L03-b.html#L03-b-06,2006,83268-0032,83268,酒匂川,1,田,2,0.021009
nlni_l03b_landuse_by_watershed,https://nlftp.mlit.go.jp/ksj/gml/datalist/KsjTmplt-L03-b.html#L03-b-06,2006,83268-0032,83268,酒匂川,2,その他の農用地,3,0.031511
nlni_l03b_landuse_by_watershed,https://nlftp.mlit.go.jp/ksj/gml/datalist/KsjTmplt-L03-b.html#L03-b-06,2006,83268-0032,83268,酒匂川,5,森林,574,6.030088
nlni_l03b_landuse_by_watershed,https://nlftp.mlit.go.jp/ksj/gml/datalist/KsjTmplt-L03-b.html#L03-b-06,2006,83268-0032,83268,酒匂川,6,荒地,35,0.36772
nlni_l03b_landuse_by_watershed,https://nlftp.mlit.go.jp/ksj/gml/datalist/KsjTmplt-L03-b.html#L03-b-06,2006,83268-0032,83268,酒匂川,7,建物用地,1,0.010505
nlni_l03b_landuse_by_watershed,https://nlftp.mlit.go.jp/ksj/gml/datalist/KsjTmplt-L03-b.html#L03-b-06,2006,83268-0032,83268,酒匂川,9,幹線交通用地,1,0.010504
nlni_l03b_landuse_by_watershed,https://nlftp.mlit.go.jp/ksj/gml/datalist/KsjTmplt-L03-b.html#L03-b-06,2006,83268-0032,83268,酒匂川,B,河川地及び湖沼,1,0.010503
nlni_l03b_landuse_by_watershed,https://nlftp.mlit.go.jp/ksj/gml/datalist/KsjTmplt-L03-b.html#L03-b-06,2006,83268-0032,83268,酒匂川,G,ゴルフ場,66,0.693355
nlni_l03b_landuse_by_watershed,https://nlftp.mlit.go.jp/ksj/gml/datalist/KsjTmplt-L03-b.html#L03-b-06,2006,83268-0033,83268,酒匂川,1,田,8,0.084022
nlni_l03b_landuse_by_watershed,https://nlftp.mlit.go.jp/ksj/gml/datalist/KsjTmplt-L03-b.html#L03-b-06,2006,83268-0033,83268,酒匂川,2,その他の農用地,33,0.346586
nlni_l03b_landuse_by_watershed,https://nlftp.mlit.go.jp/ksj/gml/datalist/KsjTmplt-L03-b.html#L03-b-06,2006,83268-0033,83268,酒匂川,5,森林,95,0.9977
nlni_l03b_landuse_by_watershed,https://nlftp.mlit.go.jp/ksj/gml/datalist/KsjTmplt-L03-b.html#L03-b-06,2006,83268-0033,83268,酒匂川,6,荒地,3,0.03151
nlni_l03b_landuse_by_watershed,https://nlftp.mlit.go.jp/ksj/gml/datalist/KsjTmplt-L03-b.html#L03-b-06,2006,83268-0033,83268,酒匂川,7,建物用地,9,0.094527
nlni_l03b_landuse_by_watershed,https://nlftp.mlit.go.jp/ksj/gml/datalist/KsjTmplt-L03-b.html#L03-b-06,2006,83268-0033,83268,酒匂川,9,幹線交通用地,10,0.105025
nlni_l03b_landuse_by_watershed,https://nlftp.mlit.go.jp/ksj/gml/datalist/KsjTmplt-L03-b.html#L03-b-06,2006,83268-0033,83268,酒匂川,A,その他の用地,10,0.105009
nlni_l03b_landuse_by_watershed,https://nlftp.mlit.go.jp/ksj/gml/datalist/KsjTmplt-L03-b.html#L03-b-06,2006,83268-0033,83268,酒匂川,B,河川地及び湖沼,20,0.210055
nlni_l03b_landuse_by_watershed,https://nlftp.mlit.go.jp/ksj/gml/datalist/KsjTmplt-L03-b.html#L03-b-06,2006,83268-0034,83268,酒匂川,1,田,2,0.021006
nlni_l03b_landuse_by_watershed,https://nlftp.mlit.go.jp/ksj/gml/datalist/KsjTmplt-L03-b.html#L03-b-06,2006,83268-0034,83268,酒匂川,2,その他の農用地,26,0.273078
nlni_l03b_landuse_by_watershed,https://nlftp.mlit.go.jp/ksj/gml/datalist/KsjTmplt-L03-b.html#L03-b-06,2006,83268-0034,83268,酒匂川,5,森林,1010,10.609237
nlni_l03b_landuse_by_watershed,https://nlftp.mlit.go.jp/ksj/gml/datalist/KsjTmplt-L03-b.html#L03-b-06,2006,83268-0034,83268,酒匂川,6,荒地,78,0.819261
nlni_l03b_landuse_by_watershed,https://nlftp.mlit.go.jp/ksj/gml/datalist/KsjTmplt-L03-b.html#L03-b-06,2006,83268-0034,83268,酒匂川,7,建物用地,59,0.619727
nlni_l03b_landuse_by_watershed,https://nlftp.mlit.go.jp/ksj/gml/datalist/KsjTmplt-L03-b.html#L03-b-06,2006,83268-0034,83268,酒匂川,9,幹線交通用地,93,0.976842
nlni_l03b_landuse_by_watershed,https://nlftp.mlit.go.jp/ksj/gml/datalist/KsjTmplt-L03-b.html#L03-b-06,2006,83268-0034,83268,酒匂川,A,その他の用地,12,0.126046
nlni_l03b_landuse_by_watershed,https://nlftp.mlit.go.jp/ksj/gml/datalist/KsjTmplt-L03-b.html#L03-b-06,2006,83268-0034,83268,酒匂川,B,河川地及び湖沼,38,0.399118
nlni_l03b_landuse_by_watershed,https://nlftp.mlit.go.jp/ksj/gml/datalist/KsjTmplt-L03-b.html#L03-b-06,2006,83268-0034,83268,酒匂川,G,ゴルフ場,8,0.08404
nlni_l03b_landuse_by_watershed,https://nlftp.mlit.go.jp/ksj/gml/datalist/KsjTmplt-L03-b.html#L03-b-06,2006,83268-0035,83268,酒匂川,1,田,37,0.388502
nlni_l03b_landuse_by_watershed,https://nlftp.mlit.go.jp/ksj/gml/datalist/KsjTmplt-L03-b.html#L03-b-06,2006,83268-0035,83268,酒匂川,2,その他の農用地,46,0.483032
nlni_l03b_landuse_by_watershed,https://nlftp.mlit.go.jp/ksj/gml/datalist/KsjTmplt-L03-b.html#L03-b-06,2006,83268-0035,83268,酒匂川,5,森林,1238,12.998575
nlni_l03b_landuse_by_watershed,https://nlftp.mlit.go.jp/ksj/gml/datalist/KsjTmplt-L03-b.html#L03-b-06,2006,83268-0035,83268,酒匂川,6,荒地,30,0.315017
nlni_l03b_landuse_by_watershed,https://nlftp.mlit.go.jp/ksj/gml/datalist/KsjTmplt-L03-b.html#L03-b-06,2006,83268-0035,83268,酒匂川,7,建物用地,18,0.189007
nlni_l03b_landuse_by_watershed,https://nlftp.mlit.go.jp/ksj/gml/datalist/KsjTmplt-L03-b.html#L03-b-06,2006,83268-0035,83268,酒匂川,9,幹線交通用地,11,0.115478
nlni_l03b_landuse_by_watershed,https://nlftp.mlit.go.jp/ksj/gml/datalist/KsjTmplt-L03-b.html#L03-b-06,2006,83268-0035,83268,酒匂川,A,その他の用地,25,0.262498
nlni_l03b_landuse_by_watershed,https://nlftp.mlit.go.jp/ksj/gml/datalist/KsjTmplt-L03-b.html#L03-b-06,2006,83268-0035,83268,酒匂川,B,河川地及び湖沼,96,1.00792
nlni_l03b_landuse_by_watershed,https://nlftp.mlit.go.jp/ksj/gml/datalist/KsjTmplt-L03-b.html#L03-b-06,2006,83268-0036,83268,酒匂川,2,その他の農用地,2,0.020993
nlni_l03b_landuse_by_watershed,https://nlftp.mlit.go.jp/ksj/gml/datalist/KsjTmplt-L03-b.html#L03-b-06,2006,83268-0036,83268,酒匂川,5,森林,881,9.247073
nlni_l03b_landuse_by_watershed,https://nlftp.mlit.go.jp/ksj/gml/datalist/KsjTmplt-L03-b.html#L03-b-06,2006,83268-0036,83268,酒匂川,6,荒地,7,0.073473
nlni_l03b_landuse_by_watershed,https://nlftp.mlit.go.jp/ksj/gml/datalist/KsjTmplt-L03-b.html#L03-b-06,2006,83268-0036,83268,酒匂川,7,建物用地,8,0.083971
nlni_l03b_landuse_by_watershed,https://nlftp.mlit.go.jp/ksj/gml/datalist/KsjTmplt-L03-b.html#L03-b-06,2006,83268-0036,83268,酒匂川,A,その他の用地,5,0.052483
nlni_l03b_landuse_by_watershed,https://nlftp.mlit.go.jp/ksj/gml/datalist/KsjTmplt-L03-b.html#L03-b-06,2006,83268-0036,83268,酒匂川,B,河川地及び湖沼,99,1.039138
nlni_l03b_landuse_by_watershed,https://nlftp.mlit.go.jp/ksj/gml/datalist/KsjTmplt-L03-b.html#L03-b-06,2006,83268-0037,83268,酒匂川,5,森林,564,5.92033
nlni_l03b_landuse_by_watershed,https://nlftp.mlit.go.jp/ksj/gml/datalist/KsjTmplt-L03-b.html#L03-b-06,2006,83268-0037,83268,酒匂川,6,荒地,1,0.010497
nlni_l03b_landuse_by_watershed,https://nlftp.mlit.go.jp/ksj/gml/datalist/KsjTmplt-L03-b.html#L03-b-06,2006,83268-0037,83268,酒匂川,7,建物用地,1,0.010497
nlni_l03b_landuse_by_watershed,https://nlftp.mlit.go.jp/ksj/gml/datalist/KsjTmplt-L03-b.html#L03-b-06,2006,83268-0037,83268,酒匂川,9,幹線交通用地,1,0.010497
nlni_l03b_landuse_by_watershed,https://nlftp.mlit.go.jp/ksj/gml/datalist/KsjTmplt-L03-b.html#L03-b-06,2006,83268-0037,83268,酒匂川,B,河川地及び湖沼,82,0.860747
nlni_l03b_landuse_by_watershed,https://nlftp.mlit.go.jp/ksj/gml/datalist/KsjTmplt-L03-b.html#L03-b-06,2006,83268-0038,83268,酒匂川,5,森林,28,0.293905
nlni_l03b_landuse_by_watershed,https://nlftp.mlit.go.jp/ksj/gml/datalist/KsjTmplt-L03-b.html#L03-b-06,2006,83268-0038,83268,酒匂川,7,建物用地,3,0.031491
nlni_l03b_landuse_by_watershed,https://nlftp.mlit.go.jp/ksj/gml/datalist/KsjTmplt-L03-b.html#L03-b-06,2006,83268-0038,83268,酒匂川,A,その他の用地,7,0.073478
nlni_l03b_landuse_by_watershed,https://nlftp.mlit.go.jp/ksj/gml/datalist/KsjTmplt-L03-b.html#L03-b-06,2006,83268-0038,83268,酒匂川,B,河川地及び湖沼,34,0.356894
nlni_l03b_landuse_by_watershed,https://nlftp.mlit.go.jp/ksj/gml/datalist/KsjTmplt-L03-b.html#L03-b-06,2006,83268-0039,83268,酒匂川,5,森林,648,6.798696
nlni_l03b_landuse_by_watershed,https://nlftp.mlit.go.jp/ksj/gml/datalist/KsjTmplt-L03-b.html#L03-b-06,2006,83268-0040,83268,酒匂川,5,森林,2668,27.991018
nlni_l03b_landuse_by_watershed,https://nlftp.mlit.go.jp/ksj/gml/datalist/KsjTmplt-L03-b.html#L03-b-06,2006,83268-0040,83268,酒匂川,6,荒地,19,0.199353
nlni_l03b_landuse_by_watershed,https://nlftp.mlit.go.jp/ksj/gml/datalist/KsjTmplt-L03-b.html#L03-b-06,2006,83268-0040,83268,酒匂川,B,河川地及び湖沼,128,1.34296
nlni_l03b_landuse_by_watershed,https://nlftp.mlit.go.jp/ksj/gml/datalist/KsjTmplt-L03-b.html#L03-b-06,2006,83268-0041,83268,酒匂川,5,森林,702,7.368651
nlni_l03b_landuse_by_watershed,https://nlftp.mlit.go.jp/ksj/gml/datalist/KsjTmplt-L03-b.html#L03-b-06,2006,83268-0041,83268,酒匂川,6,荒地,3,0.03149
nlni_l03b_landuse_by_watershed,https://nlftp.mlit.go.jp/ksj/gml/datalist/KsjTmplt-L03-b.html#L03-b-06,2006,83268-0041,83268,酒匂川,B,河川地及び湖沼,9,0.094475
nlni_l03b_landuse_by_watershed,https://nlftp.mlit.go.jp/ksj/gml/datalist/KsjTmplt-L03-b.html#L03-b-06,2006,83268-0042,83268,酒匂川,5,森林,2199,23.072355
nlni_l03b_landuse_by_watershed,https://nlftp.mlit.go.jp/ksj/gml/datalist/KsjTmplt-L03-b.html#L03-b-06,2006,83268-0042,83268,酒匂川,6,荒地,1,0.010494
nlni_l03b_landuse_by_watershed,https://nlftp.mlit.go.jp/ksj/gml/datalist/KsjTmplt-L03-b.html#L03-b-06,2006,83268-0042,83268,酒匂川,B,河川地及び湖沼,3,0.031485
nlni_l03b_landuse_by_watershed,https://nlftp.mlit.go.jp/ksj/gml/datalist/KsjTmplt-L03-b.html#L03-b-06,2006,83268-0043,83268,酒匂川,5,森林,1921,20.158246
nlni_l03b_landuse_by_watershed,https://nlftp.mlit.go.jp/ksj/gml/datalist/KsjTmplt-L03-b.html#L03-b-06,2006,83268-0043,83268,酒匂川,6,荒地,35,0.367374
nlni_l03b_landuse_by_watershed,https://nlftp.mlit.go.jp/ksj/gml/datalist/KsjTmplt-L03-b.html#L03-b-06,2006,83268-0044,83268,酒匂川,5,森林,634,6.655311
nlni_l03b_landuse_by_watershed,https://nlftp.mlit.go.jp/ksj/gml/datalist/KsjTmplt-L03-b.html#L03-b-06,2006,83268-0044,83268,酒匂川,6,荒地,228,2.393453
nlni_l03b_landuse_by_watershed,https://nlftp.mlit.go.jp/ksj/gml/datalist/KsjTmplt-L03-b.html#L03-b-06,2006,83268-0045,83268,,5,森林,36,0.378166
nlni_l03b_landuse_by_watershed,https://nlftp.mlit.go.jp/ksj/gml/datalist/KsjTmplt-L03-b.html#L03-b-06,2006,83268-0045,83268,,7,建物用地,6,0.063023
nlni_l03b_landuse_by_watershed,https://nlftp.mlit.go.jp/ksj/gml/datalist/KsjTmplt-L03-b.html#L03-b-06,2006,83268-0045,83268,,9,幹線交通用地,7,0.073528
nlni_l03b_landuse_by_watershed,https://nlftp.mlit.go.jp/ksj/gml/datalist/KsjTmplt-L03-b.html#L03-b-06,2006,83268-0045,83268,,A,その他の用地,1,0.010504
nlni_l03b_landuse_by_watershed,https://nlftp.mlit.go.jp/ksj/gml/datalist/KsjTmplt-L03-b.html#L03-b-06,2006,83268-0045,83268,,B,河川地及び湖沼,1,0.010504
nlni_l03b_landuse_by_watershed,https://nlftp.mlit.go.jp/ksj/gml/datalist/KsjTmplt-L03-b.html#L03-b-06,2006,83268-0045,83268,,G,ゴルフ場,20,0.21011
nlni_l03b_landuse_by_watershed,https://nlftp.mlit.go.jp/ksj/gml/datalist/KsjTmplt-L03-b.html#L03-b-06,2006,83268-0046,83268,,1,田,102,1.071543
nlni_l03b_landuse_by_watershed,https://nlftp.mlit.go.jp/ksj/gml/datalist/KsjTmplt-L03-b.html#L03-b-06,2006,83268-0046,83268,,2,その他の農用地,4,0.042023
nlni_l03b_landuse_by_watershed,https://nlftp.mlit.go.jp/ksj/gml/datalist/KsjTmplt-L03-b.html#L03-b-06,2006,83268-0046,83268,,5,森林,109,1.145086
nlni_l03b_landuse_by_watershed,https://nlftp.mlit.go.jp/ksj/gml/datalist/KsjTmplt-L03-b.html#L03-b-06,2006,83268-0046,83268,,7,建物用地,50,0.525236
nlni_l03b_landuse_by_watershed,https://nlftp.mlit.go.jp/ksj/gml/datalist/KsjTmplt-L03-b.html#L03-b-06,2006,83268-0046,83268,,9,幹線交通用地,18,0.18909
nlni_l03b_landuse_by_watershed,https://nlftp.mlit.go.jp/ksj/gml/datalist/KsjTmplt-L03-b.html#L03-b-06,2006,83268-0046,83268,,A,その他の用地,17,0.178587
nlni_l03b_landuse_by_watershed,https://nlftp.mlit.go.jp/ksj/gml/datalist/KsjTmplt-L03-b.html#L03-b-06,2006,83268-0046,83268,,B,河川地及び湖沼,9,0.094544
nlni_l03b_landuse_by_watershed,https://nlftp.mlit.go.jp/ksj/gml/datalist/KsjTmplt-L03-b.html#L03-b-06,2006,83268-0046,83268,,G,ゴルフ場,28,0.294166
nlni_l03b_landuse_by_watershed,https://nlftp.mlit.go.jp/ksj/gml/datalist/KsjTmplt-L03-b.html#L03-b-06,2006,83268-0047,83268,,1,田,4,0.042029
nlni_l03b_landuse_by_watershed,https://nlftp.mlit.go.jp/ksj/gml/datalist/KsjTmplt-L03-b.html#L03-b-06,2006,83268-0047,83268,,5,森林,418,4.392509
nlni_l03b_landuse_by_watershed,https://nlftp.mlit.go.jp/ksj/gml/datalist/KsjTmplt-L03-b.html#L03-b-06,2006,83268-0047,83268,,6,荒地,17,0.178628
nlni_l03b_landuse_by_watershed,https://nlftp.mlit.go.jp/ksj/gml/datalist/KsjTmplt-L03-b.html#L03-b-06,2006,83268-0047,83268,,7,建物用地,9,0.094565
nlni_l03b_landuse_by_watershed,https://nlftp.mlit.go.jp/ksj/gml/datalist/KsjTmplt-L03-b.html#L03-b-06,2006,83268-0047,83268,,G,ゴルフ場,4,0.042026
nlni_l03b_landuse_by_watershed,https://nlftp.mlit.go.jp/ksj/gml/datalist/KsjTmplt-L03-b.html#L03-b-06,2006,83268-0048,83268,,1,田,31,0.325722
nlni_l03b_landuse_by_watershed,https://nlftp.mlit.go.jp/ksj/gml/datalist/KsjTmplt-L03-b.html#L03-b-06,2006,83268-0048,83268,,2,その他の農用地,4,0.042032
nlni_l03b_landuse_by_watershed,https://nlftp.mlit.go.jp/ksj/gml/datalist/KsjTmplt-L03-b.html#L03-b-06,2006,83268-0048,83268,,5,森林,28,0.294221
nlni_l03b_landuse_by_watershed,https://nlftp.mlit.go.jp/ksj/gml/datalist/KsjTmplt-L03-b.html#L03-b-06,2006,83268-0048,83268,,7,建物用地,2,0.021016
nlni_l03b_landuse_by_watershed,https://nlftp.mlit.go.jp/ksj/gml/datalist/KsjTmplt-L03-b.html#L03-b-06,2006,83268-0048,83268,,9,幹線交通用地,28,0.294208
nlni_l03b_landuse_by_watershed,https://nlftp.mlit.go.jp/ksj/gml/datalist/KsjTmplt-L03-b.html#L03-b-06,2006,83268-0048,83268,,A,その他の用地,3,0.031525
nlni_l03b_landuse_by_watershed,https://nlftp.mlit.go.jp/ksj/gml/datalist/KsjTmplt-L03-b.html#L03-b-06,2006,83268-0049,83268,,1,田,54,0.567324
nlni_l03b_landuse_by_watershed,https://nlftp.mlit.go.jp/ksj/gml/datalist/KsjTmplt-L03-b.html#L03-b-06,2006,83268-0049,83268,,2,その他の農用地,2,0.021011
nlni_l03b_landuse_by_watershed,https://nlftp.mlit.go.jp/ksj/gml/datalist/KsjTmplt-L03-b.html#L03-b-06,2006,83268-0049,83268,,7,建物用地,23,0.241632
nlni_l03b_landuse_by_watershed,https://nlftp.mlit.go.jp/ksj/gml/datalist/KsjTmplt-L03-b.html#L03-b-06,2006,83268-0049,83268,,9,幹線交通用地,2,0.021013
nlni_l03b_landuse_by_watershed,https://nlftp.mlit.go.jp/ksj/gml/datalist/KsjTmplt-L03-b.html#L03-b-06,2006,83268-0050,83268,,1,田,87,0.913911
nlni_l03b_landuse_by_watershed,https://nlftp.mlit.go.jp/ksj/gml/datalist/KsjTmplt-L03-b.html#L03-b-06,2006,83268-0050,83268,,2,その他の農用地,91,0.955807
nlni_l03b_landuse_by_watershed,https://nlftp.mlit.go.jp/ksj/gml/datalist/KsjTmplt-L03-b.html#L03-b-06,2006,83268-0050,83268,,5,森林,248,2.604956
nlni_l03b_landuse_by_watershed,https://nlftp.mlit.go.jp/ksj/gml/datalist/KsjTmplt-L03-b.html#L03-b-06,2006,83268-0050,83268,,6,荒地,30,0.315113
nlni_l03b_landuse_by_watershed,https://nlftp.mlit.go.jp/ksj/gml/datalist/KsjTmplt-L03-b.html#L03-b-06,2006,83268-0050,83268,,7,建物用地,63,0.661764
nlni_l03b_landuse_by_watershed,https://nlftp.mlit.go.jp/ksj/gml/datalist/KsjTmplt-L03-b.html#L03-b-06,2006,83268-0050,83268,,9,幹線交通用地,12,0.126051
nlni_l03b_landuse_by_watershed,https://nlftp.mlit.go.jp/ksj/gml/datalist/KsjTmplt-L03-b.html#L03-b-06,2006,83268-0050,83268,,A,その他の用地,62,0.651194
nlni_l03b_landuse_by_watershed,https://nlftp.mlit.go.jp/ksj/gml/datalist/KsjTmplt-L03-b.html#L03-b-06,2006,83268-0050,83268,,B,河川地及び湖沼,7,0.073531
nlni_l03b_landuse_by_watershed,https://nlftp.mlit.go.jp/ksj/gml/datalist/KsjTmplt-L03-b.html#L03-b-06,2006,83268-0050,83268,,G,ゴルフ場,42,0.441074
nlni_l03b_landuse_by_watershed,https://nlftp.mlit.go.jp/ksj/gml/datalist/KsjTmplt-L03-b.html#L03-b-06,2006,83268-0051,83268,,1,田,18,0.189047
nlni_l03b_landuse_by_watershed,https://nlftp.mlit.go.jp/ksj/gml/datalist/KsjTmplt-L03-b.html#L03-b-06,2006,83268-0051,83268,,2,その他の農用地,1,0.010503
nlni_l03b_landuse_by_watershed,https://nlftp.mlit.go.jp/ksj/gml/datalist/KsjTmplt-L03-b.html#L03-b-06,2006,83268-0051,83268,,5,森林,158,1.659286
nlni_l03b_landuse_by_watershed,https://nlftp.mlit.go.jp/ksj/gml/datalist/KsjTmplt-L03-b.html#L03-b-06,2006,83268-0051,83268,,6,荒地,4,0.042005
nlni_l03b_landuse_by_watershed,https://nlftp.mlit.go.jp/ksj/gml/datalist/KsjTmplt-L03-b.html#L03-b-06,2006,83268-0051,83268,,7,建物用地,35,0.367613
nlni_l03b_landuse_by_watershed,https://nlftp.mlit.go.jp/ksj/gml/datalist/KsjTmplt-L03-b.html#L03-b-06,2006,83268-0051,83268,,9,幹線交通用地,2,0.021006
nlni_l03b_landuse_by_watershed,https://nlftp.mlit.go.jp/ksj/gml/datalist/KsjTmplt-L03-b.html#L03-b-06,2006,83268-0051,83268,,A,その他の用地,10,0.105029
nlni_l03b_landuse_by_watershed,https://nlftp.mlit.go.jp/ksj/gml/datalist/KsjTmplt-L03-b.html#L03-b-06,2006,83268-0052,83268,,1,田,45,0.472577
nlni_l03b_landuse_by_watershed,https://nlftp.mlit.go.jp/ksj/gml/datalist/KsjTmplt-L03-b.html#L03-b-06,2006,83268-0052,83268,,2,その他の農用地,5,0.05251
nlni_l03b_landuse_by_watershed,https://nlftp.mlit.go.jp/ksj/gml/datalist/KsjTmplt-L03-b.html#L03-b-06,2006,83268-0052,83268,,5,森林,569,5.974269
nlni_l03b_landuse_by_watershed,https://nlftp.mlit.go.jp/ksj/gml/datalist/KsjTmplt-L03-b.html#L03-b-06,2006,83268-0052,83268,,6,荒地,10,0.105001
nlni_l03b_landuse_by_watershed,https://nlftp.mlit.go.jp/ksj/gml/datalist/KsjTmplt-L03-b.html#L03-b-06,2006,83268-0052,83268,,7,建物用地,2,0.021005
nlni_l03b_landuse_by_watershed,https://nlftp.mlit.go.jp/ksj/gml/datalist/KsjTmplt-L03-b.html#L03-b-06,2006,83268-0053,83268,,1,田,17,0.178542
nlni_l03b_landuse_by_watershed,https://nlftp.mlit.go.jp/ksj/gml/datalist/KsjTmplt-L03-b.html#L03-b-06,2006,83268-0053,83268,,2,その他の農用地,7,0.07351
nlni_l03b_landuse_by_watershed,https://nlftp.mlit.go.jp/ksj/gml/datalist/KsjTmplt-L03-b.html#L03-b-06,2006,83268-0053,83268,,5,森林,365,3.832651
nlni_l03b_landuse_by_watershed,https://nlftp.mlit.go.jp/ksj/gml/datalist/KsjTmplt-L03-b.html#L03-b-06,2006,83268-0053,83268,,6,荒地,35,0.367497
nlni_l03b_landuse_by_watershed,https://nlftp.mlit.go.jp/ksj/gml/datalist/KsjTmplt-L03-b.html#L03-b-06,2006,83268-0053,83268,,7,建物用地,3,0.031507
nlni_l03b_landuse_by_watershed,https://nlftp.mlit.go.jp/ksj/gml/datalist/KsjTmplt-L03-b.html#L03-b-06,2006,83268-0053,83268,,A,その他の用地,4,0.042008
nlni_l03b_landuse_by_watershed,https://nlftp.mlit.go.jp/ksj/gml/datalist/KsjTmplt-L03-b.html#L03-b-06,2006,83268-0053,83268,,G,ゴルフ場,14,0.147013
nlni_l03b_landuse_by_watershed,https://nlftp.mlit.go.jp/ksj/gml/datalist/KsjTmplt-L03-b.html#L03-b-06,2006,83268-0054,83268,,1,田,29,0.304562
nlni_l03b_landuse_by_watershed,https://nlftp.mlit.go.jp/ksj/gml/datalist/KsjTmplt-L03-b.html#L03-b-06,2006,83268-0054,83268,,2,その他の農用地,19,0.199539
nlni_l03b_landuse_by_watershed,https://nlftp.mlit.go.jp/ksj/gml/datalist/KsjTmplt-L03-b.html#L03-b-06,2006,83268-0054,83268,,5,森林,310,3.255108
nlni_l03b_landuse_by_watershed,https://nlftp.mlit.go.jp/ksj/gml/datalist/KsjTmplt-L03-b.html#L03-b-06,2006,83268-0054,83268,,6,荒地,2,0.021001
nlni_l03b_landuse_by_watershed,https://nlftp.mlit.go.jp/ksj/gml/datalist/KsjTmplt-L03-b.html#L03-b-06,2006,83268-0054,83268,,7,建物用地,6,0.063011
nlni_l03b_landuse_by_watershed,https://nlftp.mlit.go.jp/ksj/gml/datalist/KsjTmplt-L03-b.html#L03-b-06,2006,83268-0054,83268,,A,その他の用地,3,0.031506
nlni_l03b_landuse_by_watershed,https://nlftp.mlit.go.jp/ksj/gml/datalist/KsjTmplt-L03-b.html#L03-b-06,2006,83268-0054,83268,,B,河川地及び湖沼,1,0.010502
nlni_l03b_landuse_by_watershed,https://nlftp.mlit.go.jp/ksj/gml/datalist/KsjTmplt-L03-b.html#L03-b-06,2006,83268-0054,83268,,G,ゴルフ場,47,0.493562
nlni_l03b_landuse_by_watershed,https://nlftp.mlit.go.jp/ksj/gml/datalist/KsjTmplt-L03-b.html#L03-b-06,2006,83268-0055,83268,,2,その他の農用地,2,0.021007
nlni_l03b_landuse_by_watershed,https://nlftp.mlit.go.jp/ksj/gml/datalist/KsjTmplt-L03-b.html#L03-b-06,2006,83268-0055,83268,,5,森林,15,0.157555
nlni_l03b_landuse_by_watershed,https://nlftp.mlit.go.jp/ksj/gml/datalist/KsjTmplt-L03-b.html#L03-b-06,2006,83268-0056,83268,,1,田,10,0.105034
nlni_l03b_landuse_by_watershed,https://nlftp.mlit.go.jp/ksj/gml/datalist/KsjTmplt-L03-b.html#L03-b-06,2006,83268-0056,83268,,2,その他の農用地,40,0.420144
nlni_l03b_landuse_by_watershed,https://nlftp.mlit.go.jp/ksj/gml/datalist/KsjTmplt-L03-b.html#L03-b-06,2006,83268-0056,83268,,5,森林,1182,12.413284
nlni_l03b_landuse_by_watershed,https://nlftp.mlit.go.jp/ksj/gml/datalist/KsjTmplt-L03-b.html#L03-b-06,2006,83268-0056,83268,,6,荒地,106,1.113131
nlni_l03b_landuse_by_watershed,https://nlftp.mlit.go.jp/ksj/gml/datalist/KsjTmplt-L03-b.html#L03-b-06,2006,83268-0056,83268,,7,建物用地,18,0.189058
nlni_l03b_landuse_by_watershed,https://nlftp.mlit.go.jp/ksj/gml/datalist/KsjTmplt-L03-b.html#L03-b-06,2006,83268-0056,83268,,9,幹線交通用地,3,0.031508
nlni_l03b_landuse_by_watershed,https://nlftp.mlit.go.jp/ksj/gml/datalist/KsjTmplt-L03-b.html#L03-b-06,2006,83268-0056,83268,,A,その他の用地,284,2.982674
nlni_l03b_landuse_by_watershed,https://nlftp.mlit.go.jp/ksj/gml/datalist/KsjTmplt-L03-b.html#L03-b-06,2006,83268-0056,83268,,B,河川地及び湖沼,2,0.021007
nlni_l03b_landuse_by_watershed,https://nlftp.mlit.go.jp/ksj/gml/datalist/KsjTmplt-L03-b.html#L03-b-06,2006,83268-0056,83268,,G,ゴルフ場,138,1.449402
nlni_l03b_landuse_by_watershed,https://nlftp.mlit.go.jp/ksj/gml/datalist/KsjTmplt-L03-b.html#L03-b-06,2006,83268-0057,83268,,1,田,214,2.24837
nlni_l03b_landuse_by_watershed,https://nlftp.mlit.go.jp/ksj/gml/datalist/KsjTmplt-L03-b.html#L03-b-06,2006,83268-0057,83268,,2,その他の農用地,36,0.378224
nlni_l03b_landuse_by_watershed,https://nlftp.mlit.go.jp/ksj/gml/datalist/KsjTmplt-L03-b.html#L03-b-06,2006,83268-0057,83268,,5,森林,10,0.105059
nlni_l03b_landuse_by_watershed,https://nlftp.mlit.go.jp/ksj/gml/datalist/KsjTmplt-L03-b.html#L03-b-06,2006,83268-0057,83268,,7,建物用地,28,0.294181
nlni_l03b_landuse_by_watershed,https://nlftp.mlit.go.jp/ksj/gml/datalist/KsjTmplt-L03-b.html#L03-b-06,2006,83268-0057,83268,,A,その他の用地,3,0.031518
nlni_l03b_landuse_by_watershed,https://nlftp.mlit.go.jp/ksj/gml/datalist/KsjTmplt-L03-b.html#L03-b-06,2006,83268-0057,83268,,B,河川地及び湖沼,1,0.010507
nlni_l03b_landuse_by_watershed,https://nlftp.mlit.go.jp/ksj/gml/datalist/KsjTmplt-L03-b.html#L03-b-06,2006,83268-0057,83268,,G,ゴルフ場,7,0.073542
nlni_l03b_landuse_by_watershed,https://nlftp.mlit.go.jp/ksj/gml/datalist/KsjTmplt-L03-b.html#L03-b-06,2006,83268-0058,83268,,1,田,136,1.428773
nlni_l03b_landuse_by_watershed,https://nlftp.mlit.go.jp/ksj/gml/datalist/KsjTmplt-L03-b.html#L03-b-06,2006,83268-0058,83268,,2,その他の農用地,16,0.168096
nlni_l03b_landuse_by_watershed,https://nlftp.mlit.go.jp/ksj/gml/datalist/KsjTmplt-L03-b.html#L03-b-06,2006,83268-0058,83268,,5,森林,30,0.315157
nlni_l03b_landuse_by_watershed,https://nlftp.mlit.go.jp/ksj/gml/datalist/KsjTmplt-L03-b.html#L03-b-06,2006,83268-0058,83268,,7,建物用地,31,0.325675
nlni_l03b_landuse_by_watershed,https://nlftp.mlit.go.jp/ksj/gml/datalist/KsjTmplt-L03-b.html#L03-b-06,2006,83268-0058,83268,,9,幹線交通用地,1,0.010505
nlni_l03b_landuse_by_watershed,https://nlftp.mlit.go.jp/ksj/gml/datalist/KsjTmplt-L03-b.html#L03-b-06,2006,83268-0058,83268,,A,その他の用地,4,0.042022
nlni_l03b_landuse_by_watershed,https://nlftp.mlit.go.jp/ksj/gml/datalist/KsjTmplt-L03-b.html#L03-b-06,2006,83268-0060,83268,,1,田,168,1.765169
nlni_l03b_landuse_by_watershed,https://nlftp.mlit.go.jp/ksj/gml/datalist/KsjTmplt-L03-b.html#L03-b-06,2006,83268-0060,83268,,2,その他の農用地,5,0.052532
nlni_l03b_landuse_by_watershed,https://nlftp.mlit.go.jp/ksj/gml/datalist/KsjTmplt-L03-b.html#L03-b-06,2006,83268-0060,83268,,5,森林,78,0.819492
nlni_l03b_landuse_by_watershed,https://nlftp.mlit.go.jp/ksj/gml/datalist/KsjTmplt-L03-b.html#L03-b-06,2006,83268-0060,83268,,6,荒地,3,0.031519
nlni_l03b_landuse_by_watershed,https://nlftp.mlit.go.jp/ksj/gml/datalist/KsjTmplt-L03-b.html#L03-b-06,2006,83268-0060,83268,,7,建物用地,47,0.493833
nlni_l03b_landuse_by_watershed,https://nlftp.mlit.go.jp/ksj/gml/datalist/KsjTmplt-L03-b.html#L03-b-06,2006,83268-0060,83268,,A,その他の用地,5,0.052534
nlni_l03b_landuse_by_watershed,https://nlftp.mlit.go.jp/ksj/gml/datalist/KsjTmplt-L03-b.html#L03-b-06,2006,83268-0060,83268,,G,ゴルフ場,36,0.378213
nlni_l03b_landuse_by_watershed,https://nlftp.mlit.go.jp/ksj/gml/datalist/KsjTmplt-L03-b.html#L03-b-06,2006,83268-0061,83268,,1,田,259,2.721462
nlni_l03b_landuse_by_watershed,https://nlftp.mlit.go.jp/ksj/gml/datalist/KsjTmplt-L03-b.html#L03-b-06,2006,83268-0061,83268,,2,その他の農用地,8,0.084057
nlni_l03b_landuse_by_watershed,https://nlftp.mlit.go.jp/ksj/gml/datalist/KsjTmplt-L03-b.html#L03-b-06,2006,83268-0061,83268,,5,森林,95,0.998134
nlni_l03b_landuse_by_watershed,https://nlftp.mlit.go.jp/ksj/gml/datalist/KsjTmplt-L03-b.html#L03-b-06,2006,83268-0061,83268,,6,荒地,11,0.115577
nlni_l03b_landuse_by_watershed,https://nlftp.mlit.go.jp/ksj/gml/datalist/KsjTmplt-L03-b.html#L03-b-06,2006,83268-0061,83268,,7,建物用地,60,0.630449
nlni_l03b_landuse_by_watershed,https://nlftp.mlit.go.jp/ksj/gml/datalist/KsjTmplt-L03-b.html#L03-b-06,2006,83268-0061,83268,,A,その他の用地,21,0.220655
nlni_l03b_landuse_by_watershed,https://nlftp.mlit.go.jp/ksj/gml/datalist/KsjTmplt-L03-b.html#L03-b-06,2006,83268-0061,83268,,B,河川地及び湖沼,1,0.010506
nlni_l03b_landuse_by_watershed,https://nlftp.mlit.go.jp/ksj/gml/datalist/KsjTmplt-L03-b.html#L03-b-06,2006,83268-0061,83268,,G,ゴルフ場,11,0.115567
nlni_l03b_landuse_by_watershed,https://nlftp.mlit.go.jp/ksj/gml/datalist/KsjTmplt-L03-b.html#L03-b-06,2006,83268-0065,83268,,1,田,21,0.220639
nlni_l03b_landuse_by_watershed,https://nlftp.mlit.go.jp/ksj/gml/datalist/KsjTmplt-L03-b.html#L03-b-06,2006,83268-0065,83268,,2,その他の農用地,1,0.010507
nlni_l03b_landuse_by_watershed,https://nlftp.mlit.go.jp/ksj/gml/datalist/KsjTmplt-L03-b.html#L03-b-06,2006,83268-0065,83268,,5,森林,33,0.346717
nlni_l03b_landuse_by_watershed,https://nlftp.mlit.go.jp/ksj/gml/datalist/KsjTmplt-L03-b.html#L03-b-06,2006,83268-0065,83268,,7,建物用地,11,0.115577
nlni_l03b_landuse_by_watershed,https://nlftp.mlit.go.jp/ksj/gml/datalist/KsjTmplt-L03-b.html#L03-b-06,2006,83268-0065,83268,,9,幹線交通用地,5,0.052532
nlni_l03b_landuse_by_watershed,https://nlftp.mlit.go.jp/ksj/gml/datalist/KsjTmplt-L03-b.html#L03-b-06,2006,83268-0065,83268,,B,河川地及び湖沼,3,0.03152
nlni_l03b_landuse_by_watershed,https://nlftp.mlit.go.jp/ksj/gml/datalist/KsjTmplt-L03-b.html#L03-b-06,2006,83268-0065,83268,,G,ゴルフ場,1,0.010506
nlni_l03b_landuse_by_watershed,https://nlftp.mlit.go.jp/ksj/gml/datalist/KsjTmplt-L03-b.html#L03-b-06,2006,83268-0066,83268,,1,田,7,0.073552
nlni_l03b_landuse_by_watershed,https://nlftp.mlit.go.jp/ksj/gml/datalist/KsjTmplt-L03-b.html#L03-b-06,2006,83268-0066,83268,,2,その他の農用地,1,0.010508
nlni_l03b_landuse_by_watershed,https://nlftp.mlit.go.jp/ksj/gml/datalist/KsjTmplt-L03-b.html#L03-b-06,2006,83268-0066,83268,,5,森林,27,0.283709
nlni_l03b_landuse_by_watershed,https://nlftp.mlit.go.jp/ksj/gml/datalist/KsjTmplt-L03-b.html#L03-b-06,2006,83268-0066,83268,,7,建物用地,13,0.136597
nlni_l03b_landuse_by_watershed,https://nlftp.mlit.go.jp/ksj/gml/datalist/KsjTmplt-L03-b.html#L03-b-06,2006,83268-0066,83268,,A,その他の用地,7,0.073555
nlni_l03b_landuse_by_watershed,https://nlftp.mlit.go.jp/ksj/gml/datalist/KsjTmplt-L03-b.html#L03-b-06,2006,83268-0066,83268,,B,河川地及び湖沼,7,0.073553
nlni_l03b_landuse_by_watershed,https://nlftp.mlit.go.jp/ksj/gml/datalist/KsjTmplt-L03-b.html#L03-b-06,2006,83268-0067,83268,,1,田,13,0.136609
nlni_l03b_landuse_by_watershed,https://nlftp.mlit.go.jp/ksj/gml/datalist/KsjTmplt-L03-b.html#L03-b-06,2006,83268-0067,83268,,2,その他の農用地,4,0.042036
nlni_l03b_landuse_by_watershed,https://nlftp.mlit.go.jp/ksj/gml/datalist/KsjTmplt-L03-b.html#L03-b-06,2006,83268-0067,83268,,5,森林,267,2.80618
nlni_l03b_landuse_by_watershed,https://nlftp.mlit.go.jp/ksj/gml/datalist/KsjTmplt-L03-b.html#L03-b-06,2006,83268-0067,83268,,6,荒地,2,0.021019
nlni_l03b_landuse_by_watershed,https://nlftp.mlit.go.jp/ksj/gml/datalist/KsjTmplt-L03-b.html#L03-b-06,2006,83268-0067,83268,,A,その他の用地,1,0.010509
nlni_l03b_landuse_by_watershed,https://nlftp.mlit.go.jp/ksj/gml/datalist/KsjTmplt-L03-b.html#L03-b-06,2006,83268-0067,83268,,G,ゴルフ場,56,0.5885
nlni_l03b_landuse_by_watershed,https://nlftp.mlit.go.jp/ksj/gml/datalist/KsjTmplt-L03-b.html#L03-b-06,2006,83268-0068,83268,,1,田,25,0.262716
nlni_l03b_landuse_by_watershed,https://nlftp.mlit.go.jp/ksj/gml/datalist/KsjTmplt-L03-b.html#L03-b-06,2006,83268-0068,83268,,2,その他の農用地,8,0.084073
nlni_l03b_landuse_by_watershed,https://nlftp.mlit.go.jp/ksj/gml/datalist/KsjTmplt-L03-b.html#L03-b-06,2006,83268-0068,83268,,5,森林,94,0.987827
nlni_l03b_landuse_by_watershed,https://nlftp.mlit.go.jp/ksj/gml/datalist/KsjTmplt-L03-b.html#L03-b-06,2006,83268-0068,83268,,6,荒地,2,0.021018
nlni_l03b_landuse_by_watershed,https://nlftp.mlit.go.jp/ksj/gml/datalist/KsjTmplt-L03-b.html#L03-b-06,2006,83268-0068,83268,,7,建物用地,8,0.084068
nlni_l03b_landuse_by_watershed,https://nlftp.mlit.go.jp/ksj/gml/datalist/KsjTmplt-L03-b.html#L03-b-06,2006,83268-0068,83268,,9,幹線交通用地,10,0.105085
nlni_l03b_landuse_by_watershed,https://nlftp.mlit.go.jp/ksj/gml/datalist/KsjTmplt-L03-b.html#L03-b-06,2006,83268-0068,83268,,A,その他の用地,2,0.021017
nlni_l03b_landuse_by_watershed,https://nlftp.mlit.go.jp/ksj/gml/datalist/KsjTmplt-L03-b.html#L03-b-06,2006,83268-0068,83268,,B,河川地及び湖沼,2,0.021017
nlni_l03b_landuse_by_watershed,https://nlftp.mlit.go.jp/ksj/gml/datalist/KsjTmplt-L03-b.html#L03-b-06,2006,83268-0069,83268,,1,田,73,0.767145
nlni_l03b_landuse_by_watershed,https://nlftp.mlit.go.jp/ksj/gml/datalist/KsjTmplt-L03-b.html#L03-b-06,2006,83268-0069,83268,,2,その他の農用地,4,0.042036
nlni_l03b_landuse_by_watershed,https://nlftp.mlit.go.jp/ksj/gml/datalist/KsjTmplt-L03-b.html#L03-b-06,2006,83268-0069,83268,,5,森林,30,0.31526
nlni_l03b_landuse_by_watershed,https://nlftp.mlit.go.jp/ksj/gml/datalist/KsjTmplt-L03-b.html#L03-b-06,2006,83268-0069,83268,,6,荒地,6,0.063048
nlni_l03b_landuse_by_watershed,https://nlftp.mlit.go.jp/ksj/gml/datalist/KsjTmplt-L03-b.html#L03-b-06,2006,83268-0069,83268,,7,建物用地,26,0.273249
nlni_l03b_landuse_by_watershed,https://nlftp.mlit.go.jp/ksj/gml/datalist/KsjTmplt-L03-b.html#L03-b-06,2006,83268-0069,83268,,A,その他の用地,8,0.084072
nlni_l03b_landuse_by_watershed,https://nlftp.mlit.go.jp/ksj/gml/datalist/KsjTmplt-L03-b.html#L03-b-06,2006,83268-0070,83268,,1,田,7,0.073565
nlni_l03b_landuse_by_watershed,https://nlftp.mlit.go.jp/ksj/gml/datalist/KsjTmplt-L03-b.html#L03-b-06,2006,83268-0070,83268,,2,その他の農用地,3,0.031529
nlni_l03b_landuse_by_watershed,https://nlftp.mlit.go.jp/ksj/gml/datalist/KsjTmplt-L03-b.html#L03-b-06,2006,83268-0070,83268,,5,森林,278,2.922166
nlni_l03b_landuse_by_watershed,https://nlftp.mlit.go.jp/ksj/gml/datalist/KsjTmplt-L03-b.html#L03-b-06,2006,83268-0070,83268,,6,荒地,12,0.126145
nlni_l03b_landuse_by_watershed,https://nlftp.mlit.go.jp/ksj/gml/datalist/KsjTmplt-L03-b.html#L03-b-06,2006,83268-0071,83268,,1,田,11,0.115606
nlni_l03b_landuse_by_watershed,https://nlftp.mlit.go.jp/ksj/gml/datalist/KsjTmplt-L03-b.html#L03-b-06,2006,83268-0071,83268,,2,その他の農用地,3,0.031529
nlni_l03b_landuse_by_watershed,https://nlftp.mlit.go.jp/ksj/gml/datalist/KsjTmplt-L03-b.html#L03-b-06,2006,83268-0071,83268,,5,森林,205,2.154716
nlni_l03b_landuse_by_watershed,https://nlftp.mlit.go.jp/ksj/gml/datalist/KsjTmplt-L03-b.html#L03-b-06,2006,83268-0071,83268,,6,荒地,3,0.031533
nlni_l03b_landuse_by_watershed,https://nlftp.mlit.go.jp/ksj/gml/datalist/KsjTmplt-L03-b.html#L03-b-06,2006,83268-0071,83268,,9,幹線交通用地,31,0.325798
nlni_l03b_landuse_by_watershed,https://nlftp.mlit.go.jp/ksj/gml/datalist/KsjTmplt-L03-b.html#L03-b-06,2006,83268-0071,83268,,A,その他の用地,7,0.07357
nlni_l03b_landuse_by_watershed,https://nlftp.mlit.go.jp/ksj/gml/datalist/KsjTmplt-L03-b.html#L03-b-06,2006,83268-0071,83268,,B,河川地及び湖沼,2,0.02102
nlni_l03b_landuse_by_watershed,https://nlftp.mlit.go.jp/ksj/gml/datalist/KsjTmplt-L03-b.html#L03-b-06,2006,83268-0071,83268,,G,ゴルフ場,60,0.630617
nlni_l03b_landuse_by_watershed,https://nlftp.mlit.go.jp/ksj/gml/datalist/KsjTmplt-L03-b.html#L03-b-06,2006,83268-0072,83268,,1,田,29,0.304852
nlni_l03b_landuse_by_watershed,https://nlftp.mlit.go.jp/ksj/gml/datalist/KsjTmplt-L03-b.html#L03-b-06,2006,83268-0072,83268,,2,その他の農用地,40,0.420482
nlni_l03b_landuse_by_watershed,https://nlftp.mlit.go.jp/ksj/gml/datalist/KsjTmplt-L03-b.html#L03-b-06,2006,83268-0072,83268,,5,森林,484,5.088145
nlni_l03b_landuse_by_watershed,https://nlftp.mlit.go.jp/ksj/gml/datalist/KsjTmplt-L03-b.html#L03-b-06,2006,83268-0072,83268,,6,荒地,35,0.367964
nlni_l03b_landuse_by_watershed,https://nlftp.mlit.go.jp/ksj/gml/datalist/KsjTmplt-L03-b.html#L03-b-06,2006,83268-0072,83268,,7,建物用地,36,0.378436
nlni_l03b_landuse_by_watershed,https://nlftp.mlit.go.jp/ksj/gml/datalist/KsjTmplt-L03-b.html#L03-b-06,2006,83268-0072,83268,,9,幹線交通用地,20,0.210238
nlni_l03b_landuse_by_watershed,https://nlftp.mlit.go.jp/ksj/gml/datalist/KsjTmplt-L03-b.html#L03-b-06,2006,83268-0072,83268,,A,その他の用地,18,0.189209
nlni_l03b_landuse_by_watershed,https://nlftp.mlit.go.jp/ksj/gml/datalist/KsjTmplt-L03-b.html#L03-b-06,2006,83268-0072,83268,,B,河川地及び湖沼,7,0.073588
nlni_l03b_landuse_by_watershed,https://nlftp.mlit.go.jp/ksj/gml/datalist/KsjTmplt-L03-b.html#L03-b-06,2006,83268-0072,83268,,G,ゴルフ場,59,0.620199
nlni_l03b_landuse_by_watershed,https://nlftp.mlit.go.jp/ksj/gml/datalist/KsjTmplt-L03-b.html#L03-b-06,2006,83268-0073,83268,,1,田,113,1.187704
nlni_l03b_landuse_by_watershed,https://nlftp.mlit.go.jp/ksj/gml/datalist/KsjTmplt-L03-b.html#L03-b-06,2006,83268-0073,83268,,2,その他の農用地,20,0.210219
nlni_l03b_landuse_by_watershed,https://nlftp.mlit.go.jp/ksj/gml/datalist/KsjTmplt-L03-b.html#L03-b-06,2006,83268-0073,83268,,5,森林,27,0.283779
nlni_l03b_landuse_by_watershed,https://nlftp.mlit.go.jp/ksj/gml/datalist/KsjTmplt-L03-b.html#L03-b-06,2006,83268-0073,83268,,6,荒地,2,0.021022
nlni_l03b_landuse_by_watershed,https://nlftp.mlit.go.jp/ksj/gml/datalist/KsjTmplt-L03-b.html#L03-b-06,2006,83268-0073,83268,,7,建物用地,99,1.040603
nlni_l03b_landuse_by_watershed,https://nlftp.mlit.go.jp/ksj/gml/datalist/KsjTmplt-L03-b.html#L03-b-06,2006,83268-0073,83268,,9,幹線交通用地,35,0.367894
nlni_l03b_landuse_by_watershed,https://nlftp.mlit.go.jp/ksj/gml/datalist/KsjTmplt-L03-b.html#L03-b-06,2006,83268-0073,83268,,A,その他の用地,12,0.126136
nlni_l03b_landuse_by_watershed,https://nlftp.mlit.go.jp/ksj/gml/datalist/KsjTmplt-L03-b.html#L03-b-06,2006,83268-0073,83268,,B,河川地及び湖沼,2,0.02102
nlni_l03b_landuse_by_watershed,https://nlftp.mlit.go.jp/ksj/gml/datalist/KsjTmplt-L03-b.html#L03-b-06,2006,83268-0074,83268,酒匂川,1,田,1,0.010491
nlni_l03b_landuse_by_watershed,https://nlftp.mlit.go.jp/ksj/gml/datalist/KsjTmplt-L03-b.html#L03-b-06,2006,83268-0074,83268,酒匂川,2,その他の農用地,9,0.094429
nlni_l03b_landuse_by_watershed,https://nlftp.mlit.go.jp/ksj/gml/datalist/KsjTmplt-L03-b.html#L03-b-06,2006,83268-0074,83268,酒匂川,5,森林,3837,40.250677
nlni_l03b_landuse_by_watershed,https://nlftp.mlit.go.jp/ksj/gml/datalist/KsjTmplt-L03-b.html#L03-b-06,2006,83268-0074,83268,酒匂川,6,荒地,9,0.094424
nlni_l03b_landuse_by_watershed,https://nlftp.mlit.go.jp/ksj/gml/datalist/KsjTmplt-L03-b.html#L03-b-06,2006,83268-0074,83268,酒匂川,7,建物用地,19,0.199366
nlni_l03b_landuse_by_watershed,https://nlftp.mlit.go.jp/ksj/gml/datalist/KsjTmplt-L03-b.html#L03-b-06,2006,83268-0074,83268,酒匂川,A,その他の用地,18,0.188882
nlni_l03b_landuse_by_watershed,https://nlftp.mlit.go.jp/ksj/gml/datalist/KsjTmplt-L03-b.html#L03-b-06,2006,83268-0074,83268,酒匂川,B,河川地及び湖沼,110,1.154252
nlni_l03b_landuse_by_watershed,https://nlftp.mlit.go.jp/ksj/gml/datalist/KsjTmplt-L03-b.html#L03-b-06,2006,83268-0075,83268,酒匂川,2,その他の農用地,3,0.031514
nlni_l03b_landuse_by_watershed,https://nlftp.mlit.go.jp/ksj/gml/datalist/KsjTmplt-L03-b.html#L03-b-06,2006,83268-0075,83268,酒匂川,5,森林,8,0.084035
nlni_l03b_landuse_by_watershed,https://nlftp.mlit.go.jp/ksj/gml/datalist/KsjTmplt-L03-b.html#L03-b-06,2006,83268-0075,83268,酒匂川,7,建物用地,2,0.021009
nlni_l03b_landuse_by_watershed,https://nlftp.mlit.go.jp/ksj/gml/datalist/KsjTmplt-L03-b.html#L03-b-06,2006,83268-0075,83268,酒匂川,A,その他の用地,8,0.084035
nlni_l03b_landuse_by_watershed,https://nlftp.mlit.go.jp/ksj/gml/datalist/KsjTmplt-L03-b.html#L03-b-06,2006,83268-0075,83268,酒匂川,B,河川地及び湖沼,8,0.084036
nlni_l03b_landuse_by_watershed,https://nlftp.mlit.go.jp/ksj/gml/datalist/KsjTmplt-L03-b.html#L03-b-06,2006,83268-0076,83268,酒匂川,2,その他の農用地,19,0.199609
nlni_l03b_landuse_by_watershed,https://nlftp.mlit.go.jp/ksj/gml/datalist/KsjTmplt-L03-b.html#L03-b-06,2006,83268-0076,83268,酒匂川,7,建物用地,5,0.052526
nlni_l03b_landuse_by_watershed,https://nlftp.mlit.go.jp/ksj/gml/datalist/KsjTmplt-L03-b.html#L03-b-06,2006,83268-0076,83268,酒匂川,A,その他の用地,6,0.063036
nlni_l03b_landuse_by_watershed,https://nlftp.mlit.go.jp/ksj/gml/datalist/KsjTmplt-L03-b.html#L03-b-06,2006,83268-0076,83268,酒匂川,B,河川地及び湖沼,10,0.105054
nlni_l03b_landuse_by_watershed,https://nlftp.mlit.go.jp/ksj/gml/datalist/KsjTmplt-L03-b.html#L03-b-06,2006,83268-0077,83268,,1,田,39,0.409602
nlni_l03b_landuse_by_watershed,https://nlftp.mlit.go.jp/ksj/gml/datalist/KsjTmplt-L03-b.html#L03-b-06,2006,83268-0077,83268,,2,その他の農用地,11,0.115535
nlni_l03b_landuse_by_watershed,https://nlftp.mlit.go.jp/ksj/gml/datalist/KsjTmplt-L03-b.html#L03-b-06,2006,83268-0077,83268,,5,森林,551,5.785501
nlni_l03b_landuse_by_watershed,https://nlftp.mlit.go.jp/ksj/gml/datalist/KsjTmplt-L03-b.html#L03-b-06,2006,83268-0077,83268,,6,荒地,30,0.315031
nlni_l03b_landuse_by_watershed,https://nlftp.mlit.go.jp/ksj/gml/datalist/KsjTmplt-L03-b.html#L03-b-06,2006,83268-0077,83268,,7,建物用地,7,0.073518
nlni_l03b_landuse_by_watershed,https://nlftp.mlit.go.jp/ksj/gml/datalist/KsjTmplt-L03-b.html#L03-b-06,2006,83268-0077,83268,,A,その他の用地,34,0.357063
nlni_l03b_landuse_by_watershed,https://nlftp.mlit.go.jp/ksj/gml/datalist/KsjTmplt-L03-b.html#L03-b-06,2006,83268-0079,83268,,1,田,205,2.154227
nlni_l03b_landuse_by_watershed,https://nlftp.mlit.go.jp/ksj/gml/datalist/KsjTmplt-L03-b.html#L03-b-06,2006,83268-0079,83268,,2,その他の農用地,1,0.010508
nlni_l03b_landuse_by_watershed,https://nlftp.mlit.go.jp/ksj/gml/datalist/KsjTmplt-L03-b.html#L03-b-06,2006,83268-0079,83268,,5,森林,1,0.010508
nlni_l03b_landuse_by_watershed,https://nlftp.mlit.go.jp/ksj/gml/datalist/KsjTmplt-L03-b.html#L03-b-06,2006,83268-0079,83268,,7,建物用地,52,0.546446
nlni_l03b_landuse_by_watershed,https://nlftp.mlit.go.jp/ksj/gml/datalist/KsjTmplt-L03-b.html#L03-b-06,2006,83268-0079,83268,,A,その他の用地,5,0.052545
nlni_l03b_landuse_by_watershed,https://nlftp.mlit.go.jp/ksj/gml/datalist/KsjTmplt-L03-b.html#L03-b-06,2006,83268-0080,83268,酒匂川,2,その他の農用地,4,0.042037
nlni_l03b_landuse_by_watershed,https://nlftp.mlit.go.jp/ksj/gml/datalist/KsjTmplt-L03-b.html#L03-b-06,2006,83268-0080,83268,酒匂川,7,建物用地,6,0.063056
nlni_l03b_landuse_by_watershed,https://nlftp.mlit.go.jp/ksj/gml/datalist/KsjTmplt-L03-b.html#L03-b-06,2006,83268-0080,83268,酒匂川,A,その他の用地,1,0.010509
nlni_l03b_landuse_by_watershed,https://nlftp.mlit.go.jp/ksj/gml/datalist/KsjTmplt-L03-b.html#L03-b-06,2006,83268-0080,83268,酒匂川,B,河川地及び湖沼,1,0.010509
nlni_l03b_landuse_by_watershed,https://nlftp.mlit.go.jp/ksj/gml/datalist/KsjTmplt-L03-b.html#L03-b-06,2006,83544-0045,83544,,5,森林,1,0.010469
nlni_l03b_landuse_by_watershed,https://nlftp.mlit.go.jp/ksj/gml/datalist/KsjTmplt-L03-b.html#L03-b-06,2006,83544-0045,83544,,7,建物用地,877,9.181721
nlni_l03b_landuse_by_watershed,https://nlftp.mlit.go.jp/ksj/gml/datalist/KsjTmplt-L03-b.html#L03-b-06,2006,83544-0045,83544,,9,幹線交通用地,128,1.340128
nlni_l03b_landuse_by_watershed,https://nlftp.mlit.go.jp/ksj/gml/datalist/KsjTmplt-L03-b.html#L03-b-06,2006,83544-0045,83544,,A,その他の用地,17,0.177989
nlni_l03b_landuse_by_watershed,https://nlftp.mlit.go.jp/ksj/gml/datalist/KsjTmplt-L03-b.html#L03-b-06,2006,83544-0045,83544,,B,河川地及び湖沼,1,0.010471
nlni_l03b_landuse_by_watershed,https://nlftp.mlit.go.jp/ksj/gml/datalist/KsjTmplt-L03-b.html#L03-b-06,2006,83544-0046,83544,,7,建物用地,576,6.02965
nlni_l03b_landuse_by_watershed,https://nlftp.mlit.go.jp/ksj/gml/datalist/KsjTmplt-L03-b.html#L03-b-06,2006,83544-0046,83544,,9,幹線交通用地,12,0.125613
nlni_l03b_landuse_by_watershed,https://nlftp.mlit.go.jp/ksj/gml/datalist/KsjTmplt-L03-b.html#L03-b-06,2006,83544-0046,83544,,A,その他の用地,21,0.219825
nlni_l03b_landuse_by_watershed,https://nlftp.mlit.go.jp/ksj/gml/datalist/KsjTmplt-L03-b.html#L03-b-06,2006,83544-0047,83544,,5,森林,1,0.010465
nlni_l03b_landuse_by_watershed,https://nlftp.mlit.go.jp/ksj/gml/datalist/KsjTmplt-L03-b.html#L03-b-06,2006,83544-0047,83544,,7,建物用地,237,2.480521
nlni_l03b_landuse_by_watershed,https://nlftp.mlit.go.jp/ksj/gml/datalist/KsjTmplt-L03-b.html#L03-b-06,2006,83544-0047,83544,,9,幹線交通用地,29,0.303525
nlni_l03b_landuse_by_watershed,https://nlftp.mlit.go.jp/ksj/gml/datalist/KsjTmplt-L03-b.html#L03-b-06,2006,83544-0047,83544,,A,その他の用地,22,0.230245
nlni_l03b_landuse_by_watershed,https://nlftp.mlit.go.jp/ksj/gml/datalist/KsjTmplt-L03-b.html#L03-b-06,2006,83544-0047,83544,,B,河川地及び湖沼,1,0.010467
nlni_l03b_landuse_by_watershed,https://nlftp.mlit.go.jp/ksj/gml/datalist/KsjTmplt-L03-b.html#L03-b-06,2006,83544-0050,83544,,7,建物用地,864,9.04746
nlni_l03b_landuse_by_watershed,https://nlftp.mlit.go.jp/ksj/gml/datalist/KsjTmplt-L03-b.html#L03-b-06,2006,83544-0050,83544,,9,幹線交通用地,57,0.596883
nlni_l03b_landuse_by_watershed,https://nlftp.mlit.go.jp/ksj/gml/datalist/KsjTmplt-L03-b.html#L03-b-06,2006,83544-0050,83544,,A,その他の用地,18,0.188492
nlni_l03b_landuse_by_watershed,https://nlftp.mlit.go.jp/ksj/gml/datalist/KsjTmplt-L03-b.html#L03-b-06,2006,83544-0050,83544,,B,河川地及び湖沼,1,0.01047
nlni_l03b_landuse_by_watershed,https://nlftp.mlit.go.jp/ksj/gml/datalist/KsjTmplt-L03-b.html#L03-b-06,2006,83544-0051,83544,,5,森林,4,0.0419
nlni_l03b_landuse_by_watershed,https://nlftp.mlit.go.jp/ksj/gml/datalist/KsjTmplt-L03-b.html#L03-b-06,2006,83544-0051,83544,,7,建物用地,1702,17.830152
nlni_l03b_landuse_by_watershed,https://nlftp.mlit.go.jp/ksj/gml/datalist/KsjTmplt-L03-b.html#L03-b-06,2006,83544-0051,83544,,9,幹線交通用地,45,0.471316
nlni_l03b_landuse_by_watershed,https://nlftp.mlit.go.jp/ksj/gml/datalist/KsjTmplt-L03-b.html#L03-b-06,2006,83544-0051,83544,,A,その他の用地,64,0.670464
nlni_l03b_landuse_by_watershed,https://nlftp.mlit.go.jp/ksj/gml/datalist/KsjTmplt-L03-b.html#L03-b-06,2006,83544-0051,83544,,B,河川地及び湖沼,9,0.094274
nlni_l03b_landuse_by_watershed,https://nlftp.mlit.go.jp/ksj/gml/datalist/KsjTmplt-L03-b.html#L03-b-06,2006,83544-0051,83544,,F,海水域,1,0.010478
nlni_l03b_landuse_by_watershed,https://nlftp.mlit.go.jp/ksj/gml/datalist/KsjTmplt-L03-b.html#L03-b-06,2006,83544-0052,83544,,7,建物用地,188,1.968687
nlni_l03b_landuse_by_watershed,https://nlftp.mlit.go.jp/ksj/gml/datalist/KsjTmplt-L03-b.html#L03-b-06,2006,83544-0052,83544,,9,幹線交通用地,3,0.031414
nlni_l03b_landuse_by_watershed,https://nlftp.mlit.go.jp/ksj/gml/datalist/KsjTmplt-L03-b.html#L03-b-06,2006,83544-0052,83544,,A,その他の用地,2,0.020944
nlni_l03b_landuse_by_watershed,https://nlftp.mlit.go.jp/ksj/gml/datalist/KsjTmplt-L03-b.html#L03-b-06,2006,83544-0053,83544,,7,建物用地,603,6.313523
nlni_l03b_landuse_by_watershed,https://nlftp.mlit.go.jp/ksj/gml/datalist/KsjTmplt-L03-b.html#L03-b-06,2006,83544-0053,83544,,9,幹線交通用地,30,0.314096
nlni_l03b_landuse_by_watershed,https://nlftp.mlit.go.jp/ksj/gml/datalist/KsjTmplt-L03-b.html#L03-b-06,2006,83544-0053,83544,,A,その他の用地,41,0.429264
nlni_l03b_landuse_by_watershed,https://nlftp.mlit.go.jp/ksj/gml/datalist/KsjTmplt-L03-b.html#L03-b-06,2006,83544-0054,83544,滝の川,2,その他の農用地,23,0.241227
nlni_l03b_landuse_by_watershed,https://nlftp.mlit.go.jp/ksj/gml/datalist/KsjTmplt-L03-b.html#L03-b-06,2006,83544-0054,83544,滝の川,5,森林,24,0.251731
nlni_l03b_landuse_by_watershed,https://nlftp.mlit.go.jp/ksj/gml/datalist/KsjTmplt-L03-b.html#L03-b-06,2006,83544-0054,83544,滝の川,7,建物用地,661,6.932787
nlni_l03b_landuse_by_watershed,https://nlftp.mlit.go.jp/ksj/gml/datalist/KsjTmplt-L03-b.html#L03-b-06,2006,83544-0054,83544,滝の川,9,幹線交通用地,46,0.482493
nlni_l03b_landuse_by_watershed,https://nlftp.mlit.go.jp/ksj/gml/datalist/KsjTmplt-L03-b.html#L03-b-06,2006,83544-0054,83544,滝の川,A,その他の用地,97,1.017384
nlni_l03b_landuse_by_watershed,https://nlftp.mlit.go.jp/ksj/gml/datalist/KsjTmplt-L03-b.html#L03-b-06,2006,83544-0054,83544,滝の川,B,河川地及び湖沼,1,0.010489
nlni_l03b_landuse_by_watershed,https://nlftp.mlit.go.jp/ksj/gml/datalist/KsjTmplt-L03-b.html#L03-b-06,2006,83544-0054,83544,滝の川,E,海浜,1,0.010489
nlni_l03b_landuse_by_watershed,https://nlftp.mlit.go.jp/ksj/gml/datalist/KsjTmplt-L03-b.html#L03-b-06,2006,83544-0054,83544,滝の川,F,海水域,3,0.03147
nlni_l03b_landuse_by_watershed,https://nlftp.mlit.go.jp/ksj/gml/datalist/KsjTmplt-L03-b.html#L03-b-06,2006,83544-0055,83544,帷子川,5,森林,2,0.020981
nlni_l03b_landuse_by_watershed,https://nlftp.mlit.go.jp/ksj/gml/datalist/KsjTmplt-L03-b.html#L03-b-06,2006,83544-0055,83544,帷子川,7,建物用地,411,4.31183
nlni_l03b_landuse_by_watershed,https://nlftp.mlit.go.jp/ksj/gml/datalist/KsjTmplt-L03-b.html#L03-b-06,2006,83544-0055,83544,帷子川,9,幹線交通用地,51,0.535022
nlni_l03b_landuse_by_watershed,https://nlftp.mlit.go.jp/ksj/gml/datalist/KsjTmplt-L03-b.html#L03-b-06,2006,83544-0055,83544,帷子川,A,その他の用地,42,0.440643
nlni_l03b_landuse_by_watershed,https://nlftp.mlit.go.jp/ksj/gml/datalist/KsjTmplt-L03-b.html#L03-b-06,2006,83544-0055,83544,帷子川,B,河川地及び湖沼,11,0.115401
nlni_l03b_landuse_by_watershed,https://nlftp.mlit.go.jp/ksj/gml/datalist/KsjTmplt-L03-b.html#L03-b-06,2006,83544-0055,83544,帷子川,E,海浜,2,0.020981
nlni_l03b_landuse_by_watershed,https://nlftp.mlit.go.jp/ksj/gml/datalist/KsjTmplt-L03-b.html#L03-b-06,2006,83544-0055,83544,帷子川,F,海水域,1,0.01049
nlni_l03b_landuse_by_watershed,https://nlftp.mlit.go.jp/ksj/gml/datalist/KsjTmplt-L03-b.html#L03-b-06,2006,83544-0056,83544,帷子川,2,その他の農用地,9,0.094434
nlni_l03b_landuse_by_watershed,https://nlftp.mlit.go.jp/ksj/gml/datalist/KsjTmplt-L03-b.html#L03-b-06,2006,83544-0056,83544,帷子川,5,森林,37,0.388243
nlni_l03b_landuse_by_watershed,https://nlftp.mlit.go.jp/ksj/gml/datalist/KsjTmplt-L03-b.html#L03-b-06,2006,83544-0056,83544,帷子川,7,建物用地,481,5.047027
nlni_l03b_landuse_by_watershed,https://nlftp.mlit.go.jp/ksj/gml/datalist/KsjTmplt-L03-b.html#L03-b-06,2006,83544-0056,83544,帷子川,9,幹線交通用地,75,0.786954
nlni_l03b_landuse_by_watershed,https://nlftp.mlit.go.jp/ksj/gml/datalist/KsjTmplt-L03-b.html#L03-b-06,2006,83544-0056,83544,帷子川,A,その他の用地,85,0.891918
nlni_l03b_landuse_by_watershed,https://nlftp.mlit.go.jp/ksj/gml/datalist/KsjTmplt-L03-b.html#L03-b-06,2006,83544-0056,83544,帷子川,B,河川地及び湖沼,3,0.031477
nlni_l03b_landuse_by_watershed,https://nlftp.mlit.go.jp/ksj/gml/datalist/KsjTmplt-L03-b.html#L03-b-06,2006,83544-0056,83544,帷子川,G,ゴルフ場,55,0.577094
nlni_l03b_landuse_by_watershed,https://nlftp.mlit.go.jp/ksj/gml/datalist/KsjTmplt-L03-b.html#L03-b-06,2006,83544-0057,83544,帷子川,2,その他の農用地,93,0.975412
nlni_l03b_landuse_by_watershed,https://nlftp.mlit.go.jp/ksj/gml/datalist/KsjTmplt-L03-b.html#L03-b-06,2006,83544-0057,83544,帷子川,5,森林,191,2.003485
nlni_l03b_landuse_by_watershed,https://nlftp.mlit.go.jp/ksj/gml/datalist/KsjTmplt-L03-b.html#L03-b-06,2006,83544-0057,83544,帷子川,6,荒地,4,0.041947
nlni_l03b_landuse_by_watershed,https://nlftp.mlit.go.jp/ksj/gml/datalist/KsjTmplt-L03-b.html#L03-b-06,2006,83544-0057,83544,帷子川,7,建物用地,1414,14.831647
nlni_l03b_landuse_by_watershed,https://nlftp.mlit.go.jp/ksj/gml/datalist/KsjTmplt-L03-b.html#L03-b-06,2006,83544-0057,83544,帷子川,9,幹線交通用地,53,0.555973
nlni_l03b_landuse_by_watershed,https://nlftp.mlit.go.jp/ksj/gml/datalist/KsjTmplt-L03-b.html#L03-b-06,2006,83544-0057,83544,帷子川,A,その他の用地,224,2.349679
nlni_l03b_landuse_by_watershed,https://nlftp.mlit.go.jp/ksj/gml/datalist/KsjTmplt-L03-b.html#L03-b-06,2006,83544-0057,83544,帷子川,B,河川地及び湖沼,21,0.220296
nlni_l03b_landuse_by_watershed,https://nlftp.mlit.go.jp/ksj/gml/datalist/KsjTmplt-L03-b.html#L03-b-06,2006,83544-0057,83544,帷子川,G,ゴルフ場,1,0.010486
nlni_l03b_landuse_by_watershed,https://nlftp.mlit.go.jp/ksj/gml/datalist/KsjTmplt-L03-b.html#L03-b-06,2006,83544-0058,83544,帷子川,2,その他の農用地,11,0.115405
nlni_l03b_landuse_by_watershed,https://nlftp.mlit.go.jp/ksj/gml/datalist/KsjTmplt-L03-b.html#L03-b-06,2006,83544-0058,83544,帷子川,5,森林,58,0.608529
nlni_l03b_landuse_by_watershed,https://nlftp.mlit.go.jp/ksj/gml/datalist/KsjTmplt-L03-b.html#L03-b-06,2006,83544-0058,83544,帷子川,7,建物用地,691,7.24916
nlni_l03b_landuse_by_watershed,https://nlftp.mlit.go.jp/ksj/gml/datalist/KsjTmplt-L03-b.html#L03-b-06,2006,83544-0058,83544,帷子川,9,幹線交通用地,37,0.388165
nlni_l03b_landuse_by_watershed,https://nlftp.mlit.go.jp/ksj/gml/datalist/KsjTmplt-L03-b.html#L03-b-06,2006,83544-0058,83544,帷子川,A,その他の用地,56,0.587497
nlni_l03b_landuse_by_watershed,https://nlftp.mlit.go.jp/ksj/gml/datalist/KsjTmplt-L03-b.html#L03-b-06,2006,83544-0058,83544,帷子川,B,河川地及び湖沼,1,0.010492
nlni_l03b_landuse_by_watershed,https://nlftp.mlit.go.jp/ksj/gml/datalist/KsjTmplt-L03-b.html#L03-b-06,2006,83544-0058,83544,帷子川,G,ゴルフ場,25,0.262314
nlni_l03b_landuse_by_watershed,https://nlftp.mlit.go.jp/ksj/gml/datalist/KsjTmplt-L03-b.html#L03-b-06,2006,83544-0059,83544,帷子川,1,田,3,0.031458
nlni_l03b_landuse_by_watershed,https://nlftp.mlit.go.jp/ksj/gml/datalist/KsjTmplt-L03-b.html#L03-b-06,2006,83544-0059,83544,帷子川,2,その他の農用地,163,1.709371
nlni_l03b_landuse_by_watershed,https://nlftp.mlit.go.jp/ksj/gml/datalist/KsjTmplt-L03-b.html#L03-b-06,2006,83544-0059,83544,帷子川,5,森林,268,2.810512
nlni_l03b_landuse_by_watershed,https://nlftp.mlit.go.jp/ksj/gml/datalist/KsjTmplt-L03-b.html#L03-b-06,2006,83544-0059,83544,帷子川,6,荒地,16,0.167766
nlni_l03b_landuse_by_watershed,https://nlftp.mlit.go.jp/ksj/gml/datalist/KsjTmplt-L03-b.html#L03-b-06,2006,83544-0059,83544,帷子川,7,建物用地,658,6.900989
nlni_l03b_landuse_by_watershed,https://nlftp.mlit.go.jp/ksj/gml/datalist/KsjTmplt-L03-b.html#L03-b-06,2006,83544-0059,83544,帷子川,9,幹線交通用地,56,0.587267
nlni_l03b_landuse_by_watershed,https://nlftp.mlit.go.jp/ksj/gml/datalist/KsjTmplt-L03-b.html#L03-b-06,2006,83544-0059,83544,帷子川,A,その他の用地,170,1.782704
nlni_l03b_landuse_by_watershed,https://nlftp.mlit.go.jp/ksj/gml/datalist/KsjTmplt-L03-b.html#L03-b-06,2006,83544-0059,83544,帷子川,B,河川地及び湖沼,2,0.020973
nlni_l03b_landuse_by_watershed,https://nlftp.mlit.go.jp/ksj/gml/datalist/KsjTmplt-L03-b.html#L03-b-06,2006,83544-0059,83544,帷子川,E,海浜,5,0.052438
nlni_l03b_landuse_by_watershed,https://nlftp.mlit.go.jp/ksj/gml/datalist/KsjTmplt-L03-b.html#L03-b-06,2006,83544-0059,83544,帷子川,G,ゴルフ場,68,0.713146
nlni_l03b_landuse_by_watershed,https://nlftp.mlit.go.jp/ksj/gml/datalist/KsjTmplt-L03-b.html#L03-b-06,2006,83544-0060,83544,大岡川,7,建物用地,226,2.371485
nlni_l03b_landuse_by_watershed,https://nlftp.mlit.go.jp/ksj/gml/datalist/KsjTmplt-L03-b.html#L03-b-06,2006,83544-0060,83544,大岡川,9,幹線交通用地,22,0.23085
nlni_l03b_landuse_by_watershed,https://nlftp.mlit.go.jp/ksj/gml/datalist/KsjTmplt-L03-b.html#L03-b-06,2006,83544-0060,83544,大岡川,A,その他の用地,17,0.178391
nlni_l03b_landuse_by_watershed,https://nlftp.mlit.go.jp/ksj/gml/datalist/KsjTmplt-L03-b.html#L03-b-06,2006,83544-0060,83544,大岡川,B,河川地及び湖沼,5,0.052469
nlni_l03b_landuse_by_watershed,https://nlftp.mlit.go.jp/ksj/gml/datalist/KsjTmplt-L03-b.html#L03-b-06,2006,83544-0061,83544,大岡川,5,森林,21,0.220395
nlni_l03b_landuse_by_watershed,https://nlftp.mlit.go.jp/ksj/gml/datalist/KsjTmplt-L03-b.html#L03-b-06,2006,83544-0061,83544,大岡川,7,建物用地,947,9.939511
nlni_l03b_landuse_by_watershed,https://nlftp.mlit.go.jp/ksj/gml/datalist/KsjTmplt-L03-b.html#L03-b-06,2006,83544-0061,83544,大岡川,9,幹線交通用地,35,0.36734
nlni_l03b_landuse_by_watershed,https://nlftp.mlit.go.jp/ksj/gml/datalist/KsjTmplt-L03-b.html#L03-b-06,2006,83544-0061,83544,大岡川,A,その他の用地,51,0.535238
nlni_l03b_landuse_by_watershed,https://nlftp.mlit.go.jp/ksj/gml/datalist/KsjTmplt-L03-b.html#L03-b-06,2006,83544-0061,83544,大岡川,B,河川地及び湖沼,3,0.031487
nlni_l03b_landuse_by_watershed,https://nlftp.mlit.go.jp/ksj/gml/datalist/KsjTmplt-L03-b.html#L03-b-06,2006,83544-0061,83544,大岡川,E,海浜,1,0.010495
nlni_l03b_landuse_by_watershed,https://nlftp.mlit.go.jp/ksj/gml/datalist/KsjTmplt-L03-b.html#L03-b-06,2006,83544-0062,83544,大岡川,1,田,1,0.010503
nlni_l03b_landuse_by_watershed,https://nlftp.mlit.go.jp/ksj/gml/datalist/KsjTmplt-L03-b.html#L03-b-06,2006,83544-0062,83544,大岡川,2,その他の農用地,10,0.105033
nlni_l03b_landuse_by_watershed,https://nlftp.mlit.go.jp/ksj/gml/datalist/KsjTmplt-L03-b.html#L03-b-06,2006,83544-0062,83544,大岡川,5,森林,170,1.785707
nlni_l03b_landuse_by_watershed,https://nlftp.mlit.go.jp/ksj/gml/datalist/KsjTmplt-L03-b.html#L03-b-06,2006,83544-0062,83544,大岡川,6,荒地,5,0.052517
nlni_l03b_landuse_by_watershed,https://nlftp.mlit.go.jp/ksj/gml/datalist/KsjTmplt-L03-b.html#L03-b-06,2006,83544-0062,83544,大岡川,7,建物用地,535,5.618058
nlni_l03b_landuse_by_watershed,https://nlftp.mlit.go.jp/ksj/gml/datalist/KsjTmplt-L03-b.html#L03-b-06,2006,83544-0062,83544,大岡川,9,幹線交通用地,34,0.357105
nlni_l03b_landuse_by_watershed,https://nlftp.mlit.go.jp/ksj/gml/datalist/KsjTmplt-L03-b.html#L03-b-06,2006,83544-0062,83544,大岡川,A,その他の用地,40,0.42011
nlni_l03b_landuse_by_watershed,https://nlftp.mlit.go.jp/ksj/gml/datalist/KsjTmplt-L03-b.html#L03-b-06,2006,83544-0062,83544,大岡川,G,ゴルフ場,54,0.567139
nlni_l03b_landuse_by_watershed,https://nlftp.mlit.go.jp/ksj/gml/datalist/KsjTmplt-L03-b.html#L03-b-06,2006,83544-0063,83544,大岡川,2,その他の農用地,1,0.010503
nlni_l03b_landuse_by_watershed,https://nlftp.mlit.go.jp/ksj/gml/datalist/KsjTmplt-L03-b.html#L03-b-06,2006,83544-0063,83544,大岡川,5,森林,8,0.084015
nlni_l03b_landuse_by_watershed,https://nlftp.mlit.go.jp/ksj/gml/datalist/KsjTmplt-L03-b.html#L03-b-06,2006,83544-0063,83544,大岡川,6,荒地,4,0.042003
nlni_l03b_landuse_by_watershed,https://nlftp.mlit.go.jp/ksj/gml/datalist/KsjTmplt-L03-b.html#L03-b-06,2006,83544-0063,83544,大岡川,7,建物用地,628,6.594503
nlni_l03b_landuse_by_watershed,https://nlftp.mlit.go.jp/ksj/gml/datalist/KsjTmplt-L03-b.html#L03-b-06,2006,83544-0063,83544,大岡川,9,幹線交通用地,46,0.483038
nlni_l03b_landuse_by_watershed,https://nlftp.mlit.go.jp/ksj/gml/datalist/KsjTmplt-L03-b.html#L03-b-06,2006,83544-0063,83544,大岡川,A,その他の用地,66,0.693065
nlni_l03b_landuse_by_watershed,https://nlftp.mlit.go.jp/ksj/gml/datalist/KsjTmplt-L03-b.html#L03-b-06,2006,83544-0064,83544,大岡川,5,森林,4,0.041973
nlni_l03b_landuse_by_watershed,https://nlftp.mlit.go.jp/ksj/gml/datalist/KsjTmplt-L03-b.html#L03-b-06,2006,83544-0064,83544,大岡川,6,荒地,1,0.010494
nlni_l03b_landuse_by_watershed,https://nlftp.mlit.go.jp/ksj/gml/datalist/KsjTmplt-L03-b.html#L03-b-06,2006,83544-0064,83544,大岡川,7,建物用地,256,2.686432
nlni_l03b_landuse_by_watershed,https://nlftp.mlit.go.jp/ksj/gml/datalist/KsjTmplt-L03-b.html#L03-b-06,2006,83544-0064,83544,大岡川,9,幹線交通用地,34,0.356775
nlni_l03b_landuse_by_watershed,https://nlftp.mlit.go.jp/ksj/gml/datalist/KsjTmplt-L03-b.html#L03-b-06,2006,83544-0064,83544,大岡川,A,その他の用地,11,0.115428
nlni_l03b_landuse_by_watershed,https://nlftp.mlit.go.jp/ksj/gml/datalist/KsjTmplt-L03-b.html#L03-b-06,2006,83544-0065,83544,大岡川,7,建物用地,25,0.262363
nlni_l03b_landuse_by_watershed,https://nlftp.mlit.go.jp/ksj/gml/datalist/KsjTmplt-L03-b.html#L03-b-06,2006,83544-0065,83544,大岡川,9,幹線交通用地,1,0.010494
nlni_l03b_landuse_by_watershed,https://nlftp.mlit.go.jp/ksj/gml/datalist/KsjTmplt-L03-b.html#L03-b-06,2006,83544-0065,83544,大岡川,A,その他の用地,2,0.020989
nlni_l03b_landuse_by_watershed,https://nlftp.mlit.go.jp/ksj/gml/datalist/KsjTmplt-L03-b.html#L03-b-06,2006,83544-0065,83544,大岡川,B,河川地及び湖沼,1,0.010494
nlni_l03b_landuse_by_watershed,https://nlftp.mlit.go.jp/ksj/gml/datalist/KsjTmplt-L03-b.html#L03-b-06,2006,83544-0066,83544,宮川,5,森林,79,0.829949
nlni_l03b_landuse_by_watershed,https://nlftp.mlit.go.jp/ksj/gml/datalist/KsjTmplt-L03-b.html#L03-b-06,2006,83544-0066,83544,宮川,6,荒地,6,0.063038
nlni_l03b_landuse_by_watershed,https://nlftp.mlit.go.jp/ksj/gml/datalist/KsjTmplt-L03-b.html#L03-b-06,2006,83544-0066,83544,宮川,7,建物用地,430,4.517599
nlni_l03b_landuse_by_watershed,https://nlftp.mlit.go.jp/ksj/gml/datalist/KsjTmplt-L03-b.html#L03-b-06,2006,83544-0066,83544,宮川,9,幹線交通用地,24,0.252136
nlni_l03b_landuse_by_watershed,https://nlftp.mlit.go.jp/ksj/gml/datalist/KsjTmplt-L03-b.html#L03-b-06,2006,83544-0066,83544,宮川,A,その他の用地,87,0.914023
nlni_l03b_landuse_by_watershed,https://nlftp.mlit.go.jp/ksj/gml/datalist/KsjTmplt-L03-b.html#L03-b-06,2006,83544-0067,83544,侍従川,1,田,1,0.010508
nlni_l03b_landuse_by_watershed,https://nlftp.mlit.go.jp/ksj/gml/datalist/KsjTmplt-L03-b.html#L03-b-06,2006,83544-0067,83544,侍従川,2,その他の農用地,1,0.010507
nlni_l03b_landuse_by_watershed,https://nlftp.mlit.go.jp/ksj/gml/datalist/KsjTmplt-L03-b.html#L03-b-06,2006,83544-0067,83544,侍従川,5,森林,138,1.450159
nlni_l03b_landuse_by_watershed,https://nlftp.mlit.go.jp/ksj/gml/datalist/KsjTmplt-L03-b.html#L03-b-06,2006,83544-0067,83544,侍従川,6,荒地,13,0.136607
nlni_l03b_landuse_by_watershed,https://nlftp.mlit.go.jp/ksj/gml/datalist/KsjTmplt-L03-b.html#L03-b-06,2006,83544-0067,83544,侍従川,7,建物用地,344,3.614822
nlni_l03b_landuse_by_watershed,https://nlftp.mlit.go.jp/ksj/gml/datalist/KsjTmplt-L03-b.html#L03-b-06,2006,83544-0067,83544,侍従川,9,幹線交通用地,21,0.220664
nlni_l03b_landuse_by_watershed,https://nlftp.mlit.go.jp/ksj/gml/datalist/KsjTmplt-L03-b.html#L03-b-06,2006,83544-0067,83544,侍従川,A,その他の用地,37,0.388814
nlni_l03b_landuse_by_watershed,https://nlftp.mlit.go.jp/ksj/gml/datalist/KsjTmplt-L03-b.html#L03-b-06,2006,83544-0067,83544,侍従川,B,河川地及び湖沼,5,0.052541
nlni_l03b_landuse_by_watershed,https://nlftp.mlit.go.jp/ksj/gml/datalist/KsjTmplt-L03-b.html#L03-b-06,2006,83544-0068,83544,鷹取川,5,森林,52,0.546525
nlni_l03b_landuse_by_watershed,https://nlftp.mlit.go.jp/ksj/gml/datalist/KsjTmplt-L03-b.html#L03-b-06,2006,83544-0068,83544,鷹取川,6,荒地,10,0.105105
nlni_l03b_landuse_by_watershed,https://nlftp.mlit.go.jp/ksj/gml/datalist/KsjTmplt-L03-b.html#L03-b-06,2006,83544-0068,83544,鷹取川,7,建物用地,211,2.217561
nlni_l03b_landuse_by_watershed,https://nlftp.mlit.go.jp/ksj/gml/datalist/KsjTmplt-L03-b.html#L03-b-06,2006,83544-0068,83544,鷹取川,9,幹線交通用地,8,0.084077
nlni_l03b_landuse_by_watershed,https://nlftp.mlit.go.jp/ksj/gml/datalist/KsjTmplt-L03-b.html#L03-b-06,2006,83544-0068,83544,鷹取川,A,その他の用地,24,0.252219
nlni_l03b_landuse_by_watershed,https://nlftp.mlit.go.jp/ksj/gml/datalist/KsjTmplt-L03-b.html#L03-b-06,2006,83544-0069,83544,平作川,1,田,8,0.084146
nlni_l03b_landuse_by_watershed,https://nlftp.mlit.go.jp/ksj/gml/datalist/KsjTmplt-L03-b.html#L03-b-06,2006,83544-0069,83544,平作川,2,その他の農用地,18,0.189332
nlni_l03b_landuse_by_watershed,https://nlftp.mlit.go.jp/ksj/gml/datalist/KsjTmplt-L03-b.html#L03-b-06,2006,83544-0069,83544,平作川,5,森林,599,6.300541
nlni_l03b_landuse_by_watershed,https://nlftp.mlit.go.jp/ksj/gml/datalist/KsjTmplt-L03-b.html#L03-b-06,2006,83544-0069,83544,平作川,6,荒地,108,1.135924
nlni_l03b_landuse_by_watershed,https://nlftp.mlit.go.jp/ksj/gml/datalist/KsjTmplt-L03-b.html#L03-b-06,2006,83544-0069,83544,平作川,7,建物用地,1465,15.408623
nlni_l03b_landuse_by_watershed,https://nlftp.mlit.go.jp/ksj/gml/datalist/KsjTmplt-L03-b.html#L03-b-06,2006,83544-0069,83544,平作川,9,幹線交通用地,63,0.662676
nlni_l03b_landuse_by_watershed,https://nlftp.mlit.go.jp/ksj/gml/datalist/KsjTmplt-L03-b.html#L03-b-06,2006,83544-0069,83544,平作川,A,その他の用地,185,1.945914
nlni_l03b_landuse_by_watershed,https://nlftp.mlit.go.jp/ksj/gml/datalist/KsjTmplt-L03-b.html#L03-b-06,2006,83544-0069,83544,平作川,B,河川地及び湖沼,14,0.147275
nlni_l03b_landuse_by_watershed,https://nlftp.mlit.go.jp/ksj/gml/datalist/KsjTmplt-L03-b.html#L03-b-06,2006,83544-0069,83544,平作川,E,海浜,1,0.010521
nlni_l03b_landuse_by_watershed,https://nlftp.mlit.go.jp/ksj/gml/datalist/KsjTmplt-L03-b.html#L03-b-06,2006,83544-0069,83544,平作川,F,海水域,1,0.010521
nlni_l03b_landuse_by_watershed,https://nlftp.mlit.go.jp/ksj/gml/datalist/KsjTmplt-L03-b.html#L03-b-06,2006,83544-0069,83544,平作川,G,ゴルフ場,23,0.241897
nlni_l03b_landuse_by_watershed,https://nlftp.mlit.go.jp/ksj/gml/datalist/KsjTmplt-L03-b.html#L03-b-06,2006,83544-0070,83544,下山川,1,田,31,0.325996
nlni_l03b_landuse_by_watershed,https://nlftp.mlit.go.jp/ksj/gml/datalist/KsjTmplt-L03-b.html#L03-b-06,2006,83544-0070,83544,下山川,2,その他の農用地,14,0.147224
nlni_l03b_landuse_by_watershed,https://nlftp.mlit.go.jp/ksj/gml/datalist/KsjTmplt-L03-b.html#L03-b-06,2006,83544-0070,83544,下山川,5,森林,581,6.10946
nlni_l03b_landuse_by_watershed,https://nlftp.mlit.go.jp/ksj/gml/datalist/KsjTmplt-L03-b.html#L03-b-06,2006,83544-0070,83544,下山川,6,荒地,23,0.241868
nlni_l03b_landuse_by_watershed,https://nlftp.mlit.go.jp/ksj/gml/datalist/KsjTmplt-L03-b.html#L03-b-06,2006,83544-0070,83544,下山川,7,建物用地,255,2.681531
nlni_l03b_landuse_by_watershed,https://nlftp.mlit.go.jp/ksj/gml/datalist/KsjTmplt-L03-b.html#L03-b-06,2006,83544-0070,83544,下山川,9,幹線交通用地,13,0.136694
nlni_l03b_landuse_by_watershed,https://nlftp.mlit.go.jp/ksj/gml/datalist/KsjTmplt-L03-b.html#L03-b-06,2006,83544-0070,83544,下山川,A,その他の用地,34,0.357554
nlni_l03b_landuse_by_watershed,https://nlftp.mlit.go.jp/ksj/gml/datalist/KsjTmplt-L03-b.html#L03-b-06,2006,83544-0070,83544,下山川,E,海浜,1,0.010516
nlni_l03b_landuse_by_watershed,https://nlftp.mlit.go.jp/ksj/gml/datalist/KsjTmplt-L03-b.html#L03-b-06,2006,83544-0070,83544,下山川,G,ゴルフ場,42,0.44169
nlni_l03b_landuse_by_watershed,https://nlftp.mlit.go.jp/ksj/gml/datalist/KsjTmplt-L03-b.html#L03-b-06,2006,83544-0071,83544,森戸川,1,田,5,0.052568
nlni_l03b_landuse_by_watershed,https://nlftp.mlit.go.jp/ksj/gml/datalist/KsjTmplt-L03-b.html#L03-b-06,2006,83544-0071,83544,森戸川,2,その他の農用地,4,0.042055
nlni_l03b_landuse_by_watershed,https://nlftp.mlit.go.jp/ksj/gml/datalist/KsjTmplt-L03-b.html#L03-b-06,2006,83544-0071,83544,森戸川,5,森林,482,5.067713
nlni_l03b_landuse_by_watershed,https://nlftp.mlit.go.jp/ksj/gml/datalist/KsjTmplt-L03-b.html#L03-b-06,2006,83544-0071,83544,森戸川,6,荒地,8,0.084112
nlni_l03b_landuse_by_watershed,https://nlftp.mlit.go.jp/ksj/gml/datalist/KsjTmplt-L03-b.html#L03-b-06,2006,83544-0071,83544,森戸川,7,建物用地,212,2.228961
nlni_l03b_landuse_by_watershed,https://nlftp.mlit.go.jp/ksj/gml/datalist/KsjTmplt-L03-b.html#L03-b-06,2006,83544-0071,83544,森戸川,9,幹線交通用地,4,0.042052
nlni_l03b_landuse_by_watershed,https://nlftp.mlit.go.jp/ksj/gml/datalist/KsjTmplt-L03-b.html#L03-b-06,2006,83544-0071,83544,森戸川,A,その他の用地,16,0.168217
nlni_l03b_landuse_by_watershed,https://nlftp.mlit.go.jp/ksj/gml/datalist/KsjTmplt-L03-b.html#L03-b-06,2006,83544-0072,83544,田越川,1,田,1,0.010512
nlni_l03b_landuse_by_watershed,https://nlftp.mlit.go.jp/ksj/gml/datalist/KsjTmplt-L03-b.html#L03-b-06,2006,83544-0072,83544,田越川,2,その他の農用地,1,0.010512
nlni_l03b_landuse_by_watershed,https://nlftp.mlit.go.jp/ksj/gml/datalist/KsjTmplt-L03-b.html#L03-b-06,2006,83544-0072,83544,田越川,5,森林,657,6.905706
nlni_l03b_landuse_by_watershed,https://nlftp.mlit.go.jp/ksj/gml/datalist/KsjTmplt-L03-b.html#L03-b-06,2006,83544-0072,83544,田越川,6,荒地,18,0.189205
nlni_l03b_landuse_by_watershed,https://nlftp.mlit.go.jp/ksj/gml/datalist/KsjTmplt-L03-b.html#L03-b-06,2006,83544-0072,83544,田越川,7,建物用地,489,5.140147
nlni_l03b_landuse_by_watershed,https://nlftp.mlit.go.jp/ksj/gml/datalist/KsjTmplt-L03-b.html#L03-b-06,2006,83544-0072,83544,田越川,9,幹線交通用地,49,0.515069
nlni_l03b_landuse_by_watershed,https://nlftp.mlit.go.jp/ksj/gml/datalist/KsjTmplt-L03-b.html#L03-b-06,2006,83544-0072,83544,田越川,A,その他の用地,80,0.840869
nlni_l03b_landuse_by_watershed,https://nlftp.mlit.go.jp/ksj/gml/datalist/KsjTmplt-L03-b.html#L03-b-06,2006,83544-0072,83544,田越川,B,河川地及び湖沼,3,0.031538
nlni_l03b_landuse_by_watershed,https://nlftp.mlit.go.jp/ksj/gml/datalist/KsjTmplt-L03-b.html#L03-b-06,2006,83544-0072,83544,田越川,E,海浜,2,0.021025
nlni_l03b_landuse_by_watershed,https://nlftp.mlit.go.jp/ksj/gml/datalist/KsjTmplt-L03-b.html#L03-b-06,2006,83544-0073,83544,滑川,5,森林,460,4.833791
nlni_l03b_landuse_by_watershed,https://nlftp.mlit.go.jp/ksj/gml/datalist/KsjTmplt-L03-b.html#L03-b-06,2006,83544-0073,83544,滑川,6,荒地,8,0.084073
nlni_l03b_landuse_by_watershed,https://nlftp.mlit.go.jp/ksj/gml/datalist/KsjTmplt-L03-b.html#L03-b-06,2006,83544-0073,83544,滑川,7,建物用地,532,5.590753
nlni_l03b_landuse_by_watershed,https://nlftp.mlit.go.jp/ksj/gml/datalist/KsjTmplt-L03-b.html#L03-b-06,2006,83544-0073,83544,滑川,9,幹線交通用地,4,0.042039
nlni_l03b_landuse_by_watershed,https://nlftp.mlit.go.jp/ksj/gml/datalist/KsjTmplt-L03-b.html#L03-b-06,2006,83544-0073,83544,滑川,A,その他の用地,66,0.693525
nlni_l03b_landuse_by_watershed,https://nlftp.mlit.go.jp/ksj/gml/datalist/KsjTmplt-L03-b.html#L03-b-06,2006,83544-0073,83544,滑川,B,河川地及び湖沼,4,0.042037
nlni_l03b_landuse_by_watershed,https://nlftp.mlit.go.jp/ksj/gml/datalist/KsjTmplt-L03-b.html#L03-b-06,2006,83544-0073,83544,滑川,E,海浜,5,0.052552
nlni_l03b_landuse_by_watershed,https://nlftp.mlit.go.jp/ksj/gml/datalist/KsjTmplt-L03-b.html#L03-b-06,2006,83544-0073,83544,滑川,F,海水域,2,0.021021
nlni_l03b_landuse_by_watershed,https://nlftp.mlit.go.jp/ksj/gml/datalist/KsjTmplt-L03-b.html#L03-b-06,2006,83544-0074,83544,神戸川,1,田,3,0.031529
nlni_l03b_landuse_by_watershed,https://nlftp.mlit.go.jp/ksj/gml/datalist/KsjTmplt-L03-b.html#L03-b-06,2006,83544-0074,83544,神戸川,5,森林,61,0.641088
nlni_l03b_landuse_by_watershed,https://nlftp.mlit.go.jp/ksj/gml/datalist/KsjTmplt-L03-b.html#L03-b-06,2006,83544-0074,83544,神戸川,7,建物用地,232,2.438171
nlni_l03b_landuse_by_watershed,https://nlftp.mlit.go.jp/ksj/gml/datalist/KsjTmplt-L03-b.html#L03-b-06,2006,83544-0074,83544,神戸川,9,幹線交通用地,1,0.010511
nlni_l03b_landuse_by_watershed,https://nlftp.mlit.go.jp/ksj/gml/datalist/KsjTmplt-L03-b.html#L03-b-06,2006,83544-0074,83544,神戸川,A,その他の用地,4,0.042038
nlni_l03b_landuse_by_watershed,https://nlftp.mlit.go.jp/ksj/gml/datalist/KsjTmplt-L03-b.html#L03-b-06,2006,83544-0074,83544,神戸川,E,海浜,1,0.01051
nlni_l03b_landuse_by_watershed,https://nlftp.mlit.go.jp/ksj/gml/datalist/KsjTmplt-L03-b.html#L03-b-06,2006,83544-0074,83544,神戸川,F,海水域,1,0.010511
nlni_l03b_landuse_by_watershed,https://nlftp.mlit.go.jp/ksj/gml/datalist/KsjTmplt-L03-b.html#L03-b-06,2006,83544-0075,83544,大岡川,5,森林,9,0.094472
nlni_l03b_landuse_by_watershed,https://nlftp.mlit.go.jp/ksj/gml/datalist/KsjTmplt-L03-b.html#L03-b-06,2006,83544-0075,83544,大岡川,6,荒地,1,0.010499
nlni_l03b_landuse_by_watershed,https://nlftp.mlit.go.jp/ksj/gml/datalist/KsjTmplt-L03-b.html#L03-b-06,2006,83544-0075,83544,大岡川,7,建物用地,403,4.23012
nlni_l03b_landuse_by_watershed,https://nlftp.mlit.go.jp/ksj/gml/datalist/KsjTmplt-L03-b.html#L03-b-06,2006,83544-0075,83544,大岡川,9,幹線交通用地,3,0.031488
nlni_l03b_landuse_by_watershed,https://nlftp.mlit.go.jp/ksj/gml/datalist/KsjTmplt-L03-b.html#L03-b-06,2006,83544-0075,83544,大岡川,A,その他の用地,24,0.251936
nlni_l03b_landuse_by_watershed,https://nlftp.mlit.go.jp/ksj/gml/datalist/KsjTmplt-L03-b.html#L03-b-06,2006,83544-0075,83544,大岡川,B,河川地及び湖沼,3,0.031489
nlni_l03b_landuse_by_watershed,https://nlftp.mlit.go.jp/ksj/gml/datalist/KsjTmplt-L03-b.html#L03-b-06,2006,83545-0001,83545,千歳川,2,その他の農用地,297,3.127852
nlni_l03b_landuse_by_watershed,https://nlftp.mlit.go.jp/ksj/gml/datalist/KsjTmplt-L03-b.html#L03-b-06,2006,83545-0001,83545,千歳川,5,森林,342,3.6018
nlni_l03b_landuse_by_watershed,https://nlftp.mlit.go.jp/ksj/gml/datalist/KsjTmplt-L03-b.html#L03-b-06,2006,83545-0001,83545,千歳川,6,荒地,13,0.136885
nlni_l03b_landuse_by_watershed,https://nlftp.mlit.go.jp/ksj/gml/datalist/KsjTmplt-L03-b.html#L03-b-06,2006,83545-0001,83545,千歳川,7,建物用地,170,1.790327
nlni_l03b_landuse_by_watershed,https://nlftp.mlit.go.jp/ksj/gml/datalist/KsjTmplt-L03-b.html#L03-b-06,2006,83545-0001,83545,千歳川,9,幹線交通用地,3,0.031594
nlni_l03b_landuse_by_watershed,https://nlftp.mlit.go.jp/ksj/gml/datalist/KsjTmplt-L03-b.html#L03-b-06,2006,83545-0001,83545,千歳川,A,その他の用地,2,0.021063
nlni_l03b_landuse_by_watershed,https://nlftp.mlit.go.jp/ksj/gml/datalist/KsjTmplt-L03-b.html#L03-b-06,2006,83545-0001,83545,千歳川,B,河川地及び湖沼,3,0.031595
nlni_l03b_landuse_by_watershed,https://nlftp.mlit.go.jp/ksj/gml/datalist/KsjTmplt-L03-b.html#L03-b-06,2006,83545-0002,83545,,2,その他の農用地,87,0.916274
nlni_l03b_landuse_by_watershed,https://nlftp.mlit.go.jp/ksj/gml/datalist/KsjTmplt-L03-b.html#L03-b-06,2006,83545-0002,83545,,5,森林,751,7.909254
nlni_l03b_landuse_by_watershed,https://nlftp.mlit.go.jp/ksj/gml/datalist/KsjTmplt-L03-b.html#L03-b-06,2006,83545-0002,83545,,6,荒地,139,1.463796
nlni_l03b_landuse_by_watershed,https://nlftp.mlit.go.jp/ksj/gml/datalist/KsjTmplt-L03-b.html#L03-b-06,2006,83545-0002,83545,,7,建物用地,21,0.221157
nlni_l03b_landuse_by_watershed,https://nlftp.mlit.go.jp/ksj/gml/datalist/KsjTmplt-L03-b.html#L03-b-06,2006,83545-0002,83545,,A,その他の用地,1,0.010531
nlni_l03b_landuse_by_watershed,https://nlftp.mlit.go.jp/ksj/gml/datalist/KsjTmplt-L03-b.html#L03-b-06,2006,83545-0003,83545,千歳川,2,その他の農用地,6,0.063184
nlni_l03b_landuse_by_watershed,https://nlftp.mlit.go.jp/ksj/gml/datalist/KsjTmplt-L03-b.html#L03-b-06,2006,83545-0003,83545,千歳川,5,森林,300,3.158866
nlni_l03b_landuse_by_watershed,https://nlftp.mlit.go.jp/ksj/gml/datalist/KsjTmplt-L03-b.html#L03-b-06,2006,83545-0003,83545,千歳川,6,荒地,23,0.242165
nlni_l03b_landuse_by_watershed,https://nlftp.mlit.go.jp/ksj/gml/datalist/KsjTmplt-L03-b.html#L03-b-06,2006,83545-0003,83545,千歳川,7,建物用地,43,0.452814
nlni_l03b_landuse_by_watershed,https://nlftp.mlit.go.jp/ksj/gml/datalist/KsjTmplt-L03-b.html#L03-b-06,2006,83545-0003,83545,千歳川,A,その他の用地,1,0.010531
nlni_l03b_landuse_by_watershed,https://nlftp.mlit.go.jp/ksj/gml/datalist/KsjTmplt-L03-b.html#L03-b-06,2006,83545-0003,83545,千歳川,B,河川地及び湖沼,2,0.021061
nlni_l03b_landuse_by_watershed,https://nlftp.mlit.go.jp/ksj/gml/datalist/KsjTmplt-L03-b.html#L03-b-06,2006,83545-0004,83545,千歳川,5,森林,392,4.127145
nlni_l03b_landuse_by_watershed,https://nlftp.mlit.go.jp/ksj/gml/datalist/KsjTmplt-L03-b.html#L03-b-06,2006,83545-0004,83545,千歳川,6,荒地,37,0.389527
nlni_l03b_landuse_by_watershed,https://nlftp.mlit.go.jp/ksj/gml/datalist/KsjTmplt-L03-b.html#L03-b-06,2006,83545-0004,83545,千歳川,7,建物用地,1,0.010529
nlni_l03b_landuse_by_watershed,https://nlftp.mlit.go.jp/ksj/gml/datalist/KsjTmplt-L03-b.html#L03-b-06,2006,83545-0004,83545,千歳川,9,幹線交通用地,1,0.010528
nlni_l03b_landuse_by_watershed,https://nlftp.mlit.go.jp/ksj/gml/datalist/KsjTmplt-L03-b.html#L03-b-06,2006,83545-0005,83545,千歳川,5,森林,283,2.979244
nlni_l03b_landuse_by_watershed,https://nlftp.mlit.go.jp/ksj/gml/datalist/KsjTmplt-L03-b.html#L03-b-06,2006,83545-0005,83545,千歳川,6,荒地,33,0.347382
nlni_l03b_landuse_by_watershed,https://nlftp.mlit.go.jp/ksj/gml/datalist/KsjTmplt-L03-b.html#L03-b-06,2006,83545-0005,83545,千歳川,7,建物用地,1,0.010529
nlni_l03b_landuse_by_watershed,https://nlftp.mlit.go.jp/ksj/gml/datalist/KsjTmplt-L03-b.html#L03-b-06,2006,83545-0005,83545,千歳川,9,幹線交通用地,4,0.042105
nlni_l03b_landuse_by_watershed,https://nlftp.mlit.go.jp/ksj/gml/datalist/KsjTmplt-L03-b.html#L03-b-06,2006,83545-0005,83545,千歳川,A,その他の用地,1,0.010526
nlni_l03b_landuse_by_watershed,https://nlftp.mlit.go.jp/ksj/gml/datalist/KsjTmplt-L03-b.html#L03-b-06,2006,83545-0006,83545,新崎川,2,その他の農用地,204,2.147966
nlni_l03b_landuse_by_watershed,https://nlftp.mlit.go.jp/ksj/gml/datalist/KsjTmplt-L03-b.html#L03-b-06,2006,83545-0006,83545,新崎川,5,森林,991,10.432293
nlni_l03b_landuse_by_watershed,https://nlftp.mlit.go.jp/ksj/gml/datalist/KsjTmplt-L03-b.html#L03-b-06,2006,83545-0006,83545,新崎川,6,荒地,217,2.284258
nlni_l03b_landuse_by_watershed,https://nlftp.mlit.go.jp/ksj/gml/datalist/KsjTmplt-L03-b.html#L03-b-06,2006,83545-0006,83545,新崎川,7,建物用地,102,1.074068
nlni_l03b_landuse_by_watershed,https://nlftp.mlit.go.jp/ksj/gml/datalist/KsjTmplt-L03-b.html#L03-b-06,2006,83545-0006,83545,新崎川,9,幹線交通用地,8,0.084207
nlni_l03b_landuse_by_watershed,https://nlftp.mlit.go.jp/ksj/gml/datalist/KsjTmplt-L03-b.html#L03-b-06,2006,83545-0006,83545,新崎川,A,その他の用地,6,0.06318
nlni_l03b_landuse_by_watershed,https://nlftp.mlit.go.jp/ksj/gml/datalist/KsjTmplt-L03-b.html#L03-b-06,2006,83545-0006,83545,新崎川,B,河川地及び湖沼,2,0.021058
nlni_l03b_landuse_by_watershed,https://nlftp.mlit.go.jp/ksj/gml/datalist/KsjTmplt-L03-b.html#L03-b-06,2006,83545-0006,83545,新崎川,G,ゴルフ場,10,0.105281
nlni_l03b_landuse_by_watershed,https://nlftp.mlit.go.jp/ksj/gml/datalist/KsjTmplt-L03-b.html#L03-b-06,2006,83545-0007,83545,,2,その他の農用地,80,0.842202
nlni_l03b_landuse_by_watershed,https://nlftp.mlit.go.jp/ksj/gml/datalist/KsjTmplt-L03-b.html#L03-b-06,2006,83545-0007,83545,,5,森林,200,2.105411
nlni_l03b_landuse_by_watershed,https://nlftp.mlit.go.jp/ksj/gml/datalist/KsjTmplt-L03-b.html#L03-b-06,2006,83545-0007,83545,,6,荒地,82,0.863199
nlni_l03b_landuse_by_watershed,https://nlftp.mlit.go.jp/ksj/gml/datalist/KsjTmplt-L03-b.html#L03-b-06,2006,83545-0007,83545,,7,建物用地,13,0.136871
nlni_l03b_landuse_by_watershed,https://nlftp.mlit.go.jp/ksj/gml/datalist/KsjTmplt-L03-b.html#L03-b-06,2006,83545-0007,83545,,9,幹線交通用地,11,0.115813
nlni_l03b_landuse_by_watershed,https://nlftp.mlit.go.jp/ksj/gml/datalist/KsjTmplt-L03-b.html#L03-b-06,2006,83545-0008,83545,白糸川,2,その他の農用地,160,1.683893
nlni_l03b_landuse_by_watershed,https://nlftp.mlit.go.jp/ksj/gml/datalist/KsjTmplt-L03-b.html#L03-b-06,2006,83545-0008,83545,白糸川,5,森林,412,4.336172
nlni_l03b_landuse_by_watershed,https://nlftp.mlit.go.jp/ksj/gml/datalist/KsjTmplt-L03-b.html#L03-b-06,2006,83545-0008,83545,白糸川,6,荒地,46,0.484148
nlni_l03b_landuse_by_watershed,https://nlftp.mlit.go.jp/ksj/gml/datalist/KsjTmplt-L03-b.html#L03-b-06,2006,83545-0008,83545,白糸川,7,建物用地,12,0.126286
nlni_l03b_landuse_by_watershed,https://nlftp.mlit.go.jp/ksj/gml/datalist/KsjTmplt-L03-b.html#L03-b-06,2006,83545-0008,83545,白糸川,9,幹線交通用地,2,0.021049
nlni_l03b_landuse_by_watershed,https://nlftp.mlit.go.jp/ksj/gml/datalist/KsjTmplt-L03-b.html#L03-b-06,2006,83545-0008,83545,白糸川,G,ゴルフ場,50,0.526262
nlni_l03b_landuse_by_watershed,https://nlftp.mlit.go.jp/ksj/gml/datalist/KsjTmplt-L03-b.html#L03-b-06,2006,83545-0009,83545,清水川,2,その他の農用地,110,1.157448
nlni_l03b_landuse_by_watershed,https://nlftp.mlit.go.jp/ksj/gml/datalist/KsjTmplt-L03-b.html#L03-b-06,2006,83545-0009,83545,清水川,5,森林,327,3.44096
nlni_l03b_landuse_by_watershed,https://nlftp.mlit.go.jp/ksj/gml/datalist/KsjTmplt-L03-b.html#L03-b-06,2006,83545-0009,83545,清水川,6,荒地,19,0.199945
nlni_l03b_landuse_by_watershed,https://nlftp.mlit.go.jp/ksj/gml/datalist/KsjTmplt-L03-b.html#L03-b-06,2006,83545-0009,83545,清水川,7,建物用地,6,0.063133
nlni_l03b_landuse_by_watershed,https://nlftp.mlit.go.jp/ksj/gml/datalist/KsjTmplt-L03-b.html#L03-b-06,2006,83545-0010,83545,玉川,2,その他の農用地,84,0.883759
nlni_l03b_landuse_by_watershed,https://nlftp.mlit.go.jp/ksj/gml/datalist/KsjTmplt-L03-b.html#L03-b-06,2006,83545-0010,83545,玉川,5,森林,297,3.125163
nlni_l03b_landuse_by_watershed,https://nlftp.mlit.go.jp/ksj/gml/datalist/KsjTmplt-L03-b.html#L03-b-06,2006,83545-0010,83545,玉川,6,荒地,5,0.052611
nlni_l03b_landuse_by_watershed,https://nlftp.mlit.go.jp/ksj/gml/datalist/KsjTmplt-L03-b.html#L03-b-06,2006,83545-0010,83545,玉川,7,建物用地,8,0.084168
nlni_l03b_landuse_by_watershed,https://nlftp.mlit.go.jp/ksj/gml/datalist/KsjTmplt-L03-b.html#L03-b-06,2006,83545-0010,83545,玉川,9,幹線交通用地,1,0.010524
nlni_l03b_landuse_by_watershed,https://nlftp.mlit.go.jp/ksj/gml/datalist/KsjTmplt-L03-b.html#L03-b-06,2006,83545-0010,83545,玉川,E,海浜,1,0.010521
nlni_l03b_landuse_by_watershed,https://nlftp.mlit.go.jp/ksj/gml/datalist/KsjTmplt-L03-b.html#L03-b-06,2006,83545-0011,83545,早川,1,田,3,0.031559
nlni_l03b_landuse_by_watershed,https://nlftp.mlit.go.jp/ksj/gml/datalist/KsjTmplt-L03-b.html#L03-b-06,2006,83545-0011,83545,早川,2,その他の農用地,306,3.218679
nlni_l03b_landuse_by_watershed,https://nlftp.mlit.go.jp/ksj/gml/datalist/KsjTmplt-L03-b.html#L03-b-06,2006,83545-0011,83545,早川,5,森林,388,4.081614
nlni_l03b_landuse_by_watershed,https://nlftp.mlit.go.jp/ksj/gml/datalist/KsjTmplt-L03-b.html#L03-b-06,2006,83545-0011,83545,早川,6,荒地,13,0.136757
nlni_l03b_landuse_by_watershed,https://nlftp.mlit.go.jp/ksj/gml/datalist/KsjTmplt-L03-b.html#L03-b-06,2006,83545-0011,83545,早川,7,建物用地,206,2.166862
nlni_l03b_landuse_by_watershed,https://nlftp.mlit.go.jp/ksj/gml/datalist/KsjTmplt-L03-b.html#L03-b-06,2006,83545-0011,83545,早川,9,幹線交通用地,23,0.241937
nlni_l03b_landuse_by_watershed,https://nlftp.mlit.go.jp/ksj/gml/datalist/KsjTmplt-L03-b.html#L03-b-06,2006,83545-0011,83545,早川,A,その他の用地,10,0.10519
nlni_l03b_landuse_by_watershed,https://nlftp.mlit.go.jp/ksj/gml/datalist/KsjTmplt-L03-b.html#L03-b-06,2006,83545-0011,83545,早川,B,河川地及び湖沼,28,0.294527
nlni_l03b_landuse_by_watershed,https://nlftp.mlit.go.jp/ksj/gml/datalist/KsjTmplt-L03-b.html#L03-b-06,2006,83545-0011,83545,早川,G,ゴルフ場,47,0.494479
nlni_l03b_landuse_by_watershed,https://nlftp.mlit.go.jp/ksj/gml/datalist/KsjTmplt-L03-b.html#L03-b-06,2006,83545-0012,83545,山王川,1,田,53,0.55734
nlni_l03b_landuse_by_watershed,https://nlftp.mlit.go.jp/ksj/gml/datalist/KsjTmplt-L03-b.html#L03-b-06,2006,83545-0012,83545,山王川,2,その他の農用地,282,2.965506
nlni_l03b_landuse_by_watershed,https://nlftp.mlit.go.jp/ksj/gml/datalist/KsjTmplt-L03-b.html#L03-b-06,2006,83545-0012,83545,山王川,5,森林,30,0.3155
nlni_l03b_landuse_by_watershed,https://nlftp.mlit.go.jp/ksj/gml/datalist/KsjTmplt-L03-b.html#L03-b-06,2006,83545-0012,83545,山王川,7,建物用地,338,3.554414
nlni_l03b_landuse_by_watershed,https://nlftp.mlit.go.jp/ksj/gml/datalist/KsjTmplt-L03-b.html#L03-b-06,2006,83545-0012,83545,山王川,9,幹線交通用地,16,0.168261
nlni_l03b_landuse_by_watershed,https://nlftp.mlit.go.jp/ksj/gml/datalist/KsjTmplt-L03-b.html#L03-b-06,2006,83545-0012,83545,山王川,A,その他の用地,16,0.168249
nlni_l03b_landuse_by_watershed,https://nlftp.mlit.go.jp/ksj/gml/datalist/KsjTmplt-L03-b.html#L03-b-06,2006,83545-0012,83545,山王川,B,河川地及び湖沼,5,0.052577
nlni_l03b_landuse_by_watershed,https://nlftp.mlit.go.jp/ksj/gml/datalist/KsjTmplt-L03-b.html#L03-b-06,2006,83545-0012,83545,山王川,E,海浜,2,0.021034
nlni_l03b_landuse_by_watershed,https://nlftp.mlit.go.jp/ksj/gml/datalist/KsjTmplt-L03-b.html#L03-b-06,2006,83545-0013,83545,山王川,1,田,15,0.157731
nlni_l03b_landuse_by_watershed,https://nlftp.mlit.go.jp/ksj/gml/datalist/KsjTmplt-L03-b.html#L03-b-06,2006,83545-0013,83545,山王川,2,その他の農用地,66,0.694061
nlni_l03b_landuse_by_watershed,https://nlftp.mlit.go.jp/ksj/gml/datalist/KsjTmplt-L03-b.html#L03-b-06,2006,83545-0013,83545,山王川,5,森林,565,5.942129
nlni_l03b_landuse_by_watershed,https://nlftp.mlit.go.jp/ksj/gml/datalist/KsjTmplt-L03-b.html#L03-b-06,2006,83545-0013,83545,山王川,6,荒地,6,0.063099
nlni_l03b_landuse_by_watershed,https://nlftp.mlit.go.jp/ksj/gml/datalist/KsjTmplt-L03-b.html#L03-b-06,2006,83545-0013,83545,山王川,7,建物用地,2,0.021031
nlni_l03b_landuse_by_watershed,https://nlftp.mlit.go.jp/ksj/gml/datalist/KsjTmplt-L03-b.html#L03-b-06,2006,83545-0013,83545,山王川,A,その他の用地,12,0.126199
nlni_l03b_landuse_by_watershed,https://nlftp.mlit.go.jp/ksj/gml/datalist/KsjTmplt-L03-b.html#L03-b-06,2006,83545-0014,83545,山王川,1,田,10,0.105148
nlni_l03b_landuse_by_watershed,https://nlftp.mlit.go.jp/ksj/gml/datalist/KsjTmplt-L03-b.html#L03-b-06,2006,83545-0014,83545,山王川,2,その他の農用地,106,1.114566
nlni_l03b_landuse_by_watershed,https://nlftp.mlit.go.jp/ksj/gml/datalist/KsjTmplt-L03-b.html#L03-b-06,2006,83545-0014,83545,山王川,5,森林,855,8.990985
nlni_l03b_landuse_by_watershed,https://nlftp.mlit.go.jp/ksj/gml/datalist/KsjTmplt-L03-b.html#L03-b-06,2006,83545-0014,83545,山王川,6,荒地,13,0.136714
nlni_l03b_landuse_by_watershed,https://nlftp.mlit.go.jp/ksj/gml/datalist/KsjTmplt-L03-b.html#L03-b-06,2006,83545-0014,83545,山王川,7,建物用地,34,0.357505
nlni_l03b_landuse_by_watershed,https://nlftp.mlit.go.jp/ksj/gml/datalist/KsjTmplt-L03-b.html#L03-b-06,2006,83545-0014,83545,山王川,A,その他の用地,2,0.02103
nlni_l03b_landuse_by_watershed,https://nlftp.mlit.go.jp/ksj/gml/datalist/KsjTmplt-L03-b.html#L03-b-06,2006,83545-0015,83545,早川,2,その他の農用地,8,0.084126
nlni_l03b_landuse_by_watershed,https://nlftp.mlit.go.jp/ksj/gml/datalist/KsjTmplt-L03-b.html#L03-b-06,2006,83545-0015,83545,早川,5,森林,3229,33.960741
nlni_l03b_landuse_by_watershed,https://nlftp.mlit.go.jp/ksj/gml/datalist/KsjTmplt-L03-b.html#L03-b-06,2006,83545-0015,83545,早川,6,荒地,292,3.07091
nlni_l03b_landuse_by_watershed,https://nlftp.mlit.go.jp/ksj/gml/datalist/KsjTmplt-L03-b.html#L03-b-06,2006,83545-0015,83545,早川,7,建物用地,484,5.090382
nlni_l03b_landuse_by_watershed,https://nlftp.mlit.go.jp/ksj/gml/datalist/KsjTmplt-L03-b.html#L03-b-06,2006,83545-0015,83545,早川,9,幹線交通用地,8,0.084151
nlni_l03b_landuse_by_watershed,https://nlftp.mlit.go.jp/ksj/gml/datalist/KsjTmplt-L03-b.html#L03-b-06,2006,83545-0015,83545,早川,A,その他の用地,148,1.556364
nlni_l03b_landuse_by_watershed,https://nlftp.mlit.go.jp/ksj/gml/datalist/KsjTmplt-L03-b.html#L03-b-06,2006,83545-0015,83545,早川,B,河川地及び湖沼,22,0.231386
nlni_l03b_landuse_by_watershed,https://nlftp.mlit.go.jp/ksj/gml/datalist/KsjTmplt-L03-b.html#L03-b-06,2006,83545-0015,83545,早川,G,ゴルフ場,302,3.176309
nlni_l03b_landuse_by_watershed,https://nlftp.mlit.go.jp/ksj/gml/datalist/KsjTmplt-L03-b.html#L03-b-06,2006,83545-0016,83545,早川,5,森林,1803,18.97306
nlni_l03b_landuse_by_watershed,https://nlftp.mlit.go.jp/ksj/gml/datalist/KsjTmplt-L03-b.html#L03-b-06,2006,83545-0016,83545,早川,6,荒地,163,1.715265
nlni_l03b_landuse_by_watershed,https://nlftp.mlit.go.jp/ksj/gml/datalist/KsjTmplt-L03-b.html#L03-b-06,2006,83545-0016,83545,早川,7,建物用地,33,0.347194
nlni_l03b_landuse_by_watershed,https://nlftp.mlit.go.jp/ksj/gml/datalist/KsjTmplt-L03-b.html#L03-b-06,2006,83545-0016,83545,早川,9,幹線交通用地,10,0.105233
nlni_l03b_landuse_by_watershed,https://nlftp.mlit.go.jp/ksj/gml/datalist/KsjTmplt-L03-b.html#L03-b-06,2006,83545-0016,83545,早川,A,その他の用地,3,0.031565
nlni_l03b_landuse_by_watershed,https://nlftp.mlit.go.jp/ksj/gml/datalist/KsjTmplt-L03-b.html#L03-b-06,2006,83545-0016,83545,早川,B,河川地及び湖沼,1,0.010522
nlni_l03b_landuse_by_watershed,https://nlftp.mlit.go.jp/ksj/gml/datalist/KsjTmplt-L03-b.html#L03-b-06,2006,83545-0017,83545,早川,2,その他の農用地,2,0.021039
nlni_l03b_landuse_by_watershed,https://nlftp.mlit.go.jp/ksj/gml/datalist/KsjTmplt-L03-b.html#L03-b-06,2006,83545-0017,83545,早川,5,森林,1482,15.59366
nlni_l03b_landuse_by_watershed,https://nlftp.mlit.go.jp/ksj/gml/datalist/KsjTmplt-L03-b.html#L03-b-06,2006,83545-0017,83545,早川,6,荒地,203,2.136077
nlni_l03b_landuse_by_watershed,https://nlftp.mlit.go.jp/ksj/gml/datalist/KsjTmplt-L03-b.html#L03-b-06,2006,83545-0017,83545,早川,7,建物用地,71,0.747101
nlni_l03b_landuse_by_watershed,https://nlftp.mlit.go.jp/ksj/gml/datalist/KsjTmplt-L03-b.html#L03-b-06,2006,83545-0017,83545,早川,9,幹線交通用地,2,0.021053
nlni_l03b_landuse_by_watershed,https://nlftp.mlit.go.jp/ksj/gml/datalist/KsjTmplt-L03-b.html#L03-b-06,2006,83545-0017,83545,早川,A,その他の用地,64,0.673451
nlni_l03b_landuse_by_watershed,https://nlftp.mlit.go.jp/ksj/gml/datalist/KsjTmplt-L03-b.html#L03-b-06,2006,83545-0017,83545,早川,B,河川地及び湖沼,643,6.766206
nlni_l03b_landuse_by_watershed,https://nlftp.mlit.go.jp/ksj/gml/datalist/KsjTmplt-L03-b.html#L03-b-06,2006,83545-0017,83545,早川,G,ゴルフ場,55,0.578768
nlni_l03b_landuse_by_watershed,https://nlftp.mlit.go.jp/ksj/gml/datalist/KsjTmplt-L03-b.html#L03-b-06,2006,83545-0018,83545,早川,5,森林,40,0.421053
nlni_l03b_landuse_by_watershed,https://nlftp.mlit.go.jp/ksj/gml/datalist/KsjTmplt-L03-b.html#L03-b-06,2006,83545-0018,83545,早川,6,荒地,20,0.210529
nlni_l03b_landuse_by_watershed,https://nlftp.mlit.go.jp/ksj/gml/datalist/KsjTmplt-L03-b.html#L03-b-06,2006,83545-0018,83545,早川,7,建物用地,7,0.07368
nlni_l03b_landuse_by_watershed,https://nlftp.mlit.go.jp/ksj/gml/datalist/KsjTmplt-L03-b.html#L03-b-06,2006,83545-0018,83545,早川,A,その他の用地,2,0.021052
nlni_l03b_landuse_by_watershed,https://nlftp.mlit.go.jp/ksj/gml/datalist/KsjTmplt-L03-b.html#L03-b-06,2006,83545-0018,83545,早川,G,ゴルフ場,23,0.242114
nlni_l03b_landuse_by_watershed,https://nlftp.mlit.go.jp/ksj/gml/datalist/KsjTmplt-L03-b.html#L03-b-06,2006,83545-0019,83545,森戸川,2,その他の農用地,1,0.010514
nlni_l03b_landuse_by_watershed,https://nlftp.mlit.go.jp/ksj/gml/datalist/KsjTmplt-L03-b.html#L03-b-06,2006,83545-0019,83545,森戸川,5,森林,1,0.010514
nlni_l03b_landuse_by_watershed,https://nlftp.mlit.go.jp/ksj/gml/datalist/KsjTmplt-L03-b.html#L03-b-06,2006,83545-0019,83545,森戸川,7,建物用地,11,0.115654
nlni_l03b_landuse_by_watershed,https://nlftp.mlit.go.jp/ksj/gml/datalist/KsjTmplt-L03-b.html#L03-b-06,2006,83545-0019,83545,森戸川,9,幹線交通用地,5,0.052571
nlni_l03b_landuse_by_watershed,https://nlftp.mlit.go.jp/ksj/gml/datalist/KsjTmplt-L03-b.html#L03-b-06,2006,83545-0019,83545,森戸川,A,その他の用地,2,0.021029
nlni_l03b_landuse_by_watershed,https://nlftp.mlit.go.jp/ksj/gml/datalist/KsjTmplt-L03-b.html#L03-b-06,2006,83545-0020,83545,森戸川,1,田,229,2.407073
nlni_l03b_landuse_by_watershed,https://nlftp.mlit.go.jp/ksj/gml/datalist/KsjTmplt-L03-b.html#L03-b-06,2006,83545-0020,83545,森戸川,2,その他の農用地,23,0.241757
nlni_l03b_landuse_by_watershed,https://nlftp.mlit.go.jp/ksj/gml/datalist/KsjTmplt-L03-b.html#L03-b-06,2006,83545-0020,83545,森戸川,5,森林,1,0.010509
nlni_l03b_landuse_by_watershed,https://nlftp.mlit.go.jp/ksj/gml/datalist/KsjTmplt-L03-b.html#L03-b-06,2006,83545-0020,83545,森戸川,6,荒地,4,0.042035
nlni_l03b_landuse_by_watershed,https://nlftp.mlit.go.jp/ksj/gml/datalist/KsjTmplt-L03-b.html#L03-b-06,2006,83545-0020,83545,森戸川,7,建物用地,291,3.059384
nlni_l03b_landuse_by_watershed,https://nlftp.mlit.go.jp/ksj/gml/datalist/KsjTmplt-L03-b.html#L03-b-06,2006,83545-0020,83545,森戸川,9,幹線交通用地,21,0.220782
nlni_l03b_landuse_by_watershed,https://nlftp.mlit.go.jp/ksj/gml/datalist/KsjTmplt-L03-b.html#L03-b-06,2006,83545-0020,83545,森戸川,A,その他の用地,38,0.399501
nlni_l03b_landuse_by_watershed,https://nlftp.mlit.go.jp/ksj/gml/datalist/KsjTmplt-L03-b.html#L03-b-06,2006,83545-0020,83545,森戸川,B,河川地及び湖沼,2,0.021026
nlni_l03b_landuse_by_watershed,https://nlftp.mlit.go.jp/ksj/gml/datalist/KsjTmplt-L03-b.html#L03-b-06,2006,83545-0021,83545,森戸川,1,田,174,1.829042
nlni_l03b_landuse_by_watershed,https://nlftp.mlit.go.jp/ksj/gml/datalist/KsjTmplt-L03-b.html#L03-b-06,2006,83545-0021,83545,森戸川,2,その他の農用地,471,4.950531
nlni_l03b_landuse_by_watershed,https://nlftp.mlit.go.jp/ksj/gml/datalist/KsjTmplt-L03-b.html#L03-b-06,2006,83545-0021,83545,森戸川,5,森林,126,1.324261
nlni_l03b_landuse_by_watershed,https://nlftp.mlit.go.jp/ksj/gml/datalist/KsjTmplt-L03-b.html#L03-b-06,2006,83545-0021,83545,森戸川,6,荒地,3,0.031539
nlni_l03b_landuse_by_watershed,https://nlftp.mlit.go.jp/ksj/gml/datalist/KsjTmplt-L03-b.html#L03-b-06,2006,83545-0021,83545,森戸川,7,建物用地,312,3.27977
nlni_l03b_landuse_by_watershed,https://nlftp.mlit.go.jp/ksj/gml/datalist/KsjTmplt-L03-b.html#L03-b-06,2006,83545-0021,83545,森戸川,9,幹線交通用地,28,0.294352
nlni_l03b_landuse_by_watershed,https://nlftp.mlit.go.jp/ksj/gml/datalist/KsjTmplt-L03-b.html#L03-b-06,2006,83545-0021,83545,森戸川,A,その他の用地,44,0.462571
nlni_l03b_landuse_by_watershed,https://nlftp.mlit.go.jp/ksj/gml/datalist/KsjTmplt-L03-b.html#L03-b-06,2006,83545-0021,83545,森戸川,B,河川地及び湖沼,1,0.010512
nlni_l03b_landuse_by_watershed,https://nlftp.mlit.go.jp/ksj/gml/datalist/KsjTmplt-L03-b.html#L03-b-06,2006,83545-0022,83545,森戸川,1,田,106,1.113917
nlni_l03b_landuse_by_watershed,https://nlftp.mlit.go.jp/ksj/gml/datalist/KsjTmplt-L03-b.html#L03-b-06,2006,83545-0022,83545,森戸川,2,その他の農用地,225,2.364222
nlni_l03b_landuse_by_watershed,https://nlftp.mlit.go.jp/ksj/gml/datalist/KsjTmplt-L03-b.html#L03-b-06,2006,83545-0022,83545,森戸川,5,森林,95,0.998171
nlni_l03b_landuse_by_watershed,https://nlftp.mlit.go.jp/ksj/gml/datalist/KsjTmplt-L03-b.html#L03-b-06,2006,83545-0022,83545,森戸川,6,荒地,2,0.021015
nlni_l03b_landuse_by_watershed,https://nlftp.mlit.go.jp/ksj/gml/datalist/KsjTmplt-L03-b.html#L03-b-06,2006,83545-0022,83545,森戸川,7,建物用地,108,1.134872
nlni_l03b_landuse_by_watershed,https://nlftp.mlit.go.jp/ksj/gml/datalist/KsjTmplt-L03-b.html#L03-b-06,2006,83545-0022,83545,森戸川,9,幹線交通用地,11,0.115577
nlni_l03b_landuse_by_watershed,https://nlftp.mlit.go.jp/ksj/gml/datalist/KsjTmplt-L03-b.html#L03-b-06,2006,83545-0022,83545,森戸川,A,その他の用地,14,0.147097
nlni_l03b_landuse_by_watershed,https://nlftp.mlit.go.jp/ksj/gml/datalist/KsjTmplt-L03-b.html#L03-b-06,2006,83545-0023,83545,中村川,1,田,65,0.683173
nlni_l03b_landuse_by_watershed,https://nlftp.mlit.go.jp/ksj/gml/datalist/KsjTmplt-L03-b.html#L03-b-06,2006,83545-0023,83545,中村川,2,その他の農用地,340,3.573479
nlni_l03b_landuse_by_watershed,https://nlftp.mlit.go.jp/ksj/gml/datalist/KsjTmplt-L03-b.html#L03-b-06,2006,83545-0023,83545,中村川,5,森林,74,0.77776
nlni_l03b_landuse_by_watershed,https://nlftp.mlit.go.jp/ksj/gml/datalist/KsjTmplt-L03-b.html#L03-b-06,2006,83545-0023,83545,中村川,6,荒地,7,0.07357
nlni_l03b_landuse_by_watershed,https://nlftp.mlit.go.jp/ksj/gml/datalist/KsjTmplt-L03-b.html#L03-b-06,2006,83545-0023,83545,中村川,7,建物用地,131,1.376914
nlni_l03b_landuse_by_watershed,https://nlftp.mlit.go.jp/ksj/gml/datalist/KsjTmplt-L03-b.html#L03-b-06,2006,83545-0023,83545,中村川,9,幹線交通用地,7,0.073584
nlni_l03b_landuse_by_watershed,https://nlftp.mlit.go.jp/ksj/gml/datalist/KsjTmplt-L03-b.html#L03-b-06,2006,83545-0023,83545,中村川,A,その他の用地,8,0.084086
nlni_l03b_landuse_by_watershed,https://nlftp.mlit.go.jp/ksj/gml/datalist/KsjTmplt-L03-b.html#L03-b-06,2006,83545-0023,83545,中村川,B,河川地及び湖沼,8,0.084083
nlni_l03b_landuse_by_watershed,https://nlftp.mlit.go.jp/ksj/gml/datalist/KsjTmplt-L03-b.html#L03-b-06,2006,83545-0024,83545,中村川,1,田,69,0.724991
nlni_l03b_landuse_by_watershed,https://nlftp.mlit.go.jp/ksj/gml/datalist/KsjTmplt-L03-b.html#L03-b-06,2006,83545-0024,83545,中村川,2,その他の農用地,663,6.966027
nlni_l03b_landuse_by_watershed,https://nlftp.mlit.go.jp/ksj/gml/datalist/KsjTmplt-L03-b.html#L03-b-06,2006,83545-0024,83545,中村川,5,森林,629,6.608412
nlni_l03b_landuse_by_watershed,https://nlftp.mlit.go.jp/ksj/gml/datalist/KsjTmplt-L03-b.html#L03-b-06,2006,83545-0024,83545,中村川,6,荒地,73,0.767134
nlni_l03b_landuse_by_watershed,https://nlftp.mlit.go.jp/ksj/gml/datalist/KsjTmplt-L03-b.html#L03-b-06,2006,83545-0024,83545,中村川,7,建物用地,112,1.176772
nlni_l03b_landuse_by_watershed,https://nlftp.mlit.go.jp/ksj/gml/datalist/KsjTmplt-L03-b.html#L03-b-06,2006,83545-0024,83545,中村川,9,幹線交通用地,23,0.241642
nlni_l03b_landuse_by_watershed,https://nlftp.mlit.go.jp/ksj/gml/datalist/KsjTmplt-L03-b.html#L03-b-06,2006,83545-0024,83545,中村川,A,その他の用地,47,0.493798
nlni_l03b_landuse_by_watershed,https://nlftp.mlit.go.jp/ksj/gml/datalist/KsjTmplt-L03-b.html#L03-b-06,2006,83545-0024,83545,中村川,B,河川地及び湖沼,8,0.08406
nlni_l03b_landuse_by_watershed,https://nlftp.mlit.go.jp/ksj/gml/datalist/KsjTmplt-L03-b.html#L03-b-06,2006,83545-0024,83545,中村川,G,ゴルフ場,60,0.630287
nlni_l03b_landuse_by_watershed,https://nlftp.mlit.go.jp/ksj/gml/datalist/KsjTmplt-L03-b.html#L03-b-06,2006,83545-0025,83545,中村川,1,田,1,0.010506
nlni_l03b_landuse_by_watershed,https://nlftp.mlit.go.jp/ksj/gml/datalist/KsjTmplt-L03-b.html#L03-b-06,2006,83545-0025,83545,中村川,2,その他の農用地,213,2.237641
nlni_l03b_landuse_by_watershed,https://nlftp.mlit.go.jp/ksj/gml/datalist/KsjTmplt-L03-b.html#L03-b-06,2006,83545-0025,83545,中村川,5,森林,124,1.302636
nlni_l03b_landuse_by_watershed,https://nlftp.mlit.go.jp/ksj/gml/datalist/KsjTmplt-L03-b.html#L03-b-06,2006,83545-0025,83545,中村川,6,荒地,4,0.042028
nlni_l03b_landuse_by_watershed,https://nlftp.mlit.go.jp/ksj/gml/datalist/KsjTmplt-L03-b.html#L03-b-06,2006,83545-0025,83545,中村川,7,建物用地,53,0.556782
nlni_l03b_landuse_by_watershed,https://nlftp.mlit.go.jp/ksj/gml/datalist/KsjTmplt-L03-b.html#L03-b-06,2006,83545-0025,83545,中村川,9,幹線交通用地,10,0.105052
nlni_l03b_landuse_by_watershed,https://nlftp.mlit.go.jp/ksj/gml/datalist/KsjTmplt-L03-b.html#L03-b-06,2006,83545-0025,83545,中村川,A,その他の用地,55,0.577822
nlni_l03b_landuse_by_watershed,https://nlftp.mlit.go.jp/ksj/gml/datalist/KsjTmplt-L03-b.html#L03-b-06,2006,83545-0025,83545,中村川,B,河川地及び湖沼,3,0.031511
nlni_l03b_landuse_by_watershed,https://nlftp.mlit.go.jp/ksj/gml/datalist/KsjTmplt-L03-b.html#L03-b-06,2006,83545-0025,83545,中村川,G,ゴルフ場,1,0.010505
nlni_l03b_landuse_by_watershed,https://nlftp.mlit.go.jp/ksj/gml/datalist/KsjTmplt-L03-b.html#L03-b-06,2006,83545-0026,83545,葛川,5,森林,5,0.052555
nlni_l03b_landuse_by_watershed,https://nlftp.mlit.go.jp/ksj/gml/datalist/KsjTmplt-L03-b.html#L03-b-06,2006,83545-0026,83545,葛川,7,建物用地,2,0.021022
nlni_l03b_landuse_by_watershed,https://nlftp.mlit.go.jp/ksj/gml/datalist/KsjTmplt-L03-b.html#L03-b-06,2006,83545-0026,83545,葛川,9,幹線交通用地,1,0.010511
nlni_l03b_landuse_by_watershed,https://nlftp.mlit.go.jp/ksj/gml/datalist/KsjTmplt-L03-b.html#L03-b-06,2006,83545-0026,83545,葛川,A,その他の用地,3,0.031533
nlni_l03b_landuse_by_watershed,https://nlftp.mlit.go.jp/ksj/gml/datalist/KsjTmplt-L03-b.html#L03-b-06,2006,83545-0027,83545,葛川,1,田,23,0.241687
nlni_l03b_landuse_by_watershed,https://nlftp.mlit.go.jp/ksj/gml/datalist/KsjTmplt-L03-b.html#L03-b-06,2006,83545-0027,83545,葛川,2,その他の農用地,509,5.348336
nlni_l03b_landuse_by_watershed,https://nlftp.mlit.go.jp/ksj/gml/datalist/KsjTmplt-L03-b.html#L03-b-06,2006,83545-0027,83545,葛川,5,森林,194,2.038593
nlni_l03b_landuse_by_watershed,https://nlftp.mlit.go.jp/ksj/gml/datalist/KsjTmplt-L03-b.html#L03-b-06,2006,83545-0027,83545,葛川,6,荒地,1,0.010509
nlni_l03b_landuse_by_watershed,https://nlftp.mlit.go.jp/ksj/gml/datalist/KsjTmplt-L03-b.html#L03-b-06,2006,83545-0027,83545,葛川,7,建物用地,396,4.161705
nlni_l03b_landuse_by_watershed,https://nlftp.mlit.go.jp/ksj/gml/datalist/KsjTmplt-L03-b.html#L03-b-06,2006,83545-0027,83545,葛川,9,幹線交通用地,33,0.346752
nlni_l03b_landuse_by_watershed,https://nlftp.mlit.go.jp/ksj/gml/datalist/KsjTmplt-L03-b.html#L03-b-06,2006,83545-0027,83545,葛川,A,その他の用地,77,0.80905
nlni_l03b_landuse_by_watershed,https://nlftp.mlit.go.jp/ksj/gml/datalist/KsjTmplt-L03-b.html#L03-b-06,2006,83545-0027,83545,葛川,B,河川地及び湖沼,2,0.02101
nlni_l03b_landuse_by_watershed,https://nlftp.mlit.go.jp/ksj/gml/datalist/KsjTmplt-L03-b.html#L03-b-06,2006,83545-0027,83545,葛川,G,ゴルフ場,93,0.977199
nlni_l03b_landuse_by_watershed,https://nlftp.mlit.go.jp/ksj/gml/datalist/KsjTmplt-L03-b.html#L03-b-06,2006,83545-0028,83545,葛川,1,田,63,0.66204
nlni_l03b_landuse_by_watershed,https://nlftp.mlit.go.jp/ksj/gml/datalist/KsjTmplt-L03-b.html#L03-b-06,2006,83545-0028,83545,葛川,2,その他の農用地,485,5.09625
nlni_l03b_landuse_by_watershed,https://nlftp.mlit.go.jp/ksj/gml/datalist/KsjTmplt-L03-b.html#L03-b-06,2006,83545-0028,83545,葛川,5,森林,465,4.886219
nlni_l03b_landuse_by_watershed,https://nlftp.mlit.go.jp/ksj/gml/datalist/KsjTmplt-L03-b.html#L03-b-06,2006,83545-0028,83545,葛川,6,荒地,20,0.210164
nlni_l03b_landuse_by_watershed,https://nlftp.mlit.go.jp/ksj/gml/datalist/KsjTmplt-L03-b.html#L03-b-06,2006,83545-0028,83545,葛川,7,建物用地,201,2.112249
nlni_l03b_landuse_by_watershed,https://nlftp.mlit.go.jp/ksj/gml/datalist/KsjTmplt-L03-b.html#L03-b-06,2006,83545-0028,83545,葛川,9,幹線交通用地,4,0.042035
nlni_l03b_landuse_by_watershed,https://nlftp.mlit.go.jp/ksj/gml/datalist/KsjTmplt-L03-b.html#L03-b-06,2006,83545-0028,83545,葛川,A,その他の用地,25,0.2627
nlni_l03b_landuse_by_watershed,https://nlftp.mlit.go.jp/ksj/gml/datalist/KsjTmplt-L03-b.html#L03-b-06,2006,83545-0028,83545,葛川,G,ゴルフ場,30,0.315216
nlni_l03b_landuse_by_watershed,https://nlftp.mlit.go.jp/ksj/gml/datalist/KsjTmplt-L03-b.html#L03-b-06,2006,83545-0029,83545,金目川,1,田,32,0.336176
nlni_l03b_landuse_by_watershed,https://nlftp.mlit.go.jp/ksj/gml/datalist/KsjTmplt-L03-b.html#L03-b-06,2006,83545-0029,83545,金目川,2,その他の農用地,150,1.575832
nlni_l03b_landuse_by_watershed,https://nlftp.mlit.go.jp/ksj/gml/datalist/KsjTmplt-L03-b.html#L03-b-06,2006,83545-0029,83545,金目川,5,森林,203,2.132703
nlni_l03b_landuse_by_watershed,https://nlftp.mlit.go.jp/ksj/gml/datalist/KsjTmplt-L03-b.html#L03-b-06,2006,83545-0029,83545,金目川,6,荒地,22,0.231129
nlni_l03b_landuse_by_watershed,https://nlftp.mlit.go.jp/ksj/gml/datalist/KsjTmplt-L03-b.html#L03-b-06,2006,83545-0029,83545,金目川,7,建物用地,73,0.766889
nlni_l03b_landuse_by_watershed,https://nlftp.mlit.go.jp/ksj/gml/datalist/KsjTmplt-L03-b.html#L03-b-06,2006,83545-0029,83545,金目川,9,幹線交通用地,2,0.021013
nlni_l03b_landuse_by_watershed,https://nlftp.mlit.go.jp/ksj/gml/datalist/KsjTmplt-L03-b.html#L03-b-06,2006,83545-0029,83545,金目川,A,その他の用地,51,0.535784
nlni_l03b_landuse_by_watershed,https://nlftp.mlit.go.jp/ksj/gml/datalist/KsjTmplt-L03-b.html#L03-b-06,2006,83545-0029,83545,金目川,B,河川地及び湖沼,3,0.031519
nlni_l03b_landuse_by_watershed,https://nlftp.mlit.go.jp/ksj/gml/datalist/KsjTmplt-L03-b.html#L03-b-06,2006,83545-0029,83545,金目川,G,ゴルフ場,88,0.924629
nlni_l03b_landuse_by_watershed,https://nlftp.mlit.go.jp/ksj/gml/datalist/KsjTmplt-L03-b.html#L03-b-06,2006,83545-0030,83545,金目川,1,田,48,0.504289
nlni_l03b_landuse_by_watershed,https://nlftp.mlit.go.jp/ksj/gml/datalist/KsjTmplt-L03-b.html#L03-b-06,2006,83545-0030,83545,金目川,2,その他の農用地,58,0.609428
nlni_l03b_landuse_by_watershed,https://nlftp.mlit.go.jp/ksj/gml/datalist/KsjTmplt-L03-b.html#L03-b-06,2006,83545-0030,83545,金目川,5,森林,160,1.681381
nlni_l03b_landuse_by_watershed,https://nlftp.mlit.go.jp/ksj/gml/datalist/KsjTmplt-L03-b.html#L03-b-06,2006,83545-0030,83545,金目川,6,荒地,11,0.115588
nlni_l03b_landuse_by_watershed,https://nlftp.mlit.go.jp/ksj/gml/datalist/KsjTmplt-L03-b.html#L03-b-06,2006,83545-0030,83545,金目川,7,建物用地,797,8.374512
nlni_l03b_landuse_by_watershed,https://nlftp.mlit.go.jp/ksj/gml/datalist/KsjTmplt-L03-b.html#L03-b-06,2006,83545-0030,83545,金目川,9,幹線交通用地,28,0.294216
nlni_l03b_landuse_by_watershed,https://nlftp.mlit.go.jp/ksj/gml/datalist/KsjTmplt-L03-b.html#L03-b-06,2006,83545-0030,83545,金目川,A,その他の用地,46,0.483289
nlni_l03b_landuse_by_watershed,https://nlftp.mlit.go.jp/ksj/gml/datalist/KsjTmplt-L03-b.html#L03-b-06,2006,83545-0030,83545,金目川,B,河川地及び湖沼,14,0.147117
nlni_l03b_landuse_by_watershed,https://nlftp.mlit.go.jp/ksj/gml/datalist/KsjTmplt-L03-b.html#L03-b-06,2006,83545-0030,83545,金目川,E,海浜,4,0.042039
nlni_l03b_landuse_by_watershed,https://nlftp.mlit.go.jp/ksj/gml/datalist/KsjTmplt-L03-b.html#L03-b-06,2006,83545-0031,83545,金目川,1,田,179,1.880264
nlni_l03b_landuse_by_watershed,https://nlftp.mlit.go.jp/ksj/gml/datalist/KsjTmplt-L03-b.html#L03-b-06,2006,83545-0031,83545,金目川,2,その他の農用地,138,1.449572
nlni_l03b_landuse_by_watershed,https://nlftp.mlit.go.jp/ksj/gml/datalist/KsjTmplt-L03-b.html#L03-b-06,2006,83545-0031,83545,金目川,5,森林,10,0.105046
nlni_l03b_landuse_by_watershed,https://nlftp.mlit.go.jp/ksj/gml/datalist/KsjTmplt-L03-b.html#L03-b-06,2006,83545-0031,83545,金目川,7,建物用地,324,3.40343
nlni_l03b_landuse_by_watershed,https://nlftp.mlit.go.jp/ksj/gml/datalist/KsjTmplt-L03-b.html#L03-b-06,2006,83545-0031,83545,金目川,9,幹線交通用地,2,0.021008
nlni_l03b_landuse_by_watershed,https://nlftp.mlit.go.jp/ksj/gml/datalist/KsjTmplt-L03-b.html#L03-b-06,2006,83545-0031,83545,金目川,A,その他の用地,39,0.409657
nlni_l03b_landuse_by_watershed,https://nlftp.mlit.go.jp/ksj/gml/datalist/KsjTmplt-L03-b.html#L03-b-06,2006,83545-0031,83545,金目川,B,河川地及び湖沼,23,0.241609
nlni_l03b_landuse_by_watershed,https://nlftp.mlit.go.jp/ksj/gml/datalist/KsjTmplt-L03-b.html#L03-b-06,2006,83545-0032,83545,金目川,1,田,2,0.021013
nlni_l03b_landuse_by_watershed,https://nlftp.mlit.go.jp/ksj/gml/datalist/KsjTmplt-L03-b.html#L03-b-06,2006,83545-0032,83545,金目川,2,その他の農用地,3,0.031521
nlni_l03b_landuse_by_watershed,https://nlftp.mlit.go.jp/ksj/gml/datalist/KsjTmplt-L03-b.html#L03-b-06,2006,83545-0032,83545,金目川,7,建物用地,219,2.30079
nlni_l03b_landuse_by_watershed,https://nlftp.mlit.go.jp/ksj/gml/datalist/KsjTmplt-L03-b.html#L03-b-06,2006,83545-0032,83545,金目川,9,幹線交通用地,2,0.021013
nlni_l03b_landuse_by_watershed,https://nlftp.mlit.go.jp/ksj/gml/datalist/KsjTmplt-L03-b.html#L03-b-06,2006,83545-0032,83545,金目川,A,その他の用地,32,0.336187
nlni_l03b_landuse_by_watershed,https://nlftp.mlit.go.jp/ksj/gml/datalist/KsjTmplt-L03-b.html#L03-b-06,2006,83545-0032,83545,金目川,B,河川地及び湖沼,4,0.042028
nlni_l03b_landuse_by_watershed,https://nlftp.mlit.go.jp/ksj/gml/datalist/KsjTmplt-L03-b.html#L03-b-06,2006,83545-0033,83545,引地川,1,田,68,0.71424
nlni_l03b_landuse_by_watershed,https://nlftp.mlit.go.jp/ksj/gml/datalist/KsjTmplt-L03-b.html#L03-b-06,2006,83545-0033,83545,引地川,2,その他の農用地,110,1.155324
nlni_l03b_landuse_by_watershed,https://nlftp.mlit.go.jp/ksj/gml/datalist/KsjTmplt-L03-b.html#L03-b-06,2006,83545-0033,83545,引地川,5,森林,90,0.945303
nlni_l03b_landuse_by_watershed,https://nlftp.mlit.go.jp/ksj/gml/datalist/KsjTmplt-L03-b.html#L03-b-06,2006,83545-0033,83545,引地川,6,荒地,19,0.199567
nlni_l03b_landuse_by_watershed,https://nlftp.mlit.go.jp/ksj/gml/datalist/KsjTmplt-L03-b.html#L03-b-06,2006,83545-0033,83545,引地川,7,建物用地,1014,10.652272
nlni_l03b_landuse_by_watershed,https://nlftp.mlit.go.jp/ksj/gml/datalist/KsjTmplt-L03-b.html#L03-b-06,2006,83545-0033,83545,引地川,9,幹線交通用地,57,0.598851
nlni_l03b_landuse_by_watershed,https://nlftp.mlit.go.jp/ksj/gml/datalist/KsjTmplt-L03-b.html#L03-b-06,2006,83545-0033,83545,引地川,A,その他の用地,353,3.707839
nlni_l03b_landuse_by_watershed,https://nlftp.mlit.go.jp/ksj/gml/datalist/KsjTmplt-L03-b.html#L03-b-06,2006,83545-0033,83545,引地川,B,河川地及び湖沼,29,0.304643
nlni_l03b_landuse_by_watershed,https://nlftp.mlit.go.jp/ksj/gml/datalist/KsjTmplt-L03-b.html#L03-b-06,2006,83545-0033,83545,引地川,G,ゴルフ場,49,0.514732
nlni_l03b_landuse_by_watershed,https://nlftp.mlit.go.jp/ksj/gml/datalist/KsjTmplt-L03-b.html#L03-b-06,2006,83545-0034,83545,金目川,1,田,66,0.693255
nlni_l03b_landuse_by_watershed,https://nlftp.mlit.go.jp/ksj/gml/datalist/KsjTmplt-L03-b.html#L03-b-06,2006,83545-0034,83545,金目川,2,その他の農用地,116,1.218456
nlni_l03b_landuse_by_watershed,https://nlftp.mlit.go.jp/ksj/gml/datalist/KsjTmplt-L03-b.html#L03-b-06,2006,83545-0034,83545,金目川,5,森林,25,0.262585
nlni_l03b_landuse_by_watershed,https://nlftp.mlit.go.jp/ksj/gml/datalist/KsjTmplt-L03-b.html#L03-b-06,2006,83545-0034,83545,金目川,7,建物用地,89,0.934826
nlni_l03b_landuse_by_watershed,https://nlftp.mlit.go.jp/ksj/gml/datalist/KsjTmplt-L03-b.html#L03-b-06,2006,83545-0034,83545,金目川,9,幹線交通用地,4,0.042015
nlni_l03b_landuse_by_watershed,https://nlftp.mlit.go.jp/ksj/gml/datalist/KsjTmplt-L03-b.html#L03-b-06,2006,83545-0034,83545,金目川,A,その他の用地,24,0.252081
nlni_l03b_landuse_by_watershed,https://nlftp.mlit.go.jp/ksj/gml/datalist/KsjTmplt-L03-b.html#L03-b-06,2006,83545-0034,83545,金目川,B,河川地及び湖沼,24,0.252099
nlni_l03b_landuse_by_watershed,https://nlftp.mlit.go.jp/ksj/gml/datalist/KsjTmplt-L03-b.html#L03-b-06,2006,83545-0035,83545,金目川,1,田,2,0.021006
nlni_l03b_landuse_by_watershed,https://nlftp.mlit.go.jp/ksj/gml/datalist/KsjTmplt-L03-b.html#L03-b-06,2006,83545-0035,83545,金目川,2,その他の農用地,26,0.273094
nlni_l03b_landuse_by_watershed,https://nlftp.mlit.go.jp/ksj/gml/datalist/KsjTmplt-L03-b.html#L03-b-06,2006,83545-0035,83545,金目川,5,森林,6,0.063023
nlni_l03b_landuse_by_watershed,https://nlftp.mlit.go.jp/ksj/gml/datalist/KsjTmplt-L03-b.html#L03-b-06,2006,83545-0035,83545,金目川,6,荒地,1,0.010504
nlni_l03b_landuse_by_watershed,https://nlftp.mlit.go.jp/ksj/gml/datalist/KsjTmplt-L03-b.html#L03-b-06,2006,83545-0035,83545,金目川,7,建物用地,34,0.357113
nlni_l03b_landuse_by_watershed,https://nlftp.mlit.go.jp/ksj/gml/datalist/KsjTmplt-L03-b.html#L03-b-06,2006,83545-0035,83545,金目川,9,幹線交通用地,4,0.042014
nlni_l03b_landuse_by_watershed,https://nlftp.mlit.go.jp/ksj/gml/datalist/KsjTmplt-L03-b.html#L03-b-06,2006,83545-0035,83545,金目川,A,その他の用地,6,0.063021
nlni_l03b_landuse_by_watershed,https://nlftp.mlit.go.jp/ksj/gml/datalist/KsjTmplt-L03-b.html#L03-b-06,2006,83545-0035,83545,金目川,B,河川地及び湖沼,1,0.010503
nlni_l03b_landuse_by_watershed,https://nlftp.mlit.go.jp/ksj/gml/datalist/KsjTmplt-L03-b.html#L03-b-06,2006,83545-0036,83545,金目川,1,田,11,0.115533
nlni_l03b_landuse_by_watershed,https://nlftp.mlit.go.jp/ksj/gml/datalist/KsjTmplt-L03-b.html#L03-b-06,2006,83545-0036,83545,金目川,2,その他の農用地,137,1.438937
nlni_l03b_landuse_by_watershed,https://nlftp.mlit.go.jp/ksj/gml/datalist/KsjTmplt-L03-b.html#L03-b-06,2006,83545-0036,83545,金目川,5,森林,103,1.081853
nlni_l03b_landuse_by_watershed,https://nlftp.mlit.go.jp/ksj/gml/datalist/KsjTmplt-L03-b.html#L03-b-06,2006,83545-0036,83545,金目川,7,建物用地,408,4.285021
nlni_l03b_landuse_by_watershed,https://nlftp.mlit.go.jp/ksj/gml/datalist/KsjTmplt-L03-b.html#L03-b-06,2006,83545-0036,83545,金目川,9,幹線交通用地,14,0.147026
nlni_l03b_landuse_by_watershed,https://nlftp.mlit.go.jp/ksj/gml/datalist/KsjTmplt-L03-b.html#L03-b-06,2006,83545-0036,83545,金目川,A,その他の用地,31,0.325586
nlni_l03b_landuse_by_watershed,https://nlftp.mlit.go.jp/ksj/gml/datalist/KsjTmplt-L03-b.html#L03-b-06,2006,83545-0037,83545,金目川,2,その他の農用地,154,1.616889
nlni_l03b_landuse_by_watershed,https://nlftp.mlit.go.jp/ksj/gml/datalist/KsjTmplt-L03-b.html#L03-b-06,2006,83545-0037,83545,金目川,5,森林,789,8.280174
nlni_l03b_landuse_by_watershed,https://nlftp.mlit.go.jp/ksj/gml/datalist/KsjTmplt-L03-b.html#L03-b-06,2006,83545-0037,83545,金目川,6,荒地,13,0.136414
nlni_l03b_landuse_by_watershed,https://nlftp.mlit.go.jp/ksj/gml/datalist/KsjTmplt-L03-b.html#L03-b-06,2006,83545-0037,83545,金目川,7,建物用地,461,4.840942
nlni_l03b_landuse_by_watershed,https://nlftp.mlit.go.jp/ksj/gml/datalist/KsjTmplt-L03-b.html#L03-b-06,2006,83545-0037,83545,金目川,9,幹線交通用地,11,0.115516
nlni_l03b_landuse_by_watershed,https://nlftp.mlit.go.jp/ksj/gml/datalist/KsjTmplt-L03-b.html#L03-b-06,2006,83545-0037,83545,金目川,A,その他の用地,102,1.07109
nlni_l03b_landuse_by_watershed,https://nlftp.mlit.go.jp/ksj/gml/datalist/KsjTmplt-L03-b.html#L03-b-06,2006,83545-0037,83545,金目川,B,河川地及び湖沼,25,0.262485
nlni_l03b_landuse_by_watershed,https://nlftp.mlit.go.jp/ksj/gml/datalist/KsjTmplt-L03-b.html#L03-b-06,2006,83545-0038,83545,金目川,1,田,24,0.252007
nlni_l03b_landuse_by_watershed,https://nlftp.mlit.go.jp/ksj/gml/datalist/KsjTmplt-L03-b.html#L03-b-06,2006,83545-0038,83545,金目川,2,その他の農用地,164,1.722088
nlni_l03b_landuse_by_watershed,https://nlftp.mlit.go.jp/ksj/gml/datalist/KsjTmplt-L03-b.html#L03-b-06,2006,83545-0038,83545,金目川,5,森林,181,1.900514
nlni_l03b_landuse_by_watershed,https://nlftp.mlit.go.jp/ksj/gml/datalist/KsjTmplt-L03-b.html#L03-b-06,2006,83545-0038,83545,金目川,6,荒地,3,0.031505
nlni_l03b_landuse_by_watershed,https://nlftp.mlit.go.jp/ksj/gml/datalist/KsjTmplt-L03-b.html#L03-b-06,2006,83545-0038,83545,金目川,7,建物用地,246,2.583276
nlni_l03b_landuse_by_watershed,https://nlftp.mlit.go.jp/ksj/gml/datalist/KsjTmplt-L03-b.html#L03-b-06,2006,83545-0038,83545,金目川,9,幹線交通用地,8,0.084011
nlni_l03b_landuse_by_watershed,https://nlftp.mlit.go.jp/ksj/gml/datalist/KsjTmplt-L03-b.html#L03-b-06,2006,83545-0038,83545,金目川,A,その他の用地,26,0.273034
nlni_l03b_landuse_by_watershed,https://nlftp.mlit.go.jp/ksj/gml/datalist/KsjTmplt-L03-b.html#L03-b-06,2006,83545-0038,83545,金目川,B,河川地及び湖沼,4,0.042006
nlni_l03b_landuse_by_watershed,https://nlftp.mlit.go.jp/ksj/gml/datalist/KsjTmplt-L03-b.html#L03-b-06,2006,83545-0038,83545,金目川,G,ゴルフ場,61,0.640426
nlni_l03b_landuse_by_watershed,https://nlftp.mlit.go.jp/ksj/gml/datalist/KsjTmplt-L03-b.html#L03-b-06,2006,83545-0039,83545,金目川,1,田,15,0.157471
nlni_l03b_landuse_by_watershed,https://nlftp.mlit.go.jp/ksj/gml/datalist/KsjTmplt-L03-b.html#L03-b-06,2006,83545-0039,83545,金目川,2,その他の農用地,251,2.635143
nlni_l03b_landuse_by_watershed,https://nlftp.mlit.go.jp/ksj/gml/datalist/KsjTmplt-L03-b.html#L03-b-06,2006,83545-0039,83545,金目川,5,森林,757,7.945817
nlni_l03b_landuse_by_watershed,https://nlftp.mlit.go.jp/ksj/gml/datalist/KsjTmplt-L03-b.html#L03-b-06,2006,83545-0039,83545,金目川,6,荒地,18,0.188931
nlni_l03b_landuse_by_watershed,https://nlftp.mlit.go.jp/ksj/gml/datalist/KsjTmplt-L03-b.html#L03-b-06,2006,83545-0039,83545,金目川,7,建物用地,285,2.99236
nlni_l03b_landuse_by_watershed,https://nlftp.mlit.go.jp/ksj/gml/datalist/KsjTmplt-L03-b.html#L03-b-06,2006,83545-0039,83545,金目川,9,幹線交通用地,1,0.010501
nlni_l03b_landuse_by_watershed,https://nlftp.mlit.go.jp/ksj/gml/datalist/KsjTmplt-L03-b.html#L03-b-06,2006,83545-0039,83545,金目川,A,その他の用地,35,0.367495
nlni_l03b_landuse_by_watershed,https://nlftp.mlit.go.jp/ksj/gml/datalist/KsjTmplt-L03-b.html#L03-b-06,2006,83545-0039,83545,金目川,B,河川地及び湖沼,15,0.157503
nlni_l03b_landuse_by_watershed,https://nlftp.mlit.go.jp/ksj/gml/datalist/KsjTmplt-L03-b.html#L03-b-06,2006,83545-0039,83545,金目川,G,ゴルフ場,121,1.270211
nlni_l03b_landuse_by_watershed,https://nlftp.mlit.go.jp/ksj/gml/datalist/KsjTmplt-L03-b.html#L03-b-06,2006,83545-0040,83545,金目川,1,田,40,0.419957
nlni_l03b_landuse_by_watershed,https://nlftp.mlit.go.jp/ksj/gml/datalist/KsjTmplt-L03-b.html#L03-b-06,2006,83545-0040,83545,金目川,2,その他の農用地,158,1.658786
nlni_l03b_landuse_by_watershed,https://nlftp.mlit.go.jp/ksj/gml/datalist/KsjTmplt-L03-b.html#L03-b-06,2006,83545-0040,83545,金目川,5,森林,734,7.704587
nlni_l03b_landuse_by_watershed,https://nlftp.mlit.go.jp/ksj/gml/datalist/KsjTmplt-L03-b.html#L03-b-06,2006,83545-0040,83545,金目川,6,荒地,15,0.157444
nlni_l03b_landuse_by_watershed,https://nlftp.mlit.go.jp/ksj/gml/datalist/KsjTmplt-L03-b.html#L03-b-06,2006,83545-0040,83545,金目川,7,建物用地,105,1.102411
nlni_l03b_landuse_by_watershed,https://nlftp.mlit.go.jp/ksj/gml/datalist/KsjTmplt-L03-b.html#L03-b-06,2006,83545-0040,83545,金目川,A,その他の用地,22,0.230995
nlni_l03b_landuse_by_watershed,https://nlftp.mlit.go.jp/ksj/gml/datalist/KsjTmplt-L03-b.html#L03-b-06,2006,83545-0040,83545,金目川,B,河川地及び湖沼,14,0.146996
nlni_l03b_landuse_by_watershed,https://nlftp.mlit.go.jp/ksj/gml/datalist/KsjTmplt-L03-b.html#L03-b-06,2006,83545-0040,83545,金目川,G,ゴルフ場,57,0.598399
nlni_l03b_landuse_by_watershed,https://nlftp.mlit.go.jp/ksj/gml/datalist/KsjTmplt-L03-b.html#L03-b-06,2006,83545-0041,83545,金目川,1,田,249,2.615293
nlni_l03b_landuse_by_watershed,https://nlftp.mlit.go.jp/ksj/gml/datalist/KsjTmplt-L03-b.html#L03-b-06,2006,83545-0041,83545,金目川,2,その他の農用地,13,0.136545
nlni_l03b_landuse_by_watershed,https://nlftp.mlit.go.jp/ksj/gml/datalist/KsjTmplt-L03-b.html#L03-b-06,2006,83545-0041,83545,金目川,5,森林,1,0.010502
nlni_l03b_landuse_by_watershed,https://nlftp.mlit.go.jp/ksj/gml/datalist/KsjTmplt-L03-b.html#L03-b-06,2006,83545-0041,83545,金目川,6,荒地,2,0.021008
nlni_l03b_landuse_by_watershed,https://nlftp.mlit.go.jp/ksj/gml/datalist/KsjTmplt-L03-b.html#L03-b-06,2006,83545-0041,83545,金目川,7,建物用地,138,1.449548
nlni_l03b_landuse_by_watershed,https://nlftp.mlit.go.jp/ksj/gml/datalist/KsjTmplt-L03-b.html#L03-b-06,2006,83545-0041,83545,金目川,9,幹線交通用地,11,0.115533
nlni_l03b_landuse_by_watershed,https://nlftp.mlit.go.jp/ksj/gml/datalist/KsjTmplt-L03-b.html#L03-b-06,2006,83545-0041,83545,金目川,A,その他の用地,2,0.021007
nlni_l03b_landuse_by_watershed,https://nlftp.mlit.go.jp/ksj/gml/datalist/KsjTmplt-L03-b.html#L03-b-06,2006,83545-0041,83545,金目川,B,河川地及び湖沼,5,0.052514
nlni_l03b_landuse_by_watershed,https://nlftp.mlit.go.jp/ksj/gml/datalist/KsjTmplt-L03-b.html#L03-b-06,2006,83545-0042,83545,金目川,1,田,67,0.703664
nlni_l03b_landuse_by_watershed,https://nlftp.mlit.go.jp/ksj/gml/datalist/KsjTmplt-L03-b.html#L03-b-06,2006,83545-0042,83545,金目川,2,その他の農用地,6,0.063016
nlni_l03b_landuse_by_watershed,https://nlftp.mlit.go.jp/ksj/gml/datalist/KsjTmplt-L03-b.html#L03-b-06,2006,83545-0042,83545,金目川,7,建物用地,9,0.094524
nlni_l03b_landuse_by_watershed,https://nlftp.mlit.go.jp/ksj/gml/datalist/KsjTmplt-L03-b.html#L03-b-06,2006,83545-0042,83545,金目川,B,河川地及び湖沼,1,0.010502
nlni_l03b_landuse_by_watershed,https://nlftp.mlit.go.jp/ksj/gml/datalist/KsjTmplt-L03-b.html#L03-b-06,2006,83545-0043,83545,金目川,1,田,38,0.399067
nlni_l03b_landuse_by_watershed,https://nlftp.mlit.go.jp/ksj/gml/datalist/KsjTmplt-L03-b.html#L03-b-06,2006,83545-0043,83545,金目川,2,その他の農用地,142,1.491297
nlni_l03b_landuse_by_watershed,https://nlftp.mlit.go.jp/ksj/gml/datalist/KsjTmplt-L03-b.html#L03-b-06,2006,83545-0043,83545,金目川,5,森林,114,1.197167
nlni_l03b_landuse_by_watershed,https://nlftp.mlit.go.jp/ksj/gml/datalist/KsjTmplt-L03-b.html#L03-b-06,2006,83545-0043,83545,金目川,6,荒地,8,0.084016
nlni_l03b_landuse_by_watershed,https://nlftp.mlit.go.jp/ksj/gml/datalist/KsjTmplt-L03-b.html#L03-b-06,2006,83545-0043,83545,金目川,7,建物用地,378,3.969762
nlni_l03b_landuse_by_watershed,https://nlftp.mlit.go.jp/ksj/gml/datalist/KsjTmplt-L03-b.html#L03-b-06,2006,83545-0043,83545,金目川,9,幹線交通用地,14,0.147029
nlni_l03b_landuse_by_watershed,https://nlftp.mlit.go.jp/ksj/gml/datalist/KsjTmplt-L03-b.html#L03-b-06,2006,83545-0043,83545,金目川,A,その他の用地,18,0.189039
nlni_l03b_landuse_by_watershed,https://nlftp.mlit.go.jp/ksj/gml/datalist/KsjTmplt-L03-b.html#L03-b-06,2006,83545-0044,83545,金目川,1,田,81,0.850566
nlni_l03b_landuse_by_watershed,https://nlftp.mlit.go.jp/ksj/gml/datalist/KsjTmplt-L03-b.html#L03-b-06,2006,83545-0044,83545,金目川,2,その他の農用地,117,1.228491
nlni_l03b_landuse_by_watershed,https://nlftp.mlit.go.jp/ksj/gml/datalist/KsjTmplt-L03-b.html#L03-b-06,2006,83545-0044,83545,金目川,5,森林,142,1.490976
nlni_l03b_landuse_by_watershed,https://nlftp.mlit.go.jp/ksj/gml/datalist/KsjTmplt-L03-b.html#L03-b-06,2006,83545-0044,83545,金目川,6,荒地,16,0.168006
nlni_l03b_landuse_by_watershed,https://nlftp.mlit.go.jp/ksj/gml/datalist/KsjTmplt-L03-b.html#L03-b-06,2006,83545-0044,83545,金目川,7,建物用地,63,0.661512
nlni_l03b_landuse_by_watershed,https://nlftp.mlit.go.jp/ksj/gml/datalist/KsjTmplt-L03-b.html#L03-b-06,2006,83545-0044,83545,金目川,9,幹線交通用地,10,0.105001
nlni_l03b_landuse_by_watershed,https://nlftp.mlit.go.jp/ksj/gml/datalist/KsjTmplt-L03-b.html#L03-b-06,2006,83545-0044,83545,金目川,A,その他の用地,7,0.0735
nlni_l03b_landuse_by_watershed,https://nlftp.mlit.go.jp/ksj/gml/datalist/KsjTmplt-L03-b.html#L03-b-06,2006,83545-0045,83545,金目川,1,田,115,1.207556
nlni_l03b_landuse_by_watershed,https://nlftp.mlit.go.jp/ksj/gml/datalist/KsjTmplt-L03-b.html#L03-b-06,2006,83545-0045,83545,金目川,2,その他の農用地,158,1.658797
nlni_l03b_landuse_by_watershed,https://nlftp.mlit.go.jp/ksj/gml/datalist/KsjTmplt-L03-b.html#L03-b-06,2006,83545-0045,83545,金目川,5,森林,166,1.742726
nlni_l03b_landuse_by_watershed,https://nlftp.mlit.go.jp/ksj/gml/datalist/KsjTmplt-L03-b.html#L03-b-06,2006,83545-0045,83545,金目川,6,荒地,1,0.010498
nlni_l03b_landuse_by_watershed,https://nlftp.mlit.go.jp/ksj/gml/datalist/KsjTmplt-L03-b.html#L03-b-06,2006,83545-0045,83545,金目川,7,建物用地,276,2.89774
nlni_l03b_landuse_by_watershed,https://nlftp.mlit.go.jp/ksj/gml/datalist/KsjTmplt-L03-b.html#L03-b-06,2006,83545-0045,83545,金目川,9,幹線交通用地,9,0.094489
nlni_l03b_landuse_by_watershed,https://nlftp.mlit.go.jp/ksj/gml/datalist/KsjTmplt-L03-b.html#L03-b-06,2006,83545-0045,83545,金目川,A,その他の用地,23,0.241486
nlni_l03b_landuse_by_watershed,https://nlftp.mlit.go.jp/ksj/gml/datalist/KsjTmplt-L03-b.html#L03-b-06,2006,83545-0045,83545,金目川,G,ゴルフ場,10,0.104977
nlni_l03b_landuse_by_watershed,https://nlftp.mlit.go.jp/ksj/gml/datalist/KsjTmplt-L03-b.html#L03-b-06,2006,83545-0046,83545,金目川,1,田,37,0.388404
nlni_l03b_landuse_by_watershed,https://nlftp.mlit.go.jp/ksj/gml/datalist/KsjTmplt-L03-b.html#L03-b-06,2006,83545-0046,83545,金目川,2,その他の農用地,81,0.850256
nlni_l03b_landuse_by_watershed,https://nlftp.mlit.go.jp/ksj/gml/datalist/KsjTmplt-L03-b.html#L03-b-06,2006,83545-0046,83545,金目川,5,森林,809,8.491097
nlni_l03b_landuse_by_watershed,https://nlftp.mlit.go.jp/ksj/gml/datalist/KsjTmplt-L03-b.html#L03-b-06,2006,83545-0046,83545,金目川,6,荒地,2,0.02099
nlni_l03b_landuse_by_watershed,https://nlftp.mlit.go.jp/ksj/gml/datalist/KsjTmplt-L03-b.html#L03-b-06,2006,83545-0046,83545,金目川,7,建物用地,55,0.57732
nlni_l03b_landuse_by_watershed,https://nlftp.mlit.go.jp/ksj/gml/datalist/KsjTmplt-L03-b.html#L03-b-06,2006,83545-0046,83545,金目川,A,その他の用地,1,0.010497
nlni_l03b_landuse_by_watershed,https://nlftp.mlit.go.jp/ksj/gml/datalist/KsjTmplt-L03-b.html#L03-b-06,2006,83545-0046,83545,金目川,G,ゴルフ場,56,0.587837
nlni_l03b_landuse_by_watershed,https://nlftp.mlit.go.jp/ksj/gml/datalist/KsjTmplt-L03-b.html#L03-b-06,2006,83545-0047,83545,金目川,1,田,473,4.967612
nlni_l03b_landuse_by_watershed,https://nlftp.mlit.go.jp/ksj/gml/datalist/KsjTmplt-L03-b.html#L03-b-06,2006,83545-0047,83545,金目川,2,その他の農用地,272,2.856393
nlni_l03b_landuse_by_watershed,https://nlftp.mlit.go.jp/ksj/gml/datalist/KsjTmplt-L03-b.html#L03-b-06,2006,83545-0047,83545,金目川,5,森林,6,0.063008
nlni_l03b_landuse_by_watershed,https://nlftp.mlit.go.jp/ksj/gml/datalist/KsjTmplt-L03-b.html#L03-b-06,2006,83545-0047,83545,金目川,6,荒地,2,0.021008
nlni_l03b_landuse_by_watershed,https://nlftp.mlit.go.jp/ksj/gml/datalist/KsjTmplt-L03-b.html#L03-b-06,2006,83545-0047,83545,金目川,7,建物用地,825,8.66434
nlni_l03b_landuse_by_watershed,https://nlftp.mlit.go.jp/ksj/gml/datalist/KsjTmplt-L03-b.html#L03-b-06,2006,83545-0047,83545,金目川,9,幹線交通用地,28,0.294042
nlni_l03b_landuse_by_watershed,https://nlftp.mlit.go.jp/ksj/gml/datalist/KsjTmplt-L03-b.html#L03-b-06,2006,83545-0047,83545,金目川,A,その他の用地,52,0.546119
nlni_l03b_landuse_by_watershed,https://nlftp.mlit.go.jp/ksj/gml/datalist/KsjTmplt-L03-b.html#L03-b-06,2006,83545-0047,83545,金目川,B,河川地及び湖沼,7,0.073529
nlni_l03b_landuse_by_watershed,https://nlftp.mlit.go.jp/ksj/gml/datalist/KsjTmplt-L03-b.html#L03-b-06,2006,83545-0048,83545,相模川,1,田,205,2.15225
nlni_l03b_landuse_by_watershed,https://nlftp.mlit.go.jp/ksj/gml/datalist/KsjTmplt-L03-b.html#L03-b-06,2006,83545-0048,83545,相模川,2,その他の農用地,25,0.26247
nlni_l03b_landuse_by_watershed,https://nlftp.mlit.go.jp/ksj/gml/datalist/KsjTmplt-L03-b.html#L03-b-06,2006,83545-0048,83545,相模川,5,森林,5,0.052475
nlni_l03b_landuse_by_watershed,https://nlftp.mlit.go.jp/ksj/gml/datalist/KsjTmplt-L03-b.html#L03-b-06,2006,83545-0048,83545,相模川,7,建物用地,218,2.288478
nlni_l03b_landuse_by_watershed,https://nlftp.mlit.go.jp/ksj/gml/datalist/KsjTmplt-L03-b.html#L03-b-06,2006,83545-0048,83545,相模川,9,幹線交通用地,21,0.220432
nlni_l03b_landuse_by_watershed,https://nlftp.mlit.go.jp/ksj/gml/datalist/KsjTmplt-L03-b.html#L03-b-06,2006,83545-0048,83545,相模川,A,その他の用地,32,0.33593
nlni_l03b_landuse_by_watershed,https://nlftp.mlit.go.jp/ksj/gml/datalist/KsjTmplt-L03-b.html#L03-b-06,2006,83545-0048,83545,相模川,B,河川地及び湖沼,1,0.0105
nlni_l03b_landuse_by_watershed,https://nlftp.mlit.go.jp/ksj/gml/datalist/KsjTmplt-L03-b.html#L03-b-06,2006,83545-0049,83545,金目川,1,田,202,2.120732
nlni_l03b_landuse_by_watershed,https://nlftp.mlit.go.jp/ksj/gml/datalist/KsjTmplt-L03-b.html#L03-b-06,2006,83545-0049,83545,金目川,2,その他の農用地,131,1.375083
nlni_l03b_landuse_by_watershed,https://nlftp.mlit.go.jp/ksj/gml/datalist/KsjTmplt-L03-b.html#L03-b-06,2006,83545-0049,83545,金目川,5,森林,78,0.818693
nlni_l03b_landuse_by_watershed,https://nlftp.mlit.go.jp/ksj/gml/datalist/KsjTmplt-L03-b.html#L03-b-06,2006,83545-0049,83545,金目川,6,荒地,25,0.262441
nlni_l03b_landuse_by_watershed,https://nlftp.mlit.go.jp/ksj/gml/datalist/KsjTmplt-L03-b.html#L03-b-06,2006,83545-0049,83545,金目川,7,建物用地,325,3.411524
nlni_l03b_landuse_by_watershed,https://nlftp.mlit.go.jp/ksj/gml/datalist/KsjTmplt-L03-b.html#L03-b-06,2006,83545-0049,83545,金目川,9,幹線交通用地,29,0.304414
nlni_l03b_landuse_by_watershed,https://nlftp.mlit.go.jp/ksj/gml/datalist/KsjTmplt-L03-b.html#L03-b-06,2006,83545-0049,83545,金目川,A,その他の用地,49,0.514372
nlni_l03b_landuse_by_watershed,https://nlftp.mlit.go.jp/ksj/gml/datalist/KsjTmplt-L03-b.html#L03-b-06,2006,83545-0049,83545,金目川,B,河川地及び湖沼,3,0.031498
nlni_l03b_landuse_by_watershed,https://nlftp.mlit.go.jp/ksj/gml/datalist/KsjTmplt-L03-b.html#L03-b-06,2006,83545-0050,83545,金目川,1,田,257,2.698202
nlni_l03b_landuse_by_watershed,https://nlftp.mlit.go.jp/ksj/gml/datalist/KsjTmplt-L03-b.html#L03-b-06,2006,83545-0050,83545,金目川,2,その他の農用地,350,3.673915
nlni_l03b_landuse_by_watershed,https://nlftp.mlit.go.jp/ksj/gml/datalist/KsjTmplt-L03-b.html#L03-b-06,2006,83545-0050,83545,金目川,5,森林,155,1.626823
nlni_l03b_landuse_by_watershed,https://nlftp.mlit.go.jp/ksj/gml/datalist/KsjTmplt-L03-b.html#L03-b-06,2006,83545-0050,83545,金目川,6,荒地,10,0.104972
nlni_l03b_landuse_by_watershed,https://nlftp.mlit.go.jp/ksj/gml/datalist/KsjTmplt-L03-b.html#L03-b-06,2006,83545-0050,83545,金目川,7,建物用地,288,3.023353
nlni_l03b_landuse_by_watershed,https://nlftp.mlit.go.jp/ksj/gml/datalist/KsjTmplt-L03-b.html#L03-b-06,2006,83545-0050,83545,金目川,9,幹線交通用地,18,0.188973
nlni_l03b_landuse_by_watershed,https://nlftp.mlit.go.jp/ksj/gml/datalist/KsjTmplt-L03-b.html#L03-b-06,2006,83545-0050,83545,金目川,A,その他の用地,53,0.556343
nlni_l03b_landuse_by_watershed,https://nlftp.mlit.go.jp/ksj/gml/datalist/KsjTmplt-L03-b.html#L03-b-06,2006,83545-0050,83545,金目川,B,河川地及び湖沼,2,0.020999
nlni_l03b_landuse_by_watershed,https://nlftp.mlit.go.jp/ksj/gml/datalist/KsjTmplt-L03-b.html#L03-b-06,2006,83545-0051,83545,引地川,1,田,4,0.041994
nlni_l03b_landuse_by_watershed,https://nlftp.mlit.go.jp/ksj/gml/datalist/KsjTmplt-L03-b.html#L03-b-06,2006,83545-0051,83545,引地川,2,その他の農用地,161,1.689998
nlni_l03b_landuse_by_watershed,https://nlftp.mlit.go.jp/ksj/gml/datalist/KsjTmplt-L03-b.html#L03-b-06,2006,83545-0051,83545,引地川,5,森林,49,0.51436
nlni_l03b_landuse_by_watershed,https://nlftp.mlit.go.jp/ksj/gml/datalist/KsjTmplt-L03-b.html#L03-b-06,2006,83545-0051,83545,引地川,6,荒地,5,0.052493
nlni_l03b_landuse_by_watershed,https://nlftp.mlit.go.jp/ksj/gml/datalist/KsjTmplt-L03-b.html#L03-b-06,2006,83545-0051,83545,引地川,7,建物用地,228,2.393629
nlni_l03b_landuse_by_watershed,https://nlftp.mlit.go.jp/ksj/gml/datalist/KsjTmplt-L03-b.html#L03-b-06,2006,83545-0051,83545,引地川,9,幹線交通用地,4,0.041991
nlni_l03b_landuse_by_watershed,https://nlftp.mlit.go.jp/ksj/gml/datalist/KsjTmplt-L03-b.html#L03-b-06,2006,83545-0051,83545,引地川,A,その他の用地,111,1.165351
nlni_l03b_landuse_by_watershed,https://nlftp.mlit.go.jp/ksj/gml/datalist/KsjTmplt-L03-b.html#L03-b-06,2006,83545-0051,83545,引地川,B,河川地及び湖沼,1,0.010496
nlni_l03b_landuse_by_watershed,https://nlftp.mlit.go.jp/ksj/gml/datalist/KsjTmplt-L03-b.html#L03-b-06,2006,83545-0052,83545,引地川,1,田,12,0.125975
nlni_l03b_landuse_by_watershed,https://nlftp.mlit.go.jp/ksj/gml/datalist/KsjTmplt-L03-b.html#L03-b-06,2006,83545-0052,83545,引地川,2,その他の農用地,33,0.346471
nlni_l03b_landuse_by_watershed,https://nlftp.mlit.go.jp/ksj/gml/datalist/KsjTmplt-L03-b.html#L03-b-06,2006,83545-0052,83545,引地川,5,森林,15,0.157495
nlni_l03b_landuse_by_watershed,https://nlftp.mlit.go.jp/ksj/gml/datalist/KsjTmplt-L03-b.html#L03-b-06,2006,83545-0052,83545,引地川,6,荒地,3,0.031502
nlni_l03b_landuse_by_watershed,https://nlftp.mlit.go.jp/ksj/gml/datalist/KsjTmplt-L03-b.html#L03-b-06,2006,83545-0052,83545,引地川,7,建物用地,357,3.748267
nlni_l03b_landuse_by_watershed,https://nlftp.mlit.go.jp/ksj/gml/datalist/KsjTmplt-L03-b.html#L03-b-06,2006,83545-0052,83545,引地川,9,幹線交通用地,11,0.115496
nlni_l03b_landuse_by_watershed,https://nlftp.mlit.go.jp/ksj/gml/datalist/KsjTmplt-L03-b.html#L03-b-06,2006,83545-0052,83545,引地川,A,その他の用地,168,1.763895
nlni_l03b_landuse_by_watershed,https://nlftp.mlit.go.jp/ksj/gml/datalist/KsjTmplt-L03-b.html#L03-b-06,2006,83545-0052,83545,引地川,B,河川地及び湖沼,12,0.125988
nlni_l03b_landuse_by_watershed,https://nlftp.mlit.go.jp/ksj/gml/datalist/KsjTmplt-L03-b.html#L03-b-06,2006,83545-0053,83545,引地川,2,その他の農用地,4,0.04199
nlni_l03b_landuse_by_watershed,https://nlftp.mlit.go.jp/ksj/gml/datalist/KsjTmplt-L03-b.html#L03-b-06,2006,83545-0053,83545,引地川,5,森林,5,0.052486
nlni_l03b_landuse_by_watershed,https://nlftp.mlit.go.jp/ksj/gml/datalist/KsjTmplt-L03-b.html#L03-b-06,2006,83545-0053,83545,引地川,7,建物用地,57,0.598323
nlni_l03b_landuse_by_watershed,https://nlftp.mlit.go.jp/ksj/gml/datalist/KsjTmplt-L03-b.html#L03-b-06,2006,83545-0053,83545,引地川,A,その他の用地,11,0.115466
nlni_l03b_landuse_by_watershed,https://nlftp.mlit.go.jp/ksj/gml/datalist/KsjTmplt-L03-b.html#L03-b-06,2006,83545-0053,83545,引地川,B,河川地及び湖沼,1,0.010497
nlni_l03b_landuse_by_watershed,https://nlftp.mlit.go.jp/ksj/gml/datalist/KsjTmplt-L03-b.html#L03-b-06,2006,83545-0054,83545,引地川,1,田,9,0.09446
nlni_l03b_landuse_by_watershed,https://nlftp.mlit.go.jp/ksj/gml/datalist/KsjTmplt-L03-b.html#L03-b-06,2006,83545-0054,83545,引地川,2,その他の農用地,89,0.934039
nlni_l03b_landuse_by_watershed,https://nlftp.mlit.go.jp/ksj/gml/datalist/KsjTmplt-L03-b.html#L03-b-06,2006,83545-0054,83545,引地川,5,森林,34,0.356799
nlni_l03b_landuse_by_watershed,https://nlftp.mlit.go.jp/ksj/gml/datalist/KsjTmplt-L03-b.html#L03-b-06,2006,83545-0054,83545,引地川,6,荒地,9,0.09445
nlni_l03b_landuse_by_watershed,https://nlftp.mlit.go.jp/ksj/gml/datalist/KsjTmplt-L03-b.html#L03-b-06,2006,83545-0054,83545,引地川,7,建物用地,351,3.68315
nlni_l03b_landuse_by_watershed,https://nlftp.mlit.go.jp/ksj/gml/datalist/KsjTmplt-L03-b.html#L03-b-06,2006,83545-0054,83545,引地川,9,幹線交通用地,6,0.062956
nlni_l03b_landuse_by_watershed,https://nlftp.mlit.go.jp/ksj/gml/datalist/KsjTmplt-L03-b.html#L03-b-06,2006,83545-0054,83545,引地川,A,その他の用地,74,0.776512
nlni_l03b_landuse_by_watershed,https://nlftp.mlit.go.jp/ksj/gml/datalist/KsjTmplt-L03-b.html#L03-b-06,2006,83545-0054,83545,引地川,G,ゴルフ場,15,0.157429
nlni_l03b_landuse_by_watershed,https://nlftp.mlit.go.jp/ksj/gml/datalist/KsjTmplt-L03-b.html#L03-b-06,2006,83545-0055,83545,引地川,1,田,1,0.010495
nlni_l03b_landuse_by_watershed,https://nlftp.mlit.go.jp/ksj/gml/datalist/KsjTmplt-L03-b.html#L03-b-06,2006,83545-0055,83545,引地川,2,その他の農用地,16,0.167903
nlni_l03b_landuse_by_watershed,https://nlftp.mlit.go.jp/ksj/gml/datalist/KsjTmplt-L03-b.html#L03-b-06,2006,83545-0055,83545,引地川,5,森林,42,0.440685
nlni_l03b_landuse_by_watershed,https://nlftp.mlit.go.jp/ksj/gml/datalist/KsjTmplt-L03-b.html#L03-b-06,2006,83545-0055,83545,引地川,6,荒地,11,0.115416
nlni_l03b_landuse_by_watershed,https://nlftp.mlit.go.jp/ksj/gml/datalist/KsjTmplt-L03-b.html#L03-b-06,2006,83545-0055,83545,引地川,7,建物用地,373,3.913223
nlni_l03b_landuse_by_watershed,https://nlftp.mlit.go.jp/ksj/gml/datalist/KsjTmplt-L03-b.html#L03-b-06,2006,83545-0055,83545,引地川,9,幹線交通用地,20,0.209824
nlni_l03b_landuse_by_watershed,https://nlftp.mlit.go.jp/ksj/gml/datalist/KsjTmplt-L03-b.html#L03-b-06,2006,83545-0055,83545,引地川,A,その他の用地,352,3.693087
nlni_l03b_landuse_by_watershed,https://nlftp.mlit.go.jp/ksj/gml/datalist/KsjTmplt-L03-b.html#L03-b-06,2006,83545-0055,83545,引地川,B,河川地及び湖沼,4,0.041979
nlni_l03b_landuse_by_watershed,https://nlftp.mlit.go.jp/ksj/gml/datalist/KsjTmplt-L03-b.html#L03-b-06,2006,83545-0055,83545,引地川,G,ゴルフ場,35,0.367328
nlni_l03b_landuse_by_watershed,https://nlftp.mlit.go.jp/ksj/gml/datalist/KsjTmplt-L03-b.html#L03-b-06,2006,83545-0056,83545,引地川,1,田,23,0.241414
nlni_l03b_landuse_by_watershed,https://nlftp.mlit.go.jp/ksj/gml/datalist/KsjTmplt-L03-b.html#L03-b-06,2006,83545-0056,83545,引地川,2,その他の農用地,73,0.76605
nlni_l03b_landuse_by_watershed,https://nlftp.mlit.go.jp/ksj/gml/datalist/KsjTmplt-L03-b.html#L03-b-06,2006,83545-0056,83545,引地川,5,森林,81,0.84964
nlni_l03b_landuse_by_watershed,https://nlftp.mlit.go.jp/ksj/gml/datalist/KsjTmplt-L03-b.html#L03-b-06,2006,83545-0056,83545,引地川,6,荒地,3,0.031475
nlni_l03b_landuse_by_watershed,https://nlftp.mlit.go.jp/ksj/gml/datalist/KsjTmplt-L03-b.html#L03-b-06,2006,83545-0056,83545,引地川,7,建物用地,1091,11.445042
nlni_l03b_landuse_by_watershed,https://nlftp.mlit.go.jp/ksj/gml/datalist/KsjTmplt-L03-b.html#L03-b-06,2006,83545-0056,83545,引地川,9,幹線交通用地,65,0.681834
nlni_l03b_landuse_by_watershed,https://nlftp.mlit.go.jp/ksj/gml/datalist/KsjTmplt-L03-b.html#L03-b-06,2006,83545-0056,83545,引地川,A,その他の用地,311,3.262768
nlni_l03b_landuse_by_watershed,https://nlftp.mlit.go.jp/ksj/gml/datalist/KsjTmplt-L03-b.html#L03-b-06,2006,83545-0056,83545,引地川,B,河川地及び湖沼,8,0.083941
nlni_l03b_landuse_by_watershed,https://nlftp.mlit.go.jp/ksj/gml/datalist/KsjTmplt-L03-b.html#L03-b-06,2006,83545-0056,83545,引地川,G,ゴルフ場,40,0.419509
nlni_l03b_landuse_by_watershed,https://nlftp.mlit.go.jp/ksj/gml/datalist/KsjTmplt-L03-b.html#L03-b-06,2006,85045-0010,85045,,1,田,68,0.715748
nlni_l03b_landuse_by_watershed,https://nlftp.mlit.go.jp/ksj/gml/datalist/KsjTmplt-L03-b.html#L03-b-06,2006,85045-0010,85045,,2,その他の農用地,33,0.347387
nlni_l03b_landuse_by_watershed,https://nlftp.mlit.go.jp/ksj/gml/datalist/KsjTmplt-L03-b.html#L03-b-06,2006,85045-0010,85045,,5,森林,213,2.242087
nlni_l03b_landuse_by_watershed,https://nlftp.mlit.go.jp/ksj/gml/datalist/KsjTmplt-L03-b.html#L03-b-06,2006,85045-0010,85045,,6,荒地,1,0.010527
nlni_l03b_landuse_by_watershed,https://nlftp.mlit.go.jp/ksj/gml/datalist/KsjTmplt-L03-b.html#L03-b-06,2006,85045-0010,85045,,7,建物用地,129,1.357977
nlni_l03b_landuse_by_watershed,https://nlftp.mlit.go.jp/ksj/gml/datalist/KsjTmplt-L03-b.html#L03-b-06,2006,85045-0010,85045,,9,幹線交通用地,24,0.252648
nlni_l03b_landuse_by_watershed,https://nlftp.mlit.go.jp/ksj/gml/datalist/KsjTmplt-L03-b.html#L03-b-06,2006,85045-0010,85045,,A,その他の用地,21,0.221053
nlni_l03b_landuse_by_watershed,https://nlftp.mlit.go.jp/ksj/gml/datalist/KsjTmplt-L03-b.html#L03-b-06,2006,85045-0010,85045,,B,河川地及び湖沼,5,0.052636
nlni_l03b_landuse_by_watershed,https://nlftp.mlit.go.jp/ksj/gml/datalist/KsjTmplt-L03-b.html#L03-b-06,2006,85045-0010,85045,,G,ゴルフ場,24,0.252632
nlni_l03b_landuse_by_watershed,https://nlftp.mlit.go.jp/ksj/gml/datalist/KsjTmplt-L03-b.html#L03-b-06,2006,85045-0013,85045,,A,その他の用地,2,0.021055
nlni_l03b_landuse_by_watershed,https://nlftp.mlit.go.jp/ksj/gml/datalist/KsjTmplt-L03-b.html#L03-b-06,2006,85045-0015,85045,,2,その他の農用地,2,0.021051
nlni_l03b_landuse_by_watershed,https://nlftp.mlit.go.jp/ksj/gml/datalist/KsjTmplt-L03-b.html#L03-b-06,2006,85045-0015,85045,,5,森林,107,1.126188
nlni_l03b_landuse_by_watershed,https://nlftp.mlit.go.jp/ksj/gml/datalist/KsjTmplt-L03-b.html#L03-b-06,2006,85045-0015,85045,,7,建物用地,24,0.252593
nlni_l03b_landuse_by_watershed,https://nlftp.mlit.go.jp/ksj/gml/datalist/KsjTmplt-L03-b.html#L03-b-06,2006,85045-0015,85045,,A,その他の用地,11,0.115774
nlni_l03b_landuse_by_watershed,https://nlftp.mlit.go.jp/ksj/gml/datalist/KsjTmplt-L03-b.html#L03-b-06,2006,85045-0015,85045,,G,ゴルフ場,30,0.315736
nlni_l03b_landuse_by_watershed,https://nlftp.mlit.go.jp/ksj/gml/datalist/KsjTmplt-L03-b.html#L03-b-06,2006,85045-0016,85045,,1,田,8,0.084189
nlni_l03b_landuse_by_watershed,https://nlftp.mlit.go.jp/ksj/gml/datalist/KsjTmplt-L03-b.html#L03-b-06,2006,85045-0016,85045,,2,その他の農用地,37,0.389377
nlni_l03b_landuse_by_watershed,https://nlftp.mlit.go.jp/ksj/gml/datalist/KsjTmplt-L03-b.html#L03-b-06,2006,85045-0016,85045,,5,森林,112,1.178638
nlni_l03b_landuse_by_watershed,https://nlftp.mlit.go.jp/ksj/gml/datalist/KsjTmplt-L03-b.html#L03-b-06,2006,85045-0016,85045,,6,荒地,5,0.052616
nlni_l03b_landuse_by_watershed,https://nlftp.mlit.go.jp/ksj/gml/datalist/KsjTmplt-L03-b.html#L03-b-06,2006,85045-0016,85045,,7,建物用地,15,0.157856
nlni_l03b_landuse_by_watershed,https://nlftp.mlit.go.jp/ksj/gml/datalist/KsjTmplt-L03-b.html#L03-b-06,2006,85045-0016,85045,,A,その他の用地,4,0.042094
nlni_l03b_landuse_by_watershed,https://nlftp.mlit.go.jp/ksj/gml/datalist/KsjTmplt-L03-b.html#L03-b-06,2006,85045-0018,85045,,2,その他の農用地,2,0.021041
nlni_l03b_landuse_by_watershed,https://nlftp.mlit.go.jp/ksj/gml/datalist/KsjTmplt-L03-b.html#L03-b-06,2006,85045-0018,85045,,A,その他の用地,1,0.01052
nlni_l03b_landuse_by_watershed,https://nlftp.mlit.go.jp/ksj/gml/datalist/KsjTmplt-L03-b.html#L03-b-06,2006,85045-0018,85045,,B,河川地及び湖沼,1,0.01052
nlni_l03b_landuse_by_watershed,https://nlftp.mlit.go.jp/ksj/gml/datalist/KsjTmplt-L03-b.html#L03-b-06,2006,85045-0022,85045,,2,その他の農用地,3,0.031582
nlni_l03b_landuse_by_watershed,https://nlftp.mlit.go.jp/ksj/gml/datalist/KsjTmplt-L03-b.html#L03-b-06,2006,85045-0022,85045,,7,建物用地,40,0.421103
nlni_l03b_landuse_by_watershed,https://nlftp.mlit.go.jp/ksj/gml/datalist/KsjTmplt-L03-b.html#L03-b-06,2006,85045-0022,85045,,A,その他の用地,3,0.031582
nlni_l03b_landuse_by_watershed,https://nlftp.mlit.go.jp/ksj/gml/datalist/KsjTmplt-L03-b.html#L03-b-06,2006,85045-0023,85045,,1,田,4,0.042112
nlni_l03b_landuse_by_watershed,https://nlftp.mlit.go.jp/ksj/gml/datalist/KsjTmplt-L03-b.html#L03-b-06,2006,85045-0023,85045,,5,森林,3,0.031583
nlni_l03b_landuse_by_watershed,https://nlftp.mlit.go.jp/ksj/gml/datalist/KsjTmplt-L03-b.html#L03-b-06,2006,85045-0023,85045,,7,建物用地,4,0.042111
nlni_l03b_landuse_by_watershed,https://nlftp.mlit.go.jp/ksj/gml/datalist/KsjTmplt-L03-b.html#L03-b-06,2006,85045-0037,85045,,2,その他の農用地,1,0.010526
nlni_l03b_landuse_by_watershed,https://nlftp.mlit.go.jp/ksj/gml/datalist/KsjTmplt-L03-b.html#L03-b-06,2006,85045-0037,85045,,5,森林,103,1.084296
nlni_l03b_landuse_by_watershed,https://nlftp.mlit.go.jp/ksj/gml/datalist/KsjTmplt-L03-b.html#L03-b-06,2006,85045-0037,85045,,6,荒地,6,0.063156
nlni_l03b_landuse_by_watershed,https://nlftp.mlit.go.jp/ksj/gml/datalist/KsjTmplt-L03-b.html#L03-b-06,2006,85045-0037,85045,,A,その他の用地,18,0.189468
nlni_l03b_landuse_by_watershed,https://nlftp.mlit.go.jp/ksj/gml/datalist/KsjTmplt-L03-b.html#L03-b-06,2006,85045-0115,85045,,1,田,3,0.031576
nlni_l03b_landuse_by_watershed,https://nlftp.mlit.go.jp/ksj/gml/datalist/KsjTmplt-L03-b.html#L03-b-06,2006,85045-0115,85045,,2,その他の農用地,20,0.210495
nlni_l03b_landuse_by_watershed,https://nlftp.mlit.go.jp/ksj/gml/datalist/KsjTmplt-L03-b.html#L03-b-06,2006,85045-0115,85045,,5,森林,62,0.652521
nlni_l03b_landuse_by_watershed,https://nlftp.mlit.go.jp/ksj/gml/datalist/KsjTmplt-L03-b.html#L03-b-06,2006,85045-0115,85045,,7,建物用地,18,0.189444
nlni_l03b_landuse_by_watershed,https://nlftp.mlit.go.jp/ksj/gml/datalist/KsjTmplt-L03-b.html#L03-b-06,2006,85045-0115,85045,,9,幹線交通用地,10,0.105249
nlni_l03b_landuse_by_watershed,https://nlftp.mlit.go.jp/ksj/gml/datalist/KsjTmplt-L03-b.html#L03-b-06,2006,85045-0115,85045,,A,その他の用地,31,0.326252
nlni_l03b_landuse_by_watershed,https://nlftp.mlit.go.jp/ksj/gml/datalist/KsjTmplt-L03-b.html#L03-b-06,2006,85045-0115,85045,,B,河川地及び湖沼,5,0.052625
nlni_l03b_landuse_by_watershed,https://nlftp.mlit.go.jp/ksj/gml/datalist/KsjTmplt-L03-b.html#L03-b-06,2006,85045-0115,85045,,G,ゴルフ場,13,0.136813
nlni_l03b_landuse_by_watershed,https://nlftp.mlit.go.jp/ksj/gml/datalist/KsjTmplt-L03-b.html#L03-b-06,2006,85045-0121,85045,,1,田,10,0.105273
nlni_l03b_landuse_by_watershed,https://nlftp.mlit.go.jp/ksj/gml/datalist/KsjTmplt-L03-b.html#L03-b-06,2006,85045-0121,85045,,2,その他の農用地,46,0.484227
nlni_l03b_landuse_by_watershed,https://nlftp.mlit.go.jp/ksj/gml/datalist/KsjTmplt-L03-b.html#L03-b-06,2006,85045-0121,85045,,5,森林,707,7.441166
nlni_l03b_landuse_by_watershed,https://nlftp.mlit.go.jp/ksj/gml/datalist/KsjTmplt-L03-b.html#L03-b-06,2006,85045-0121,85045,,6,荒地,22,0.23153
nlni_l03b_landuse_by_watershed,https://nlftp.mlit.go.jp/ksj/gml/datalist/KsjTmplt-L03-b.html#L03-b-06,2006,85045-0121,85045,,7,建物用地,21,0.221068
nlni_l03b_landuse_by_watershed,https://nlftp.mlit.go.jp/ksj/gml/datalist/KsjTmplt-L03-b.html#L03-b-06,2006,85045-0121,85045,,A,その他の用地,8,0.084218
nlni_l03b_landuse_by_watershed,https://nlftp.mlit.go.jp/ksj/gml/datalist/KsjTmplt-L03-b.html#L03-b-06,2006,85045-0122,85045,,1,田,67,0.705241
nlni_l03b_landuse_by_watershed,https://nlftp.mlit.go.jp/ksj/gml/datalist/KsjTmplt-L03-b.html#L03-b-06,2006,85045-0122,85045,,2,その他の農用地,57,0.599997
nlni_l03b_landuse_by_watershed,https://nlftp.mlit.go.jp/ksj/gml/datalist/KsjTmplt-L03-b.html#L03-b-06,2006,85045-0122,85045,,5,森林,157,1.6525
nlni_l03b_landuse_by_watershed,https://nlftp.mlit.go.jp/ksj/gml/datalist/KsjTmplt-L03-b.html#L03-b-06,2006,85045-0122,85045,,6,荒地,8,0.084202
nlni_l03b_landuse_by_watershed,https://nlftp.mlit.go.jp/ksj/gml/datalist/KsjTmplt-L03-b.html#L03-b-06,2006,85045-0122,85045,,7,建物用地,52,0.547367
nlni_l03b_landuse_by_watershed,https://nlftp.mlit.go.jp/ksj/gml/datalist/KsjTmplt-L03-b.html#L03-b-06,2006,85045-0122,85045,,A,その他の用地,7,0.07369
nlni_l03b_landuse_by_watershed,https://nlftp.mlit.go.jp/ksj/gml/datalist/KsjTmplt-L03-b.html#L03-b-06,2006,85045-0123,85045,,1,田,2,0.02105
nlni_l03b_landuse_by_watershed,https://nlftp.mlit.go.jp/ksj/gml/datalist/KsjTmplt-L03-b.html#L03-b-06,2006,85045-0123,85045,,2,その他の農用地,2,0.02105
nlni_l03b_landuse_by_watershed,https://nlftp.mlit.go.jp/ksj/gml/datalist/KsjTmplt-L03-b.html#L03-b-06,2006,85045-0123,85045,,5,森林,207,2.178411
nlni_l03b_landuse_by_watershed,https://nlftp.mlit.go.jp/ksj/gml/datalist/KsjTmplt-L03-b.html#L03-b-06,2006,85045-0123,85045,,6,荒地,13,0.136821
nlni_l03b_landuse_by_watershed,https://nlftp.mlit.go.jp/ksj/gml/datalist/KsjTmplt-L03-b.html#L03-b-06,2006,85045-0123,85045,,7,建物用地,3,0.031574
nlni_l03b_landuse_by_watershed,https://nlftp.mlit.go.jp/ksj/gml/datalist/KsjTmplt-L03-b.html#L03-b-06,2006,85045-0124,85045,,1,田,9,0.09472
nlni_l03b_landuse_by_watershed,https://nlftp.mlit.go.jp/ksj/gml/datalist/KsjTmplt-L03-b.html#L03-b-06,2006,85045-0124,85045,,2,その他の農用地,15,0.157855
nlni_l03b_landuse_by_watershed,https://nlftp.mlit.go.jp/ksj/gml/datalist/KsjTmplt-L03-b.html#L03-b-06,2006,85045-0124,85045,,5,森林,571,6.00863
nlni_l03b_landuse_by_watershed,https://nlftp.mlit.go.jp/ksj/gml/datalist/KsjTmplt-L03-b.html#L03-b-06,2006,85045-0124,85045,,6,荒地,2,0.021046
nlni_l03b_landuse_by_watershed,https://nlftp.mlit.go.jp/ksj/gml/datalist/KsjTmplt-L03-b.html#L03-b-06,2006,85045-0124,85045,,7,建物用地,4,0.042095
nlni_l03b_landuse_by_watershed,https://nlftp.mlit.go.jp/ksj/gml/datalist/KsjTmplt-L03-b.html#L03-b-06,2006,85045-0124,85045,,A,その他の用地,4,0.042095
nlni_l03b_landuse_by_watershed,https://nlftp.mlit.go.jp/ksj/gml/datalist/KsjTmplt-L03-b.html#L03-b-06,2006,85045-0124,85045,,B,河川地及び湖沼,1,0.010523
nlni_l03b_landuse_by_watershed,https://nlftp.mlit.go.jp/ksj/gml/datalist/KsjTmplt-L03-b.html#L03-b-06,2006,85045-0125,85045,,1,田,45,0.473567
nlni_l03b_landuse_by_watershed,https://nlftp.mlit.go.jp/ksj/gml/datalist/KsjTmplt-L03-b.html#L03-b-06,2006,85045-0125,85045,,2,その他の農用地,28,0.294663
nlni_l03b_landuse_by_watershed,https://nlftp.mlit.go.jp/ksj/gml/datalist/KsjTmplt-L03-b.html#L03-b-06,2006,85045-0125,85045,,5,森林,150,1.57832
nlni_l03b_landuse_by_watershed,https://nlftp.mlit.go.jp/ksj/gml/datalist/KsjTmplt-L03-b.html#L03-b-06,2006,85045-0125,85045,,7,建物用地,48,0.505191
nlni_l03b_landuse_by_watershed,https://nlftp.mlit.go.jp/ksj/gml/datalist/KsjTmplt-L03-b.html#L03-b-06,2006,85045-0126,85045,,1,田,112,1.178643
nlni_l03b_landuse_by_watershed,https://nlftp.mlit.go.jp/ksj/gml/datalist/KsjTmplt-L03-b.html#L03-b-06,2006,85045-0126,85045,,2,その他の農用地,50,0.526152
nlni_l03b_landuse_by_watershed,https://nlftp.mlit.go.jp/ksj/gml/datalist/KsjTmplt-L03-b.html#L03-b-06,2006,85045-0126,85045,,5,森林,17,0.178898
nlni_l03b_landuse_by_watershed,https://nlftp.mlit.go.jp/ksj/gml/datalist/KsjTmplt-L03-b.html#L03-b-06,2006,85045-0126,85045,,6,荒地,1,0.01052
nlni_l03b_landuse_by_watershed,https://nlftp.mlit.go.jp/ksj/gml/datalist/KsjTmplt-L03-b.html#L03-b-06,2006,85045-0126,85045,,7,建物用地,204,2.146738
nlni_l03b_landuse_by_watershed,https://nlftp.mlit.go.jp/ksj/gml/datalist/KsjTmplt-L03-b.html#L03-b-06,2006,85045-0126,85045,,9,幹線交通用地,32,0.336762
nlni_l03b_landuse_by_watershed,https://nlftp.mlit.go.jp/ksj/gml/datalist/KsjTmplt-L03-b.html#L03-b-06,2006,85045-0126,85045,,A,その他の用地,102,1.073195
nlni_l03b_landuse_by_watershed,https://nlftp.mlit.go.jp/ksj/gml/datalist/KsjTmplt-L03-b.html#L03-b-06,2006,85045-0126,85045,,B,河川地及び湖沼,15,0.157861
nlni_l03b_landuse_by_watershed,https://nlftp.mlit.go.jp/ksj/gml/datalist/KsjTmplt-L03-b.html#L03-b-06,2006,85045-0127,85045,,1,田,4,0.042103
nlni_l03b_landuse_by_watershed,https://nlftp.mlit.go.jp/ksj/gml/datalist/KsjTmplt-L03-b.html#L03-b-06,2006,85045-0127,85045,,2,その他の農用地,1,0.010526
nlni_l03b_landuse_by_watershed,https://nlftp.mlit.go.jp/ksj/gml/datalist/KsjTmplt-L03-b.html#L03-b-06,2006,85045-0127,85045,,5,森林,8,0.084207
nlni_l03b_landuse_by_watershed,https://nlftp.mlit.go.jp/ksj/gml/datalist/KsjTmplt-L03-b.html#L03-b-06,2006,85045-0127,85045,,7,建物用地,2,0.021052
nlni_l03b_landuse_by_watershed,https://nlftp.mlit.go.jp/ksj/gml/datalist/KsjTmplt-L03-b.html#L03-b-06,2006,85045-0127,85045,,9,幹線交通用地,4,0.042104
nlni_l03b_landuse_by_watershed,https://nlftp.mlit.go.jp/ksj/gml/datalist/KsjTmplt-L03-b.html#L03-b-06,2006,85045-0128,85045,,2,その他の農用地,19,0.199949
nlni_l03b_landuse_by_watershed,https://nlftp.mlit.go.jp/ksj/gml/datalist/KsjTmplt-L03-b.html#L03-b-06,2006,85045-0128,85045,,7,建物用地,2,0.021046
nlni_l03b_landuse_by_watershed,https://nlftp.mlit.go.jp/ksj/gml/datalist/KsjTmplt-L03-b.html#L03-b-06,2006,85045-0128,85045,,9,幹線交通用地,5,0.052618
nlni_l03b_landuse_by_watershed,https://nlftp.mlit.go.jp/ksj/gml/datalist/KsjTmplt-L03-b.html#L03-b-06,2006,85045-0130,85045,,1,田,39,0.410242
nlni_l03b_landuse_by_watershed,https://nlftp.mlit.go.jp/ksj/gml/datalist/KsjTmplt-L03-b.html#L03-b-06,2006,85045-0130,85045,,2,その他の農用地,15,0.157783
nlni_l03b_landuse_by_watershed,https://nlftp.mlit.go.jp/ksj/gml/datalist/KsjTmplt-L03-b.html#L03-b-06,2006,85045-0130,85045,,5,森林,27,0.284028
nlni_l03b_landuse_by_watershed,https://nlftp.mlit.go.jp/ksj/gml/datalist/KsjTmplt-L03-b.html#L03-b-06,2006,85045-0130,85045,,6,荒地,123,1.29375
nlni_l03b_landuse_by_watershed,https://nlftp.mlit.go.jp/ksj/gml/datalist/KsjTmplt-L03-b.html#L03-b-06,2006,85045-0130,85045,,7,建物用地,35,0.368133
nlni_l03b_landuse_by_watershed,https://nlftp.mlit.go.jp/ksj/gml/datalist/KsjTmplt-L03-b.html#L03-b-06,2006,85045-0130,85045,,9,幹線交通用地,28,0.294527
nlni_l03b_landuse_by_watershed,https://nlftp.mlit.go.jp/ksj/gml/datalist/KsjTmplt-L03-b.html#L03-b-06,2006,85045-0130,85045,,A,その他の用地,44,0.462819
nlni_l03b_landuse_by_watershed,https://nlftp.mlit.go.jp/ksj/gml/datalist/KsjTmplt-L03-b.html#L03-b-06,2006,85045-0131,85045,,1,田,42,0.441865
nlni_l03b_landuse_by_watershed,https://nlftp.mlit.go.jp/ksj/gml/datalist/KsjTmplt-L03-b.html#L03-b-06,2006,85045-0131,85045,,2,その他の農用地,16,0.168325
nlni_l03b_landuse_by_watershed,https://nlftp.mlit.go.jp/ksj/gml/datalist/KsjTmplt-L03-b.html#L03-b-06,2006,85045-0131,85045,,5,森林,10,0.105202
nlni_l03b_landuse_by_watershed,https://nlftp.mlit.go.jp/ksj/gml/datalist/KsjTmplt-L03-b.html#L03-b-06,2006,85045-0131,85045,,6,荒地,3,0.031562
nlni_l03b_landuse_by_watershed,https://nlftp.mlit.go.jp/ksj/gml/datalist/KsjTmplt-L03-b.html#L03-b-06,2006,85045-0131,85045,,7,建物用地,14,0.147291
nlni_l03b_landuse_by_watershed,https://nlftp.mlit.go.jp/ksj/gml/datalist/KsjTmplt-L03-b.html#L03-b-06,2006,85045-0131,85045,,9,幹線交通用地,1,0.010521
nlni_l03b_landuse_by_watershed,https://nlftp.mlit.go.jp/ksj/gml/datalist/KsjTmplt-L03-b.html#L03-b-06,2006,85045-0131,85045,,A,その他の用地,6,0.063126
nlni_l03b_landuse_by_watershed,https://nlftp.mlit.go.jp/ksj/gml/datalist/KsjTmplt-L03-b.html#L03-b-06,2006,85045-0131,85045,,B,河川地及び湖沼,4,0.042086
nlni_l03b_landuse_by_watershed,https://nlftp.mlit.go.jp/ksj/gml/datalist/KsjTmplt-L03-b.html#L03-b-06,2006,85045-0132,85045,,1,田,4,0.042083
nlni_l03b_landuse_by_watershed,https://nlftp.mlit.go.jp/ksj/gml/datalist/KsjTmplt-L03-b.html#L03-b-06,2006,85045-0132,85045,,5,森林,4,0.042083
nlni_l03b_landuse_by_watershed,https://nlftp.mlit.go.jp/ksj/gml/datalist/KsjTmplt-L03-b.html#L03-b-06,2006,85045-0132,85045,,7,建物用地,3,0.031562
nlni_l03b_landuse_by_watershed,https://nlftp.mlit.go.jp/ksj/gml/datalist/KsjTmplt-L03-b.html#L03-b-06,2006,85045-0133,85045,,1,田,5,0.052605
nlni_l03b_landuse_by_watershed,https://nlftp.mlit.go.jp/ksj/gml/datalist/KsjTmplt-L03-b.html#L03-b-06,2006,85045-0133,85045,,2,その他の農用地,18,0.189381
nlni_l03b_landuse_by_watershed,https://nlftp.mlit.go.jp/ksj/gml/datalist/KsjTmplt-L03-b.html#L03-b-06,2006,85045-0133,85045,,5,森林,64,0.673341
nlni_l03b_landuse_by_watershed,https://nlftp.mlit.go.jp/ksj/gml/datalist/KsjTmplt-L03-b.html#L03-b-06,2006,85045-0133,85045,,7,建物用地,20,0.210422
nlni_l03b_landuse_by_watershed,https://nlftp.mlit.go.jp/ksj/gml/datalist/KsjTmplt-L03-b.html#L03-b-06,2006,85045-0133,85045,,A,その他の用地,4,0.042083
nlni_l03b_landuse_by_watershed,https://nlftp.mlit.go.jp/ksj/gml/datalist/KsjTmplt-L03-b.html#L03-b-06,2006,85045-0133,85045,,B,河川地及び湖沼,1,0.010522
nlni_l03b_landuse_by_watershed,https://nlftp.mlit.go.jp/ksj/gml/datalist/KsjTmplt-L03-b.html#L03-b-06,2006,85045-0134,85045,,1,田,6,0.063133
nlni_l03b_landuse_by_watershed,https://nlftp.mlit.go.jp/ksj/gml/datalist/KsjTmplt-L03-b.html#L03-b-06,2006,85045-0134,85045,,2,その他の農用地,8,0.084175
nlni_l03b_landuse_by_watershed,https://nlftp.mlit.go.jp/ksj/gml/datalist/KsjTmplt-L03-b.html#L03-b-06,2006,85045-0134,85045,,5,森林,467,4.913376
nlni_l03b_landuse_by_watershed,https://nlftp.mlit.go.jp/ksj/gml/datalist/KsjTmplt-L03-b.html#L03-b-06,2006,85045-0134,85045,,6,荒地,34,0.357692
nlni_l03b_landuse_by_watershed,https://nlftp.mlit.go.jp/ksj/gml/datalist/KsjTmplt-L03-b.html#L03-b-06,2006,85045-0134,85045,,7,建物用地,1,0.010521
nlni_l03b_landuse_by_watershed,https://nlftp.mlit.go.jp/ksj/gml/datalist/KsjTmplt-L03-b.html#L03-b-06,2006,85045-0134,85045,,A,その他の用地,13,0.136777
nlni_l03b_landuse_by_watershed,https://nlftp.mlit.go.jp/ksj/gml/datalist/KsjTmplt-L03-b.html#L03-b-06,2006,85045-0135,85045,,2,その他の農用地,10,0.105203
nlni_l03b_landuse_by_watershed,https://nlftp.mlit.go.jp/ksj/gml/datalist/KsjTmplt-L03-b.html#L03-b-06,2006,85045-0135,85045,,5,森林,662,6.963539
nlni_l03b_landuse_by_watershed,https://nlftp.mlit.go.jp/ksj/gml/datalist/KsjTmplt-L03-b.html#L03-b-06,2006,85045-0135,85045,,6,荒地,47,0.494407
nlni_l03b_landuse_by_watershed,https://nlftp.mlit.go.jp/ksj/gml/datalist/KsjTmplt-L03-b.html#L03-b-06,2006,85045-0135,85045,,7,建物用地,14,0.147286
nlni_l03b_landuse_by_watershed,https://nlftp.mlit.go.jp/ksj/gml/datalist/KsjTmplt-L03-b.html#L03-b-06,2006,85045-0135,85045,,G,ゴルフ場,70,0.736374
nlni_l03b_landuse_by_watershed,https://nlftp.mlit.go.jp/ksj/gml/datalist/KsjTmplt-L03-b.html#L03-b-06,2006,85045-0136,85045,,1,田,3,0.031561
nlni_l03b_landuse_by_watershed,https://nlftp.mlit.go.jp/ksj/gml/datalist/KsjTmplt-L03-b.html#L03-b-06,2006,85045-0136,85045,,2,その他の農用地,6,0.063118
nlni_l03b_landuse_by_watershed,https://nlftp.mlit.go.jp/ksj/gml/datalist/KsjTmplt-L03-b.html#L03-b-06,2006,85045-0136,85045,,5,森林,338,3.555108
nlni_l03b_landuse_by_watershed,https://nlftp.mlit.go.jp/ksj/gml/datalist/KsjTmplt-L03-b.html#L03-b-06,2006,85045-0136,85045,,6,荒地,7,0.073626
nlni_l03b_landuse_by_watershed,https://nlftp.mlit.go.jp/ksj/gml/datalist/KsjTmplt-L03-b.html#L03-b-06,2006,85045-0136,85045,,7,建物用地,10,0.105194
nlni_l03b_landuse_by_watershed,https://nlftp.mlit.go.jp/ksj/gml/datalist/KsjTmplt-L03-b.html#L03-b-06,2006,85045-0136,85045,,A,その他の用地,28,0.294538
nlni_l03b_landuse_by_watershed,https://nlftp.mlit.go.jp/ksj/gml/datalist/KsjTmplt-L03-b.html#L03-b-06,2006,85045-0136,85045,,G,ゴルフ場,156,1.640763
nlni_l03b_landuse_by_watershed,https://nlftp.mlit.go.jp/ksj/gml/datalist/KsjTmplt-L03-b.html#L03-b-06,2006,85045-0137,85045,,1,田,24,0.252464
nlni_l03b_landuse_by_watershed,https://nlftp.mlit.go.jp/ksj/gml/datalist/KsjTmplt-L03-b.html#L03-b-06,2006,85045-0137,85045,,2,その他の農用地,2,0.021037
nlni_l03b_landuse_by_watershed,https://nlftp.mlit.go.jp/ksj/gml/datalist/KsjTmplt-L03-b.html#L03-b-06,2006,85045-0137,85045,,5,森林,33,0.347099
nlni_l03b_landuse_by_watershed,https://nlftp.mlit.go.jp/ksj/gml/datalist/KsjTmplt-L03-b.html#L03-b-06,2006,85045-0137,85045,,6,荒地,2,0.021037
nlni_l03b_landuse_by_watershed,https://nlftp.mlit.go.jp/ksj/gml/datalist/KsjTmplt-L03-b.html#L03-b-06,2006,85045-0137,85045,,7,建物用地,56,0.58906
nlni_l03b_landuse_by_watershed,https://nlftp.mlit.go.jp/ksj/gml/datalist/KsjTmplt-L03-b.html#L03-b-06,2006,85045-0137,85045,,A,その他の用地,17,0.178818
nlni_l03b_landuse_by_watershed,https://nlftp.mlit.go.jp/ksj/gml/datalist/KsjTmplt-L03-b.html#L03-b-06,2006,85045-0137,85045,,B,河川地及び湖沼,1,0.010518
nlni_l03b_landuse_by_watershed,https://nlftp.mlit.go.jp/ksj/gml/datalist/KsjTmplt-L03-b.html#L03-b-06,2006,85045-0138,85045,,1,田,15,0.157759
nlni_l03b_landuse_by_watershed,https://nlftp.mlit.go.jp/ksj/gml/datalist/KsjTmplt-L03-b.html#L03-b-06,2006,85045-0138,85045,,2,その他の農用地,1,0.010517
nlni_l03b_landuse_by_watershed,https://nlftp.mlit.go.jp/ksj/gml/datalist/KsjTmplt-L03-b.html#L03-b-06,2006,85045-0138,85045,,5,森林,288,3.02875
nlni_l03b_landuse_by_watershed,https://nlftp.mlit.go.jp/ksj/gml/datalist/KsjTmplt-L03-b.html#L03-b-06,2006,85045-0138,85045,,6,荒地,4,0.042065
nlni_l03b_landuse_by_watershed,https://nlftp.mlit.go.jp/ksj/gml/datalist/KsjTmplt-L03-b.html#L03-b-06,2006,85045-0138,85045,,7,建物用地,2,0.021034
nlni_l03b_landuse_by_watershed,https://nlftp.mlit.go.jp/ksj/gml/datalist/KsjTmplt-L03-b.html#L03-b-06,2006,85045-0138,85045,,G,ゴルフ場,1,0.010517
nlni_l03b_landuse_by_watershed,https://nlftp.mlit.go.jp/ksj/gml/datalist/KsjTmplt-L03-b.html#L03-b-06,2006,85045-0139,85045,,1,田,160,1.682335
nlni_l03b_landuse_by_watershed,https://nlftp.mlit.go.jp/ksj/gml/datalist/KsjTmplt-L03-b.html#L03-b-06,2006,85045-0139,85045,,2,その他の農用地,42,0.441582
nlni_l03b_landuse_by_watershed,https://nlftp.mlit.go.jp/ksj/gml/datalist/KsjTmplt-L03-b.html#L03-b-06,2006,85045-0139,85045,,5,森林,419,4.405923
nlni_l03b_landuse_by_watershed,https://nlftp.mlit.go.jp/ksj/gml/datalist/KsjTmplt-L03-b.html#L03-b-06,2006,85045-0139,85045,,6,荒地,59,0.620371
nlni_l03b_landuse_by_watershed,https://nlftp.mlit.go.jp/ksj/gml/datalist/KsjTmplt-L03-b.html#L03-b-06,2006,85045-0139,85045,,7,建物用地,90,0.946254
nlni_l03b_landuse_by_watershed,https://nlftp.mlit.go.jp/ksj/gml/datalist/KsjTmplt-L03-b.html#L03-b-06,2006,85045-0139,85045,,9,幹線交通用地,12,0.12616
nlni_l03b_landuse_by_watershed,https://nlftp.mlit.go.jp/ksj/gml/datalist/KsjTmplt-L03-b.html#L03-b-06,2006,85045-0139,85045,,A,その他の用地,19,0.199741
nlni_l03b_landuse_by_watershed,https://nlftp.mlit.go.jp/ksj/gml/datalist/KsjTmplt-L03-b.html#L03-b-06,2006,85045-0140,85045,,1,田,264,2.775396
nlni_l03b_landuse_by_watershed,https://nlftp.mlit.go.jp/ksj/gml/datalist/KsjTmplt-L03-b.html#L03-b-06,2006,85045-0140,85045,,2,その他の農用地,46,0.483552
nlni_l03b_landuse_by_watershed,https://nlftp.mlit.go.jp/ksj/gml/datalist/KsjTmplt-L03-b.html#L03-b-06,2006,85045-0140,85045,,5,森林,171,1.797328
nlni_l03b_landuse_by_watershed,https://nlftp.mlit.go.jp/ksj/gml/datalist/KsjTmplt-L03-b.html#L03-b-06,2006,85045-0140,85045,,6,荒地,44,0.46245
nlni_l03b_landuse_by_watershed,https://nlftp.mlit.go.jp/ksj/gml/datalist/KsjTmplt-L03-b.html#L03-b-06,2006,85045-0140,85045,,7,建物用地,138,1.450693
nlni_l03b_landuse_by_watershed,https://nlftp.mlit.go.jp/ksj/gml/datalist/KsjTmplt-L03-b.html#L03-b-06,2006,85045-0140,85045,,9,幹線交通用地,10,0.105142
nlni_l03b_landuse_by_watershed,https://nlftp.mlit.go.jp/ksj/gml/datalist/KsjTmplt-L03-b.html#L03-b-06,2006,85045-0140,85045,,A,その他の用地,58,0.60959
nlni_l03b_landuse_by_watershed,https://nlftp.mlit.go.jp/ksj/gml/datalist/KsjTmplt-L03-b.html#L03-b-06,2006,85045-0141,85045,,1,田,81,0.851836
nlni_l03b_landuse_by_watershed,https://nlftp.mlit.go.jp/ksj/gml/datalist/KsjTmplt-L03-b.html#L03-b-06,2006,85045-0141,85045,,2,その他の農用地,18,0.189299
nlni_l03b_landuse_by_watershed,https://nlftp.mlit.go.jp/ksj/gml/datalist/KsjTmplt-L03-b.html#L03-b-06,2006,85045-0141,85045,,5,森林,28,0.294447
nlni_l03b_landuse_by_watershed,https://nlftp.mlit.go.jp/ksj/gml/datalist/KsjTmplt-L03-b.html#L03-b-06,2006,85045-0141,85045,,6,荒地,292,3.070677
nlni_l03b_landuse_by_watershed,https://nlftp.mlit.go.jp/ksj/gml/datalist/KsjTmplt-L03-b.html#L03-b-06,2006,85045-0141,85045,,7,建物用地,52,0.546877
nlni_l03b_landuse_by_watershed,https://nlftp.mlit.go.jp/ksj/gml/datalist/KsjTmplt-L03-b.html#L03-b-06,2006,85045-0141,85045,,9,幹線交通用地,21,0.220856
nlni_l03b_landuse_by_watershed,https://nlftp.mlit.go.jp/ksj/gml/datalist/KsjTmplt-L03-b.html#L03-b-06,2006,85045-0141,85045,,A,その他の用地,37,0.389117
nlni_l03b_landuse_by_watershed,https://nlftp.mlit.go.jp/ksj/gml/datalist/KsjTmplt-L03-b.html#L03-b-06,2006,85045-0141,85045,,G,ゴルフ場,9,0.094641
nlni_l03b_landuse_by_watershed,https://nlftp.mlit.go.jp/ksj/gml/datalist/KsjTmplt-L03-b.html#L03-b-06,2006,85045-0142,85045,,1,田,27,0.283907
nlni_l03b_landuse_by_watershed,https://nlftp.mlit.go.jp/ksj/gml/datalist/KsjTmplt-L03-b.html#L03-b-06,2006,85045-0142,85045,,2,その他の農用地,18,0.189272
nlni_l03b_landuse_by_watershed,https://nlftp.mlit.go.jp/ksj/gml/datalist/KsjTmplt-L03-b.html#L03-b-06,2006,85045-0142,85045,,5,森林,22,0.231329
nlni_l03b_landuse_by_watershed,https://nlftp.mlit.go.jp/ksj/gml/datalist/KsjTmplt-L03-b.html#L03-b-06,2006,85045-0142,85045,,6,荒地,20,0.210305
nlni_l03b_landuse_by_watershed,https://nlftp.mlit.go.jp/ksj/gml/datalist/KsjTmplt-L03-b.html#L03-b-06,2006,85045-0142,85045,,7,建物用地,29,0.30493
nlni_l03b_landuse_by_watershed,https://nlftp.mlit.go.jp/ksj/gml/datalist/KsjTmplt-L03-b.html#L03-b-06,2006,85045-0142,85045,,9,幹線交通用地,9,0.094644
nlni_l03b_landuse_by_watershed,https://nlftp.mlit.go.jp/ksj/gml/datalist/KsjTmplt-L03-b.html#L03-b-06,2006,85045-0142,85045,,A,その他の用地,40,0.420609
nlni_l03b_landuse_by_watershed,https://nlftp.mlit.go.jp/ksj/gml/datalist/KsjTmplt-L03-b.html#L03-b-06,2006,85045-0142,85045,,G,ゴルフ場,20,0.210308
nlni_l03b_landuse_by_watershed,https://nlftp.mlit.go.jp/ksj/gml/datalist/KsjTmplt-L03-b.html#L03-b-06,2006,85045-0143,85045,,1,田,50,0.525702
nlni_l03b_landuse_by_watershed,https://nlftp.mlit.go.jp/ksj/gml/datalist/KsjTmplt-L03-b.html#L03-b-06,2006,85045-0143,85045,,2,その他の農用地,56,0.588788
nlni_l03b_landuse_by_watershed,https://nlftp.mlit.go.jp/ksj/gml/datalist/KsjTmplt-L03-b.html#L03-b-06,2006,85045-0143,85045,,5,森林,53,0.557239
nlni_l03b_landuse_by_watershed,https://nlftp.mlit.go.jp/ksj/gml/datalist/KsjTmplt-L03-b.html#L03-b-06,2006,85045-0143,85045,,6,荒地,58,0.609836
nlni_l03b_landuse_by_watershed,https://nlftp.mlit.go.jp/ksj/gml/datalist/KsjTmplt-L03-b.html#L03-b-06,2006,85045-0143,85045,,7,建物用地,2,0.021028
nlni_l03b_landuse_by_watershed,https://nlftp.mlit.go.jp/ksj/gml/datalist/KsjTmplt-L03-b.html#L03-b-06,2006,85045-0143,85045,,A,その他の用地,6,0.063085
nlni_l03b_landuse_by_watershed,https://nlftp.mlit.go.jp/ksj/gml/datalist/KsjTmplt-L03-b.html#L03-b-06,2006,85045-0143,85045,,B,河川地及び湖沼,1,0.010515
nlni_l03b_landuse_by_watershed,https://nlftp.mlit.go.jp/ksj/gml/datalist/KsjTmplt-L03-b.html#L03-b-06,2006,85045-0143,85045,,G,ゴルフ場,54,0.567745
nlni_l03b_landuse_by_watershed,https://nlftp.mlit.go.jp/ksj/gml/datalist/KsjTmplt-L03-b.html#L03-b-06,2006,85045-0144,85045,,1,田,30,0.315399
nlni_l03b_landuse_by_watershed,https://nlftp.mlit.go.jp/ksj/gml/datalist/KsjTmplt-L03-b.html#L03-b-06,2006,85045-0144,85045,,2,その他の農用地,57,0.599227
nlni_l03b_landuse_by_watershed,https://nlftp.mlit.go.jp/ksj/gml/datalist/KsjTmplt-L03-b.html#L03-b-06,2006,85045-0144,85045,,5,森林,57,0.599228
nlni_l03b_landuse_by_watershed,https://nlftp.mlit.go.jp/ksj/gml/datalist/KsjTmplt-L03-b.html#L03-b-06,2006,85045-0144,85045,,6,荒地,6,0.063077
nlni_l03b_landuse_by_watershed,https://nlftp.mlit.go.jp/ksj/gml/datalist/KsjTmplt-L03-b.html#L03-b-06,2006,85045-0144,85045,,7,建物用地,15,0.157692
nlni_l03b_landuse_by_watershed,https://nlftp.mlit.go.jp/ksj/gml/datalist/KsjTmplt-L03-b.html#L03-b-06,2006,85045-0144,85045,,A,その他の用地,11,0.115644
nlni_l03b_landuse_by_watershed,https://nlftp.mlit.go.jp/ksj/gml/datalist/KsjTmplt-L03-b.html#L03-b-06,2006,85045-0144,85045,,G,ゴルフ場,51,0.536171
nlni_l03b_landuse_by_watershed,https://nlftp.mlit.go.jp/ksj/gml/datalist/KsjTmplt-L03-b.html#L03-b-06,2006,85045-0146,85045,,1,田,1,0.010513
nlni_l03b_landuse_by_watershed,https://nlftp.mlit.go.jp/ksj/gml/datalist/KsjTmplt-L03-b.html#L03-b-06,2006,85045-0146,85045,,2,その他の農用地,38,0.399503
nlni_l03b_landuse_by_watershed,https://nlftp.mlit.go.jp/ksj/gml/datalist/KsjTmplt-L03-b.html#L03-b-06,2006,85045-0146,85045,,5,森林,438,4.60521
nlni_l03b_landuse_by_watershed,https://nlftp.mlit.go.jp/ksj/gml/datalist/KsjTmplt-L03-b.html#L03-b-06,2006,85045-0146,85045,,6,荒地,25,0.262854
nlni_l03b_landuse_by_watershed,https://nlftp.mlit.go.jp/ksj/gml/datalist/KsjTmplt-L03-b.html#L03-b-06,2006,85045-0146,85045,,7,建物用地,29,0.304882
nlni_l03b_landuse_by_watershed,https://nlftp.mlit.go.jp/ksj/gml/datalist/KsjTmplt-L03-b.html#L03-b-06,2006,85045-0146,85045,,9,幹線交通用地,1,0.010513
nlni_l03b_landuse_by_watershed,https://nlftp.mlit.go.jp/ksj/gml/datalist/KsjTmplt-L03-b.html#L03-b-06,2006,85045-0146,85045,,A,その他の用地,17,0.178725
nlni_l03b_landuse_by_watershed,https://nlftp.mlit.go.jp/ksj/gml/datalist/KsjTmplt-L03-b.html#L03-b-06,2006,85045-0147,85045,,1,田,77,0.809343
nlni_l03b_landuse_by_watershed,https://nlftp.mlit.go.jp/ksj/gml/datalist/KsjTmplt-L03-b.html#L03-b-06,2006,85045-0147,85045,,2,その他の農用地,34,0.357393
nlni_l03b_landuse_by_watershed,https://nlftp.mlit.go.jp/ksj/gml/datalist/KsjTmplt-L03-b.html#L03-b-06,2006,85045-0147,85045,,5,森林,56,0.588593
nlni_l03b_landuse_by_watershed,https://nlftp.mlit.go.jp/ksj/gml/datalist/KsjTmplt-L03-b.html#L03-b-06,2006,85045-0147,85045,,6,荒地,4,0.042042
nlni_l03b_landuse_by_watershed,https://nlftp.mlit.go.jp/ksj/gml/datalist/KsjTmplt-L03-b.html#L03-b-06,2006,85045-0147,85045,,7,建物用地,245,2.575329
nlni_l03b_landuse_by_watershed,https://nlftp.mlit.go.jp/ksj/gml/datalist/KsjTmplt-L03-b.html#L03-b-06,2006,85045-0147,85045,,9,幹線交通用地,19,0.199743
nlni_l03b_landuse_by_watershed,https://nlftp.mlit.go.jp/ksj/gml/datalist/KsjTmplt-L03-b.html#L03-b-06,2006,85045-0147,85045,,A,その他の用地,27,0.283805
nlni_l03b_landuse_by_watershed,https://nlftp.mlit.go.jp/ksj/gml/datalist/KsjTmplt-L03-b.html#L03-b-06,2006,85553-0076,85553,,2,その他の農用地,11,0.115923
nlni_l03b_landuse_by_watershed,https://nlftp.mlit.go.jp/ksj/gml/datalist/KsjTmplt-L03-b.html#L03-b-06,2006,85553-0076,85553,,5,森林,238,2.508019
nlni_l03b_landuse_by_watershed,https://nlftp.mlit.go.jp/ksj/gml/datalist/KsjTmplt-L03-b.html#L03-b-06,2006,85553-0076,85553,,6,荒地,2,0.021073
nlni_l03b_landuse_by_watershed,https://nlftp.mlit.go.jp/ksj/gml/datalist/KsjTmplt-L03-b.html#L03-b-06,2006,85553-0076,85553,,7,建物用地,65,0.684983
nlni_l03b_landuse_by_watershed,https://nlftp.mlit.go.jp/ksj/gml/datalist/KsjTmplt-L03-b.html#L03-b-06,2006,85553-0076,85553,,9,幹線交通用地,1,0.010536
nlni_l03b_landuse_by_watershed,https://nlftp.mlit.go.jp/ksj/gml/datalist/KsjTmplt-L03-b.html#L03-b-06,2006,85553-0091,85553,,2,その他の農用地,17,0.179117
nlni_l03b_landuse_by_watershed,https://nlftp.mlit.go.jp/ksj/gml/datalist/KsjTmplt-L03-b.html#L03-b-06,2006,85553-0091,85553,,5,森林,422,4.446252
nlni_l03b_landuse_by_watershed,https://nlftp.mlit.go.jp/ksj/gml/datalist/KsjTmplt-L03-b.html#L03-b-06,2006,85553-0091,85553,,6,荒地,76,0.800667
nlni_l03b_landuse_by_watershed,https://nlftp.mlit.go.jp/ksj/gml/datalist/KsjTmplt-L03-b.html#L03-b-06,2006,85553-0091,85553,,7,建物用地,73,0.769206
nlni_l03b_landuse_by_watershed,https://nlftp.mlit.go.jp/ksj/gml/datalist/KsjTmplt-L03-b.html#L03-b-06,2006,85553-0091,85553,,9,幹線交通用地,4,0.042145
nlni_l03b_landuse_by_watershed,https://nlftp.mlit.go.jp/ksj/gml/datalist/KsjTmplt-L03-b.html#L03-b-06,2006,85553-0091,85553,,A,その他の用地,12,0.12644
nlni_l03b_landuse_by_watershed,https://nlftp.mlit.go.jp/ksj/gml/datalist/KsjTmplt-L03-b.html#L03-b-06,2006,85553-0091,85553,,G,ゴルフ場,11,0.115888
nlni_l03b_landuse_by_watershed,https://nlftp.mlit.go.jp/ksj/gml/datalist/KsjTmplt-L03-b.html#L03-b-06,2006,85553-0092,85553,,2,その他の農用地,1,0.010535
nlni_l03b_landuse_by_watershed,https://nlftp.mlit.go.jp/ksj/gml/datalist/KsjTmplt-L03-b.html#L03-b-06,2006,85553-0092,85553,,5,森林,207,2.180759
nlni_l03b_landuse_by_watershed,https://nlftp.mlit.go.jp/ksj/gml/datalist/KsjTmplt-L03-b.html#L03-b-06,2006,85553-0092,85553,,6,荒地,12,0.126409
nlni_l03b_landuse_by_watershed,https://nlftp.mlit.go.jp/ksj/gml/datalist/KsjTmplt-L03-b.html#L03-b-06,2006,85553-0092,85553,,7,建物用地,69,0.727016
nlni_l03b_landuse_by_watershed,https://nlftp.mlit.go.jp/ksj/gml/datalist/KsjTmplt-L03-b.html#L03-b-06,2006,85553-0092,85553,,9,幹線交通用地,3,0.031611
nlni_l03b_landuse_by_watershed,https://nlftp.mlit.go.jp/ksj/gml/datalist/KsjTmplt-L03-b.html#L03-b-06,2006,85553-0092,85553,,A,その他の用地,5,0.052674
nlni_l03b_landuse_by_watershed,https://nlftp.mlit.go.jp/ksj/gml/datalist/KsjTmplt-L03-b.html#L03-b-06,2006,85553-0092,85553,,G,ゴルフ場,29,0.305531
