taxon_id,scientific_name,gbif_key,match_type,status,accepted_key,accepted_canonical_name,accepted_basis,weak_resolution,weak_reason,weak_key,weak_rank,weak_status,fetched_at
lycopodium complanatum l.,Lycopodium complanatum L.,9822879,EXACT,SYNONYM,7286566,Diphasiastrum complanatum subsp. complanatum,api,,,,,,2026-10-06T08:32:09+00:00
ulota perbreviseta dixon & sakurai,Ulota perbreviseta Dixon & Sakurai,2671917,EXACT,ACCEPTED,2671917,,self,,,,,,2026-10-06T08:32:09+00:00
chara globularis thuill. var. hakonensis kasaki,Chara globularis Thuill. var. hakonensis Kasaki,5270780,HIGHERRANK,ACCEPTED,,,n/a,unresolved,infraspecific_collapsed,,,,2026-10-06T08:32:09+00:00
lyophyllum shimeji (kawam.) hongo,Lyophyllum shimeji (Kawam.) Hongo,2530742,EXACT,ACCEPTED,2530742,,self,,,,,,2026-10-06T08:32:09+00:00
herpestes javanicus,Herpestes javanicus,2434271,EXACT,ACCEPTED,2434271,,self,,,,,,2026-10-06T08:32:09+00:00
eleutherodactylus coqui,Eleutherodactylus coqui,2424091,EXACT,ACCEPTED,2424091,,self,,,,,,2026-10-06T08:32:09+00:00
ameiurus nebulosus,Ameiurus nebulosus,2340989,EXACT,ACCEPTED,2340989,,self,,,,,,2026-10-06T08:32:09+00:00
propomacrus spp.,Propomacrus spp.,1072117,HIGHERRANK,ACCEPTED,,,n/a,unresolved,genus_or_higher,,,,2026-10-06T08:32:09+00:00
atrax spp.,Atrax spp.,2145054,HIGHERRANK,ACCEPTED,,,n/a,unresolved,genus_or_higher,,,,2026-10-06T08:32:09+00:00
mnemiopsis leidyi,Mnemiopsis leidyi,2501248,EXACT,ACCEPTED,2501248,,self,,,,,,2026-10-06T08:32:09+00:00
pycnonotus cafer,Pycnonotus cafer,2486131,EXACT,ACCEPTED,2486131,,self,,,,,,2026-10-06T08:32:09+00:00
macrochelys spp.,Macrochelys spp.,3238927,HIGHERRANK,ACCEPTED,,,n/a,unresolved,genus_or_higher,,,,2026-10-06T08:32:09+00:00
tadorna cristata,Tadorna cristata,2498008,EXACT,ACCEPTED,2498008,,self,,,,,,2026-10-06T08:32:09+00:00
eretmochelys imbricata,Eretmochelys imbricata,8841716,EXACT,ACCEPTED,8841716,,self,,,,,,2026-10-06T08:32:09+00:00
hynobius abei,Hynobius abei,2431150,EXACT,ACCEPTED,2431150,,self,,,,,,2026-10-06T08:32:09+00:00
phlegmariurus cunninghamioides,Phlegmariurus cunninghamioides,3991169,EXACT,ACCEPTED,3991169,,self,,,,,,2026-10-06T08:32:09+00:00
mannia androgyna,Mannia androgyna,5286290,EXACT,ACCEPTED,5286290,,self,,,,,,2026-10-06T08:32:09+00:00
chara fibrosa var. brevibracteata,Chara fibrosa var. brevibracteata,5270727,HIGHERRANK,ACCEPTED,,,n/a,unresolved,infraspecific_collapsed,,,,2026-10-06T08:32:09+00:00
heterodermia angustiloba,Heterodermia angustiloba,3427486,EXACT,ACCEPTED,3427486,,self,,,,,,2026-10-06T08:32:09+00:00
agaricus hahashimensis,Agaricus hahashimensis,5454759,EXACT,ACCEPTED,5454759,,self,,,,,,2026-10-06T08:32:09+00:00
pteropus loochoensis,Pteropus loochoensis,5706998,EXACT,SYNONYM,5218697,"Pteropus mariannus Desmarest, 1822",api,,,,,,2026-10-06T08:32:09+00:00
acipenser medirostris,Acipenser medirostris,2402118,EXACT,ACCEPTED,2402118,,self,,,,,,2026-10-06T08:32:09+00:00
ishikawatrechus intermedius,Ishikawatrechus intermedius,7746997,EXACT,ACCEPTED,7746997,,self,,,,,,2026-10-06T08:32:09+00:00
ogasawarana chichijimana,Ogasawarana chichijimana,5784016,EXACT,ACCEPTED,5784016,,self,,,,,,2026-10-06T08:32:09+00:00
compressalges nipponiae,Compressalges nipponiae,6901579,EXACT,ACCEPTED,6901579,,self,,,,,,2026-10-06T08:32:09+00:00
heteroconger polyzona,Heteroconger polyzona,2403149,EXACT,ACCEPTED,2403149,,self,,,,,,2026-10-06T08:32:09+00:00
boninastrea boninensis,Boninastrea boninensis,2259543,EXACT,ACCEPTED,2259543,,self,,,,,,2026-10-06T08:32:09+00:00
octolasmis unguisiformis,Octolasmis unguisiformis,4335769,EXACT,ACCEPTED,4335769,,self,,,,,,2026-10-06T08:32:09+00:00
loliolus beka,Loliolus beka,2290341,EXACT,ACCEPTED,2290341,,self,,,,,,2026-10-06T08:32:09+00:00
lingula adamsi,Lingula adamsi,5183828,EXACT,ACCEPTED,5183828,,self,,,,,,2026-10-06T08:32:09+00:00
phlegmariurus sieboldii (miq.) ching,Phlegmariurus sieboldii (Miq.) Ching,3990857,EXACT,ACCEPTED,3990857,,self,,,,,,2026-10-06T08:32:09+00:00
dendroceros japonicus steph.,Dendroceros japonicus Steph.,5792173,EXACT,ACCEPTED,5792173,,self,,,,,,2026-10-06T08:32:09+00:00
nitellopsis obtusa (desv.) j.groves,Nitellopsis obtusa (Desv.) J.Groves,2638307,EXACT,ACCEPTED,2638307,,self,,,,,,2026-10-06T08:32:09+00:00
tricholoma bakamatsutake hongo,Tricholoma bakamatsutake Hongo,5450746,EXACT,ACCEPTED,5450746,,self,,,,,,2026-10-06T08:32:09+00:00
"ephoron shigae (takahashi, 1924）","Ephoron shigae (Takahashi, 1924）",6934307,EXACT,ACCEPTED,6934307,,self,,,,,,2026-10-06T08:32:09+00:00
trichosurus vulpecula,Trichosurus vulpecula,2440254,EXACT,ACCEPTED,2440254,,self,,,,,,2026-10-06T08:32:09+00:00
eleutherodactylus johnstonei,Eleutherodactylus johnstonei,2424120,EXACT,ACCEPTED,2424120,,self,,,,,,2026-10-06T08:32:09+00:00
pylodictis olivaris,Pylodictis olivaris,2341077,EXACT,ACCEPTED,2341077,,self,,,,,,2026-10-06T08:32:09+00:00
solenopsis invicta,Solenopsis invicta,5035230,EXACT,ACCEPTED,5035230,,self,,,,,,2026-10-06T08:32:09+00:00
hadronyche spp.,Hadronyche spp.,2145025,HIGHERRANK,ACCEPTED,,,n/a,unresolved,genus_or_higher,,,,2026-10-06T08:32:09+00:00
dreissena polymorpha,Dreissena polymorpha,2287072,EXACT,ACCEPTED,2287072,,self,,,,,,2026-10-06T08:32:09+00:00
zosterops spp.,Zosterops spp.,2489340,HIGHERRANK,ACCEPTED,,,n/a,unresolved,genus_or_higher,,,,2026-10-06T08:32:09+00:00
chrysemys spp.,Chrysemys spp.,9529207,HIGHERRANK,ACCEPTED,,,n/a,unresolved,genus_or_higher,,,,2026-10-06T08:32:09+00:00
alnus glutinosa,Alnus glutinosa,2876213,EXACT,ACCEPTED,2876213,,self,,,,,,2026-10-06T08:32:09+00:00
columba versicolor,Columba versicolor,5231877,EXACT,ACCEPTED,5231877,,self,,,,,,2026-10-06T08:32:09+00:00
eublepharis kuroiwae,Eublepharis kuroiwae,5221339,EXACT,SYNONYM,2446415,"Goniurosaurus kuroiwae (Namiye, 1912)",api,,,,,,2026-10-06T08:32:09+00:00
hynobius hidamontanus,Hynobius hidamontanus,2431163,EXACT,ACCEPTED,2431163,,self,,,,,,2026-10-06T08:32:09+00:00
botrychium boreale,Botrychium boreale,2650163,EXACT,ACCEPTED,2650163,,self,,,,,,2026-10-06T08:32:09+00:00
mannia californica,Mannia californica,8694243,EXACT,ACCEPTED,8694243,,self,,,,,,2026-10-06T08:32:09+00:00
chara globularis var. hakonensis,Chara globularis var. hakonensis,5270780,HIGHERRANK,ACCEPTED,,,n/a,unresolved,infraspecific_collapsed,,,,2026-10-06T08:32:09+00:00
erioderma tomentosum,Erioderma tomentosum,2601273,EXACT,ACCEPTED,2601273,,self,,,,,,2026-10-06T08:32:09+00:00
chlorophyllum agaricoides,Chlorophyllum agaricoides,5955379,EXACT,ACCEPTED,5955379,,self,,,,,,2026-10-06T08:32:09+00:00
rhinolophus pumilus miyakonis,Rhinolophus pumilus miyakonis,5787430,HIGHERRANK,ACCEPTED,,,n/a,unresolved,infraspecific_collapsed,,,,2026-10-06T08:32:23+00:00
gnathopogon elongatus suwae,Gnathopogon elongatus suwae,12331075,EXACT,SYNONYM,2366298,"Gnathopogon elongatus (Temminck & Schlegel, 1846)",api,,,,,,2026-10-06T08:32:23+00:00
rakantrechus elegans,Rakantrechus elegans,8248964,EXACT,ACCEPTED,8248964,,self,,,,,,2026-10-06T08:32:09+00:00
ogasawarana habei,Ogasawarana habei,5784021,EXACT,ACCEPTED,5784021,,self,,,,,,2026-10-06T08:32:09+00:00
thryssa baelama,Thryssa baelama,2414136,EXACT,ACCEPTED,2414136,,self,,,,,,2026-10-06T08:32:09+00:00
euphyllia paraglabrescens,Euphyllia paraglabrescens,2259286,EXACT,ACCEPTED,2259286,,self,,,,,,2026-10-06T08:32:09+00:00
halosbaena daitoensis,Halosbaena daitoensis,2215730,EXACT,ACCEPTED,2215730,,self,,,,,,2026-10-06T08:32:09+00:00
octopus incella,Octopus incella,5856025,EXACT,ACCEPTED,5856025,,self,,,,,,2026-10-06T08:32:09+00:00
hediste japonica,Hediste japonica,2316423,EXACT,ACCEPTED,2316423,,self,,,,,,2026-10-06T08:32:09+00:00
selaginella shakotanensis (franch. ex takeda) miyabe & kudo,Selaginella shakotanensis (Franch. ex Takeda) Miyabe & Kudo,8063831,EXACT,ACCEPTED,8063831,,self,,,,,,2026-10-06T08:32:09+00:00
acrobolbus ciliatus (mitt.) schiffn.,Acrobolbus ciliatus (Mitt.) Schiffn.,4276662,EXACT,ACCEPTED,4276662,,self,,,,,,2026-10-06T08:32:09+00:00
batrachospermum gelatinosum (l.) dc.,Batrachospermum gelatinosum (L.) DC.,2654243,EXACT,ACCEPTED,2654243,,self,,,,,,2026-10-06T08:32:09+00:00
"dactylosporina brunneomarginata ushijima, nagas. & s. kigawa","Dactylosporina brunneomarginata Ushijima, Nagas. & S. Kigawa",8342953,EXACT,ACCEPTED,8342953,,self,,,,,,2026-10-06T08:32:09+00:00
"cincticostella (cincticostella) orientalis （tshernova, 1952）","Cincticostella (Cincticostella) orientalis （Tshernova, 1952）",7197172,EXACT,ACCEPTED,7197172,,self,,,,,,2026-10-06T08:32:09+00:00
macaca fascicularis,Macaca fascicularis,2436603,EXACT,ACCEPTED,2436603,,self,,,,,,2026-10-06T08:32:09+00:00
eleutherodactylus planirostris,Eleutherodactylus planirostris,2424089,EXACT,ACCEPTED,2424089,,self,,,,,,2026-10-06T08:32:09+00:00
morone americana,Morone americana,2394604,EXACT,ACCEPTED,2394604,,self,,,,,,2026-10-06T08:32:09+00:00
wasmannia auropunctata,Wasmannia auropunctata,1315391,EXACT,ACCEPTED,1315391,,self,,,,,,2026-10-06T08:32:09+00:00
dreissena bugensis,Dreissena bugensis,2287073,EXACT,ACCEPTED,2287073,,self,,,,,,2026-10-06T08:32:09+00:00
pavo cristatus,Pavo cristatus,9451184,EXACT,ACCEPTED,9451184,,self,,,,,,2026-10-06T08:32:09+00:00
graptemys spp.,Graptemys spp.,2443072,HIGHERRANK,ACCEPTED,,,n/a,unresolved,genus_or_higher,,,,2026-10-06T08:32:23+00:00
ficus rubiginosa,Ficus rubiginosa,5361929,EXACT,ACCEPTED,5361929,,self,,,,,,2026-10-06T08:32:09+00:00
columba jouyi,Columba jouyi,5231869,EXACT,ACCEPTED,5231869,,self,,,,,,2026-10-06T08:32:09+00:00
opisthotropis kikuzatoi,Opisthotropis kikuzatoi,5959324,EXACT,ACCEPTED,5959324,,self,,,,,,2026-10-06T08:32:09+00:00
hynobius takedai,Hynobius takedai,2431159,EXACT,ACCEPTED,2431159,,self,,,,,,2026-10-06T08:32:09+00:00
ophioglossum parvifolium,Ophioglossum parvifolium,3659209,EXACT,ACCEPTED,3659209,,self,,,,,,2026-10-06T08:32:09+00:00
lepicolea yakusimensis,Lepicolea yakusimensis,8050302,EXACT,ACCEPTED,8050302,,self,,,,,,2026-10-06T08:32:09+00:00
nitella minispora,Nitella minispora,2637771,HIGHERRANK,ACCEPTED,,,n/a,unresolved,higher_rank,,,,2026-10-06T08:32:23+00:00
siphula ceratites,Siphula ceratites,2600381,EXACT,ACCEPTED,2600381,,self,,,,,,2026-10-06T08:32:09+00:00
coprinus boninensis,Coprinus boninensis,3332616,EXACT,ACCEPTED,3332616,,self,,,,,,2026-10-06T08:32:09+00:00
pipistrellus sturdeei,Pipistrellus sturdeei,5218501,EXACT,ACCEPTED,5218501,,self,,,,,,2026-10-06T08:32:09+00:00
pungitius kaibarae,Pungitius kaibarae,5204687,EXACT,SYNONYM,5204684,"Pungitius sinensis (Guichenot, 1869)",api,,,,,,2026-10-06T08:32:23+00:00
prodaticus satoi,Prodaticus satoi,4760807,HIGHERRANK,ACCEPTED,,,n/a,unresolved,higher_rank,,,,2026-10-06T08:32:23+00:00
ogasawarana rex,Ogasawarana rex,8194853,EXACT,ACCEPTED,8194853,,self,,,,,,2026-10-06T08:32:09+00:00
pyatakovestia boninensis,Pyatakovestia boninensis,8654960,EXACT,ACCEPTED,8654960,,self,,,,,,2026-10-06T08:32:09+00:00
plectropomus areolatus,Plectropomus areolatus,5210126,EXACT,ACCEPTED,5210126,,self,,,,,,2026-10-06T08:32:09+00:00
acropora pruinosa,Acropora pruinosa,5184634,EXACT,ACCEPTED,5184634,,self,,,,,,2026-10-06T08:32:09+00:00
alpheus hoplocheles,Alpheus hoplocheles,2226118,EXACT,ACCEPTED,2226118,,self,,,,,,2026-10-06T08:32:09+00:00
octopus wolfi,Octopus wolfi,2289632,EXACT,ACCEPTED,2289632,,self,,,,,,2026-10-06T08:32:09+00:00
chaetopterus cautus,Chaetopterus cautus,5197931,EXACT,ACCEPTED,5197931,,self,,,,,,2026-10-06T08:32:09+00:00
botrychium lunaria (l.) sw.,Botrychium lunaria (L.) Sw.,2650165,EXACT,ACCEPTED,2650165,,self,,,,,,2026-10-06T08:32:09+00:00
gymnomitrion noguchianum s.hatt.,Gymnomitrion noguchianum S.Hatt.,7552974,EXACT,ACCEPTED,7552974,,self,,,,,,2026-10-06T08:32:09+00:00
batrachospermum japonicum m.mori,Batrachospermum japonicum M.Mori,2654270,EXACT,SYNONYM,2654243,Batrachospermum gelatinosum (L.) DC.,api,,,,,,2026-10-06T08:32:23+00:00
disciseda spp.,Disciseda spp.,9401870,HIGHERRANK,ACCEPTED,,,n/a,unresolved,genus_or_higher,,,,2026-10-06T08:32:23+00:00
mungos mungos,Mungos mungos,5219080,FUZZY,ACCEPTED,,,n/a,unresolved,fuzzy_spelling,,,,2026-10-06T08:32:23+00:00
osteopilus septentrionalis,Osteopilus septentrionalis,2428083,EXACT,ACCEPTED,2428083,,self,,,,,,2026-10-06T08:32:09+00:00
gymnocephalus cernuus,Gymnocephalus cernuus,2382126,EXACT,SYNONYM,5209574,"Gymnocephalus cernua (Linnaeus, 1758)",api,,,,,,2026-10-06T08:32:23+00:00
apis mellifera scutellata,Apis mellifera scutellata,11044201,EXACT,SYNONYM,1341976,"Apis mellifera Linnaeus, 1758",api,,,,,,2026-10-06T08:32:23+00:00
latrodectus tredecimguttatus,Latrodectus tredecimguttatus,2157921,EXACT,ACCEPTED,2157921,,self,,,,,,2026-10-06T08:32:09+00:00
dikerogammarus vilosus,Dikerogammarus vilosus,4315705,FUZZY,ACCEPTED,,,n/a,unresolved,fuzzy_spelling,,,,2026-10-06T08:32:23+00:00
branta canadensis,Branta canadensis,5232437,EXACT,ACCEPTED,5232437,,self,,,,,,2026-10-06T08:32:09+00:00
pseudemys spp.,Pseudemys spp.,2443162,HIGHERRANK,ACCEPTED,,,n/a,unresolved,genus_or_higher,,,,2026-10-06T08:32:23+00:00
tillaea helmsii,Tillaea helmsii,4202523,EXACT,SYNONYM,5362054,Crassula helmsii (Kirk) Cockayne,api,,,,,,2026-10-06T08:32:23+00:00
poliolimnas cinereus brevipes,Poliolimnas cinereus brevipes,5228180,HIGHERRANK,SYNONYM,,,n/a,unresolved,infraspecific_collapsed,,,,2026-10-06T08:32:23+00:00
caretta caretta,Caretta caretta,8894817,EXACT,ACCEPTED,8894817,,self,,,,,,2026-10-06T08:32:09+00:00
hynobius nebulosus tokyoensis,Hynobius nebulosus tokyoensis,2431144,HIGHERRANK,ACCEPTED,,,n/a,unresolved,infraspecific_collapsed,,,,2026-10-06T08:32:23+00:00
hypolepis tenuifolia,Hypolepis tenuifolia,5275022,EXACT,ACCEPTED,5275022,,self,,,,,,2026-10-06T08:32:09+00:00
pterogoniadelphus esquirolii,Pterogoniadelphus esquirolii,8319758,EXACT,ACCEPTED,8319758,,self,,,,,,2026-10-06T08:32:09+00:00
porphyra angusta,Porphyra angusta,6,HIGHERRANK,ACCEPTED,,,n/a,unresolved,higher_rank,,,,2026-10-06T08:32:23+00:00
enterographa multiseptata,Enterographa multiseptata,3546350,EXACT,ACCEPTED,3546350,,self,,,,,,2026-10-06T08:32:09+00:00
lepiota boninensis,Lepiota boninensis,3340529,EXACT,ACCEPTED,3340529,,self,,,,,,2026-10-06T08:32:09+00:00
canis lupus hattai,Canis lupus hattai,6164186,EXACT,ACCEPTED,6164186,,self,,,,,,2026-10-06T08:32:09+00:00
oncorhynchus kawamurae,Oncorhynchus kawamurae,5961610,EXACT,ACCEPTED,5961610,,self,,,,,,2026-10-06T08:32:09+00:00
macroplea japana,Macroplea japana,8237860,EXACT,ACCEPTED,8237860,,self,,,,,,2026-10-06T08:32:09+00:00
assiminea sp. d,Assiminea sp. D,2301943,HIGHERRANK,ACCEPTED,,,n/a,unresolved,genus_or_higher,,,,2026-10-06T08:32:23+00:00
bdellocephala annandalei,Bdellocephala annandalei,6475046,EXACT,ACCEPTED,6475046,,self,,,,,,2026-10-06T08:32:09+00:00
epinephelus lanceolatus,Epinephelus lanceolatus,2388587,EXACT,ACCEPTED,2388587,,self,,,,,,2026-10-06T08:32:09+00:00
porites okinawensis,Porites okinawensis,5184802,EXACT,ACCEPTED,5184802,,self,,,,,,2026-10-06T08:32:09+00:00
calliasmata pholidota,Calliasmata pholidota,6455505,EXACT,ACCEPTED,6455505,,self,,,,,,2026-10-06T08:32:09+00:00
branchiostoma japonicum,Branchiostoma japonicum,8146850,EXACT,ACCEPTED,8146850,,self,,,,,,2026-10-06T08:32:09+00:00
plagiogyria matsumureana makino,Plagiogyria matsumureana Makino,4160727,EXACT,ACCEPTED,4160727,,self,,,,,,2026-10-06T08:32:09+00:00
frullania iwatsukii s.hatt.,Frullania iwatsukii S.Hatt.,7571742,EXACT,ACCEPTED,7571742,,self,,,,,,2026-10-06T08:32:09+00:00
heribaudiella fluviatilis (aresch.) sved.,Heribaudiella fluviatilis (Aresch.) Sved.,3199415,EXACT,ACCEPTED,3199415,,self,,,,,,2026-10-06T08:32:09+00:00
"nigrobaetis apterus fujitani, 2017","Nigrobaetis apterus Fujitani, 2017",4683398,HIGHERRANK,ACCEPTED,,,n/a,unresolved,higher_rank,,,,2026-10-06T08:32:23+00:00
mustela furo,Mustela furo,5816581,EXACT,SYNONYM,5218913,"Mustela putorius furo Linnaeus, 1758",api,,,,,,2026-10-06T08:32:23+00:00
bufo spp.,Bufo spp.,7580221,HIGHERRANK,ACCEPTED,,,n/a,unresolved,genus_or_higher,,,,2026-10-06T08:32:23+00:00
neogobius melanostomus,Neogobius melanostomus,2379089,EXACT,ACCEPTED,2379089,,self,,,,,,2026-10-06T08:32:09+00:00
euchirus spp.,Euchirus spp.,54,HIGHERRANK,ACCEPTED,,,n/a,unresolved,genus_or_higher,,,,2026-10-06T08:32:23+00:00
buthidae gen. spp.,Buthidae Gen. spp.,5848,HIGHERRANK,ACCEPTED,,,n/a,unresolved,genus_or_higher,,,,2026-10-06T08:32:23+00:00
carcinus maenus,Carcinus maenus,8439128,EXACT,ACCEPTED,8439128,,self,,,,,,2026-10-06T08:32:09+00:00
garrulax canorus,Garrulax canorus,2493479,EXACT,ACCEPTED,2493479,,self,,,,,,2026-10-06T08:32:09+00:00
cuora flavomarginata flavomarginata,Cuora flavomarginata flavomarginata,6157096,EXACT,ACCEPTED,6157096,,self,,,,,,2026-10-06T08:32:09+00:00
acer platanoides,Acer platanoides,3189846,EXACT,ACCEPTED,3189846,,self,,,,,,2026-10-06T08:32:09+00:00
nycticorax caledonicus crassirostris,Nycticorax caledonicus crassirostris,6066386,EXACT,ACCEPTED,6066386,,self,,,,,,2026-10-06T08:32:09+00:00
geoemyda spengleri japonica,Geoemyda spengleri japonica,6157133,EXACT,SYNONYM,2443419,"Geoemyda japonica Fan, 1931",api,,,,,,2026-10-06T08:32:23+00:00
salamandrella keyserlingii,Salamandrella keyserlingii,5218334,EXACT,ACCEPTED,5218334,,self,,,,,,2026-10-06T08:32:09+00:00
tectaria dissecta,Tectaria dissecta,7229062,EXACT,ACCEPTED,7229062,,self,,,,,,2026-10-06T08:32:09+00:00
folioceros glandulosus,Folioceros glandulosus,2689586,EXACT,ACCEPTED,2689586,,self,,,,,,2026-10-06T08:32:09+00:00
nitella furcata var. fallosa,Nitella furcata var. fallosa,2637803,HIGHERRANK,SYNONYM,,,n/a,unresolved,infraspecific_collapsed,,,,2026-10-06T08:32:23+00:00
montanelia sorediata,Montanelia sorediata,8522155,EXACT,ACCEPTED,8522155,,self,,,,,,2026-10-06T08:32:09+00:00
clitocybe castaneofloccosa,Clitocybe castaneofloccosa,3326325,EXACT,ACCEPTED,3326325,,self,,,,,,2026-10-06T08:32:09+00:00
canis lupus hodophilax,Canis lupus hodophilax,6164213,EXACT,ACCEPTED,6164213,,self,,,,,,2026-10-06T08:32:09+00:00
echidna rhodochilus,Echidna rhodochilus,5213105,EXACT,ACCEPTED,5213105,,self,,,,,,2026-10-06T08:32:09+00:00
erythromma humerale,Erythromma humerale,1423016,EXACT,SYNONYM,1423018,"Erythromma najas (Hansemann, 1823)",api,,,,,,2026-10-06T08:32:23+00:00
hirasea diplomphalus latispira,Hirasea diplomphalus latispira,10918452,EXACT,SYNONYM,5783641,"Hirasea diplomphalus Pilsbry, 1902",api,,,,,,2026-10-06T08:32:23+00:00
dendrocoelopsis kishidai,Dendrocoelopsis kishidai,6475315,FUZZY,ACCEPTED,,,n/a,unresolved,fuzzy_spelling,,,,2026-10-06T08:32:23+00:00
epinephelus tukula,Epinephelus tukula,2388439,EXACT,ACCEPTED,2388439,,self,,,,,,2026-10-06T08:32:09+00:00
leptoseris amitoriensis,Leptoseris amitoriensis,5184815,EXACT,ACCEPTED,5184815,,self,,,,,,2026-10-06T08:32:09+00:00
catoptrus iejima,Catoptrus iejima,7734113,EXACT,ACCEPTED,7734113,,self,,,,,,2026-10-06T08:32:09+00:00
haplopteris flexuosa (fee) e.h.crane,Haplopteris flexuosa (Fee) E.H.Crane,4047669,EXACT,ACCEPTED,4047669,,self,,,,,,2026-10-06T08:32:09+00:00
drepanolejeunea erecta (steph.) mizut.,Drepanolejeunea erecta (Steph.) Mizut.,7400803,EXACT,ACCEPTED,7400803,,self,,,,,,2026-10-06T08:32:09+00:00
prasiola japonica yatabe,Prasiola japonica Yatabe,2625130,HIGHERRANK,ACCEPTED,,,n/a,unresolved,higher_rank,,,,2026-10-06T08:32:23+00:00
amanita sinensis zhu l. yang,Amanita sinensis Zhu L. Yang,7242039,EXACT,ACCEPTED,7242039,,self,,,,,,2026-10-06T08:32:09+00:00
"heptagenia pectoralis matsumura, 1931","Heptagenia pectoralis Matsumura, 1931",6933285,EXACT,ACCEPTED,6933285,,self,,,,,,2026-10-06T08:32:09+00:00
procyon cancrivorus,Procyon cancrivorus,9518324,EXACT,ACCEPTED,9518324,,self,,,,,,2026-10-06T08:32:09+00:00
kaloula pulchra,Kaloula pulchra,2421636,EXACT,ACCEPTED,2421636,,self,,,,,,2026-10-06T08:32:09+00:00
lepisosteidae gen. spp.,Lepisosteidae Gen. spp.,3716,HIGHERRANK,ACCEPTED,,,n/a,unresolved,genus_or_higher,,,,2026-10-06T08:32:23+00:00
lucanidae gen spp.,Lucanidae Gen spp.,3263244,HIGHERRANK,ACCEPTED,,,n/a,unresolved,genus_or_higher,,,,2026-10-06T08:32:23+00:00
latrodectus geometricus,Latrodectus geometricus,2157944,EXACT,ACCEPTED,2157944,,self,,,,,,2026-10-06T08:32:09+00:00
astacus spp.,Astacus spp.,2222152,HIGHERRANK,ACCEPTED,,,n/a,unresolved,genus_or_higher,,,,2026-10-06T08:32:23+00:00
garrulax perspicillatus,Garrulax perspicillatus,2493455,EXACT,ACCEPTED,2493455,,self,,,,,,2026-10-06T08:32:09+00:00
mauremys sinensis,Mauremys sinensis,2443244,EXACT,ACCEPTED,2443244,,self,,,,,,2026-10-06T08:32:09+00:00
acer rubrum,Acer rubrum,3189883,EXACT,ACCEPTED,3189883,,self,,,,,,2026-10-06T08:32:09+00:00
buteo buteo oshiroi,Buteo buteo oshiroi,2480537,HIGHERRANK,ACCEPTED,,,n/a,unresolved,infraspecific_collapsed,,,,2026-10-06T08:32:23+00:00
achalinus formosanus chigirai,Achalinus formosanus chigirai,6162293,EXACT,ACCEPTED,6162293,,self,,,,,,2026-10-06T08:32:09+00:00
echinotriton andersoni,Echinotriton andersoni,2431817,EXACT,ACCEPTED,2431817,,self,,,,,,2026-10-06T08:32:09+00:00
pyrrosia angustissima,Pyrrosia angustissima,8164185,EXACT,ACCEPTED,8164185,,self,,,,,,2026-10-06T08:32:09+00:00
cyathodium cavernarum,Cyathodium cavernarum,12175050,EXACT,ACCEPTED,12175050,,self,,,,,,2026-10-06T08:32:09+00:00
aphanothece sacrum,Aphanothece sacrum,10793096,HIGHERRANK,ACCEPTED,,,n/a,unresolved,higher_rank,,,,2026-10-06T08:32:23+00:00
loflammia epiphylla,Loflammia epiphylla,2608665,EXACT,ACCEPTED,2608665,,self,,,,,,2026-10-06T08:32:09+00:00
collybia matris,Collybia matris,3325435,EXACT,ACCEPTED,3325435,,self,,,,,,2026-10-06T08:32:09+00:00
lutra lutra nippon,Lutra lutra nippon,10607835,EXACT,SYNONYM,10076347,"Lutra lutra whiteleyi (Gray, 1867)",api,,,,,,2026-10-06T08:32:23+00:00
uropterygius concolor,Uropterygius concolor,2404170,EXACT,ACCEPTED,2404170,,self,,,,,,2026-10-06T08:32:09+00:00
indolestes boninensis,Indolestes boninensis,5792009,EXACT,ACCEPTED,5792009,,self,,,,,,2026-10-06T08:32:09+00:00
hirasea eutheca,Hirasea eutheca,5783648,EXACT,ACCEPTED,5783648,,self,,,,,,2026-10-06T08:32:09+00:00
dugesia izuensis,Dugesia izuensis,6475498,EXACT,ACCEPTED,6475498,,self,,,,,,2026-10-06T08:32:09+00:00
chromileptes altivelis,Chromileptes altivelis,2387953,EXACT,SYNONYM,2387947,"Cromileptes altivelis (Valenciennes, 1828)",api,,,,,,2026-10-06T08:32:23+00:00
trachyphyllia geoffroyi,Trachyphyllia geoffroyi,2258919,EXACT,ACCEPTED,2258919,,self,,,,,,2026-10-06T08:32:09+00:00
neoeriocheir leptognathus,Neoeriocheir leptognathus,5863342,EXACT,ACCEPTED,5863342,,self,,,,,,2026-10-06T08:32:09+00:00
asplenium wilfordii mett. ex kuhn,Asplenium wilfordii Mett. ex Kuhn,7310859,EXACT,DOUBTFUL,,,api,,,,,,2026-10-06T08:32:23+00:00
polytrichum piliferum hedw.,Polytrichum piliferum Hedw.,2683058,EXACT,ACCEPTED,2683058,,self,,,,,,2026-10-06T08:32:09+00:00
chara globularis thuill. var. globularis,Chara globularis Thuill. var. globularis,7229772,EXACT,ACCEPTED,7229772,,self,,,,,,2026-10-06T08:32:09+00:00
octaviania japonimontana orihara,Octaviania japonimontana Orihara,7965174,EXACT,ACCEPTED,7965174,,self,,,,,,2026-10-06T08:32:09+00:00
"dipteromimus tipuliformis mclachlan, 1875","Dipteromimus tipuliformis McLachlan, 1875",6932722,EXACT,ACCEPTED,6932722,,self,,,,,,2026-10-06T08:32:09+00:00
axis spp.,Axis spp.,1,HIGHERRANK,ACCEPTED,,,n/a,unresolved,genus_or_higher,,,,2026-10-06T08:32:23+00:00
bufo melanostictus,Bufo melanostictus,5216781,EXACT,SYNONYM,2422538,"Duttaphrynus melanostictus (Schneider, 1799)",api,,,,,,2026-10-06T08:32:23+00:00
cyprinella lutrensis,Cyprinella lutrensis,5207666,EXACT,ACCEPTED,5207666,,self,,,,,,2026-10-06T08:32:09+00:00
latrodectus hasseltii,Latrodectus hasseltii,2157928,FUZZY,ACCEPTED,,,n/a,unresolved,fuzzy_spelling,,,,2026-10-06T08:32:23+00:00
procambarus fallax,Procambarus fallax,2227309,EXACT,ACCEPTED,2227309,,self,,,,,,2026-10-06T08:32:09+00:00
garrulax sannio,Garrulax sannio,2493450,EXACT,ACCEPTED,2493450,,self,,,,,,2026-10-06T08:32:09+00:00
apalone spp.,Apalone spp.,2442664,HIGHERRANK,ACCEPTED,,,n/a,unresolved,genus_or_higher,,,,2026-10-06T08:32:23+00:00
elaeagnus angustifolia,Elaeagnus angustifolia,3039269,EXACT,ACCEPTED,3039269,,self,,,,,,2026-10-06T08:32:09+00:00
halcyon miyakoensis,Halcyon miyakoensis,12069018,EXACT,SYNONYM,6542654,"Todiramphus cinnamominus miyakoensis (Nagamichi Kuroda, 1919)",api,,,,,,2026-10-06T08:32:23+00:00
calamaria pfefferi,Calamaria pfefferi,5222933,EXACT,ACCEPTED,5222933,,self,,,,,,2026-10-06T08:32:09+00:00
babina holsti,Babina holsti,5217819,EXACT,ACCEPTED,5217819,,self,,,,,,2026-10-06T08:32:09+00:00
aletris scopulorum,Aletris scopulorum,2756064,EXACT,ACCEPTED,2756064,,self,,,,,,2026-10-06T08:32:09+00:00
fossombronia pusilla,Fossombronia pusilla,2688723,EXACT,ACCEPTED,2688723,,self,,,,,,2026-10-06T08:32:09+00:00
pseudodichotomosiphon constricta,Pseudodichotomosiphon constricta,3201033,HIGHERRANK,DOUBTFUL,,,n/a,unresolved,higher_rank,,,,2026-10-06T08:32:23+00:00
ramalina yokotae,Ramalina yokotae,10717671,EXACT,ACCEPTED,10717671,,self,,,,,,2026-10-06T08:32:09+00:00
crepidotus subpurpureus,Crepidotus subpurpureus,5241019,EXACT,ACCEPTED,5241019,,self,,,,,,2026-10-06T08:32:09+00:00
lutra lutra whiteleyi,Lutra lutra whiteleyi,10076347,EXACT,ACCEPTED,10076347,,self,,,,,,2026-10-06T08:32:09+00:00
acheilognathus cyanostigma,Acheilognathus cyanostigma,2359432,EXACT,ACCEPTED,2359432,,self,,,,,,2026-10-06T08:32:09+00:00
hemicordulia ogasawarensis,Hemicordulia ogasawarensis,1429638,EXACT,ACCEPTED,1429638,,self,,,,,,2026-10-06T08:32:09+00:00
hirasea goniobasis,Hirasea goniobasis,5783653,EXACT,ACCEPTED,5783653,,self,,,,,,2026-10-06T08:32:09+00:00
ectoplana limuli,Ectoplana limuli,5892086,EXACT,ACCEPTED,5892086,,self,,,,,,2026-10-06T08:32:09+00:00
eleutherochir opercularis,Eleutherochir opercularis,2386749,EXACT,ACCEPTED,2386749,,self,,,,,,2026-10-06T08:32:09+00:00
catalaphyllia jardinei,Catalaphyllia jardinei,2259226,EXACT,ACCEPTED,2259226,,self,,,,,,2026-10-06T08:32:09+00:00
deiratonotus kaoriae,Deiratonotus kaoriae,5863424,EXACT,ACCEPTED,5863424,,self,,,,,,2026-10-06T08:32:09+00:00
polystichum shimurae sa.kurata ex seriz.,Polystichum shimurae Sa.Kurata ex Seriz.,4044481,EXACT,ACCEPTED,4044481,,self,,,,,,2026-10-06T08:32:09+00:00
diphyscium kashimirense (h.rob.) magombo,Diphyscium kashimirense (H.Rob.) Magombo,7458361,FUZZY,ACCEPTED,,,n/a,unresolved,fuzzy_spelling,,,,2026-10-06T08:32:23+00:00
nitella flexilis (l.) agardh var. flexilis,Nitella flexilis (L.) Agardh var. flexilis,7229769,EXACT,SYNONYM,9545260,Nitella flexilis (L.) C.Agardh,api,,,,,,2026-10-06T08:32:23+00:00
pseudoboletus astraeicola (imazeki) sutara,Pseudoboletus astraeicola (Imazeki) Sutara,2524808,EXACT,ACCEPTED,2524808,,self,,,,,,2026-10-06T08:32:09+00:00
"lestes japonicus selys, 1883","Lestes japonicus Selys, 1883",5051629,EXACT,ACCEPTED,5051629,,self,,,,,,2026-10-06T08:32:09+00:00
dama spp.,Dama spp.,8397832,HIGHERRANK,ACCEPTED,,,n/a,unresolved,genus_or_higher,,,,2026-10-06T08:32:23+00:00
bufo marinus (rhinella marina),Bufo marinus (Rhinella marina),10902116,FUZZY,SYNONYM,,,n/a,unresolved,fuzzy_spelling,,,,2026-10-06T08:32:23+00:00
silurus glanis,Silurus glanis,2337607,EXACT,ACCEPTED,2337607,,self,,,,,,2026-10-06T08:32:09+00:00
cheirotonus spp.,Cheirotonus spp.,1072091,HIGHERRANK,ACCEPTED,,,n/a,unresolved,genus_or_higher,,,,2026-10-06T08:32:23+00:00
latrodectus mactans,Latrodectus mactans,2157949,EXACT,ACCEPTED,2157949,,self,,,,,,2026-10-06T08:32:09+00:00
orconectes rusticus,Orconectes rusticus,2227081,EXACT,SYNONYM,8979506,"Faxonius rusticus (Girard, 1852)",api,,,,,,2026-10-06T08:32:23+00:00
leiothrix lutea,Leiothrix lutea,5231398,EXACT,ACCEPTED,5231398,,self,,,,,,2026-10-06T08:32:09+00:00
anolis sagrei,Anolis sagrei,4287413,EXACT,ACCEPTED,4287413,,self,,,,,,2026-10-06T08:32:09+00:00
tamarix × hybrid,Tamarix × hybrid,6711299,FUZZY,ACCEPTED,,,n/a,unresolved,genus_or_higher,,,,2026-10-06T08:32:23+00:00
dryocopus javensis richardsi,Dryocopus javensis richardsi,5228846,EXACT,ACCEPTED,5228846,,self,,,,,,2026-10-06T08:32:09+00:00
chelonia mydas,Chelonia mydas,2442225,EXACT,ACCEPTED,2442225,,self,,,,,,2026-10-06T08:32:09+00:00
rana ishikawae,Rana ishikawae,2427264,EXACT,SYNONYM,2427263,"Odorrana ishikawae (Stejneger, 1901)",api,,,,,,2026-10-06T08:32:23+00:00
burmannia coelestris,Burmannia coelestris,5301026,FUZZY,ACCEPTED,,,n/a,unresolved,fuzzy_spelling,,,,2026-10-06T08:32:23+00:00
aneura hirsuta,Aneura hirsuta,7728216,EXACT,ACCEPTED,7728216,,self,,,,,,2026-10-06T08:32:09+00:00
chara fibrosa subsp. benthamii,Chara fibrosa subsp. benthamii,5270759,EXACT,SYNONYM,5270727,Chara fibrosa C.Agardh ex Bruzelius,api,,,,,,2026-10-06T08:32:23+00:00
erioderma sorediatum,Erioderma sorediatum,2601265,EXACT,ACCEPTED,2601265,,self,,,,,,2026-10-06T08:32:09+00:00
entoloma japonense,Entoloma japonense,9815055,EXACT,ACCEPTED,9815055,,self,,,,,,2026-10-06T08:32:09+00:00
mogera uchidai,Mogera uchidai,2436170,EXACT,ACCEPTED,2436170,,self,,,,,,2026-10-06T08:32:09+00:00
acheilognathus longipinnis,Acheilognathus longipinnis,2359437,EXACT,ACCEPTED,2359437,,self,,,,,,2026-10-06T08:32:09+00:00
libellula angelina,Libellula angelina,1427955,EXACT,ACCEPTED,1427955,,self,,,,,,2026-10-06T08:32:09+00:00
hirasea hypolia,Hirasea hypolia,9182250,EXACT,ACCEPTED,9182250,,self,,,,,,2026-10-06T08:32:09+00:00
phagocata papillifera,Phagocata papillifera,6475772,EXACT,ACCEPTED,6475772,,self,,,,,,2026-10-06T08:32:09+00:00
eleutherochir mccaddeni,Eleutherochir mccaddeni,9136696,EXACT,ACCEPTED,9136696,,self,,,,,,2026-10-06T08:32:09+00:00
acropora echinata,Acropora echinata,5184635,EXACT,ACCEPTED,5184635,,self,,,,,,2026-10-06T08:32:09+00:00
paraleptuca boninensis,Paraleptuca boninensis,9246523,EXACT,ACCEPTED,9246523,,self,,,,,,2026-10-06T08:32:09+00:00
nectoneanthes uchiwa,Nectoneanthes uchiwa,9414622,EXACT,ACCEPTED,9414622,,self,,,,,,2026-10-06T08:32:09+00:00
lepidomicrosorium buergerianum (miq.) ching & k.h.shing,Lepidomicrosorium buergerianum (Miq.) Ching & K.H.Shing,4026017,EXACT,SYNONYM,11131846,"Lepisorus buergerianus (Miq.) C.F.Zhao, R.Wei & X.C.Zhang",api,,,,,,2026-10-06T08:32:23+00:00
diphyscium perminutum takaki,Diphyscium perminutum Takaki,2682855,EXACT,ACCEPTED,2682855,,self,,,,,,2026-10-06T08:32:09+00:00
nitella batrachosperma a.braun,Nitella batrachosperma A.Braun,8602575,EXACT,SYNONYM,2637936,Nitella confervacea (Bréb.) A.Braun ex Leonh.,api,,,,,,2026-10-06T08:32:23+00:00
inonotus flavidus (berk.) ryv.,Inonotus flavidus (Berk.) Ryv.,2521079,EXACT,SYNONYM,9668765,Cylindrosporus flavidus (Berk.) L.W.Zhou,api,,,,,,2026-10-06T08:32:23+00:00
"pseudocopera rubripes (navás, 1934)","Pseudocopera rubripes (Navás, 1934)",12257636,EXACT,ACCEPTED,12257636,,self,,,,,,2026-10-06T08:32:09+00:00
andrias davidianus,Andrias davidianus,2432037,EXACT,ACCEPTED,2432037,,self,,,,,,2026-10-06T08:32:09+00:00
esox lucius,Esox lucius,2346633,EXACT,ACCEPTED,2346633,,self,,,,,,2026-10-06T08:32:09+00:00
linepithema humile,Linepithema humile,1316908,EXACT,ACCEPTED,1316908,,self,,,,,,2026-10-06T08:32:09+00:00
chamberlinius hualienensis,Chamberlinius hualienensis,4986594,EXACT,ACCEPTED,4986594,,self,,,,,,2026-10-06T08:32:09+00:00
cherax spp.,Cherax spp.,4417557,HIGHERRANK,ACCEPTED,,,n/a,unresolved,genus_or_higher,,,,2026-10-06T08:32:23+00:00
colinus virginianus,Colinus virginianus,9791464,EXACT,ACCEPTED,9791464,,self,,,,,,2026-10-06T08:32:09+00:00
anolis spp.,Anolis spp.,8782549,HIGHERRANK,ACCEPTED,,,n/a,unresolved,genus_or_higher,,,,2026-10-06T08:32:23+00:00
cecropia peltata,Cecropia peltata,2984476,EXACT,ACCEPTED,2984476,,self,,,,,,2026-10-06T08:32:09+00:00
falco peregrinus fruitii,Falco peregrinus fruitii,6065686,EXACT,SYNONYM,6095394,"Falco peregrinus furuitii Momiyama, 1927",api,,,,,,2026-10-06T08:32:23+00:00
calliophis macclellandii iwasakii,Calliophis macclellandii iwasakii,5226841,HIGHERRANK,ACCEPTED,,,n/a,unresolved,higher_rank,,,,2026-10-06T08:32:23+00:00
rana porosa brevipoda,Rana porosa brevipoda,10972313,EXACT,SYNONYM,2426636,"Pelophylax porosus (Cope, 1868)",api,,,,,,2026-10-06T08:32:23+00:00
thismia tuberculata,Thismia tuberculata,2756500,EXACT,ACCEPTED,2756500,,self,,,,,,2026-10-06T08:32:09+00:00
riccardia pumila,Riccardia pumila,2689534,EXACT,ACCEPTED,2689534,,self,,,,,,2026-10-06T08:32:09+00:00
chara fibrosa subsp. flaccida,Chara fibrosa subsp. flaccida,5270727,HIGHERRANK,ACCEPTED,,,n/a,unresolved,infraspecific_collapsed,,,,2026-10-06T08:32:23+00:00
gibbosporina boninensis,Gibbosporina boninensis,9741521,EXACT,ACCEPTED,9741521,,self,,,,,,2026-10-06T08:32:09+00:00
camarophyllus microbicolor,Camarophyllus microbicolor,2525705,HIGHERRANK,ACCEPTED,,,n/a,unresolved,higher_rank,,,,2026-10-06T08:32:23+00:00
pteropus dasymallus daitoensis,Pteropus dasymallus daitoensis,8795943,EXACT,ACCEPTED,8795943,,self,,,,,,2026-10-06T08:32:09+00:00
acheilognathus tabira jordani,Acheilognathus tabira jordani,6167068,EXACT,SYNONYM,4286919,"Acheilognathus tabira Jordan & Thompson, 1914",api,,,,,,2026-10-06T08:32:23+00:00
orthetrum poecilops,Orthetrum poecilops,1428722,EXACT,ACCEPTED,1428722,,self,,,,,,2026-10-06T08:32:09+00:00
hirasea major,Hirasea major,5783649,EXACT,ACCEPTED,5783649,,self,,,,,,2026-10-06T08:32:09+00:00
cirrodrilus tsugarensis,Cirrodrilus tsugarensis,7875454,EXACT,ACCEPTED,7875454,,self,,,,,,2026-10-06T08:32:09+00:00
carcharias taurus,Carcharias taurus,2420766,EXACT,ACCEPTED,2420766,,self,,,,,,2026-10-06T08:32:09+00:00
acropora grandis,Acropora grandis,5184612,EXACT,ACCEPTED,5184612,,self,,,,,,2026-10-06T08:32:09+00:00
parabrachiella brevicapita,Parabrachiella brevicapita,6466970,EXACT,ACCEPTED,6466970,,self,,,,,,2026-10-06T08:32:09+00:00
tylorrhynchus osawai,Tylorrhynchus osawai,11192971,EXACT,ACCEPTED,11192971,,self,,,,,,2026-10-06T08:32:09+00:00
thuja standishii (gordon) carriere,Thuja standishii (Gordon) Carriere,2684174,EXACT,ACCEPTED,2684174,,self,,,,,,2026-10-06T08:32:09+00:00
coscinodon humilis mild.,Coscinodon humilis Mild.,2674257,EXACT,ACCEPTED,2674257,,self,,,,,,2026-10-06T08:32:09+00:00
nitella pseudoflabellata a.braun f. macrophylla kasaki,Nitella pseudoflabellata A.Braun f. macrophylla Kasaki,2637819,HIGHERRANK,ACCEPTED,,,n/a,unresolved,infraspecific_collapsed,,,,2026-10-06T08:32:23+00:00
inonotus patouillardii (rick) imazeki,Inonotus patouillardii (Rick) Imazeki,2521178,EXACT,ACCEPTED,2521178,,self,,,,,,2026-10-06T08:32:09+00:00
"paracercion plagiosum (needham, 1930)","Paracercion plagiosum (Needham, 1930)",1423562,EXACT,ACCEPTED,1423562,,self,,,,,,2026-10-06T08:32:09+00:00
pteromys volans,Pteromys volans,2437258,EXACT,ACCEPTED,2437258,,self,,,,,,2026-10-06T08:32:09+00:00
rana catesbeiana（lithobates catesbeianus),Rana catesbeiana（Lithobates catesbeianus),2427092,HIGHERRANK,SYNONYM,,,n/a,unresolved,annotated_name,,,,2026-10-06T08:32:23+00:00
esox masquinongy,Esox masquinongy,2346634,EXACT,ACCEPTED,2346634,,self,,,,,,2026-10-06T08:32:09+00:00
solenopsis geminata,Solenopsis geminata,5035187,EXACT,ACCEPTED,5035187,,self,,,,,,2026-10-06T08:32:09+00:00
eriocheir spp.,Eriocheir spp.,2225775,HIGHERRANK,ACCEPTED,,,n/a,unresolved,genus_or_higher,,,,2026-10-06T08:32:23+00:00
phasianus colchicus karpowi,Phasianus colchicus karpowi,5227788,EXACT,ACCEPTED,5227788,,self,,,,,,2026-10-06T08:32:09+00:00
eublepharis macularius,Eublepharis macularius,5221283,EXACT,ACCEPTED,5221283,,self,,,,,,2026-10-06T08:32:09+00:00
cecropia schreberiana,Cecropia schreberiana,2984475,EXACT,ACCEPTED,2984475,,self,,,,,,2026-10-06T08:32:09+00:00
parus varius orii,Parus varius orii,5788757,HIGHERRANK,ACCEPTED,,,n/a,unresolved,infraspecific_collapsed,,,,2026-10-06T08:32:23+00:00
eumeces kishinouyei,Eumeces kishinouyei,5789623,EXACT,SYNONYM,5960562,"Plestiodon kishinouyei (Stejneger, 1901)",api,,,,,,2026-10-06T08:32:23+00:00
rana namiyei,Rana namiyei,11019422,EXACT,SYNONYM,2430498,"Limnonectes namiyei (Stejneger, 1901)",api,,,,,,2026-10-06T08:32:23+00:00
acanthephippium striatum,Acanthephippium striatum,2816135,EXACT,ACCEPTED,2816135,,self,,,,,,2026-10-06T08:32:09+00:00
anastrophyllum ellipticum,Anastrophyllum ellipticum,8259708,EXACT,ACCEPTED,8259708,,self,,,,,,2026-10-06T08:32:09+00:00
chara sejuncta,Chara sejuncta,5710324,EXACT,ACCEPTED,5710324,,self,,,,,,2026-10-06T08:32:09+00:00
dermatocarpon tuzibei,Dermatocarpon tuzibei,5493065,EXACT,ACCEPTED,5493065,,self,,,,,,2026-10-06T08:32:09+00:00
hygrocybe macrospora,Hygrocybe macrospora,3345506,EXACT,ACCEPTED,3345506,,self,,,,,,2026-10-06T08:32:09+00:00
pteropus dasymallus dasymallus,Pteropus dasymallus dasymallus,7261773,EXACT,ACCEPTED,7261773,,self,,,,,,2026-10-06T08:32:09+00:00
acheilognathus tabira nakamurae,Acheilognathus tabira nakamurae,6167066,EXACT,SYNONYM,4286919,"Acheilognathus tabira Jordan & Thompson, 1914",api,,,,,,2026-10-06T08:32:23+00:00
celes akitanus,Celes akitanus,1698828,EXACT,SYNONYM,6255147,"Celes skalozubovi akitanus (Shiraki, 1910)",api,,,,,,2026-10-06T08:32:23+00:00
hirasea nesiotica liobasis,Hirasea nesiotica liobasis,11902755,EXACT,ACCEPTED,11902755,,self,,,,,,2026-10-06T08:32:09+00:00
tachypleus tridentatus,Tachypleus tridentatus,1010608,EXACT,ACCEPTED,1010608,,self,,,,,,2026-10-06T08:32:09+00:00
alveopora japonica,Alveopora japonica,2260435,EXACT,ACCEPTED,2260435,,self,,,,,,2026-10-06T08:32:09+00:00
phyllodurus sp.,Phyllodurus sp.,2201086,HIGHERRANK,ACCEPTED,,,n/a,unresolved,genus_or_higher,,,,2026-10-06T08:32:23+00:00
halla okudai,Halla okudai,5197954,EXACT,ACCEPTED,5197954,,self,,,,,,2026-10-06T08:32:09+00:00
brasenia schreberi j.f.gmel.,Brasenia schreberi J.F.Gmel.,2882446,EXACT,ACCEPTED,2882446,,self,,,,,,2026-10-06T08:32:09+00:00
saelania glaucescens (hedw.) broth.,Saelania glaucescens (Hedw.) Broth.,2675835,EXACT,ACCEPTED,2675835,,self,,,,,,2026-10-06T08:32:09+00:00
nitella gracilens morioka,Nitella gracilens Morioka,2637908,EXACT,ACCEPTED,2637908,,self,,,,,,2026-10-06T08:32:09+00:00
inonotus ludovicianus (pat.) murrill,Inonotus ludovicianus (Pat.) Murrill,8343605,EXACT,SYNONYM,2521276,Inocutis ludoviciana (Pat.) T.Wagner & M.Fisch.,api,,,,,,2026-10-06T08:32:23+00:00
"mortonagrion hirosei asahina, 1972","Mortonagrion hirosei Asahina, 1972",1423532,EXACT,ACCEPTED,1423532,,self,,,,,,2026-10-06T08:32:09+00:00
sciurus carolinensis,Sciurus carolinensis,5219681,EXACT,ACCEPTED,5219681,,self,,,,,,2026-10-06T08:32:09+00:00
polypedates leucomystax,Polypedates leucomystax,2423785,EXACT,ACCEPTED,2423785,,self,,,,,,2026-10-06T08:32:09+00:00
esocidae spp.,Esocidae spp.,7662,HIGHERRANK,ACCEPTED,,,n/a,unresolved,genus_or_higher,,,,2026-10-06T08:32:23+00:00
vespa velutina,Vespa velutina,1311477,EXACT,ACCEPTED,1311477,,self,,,,,,2026-10-06T08:32:09+00:00
limnoperna spp.,Limnoperna spp.,4593317,HIGHERRANK,ACCEPTED,,,n/a,unresolved,genus_or_higher,,,,2026-10-06T08:32:23+00:00
cygnus olor,Cygnus olor,2498343,EXACT,ACCEPTED,2498343,,self,,,,,,2026-10-06T08:32:09+00:00
boiga irregularis,Boiga irregularis,2457884,EXACT,ACCEPTED,2457884,,self,,,,,,2026-10-06T08:32:09+00:00
pittosporum undulatum,Pittosporum undulatum,2986239,EXACT,ACCEPTED,2986239,,self,,,,,,2026-10-06T08:32:09+00:00
apalopteron familiare familiare,Apalopteron familiare familiare,7341690,EXACT,ACCEPTED,7341690,,self,,,,,,2026-10-06T08:32:09+00:00
pareas iwasakii,Pareas iwasakii,2453024,EXACT,ACCEPTED,2453024,,self,,,,,,2026-10-06T08:32:09+00:00
hynobius boulengeri,Hynobius boulengeri,2431152,EXACT,ACCEPTED,2431152,,self,,,,,,2026-10-06T08:32:09+00:00
arachnis labrosa,Arachnis labrosa,5313051,EXACT,ACCEPTED,5313051,,self,,,,,,2026-10-06T08:32:09+00:00
crossocalyx hellerianus,Crossocalyx hellerianus,2689424,EXACT,ACCEPTED,2689424,,self,,,,,,2026-10-06T08:32:09+00:00
chara zeylanica,Chara zeylanica,5270840,EXACT,ACCEPTED,5270840,,self,,,,,,2026-10-06T08:32:09+00:00
dermatocarpon vellereum,Dermatocarpon vellereum,7252584,EXACT,ACCEPTED,7252584,,self,,,,,,2026-10-06T08:32:09+00:00
hygrocybe miniatostriata,Hygrocybe miniatostriata,3345498,EXACT,ACCEPTED,3345498,,self,,,,,,2026-10-06T08:32:09+00:00
myotis formosus,Myotis formosus,2432443,EXACT,ACCEPTED,2432443,,self,,,,,,2026-10-06T08:32:09+00:00
acheilognathus typus,Acheilognathus typus,2359448,EXACT,ACCEPTED,2359448,,self,,,,,,2026-10-06T08:32:09+00:00
ogasawaracris gloriosus,Ogasawaracris gloriosus,1702201,EXACT,ACCEPTED,1702201,,self,,,,,,2026-10-06T08:32:09+00:00
hirasea planulata biconcava,Hirasea planulata biconcava,5783644,HIGHERRANK,ACCEPTED,,,n/a,unresolved,infraspecific_collapsed,,,,2026-10-06T08:32:23+00:00
cordiseta nakayamai,Cordiseta nakayamai,4664955,HIGHERRANK,ACCEPTED,,,n/a,unresolved,higher_rank,,,,2026-10-06T08:32:23+00:00
nibea albiflora,Nibea albiflora,2399776,EXACT,ACCEPTED,2399776,,self,,,,,,2026-10-06T08:32:09+00:00
stylaraea punctata,Stylaraea punctata,5184803,EXACT,ACCEPTED,5184803,,self,,,,,,2026-10-06T08:32:09+00:00
progebiophilus villosus,Progebiophilus villosus,2201371,EXACT,ACCEPTED,2201371,,self,,,,,,2026-10-06T08:32:09+00:00
chaetopterus kagosimensis,Chaetopterus kagosimensis,5197925,EXACT,SYNONYM,5197910,"Chaetopterus variopedatus (Renier, 1804)",api,,,,,,2026-10-06T08:32:23+00:00
nuphar subintegerrima (casp.) makino,Nuphar subintegerrima (Casp.) Makino,3697787,EXACT,ACCEPTED,3697787,,self,,,,,,2026-10-06T08:32:09+00:00
schistostega pennata (hedw.) f.weber & mohr,Schistostega pennata (Hedw.) F.Weber & Mohr,2679339,EXACT,ACCEPTED,2679339,,self,,,,,,2026-10-06T08:32:09+00:00
nitella hyalina (dc.) c.agardh,Nitella hyalina (DC.) C.Agardh,2637951,EXACT,ACCEPTED,2637951,,self,,,,,,2026-10-06T08:32:09+00:00
pyrrhoderma sendaiense (yasuda) imazeki,Pyrrhoderma sendaiense (Yasuda) Imazeki,2521360,EXACT,ACCEPTED,2521360,,self,,,,,,2026-10-06T08:32:09+00:00
"epitheca marginata (selys, 1883)","Epitheca marginata (Selys, 1883)",1430082,EXACT,ACCEPTED,1430082,,self,,,,,,2026-10-06T08:32:09+00:00
callosciurus finlaysonii,Callosciurus finlaysonii,2437399,EXACT,ACCEPTED,2437399,,self,,,,,,2026-10-06T08:32:09+00:00
xenopus laevis,Xenopus laevis,5217334,EXACT,ACCEPTED,5217334,,self,,,,,,2026-10-06T08:32:09+00:00
gambusia holbrooki,Gambusia holbrooki,2350570,EXACT,ACCEPTED,2350570,,self,,,,,,2026-10-06T08:32:09+00:00
sericinus montela,Sericinus montela,1937490,EXACT,ACCEPTED,1937490,,self,,,,,,2026-10-06T08:32:09+00:00
pacifastacus leniusculus,Pacifastacus leniusculus,2226990,EXACT,ACCEPTED,2226990,,self,,,,,,2026-10-06T08:32:09+00:00
himantopus mexicanus,Himantopus mexicanus,5229128,EXACT,ACCEPTED,5229128,,self,,,,,,2026-10-06T08:32:09+00:00
boiga spp.,Boiga spp.,2457835,HIGHERRANK,ACCEPTED,,,n/a,unresolved,genus_or_higher,,,,2026-10-06T08:32:23+00:00
eugenia uniflora,Eugenia uniflora,5416458,EXACT,ACCEPTED,5416458,,self,,,,,,2026-10-06T08:32:09+00:00
troglodytes troglodytes orii,Troglodytes troglodytes orii,5231438,HIGHERRANK,ACCEPTED,,,n/a,unresolved,infraspecific_collapsed,,,,2026-10-06T08:32:23+00:00
achalinus werneri van,Achalinus werneri van,2458206,EXACT,ACCEPTED,2458206,,self,,,,,,2026-10-06T08:32:09+00:00
hynobius dunni,Hynobius dunni,2431162,EXACT,ACCEPTED,2431162,,self,,,,,,2026-10-06T08:32:09+00:00
neottia kiusiana,Neottia kiusiana,2816373,EXACT,ACCEPTED,2816373,,self,,,,,,2026-10-06T08:32:09+00:00
odontoschisma francisci,Odontoschisma francisci,9287142,EXACT,ACCEPTED,9287142,,self,,,,,,2026-10-06T08:32:09+00:00
nitella acuminata var. capitulifera,Nitella acuminata var. capitulifera,6136131,EXACT,ACCEPTED,6136131,,self,,,,,,2026-10-06T08:32:09+00:00
cladonia koyaënsis,Cladonia koyaënsis,3390393,EXACT,ACCEPTED,3390393,,self,,,,,,2026-10-06T08:32:09+00:00
gymnopilus noviholocirrhus,Gymnopilus noviholocirrhus,3343037,EXACT,ACCEPTED,3343037,,self,,,,,,2026-10-06T08:32:09+00:00
myotis yanbarensis,Myotis yanbarensis,4266420,EXACT,ACCEPTED,4266420,,self,,,,,,2026-10-06T08:32:09+00:00
aphyocypris chinensis,Aphyocypris chinensis,2366562,EXACT,ACCEPTED,2366562,,self,,,,,,2026-10-06T08:32:09+00:00
oxya ogasawarensis,Oxya ogasawarensis,1700988,FUZZY,ACCEPTED,,,n/a,unresolved,fuzzy_spelling,,,,2026-10-06T08:32:23+00:00
hirasea planulata planulata,Hirasea planulata planulata,5783644,HIGHERRANK,ACCEPTED,,,n/a,unresolved,infraspecific_collapsed,,,,2026-10-06T08:32:23+00:00
walchia pentalagi,Walchia pentalagi,6925432,EXACT,ACCEPTED,6925432,,self,,,,,,2026-10-06T08:32:09+00:00
cycloseris hexagonalis,Cycloseris hexagonalis,4879172,EXACT,SYNONYM,9245709,"Sinuorota hexagonalis (Milne Edwards & Haime, 1848)",api,,,,,,2026-10-06T08:32:23+00:00
atyidae gen. sp.,Atyidae gen. sp.,4475,HIGHERRANK,ACCEPTED,,,n/a,unresolved,annotated_name,,,,2026-10-06T08:32:23+00:00
mesochaetopterus japonicus,Mesochaetopterus japonicus,2321484,EXACT,ACCEPTED,2321484,,self,,,,,,2026-10-06T08:32:09+00:00
nymphaea tetragona georgi,Nymphaea tetragona Georgi,2882422,EXACT,ACCEPTED,2882422,,self,,,,,,2026-10-06T08:32:09+00:00
plagiomnium confertidens (lindb. & arn.) t.j.kop.,Plagiomnium confertidens (Lindb. & Arn.) T.J.Kop.,7758152,EXACT,ACCEPTED,7758152,,self,,,,,,2026-10-06T08:32:09+00:00
"virescentia helminthosa (bory) necchi, d.c.agostinho & m.l.vis","Virescentia helminthosa (Bory) Necchi, D.C.Agostinho & M.L.Vis",12161995,EXACT,SYNONYM,12241723,"Virescentia spec (Bory) Necchi, Agostinho & M.L.Vis",api,,,,,,2026-10-06T08:32:23+00:00
verpa digitaliformis pers.,Verpa digitaliformis Pers.,5259070,EXACT,ACCEPTED,5259070,,self,,,,,,2026-10-06T08:32:09+00:00
"somatochlora clavata oguma, 1913","Somatochlora clavata Oguma, 1913",1429987,EXACT,ACCEPTED,1429987,,self,,,,,,2026-10-06T08:32:09+00:00
macaca cyclopis,Macaca cyclopis,2436615,EXACT,ACCEPTED,2436615,,self,,,,,,2026-10-06T08:32:09+00:00
bufo japonicus formosus,Bufo japonicus formosus,10929308,EXACT,SYNONYM,5217143,"Bufo japonicus Temminck & Schlegel, 1838",api,,,,,,2026-10-06T08:32:23+00:00
siniperca chuatsi,Siniperca chuatsi,2380448,EXACT,ACCEPTED,2380448,,self,,,,,,2026-10-06T08:32:09+00:00
hestina assimilis assimilis,Hestina assimilis assimilis,7207262,EXACT,ACCEPTED,7207262,,self,,,,,,2026-10-06T08:32:09+00:00
procambarus clarkii,Procambarus clarkii,2227300,EXACT,ACCEPTED,2227300,,self,,,,,,2026-10-06T08:32:09+00:00
psittacula krameri manillensis,Psittacula krameri manillensis,5229067,EXACT,ACCEPTED,5229067,,self,,,,,,2026-10-06T08:32:09+00:00
chelydra serpentina,Chelydra serpentina,2441905,EXACT,ACCEPTED,2441905,,self,,,,,,2026-10-06T08:32:09+00:00
syzygium cumini,Syzygium cumini,3183840,EXACT,ACCEPTED,3183840,,self,,,,,,2026-10-06T08:32:09+00:00
turdus terrestris,Turdus terrestris,2490714,HIGHERRANK,ACCEPTED,,,n/a,unresolved,higher_rank,,,,2026-10-06T08:32:23+00:00
opheodrys herminae,Opheodrys herminae,2455213,EXACT,SYNONYM,11054644,"Ptyas herminae (Boettger, 1895)",api,,,,,,2026-10-06T08:32:23+00:00
hynobius stejnegeri,Hynobius stejnegeri,2431136,EXACT,ACCEPTED,2431136,,self,,,,,,2026-10-06T08:32:09+00:00
odontochilus poilanei,Odontochilus poilanei,5315222,EXACT,ACCEPTED,5315222,,self,,,,,,2026-10-06T08:32:09+00:00
lethocolea naruto-toganensis,Lethocolea naruto-toganensis,7546817,EXACT,ACCEPTED,7546817,,self,,,,,,2026-10-06T08:32:09+00:00
nitella dimorpha,Nitella dimorpha,2637771,HIGHERRANK,ACCEPTED,,,n/a,unresolved,higher_rank,,,,2026-10-06T08:32:23+00:00
gymnoderma coccocarpum,Gymnoderma coccocarpum,5470393,EXACT,ACCEPTED,5470393,,self,,,,,,2026-10-06T08:32:09+00:00
lycoperdon henningsii,Lycoperdon henningsii,5453449,EXACT,ACCEPTED,5453449,,self,,,,,,2026-10-06T08:32:09+00:00
apodemus agrarius,Apodemus agrarius,2437761,EXACT,ACCEPTED,2437761,,self,,,,,,2026-10-06T08:32:09+00:00
carassius sp.,Carassius sp.,7396773,HIGHERRANK,ACCEPTED,,,n/a,unresolved,genus_or_higher,,,,2026-10-06T08:32:23+00:00
platypleura albivannata,Platypleura albivannata,7472416,EXACT,ACCEPTED,7472416,,self,,,,,,2026-10-06T08:32:09+00:00
hirasea profundispira,Hirasea profundispira,5783645,EXACT,ACCEPTED,5783645,,self,,,,,,2026-10-06T08:32:09+00:00
cybaeus itsukiensis,Cybaeus itsukiensis,2179010,EXACT,ACCEPTED,2179010,,self,,,,,,2026-10-06T08:32:09+00:00
barbuligobius boehlkei,Barbuligobius boehlkei,2377495,EXACT,ACCEPTED,2377495,,self,,,,,,2026-10-06T08:32:09+00:00
heliofungia actiniformis,Heliofungia actiniformis,2260592,EXACT,ACCEPTED,2260592,,self,,,,,,2026-10-06T08:32:09+00:00
upogebia carinicauda,Upogebia carinicauda,4645282,EXACT,ACCEPTED,4645282,,self,,,,,,2026-10-06T08:32:09+00:00
siphonosoma cumanense,Siphonosoma cumanense,2509297,EXACT,ACCEPTED,2509297,,self,,,,,,2026-10-06T08:32:09+00:00
lemna trisulca l.,Lemna trisulca L.,2867579,EXACT,ACCEPTED,2867579,,self,,,,,,2026-10-06T08:32:09+00:00
schlotheimia grevilleana mitt.,Schlotheimia grevilleana Mitt.,5281108,EXACT,SYNONYM,5281128,Schlotheimia ferruginea (Burch. ex Hook. & Grev.) Brid.,api,,,,,,2026-10-06T08:32:23+00:00
compsopogon caeruleus (balbis) mont.,Compsopogon caeruleus (Balbis) Mont.,2653941,EXACT,ACCEPTED,2653941,,self,,,,,,2026-10-06T08:32:09+00:00
"tuber flavidosporum h. sasaki, a. kinosh., nara","Tuber flavidosporum H. Sasaki, A. Kinosh., Nara",9764212,EXACT,ACCEPTED,9764212,,self,,,,,,2026-10-06T08:32:09+00:00
"sympetrum kunckeli (selys, 1884)","Sympetrum kunckeli (Selys, 1884)",1428322,EXACT,ACCEPTED,1428322,,self,,,,,,2026-10-06T08:32:09+00:00
macaca muｌatta,Macaca muｌatta,2436602,EXACT,ACCEPTED,2436602,,self,,,,,,2026-10-06T08:32:09+00:00
fejervarya kawamurai,Fejervarya kawamurai,9037947,EXACT,ACCEPTED,9037947,,self,,,,,,2026-10-06T08:32:09+00:00
siniperca scherzeri,Siniperca scherzeri,2380457,EXACT,ACCEPTED,2380457,,self,,,,,,2026-10-06T08:32:09+00:00
rhabdoscelus obscurus,Rhabdoscelus obscurus,4291564,EXACT,ACCEPTED,4291564,,self,,,,,,2026-10-06T08:32:09+00:00
platydemus manokwari,Platydemus manokwari,5892137,EXACT,ACCEPTED,5892137,,self,,,,,,2026-10-06T08:32:09+00:00
pycnonotus sinensis ssp.,Pycnonotus sinensis ssp.,2486150,EXACT,ACCEPTED,2486150,,self,,,,,,2026-10-06T08:32:09+00:00
trachemys scripta,Trachemys scripta,2443002,EXACT,ACCEPTED,2443002,,self,,,,,,2026-10-06T08:32:09+00:00
clidemia hirta,Clidemia hirta,3188642,EXACT,SYNONYM,9404220,Miconia crenata (Vahl) Michelang.,api,,,,,,2026-10-06T08:32:23+00:00
chaunoproctus ferreorostris,Chaunoproctus ferreorostris,5231613,EXACT,SYNONYM,7384053,"Carpodacus ferreorostris (Vigors, 1829)",api,,,,,,2026-10-06T08:32:23+00:00
calliophis japonicus,Calliophis japonicus,5226795,EXACT,SYNONYM,2469812,"Sinomicrurus japonicus (Günther, 1868)",api,,,,,,2026-10-06T08:32:23+00:00
hynobius okiensis,Hynobius okiensis,2431156,EXACT,ACCEPTED,2431156,,self,,,,,,2026-10-06T08:32:09+00:00
eriocaulon setaceum,Eriocaulon setaceum,2690614,EXACT,ACCEPTED,2690614,,self,,,,,,2026-10-06T08:32:09+00:00
eremonotus myriocarpus,Eremonotus myriocarpus,9253285,EXACT,ACCEPTED,9253285,,self,,,,,,2026-10-06T08:32:09+00:00
nitella furcata var. zollingeri,Nitella furcata var. zollingeri,2637803,HIGHERRANK,SYNONYM,,,n/a,unresolved,infraspecific_collapsed,,,,2026-10-06T08:32:23+00:00
gymnoderma insulare,Gymnoderma insulare,5470391,EXACT,ACCEPTED,5470391,,self,,,,,,2026-10-06T08:32:09+00:00
campanella boninensis,Campanella boninensis,5243784,EXACT,ACCEPTED,5243784,,self,,,,,,2026-10-06T08:32:09+00:00
tokudaia muenninki,Tokudaia muenninki,2438054,EXACT,ACCEPTED,2438054,,self,,,,,,2026-10-06T08:32:09+00:00
gnathopogon caerulescens,Gnathopogon caerulescens,2366325,EXACT,ACCEPTED,2366325,,self,,,,,,2026-10-06T08:32:09+00:00
diplonychus rusticus,Diplonychus rusticus,5866471,EXACT,ACCEPTED,5866471,,self,,,,,,2026-10-06T08:32:09+00:00
hirasea sinuosa,Hirasea sinuosa,5783650,EXACT,ACCEPTED,5783650,,self,,,,,,2026-10-06T08:32:09+00:00
salmincola stellatus,Salmincola stellatus,5719610,EXACT,ACCEPTED,5719610,,self,,,,,,2026-10-06T08:32:09+00:00
takifugu chinensis,Takifugu chinensis,2407567,EXACT,ACCEPTED,2407567,,self,,,,,,2026-10-06T08:32:09+00:00
galaxea horrescens,Galaxea horrescens,4879998,EXACT,ACCEPTED,4879998,,self,,,,,,2026-10-06T08:32:09+00:00
sipunculus nudus,Sipunculus nudus,5234445,EXACT,ACCEPTED,5234445,,self,,,,,,2026-10-06T08:32:09+00:00
alisma plantago-aquatica l. var. orientale sam.,Alisma plantago-aquatica L. var. orientale Sam.,6309996,EXACT,SYNONYM,2865101,Alisma plantago-aquatica subsp. orientale (Sam.) Sam.,api,,,,,,2026-10-06T08:32:23+00:00
zygodon viridissimus (dicks.) brid.,Zygodon viridissimus (Dicks.) Brid.,5281000,EXACT,ACCEPTED,5281000,,self,,,,,,2026-10-06T08:32:09+00:00
sheathia arcuata (kylin) salomaki & m.l.vis,Sheathia arcuata (Kylin) Salomaki & M.L.Vis,7600587,EXACT,ACCEPTED,7600587,,self,,,,,,2026-10-06T08:32:09+00:00
cordyceps mantidicola kobayasi & shimizu,Cordyceps mantidicola Kobayasi & Shimizu,3451562,EXACT,SYNONYM,12223754,"Petchia mantidicola (Kobayasi & Shimizu) Thanakitp., Mongkols. & Luangsa-ard",api,,,,,,2026-10-06T08:32:23+00:00
"sympetrum croceolum (selys, 1883)","Sympetrum croceolum (Selys, 1883)",1428202,EXACT,ACCEPTED,1428202,,self,,,,,,2026-10-06T08:32:09+00:00
felis silvestris catus,Felis silvestris catus,9533902,EXACT,SYNONYM,2435035,"Felis catus Linnaeus, 1758",api,,,,,,2026-10-06T08:32:23+00:00
lates niloticus,Lates niloticus,2393184,EXACT,ACCEPTED,2393184,,self,,,,,,2026-10-06T08:32:09+00:00
protaetia orientalis sakaii,Protaetia orientalis sakaii,6280806,EXACT,ACCEPTED,6280806,,self,,,,,,2026-10-06T08:32:09+00:00
pomacea canaliculata,Pomacea canaliculata,2292582,EXACT,ACCEPTED,2292582,,self,,,,,,2026-10-06T08:32:09+00:00
garrulax cineraceus,Garrulax cineraceus,2493441,EXACT,ACCEPTED,2493441,,self,,,,,,2026-10-06T08:32:09+00:00
anolis carolinensis,Anolis carolinensis,2466939,EXACT,ACCEPTED,2466939,,self,,,,,,2026-10-06T08:32:09+00:00
schefflera actinophylla,Schefflera actinophylla,3038546,EXACT,SYNONYM,11008739,Heptapleurum actinophyllum (Endl.) Lowry & G.M.Plunkett,api,,,,,,2026-10-06T08:32:23+00:00
anser cygnoides,Anser cygnoides,2498034,EXACT,ACCEPTED,2498034,,self,,,,,,2026-10-06T08:32:09+00:00
megalobatrachus japonicus,Megalobatrachus japonicus,11014317,EXACT,SYNONYM,2432039,"Andrias japonicus (Temminck, 1836)",api,,,,,,2026-10-06T08:32:23+00:00
cyperus diaphanus,Cyperus diaphanus,7446695,EXACT,ACCEPTED,7446695,,self,,,,,,2026-10-06T08:32:09+00:00
mesoptychia heterocolpos,Mesoptychia heterocolpos,8774925,EXACT,ACCEPTED,8774925,,self,,,,,,2026-10-06T08:32:09+00:00
nitella graciliformis,Nitella graciliformis,2637771,HIGHERRANK,ACCEPTED,,,n/a,unresolved,higher_rank,,,,2026-10-06T08:32:23+00:00
cetraria aculeata,Cetraria aculeata,2605275,EXACT,ACCEPTED,2605275,,self,,,,,,2026-10-06T08:32:09+00:00
cyathus boninensis,Cyathus boninensis,5454218,EXACT,ACCEPTED,5454218,,self,,,,,,2026-10-06T08:32:09+00:00
prionailurus bengalensis euptilurus,Prionailurus bengalensis euptilurus,6164519,EXACT,ACCEPTED,6164519,,self,,,,,,2026-10-06T08:32:09+00:00
ischikauia steenackeri,Ischikauia steenackeri,2367589,EXACT,ACCEPTED,2367589,,self,,,,,,2026-10-06T08:32:09+00:00
lethocerus indicus,Lethocerus indicus,5866475,EXACT,ACCEPTED,5866475,,self,,,,,,2026-10-06T08:32:09+00:00
hirasiella clara,Hirasiella clara,5783636,EXACT,ACCEPTED,5783636,,self,,,,,,2026-10-06T08:32:09+00:00
gnorimosphaeroma boninense,Gnorimosphaeroma boninense,2206784,EXACT,ACCEPTED,2206784,,self,,,,,,2026-10-06T08:32:09+00:00
plectropomus laevis,Plectropomus laevis,5210141,EXACT,ACCEPTED,5210141,,self,,,,,,2026-10-06T08:32:09+00:00
rhizotrochus typus,Rhizotrochus typus,2260183,EXACT,ACCEPTED,2260183,,self,,,,,,2026-10-06T08:32:09+00:00
polyonyx utinomii,Polyonyx utinomii,6457465,EXACT,ACCEPTED,6457465,,self,,,,,,2026-10-06T08:32:09+00:00
anelassorhyncus sabinus,Anelassorhyncus sabinus,2508931,FUZZY,ACCEPTED,,,n/a,unresolved,fuzzy_spelling,,,,2026-10-06T08:32:23+00:00
caldesia parnassiifolia (bassi ex l.) parl.,Caldesia parnassiifolia (Bassi ex L.) Parl.,5329163,FUZZY,ACCEPTED,,,n/a,unresolved,fuzzy_spelling,,,,2026-10-06T08:32:23+00:00
distichophyllum maibarae besch.,Distichophyllum maibarae Besch.,5280045,EXACT,SYNONYM,12237968,Leskeodon maibarae (Besch.) B.C.Ho & L.Pokorny,api,,,,,,2026-10-06T08:32:23+00:00
hildenbrandia rivularis (liebmann) j.agardh,Hildenbrandia rivularis (Liebmann) J.Agardh,2665386,EXACT,ACCEPTED,2665386,,self,,,,,,2026-10-06T08:32:09+00:00
coccocarpia erythroxyli (spreng.) swinscow & krog,Coccocarpia erythroxyli (Spreng.) Swinscow & Krog,3424420,EXACT,ACCEPTED,3424420,,self,,,,,,2026-10-06T08:32:09+00:00
"sympetrum uniforme (selys, 1883)","Sympetrum uniforme (Selys, 1883)",1428355,EXACT,ACCEPTED,1428355,,self,,,,,,2026-10-06T08:32:09+00:00
herpestes auropunctatus,Herpestes auropunctatus,2434282,EXACT,SYNONYM,6164088,"Herpestes javanicus auropunctatus (Hodgson, 1836)",api,,,,,,2026-10-06T08:32:23+00:00
morone saxatilis,Morone saxatilis,2394612,EXACT,ACCEPTED,2394612,,self,,,,,,2026-10-06T08:32:09+00:00
aromia bungii,Aromia bungii,5001658,EXACT,ACCEPTED,5001658,,self,,,,,,2026-10-06T08:32:09+00:00
pomacea insulaｒum,Pomacea insulaｒum,5857784,EXACT,SYNONYM,7532642,"Pomacea maculata Perry, 1810",api,,,,,,2026-10-06T08:32:23+00:00
elaphe taeniura friesei,Elaphe taeniura friesei,6162208,FUZZY,ACCEPTED,,,n/a,unresolved,fuzzy_spelling,,,,2026-10-06T08:32:23+00:00
ardisia elliptica,Ardisia elliptica,5414375,EXACT,ACCEPTED,5414375,,self,,,,,,2026-10-06T08:32:09+00:00
aythya baeri,Aythya baeri,2498260,EXACT,ACCEPTED,2498260,,self,,,,,,2026-10-06T08:32:09+00:00
babina subaspera,Babina subaspera,5217818,EXACT,ACCEPTED,5217818,,self,,,,,,2026-10-06T08:32:09+00:00
cyperus procerus,Cyperus procerus,2716134,EXACT,ACCEPTED,2716134,,self,,,,,,2026-10-06T08:32:09+00:00
heteroscyphus wettsteinii,Heteroscyphus wettsteinii,8178353,EXACT,ACCEPTED,8178353,,self,,,,,,2026-10-06T08:32:09+00:00
nitella gracillima var. gracillima,Nitella gracillima var. gracillima,5838792,FUZZY,SYNONYM,,,n/a,unresolved,fuzzy_spelling,,,,2026-10-06T08:32:23+00:00
cetrelia alaskana,Cetrelia alaskana,2605865,EXACT,ACCEPTED,2605865,,self,,,,,,2026-10-06T08:32:09+00:00
pluteus daidoi,Pluteus daidoi,5449847,EXACT,ACCEPTED,5449847,,self,,,,,,2026-10-06T08:32:09+00:00
prionailurus bengalensis iriomotensis,Prionailurus bengalensis iriomotensis,6164522,EXACT,SYNONYM,2434901,"Prionailurus iriomotensis (Imaizumi, 1967)",api,,,,,,2026-10-06T08:32:23+00:00
pseudorasbora pugnax,Pseudorasbora pugnax,9459416,EXACT,ACCEPTED,9459416,,self,,,,,,2026-10-06T08:32:09+00:00
laccotrephes grossus,Laccotrephes grossus,6130368,EXACT,ACCEPTED,6130368,,self,,,,,,2026-10-06T08:32:09+00:00
lamprocystis hahajimana pachychilus,Lamprocystis hahajimana pachychilus,10477499,EXACT,ACCEPTED,10477499,,self,,,,,,2026-10-06T08:32:09+00:00
hondoniscus kitakamiensis,Hondoniscus kitakamiensis,2207956,EXACT,ACCEPTED,2207956,,self,,,,,,2026-10-06T08:32:09+00:00
acanthopagrus chinshira,Acanthopagrus chinshira,2392277,EXACT,ACCEPTED,2392277,,self,,,,,,2026-10-06T08:32:09+00:00
atoportunus dolichopus,Atoportunus dolichopus,4307464,EXACT,ACCEPTED,4307464,,self,,,,,,2026-10-06T08:32:09+00:00
arhynchite hayaoi,Arhynchite hayaoi,8872499,EXACT,ACCEPTED,8872499,,self,,,,,,2026-10-06T08:32:09+00:00
hydrocharis dubia (blume) backer,Hydrocharis dubia (Blume) Backer,5329272,EXACT,ACCEPTED,5329272,,self,,,,,,2026-10-06T08:32:09+00:00
chrysocladium retrorsum (mitt.) m.fleisch.,Chrysocladium retrorsum (Mitt.) M.Fleisch.,2677847,EXACT,ACCEPTED,2677847,,self,,,,,,2026-10-06T08:32:09+00:00
nitella sublucens?allen,Nitella sublucens?Allen,2637771,EXACT,ACCEPTED,2637771,,self,,,,,,2026-10-06T08:32:09+00:00
coccocarpia pellita (ach.) sant.,Coccocarpia pellita (Ach.) Sant.,7250159,EXACT,ACCEPTED,7250159,,self,,,,,,2026-10-06T08:32:09+00:00
"libellula angelina selys, 1883","Libellula angelina Selys, 1883",1427955,EXACT,ACCEPTED,1427955,,self,,,,,,2026-10-06T08:32:09+00:00
procyon lotor,Procyon lotor,5218786,EXACT,ACCEPTED,5218786,,self,,,,,,2026-10-06T08:32:09+00:00
morone chrysops,Morone chrysops,2394598,EXACT,ACCEPTED,2394598,,self,,,,,,2026-10-06T08:32:09+00:00
sagra femorata,Sagra femorata,1047941,EXACT,ACCEPTED,1047941,,self,,,,,,2026-10-06T08:32:09+00:00
achatina fulica,Achatina fulica,10928934,EXACT,SYNONYM,8790531,"Lissachatina fulica (Bowdich, 1822)",api,,,,,,2026-10-06T08:32:23+00:00
protobothrops mucrosquamatus,Protobothrops mucrosquamatus,9738226,EXACT,ACCEPTED,9738226,,self,,,,,,2026-10-06T08:32:09+00:00
cryptostegia grandiflora,Cryptostegia grandiflora,3170473,EXACT,ACCEPTED,3170473,,self,,,,,,2026-10-06T08:32:09+00:00
columba janthina nitens,Columba janthina nitens,5231840,EXACT,ACCEPTED,5231840,,self,,,,,,2026-10-06T08:32:09+00:00
fimbristylis leptoclada var. takamineana,Fimbristylis leptoclada var. takamineana,2708598,EXACT,ACCEPTED,2708598,,self,,,,,,2026-10-06T08:32:09+00:00
chiastocaulon theriotanum,Chiastocaulon theriotanum,9546125,EXACT,ACCEPTED,9546125,,self,,,,,,2026-10-06T08:32:09+00:00
nitella imahorii,Nitella imahorii,2637771,HIGHERRANK,ACCEPTED,,,n/a,unresolved,higher_rank,,,,2026-10-06T08:32:23+00:00
cornicularia normoerica,Cornicularia normoerica,5261206,EXACT,ACCEPTED,5261206,,self,,,,,,2026-10-06T08:32:09+00:00
pluteus horridilamellus,Pluteus horridilamellus,5449830,EXACT,ACCEPTED,5449830,,self,,,,,,2026-10-06T08:32:09+00:00
enhydra lutris,Enhydra lutris,2433670,EXACT,ACCEPTED,2433670,,self,,,,,,2026-10-06T08:32:09+00:00
pseudorasbora pumila,Pseudorasbora pumila,2362866,EXACT,ACCEPTED,2362866,,self,,,,,,2026-10-06T08:32:09+00:00
aphelocheirus kawamurae,Aphelocheirus kawamurae,9366243,EXACT,ACCEPTED,9366243,,self,,,,,,2026-10-06T08:32:09+00:00
trochochlamys ogasawarana,Trochochlamys ogasawarana,5783494,EXACT,ACCEPTED,5783494,,self,,,,,,2026-10-06T08:32:09+00:00
amamiku occulta,Amamiku occulta,5790555,EXACT,ACCEPTED,5790555,,self,,,,,,2026-10-06T08:32:09+00:00
eptatretus atami,Eptatretus atami,2498591,EXACT,ACCEPTED,2498591,,self,,,,,,2026-10-06T08:32:09+00:00
sestrostoma sp.,Sestrostoma sp.,4644672,HIGHERRANK,ACCEPTED,,,n/a,unresolved,genus_or_higher,,,,2026-10-06T08:32:23+00:00
ikeda taenioides,Ikeda taenioides,2508937,EXACT,ACCEPTED,2508937,,self,,,,,,2026-10-06T08:32:09+00:00
najas ancistrocarpa a.braun ex magnus,Najas ancistrocarpa A.Braun ex Magnus,5329385,EXACT,ACCEPTED,5329385,,self,,,,,,2026-10-06T08:32:09+00:00
meteorium subpolytrichum (besch.) broth.,Meteorium subpolytrichum (Besch.) Broth.,2677965,EXACT,ACCEPTED,2677965,,self,,,,,,2026-10-06T08:32:09+00:00
chara braunii gmelin,Chara braunii Gmelin,5270720,EXACT,ACCEPTED,5270720,,self,,,,,,2026-10-06T08:32:09+00:00
dendriscosticta praetextata (raesaenen) moncada & luecking,Dendriscosticta praetextata (Raesaenen) Moncada & Luecking,9671220,EXACT,ACCEPTED,9671220,,self,,,,,,2026-10-06T08:32:09+00:00
"sympecma paedisca (brauer, 1877)","Sympecma paedisca (Brauer, 1877)",1424202,EXACT,ACCEPTED,1424202,,self,,,,,,2026-10-06T08:32:09+00:00
muntiacus reevesi,Muntiacus reevesi,2440946,EXACT,ACCEPTED,2440946,,self,,,,,,2026-10-06T08:32:09+00:00
perca fluviatilis,Perca fluviatilis,8140485,EXACT,ACCEPTED,8140485,,self,,,,,,2026-10-06T08:32:09+00:00
delta pyriforme,Delta pyriforme,5036745,EXACT,ACCEPTED,5036745,,self,,,,,,2026-10-06T08:32:09+00:00
ascidiella aspersa,Ascidiella aspersa,5200467,EXACT,ACCEPTED,5200467,,self,,,,,,2026-10-06T08:32:09+00:00
iguana iguana,Iguana iguana,2459658,EXACT,ACCEPTED,2459658,,self,,,,,,2026-10-06T08:32:09+00:00
macfadyena unguis-cati,Macfadyena unguis-cati,5415074,EXACT,SYNONYM,5830619,Dolichandra unguis-cati (L.) L.G.Lohmann,api,,,,,,2026-10-06T08:32:23+00:00
rallus okinawae,Rallus okinawae,5789352,EXACT,SYNONYM,2474542,"Gallirallus okinawae (Yamashina & Mano, 1981)",api,,,,,,2026-10-06T08:32:23+00:00
fimbristylis pauciflora,Fimbristylis pauciflora,2708493,EXACT,ACCEPTED,2708493,,self,,,,,,2026-10-06T08:32:09+00:00
schistochila aligera,Schistochila aligera,7399230,EXACT,ACCEPTED,7399230,,self,,,,,,2026-10-06T08:32:09+00:00
nitella inversa,Nitella inversa,2637906,EXACT,ACCEPTED,2637906,,self,,,,,,2026-10-06T08:32:09+00:00
lethariella togashii,Lethariella togashii,3409308,EXACT,ACCEPTED,3409308,,self,,,,,,2026-10-06T08:32:09+00:00
psathyrella boninensis,Psathyrella boninensis,3319791,EXACT,ACCEPTED,3319791,,self,,,,,,2026-10-06T08:32:09+00:00
zalophus japonicus,Zalophus japonicus,2433459,EXACT,ACCEPTED,2433459,,self,,,,,,2026-10-06T08:32:09+00:00
rhodeus atremius suigensis,Rhodeus atremius suigensis,6166550,EXACT,SYNONYM,2360837,"Rhodeus suigensis (Mori, 1935)",api,,,,,,2026-10-06T08:32:23+00:00
carabus arrowianus kirimurai,Carabus arrowianus kirimurai,9195212,EXACT,ACCEPTED,9195212,,self,,,,,,2026-10-06T08:32:09+00:00
vitrinula chichijimana,Vitrinula chichijimana,5783516,EXACT,ACCEPTED,5783516,,self,,,,,,2026-10-06T08:32:09+00:00
geothelphusa levicervix,Geothelphusa levicervix,5790270,EXACT,ACCEPTED,5790270,,self,,,,,,2026-10-06T08:32:09+00:00
tritodynamia rathbuni,Tritodynamia rathbuni,10870053,EXACT,ACCEPTED,10870053,,self,,,,,,2026-10-06T08:32:09+00:00
ikedosoma elegans,Ikedosoma elegans,2508981,EXACT,ACCEPTED,2508981,,self,,,,,,2026-10-06T08:32:09+00:00
triglochin asiatica (kitag.) a. & d. loeve,Triglochin asiatica (Kitag.) A. & D. Loeve,2865388,EXACT,SYNONYM,2865368,Triglochin maritima L.,api,,,,,,2026-10-06T08:32:23+00:00
meteoriella soluta (mitt.) s.okam.,Meteoriella soluta (Mitt.) S.Okam.,2678182,EXACT,ACCEPTED,2678182,,self,,,,,,2026-10-06T08:32:09+00:00
nephromopsis nephromoides (nyl.) randlane & saag,Nephromopsis nephromoides (Nyl.) Randlane & Saag,9817713,EXACT,ACCEPTED,9817713,,self,,,,,,2026-10-06T08:32:09+00:00
"pseudocopera annulata (selys, 1863)","Pseudocopera annulata (Selys, 1863)",10765915,EXACT,ACCEPTED,10765915,,self,,,,,,2026-10-06T08:32:09+00:00
capra hircus,Capra hircus,2441056,EXACT,ACCEPTED,2441056,,self,,,,,,2026-10-06T08:32:09+00:00
sander lucioperca,Sander lucioperca,2382155,EXACT,ACCEPTED,2382155,,self,,,,,,2026-10-06T08:32:09+00:00
ropalidia marginata,Ropalidia marginata,1311181,EXACT,ACCEPTED,1311181,,self,,,,,,2026-10-06T08:32:09+00:00
euglandina rosea,Euglandina rosea,2294109,EXACT,ACCEPTED,2294109,,self,,,,,,2026-10-06T08:32:09+00:00
mauremys mutica mutica,Mauremys mutica mutica,6157134,EXACT,ACCEPTED,6157134,,self,,,,,,2026-10-06T08:32:09+00:00
thunbergia grandiflora,Thunbergia grandiflora,5415456,EXACT,ACCEPTED,5415456,,self,,,,,,2026-10-06T08:32:09+00:00
eurynorhynchus pygmeus,Eurynorhynchus pygmeus,2481833,EXACT,SYNONYM,10658506,"Calidris pygmaea (Linnaeus, 1758)",api,,,,,,2026-10-06T08:32:23+00:00
ranunculus gmelinii,Ranunculus gmelinii,3033301,EXACT,ACCEPTED,3033301,,self,,,,,,2026-10-06T08:32:09+00:00
cololejeunea drepanolejeuneoides,Cololejeunea drepanolejeuneoides,9514800,EXACT,ACCEPTED,9514800,,self,,,,,,2026-10-06T08:32:09+00:00
nitella japonica,Nitella japonica,5838789,EXACT,ACCEPTED,5838789,,self,,,,,,2026-10-06T08:32:09+00:00
myelochroa amagiensis,Myelochroa amagiensis,2605358,HIGHERRANK,ACCEPTED,,,n/a,unresolved,higher_rank,,,,2026-10-06T08:32:23+00:00
lentinus lamelliporus,Lentinus lamelliporus,2545499,EXACT,ACCEPTED,2545499,,self,,,,,,2026-10-06T08:32:09+00:00
dugong dugon,Dugong dugon,9729967,EXACT,ACCEPTED,9729967,,self,,,,,,2026-10-06T08:32:09+00:00
rhodeus ocellatus kurumeus,Rhodeus ocellatus kurumeus,6166563,EXACT,SYNONYM,4286934,"Rhodeus ocellatus (Kner, 1866)",api,,,,,,2026-10-06T08:32:23+00:00
chlaenius praefectus,Chlaenius praefectus,7372155,EXACT,ACCEPTED,7372155,,self,,,,,,2026-10-06T08:32:09+00:00
vitrinula hahajimana,Vitrinula hahajimana,5783518,EXACT,ACCEPTED,5783518,,self,,,,,,2026-10-06T08:32:09+00:00
geothelphusa miyakoensis,Geothelphusa miyakoensis,4312556,EXACT,ACCEPTED,4312556,,self,,,,,,2026-10-06T08:32:09+00:00
mustelus griseus,Mustelus griseus,2418332,EXACT,ACCEPTED,2418332,,self,,,,,,2026-10-06T08:32:09+00:00
pinnixa banzu,Pinnixa banzu,7680020,EXACT,ACCEPTED,7680020,,self,,,,,,2026-10-06T08:32:09+00:00
ikedosoma gogoshimense,Ikedosoma gogoshimense,4288846,EXACT,ACCEPTED,4288846,,self,,,,,,2026-10-06T08:32:09+00:00
potamogeton dentatus hagstr.,Potamogeton dentatus Hagstr.,5642444,EXACT,ACCEPTED,5642444,,self,,,,,,2026-10-06T08:32:09+00:00
eumyurium sinicum (mitt.) nog.,Eumyurium sinicum (Mitt.) Nog.,2673646,EXACT,ACCEPTED,2673646,,self,,,,,,2026-10-06T08:32:09+00:00
everniastrum cirrhatum (fr.) sipman,Everniastrum cirrhatum (Fr.) Sipman,2605713,EXACT,SYNONYM,9766879,"Hypotrachyna cirrhata (Fr.) Divakar, A.Crespo, Sipman, Elix & Lumbsch",api,,,,,,2026-10-06T08:32:23+00:00
"ceriagrion melanurum selys, 1876","Ceriagrion melanurum Selys, 1876",1423271,EXACT,ACCEPTED,1423271,,self,,,,,,2026-10-06T08:32:09+00:00
callosiurus erythraecus,Callosiurus erythraecus,2437394,FUZZY,ACCEPTED,,,n/a,unresolved,fuzzy_spelling,,,,2026-10-06T08:32:23+00:00
tilapia mariae,Tilapia mariae,2370632,EXACT,SYNONYM,9552432,"Pelmatolapia mariae (Boulenger, 1899)",api,,,,,,2026-10-06T08:32:23+00:00
bombus terrestris,Bombus terrestris,1340503,EXACT,ACCEPTED,1340503,,self,,,,,,2026-10-06T08:32:09+00:00
bursaphelenchus xylophilus,Bursaphelenchus xylophilus,8848401,EXACT,ACCEPTED,8848401,,self,,,,,,2026-10-06T08:32:09+00:00
pelodiscus sinensis sinensis,Pelodiscus sinensis sinensis,5220435,HIGHERRANK,ACCEPTED,,,n/a,unresolved,infraspecific_collapsed,,,,2026-10-06T08:32:23+00:00
sansevieria trifasciata,Sansevieria trifasciata,2770610,EXACT,SYNONYM,11041822,Dracaena trifasciata (Prain) Mabb.,api,,,,,,2026-10-06T08:32:23+00:00
tringa totanus eurhinus,Tringa totanus eurhinus,6065961,FUZZY,ACCEPTED,,,n/a,unresolved,fuzzy_spelling,,,,2026-10-06T08:32:23+00:00
flemingia strobilifera,Flemingia strobilifera,5359843,EXACT,ACCEPTED,5359843,,self,,,,,,2026-10-06T08:32:09+00:00
radula boninensis,Radula boninensis,8276689,EXACT,ACCEPTED,8276689,,self,,,,,,2026-10-06T08:32:09+00:00
nitella pseudoflabellata f. spinosa,Nitella pseudoflabellata f. spinosa,2637819,HIGHERRANK,ACCEPTED,,,n/a,unresolved,infraspecific_collapsed,,,,2026-10-06T08:32:23+00:00
oropogon orientalis,Oropogon orientalis,3408831,EXACT,ACCEPTED,3408831,,self,,,,,,2026-10-06T08:32:09+00:00
albatrellus cantharellus,Albatrellus cantharellus,2551795,EXACT,ACCEPTED,2551795,,self,,,,,,2026-10-06T08:32:09+00:00
crocidura orii,Crocidura orii,2435561,EXACT,ACCEPTED,2435561,,self,,,,,,2026-10-06T08:32:09+00:00
sarcocheilichthys biwaensis,Sarcocheilichthys biwaensis,2361873,EXACT,ACCEPTED,2361873,,self,,,,,,2026-10-06T08:32:09+00:00
cylindera bonina,Cylindera bonina,8041765,EXACT,ACCEPTED,8041765,,self,,,,,,2026-10-06T08:32:09+00:00
ogasawarana obtusa,Ogasawarana obtusa,4304884,HIGHERRANK,ACCEPTED,,,n/a,unresolved,higher_rank,,,,2026-10-06T08:32:23+00:00
geothelphusa shokitai,Geothelphusa shokitai,5790277,EXACT,ACCEPTED,5790277,,self,,,,,,2026-10-06T08:32:09+00:00
hemitriakis japanica,Hemitriakis japanica,2418293,EXACT,ACCEPTED,2418293,,self,,,,,,2026-10-06T08:32:09+00:00
alpheus fujitai,Alpheus fujitai,6455820,EXACT,ACCEPTED,6455820,,self,,,,,,2026-10-06T08:32:09+00:00
urechis unicinctus,Urechis unicinctus,2509002,EXACT,ACCEPTED,2509002,,self,,,,,,2026-10-06T08:32:09+00:00
zannichellia palustris l.,Zannichellia palustris L.,2756540,EXACT,ACCEPTED,2756540,,self,,,,,,2026-10-06T08:32:09+00:00
asterella mussuriensis (kashyap) verd. ssp. crassa (shimizu & s.hatt.) d.g.long,Asterella mussuriensis (Kashyap) Verd. ssp. crassa (Shimizu & S.Hatt.) D.G.Long,9451795,EXACT,ACCEPTED,9451795,,self,,,,,,2026-10-06T08:32:09+00:00
gyalecta japonica asahina,Gyalecta japonica Asahina,2560988,HIGHERRANK,ACCEPTED,,,n/a,unresolved,higher_rank,,,,2026-10-06T08:32:23+00:00
"paracercion hieroglyphicum (brauer, 1865)","Paracercion hieroglyphicum (Brauer, 1865)",1423555,EXACT,ACCEPTED,1423555,,self,,,,,,2026-10-06T08:32:09+00:00
sciurus vulgaris,Sciurus vulgaris,8211070,EXACT,ACCEPTED,8211070,,self,,,,,,2026-10-06T08:32:09+00:00
pterygoplichthys multiradiatus,Pterygoplichthys multiradiatus,2339962,EXACT,ACCEPTED,2339962,,self,,,,,,2026-10-06T08:32:09+00:00
protaetia pryeri,Protaetia pryeri,1080338,EXACT,ACCEPTED,1080338,,self,,,,,,2026-10-06T08:32:09+00:00
crepidula onyx,Crepidula onyx,5192786,EXACT,ACCEPTED,5192786,,self,,,,,,2026-10-06T08:32:09+00:00
japalura swinhonis,Japalura swinhonis,2465986,EXACT,SYNONYM,11041294,"Diploderma swinhonis (Günther, 1864)",api,,,,,,2026-10-06T08:32:23+00:00
bambusa vulgaris,Bambusa vulgaris,7661971,EXACT,ACCEPTED,7661971,,self,,,,,,2026-10-06T08:32:09+00:00
tringa guttifer,Tringa guttifer,2481723,EXACT,ACCEPTED,2481723,,self,,,,,,2026-10-06T08:32:09+00:00
lespedeza hisauchii,Lespedeza hisauchii,3979009,EXACT,ACCEPTED,3979009,,self,,,,,,2026-10-06T08:32:09+00:00
brachydontium olympicum,Brachydontium olympicum,2670152,EXACT,ACCEPTED,2670152,,self,,,,,,2026-10-06T08:32:09+00:00
nitella pseudoflabellata var. mucosa,Nitella pseudoflabellata var. mucosa,2637819,HIGHERRANK,ACCEPTED,,,n/a,unresolved,infraspecific_collapsed,,,,2026-10-06T08:32:23+00:00
parmelia erumpens,Parmelia erumpens,2605945,EXACT,SYNONYM,7957159,"Notoparmelia erumpens (Kurok.) A.Crespo, Ferencová & Divakar",api,,,,,,2026-10-06T08:32:23+00:00
fulvifomes boninensis,Fulvifomes boninensis,12187954,EXACT,ACCEPTED,12187954,,self,,,,,,2026-10-06T08:32:09+00:00
mogera etigo,Mogera etigo,2436174,EXACT,SYNONYM,6163445,"Mogera tokudae etigo Yoshiyuki & Imaizumi, 1991",api,,,,,,2026-10-06T08:32:23+00:00
tanakia tanago,Tanakia tanago,2366945,EXACT,ACCEPTED,2366945,,self,,,,,,2026-10-06T08:32:09+00:00
oodes virens,Oodes virens,9301616,EXACT,SYNONYM,8131148,"Brachyodes virens (Wiedemann, 1823)",api,,,,,,2026-10-06T08:32:23+00:00
chamalycaeus okinawaensis,Chamalycaeus okinawaensis,9872085,EXACT,SYNONYM,10803936,"Dicharax okinawaensis (K.Uozumi, A.Yamamoto & Habe, 1979)",api,,,,,,2026-10-06T08:32:23+00:00
geothelphusa tenuimanus,Geothelphusa tenuimanus,5790272,EXACT,ACCEPTED,5790272,,self,,,,,,2026-10-06T08:32:09+00:00
carcharhinus tjutjot,Carcharhinus tjutjot,2418196,EXACT,ACCEPTED,2418196,,self,,,,,,2026-10-06T08:32:09+00:00
upogebia sakaii,Upogebia sakaii,6458675,EXACT,ACCEPTED,6458675,,self,,,,,,2026-10-06T08:32:09+00:00
balanoglossus carnosus,Balanoglossus carnosus,2254531,EXACT,ACCEPTED,2254531,,self,,,,,,2026-10-06T08:32:09+00:00
ruppia maritima l.,Ruppia maritima L.,2864004,EXACT,ACCEPTED,2864004,,self,,,,,,2026-10-06T08:32:09+00:00
marchantia pinnata steph.,Marchantia pinnata Steph.,7485267,EXACT,ACCEPTED,7485267,,self,,,,,,2026-10-06T08:32:09+00:00
hypotrachyna incognita (kurok.) hale,Hypotrachyna incognita (Kurok.) Hale,3403798,EXACT,ACCEPTED,3403798,,self,,,,,,2026-10-06T08:32:09+00:00
"paracercion sieboldii (selys, 1876)","Paracercion sieboldii (Selys, 1876)",9266792,EXACT,ACCEPTED,9266792,,self,,,,,,2026-10-06T08:32:09+00:00
rattus rattus,Rattus rattus,2439270,EXACT,ACCEPTED,2439270,,self,,,,,,2026-10-06T08:32:09+00:00
ictalurus punctatus,Ictalurus punctatus,5202520,EXACT,ACCEPTED,5202520,,self,,,,,,2026-10-06T08:32:09+00:00
trypoxylus dichotomus septentrionalis,Trypoxylus dichotomus septentrionalis,6281789,EXACT,ACCEPTED,6281789,,self,,,,,,2026-10-06T08:32:09+00:00
potamopyrgus antipodarum,Potamopyrgus antipodarum,5192470,EXACT,ACCEPTED,5192470,,self,,,,,,2026-10-06T08:32:09+00:00
cuora flavomarginata evelynae,Cuora flavomarginata evelynae,6157097,EXACT,ACCEPTED,6157097,,self,,,,,,2026-10-06T08:32:09+00:00
archontophoenix cunninghamiana,Archontophoenix cunninghamiana,2732621,EXACT,ACCEPTED,2732621,,self,,,,,,2026-10-06T08:32:09+00:00
uria aalge inornata,Uria aalge inornata,5229291,EXACT,ACCEPTED,5229291,,self,,,,,,2026-10-06T08:32:09+00:00
rubus hatsushimae,Rubus hatsushimae,10911073,EXACT,ACCEPTED,10911073,,self,,,,,,2026-10-06T08:32:09+00:00
calymperes strictifolium,Calymperes strictifolium,2670244,EXACT,ACCEPTED,2670244,,self,,,,,,2026-10-06T08:32:09+00:00
nitella tenuissima var. sanukensis,Nitella tenuissima var. sanukensis,2637958,HIGHERRANK,ACCEPTED,,,n/a,unresolved,infraspecific_collapsed,,,,2026-10-06T08:32:23+00:00
usnea dasopoga,Usnea dasopoga,10875145,EXACT,ACCEPTED,10875145,,self,,,,,,2026-10-06T08:32:09+00:00
fulvifomes imazekii,Fulvifomes imazekii,12197855,EXACT,ACCEPTED,12197855,,self,,,,,,2026-10-06T08:32:09+00:00
pteropus pselaphon,Pteropus pselaphon,5218646,EXACT,ACCEPTED,5218646,,self,,,,,,2026-10-06T08:32:09+00:00
cobitis minamorii minamorii,Cobitis minamorii minamorii,8187082,HIGHERRANK,ACCEPTED,,,n/a,unresolved,infraspecific_collapsed,,,,2026-10-06T08:32:23+00:00
pterostichus yokohamae,Pterostichus yokohamae,7668749,EXACT,ACCEPTED,7668749,,self,,,,,,2026-10-06T08:32:09+00:00
chamalycaeus sp.,Chamalycaeus sp.,4304945,HIGHERRANK,ACCEPTED,,,n/a,unresolved,genus_or_higher,,,,2026-10-06T08:32:23+00:00
paratya boninensis,Paratya boninensis,6454811,EXACT,ACCEPTED,6454811,,self,,,,,,2026-10-06T08:32:09+00:00
lissoporcellana flagellicola,Lissoporcellana flagellicola,6457480,EXACT,ACCEPTED,6457480,,self,,,,,,2026-10-06T08:32:09+00:00
burmannia championii thwaites,Burmannia championii Thwaites,5301050,EXACT,ACCEPTED,5301050,,self,,,,,,2026-10-06T08:32:09+00:00
calycularia laxa lindb. & arnell,Calycularia laxa Lindb. & Arnell,7742224,EXACT,ACCEPTED,7742224,,self,,,,,,2026-10-06T08:32:09+00:00
peltigera collina (ach.) schrad.,Peltigera collina (Ach.) Schrad.,2601174,EXACT,ACCEPTED,2601174,,self,,,,,,2026-10-06T08:32:09+00:00
"mortonagrion selenion (ris, 1916)","Mortonagrion selenion (Ris, 1916)",1423528,EXACT,ACCEPTED,1423528,,self,,,,,,2026-10-06T08:32:09+00:00
myocastor coypus,Myocastor coypus,4264680,EXACT,ACCEPTED,4264680,,self,,,,,,2026-10-06T08:32:09+00:00
lepomis macrochirus,Lepomis macrochirus,2394503,EXACT,ACCEPTED,2394503,,self,,,,,,2026-10-06T08:32:09+00:00
nassarius sinarus,Nassarius sinarus,2302962,HIGHERRANK,ACCEPTED,,,n/a,unresolved,higher_rank,,,,2026-10-06T08:32:23+00:00
mauremyｓ mutica kami,Mauremyｓ mutica kami,6157135,EXACT,ACCEPTED,6157135,,self,,,,,,2026-10-06T08:32:09+00:00
azolla spp.,Azolla spp.,2650103,HIGHERRANK,ACCEPTED,,,n/a,unresolved,genus_or_higher,,,,2026-10-06T08:32:23+00:00
synthliboramphus antiquus,Synthliboramphus antiquus,2481350,EXACT,ACCEPTED,2481350,,self,,,,,,2026-10-06T08:32:09+00:00
euphrasia insignis subsp. insignis var. omiensis,Euphrasia insignis subsp. insignis var. omiensis,7991640,EXACT,ACCEPTED,7991640,,self,,,,,,2026-10-06T08:32:09+00:00
paludella squarrosa,Paludella squarrosa,2675961,EXACT,ACCEPTED,2675961,,self,,,,,,2026-10-06T08:32:09+00:00
usnea glabrescens,Usnea glabrescens,2606045,EXACT,ACCEPTED,2606045,,self,,,,,,2026-10-06T08:32:09+00:00
baeospora myriadophylla,Baeospora myriadophylla,2537965,EXACT,ACCEPTED,2537965,,self,,,,,,2026-10-06T08:32:09+00:00
rhinolophus cornutus orii,Rhinolophus cornutus orii,4266823,EXACT,ACCEPTED,4266823,,self,,,,,,2026-10-06T08:32:09+00:00
cobitis minamorii yodoensis,Cobitis minamorii yodoensis,9211210,EXACT,SYNONYM,8187082,"Cobitis minamorii Nakajima, 2012",api,,,,,,2026-10-06T08:32:23+00:00
copelatus parallelus,Copelatus parallelus,6001703,EXACT,ACCEPTED,6001703,,self,,,,,,2026-10-06T08:32:09+00:00
nobuea sp.,Nobuea sp.,4608332,HIGHERRANK,ACCEPTED,,,n/a,unresolved,genus_or_higher,,,,2026-10-06T08:32:23+00:00
polyxenus shinoharai,Polyxenus shinoharai,4985736,EXACT,ACCEPTED,4985736,,self,,,,,,2026-10-06T08:32:09+00:00
squatina japonica,Squatina japonica,2417801,EXACT,ACCEPTED,2417801,,self,,,,,,2026-10-06T08:32:09+00:00
neoliomera cerasinus,Neoliomera cerasinus,4377809,EXACT,ACCEPTED,4377809,,self,,,,,,2026-10-06T08:32:09+00:00
asymmetron sp. 1,Asymmetron sp. 1,2473293,HIGHERRANK,ACCEPTED,,,n/a,unresolved,genus_or_higher,,,,2026-10-06T08:32:23+00:00
sciaphila nana blume,Sciaphila nana Blume,5327095,EXACT,ACCEPTED,5327095,,self,,,,,,2026-10-06T08:32:09+00:00
hygrobiella nishimurae n.kitag.,Hygrobiella nishimurae N.Kitag.,7475643,EXACT,SYNONYM,9386061,Cephalozia nishimurae (N.Kitag.) Váňa,api,,,,,,2026-10-06T08:32:23+00:00
platismatia interrupta w.l.culb. & c.f.culb.,Platismatia interrupta W.L.Culb. & C.F.Culb.,3409380,EXACT,ACCEPTED,3409380,,self,,,,,,2026-10-06T08:32:09+00:00
"brachytron longistigma (selys, 1883)","Brachytron longistigma (Selys, 1883)",7236015,HIGHERRANK,ACCEPTED,,,n/a,unresolved,higher_rank,,,,2026-10-06T08:32:23+00:00
oryctolagus cuniculus,Oryctolagus cuniculus,2436940,EXACT,ACCEPTED,2436940,,self,,,,,,2026-10-06T08:32:09+00:00
micropterus dolomieu,Micropterus dolomieu,5211250,EXACT,ACCEPTED,5211250,,self,,,,,,2026-10-06T08:32:09+00:00
lymnaea columella,Lymnaea columella,11332015,EXACT,SYNONYM,2291334,"Pseudosuccinea columella (Say, 1817)",api,,,,,,2026-10-06T08:32:23+00:00
pelodiscus sinensis japonicus,Pelodiscus sinensis japonicus,5220435,HIGHERRANK,ACCEPTED,,,n/a,unresolved,infraspecific_collapsed,,,,2026-10-06T08:32:23+00:00
alternanthera philoxeroides,Alternanthera philoxeroides,3084923,EXACT,ACCEPTED,3084923,,self,,,,,,2026-10-06T08:32:09+00:00
lunda cirrhata,Lunda cirrhata,2481358,EXACT,SYNONYM,2481357,"Fratercula cirrhata (Pallas, 1769)",api,,,,,,2026-10-06T08:32:23+00:00
euphrasia insignis subsp. insignis var. pubigera,Euphrasia insignis subsp. insignis var. pubigera,7487323,EXACT,ACCEPTED,7487323,,self,,,,,,2026-10-06T08:32:09+00:00
schizymenium sasaokae,Schizymenium sasaokae,12188849,EXACT,ACCEPTED,12188849,,self,,,,,,2026-10-06T08:32:09+00:00
kumanoa iriomotensis,Kumanoa iriomotensis,6784924,HIGHERRANK,ACCEPTED,,,n/a,unresolved,higher_rank,,,,2026-10-06T08:32:23+00:00
usnea subgracilis,Usnea subgracilis,3410414,EXACT,ACCEPTED,3410414,,self,,,,,,2026-10-06T08:32:09+00:00
desarmillaria ectypa,Desarmillaria ectypa,9694273,EXACT,ACCEPTED,9694273,,self,,,,,,2026-10-06T08:32:09+00:00
rhinolophus pumilus pumilus,Rhinolophus pumilus pumilus,7261951,FUZZY,ACCEPTED,,,n/a,unresolved,fuzzy_spelling,,,,2026-10-06T08:32:23+00:00
cobitis striata hakataensis,Cobitis striata hakataensis,9170240,EXACT,SYNONYM,2368201,"Cobitis striata Ikeda, 1936",api,,,,,,2026-10-06T08:32:23+00:00
cybister lewisianus,Cybister lewisianus,6000729,EXACT,ACCEPTED,6000729,,self,,,,,,2026-10-06T08:32:09+00:00
pirenella cancellata,Pirenella cancellata,7383635,EXACT,ACCEPTED,7383635,,self,,,,,,2026-10-06T08:32:09+00:00
phagocata albata,Phagocata albata,6475774,EXACT,ACCEPTED,6475774,,self,,,,,,2026-10-06T08:32:09+00:00
rhinobatos hynnicephalus,Rhinobatos hynnicephalus,2419048,EXACT,ACCEPTED,2419048,,self,,,,,,2026-10-06T08:32:09+00:00
clistocoeloma sinense,Clistocoeloma sinense,5974860,EXACT,ACCEPTED,5974860,,self,,,,,,2026-10-06T08:32:09+00:00
asymmetron sp. 2,Asymmetron sp. 2,2473293,HIGHERRANK,ACCEPTED,,,n/a,unresolved,genus_or_higher,,,,2026-10-06T08:32:23+00:00
gagea nakaiana kitag.,Gagea nakaiana Kitag.,5300184,EXACT,ACCEPTED,5300184,,self,,,,,,2026-10-06T08:32:09+00:00
solenostoma fusiforme (steph.) r.m.schust.,Solenostoma fusiforme (Steph.) R.M.Schust.,9005082,EXACT,ACCEPTED,9005082,,self,,,,,,2026-10-06T08:32:09+00:00
pseudocyphellaria crocata (l.) vain.,Pseudocyphellaria crocata (L.) Vain.,2601424,EXACT,ACCEPTED,2601424,,self,,,,,,2026-10-06T08:32:09+00:00
"brachytron anisopterum (selys, 1883)","Brachytron anisopterum (Selys, 1883)",7236015,HIGHERRANK,ACCEPTED,,,n/a,unresolved,higher_rank,,,,2026-10-06T08:32:23+00:00
micropterus salmoides,Micropterus salmoides,2394563,EXACT,ACCEPTED,2394563,,self,,,,,,2026-10-06T08:32:09+00:00
rumina decollata,Rumina decollata,2294129,EXACT,ACCEPTED,2294129,,self,,,,,,2026-10-06T08:32:09+00:00
japalura polygonata polygonata,Japalura polygonata polygonata,7190392,EXACT,DOUBTFUL,,,api,,,,,,2026-10-06T08:32:23+00:00
sicyos angulatus,Sicyos angulatus,2874655,EXACT,ACCEPTED,2874655,,self,,,,,,2026-10-06T08:32:09+00:00
oceanodroma castro,Oceanodroma castro,2482001,EXACT,ACCEPTED,2482001,,self,,,,,,2026-10-06T08:32:09+00:00
euphrasia multifolia var. kirisimana,Euphrasia multifolia var. kirisimana,12274677,EXACT,SYNONYM,7332885,Euphrasia multifolia Wettst.,api,,,,,,2026-10-06T08:32:23+00:00
macromitrium holomitrioides,Macromitrium holomitrioides,2672324,EXACT,ACCEPTED,2672324,,self,,,,,,2026-10-06T08:32:09+00:00
kumanoa mahlacensis,Kumanoa mahlacensis,6784924,HIGHERRANK,ACCEPTED,,,n/a,unresolved,higher_rank,,,,2026-10-06T08:32:23+00:00
byssoloma discordans var. flavescens,Byssoloma discordans var. flavescens,3402333,EXACT,SYNONYM,6607702,Byssoloma discordans (Vain.) Zahlbr.,api,,,,,,2026-10-06T08:32:23+00:00
rhizopogon togasawarius,Rhizopogon togasawarius,9719696,EXACT,ACCEPTED,9719696,,self,,,,,,2026-10-06T08:32:09+00:00
murina ryukyuana,Murina ryukyuana,4266036,EXACT,ACCEPTED,4266036,,self,,,,,,2026-10-06T08:32:09+00:00
cobitis takenoi,Cobitis takenoi,8813225,EXACT,ACCEPTED,8813225,,self,,,,,,2026-10-06T08:32:09+00:00
cybister limbatus,Cybister limbatus,6000814,EXACT,ACCEPTED,6000814,,self,,,,,,2026-10-06T08:32:09+00:00
angustassiminea sp. a,Angustassiminea sp. A,4609826,HIGHERRANK,ACCEPTED,,,n/a,unresolved,genus_or_higher,,,,2026-10-06T08:32:23+00:00
phagocata suginoi,Phagocata suginoi,6475763,EXACT,ACCEPTED,6475763,,self,,,,,,2026-10-06T08:32:09+00:00
platyrhina tangi,Platyrhina tangi,5963017,EXACT,ACCEPTED,5963017,,self,,,,,,2026-10-06T08:32:09+00:00
pseudopinnixa carinata,Pseudopinnixa carinata,5863303,EXACT,ACCEPTED,5863303,,self,,,,,,2026-10-06T08:32:09+00:00
lingula nipponica,Lingula nipponica,5818096,EXACT,SYNONYM,5183826,"Lingula anatina Lamarck, 1801",api,,,,,,2026-10-06T08:32:23+00:00
cypripedium macranthos sw. var. speciosum (rolfe) koidz.,Cypripedium macranthos Sw. var. speciosum (Rolfe) Koidz.,2820429,EXACT,SYNONYM,2820423,Cypripedium macranthos Sw.,api,,,,,,2026-10-06T08:32:23+00:00
plagiochila flexuosa mitt.,Plagiochila flexuosa Mitt.,7721179,EXACT,ACCEPTED,7721179,,self,,,,,,2026-10-06T08:32:09+00:00
sticta fuliginosa (dicks.) ach.,Sticta fuliginosa (Dicks.) Ach.,8695592,EXACT,ACCEPTED,8695592,,self,,,,,,2026-10-06T08:32:09+00:00
"trigomphus melampus (selys, 1869)","Trigomphus melampus (Selys, 1869)",1425915,EXACT,ACCEPTED,1425915,,self,,,,,,2026-10-06T08:32:09+00:00
paguma larvata,Paguma larvata,2434654,EXACT,ACCEPTED,2434654,,self,,,,,,2026-10-06T08:32:09+00:00
rhodeus ocellatus ocellatus,Rhodeus ocellatus ocellatus,7059107,EXACT,SYNONYM,4286934,"Rhodeus ocellatus (Kner, 1866)",api,,,,,,2026-10-06T08:32:23+00:00
limax maximus,Limax maximus,2295438,EXACT,ACCEPTED,2295438,,self,,,,,,2026-10-06T08:32:09+00:00
plestiodon japonicus,Plestiodon japonicus,8154433,EXACT,ACCEPTED,8154433,,self,,,,,,2026-10-06T08:32:09+00:00
ludwigia grandiflora（l. grandiflora ssp. grandiflora）,Ludwigia grandiflora（L. grandiflora ssp. grandiflora）,7161835,EXACT,SYNONYM,5421039,Ludwigia grandiflora (Michx.) Greuter & Burdet,api,,,,,,2026-10-06T08:32:23+00:00
puffinus lherminieri bannermani,Puffinus lherminieri bannermani,6178245,EXACT,SYNONYM,5229373,"Puffinus bannermani Mathews & Iredale, 1915",api,,,,,,2026-10-06T08:32:23+00:00
cirsium toyoshimae,Cirsium toyoshimae,3113355,EXACT,ACCEPTED,3113355,,self,,,,,,2026-10-06T08:32:09+00:00
daltonia carinata,Daltonia carinata,12182921,EXACT,ACCEPTED,12182921,,self,,,,,,2026-10-06T08:32:09+00:00
thorea gaudichaudii,Thorea gaudichaudii,6,HIGHERRANK,ACCEPTED,,,n/a,unresolved,higher_rank,,,,2026-10-06T08:32:23+00:00
stereocaulon curtatoides,Stereocaulon curtatoides,5470875,EXACT,ACCEPTED,5470875,,self,,,,,,2026-10-06T08:32:09+00:00
rhizopogon yakushimensis,Rhizopogon yakushimensis,10883505,EXACT,ACCEPTED,10883505,,self,,,,,,2026-10-06T08:32:09+00:00
nyctalus furvus,Nyctalus furvus,5707109,EXACT,ACCEPTED,5707109,,self,,,,,,2026-10-06T08:32:09+00:00
parabotia curtus,Parabotia curtus,8315311,EXACT,ACCEPTED,8315311,,self,,,,,,2026-10-06T08:32:09+00:00
dytiscus sharpi,Dytiscus sharpi,5874079,EXACT,ACCEPTED,5874079,,self,,,,,,2026-10-06T08:32:09+00:00
angustassiminea sp. b,Angustassiminea sp. B,4609826,HIGHERRANK,ACCEPTED,,,n/a,unresolved,genus_or_higher,,,,2026-10-06T08:32:23+00:00
phagocata tenella,Phagocata tenella,6475779,EXACT,ACCEPTED,6475779,,self,,,,,,2026-10-06T08:32:09+00:00
bathyraja smirnovi,Bathyraja smirnovi,2420338,EXACT,ACCEPTED,2420338,,self,,,,,,2026-10-06T08:32:09+00:00
sestrostoma balssi,Sestrostoma balssi,5973542,EXACT,ACCEPTED,5973542,,self,,,,,,2026-10-06T08:32:09+00:00
lingula sp. 1,Lingula sp. 1,1,HIGHERRANK,ACCEPTED,,,n/a,unresolved,genus_or_higher,,,,2026-10-06T08:32:23+00:00
habenaria dentata (sw.) schltr.,Habenaria dentata (Sw.) Schltr.,2828859,EXACT,ACCEPTED,2828859,,self,,,,,,2026-10-06T08:32:09+00:00
cololejeunea trichomanis (gottsche) steph.,Cololejeunea trichomanis (Gottsche) Steph.,7514163,EXACT,SYNONYM,9520522,Cololejeunea trichomanis (Gottsche) Besch.,api,,,,,,2026-10-06T08:32:23+00:00
usnea spp.,Usnea spp.,2605982,HIGHERRANK,ACCEPTED,,,n/a,unresolved,genus_or_higher,,,,2026-10-06T08:32:23+00:00
"tanypteryx pryeri (selys, 1889)","Tanypteryx pryeri (Selys, 1889)",1424677,EXACT,ACCEPTED,1424677,,self,,,,,,2026-10-06T08:32:09+00:00
canis lupus,Canis lupus,5219173,EXACT,ACCEPTED,5219173,,self,,,,,,2026-10-06T08:32:09+00:00
gambusia affinis,Gambusia affinis,2350580,EXACT,ACCEPTED,2350580,,self,,,,,,2026-10-06T08:32:09+00:00
mytilus galloprovincialis,Mytilus galloprovincialis,2285683,EXACT,ACCEPTED,2285683,,self,,,,,,2026-10-06T08:32:09+00:00
myriophyllum aquaticum,Myriophyllum aquaticum,5361785,EXACT,ACCEPTED,5361785,,self,,,,,,2026-10-06T08:32:09+00:00
phalacrocorax urile,Phalacrocorax urile,2481874,EXACT,ACCEPTED,2481874,,self,,,,,,2026-10-06T08:32:09+00:00
phegopteris aurita,Phegopteris aurita,4082032,EXACT,SYNONYM,4082115,Pseudophegopteris aurita (Hook.) Ching,api,,,,,,2026-10-06T08:32:23+00:00
distichophyllum yakumontanum,Distichophyllum yakumontanum,8348840,EXACT,ACCEPTED,8348840,,self,,,,,,2026-10-06T08:32:09+00:00
thorea hispida,Thorea hispida,5279656,EXACT,ACCEPTED,5279656,,self,,,,,,2026-10-06T08:32:09+00:00
stereocaulon wrightii,Stereocaulon wrightii,5470677,EXACT,ACCEPTED,5470677,,self,,,,,,2026-10-06T08:32:09+00:00
phallus hadriani,Phallus hadriani,2524103,EXACT,ACCEPTED,2524103,,self,,,,,,2026-10-06T08:32:09+00:00
miniopterus fuscus,Miniopterus fuscus,2432511,EXACT,ACCEPTED,2432511,,self,,,,,,2026-10-06T08:32:09+00:00
plecoglossus altivelis ryukyuensis,Plecoglossus altivelis ryukyuensis,6169874,EXACT,SYNONYM,4283980,"Plecoglossus altivelis (Temminck & Schlegel, 1846)",api,,,,,,2026-10-06T08:32:23+00:00
hydaticus thermonectoides,Hydaticus thermonectoides,6002126,EXACT,ACCEPTED,6002126,,self,,,,,,2026-10-06T08:32:09+00:00
angustassiminea sp. c,Angustassiminea sp. C,4609826,HIGHERRANK,ACCEPTED,,,n/a,unresolved,genus_or_higher,,,,2026-10-06T08:32:23+00:00
cirrodrilus aomorensis,Cirrodrilus aomorensis,7862398,EXACT,ACCEPTED,7862398,,self,,,,,,2026-10-06T08:32:09+00:00
raja pulchra,Raja pulchra,5216050,EXACT,SYNONYM,9354970,"Beringraja pulchra (Liu, 1932)",api,,,,,,2026-10-06T08:32:23+00:00
cleistostoma dilatatum,Cleistostoma dilatatum,5863422,EXACT,ACCEPTED,5863422,,self,,,,,,2026-10-06T08:32:09+00:00
lingula sp. 2,Lingula sp. 2,1,HIGHERRANK,ACCEPTED,,,n/a,unresolved,genus_or_higher,,,,2026-10-06T08:32:23+00:00
peristylus flagellifer (makino) ohwi ex k.y.lang,Peristylus flagellifer (Makino) Ohwi ex K.Y.Lang,2829611,EXACT,SYNONYM,2817539,Peristylus densus (Lindl.) Santapau & Kapadia,api,,,,,,2026-10-06T08:32:23+00:00
leptolejeunea elliptica (lehm. & lindenb.) schiffn.,Leptolejeunea elliptica (Lehm. & Lindenb.) Schiffn.,2688828,EXACT,SYNONYM,9347385,Leptolejeunea elliptica (Lehm. & Lindenb.) Besch.,api,,,,,,2026-10-06T08:32:23+00:00
hydropus aurarius har. takah.,Hydropus aurarius Har. Takah.,5449140,EXACT,ACCEPTED,5449140,,self,,,,,,2026-10-06T08:32:09+00:00
"sympetrum parvulum (bartenev, 1912)","Sympetrum parvulum (Bartenev, 1912)",1428228,EXACT,ACCEPTED,1428228,,self,,,,,,2026-10-06T08:32:09+00:00
neovison vison,Neovison vison,2433652,EXACT,SYNONYM,5218823,"Mustela vison Schreber, 1777",api,,,,,,2026-10-06T08:32:23+00:00
acheliognathus macropterus,Acheliognathus macropterus,2359407,EXACT,SYNONYM,2359405,"Acheilognathus macropterus (Bleeker, 1871)",api,,,,,,2026-10-06T08:32:23+00:00
perna viridis,Perna viridis,5729682,EXACT,ACCEPTED,5729682,,self,,,,,,2026-10-06T08:32:09+00:00
hydrocotyle ranunculoides,Hydrocotyle ranunculoides,7978544,EXACT,ACCEPTED,7978544,,self,,,,,,2026-10-06T08:32:09+00:00
botaurus stellaris stellaris,Botaurus stellaris stellaris,7190956,EXACT,ACCEPTED,7190956,,self,,,,,,2026-10-06T08:32:09+00:00
arachniodes yasu-inouei var. angustipinnula,Arachniodes yasu-inouei var. angustipinnula,12324397,EXACT,SYNONYM,2650954,Arachniodes simplicior (Makino) Ohwi,api,,,,,,2026-10-06T08:32:23+00:00
pseudospiridentopsis horrida,Pseudospiridentopsis horrida,2678874,EXACT,ACCEPTED,2678874,,self,,,,,,2026-10-06T08:32:09+00:00
chara altaica,Chara altaica,8221170,EXACT,ACCEPTED,8221170,,self,,,,,,2026-10-06T08:32:09+00:00
sticta arctica,Sticta arctica,6018178,EXACT,ACCEPTED,6018178,,self,,,,,,2026-10-06T08:32:09+00:00
phallus rubicundus,Phallus rubicundus,6014310,EXACT,ACCEPTED,6014310,,self,,,,,,2026-10-06T08:32:09+00:00
diplothrix legata,Diplothrix legata,5706746,EXACT,ACCEPTED,5706746,,self,,,,,,2026-10-06T08:32:09+00:00
neosalanx reganius,Neosalanx reganius,2411016,EXACT,ACCEPTED,2411016,,self,,,,,,2026-10-06T08:32:09+00:00
hyphydrus orientalis,Hyphydrus orientalis,5874215,EXACT,ACCEPTED,5874215,,self,,,,,,2026-10-06T08:32:09+00:00
cavernacmella sp. a,Cavernacmella sp. A,4609809,HIGHERRANK,ACCEPTED,,,n/a,unresolved,genus_or_higher,,,,2026-10-06T08:32:23+00:00
cirrodrilus cirratus,Cirrodrilus cirratus,2307555,EXACT,ACCEPTED,2307555,,self,,,,,,2026-10-06T08:32:09+00:00
dipturus kwangtungensis,Dipturus kwangtungensis,2420170,EXACT,ACCEPTED,2420170,,self,,,,,,2026-10-06T08:32:09+00:00
pinnixa balanoglossana,Pinnixa balanoglossana,5971570,EXACT,ACCEPTED,5971570,,self,,,,,,2026-10-06T08:32:09+00:00
lingula sp. 3,Lingula sp. 3,1,HIGHERRANK,ACCEPTED,,,n/a,unresolved,genus_or_higher,,,,2026-10-06T08:32:23+00:00
liparis auriculata blume ex miq.,Liparis auriculata Blume ex Miq.,5322891,EXACT,ACCEPTED,5322891,,self,,,,,,2026-10-06T08:32:09+00:00
sphagnum palustre l.,Sphagnum palustre L.,2669006,EXACT,ACCEPTED,2669006,,self,,,,,,2026-10-06T08:32:09+00:00
marasmiellus mesosporus sing.,Marasmiellus mesosporus Sing.,3321152,EXACT,ACCEPTED,3321152,,self,,,,,,2026-10-06T08:32:09+00:00
"libellula quadrimaculata asahinai schmidt, 1957","Libellula quadrimaculata asahinai Schmidt, 1957",6242739,EXACT,SYNONYM,1427915,"Libellula quadrimaculata Linnaeus, 1758",api,,,,,,2026-10-06T08:32:23+00:00
sus scrofa,Sus scrofa,7705930,EXACT,ACCEPTED,7705930,,self,,,,,,2026-10-06T08:32:09+00:00
hypophthalmichthys molitrix,Hypophthalmichthys molitrix,2362473,EXACT,ACCEPTED,2362473,,self,,,,,,2026-10-06T08:32:09+00:00
xenostrobus securis,Xenostrobus securis,5188827,EXACT,ACCEPTED,5188827,,self,,,,,,2026-10-06T08:32:09+00:00
veronica anagallis-aquatica,Veronica anagallis-aquatica,3172086,EXACT,ACCEPTED,3172086,,self,,,,,,2026-10-06T08:32:09+00:00
ixobrychus eurhythmus,Ixobrychus eurhythmus,2480847,EXACT,ACCEPTED,2480847,,self,,,,,,2026-10-06T08:32:09+00:00
dryopteris shibipedis,Dryopteris shibipedis,5655144,EXACT,ACCEPTED,5655144,,self,,,,,,2026-10-06T08:32:09+00:00
pinnatella ambigua,Pinnatella ambigua,2678432,EXACT,ACCEPTED,2678432,,self,,,,,,2026-10-06T08:32:09+00:00
chara corallina var. corallina,Chara corallina var. corallina,7229782,EXACT,ACCEPTED,7229782,,self,,,,,,2026-10-06T08:32:09+00:00
ramalodium japonicum,Ramalodium japonicum,3423035,EXACT,ACCEPTED,3423035,,self,,,,,,2026-10-06T08:32:09+00:00
microporus ochrotinctus,Microporus ochrotinctus,5465048,EXACT,ACCEPTED,5465048,,self,,,,,,2026-10-06T08:32:09+00:00
tokudaia osimensis,Tokudaia osimensis,2438055,EXACT,ACCEPTED,2438055,,self,,,,,,2026-10-06T08:32:09+00:00
salanx ariakensis,Salanx ariakensis,2410990,EXACT,ACCEPTED,2410990,,self,,,,,,2026-10-06T08:32:09+00:00
rhantaticus congestus,Rhantaticus congestus,4742748,EXACT,ACCEPTED,4742748,,self,,,,,,2026-10-06T08:32:09+00:00
cavernacmella sp. b,Cavernacmella sp. B,4609809,HIGHERRANK,ACCEPTED,,,n/a,unresolved,genus_or_higher,,,,2026-10-06T08:32:23+00:00
cirrodrilus ezoensis,Cirrodrilus ezoensis,8036485,EXACT,ACCEPTED,8036485,,self,,,,,,2026-10-06T08:32:09+00:00
okamejei meerdervoortii,Okamejei meerdervoortii,2420122,EXACT,ACCEPTED,2420122,,self,,,,,,2026-10-06T08:32:09+00:00
pinnotheres bidentatus,Pinnotheres bidentatus,5971679,EXACT,SYNONYM,12194683,"Nepinnotheres bidentatus (Sakai, 1939)",api,,,,,,2026-10-06T08:32:23+00:00
hesperonoe hwanghaiensis,Hesperonoe hwanghaiensis,2313350,EXACT,ACCEPTED,2313350,,self,,,,,,2026-10-06T08:32:09+00:00
neottia acuminata schltr.,Neottia acuminata Schltr.,2816194,EXACT,ACCEPTED,2816194,,self,,,,,,2026-10-06T08:32:09+00:00
andreaea rupestris hedw. var. fauriei (besch.) takaki,Andreaea rupestris Hedw. var. fauriei (Besch.) Takaki,8268241,EXACT,ACCEPTED,8268241,,self,,,,,,2026-10-06T08:32:09+00:00
melanophyllum haematospermum (bull.) kreisel,Melanophyllum haematospermum (Bull.) Kreisel,9040203,EXACT,ACCEPTED,9040203,,self,,,,,,2026-10-06T08:32:09+00:00
"indolestes peregrinus (ris, 1916)","Indolestes peregrinus (Ris, 1916)",5792003,EXACT,ACCEPTED,5792003,,self,,,,,,2026-10-06T08:32:09+00:00
cervus spp.,Cervus spp.,2440948,HIGHERRANK,ACCEPTED,,,n/a,unresolved,genus_or_higher,,,,2026-10-06T08:32:23+00:00
aristichthys nobilis,Aristichthys nobilis,2362489,EXACT,SYNONYM,2362486,"Hypophthalmichthys nobilis (Richardson, 1845)",api,,,,,,2026-10-06T08:32:23+00:00
corbicula fluminea,Corbicula fluminea,8190231,EXACT,ACCEPTED,8190231,,self,,,,,,2026-10-06T08:32:09+00:00
coreopsis lanceolata,Coreopsis lanceolata,3133938,EXACT,ACCEPTED,3133938,,self,,,,,,2026-10-06T08:32:09+00:00
spilornis cheela perplexus,Spilornis cheela perplexus,5844354,EXACT,ACCEPTED,5844354,,self,,,,,,2026-10-06T08:32:09+00:00
magnolia pseudokobus,Magnolia pseudokobus,3153267,EXACT,SYNONYM,3153260,Magnolia kobus DC.,api,,,,,,2026-10-06T08:32:23+00:00
haplomitrium hookeri,Haplomitrium hookeri,2689552,EXACT,ACCEPTED,2689552,,self,,,,,,2026-10-06T08:32:09+00:00
chara fibrosa subsp. gymnopitys,Chara fibrosa subsp. gymnopitys,5270747,EXACT,SYNONYM,7347442,Chara gymnopitys subsp. gymnopitys,api,,,,,,2026-10-06T08:32:23+00:00
peltigera lepidophora,Peltigera lepidophora,3423777,EXACT,ACCEPTED,3423777,,self,,,,,,2026-10-06T08:32:09+00:00
echinodontiellum japonicum,Echinodontiellum japonicum,10736084,EXACT,ACCEPTED,10736084,,self,,,,,,2026-10-06T08:32:09+00:00
tokudaia tokunoshimensis,Tokudaia tokunoshimensis,5786721,EXACT,ACCEPTED,5786721,,self,,,,,,2026-10-06T08:32:09+00:00
oncorhynchus nerka,Oncorhynchus nerka,5204039,EXACT,ACCEPTED,5204039,,self,,,,,,2026-10-06T08:32:09+00:00
gyrinus ryukyuensis,Gyrinus ryukyuensis,7877186,HIGHERRANK,ACCEPTED,,,n/a,unresolved,higher_rank,,,,2026-10-06T08:32:23+00:00
cavernacmella sp. c,Cavernacmella sp. C,4609809,HIGHERRANK,ACCEPTED,,,n/a,unresolved,genus_or_higher,,,,2026-10-06T08:32:23+00:00
cirrodrilus homodontus,Cirrodrilus homodontus,8101119,EXACT,ACCEPTED,8101119,,self,,,,,,2026-10-06T08:32:09+00:00
okamejei boesemani,Okamejei boesemani,2420118,EXACT,ACCEPTED,2420118,,self,,,,,,2026-10-06T08:32:09+00:00
pinnotheres cyclinus,Pinnotheres cyclinus,5971690,EXACT,SYNONYM,9706077,"Arcotheres cyclinus (Shen, 1932)",api,,,,,,2026-10-06T08:32:23+00:00
natsushima graciliceps,Natsushima graciliceps,8986742,EXACT,ACCEPTED,8986742,,self,,,,,,2026-10-06T08:32:09+00:00
platanthera mandarinorum rchb.f. var. macrocentron (franch & sav.) ohwi,Platanthera mandarinorum Rchb.f. var. macrocentron (Franch & Sav.) Ohwi,2798485,EXACT,SYNONYM,2798479,Platanthera neglecta Schltr.,api,,,,,,2026-10-06T08:32:23+00:00
bartramiopsis lescurii (james) kindb.,Bartramiopsis lescurii (James) Kindb.,2682900,EXACT,ACCEPTED,2682900,,self,,,,,,2026-10-06T08:32:09+00:00
squamanita umbonata (sumst.) bas,Squamanita umbonata (Sumst.) Bas,2531616,EXACT,ACCEPTED,2531616,,self,,,,,,2026-10-06T08:32:09+00:00
"lestes sponsa (hansemann, 1823)","Lestes sponsa (Hansemann, 1823)",1424038,EXACT,ACCEPTED,1424038,,self,,,,,,2026-10-06T08:32:09+00:00
tamias sibiricus,Tamias sibiricus,2437450,EXACT,ACCEPTED,2437450,,self,,,,,,2026-10-06T08:32:09+00:00
ctenopharhyngodon idellus,Ctenopharhyngodon idellus,2362030,FUZZY,ACCEPTED,,,n/a,unresolved,fuzzy_spelling,,,,2026-10-06T08:32:23+00:00
mytilopsis sallei,Mytilopsis sallei,5189109,EXACT,ACCEPTED,5189109,,self,,,,,,2026-10-06T08:32:09+00:00
gymnocoronis spilanthoides,Gymnocoronis spilanthoides,6063677,EXACT,ACCEPTED,6063677,,self,,,,,,2026-10-06T08:32:09+00:00
carduelis sinica kittlitzi,Carduelis sinica kittlitzi,6175371,EXACT,SYNONYM,6093108,"Chloris sinica kittlitzi (Seebohm, 1890)",api,,,,,,2026-10-06T08:32:23+00:00
disporum uniflorum,Disporum uniflorum,2770790,EXACT,ACCEPTED,2770790,,self,,,,,,2026-10-06T08:32:09+00:00
mannia triandra,Mannia triandra,5286287,EXACT,ACCEPTED,5286287,,self,,,,,,2026-10-06T08:32:09+00:00
chara leptospora,Chara leptospora,7357622,EXACT,SYNONYM,5270780,Chara globularis Thuill.,api,,,,,,2026-10-06T08:32:23+00:00
peltigera venosa,Peltigera venosa,2601157,EXACT,ACCEPTED,2601157,,self,,,,,,2026-10-06T08:32:09+00:00
chorioactis geaster,Chorioactis geaster,7761763,EXACT,ACCEPTED,7761763,,self,,,,,,2026-10-06T08:32:09+00:00
pentalagus furnessi,Pentalagus furnessi,2436950,EXACT,ACCEPTED,2436950,,self,,,,,,2026-10-06T08:32:09+00:00
monopterus sp.,Monopterus sp.,1,HIGHERRANK,ACCEPTED,,,n/a,unresolved,genus_or_higher,,,,2026-10-06T08:32:23+00:00
quedius kiuchii,Quedius kiuchii,10175149,EXACT,ACCEPTED,10175149,,self,,,,,,2026-10-06T08:32:09+00:00
paludinellassiminea daitoensis,Paludinellassiminea daitoensis,9421392,EXACT,ACCEPTED,9421392,,self,,,,,,2026-10-06T08:32:09+00:00
cirrodrilus inukaii,Cirrodrilus inukaii,8306704,EXACT,ACCEPTED,8306704,,self,,,,,,2026-10-06T08:32:09+00:00
okamejei acutispina,Okamejei acutispina,2420096,EXACT,ACCEPTED,2420096,,self,,,,,,2026-10-06T08:32:09+00:00
sacculina upogebiae,Sacculina upogebiae,6467417,EXACT,ACCEPTED,6467417,,self,,,,,,2026-10-06T08:32:09+00:00
marphysa tamurai,Marphysa tamurai,2322241,EXACT,ACCEPTED,2322241,,self,,,,,,2026-10-06T08:32:09+00:00
platanthera nipponica makino,Platanthera nipponica Makino,2798189,EXACT,ACCEPTED,2798189,,self,,,,,,2026-10-06T08:32:09+00:00
diphyscium lorifolium (cardot) magombo,Diphyscium lorifolium (Cardot) Magombo,7731851,EXACT,ACCEPTED,7731851,,self,,,,,,2026-10-06T08:32:09+00:00
amanita flavofloccosa nagas. & hongo,Amanita flavofloccosa Nagas. & Hongo,5452277,EXACT,ACCEPTED,5452277,,self,,,,,,2026-10-06T08:32:09+00:00
"ceriagrion nipponicum asahina, 1967","Ceriagrion nipponicum Asahina, 1967",1423265,EXACT,ACCEPTED,1423265,,self,,,,,,2026-10-06T08:32:09+00:00
mus musculus,Mus musculus,7429082,EXACT,ACCEPTED,7429082,,self,,,,,,2026-10-06T08:32:09+00:00
mylopharyngodon piceus,Mylopharyngodon piceus,2362110,EXACT,ACCEPTED,2362110,,self,,,,,,2026-10-06T08:32:09+00:00
mercenaria mercenaria,Mercenaria mercenaria,2287668,EXACT,ACCEPTED,2287668,,self,,,,,,2026-10-06T08:32:09+00:00
rudbeckia laciniata,Rudbeckia laciniata,3114229,EXACT,ACCEPTED,3114229,,self,,,,,,2026-10-06T08:32:09+00:00
lagopus mutus japonicus,Lagopus mutus japonicus,5227693,FUZZY,ACCEPTED,,,n/a,unresolved,fuzzy_spelling,,,,2026-10-06T08:32:23+00:00
liparis bootanensis var. uchiyamae,Liparis bootanensis var. uchiyamae,5306145,EXACT,SYNONYM,5306140,Liparis bootanensis Griff.,api,,,,,,2026-10-06T08:32:23+00:00
peltolepis quadrata,Peltolepis quadrata,2688622,EXACT,ACCEPTED,2688622,,self,,,,,,2026-10-06T08:32:09+00:00
chara vulgaris var. nitelloides,Chara vulgaris var. nitelloides,8405500,HIGHERRANK,ACCEPTED,,,n/a,unresolved,infraspecific_collapsed,,,,2026-10-06T08:32:23+00:00
solorina crocea,Solorina crocea,2601134,EXACT,ACCEPTED,2601134,,self,,,,,,2026-10-06T08:32:09+00:00
lysurus sphaerocephalus,Lysurus sphaerocephalus,11106279,FUZZY,SYNONYM,,,n/a,unresolved,fuzzy_spelling,,,,2026-10-06T08:32:23+00:00
mustela sibirica,Mustela sibirica,5218972,EXACT,ACCEPTED,5218972,,self,,,,,,2026-10-06T08:32:09+00:00
gasterosteus aculeatus subsp. 2,Gasterosteus aculeatus subsp. 2,4286327,EXACT,ACCEPTED,4286327,,self,,,,,,2026-10-06T08:32:09+00:00
neolucanus insulicola donan,Neolucanus insulicola donan,8980770,EXACT,ACCEPTED,8980770,,self,,,,,,2026-10-06T08:32:09+00:00
paludinellassiminea miyakoinsularis,Paludinellassiminea miyakoinsularis,11146407,EXACT,ACCEPTED,11146407,,self,,,,,,2026-10-06T08:32:09+00:00
cirrodrilus iwakiensis,Cirrodrilus iwakiensis,7403516,EXACT,ACCEPTED,7403516,,self,,,,,,2026-10-06T08:32:09+00:00
dasyatis acutirostra,Dasyatis acutirostra,2419535,EXACT,SYNONYM,9406855,"Telatrygon acutirostra (Nishida & Nakaya, 1988)",api,,,,,,2026-10-06T08:32:23+00:00
amphibalanus reticulatus,Amphibalanus reticulatus,6128436,EXACT,ACCEPTED,6128436,,self,,,,,,2026-10-06T08:32:09+00:00
siphonosoma funafuti,Siphonosoma funafuti,2509281,EXACT,ACCEPTED,2509281,,self,,,,,,2026-10-06T08:32:09+00:00
platanthera ophrydioides f.schmidt var. monophylla honda,Platanthera ophrydioides F.Schmidt var. monophylla Honda,6316136,EXACT,SYNONYM,2798284,Platanthera ophrydioides F.Schmidt,api,,,,,,2026-10-06T08:32:23+00:00
fissidens geppii m.fleisch.,Fissidens geppii M.Fleisch.,5283061,EXACT,ACCEPTED,5283061,,self,,,,,,2026-10-06T08:32:09+00:00
pholiota microspora (berk.) sacc.,Pholiota microspora (Berk.) Sacc.,9751347,EXACT,ACCEPTED,9751347,,self,,,,,,2026-10-06T08:32:09+00:00
"sarasaeschna pryeri (martin, 1909)","Sarasaeschna pryeri (Martin, 1909)",5791747,EXACT,ACCEPTED,5791747,,self,,,,,,2026-10-06T08:32:09+00:00
ondatra ziberhicus,Ondatra ziberhicus,5219858,FUZZY,ACCEPTED,,,n/a,unresolved,fuzzy_spelling,,,,2026-10-06T08:32:23+00:00
paramisgurnus dabryanus,Paramisgurnus dabryanus,2368319,EXACT,ACCEPTED,2368319,,self,,,,,,2026-10-06T08:32:09+00:00
meretrix petechialis,Meretrix petechialis,4372748,EXACT,ACCEPTED,4372748,,self,,,,,,2026-10-06T08:32:09+00:00
senecio madagascariensis,Senecio madagascariensis,3107722,EXACT,ACCEPTED,3107722,,self,,,,,,2026-10-06T08:32:09+00:00
columba janthina stejnegeri,Columba janthina stejnegeri,5231841,EXACT,ACCEPTED,5231841,,self,,,,,,2026-10-06T08:32:09+00:00
eriocaulon heleocharioides,Eriocaulon heleocharioides,2690559,EXACT,ACCEPTED,2690559,,self,,,,,,2026-10-06T08:32:09+00:00
sauteria spongiosa,Sauteria spongiosa,5286293,EXACT,ACCEPTED,5286293,,self,,,,,,2026-10-06T08:32:09+00:00
chara vulgaris var. vulgaris,Chara vulgaris var. vulgaris,7229784,EXACT,ACCEPTED,7229784,,self,,,,,,2026-10-06T08:32:09+00:00
pertusaria boninensis,Pertusaria boninensis,2599923,HIGHERRANK,ACCEPTED,,,n/a,unresolved,higher_rank,,,,2026-10-06T08:32:23+00:00
favolus pseudobetulius,Favolus pseudobetulius,8103143,FUZZY,ACCEPTED,,,n/a,unresolved,fuzzy_spelling,,,,2026-10-06T08:32:23+00:00
sorex minutissimus hawkeri,Sorex minutissimus hawkeri,2435959,HIGHERRANK,ACCEPTED,,,n/a,unresolved,infraspecific_collapsed,,,,2026-10-06T08:32:23+00:00
pungitius sp. 3,Pungitius sp. 3,5204682,HIGHERRANK,ACCEPTED,,,n/a,unresolved,genus_or_higher,,,,2026-10-06T08:32:23+00:00
oryctes hisamatsui,Oryctes hisamatsui,4995681,EXACT,ACCEPTED,4995681,,self,,,,,,2026-10-06T08:32:09+00:00
paludinellassiminea sp. a,Paludinellassiminea sp. A,5856427,HIGHERRANK,ACCEPTED,,,n/a,unresolved,genus_or_higher,,,,2026-10-06T08:32:23+00:00
cirrodrilus makinoi,Cirrodrilus makinoi,7829503,EXACT,ACCEPTED,7829503,,self,,,,,,2026-10-06T08:32:09+00:00
aetobatus narutobiei,Aetobatus narutobiei,7732823,EXACT,ACCEPTED,7732823,,self,,,,,,2026-10-06T08:32:09+00:00
hypoxis aurea lour.,Hypoxis aurea Lour.,2852790,EXACT,ACCEPTED,2852790,,self,,,,,,2026-10-06T08:32:09+00:00
glyphomitrium minutissimum (s.okam.) broth.,Glyphomitrium minutissimum (S.Okam.) Broth.,2674172,EXACT,ACCEPTED,2674172,,self,,,,,,2026-10-06T08:32:09+00:00
synnematomyces capitatus kobayasi,Synnematomyces capitatus Kobayasi,2590910,EXACT,ACCEPTED,2590910,,self,,,,,,2026-10-06T08:32:09+00:00
"nihonogomphus viridis oguma, 1926","Nihonogomphus viridis Oguma, 1926",1426364,EXACT,ACCEPTED,1426364,,self,,,,,,2026-10-06T08:32:09+00:00
rattus norvegicus,Rattus norvegicus,2439261,EXACT,ACCEPTED,2439261,,self,,,,,,2026-10-06T08:32:09+00:00
pseudobagrus fulvidraco,Pseudobagrus fulvidraco,2338608,EXACT,SYNONYM,6168091,"Tachysurus fulvidraco (Richardson, 1846)",api,,,,,,2026-10-06T08:32:23+00:00
ficopomatus enigmaticus,Ficopomatus enigmaticus,2327735,EXACT,ACCEPTED,2327735,,self,,,,,,2026-10-06T08:32:09+00:00
spartina spp.,Spartina spp.,12086863,HIGHERRANK,SYNONYM,,,n/a,unresolved,genus_or_higher,,,,2026-10-06T08:32:23+00:00
porzana exquisita,Porzana exquisita,2474674,EXACT,SYNONYM,5228182,"Coturnicops exquisitus (Swinhoe, 1873)",api,,,,,,2026-10-06T08:32:23+00:00
kalanchoe spathulata var. spathulata,Kalanchoe spathulata var. spathulata,2985928,HIGHERRANK,ACCEPTED,,,n/a,unresolved,higher_rank,,,,2026-10-06T08:32:23+00:00
sandeothallus japonicus,Sandeothallus japonicus,6317120,EXACT,ACCEPTED,6317120,,self,,,,,,2026-10-06T08:32:09+00:00
lamprothamnium succinctum,Lamprothamnium succinctum,2638284,EXACT,ACCEPTED,2638284,,self,,,,,,2026-10-06T08:32:09+00:00
umbilicaria deusta,Umbilicaria deusta,5260486,EXACT,ACCEPTED,5260486,,self,,,,,,2026-10-06T08:32:09+00:00
diplocarpa irregularis,Diplocarpa irregularis,11837670,EXACT,ACCEPTED,11837670,,self,,,,,,2026-10-06T08:32:09+00:00
rhinolophus perditus,Rhinolophus perditus,5787428,EXACT,ACCEPTED,5787428,,self,,,,,,2026-10-06T08:32:09+00:00
pungitius sp. 4,Pungitius sp. 4,5204682,HIGHERRANK,ACCEPTED,,,n/a,unresolved,genus_or_higher,,,,2026-10-06T08:32:23+00:00
chrysobothris boninensis suzukii,Chrysobothris boninensis suzukii,9277990,EXACT,ACCEPTED,9277990,,self,,,,,,2026-10-06T08:32:09+00:00
paludinellassiminea sp. b,Paludinellassiminea sp. B,5856427,HIGHERRANK,ACCEPTED,,,n/a,unresolved,genus_or_higher,,,,2026-10-06T08:32:23+00:00
cirrodrilus megalodentatus,Cirrodrilus megalodentatus,8272197,EXACT,ACCEPTED,8272197,,self,,,,,,2026-10-06T08:32:09+00:00
robinsia catherinae,Robinsia catherinae,2405425,EXACT,ACCEPTED,2405425,,self,,,,,,2026-10-06T08:32:09+00:00
eudactylina squatini,Eudactylina squatini,6466816,EXACT,ACCEPTED,6466816,,self,,,,,,2026-10-06T08:32:09+00:00
arhynchite arhynchite,Arhynchite arhynchite,2508973,EXACT,ACCEPTED,2508973,,self,,,,,,2026-10-06T08:32:09+00:00
iris laevigata fisch.,Iris laevigata Fisch.,5298334,EXACT,ACCEPTED,5298334,,self,,,,,,2026-10-06T08:32:09+00:00
campylopus fragilis (brid.) bruch & schimp.,Campylopus fragilis (Brid.) Bruch & Schimp.,5281998,EXACT,ACCEPTED,5281998,,self,,,,,,2026-10-06T08:32:09+00:00
boletus generosus har. takah.,Boletus generosus Har. Takah.,6015922,EXACT,ACCEPTED,6015922,,self,,,,,,2026-10-06T08:32:09+00:00
"shaogomphus postocularis (selys, 1869)","Shaogomphus postocularis (Selys, 1869)",1425991,EXACT,ACCEPTED,1425991,,self,,,,,,2026-10-06T08:32:09+00:00
saimiri sciureus,Saimiri sciureus,2436661,EXACT,ACCEPTED,2436661,,self,,,,,,2026-10-06T08:32:09+00:00
salvelinus fontinalis,Salvelinus fontinalis,2351271,EXACT,ACCEPTED,2351271,,self,,,,,,2026-10-06T08:32:09+00:00
hydroides elegans,Hydroides elegans,2328302,EXACT,ACCEPTED,2328302,,self,,,,,,2026-10-06T08:32:09+00:00
pistia stratiotes,Pistia stratiotes,2870583,EXACT,ACCEPTED,2870583,,self,,,,,,2026-10-06T08:32:09+00:00
rallina eurizonoides sepiaria,Rallina eurizonoides sepiaria,6176668,EXACT,ACCEPTED,6176668,,self,,,,,,2026-10-06T08:32:09+00:00
astragalus sikokianus,Astragalus sikokianus,5344739,EXACT,ACCEPTED,5344739,,self,,,,,,2026-10-06T08:32:09+00:00
pleurozia purpurea,Pleurozia purpurea,2688670,EXACT,ACCEPTED,2688670,,self,,,,,,2026-10-06T08:32:09+00:00
nitella acuminata var. subglomerata,Nitella acuminata var. subglomerata,2637949,HIGHERRANK,ACCEPTED,,,n/a,unresolved,infraspecific_collapsed,,,,2026-10-06T08:32:23+00:00
umbilicaria muehlenbergii,Umbilicaria muehlenbergii,5260491,EXACT,ACCEPTED,5260491,,self,,,,,,2026-10-06T08:32:09+00:00
tricholoma matsutake,Tricholoma matsutake,5241820,EXACT,ACCEPTED,5241820,,self,,,,,,2026-10-06T08:32:09+00:00
eptesicus japonensis,Eptesicus japonensis,4265974,EXACT,ACCEPTED,4265974,,self,,,,,,2026-10-06T08:32:09+00:00
microphis argulus,Microphis argulus,5200998,EXACT,ACCEPTED,5200998,,self,,,,,,2026-10-06T08:32:09+00:00
tamamushia virida fujitai,Tamamushia virida fujitai,9626250,EXACT,ACCEPTED,9626250,,self,,,,,,2026-10-06T08:32:09+00:00
parafossarulus manchouricus japonicus,Parafossarulus manchouricus japonicus,9700025,HIGHERRANK,ACCEPTED,,,n/a,unresolved,infraspecific_collapsed,,,,2026-10-06T08:32:23+00:00
cirrodrilus nipponicus,Cirrodrilus nipponicus,7519591,EXACT,ACCEPTED,7519591,,self,,,,,,2026-10-06T08:32:09+00:00
gymnothorax richardsonii,Gymnothorax richardsonii,2403987,EXACT,ACCEPTED,2403987,,self,,,,,,2026-10-06T08:32:09+00:00
kroyeria elongata,Kroyeria elongata,5719673,EXACT,ACCEPTED,5719673,,self,,,,,,2026-10-06T08:32:09+00:00
balanoglossus simodensis,Balanoglossus simodensis,5842802,EXACT,ACCEPTED,5842802,,self,,,,,,2026-10-06T08:32:09+00:00
iris sanguinea hornem.,Iris sanguinea Hornem.,5298821,EXACT,ACCEPTED,5298821,,self,,,,,,2026-10-06T08:32:09+00:00
syrrhopodon japonicus (besch.) broth.,Syrrhopodon japonicus (Besch.) Broth.,2670288,HIGHERRANK,ACCEPTED,,,n/a,unresolved,higher_rank,,,,2026-10-06T08:32:23+00:00
octaviania durianelloides orihara,Octaviania durianelloides Orihara,8029405,EXACT,ACCEPTED,8029405,,self,,,,,,2026-10-06T08:32:09+00:00
"asiagomphus pryeri (selys, 1883)","Asiagomphus pryeri (Selys, 1883)",6243281,EXACT,ACCEPTED,6243281,,self,,,,,,2026-10-06T08:32:09+00:00
mustela itatsi,Mustela itatsi,5218962,EXACT,ACCEPTED,5218962,,self,,,,,,2026-10-06T08:32:09+00:00
odontesthes bonariensis,Odontesthes bonariensis,2412370,EXACT,ACCEPTED,2412370,,self,,,,,,2026-10-06T08:32:09+00:00
amphibalanus amphitrite,Amphibalanus amphitrite,4805564,EXACT,ACCEPTED,4805564,,self,,,,,,2026-10-06T08:32:09+00:00
mikania micrantha,Mikania micrantha,5398421,EXACT,ACCEPTED,5398421,,self,,,,,,2026-10-06T08:32:09+00:00
numenius minutus,Numenius minutus,2481782,EXACT,ACCEPTED,2481782,,self,,,,,,2026-10-06T08:32:09+00:00
viola stoloniflora,Viola stoloniflora,5664298,EXACT,ACCEPTED,5664298,,self,,,,,,2026-10-06T08:32:09+00:00
barbilophozia hatcheri,Barbilophozia hatcheri,2689433,EXACT,ACCEPTED,2689433,,self,,,,,,2026-10-06T08:32:09+00:00
nitella allenii var. allenii,Nitella allenii var. allenii,2637771,HIGHERRANK,ACCEPTED,,,n/a,unresolved,higher_rank,,,,2026-10-06T08:32:23+00:00
paulia japonica,Paulia japonica,5493865,EXACT,ACCEPTED,5493865,,self,,,,,,2026-10-06T08:32:09+00:00
inonotus obliquus,Inonotus obliquus,2521089,EXACT,ACCEPTED,2521089,,self,,,,,,2026-10-06T08:32:09+00:00
myotis gracilis,Myotis gracilis,8202569,FUZZY,SYNONYM,,,n/a,unresolved,fuzzy_spelling,,,,2026-10-06T08:32:23+00:00
microphis jagorii,Microphis jagorii,5201013,EXACT,SYNONYM,7493059,"Oostethus jagorii (Peters, 1868)",api,,,,,,2026-10-06T08:32:23+00:00
luciola owadai,Luciola owadai,6990475,EXACT,ACCEPTED,6990475,,self,,,,,,2026-10-06T08:32:09+00:00
gammatricula shini,Gammatricula shini,9792135,EXACT,ACCEPTED,9792135,,self,,,,,,2026-10-06T08:32:09+00:00
cirrodrilus sapporensis,Cirrodrilus sapporensis,8258916,EXACT,ACCEPTED,8258916,,self,,,,,,2026-10-06T08:32:09+00:00
aulichthys japonicus,Aulichthys japonicus,2356483,EXACT,ACCEPTED,2356483,,self,,,,,,2026-10-06T08:32:09+00:00
kroyeria sublineata,Kroyeria sublineata,5719666,EXACT,ACCEPTED,5719666,,self,,,,,,2026-10-06T08:32:09+00:00
saccoglossus borealis,Saccoglossus borealis,2254472,EXACT,SYNONYM,6487422,"Harrimania borealis (Okuda & Yamada, 1955)",api,,,,,,2026-10-06T08:32:23+00:00
polygonatum humile fisch. ex maxim.,Polygonatum humile Fisch. ex Maxim.,2770302,EXACT,ACCEPTED,2770302,,self,,,,,,2026-10-06T08:32:09+00:00
eucladium verticillatum (brid.) bruch & schimp.,Eucladium verticillatum (Brid.) Bruch & Schimp.,2671130,EXACT,ACCEPTED,2671130,,self,,,,,,2026-10-06T08:32:09+00:00
haplotrichum croceum (mont.) partr. & morgan-jones,Haplotrichum croceum (Mont.) Partr. & Morgan-Jones,6327268,EXACT,ACCEPTED,6327268,,self,,,,,,2026-10-06T08:32:09+00:00
"rhyothemis fuliginosa selys, 1883","Rhyothemis fuliginosa Selys, 1883",1428108,EXACT,ACCEPTED,1428108,,self,,,,,,2026-10-06T08:32:09+00:00
nyctereutes procyonoides,Nyctereutes procyonoides,2434552,EXACT,ACCEPTED,2434552,,self,,,,,,2026-10-06T08:32:09+00:00
oreochromis mossambicus,Oreochromis mossambicus,2372396,EXACT,ACCEPTED,2372396,,self,,,,,,2026-10-06T08:32:09+00:00
amphibalanus eburneus,Amphibalanus eburneus,5862470,EXACT,ACCEPTED,5862470,,self,,,,,,2026-10-06T08:32:09+00:00
sphagneticola trilobata,Sphagneticola trilobata,3116842,EXACT,ACCEPTED,3116842,,self,,,,,,2026-10-06T08:32:09+00:00
sterna bergii cristata,Sterna bergii cristata,6486596,EXACT,SYNONYM,6065827,"Thalasseus bergii cristatus (Stephens, 1826)",api,,,,,,2026-10-06T08:32:23+00:00
huperzia somae,Huperzia somae,4925324,EXACT,ACCEPTED,4925324,,self,,,,,,2026-10-06T08:32:09+00:00
hattoria yakushimensis,Hattoria yakushimensis,5286353,EXACT,ACCEPTED,5286353,,self,,,,,,2026-10-06T08:32:09+00:00
nitella comptonii,Nitella comptonii,2637825,EXACT,ACCEPTED,2637825,,self,,,,,,2026-10-06T08:32:09+00:00
thyrea latissima,Thyrea latissima,3477037,EXACT,ACCEPTED,3477037,,self,,,,,,2026-10-06T08:32:09+00:00
sanghuangporus sanghuang,Sanghuangporus sanghuang,7409216,EXACT,ACCEPTED,7409216,,self,,,,,,2026-10-06T08:32:09+00:00
myotis nattereri bombinus,Myotis nattereri bombinus,8947673,EXACT,SYNONYM,7261880,Myotis bombinus bombinus,api,,,,,,2026-10-06T08:32:23+00:00
microphis retzii,Microphis retzii,5201017,EXACT,ACCEPTED,5201017,,self,,,,,,2026-10-06T08:32:09+00:00
glipa asahinai,Glipa asahinai,1046030,HIGHERRANK,ACCEPTED,,,n/a,unresolved,higher_rank,,,,2026-10-06T08:32:23+00:00
truncatella oagariensis,Truncatella oagariensis,11186311,EXACT,ACCEPTED,11186311,,self,,,,,,2026-10-06T08:32:09+00:00
cirrodrilus uchidai,Cirrodrilus uchidai,7376213,EXACT,ACCEPTED,7376213,,self,,,,,,2026-10-06T08:32:09+00:00
bulbonaricus brauni,Bulbonaricus brauni,2332798,EXACT,ACCEPTED,2332798,,self,,,,,,2026-10-06T08:32:09+00:00
lernaeopoda oviformis,Lernaeopoda oviformis,4329650,EXACT,SYNONYM,10170655,"Neoalbionella oviformis (Shiino, 1956)",api,,,,,,2026-10-06T08:32:23+00:00
monochoria korsakowii regel & maack,Monochoria korsakowii Regel & Maack,2766009,EXACT,SYNONYM,11070196,Pontederia korsakowii (Regel & Maack) M.Pell. & C.N.Horn,api,,,,,,2026-10-06T08:32:23+00:00
gymnostomiella longinervis broth.,Gymnostomiella longinervis Broth.,2671819,EXACT,ACCEPTED,2671819,,self,,,,,,2026-10-06T08:32:09+00:00
pseudoinonotus dryadeus (pers.) t. wagner & m. fisch.,Pseudoinonotus dryadeus (Pers.) T. Wagner & M. Fisch.,2520036,EXACT,ACCEPTED,2520036,,self,,,,,,2026-10-06T08:32:09+00:00
"sympetrum infuscatum (selys, 1883)","Sympetrum infuscatum (Selys, 1883)",1428269,EXACT,ACCEPTED,1428269,,self,,,,,,2026-10-06T08:32:09+00:00
martes melampus,Martes melampus,5218859,EXACT,ACCEPTED,5218859,,self,,,,,,2026-10-06T08:32:09+00:00
oreochromis niloticus,Oreochromis niloticus,4285694,EXACT,ACCEPTED,4285694,,self,,,,,,2026-10-06T08:32:09+00:00
amphibalanus improvisus,Amphibalanus improvisus,6467647,EXACT,ACCEPTED,6467647,,self,,,,,,2026-10-06T08:32:09+00:00
carpobrotus edulis,Carpobrotus edulis,3084842,EXACT,ACCEPTED,3084842,,self,,,,,,2026-10-06T08:32:09+00:00
sterna albifrons sinensis,Sterna albifrons sinensis,5793215,EXACT,SYNONYM,6065779,"Sternula albifrons sinensis (J.F.Gmelin, 1789)",api,,,,,,2026-10-06T08:32:23+00:00
lycopodiella caroliniana,Lycopodiella caroliniana,2688362,EXACT,SYNONYM,3992339,Pseudolycopodiella caroliniana (L.) Holub,api,,,,,,2026-10-06T08:32:23+00:00
neoorthocaulis floerkei,Neoorthocaulis floerkei,7653258,EXACT,ACCEPTED,7653258,,self,,,,,,2026-10-06T08:32:09+00:00
nitella flexilis var. bifurcata,Nitella flexilis var. bifurcata,9545260,HIGHERRANK,ACCEPTED,,,n/a,unresolved,infraspecific_collapsed,,,,2026-10-06T08:32:23+00:00
cetraria odontella,Cetraria odontella,6017804,EXACT,ACCEPTED,6017804,,self,,,,,,2026-10-06T08:32:09+00:00
albatrellus ovinus,Albatrellus ovinus,2551823,EXACT,ACCEPTED,2551823,,self,,,,,,2026-10-06T08:32:09+00:00
myotis pruinosus,Myotis pruinosus,2432426,EXACT,ACCEPTED,2432426,,self,,,,,,2026-10-06T08:32:09+00:00
cestraeus plicatilis,Cestraeus plicatilis,5212576,EXACT,ACCEPTED,5212576,,self,,,,,,2026-10-06T08:32:09+00:00
glipa kurosawai,Glipa kurosawai,1046030,HIGHERRANK,ACCEPTED,,,n/a,unresolved,higher_rank,,,,2026-10-06T08:32:23+00:00
parabeloniscus shimojanai,Parabeloniscus shimojanai,6905072,EXACT,ACCEPTED,6905072,,self,,,,,,2026-10-06T08:32:09+00:00
urocampus carinirostris,Urocampus carinirostris,2332792,EXACT,ACCEPTED,2332792,,self,,,,,,2026-10-06T08:32:09+00:00
driocephalus cerebrinoxius,Driocephalus cerebrinoxius,4331294,EXACT,ACCEPTED,4331294,,self,,,,,,2026-10-06T08:32:09+00:00
lamellibrachia satsuma,Lamellibrachia satsuma,2329587,EXACT,ACCEPTED,2329587,,self,,,,,,2026-10-06T08:32:09+00:00
juncus gracillimus (buchenau) v.i.krecz. & gontsch.,Juncus gracillimus (Buchenau) V.I.Krecz. & Gontsch.,2701558,EXACT,ACCEPTED,2701558,,self,,,,,,2026-10-06T08:32:09+00:00
leptodontium pergemmascens broth.,Leptodontium pergemmascens Broth.,7629162,EXACT,SYNONYM,9723171,Leptodontium flexifolium (Dicks.) Hampe ex Lindb.,api,,,,,,2026-10-06T08:32:23+00:00
pyrrhoderma adamantinum (berk.) imazeki,Pyrrhoderma adamantinum (Berk.) Imazeki,2520846,EXACT,SYNONYM,2520839,Phellinus adamantinus (Berk.) Ryvarden,api,,,,,,2026-10-06T08:32:23+00:00
"gynacantha japonica bartenev, 1909","Gynacantha japonica Bartenev, 1909",1424794,EXACT,ACCEPTED,1424794,,self,,,,,,2026-10-06T08:32:09+00:00
sus scrofa leucomystax,Sus scrofa leucomystax,4262871,EXACT,ACCEPTED,4262871,,self,,,,,,2026-10-06T08:32:09+00:00
tilapia zillii,Tilapia zillii,2370692,FUZZY,SYNONYM,,,n/a,unresolved,fuzzy_spelling,,,,2026-10-06T08:32:23+00:00
balanus glandula,Balanus glandula,2115706,EXACT,ACCEPTED,2115706,,self,,,,,,2026-10-06T08:32:09+00:00
opuntia spp.,Opuntia spp.,3084187,HIGHERRANK,ACCEPTED,,,n/a,unresolved,genus_or_higher,,,,2026-10-06T08:32:23+00:00
diomedea immutabilis,Diomedea immutabilis,5229296,EXACT,SYNONYM,2481381,"Phoebastria immutabilis (Rothschild, 1893)",api,,,,,,2026-10-06T08:32:23+00:00
lycopodium sieboldii var. christensenianum,Lycopodium sieboldii var. christensenianum,5836487,HIGHERRANK,SYNONYM,,,n/a,unresolved,infraspecific_collapsed,,,,2026-10-06T08:32:23+00:00
schizophyllopsis bidens,Schizophyllopsis bidens,9397234,EXACT,ACCEPTED,9397234,,self,,,,,,2026-10-06T08:32:09+00:00
nitella furcata var. furcata,Nitella furcata var. furcata,7259132,EXACT,DOUBTFUL,,,api,,,,,,2026-10-06T08:32:23+00:00
juncus fouriei h.lev. & vaniot,Juncus fouriei H.Lev. & Vaniot,2701812,FUZZY,ACCEPTED,,,n/a,unresolved,fuzzy_spelling,,,,2026-10-06T08:32:23+00:00
rhodobryum ontariense (kindb.) kindb.,Rhodobryum ontariense (Kindb.) Kindb.,7654948,EXACT,SYNONYM,5282526,Rhodobryum ontariense (Kindb.) Paris,api,,,,,,2026-10-06T08:32:23+00:00
coriolopsis glabrorigens (lloyd) nunez & ryvarden,Coriolopsis glabrorigens (Lloyd) Nunez & Ryvarden,5954577,EXACT,SYNONYM,7647423,"Trametes glabrorigens (Lloyd) Zmitr., Wasser & Ezhov",api,,,,,,2026-10-06T08:32:23+00:00
"somatochlora uchidai forster, 1909","Somatochlora uchidai Forster, 1909",1430019,EXACT,ACCEPTED,1430019,,self,,,,,,2026-10-06T08:32:09+00:00
carex idzuroei franch. & sav.,Carex idzuroei Franch. & Sav.,2725240,EXACT,ACCEPTED,2725240,,self,,,,,,2026-10-06T08:32:09+00:00
plagiomnium japonicum (lindb.) t.j.kop.,Plagiomnium japonicum (Lindb.) T.J.Kop.,7358163,EXACT,ACCEPTED,7358163,,self,,,,,,2026-10-06T08:32:09+00:00
hexagonia tenuis j.m. hook,Hexagonia tenuis J.M. Hook,5247411,EXACT,SYNONYM,3364917,Pseudofavolus tenuis (Fr.) G.Cunn.,api,,,,,,2026-10-06T08:32:23+00:00
"sympetrum darwinianum (selys, 1883)","Sympetrum darwinianum (Selys, 1883)",1428306,EXACT,ACCEPTED,1428306,,self,,,,,,2026-10-06T08:32:09+00:00
carex maculata boott,Carex maculata Boott,2722370,EXACT,ACCEPTED,2722370,,self,,,,,,2026-10-06T08:32:09+00:00
plagiomnium tezukae (sakurai) t.j.kop.,Plagiomnium tezukae (Sakurai) T.J.Kop.,7708590,EXACT,ACCEPTED,7708590,,self,,,,,,2026-10-06T08:32:09+00:00
lactarius subindigo verbeken & e. horak,Lactarius subindigo Verbeken & E. Horak,5463093,EXACT,ACCEPTED,5463093,,self,,,,,,2026-10-06T08:32:09+00:00
"sympetrum pedemontanum elatum (selys, 1872)","Sympetrum pedemontanum elatum (Selys, 1872)",1428280,HIGHERRANK,ACCEPTED,,,n/a,unresolved,infraspecific_collapsed,,,,2026-10-06T08:32:23+00:00
carex rugulosa kuek.,Carex rugulosa Kuek.,2724008,EXACT,ACCEPTED,2724008,,self,,,,,,2026-10-06T08:32:09+00:00
cyathophorum hookerianum (griff.) mitt.,Cyathophorum hookerianum (Griff.) Mitt.,2669869,EXACT,SYNONYM,8380922,"Hypopterygium hookerianum (Griff.) A.J.Shaw, I.H.Holz, C.J.Cox & Goffinet",api,,,,,,2026-10-06T08:32:23+00:00
lactarius hatsudake nobuj. tanaka,Lactarius hatsudake Nobuj. Tanaka,7240193,EXACT,ACCEPTED,7240193,,self,,,,,,2026-10-06T08:32:09+00:00
"mnais costalis selys, 1869","Mnais costalis Selys, 1869",9980884,EXACT,ACCEPTED,9980884,,self,,,,,,2026-10-06T08:32:09+00:00
carex vesicaria l.,Carex vesicaria L.,2722046,EXACT,ACCEPTED,2722046,,self,,,,,,2026-10-06T08:32:09+00:00
meteorium buchananii (broth.) broth. ssp. helminthocladulum (cardot) nog.,Meteorium buchananii (Broth.) Broth. ssp. helminthocladulum (Cardot) Nog.,7355512,EXACT,ACCEPTED,7355512,,self,,,,,,2026-10-06T08:32:09+00:00
geastrum morganii lloyd,Geastrum morganii Lloyd,3351746,EXACT,ACCEPTED,3351746,,self,,,,,,2026-10-06T08:32:09+00:00
"calopteryx japonica selys, 1869","Calopteryx japonica Selys, 1869",5052020,EXACT,ACCEPTED,5052020,,self,,,,,,2026-10-06T08:32:09+00:00
cyperus pilosus vahl,Cyperus pilosus Vahl,2715089,EXACT,ACCEPTED,2715089,,self,,,,,,2026-10-06T08:32:09+00:00
neodicradiella pendula (sull.) w.r.buck,Neodicradiella pendula (Sull.) W.R.Buck,2677753,FUZZY,ACCEPTED,,,n/a,unresolved,fuzzy_spelling,,,,2026-10-06T08:32:23+00:00
aseroe rubra labill.,Aseroe rubra Labill.,4911642,EXACT,ACCEPTED,4911642,,self,,,,,,2026-10-06T08:32:09+00:00
"paracercion calamorum calamorum (ris, 1916)","Paracercion calamorum calamorum (Ris, 1916)",1423563,HIGHERRANK,ACCEPTED,,,n/a,unresolved,infraspecific_collapsed,,,,2026-10-06T08:32:23+00:00
eleocharis dulcis (burm.f.) trin. ex hensch.,Eleocharis dulcis (Burm.f.) Trin. ex Hensch.,2717712,EXACT,ACCEPTED,2717712,,self,,,,,,2026-10-06T08:32:09+00:00
pseudobarbella levieri (renauld & cardot) nog.,Pseudobarbella levieri (Renauld & Cardot) Nog.,2677780,EXACT,SYNONYM,6136485,Aerobryidium levieri (Renauld & Cardot) S.H.Lin,api,,,,,,2026-10-06T08:32:23+00:00
ascoclavulina sakaii y. otani,Ascoclavulina sakaii Y. Otani,2582643,EXACT,ACCEPTED,2582643,,self,,,,,,2026-10-06T08:32:09+00:00
"boyeria maclachlani (selys, 1883)","Boyeria maclachlani (Selys, 1883)",1425144,EXACT,ACCEPTED,1425144,,self,,,,,,2026-10-06T08:32:09+00:00
eleocharis kamtschatica (c.a.mey.) kom.,Eleocharis kamtschatica (C.A.Mey.) Kom.,2717701,EXACT,ACCEPTED,2717701,,self,,,,,,2026-10-06T08:32:09+00:00
trachycladiella aurea (mitt.) m.menzel,Trachycladiella aurea (Mitt.) M.Menzel,2677772,EXACT,ACCEPTED,2677772,,self,,,,,,2026-10-06T08:32:09+00:00
cudonia japonica yasuda,Cudonia japonica Yasuda,3482110,EXACT,ACCEPTED,3482110,,self,,,,,,2026-10-06T08:32:09+00:00
"aeschnophlebia milnei milnei (selys, 1883)","Aeschnophlebia milnei milnei (Selys, 1883)",1425053,HIGHERRANK,ACCEPTED,,,n/a,unresolved,higher_rank,,,,2026-10-06T08:32:23+00:00
eleocharis nipponica makino,Eleocharis nipponica Makino,2716971,EXACT,ACCEPTED,2716971,,self,,,,,,2026-10-06T08:32:09+00:00
entodon conchophyllus cardot,Entodon conchophyllus Cardot,5283872,EXACT,ACCEPTED,5283872,,self,,,,,,2026-10-06T08:32:09+00:00
wynnea macrospora b.lium.h. liu & j.z. cao,Wynnea macrospora B.LiuM.H. Liu & J.Z. Cao,3497651,EXACT,ACCEPTED,3497651,,self,,,,,,2026-10-06T08:32:09+00:00
"asiagomphus melaenops (selys, 1854)","Asiagomphus melaenops (Selys, 1854)",5865215,EXACT,ACCEPTED,5865215,,self,,,,,,2026-10-06T08:32:09+00:00
schoenus apogon roem. & schult.,Schoenus apogon Roem. & Schult.,2709863,EXACT,ACCEPTED,2709863,,self,,,,,,2026-10-06T08:32:09+00:00
aptychella robusta (broth.) m.fleisch.,Aptychella robusta (Broth.) M.Fleisch.,6136376,EXACT,ACCEPTED,6136376,,self,,,,,,2026-10-06T08:32:09+00:00
korfiella karnika d.c. pant & v.p. tewari,Korfiella karnika D.C. Pant & V.P. Tewari,2593421,EXACT,ACCEPTED,2593421,,self,,,,,,2026-10-06T08:32:09+00:00
"macromia amphigena amphigena selys, 1871","Macromia amphigena amphigena Selys, 1871",1429847,HIGHERRANK,ACCEPTED,,,n/a,unresolved,infraspecific_collapsed,,,,2026-10-06T08:32:23+00:00
schoenoplectus nipponicus (makino) sojak,Schoenoplectus nipponicus (Makino) Sojak,2711023,EXACT,ACCEPTED,2711023,,self,,,,,,2026-10-06T08:32:09+00:00
ricciocarpos natans (l.) corda,Ricciocarpos natans (L.) Corda,2688638,EXACT,ACCEPTED,2688638,,self,,,,,,2026-10-06T08:32:09+00:00
podosordaria jugoyasan (hara) furuya & udagawa,Podosordaria jugoyasan (Hara) Furuya & Udagawa,2576505,EXACT,ACCEPTED,2576505,,self,,,,,,2026-10-06T08:32:09+00:00
"sympetrum eroticum eroticum (selys, 1883)","Sympetrum eroticum eroticum (Selys, 1883)",7215891,EXACT,ACCEPTED,7215891,,self,,,,,,2026-10-06T08:32:09+00:00
coelachne japonica hack.,Coelachne japonica Hack.,4114918,EXACT,ACCEPTED,4114918,,self,,,,,,2026-10-06T08:32:09+00:00
schiffneria hyalina steph.,Schiffneria hyalina Steph.,2689157,EXACT,ACCEPTED,2689157,,self,,,,,,2026-10-06T08:32:09+00:00
xylaria carpophila (pers.) fr.,Xylaria carpophila (Pers.) Fr.,5255129,EXACT,ACCEPTED,5255129,,self,,,,,,2026-10-06T08:32:09+00:00
"lyriothemis pachygastra (selys, 1878)","Lyriothemis pachygastra (Selys, 1878)",1428375,EXACT,ACCEPTED,1428375,,self,,,,,,2026-10-06T08:32:09+00:00
phleum paniculatum huds.,Phleum paniculatum Huds.,2706002,EXACT,ACCEPTED,2706002,,self,,,,,,2026-10-06T08:32:09+00:00
radula cavifolia hampe,Radula cavifolia Hampe,7902771,EXACT,DOUBTFUL,,,api,,,,,,2026-10-06T08:32:23+00:00
"orthetrum japonicum (uhler, 1858)","Orthetrum japonicum (Uhler, 1858)",1428604,EXACT,ACCEPTED,1428604,,self,,,,,,2026-10-06T08:32:09+00:00
thalictrum simplex l. var. brevipes h.hara,Thalictrum simplex L. var. brevipes H.Hara,8420472,EXACT,SYNONYM,3925101,Thalictrum simplex subsp. amurense (Maxim.) Hand,api,,,,,,2026-10-06T08:32:23+00:00
"campylostelium brachycarpum (nog.) z.iwats., y.tateishi & tad.suzuki","Campylostelium brachycarpum (Nog.) Z.Iwats., Y.Tateishi & Tad.Suzuki",2674165,EXACT,ACCEPTED,2674165,,self,,,,,,2026-10-06T08:32:09+00:00
ramalina siliquosa (huds.) a.l.sm.,Ramalina siliquosa (Huds.) A.L.Sm.,7247205,EXACT,ACCEPTED,7247205,,self,,,,,,2026-10-06T08:32:09+00:00
"stylurus nagoyanus (asahina, 1951)","Stylurus nagoyanus (Asahina, 1951)",5051896,EXACT,ACCEPTED,5051896,,self,,,,,,2026-10-06T08:32:09+00:00
saxifraga fortunei hook.f. var. jotanii (honda) wakab.,Saxifraga fortunei Hook.f. var. jotanii (Honda) Wakab.,3754110,EXACT,SYNONYM,6550536,Saxifraga fortunei var. alpina (Matsum. & Nakai) Nakai,api,,,,,,2026-10-06T08:32:23+00:00
pseudosymblepharis bombayensis (muell.hal.) p.sollman,Pseudosymblepharis bombayensis (Muell.Hal.) P.Sollman,2671162,EXACT,SYNONYM,8411545,Chionoloma bombayense (Müll.Hal.) P.Sollman,api,,,,,,2026-10-06T08:32:23+00:00
anaptychia isidiza kurok.,Anaptychia isidiza Kurok.,3427422,EXACT,ACCEPTED,3427422,,self,,,,,,2026-10-06T08:32:09+00:00
"aeshna crenata hagen, 1856","Aeshna crenata Hagen, 1856",1425209,EXACT,ACCEPTED,1425209,,self,,,,,,2026-10-06T08:32:09+00:00
tiarella polyphylla d.don,Tiarella polyphylla D.Don,5567780,EXACT,ACCEPTED,5567780,,self,,,,,,2026-10-06T08:32:09+00:00
climacium dendroides (hedw.) f.weber & mohr,Climacium dendroides (Hedw.) F.Weber & Mohr,2678415,EXACT,ACCEPTED,2678415,,self,,,,,,2026-10-06T08:32:09+00:00
anzia opuntiella mull. arg.,Anzia opuntiella Mull. Arg.,5473194,EXACT,ACCEPTED,5473194,,self,,,,,,2026-10-06T08:32:09+00:00
"deielia phaon (selys, 1883)","Deielia phaon (Selys, 1883)",1429229,EXACT,ACCEPTED,1429229,,self,,,,,,2026-10-06T08:32:09+00:00
orostachys malacophylla (pall.) fisch. var. iwarenge (makino) h.ohba,Orostachys malacophylla (Pall.) Fisch. var. iwarenge (Makino) H.Ohba,6063123,EXACT,ACCEPTED,6063123,,self,,,,,,2026-10-06T08:32:09+00:00
pleuroziopsis ruthenica (weinm.) kindb. ex britt.,Pleuroziopsis ruthenica (Weinm.) Kindb. ex Britt.,2673644,EXACT,ACCEPTED,2673644,,self,,,,,,2026-10-06T08:32:09+00:00
haematomma fauriei zahlbr.,Haematomma fauriei Zahlbr.,3392913,EXACT,ACCEPTED,3392913,,self,,,,,,2026-10-06T08:32:09+00:00
"scopura montana maruyama, 1987","Scopura montana Maruyama, 1987",2006204,EXACT,ACCEPTED,2006204,,self,,,,,,2026-10-06T08:32:09+00:00
phedimus aizoon (l.) ’t hart var. aizoon,Phedimus aizoon (L.) ’t Hart var. aizoon,11109042,EXACT,SYNONYM,7172831,Phedimus aizoon (L.) 't Hart,api,,,,,,2026-10-06T08:32:23+00:00
barbella flagellifera (cardot) nog.,Barbella flagellifera (Cardot) Nog.,5282782,EXACT,SYNONYM,7921585,Neodicladiella flagellifera (Cardot) Huttunen & D.Quandt,api,,,,,,2026-10-06T08:32:23+00:00
pannaria lurida subsp. lurida (mont.) nyl.,Pannaria lurida subsp. lurida (Mont.) Nyl.,2601215,HIGHERRANK,ACCEPTED,,,n/a,unresolved,infraspecific_collapsed,,,,2026-10-06T08:32:23+00:00
"oyamia seminigra (klapálek, 1907)","Oyamia seminigra (Klapálek, 1907)",2005367,EXACT,ACCEPTED,2005367,,self,,,,,,2026-10-06T08:32:09+00:00
myriophyllum ussuriense (regel) maxim.,Myriophyllum ussuriense (Regel) Maxim.,5361790,EXACT,ACCEPTED,5361790,,self,,,,,,2026-10-06T08:32:09+00:00
pilotrichopsis dentata (mitt.) besch.,Pilotrichopsis dentata (Mitt.) Besch.,2678259,EXACT,ACCEPTED,2678259,,self,,,,,,2026-10-06T08:32:09+00:00
physconia grumosa kashiw. & poelt,Physconia grumosa Kashiw. & Poelt,3427733,EXACT,ACCEPTED,3427733,,self,,,,,,2026-10-06T08:32:09+00:00
"anisolabis seirokui nishikawa, 2008","Anisolabis seirokui Nishikawa, 2008",11373632,EXACT,ACCEPTED,11373632,,self,,,,,,2026-10-06T08:32:09+00:00
myriophyllum verticillatum l.,Myriophyllum verticillatum L.,5361779,EXACT,ACCEPTED,5361779,,self,,,,,,2026-10-06T08:32:09+00:00
bissetia lingulata (mitt.) broth.,Bissetia lingulata (Mitt.) Broth.,5282908,EXACT,ACCEPTED,5282908,,self,,,,,,2026-10-06T08:32:09+00:00
uredo crepidis-integrae lindr.,Uredo crepidis-integrae Lindr.,3383138,EXACT,SYNONYM,3377938,Puccinia crepidis-integrae (Lindr.) Hirats.f.,api,,,,,,2026-10-06T08:32:23+00:00
"euborellia annulipes (lucas, 1847)","Euborellia annulipes (Lucas, 1847)",1419894,EXACT,ACCEPTED,1419894,,self,,,,,,2026-10-06T08:32:09+00:00
tribulus terrestris l.,Tribulus terrestris L.,5421116,EXACT,ACCEPTED,5421116,,self,,,,,,2026-10-06T08:32:09+00:00
neckera flexiramea cardot,Neckera flexiramea Cardot,2678544,EXACT,SYNONYM,12212169,Forsstroemia flexiramea (Cardot) Enroth,api,,,,,,2026-10-06T08:32:23+00:00
blastospora betulae s.kaneko & hirats.f.,Blastospora betulae S.Kaneko & Hirats.f.,3374321,EXACT,ACCEPTED,3374321,,self,,,,,,2026-10-06T08:32:09+00:00
"phraortes elongatus (thunberg, 1815)","Phraortes elongatus (Thunberg, 1815)",6723891,EXACT,ACCEPTED,6723891,,self,,,,,,2026-10-06T08:32:09+00:00
ohwia caudate (thumb.) h.ohashi,Ohwia caudate (Thumb.) H.Ohashi,2942986,FUZZY,ACCEPTED,,,n/a,unresolved,fuzzy_spelling,,,,2026-10-06T08:32:23+00:00
pallavicinia ambigua (mitt.) steph.,Pallavicinia ambigua (Mitt.) Steph.,7938201,EXACT,ACCEPTED,7938201,,self,,,,,,2026-10-06T08:32:09+00:00
melanopsichium onumae (shirai) kakish.,Melanopsichium onumae (Shirai) Kakish.,3369439,EXACT,SYNONYM,10735314,"Clinoconidium onumae (Shirai ex S.Ito) Kakish., Nagao & Denchev",api,,,,,,2026-10-06T08:32:23+00:00
"micadina yasumatsui shiraki, 1935","Micadina yasumatsui Shiraki, 1935",1409741,EXACT,ACCEPTED,1409741,,self,,,,,,2026-10-06T08:32:09+00:00
lespedeza hisauchii t.nemoto & h.ohashi,Lespedeza hisauchii T.Nemoto & H.Ohashi,3979009,EXACT,ACCEPTED,3979009,,self,,,,,,2026-10-06T08:32:09+00:00
plicanthus birmensis (steph.) r.m.schust.,Plicanthus birmensis (Steph.) R.M.Schust.,2689410,EXACT,ACCEPTED,2689410,,self,,,,,,2026-10-06T08:32:09+00:00
fistulina hepatica (schaeff.) with.,Fistulina hepatica (Schaeff.) With.,2531012,EXACT,ACCEPTED,2531012,,self,,,,,,2026-10-06T08:32:09+00:00
"acromantis japonica westwood, 1889","Acromantis japonica Westwood, 1889",1406621,EXACT,ACCEPTED,1406621,,self,,,,,,2026-10-06T08:32:09+00:00
berchemia pauciflora maxim.,Berchemia pauciflora Maxim.,3876175,EXACT,ACCEPTED,3876175,,self,,,,,,2026-10-06T08:32:09+00:00
plicanthus hirtellus (f.weber) r.m.schust.,Plicanthus hirtellus (F.Weber) R.M.Schust.,2689411,EXACT,ACCEPTED,2689411,,self,,,,,,2026-10-06T08:32:09+00:00
clitopilus vernalis har. takah. & degawa,Clitopilus vernalis Har. Takah. & Degawa,8365157,EXACT,SYNONYM,7654757,Entoloma vernalis (Har.Takah. & Degawa) V.Papp & Dima,api,,,,,,2026-10-06T08:32:23+00:00
"tenodera angustipennis saussure, 1869","Tenodera angustipennis Saussure, 1869",4293587,EXACT,ACCEPTED,4293587,,self,,,,,,2026-10-06T08:32:09+00:00
pilea petiolaris (siebold & zucc.) blume,Pilea petiolaris (Siebold & Zucc.) Blume,8268464,EXACT,SYNONYM,5669889,Pilea angulata subsp. petiolaris (Siebold & Zucc.) C.J.Chen,api,,,,,,2026-10-06T08:32:23+00:00
tritomaria exsecta (schmid.) schiffn.,Tritomaria exsecta (Schmid.) Schiffn.,2689225,EXACT,ACCEPTED,2689225,,self,,,,,,2026-10-06T08:32:09+00:00
marasmius brunneospermus har. takah.,Marasmius brunneospermus Har. Takah.,3322243,EXACT,ACCEPTED,3322243,,self,,,,,,2026-10-06T08:32:09+00:00
"margattea nimbata nimbata (shclford, 1907)","Margattea nimbata nimbata (Shclford, 1907)",6543354,EXACT,ACCEPTED,6543354,,self,,,,,,2026-10-06T08:32:09+00:00
urtica angustifolia fisch. ex hornem.,Urtica angustifolia Fisch. ex Hornem.,7403231,EXACT,SYNONYM,8287147,Urtica dioica var. holosericea Fr.,api,,,,,,2026-10-06T08:32:23+00:00
schistochilopsis cornuta (steph.) konstant,Schistochilopsis cornuta (Steph.) Konstant,2689183,EXACT,ACCEPTED,2689183,,self,,,,,,2026-10-06T08:32:09+00:00
mycena cf. luteopallens peck,Mycena cf. luteopallens Peck,5240466,EXACT,ACCEPTED,5240466,,self,,,,,,2026-10-06T08:32:09+00:00
"epacromius japonicus (shiraki, 1910)","Epacromius japonicus (Shiraki, 1910)",1699436,EXACT,ACCEPTED,1699436,,self,,,,,,2026-10-06T08:32:09+00:00
alnus matsumurae callier,Alnus matsumurae Callier,2876592,EXACT,ACCEPTED,2876592,,self,,,,,,2026-10-06T08:32:09+00:00
hygrobiella laxifolia (hook.) spruce,Hygrobiella laxifolia (Hook.) Spruce,2689168,EXACT,ACCEPTED,2689168,,self,,,,,,2026-10-06T08:32:09+00:00
mycena spinosissima (singer) desjardin,Mycena spinosissima (Singer) Desjardin,5241896,EXACT,ACCEPTED,5241896,,self,,,,,,2026-10-06T08:32:09+00:00
"chorthippus intermedius (bey-bienko, 1926)","Chorthippus intermedius (Bey-Bienko, 1926)",1708216,EXACT,ACCEPTED,1708216,,self,,,,,,2026-10-06T08:32:09+00:00
hypericum oliganthum franch. & sav.,Hypericum oliganthum Franch. & Sav.,3713783,EXACT,ACCEPTED,3713783,,self,,,,,,2026-10-06T08:32:09+00:00
bazzania japonica (sande lac.) lindb.,Bazzania japonica (Sande Lac.) Lindb.,6136274,EXACT,ACCEPTED,6136274,,self,,,,,,2026-10-06T08:32:09+00:00
calvatia cf. fraqilis (vittad.) morgan,Calvatia cf. fraqilis (Vittad.) Morgan,2536057,FUZZY,SYNONYM,,,n/a,unresolved,genus_or_higher,,,,2026-10-06T08:32:23+00:00
"loxoblemmus magnatus matsuura, 1986","Loxoblemmus magnatus Matsuura, 1986",1721382,EXACT,ACCEPTED,1721382,,self,,,,,,2026-10-06T08:32:09+00:00
euphorbia adenochlora c.morren & decne.,Euphorbia adenochlora C.Morren & Decne.,3068668,EXACT,ACCEPTED,3068668,,self,,,,,,2026-10-06T08:32:09+00:00
archilejeunea planifolia (horik.) mizut.,Archilejeunea planifolia (Horik.) Mizut.,7827740,EXACT,SYNONYM,9452169,"Spruceanthus planifolius (Horik.) X.Q.Shi, R.L.Zhu & Gradst.",api,,,,,,2026-10-06T08:32:23+00:00
"amanita griseoturcosa t. oda, c. tanaka & tsuda","Amanita griseoturcosa T. Oda, C. Tanaka & Tsuda",5452700,EXACT,ACCEPTED,5452700,,self,,,,,,2026-10-06T08:32:09+00:00
"teleogryllus yezoemma (ohmachi & matsuura, 1951)","Teleogryllus yezoemma (Ohmachi & Matsuura, 1951)",10933148,EXACT,SYNONYM,1723434,"Teleogryllus infernalis (Saussure, 1877)",api,,,,,,2026-10-06T08:32:23+00:00
linum stelleroides planch.,Linum stelleroides Planch.,4048755,EXACT,ACCEPTED,4048755,,self,,,,,,2026-10-06T08:32:09+00:00
cololejeunea denticulata (horik.) s.hatt.,Cololejeunea denticulata (Horik.) S.Hatt.,7463442,EXACT,ACCEPTED,7463442,,self,,,,,,2026-10-06T08:32:09+00:00
alnicola spp.,Alnicola spp.,7501242,HIGHERRANK,ACCEPTED,,,n/a,unresolved,genus_or_higher,,,,2026-10-06T08:32:23+00:00
"ectatoderus tamna kim, 2011","Ectatoderus tamna Kim, 2011",6543767,EXACT,ACCEPTED,6543767,,self,,,,,,2026-10-06T08:32:09+00:00
rotala rosea (poir.) c.d.k.cook ex h.hara,Rotala rosea (Poir.) C.D.K.Cook ex H.Hara,7482453,EXACT,ACCEPTED,7482453,,self,,,,,,2026-10-06T08:32:09+00:00
cololejeunea magnipapillosa (kamim.) p.c.chen & p.c.wu,Cololejeunea magnipapillosa (Kamim.) P.C.Chen & P.C.Wu,7369201,EXACT,SYNONYM,8000319,Cololejeunea peraffinis (Schiffn.) Schiffn.,api,,,,,,2026-10-06T08:32:23+00:00
baeospora myriadophylla (peck) singer,Baeospora myriadophylla (Peck) Singer,2537965,EXACT,ACCEPTED,2537965,,self,,,,,,2026-10-06T08:32:09+00:00
"pseudorhynchus japonicus shiraki, 1930","Pseudorhynchus japonicus Shiraki, 1930",5096778,EXACT,SYNONYM,12209050,"Parvarhynchus japonicus (Shiraki, 1930)",api,,,,,,2026-10-06T08:32:23+00:00
arabidopsis halleri (l.) o’kane & al-shehbaz subsp. gemmifera (matsum.) o’kane & al-shehbaz,Arabidopsis halleri (L.) O’Kane & Al-Shehbaz subsp. gemmifera (Matsum.) O’Kane & Al-Shehbaz,3052459,EXACT,ACCEPTED,3052459,,self,,,,,,2026-10-06T08:32:09+00:00
cololejeunea nakajimae s.hatt.,Cololejeunea nakajimae S.Hatt.,8403385,EXACT,ACCEPTED,8403385,,self,,,,,,2026-10-06T08:32:09+00:00
boletellus elatus nagas.,Boletellus elatus Nagas.,3354116,EXACT,ACCEPTED,3354116,,self,,,,,,2026-10-06T08:32:09+00:00
"ognevia longipennis (shiraki, 1910)","Ognevia longipennis (Shiraki, 1910)",5098977,EXACT,SYNONYM,4403858,"Confusacris longipennis Zheng & Shi, 2010",api,,,,,,2026-10-06T08:32:23+00:00
arabis serrata franch. & sav. var. serrata,Arabis serrata Franch. & Sav. var. serrata,5374875,HIGHERRANK,ACCEPTED,,,n/a,unresolved,infraspecific_collapsed,,,,2026-10-06T08:32:23+00:00
drepanolejeunea ternatensis (gottsche) schiffn.,Drepanolejeunea ternatensis (Gottsche) Schiffn.,7728328,EXACT,ACCEPTED,7728328,,self,,,,,,2026-10-06T08:32:09+00:00
tylopilus fuligineoviolaceus har. takah.,Tylopilus fuligineoviolaceus Har. Takah.,3354650,EXACT,ACCEPTED,3354650,,self,,,,,,2026-10-06T08:32:09+00:00
"parapodisma takeii takei, 1914","Parapodisma takeii Takei, 1914",8848214,EXACT,ACCEPTED,8848214,,self,,,,,,2026-10-06T08:32:09+00:00
arabis stelleri dc. var. japonica (a.gray) f.schmidt,Arabis stelleri DC. var. japonica (A.Gray) F.Schmidt,5374957,EXACT,SYNONYM,5374951,Arabis stelleri DC.,api,,,,,,2026-10-06T08:32:23+00:00
drepanolejeunea vesiculosa (mitt.) steph.,Drepanolejeunea vesiculosa (Mitt.) Steph.,8268755,EXACT,ACCEPTED,8268755,,self,,,,,,2026-10-06T08:32:09+00:00
echinochaete russiceps (berk. & broome) d.a. reid,Echinochaete russiceps (Berk. & Broome) D.A. Reid,2547670,EXACT,ACCEPTED,2547670,,self,,,,,,2026-10-06T08:32:09+00:00
"shirakiacris shirakii (bolivar, 1914)","Shirakiacris shirakii (Bolivar, 1914)",1700379,EXACT,ACCEPTED,1700379,,self,,,,,,2026-10-06T08:32:09+00:00
dontostemon dentatus (bunge) ledeb.,Dontostemon dentatus (Bunge) Ledeb.,3052569,EXACT,ACCEPTED,3052569,,self,,,,,,2026-10-06T08:32:09+00:00
diphyscium satoi tuzibe,Diphyscium satoi Tuzibe,2682862,EXACT,ACCEPTED,2682862,,self,,,,,,2026-10-06T08:32:09+00:00
ganoderma tsunodae yasuda,Ganoderma tsunodae Yasuda,3363044,EXACT,ACCEPTED,3363044,,self,,,,,,2026-10-06T08:32:09+00:00
"eusphingonotus japonicus (saussure, 1888)","Eusphingonotus japonicus (Saussure, 1888)",1712704,EXACT,ACCEPTED,1712704,,self,,,,,,2026-10-06T08:32:09+00:00
bistorta suffulta (maxim.) h.gross,Bistorta suffulta (Maxim.) H.Gross,7291117,EXACT,ACCEPTED,7291117,,self,,,,,,2026-10-06T08:32:09+00:00
campylostelium saxicola (f.weber & mohr) bruch & schimp.,Campylostelium saxicola (F.Weber & Mohr) Bruch & Schimp.,2674166,EXACT,ACCEPTED,2674166,,self,,,,,,2026-10-06T08:32:09+00:00
pseudofavolus cucullatus (mont.) pat.,Pseudofavolus cucullatus (Mont.) Pat.,2546371,EXACT,SYNONYM,5464904,Hexagonia cucullata (Mont.) Murrill,api,,,,,,2026-10-06T08:32:23+00:00
"marinemobius niisatoi (ishikawa, 2017)","Marinemobius niisatoi (Ishikawa, 2017)",1718280,HIGHERRANK,ACCEPTED,,,n/a,unresolved,higher_rank,,,,2026-10-06T08:32:23+00:00
persicaria foliosa (h.lindb.) kitag. var. paludicola (makino) h.hara,Persicaria foliosa (H.Lindb.) Kitag. var. paludicola (Makino) H.Hara,7587116,EXACT,ACCEPTED,7587116,,self,,,,,,2026-10-06T08:32:09+00:00
holomitrium densifolium (wilson) wijk & margad.,Holomitrium densifolium (Wilson) Wijk & Margad.,2674660,EXACT,ACCEPTED,2674660,,self,,,,,,2026-10-06T08:32:09+00:00
elmerina holophaea (pat.) parmasto,Elmerina holophaea (Pat.) Parmasto,2553735,EXACT,ACCEPTED,2553735,,self,,,,,,2026-10-06T08:32:09+00:00
"marinemobius sazanami (furukawa, 1970)","Marinemobius sazanami (Furukawa, 1970)",1718280,HIGHERRANK,ACCEPTED,,,n/a,unresolved,higher_rank,,,,2026-10-06T08:32:23+00:00
persicaria praetermissa (hook.f.) h.hara,Persicaria praetermissa (Hook.f.) H.Hara,4033482,EXACT,ACCEPTED,4033482,,self,,,,,,2026-10-06T08:32:09+00:00
bryoerythrophyllum gymnostomum (broth.) p.c.chen,Bryoerythrophyllum gymnostomum (Broth.) P.C.Chen,2670508,EXACT,ACCEPTED,2670508,,self,,,,,,2026-10-06T08:32:09+00:00
trichocoma paradoxa jungh.,Trichocoma paradoxa Jungh.,5259774,EXACT,ACCEPTED,5259774,,self,,,,,,2026-10-06T08:32:09+00:00
"pteronemobius nigrescens (shiraki, 1913)","Pteronemobius nigrescens (Shiraki, 1913)",1717872,FUZZY,ACCEPTED,,,n/a,unresolved,fuzzy_spelling,,,,2026-10-06T08:32:23+00:00
persicaria hastatosagittata (makino) nakai,Persicaria hastatosagittata (Makino) Nakai,4035544,EXACT,SYNONYM,8339396,Persicaria hastatosagittata (Makino) Nakai ex Mori,api,,,,,,2026-10-06T08:32:23+00:00
weissia newcomeri (bartr.) k.saito,Weissia newcomeri (Bartr.) K.Saito,5280893,EXACT,ACCEPTED,5280893,,self,,,,,,2026-10-06T08:32:09+00:00
lanzia echinophila (bull.) korf,Lanzia echinophila (Bull.) Korf,9007128,EXACT,ACCEPTED,9007128,,self,,,,,,2026-10-06T08:32:09+00:00
"hexacentrus japonicus karny, 1907","Hexacentrus japonicus Karny, 1907",1688451,EXACT,ACCEPTED,1688451,,self,,,,,,2026-10-06T08:32:09+00:00
persicaria maackiana (regel) nakai,Persicaria maackiana (Regel) Nakai,7291459,EXACT,ACCEPTED,7291459,,self,,,,,,2026-10-06T08:32:09+00:00
anomobryum yasudae broth.,Anomobryum yasudae Broth.,2677175,EXACT,ACCEPTED,2677175,,self,,,,,,2026-10-06T08:32:09+00:00
hydnocystis japonica (kobayasi) trappe,Hydnocystis japonica (Kobayasi) Trappe,3496082,EXACT,ACCEPTED,3496082,,self,,,,,,2026-10-06T08:32:09+00:00
"stethophyma magister (rehn, 1902)","Stethophyma magister (Rehn, 1902)",1711103,EXACT,ACCEPTED,1711103,,self,,,,,,2026-10-06T08:32:09+00:00
persicaria mikawana hanai & seriz.,Persicaria mikawana Hanai & Seriz.,12176820,EXACT,ACCEPTED,12176820,,self,,,,,,2026-10-06T08:32:09+00:00
bryochenea vestitissima (besch.) touw,Bryochenea vestitissima (Besch.) Touw,2679490,EXACT,ACCEPTED,2679490,,self,,,,,,2026-10-06T08:32:09+00:00
ophiocordyceps sp.,Ophiocordyceps sp.,2560546,HIGHERRANK,ACCEPTED,,,n/a,unresolved,genus_or_higher,,,,2026-10-06T08:32:23+00:00
"euscyrtus japonicus shiraki, 1930","Euscyrtus japonicus Shiraki, 1930",1720528,EXACT,ACCEPTED,1720528,,self,,,,,,2026-10-06T08:32:09+00:00
persicaria taquetii (h.lev.) koidz.,Persicaria taquetii (H.Lev.) Koidz.,4032589,EXACT,ACCEPTED,4032589,,self,,,,,,2026-10-06T08:32:09+00:00
ectropothecium zollingeri (muell.hal.) a.jaeger,Ectropothecium zollingeri (Muell.Hal.) A.Jaeger,2682280,EXACT,ACCEPTED,2682280,,self,,,,,,2026-10-06T08:32:09+00:00
microsphaera menispermi howe var. dahurica u.braun & y.nomura,Microsphaera menispermi Howe var. dahurica U.Braun & Y.Nomura,6336887,EXACT,SYNONYM,7246323,Erysiphe menispermi (Howe) U.Braun & S.Takam.,api,,,,,,2026-10-06T08:32:23+00:00
persicaria trigonocarpa (makino) nakai,Persicaria trigonocarpa (Makino) Nakai,7291128,EXACT,ACCEPTED,7291128,,self,,,,,,2026-10-06T08:32:09+00:00
homaliadelphus targionianus (mitt.) dixon & p.vard.,Homaliadelphus targionianus (Mitt.) Dixon & P.Vard.,2678622,EXACT,ACCEPTED,2678622,,self,,,,,,2026-10-06T08:32:09+00:00
leptogium saturninum (dicks.) nyl.,Leptogium saturninum (Dicks.) Nyl.,2600939,EXACT,ACCEPTED,2600939,,self,,,,,,2026-10-06T08:32:09+00:00
"phonarellus ritsemae (saussure, 1877)","Phonarellus ritsemae (Saussure, 1877)",1719791,EXACT,ACCEPTED,1719791,,self,,,,,,2026-10-06T08:32:09+00:00
drosera peltata thunb. var. nipponica (masam.) ohwi,Drosera peltata Thunb. var. nipponica (Masam.) Ohwi,3190861,EXACT,SYNONYM,3190855,Drosera peltata Thunb.,api,,,,,,2026-10-06T08:32:23+00:00
palisadula chrysophylla (cardot) toyama,Palisadula chrysophylla (Cardot) Toyama,2681035,EXACT,ACCEPTED,2681035,,self,,,,,,2026-10-06T08:32:09+00:00
ramalina litoralis asah.,Ramalina litoralis Asah.,3395118,EXACT,ACCEPTED,3395118,,self,,,,,,2026-10-06T08:32:09+00:00
"ornebius bimaculatus (shiraki, 1930)","Ornebius bimaculatus (Shiraki, 1930)",1724415,EXACT,ACCEPTED,1724415,,self,,,,,,2026-10-06T08:32:09+00:00
atriplex subcordata kitag.,Atriplex subcordata Kitag.,3759509,EXACT,ACCEPTED,3759509,,self,,,,,,2026-10-06T08:32:09+00:00
folioceros fuciformis (mont.) d.c.bharadwaj,Folioceros fuciformis (Mont.) D.C.Bharadwaj,2689584,EXACT,ACCEPTED,2689584,,self,,,,,,2026-10-06T08:32:09+00:00
sclerocystis coremioides berk.,Sclerocystis coremioides Berk.,2560331,EXACT,SYNONYM,5251060,Glomus coremioides (Berk. & Broome) D.Redecker & J.B.Morton,api,,,,,,2026-10-06T08:32:23+00:00
"hexacentrus hareyamai furukawa, 1941","Hexacentrus hareyamai Furukawa, 1941",11233399,EXACT,ACCEPTED,11233399,,self,,,,,,2026-10-06T08:32:09+00:00
myrsine seguinii h.lev.,Myrsine seguinii H.Lev.,3719723,EXACT,ACCEPTED,3719723,,self,,,,,,2026-10-06T08:32:09+00:00
sporodiniella umbellata boedijn ex h.c. evans & samson,Sporodiniella umbellata Boedijn ex H.C. Evans & Samson,2558468,EXACT,ACCEPTED,2558468,,self,,,,,,2026-10-06T08:32:09+00:00
"mecopoda niponensis (de haan, 1843)","Mecopoda niponensis (de Haan, 1843)",1689526,EXACT,ACCEPTED,1689526,,self,,,,,,2026-10-06T08:32:09+00:00
primula sieboldii e.morren,Primula sieboldii E.Morren,7290475,EXACT,ACCEPTED,7290475,,self,,,,,,2026-10-06T08:32:09+00:00
rhopalomyces strangulatus thaxt.,Rhopalomyces strangulatus Thaxt.,5469315,EXACT,ACCEPTED,5469315,,self,,,,,,2026-10-06T08:32:09+00:00
"mecostethus parapleurus (hagenbach, 1822)","Mecostethus parapleurus (Hagenbach, 1822)",1710561,EXACT,ACCEPTED,1710561,,self,,,,,,2026-10-06T08:32:09+00:00
rhododendron molle (blume) g.don subsp. japonicum (a.gray) k.kron,Rhododendron molle (Blume) G.Don subsp. japonicum (A.Gray) K.Kron,4170003,EXACT,SYNONYM,2883092,Rhododendron japonicum (A.Gray) Suringar,api,,,,,,2026-10-06T08:32:23+00:00
diderma subdictyospermum (rostaf.) g.lister,Diderma subdictyospermum (Rostaf.) G.Lister,3214138,EXACT,SYNONYM,7391846,"Diderma subdictyospermum (Rostaf.) E.Sheld., 1895",api,,,,,,2026-10-06T08:32:23+00:00
"gastrimargus marmoratus (thunberg, 1815)","Gastrimargus marmoratus (Thunberg, 1815)",5099571,EXACT,ACCEPTED,5099571,,self,,,,,,2026-10-06T08:32:09+00:00
rhododendron transiens nakai,Rhododendron transiens Nakai,4175272,EXACT,ACCEPTED,4175272,,self,,,,,,2026-10-06T08:32:09+00:00
physarina alboscabra nann.-bremek. & y.yamam.,Physarina alboscabra Nann.-Bremek. & Y.Yamam.,3213945,EXACT,ACCEPTED,3213945,,self,,,,,,2026-10-06T08:32:09+00:00
"mongolotettix japonicus (bolivar, 1898)","Mongolotettix japonicus (Bolivar, 1898)",1703381,EXACT,ACCEPTED,1703381,,self,,,,,,2026-10-06T08:32:09+00:00
vaccinium hirtum thunb.,Vaccinium hirtum Thunb.,7328585,EXACT,ACCEPTED,7328585,,self,,,,,,2026-10-06T08:32:09+00:00
colloderma oculatum (c.lippert) g.lister,Colloderma oculatum (C.Lippert) G.Lister,3212934,EXACT,ACCEPTED,3212934,,self,,,,,,2026-10-06T08:32:09+00:00
"velarifictorus ornatus (shiraki, 1913)","Velarifictorus ornatus (Shiraki, 1913)",1722215,EXACT,ACCEPTED,1722215,,self,,,,,,2026-10-06T08:32:09+00:00
galium kamtschaticum steller ex roem. & schult. var. acutifolium h.hara,Galium kamtschaticum Steller ex Roem. & Schult. var. acutifolium H.Hara,9289842,EXACT,SYNONYM,7221519,Galium kamtschaticum var. kamtschaticum,api,,,,,,2026-10-06T08:32:23+00:00
mycena chrysanthemiformis har. takah.,Mycena chrysanthemiformis Har. Takah.,5447990,EXACT,ACCEPTED,5447990,,self,,,,,,2026-10-06T08:32:09+00:00
"kuzicus suzukii (matsumura & shiraki, 1908)","Kuzicus suzukii (Matsumura & Shiraki, 1908)",1692746,EXACT,ACCEPTED,1692746,,self,,,,,,2026-10-06T08:32:09+00:00
galium tokyoense makino,Galium tokyoense Makino,2913230,EXACT,ACCEPTED,2913230,,self,,,,,,2026-10-06T08:32:09+00:00
mycena fonticola har. takah.,Mycena fonticola Har. Takah.,5448791,EXACT,ACCEPTED,5448791,,self,,,,,,2026-10-06T08:32:09+00:00
"ergatettix dorsifer (walker, 1871)","Ergatettix dorsifer (Walker, 1871)",11372089,EXACT,ACCEPTED,11372089,,self,,,,,,2026-10-06T08:32:09+00:00
mitrasacme indica wight,Mitrasacme indica Wight,7289395,EXACT,SYNONYM,7995136,Mitrasacme prolifera R.Br.,api,,,,,,2026-10-06T08:32:23+00:00
tricholoma matsutake (s. ito ＆ s. imai) singer,Tricholoma matsutake (S. Ito ＆ S. Imai) Singer,5241820,EXACT,ACCEPTED,5241820,,self,,,,,,2026-10-06T08:32:09+00:00
"formosatettix tokaiensis uchida, 2001","Formosatettix tokaiensis Uchida, 2001",1682146,EXACT,ACCEPTED,1682146,,self,,,,,,2026-10-06T08:32:09+00:00
amsonia elliptica (thunb.) roem. & schult.,Amsonia elliptica (Thunb.) Roem. & Schult.,3619167,EXACT,ACCEPTED,3619167,,self,,,,,,2026-10-06T08:32:09+00:00
pluteus phaeocephalus har. takah.,Pluteus phaeocephalus Har. Takah.,2526826,HIGHERRANK,ACCEPTED,,,n/a,unresolved,higher_rank,,,,2026-10-06T08:32:23+00:00
"xenogryllus marmoratus (de haan, 1844)","Xenogryllus marmoratus (de Haan, 1844)",1720903,EXACT,ACCEPTED,1720903,,self,,,,,,2026-10-06T08:32:09+00:00
cuscuta australis r.br.,Cuscuta australis R.Br.,7154776,EXACT,ACCEPTED,7154776,,self,,,,,,2026-10-06T08:32:09+00:00
cytidia salicina (fr.) burt,Cytidia salicina (Fr.) Burt,2555844,EXACT,ACCEPTED,2555844,,self,,,,,,2026-10-06T08:32:09+00:00
"meloimorpha japonica (de haan, 1844)","Meloimorpha japonica (de Haan, 1844)",1719343,EXACT,ACCEPTED,1719343,,self,,,,,,2026-10-06T08:32:09+00:00
utricularia bifida l.,Utricularia bifida L.,3172406,EXACT,ACCEPTED,3172406,,self,,,,,,2026-10-06T08:32:09+00:00
cerinomyces cf. pallidus g.w.martin,Cerinomyces cf. pallidus G.W.Martin,2512845,EXACT,ACCEPTED,2512845,,self,,,,,,2026-10-06T08:32:09+00:00
"gryllotalpa orientalis burmeister, 1839","Gryllotalpa orientalis Burmeister, 1839",1716183,EXACT,ACCEPTED,1716183,,self,,,,,,2026-10-06T08:32:09+00:00
utricularia caerulea l.,Utricularia caerulea L.,3172441,EXACT,ACCEPTED,3172441,,self,,,,,,2026-10-06T08:32:09+00:00
cordyceps ootakiensis kobayasi & shimizu,Cordyceps ootakiensis Kobayasi & Shimizu,3451536,EXACT,ACCEPTED,3451536,,self,,,,,,2026-10-06T08:32:09+00:00
"gampsocleis mikado burr, 1899","Gampsocleis mikado Burr, 1899",1694541,EXACT,SYNONYM,1694540,"Gampsocleis buergeri (Haan, 1843)",api,,,,,,2026-10-06T08:32:23+00:00
ajuga ciliata bunge var. villosior a.gray ex nakai,Ajuga ciliata Bunge var. villosior A.Gray ex Nakai,7399177,EXACT,ACCEPTED,7399177,,self,,,,,,2026-10-06T08:32:09+00:00
"ophiocordyceps coccidiicola (kobayasi) g.h. sung, j.m. sung, hywel-jones & spatafora","Ophiocordyceps coccidiicola (Kobayasi) G.H. Sung, J.M. Sung, Hywel-Jones & Spatafora",3450989,EXACT,ACCEPTED,3450989,,self,,,,,,2026-10-06T08:32:09+00:00
"conocephalus exemptus (walker, 1869)","Conocephalus exemptus (Walker, 1869)",5095870,EXACT,ACCEPTED,5095870,,self,,,,,,2026-10-06T08:32:09+00:00
ajuga incisa maxim.,Ajuga incisa Maxim.,3887333,EXACT,ACCEPTED,3887333,,self,,,,,,2026-10-06T08:32:09+00:00
ophionectria hidakaeana i. hino & katum.,Ophionectria hidakaeana I. Hino & Katum.,3454706,EXACT,ACCEPTED,3454706,,self,,,,,,2026-10-06T08:32:09+00:00
"kirkaldyia deyrolli (vuillefroy, 1864)","Kirkaldyia deyrolli (Vuillefroy, 1864)",9490978,FUZZY,ACCEPTED,,,n/a,unresolved,fuzzy_spelling,,,,2026-10-06T08:32:23+00:00
chelonopsis yagiharana hisauti & matsuno,Chelonopsis yagiharana Hisauti & Matsuno,5607785,EXACT,ACCEPTED,5607785,,self,,,,,,2026-10-06T08:32:09+00:00
capnophialophora cf. pinophila (nees) borowska,Capnophialophora cf. pinophila (Nees) Borowska,2620078,EXACT,ACCEPTED,2620078,,self,,,,,,2026-10-06T08:32:09+00:00
"hesperocorixa distanti hokkensis (matsumura, 1905)","Hesperocorixa distanti hokkensis (Matsumura, 1905)",10405371,HIGHERRANK,ACCEPTED,,,n/a,unresolved,infraspecific_collapsed,,,,2026-10-06T08:32:23+00:00
lycopus lucidus turcz. ex benth.,Lycopus lucidus Turcz. ex Benth.,5341460,EXACT,ACCEPTED,5341460,,self,,,,,,2026-10-06T08:32:09+00:00
hidakaea tumidula i. hino & katum.,Hidakaea tumidula I. Hino & Katum.,2613253,EXACT,ACCEPTED,2613253,,self,,,,,,2026-10-06T08:32:09+00:00
"xenocorixa vittipennis (horváth, 1879)","Xenocorixa vittipennis (Horváth, 1879)",6130125,EXACT,ACCEPTED,6130125,,self,,,,,,2026-10-06T08:32:09+00:00
mentha japonica (miq.) makino,Mentha japonica (Miq.) Makino,3899697,EXACT,ACCEPTED,3899697,,self,,,,,,2026-10-06T08:32:09+00:00
psiloglonium sasicola (n. amano) e.w.a. boehm & c.l. schoch ≡ glonium sasicola n. amano,Psiloglonium sasicola (N. Amano) E.W.A. Boehm & C.L. Schoch ≡ Glonium sasicola N. Amano,5953696,HIGHERRANK,ACCEPTED,,,n/a,unresolved,annotated_name,,,,2026-10-06T08:32:23+00:00
"halobates japonicus esaki, 1924","Halobates japonicus Esaki, 1924",6453983,EXACT,ACCEPTED,6453983,,self,,,,,,2026-10-06T08:32:09+00:00
centranthera cochinchinensis (lour.) merr. subsp. lutea (h.hara) t.yamaz.,Centranthera cochinchinensis (Lour.) Merr. subsp. lutea (H.Hara) T.Yamaz.,7773523,EXACT,ACCEPTED,7773523,,self,,,,,,2026-10-06T08:32:09+00:00
hydraeomyces halipli (thaxt.) thaxt.,Hydraeomyces halipli (Thaxt.) Thaxt.,2610620,EXACT,ACCEPTED,2610620,,self,,,,,,2026-10-06T08:32:09+00:00
"yezoterpnosia vacua (olivier, 1790)","Yezoterpnosia vacua (Olivier, 1790)",7511047,EXACT,ACCEPTED,7511047,,self,,,,,,2026-10-06T08:32:09+00:00
melampyrum roseum maxim.,Melampyrum roseum Maxim.,7331647,EXACT,ACCEPTED,7331647,,self,,,,,,2026-10-06T08:32:09+00:00
laboulbenia borealis speg.,Laboulbenia borealis Speg.,5480144,EXACT,ACCEPTED,5480144,,self,,,,,,2026-10-06T08:32:09+00:00
"ranatra chinensis mayr, 1865","Ranatra chinensis Mayr, 1865",5866448,EXACT,ACCEPTED,5866448,,self,,,,,,2026-10-06T08:32:09+00:00
orobanche coerulescens stephan ex willd.,Orobanche coerulescens Stephan ex Willd.,8365283,EXACT,DOUBTFUL,,,api,,,,,,2026-10-06T08:32:23+00:00
laboulbenia brachionychi thaxt.,Laboulbenia brachionychi Thaxt.,5480260,FUZZY,ACCEPTED,,,n/a,unresolved,fuzzy_spelling,,,,2026-10-06T08:32:23+00:00
"laccotrephes japonensis scott, 1874","Laccotrephes japonensis	Scott, 1874",5866443,EXACT,ACCEPTED,5866443,,self,,,,,,2026-10-06T08:32:09+00:00
asyneuma japonicum (miq.) briq.,Asyneuma japonicum (Miq.) Briq.,3168279,EXACT,ACCEPTED,3168279,,self,,,,,,2026-10-06T08:32:09+00:00
rickia tessellata thaxt.,Rickia tessellata Thaxt.,3440941,EXACT,ACCEPTED,3440941,,self,,,,,,2026-10-06T08:32:09+00:00
"cymatia apparens (distant, 1911)","Cymatia apparens (Distant, 1911)",8885275,EXACT,ACCEPTED,8885275,,self,,,,,,2026-10-06T08:32:09+00:00
menyanthes trifoliata l.,Menyanthes trifoliata L.,5341511,EXACT,ACCEPTED,5341511,,self,,,,,,2026-10-06T08:32:09+00:00
hypotrachyna exsecta (taylor) hale,Hypotrachyna exsecta (Taylor) Hale,2605533,EXACT,ACCEPTED,2605533,,self,,,,,,2026-10-06T08:32:09+00:00
"paraplea indistiguenda (matsumura, 1905)","Paraplea indistiguenda (Matsumura, 1905)",6129962,FUZZY,ACCEPTED,,,n/a,unresolved,fuzzy_spelling,,,,2026-10-06T08:32:23+00:00
nymphoides indica (l.) kuntze,Nymphoides indica (L.) Kuntze,5341503,EXACT,ACCEPTED,5341503,,self,,,,,,2026-10-06T08:32:09+00:00
zygorhynchus japonicus komin.,Zygorhynchus japonicus Komin.,5250706,EXACT,SYNONYM,8033220,Mucor japonicus (Komin.) Walther & de Hoog,api,,,,,,2026-10-06T08:32:23+00:00
"hydrometra albolineata (scott, 1874)","Hydrometra albolineata (Scott, 1874)",6130505,EXACT,ACCEPTED,6130505,,self,,,,,,2026-10-06T08:32:09+00:00
nymphoides peltata (s.g.gmel.) kuntze,Nymphoides peltata (S.G.Gmel.) Kuntze,8810827,EXACT,ACCEPTED,8810827,,self,,,,,,2026-10-06T08:32:09+00:00
diderma imperialis emoto,Diderma imperialis Emoto,3285310,EXACT,ACCEPTED,3285310,,self,,,,,,2026-10-06T08:32:09+00:00
"myiophanes tipulina reuter, 1881","Myiophanes tipulina Reuter, 1881",4774287,EXACT,ACCEPTED,4774287,,self,,,,,,2026-10-06T08:32:09+00:00
ainsliaea cordifolia franch. & sav. var. cordifolia,Ainsliaea cordifolia Franch. & Sav. var. cordifolia,7222884,EXACT,ACCEPTED,7222884,,self,,,,,,2026-10-06T08:32:09+00:00
kordyana commelinae petch,Kordyana commelinae Petch,2513300,EXACT,ACCEPTED,2513300,,self,,,,,,2026-10-06T08:32:09+00:00
"appasus major (esaki, 1934)","Appasus major (Esaki, 1934)",10318985,EXACT,ACCEPTED,10318985,,self,,,,,,2026-10-06T08:32:09+00:00
eschenbachia japonica (thunb.) j.kost.,Eschenbachia japonica (Thunb.) J.Kost.,3126384,EXACT,ACCEPTED,3126384,,self,,,,,,2026-10-06T08:32:09+00:00
"sarcomyxa edulis (y.c. dai, niemelae & g.f. qin) t. saito, tonouchi & t. harada","Sarcomyxa edulis (Y.C. Dai, Niemelae & G.F. Qin) T. Saito, Tonouchi & T. Harada",8307192,EXACT,ACCEPTED,8307192,,self,,,,,,2026-10-06T08:32:09+00:00
"gerris nepalensis distant, 1910","Gerris nepalensis Distant, 1910",5866075,EXACT,ACCEPTED,5866075,,self,,,,,,2026-10-06T08:32:09+00:00
diaspananthus uniflorus (sch.bip.) kitam.,Diaspananthus uniflorus (Sch.Bip.) Kitam.,3149513,EXACT,SYNONYM,3149515,Ainsliaea uniflora Sch.Bip.,api,,,,,,2026-10-06T08:32:23+00:00
sarcomyxa serotina (pers.) p. karst.,Sarcomyxa serotina (Pers.) P. Karst.,3318849,EXACT,SYNONYM,11011338,Sarcomyxa serotina (Pers.) V.Papp,api,,,,,,2026-10-06T08:32:23+00:00
"gerris babai miyamoto, 1958","Gerris babai Miyamoto, 1958",9756526,EXACT,ACCEPTED,9756526,,self,,,,,,2026-10-06T08:32:09+00:00
eupatorium japonicum thunb.,Eupatorium japonicum Thunb.,5403118,EXACT,ACCEPTED,5403118,,self,,,,,,2026-10-06T08:32:09+00:00
galerina sp.,Galerina sp.,9570632,HIGHERRANK,ACCEPTED,,,n/a,unresolved,genus_or_higher,,,,2026-10-06T08:32:23+00:00
"limnoporus esakii (miyamoto, 1958)","Limnoporus esakii (Miyamoto, 1958)",9712033,EXACT,ACCEPTED,9712033,,self,,,,,,2026-10-06T08:32:09+00:00
nabalus tanakae franch. & sav. ex y.tanaka & ono,Nabalus tanakae Franch. & Sav. ex Y.Tanaka & Ono,3123761,HIGHERRANK,ACCEPTED,,,n/a,unresolved,higher_rank,,,,2026-10-06T08:32:23+00:00
heliogaster columellifer (kobayasi) orihara & iwase,Heliogaster columellifer (Kobayasi) Orihara & Iwase,7584614,EXACT,ACCEPTED,7584614,,self,,,,,,2026-10-06T08:32:09+00:00
"kosemia radiator (uhler, 1896)","Kosemia radiator (Uhler, 1896)",7555069,EXACT,ACCEPTED,7555069,,self,,,,,,2026-10-06T08:32:09+00:00
lonicera mochidzukiana makino var. mochidzukiana,Lonicera mochidzukiana Makino var. mochidzukiana,7601112,EXACT,ACCEPTED,7601112,,self,,,,,,2026-10-06T08:32:09+00:00
rhizopogon roseolus (corda) th. fr.,Rhizopogon roseolus (Corda) Th. Fr.,2524228,EXACT,ACCEPTED,2524228,,self,,,,,,2026-10-06T08:32:09+00:00
"paraplea japonica (horváth, 1904)","Paraplea japonica (Horváth, 1904)",6129961,EXACT,ACCEPTED,6129961,,self,,,,,,2026-10-06T08:32:09+00:00
valeriana fauriei briq.,Valeriana fauriei Briq.,7298944,EXACT,ACCEPTED,7298944,,self,,,,,,2026-10-06T08:32:09+00:00
"psammotettix kurilensis anufriev, 1976","Psammotettix kurilensis Anufriev, 1976",2043272,EXACT,ACCEPTED,2043272,,self,,,,,,2026-10-06T08:32:09+00:00
apodicarpum ikenoi makino,Apodicarpum ikenoi Makino,3637538,EXACT,ACCEPTED,3637538,,self,,,,,,2026-10-06T08:32:09+00:00
"purpureocillium lilacinum (thom) luangsa-ard, houbraken, hywel-jones & samson (= isaria macroscyticola kobayasi)","Purpureocillium lilacinum (Thom) Luangsa-ard, Houbraken, Hywel-Jones & Samson (= Isaria macroscyticola Kobayasi)",8276361,HIGHERRANK,ACCEPTED,,,n/a,unresolved,infraspecific_collapsed,,,,2026-10-06T08:32:23+00:00
"blissus hirtulus burmeister, 1835","Blissus hirtulus Burmeister, 1835",2008397,EXACT,ACCEPTED,2008397,,self,,,,,,2026-10-06T08:32:09+00:00
cicuta virosa l.,Cicuta virosa L.,5371864,EXACT,ACCEPTED,5371864,,self,,,,,,2026-10-06T08:32:09+00:00
"ophiocordyceps entomorrhiza (dicks.) g.h. sung, j.m. sung, hywel-jones & spatafora","Ophiocordyceps entomorrhiza (Dicks.) G.H. Sung, J.M. Sung, Hywel-Jones & Spatafora",2560568,EXACT,ACCEPTED,2560568,,self,,,,,,2026-10-06T08:32:09+00:00
"canthophorus niveimarginatus scott, 1874","Canthophorus niveimarginatus Scott, 1874",4486161,EXACT,ACCEPTED,4486161,,self,,,,,,2026-10-06T08:32:09+00:00
sium suave walter var. nipponicum (maxim.) h.hara,Sium suave Walter var. nipponicum (Maxim.) H.Hara,6307639,EXACT,SYNONYM,3034526,Sium suave Walter,api,,,,,,2026-10-06T08:32:23+00:00
glomus cf. versiforme (p. karst.) s.m. berch,Glomus cf. versiforme  (P. Karst.) S.M. Berch,5445137,EXACT,ACCEPTED,5445137,,self,,,,,,2026-10-06T08:32:09+00:00
"appasus japonicus vuillefroy, 1864","Appasus japonicus Vuillefroy, 1864",9888882,EXACT,ACCEPTED,9888882,,self,,,,,,2026-10-06T08:32:09+00:00
lycopodiella cernua (l.) pic.serm.,Lycopodiella cernua (L.) Pic.Serm.,2688348,EXACT,SYNONYM,6385660,Palhinhaea cernua (L.) Vasc. & Franco,api,,,,,,2026-10-06T08:32:23+00:00
simuliomyces microsporus lichtwardt,Simuliomyces microsporus Lichtwardt,2558078,EXACT,ACCEPTED,2558078,,self,,,,,,2026-10-06T08:32:09+00:00
"aphelocheirus vittatus matsumura, 1905","Aphelocheirus vittatus Matsumura, 1905",9609937,EXACT,ACCEPTED,9609937,,self,,,,,,2026-10-06T08:32:09+00:00
lycopodium obscurum l.,Lycopodium obscurum L.,2688403,EXACT,SYNONYM,3991468,Dendrolycopodium obscurum (L.) A.Haines,api,,,,,,2026-10-06T08:32:23+00:00
pennella angustispora lichtwardt,Pennella angustispora Lichtwardt,5250284,EXACT,ACCEPTED,5250284,,self,,,,,,2026-10-06T08:32:09+00:00
"aquarius elongatus (uhler, 1896)","Aquarius elongatus (Uhler, 1896)",5866105,EXACT,ACCEPTED,5866105,,self,,,,,,2026-10-06T08:32:09+00:00
selaginella heterostachys baker,Selaginella heterostachys Baker,5836557,EXACT,ACCEPTED,5836557,,self,,,,,,2026-10-06T08:32:09+00:00
orphella haysii m.c. williams & lichtw.,Orphella haysii M.C. Williams & Lichtw.,2558112,EXACT,ACCEPTED,2558112,,self,,,,,,2026-10-06T08:32:09+00:00
"euterpnosia chibensis chibensis matsumura, 1917","Euterpnosia chibensis chibensis Matsumura, 1917",7926958,EXACT,ACCEPTED,7926958,,self,,,,,,2026-10-06T08:32:09+00:00
botrychium multifidum (gmel.) rupr. var. robustum (rupr. ex milde) c.chr.,Botrychium multifidum (Gmel.) Rupr. var. robustum (Rupr. ex Milde) C.Chr.,2650207,EXACT,SYNONYM,8218114,Sceptridium robustum (Rupr.) Lyon,api,,,,,,2026-10-06T08:32:23+00:00
physarum cf. decipiens m.a. curtis,Physarum cf. decipiens M.A. Curtis,3214509,EXACT,ACCEPTED,3214509,,self,,,,,,2026-10-06T08:32:09+00:00
"tengirhinus tengu ishihara, 1953","Tengirhinus tengu Ishihara, 1953",2043874,EXACT,ACCEPTED,2043874,,self,,,,,,2026-10-06T08:32:09+00:00
vandenboschia hokurikuensis ebihara,Vandenboschia hokurikuensis Ebihara,8365501,EXACT,ACCEPTED,8365501,,self,,,,,,2026-10-06T08:32:09+00:00
"grossocratus fukuroki (matsumura, 1905)","Grossocratus fukuroki (Matsumura, 1905)",2043241,FUZZY,ACCEPTED,,,n/a,unresolved,fuzzy_spelling,,,,2026-10-06T08:32:23+00:00
vandenboschia orientalis (c.chr) ching,Vandenboschia orientalis (C.Chr) Ching,3606974,EXACT,SYNONYM,3607282,Vandenboschia birmanica (Bedd.) Ching,api,,,,,,2026-10-06T08:32:23+00:00
"raivuna nakanonis (matsumura, 1910)","Raivuna nakanonis (Matsumura, 1910)",2052601,EXACT,ACCEPTED,2052601,,self,,,,,,2026-10-06T08:32:09+00:00
azolla imbricata (roxb. ex griff.) nakai,Azolla imbricata (Roxb. ex Griff.) Nakai,4196467,EXACT,SYNONYM,4196486,Azolla pinnata subsp. asiatica R.M.K.Saunders & K.Fowler,api,,,,,,2026-10-06T08:32:23+00:00
"cixiopsis punctata matsumura, 1900","Cixiopsis punctata Matsumura, 1900",2052434,FUZZY,ACCEPTED,,,n/a,unresolved,fuzzy_spelling,,,,2026-10-06T08:32:23+00:00
salvinia natans (l.) all.,Salvinia natans (L.) All.,5274858,EXACT,ACCEPTED,5274858,,self,,,,,,2026-10-06T08:32:09+00:00
"lyctocoris beneficus (hiura, 1957)","Lyctocoris beneficus (Hiura, 1957)",2020870,HIGHERRANK,ACCEPTED,,,n/a,unresolved,higher_rank,,,,2026-10-06T08:32:23+00:00
microlepia substrigosa tagawa,Microlepia substrigosa Tagawa,3605027,EXACT,ACCEPTED,3605027,,self,,,,,,2026-10-06T08:32:09+00:00
"limnostatua lewisi (scott, 1880)","Limnostatua lewisi (Scott, 1880)",12034277,EXACT,SYNONYM,7366177,"Hurdchila lewisi (Scott, 1880)",api,,,,,,2026-10-06T08:32:23+00:00
cheilanthes brandtii franch. & sav.,Cheilanthes brandtii Franch. & Sav.,7528965,EXACT,SYNONYM,9775876,Oeosporangium kuhnii (Milde) Fraser-Jenk.,api,,,,,,2026-10-06T08:32:23+00:00
"derephysia fujisana takeya, 1962","Derephysia fujisana Takeya, 1962",9423622,EXACT,ACCEPTED,9423622,,self,,,,,,2026-10-06T08:32:09+00:00
pteris kiuschiuensis hieron.,Pteris kiuschiuensis Hieron.,7310149,EXACT,ACCEPTED,7310149,,self,,,,,,2026-10-06T08:32:09+00:00
"haematoloecha adachii tachikawa, 1968","Haematoloecha adachii Tachikawa, 1968",8692427,EXACT,ACCEPTED,8692427,,self,,,,,,2026-10-06T08:32:09+00:00
pteris laurisilvicola sa.kurata,Pteris laurisilvicola Sa.Kurata,5614105,EXACT,ACCEPTED,5614105,,self,,,,,,2026-10-06T08:32:09+00:00
"labidocoris pectoralis (stål, 1863)","Labidocoris pectoralis (Stål, 1863)",9656150,EXACT,ACCEPTED,9656150,,self,,,,,,2026-10-06T08:32:09+00:00
pteris natiensis tagawa,Pteris natiensis Tagawa,5613625,EXACT,ACCEPTED,5613625,,self,,,,,,2026-10-06T08:32:09+00:00
"rhynocoris rubromarginatus (jakovlev, 1893)","Rhynocoris rubromarginatus (Jakovlev, 1893)",11856003,EXACT,ACCEPTED,11856003,,self,,,,,,2026-10-06T08:32:09+00:00
asplenium normale d.don,Asplenium normale D.Don,2650655,EXACT,ACCEPTED,2650655,,self,,,,,,2026-10-06T08:32:09+00:00
"acanthaspis cincticrus stål, 1859","Acanthaspis cincticrus Stål, 1859",8891671,EXACT,ACCEPTED,8891671,,self,,,,,,2026-10-06T08:32:09+00:00
asplenium ritonse hayata,Asplenium ritonse Hayata,4257845,FUZZY,ACCEPTED,,,n/a,unresolved,fuzzy_spelling,,,,2026-10-06T08:32:23+00:00
"aradus unicolor kiritshenko, 1913","Aradus unicolor Kiritshenko, 1913",2020009,HIGHERRANK,ACCEPTED,,,n/a,unresolved,higher_rank,,,,2026-10-06T08:32:23+00:00
asplenium castaneoviride baker,Asplenium castaneoviride Baker,8128843,EXACT,ACCEPTED,8128843,,self,,,,,,2026-10-06T08:32:09+00:00
"aradus czerskii kiritshenko, 1915","Aradus czerskii Kiritshenko, 1915",2020009,HIGHERRANK,ACCEPTED,,,n/a,unresolved,higher_rank,,,,2026-10-06T08:32:23+00:00
diplaziopsis cavaleriana (h.christ) c.chr.,Diplaziopsis cavaleriana (H.Christ) C.Chr.,4015955,EXACT,ACCEPTED,4015955,,self,,,,,,2026-10-06T08:32:09+00:00
"eocanthecona kyushuensis (esaki & ishihara, 1950)","Eocanthecona kyushuensis (Esaki & Ishihara, 1950)",4782524,HIGHERRANK,ACCEPTED,,,n/a,unresolved,higher_rank,,,,2026-10-06T08:32:23+00:00
phegopteris bukoensis (tagawa) tagawa,Phegopteris bukoensis (Tagawa) Tagawa,4081799,EXACT,SYNONYM,4081996,Pseudophegopteris microstegia (Hook.) Ching,api,,,,,,2026-10-06T08:32:23+00:00
"niphe elongata (dallas, 1851)","Niphe elongata (Dallas, 1851)",6129992,EXACT,ACCEPTED,6129992,,self,,,,,,2026-10-06T08:32:09+00:00
thelypteris esquirolii (h.christ) ching,Thelypteris esquirolii (H.Christ) Ching,5666821,EXACT,SYNONYM,4082435,Pseudocyclosorus esquirolii (C.Chr.) Ching,api,,,,,,2026-10-06T08:32:23+00:00
"sigara matsumurai jaczewski, 1968","Sigara matsumurai Jaczewski, 1968",10308241,EXACT,ACCEPTED,10308241,,self,,,,,,2026-10-06T08:32:09+00:00
thelypteris nipponica (franch. & sav.) ching var. borealis (h.hara) h.hara,Thelypteris nipponica (Franch. & Sav.) Ching var. borealis (H.Hara) H.Hara,7427760,EXACT,SYNONYM,11410216,Coryphopteris nipponica (Franch. & Sav.) S.E.Fawc. & A.R.Sm.,api,,,,,,2026-10-06T08:32:23+00:00
"chartoscirta elegantula (fallén, 1807)","Chartoscirta elegantula (Fallén, 1807)",4489211,EXACT,ACCEPTED,4489211,,self,,,,,,2026-10-06T08:32:09+00:00
woodwardia prolifera hook. & arn.,Woodwardia prolifera Hook. & Arn.,5665857,EXACT,ACCEPTED,5665857,,self,,,,,,2026-10-06T08:32:09+00:00
"saldoida armata horváth, 1911","Saldoida armata Horváth, 1911",6130329,EXACT,ACCEPTED,6130329,,self,,,,,,2026-10-06T08:32:09+00:00
athyrium neglectum seriz. subsp. neglectum,Athyrium neglectum Seriz. subsp. neglectum,7289153,HIGHERRANK,ACCEPTED,,,n/a,unresolved,infraspecific_collapsed,,,,2026-10-06T08:32:23+00:00
"mongoloraphidia (japanoraphidia) harmandi (navas, 1909)","Mongoloraphidia (Japanoraphidia) harmandi (Navas, 1909)",2006801,EXACT,ACCEPTED,2006801,,self,,,,,,2026-10-06T08:32:09+00:00
athyrium oblitescens sa.kurata,Athyrium oblitescens Sa.Kurata,5644146,EXACT,ACCEPTED,5644146,,self,,,,,,2026-10-06T08:32:09+00:00
"sialis yamatoensis hayashi & suda, 1995","Sialis yamatoensis Hayashi & Suda, 1995",5101354,EXACT,ACCEPTED,5101354,,self,,,,,,2026-10-06T08:32:09+00:00
athyrium pinetorum tagawa,Athyrium pinetorum Tagawa,5643899,EXACT,ACCEPTED,5643899,,self,,,,,,2026-10-06T08:32:09+00:00
"sialis tohokuensis hayashi & suda, 1995","Sialis tohokuensis Hayashi & Suda, 1995",10374527,EXACT,ACCEPTED,10374527,,self,,,,,,2026-10-06T08:32:09+00:00
anisocampium sheareri (baker) ching,Anisocampium sheareri (Baker) Ching,7800235,EXACT,ACCEPTED,7800235,,self,,,,,,2026-10-06T08:32:09+00:00
"protohermes grandis (thunberg, 1781)","Protohermes grandis (Thunberg, 1781)",1730180,EXACT,ACCEPTED,1730180,,self,,,,,,2026-10-06T08:32:09+00:00
deparia pycnosora (h.christ) m.kato,Deparia pycnosora (H.Christ) M.Kato,7125851,EXACT,ACCEPTED,7125851,,self,,,,,,2026-10-06T08:32:09+00:00
"syncclisis japonica (hagen, 1866)","Syncclisis japonica (Hagen, 1866)",2099140,FUZZY,ACCEPTED,,,n/a,unresolved,fuzzy_spelling,,,,2026-10-06T08:32:23+00:00
deparia unifurcata (baker) m.kato,Deparia unifurcata (Baker) M.Kato,4016134,EXACT,ACCEPTED,4016134,,self,,,,,,2026-10-06T08:32:09+00:00
"libelloides ramburi (mclachlan, 1875)","Libelloides ramburi (McLachlan, 1875)",2103072,EXACT,ACCEPTED,2103072,,self,,,,,,2026-10-06T08:32:09+00:00
diplazium dilatatum blume var. dilatatum,Diplazium dilatatum Blume var. dilatatum,7289120,HIGHERRANK,ACCEPTED,,,n/a,unresolved,infraspecific_collapsed,,,,2026-10-06T08:32:23+00:00
"italochrysa japonica (mclachlan, 1875)","Italochrysa japonica (McLachlan, 1875)",2104551,EXACT,ACCEPTED,2104551,,self,,,,,,2026-10-06T08:32:09+00:00
diplazium doederleinii (luerss.) makino,Diplazium doederleinii (Luerss.) Makino,4016123,EXACT,ACCEPTED,4016123,,self,,,,,,2026-10-06T08:32:09+00:00
"panorpa nikkoensis miyake, 1908","Panorpa nikkoensis Miyake, 1908",5879310,FUZZY,ACCEPTED,,,n/a,unresolved,fuzzy_spelling,,,,2026-10-06T08:32:23+00:00
diplazium fauriei h.christ,Diplazium fauriei H.Christ,7289073,EXACT,ACCEPTED,7289073,,self,,,,,,2026-10-06T08:32:09+00:00
"panorpa tsunekatanis issiki, 1929","Panorpa tsunekatanis Issiki, 1929",11540052,EXACT,ACCEPTED,11540052,,self,,,,,,2026-10-06T08:32:09+00:00
diplazium takii sa.kurata,Diplazium takii Sa.Kurata,4015888,EXACT,ACCEPTED,4015888,,self,,,,,,2026-10-06T08:32:09+00:00
"panorpa fulvicaudaria miyake, 1913","Panorpa fulvicaudaria Miyake, 1913",5981679,EXACT,ACCEPTED,5981679,,self,,,,,,2026-10-06T08:32:09+00:00
arachniodes yoshinagae (makino) ching,Arachniodes yoshinagae (Makino) Ching,4039369,EXACT,SYNONYM,4040703,Arachniodes assamica (Kuhn) Ohwi,api,,,,,,2026-10-06T08:32:23+00:00
"bittacus marginatus miyake, 1913","Bittacus marginatus Miyake, 1913",5981812,EXACT,ACCEPTED,5981812,,self,,,,,,2026-10-06T08:32:09+00:00
cyrtomium tukusicola tagawa,Cyrtomium tukusicola Tagawa,4038680,EXACT,SYNONYM,7319090,Cyrtomium macrophyllum (Makino) Tagawa,api,,,,,,2026-10-06T08:32:23+00:00
"triplectides misakianus (matsumura, 1931)","Triplectides misakianus (Matsumura, 1931)",1435841,EXACT,ACCEPTED,1435841,,self,,,,,,2026-10-06T08:32:09+00:00
dryopteris decipiens (hook.) kuntze,Dryopteris decipiens (Hook.) Kuntze,7319290,EXACT,ACCEPTED,7319290,,self,,,,,,2026-10-06T08:32:09+00:00
"phryganea japonica mclachlan, 1866","Phryganea japonica McLachlan, 1866",1440998,EXACT,ACCEPTED,1440998,,self,,,,,,2026-10-06T08:32:09+00:00
dryopteris integripinnula ching,Dryopteris integripinnula Ching,5656283,EXACT,SYNONYM,8260475,Dryopteris decipiens var. diplazioides (Christ) Ching,api,,,,,,2026-10-06T08:32:23+00:00
"nemotaulius brevilinea (mclachlan, 1871)","Nemotaulius brevilinea (McLachlan, 1871)",1442200,EXACT,ACCEPTED,1442200,,self,,,,,,2026-10-06T08:32:09+00:00
dryopteris monticola (makino) c.chr.,Dryopteris monticola (Makino) C.Chr.,5654221,EXACT,ACCEPTED,5654221,,self,,,,,,2026-10-06T08:32:09+00:00
"pseudostenophylax tochigiensis schmid, 1991","Pseudostenophylax tochigiensis Schmid, 1991",1441698,EXACT,ACCEPTED,1441698,,self,,,,,,2026-10-06T08:32:09+00:00
dryopteris varia (l.) kuntze,Dryopteris varia (L.) Kuntze,5653274,EXACT,ACCEPTED,5653274,,self,,,,,,2026-10-06T08:32:09+00:00
"palaeagapetus parvus ito, 1991","Palaeagapetus parvus Ito, 1991",1432787,EXACT,ACCEPTED,1432787,,self,,,,,,2026-10-06T08:32:09+00:00
polystichum neolobatum nakai,Polystichum neolobatum Nakai,4045710,EXACT,ACCEPTED,4045710,,self,,,,,,2026-10-06T08:32:09+00:00
"nemotaulius admorsus (mclachlan, 1866)","Nemotaulius admorsus (McLachlan, 1866)",1442195,EXACT,ACCEPTED,1442195,,self,,,,,,2026-10-06T08:32:09+00:00
selliguea veitchii (baker) h.ohashi & k.ohashi,Selliguea veitchii (Baker) H.Ohashi & K.Ohashi,8096346,EXACT,ACCEPTED,8096346,,self,,,,,,2026-10-06T08:32:09+00:00
"molanna nervosa ulmer, 1927","Molanna nervosa Ulmer, 1927",1437359,EXACT,ACCEPTED,1437359,,self,,,,,,2026-10-06T08:32:09+00:00
lepisorus annuifrons (makino) ching,Lepisorus annuifrons (Makino) Ching,4025763,EXACT,ACCEPTED,4025763,,self,,,,,,2026-10-06T08:32:09+00:00
"eoneureclipsis montana torii & nishimoto, 2011","Eoneureclipsis montana Torii & Nishimoto, 2011",8885870,EXACT,ACCEPTED,8885870,,self,,,,,,2026-10-06T08:32:09+00:00
loxogramme grammitoides (baker) c.chr.,Loxogramme grammitoides (Baker) C.Chr.,4028556,EXACT,ACCEPTED,4028556,,self,,,,,,2026-10-06T08:32:09+00:00
"larcasia akagiae nishimoto & tanida, 1999","Larcasia akagiae Nishimoto & Tanida, 1999",1441358,EXACT,ACCEPTED,1441358,,self,,,,,,2026-10-06T08:32:09+00:00
abies veitchii lindl.,Abies veitchii Lindl.,2685400,EXACT,ACCEPTED,2685400,,self,,,,,,2026-10-06T08:32:09+00:00
"neophylax koizumii (iwata, 1927)","Neophylax koizumii (Iwata, 1927)",1441551,HIGHERRANK,ACCEPTED,,,n/a,unresolved,higher_rank,,,,2026-10-06T08:32:23+00:00
juniperus conferta parl.,Juniperus conferta Parl.,2684527,EXACT,SYNONYM,2684523,Juniperus rigida subsp. conferta (Parl.) Kitam.,api,,,,,,2026-10-06T08:32:23+00:00
"goera spicata schmid, 1965","Goera spicata Schmid, 1965",1441418,EXACT,ACCEPTED,1441418,,self,,,,,,2026-10-06T08:32:09+00:00
juniperus taxifolia hook. & arn. var. lutchuensis (koidz.) satake,Juniperus taxifolia Hook. & Arn. var. lutchuensis (Koidz.) Satake,7773427,EXACT,SYNONYM,2684561,Juniperus taxifolia Hook. & Arn.,api,,,,,,2026-10-06T08:32:23+00:00
"limnocentropus insolitus ulmer, 1907","Limnocentropus insolitus Ulmer, 1907",1437432,EXACT,ACCEPTED,1437432,,self,,,,,,2026-10-06T08:32:09+00:00
nuphar japonica dc.,Nuphar japonica DC.,7326938,EXACT,ACCEPTED,7326938,,self,,,,,,2026-10-06T08:32:09+00:00
"gyrinus gestroi régimbart, 1883","Gyrinus gestroi Régimbart, 1883",7003930,EXACT,ACCEPTED,7003930,,self,,,,,,2026-10-06T08:32:09+00:00
actinodaphne acuminata (blume) meisn.,Actinodaphne acuminata (Blume) Meisn.,4178324,EXACT,ACCEPTED,4178324,,self,,,,,,2026-10-06T08:32:09+00:00
"gyrinus curtus motschulsky, 1866","Gyrinus curtus Motschulsky, 1866",7004073,EXACT,ACCEPTED,7004073,,self,,,,,,2026-10-06T08:32:09+00:00
arisaema aprile j.murata,Arisaema aprile J.Murata,2867309,EXACT,ACCEPTED,2867309,,self,,,,,,2026-10-06T08:32:09+00:00
"dineutus orientalis (modeer, 1780)","Dineutus orientalis (Modeer, 1780)",6131289,EXACT,ACCEPTED,6131289,,self,,,,,,2026-10-06T08:32:09+00:00
alisma rariflorum sam.,Alisma rariflorum Sam.,2865131,EXACT,ACCEPTED,2865131,,self,,,,,,2026-10-06T08:32:09+00:00
"haliplus kamiyai nakane, 1963","Haliplus kamiyai Nakane, 1963",6965251,EXACT,ACCEPTED,6965251,,self,,,,,,2026-10-06T08:32:09+00:00
sagittaria aginashi makino,Sagittaria aginashi Makino,5553763,EXACT,ACCEPTED,5553763,,self,,,,,,2026-10-06T08:32:09+00:00
"haliplus ovalis sharp, 1884","Haliplus ovalis Sharp, 1884",6965205,EXACT,ACCEPTED,6965205,,self,,,,,,2026-10-06T08:32:09+00:00
blyxa echinosperma (c.b.clarke) hook.f.,Blyxa echinosperma (C.B.Clarke) Hook.f.,2865970,EXACT,ACCEPTED,2865970,,self,,,,,,2026-10-06T08:32:09+00:00
"haliplus eximius clark, 1863","Haliplus eximius Clark, 1863",6965269,EXACT,ACCEPTED,6965269,,self,,,,,,2026-10-06T08:32:09+00:00
blyxa japonica (miq.) maxim. ex asch. & guerke,Blyxa japonica (Miq.) Maxim. ex Asch. & Guerke,2865980,EXACT,ACCEPTED,2865980,,self,,,,,,2026-10-06T08:32:09+00:00
"chaetodera laetescripta (motschulsky, 1860)","Chaetodera laetescripta (Motschulsky, 1860)",8106265,EXACT,ACCEPTED,8106265,,self,,,,,,2026-10-06T08:32:09+00:00
blyxa leiosperma koidz.,Blyxa leiosperma Koidz.,2865988,EXACT,ACCEPTED,2865988,,self,,,,,,2026-10-06T08:32:09+00:00
"nebria (eunebria) pulcherrima bates, 1873","Nebria (Eunebria) pulcherrima Bates, 1873",7998955,EXACT,ACCEPTED,7998955,,self,,,,,,2026-10-06T08:32:09+00:00
halophila nipponica j.kuo subsp. nipponica,Halophila nipponica J.Kuo subsp. nipponica,5329603,HIGHERRANK,ACCEPTED,,,n/a,unresolved,infraspecific_collapsed,,,,2026-10-06T08:32:23+00:00
"carabus (carabus) granulatus telluris bates, 1882","Carabus (Carabus) granulatus telluris Bates, 1882",9156208,EXACT,ACCEPTED,9156208,,self,,,,,,2026-10-06T08:32:09+00:00
najas graminea delile,Najas graminea Delile,5329404,EXACT,ACCEPTED,5329404,,self,,,,,,2026-10-06T08:32:09+00:00
"anthracus horni (andrewes, 1923)","Anthracus horni (Andrewes, 1923)",8140706,EXACT,ACCEPTED,8140706,,self,,,,,,2026-10-06T08:32:09+00:00
najas marina l.,Najas marina L.,5329324,EXACT,ACCEPTED,5329324,,self,,,,,,2026-10-06T08:32:09+00:00
"callistoides deliciolus (bates, 1873)","Callistoides deliciolus (Bates, 1873)",9440172,EXACT,SYNONYM,8244334,"Chlaenius deliciolus Bates, 1873",api,,,,,,2026-10-06T08:32:23+00:00
najas minor all.,Najas minor All.,5329434,EXACT,ACCEPTED,5329434,,self,,,,,,2026-10-06T08:32:09+00:00
"chlaenius (chlaeniostenus) praefectus bates, 1873","Chlaenius (Chlaeniostenus) praefectus Bates, 1873",7372155,EXACT,ACCEPTED,7372155,,self,,,,,,2026-10-06T08:32:09+00:00
najas yezoensis miyabe,Najas yezoensis Miyabe,5329467,EXACT,SYNONYM,5329466,Najas tenuissima (A.Braun ex Magnus) Magnus,api,,,,,,2026-10-06T08:32:23+00:00
"brachyodes virens (wiedemann, 1823)","Brachyodes virens (Wiedemann, 1823)",8131148,EXACT,ACCEPTED,8131148,,self,,,,,,2026-10-06T08:32:09+00:00
vallisneria denseserrulata (makino) makino,Vallisneria denseserrulata (Makino) Makino,3614103,EXACT,ACCEPTED,3614103,,self,,,,,,2026-10-06T08:32:09+00:00
"dendrocellus geniculatus (klug, 1834)","Dendrocellus geniculatus (Klug, 1834)",9387531,EXACT,SYNONYM,6131155,"Desera geniculata (Klug, 1834)",api,,,,,,2026-10-06T08:32:23+00:00
potamogeton fryeri a.benn.,Potamogeton fryeri A.Benn.,5642374,EXACT,ACCEPTED,5642374,,self,,,,,,2026-10-06T08:32:09+00:00
"hyphydrus laeviventris laeviventris sharp, 1882","Hyphydrus laeviventris laeviventris Sharp, 1882",7199525,EXACT,ACCEPTED,7199525,,self,,,,,,2026-10-06T08:32:09+00:00
potamogeton nipponicus makino,Potamogeton nipponicus Makino,7493330,EXACT,SYNONYM,5301179,Potamogeton ×nitens Weber,api,,,,,,2026-10-06T08:32:23+00:00
"hydrovatus stridulus biström, 1997","Hydrovatus stridulus Biström, 1997",6002603,EXACT,ACCEPTED,6002603,,self,,,,,,2026-10-06T08:32:09+00:00
potamogeton perfoliatus l.,Potamogeton perfoliatus L.,5301200,EXACT,ACCEPTED,5301200,,self,,,,,,2026-10-06T08:32:09+00:00
"hygrotus chinensis (sharp, 1882)","Hygrotus chinensis (Sharp, 1882)",6001368,EXACT,ACCEPTED,6001368,,self,,,,,,2026-10-06T08:32:09+00:00
aletris foliata (maxim.) bureau & franch.,Aletris foliata (Maxim.) Bureau & Franch.,8165774,EXACT,SYNONYM,2756109,Aletris foliata (Maxim.) Makino & Nemoto,api,,,,,,2026-10-06T08:32:23+00:00
"leiodytes frontalis (sharp, 1884)","Leiodytes frontalis (Sharp, 1884)",6001871,EXACT,ACCEPTED,6001871,,self,,,,,,2026-10-06T08:32:09+00:00
aletris spicata (thunb.) franch.,Aletris spicata (Thunb.) Franch.,2756112,EXACT,ACCEPTED,2756112,,self,,,,,,2026-10-06T08:32:09+00:00
"nebrioporus anchoralis (sharp, 1884)","Nebrioporus anchoralis (Sharp, 1884)",6001237,EXACT,ACCEPTED,6001237,,self,,,,,,2026-10-06T08:32:09+00:00
paris verticillata m.bieb.,Paris verticillata M.Bieb.,5295898,EXACT,ACCEPTED,5295898,,self,,,,,,2026-10-06T08:32:09+00:00
"laccophilus difficilis sharp, 1873","Laccophilus difficilis Sharp, 1873",5999981,EXACT,ACCEPTED,5999981,,self,,,,,,2026-10-06T08:32:09+00:00
lloydia triflora (ledeb.) baker,Lloydia triflora (Ledeb.) Baker,5299777,EXACT,SYNONYM,5299780,Gagea triflora (Ledeb.) Schult. & Schult.f.,api,,,,,,2026-10-06T08:32:23+00:00
"laccophilus lewisius sharp, 1873","Laccophilus lewisius Sharp, 1873",5999958,EXACT,ACCEPTED,5999958,,self,,,,,,2026-10-06T08:32:09+00:00
calanthe alpina hook f. ex lindl.,Calanthe alpina Hook f. ex Lindl.,2795152,EXACT,ACCEPTED,2795152,,self,,,,,,2026-10-06T08:32:09+00:00
"laccophilus kobensis sharp, 1873","Laccophilus kobensis Sharp, 1873",5999968,EXACT,ACCEPTED,5999968,,self,,,,,,2026-10-06T08:32:09+00:00
calanthe nipponica makino,Calanthe nipponica Makino,2794982,EXACT,ACCEPTED,2794982,,self,,,,,,2026-10-06T08:32:09+00:00
"laccophilus yoshitomii watanabe & kamite, 2018","Laccophilus yoshitomii Watanabe & Kamite, 2018",11178146,EXACT,ACCEPTED,11178146,,self,,,,,,2026-10-06T08:32:09+00:00
"dactylorhiza viride (l.) r.m.bateman, pridgeon & m.w.chase","Dactylorhiza viride (L.) R.M.Bateman, Pridgeon & M.W.Chase",8076356,EXACT,SYNONYM,2810284,"Dactylorhiza viridis (L.) R.M.Bateman, Pridgeon & M.W.Chase",api,,,,,,2026-10-06T08:32:23+00:00
"laccophilus sharpi régimbart, 1889","Laccophilus sharpi Régimbart, 1889",4742646,EXACT,ACCEPTED,4742646,,self,,,,,,2026-10-06T08:32:09+00:00
dactylostalix ringens rchb.f.,Dactylostalix ringens Rchb.f.,2791993,EXACT,ACCEPTED,2791993,,self,,,,,,2026-10-06T08:32:09+00:00
"ilybius apicalis sharp, 1873","Ilybius apicalis Sharp, 1873",5999736,EXACT,ACCEPTED,5999736,,self,,,,,,2026-10-06T08:32:09+00:00
galearis cyclochila (franch. & sav.) soo,Galearis cyclochila (Franch. & Sav.) Soo,2850125,EXACT,ACCEPTED,2850125,,self,,,,,,2026-10-06T08:32:09+00:00
"hydaticus bipunctatus wehncke, 1876","Hydaticus bipunctatus Wehncke, 1876",6002063,EXACT,ACCEPTED,6002063,,self,,,,,,2026-10-06T08:32:09+00:00
gastrodia gracilis blume,Gastrodia gracilis Blume,2813319,EXACT,ACCEPTED,2813319,,self,,,,,,2026-10-06T08:32:09+00:00
"graphoderus adamsii (clark, 1864)","Graphoderus adamsii (Clark, 1864)",6002971,EXACT,ACCEPTED,6002971,,self,,,,,,2026-10-06T08:32:09+00:00
neolindleya camtschatica (cham.) nevski,Neolindleya camtschatica (Cham.) Nevski,2798932,EXACT,SYNONYM,9535563,"Galearis camtschatica (Cham.) X.H.Jin, Schuit. & W.T.Jin",api,,,,,,2026-10-06T08:32:23+00:00
"cybister brevis aubé, 1838","Cybister brevis Aubé, 1838",5873965,EXACT,ACCEPTED,5873965,,self,,,,,,2026-10-06T08:32:09+00:00
neottianthe cucullata (l.) schltr.,Neottianthe cucullata (L.) Schltr.,2819258,EXACT,SYNONYM,12222157,"Hemipilia cucullata (L.) Y.Tang, H.Peng & T.Yukawa",api,,,,,,2026-10-06T08:32:23+00:00
"cybister tripunctatus lateralis (fabricius, 1798)","Cybister tripunctatus lateralis (Fabricius, 1798)",6277554,EXACT,ACCEPTED,6277554,,self,,,,,,2026-10-06T08:32:09+00:00
"neottianthe fujisanensis (sugim.) f.maek., comb. nud.","Neottianthe fujisanensis (Sugim.) F.Maek., comb. nud.",3649773,HIGHERRANK,SYNONYM,,,n/a,unresolved,higher_rank,,,,2026-10-06T08:32:23+00:00
"cybister chinensis motschulsky, 1854","Cybister chinensis Motschulsky, 1854",6000778,EXACT,ACCEPTED,6000778,,self,,,,,,2026-10-06T08:32:09+00:00
herminium lanceum (thunb. ex sw.) vuijk,Herminium lanceum (Thunb. ex Sw.) Vuijk,5310564,EXACT,ACCEPTED,5310564,,self,,,,,,2026-10-06T08:32:09+00:00
"dytiscus sharpi wehncke, 1875","Dytiscus sharpi Wehncke, 1875",5874079,EXACT,ACCEPTED,5874079,,self,,,,,,2026-10-06T08:32:09+00:00
liparis japonica (miq.) maxim.,Liparis japonica (Miq.) Maxim.,5322962,EXACT,SYNONYM,2808212,Malaxis monophyllos var. monophyllos,api,,,,,,2026-10-06T08:32:23+00:00
"thanatophilus rugosus (linnaeus, 1758)","Thanatophilus rugosus (Linnaeus, 1758)",4448486,EXACT,ACCEPTED,4448486,,self,,,,,,2026-10-06T08:32:09+00:00
liparis krameri franch. & sav.,Liparis krameri Franch. & Sav.,5322925,EXACT,ACCEPTED,5322925,,self,,,,,,2026-10-06T08:32:09+00:00
"aphodius (subrinus) sturmi harold, 1870","Aphodius (Subrinus) sturmi Harold, 1870",4425235,EXACT,SYNONYM,1069644,"Subrinus sturmi (Harold, 1870)",api,,,,,,2026-10-06T08:32:23+00:00
neottia cordata (l.) rich.,Neottia cordata (L.) Rich.,2816213,EXACT,ACCEPTED,2816213,,self,,,,,,2026-10-06T08:32:09+00:00
"aphodius (acanthobodilus) languidulus schmidt, 1916","Aphodius (Acanthobodilus) languidulus Schmidt, 1916",10925209,EXACT,SYNONYM,1067461,"Acanthobodilus languidulus (Schmidt, 1917)",api,,,,,,2026-10-06T08:32:23+00:00
malaxis monophyllos (l.) sw.,Malaxis monophyllos (L.) Sw.,2808211,EXACT,ACCEPTED,2808211,,self,,,,,,2026-10-06T08:32:09+00:00
"aphodius (aphodaulacus) variabilis waterhouse, 1875","Aphodius (Aphodaulacus)  variabilis Waterhouse, 1875",1070280,EXACT,SYNONYM,9350174,"Aphodaulacus variabilis (Waterhouse, 1875)",api,,,,,,2026-10-06T08:32:23+00:00
myrmechis japonica (rchb.f.) rolfe,Myrmechis japonica (Rchb.f.) Rolfe,2796731,EXACT,SYNONYM,12189694,Odontochilus japonicus (Rchb.f.) T.Yukawa,api,,,,,,2026-10-06T08:32:23+00:00
"aphodius (aphodius) elegans allibert, 1847","Aphodius (Aphodius) elegans Allibert, 1847",1067437,EXACT,ACCEPTED,1067437,,self,,,,,,2026-10-06T08:32:09+00:00
oreorchis patens (lindl.) lindl.,Oreorchis patens (Lindl.) Lindl.,2833919,EXACT,ACCEPTED,2833919,,self,,,,,,2026-10-06T08:32:09+00:00
"copris (sinocopris) ochus (motschulsky, 1861)","Copris (Sinocopris)  ochus (Motschulsky, 1861)",4997282,EXACT,ACCEPTED,4997282,,self,,,,,,2026-10-06T08:32:09+00:00
platanthera ophrydioides f.schmidt var. australis ohwi,Platanthera ophrydioides F.Schmidt var. australis Ohwi,6316135,EXACT,SYNONYM,2798284,Platanthera ophrydioides F.Schmidt,api,,,,,,2026-10-06T08:32:23+00:00
"onthophagus (gibbonthophagus) viduus harold, 1874","Onthophagus (Gibbonthophagus)  viduus Harold, 1874",1091436,EXACT,ACCEPTED,1091436,,self,,,,,,2026-10-06T08:32:09+00:00
platanthera hondoensis (ohwi) k.inoue,Platanthera hondoensis (Ohwi) K.Inoue,2798123,EXACT,ACCEPTED,2798123,,self,,,,,,2026-10-06T08:32:09+00:00
"onthophagus (matashia) ohbayashii nomura, 1939","Onthophagus (Matashia)  ohbayashii Nomura, 1939",1090091,EXACT,ACCEPTED,1090091,,self,,,,,,2026-10-06T08:32:09+00:00
pogonia japonica rchb.f.,Pogonia japonica Rchb.f.,5308784,EXACT,ACCEPTED,5308784,,self,,,,,,2026-10-06T08:32:09+00:00
"onthophagus (palaeonthophagus) ocellatopunctatus waterhouse, 1875","Onthophagus (Palaeonthophagus)  ocellatopunctatus Waterhouse, 1875",1090665,EXACT,ACCEPTED,1090665,,self,,,,,,2026-10-06T08:32:09+00:00
pogonia minor (makino) makino,Pogonia minor (Makino) Makino,5308790,EXACT,ACCEPTED,5308790,,self,,,,,,2026-10-06T08:32:09+00:00
"onthophagus (strandius) japonicus harold, 1874","Onthophagus (Strandius)  japonicus Harold, 1874",1089311,EXACT,ACCEPTED,1089311,,self,,,,,,2026-10-06T08:32:09+00:00
ponerorchis chidori (makino) ohwi,Ponerorchis chidori (Makino) Ohwi,3654919,EXACT,DOUBTFUL,,,api,,,,,,2026-10-06T08:32:23+00:00
"protaetia (liocola) brevitarsis brevitarsis (lewis, 1879)","Protaetia (Liocola)  brevitarsis brevitarsis (Lewis, 1879)",7199973,EXACT,ACCEPTED,7199973,,self,,,,,,2026-10-06T08:32:09+00:00
ponerorchis graminifolia rchb.f.,Ponerorchis graminifolia Rchb.f.,2784966,EXACT,SYNONYM,11191129,"Hemipilia graminifolia (Rchb.f.) Y.Tang, H.Peng & T.Yukawa",api,,,,,,2026-10-06T08:32:23+00:00
"trichius japonicus janson, 1885","Trichius japonicus Janson, 1885",1085285,EXACT,ACCEPTED,1085285,,self,,,,,,2026-10-06T08:32:09+00:00
gastrochilus japonicus (makino) schltr.,Gastrochilus japonicus (Makino) Schltr.,5310664,EXACT,ACCEPTED,5310664,,self,,,,,,2026-10-06T08:32:09+00:00
"arhopalus tobirensis hayashi, 1968","Arhopalus tobirensis Hayashi, 1968",1115839,EXACT,ACCEPTED,1115839,,self,,,,,,2026-10-06T08:32:09+00:00
gastrochilus matsuran (makino) schltr.,Gastrochilus matsuran (Makino) Schltr.,5310700,EXACT,ACCEPTED,5310700,,self,,,,,,2026-10-06T08:32:09+00:00
"gaurotes (carilia) atripennis matsushita, 1933","Gaurotes (Carilia) atripennis  Matsushita, 1933",1113781,EXACT,ACCEPTED,1113781,,self,,,,,,2026-10-06T08:32:09+00:00
taeniophyllum glandulosum blume,Taeniophyllum glandulosum Blume,5313824,EXACT,ACCEPTED,5313824,,self,,,,,,2026-10-06T08:32:09+00:00
"lemula japonica tamanuki, 1938","Lemula japonica Tamanuki, 1938",1127384,EXACT,ACCEPTED,1127384,,self,,,,,,2026-10-06T08:32:09+00:00
platanthera iinumae (makino) makino,Platanthera iinumae (Makino) Makino,2797951,EXACT,ACCEPTED,2797951,,self,,,,,,2026-10-06T08:32:09+00:00
"pidonia (pidonia) sylvicola kuboki, 1977","Pidonia (Pidonia) sylvicola Kuboki, 1977",1123951,EXACT,ACCEPTED,1123951,,self,,,,,,2026-10-06T08:32:09+00:00
"kuhlhasseltia fissa (f.maek.) t.yukawa, comb. nud.","Kuhlhasseltia fissa (F.Maek.) T.Yukawa, comb. nud.",2808873,HIGHERRANK,SYNONYM,,,n/a,unresolved,higher_rank,,,,2026-10-06T08:32:23+00:00
"pidonia (pidonia) matsushitai ohbayashi, 1958","Pidonia (Pidonia) matsushitai Ohbayashi, 1958",1123946,EXACT,ACCEPTED,1123946,,self,,,,,,2026-10-06T08:32:09+00:00
allium schoenoprasum l. var. idzuense (h.hara) h.hara,Allium schoenoprasum L. var. idzuense (H.Hara) H.Hara,2855888,EXACT,SYNONYM,2855860,Allium schoenoprasum L.,api,,,,,,2026-10-06T08:32:23+00:00
"stenygrinum quadrinotatum bates, 1873","Stenygrinum quadrinotatum Bates, 1873",1149947,EXACT,ACCEPTED,1149947,,self,,,,,,2026-10-06T08:32:09+00:00
hosta kiyosumiensis f.maek.,Hosta kiyosumiensis F.Maek.,2771354,EXACT,ACCEPTED,2771354,,self,,,,,,2026-10-06T08:32:09+00:00
"glaphyra (yamatoglaphyra) hattorii (ohbayashi, 1954)","Glaphyra (Yamatoglaphyra) hattorii (Ohbayashi, 1954)",7644071,EXACT,SYNONYM,1115918,"Molorchus hattorii Ohbayashi, 1953",api,,,,,,2026-10-06T08:32:23+00:00
sparganium fallax graebn.,Sparganium fallax Graebn.,2702417,EXACT,ACCEPTED,2702417,,self,,,,,,2026-10-06T08:32:09+00:00
"rhabdoclytus acutivittis inscriptus (bates, 1884)","Rhabdoclytus acutivittis inscriptus (Bates, 1884)",6268572,EXACT,ACCEPTED,6268572,,self,,,,,,2026-10-06T08:32:09+00:00
sparganium subglobosum morong,Sparganium subglobosum Morong,2702424,EXACT,ACCEPTED,2702424,,self,,,,,,2026-10-06T08:32:09+00:00
"olenecamptus cretaceus cretaceus bates, 1873","Olenecamptus cretaceus cretaceus Bates, 1873",4739124,HIGHERRANK,ACCEPTED,,,n/a,unresolved,infraspecific_collapsed,,,,2026-10-06T08:32:23+00:00
eriocaulon miquelianum koern,Eriocaulon miquelianum Koern,2690814,EXACT,ACCEPTED,2690814,,self,,,,,,2026-10-06T08:32:09+00:00
"stenostola nigerrima (breuning, 1946)","Stenostola nigerrima (Breuning, 1946)",1149215,EXACT,ACCEPTED,1149215,,self,,,,,,2026-10-06T08:32:09+00:00
eriocaulon robustius (maxim.) makino var. nigrum satake,Eriocaulon robustius (Maxim.) Makino var. nigrum Satake,8321401,FUZZY,SYNONYM,,,n/a,unresolved,fuzzy_spelling,,,,2026-10-06T08:32:23+00:00
"phytoecia (phytoecia) coeruleomicans breuning, 1946","Phytoecia (Phytoecia) coeruleomicans Breuning, 1946",1130073,EXACT,ACCEPTED,1130073,,self,,,,,,2026-10-06T08:32:09+00:00
juncus nikkoensis satake,Juncus nikkoensis Satake,2701777,EXACT,SYNONYM,2701776,Juncus papillosus Franch. & Sav.,api,,,,,,2026-10-06T08:32:23+00:00
"macroplea japana (jacoby, 1885)","Macroplea japana (Jacoby, 1885)",8237860,EXACT,ACCEPTED,8237860,,self,,,,,,2026-10-06T08:32:09+00:00
luzula pallidula kirschner,Luzula pallidula Kirschner,2700650,EXACT,SYNONYM,2700640,Luzula pallescens Sw.,api,,,,,,2026-10-06T08:32:23+00:00
"donacia vulgaris zschach, 1788","Donacia vulgaris Zschach, 1788",4461514,EXACT,ACCEPTED,4461514,,self,,,,,,2026-10-06T08:32:09+00:00
carex dissitiflora franch.,Carex dissitiflora Franch.,2726460,EXACT,ACCEPTED,2726460,,self,,,,,,2026-10-06T08:32:09+00:00
"chrysomela populi linnaeus, 1758","Chrysomela populi Linnaeus, 1758",4459737,EXACT,ACCEPTED,4459737,,self,,,,,,2026-10-06T08:32:09+00:00
carex rouyana franch. & sav.,Carex rouyana Franch. & Sav.,2729124,EXACT,SYNONYM,2725492,Carex filipes var. oligostachys Kük.,api,,,,,,2026-10-06T08:32:23+00:00
"chrysochus chinensis baly, 1859","Chrysochus chinensis Baly, 1859",12201039,EXACT,ACCEPTED,12201039,,self,,,,,,2026-10-06T08:32:09+00:00
carex kujuzana ohwi,Carex kujuzana Ohwi,2725591,EXACT,ACCEPTED,2725591,,self,,,,,,2026-10-06T08:32:09+00:00
"bagous spiculatus o'brien & morimoto, 1994","Bagous spiculatus O'Brien & Morimoto, 1994",9571455,EXACT,ACCEPTED,9571455,,self,,,,,,2026-10-06T08:32:09+00:00
carex pseudoaphanolepis ohwi,Carex pseudoaphanolepis Ohwi,3583849,EXACT,ACCEPTED,3583849,,self,,,,,,2026-10-06T08:32:09+00:00
"larinus (phyllonomeus) meleagris petri, 1907","Larinus (Phyllonomeus) meleagris Petri, 1907",9416980,EXACT,ACCEPTED,9416980,,self,,,,,,2026-10-06T08:32:09+00:00
carex pudica honda,Carex pudica Honda,2727347,EXACT,ACCEPTED,2727347,,self,,,,,,2026-10-06T08:32:09+00:00
"lixus (eulixus) divaricatus motschulsky, 1861","Lixus (Eulixus) divaricatus Motschulsky, 1861",9350408,EXACT,ACCEPTED,9350408,,self,,,,,,2026-10-06T08:32:09+00:00
carex sadoensis franch.,Carex sadoensis Franch.,2729873,EXACT,ACCEPTED,2729873,,self,,,,,,2026-10-06T08:32:09+00:00
"gymnetron villosipenne roelofs, 1875","Gymnetron villosipenne Roelofs, 1875",1244930,EXACT,ACCEPTED,1244930,,self,,,,,,2026-10-06T08:32:09+00:00
cyperus extremiorientalis ohwi,Cyperus extremiorientalis Ohwi,2714068,EXACT,SYNONYM,2714059,Cyperus michelianus subsp. michelianus,api,,,,,,2026-10-06T08:32:23+00:00
"gyrinus japonicus sharp, 1873","Gyrinus japonicus Sharp, 1873",7004113,EXACT,ACCEPTED,7004113,,self,,,,,,2026-10-06T08:32:09+00:00
eleocharis equisetiformis (meinsh.) b.fedtsch.,Eleocharis equisetiformis (Meinsh.) B.Fedtsch.,2717637,EXACT,SYNONYM,2717636,Eleocharis mitracarpa Steud.,api,,,,,,2026-10-06T08:32:23+00:00
"cylindera (cylindera) gracilis (pallas, 1777)","Cylindera (Cylindera) gracilis (Pallas, 1777)",7911776,EXACT,ACCEPTED,7911776,,self,,,,,,2026-10-06T08:32:09+00:00
eleocharis parvinux ohwi,Eleocharis parvinux Ohwi,2716894,EXACT,ACCEPTED,2716894,,self,,,,,,2026-10-06T08:32:09+00:00
"cicindela (cicindela) sachalinensis morawitz, 1862","Cicindela (Cicindela) sachalinensis Morawitz, 1862",7394727,EXACT,ACCEPTED,7394727,,self,,,,,,2026-10-06T08:32:09+00:00
eleocharis ussuriensis zinserl.,Eleocharis ussuriensis Zinserl.,2717353,EXACT,ACCEPTED,2717353,,self,,,,,,2026-10-06T08:32:09+00:00
"elaphrus (elaphroterus) punctatus motschulsky, 1844","Elaphrus (Elaphroterus) punctatus Motschulsky, 1844",7825504,EXACT,ACCEPTED,7825504,,self,,,,,,2026-10-06T08:32:09+00:00
eriophorum gracile w.d.j.koch ex roth,Eriophorum gracile W.D.J.Koch ex Roth,8252393,EXACT,DOUBTFUL,,,api,,,,,,2026-10-06T08:32:23+00:00
"clivina schillhammeri balkenohl, 2021","Clivina schillhammeri Balkenohl, 2021",11168884,EXACT,ACCEPTED,11168884,,self,,,,,,2026-10-06T08:32:09+00:00
fimbristylis bisumbellata (forssk.) bubani,Fimbristylis bisumbellata (Forssk.) Bubani,2708744,EXACT,ACCEPTED,2708744,,self,,,,,,2026-10-06T08:32:09+00:00
"clivina lewisi andrewes, 1927","Clivina lewisi Andrewes, 1927",7365289,EXACT,ACCEPTED,7365289,,self,,,,,,2026-10-06T08:32:09+00:00
fimbristylis complanata (retz.) link,Fimbristylis complanata (Retz.) Link,2708680,EXACT,ACCEPTED,2708680,,self,,,,,,2026-10-06T08:32:09+00:00
"dyschirius (dyschiriodes) cheloscelis bates, 1873","Dyschirius (Dyschiriodes) cheloscelis Bates, 1873",8014088,EXACT,ACCEPTED,8014088,,self,,,,,,2026-10-06T08:32:09+00:00
fimbristylis ovata (burm.f.) j.kern,Fimbristylis ovata (Burm.f.) J.Kern,2708393,EXACT,SYNONYM,2708407,Abildgaardia ovata (Burm.f.) Kral,api,,,,,,2026-10-06T08:32:23+00:00
"dyschirius (dyschiriodes) tristis stephens, 1828","Dyschirius (Dyschiriodes) tristis Stephens, 1828",5756945,EXACT,ACCEPTED,5756945,,self,,,,,,2026-10-06T08:32:09+00:00
fimbristylis verrucifera (maxim.) makino,Fimbristylis verrucifera (Maxim.) Makino,2709074,EXACT,SYNONYM,2709078,Fimbristylis dipsacea var. verrucifera (Maxim.) T.Koyama,api,,,,,,2026-10-06T08:32:23+00:00
"perileptus (perileptus) laticeps laticeps s. uéno, 1955","Perileptus (Perileptus) laticeps laticeps S. Uéno, 1955",8766084,EXACT,ACCEPTED,8766084,,self,,,,,,2026-10-06T08:32:09+00:00
rhynchospora fujiiana makino,Rhynchospora fujiiana Makino,3583048,EXACT,ACCEPTED,3583048,,self,,,,,,2026-10-06T08:32:09+00:00
"thalassoduvalius masidai pacificus s. uéno, 1978","Thalassoduvalius masidai pacificus S. Uéno, 1978",8734482,EXACT,ACCEPTED,8734482,,self,,,,,,2026-10-06T08:32:09+00:00
schoenoplectiella mucronata (l.) j.jung & h.k.choi var. tatarana (honda) yashiro,Schoenoplectiella mucronata (L.) J.Jung & H.K.Choi var. tatarana (Honda) Yashiro,9569481,EXACT,SYNONYM,5827389,Schoenoplectiella mucronata (L.) J.Jung & H.K.Choi,api,,,,,,2026-10-06T08:32:23+00:00
"trechoblemus postilenatus (bates, 1873)","Trechoblemus postilenatus (Bates, 1873)",7460008,EXACT,ACCEPTED,7460008,,self,,,,,,2026-10-06T08:32:09+00:00
"schoenoplectiella gemmifera (c.sato, t.maeda & uchino) hayas.","Schoenoplectiella gemmifera (C.Sato, T.Maeda & Uchino) Hayas.",7954465,EXACT,ACCEPTED,7954465,,self,,,,,,2026-10-06T08:32:09+00:00
"paratachys gyotokuensis (tanaka, 1956)","Paratachys gyotokuensis (Tanaka, 1956)",1037845,HIGHERRANK,DOUBTFUL,,,n/a,unresolved,higher_rank,,,,2026-10-06T08:32:23+00:00
schoenoplectiella wallichii (nees) lye,Schoenoplectiella wallichii (Nees) Lye,2710783,EXACT,ACCEPTED,2710783,,self,,,,,,2026-10-06T08:32:09+00:00
"bembidion (trepanes) articulatum (panzer, 1796)","Bembidion (Trepanes) articulatum (Panzer, 1796)",5872124,EXACT,ACCEPTED,5872124,,self,,,,,,2026-10-06T08:32:09+00:00
agrostis valvata steud.,Agrostis valvata Steud.,4114549,EXACT,ACCEPTED,4114549,,self,,,,,,2026-10-06T08:32:09+00:00
"bembidion (limnaeoperyphus) quadriimpressum (motschulsky, 1860)","Bembidion (Limnaeoperyphus) quadriimpressum (Motschulsky, 1860)",7399573,EXACT,ACCEPTED,7399573,,self,,,,,,2026-10-06T08:32:09+00:00
anthoxanthum horsfieldii (kunth & benn.) mez ex reeder var. japonicum (maxim.) veldkamp,Anthoxanthum horsfieldii (Kunth & Benn.) Mez ex Reeder var. japonicum (Maxim.) Veldkamp,4133880,EXACT,SYNONYM,4133811,Anthoxanthum japonicum (Maxim.) Hack. ex Matsum.,api,,,,,,2026-10-06T08:32:23+00:00
"bembidion (chlorodium) leucolenum bates, 1883","Bembidion (Chlorodium) leucolenum Bates, 1883",7930152,EXACT,ACCEPTED,7930152,,self,,,,,,2026-10-06T08:32:09+00:00
eragrostis japonica (thunb.) trin.,Eragrostis japonica (Thunb.) Trin.,2705394,EXACT,ACCEPTED,2705394,,self,,,,,,2026-10-06T08:32:09+00:00
"bembidion (odontium) aeneipes bates, 1883","Bembidion (Odontium) aeneipes Bates, 1883",8350179,EXACT,ACCEPTED,8350179,,self,,,,,,2026-10-06T08:32:09+00:00
glyceria depauperata ohwi var. depauperata,Glyceria depauperata Ohwi var. depauperata,12238769,EXACT,ACCEPTED,12238769,,self,,,,,,2026-10-06T08:32:09+00:00
"brachinus aeneicostis bates, 1883","Brachinus aeneicostis Bates, 1883",6131180,EXACT,ACCEPTED,6131180,,self,,,,,,2026-10-06T08:32:09+00:00
koeleria macrantha (ledeb.) schult. & schult.f.,Koeleria macrantha (Ledeb.) Schult. & Schult.f.,2705914,EXACT,ACCEPTED,2705914,,self,,,,,,2026-10-06T08:32:09+00:00
"pterostichus (argutor) dulcis (bates, 1883)","Pterostichus (Argutor) dulcis (Bates, 1883)",7705562,EXACT,ACCEPTED,7705562,,self,,,,,,2026-10-06T08:32:09+00:00
sasa maculata nakai var. abei sad.suzuki,Sasa maculata Nakai var. abei Sad.Suzuki,5676185,EXACT,SYNONYM,5675989,Sasa nipponica (Makino) Makino & Shibata,api,,,,,,2026-10-06T08:32:23+00:00
"pterostichus (nialoe) yokohamae nakane & straneo, 1979","Pterostichus (Nialoe) yokohamae Nakane & Straneo, 1979",7668749,EXACT,ACCEPTED,7668749,,self,,,,,,2026-10-06T08:32:09+00:00
sasamorpha mollis nakai,Sasamorpha mollis Nakai,4126999,EXACT,SYNONYM,4127053,Sasamorpha borealis (Hack.) Nakai,api,,,,,,2026-10-06T08:32:23+00:00
"agonum (europhilus) gratiosum nipponicus habu, 1972","Agonum (Europhilus) gratiosum nipponicus Habu, 1972",4988438,HIGHERRANK,ACCEPTED,,,n/a,unresolved,genus_or_higher,,,,2026-10-06T08:32:23+00:00
stephania japonica (thunb.) miers,Stephania japonica (Thunb.) Miers,7268792,EXACT,ACCEPTED,7268792,,self,,,,,,2026-10-06T08:32:09+00:00
"lorostemmoides ogurae (bates, 1883)","Lorostemmoides ogurae (Bates, 1883)",11278734,EXACT,SYNONYM,7705500,"Lorostema ogurae (Bates, 1883)",api,,,,,,2026-10-06T08:32:23+00:00
actaea asiatica h.hara,Actaea asiatica H.Hara,5616625,EXACT,ACCEPTED,5616625,,self,,,,,,2026-10-06T08:32:09+00:00
"stenolophus (stenolophus) connotatus bates, 1873","Stenolophus (Stenolophus) connotatus Bates, 1873",7909679,EXACT,ACCEPTED,7909679,,self,,,,,,2026-10-06T08:32:09+00:00
clematis pierotii miq.,Clematis pierotii Miq.,3929200,EXACT,SYNONYM,7277979,Clematis parviloba Gardner & Champ.,api,,,,,,2026-10-06T08:32:23+00:00
"stenolophus (stenolophus) kurosai tanaka, 1962","Stenolophus (Stenolophus) kurosai Tanaka, 1962",7687520,EXACT,ACCEPTED,7687520,,self,,,,,,2026-10-06T08:32:09+00:00
clematis tosaensis makino form. purpureofusca (hisauti) yonek.,Clematis tosaensis Makino form. purpureofusca (Hisauti) Yonek.,10903010,EXACT,SYNONYM,3927402,Clematis tosaensis Makino,api,,,,,,2026-10-06T08:32:23+00:00
"tinoderus singularis (bates, 1873)","Tinoderus singularis (Bates, 1873)",6969667,EXACT,ACCEPTED,6969667,,self,,,,,,2026-10-06T08:32:09+00:00
coptis quinquefolia miq.,Coptis quinquefolia Miq.,7277301,EXACT,ACCEPTED,7277301,,self,,,,,,2026-10-06T08:32:09+00:00
"callistoides pericallus (redtenbacher, 1867)","Callistoides pericallus (Redtenbacher, 1867)",9360532,EXACT,SYNONYM,7950875,"Chlaenius pericallus L.Redtenbacher, 1868",api,,,,,,2026-10-06T08:32:23+00:00
ranunculus chinensis bunge,Ranunculus chinensis Bunge,3921535,EXACT,ACCEPTED,3921535,,self,,,,,,2026-10-06T08:32:09+00:00
"odacantha (odacantha) hagai nemoto, 1989","Odacantha (Odacantha) hagai Nemoto, 1989",7652270,EXACT,ACCEPTED,7652270,,self,,,,,,2026-10-06T08:32:09+00:00
ranunculus nipponicus nakai var. submersus h.hara,Ranunculus nipponicus Nakai var. submersus H.Hara,12364026,EXACT,SYNONYM,3926007,Ranunculus ashibetsuensis Wiegleb,api,,,,,,2026-10-06T08:32:23+00:00
"apristus cuprascens bates, 1873","Apristus cuprascens Bates, 1873",7647238,EXACT,ACCEPTED,7647238,,self,,,,,,2026-10-06T08:32:09+00:00
ranunculus ternatus thunb.,Ranunculus ternatus Thunb.,3923071,EXACT,ACCEPTED,3923071,,self,,,,,,2026-10-06T08:32:09+00:00
"peltodytes intermedius (sharp, 1873)","Peltodytes intermedius (Sharp, 1873)",6965130,EXACT,ACCEPTED,6965130,,self,,,,,,2026-10-06T08:32:09+00:00
trautvetteria caroliniensis (walter) vail var. japonica (siebold & zucc.) t.shimizu,Trautvetteria caroliniensis (Walter) Vail var. japonica (Siebold & Zucc.) T.Shimizu,3923646,EXACT,SYNONYM,7277057,Trautvetteria palmata Fisch. & C.A.Mey.,api,,,,,,2026-10-06T08:32:23+00:00
"hyphydrus japonicus sharp, 1873","Hyphydrus japonicus Sharp, 1873",6002944,EXACT,ACCEPTED,6002944,,self,,,,,,2026-10-06T08:32:09+00:00
hylotelephium erythrostictum (miq.) h.ohba,Hylotelephium erythrostictum (Miq.) H.Ohba,2985866,EXACT,ACCEPTED,2985866,,self,,,,,,2026-10-06T08:32:09+00:00
"copelatus japonicus sharp, 1884","Copelatus japonicus Sharp, 1884",6001477,EXACT,ACCEPTED,6001477,,self,,,,,,2026-10-06T08:32:09+00:00
hylotelephium viride (makino) h.ohba,Hylotelephium viride (Makino) H.Ohba,4201639,EXACT,ACCEPTED,4201639,,self,,,,,,2026-10-06T08:32:09+00:00
"copelatus takakurai m.satô, 1985","Copelatus takakurai M.Satô, 1985",6001776,EXACT,ACCEPTED,6001776,,self,,,,,,2026-10-06T08:32:09+00:00
canavalia lineata (thunb.) dc.,Canavalia lineata (Thunb.) DC.,2962029,EXACT,ACCEPTED,2962029,,self,,,,,,2026-10-06T08:32:09+00:00
"nebrioporus nipponicus (takizawa, 1933)","Nebrioporus nipponicus (Takizawa, 1933)",5874457,EXACT,ACCEPTED,5874457,,self,,,,,,2026-10-06T08:32:09+00:00
crotalaria sessiliflora l.,Crotalaria sessiliflora L.,2942762,EXACT,ACCEPTED,2942762,,self,,,,,,2026-10-06T08:32:09+00:00
"hydrophilus acuminatus motschulsky, 1854","Hydrophilus acuminatus Motschulsky, 1854",6132492,EXACT,ACCEPTED,6132492,,self,,,,,,2026-10-06T08:32:09+00:00
euchresta japonica hook.f. ex regel,Euchresta japonica Hook.f. ex Regel,2951881,EXACT,ACCEPTED,2951881,,self,,,,,,2026-10-06T08:32:09+00:00
"berosus punctipennis harold, 1878","Berosus punctipennis Harold, 1878",6132498,EXACT,ACCEPTED,6132498,,self,,,,,,2026-10-06T08:32:09+00:00
vicia nipponica matsum.,Vicia nipponica Matsum.,2975153,EXACT,ACCEPTED,2975153,,self,,,,,,2026-10-06T08:32:09+00:00
"berosus japonicus sharp, 1873","Berosus japonicus Sharp, 1873",6132497,EXACT,ACCEPTED,6132497,,self,,,,,,2026-10-06T08:32:09+00:00
polygala tatarinowii regel,Polygala tatarinowii Regel,4050793,EXACT,ACCEPTED,4050793,,self,,,,,,2026-10-06T08:32:09+00:00
"saprinus (saprinus) planiusculus motschulsky, 1849","Saprinus (Saprinus) planiusculus Motschulsky, 1849",4432928,EXACT,ACCEPTED,4432928,,self,,,,,,2026-10-06T08:32:09+00:00
agrimonia coreana nakai,Agrimonia coreana Nakai,3001990,EXACT,ACCEPTED,3001990,,self,,,,,,2026-10-06T08:32:09+00:00
"saprinus (saprinus) splendens (paykull, 1811)","Saprinus (Saprinus) splendens (Paykull, 1811)",4769651,EXACT,ACCEPTED,4769651,,self,,,,,,2026-10-06T08:32:09+00:00
laurocerasus spinulosa (siebold & zucc.) c.k.schneid.,Laurocerasus spinulosa (Siebold & Zucc.) C.K.Schneid.,3022139,EXACT,SYNONYM,3022136,Prunus spinulosa Siebold & Zucc.,api,,,,,,2026-10-06T08:32:23+00:00
"hypocacculus (nessus) asticus (lewis, 1911)","Hypocacculus (Nessus) asticus (Lewis, 1911)",5995256,EXACT,SYNONYM,8541786,"Hypocaccus asticus Lewis, 1911",api,,,,,,2026-10-06T08:32:23+00:00
rubus minusculus h.lev. & vaniot,Rubus minusculus H.Lev. & Vaniot,2997621,EXACT,ACCEPTED,2997621,,self,,,,,,2026-10-06T08:32:09+00:00
"thanatophilus sinuatus (fabricius, 1775)","Thanatophilus sinuatus (Fabricius, 1775)",4448510,EXACT,ACCEPTED,4448510,,self,,,,,,2026-10-06T08:32:09+00:00
rhamnus davurica pall. var. nipponica makino,Rhamnus davurica Pall. var. nipponica Makino,6371148,EXACT,SYNONYM,12200452,Rhamnus davuricus subsp. nipponica (Makino) J.T.Kartesz & Gandhi,api,,,,,,2026-10-06T08:32:23+00:00
"liparocephalus tokunagai sakaguti, 1944","Liparocephalus tokunagai Sakaguti, 1944",1040829,EXACT,ACCEPTED,1040829,,self,,,,,,2026-10-06T08:32:09+00:00
laportea macrostachya (maxim.) ohwi,Laportea macrostachya (Maxim.) Ohwi,4099156,EXACT,SYNONYM,7300634,Laportea cuspidata (Wedd.) Friis,api,,,,,,2026-10-06T08:32:23+00:00
"nicagus japonicus nagel, 1928","Nicagus japonicus Nagel, 1928",8326439,EXACT,ACCEPTED,8326439,,self,,,,,,2026-10-06T08:32:09+00:00
pellionia minima makino,Pellionia minima Makino,4101136,EXACT,SYNONYM,4101244,Elatostema brevifolium (Benth.) Hallier fil.,api,,,,,,2026-10-06T08:32:23+00:00
"dorcus hopei binodulosus waterhouse, 1874","Dorcus hopei binodulosus Waterhouse, 1874",7697962,HIGHERRANK,ACCEPTED,,,n/a,unresolved,infraspecific_collapsed,,,,2026-10-06T08:32:23+00:00
quercus phillyreoides a.gray,Quercus phillyreoides A.Gray,2879470,EXACT,ACCEPTED,2879470,,self,,,,,,2026-10-06T08:32:09+00:00
"rakovicius ainu (lewis, 1895)","Rakovicius ainu (Lewis, 1895)",1065403,EXACT,ACCEPTED,1065403,,self,,,,,,2026-10-06T08:32:09+00:00
betula dahurica pall.,Betula dahurica Pall.,5331890,EXACT,ACCEPTED,5331890,,self,,,,,,2026-10-06T08:32:09+00:00
"exomala (exomala) ohdaiensis (sawada, 1941)","Exomala (Exomala) ohdaiensis (Sawada, 1941)",5990699,EXACT,ACCEPTED,5990699,,self,,,,,,2026-10-06T08:32:09+00:00
viola acuminata ledeb.,Viola acuminata Ledeb.,7296488,EXACT,ACCEPTED,7296488,,self,,,,,,2026-10-06T08:32:09+00:00
"pseudamophilus japonicus nomura, 1957","Pseudamophilus japonicus Nomura, 1957",6967637,EXACT,ACCEPTED,6967637,,self,,,,,,2026-10-06T08:32:09+00:00
viola variegata fisch. var. nipponica makino,Viola variegata Fisch. var. nipponica Makino,7461267,EXACT,SYNONYM,8006762,Viola variegata Fisch. ex Link,api,,,,,,2026-10-06T08:32:23+00:00
"antherophagus pallens (linnaeus, 1758)","Antherophagus pallens (Linnaeus, 1758)",9715608,EXACT,ACCEPTED,9715608,,self,,,,,,2026-10-06T08:32:09+00:00
viola violacea makino var. makinoi (h.boissieu) hiyama ex f.maek.,Viola violacea Makino var. makinoi (H.Boissieu) Hiyama ex F.Maek.,12374695,EXACT,SYNONYM,7296540,Viola violacea Makino,api,,,,,,2026-10-06T08:32:23+00:00
"cucujus mniszechi grouvelle, 1874","Cucujus mniszechi Grouvelle, 1874",5877606,EXACT,ACCEPTED,5877606,,self,,,,,,2026-10-06T08:32:09+00:00
salix reinii franch. & sav. ex seemen,Salix reinii Franch. & Sav. ex Seemen,8289327,EXACT,SYNONYM,7266776,Salix reinii Franch. & Sav.,api,,,,,,2026-10-06T08:32:23+00:00
"scymnus (neopullus) nakaikemensis sasaji & kishimoto, 1996","Scymnus (Neopullus) nakaikemensis Sasaji & Kishimoto, 1996",1,HIGHERRANK,ACCEPTED,,,n/a,unresolved,genus_or_higher,,,,2026-10-06T08:32:23+00:00
euphorbia jolkinii boiss.,Euphorbia jolkinii Boiss.,3066890,EXACT,ACCEPTED,3066890,,self,,,,,,2026-10-06T08:32:09+00:00
"amblyctis nomurai (nakane & hayashi, 1955)","Amblyctis nomurai (Nakane & Hayashi, 1955)",4736915,HIGHERRANK,ACCEPTED,,,n/a,unresolved,higher_rank,,,,2026-10-06T08:32:23+00:00
euphorbia sendaica makino,Euphorbia sendaica Makino,3065228,EXACT,ACCEPTED,3065228,,self,,,,,,2026-10-06T08:32:09+00:00
"phellopsis suberea lewis, 1887","Phellopsis suberea Lewis, 1887",6958735,EXACT,ACCEPTED,6958735,,self,,,,,,2026-10-06T08:32:09+00:00
epilobium hirsutum l.,Epilobium hirsutum L.,3189172,EXACT,ACCEPTED,3189172,,self,,,,,,2026-10-06T08:32:09+00:00
"pachyta erebia bates, 1884","Pachyta erebia Bates, 1884",5004426,EXACT,ACCEPTED,5004426,,self,,,,,,2026-10-06T08:32:09+00:00
ludwigia ovalis miq.,Ludwigia ovalis Miq.,5545183,EXACT,ACCEPTED,5545183,,self,,,,,,2026-10-06T08:32:09+00:00
"brachyta bifasciata japonica (matsushita, 1933)","Brachyta bifasciata japonica (Matsushita, 1933)",6269423,EXACT,ACCEPTED,6269423,,self,,,,,,2026-10-06T08:32:09+00:00
triumfetta japonica makino,Triumfetta japonica Makino,4259829,EXACT,ACCEPTED,4259829,,self,,,,,,2026-10-06T08:32:09+00:00
"pseudosieversia japonica (ohbayashi, 1937)","Pseudosieversia japonica (Ohbayashi, 1937)",1123473,EXACT,ACCEPTED,1123473,,self,,,,,,2026-10-06T08:32:09+00:00
persicaria breviochreata (makino) ohki,Persicaria breviochreata (Makino) Ohki,4036556,EXACT,ACCEPTED,4036556,,self,,,,,,2026-10-06T08:32:09+00:00
"pidonia (cryptopidonia) insuturata pic, 1901","Pidonia (Cryptopidonia) insuturata Pic, 1901",1123966,EXACT,ACCEPTED,1123966,,self,,,,,,2026-10-06T08:32:09+00:00
persicaria erectminor (makino) nakai,Persicaria erectminor (Makino) Nakai,8173418,FUZZY,ACCEPTED,,,n/a,unresolved,fuzzy_spelling,,,,2026-10-06T08:32:23+00:00
"alosterna chalybeella (bates, 1884)","Alosterna chalybeella (Bates, 1884)",1103901,EXACT,ACCEPTED,1103901,,self,,,,,,2026-10-06T08:32:09+00:00
persicaria thunbergii (siebold & zucc.) h.gross var. coreana (h.lev.) nakai,Persicaria thunbergii (Siebold & Zucc.) H.Gross var. coreana (H.Lev.) Nakai,12326886,EXACT,SYNONYM,7445007,Persicaria debilis (Meisn.) H.Gross ex W.Lee,api,,,,,,2026-10-06T08:32:23+00:00
"strangalia takeuchii matsushita & tamanuki, 1935","Strangalia takeuchii Matsushita & Tamanuki, 1935",5998273,EXACT,ACCEPTED,5998273,,self,,,,,,2026-10-06T08:32:09+00:00
rumex trisetifer stokes,Rumex trisetifer Stokes,4035268,EXACT,ACCEPTED,4035268,,self,,,,,,2026-10-06T08:32:09+00:00
"chlorophorus diadema inhirsutus matsushita, 1934","Chlorophorus diadema inhirsutus Matsushita, 1934",6270379,EXACT,ACCEPTED,6270379,,self,,,,,,2026-10-06T08:32:09+00:00
spergularia marina (l.) griseb.,Spergularia marina (L.) Griseb.,3085658,EXACT,SYNONYM,7736551,Spergularia marina (L.) Besser,api,,,,,,2026-10-06T08:32:23+00:00
"donacia splendens jacobson, 1894","Donacia splendens Jacobson, 1894",8306180,EXACT,DOUBTFUL,,,api,,,,,,2026-10-06T08:32:23+00:00
chenopodium acuminatum willd. var. vachelii (hook. & arn.) moq.,Chenopodium acuminatum Willd. var. vachelii (Hook. & Arn.) Moq.,7427477,EXACT,SYNONYM,3760713,Chenopodium acuminatum Willd.,api,,,,,,2026-10-06T08:32:23+00:00
"donacia bicoloricornis chen, 1941","Donacia bicoloricornis Chen, 1941",5876087,EXACT,ACCEPTED,5876087,,self,,,,,,2026-10-06T08:32:09+00:00
chenopodium gracilispicum h.w.kung,Chenopodium gracilispicum H.W.Kung,7340042,EXACT,SYNONYM,9654394,Chenopodiastrum gracilispicum (H.W.Kung) Uotila,api,,,,,,2026-10-06T08:32:23+00:00
"chrysolina (erythrochrysa) virgata (motschulsky, 1860)","Chrysolina (Erythrochrysa) virgata (Motschulsky, 1860)",10817425,EXACT,ACCEPTED,10817425,,self,,,,,,2026-10-06T08:32:09+00:00
lysimachia barystachys bunge,Lysimachia barystachys Bunge,3169347,EXACT,ACCEPTED,3169347,,self,,,,,,2026-10-06T08:32:09+00:00
"pyrrhalta nigromarginata (jacoby, 1885)","Pyrrhalta nigromarginata (Jacoby, 1885)",1048932,HIGHERRANK,ACCEPTED,,,n/a,unresolved,higher_rank,,,,2026-10-06T08:32:23+00:00
primula japonica a.gray,Primula japonica A.Gray,5414324,EXACT,ACCEPTED,5414324,,self,,,,,,2026-10-06T08:32:09+00:00
"altica latericosta subcostata ohno, 1960","Altica latericosta subcostata Ohno, 1960",1047649,HIGHERRANK,ACCEPTED,,,n/a,unresolved,higher_rank,,,,2026-10-06T08:32:23+00:00
enkianthus cernuus (siebold & zucc.) makino,Enkianthus cernuus (Siebold & Zucc.) Makino,4169875,EXACT,ACCEPTED,4169875,,self,,,,,,2026-10-06T08:32:09+00:00
"neocrepidodera sibirica (pic, 1909)","Neocrepidodera sibirica (Pic, 1909)",8030781,EXACT,ACCEPTED,8030781,,self,,,,,,2026-10-06T08:32:09+00:00
rhododendron reticulatum d.don ex g.don,Rhododendron reticulatum D.Don ex G.Don,7327850,EXACT,ACCEPTED,7327850,,self,,,,,,2026-10-06T08:32:09+00:00
"lema (lema) cyanella (linnaeus, 1758)","Lema (Lema) cyanella (Linnaeus, 1758)",4461529,EXACT,ACCEPTED,4461529,,self,,,,,,2026-10-06T08:32:09+00:00
vaccinium bracteatum thunb.,Vaccinium bracteatum Thunb.,7136320,EXACT,ACCEPTED,7136320,,self,,,,,,2026-10-06T08:32:09+00:00
"cassida vibex linné, 1767","Cassida vibex Linné, 1767",6097779,EXACT,ACCEPTED,6097779,,self,,,,,,2026-10-06T08:32:09+00:00
anodendron affine (hook. & arn.) druce,Anodendron affine (Hook. & Arn.) Druce,7316804,EXACT,ACCEPTED,7316804,,self,,,,,,2026-10-06T08:32:09+00:00
"coptocephala orientalis baly, 1873","Coptocephala orientalis Baly, 1873",4406318,HIGHERRANK,ACCEPTED,,,n/a,unresolved,higher_rank,,,,2026-10-06T08:32:23+00:00
vincetoxicum macrophyllum siebold & zucc. var. nikoense maxim.,Vincetoxicum macrophyllum Siebold & Zucc. var. nikoense Maxim.,8389139,EXACT,SYNONYM,5525572,Vincetoxicum inamoenum Maxim.,api,,,,,,2026-10-06T08:32:23+00:00
"cryptocephalus limbatipennis jacoby, 1885","Cryptocephalus limbatipennis Jacoby, 1885",1048649,HIGHERRANK,ACCEPTED,,,n/a,unresolved,higher_rank,,,,2026-10-06T08:32:23+00:00
heliotropium japonicum a.gray,Heliotropium japonicum A.Gray,4064947,EXACT,SYNONYM,2925916,Tournefortia sibirica L.,api,,,,,,2026-10-06T08:32:23+00:00
"nanophyes marmoratus (goeze, 1777)","Nanophyes marmoratus (Goeze, 1777)",1173721,EXACT,DOUBTFUL,,,api,,,,,,2026-10-06T08:32:23+00:00
lithospermum murasaki siebold,Lithospermum murasaki Siebold,4061380,EXACT,SYNONYM,2926087,Lithospermum erythrorhizon Siebold & Zucc.,api,,,,,,2026-10-06T08:32:23+00:00
"bagous kagiashi chûjô & morimoto, 1959","Bagous kagiashi Chûjô & Morimoto, 1959",1244536,EXACT,ACCEPTED,1244536,,self,,,,,,2026-10-06T08:32:09+00:00
"nihon krameri (franch. & sav.) a.otero, jim.mejias, valcarcel & p.vargas","Nihon krameri (Franch. & Sav.) A.Otero, Jim.Mejias, Valcarcel & P.Vargas",10992782,EXACT,ACCEPTED,10992782,,self,,,,,,2026-10-06T08:32:09+00:00
"lepyrus nebulosus motschulsky, 1860","Lepyrus nebulosus Motschulsky, 1860",1184892,EXACT,ACCEPTED,1184892,,self,,,,,,2026-10-06T08:32:09+00:00
veronica rotunda nakai var. petiolata (nakai) albach,Veronica rotunda Nakai var. petiolata (Nakai) Albach,3726761,EXACT,ACCEPTED,3726761,,self,,,,,,2026-10-06T08:32:09+00:00
"limnobaris albosparsa reitter, 1910","Limnobaris albosparsa Reitter, 1910",1203556,EXACT,ACCEPTED,1203556,,self,,,,,,2026-10-06T08:32:09+00:00
veronicastrum japonicum (nakai) t.yamaz.,Veronicastrum japonicum (Nakai) T.Yamaz.,7331536,EXACT,ACCEPTED,7331536,,self,,,,,,2026-10-06T08:32:09+00:00
"limnobaris babai chûjô & morimoto, 1959","Limnobaris babai Chûjô & Morimoto, 1959",1203502,EXACT,ACCEPTED,1203502,,self,,,,,,2026-10-06T08:32:09+00:00
utricularia uliginosa vahl,Utricularia uliginosa Vahl,3172443,EXACT,ACCEPTED,3172443,,self,,,,,,2026-10-06T08:32:09+00:00
"callytron yuasai (nakane, 1955)","Callytron yuasai (Nakane, 1955)",7346592,EXACT,ACCEPTED,7346592,,self,,,,,,2026-10-06T08:32:09+00:00
ajuga shikotanensis miyabe & tatew.,Ajuga shikotanensis Miyabe & Tatew.,3886565,EXACT,ACCEPTED,3886565,,self,,,,,,2026-10-06T08:32:09+00:00
"carabus (hemicarabus) tuberculosus dejean & boisduval, 1829","Carabus (Hemicarabus) tuberculosus Dejean & Boisduval, 1829",9353595,EXACT,ACCEPTED,9353595,,self,,,,,,2026-10-06T08:32:09+00:00
pogostemon stellatus (lour.) kuntze,Pogostemon stellatus (Lour.) Kuntze,7308820,EXACT,ACCEPTED,7308820,,self,,,,,,2026-10-06T08:32:09+00:00
"omophron (omophron) aequale aequale morawitz, 1863","Omophron (Omophron) aequale aequale Morawitz, 1863",8901144,EXACT,ACCEPTED,8901144,,self,,,,,,2026-10-06T08:32:09+00:00
isodon umbrosus (maxim.) h.hara var. leucanthus (murai) k.asano,Isodon umbrosus (Maxim.) H.Hara var. leucanthus (Murai) K.Asano,5608810,EXACT,SYNONYM,7308525,Isodon umbrosus (Maxim.) H.Hara,api,,,,,,2026-10-06T08:32:23+00:00
"scarites (parallelomorphus) aterrimus morawitz, 1863","Scarites (Parallelomorphus) aterrimus Morawitz, 1863",8111896,EXACT,ACCEPTED,8111896,,self,,,,,,2026-10-06T08:32:09+00:00
leonurus macranthus maxim.,Leonurus macranthus Maxim.,7307526,EXACT,ACCEPTED,7307526,,self,,,,,,2026-10-06T08:32:09+00:00
"dyschirius (paradyschirius) steno bates, 1873","Dyschirius (Paradyschirius) steno Bates, 1873",8142047,EXACT,ACCEPTED,8142047,,self,,,,,,2026-10-06T08:32:09+00:00
euphrasia insignis wettst. subsp. iinumae (takeda) t.yamaz. var. idzuensis (takeda) t.yamaz.,Euphrasia insignis Wettst. subsp. iinumae (Takeda) T.Yamaz. var. idzuensis (Takeda) T.Yamaz.,8304972,EXACT,ACCEPTED,8304972,,self,,,,,,2026-10-06T08:32:09+00:00
"craspedonotus tibialis schaum, 1863","Craspedonotus tibialis Schaum, 1863",7729763,EXACT,ACCEPTED,7729763,,self,,,,,,2026-10-06T08:32:09+00:00
euphrasia maximowiczii wettst.,Euphrasia maximowiczii Wettst.,7564025,EXACT,DOUBTFUL,,,api,,,,,,2026-10-06T08:32:23+00:00
"blemus discus (fabricius, 1792)","Blemus discus (Fabricius, 1792)",4478057,EXACT,ACCEPTED,4478057,,self,,,,,,2026-10-06T08:32:09+00:00
siphonostegia laeta s.moore,Siphonostegia laeta S.Moore,3732285,EXACT,ACCEPTED,3732285,,self,,,,,,2026-10-06T08:32:09+00:00
"sakagutia marina s. uéno, 1954","Sakagutia marina S. Uéno, 1954",8179147,EXACT,SYNONYM,7510997,"Bembidion umi Sasakawa, 2007",api,,,,,,2026-10-06T08:32:23+00:00
ilex geniculata maxim.,Ilex geniculata Maxim.,5533668,EXACT,ACCEPTED,5533668,,self,,,,,,2026-10-06T08:32:09+00:00
"brachinus incomptus bates, 1873","Brachinus incomptus Bates, 1873",8193167,EXACT,ACCEPTED,8193167,,self,,,,,,2026-10-06T08:32:09+00:00
cirsium dipsacolepis (maxim.) matsum.,Cirsium dipsacolepis (Maxim.) Matsum.,3113091,EXACT,ACCEPTED,3113091,,self,,,,,,2026-10-06T08:32:09+00:00
"pterostichus (platysma) eschscholtzi (germar, 1824)","Pterostichus (Platysma) eschscholtzi (Germar, 1824)",7455759,FUZZY,ACCEPTED,,,n/a,unresolved,genus_or_higher,,,,2026-10-06T08:32:23+00:00
cirsium maritimum makino,Cirsium maritimum Makino,8108947,EXACT,ACCEPTED,8108947,,self,,,,,,2026-10-06T08:32:09+00:00
"synuchus (synuchus) callitheres (bates, 1873)","Synuchus (Synuchus) callitheres (Bates, 1873)",7903125,EXACT,ACCEPTED,7903125,,self,,,,,,2026-10-06T08:32:09+00:00
cirsium sieboldii miq.,Cirsium sieboldii Miq.,3112601,EXACT,ACCEPTED,3112601,,self,,,,,,2026-10-06T08:32:09+00:00
"stenolophus (stenolophus) taoi kasahara, 1989","Stenolophus (Stenolophus) taoi Kasahara, 1989",7806824,EXACT,ACCEPTED,7806824,,self,,,,,,2026-10-06T08:32:09+00:00
erigeron thunbergii a.gray,Erigeron thunbergii A.Gray,3147413,EXACT,ACCEPTED,3147413,,self,,,,,,2026-10-06T08:32:09+00:00
"badister (baudia) nigriceps morawitz, 1863","Badister (Baudia) nigriceps Morawitz, 1863",7513899,EXACT,ACCEPTED,7513899,,self,,,,,,2026-10-06T08:32:09+00:00
eupatorium lindleyanum dc. var. yasushii tuyama,Eupatorium lindleyanum DC. var. yasushii Tuyama,6296550,EXACT,ACCEPTED,6296550,,self,,,,,,2026-10-06T08:32:09+00:00
"panagaeus (panagaeus) japonicus chaudoir, 1861","Panagaeus (Panagaeus) japonicus Chaudoir, 1861",8037456,EXACT,ACCEPTED,8037456,,self,,,,,,2026-10-06T08:32:09+00:00
pseudognaphalium hypoleucum (dc.) hilliard & b.l.burtt,Pseudognaphalium hypoleucum (DC.) Hilliard & B.L.Burtt,3101068,EXACT,ACCEPTED,3101068,,self,,,,,,2026-10-06T08:32:09+00:00
"peronomerus auripilis bates, 1883","Peronomerus auripilis Bates, 1883",7623419,EXACT,ACCEPTED,7623419,,self,,,,,,2026-10-06T08:32:09+00:00
hieracium umbellatum l.,Hieracium umbellatum L.,3135329,EXACT,ACCEPTED,3135329,,self,,,,,,2026-10-06T08:32:09+00:00
"pseudoodes vicarius (bates, 1873)","Pseudoodes vicarius (Bates, 1873)",10717673,EXACT,ACCEPTED,10717673,,self,,,,,,2026-10-06T08:32:09+00:00
ixeris chinensis (thunb.) nakai subsp. strigosa (h.lev. & vaniot) kitam.,Ixeris chinensis (Thunb.) Nakai subsp. strigosa (H.Lev. & Vaniot) Kitam.,6292580,EXACT,ACCEPTED,6292580,,self,,,,,,2026-10-06T08:32:09+00:00
"odacantha (odacantha) puziloi solsky, 1875","Odacantha (Odacantha) puziloi Solsky, 1875",7662959,EXACT,ACCEPTED,7662959,,self,,,,,,2026-10-06T08:32:09+00:00
ligularia angusta (nakai) kitam.,Ligularia angusta (Nakai) Kitam.,5395434,EXACT,ACCEPTED,5395434,,self,,,,,,2026-10-06T08:32:09+00:00
"cymindis (menas) daimio bates, 1873","Cymindis (Menas) daimio Bates, 1873",8423323,EXACT,ACCEPTED,8423323,,self,,,,,,2026-10-06T08:32:09+00:00
ligularia fischeri (ledeb.) turcz.,Ligularia fischeri (Ledeb.) Turcz.,5395398,EXACT,ACCEPTED,5395398,,self,,,,,,2026-10-06T08:32:09+00:00
"drypta (drypta) fulveola bates, 1883","Drypta (Drypta) fulveola Bates, 1883",7422670,EXACT,ACCEPTED,7422670,,self,,,,,,2026-10-06T08:32:09+00:00
parasenecio adenostyloides (franch. & sav. ex maxim.) h.koyama,Parasenecio adenostyloides (Franch. & Sav. ex Maxim.) H.Koyama,3090530,EXACT,ACCEPTED,3090530,,self,,,,,,2026-10-06T08:32:09+00:00
"noterus japonicus sharp, 1873","Noterus japonicus Sharp, 1873",7000763,EXACT,ACCEPTED,7000763,,self,,,,,,2026-10-06T08:32:09+00:00
parasenecio farfarifolius (siebold & zucc.) h.koyama var. acerinus (makino) h.koyama,Parasenecio farfarifolius (Siebold & Zucc.) H.Koyama var. acerinus (Makino) H.Koyama,4246920,EXACT,ACCEPTED,4246920,,self,,,,,,2026-10-06T08:32:09+00:00
"allopachria flavomaculata (kamiya, 1938)","Allopachria flavomaculata (Kamiya, 1938)",6000120,EXACT,ACCEPTED,6000120,,self,,,,,,2026-10-06T08:32:09+00:00
saussurea pulchella (fisch. ex hornem.) fisch.,Saussurea pulchella (Fisch. ex Hornem.) Fisch.,5404202,EXACT,ACCEPTED,5404202,,self,,,,,,2026-10-06T08:32:09+00:00
"hydrovatus acuminatus motschulsky, 1860","Hydrovatus acuminatus Motschulsky, 1860",5874335,EXACT,ACCEPTED,5874335,,self,,,,,,2026-10-06T08:32:09+00:00
saussurea tanakae franch. & sav. ex maxim.,Saussurea tanakae Franch. & Sav. ex Maxim.,5404328,EXACT,ACCEPTED,5404328,,self,,,,,,2026-10-06T08:32:09+00:00
"agabus conspicuus sharp, 1873","Agabus conspicuus Sharp, 1873",6001972,EXACT,ACCEPTED,6001972,,self,,,,,,2026-10-06T08:32:09+00:00
tephroseris pierotii (miq.) holub,Tephroseris pierotii (Miq.) Holub,3131085,EXACT,ACCEPTED,3131085,,self,,,,,,2026-10-06T08:32:09+00:00
"hydaticus bowringii clark, 1864","Hydaticus bowringii Clark, 1864",5874053,EXACT,ACCEPTED,5874053,,self,,,,,,2026-10-06T08:32:09+00:00
taraxacum venustum h.koidz. subsp. venustum,Taraxacum venustum H.Koidz. subsp. venustum,5394543,HIGHERRANK,ACCEPTED,,,n/a,unresolved,infraspecific_collapsed,,,,2026-10-06T08:32:23+00:00
"amphiops mater sharp, 1873","Amphiops mater Sharp, 1873",8590416,EXACT,ACCEPTED,8590416,,self,,,,,,2026-10-06T08:32:09+00:00
viburnum urceolatum siebold & zucc.,Viburnum urceolatum Siebold & Zucc.,7272689,EXACT,ACCEPTED,7272689,,self,,,,,,2026-10-06T08:32:09+00:00
"hypocaccus (hypocaccus) lewisii (schmidt, 1890)","Hypocaccus (Hypocaccus) lewisii (Schmidt, 1890)",5993084,EXACT,ACCEPTED,5993084,,self,,,,,,2026-10-06T08:32:09+00:00
evodiopanax innovans (siebold & zucc.) nakai,Evodiopanax innovans (Siebold & Zucc.) Nakai,3037448,EXACT,SYNONYM,3037446,"Gamblea innovans (Siebold & Zucc.) C.B.Shang, Lowry & Frodin",api,,,,,,2026-10-06T08:32:23+00:00
"hypocaccus (hypocaccus) subaeneus (schmidt, 1890)","Hypocaccus (Hypocaccus) subaeneus (Schmidt, 1890)",5993080,EXACT,ACCEPTED,5993080,,self,,,,,,2026-10-06T08:32:09+00:00
angelica edulis miyabe ex y.yabe,Angelica edulis Miyabe ex Y.Yabe,7928341,EXACT,DOUBTFUL,,,api,,,,,,2026-10-06T08:32:23+00:00
"eopachylopus ripae (lewis, 1885)","Eopachylopus ripae (Lewis, 1885)",5995540,EXACT,ACCEPTED,5995540,,self,,,,,,2026-10-06T08:32:09+00:00
bupleurum falcatum l.,Bupleurum falcatum L.,6027105,EXACT,ACCEPTED,6027105,,self,,,,,,2026-10-06T08:32:09+00:00
"ipelates striatipennis (lewis, 1893)","Ipelates striatipennis (Lewis, 1893)",10215319,EXACT,ACCEPTED,10215319,,self,,,,,,2026-10-06T08:32:09+00:00
bupleurum longiradiatum turcz. var. breviradiatum f.schmidt,Bupleurum longiradiatum Turcz. var. breviradiatum F.Schmidt,6307299,EXACT,SYNONYM,6027041,Bupleurum longiradiatum Turcz.,api,,,,,,2026-10-06T08:32:23+00:00
"nicrophorus japonicus harold, 1877","Nicrophorus japonicus Harold, 1877",1038988,EXACT,ACCEPTED,1038988,,self,,,,,,2026-10-06T08:32:09+00:00
dystaenia ibukiensis (y.yabe) kitag.,Dystaenia ibukiensis (Y.Yabe) Kitag.,3635482,EXACT,ACCEPTED,3635482,,self,,,,,,2026-10-06T08:32:09+00:00
"physoplectus reikoae (sawada, 1992)","Physoplectus reikoae (Sawada, 1992)",8179774,EXACT,ACCEPTED,8179774,,self,,,,,,2026-10-06T08:32:09+00:00
sium ninsi l.,Sium ninsi L.,7799736,EXACT,ACCEPTED,7799736,,self,,,,,,2026-10-06T08:32:09+00:00
"platycerus acuticollis y. kurosawa, 1969","Platycerus acuticollis Y. Kurosawa, 1969",8168606,EXACT,ACCEPTED,8168606,,self,,,,,,2026-10-06T08:32:09+00:00
huperzia miyoshiana (makino) ching,Huperzia miyoshiana (Makino) Ching,2688461,EXACT,ACCEPTED,2688461,,self,,,,,,2026-10-06T08:32:09+00:00
"leiopsammodius japonicus (harold, 1878)","Leiopsammodius japonicus (Harold, 1878)",1067661,EXACT,ACCEPTED,1067661,,self,,,,,,2026-10-06T08:32:09+00:00
selaginella helvetica (l.) spring,Selaginella helvetica (L.) Spring,7452468,EXACT,ACCEPTED,7452468,,self,,,,,,2026-10-06T08:32:09+00:00
"polyphylla (granida) albolineata (motschulsky, 1861)","Polyphylla (Granida) albolineata (Motschulsky, 1861)",1057396,EXACT,ACCEPTED,1057396,,self,,,,,,2026-10-06T08:32:09+00:00
botrychium multifidum (gmel.) rupr. var. multifidum,Botrychium multifidum (Gmel.) Rupr. var. multifidum,7321453,EXACT,SYNONYM,7321468,Sceptridium multifidum (S.G.Gmel.) M.Nishida ex Tagawa,api,,,,,,2026-10-06T08:32:23+00:00
"osmoderma opicum lewis, 1887","Osmoderma opicum Lewis, 1887",1079598,EXACT,ACCEPTED,1079598,,self,,,,,,2026-10-06T08:32:09+00:00
angiopteris lygodiifolia rosenst.,Angiopteris lygodiifolia Rosenst.,5615707,EXACT,ACCEPTED,5615707,,self,,,,,,2026-10-06T08:32:09+00:00
"buprestis (ancylocheira) haemorrhoidalis japanensis e. saunders, 1873","Buprestis (Ancylocheira) haemorrhoidalis japanensis E. Saunders, 1873",9402027,EXACT,ACCEPTED,9402027,,self,,,,,,2026-10-06T08:32:09+00:00
osmundastrum cinnamomeum (l.) c.preasl var. fokiense (copel.) tagawa,Osmundastrum cinnamomeum (L.) C.Preasl var. fokiense (Copel.) Tagawa,7371229,EXACT,SYNONYM,7958484,Osmundastrum cinnamomeum subsp. asiaticum (Fernald) Fraser-Jenk.,api,,,,,,2026-10-06T08:32:23+00:00
"intybia niponica (lewis, 1895)","Intybia niponica (Lewis, 1895)",10739993,EXACT,ACCEPTED,10739993,,self,,,,,,2026-10-06T08:32:09+00:00
hymenophyllum oligosorum makino,Hymenophyllum oligosorum Makino,3607499,EXACT,ACCEPTED,3607499,,self,,,,,,2026-10-06T08:32:09+00:00
"scymnus (neopullus) yamato h. kamiya, 1961","Scymnus (Neopullus) yamato H. Kamiya, 1961",1,HIGHERRANK,ACCEPTED,,,n/a,unresolved,genus_or_higher,,,,2026-10-06T08:32:23+00:00
vandenboschia miuraensis ebihara,Vandenboschia miuraensis Ebihara,7510725,EXACT,ACCEPTED,7510725,,self,,,,,,2026-10-06T08:32:09+00:00
"promethis insomnis (lewis, 1894)","Promethis insomnis (Lewis, 1894)",4724936,HIGHERRANK,ACCEPTED,,,n/a,unresolved,higher_rank,,,,2026-10-06T08:32:23+00:00
odontosoria biflora (kaulf.) c.chr.,Odontosoria biflora (Kaulf.) C.Chr.,3606057,EXACT,ACCEPTED,3606057,,self,,,,,,2026-10-06T08:32:09+00:00
"toxotinus reinii (heyden, 1879)","Toxotinus reinii (Heyden, 1879)",5004821,EXACT,ACCEPTED,5004821,,self,,,,,,2026-10-06T08:32:09+00:00
histiopteris incisa (thunb.) j.sm.,Histiopteris incisa (Thunb.) J.Sm.,2650774,EXACT,ACCEPTED,2650774,,self,,,,,,2026-10-06T08:32:09+00:00
"pachypidonia bodemeyeri (pic, 1934)","Pachypidonia bodemeyeri (Pic, 1934)",1102932,EXACT,ACCEPTED,1102932,,self,,,,,,2026-10-06T08:32:09+00:00
antrophyum obovatum baker,Antrophyum obovatum Baker,4047850,EXACT,ACCEPTED,4047850,,self,,,,,,2026-10-06T08:32:09+00:00
"leptura kusamai kusamai ohbayashi & nakane, 1955","Leptura kusamai kusamai Ohbayashi & Nakane, 1955",8908645,EXACT,SYNONYM,6269501,"Leptura kusamai Ohbayashi & Nakane, 1955",api,,,,,,2026-10-06T08:32:23+00:00
pteris fauriei hieron.,Pteris fauriei Hieron.,11253557,EXACT,ACCEPTED,11253557,,self,,,,,,2026-10-06T08:32:09+00:00
"necydalis (necydalisca) solida bates, 1884","Necydalis (Necydalisca) solida Bates, 1884",1148832,EXACT,ACCEPTED,1148832,,self,,,,,,2026-10-06T08:32:09+00:00
pteris wallichiana j.agardh,Pteris wallichiana J.Agardh,7310164,EXACT,ACCEPTED,7310164,,self,,,,,,2026-10-06T08:32:09+00:00
"obrium nakanei ohbayashi,1959","Obrium nakanei Ohbayashi,1959",1097957,EXACT,ACCEPTED,1097957,,self,,,,,,2026-10-06T08:32:09+00:00
acystopteris japonica (luerss.) nakai,Acystopteris japonica (Luerss.) Nakai,4015561,EXACT,ACCEPTED,4015561,,self,,,,,,2026-10-06T08:32:09+00:00
"acalolepta degener (bates, 1873)","Acalolepta degener (Bates, 1873)",1117778,EXACT,ACCEPTED,1117778,,self,,,,,,2026-10-06T08:32:09+00:00
asplenium wrightii d.c.eaton ex hook.,Asplenium wrightii D.C.Eaton ex Hook.,7758614,EXACT,ACCEPTED,7758614,,self,,,,,,2026-10-06T08:32:09+00:00
"leiopus guttatus (bates, 1873)","Leiopus guttatus (Bates, 1873)",5999218,EXACT,SYNONYM,7671265,"Acanthocinus guttatus (Bates, 1873)",api,,,,,,2026-10-06T08:32:23+00:00
"thelypteris musashiensis (hiyama) nakato, sahashi & m.kato","Thelypteris musashiensis (Hiyama) Nakato, Sahashi & M.Kato",5666259,EXACT,SYNONYM,11482185,Coryphopteris musashiensis (Hiyama) S.E.Fawc. & A.R.Sm.,api,,,,,,2026-10-06T08:32:23+00:00
"thyestilla gebleri (faldermann, 1835)","Thyestilla gebleri (Faldermann, 1835)",1129751,EXACT,ACCEPTED,1129751,,self,,,,,,2026-10-06T08:32:09+00:00
thelypteris parasitica (l.) tardieu,Thelypteris parasitica (L.) Tardieu,7621509,EXACT,SYNONYM,4083193,Christella parasitica (L.) H.Lév.,api,,,,,,2026-10-06T08:32:23+00:00
"cassida sigillata (gorham, 1885)","Cassida sigillata (Gorham, 1885)",6276737,EXACT,ACCEPTED,6276737,,self,,,,,,2026-10-06T08:32:09+00:00
athyrium deltoidofrons makino,Athyrium deltoidofrons Makino,7289141,EXACT,ACCEPTED,7289141,,self,,,,,,2026-10-06T08:32:09+00:00
"cryptocephalus tetradecaspilotus baly, 1873","Cryptocephalus tetradecaspilotus Baly, 1873",6132044,EXACT,ACCEPTED,6132044,,self,,,,,,2026-10-06T08:32:09+00:00
athyrium imbricatum h.christ,Athyrium imbricatum H.Christ,5644799,EXACT,SYNONYM,5644114,Athyrium distans (D.Don) T.Moore,api,,,,,,2026-10-06T08:32:23+00:00
"nanophyes japonicus roelofs, 1879","Nanophyes japonicus Roelofs, 1879",1,HIGHERRANK,ACCEPTED,,,n/a,unresolved,higher_rank,,,,2026-10-06T08:32:23+00:00
athyrium iseanum rosenst. var. angustisectum tagawa,Athyrium iseanum Rosenst. var. angustisectum Tagawa,8340182,EXACT,ACCEPTED,8340182,,self,,,,,,2026-10-06T08:32:09+00:00
"phyllobius (phyllobius) japonicus faust, 1889","Phyllobius (Phyllobius) japonicus Faust, 1889",7408468,EXACT,ACCEPTED,7408468,,self,,,,,,2026-10-06T08:32:09+00:00
cornopteris crenulatoserrulata (makino) nakai,Cornopteris crenulatoserrulata (Makino) Nakai,7228804,EXACT,ACCEPTED,7228804,,self,,,,,,2026-10-06T08:32:09+00:00
"bembidion (asioperyphus) collutum semiluitum bates, 1883","Bembidion (Asioperyphus) collutum semiluitum Bates, 1883",9007732,EXACT,ACCEPTED,9007732,,self,,,,,,2026-10-06T08:32:09+00:00
deparia pseudoconilii (seriz.) seriz. var. subdeltoidofrons (seriz.) seriz.,Deparia pseudoconilii (Seriz.) Seriz. var. subdeltoidofrons (Seriz.) Seriz.,4016229,EXACT,ACCEPTED,4016229,,self,,,,,,2026-10-06T08:32:09+00:00
"bembidion (aureoplataphus) aureofuscum bates, 1883","Bembidion (Aureoplataphus) aureofuscum Bates, 1883",8295869,EXACT,ACCEPTED,8295869,,self,,,,,,2026-10-06T08:32:09+00:00
deparia mucilagina (m.kato) nakaike,Deparia mucilagina (M.Kato) Nakaike,4016396,EXACT,SYNONYM,4016193,Deparia pycnosora var. mucilagina M.Kato,api,,,,,,2026-10-06T08:32:23+00:00
"dischissus mirandus bates, 1873","Dischissus mirandus Bates, 1873",7861550,EXACT,ACCEPTED,7861550,,self,,,,,,2026-10-06T08:32:09+00:00
deparia viridifrons (makino) m.kato,Deparia viridifrons (Makino) M.Kato,4016126,EXACT,ACCEPTED,4016126,,self,,,,,,2026-10-06T08:32:09+00:00
"liusus hilleri (weise, 1877)","Liusus hilleri (Weise, 1877)",7394486,EXACT,ACCEPTED,7394486,,self,,,,,,2026-10-06T08:32:09+00:00
diplazium hayatamae n.ohta & m.takamiya,Diplazium hayatamae N.Ohta & M.Takamiya,4015053,EXACT,ACCEPTED,4015053,,self,,,,,,2026-10-06T08:32:09+00:00
"polyphylla (gynexophylla) laticollis lewis, 1887","Polyphylla (Gynexophylla) laticollis Lewis, 1887",1057485,EXACT,ACCEPTED,1057485,,self,,,,,,2026-10-06T08:32:09+00:00
diplazium mettenianum (miq.) c.chr.,Diplazium mettenianum (Miq.) C.Chr.,4016177,EXACT,ACCEPTED,4016177,,self,,,,,,2026-10-06T08:32:09+00:00
"protaetia (liocola) cataphracta arrow, 1913","Protaetia (Liocola) cataphracta Arrow, 1913",1080887,EXACT,ACCEPTED,1080887,,self,,,,,,2026-10-06T08:32:09+00:00
arachniodes mutica (franch. & sav.) ohwi,Arachniodes mutica (Franch. & Sav.) Ohwi,4039922,EXACT,ACCEPTED,4039922,,self,,,,,,2026-10-06T08:32:09+00:00
"sambus quadricolor e. saunders, 1873","Sambus quadricolor E. Saunders, 1873",7346545,EXACT,ACCEPTED,7346545,,self,,,,,,2026-10-06T08:32:09+00:00
dryopteris namegatae (sa.kurata) sa.kurata,Dryopteris namegatae (Sa.Kurata) Sa.Kurata,5654035,EXACT,ACCEPTED,5654035,,self,,,,,,2026-10-06T08:32:09+00:00
"luciola parvula kiesenwetter, 1874","Luciola parvula Kiesenwetter, 1874",6990496,EXACT,ACCEPTED,6990496,,self,,,,,,2026-10-06T08:32:09+00:00
dryopteris kuratae nakaike ex hoshiz. & k.a.wilson,Dryopteris kuratae Nakaike ex Hoshiz. & K.A.Wilson,5655860,EXACT,SYNONYM,5656858,Dryopteris pseudolunanensis Tagawa,api,,,,,,2026-10-06T08:32:23+00:00
"trachyscelis sabuleti lewis, 1894","Trachyscelis sabuleti Lewis, 1894",4408205,HIGHERRANK,ACCEPTED,,,n/a,unresolved,higher_rank,,,,2026-10-06T08:32:23+00:00
dryopteris shikokiana (makino) c.chr.,Dryopteris shikokiana (Makino) C.Chr.,5655133,EXACT,ACCEPTED,5655133,,self,,,,,,2026-10-06T08:32:09+00:00
"eurypoda (neoprion) batesi gahan, 1894","Eurypoda (Neoprion) batesi Gahan, 1894",1154615,EXACT,ACCEPTED,1154615,,self,,,,,,2026-10-06T08:32:09+00:00
dryopteris sieboldii (van houtte ex mett.) kuntze,Dryopteris sieboldii (van Houtte ex Mett.) Kuntze,7319438,EXACT,ACCEPTED,7319438,,self,,,,,,2026-10-06T08:32:09+00:00
"nothorhina punctata (fabricius, 1798)","Nothorhina punctata (Fabricius, 1798)",1153065,EXACT,ACCEPTED,1153065,,self,,,,,,2026-10-06T08:32:09+00:00
dryopteris tokyoensis (makino) c.chr.,Dryopteris tokyoensis (Makino) C.Chr.,5653708,EXACT,ACCEPTED,5653708,,self,,,,,,2026-10-06T08:32:09+00:00
"pidonia (pidonia) semiobscura pic, 1901","Pidonia (Pidonia) semiobscura Pic, 1901",1123746,EXACT,ACCEPTED,1123746,,self,,,,,,2026-10-06T08:32:09+00:00
polystichum braunii (spenn.) fee,Polystichum braunii (Spenn.) Fee,2651092,EXACT,ACCEPTED,2651092,,self,,,,,,2026-10-06T08:32:09+00:00
"leptura subtilis bates, 1884","Leptura subtilis Bates, 1884",6269488,EXACT,ACCEPTED,6269488,,self,,,,,,2026-10-06T08:32:09+00:00
goniophlebium niponicum (mett.) bedd.,Goniophlebium niponicum (Mett.) Bedd.,5733753,EXACT,ACCEPTED,5733753,,self,,,,,,2026-10-06T08:32:09+00:00
"pedostrangalia femoralis (motschulsky, 1860)","Pedostrangalia femoralis (Motschulsky, 1860)",1102019,EXACT,ACCEPTED,1102019,,self,,,,,,2026-10-06T08:32:09+00:00
tsuga diversifolia (maxim.) mast.,Tsuga diversifolia (Maxim.) Mast.,2687216,EXACT,ACCEPTED,2687216,,self,,,,,,2026-10-06T08:32:09+00:00
"margites (margites) fulvidus (pascoe, 1858)","Margites (Margites) fulvidus (Pascoe, 1858)",7760951,EXACT,ACCEPTED,7760951,,self,,,,,,2026-10-06T08:32:09+00:00
juniperus chinensis l. var. chinensis,Juniperus chinensis L. var. chinensis,7230664,EXACT,ACCEPTED,7230664,,self,,,,,,2026-10-06T08:32:09+00:00
"xystrocera globosa (olivier, 1795)","Xystrocera globosa (Olivier, 1795)",1128101,EXACT,ACCEPTED,1128101,,self,,,,,,2026-10-06T08:32:09+00:00
asarum sieboldii miq.,Asarum sieboldii Miq.,7313629,EXACT,ACCEPTED,7313629,,self,,,,,,2026-10-06T08:32:09+00:00
"hesperophanes (trichoferus) campestris (faldermann, 1835)","Hesperophanes (Trichoferus) campestris (Faldermann, 1835)",7431166,EXACT,SYNONYM,1151427,"Trichoferus campestris (Faldermann, 1835)",api,,,,,,2026-10-06T08:32:23+00:00
lindera erythrocarpa makino,Lindera erythrocarpa Makino,7304557,EXACT,ACCEPTED,7304557,,self,,,,,,2026-10-06T08:32:09+00:00
"mecynippus pubicornis bates, 1884","Mecynippus pubicornis Bates, 1884",1149120,EXACT,ACCEPTED,1149120,,self,,,,,,2026-10-06T08:32:09+00:00
hydrilla verticillata (l.f.) royle,Hydrilla verticillata (L.f.) Royle,5329570,EXACT,ACCEPTED,5329570,,self,,,,,,2026-10-06T08:32:09+00:00
"palimna liturata (bates, 1884)","Palimna liturata (Bates, 1884)",4739616,EXACT,ACCEPTED,4739616,,self,,,,,,2026-10-06T08:32:09+00:00
vallisneria asiatica miki,Vallisneria asiatica Miki,2865521,EXACT,SYNONYM,2865504,Vallisneria natans (Lour.) H.Hara,api,,,,,,2026-10-06T08:32:23+00:00
"pareutetrapha simulans (bates, 1873)","Pareutetrapha simulans (Bates, 1873)",1141318,EXACT,ACCEPTED,1141318,,self,,,,,,2026-10-06T08:32:09+00:00
potamogeton octandrus poir.,Potamogeton octandrus Poir.,7289642,EXACT,ACCEPTED,7289642,,self,,,,,,2026-10-06T08:32:09+00:00
"cagosima sanguinolenta thomson, 1864","Cagosima sanguinolenta Thomson, 1864",4739121,EXACT,ACCEPTED,4739121,,self,,,,,,2026-10-06T08:32:09+00:00
potamogeton pusillus l.,Potamogeton pusillus L.,8351789,EXACT,ACCEPTED,8351789,,self,,,,,,2026-10-06T08:32:09+00:00
"donacia splendens fairmaire, 1885","Donacia splendens Fairmaire, 1885",1049445,HIGHERRANK,ACCEPTED,,,n/a,unresolved,higher_rank,,,,2026-10-06T08:32:23+00:00
potamogeton berchtoldii fieber,Potamogeton berchtoldii Fieber,6389089,EXACT,ACCEPTED,6389089,,self,,,,,,2026-10-06T08:32:09+00:00
"orectochilus punctipennis sharp, 1884","Orectochilus punctipennis Sharp, 1884",7004784,EXACT,ACCEPTED,7004784,,self,,,,,,2026-10-06T08:32:09+00:00
lilium medeoloides a.gray,Lilium medeoloides A.Gray,2753445,EXACT,ACCEPTED,2753445,,self,,,,,,2026-10-06T08:32:09+00:00
"orectochilus regimbarti regimbarti sharp, 1884","Orectochilus regimbarti regimbarti Sharp, 1884",7004866,HIGHERRANK,ACCEPTED,,,n/a,unresolved,infraspecific_collapsed,,,,2026-10-06T08:32:23+00:00
tricyrtis affinis makino,Tricyrtis affinis Makino,2752080,EXACT,ACCEPTED,2752080,,self,,,,,,2026-10-06T08:32:09+00:00
"orectochilus agilis sharp, 1884","Orectochilus agilis Sharp, 1884",4408229,HIGHERRANK,ACCEPTED,,,n/a,unresolved,higher_rank,,,,2026-10-06T08:32:23+00:00
tricyrtis ishiiana (kitag. & t.koyama) ohwi & okuyama,Tricyrtis ishiiana (Kitag. & T.Koyama) Ohwi & Okuyama,2752104,EXACT,ACCEPTED,2752104,,self,,,,,,2026-10-06T08:32:09+00:00
"carabus (leptocarabus) arboreus fujisanus bates, 1883","Carabus (Leptocarabus) arboreus fujisanus Bates, 1883",9088235,EXACT,ACCEPTED,9088235,,self,,,,,,2026-10-06T08:32:09+00:00
bulbophyllum inconspicuum maxim.,Bulbophyllum inconspicuum Maxim.,2845950,EXACT,ACCEPTED,2845950,,self,,,,,,2026-10-06T08:32:09+00:00
"armatocillenus (desarmatocillenus) yokohamae (bates, 1883)","Armatocillenus (Desarmatocillenus) yokohamae (Bates, 1883)",9540070,EXACT,SYNONYM,9538964,"Bembidion yokohamae (Bates, 1883)",api,,,,,,2026-10-06T08:32:23+00:00
calanthe puberula lindl.,Calanthe puberula Lindl.,2795023,EXACT,ACCEPTED,2795023,,self,,,,,,2026-10-06T08:32:09+00:00
"pterostichus (phonias) longinquus bates, 1873","Pterostichus (Phonias) longinquus Bates, 1873",8221193,EXACT,ACCEPTED,8221193,,self,,,,,,2026-10-06T08:32:09+00:00
cephalanthera subaphylla miyabe & kudo,Cephalanthera subaphylla Miyabe & Kudo,2795927,EXACT,ACCEPTED,2795927,,self,,,,,,2026-10-06T08:32:09+00:00
"badister (badister) pictus bates, 1873","Badister (Badister) pictus Bates, 1873",7845286,EXACT,ACCEPTED,7845286,,self,,,,,,2026-10-06T08:32:09+00:00
cypripedium debile rchb.f.,Cypripedium debile Rchb.f.,2820323,EXACT,ACCEPTED,2820323,,self,,,,,,2026-10-06T08:32:09+00:00
"peronomerus nigrinus bates, 1873","Peronomerus nigrinus Bates, 1873",7696437,EXACT,ACCEPTED,7696437,,self,,,,,,2026-10-06T08:32:09+00:00
dendrobium moniliforme (l.) sw.,Dendrobium moniliforme (L.) Sw.,5317412,EXACT,ACCEPTED,5317412,,self,,,,,,2026-10-06T08:32:09+00:00
"archicolliuris bimaculata nipponica habu, 1963","Archicolliuris bimaculata nipponica Habu, 1963",8723484,EXACT,ACCEPTED,8723484,,self,,,,,,2026-10-06T08:32:09+00:00
ephippianthus sawadanus (f.maek.) ohwi ex masam. & satomi,Ephippianthus sawadanus (F.Maek.) Ohwi ex Masam. & Satomi,2842677,EXACT,ACCEPTED,2842677,,self,,,,,,2026-10-06T08:32:09+00:00
"haliplus sharpi wehncke, 1880","Haliplus sharpi Wehncke, 1880",5735867,EXACT,ACCEPTED,5735867,,self,,,,,,2026-10-06T08:32:09+00:00
gastrodia elata blume var. pallens kitag.,Gastrodia elata Blume var. pallens Kitag.,5951400,EXACT,SYNONYM,2813351,Gastrodia elata Blume,api,,,,,,2026-10-06T08:32:23+00:00
"hydaticus grammicus (germar, 1827)","Hydaticus grammicus (Germar, 1827)",10938155,EXACT,ACCEPTED,10938155,,self,,,,,,2026-10-06T08:32:09+00:00
goodyera hachijoensis yatabe var. hachijoensis,Goodyera hachijoensis Yatabe var. hachijoensis,2840780,HIGHERRANK,ACCEPTED,,,n/a,unresolved,infraspecific_collapsed,,,,2026-10-06T08:32:23+00:00
"rhantus suturalis (macleay, 1825)","Rhantus suturalis (MacLeay, 1825)",5753539,EXACT,ACCEPTED,5753539,,self,,,,,,2026-10-06T08:32:09+00:00
goodyera pendula maxim.,Goodyera pendula Maxim.,2840698,EXACT,ACCEPTED,2840698,,self,,,,,,2026-10-06T08:32:09+00:00
"hydrochara affinis (sharp, 1873)","Hydrochara affinis (Sharp, 1873)",10278903,EXACT,ACCEPTED,10278903,,self,,,,,,2026-10-06T08:32:09+00:00
habenaria sagittifera rchb.f.,Habenaria sagittifera Rchb.f.,2828723,EXACT,ACCEPTED,2828723,,self,,,,,,2026-10-06T08:32:09+00:00
"laccobius kunashiricus shatrovsky, 1984","Laccobius kunashiricus Shatrovsky, 1984",9961412,EXACT,ACCEPTED,9961412,,self,,,,,,2026-10-06T08:32:09+00:00
liparis fujisanensis f.maek. ex f. konta & s. matsumoto,Liparis fujisanensis F.Maek. ex F. Konta & S. Matsumoto,7489815,EXACT,ACCEPTED,7489815,,self,,,,,,2026-10-06T08:32:09+00:00
"regimbartia attenuata (fabricius, 1801)","Regimbartia attenuata (Fabricius, 1801)",6132495,EXACT,ACCEPTED,6132495,,self,,,,,,2026-10-06T08:32:09+00:00
liparis makinoana schltr.,Liparis makinoana Schltr.,5323056,EXACT,ACCEPTED,5323056,,self,,,,,,2026-10-06T08:32:09+00:00
"lucanus maculifemoratus motschulsky, 1861","Lucanus maculifemoratus Motschulsky, 1861",7466607,EXACT,ACCEPTED,7466607,,self,,,,,,2026-10-06T08:32:09+00:00
neottia makinoana (ohwi) szlach.,Neottia makinoana (Ohwi) Szlach.,2816302,EXACT,ACCEPTED,2816302,,self,,,,,,2026-10-06T08:32:09+00:00
"anthracophora rusticola burmeister, 1842","Anthracophora rusticola Burmeister, 1842",1080907,EXACT,ACCEPTED,1080907,,self,,,,,,2026-10-06T08:32:09+00:00
vanda falcata (thunb.) beer,Vanda falcata (Thunb.) Beer,2836611,EXACT,ACCEPTED,2836611,,self,,,,,,2026-10-06T08:32:09+00:00
"cryptalaus berus (candèze, 1865)","Cryptalaus berus (Candèze, 1865)",5878960,EXACT,ACCEPTED,5878960,,self,,,,,,2026-10-06T08:32:09+00:00
"neottia inagakii yagame, katsuy. & t.yukawa","Neottia inagakii Yagame, Katsuy. & T.Yukawa",3649892,EXACT,ACCEPTED,3649892,,self,,,,,,2026-10-06T08:32:09+00:00
"aquatica lateralis (motschulsky, 1860)","Aquatica lateralis (Motschulsky, 1860)",7360967,EXACT,ACCEPTED,7360967,,self,,,,,,2026-10-06T08:32:09+00:00
nervilia nipponica makino,Nervilia nipponica Makino,2836781,EXACT,ACCEPTED,2836781,,self,,,,,,2026-10-06T08:32:09+00:00
"pristolycus sagulatus sagulatus gorham, 1883","Pristolycus sagulatus sagulatus Gorham, 1883",8931772,EXACT,ACCEPTED,8931772,,self,,,,,,2026-10-06T08:32:09+00:00
platanthera florenti franch. & sav.,Platanthera florenti Franch. & Sav.,9159433,FUZZY,ACCEPTED,,,n/a,unresolved,fuzzy_spelling,,,,2026-10-06T08:32:23+00:00
"themus (themus) niisatoi m. satô & takahsahi, 1989","Themus (Themus) niisatoi M. Satô & Takahsahi, 1989",3259119,HIGHERRANK,ACCEPTED,,,n/a,unresolved,genus_or_higher,,,,2026-10-06T08:32:23+00:00
platanthera hologlottis maxim.,Platanthera hologlottis Maxim.,2797959,EXACT,ACCEPTED,2797959,,self,,,,,,2026-10-06T08:32:09+00:00
"lycocerus babai (m. satô, 1985)","Lycocerus babai (M. Satô, 1985)",4573120,HIGHERRANK,ACCEPTED,,,n/a,unresolved,higher_rank,,,,2026-10-06T08:32:23+00:00
platanthera japonica (thunb.) lindl.,Platanthera japonica (Thunb.) Lindl.,2798075,EXACT,ACCEPTED,2798075,,self,,,,,,2026-10-06T08:32:09+00:00
"hatchiana hirugatakensis (takahashi, 1992)","Hatchiana hirugatakensis (Takahashi, 1992)",4760407,HIGHERRANK,ACCEPTED,,,n/a,unresolved,higher_rank,,,,2026-10-06T08:32:23+00:00
platanthera mandarinorum rchb.f. var. oreades (franch & sav.) koidz.,Platanthera mandarinorum Rchb.f. var. oreades (Franch & Sav.) Koidz.,2798192,EXACT,SYNONYM,2798196,Platanthera oreades Franch. & Sav.,api,,,,,,2026-10-06T08:32:23+00:00
"asiopodabrus (asiopodabrus) ashigara takahashi, 2012","Asiopodabrus (Asiopodabrus) ashigara Takahashi, 2012",9010560,EXACT,ACCEPTED,9010560,,self,,,,,,2026-10-06T08:32:09+00:00
platanthera sachalinensis f.schmidt,Platanthera sachalinensis F.Schmidt,2798122,EXACT,ACCEPTED,2798122,,self,,,,,,2026-10-06T08:32:09+00:00
"asiopodabrus (asiopodabrus) hagai takahashi, 2012","Asiopodabrus (Asiopodabrus) hagai Takahashi, 2012",8839684,EXACT,ACCEPTED,8839684,,self,,,,,,2026-10-06T08:32:09+00:00
kuhlhasseltia nakaiana (f.maek.) ormerod,Kuhlhasseltia nakaiana (F.Maek.) Ormerod,2808879,EXACT,SYNONYM,10992179,Odontochilus nakaianus (F.Maek.) T.Yukawa,api,,,,,,2026-10-06T08:32:23+00:00
"temnoscheila japonica (reitter, 1875)","Temnoscheila japonica (Reitter, 1875)",10564931,EXACT,ACCEPTED,10564931,,self,,,,,,2026-10-06T08:32:09+00:00
iris ensata thunb. var. spontanea (makino) nakai ex makino & nemoto,Iris ensata Thunb. var. spontanea (Makino) Nakai ex Makino & Nemoto,9457492,EXACT,SYNONYM,5298900,Iris ensata Thunb.,api,,,,,,2026-10-06T08:32:23+00:00
iris gracilipes a.gray,Iris gracilipes A.Gray,5298321,EXACT,ACCEPTED,5298321,,self,,,,,,2026-10-06T08:32:09+00:00
"epuraea (aphenolia) pseudosoronia (reitter, 1884)","Epuraea (Aphenolia) pseudosoronia (Reitter, 1884)",12178441,EXACT,ACCEPTED,12178441,,self,,,,,,2026-10-06T08:32:09+00:00
allium monanthum maxim.,Allium monanthum Maxim.,2857379,EXACT,ACCEPTED,2857379,,self,,,,,,2026-10-06T08:32:09+00:00
"parabolitophagus felix (lewis, 1894)","Parabolitophagus felix (Lewis, 1894)",10544781,EXACT,ACCEPTED,10544781,,self,,,,,,2026-10-06T08:32:09+00:00
allium pseudojaponicum makino,Allium pseudojaponicum Makino,2857230,EXACT,ACCEPTED,2857230,,self,,,,,,2026-10-06T08:32:09+00:00
"yamatotakeru loripes (lewis, 1894)","Yamatotakeru loripes (Lewis, 1894)",12355091,HIGHERRANK,DOUBTFUL,,,n/a,unresolved,higher_rank,,,,2026-10-06T08:32:23+00:00
crinum asiaticum l. var. japonicum baker,Crinum asiaticum L. var. japonicum Baker,2853830,EXACT,ACCEPTED,2853830,,self,,,,,,2026-10-06T08:32:09+00:00
"spondylis buprestoides (linnaeus, 1758)","Spondylis buprestoides (Linnaeus, 1758)",7704804,EXACT,ACCEPTED,7704804,,self,,,,,,2026-10-06T08:32:09+00:00
lycoris sanguinea maxim. var. kiushiana makino ex t.koyama,Lycoris sanguinea Maxim. var. kiushiana Makino ex T.Koyama,5326165,EXACT,ACCEPTED,5326165,,self,,,,,,2026-10-06T08:32:09+00:00
"arhopalus coreanus (sharp, 1905)","Arhopalus coreanus (Sharp, 1905)",1115852,EXACT,ACCEPTED,1115852,,self,,,,,,2026-10-06T08:32:09+00:00
maianthemum robustum (makino & honda) lafrankie,Maianthemum robustum (Makino & Honda) LaFrankie,2769541,EXACT,ACCEPTED,2769541,,self,,,,,,2026-10-06T08:32:09+00:00
"cephalallus unicolor (gahan, 1906)","Cephalallus unicolor (Gahan, 1906)",1101111,EXACT,ACCEPTED,1101111,,self,,,,,,2026-10-06T08:32:09+00:00
sparganium japonicum rothert,Sparganium japonicum Rothert,2702309,EXACT,ACCEPTED,2702309,,self,,,,,,2026-10-06T08:32:09+00:00
"pidonia (cryptopidonia) masakii hayashi, 1955","Pidonia (Cryptopidonia) masakii Hayashi, 1955",1123836,EXACT,ACCEPTED,1123836,,self,,,,,,2026-10-06T08:32:09+00:00
eriocaulon decemflorum maxim.,Eriocaulon decemflorum Maxim.,2690850,EXACT,ACCEPTED,2690850,,self,,,,,,2026-10-06T08:32:09+00:00
eriocaulon taquetii lecomte,Eriocaulon taquetii Lecomte,2690936,EXACT,ACCEPTED,2690936,,self,,,,,,2026-10-06T08:32:09+00:00
"corennys sericata bates, 1884","Corennys sericata Bates, 1884",1142166,EXACT,ACCEPTED,1142166,,self,,,,,,2026-10-06T08:32:09+00:00
luzula lutescens (koidz.) kirschner & miyam.,Luzula lutescens (Koidz.) Kirschner & Miyam.,2700776,EXACT,ACCEPTED,2700776,,self,,,,,,2026-10-06T08:32:09+00:00
"pachytodes cometes (bates, 1884)","Pachytodes cometes (Bates, 1884)",1136885,EXACT,ACCEPTED,1136885,,self,,,,,,2026-10-06T08:32:09+00:00
bulbostylis densa (wall.) hand.-mazz. var. capitata (miq.) ohwi,Bulbostylis densa (Wall.) Hand.-Mazz. var. capitata (Miq.) Ohwi,5292275,EXACT,ACCEPTED,5292275,,self,,,,,,2026-10-06T08:32:09+00:00
"anastrangalia scotodes (bates, 1873)","Anastrangalia scotodes (Bates, 1873)",4738334,EXACT,ACCEPTED,4738334,,self,,,,,,2026-10-06T08:32:09+00:00
carex nipposinica ohwi,Carex nipposinica Ohwi,2728896,EXACT,SYNONYM,7070300,Carex brownii subsp. brownii,api,,,,,,2026-10-06T08:32:23+00:00
"leptura dimorpha bates, 1873","Leptura dimorpha Bates, 1873",6269573,EXACT,ACCEPTED,6269573,,self,,,,,,2026-10-06T08:32:09+00:00
carex capricornis meinsh. ex maxim.,Carex capricornis Meinsh. ex Maxim.,2728552,EXACT,ACCEPTED,2728552,,self,,,,,,2026-10-06T08:32:09+00:00
"nakanea vicaria (bates, 1884)","Nakanea vicaria (Bates, 1884)",1108876,EXACT,SYNONYM,8074232,"Etorofus vicarius (Bates, 1884)",api,,,,,,2026-10-06T08:32:23+00:00
carex doenitzii boeckeler,Carex doenitzii Boeckeler,2722486,EXACT,ACCEPTED,2722486,,self,,,,,,2026-10-06T08:32:09+00:00
"mimostrangalia dulcis (bates, 1884)","Mimostrangalia dulcis  (Bates, 1884)",1109662,EXACT,ACCEPTED,1109662,,self,,,,,,2026-10-06T08:32:09+00:00
carex grallatoria maxim. var. heteroclita (franch.) kuek.,Carex grallatoria Maxim. var. heteroclita (Franch.) Kuek.,2727552,EXACT,SYNONYM,7948579,Carex grallatoria var. heteroclita (Franch.) Kük. ex Matsum.,api,,,,,,2026-10-06T08:32:23+00:00
"parastrangalis lesnei (pic, 1901)","Parastrangalis lesnei (Pic, 1901)",1145399,EXACT,ACCEPTED,1145399,,self,,,,,,2026-10-06T08:32:09+00:00
carex hakonensis franch. & sav.,Carex hakonensis Franch. & Sav.,2723302,EXACT,ACCEPTED,2723302,,self,,,,,,2026-10-06T08:32:09+00:00
"idiostrangalia hakonensis (matsushita, 1933)","Idiostrangalia hakonensis (Matsushita, 1933)",1097655,EXACT,ACCEPTED,1097655,,self,,,,,,2026-10-06T08:32:09+00:00
carex papillaticulmis ohwi,Carex papillaticulmis Ohwi,2729321,EXACT,SYNONYM,2729320,Carex insaniae var. papillaticulmis (Ohwi) Ohwi,api,,,,,,2026-10-06T08:32:23+00:00
"necydalis (necydalisca) harmandi pic, 1902","Necydalis (Necydalisca) harmandi Pic, 1902",1148817,EXACT,ACCEPTED,1148817,,self,,,,,,2026-10-06T08:32:09+00:00
carex pocilliformis boott,Carex pocilliformis Boott,2725221,EXACT,SYNONYM,2725220,Carex tristachya var. pocilliformis (Boott) Kük.,api,,,,,,2026-10-06T08:32:23+00:00
"massicus raddei (blessig, 1872)","Massicus raddei (Blessig, 1872)",10038961,EXACT,ACCEPTED,10038961,,self,,,,,,2026-10-06T08:32:09+00:00
cyperus iwasakii makino,Cyperus iwasakii Makino,2715210,EXACT,SYNONYM,7226969,Cyperus exaltatus var. exaltatus,api,,,,,,2026-10-06T08:32:23+00:00
"glaphyra (glaphyra) gracilis (hayashi, 1949)","Glaphyra (Glaphyra) gracilis (Hayashi, 1949)",5001543,EXACT,SYNONYM,1115990,"Molorchus gracilis Hayashi, 1949",api,,,,,,2026-10-06T08:32:23+00:00
cyperus tenuispica steud.,Cyperus tenuispica Steud.,2715449,EXACT,ACCEPTED,2715449,,self,,,,,,2026-10-06T08:32:09+00:00
"dere thoracica white, 1855","Dere thoracica White, 1855",1099508,EXACT,ACCEPTED,1099508,,self,,,,,,2026-10-06T08:32:09+00:00
eleocharis petasata (maxim.) zinserl.,Eleocharis petasata (Maxim.) Zinserl.,2717316,EXACT,SYNONYM,2717310,Eleocharis wichurae Boeckeler,api,,,,,,2026-10-06T08:32:23+00:00
"pyrestes nipponicus hayashi, 1987","Pyrestes nipponicus Hayashi, 1987",1141495,EXACT,ACCEPTED,1141495,,self,,,,,,2026-10-06T08:32:09+00:00
fimbristylis aestivalis (retz.) vahl,Fimbristylis aestivalis (Retz.) Vahl,2708266,EXACT,ACCEPTED,2708266,,self,,,,,,2026-10-06T08:32:09+00:00
"chloridolum (leontium) viride (thomson, 1864)","Chloridolum (Leontium) viride (Thomson, 1864)",8194861,EXACT,ACCEPTED,8194861,,self,,,,,,2026-10-06T08:32:09+00:00
fimbristylis diphylla (retz.) vahl var. floribunda miq.,Fimbristylis diphylla (Retz.) Vahl var. floribunda Miq.,2708948,EXACT,SYNONYM,7226990,Fimbristylis dichotoma subsp. dichotoma,api,,,,,,2026-10-06T08:32:23+00:00
"phymatodes (phymatodes) testaceus (linnaeus, 1758)","Phymatodes (Phymatodes) testaceus (Linnaeus, 1758)",8961343,EXACT,ACCEPTED,8961343,,self,,,,,,2026-10-06T08:32:09+00:00
fimbristylis longispica steud.,Fimbristylis longispica Steud.,2708530,EXACT,ACCEPTED,2708530,,self,,,,,,2026-10-06T08:32:09+00:00
"brachyclytus singularis kraatz, 1879","Brachyclytus singularis Kraatz, 1879",1142076,EXACT,ACCEPTED,1142076,,self,,,,,,2026-10-06T08:32:09+00:00
fimbristylis sericea (poir.) r.br.,Fimbristylis sericea (Poir.) R.Br.,2708206,EXACT,ACCEPTED,2708206,,self,,,,,,2026-10-06T08:32:09+00:00
"crytoclytus caproides caproides (bates, 1873)","Crytoclytus caproides caproides (Bates, 1873)",8997170,FUZZY,ACCEPTED,,,n/a,unresolved,fuzzy_spelling,,,,2026-10-06T08:32:23+00:00
scirpus fuirenoides maxim.,Scirpus fuirenoides Maxim.,2720132,EXACT,ACCEPTED,2720132,,self,,,,,,2026-10-06T08:32:09+00:00
"rhaphuma xenisca (bates, 1884)","Rhaphuma xenisca (Bates, 1884)",1151620,EXACT,ACCEPTED,1151620,,self,,,,,,2026-10-06T08:32:09+00:00
schoenoplectiella lineolata (franch. & sav.) j.jung & h.k.choi,Schoenoplectiella lineolata (Franch. & Sav.) J.Jung & H.K.Choi,5827388,EXACT,ACCEPTED,5827388,,self,,,,,,2026-10-06T08:32:09+00:00
"mesosa (mesosa) japonica bates, 1873","Mesosa (Mesosa) japonica Bates, 1873",5000393,EXACT,ACCEPTED,5000393,,self,,,,,,2026-10-06T08:32:09+00:00
bolboschoenus planiculmis (f.schmidt) t.v.egorova,Bolboschoenus planiculmis (F.Schmidt) T.V.Egorova,2718377,EXACT,ACCEPTED,2718377,,self,,,,,,2026-10-06T08:32:09+00:00
"sybra (sybra) flavomaculata breuning, 1939","Sybra (Sybra) flavomaculata Breuning, 1939",10996649,EXACT,SYNONYM,7511074,"Mycerinopsis flavomaculata (Breuning, 1939)",api,,,,,,2026-10-06T08:32:23+00:00
scleria parvula steud.,Scleria parvula Steud.,2712896,EXACT,ACCEPTED,2712896,,self,,,,,,2026-10-06T08:32:09+00:00
"aulaconotus pachypezoides thomson, 1864","Aulaconotus pachypezoides Thomson, 1864",1127768,EXACT,ACCEPTED,1127768,,self,,,,,,2026-10-06T08:32:09+00:00
achnatherum pekinense (hance) ohwi,Achnatherum pekinense (Hance) Ohwi,4141484,EXACT,ACCEPTED,4141484,,self,,,,,,2026-10-06T08:32:09+00:00
"mesechthistatus fujisanus hayashi, 1957","Mesechthistatus fujisanus Hayashi, 1957",1146303,EXACT,ACCEPTED,1146303,,self,,,,,,2026-10-06T08:32:09+00:00
brachyelytrum japonicum (hack.) hack.ex honda,Brachyelytrum japonicum (Hack.) Hack.ex Honda,5943602,EXACT,ACCEPTED,5943602,,self,,,,,,2026-10-06T08:32:09+00:00
"monochamus (monochamus) grandis waterhouse, 1881","Monochamus (Monochamus) grandis Waterhouse, 1881",1155899,EXACT,ACCEPTED,1155899,,self,,,,,,2026-10-06T08:32:09+00:00
ischaemum aristatum l. var. crassipes (steud.) yonek.,Ischaemum aristatum L. var. crassipes (Steud.) Yonek.,4143987,EXACT,SYNONYM,4113668,Ischaemum aristatum L.,api,,,,,,2026-10-06T08:32:23+00:00
"nanohammus rufescens bates, 1884","Nanohammus rufescens Bates, 1884",1108742,EXACT,ACCEPTED,1108742,,self,,,,,,2026-10-06T08:32:09+00:00
"leptatherum nudum (trin.) c.h.chen, kuoh & veldkamp","Leptatherum nudum (Trin.) C.H.Chen, Kuoh & Veldkamp",7485368,EXACT,SYNONYM,4123541,Microstegium nudum (Trin.) A.Camus,api,,,,,,2026-10-06T08:32:23+00:00
"batocera lineolata chevrolat, 1852","Batocera lineolata Chevrolat, 1852",1133603,EXACT,ACCEPTED,1133603,,self,,,,,,2026-10-06T08:32:09+00:00
leptochloa panicea (retz.) ohwi,Leptochloa panicea (Retz.) Ohwi,2703872,EXACT,ACCEPTED,2703872,,self,,,,,,2026-10-06T08:32:09+00:00
"pogonocherus seminiveus bates, 1873","Pogonocherus seminiveus Bates, 1873",1133796,EXACT,SYNONYM,1133795,"Pogonocherus dimidiatus Blessig, 1872",api,,,,,,2026-10-06T08:32:23+00:00
melica nutans l.,Melica nutans L.,4118973,EXACT,ACCEPTED,4118973,,self,,,,,,2026-10-06T08:32:09+00:00
"acanthocinus orientalis ohbayashi, 1939","Acanthocinus orientalis Ohbayashi, 1939",1102184,EXACT,ACCEPTED,1102184,,self,,,,,,2026-10-06T08:32:09+00:00
melica onoei franch. & sav.,Melica onoei Franch. & Sav.,4118965,EXACT,ACCEPTED,4118965,,self,,,,,,2026-10-06T08:32:09+00:00
"exocentrus testudineus matsushita, 1931","Exocentrus testudineus Matsushita, 1931",1134101,EXACT,ACCEPTED,1134101,,self,,,,,,2026-10-06T08:32:09+00:00
milium effusum l.,Milium effusum L.,2706196,EXACT,ACCEPTED,2706196,,self,,,,,,2026-10-06T08:32:09+00:00
"chrysomela vigintipunctata (scopoli, 1763)","Chrysomela vigintipunctata (Scopoli, 1763)",4459731,EXACT,ACCEPTED,4459731,,self,,,,,,2026-10-06T08:32:09+00:00
neosasamorpha kagamiana (makino & uchida) koidz. subsp. yoshinoi (koidz.) sad.suzuki,Neosasamorpha kagamiana (Makino & Uchida) Koidz. subsp. yoshinoi (Koidz.) Sad.Suzuki,4115476,EXACT,SYNONYM,4130933,Sasa kagamiana Makino & Uchida,api,,,,,,2026-10-06T08:32:23+00:00
"cryptocephalus instabilis baly, 1873","Cryptocephalus instabilis Baly, 1873",1048649,HIGHERRANK,ACCEPTED,,,n/a,unresolved,higher_rank,,,,2026-10-06T08:32:23+00:00
neosasamorpha oshidensis (makino & uchida) tatew.,Neosasamorpha oshidensis (Makino & Uchida) Tatew.,4115364,EXACT,SYNONYM,4126987,Sasamorpha oshidensis (Makino & Uchida) Nakai,api,,,,,,2026-10-06T08:32:23+00:00
"plateumaris sericea (linnaeus, 1761)","Plateumaris sericea (Linnaeus, 1761)",5752112,EXACT,ACCEPTED,5752112,,self,,,,,,2026-10-06T08:32:09+00:00
neosasamorpha tsukubensis (nakai) sad.suzuki subsp. pubifolia (koidz.) sad.suzuki,Neosasamorpha tsukubensis (Nakai) Sad.Suzuki subsp. pubifolia (Koidz.) Sad.Suzuki,4115235,EXACT,SYNONYM,4128477,Sasa tsukubensis Nakai,api,,,,,,2026-10-06T08:32:23+00:00
"nebria (epinebriola) livida angulata bänninger, 1949","Nebria (Epinebriola) livida angulata Bänninger, 1949",9126212,EXACT,ACCEPTED,9126212,,self,,,,,,2026-10-06T08:32:09+00:00
pleioblastus matsunoi (makino) makino & nemoto,Pleioblastus matsunoi (Makino) Makino & Nemoto,4131377,EXACT,ACCEPTED,4131377,,self,,,,,,2026-10-06T08:32:09+00:00
"carabus (carabus) vanvolxemi vanvolxemi putzeys, 1875","Carabus (Carabus) vanvolxemi vanvolxemi Putzeys, 1875",8247173,HIGHERRANK,ACCEPTED,,,n/a,unresolved,genus_or_higher,,,,2026-10-06T08:32:23+00:00
sasaella hidaensis (makino) makino var. muraii (makino & uchida) sad.suzuki,Sasaella hidaensis (Makino) Makino var. muraii (Makino & Uchida) Sad.Suzuki,4127842,EXACT,SYNONYM,4127834,Sasaella hidaensis (Makino) Makino,api,,,,,,2026-10-06T08:32:23+00:00
"dyschirius (eudyschrius) hiogoensis bates, 1873","Dyschirius (Eudyschrius) hiogoensis Bates, 1873",7675963,EXACT,ACCEPTED,7675963,,self,,,,,,2026-10-06T08:32:09+00:00
sasaella yamakitensis (makino) m.kobay.,Sasaella yamakitensis (Makino) M.Kobay.,11021836,EXACT,ACCEPTED,11021836,,self,,,,,,2026-10-06T08:32:09+00:00
"trechiama (trechiama) tamaensis yoshida & nomura, 1960","Trechiama (Trechiama) tamaensis Yoshida & Nomura, 1960",7719074,EXACT,ACCEPTED,7719074,,self,,,,,,2026-10-06T08:32:09+00:00
semiarundinaria fastuosa (mitford) makino ex nakai var. viridis (makino) makino ex sad.suzuki,Semiarundinaria fastuosa (Mitford) Makino ex Nakai var. viridis (Makino) Makino ex Sad.Suzuki,5945026,EXACT,SYNONYM,4120602,Semiarundinaria fastuosa (Lat.-Marl. ex Mitford) Makino,api,,,,,,2026-10-06T08:32:23+00:00
"trechiama (trechiama) pallidior s. uéno, 1981","Trechiama (Trechiama) pallidior S. Uéno, 1981",8345325,EXACT,ACCEPTED,8345325,,self,,,,,,2026-10-06T08:32:09+00:00
zoysia sinica hance var. nipponica ohwi,Zoysia sinica Hance var. nipponica Ohwi,4138321,EXACT,SYNONYM,4138322,Zoysia sinica Hance,api,,,,,,2026-10-06T08:32:23+00:00
"trechiama (trechiama) varians s. uéno, 1981","Trechiama (Trechiama) varians S. Uéno, 1981",8096481,EXACT,ACCEPTED,8096481,,self,,,,,,2026-10-06T08:32:09+00:00
ceratophyllum demersum l.,Ceratophyllum demersum L.,2882398,EXACT,ACCEPTED,2882398,,self,,,,,,2026-10-06T08:32:09+00:00
"trechiama (trechiama) tanzawanus s. uéno & sone, 1994","Trechiama (Trechiama) tanzawanus S. Uéno & Sone, 1994",7426602,EXACT,ACCEPTED,7426602,,self,,,,,,2026-10-06T08:32:09+00:00
aconitum pterocaule koidz.,Aconitum pterocaule Koidz.,7276738,EXACT,ACCEPTED,7276738,,self,,,,,,2026-10-06T08:32:09+00:00
"trechiama (trechiama) terraenovae s. uéno, 1988","Trechiama (Trechiama) terraenovae S. Uéno, 1988",7471040,EXACT,ACCEPTED,7471040,,self,,,,,,2026-10-06T08:32:09+00:00
anemonopsis macrophylla siebold & zucc.,Anemonopsis macrophylla Siebold & Zucc.,3921650,EXACT,ACCEPTED,3921650,,self,,,,,,2026-10-06T08:32:09+00:00
"agonotrechus paradoxus (s. uéno, 1981)","Agonotrechus paradoxus (S. Uéno, 1981)",11211949,EXACT,ACCEPTED,11211949,,self,,,,,,2026-10-06T08:32:09+00:00
caltha palustris l. var. nipponica h.hara,Caltha palustris L. var. nipponica H.Hara,8072401,EXACT,SYNONYM,7746216,Caltha palustris var. palustris,api,,,,,,2026-10-06T08:32:23+00:00
"kurasawatrechus fujisanus s. uéno, 1971","Kurasawatrechus fujisanus S. Uéno, 1971",7768469,EXACT,ACCEPTED,7768469,,self,,,,,,2026-10-06T08:32:09+00:00
clematis tosaensis makino form. tosaensis,Clematis tosaensis Makino form. tosaensis,3927402,HIGHERRANK,ACCEPTED,,,n/a,unresolved,infraspecific_collapsed,,,,2026-10-06T08:32:23+00:00
"kurasawatrechus notsui s. uéno, 1983","Kurasawatrechus notsui S. Uéno, 1983",8045743,EXACT,ACCEPTED,8045743,,self,,,,,,2026-10-06T08:32:09+00:00
hepatica nobilis schreb. var. nipponica nakai,Hepatica nobilis Schreb. var. nipponica Nakai,7597346,EXACT,SYNONYM,7276984,Hepatica asiatica Nakai,api,,,,,,2026-10-06T08:32:23+00:00
"lymnastis yanoi nakane, 1963","Lymnastis yanoi Nakane, 1963",8199300,EXACT,ACCEPTED,8199300,,self,,,,,,2026-10-06T08:32:09+00:00
pulsatilla cernua (thunb.) bercht. ex j.presl,Pulsatilla cernua (Thunb.) Bercht. ex J.Presl,7278021,EXACT,ACCEPTED,7278021,,self,,,,,,2026-10-06T08:32:09+00:00
"tachyura (tachyphanes) klugi euglypta (bates, 1883)","Tachyura (Tachyphanes) klugi euglypta (Bates, 1883)",9472531,HIGHERRANK,SYNONYM,,,n/a,unresolved,genus_or_higher,,,,2026-10-06T08:32:23+00:00
thalictrum sekimotoanum honda,Thalictrum sekimotoanum Honda,3925308,EXACT,SYNONYM,3927362,Thalictrum minus subsp. thunbergii (DC.) Vorosch.,api,,,,,,2026-10-06T08:32:23+00:00
"asaphidion tenryuense habu, 1954","Asaphidion tenryuense Habu, 1954",7848203,EXACT,ACCEPTED,7848203,,self,,,,,,2026-10-06T08:32:09+00:00
paeonia obovata maxim.,Paeonia obovata Maxim.,7316524,EXACT,ACCEPTED,7316524,,self,,,,,,2026-10-06T08:32:09+00:00
"abacetus tanakai straneo, 1961","Abacetus tanakai Straneo, 1961",8004130,EXACT,ACCEPTED,8004130,,self,,,,,,2026-10-06T08:32:09+00:00
ribes maximowiczianum kom.,Ribes maximowiczianum Kom.,4927325,EXACT,ACCEPTED,4927325,,self,,,,,,2026-10-06T08:32:09+00:00
"poecilus (poecilus) samurai (lutshnik, 1916)","Poecilus (Poecilus) samurai (Lutshnik, 1916)",7469282,EXACT,ACCEPTED,7469282,,self,,,,,,2026-10-06T08:32:09+00:00
chrysosplenium echinus maxim.,Chrysosplenium echinus Maxim.,5567462,EXACT,ACCEPTED,5567462,,self,,,,,,2026-10-06T08:32:09+00:00
"pterostichus (lyrothorax) amagisanus tanaka & ishida, 1972","Pterostichus (Lyrothorax) amagisanus Tanaka & Ishida, 1972",7397893,EXACT,ACCEPTED,7397893,,self,,,,,,2026-10-06T08:32:09+00:00
chrysosplenium pilosum maxim. var. sphaerospermum (maxim.) h.hara,Chrysosplenium pilosum Maxim. var. sphaerospermum (Maxim.) H.Hara,8251626,EXACT,ACCEPTED,8251626,,self,,,,,,2026-10-06T08:32:09+00:00
"pterostichus (pterostichus) mucronatus straneo, 1955","Pterostichus (Pterostichus) mucronatus Straneo, 1955",7567385,EXACT,ACCEPTED,7567385,,self,,,,,,2026-10-06T08:32:09+00:00
saxifraga cortusifolia siebold & zucc.,Saxifraga cortusifolia Siebold & Zucc.,7339340,EXACT,ACCEPTED,7339340,,self,,,,,,2026-10-06T08:32:09+00:00
"pterostichus (nialoe) macrogenys bates, 1883","Pterostichus (Nialoe) macrogenys Bates, 1883",7432366,EXACT,ACCEPTED,7432366,,self,,,,,,2026-10-06T08:32:09+00:00
tanakaea radicans franch. & sav.,Tanakaea radicans Franch. & Sav.,7872622,EXACT,ACCEPTED,7872622,,self,,,,,,2026-10-06T08:32:09+00:00
"onycholabis nakanei kasahara, 1986","Onycholabis nakanei Kasahara, 1986",7519320,EXACT,ACCEPTED,7519320,,self,,,,,,2026-10-06T08:32:09+00:00
hylotelephium verticillatum (l.) h.ohba var. verticillatum,Hylotelephium verticillatum (L.) H.Ohba var. verticillatum,7334590,EXACT,ACCEPTED,7334590,,self,,,,,,2026-10-06T08:32:09+00:00
"harpalus (pachyharpalus) crates bates, 1883","Harpalus (Pachyharpalus) crates Bates, 1883",8200511,EXACT,ACCEPTED,8200511,,self,,,,,,2026-10-06T08:32:09+00:00
hylotelephium verticillatum (l.) h.ohba var. lithophilos h.ohba,Hylotelephium verticillatum (L.) H.Ohba var. lithophilos H.Ohba,4201656,EXACT,ACCEPTED,4201656,,self,,,,,,2026-10-06T08:32:09+00:00
"trichotichnus (trichotichnus) vespertinus habu, 1954","Trichotichnus (Trichotichnus) vespertinus Habu, 1954",8140642,EXACT,ACCEPTED,8140642,,self,,,,,,2026-10-06T08:32:09+00:00
sedum japonicum siebold ex miq. subsp. japonicum var. japonicum,Sedum japonicum Siebold ex Miq. subsp. japonicum var. japonicum,7334051,EXACT,ACCEPTED,7334051,,self,,,,,,2026-10-06T08:32:09+00:00
"trichotichnus (trichotichnus) kobayashie habu, 1957","Trichotichnus (Trichotichnus) kobayashie Habu, 1957",8417001,EXACT,ACCEPTED,8417001,,self,,,,,,2026-10-06T08:32:09+00:00
lathyrus davidii hance,Lathyrus davidii Hance,5356477,EXACT,ACCEPTED,5356477,,self,,,,,,2026-10-06T08:32:09+00:00
"chlaenius (pachydinodes) abstersus bates, 1873","Chlaenius (Pachydinodes) abstersus Bates, 1873",8409750,EXACT,ACCEPTED,8409750,,self,,,,,,2026-10-06T08:32:09+00:00
lathyrus quinquenervius (miq.) litv.,Lathyrus quinquenervius (Miq.) Litv.,5356523,EXACT,ACCEPTED,5356523,,self,,,,,,2026-10-06T08:32:09+00:00
"chlaenius (pachydinodes) hamifer chaudoir, 1856","Chlaenius (Pachydinodes) hamifer Chaudoir, 1856",5810051,EXACT,ACCEPTED,5810051,,self,,,,,,2026-10-06T08:32:09+00:00
agrimonia noguchii seriz. subsp. hakonensis seriz.,Agrimonia noguchii Seriz. subsp. hakonensis Seriz.,12291865,EXACT,SYNONYM,12224041,Agrimonia noguchii Seriz.,api,,,,,,2026-10-06T08:32:23+00:00
"lachnoderma asperum bates, 1883","Lachnoderma asperum Bates, 1883",6131140,EXACT,ACCEPTED,6131140,,self,,,,,,2026-10-06T08:32:09+00:00
amelanchier asiatica (siebold & zucc.) endl. ex walp.,Amelanchier asiatica (Siebold & Zucc.) Endl. ex Walp.,3023822,EXACT,ACCEPTED,3023822,,self,,,,,,2026-10-06T08:32:09+00:00
"parena (bothynoptera) kurosai habu, 1967","Parena (Bothynoptera) kurosai Habu, 1967",7360561,EXACT,ACCEPTED,7360561,,self,,,,,,2026-10-06T08:32:09+00:00
fragaria nipponica makino,Fragaria nipponica Makino,3029900,EXACT,ACCEPTED,3029900,,self,,,,,,2026-10-06T08:32:09+00:00
"dendrocellus confusus (hansen, 1967)","Dendrocellus confusus (Hansen, 1967)",9515500,EXACT,SYNONYM,7899099,"Desera confusa Hansen, 1968",api,,,,,,2026-10-06T08:32:23+00:00
potentilla stolonifera lehm. ex ledeb.,Potentilla stolonifera Lehm. ex Ledeb.,5365970,EXACT,ACCEPTED,5365970,,self,,,,,,2026-10-06T08:32:09+00:00
"hydaticus rhantoides sharp, 1882","Hydaticus rhantoides Sharp, 1882",5873998,EXACT,ACCEPTED,5873998,,self,,,,,,2026-10-06T08:32:09+00:00
cerasus hisauchiana (koidz. ex hisauti) h.ohba,Cerasus hisauchiana (Koidz. ex Hisauti) H.Ohba,3030785,EXACT,SYNONYM,3030786,Prunus ×hisauchiana Koidz. ex Hisauchi,api,,,,,,2026-10-06T08:32:23+00:00
"enochrus subsignatus (harold, 1877)","Enochrus subsignatus (Harold, 1877)",6132470,EXACT,ACCEPTED,6132470,,self,,,,,,2026-10-06T08:32:09+00:00
rubus pungens cambess.,Rubus pungens Cambess.,2990989,EXACT,DOUBTFUL,,,api,,,,,,2026-10-06T08:32:23+00:00
"helochares nipponicus hebauer, 1995","Helochares nipponicus Hebauer, 1995",9959160,EXACT,ACCEPTED,9959160,,self,,,,,,2026-10-06T08:32:09+00:00
rhamnella franguloides (maxim.) weberb.,Rhamnella franguloides (Maxim.) Weberb.,3874947,EXACT,ACCEPTED,3874947,,self,,,,,,2026-10-06T08:32:09+00:00
"helochares pallens (macleay, 1825)","Helochares pallens (MacLeay, 1825)",9296381,EXACT,ACCEPTED,9296381,,self,,,,,,2026-10-06T08:32:09+00:00
pouzolzia hirta (blume) blume ex hassk.,Pouzolzia hirta (Blume) Blume ex Hassk.,7300708,EXACT,SYNONYM,4100795,Gonostegia triandra (Blume) Miq.,api,,,,,,2026-10-06T08:32:23+00:00
"enochrus esuriens (walker, 1858)","Enochrus esuriens (Walker, 1858)",4755714,EXACT,ACCEPTED,4755714,,self,,,,,,2026-10-06T08:32:09+00:00
betula ermanii cham.,Betula ermanii Cham.,5332231,EXACT,ACCEPTED,5332231,,self,,,,,,2026-10-06T08:32:09+00:00
"enochrus uniformis (sharp, 1884)","Enochrus uniformis (Sharp, 1884)",10509505,EXACT,ACCEPTED,10509505,,self,,,,,,2026-10-06T08:32:09+00:00
parnassia palustris l. var. palustris,Parnassia palustris L. var. palustris,7095890,EXACT,ACCEPTED,7095890,,self,,,,,,2026-10-06T08:32:09+00:00
"niposoma vagans lewis, 1884","Niposoma vagans Lewis, 1884",8542826,EXACT,ACCEPTED,8542826,,self,,,,,,2026-10-06T08:32:09+00:00
oxalis acetosella l.,Oxalis acetosella L.,8211958,EXACT,ACCEPTED,8211958,,self,,,,,,2026-10-06T08:32:09+00:00
"margarinotus (kurilister) kurbatovi (tishechkin, 1992)","Margarinotus (Kurilister) kurbatovi (Tishechkin, 1992)",5996183,EXACT,ACCEPTED,5996183,,self,,,,,,2026-10-06T08:32:09+00:00
"hypericum erectum thunb. var. arenicolum kigawa, nom. nud.","Hypericum erectum Thunb. var. arenicolum Kigawa, nom. nud.",7330122,HIGHERRANK,ACCEPTED,,,n/a,unresolved,infraspecific_collapsed,,,,2026-10-06T08:32:23+00:00
"liodopria maculicollis nakane, 1963","Liodopria maculicollis Nakane, 1963",9138790,EXACT,ACCEPTED,9138790,,self,,,,,,2026-10-06T08:32:09+00:00
triadenum japonicum (blome) makino,Triadenum japonicum (Blome) Makino,3715016,EXACT,ACCEPTED,3715016,,self,,,,,,2026-10-06T08:32:09+00:00
"physomerinus pedator (sharp, 1883)","Physomerinus pedator (Sharp, 1883)",7203065,EXACT,ACCEPTED,7203065,,self,,,,,,2026-10-06T08:32:09+00:00
viola violacea makino var. violacea,Viola violacea Makino var. violacea,7296540,HIGHERRANK,ACCEPTED,,,n/a,unresolved,infraspecific_collapsed,,,,2026-10-06T08:32:23+00:00
"prosthecarthron sauteri raffray, 1914","Prosthecarthron sauteri Raffray, 1914",5738179,EXACT,ACCEPTED,5738179,,self,,,,,,2026-10-06T08:32:09+00:00
salix pierotii miq.,Salix pierotii Miq.,7266549,EXACT,ACCEPTED,7266549,,self,,,,,,2026-10-06T08:32:09+00:00
"afromorgus chinensis (boheman, 1858)","Afromorgus chinensis (Boheman, 1858)",1094836,HIGHERRANK,DOUBTFUL,,,n/a,unresolved,higher_rank,,,,2026-10-06T08:32:23+00:00
salix vulpinoides koidz.,Salix vulpinoides Koidz.,5583630,EXACT,SYNONYM,7266332,Salix futura Seemen,api,,,,,,2026-10-06T08:32:23+00:00
"trox (trox) mitis fujiokai ochi, 2000","Trox (Trox) mitis fujiokai Ochi, 2000",1094811,HIGHERRANK,ACCEPTED,,,n/a,unresolved,genus_or_higher,,,,2026-10-06T08:32:23+00:00
geranium krameri franch. & sav.,Geranium krameri Franch. & Sav.,2890973,EXACT,ACCEPTED,2890973,,self,,,,,,2026-10-06T08:32:09+00:00
"trox (trox) setifer waterhouse, 1875","Trox (Trox) setifer Waterhouse, 1875",1094598,EXACT,ACCEPTED,1094598,,self,,,,,,2026-10-06T08:32:09+00:00
epilobium fauriei h.lev.,Epilobium fauriei H.Lev.,9012611,EXACT,ACCEPTED,9012611,,self,,,,,,2026-10-06T08:32:09+00:00
"trox (niditrox) nohirai nakane, 1954","Trox (Niditrox) nohirai Nakane, 1954",1094770,EXACT,ACCEPTED,1094770,,self,,,,,,2026-10-06T08:32:09+00:00
acer distylum siebold & zucc.,Acer distylum Siebold & Zucc.,3768631,EXACT,ACCEPTED,3768631,,self,,,,,,2026-10-06T08:32:09+00:00
"aegus laevicollis subnitidus waterhouse, 1873","Aegus laevicollis subnitidus Waterhouse, 1873",11438438,EXACT,ACCEPTED,11438438,,self,,,,,,2026-10-06T08:32:09+00:00
acer nipponicum h.hara subsp. orientale t.yamaz. var. koshinense t.yamaz.,Acer nipponicum H.Hara subsp. orientale T.Yamaz. var. koshinense T.Yamaz.,3768089,EXACT,SYNONYM,7262981,Acer nipponicum H.Hara,api,,,,,,2026-10-06T08:32:23+00:00
"hoplia (hoplia) hakonensis sawada, 1938","Hoplia (Hoplia) hakonensis Sawada, 1938",1063534,EXACT,ACCEPTED,1063534,,self,,,,,,2026-10-06T08:32:09+00:00
hibiscus hamabo siebold & zucc.,Hibiscus hamabo Siebold & Zucc.,7279115,EXACT,SYNONYM,3937028,Talipariti hamabo (Siebold & Zucc.) Fryxell,api,,,,,,2026-10-06T08:32:23+00:00
"protaetia (liocola) lugubris insperata (lewis, 1879)","Protaetia (Liocola) lugubris insperata (Lewis, 1879)",1080190,HIGHERRANK,SYNONYM,,,n/a,unresolved,genus_or_higher,,,,2026-10-06T08:32:23+00:00
arabidopsis kamchatica (fisch. ex dc.) k.shimizu & kudoh subsp. kamchatica,Arabidopsis kamchatica (Fisch. ex DC.) K.Shimizu & Kudoh subsp. kamchatica,3052474,HIGHERRANK,SYNONYM,,,n/a,unresolved,infraspecific_collapsed,,,,2026-10-06T08:32:23+00:00
"prionocyphon sexmaculatus lewis, 1895","Prionocyphon sexmaculatus Lewis, 1895",8723748,EXACT,ACCEPTED,8723748,,self,,,,,,2026-10-06T08:32:09+00:00
balanophora nipponica makino,Balanophora nipponica Makino,4195243,EXACT,ACCEPTED,4195243,,self,,,,,,2026-10-06T08:32:09+00:00
"nipponobuprestis (nipponobuprestis) querceti (e. saunders, 1873)","Nipponobuprestis (Nipponobuprestis) querceti (E. Saunders, 1873)",9351544,EXACT,ACCEPTED,9351544,,self,,,,,,2026-10-06T08:32:09+00:00
rumex madaio makino,Rumex madaio Makino,4038627,EXACT,ACCEPTED,4038627,,self,,,,,,2026-10-06T08:32:09+00:00
"coraebus ishiharai y. kurosawa, 1953","Coraebus ishiharai Y. Kurosawa, 1953",9571591,EXACT,ACCEPTED,9571591,,self,,,,,,2026-10-06T08:32:09+00:00
drosera rotundifolia l.,Drosera rotundifolia L.,3191030,EXACT,ACCEPTED,3191030,,self,,,,,,2026-10-06T08:32:09+00:00
"drilonius osawai nakane, 1950","Drilonius osawai Nakane, 1950",1162222,HIGHERRANK,ACCEPTED,,,n/a,unresolved,higher_rank,,,,2026-10-06T08:32:23+00:00
pseudostellaria heterophylla (miq.) pax,Pseudostellaria heterophylla (Miq.) Pax,3815617,EXACT,ACCEPTED,3815617,,self,,,,,,2026-10-06T08:32:09+00:00
"asiopodabrus (asiopodabrus) nanasawaensis (takahashi, 1992)","Asiopodabrus (Asiopodabrus) nanasawaensis (Takahashi, 1992)",4741841,HIGHERRANK,ACCEPTED,,,n/a,unresolved,genus_or_higher,,,,2026-10-06T08:32:23+00:00
suaeda maritima (l.) dumort. subsp. asiatica h.hara,Suaeda maritima (L.) Dumort. subsp. asiatica H.Hara,12303649,EXACT,SYNONYM,7219525,Suaeda maritima subsp. maritima,api,,,,,,2026-10-06T08:32:23+00:00
"laemoglyptus pectinatus (lewis, 1885)","Laemoglyptus pectinatus (Lewis, 1885)",4717104,HIGHERRANK,ACCEPTED,,,n/a,unresolved,higher_rank,,,,2026-10-06T08:32:23+00:00
stewartia pseudocamellia maxim.,Stewartia pseudocamellia Maxim.,5528315,EXACT,ACCEPTED,5528315,,self,,,,,,2026-10-06T08:32:09+00:00
"malthodes (maltharchus) pseudonipponicus takahashi, 1996","Malthodes (Maltharchus) pseudonipponicus Takahashi, 1996",4406155,HIGHERRANK,ACCEPTED,,,n/a,unresolved,genus_or_higher,,,,2026-10-06T08:32:23+00:00
rhododendron multiflorum (maxim.) craven var. purpureum (makino) craven,Rhododendron multiflorum (Maxim.) Craven var. purpureum (Makino) Craven,8114252,EXACT,SYNONYM,6711536,Rhododendron kroniae Craven,api,,,,,,2026-10-06T08:32:23+00:00
"asiopodabrus (asiopodabrus) tsuchikawai (takahashi, 1999)","Asiopodabrus (Asiopodabrus) tsuchikawai (Takahashi, 1999)",4741841,HIGHERRANK,ACCEPTED,,,n/a,unresolved,genus_or_higher,,,,2026-10-06T08:32:23+00:00
pyrola subaphylla maxim.,Pyrola subaphylla Maxim.,4169968,EXACT,ACCEPTED,4169968,,self,,,,,,2026-10-06T08:32:09+00:00
"lycocerus tobiranus (okushima & imasaka, 2000)","Lycocerus tobiranus (Okushima & Imasaka, 2000)",4573120,HIGHERRANK,ACCEPTED,,,n/a,unresolved,higher_rank,,,,2026-10-06T08:32:23+00:00
rhododendron indicum (l.) sweet,Rhododendron indicum (L.) Sweet,4173541,EXACT,ACCEPTED,4173541,,self,,,,,,2026-10-06T08:32:09+00:00
"malthodes (maltharchus) fudonominenus takahashi, 2024","Malthodes (Maltharchus) fudonominenus Takahashi, 2024",4406155,HIGHERRANK,ACCEPTED,,,n/a,unresolved,genus_or_higher,,,,2026-10-06T08:32:23+00:00
rhododendron keiskei miq. var. keiskei,Rhododendron keiskei Miq. var. keiskei,7328633,EXACT,ACCEPTED,7328633,,self,,,,,,2026-10-06T08:32:09+00:00
"hadrobregmus ishiharai sakai, 1994","Hadrobregmus ishiharai Sakai, 1994",9184671,EXACT,ACCEPTED,9184671,,self,,,,,,2026-10-06T08:32:09+00:00
galium shikokianum nakai,Galium shikokianum Nakai,2916695,EXACT,SYNONYM,2916694,Asperula trifida Makino,api,,,,,,2026-10-06T08:32:23+00:00
"lamiogethes nakanei (easton, 1957)","Lamiogethes nakanei (Easton, 1957)",9116426,HIGHERRANK,ACCEPTED,,,n/a,unresolved,higher_rank,,,,2026-10-06T08:32:23+00:00
rubia chinensis regel & maack,Rubia chinensis Regel & Maack,2892267,EXACT,ACCEPTED,2892267,,self,,,,,,2026-10-06T08:32:09+00:00
"meligethes cyaneus easton, 1957","Meligethes cyaneus Easton, 1957",4405078,HIGHERRANK,ACCEPTED,,,n/a,unresolved,higher_rank,,,,2026-10-06T08:32:23+00:00
uncaria rhynchophylla (miq.) miq.,Uncaria rhynchophylla (Miq.) Miq.,8104601,EXACT,ACCEPTED,8104601,,self,,,,,,2026-10-06T08:32:09+00:00
"soronia fracta reitter, 1884","Soronia fracta Reitter, 1884",3263062,HIGHERRANK,ACCEPTED,,,n/a,unresolved,higher_rank,,,,2026-10-06T08:32:23+00:00
pterygocalyx volubilis maxim.,Pterygocalyx volubilis Maxim.,3842543,EXACT,ACCEPTED,3842543,,self,,,,,,2026-10-06T08:32:09+00:00
"ectomicrus rugicollis sharp, 1885","Ectomicrus rugicollis Sharp, 1885",4747357,HIGHERRANK,DOUBTFUL,,,n/a,unresolved,higher_rank,,,,2026-10-06T08:32:23+00:00
swertia tosaensis makino,Swertia tosaensis Makino,5595331,EXACT,SYNONYM,8375397,Swertia diluta var. tosaensis (Makino) H.Hara,api,,,,,,2026-10-06T08:32:23+00:00
"nipponocis unipunctatus nakane & nobuchi, 1956","Nipponocis unipunctatus Nakane & Nobuchi, 1956",4721740,HIGHERRANK,DOUBTFUL,,,n/a,unresolved,higher_rank,,,,2026-10-06T08:32:23+00:00
swertia pseudochinensis h.hara,Swertia pseudochinensis H.Hara,7270188,EXACT,ACCEPTED,7270188,,self,,,,,,2026-10-06T08:32:09+00:00
"dircaeomorpha elegans sasaji, 1974","Dircaeomorpha elegans Sasaji, 1974",4718514,HIGHERRANK,ACCEPTED,,,n/a,unresolved,higher_rank,,,,2026-10-06T08:32:23+00:00
vincetoxicum atratum (bunge) c.morren & decne.,Vincetoxicum atratum (Bunge) C.Morren & Decne.,5526052,EXACT,ACCEPTED,5526052,,self,,,,,,2026-10-06T08:32:09+00:00
"pycnomerus sculpturatus sharp, 1885","Pycnomerus sculpturatus Sharp, 1885",6132144,EXACT,ACCEPTED,6132144,,self,,,,,,2026-10-06T08:32:09+00:00
jasminanthes mucronata (blanco) w.d.stevens & p.t.li,Jasminanthes mucronata (Blanco) W.D.Stevens & P.T.Li,3581910,EXACT,ACCEPTED,3581910,,self,,,,,,2026-10-06T08:32:09+00:00
"clamoris canalicollis (lewis, 1894)","Clamoris canalicollis (Lewis, 1894)",4407501,HIGHERRANK,ACCEPTED,,,n/a,unresolved,higher_rank,,,,2026-10-06T08:32:23+00:00
vincetoxicum floribundum (miq.) franch. & sav.,Vincetoxicum floribundum (Miq.) Franch. & Sav.,7439750,EXACT,SYNONYM,7368276,Vincetoxicum nikoense Franch. & Sav.,api,,,,,,2026-10-06T08:32:23+00:00
"blaps (blaps) japonensis marseul, 1879","Blaps (Blaps) japonensis Marseul, 1879",8279505,HIGHERRANK,ACCEPTED,,,n/a,unresolved,genus_or_higher,,,,2026-10-06T08:32:23+00:00
linaria japonica miq.,Linaria japonica Miq.,5562391,EXACT,ACCEPTED,5562391,,self,,,,,,2026-10-06T08:32:09+00:00
"caedius fluviatilis nakane & masumoto, 1979","Caedius fluviatilis Nakane & Masumoto, 1979",11234845,HIGHERRANK,ACCEPTED,,,n/a,unresolved,higher_rank,,,,2026-10-06T08:32:23+00:00
scrophularia buergeriana miq.,Scrophularia buergeriana Miq.,3738793,EXACT,ACCEPTED,3738793,,self,,,,,,2026-10-06T08:32:09+00:00
"gonocephalum (gonocephalum) klapperichi kaszab, 1952","Gonocephalum (Gonocephalum) klapperichi Kaszab, 1952",8021518,HIGHERRANK,ACCEPTED,,,n/a,unresolved,genus_or_higher,,,,2026-10-06T08:32:23+00:00
scrophularia musashiensis bonati var. musashiensis,Scrophularia musashiensis Bonati var. musashiensis,7332800,HIGHERRANK,ACCEPTED,,,n/a,unresolved,infraspecific_collapsed,,,,2026-10-06T08:32:23+00:00
"ceropria sulcifrons harold, 1878","Ceropria sulcifrons Harold, 1878",12220976,EXACT,ACCEPTED,12220976,,self,,,,,,2026-10-06T08:32:09+00:00
utricularia australis r.br.,Utricularia australis R.Br.,7297904,EXACT,ACCEPTED,7297904,,self,,,,,,2026-10-06T08:32:09+00:00
"sakaiomenimus oblongus (lewis, 1894)","Sakaiomenimus oblongus (Lewis, 1894)",4723840,HIGHERRANK,ACCEPTED,,,n/a,unresolved,higher_rank,,,,2026-10-06T08:32:23+00:00
utricularia japonica makino,Utricularia japonica Makino,4088173,EXACT,ACCEPTED,4088173,,self,,,,,,2026-10-06T08:32:09+00:00
"clerodendrum izuinsulae k.inoue, m.haseg. & shiro kobay.","Clerodendrum izuinsulae K.Inoue, M.Haseg. & Shiro Kobay.",3892440,FUZZY,ACCEPTED,,,n/a,unresolved,fuzzy_spelling,,,,2026-10-06T08:32:23+00:00
"pedilus okamotoi (kôno, 1935)","Pedilus okamotoi (Kôno, 1935)",1045158,HIGHERRANK,ACCEPTED,,,n/a,unresolved,higher_rank,,,,2026-10-06T08:32:23+00:00
isodon shikokianus (makino) h.hara var. intermedius (kudo) murata,Isodon shikokianus (Makino) H.Hara var. intermedius (Kudo) Murata,7350291,EXACT,ACCEPTED,7350291,,self,,,,,,2026-10-06T08:32:09+00:00
"anthicus (anthicus) monstrosicornis marseul, 1877","Anthicus (Anthicus) monstrosicornis Marseul, 1877",6132274,EXACT,ACCEPTED,6132274,,self,,,,,,2026-10-06T08:32:09+00:00
loxocalyx ambiguus (makino) makino,Loxocalyx ambiguus (Makino) Makino,5605926,EXACT,ACCEPTED,5605926,,self,,,,,,2026-10-06T08:32:09+00:00
"ischalia luteolineata pic, 1912","Ischalia luteolineata Pic, 1912",1047163,HIGHERRANK,ACCEPTED,,,n/a,unresolved,higher_rank,,,,2026-10-06T08:32:23+00:00
lycopus uniflorus michx.,Lycopus uniflorus Michx.,5341480,EXACT,ACCEPTED,5341480,,self,,,,,,2026-10-06T08:32:09+00:00
"asemum striatum (linnaeus, 1758)","Asemum striatum (Linnaeus, 1758)",8196495,EXACT,ACCEPTED,8196495,,self,,,,,,2026-10-06T08:32:09+00:00
scutellaria laeteviolacea koidz. var. abbreviata (h.hara) h.hara,Scutellaria laeteviolacea Koidz. var. abbreviata (H.Hara) H.Hara,5609048,EXACT,SYNONYM,7308655,Scutellaria laeteviolacea var. laeteviolacea,api,,,,,,2026-10-06T08:32:23+00:00
"necydalis (necydalis) gigantea gigantea kano, 1933","Necydalis (Necydalis) gigantea gigantea Kano, 1933",8894775,EXACT,SYNONYM,1148875,"Necydalis gigantea Kano, 1933",api,,,,,,2026-10-06T08:32:23+00:00
scutellaria laeteviolacea koidz. var. laeteviolacea,Scutellaria laeteviolacea Koidz. var. laeteviolacea,7308655,EXACT,ACCEPTED,7308655,,self,,,,,,2026-10-06T08:32:09+00:00
"chloridolum (chloridolum) thaliodes bates, 1884","Chloridolum (Chloridolum) thaliodes Bates, 1884",1111433,EXACT,ACCEPTED,1111433,,self,,,,,,2026-10-06T08:32:09+00:00
monochasma sheareri (s.moore) maxim. ex franch. & sav.,Monochasma sheareri (S.Moore) Maxim. ex Franch. & Sav.,3737729,EXACT,ACCEPTED,3737729,,self,,,,,,2026-10-06T08:32:09+00:00
"miccolamia (isomiccolamia) glabricula glabricula bates, 1884","Miccolamia (Isomiccolamia) glabricula glabricula Bates, 1884",9163713,EXACT,SYNONYM,4739773,"Miccolamia glabricula Bates, 1884",api,,,,,,2026-10-06T08:32:23+00:00
adenophora divaricata franch. & sav.,Adenophora divaricata Franch. & Sav.,5409648,EXACT,ACCEPTED,5409648,,self,,,,,,2026-10-06T08:32:09+00:00
"aragea mizunoi hayashi, 1953","Aragea mizunoi Hayashi, 1953",1101104,EXACT,ACCEPTED,1101104,,self,,,,,,2026-10-06T08:32:09+00:00
lobelia sessilifolia lamb.,Lobelia sessilifolia Lamb.,5408775,EXACT,ACCEPTED,5408775,,self,,,,,,2026-10-06T08:32:09+00:00
"japonitata nigrita (jacoby, 1885)","Japonitata nigrita (Jacoby, 1885)",4732887,HIGHERRANK,ACCEPTED,,,n/a,unresolved,higher_rank,,,,2026-10-06T08:32:23+00:00
platycodon grandiflorus (jacq.) a.dc.,Platycodon grandiflorus (Jacq.) A.DC.,3164340,EXACT,ACCEPTED,3164340,,self,,,,,,2026-10-06T08:32:09+00:00
"zipanginia tuberosa ohno, 1964","Zipanginia tuberosa Ohno, 1964",4732062,HIGHERRANK,ACCEPTED,,,n/a,unresolved,higher_rank,,,,2026-10-06T08:32:23+00:00
achillea alpina l. subsp. alpina var. longiligulata h.hara,Achillea alpina L. subsp. alpina var. longiligulata H.Hara,4217330,EXACT,SYNONYM,7066422,Achillea alpina subsp. alpina,api,,,,,,2026-10-06T08:32:23+00:00
achillea alpina l. subsp. alpina var. discoidea (regel) kitam.,Achillea alpina L. subsp. alpina var. discoidea (Regel) Kitam.,6303165,EXACT,ACCEPTED,6303165,,self,,,,,,2026-10-06T08:32:09+00:00
"clytra arida weise, 1889","Clytra arida Weise, 1889",4407185,HIGHERRANK,ACCEPTED,,,n/a,unresolved,higher_rank,,,,2026-10-06T08:32:23+00:00
artemisia momiyamae kitam.,Artemisia momiyamae Kitam.,4227183,EXACT,SYNONYM,4228477,Artemisia indica var. momiyamae (Kitam.) H.Hara,api,,,,,,2026-10-06T08:32:23+00:00
"eutrichapion (eutrichapion) ervi (kirby, 1808)","Eutrichapion (Eutrichapion) ervi (Kirby, 1808)",4463398,EXACT,ACCEPTED,4463398,,self,,,,,,2026-10-06T08:32:09+00:00
aster fastigiatus fisch.,Aster fastigiatus Fisch.,8306484,EXACT,SYNONYM,3094032,Turczaninovia fastigiata (Fisch.) DC.,api,,,,,,2026-10-06T08:32:23+00:00
"eutrichapion (eutrichapion) viciae (paykull, 1800)","Eutrichapion (Eutrichapion) viciae (Paykull, 1800)",4463401,EXACT,ACCEPTED,4463401,,self,,,,,,2026-10-06T08:32:09+00:00
aster kantoensis kitam.,Aster kantoensis Kitam.,5387591,EXACT,ACCEPTED,5387591,,self,,,,,,2026-10-06T08:32:09+00:00
"bagous picturatus egorov & gratshev, 1990","Bagous picturatus Egorov & Gratshev, 1990",9495372,EXACT,ACCEPTED,9495372,,self,,,,,,2026-10-06T08:32:09+00:00
aster rugulosus maxim. var. rugulosus,Aster rugulosus Maxim. var. rugulosus,5387574,HIGHERRANK,SYNONYM,,,n/a,unresolved,infraspecific_collapsed,,,,2026-10-06T08:32:23+00:00
"bagous bipunctatus (kôno, 1934)","Bagous bipunctatus (Kôno, 1934)",1244382,EXACT,ACCEPTED,1244382,,self,,,,,,2026-10-06T08:32:09+00:00
tripolium pannonicum (jacq.) schur,Tripolium pannonicum (Jacq.) Schur,7499630,EXACT,SYNONYM,3098616,Tripolium pannonicum (Jacq.) Dobrocz.,api,,,,,,2026-10-06T08:32:23+00:00
"pissodes obscurus roelofs, 1874","Pissodes obscurus Roelofs, 1874",7719892,EXACT,ACCEPTED,7719892,,self,,,,,,2026-10-06T08:32:09+00:00
carpesium divaricatum siebold & zucc. var. matsuei (tatew. & kitam.) kitam.,Carpesium divaricatum Siebold & Zucc. var. matsuei (Tatew. & Kitam.) Kitam.,6296288,EXACT,ACCEPTED,6296288,,self,,,,,,2026-10-06T08:32:09+00:00
"trigonocolus sulcatus roelofs, 1874","Trigonocolus sulcatus Roelofs, 1874",1245633,EXACT,ACCEPTED,1245633,,self,,,,,,2026-10-06T08:32:09+00:00
carpesium macrocephalum franch. & sav.,Carpesium macrocephalum Franch. & Sav.,3094826,EXACT,ACCEPTED,3094826,,self,,,,,,2026-10-06T08:32:09+00:00
"larinus (phyllonomeus) griseopilosus roelofs, 1873","Larinus (Phyllonomeus) griseopilosus Roelofs, 1873",8834314,EXACT,ACCEPTED,8834314,,self,,,,,,2026-10-06T08:32:09+00:00
cirsium pendulum fisch. ex dc.,Cirsium pendulum Fisch. ex DC.,3113714,EXACT,ACCEPTED,3113714,,self,,,,,,2026-10-06T08:32:09+00:00
"larinus (phyllonomeus) latissimus roelofs, 1873","Larinus (Phyllonomeus) latissimus Roelofs, 1873",9495835,EXACT,ACCEPTED,9495835,,self,,,,,,2026-10-06T08:32:09+00:00
eupatorium lindleyanum dc. var. lindleyanum,Eupatorium lindleyanum DC. var. lindleyanum,7222857,EXACT,ACCEPTED,7222857,,self,,,,,,2026-10-06T08:32:09+00:00
"limnobaris japonica yoshihara & morimoto, 1994","Limnobaris japonica Yoshihara & Morimoto, 1994",9633174,EXACT,ACCEPTED,9633174,,self,,,,,,2026-10-06T08:32:09+00:00
ligularia stenocephala (maxim.) matsum. & koidz.,Ligularia stenocephala (Maxim.) Matsum. & Koidz.,5395542,EXACT,ACCEPTED,5395542,,self,,,,,,2026-10-06T08:32:09+00:00
"dendrobaris insularis (morimoto & miyakawa, 1985)","Dendrobaris insularis (Morimoto & Miyakawa, 1985)",4745347,HIGHERRANK,DOUBTFUL,,,n/a,unresolved,higher_rank,,,,2026-10-06T08:32:23+00:00
miricacalia makinoana (yatabe) kitam.,Miricacalia makinoana (Yatabe) Kitam.,3104060,FUZZY,ACCEPTED,,,n/a,unresolved,fuzzy_spelling,,,,2026-10-06T08:32:23+00:00
"isonycholips gotoi chûjô & voss, 1960","Isonycholips gotoi Chûjô & Voss, 1960",1243487,EXACT,ACCEPTED,1243487,,self,,,,,,2026-10-06T08:32:09+00:00
parasenecio amagiensis (kitam.) h.koyama,Parasenecio amagiensis (Kitam.) H.Koyama,3090476,EXACT,SYNONYM,9622895,Taimingasa amagiensis (Kitam.) C.Ren & Q.E.Yang,api,,,,,,2026-10-06T08:32:23+00:00
"satonius kurosawai (m.satô, 1982)","Satonius kurosawai (M.Satô, 1982)",6955876,EXACT,ACCEPTED,6955876,,self,,,,,,2026-10-06T08:32:09+00:00
parasenecio farfarifolius (siebold & zucc.) h.koyama var. farfarifolius,Parasenecio farfarifolius (Siebold & Zucc.) H.Koyama var. farfarifolius,7338480,EXACT,SYNONYM,10793809,Parasenecio farfarifolius subsp. farfarifolius,api,,,,,,2026-10-06T08:32:23+00:00
"platambus convexus okada, 2011","Platambus convexus Okada,  2011",10799860,EXACT,ACCEPTED,10799860,,self,,,,,,2026-10-06T08:32:09+00:00
picris hieracioides l. subsp. japonica (thunb.) krylov var. akaishiensis kitam.,Picris hieracioides L. subsp. japonica (Thunb.) Krylov var. akaishiensis Kitam.,8525816,EXACT,SYNONYM,3093337,Picris hieracioides L.,api,,,,,,2026-10-06T08:32:23+00:00
"ochthebius granulosus (m.satô, 1963)","Ochthebius granulosus (M.Satô, 1963)",10512776,EXACT,ACCEPTED,10512776,,self,,,,,,2026-10-06T08:32:09+00:00
saussurea ussuriensis maxim.,Saussurea ussuriensis Maxim.,5404214,EXACT,ACCEPTED,5404214,,self,,,,,,2026-10-06T08:32:09+00:00
"figulus binodulus waterhouse, 1873","Figulus binodulus Waterhouse, 1873",5875659,EXACT,ACCEPTED,5875659,,self,,,,,,2026-10-06T08:32:09+00:00
tephroseris flammea (turcz ex dc.) holub subsp. glabrifolia (cufod.) b.nord.,Tephroseris flammea (Turcz ex DC.) Holub subsp. glabrifolia (Cufod.) B.Nord.,6300321,EXACT,SYNONYM,3131052,Tephroseris flammea (DC.) Holub,api,,,,,,2026-10-06T08:32:23+00:00
"mozartius testaceus nomura & nakane, 1951","Mozartius testaceus Nomura & Nakane, 1951",1069152,EXACT,ACCEPTED,1069152,,self,,,,,,2026-10-06T08:32:09+00:00
solidago virgaurea l. subsp. leiocarpa (benth.) hulten var. ovata honda,Solidago virgaurea L. subsp. leiocarpa (Benth.) Hulten var. ovata Honda,6446462,HIGHERRANK,ACCEPTED,,,n/a,unresolved,infraspecific_collapsed,,,,2026-10-06T08:32:23+00:00
protaetia (liocola) brevitarsis ssp.,Protaetia (Liocola) brevitarsis ssp.,1080863,EXACT,ACCEPTED,1080863,,self,,,,,,2026-10-06T08:32:09+00:00
synurus excelsus (makino) kitam.,Synurus excelsus (Makino) Kitam.,3150726,EXACT,ACCEPTED,3150726,,self,,,,,,2026-10-06T08:32:09+00:00
"cryptalaus larvatus pini (lewis, 1894)","Cryptalaus larvatus pini (Lewis, 1894)",6714681,HIGHERRANK,DOUBTFUL,,,n/a,unresolved,infraspecific_collapsed,,,,2026-10-06T08:32:23+00:00
tephroseris integrifolius (l.) holub subsp. kirilowii (turcz. ex dc.) b.nord.,Tephroseris integrifolius (L.) Holub subsp. kirilowii (Turcz. ex DC.) B.Nord.,4218722,FUZZY,SYNONYM,,,n/a,unresolved,fuzzy_spelling,,,,2026-10-06T08:32:23+00:00
"laius asahinai nakane, 1955","Laius asahinai Nakane, 1955",9036564,EXACT,ACCEPTED,9036564,,self,,,,,,2026-10-06T08:32:09+00:00
xanthium strumarium l. subsp. sibiricum (patrin ex widder) greuter,Xanthium strumarium L. subsp. sibiricum (Patrin ex Widder) Greuter,4225319,EXACT,SYNONYM,3089154,Xanthium strumarium L.,api,,,,,,2026-10-06T08:32:23+00:00
"amida tricolor (harold, 1878)","Amida tricolor (Harold, 1878)",6713890,EXACT,DOUBTFUL,,,api,,,,,,2026-10-06T08:32:23+00:00
abelia serrata siebold & zucc. var. serrata,Abelia serrata Siebold & Zucc. var. serrata,5599050,HIGHERRANK,SYNONYM,,,n/a,unresolved,infraspecific_collapsed,,,,2026-10-06T08:32:23+00:00
"calvia quindecimguttata (fabricius, 1777)","Calvia quindecimguttata (Fabricius, 1777)",4452237,EXACT,ACCEPTED,4452237,,self,,,,,,2026-10-06T08:32:09+00:00
scabiosa japonica miq. var. japonica,Scabiosa japonica Miq. var. japonica,7300977,HIGHERRANK,ACCEPTED,,,n/a,unresolved,infraspecific_collapsed,,,,2026-10-06T08:32:23+00:00
"nipponocis longisetosus nobuchi, 1955","Nipponocis longisetosus Nobuchi, 1955",4721740,HIGHERRANK,DOUBTFUL,,,n/a,unresolved,higher_rank,,,,2026-10-06T08:32:23+00:00
angelica inaequalis maxim.,Angelica inaequalis Maxim.,5537696,EXACT,ACCEPTED,5537696,,self,,,,,,2026-10-06T08:32:09+00:00
"phaleria (epiphaleria) atriceps (lewis, 1894)","Phaleria (Epiphaleria) atriceps (Lewis, 1894)",6130624,EXACT,ACCEPTED,6130624,,self,,,,,,2026-10-06T08:32:09+00:00
libanotis coreana (h.wolff) kitag. var. coreana,Libanotis coreana (H.Wolff) Kitag. var. coreana,5540555,HIGHERRANK,SYNONYM,,,n/a,unresolved,infraspecific_collapsed,,,,2026-10-06T08:32:23+00:00
"indasclera japonica (pic, 1910)","Indasclera japonica (Pic, 1910)",4748453,HIGHERRANK,ACCEPTED,,,n/a,unresolved,higher_rank,,,,2026-10-06T08:32:23+00:00
phlegmariurus cryptomerinus (maxim.) satou,Phlegmariurus cryptomerinus (Maxim.) Satou,3991180,EXACT,ACCEPTED,3991180,,self,,,,,,2026-10-06T08:32:09+00:00
"epicauta (epicauta) gorhami (marseul, 1873)","Epicauta (Epicauta) gorhami (Marseul, 1873)",6954020,EXACT,ACCEPTED,6954020,,self,,,,,,2026-10-06T08:32:09+00:00
isoetes japonica a.braun,Isoetes japonica A.Braun,9162695,EXACT,ACCEPTED,9162695,,self,,,,,,2026-10-06T08:32:09+00:00
"caraphia lepturoides lepturoides (matsushita, 1933)","Caraphia lepturoides lepturoides (Matsushita, 1933)",9618994,EXACT,SYNONYM,4738319,"Caraphia lepturoides (Matsushita, 1933)",api,,,,,,2026-10-06T08:32:23+00:00
hymenophyllum wrightii bosch,Hymenophyllum wrightii Bosch,2651317,EXACT,ACCEPTED,2651317,,self,,,,,,2026-10-06T08:32:09+00:00
"leptura latipennis (matsushita, 1933)","Leptura latipennis (Matsushita, 1933)",6269558,EXACT,ACCEPTED,6269558,,self,,,,,,2026-10-06T08:32:09+00:00
marsilea quadrifolia l.,Marsilea quadrifolia L.,5274875,EXACT,ACCEPTED,5274875,,self,,,,,,2026-10-06T08:32:09+00:00
"strangalia koyaensis matsushita, 1933","Strangalia koyaensis Matsushita, 1933",5998193,EXACT,ACCEPTED,5998193,,self,,,,,,2026-10-06T08:32:09+00:00
azolla japonica franch. & sav.,Azolla japonica Franch. & Sav.,4196468,EXACT,SYNONYM,2650107,Azolla filiculoides Lam.,api,,,,,,2026-10-06T08:32:23+00:00
"allotraeus (nysina) rufescens (pic, 1923)","Allotraeus (Nysina) rufescens (Pic, 1923)",1101662,EXACT,SYNONYM,7928114,"Nysina rufescens (Pic, 1923)",api,,,,,,2026-10-06T08:32:23+00:00
microlepia strigosa (thunb.) c.presl,Microlepia strigosa (Thunb.) C.Presl,2650725,EXACT,ACCEPTED,2650725,,self,,,,,,2026-10-06T08:32:09+00:00
"glaphyra (glaphyra) nitida nitida (obika, 1973)","Glaphyra (Glaphyra) nitida nitida (Obika, 1973)",8747409,EXACT,SYNONYM,4739433,"Molorchus nitidus Obika, 1973",api,,,,,,2026-10-06T08:32:23+00:00
cheilanthes argentea (s.g.gmel.) kunze,Cheilanthes argentea (S.G.Gmel.) Kunze,7335365,EXACT,SYNONYM,7335766,Aleuritopteris argentea (S.G.Gmel.) Fée,api,,,,,,2026-10-06T08:32:23+00:00
"epania septemtrionalis hayashi, 1950","Epania septemtrionalis Hayashi, 1950",5999548,EXACT,ACCEPTED,5999548,,self,,,,,,2026-10-06T08:32:09+00:00
pteris oshimensis hieron.,Pteris oshimensis Hieron.,7310214,EXACT,ACCEPTED,7310214,,self,,,,,,2026-10-06T08:32:09+00:00
"thranius variegatus variegatus bates, 1873","Thranius variegatus variegatus Bates, 1873",4738890,HIGHERRANK,ACCEPTED,,,n/a,unresolved,infraspecific_collapsed,,,,2026-10-06T08:32:23+00:00
asplenium capillipes makino,Asplenium capillipes Makino,4257611,EXACT,ACCEPTED,4257611,,self,,,,,,2026-10-06T08:32:09+00:00
"chloridolum (parachloridolum) japonicum (harold, 1879)","Chloridolum (Parachloridolum) japonicum (Harold, 1879)",1111522,EXACT,ACCEPTED,1111522,,self,,,,,,2026-10-06T08:32:09+00:00
hymenasplenium hondoense (n.murak. & hatan.) nakaike,Hymenasplenium hondoense (N.Murak. & Hatan.) Nakaike,4258006,EXACT,ACCEPTED,4258006,,self,,,,,,2026-10-06T08:32:09+00:00
"semanotus bifasciatus (motschulsky, 1857)","Semanotus bifasciatus (Motschulsky, 1857)",6131000,EXACT,ACCEPTED,6131000,,self,,,,,,2026-10-06T08:32:09+00:00
asplenium trichomanes l. subsp. quadrivalens d.e.mey.,Asplenium trichomanes L. subsp. quadrivalens D.E.Mey.,7610857,EXACT,SYNONYM,7650426,Asplenium quadrivalens (D.E.Mey.) Landolt,api,,,,,,2026-10-06T08:32:23+00:00
"phymatodes (poecillium) quadrimaculatus (gressitt, 1935)","Phymatodes (Poecillium) quadrimaculatus (Gressitt, 1935)",5005462,EXACT,SYNONYM,8298341,"Poecilium quadrimaculatum (Gressitt, 1935)",api,,,,,,2026-10-06T08:32:23+00:00
asplenium tripteropus nakai,Asplenium tripteropus Nakai,4256156,EXACT,ACCEPTED,4256156,,self,,,,,,2026-10-06T08:32:09+00:00
"plagionotus christophi (kraatz, 1879)","Plagionotus christophi (Kraatz, 1879)",5005914,EXACT,ACCEPTED,5005914,,self,,,,,,2026-10-06T08:32:09+00:00
deparia kiusiana (koidz.) m.kato,Deparia kiusiana (Koidz.) M.Kato,4016518,EXACT,ACCEPTED,4016518,,self,,,,,,2026-10-06T08:32:09+00:00
"oligoenoplus rosti rosti (pic, 1911)","Oligoenoplus rosti rosti (Pic, 1911)",9099134,EXACT,SYNONYM,6263325,"Oligoenoplus rosti (Pic, 1911)",api,,,,,,2026-10-06T08:32:23+00:00
diplazium nipponicum tagawa,Diplazium nipponicum Tagawa,8045896,EXACT,ACCEPTED,8045896,,self,,,,,,2026-10-06T08:32:09+00:00
"sybra (sybra) unifasciata fujimura, 1956","Sybra (Sybra) unifasciata Fujimura, 1956",5998484,EXACT,SYNONYM,8112824,"Mycerinopsis unifasciata (Fujimura, 1956)",api,,,,,,2026-10-06T08:32:23+00:00
diplazium virescens kunze,Diplazium virescens Kunze,7289007,EXACT,ACCEPTED,7289007,,self,,,,,,2026-10-06T08:32:09+00:00
"cleptometopus bimaculatus (bates, 1873)","Cleptometopus bimaculatus (Bates, 1873)",1118723,EXACT,ACCEPTED,1118723,,self,,,,,,2026-10-06T08:32:09+00:00
diplazium conterminum christ,Diplazium conterminum Christ,4016896,EXACT,ACCEPTED,4016896,,self,,,,,,2026-10-06T08:32:09+00:00
"pterolophia (pterolophia) angusta (bates, 1873)","Pterolophia (Pterolophia) angusta (Bates, 1873)",1135607,EXACT,ACCEPTED,1135607,,self,,,,,,2026-10-06T08:32:09+00:00
arachniodes nipponica (rosenst.) ohwi,Arachniodes nipponica (Rosenst.) Ohwi,4039862,EXACT,ACCEPTED,4039862,,self,,,,,,2026-10-06T08:32:09+00:00
"rhodopina integripennis (bates, 1884)","Rhodopina integripennis (Bates, 1884)",1153113,EXACT,ACCEPTED,1153113,,self,,,,,,2026-10-06T08:32:09+00:00
cyrtomium macrophyllum (makino) tagawa,Cyrtomium macrophyllum (Makino) Tagawa,7319090,EXACT,ACCEPTED,7319090,,self,,,,,,2026-10-06T08:32:09+00:00
"mimectatina meridiana ohirai breuning & villiers, 1973","Mimectatina meridiana ohirai Breuning & Villiers, 1973",8864818,EXACT,ACCEPTED,8864818,,self,,,,,,2026-10-06T08:32:09+00:00
dryopteris caudipinna nakai,Dryopteris caudipinna Nakai,5655309,EXACT,ACCEPTED,5655309,,self,,,,,,2026-10-06T08:32:09+00:00
"eupogoniopsis granulatus lim, 2013","Eupogoniopsis granulatus Lim, 2013",7879508,EXACT,ACCEPTED,7879508,,self,,,,,,2026-10-06T08:32:09+00:00
dryopteris expansa (c.presl) fraser-jenk. & jermy,Dryopteris expansa (C.Presl) Fraser-Jenk. & Jermy,5275102,EXACT,ACCEPTED,5275102,,self,,,,,,2026-10-06T08:32:09+00:00
"leiopus montanus hayashi, 1968","Leiopus montanus Hayashi, 1968",5999247,EXACT,ACCEPTED,5999247,,self,,,,,,2026-10-06T08:32:09+00:00
loxogramme salicifolia (makino) makino,Loxogramme salicifolia (Makino) Makino,7290245,EXACT,ACCEPTED,7290245,,self,,,,,,2026-10-06T08:32:09+00:00
"eutetrapha sedecimpunctata sedecimpunctata (motschulsky, 1860)","Eutetrapha sedecimpunctata sedecimpunctata (Motschulsky, 1860)",12215228,EXACT,ACCEPTED,12215228,,self,,,,,,2026-10-06T08:32:09+00:00
micropolypodium okuboi (yatabe) hayata,Micropolypodium okuboi (Yatabe) Hayata,3752155,EXACT,ACCEPTED,3752155,,self,,,,,,2026-10-06T08:32:09+00:00
"glenea (glenea) centroguttata fairmaire, 1897","Glenea (Glenea) centroguttata Fairmaire, 1897",1116110,EXACT,ACCEPTED,1116110,,self,,,,,,2026-10-06T08:32:09+00:00
picea torano (siebold ex k.koch) koehne,Picea torano (Siebold ex K.Koch) Koehne,5284841,EXACT,ACCEPTED,5284841,,self,,,,,,2026-10-06T08:32:09+00:00
"bruchus loti paykull, 1800","Bruchus loti Paykull, 1800",5875987,EXACT,ACCEPTED,5875987,,self,,,,,,2026-10-06T08:32:09+00:00
"pinus parviflora siebold & zucc. var, parviflora","Pinus parviflora Siebold & Zucc. var, parviflora",5285589,EXACT,ACCEPTED,5285589,,self,,,,,,2026-10-06T08:32:09+00:00
"lema (lema) dilecta baly, 1873","Lema (Lema) dilecta Baly, 1873",5736874,HIGHERRANK,ACCEPTED,,,n/a,unresolved,genus_or_higher,,,,2026-10-06T08:32:23+00:00
asarum tamaense makino,Asarum tamaense Makino,3588850,EXACT,ACCEPTED,3588850,,self,,,,,,2026-10-06T08:32:09+00:00
"galerucella nipponensis (laboissière, 1922)","Galerucella nipponensis (Laboissière, 1922)",9577325,EXACT,ACCEPTED,9577325,,self,,,,,,2026-10-06T08:32:09+00:00
arisaema limbatum nakai & f.maek. ex f.maek. var. stenophyllum (nakai & f.maek. ex f.maek.) seriz.,Arisaema limbatum Nakai & F.Maek. ex F.Maek. var. stenophyllum (Nakai & F.Maek. ex F.Maek.) Seriz.,2867077,EXACT,SYNONYM,2867073,Arisaema aequinoctiale Nakai & F.Maek.,api,,,,,,2026-10-06T08:32:23+00:00
"aeromachus inachus (ménétriés, 1859)","Aeromachus inachus (Ménétriés, 1859)",1945815,EXACT,ACCEPTED,1945815,,self,,,,,,2026-10-06T08:32:09+00:00
tofieldia coccinea richards. var. gracilis (franch. & sav.) t.shimizu,Tofieldia coccinea Richards. var. gracilis (Franch. & Sav.) T.Shimizu,2864352,EXACT,ACCEPTED,2864352,,self,,,,,,2026-10-06T08:32:09+00:00
"niphanda fusca (bremer & grey, 1852)","Niphanda fusca (Bremer & Grey, 1852)",1924008,EXACT,ACCEPTED,1924008,,self,,,,,,2026-10-06T08:32:09+00:00
ottelia alismoides (l.) pers.,Ottelia alismoides (L.) Pers.,5329515,EXACT,ACCEPTED,5329515,,self,,,,,,2026-10-06T08:32:09+00:00
"maculinea teleius (bergsträsser, 1779)","Maculinea teleius (Bergsträsser, 1779)",1922406,EXACT,ACCEPTED,1922406,,self,,,,,,2026-10-06T08:32:09+00:00
phyllospadix japonicus makino,Phyllospadix japonicus Makino,2863953,EXACT,ACCEPTED,2863953,,self,,,,,,2026-10-06T08:32:09+00:00
"plebejus argus (linnaeus, 1758)","Plebejus argus (Linnaeus, 1758)",5138561,EXACT,ACCEPTED,5138561,,self,,,,,,2026-10-06T08:32:09+00:00
zostera caulescens miki,Zostera caulescens Miki,2863966,EXACT,ACCEPTED,2863966,,self,,,,,,2026-10-06T08:32:09+00:00
"lycaeides argyrognomon (bergsträsse, 1779)","Lycaeides argyrognomon (Bergsträsse, 1779)",1926824,EXACT,ACCEPTED,1926824,,self,,,,,,2026-10-06T08:32:09+00:00
zostera japonica asch. & graebn.,Zostera japonica Asch. & Graebn.,2863943,EXACT,ACCEPTED,2863943,,self,,,,,,2026-10-06T08:32:09+00:00
"lycaeides subsolanus (eversmann, 1851)","Lycaeides subsolanus (Eversmann, 1851)",1926820,EXACT,ACCEPTED,1926820,,self,,,,,,2026-10-06T08:32:09+00:00
stuckenia pectinata (l.) boerner,Stuckenia pectinata (L.) Boerner,7871428,EXACT,ACCEPTED,7871428,,self,,,,,,2026-10-06T08:32:09+00:00
"fabriciana nerippe (c.felder & r.felder, 1862)","Fabriciana nerippe (C.Felder & R.Felder, 1862)",1911862,EXACT,ACCEPTED,1911862,,self,,,,,,2026-10-06T08:32:09+00:00
trillium tschonoskii maxim.,Trillium tschonoskii Maxim.,2742237,EXACT,ACCEPTED,2742237,,self,,,,,,2026-10-06T08:32:09+00:00
"ypthima multistriata (butler, 1883)","Ypthima multistriata (Butler, 1883)",1907498,EXACT,ACCEPTED,1907498,,self,,,,,,2026-10-06T08:32:09+00:00
veratrum maackii regel var. reymondianum (o.loes.) h.hara,Veratrum maackii Regel var. reymondianum (O.Loes.) H.Hara,6310793,EXACT,SYNONYM,2742060,Veratrum maackii var. parviflorum (Maxim. ex Miq.) H.Hara,api,,,,,,2026-10-06T08:32:23+00:00
"thymelicus leoninus (butler, 1878)","Thymelicus leoninus (Butler, 1878)",1944060,FUZZY,ACCEPTED,,,n/a,unresolved,fuzzy_spelling,,,,2026-10-06T08:32:23+00:00
erythronium japonicum decne.,Erythronium japonicum Decne.,2752866,EXACT,ACCEPTED,2752866,,self,,,,,,2026-10-06T08:32:09+00:00
"thymelicus sylvaticus (bremer, 1861)","Thymelicus sylvaticus (Bremer, 1861)",1944030,FUZZY,ACCEPTED,,,n/a,unresolved,fuzzy_spelling,,,,2026-10-06T08:32:23+00:00
hetaeria shikokiana (makino & f.maek.) tuyama,Hetaeria shikokiana (Makino & F.Maek.) Tuyama,5315250,EXACT,SYNONYM,2820762,Chamaegastrodia shikokiana Makino & F.Maek.,api,,,,,,2026-10-06T08:32:23+00:00
"luehdorfia japonica (leech, 1889)","Luehdorfia japonica (Leech, 1889)",1938230,EXACT,ACCEPTED,1938230,,self,,,,,,2026-10-06T08:32:09+00:00
galearis fauriei (finet) p.f.hunt,Galearis fauriei (Finet) P.F.Hunt,2850145,EXACT,ACCEPTED,2850145,,self,,,,,,2026-10-06T08:32:09+00:00
"leptidea amurensia (ménétriés, 1858)","Leptidea amurensia (Ménétriés, 1858)",5137912,FUZZY,ACCEPTED,,,n/a,unresolved,fuzzy_spelling,,,,2026-10-06T08:32:23+00:00
cymbidium nagifolium masam.,Cymbidium nagifolium Masam.,5305521,EXACT,SYNONYM,5305513,Cymbidium lancifolium Hook.,api,,,,,,2026-10-06T08:32:23+00:00
"eurema lacta (janson, 1836)","Eurema lacta (Janson, 1836)",1,HIGHERRANK,ACCEPTED,,,n/a,unresolved,higher_rank,,,,2026-10-06T08:32:23+00:00
cypripedium japonicum thunb.,Cypripedium japonicum Thunb.,2820399,EXACT,ACCEPTED,2820399,,self,,,,,,2026-10-06T08:32:09+00:00
"gonepteryx aspasia (ménétriés, 1858)","Gonepteryx aspasia (Ménétriés, 1858)",1920711,EXACT,ACCEPTED,1920711,,self,,,,,,2026-10-06T08:32:09+00:00
epipactis helleborine (l.) crantz,Epipactis helleborine (L.) Crantz,8998684,EXACT,ACCEPTED,8998684,,self,,,,,,2026-10-06T08:32:09+00:00
"gonepteryx rhamni (linnaeus, 1758)","Gonepteryx rhamni (Linnaeus, 1758)",1920712,EXACT,ACCEPTED,1920712,,self,,,,,,2026-10-06T08:32:09+00:00
epipactis thunbergii a.gray,Epipactis thunbergii A.Gray,5319259,EXACT,ACCEPTED,5319259,,self,,,,,,2026-10-06T08:32:09+00:00
"iratsume orsedice (butler, 1882)","Iratsume orsedice (Butler, 1882)",1932560,EXACT,ACCEPTED,1932560,,self,,,,,,2026-10-06T08:32:09+00:00
goodyera foliosa (lindl.) benth. ex c.b.clarke var. laevis finet,Goodyera foliosa (Lindl.) Benth. ex C.B.Clarke var. laevis Finet,2840673,EXACT,SYNONYM,2840711,Goodyera henryi Rolfe,api,,,,,,2026-10-06T08:32:23+00:00
"araragi enthea (janson, 1877)","Araragi enthea (Janson, 1877)",1928732,EXACT,ACCEPTED,1928732,,self,,,,,,2026-10-06T08:32:09+00:00
goodyera velutina maxim.,Goodyera velutina Maxim.,7806873,EXACT,ACCEPTED,7806873,,self,,,,,,2026-10-06T08:32:09+00:00
"antigius butleri (fenton, 1882)","Antigius butleri (Fenton, 1882)",1924037,EXACT,ACCEPTED,1924037,,self,,,,,,2026-10-06T08:32:09+00:00
zeuxine agyokuana fukuy.,Zeuxine agyokuana Fukuy.,2803100,EXACT,ACCEPTED,2803100,,self,,,,,,2026-10-06T08:32:09+00:00
"chrysozephyrus brillantinus (staudinger, 1887)","Chrysozephyrus brillantinus (Staudinger, 1887)",1929066,HIGHERRANK,ACCEPTED,,,n/a,unresolved,higher_rank,,,,2026-10-06T08:32:23+00:00
lecanorchis japonica blume var. japonica,Lecanorchis japonica Blume var. japonica,2838525,HIGHERRANK,ACCEPTED,,,n/a,unresolved,infraspecific_collapsed,,,,2026-10-06T08:32:23+00:00
"chrysozephyrus smaragdinus (bremer, 1861)","Chrysozephyrus smaragdinus (Bremer, 1861)",1929103,FUZZY,ACCEPTED,,,n/a,unresolved,fuzzy_spelling,,,,2026-10-06T08:32:23+00:00
neottia japonica (blume) szlach.,Neottia japonica (Blume) Szlach.,2816275,EXACT,ACCEPTED,2816275,,self,,,,,,2026-10-06T08:32:09+00:00
"favonius jezoensia (matsumura, 1915)","Favonius jezoensia (Matsumura, 1915)",1931284,FUZZY,ACCEPTED,,,n/a,unresolved,fuzzy_spelling,,,,2026-10-06T08:32:23+00:00
neottia papilligera schltr.,Neottia papilligera Schltr.,2816381,EXACT,ACCEPTED,2816381,,self,,,,,,2026-10-06T08:32:09+00:00
"zizina otis (fabricius, 1787)","Zizina otis (Fabricius, 1787)",7346444,EXACT,ACCEPTED,7346444,,self,,,,,,2026-10-06T08:32:09+00:00
oberonia japonica (maxim.) makino,Oberonia japonica (Maxim.) Makino,5312987,EXACT,ACCEPTED,5312987,,self,,,,,,2026-10-06T08:32:09+00:00
"tongeia fischeri (eversmann, 1843)","Tongeia fischeri (Eversmann, 1843)",1931561,EXACT,ACCEPTED,1931561,,self,,,,,,2026-10-06T08:32:09+00:00
tipularia japonica matsum.,Tipularia japonica Matsum.,5308384,EXACT,ACCEPTED,5308384,,self,,,,,,2026-10-06T08:32:09+00:00
"neptis pryeri (butler, 1871)","Neptis pryeri (Butler, 1871)",5131293,EXACT,ACCEPTED,5131293,,self,,,,,,2026-10-06T08:32:09+00:00
iris domestica (l.) goldblatt & mabb.,Iris domestica (L.) Goldblatt & Mabb.,5298546,EXACT,ACCEPTED,5298546,,self,,,,,,2026-10-06T08:32:09+00:00
"neptis alwina (bremer & grey, 1852)","Neptis alwina (Bremer & Grey, 1852)",5131585,EXACT,ACCEPTED,5131585,,self,,,,,,2026-10-06T08:32:09+00:00
asparagus schoberioides kunth,Asparagus schoberioides Kunth,2768953,EXACT,ACCEPTED,2768953,,self,,,,,,2026-10-06T08:32:09+00:00
"polygonia c-album (linnaeus, 1758)","Polygonia c-album (Linnaeus, 1758)",1898544,EXACT,ACCEPTED,1898544,,self,,,,,,2026-10-06T08:32:09+00:00
juncus bufonius l.,Juncus bufonius L.,6413649,EXACT,ACCEPTED,6413649,,self,,,,,,2026-10-06T08:32:09+00:00
"kirinia fentoni (butler, 1877)","Kirinia fentoni (Butler, 1877)",4405001,HIGHERRANK,ACCEPTED,,,n/a,unresolved,higher_rank,,,,2026-10-06T08:32:23+00:00
carex biwensis franch.,Carex biwensis Franch.,2729769,EXACT,ACCEPTED,2729769,,self,,,,,,2026-10-06T08:32:09+00:00
"choaspes benjaminii (murray, 1843)","Choaspes benjaminii (Murray, 1843)",5141924,EXACT,ACCEPTED,5141924,,self,,,,,,2026-10-06T08:32:09+00:00
carex capillacea boott,Carex capillacea Boott,2722174,EXACT,ACCEPTED,2722174,,self,,,,,,2026-10-06T08:32:09+00:00
"leptalina unicolor (bremer & grey, 1852)","Leptalina unicolor (Bremer & Grey, 1852)",1943799,EXACT,ACCEPTED,1943799,,self,,,,,,2026-10-06T08:32:09+00:00
carex foliosissima f.schmidt,Carex foliosissima F.Schmidt,2722008,EXACT,ACCEPTED,2722008,,self,,,,,,2026-10-06T08:32:09+00:00
"isoteinon lamprospilus (c.felder & r.felder, 1862)","Isoteinon lamprospilus (C.Felder & R.Felder, 1862)",1947626,EXACT,ACCEPTED,1947626,,self,,,,,,2026-10-06T08:32:09+00:00
carex sendaica franch.,Carex sendaica Franch.,2723694,EXACT,ACCEPTED,2723694,,self,,,,,,2026-10-06T08:32:09+00:00
"ochlodes venatus (bremer & grey, 1852)","Ochlodes venatus (Bremer & Grey, 1852)",7389824,FUZZY,ACCEPTED,,,n/a,unresolved,fuzzy_spelling,,,,2026-10-06T08:32:23+00:00
carex maackii maxim.,Carex maackii Maxim.,2725177,EXACT,ACCEPTED,2725177,,self,,,,,,2026-10-06T08:32:09+00:00
"polytremis pellucida (murray, 1875)","Polytremis pellucida (Murray, 1875)",1949004,EXACT,ACCEPTED,1949004,,self,,,,,,2026-10-06T08:32:09+00:00
carex onoei franch. & sav.,Carex onoei Franch. & Sav.,2724430,EXACT,ACCEPTED,2724430,,self,,,,,,2026-10-06T08:32:09+00:00
"pelopidas jansonis (butler, 1878)","Pelopidas jansonis (Butler, 1878)",1945861,EXACT,ACCEPTED,1945861,,self,,,,,,2026-10-06T08:32:09+00:00
carex otaruensis franch.,Carex otaruensis Franch.,2729747,EXACT,ACCEPTED,2729747,,self,,,,,,2026-10-06T08:32:09+00:00
"taraka hamada (h.druce, 1875)","Taraka hamada (H.Druce, 1875)",1921163,EXACT,ACCEPTED,1921163,,self,,,,,,2026-10-06T08:32:09+00:00
carex oxyandra (franch. & sav.) kudo,Carex oxyandra (Franch. & Sav.) Kudo,2728913,EXACT,ACCEPTED,2728913,,self,,,,,,2026-10-06T08:32:09+00:00
"shirozua jonasi (janson, 1877)","Shirozua jonasi (Janson, 1877)",1922808,EXACT,ACCEPTED,1922808,,self,,,,,,2026-10-06T08:32:09+00:00
carex rugata ohwi,Carex rugata Ohwi,2722250,EXACT,ACCEPTED,2722250,,self,,,,,,2026-10-06T08:32:09+00:00
"artopoetes pryeri (murray, 1873)","Artopoetes pryeri (Murray, 1873)",1931774,EXACT,ACCEPTED,1931774,,self,,,,,,2026-10-06T08:32:09+00:00
carex sikokiana franch. & sav.,Carex sikokiana Franch. & Sav.,2722719,EXACT,SYNONYM,2722721,Carex pisiformis var. sikokiana (Franch. & Sav.) T.Koyama,api,,,,,,2026-10-06T08:32:23+00:00
cladium chinense nees,Cladium chinense Nees,2731371,EXACT,SYNONYM,7227030,Cladium mariscus subsp. mariscus,api,,,,,,2026-10-06T08:32:23+00:00
"neozephyrus japonicua (murray, 1874)","Neozephyrus japonicua (Murray, 1874)",5883121,FUZZY,ACCEPTED,,,n/a,unresolved,fuzzy_spelling,,,,2026-10-06T08:32:23+00:00
cyperus haspan l. var. microhaspan makino,Cyperus haspan L. var. microhaspan Makino,2715828,HIGHERRANK,ACCEPTED,,,n/a,unresolved,infraspecific_collapsed,,,,2026-10-06T08:32:23+00:00
"favonius ultramarinus (fixsen, 1887)","Favonius ultramarinus (Fixsen, 1887)",1931288,FUZZY,ACCEPTED,,,n/a,unresolved,fuzzy_spelling,,,,2026-10-06T08:32:23+00:00
cyperus pacificus (ohwi) ohwi,Cyperus pacificus (Ohwi) Ohwi,2715674,EXACT,ACCEPTED,2715674,,self,,,,,,2026-10-06T08:32:09+00:00
eleocharis attenuata (franch. & sav.) palla,Eleocharis attenuata (Franch. & Sav.) Palla,2717891,EXACT,ACCEPTED,2717891,,self,,,,,,2026-10-06T08:32:09+00:00
eleocharis japonica miq.,Eleocharis japonica Miq.,2717532,EXACT,SYNONYM,2717540,Eleocharis pellucida var. japonica (Miq.) Tang & F.T.Wang,api,,,,,,2026-10-06T08:32:23+00:00
"spindasis takanonis (matsumura, 1906)","Spindasis takanonis (Matsumura, 1906)",5139951,EXACT,ACCEPTED,5139951,,self,,,,,,2026-10-06T08:32:09+00:00
fimbristylis squarrosa vahl,Fimbristylis squarrosa Vahl,2708463,EXACT,ACCEPTED,2708463,,self,,,,,,2026-10-06T08:32:09+00:00
"argyronome laodice (pallas, 1771)","Argyronome laodice (Pallas, 1771)",1895875,EXACT,ACCEPTED,1895875,,self,,,,,,2026-10-06T08:32:09+00:00
fimbristylis velata r.br.,Fimbristylis velata R.Br.,2708469,EXACT,ACCEPTED,2708469,,self,,,,,,2026-10-06T08:32:09+00:00
"argyronome ruslana (motschulsky, 1866)","Argyronome ruslana (Motschulsky, 1866)",1895867,EXACT,ACCEPTED,1895867,,self,,,,,,2026-10-06T08:32:09+00:00
cyperus kamtschaticus (meinsh.) yonek.,Cyperus kamtschaticus (Meinsh.) Yonek.,9380132,EXACT,ACCEPTED,9380132,,self,,,,,,2026-10-06T08:32:09+00:00
agrostis mertensii trin.,Agrostis mertensii Trin.,2706518,EXACT,ACCEPTED,2706518,,self,,,,,,2026-10-06T08:32:09+00:00
"fabriciana adippe (denis & schiffermüller, 1775)","Fabriciana adippe (Denis & Schiffermüller, 1775)",7809779,EXACT,ACCEPTED,7809779,,self,,,,,,2026-10-06T08:32:09+00:00
eragrostis cilianensis (all.) vignolo ex janch.,Eragrostis cilianensis (All.) Vignolo ex Janch.,2705369,EXACT,ACCEPTED,2705369,,self,,,,,,2026-10-06T08:32:09+00:00
"ladoga glorifica (fruhstorfer, 1909)","Ladoga glorifica (Fruhstorfer, 1909)",1894417,HIGHERRANK,ACCEPTED,,,n/a,unresolved,higher_rank,,,,2026-10-06T08:32:23+00:00
festuca ovina l. subsp. coreana (st.yves) e.b.alexeev,Festuca ovina L. subsp. coreana (St.Yves) E.B.Alexeev,4112748,EXACT,SYNONYM,2704951,Festuca ovina L.,api,,,,,,2026-10-06T08:32:23+00:00
"neptis philyra (ménétriés, 1858)","Neptis philyra (Ménétriés, 1858)",5131121,EXACT,ACCEPTED,5131121,,self,,,,,,2026-10-06T08:32:09+00:00
festuca ovina l. subsp. ovina,Festuca ovina L. subsp. ovina,7837411,EXACT,ACCEPTED,7837411,,self,,,,,,2026-10-06T08:32:09+00:00
"dichorragia nesimachus (doyère, 1840)","Dichorragia nesimachus (Doyère, 1840)",1905079,EXACT,ACCEPTED,1905079,,self,,,,,,2026-10-06T08:32:09+00:00
ischaemum anthephoroides (steud.) miq.,Ischaemum anthephoroides (Steud.) Miq.,4932024,EXACT,ACCEPTED,4932024,,self,,,,,,2026-10-06T08:32:09+00:00
"sasakia charonda (hewitson, 1863)","Sasakia charonda (Hewitson, 1863)",5128519,EXACT,ACCEPTED,5128519,,self,,,,,,2026-10-06T08:32:09+00:00
miscanthus oligostachyus stapf,Miscanthus oligostachyus Stapf,4122640,EXACT,ACCEPTED,4122640,,self,,,,,,2026-10-06T08:32:09+00:00
"lasiommata deidamia (eversmamm, 1851)","Lasiommata deidamia (Eversmamm, 1851)",4535630,EXACT,DOUBTFUL,,,api,,,,,,2026-10-06T08:32:23+00:00
muhlenbergia ramosa (hack.) makino,Muhlenbergia ramosa (Hack.) Makino,4149692,EXACT,ACCEPTED,4149692,,self,,,,,,2026-10-06T08:32:09+00:00
"zophoessa callipteris (butler, 1877)","Zophoessa callipteris (Butler, 1877)",216,HIGHERRANK,ACCEPTED,,,n/a,unresolved,higher_rank,,,,2026-10-06T08:32:23+00:00
neosasamorpha lasioclada (makino & nakai) tatew.,Neosasamorpha lasioclada (Makino & Nakai) Tatew.,4149978,EXACT,SYNONYM,4128756,Sasa takizawana Makino & Uchida,api,,,,,,2026-10-06T08:32:23+00:00
"neope niphonica (butler, 1881)","Neope niphonica (Butler, 1881)",1914750,EXACT,SYNONYM,1914701,"Neope goschkevitschii (Ménétriés, 1857)",api,,,,,,2026-10-06T08:32:23+00:00
neosasamorpha shimidzuana (makino) koidz. subsp. shimidzuana,Neosasamorpha shimidzuana (Makino) Koidz. subsp. shimidzuana,4115321,HIGHERRANK,SYNONYM,,,n/a,unresolved,infraspecific_collapsed,,,,2026-10-06T08:32:23+00:00
"araschnia burejana (bremer, 1861)","Araschnia burejana (Bremer, 1861)",1902543,EXACT,ACCEPTED,1902543,,self,,,,,,2026-10-06T08:32:09+00:00
phacelurus latifolius (steud.) ohwi,Phacelurus latifolius (Steud.) Ohwi,4143860,EXACT,ACCEPTED,4143860,,self,,,,,,2026-10-06T08:32:09+00:00
"wagimo signatsu (butler, 1882)","Wagimo signatsu (Butler, 1882)",1923833,FUZZY,ACCEPTED,,,n/a,unresolved,fuzzy_spelling,,,,2026-10-06T08:32:23+00:00
polypogon monspeliensis (l.) desf.,Polypogon monspeliensis (L.) Desf.,5289917,EXACT,ACCEPTED,5289917,,self,,,,,,2026-10-06T08:32:09+00:00
"tongeia filicaudis (pryer, 1877)","Tongeia filicaudis (Pryer, 1877)",7346434,EXACT,DOUBTFUL,,,api,,,,,,2026-10-06T08:32:23+00:00
saccharum spontaneum l. var. arenicola (ohwi) ohwi,Saccharum spontaneum L. var. arenicola (Ohwi) Ohwi,4932088,EXACT,SYNONYM,4117828,Festuca parvigluma Steud.,api,,,,,,2026-10-06T08:32:23+00:00
"apatura metis (freyer, 1829)","Apatura metis (Freyer, 1829)",5131860,EXACT,SYNONYM,6229899,"Apatura ilia metis Frey, 1829",api,,,,,,2026-10-06T08:32:23+00:00
sasa samaniana nakai,Sasa samaniana Nakai,7363437,EXACT,DOUBTFUL,,,api,,,,,,2026-10-06T08:32:23+00:00
"tethea trifolium (alphéraky, 1895)","Tethea trifolium (Alphéraky, 1895)",5142981,EXACT,ACCEPTED,5142981,,self,,,,,,2026-10-06T08:32:09+00:00
achnatherum coreanum (honda) ohwi,Achnatherum coreanum (Honda) Ohwi,4142112,EXACT,SYNONYM,4151402,Patis coreana (Honda) Ohwi,api,,,,,,2026-10-06T08:32:23+00:00
"cerura felina (butler, 1877)","Cerura felina (Butler, 1877)",1825182,EXACT,ACCEPTED,1825182,,self,,,,,,2026-10-06T08:32:09+00:00
zoysia macrostachya franch. & sav.,Zoysia macrostachya Franch. & Sav.,4138532,EXACT,ACCEPTED,4138532,,self,,,,,,2026-10-06T08:32:09+00:00
"pseudopanolis takao inaba, 1927","Pseudopanolis takao Inaba, 1927",1774043,EXACT,ACCEPTED,1774043,,self,,,,,,2026-10-06T08:32:09+00:00
zoysia ×hondana ohwi,Zoysia ×hondana Ohwi,4138628,EXACT,ACCEPTED,4138628,,self,,,,,,2026-10-06T08:32:09+00:00
"phragmataecia castaneae (hübner, 1790）","Phragmataecia castaneae (Hübner, 1790）",1731598,EXACT,ACCEPTED,1731598,,self,,,,,,2026-10-06T08:32:09+00:00
hylomecon japonica (thunb.) prantl & kuendig,Hylomecon japonica (Thunb.) Prantl & Kuendig,7404520,FUZZY,ACCEPTED,,,n/a,unresolved,fuzzy_spelling,,,,2026-10-06T08:32:23+00:00
"hyblaea fortissima butler, 1881","Hyblaea fortissima Butler, 1881",1992307,EXACT,ACCEPTED,1992307,,self,,,,,,2026-10-06T08:32:09+00:00
caulophyllum robustum maxim.,Caulophyllum robustum Maxim.,3981432,EXACT,ACCEPTED,3981432,,self,,,,,,2026-10-06T08:32:09+00:00
"sacada misakiensis (shibuya, 1928)","Sacada misakiensis (Shibuya, 1928)",1869942,EXACT,ACCEPTED,1869942,,self,,,,,,2026-10-06T08:32:09+00:00
aconitum grossedentatum (nakai) nakai,Aconitum grossedentatum (Nakai) Nakai,8685196,EXACT,SYNONYM,7278155,Aconitum zigzag subsp. zigzag,api,,,,,,2026-10-06T08:32:23+00:00
"oncocera bitinctella (wileman, 1911)","Oncocera bitinctella (Wileman, 1911)",1875103,HIGHERRANK,ACCEPTED,,,n/a,unresolved,higher_rank,,,,2026-10-06T08:32:23+00:00
aconitum parahakonense nakai,Aconitum parahakonense Nakai,3922125,EXACT,ACCEPTED,3922125,,self,,,,,,2026-10-06T08:32:09+00:00
"alsophila foedata inoue, 1944","Alsophila foedata Inoue, 1944",5143957,EXACT,ACCEPTED,5143957,,self,,,,,,2026-10-06T08:32:09+00:00
adonis ramosa franch.,Adonis ramosa Franch.,7277807,EXACT,ACCEPTED,7277807,,self,,,,,,2026-10-06T08:32:09+00:00
"alsophiloides acroama (inoue, 1944)","Alsophiloides acroama (Inoue, 1944)",1957496,EXACT,ACCEPTED,1957496,,self,,,,,,2026-10-06T08:32:09+00:00
cimicifuga japonica (thunb.) spreng. var. macrophylla (koidz.) h.hara,Cimicifuga japonica (Thunb.) Spreng. var. macrophylla (Koidz.) H.Hara,3924950,EXACT,SYNONYM,7278076,Actaea japonica Thunb.,api,,,,,,2026-10-06T08:32:23+00:00
"cladara muscigera (butler, 1881)","Cladara muscigera (Butler, 1881)",1986997,HIGHERRANK,ACCEPTED,,,n/a,unresolved,higher_rank,,,,2026-10-06T08:32:23+00:00
clematis fujisanensis hisauti & h.hara,Clematis fujisanensis Hisauti & H.Hara,3921423,EXACT,ACCEPTED,3921423,,self,,,,,,2026-10-06T08:32:09+00:00
"arctia caja phaeosoma (butler, 1877)","Arctia caja phaeosoma (Butler, 1877)",5115874,HIGHERRANK,ACCEPTED,,,n/a,unresolved,infraspecific_collapsed,,,,2026-10-06T08:32:23+00:00
clematis patens c.morren & decne.,Clematis patens C.Morren & Decne.,7277969,EXACT,ACCEPTED,7277969,,self,,,,,,2026-10-06T08:32:09+00:00
"holocryptis ussuriensis (rebel, 1901)","Holocryptis ussuriensis (Rebel, 1901)",1789642,EXACT,ACCEPTED,1789642,,self,,,,,,2026-10-06T08:32:09+00:00
thalictrum actaeifolium siebold & zucc.,Thalictrum actaeifolium Siebold & Zucc.,3926869,EXACT,ACCEPTED,3926869,,self,,,,,,2026-10-06T08:32:09+00:00
"hypena satsumalis leech, 1889","Hypena satsumalis Leech, 1889",1798604,EXACT,ACCEPTED,1798604,,self,,,,,,2026-10-06T08:32:09+00:00
ribes ambiguum maxim. var. ambiguum,Ribes ambiguum Maxim. var. ambiguum,7485497,HIGHERRANK,ACCEPTED,,,n/a,unresolved,infraspecific_collapsed,,,,2026-10-06T08:32:23+00:00
"adisura atkinsoni moore, 1881","Adisura atkinsoni Moore, 1881",1764544,EXACT,ACCEPTED,1764544,,self,,,,,,2026-10-06T08:32:09+00:00
ribes fasciculatum siebold & zucc.,Ribes fasciculatum Siebold & Zucc.,7334992,EXACT,ACCEPTED,7334992,,self,,,,,,2026-10-06T08:32:09+00:00
"globia aerata (butler, 1878)","Globia aerata (Butler, 1878)",4405983,HIGHERRANK,ACCEPTED,,,n/a,unresolved,higher_rank,,,,2026-10-06T08:32:23+00:00
astilbe thunbergii (siebold & zucc.) miq. var. congesta h.boissieu,Astilbe thunbergii (Siebold & Zucc.) Miq. var. congesta H.Boissieu,6710219,EXACT,ACCEPTED,6710219,,self,,,,,,2026-10-06T08:32:09+00:00
"eumeta variegata japonica heylaerts, 1884","Eumeta variegata japonica Heylaerts, 1884",5122430,HIGHERRANK,ACCEPTED,,,n/a,unresolved,infraspecific_collapsed,,,,2026-10-06T08:32:23+00:00
orostachys japonica (maxim.) a. berger,Orostachys japonica (Maxim.) A. Berger,7334756,EXACT,ACCEPTED,7334756,,self,,,,,,2026-10-06T08:32:09+00:00
"hedina consimilis (leech, 1898)","Hedina consimilis (Leech, 1898)",797,HIGHERRANK,ACCEPTED,,,n/a,unresolved,higher_rank,,,,2026-10-06T08:32:23+00:00
tillaea aquatica l.,Tillaea aquatica L.,8360941,EXACT,SYNONYM,7565449,Crassula aquatica (L.) Schönland,api,,,,,,2026-10-06T08:32:23+00:00
"achlya longipennis longipennis inoue, 1972","Achlya longipennis longipennis Inoue, 1972",7204787,EXACT,ACCEPTED,7204787,,self,,,,,,2026-10-06T08:32:09+00:00
dunbaria villosa (thunb.) makino,Dunbaria villosa (Thunb.) Makino,5356310,EXACT,ACCEPTED,5356310,,self,,,,,,2026-10-06T08:32:09+00:00
"neodaruma tamanukii matsumura, 1933","Neodaruma tamanukii Matsumura, 1933",1952091,EXACT,ACCEPTED,1952091,,self,,,,,,2026-10-06T08:32:09+00:00
lespedeza tomentosa (thunb.) siebold ex maxim.,Lespedeza tomentosa (Thunb.) Siebold ex Maxim.,2946298,EXACT,ACCEPTED,2946298,,self,,,,,,2026-10-06T08:32:09+00:00
"operophtera japonaria (leech, 1891)","Operophtera japonaria (Leech, 1891)",1972452,EXACT,ACCEPTED,1972452,,self,,,,,,2026-10-06T08:32:09+00:00
vicia bifolia nakai,Vicia bifolia Nakai,2974851,EXACT,ACCEPTED,2974851,,self,,,,,,2026-10-06T08:32:09+00:00
"prismosticta hyalinata butler, 1885","Prismosticta hyalinata Butler, 1885",1868430,EXACT,ACCEPTED,1868430,,self,,,,,,2026-10-06T08:32:09+00:00
geum aleppicum jacq.,Geum aleppicum Jacq.,5369685,EXACT,ACCEPTED,5369685,,self,,,,,,2026-10-06T08:32:09+00:00
"aloa lactinea (cramer, 1777)","Aloa lactinea (Cramer, 1777)",10399906,EXACT,ACCEPTED,10399906,,self,,,,,,2026-10-06T08:32:09+00:00
potentilla centigrana maxim.,Potentilla centigrana Maxim.,5367878,EXACT,ACCEPTED,5367878,,self,,,,,,2026-10-06T08:32:09+00:00
"camptoloma interioratum (walker, 1865）","Camptoloma interioratum (Walker, 1865）",5116096,FUZZY,ACCEPTED,,,n/a,unresolved,annotated_name,,,,2026-10-06T08:32:23+00:00
potentilla cryptotaeniae maxim.,Potentilla cryptotaeniae Maxim.,5367832,EXACT,ACCEPTED,5367832,,self,,,,,,2026-10-06T08:32:09+00:00
"nonagria puengeleri (schawerda, 1924)","Nonagria puengeleri (Schawerda, 1924)",8844661,EXACT,ACCEPTED,8844661,,self,,,,,,2026-10-06T08:32:09+00:00
potentilla niponica th.wolf,Potentilla niponica Th.Wolf,5369237,EXACT,SYNONYM,5365665,Potentilla chinensis Ser.,api,,,,,,2026-10-06T08:32:23+00:00
"globia sparganii (esper, 1790)","Globia sparganii (Esper, 1790)",8890502,EXACT,ACCEPTED,8890502,,self,,,,,,2026-10-06T08:32:09+00:00
padus ssiori (f.schmidt) c.k.schneid.,Padus ssiori (F.Schmidt) C.K.Schneid.,3023739,EXACT,SYNONYM,3023738,Prunus ssiori F.Schmidt,api,,,,,,2026-10-06T08:32:23+00:00
"alsophila inouei nakajima, 1989","Alsophila inouei Nakajima, 1989",11735829,EXACT,ACCEPTED,11735829,,self,,,,,,2026-10-06T08:32:09+00:00
sorbus gracilis (siebold & zucc.) k.koch,Sorbus gracilis (Siebold & Zucc.) K.Koch,3012322,EXACT,ACCEPTED,3012322,,self,,,,,,2026-10-06T08:32:09+00:00
"operophtera crispifascia inoue, 1982","Operophtera crispifascia Inoue, 1982",1972446,EXACT,ACCEPTED,1972446,,self,,,,,,2026-10-06T08:32:09+00:00
rhamnus costata maxim.,Rhamnus costata Maxim.,3875924,EXACT,ACCEPTED,3875924,,self,,,,,,2026-10-06T08:32:09+00:00
"kunugia yamadai nagano, 1917","Kunugia yamadai Nagano, 1917",1733158,EXACT,ACCEPTED,1733158,,self,,,,,,2026-10-06T08:32:09+00:00
elatostema densiflorum franch. & sav. ex maxim.,Elatostema densiflorum Franch. & Sav. ex Maxim.,4100549,EXACT,ACCEPTED,4100549,,self,,,,,,2026-10-06T08:32:09+00:00
"anatatha lignea (butler, 1879)","Anatatha lignea (Butler, 1879)",1778539,EXACT,ACCEPTED,1778539,,self,,,,,,2026-10-06T08:32:09+00:00
quercus gilva blume,Quercus gilva Blume,2879999,EXACT,ACCEPTED,2879999,,self,,,,,,2026-10-06T08:32:09+00:00
"orbona fragariae pallidior warren, 1910","Orbona fragariae pallidior Warren, 1910",4533123,HIGHERRANK,ACCEPTED,,,n/a,unresolved,infraspecific_collapsed,,,,2026-10-06T08:32:23+00:00
viola hirtipes s.moore,Viola hirtipes S.Moore,7296463,EXACT,ACCEPTED,7296463,,self,,,,,,2026-10-06T08:32:09+00:00
"pseudopsyche endoxantha püngeler, 1914","Pseudopsyche endoxantha Püngeler, 1914",5105283,EXACT,ACCEPTED,5105283,,self,,,,,,2026-10-06T08:32:09+00:00
viola sieboldii maxim.,Viola sieboldii Maxim.,7296546,EXACT,ACCEPTED,7296546,,self,,,,,,2026-10-06T08:32:09+00:00
"balataea octomaculata (bremer, 1861)","Balataea octomaculata (Bremer, 1861)",1754748,HIGHERRANK,SYNONYM,,,n/a,unresolved,higher_rank,,,,2026-10-06T08:32:23+00:00
viola collina besser,Viola collina Besser,7296247,EXACT,ACCEPTED,7296247,,self,,,,,,2026-10-06T08:32:09+00:00
"herdonia margarita inoue, 1976","Herdonia margarita Inoue, 1976",1992862,EXACT,ACCEPTED,1992862,,self,,,,,,2026-10-06T08:32:09+00:00
geranium wilfordii maxim.,Geranium wilfordii Maxim.,2889962,EXACT,ACCEPTED,2889962,,self,,,,,,2026-10-06T08:32:09+00:00
"nymphula corculina (butler, 1879)","Nymphula corculina (Butler, 1879)",1884128,EXACT,ACCEPTED,1884128,,self,,,,,,2026-10-06T08:32:09+00:00
trapa japonica flerow,Trapa japonica Flerow,7310420,EXACT,SYNONYM,4204450,Trapa natans var. bispinosa (Roxb.) Makino,api,,,,,,2026-10-06T08:32:23+00:00
"pseudepione shiraii inoue, 1943","Pseudepione shiraii Inoue, 1943",1955991,EXACT,ACCEPTED,1955991,,self,,,,,,2026-10-06T08:32:09+00:00
circaea cordata royle,Circaea cordata Royle,3665469,EXACT,ACCEPTED,3665469,,self,,,,,,2026-10-06T08:32:09+00:00
"macaria fuscaria (leech, 1891)","Macaria fuscaria (Leech, 1891)",11597823,EXACT,ACCEPTED,11597823,,self,,,,,,2026-10-06T08:32:09+00:00
epilobium platystigmatosum c.b.rob.,Epilobium platystigmatosum C.B.Rob.,3667239,EXACT,ACCEPTED,3667239,,self,,,,,,2026-10-06T08:32:09+00:00
"megaspilates mundataria (stoll, 1782)","Megaspilates mundataria (Stoll, 1782)",4524998,EXACT,ACCEPTED,4524998,,self,,,,,,2026-10-06T08:32:09+00:00
ludwigia peploides (kunth) p.h.raven subsp. stipulacea (ohwi) p.h.raven,Ludwigia peploides (Kunth) P.H.Raven subsp. stipulacea (Ohwi) P.H.Raven,7949600,EXACT,ACCEPTED,7949600,,self,,,,,,2026-10-06T08:32:09+00:00
"geometra sponsaria (bremer, 1864)","Geometra sponsaria (Bremer, 1864)",5144508,EXACT,ACCEPTED,5144508,,self,,,,,,2026-10-06T08:32:09+00:00
diplomorpha ganpi (siebold & zucc.) nakai,Diplomorpha ganpi (Siebold & Zucc.) Nakai,9392338,EXACT,SYNONYM,5524766,Wikstroemia ganpi (Siebold & Zucc.) Maxim.,api,,,,,,2026-10-06T08:32:23+00:00
"idaea crassipuncta (inoue, 1971)","Idaea crassipuncta (Inoue, 1971)",5146481,FUZZY,ACCEPTED,,,n/a,unresolved,fuzzy_spelling,,,,2026-10-06T08:32:23+00:00
diplomorpha pauciflora (franch. & sav. ex makino) nakai,Diplomorpha pauciflora (Franch. & Sav. ex Makino) Nakai,7311482,EXACT,SYNONYM,5524405,Wikstroemia pauciflora Franch. & Sav.,api,,,,,,2026-10-06T08:32:23+00:00
"eupithecia insignioides wehrli, 1923","Eupithecia insignioides Wehrli, 1923",1983357,EXACT,SYNONYM,11438484,"Eupithecia insigniata insignioides Wehrli, 1923",api,,,,,,2026-10-06T08:32:23+00:00
cardamine leucantha (tausch) o.e.schulz,Cardamine leucantha (Tausch) O.E.Schulz,3045862,EXACT,ACCEPTED,3045862,,self,,,,,,2026-10-06T08:32:09+00:00
"eupithecia costimacularia leech, 1897","Eupithecia costimacularia Leech, 1897",1982626,EXACT,ACCEPTED,1982626,,self,,,,,,2026-10-06T08:32:09+00:00
buckleya lanceolata (siebold & zucc.) miq.,Buckleya lanceolata (Siebold & Zucc.) Miq.,5578694,EXACT,ACCEPTED,5578694,,self,,,,,,2026-10-06T08:32:09+00:00
"laelia coenosa (hübner, 1808)","Laelia coenosa (Hübner, 1808)",8326103,EXACT,ACCEPTED,8326103,,self,,,,,,2026-10-06T08:32:09+00:00
fallopia dentatoalata (f.schmidt) holub,Fallopia dentatoalata (F.Schmidt) Holub,7569530,EXACT,ACCEPTED,7569530,,self,,,,,,2026-10-06T08:32:09+00:00
"amata germana germana (felder & felder, 1862)","Amata germana germana (Felder & Felder, 1862)",7212105,EXACT,ACCEPTED,7212105,,self,,,,,,2026-10-06T08:32:09+00:00
persicaria viscofera (makino) h.gross var. robusta (makino) hiyama,Persicaria viscofera (Makino) H.Gross var. robusta (Makino) Hiyama,7660943,EXACT,SYNONYM,4038579,Persicaria viscofera (Makino) H.Gross,api,,,,,,2026-10-06T08:32:23+00:00
"paragona multisignata (christoph, 1888)","Paragona multisignata (Christoph, 1888)",1768612,EXACT,ACCEPTED,1768612,,self,,,,,,2026-10-06T08:32:09+00:00
polygonum polyneuron franch. & sav.,Polygonum polyneuron Franch. & Sav.,5652629,EXACT,SYNONYM,7291659,Polygonum arenastrum subsp. arenastrum,api,,,,,,2026-10-06T08:32:23+00:00
"catocala fraxini jezoensis matsumura, 1931","Catocala fraxini jezoensis Matsumura, 1931",11769293,EXACT,ACCEPTED,11769293,,self,,,,,,2026-10-06T08:32:09+00:00
pseudostellaria heterantha (maxim.) pax,Pseudostellaria heterantha (Maxim.) Pax,7268036,EXACT,ACCEPTED,7268036,,self,,,,,,2026-10-06T08:32:09+00:00
"catocala nivea nivea butler, 1877","Catocala nivea nivea Butler, 1877",7345750,EXACT,ACCEPTED,7345750,,self,,,,,,2026-10-06T08:32:09+00:00
silene miqueliana (rohrb.) h.ohashi & h.nakai,Silene miqueliana (Rohrb.) H.Ohashi & H.Nakai,7267585,EXACT,ACCEPTED,7267585,,self,,,,,,2026-10-06T08:32:09+00:00
"deltote uncula (clerck, 1759)","Deltote uncula (Clerck, 1759)",4532886,EXACT,ACCEPTED,4532886,,self,,,,,,2026-10-06T08:32:09+00:00
atriplex patens (litv.) iljin,Atriplex patens (Litv.) Iljin,3756052,EXACT,ACCEPTED,3756052,,self,,,,,,2026-10-06T08:32:09+00:00
"protodeltote wiscotti (staudinger, 1888)","Protodeltote wiscotti (Staudinger, 1888)",4687877,HIGHERRANK,ACCEPTED,,,n/a,unresolved,higher_rank,,,,2026-10-06T08:32:23+00:00
lysimachia fortunei maxim.,Lysimachia fortunei Maxim.,4005004,EXACT,ACCEPTED,4005004,,self,,,,,,2026-10-06T08:32:09+00:00
"cucullia jankowskii oberthür, 1884","Cucullia jankowskii Oberthür, 1884",5109496,EXACT,ACCEPTED,5109496,,self,,,,,,2026-10-06T08:32:09+00:00
lysimachia vulgaris l. var. davurica (ledeb.) r.knuth,Lysimachia vulgaris L. var. davurica (Ledeb.) R.Knuth,4008300,EXACT,SYNONYM,4005441,Lysimachia davurica Ledeb.,api,,,,,,2026-10-06T08:32:23+00:00
"eucarta virgo (treitschke, 1835)","Eucarta virgo (Treitschke, 1835)",4532696,EXACT,ACCEPTED,4532696,,self,,,,,,2026-10-06T08:32:09+00:00
primula reinii franch. & sav. var. reinii,Primula reinii Franch. & Sav. var. reinii,8403715,EXACT,ACCEPTED,8403715,,self,,,,,,2026-10-06T08:32:09+00:00
"chilodes pacifica sugi, 1982","Chilodes pacifica Sugi, 1982",1778574,HIGHERRANK,ACCEPTED,,,n/a,unresolved,higher_rank,,,,2026-10-06T08:32:23+00:00
pyrola nephrophylla (andres) andres,Pyrola nephrophylla (Andres) Andres,4170681,EXACT,ACCEPTED,4170681,,self,,,,,,2026-10-06T08:32:09+00:00
"orthosia nigromaculata (höne, 1917)","Orthosia nigromaculata (Höne, 1917)",5114042,EXACT,ACCEPTED,5114042,,self,,,,,,2026-10-06T08:32:09+00:00
rhododendron tsusiophyllum sugim.,Rhododendron tsusiophyllum Sugim.,4174988,EXACT,ACCEPTED,4174988,,self,,,,,,2026-10-06T08:32:09+00:00
"aglaops albipennis (inoue, 2000)","Aglaops albipennis (Inoue, 2000)",1889585,HIGHERRANK,ACCEPTED,,,n/a,unresolved,higher_rank,,,,2026-10-06T08:32:23+00:00
galium niewerthii franch. & sav.,Galium niewerthii Franch. & Sav.,2913377,EXACT,ACCEPTED,2913377,,self,,,,,,2026-10-06T08:32:09+00:00
"larerannis nakajimai inoue, 1986","Larerannis nakajimai Inoue, 1986",1975200,EXACT,ACCEPTED,1975200,,self,,,,,,2026-10-06T08:32:09+00:00
galium trifidum l. subsp. columbianum (rydb.) hulten,Galium trifidum L. subsp. columbianum (Rydb.) Hulten,2913729,EXACT,ACCEPTED,2913729,,self,,,,,,2026-10-06T08:32:09+00:00
"nyssiodes lefuarius (erschoff, 1872)","Nyssiodes lefuarius (Erschoff, 1872)",1957323,EXACT,ACCEPTED,1957323,,self,,,,,,2026-10-06T08:32:09+00:00
pseudopyxis depressa miq.,Pseudopyxis depressa Miq.,2908530,EXACT,ACCEPTED,2908530,,self,,,,,,2026-10-06T08:32:09+00:00
"agaraeus discolor (warren, 1893)","Agaraeus discolor (Warren, 1893)",1980269,EXACT,ACCEPTED,1980269,,self,,,,,,2026-10-06T08:32:09+00:00
gentiana squarrosa ledeb.,Gentiana squarrosa Ledeb.,7270028,EXACT,ACCEPTED,7270028,,self,,,,,,2026-10-06T08:32:09+00:00
"corymica arnearia walker, 1860","Corymica arnearia Walker, 1860",1976212,EXACT,ACCEPTED,1976212,,self,,,,,,2026-10-06T08:32:09+00:00
halenia corniculata (l.) cornaz,Halenia corniculata (L.) Cornaz,7270449,EXACT,ACCEPTED,7270449,,self,,,,,,2026-10-06T08:32:09+00:00
"scopula kawabei inoue, 1982","Scopula kawabei Inoue, 1982",5144763,EXACT,ACCEPTED,5144763,,self,,,,,,2026-10-06T08:32:09+00:00
mitrasacme pygmaea r.br.,Mitrasacme pygmaea R.Br.,7289342,EXACT,ACCEPTED,7289342,,self,,,,,,2026-10-06T08:32:09+00:00
"heterophleps pallescens (warren, 1896)","Heterophleps pallescens (Warren, 1896)",1975589,EXACT,ACCEPTED,1975589,,self,,,,,,2026-10-06T08:32:09+00:00
vincetoxicum pycnostelma kitag.,Vincetoxicum pycnostelma Kitag.,5525394,EXACT,SYNONYM,5525495,Vincetoxicum mukdenense Kitag.,api,,,,,,2026-10-06T08:32:23+00:00
"hyphantria cunea (drury, 1773)","Hyphantria cunea (Drury, 1773)",1817797,EXACT,ACCEPTED,1817797,,self,,,,,,2026-10-06T08:32:09+00:00
cynanchum wilfordii (maxim.) hemsl.,Cynanchum wilfordii (Maxim.) Hemsl.,8208597,EXACT,SYNONYM,5829340,Cynanchum wilfordii (Maxim.) Hook.fil.,api,,,,,,2026-10-06T08:32:23+00:00
"thysanoplusia daubei (boisduval, 1840)","Thysanoplusia daubei (Boisduval, 1840)",4532908,EXACT,ACCEPTED,4532908,,self,,,,,,2026-10-06T08:32:09+00:00
ancistrocarya japonica maxim.,Ancistrocarya japonica Maxim.,4065758,EXACT,ACCEPTED,4065758,,self,,,,,,2026-10-06T08:32:09+00:00
"callopistria aethiops butler, 1878","Callopistria aethiops Butler, 1878",5108678,EXACT,ACCEPTED,5108678,,self,,,,,,2026-10-06T08:32:09+00:00
trigonotis brevipes (maxim.) maxim. ex hemsl.,Trigonotis brevipes (Maxim.) Maxim. ex Hemsl.,7294904,EXACT,ACCEPTED,7294904,,self,,,,,,2026-10-06T08:32:09+00:00
"spodoptera picta (guérin-méneville, 1838)","Spodoptera picta (Guérin-Méneville, 1838)",5109872,EXACT,ACCEPTED,5109872,,self,,,,,,2026-10-06T08:32:09+00:00
physaliastrum japonicum (franch. & sav.) honda,Physaliastrum japonicum (Franch. & Sav.) Honda,7299569,EXACT,ACCEPTED,7299569,,self,,,,,,2026-10-06T08:32:09+00:00
"elwesia sugii sugii yoshimoto, 1994","Elwesia sugii sugii Yoshimoto, 1994",7345763,EXACT,ACCEPTED,7345763,,self,,,,,,2026-10-06T08:32:09+00:00
fraxinus apertisquamifera h.hara,Fraxinus apertisquamifera H.Hara,3684984,EXACT,ACCEPTED,3684984,,self,,,,,,2026-10-06T08:32:09+00:00
"brithys crini crini (fabricius, 1775)","Brithys crini crini (Fabricius, 1775)",7213366,EXACT,ACCEPTED,7213366,,self,,,,,,2026-10-06T08:32:09+00:00
deinostema violaceum (maxim.) t.yamaz.,Deinostema violaceum (Maxim.) T.Yamaz.,3726128,FUZZY,ACCEPTED,,,n/a,unresolved,fuzzy_spelling,,,,2026-10-06T08:32:23+00:00
"eumorphobtys eumorphalis (caradja, 1925)","Eumorphobtys eumorphalis (Caradja, 1925)",1891123,FUZZY,ACCEPTED,,,n/a,unresolved,fuzzy_spelling,,,,2026-10-06T08:32:23+00:00
limnophila aromatica (lam.) merr.,Limnophila aromatica (Lam.) Merr.,5415005,EXACT,ACCEPTED,5415005,,self,,,,,,2026-10-06T08:32:09+00:00
"protegira songi (chen & zhang, 1995)","Protegira songi (Chen & Zhang, 1995)",10151058,EXACT,ACCEPTED,10151058,,self,,,,,,2026-10-06T08:32:09+00:00
plantago japonica franch. & sav.,Plantago japonica Franch. & Sav.,4156428,EXACT,ACCEPTED,4156428,,self,,,,,,2026-10-06T08:32:09+00:00
"pyrausta inornatalis (fernald, 1885)","Pyrausta inornatalis (Fernald, 1885)",1890487,EXACT,ACCEPTED,1890487,,self,,,,,,2026-10-06T08:32:09+00:00
veronica polita fr. subsp. lilacina (t.yamaz.) t.yamaz.,Veronica polita Fr. subsp. lilacina (T.Yamaz.) T.Yamaz.,3727551,EXACT,ACCEPTED,3727551,,self,,,,,,2026-10-06T08:32:09+00:00
"odontomyia garatas walker, 1849","Odontomyia garatas Walker, 1849",1581101,EXACT,ACCEPTED,1581101,,self,,,,,,2026-10-06T08:32:09+00:00
scrophularia duplicatoserrata (miq.) makino,Scrophularia duplicatoserrata (Miq.) Makino,7332946,EXACT,ACCEPTED,7332946,,self,,,,,,2026-10-06T08:32:09+00:00
"philorus longirostris kitakami, 1931","Philorus longirostris Kitakami, 1931",5088238,EXACT,ACCEPTED,5088238,,self,,,,,,2026-10-06T08:32:09+00:00
tripora divaricata (maxim.) p.d.cantino,Tripora divaricata (Maxim.) P.D.Cantino,3888672,EXACT,ACCEPTED,3888672,,self,,,,,,2026-10-06T08:32:09+00:00
"philorus minor kitakami, 1931","Philorus minor Kitakami, 1931",5088230,EXACT,ACCEPTED,5088230,,self,,,,,,2026-10-06T08:32:09+00:00
meehania urticifolia (miq.) makino,Meehania urticifolia (Miq.) Makino,7309502,EXACT,ACCEPTED,7309502,,self,,,,,,2026-10-06T08:32:09+00:00
"deuterophlebia nipponica kitakami, 1938","Deuterophlebia nipponica Kitakami, 1938",1456901,EXACT,ACCEPTED,1456901,,self,,,,,,2026-10-06T08:32:09+00:00
mosla japonica (benth. ex oliv.) maxim.,Mosla japonica (Benth. ex Oliv.) Maxim.,7309478,EXACT,ACCEPTED,7309478,,self,,,,,,2026-10-06T08:32:09+00:00
"axymyia japonica ishida, 1953","Axymyia japonica Ishida, 1953",1581424,EXACT,ACCEPTED,1581424,,self,,,,,,2026-10-06T08:32:09+00:00
salvia lutescens (koidz.) koidz. var. crenata (makino) murata,Salvia lutescens (Koidz.) Koidz. var. crenata (Makino) Murata,12269368,EXACT,SYNONYM,3897072,Salvia lutescens (Koidz.) Koidz.,api,,,,,,2026-10-06T08:32:23+00:00
"acrosathe stylata lyneborg, 1986","Acrosathe stylata Lyneborg, 1986",1565133,EXACT,ACCEPTED,1565133,,self,,,,,,2026-10-06T08:32:09+00:00
salvia lutescens (koidz.) koidz. var. stolonifera g.nakai,Salvia lutescens (Koidz.) Koidz. var. stolonifera G.Nakai,12000446,EXACT,SYNONYM,3897072,Salvia lutescens (Koidz.) Koidz.,api,,,,,,2026-10-06T08:32:23+00:00
"urophora (urophora) misakiana (matsumura, 1916)","Urophora (Urophora) misakiana (Matsumura, 1916)",5088174,EXACT,ACCEPTED,5088174,,self,,,,,,2026-10-06T08:32:09+00:00
scutellaria dependens maxim.,Scutellaria dependens Maxim.,5609602,EXACT,ACCEPTED,5609602,,self,,,,,,2026-10-06T08:32:09+00:00
"janus micromaculatus sato, 1928","Janus micromaculatus Sato, 1928",1,HIGHERRANK,ACCEPTED,,,n/a,unresolved,higher_rank,,,,2026-10-06T08:32:23+00:00
pedicularis resupinata l. subsp. oppositifolia (miq.) t.yamaz.,Pedicularis resupinata L. subsp. oppositifolia (Miq.) T.Yamaz.,3739580,EXACT,SYNONYM,7333101,Pedicularis resupinata subsp. resupinata,api,,,,,,2026-10-06T08:32:23+00:00
"anoplius (arachnophroctonus) viaticus (linnaeus, 1758)","Anoplius (Arachnophroctonus) viaticus (Linnaeus, 1758)",10949191,EXACT,SYNONYM,8882616,Anoplius viaticus viaticus,api,,,,,,2026-10-06T08:32:23+00:00
siphonostegia chinensis benth. ex hook. & arn.,Siphonostegia chinensis Benth. ex Hook. & Arn.,3732295,EXACT,ACCEPTED,3732295,,self,,,,,,2026-10-06T08:32:09+00:00
"batozonellus lacerticida (pallas, 1771)","Batozonellus lacerticida (Pallas, 1771)",4505625,EXACT,SYNONYM,9533410,"Parabatozonus lacerticida (Pallas, 1771)",api,,,,,,2026-10-06T08:32:23+00:00
adenophora triphylla (thunb.) a.dc. var. glabra (makino) konta & s.matsumoto,Adenophora triphylla (Thunb.) A.DC. var. glabra (Makino) Konta & S.Matsumoto,5409279,EXACT,SYNONYM,5409255,Adenophora triphylla (Thunb.) A.DC.,api,,,,,,2026-10-06T08:32:23+00:00
"ancistrocerus oviventris oviventris (wesmael, 1836)","Ancistrocerus oviventris oviventris (Wesmael, 1836)",7218015,EXACT,ACCEPTED,7218015,,self,,,,,,2026-10-06T08:32:09+00:00
codonopsis javanica (blume) hook.f. & thomson subsp. japonica (makino) lammers,Codonopsis javanica (Blume) Hook.f. & Thomson subsp. japonica (Makino) Lammers,5412884,EXACT,ACCEPTED,5412884,,self,,,,,,2026-10-06T08:32:09+00:00
"ammophila clavus (fabricius, 1775)","Ammophila clavus (Fabricius, 1775)",5040964,EXACT,ACCEPTED,5040964,,self,,,,,,2026-10-06T08:32:09+00:00
codonopsis ussuriensis (rupr. & maxim.) hemsl.,Codonopsis ussuriensis (Rupr. & Maxim.) Hemsl.,5412911,EXACT,ACCEPTED,5412911,,self,,,,,,2026-10-06T08:32:09+00:00
"coelioxys (allocoelioxys) formosicola strand, 1913","Coelioxys (Allocoelioxys) formosicola Strand, 1913",1338665,EXACT,ACCEPTED,1338665,,self,,,,,,2026-10-06T08:32:09+00:00
wahlenbergia marginata (thunb.) a.dc.,Wahlenbergia marginata (Thunb.) A.DC.,5413733,EXACT,ACCEPTED,5413733,,self,,,,,,2026-10-06T08:32:09+00:00
"osmia (osmia) excavata alfken, 1903","Osmia (Osmia) excavata Alfken, 1903",5039330,EXACT,ACCEPTED,5039330,,self,,,,,,2026-10-06T08:32:09+00:00
adenostemma lavenia (l.) kuntze,Adenostemma lavenia (L.) Kuntze,3132228,EXACT,ACCEPTED,3132228,,self,,,,,,2026-10-06T08:32:09+00:00
"bombus (bombus) ignitus smith, 1869","Bombus (Bombus) ignitus Smith, 1869",1340491,EXACT,ACCEPTED,1340491,,self,,,,,,2026-10-06T08:32:09+00:00
anaphalis margaritacea (l.) benth. & hook.f. var. margaritacea,Anaphalis margaritacea (L.) Benth. & Hook.f. var. margaritacea,7222824,EXACT,SYNONYM,4926336,Anaphalis margaritacea (L.) Benth.,api,,,,,,2026-10-06T08:32:23+00:00
"siobla metallica takeuchi, 1929","Siobla metallica Takeuchi, 1929",8317415,EXACT,ACCEPTED,8317415,,self,,,,,,2026-10-06T08:32:09+00:00
anaphalis margaritacea (l.) benth. & hook.f. var. yedoensis (franch. & sav.) ohwi,Anaphalis margaritacea (L.) Benth. & Hook.f. var. yedoensis (Franch. & Sav.) Ohwi,6291666,EXACT,ACCEPTED,6291666,,self,,,,,,2026-10-06T08:32:09+00:00
"hedychrum simile aereum tsuneki, 1970","Hedychrum simile aereum Tsuneki, 1970",9433700,HIGHERRANK,ACCEPTED,,,n/a,unresolved,infraspecific_collapsed,,,,2026-10-06T08:32:23+00:00
anaphalis sinica hance var. sinica,Anaphalis sinica Hance var. sinica,7222828,EXACT,ACCEPTED,7222828,,self,,,,,,2026-10-06T08:32:09+00:00
"stizus perrisi dufour, 1838","Stizus perrisi Dufour, 1838",4494622,EXACT,ACCEPTED,4494622,,self,,,,,,2026-10-06T08:32:09+00:00
aster sugimotoi kitam.,Aster sugimotoi Kitam.,5387506,EXACT,ACCEPTED,5387506,,self,,,,,,2026-10-06T08:32:09+00:00
"andrena (andrena) lapponica sumizome tadauchi, hirashima & matsumura, 1987","Andrena (Andrena) lapponica sumizome Tadauchi, Hirashima & Matsumura, 1987",9794919,EXACT,SYNONYM,1357056,"Andrena lapponica Zetterstedt, 1838",api,,,,,,2026-10-06T08:32:23+00:00
aster yomena (kitam.) honda var. yomena,Aster yomena (Kitam.) Honda var. yomena,7536079,HIGHERRANK,ACCEPTED,,,n/a,unresolved,infraspecific_collapsed,,,,2026-10-06T08:32:23+00:00
"andrena (hoplandrena) nudigastroides yasumatsu, 1935","Andrena (Hoplandrena) nudigastroides Yasumatsu, 1935",1357336,EXACT,ACCEPTED,1357336,,self,,,,,,2026-10-06T08:32:09+00:00
carduus crispus l.,Carduus crispus L.,3114649,EXACT,ACCEPTED,3114649,,self,,,,,,2026-10-06T08:32:09+00:00
"andrena (micrandrena) falsificissima hirashima, 1966","Andrena (Micrandrena) falsificissima Hirashima, 1966",1356985,EXACT,ACCEPTED,1356985,,self,,,,,,2026-10-06T08:32:09+00:00
carpesium divaricatum siebold & zucc. var. abrotanoides (koidz.) h.koyama,Carpesium divaricatum Siebold & Zucc. var. abrotanoides (Koidz.) H.Koyama,4209666,EXACT,ACCEPTED,4209666,,self,,,,,,2026-10-06T08:32:09+00:00
"andrena (micrandrena) hanedai tadauchi, 1985","Andrena (Micrandrena) hanedai Tadauchi, 1985",1357028,EXACT,ACCEPTED,1357028,,self,,,,,,2026-10-06T08:32:09+00:00
cirsium shidokimontanum kadota,Cirsium shidokimontanum Kadota,3113535,EXACT,ACCEPTED,3113535,,self,,,,,,2026-10-06T08:32:09+00:00
"andrena (notandrena) nitidiuscula schenk, 1853","Andrena (Notandrena) nitidiuscula Schenk, 1853",1357495,EXACT,ACCEPTED,1357495,,self,,,,,,2026-10-06T08:32:09+00:00
cirsium tamastoloniferum kadota,Cirsium tamastoloniferum Kadota,9284181,EXACT,ACCEPTED,9284181,,self,,,,,,2026-10-06T08:32:09+00:00
"andrena (oreomelissa) mitakensis hirashima, 1963","Andrena (Oreomelissa) mitakensis Hirashima, 1963",1356925,EXACT,ACCEPTED,1356925,,self,,,,,,2026-10-06T08:32:09+00:00
crepidiastrum platyphyllum (franch. & sav.) kitam.,Crepidiastrum platyphyllum (Franch. & Sav.) Kitam.,3145184,EXACT,ACCEPTED,3145184,,self,,,,,,2026-10-06T08:32:09+00:00
"andrena (ptilandrena) takachihoi hirashima, 1964","Andrena (Ptilandrena) takachihoi Hirashima, 1964",1357129,EXACT,ACCEPTED,1357129,,self,,,,,,2026-10-06T08:32:09+00:00
inula salicina l. var. asiatica kitam.,Inula salicina L. var. asiatica Kitam.,6291729,EXACT,SYNONYM,9868510,"Pentanema salicinum (L.) D.Gut.Larr., Santos-Vicente, Anderb., E.Rico & M.M.Mart.Ort.",api,,,,,,2026-10-06T08:32:23+00:00
"halictus (seladonia) tumulorum ferripennis (cockerell, 1929)","Halictus (Seladonia) tumulorum ferripennis (Cockerell, 1929)",1353289,HIGHERRANK,ACCEPTED,,,n/a,unresolved,genus_or_higher,,,,2026-10-06T08:32:23+00:00
ixeris repens (l.) a.gray,Ixeris repens (L.) A.Gray,3115554,EXACT,ACCEPTED,3115554,,self,,,,,,2026-10-06T08:32:09+00:00
"macropis (macropis) tibialis yasumatsu & hirashima, 1956","Macropis (Macropis) tibialis Yasumatsu & Hirashima, 1956",1345906,EXACT,ACCEPTED,1345906,,self,,,,,,2026-10-06T08:32:09+00:00
ixeris tamagawaensis (makino) kitam.,Ixeris tamagawaensis (Makino) Kitam.,3115518,EXACT,ACCEPTED,3115518,,self,,,,,,2026-10-06T08:32:09+00:00
"melitta (cilissa) ezoana yasumatsu & hirashima, 1956","Melitta (Cilissa) ezoana Yasumatsu & Hirashima, 1956",5040882,EXACT,ACCEPTED,5040882,,self,,,,,,2026-10-06T08:32:09+00:00
parasenecio maximowiczianus (nakai & f.maek. ex h.hara) h.koyama var. maximowiczianus,Parasenecio maximowiczianus (Nakai & F.Maek. ex H.Hara) H.Koyama var. maximowiczianus,7338473,EXACT,ACCEPTED,7338473,,self,,,,,,2026-10-06T08:32:09+00:00
"nomada arasiana tsuneki, 1973","Nomada arasiana Tsuneki, 1973",1343611,EXACT,ACCEPTED,1343611,,self,,,,,,2026-10-06T08:32:09+00:00
parasenecio yatabei (matsum. & koidz.) h.koyama,Parasenecio yatabei (Matsum. & Koidz.) H.Koyama,3090404,EXACT,SYNONYM,9252387,Taimingasa yatabei (Matsum. & Koidz.) C.Ren & Q.E.Yang,api,,,,,,2026-10-06T08:32:23+00:00
"nomada galloisi yasumatsu & hirashima, 1953","Nomada galloisi Yasumatsu & Hirashima, 1953",1343799,EXACT,ACCEPTED,1343799,,self,,,,,,2026-10-06T08:32:09+00:00
saussurea maximowiczii herder,Saussurea maximowiczii Herder,5404280,EXACT,ACCEPTED,5404280,,self,,,,,,2026-10-06T08:32:09+00:00
"nomada issikii yasumatsu, 1939","Nomada issikii Yasumatsu, 1939",1343794,EXACT,ACCEPTED,1343794,,self,,,,,,2026-10-06T08:32:09+00:00
saussurea sawadae kitam.,Saussurea sawadae Kitam.,5703897,EXACT,SYNONYM,6299179,Saussurea nipponica subsp. savatieri (Franch.) Kitam.,api,,,,,,2026-10-06T08:32:23+00:00
"bombus (megabombus) ussurensis radoszkowski, 1877","Bombus (Megabombus) ussurensis Radoszkowski, 1877",1340440,EXACT,ACCEPTED,1340440,,self,,,,,,2026-10-06T08:32:09+00:00
saussurea sinuatoides nakai,Saussurea sinuatoides Nakai,5404262,EXACT,ACCEPTED,5404262,,self,,,,,,2026-10-06T08:32:09+00:00
"cimbex connatus taukushi marlatt, 1898","Cimbex connatus taukushi Marlatt, 1898",4490140,HIGHERRANK,ACCEPTED,,,n/a,unresolved,infraspecific_collapsed,,,,2026-10-06T08:32:23+00:00
senecio cannabifolius less.,Senecio cannabifolius Less.,3107668,EXACT,SYNONYM,5388606,Jacobaea cannabifolia (Less.) E.Wiebe,api,,,,,,2026-10-06T08:32:23+00:00
"batozonellus annulatus (fabricius, 1793)","Batozonellus annulatus (Fabricius, 1793)",6128865,EXACT,SYNONYM,9452623,"Parabatozonus annulatus (Fabricius, 1793)",api,,,,,,2026-10-06T08:32:23+00:00
sonchus brachyotus dc.,Sonchus brachyotus DC.,3105742,EXACT,ACCEPTED,3105742,,self,,,,,,2026-10-06T08:32:09+00:00
"larra (larra) amplipennis (smith, 1873)","Larra (Larra) amplipennis (Smith, 1873)",6129273,EXACT,ACCEPTED,6129273,,self,,,,,,2026-10-06T08:32:09+00:00
abelia spathulata siebold & zucc. var. sanguinea makino,Abelia spathulata Siebold & Zucc. var. sanguinea Makino,8435009,EXACT,SYNONYM,11122131,Diabelia sanguinea (Makino) Landrein,api,,,,,,2026-10-06T08:32:23+00:00
"osmia (helicosmia) orientalis benoist, 1929","Osmia (Helicosmia) orientalis Benoist, 1929",5039234,EXACT,ACCEPTED,5039234,,self,,,,,,2026-10-06T08:32:09+00:00
dipsacus japonicus miq.,Dipsacus japonicus Miq.,4102897,EXACT,ACCEPTED,4102897,,self,,,,,,2026-10-06T08:32:09+00:00
"bombus (megabombus) consobrinus wittenburgi vogt, 1911","Bombus (Megabombus) consobrinus wittenburgi Vogt, 1911",10948376,EXACT,SYNONYM,1340465,"Bombus consobrinus Dahlbom, 1832",api,,,,,,2026-10-06T08:32:23+00:00
lonicera ramosissima franch. & sav. ex maxim. var. ramosissima,Lonicera ramosissima Franch. & Sav. ex Maxim. var. ramosissima,5598809,HIGHERRANK,ACCEPTED,,,n/a,unresolved,infraspecific_collapsed,,,,2026-10-06T08:32:23+00:00
"agriotypus gracilis waterston, 1930","Agriotypus gracilis Waterston, 1930",1295999,EXACT,ACCEPTED,1295999,,self,,,,,,2026-10-06T08:32:09+00:00
pternopetalum tanakae (franch. & sav.) hand.-mazz.,Pternopetalum tanakae (Franch. & Sav.) Hand.-Mazz.,6027390,EXACT,ACCEPTED,6027390,,self,,,,,,2026-10-06T08:32:09+00:00
"euodynerus (euodynerus) dantici violaceipennis giordani soika, 1973","Euodynerus (Euodynerus) dantici violaceipennis Giordani Soika, 1973",6247912,EXACT,ACCEPTED,6247912,,self,,,,,,2026-10-06T08:32:09+00:00
spuriopimpinella koreana (y.yabe) kitag.,Spuriopimpinella koreana (Y.Yabe) Kitag.,3637693,EXACT,SYNONYM,3637721,Spuriopimpinella brachycarpa (Kom.) Kitag.,api,,,,,,2026-10-06T08:32:23+00:00
"pararrhynchium ornatum (smith, 1852)","Pararrhynchium ornatum (Smith, 1852)",1330300,EXACT,ACCEPTED,1330300,,self,,,,,,2026-10-06T08:32:09+00:00
botrychium atrovirens (sahashi) m.kato,Botrychium atrovirens (Sahashi) M.Kato,3659303,EXACT,SYNONYM,3659119,Sceptridium atrovirens Sahashi,api,,,,,,2026-10-06T08:32:23+00:00
"bembix niponica smith, 1873","Bembix niponica Smith, 1873",6129466,EXACT,ACCEPTED,6129466,,self,,,,,,2026-10-06T08:32:09+00:00
botrychium nipponicum makino var. minus (h.hara) k.iwats.,Botrychium nipponicum Makino var. minus (H.Hara) K.Iwats.,3659306,EXACT,SYNONYM,3659376,Sceptridium nipponicum var. minus (H.Hara) Sahashi,api,,,,,,2026-10-06T08:32:23+00:00
"cerceris sobo sobo yasumatsu & okabe, 1936","Cerceris sobo sobo Yasumatsu & Okabe, 1936",9015723,EXACT,ACCEPTED,9015723,,self,,,,,,2026-10-06T08:32:09+00:00
ophioglossum petiolatum hook.,Ophioglossum petiolatum Hook.,2650129,EXACT,ACCEPTED,2650129,,self,,,,,,2026-10-06T08:32:09+00:00
"gorytes maculicornis (morawitz, 1889)","Gorytes maculicornis (Morawitz, 1889)",8092624,EXACT,ACCEPTED,8092624,,self,,,,,,2026-10-06T08:32:09+00:00
psilotum nudum (l.) p.beauv.,Psilotum nudum (L.) P.Beauv.,2688176,EXACT,ACCEPTED,2688176,,self,,,,,,2026-10-06T08:32:09+00:00
"hylaeus (lambdopsis) pfankuchi (alfken, 1919)","Hylaeus (Lambdopsis) pfankuchi (Alfken, 1919)",1349948,EXACT,ACCEPTED,1349948,,self,,,,,,2026-10-06T08:32:09+00:00
hymenophyllum coreanum nakai,Hymenophyllum coreanum Nakai,3607884,EXACT,SYNONYM,3606736,Hymenophyllum fumarioides Bory ex Willd.,api,,,,,,2026-10-06T08:32:23+00:00
"andrena (andrena) ishiharai hirashima, 1953","Andrena (Andrena) ishiharai Hirashima, 1953",1357938,EXACT,ACCEPTED,1357938,,self,,,,,,2026-10-06T08:32:09+00:00
plagiogyria euphlebia (kunze) mett.,Plagiogyria euphlebia (Kunze) Mett.,4160675,EXACT,ACCEPTED,4160675,,self,,,,,,2026-10-06T08:32:09+00:00
"megachile (xanthosarus) japonica alfken, 1903","Megachile (Xanthosarus) japonica Alfken, 1903",1335688,EXACT,ACCEPTED,1335688,,self,,,,,,2026-10-06T08:32:09+00:00
plagiogyria japonica nakai var. japonica,Plagiogyria japonica Nakai var. japonica,7141749,HIGHERRANK,ACCEPTED,,,n/a,unresolved,infraspecific_collapsed,,,,2026-10-06T08:32:23+00:00
"osmia (osmia) cornifrons (radoszkowski, 1887)","Osmia (Osmia) cornifrons (Radoszkowski, 1887)",5039354,EXACT,ACCEPTED,5039354,,self,,,,,,2026-10-06T08:32:09+00:00
ceratopteris gaudichaudii brongn. var. vulgaris masuyama & watano,Ceratopteris gaudichaudii Brongn. var. vulgaris Masuyama & Watano,8345743,EXACT,SYNONYM,8689336,Ceratopteris thalictroides subsp. gaudichaudii (Brongn.) Fraser-Jenk. & Pariyar,api,,,,,,2026-10-06T08:32:23+00:00
"triepeolus (eurepeolus) ventralis (meade-waldo, 1913)","Triepeolus (Eurepeolus) ventralis (Meade-Waldo, 1913)",1341818,EXACT,ACCEPTED,1341818,,self,,,,,,2026-10-06T08:32:09+00:00
asplenium scolopendrium l.,Asplenium scolopendrium L.,2650669,EXACT,ACCEPTED,2650669,,self,,,,,,2026-10-06T08:32:09+00:00
"bombus (thoracobombus) honshuensis (tkalcu, 1968)","Bombus (Thoracobombus) honshuensis (Tkalcu, 1968)",1340282,EXACT,ACCEPTED,1340282,,self,,,,,,2026-10-06T08:32:09+00:00
blechnum amabile makino,Blechnum amabile Makino,4078533,EXACT,SYNONYM,4079362,Spicantopsis amabilis Nakai,api,,,,,,2026-10-06T08:32:23+00:00
"chrysolyda leucocephala (takeuchi, 1938)","Chrysolyda leucocephala (Takeuchi, 1938)",11783488,EXACT,ACCEPTED,11783488,,self,,,,,,2026-10-06T08:32:09+00:00
athyrium otophorum (miq.) koidz.,Athyrium otophorum (Miq.) Koidz.,5644054,EXACT,ACCEPTED,5644054,,self,,,,,,2026-10-06T08:32:09+00:00
"habronyx (habronyx) insidiator (smith, 1874)","Habronyx (Habronyx) insidiator (Smith, 1874)",1303626,EXACT,ACCEPTED,1303626,,self,,,,,,2026-10-06T08:32:09+00:00
dryopteris maximowiczii (baker) kuntze,Dryopteris maximowiczii (Baker) Kuntze,5654734,EXACT,ACCEPTED,5654734,,self,,,,,,2026-10-06T08:32:09+00:00
"hoplismenus obscurus kriechbaumer, 1893","Hoplismenus obscurus Kriechbaumer, 1893",1285358,EXACT,ACCEPTED,1285358,,self,,,,,,2026-10-06T08:32:09+00:00
dryopteris saxifragivaria nakai,Dryopteris saxifragivaria Nakai,8234719,EXACT,ACCEPTED,8234719,,self,,,,,,2026-10-06T08:32:09+00:00
"itoplectis cristatae iwata, 1961","Itoplectis cristatae Iwata, 1961",1277136,EXACT,ACCEPTED,1277136,,self,,,,,,2026-10-06T08:32:09+00:00
pleurosoriopsis makinoi (maxim. ex makino) fomin,Pleurosoriopsis makinoi (Maxim. ex Makino) Fomin,3682046,EXACT,ACCEPTED,3682046,,self,,,,,,2026-10-06T08:32:09+00:00
"pimpla aethiops curtis, 1828","Pimpla aethiops Curtis, 1828",1277964,EXACT,ACCEPTED,1277964,,self,,,,,,2026-10-06T08:32:09+00:00
juniperus rigida siebold & zucc.,Juniperus rigida Siebold & Zucc.,2684517,EXACT,ACCEPTED,2684517,,self,,,,,,2026-10-06T08:32:09+00:00
"formica fukaii wheeler, 1914","Formica fukaii Wheeler, 1914",1314879,EXACT,ACCEPTED,1314879,,self,,,,,,2026-10-06T08:32:09+00:00
asarum pseudosavatieri f.maek.,Asarum pseudosavatieri F.Maek.,8519300,EXACT,SYNONYM,3589096,Asarum savatieri subsp. pseudosavatieri (F.Maek.) T.Sugaw.,api,,,,,,2026-10-06T08:32:23+00:00
"formica yessensis wheeler, 1913","Formica yessensis Wheeler, 1913",1314934,EXACT,ACCEPTED,1314934,,self,,,,,,2026-10-06T08:32:09+00:00
najas chinensis n.z.wang,Najas chinensis N.Z.Wang,5329463,EXACT,ACCEPTED,5329463,,self,,,,,,2026-10-06T08:32:09+00:00
"polyrhachis (polyrhachis) lamellidens smith, 1874","Polyrhachis (Polyrhachis) lamellidens Smith, 1874",1318368,EXACT,ACCEPTED,1318368,,self,,,,,,2026-10-06T08:32:09+00:00
najas japonica nakai,Najas japonica Nakai,5329286,EXACT,SYNONYM,5329454,Najas gracillima (A.Braun ex Engelm.) Magnus,api,,,,,,2026-10-06T08:32:23+00:00
"anoplius (arachnophroctonus) reflexus (smith, 1873)","Anoplius (Arachnophroctonus) reflexus (Smith, 1873)",6128851,EXACT,SYNONYM,4505544,"Anoplius infuscatus (Vander Linden, 1827)",api,,,,,,2026-10-06T08:32:23+00:00
potamogeton maackianus a.benn.,Potamogeton maackianus A.Benn.,5642407,EXACT,ACCEPTED,5642407,,self,,,,,,2026-10-06T08:32:09+00:00
"batozonellus maculifrons (smith, 1873)","Batozonellus maculifrons (Smith, 1873)",10998392,EXACT,SYNONYM,9291204,"Parabatozonus maculifrons (Smith, 1873)",api,,,,,,2026-10-06T08:32:23+00:00
potamogeton wrightii morong,Potamogeton wrightii Morong,5642490,EXACT,ACCEPTED,5642490,,self,,,,,,2026-10-06T08:32:09+00:00
"cyphononyx fulvognathus (rohwer, 1911)","Cyphononyx fulvognathus (Rohwer, 1911)",8212526,EXACT,ACCEPTED,8212526,,self,,,,,,2026-10-06T08:32:09+00:00
tulipa edulis (miq.) baker,Tulipa edulis (Miq.) Baker,5299304,EXACT,SYNONYM,5299303,Amana edulis (Miq.) Honda,api,,,,,,2026-10-06T08:32:23+00:00
"eopompilus internalis (matsumura, 1911)","Eopompilus internalis (Matsumura, 1911)",8102687,EXACT,ACCEPTED,8102687,,self,,,,,,2026-10-06T08:32:09+00:00
tricyrtis latifolia maxim.,Tricyrtis latifolia Maxim.,2752139,EXACT,ACCEPTED,2752139,,self,,,,,,2026-10-06T08:32:09+00:00
"tiphia (tiphia) femorata biseculata allen & jaynes, 1930","Tiphia (Tiphia) femorata biseculata Allen & Jaynes, 1930",4504842,HIGHERRANK,ACCEPTED,,,n/a,unresolved,genus_or_higher,,,,2026-10-06T08:32:23+00:00
bletilla striata (thunb.) rchb.f.,Bletilla striata (Thunb.) Rchb.f.,2808791,EXACT,ACCEPTED,2808791,,self,,,,,,2026-10-06T08:32:09+00:00
"polistes snelleni saussure, 1862","Polistes snelleni Saussure, 1862",1310697,EXACT,ACCEPTED,1310697,,self,,,,,,2026-10-06T08:32:09+00:00
calanthe discolor lindl.,Calanthe discolor Lindl.,2795312,EXACT,ACCEPTED,2795312,,self,,,,,,2026-10-06T08:32:09+00:00
"sceliphron (hensenia) deforme nipponicum tsuneki, 1972","Sceliphron (Hensenia) deforme nipponicum Tsuneki, 1972",6252589,EXACT,ACCEPTED,6252589,,self,,,,,,2026-10-06T08:32:09+00:00
cephalanthera falcata (thunb.) blume,Cephalanthera falcata (Thunb.) Blume,2795943,EXACT,ACCEPTED,2795943,,self,,,,,,2026-10-06T08:32:09+00:00
"sceliphron (sceliphron) madraspatanum kohli sickmann, 1894","Sceliphron (Sceliphron) madraspatanum kohli Sickmann, 1894",6252579,EXACT,ACCEPTED,6252579,,self,,,,,,2026-10-06T08:32:09+00:00
cymbidium nipponicum (franch. & sav.) rolfe,Cymbidium nipponicum (Franch. & Sav.) Rolfe,5305641,EXACT,SYNONYM,5305636,Cymbidium macrorhizon Lindl.,api,,,,,,2026-10-06T08:32:23+00:00
"oxybelus lewisi cameron, 1890","Oxybelus lewisi Cameron, 1890",6129330,EXACT,ACCEPTED,6129330,,self,,,,,,2026-10-06T08:32:09+00:00
goodyera biflora (lindl.) hook.f.,Goodyera biflora (Lindl.) Hook.f.,2840725,EXACT,ACCEPTED,2840725,,self,,,,,,2026-10-06T08:32:09+00:00
"oxybelus nipponicus tsuneki, 1966","Oxybelus nipponicus Tsuneki, 1966",7346678,EXACT,ACCEPTED,7346678,,self,,,,,,2026-10-06T08:32:09+00:00
lecanorchis nigricans honda var. patipetala y.suwa,Lecanorchis nigricans Honda var. patipetala Y.Suwa,8022262,EXACT,ACCEPTED,8022262,,self,,,,,,2026-10-06T08:32:09+00:00
"bembecinus hungaricus japonicus (sonan, 1934)","Bembecinus hungaricus japonicus (Sonan, 1934)",9125488,EXACT,ACCEPTED,9125488,,self,,,,,,2026-10-06T08:32:09+00:00
thrixspermum japonicum (miq.) rchb.f.,Thrixspermum japonicum (Miq.) Rchb.f.,2846796,EXACT,ACCEPTED,2846796,,self,,,,,,2026-10-06T08:32:09+00:00
"cerceris arenaria yanoi tsuneki, 1971","Cerceris arenaria yanoi Tsuneki, 1971",8896933,EXACT,ACCEPTED,8896933,,self,,,,,,2026-10-06T08:32:09+00:00
maianthemum japonicum (a.gray) lafrankie,Maianthemum japonicum (A.Gray) LaFrankie,2769420,EXACT,ACCEPTED,2769420,,self,,,,,,2026-10-06T08:32:09+00:00
"gorytes tricinctus (pérez, 1905)","Gorytes tricinctus (Pérez, 1905)",9816751,EXACT,ACCEPTED,9816751,,self,,,,,,2026-10-06T08:32:09+00:00
polygonatum odoratum (mill.) druce var. thunbergii (c.morren & decne.) h.hara,Polygonatum odoratum (Mill.) Druce var. thunbergii (C.Morren & Decne.) H.Hara,2770244,EXACT,ACCEPTED,2770244,,self,,,,,,2026-10-06T08:32:09+00:00
"hylaeus (lambdopsis) macilentus ikudome, 1989","Hylaeus (Lambdopsis) macilentus Ikudome, 1989",1349776,EXACT,ACCEPTED,1349776,,self,,,,,,2026-10-06T08:32:09+00:00
sparganium erectum l.,Sparganium erectum L.,7679536,EXACT,ACCEPTED,7679536,,self,,,,,,2026-10-06T08:32:09+00:00
"hylaeus (nesoprosopis) noomen hirashima, 1977","Hylaeus (Nesoprosopis) noomen Hirashima, 1977",1350027,EXACT,ACCEPTED,1350027,,self,,,,,,2026-10-06T08:32:09+00:00
eriocaulon robustius (maxim.) makino var. robustius,Eriocaulon robustius (Maxim.) Makino var. robustius,2690554,HIGHERRANK,SYNONYM,,,n/a,unresolved,infraspecific_collapsed,,,,2026-10-06T08:32:23+00:00
"colletes collaris dours, 1872","Colletes collaris Dours, 1872",1348796,EXACT,ACCEPTED,1348796,,self,,,,,,2026-10-06T08:32:09+00:00
carex arenicola f.schmidt,Carex arenicola F.Schmidt,2729469,EXACT,ACCEPTED,2729469,,self,,,,,,2026-10-06T08:32:09+00:00
"andrena (chlorandrena) orienticola strand, 1915","Andrena (Chlorandrena) orienticola Strand, 1915",1345710,HIGHERRANK,ACCEPTED,,,n/a,unresolved,genus_or_higher,,,,2026-10-06T08:32:23+00:00
carex scabrifolia steud.,Carex scabrifolia Steud.,2725252,EXACT,ACCEPTED,2725252,,self,,,,,,2026-10-06T08:32:09+00:00
"andrena (habromelissa) omogensis hirashima, 1953","Andrena (Habromelissa) omogensis Hirashima, 1953",1357109,EXACT,ACCEPTED,1357109,,self,,,,,,2026-10-06T08:32:09+00:00
eleocharis pellucida j.presl & c.presl. form. elata h.hara,Eleocharis pellucida J.Presl & C.Presl. form. elata H.Hara,5949763,EXACT,SYNONYM,7227001,Eleocharis pellucida var. pellucida,api,,,,,,2026-10-06T08:32:23+00:00
"andrena (larandrena) echizenia hirashima & haneda, 1972","Andrena (Larandrena) echizenia Hirashima & Haneda, 1972",1357961,EXACT,ACCEPTED,1357961,,self,,,,,,2026-10-06T08:32:09+00:00
eleocharis wichurae boeck.,Eleocharis wichurae Boeck.,2717310,EXACT,ACCEPTED,2717310,,self,,,,,,2026-10-06T08:32:09+00:00
"lasioglossum (dialictus) problematicum (blüthgen, 1923)","Lasioglossum (Dialictus) problematicum (Blüthgen, 1923)",1355079,EXACT,ACCEPTED,1355079,,self,,,,,,2026-10-06T08:32:09+00:00
calamagrostis pseudophragmites (haller f.) koeler,Calamagrostis pseudophragmites (Haller f.) Koeler,4108217,EXACT,ACCEPTED,4108217,,self,,,,,,2026-10-06T08:32:09+00:00
"lasioglossum (dialictus) virideglaucum ebmer & sakagami, 1994","Lasioglossum (Dialictus) virideglaucum Ebmer & Sakagami, 1994",1353982,EXACT,ACCEPTED,1353982,,self,,,,,,2026-10-06T08:32:09+00:00
digitaria ischaemum (schreb.) schreb. ex muhl.,Digitaria ischaemum (Schreb.) Schreb. ex Muhl.,5290003,EXACT,ACCEPTED,5290003,,self,,,,,,2026-10-06T08:32:09+00:00
"lasioglossum (hemihalictus) frigidum sakagami & ebmer, 1996","Lasioglossum (Hemihalictus) frigidum Sakagami & Ebmer, 1996",1354731,EXACT,ACCEPTED,1354731,,self,,,,,,2026-10-06T08:32:09+00:00
isachne nipponensis ohwi,Isachne nipponensis Ohwi,4153931,EXACT,ACCEPTED,4153931,,self,,,,,,2026-10-06T08:32:09+00:00
"lipotriches (lipotriches) yasumatsui (hirashima, 1961)","Lipotriches (Lipotriches) yasumatsui (Hirashima, 1961)",1352466,EXACT,ACCEPTED,1352466,,self,,,,,,2026-10-06T08:32:09+00:00
phragmites karka (retz.) trin. ex steud.,Phragmites karka (Retz.) Trin. ex Steud.,5290154,EXACT,ACCEPTED,5290154,,self,,,,,,2026-10-06T08:32:09+00:00
"megachile (eutricharaea) kobensis cockerell, 1918","Megachile (Eutricharaea) kobensis Cockerell, 1918",1335198,EXACT,ACCEPTED,1335198,,self,,,,,,2026-10-06T08:32:09+00:00
corydalis lineariloba siebold & zucc.,Corydalis lineariloba Siebold & Zucc.,7314870,EXACT,ACCEPTED,7314870,,self,,,,,,2026-10-06T08:32:09+00:00
"epeolus tsushimensis cockerell, 1926","Epeolus tsushimensis Cockerell, 1926",1341948,EXACT,ACCEPTED,1341948,,self,,,,,,2026-10-06T08:32:09+00:00
anemone raddeana regel,Anemone raddeana Regel,7277070,EXACT,ACCEPTED,7277070,,self,,,,,,2026-10-06T08:32:09+00:00
"eucera (tetralonia) mitsukurii (cockerell, 1911)","Eucera (Tetralonia) mitsukurii (Cockerell, 1911)",1340870,HIGHERRANK,ACCEPTED,,,n/a,unresolved,genus_or_higher,,,,2026-10-06T08:32:23+00:00
dichocarpum hakonense (maek. & tuyama ex ohwi) w.t.wang & p.k.hsiao,Dichocarpum hakonense (Maek. & Tuyama ex Ohwi) W.T.Wang & P.K.Hsiao,3925740,EXACT,ACCEPTED,3925740,,self,,,,,,2026-10-06T08:32:09+00:00
"neurotoma atrata takeuchi, 1930","Neurotoma atrata Takeuchi, 1930",8649885,EXACT,ACCEPTED,8649885,,self,,,,,,2026-10-06T08:32:09+00:00
rodgersia podophylla a.gray,Rodgersia podophylla A.Gray,3754587,EXACT,ACCEPTED,3754587,,self,,,,,,2026-10-06T08:32:09+00:00
"pamphilius basilaris shinohara, 1985","Pamphilius basilaris Shinohara, 1985",11441965,EXACT,ACCEPTED,11441965,,self,,,,,,2026-10-06T08:32:09+00:00
cerasus itosakura (siebold) masam. & suzuki,Cerasus itosakura (Siebold) Masam. & Suzuki,11077766,EXACT,SYNONYM,3021023,Prunus itosakura Siebold,api,,,,,,2026-10-06T08:32:23+00:00
"monardis miyatai okutani, 1977","Monardis miyatai Okutani, 1977",9675215,HIGHERRANK,ACCEPTED,,,n/a,unresolved,higher_rank,,,,2026-10-06T08:32:23+00:00
rubus mesogaeus focke ex diels,Rubus mesogaeus Focke ex Diels,8208160,EXACT,SYNONYM,2991978,Rubus mesogaeus Focke,api,,,,,,2026-10-06T08:32:23+00:00
"neocolochelyna itoi takeuchi, 1951","Neocolochelyna itoi Takeuchi, 1951",8640127,EXACT,ACCEPTED,8640127,,self,,,,,,2026-10-06T08:32:09+00:00
rubus subcrataegifolius (h.lev. &vaniot) h.lev.,Rubus subcrataegifolius (H.Lev. &Vaniot) H.Lev.,9499508,EXACT,ACCEPTED,9499508,,self,,,,,,2026-10-06T08:32:09+00:00
"nipponorhynchus mirabilis takeuchi, 1941","Nipponorhynchus mirabilis Takeuchi, 1941",9381052,EXACT,ACCEPTED,9381052,,self,,,,,,2026-10-06T08:32:09+00:00
elaeagnus matsunoana makino,Elaeagnus matsunoana Makino,4048322,EXACT,ACCEPTED,4048322,,self,,,,,,2026-10-06T08:32:09+00:00
"nipponorhynchus bimaculatus naito, 1973","Nipponorhynchus bimaculatus Naito, 1973",9385871,EXACT,ACCEPTED,9385871,,self,,,,,,2026-10-06T08:32:09+00:00
berchemiella berchemiifolia (makino) nakai,Berchemiella berchemiifolia (Makino) Nakai,3875970,EXACT,ACCEPTED,3875970,,self,,,,,,2026-10-06T08:32:09+00:00
"iphiaulax impostor (scopoli, 1763)","Iphiaulax impostor (Scopoli, 1763)",1257173,EXACT,ACCEPTED,1257173,,self,,,,,,2026-10-06T08:32:09+00:00
actinostemma tenerum griff.,Actinostemma tenerum Griff.,7451120,EXACT,ACCEPTED,7451120,,self,,,,,,2026-10-06T08:32:09+00:00
"satous rudis townes, 1970","Satous rudis Townes, 1970",1306373,EXACT,ACCEPTED,1306373,,self,,,,,,2026-10-06T08:32:09+00:00
viola yezoensis maxim.,Viola yezoensis Maxim.,7296443,EXACT,ACCEPTED,7296443,,self,,,,,,2026-10-06T08:32:09+00:00
"gasteruption oshimense watanabe, 1934","Gasteruption oshimense Watanabe, 1934",9330017,EXACT,ACCEPTED,9330017,,self,,,,,,2026-10-06T08:32:09+00:00
rotala mexicana cham. & schltdl.,Rotala mexicana Cham. & Schltdl.,7286190,EXACT,ACCEPTED,7286190,,self,,,,,,2026-10-06T08:32:09+00:00
"chalcis fukuharai habu, 1960","Chalcis fukuharai Habu, 1960",6253260,EXACT,ACCEPTED,6253260,,self,,,,,,2026-10-06T08:32:09+00:00
taxillus kaempferi (dc.) danser,Taxillus kaempferi (DC.) Danser,7287913,EXACT,ACCEPTED,7287913,,self,,,,,,2026-10-06T08:32:09+00:00
"elampus musashinus (tsuneki, 1986)","Elampus musashinus (Tsuneki, 1986)",10573985,EXACT,ACCEPTED,10573985,,self,,,,,,2026-10-06T08:32:09+00:00
achyranthes longifolia (makino) makino,Achyranthes longifolia (Makino) Makino,7323683,EXACT,SYNONYM,6710336,Achyranthes bidentata var. longifolia Makino,api,,,,,,2026-10-06T08:32:23+00:00
"leptanilla japonica baroni urbani, 1977","Leptanilla japonica Baroni Urbani, 1977",1325719,EXACT,ACCEPTED,1325719,,self,,,,,,2026-10-06T08:32:09+00:00
deutzia uniflora shirai,Deutzia uniflora Shirai,3645118,EXACT,ACCEPTED,3645118,,self,,,,,,2026-10-06T08:32:09+00:00
"cerceris albofasciata albofasciata (rossi, 1790)","Cerceris albofasciata albofasciata (Rossi, 1790)",7346689,EXACT,ACCEPTED,7346689,,self,,,,,,2026-10-06T08:32:09+00:00
hypopitys monotropa crantz,Hypopitys monotropa Crantz,2888342,EXACT,ACCEPTED,2888342,,self,,,,,,2026-10-06T08:32:09+00:00
"didineis sibirica gussakovskij, 1937","Didineis sibirica Gussakovskij, 1937",7619742,EXACT,ACCEPTED,7619742,,self,,,,,,2026-10-06T08:32:09+00:00
vaccinium oldhamii miq.,Vaccinium oldhamii Miq.,4936640,EXACT,ACCEPTED,4936640,,self,,,,,,2026-10-06T08:32:09+00:00
"ectemnius (cameronitus) flavohirtus tsuneki, 1954","Ectemnius (Cameronitus) flavohirtus Tsuneki, 1954",6129374,EXACT,ACCEPTED,6129374,,self,,,,,,2026-10-06T08:32:09+00:00
archiphysalis chamaesarachoides (makino) kuang,Archiphysalis chamaesarachoides (Makino) Kuang,3803005,EXACT,ACCEPTED,3803005,,self,,,,,,2026-10-06T08:32:09+00:00
"ectemnius (spadicocrabro) nitobei (matsumura, 1912)","Ectemnius (Spadicocrabro) nitobei (Matsumura, 1912)",6129366,EXACT,ACCEPTED,6129366,,self,,,,,,2026-10-06T08:32:09+00:00
scopolia japonica maxim.,Scopolia japonica Maxim.,7299219,EXACT,ACCEPTED,7299219,,self,,,,,,2026-10-06T08:32:09+00:00
"andrena (micrandrena) minakatai tadauchi, 1985","Andrena (Micrandrena) minakatai Tadauchi, 1985",1358131,FUZZY,ACCEPTED,,,n/a,unresolved,genus_or_higher,,,,2026-10-06T08:32:23+00:00
ligustrum tschonoskii decne. var. epile ohwi,Ligustrum tschonoskii Decne. var. epile Ohwi,6432927,HIGHERRANK,ACCEPTED,,,n/a,unresolved,infraspecific_collapsed,,,,2026-10-06T08:32:23+00:00
"coelioxys sakamotorum nagase, 2006","Coelioxys sakamotorum Nagase, 2006",1338705,EXACT,ACCEPTED,1338705,,self,,,,,,2026-10-06T08:32:09+00:00
limnophila sessiliflora (vahl) blume,Limnophila sessiliflora (Vahl) Blume,5415001,EXACT,ACCEPTED,5415001,,self,,,,,,2026-10-06T08:32:09+00:00
"megaxyela togashii shinohara, 1992","Megaxyela togashii Shinohara, 1992",9565325,EXACT,ACCEPTED,9565325,,self,,,,,,2026-10-06T08:32:09+00:00
chelonopsis moschata miq.,Chelonopsis moschata Miq.,5608690,EXACT,ACCEPTED,5608690,,self,,,,,,2026-10-06T08:32:09+00:00
"euurobracon yokahamae (dalla torre, 1898)","Euurobracon yokahamae (Dalla Torre, 1898)",1258097,EXACT,ACCEPTED,1258097,,self,,,,,,2026-10-06T08:32:09+00:00
inula japonica thunb.,Inula japonica Thunb.,3148520,EXACT,ACCEPTED,3148520,,self,,,,,,2026-10-06T08:32:09+00:00
"polistes chinensis antennalis pérez, 1905","Polistes chinensis antennalis Pérez, 1905",6249384,EXACT,ACCEPTED,6249384,,self,,,,,,2026-10-06T08:32:09+00:00
ixeris polycephala cass.,Ixeris polycephala Cass.,3115544,EXACT,ACCEPTED,3115544,,self,,,,,,2026-10-06T08:32:09+00:00
"sphex argentatus fumosus kohl, 1890","Sphex argentatus fumosus Kohl, 1890",6252425,EXACT,ACCEPTED,6252425,,self,,,,,,2026-10-06T08:32:09+00:00
senecio nemorensis l.,Senecio nemorensis L.,3107839,EXACT,ACCEPTED,3107839,,self,,,,,,2026-10-06T08:32:09+00:00
"bombus (pyrobombus) ardens ardens smith, 1879","Bombus (Pyrobombus) ardens ardens Smith, 1879",1340541,HIGHERRANK,ACCEPTED,,,n/a,unresolved,genus_or_higher,,,,2026-10-06T08:32:23+00:00
athyrium nikkoense makino,Athyrium nikkoense Makino,5644208,EXACT,ACCEPTED,5644208,,self,,,,,,2026-10-06T08:32:09+00:00
enoplognatha margarita yaginuma 1964,Enoplognatha margarita Yaginuma 1964,2158072,EXACT,ACCEPTED,2158072,,self,,,,,,2026-10-06T08:32:09+00:00
tofieldia coccinea richards. var. dibotrya m.n.tamura et fuse,Tofieldia coccinea Richards. var. dibotrya M.N.Tamura et Fuse,9422653,EXACT,ACCEPTED,9422653,,self,,,,,,2026-10-06T08:32:09+00:00
rugathodes nigrolimbatus (yaginuma 1972),Rugathodes nigrolimbatus (Yaginuma 1972),2158041,EXACT,ACCEPTED,2158041,,self,,,,,,2026-10-06T08:32:09+00:00
ranunculus nipponicus nakai var. nipponicus,Ranunculus nipponicus Nakai var. nipponicus,7276613,HIGHERRANK,ACCEPTED,,,n/a,unresolved,infraspecific_collapsed,,,,2026-10-06T08:32:23+00:00
tetragnatha pinicola l. koch 1870,Tetragnatha pinicola L. Koch 1870,2151931,EXACT,ACCEPTED,2151931,,self,,,,,,2026-10-06T08:32:09+00:00
daphniphyllum teijsmannii zoll. ex kurz var. hisautii hurus.,Daphniphyllum teijsmannii Zoll. ex Kurz var. hisautii Hurus.,8098813,FUZZY,SYNONYM,,,n/a,unresolved,fuzzy_spelling,,,,2026-10-06T08:32:23+00:00
herbiphantes cericeus (s. saito 1934),Herbiphantes cericeus (S. Saito 1934),2136104,EXACT,ACCEPTED,2136104,,self,,,,,,2026-10-06T08:32:09+00:00
castanopsis cuspidata (thunb.) schottky,Castanopsis cuspidata (Thunb.) Schottky,5333089,EXACT,ACCEPTED,5333089,,self,,,,,,2026-10-06T08:32:09+00:00
neriene angulifera (schenkel 1953),Neriene angulifera (Schenkel 1953),2137348,EXACT,ACCEPTED,2137348,,self,,,,,,2026-10-06T08:32:09+00:00
alnus hirsuta turcz. ex rupr. var. microphylla (nakai) tatew.,Alnus hirsuta Turcz. ex Rupr. var. microphylla (Nakai) Tatew.,2876108,EXACT,SYNONYM,2876105,Alnus hirsuta (Spach) Rupr.,api,,,,,,2026-10-06T08:32:23+00:00
neriene marginella (oi 1960),Neriene marginella (Oi 1960),2137344,EXACT,ACCEPTED,2137344,,self,,,,,,2026-10-06T08:32:09+00:00
arenaria trinervia l.,Arenaria trinervia L.,5588246,EXACT,SYNONYM,3085370,Moehringia trinervia (L.) Clairv.,api,,,,,,2026-10-06T08:32:23+00:00
tapinopa guttata komatsu 1937,Tapinopa guttata Komatsu 1937,2137313,EXACT,ACCEPTED,2137313,,self,,,,,,2026-10-06T08:32:09+00:00
vincetoxicum acuminatum decne.,Vincetoxicum acuminatum Decne.,8270762,EXACT,SYNONYM,8060708,Vincetoxicum ascyrifolium Franch. & Sav.,api,,,,,,2026-10-06T08:32:23+00:00
philodromus aureolus (clerck 1757),Philodromus aureolus (Clerck 1757),10196288,EXACT,ACCEPTED,10196288,,self,,,,,,2026-10-06T08:32:09+00:00
clinopodium micranthum (regel) h.hara var. sachalinense (f.schmidt) t.yamaz. & murata,Clinopodium micranthum (Regel) H.Hara var. sachalinense (F.Schmidt) T.Yamaz. & Murata,3886425,EXACT,ACCEPTED,3886425,,self,,,,,,2026-10-06T08:32:09+00:00
tibellus oblongus (walckenaer 1802),Tibellus oblongus (Walckenaer 1802),9805173,EXACT,ACCEPTED,9805173,,self,,,,,,2026-10-06T08:32:09+00:00
argiope amoena l. koch 1878,Argiope amoena L. Koch 1878,5171009,EXACT,ACCEPTED,5171009,,self,,,,,,2026-10-06T08:32:09+00:00
misumena vatia (clerck 1757),Misumena vatia (Clerck 1757),2165951,EXACT,ACCEPTED,2165951,,self,,,,,,2026-10-06T08:32:09+00:00
chrysso foliata (l.koch 1878),Chrysso foliata (L.Koch 1878),2156210,EXACT,ACCEPTED,2156210,,self,,,,,,2026-10-06T08:32:09+00:00
physcoa scintillans thorell 1895,Physcoa scintillans Thorell 1895,11269476,EXACT,SYNONYM,2156198,"Chrysso scintillans (Thorell, 1895)",api,,,,,,2026-10-06T08:32:23+00:00
alenatea acusiseta (zhu & song 1994),Alenatea acusiseta (Zhu & Song 1994),11613434,EXACT,ACCEPTED,11613434,,self,,,,,,2026-10-06T08:32:09+00:00
araneus ishisawai kishida 1928,Araneus ishisawai Kishida 1928,2160036,EXACT,ACCEPTED,2160036,,self,,,,,,2026-10-06T08:32:09+00:00
cyclosa kumadai tanikawa 1992,Cyclosa kumadai Tanikawa 1992,2158280,EXACT,ACCEPTED,2158280,,self,,,,,,2026-10-06T08:32:09+00:00
plebs sachalinensis (s. saito 1934),Plebs sachalinensis (S. Saito 1934),7986506,EXACT,ACCEPTED,7986506,,self,,,,,,2026-10-06T08:32:09+00:00
metellina ornata (chikuni 1955),Metellina ornata (Chikuni 1955),10329424,EXACT,ACCEPTED,10329424,,self,,,,,,2026-10-06T08:32:09+00:00
tetragnatha yesoensis s. saito 1934,Tetragnatha yesoensis S. Saito 1934,2151977,EXACT,ACCEPTED,2151977,,self,,,,,,2026-10-06T08:32:09+00:00
ketambea nigripectoris (oi 1960),Ketambea nigripectoris (Oi 1960),9849765,EXACT,ACCEPTED,9849765,,self,,,,,,2026-10-06T08:32:09+00:00
neriene fusca (oi 1960),Neriene fusca (Oi 1960),2137359,EXACT,ACCEPTED,2137359,,self,,,,,,2026-10-06T08:32:09+00:00
neriene japonica (oi 1960),Neriene japonica (Oi 1960),2137365,EXACT,ACCEPTED,2137365,,self,,,,,,2026-10-06T08:32:09+00:00
