taxon_id,scientific_name,vernacular_name_ja,source_id,query_name,query_variant,taxon_key,accepted_scientific_name,kingdom,phylum,class,order,family,genus,rank,matchType,confidence,status,note
lycopodium complanatum l.,Lycopodium complanatum L.,アスヒカズラ,kanagawa_redlist,Lycopodium complanatum L.,verbatim,9822879,Lycopodium complanatum L.,Plantae,Tracheophyta,Lycopodiopsida,Lycopodiales,Lycopodiaceae,Diphasiastrum,SPECIES,EXACT,100,SYNONYM,
ulota perbreviseta dixon & sakurai,Ulota perbreviseta Dixon & Sakurai,イブキキンモウゴケ,kanagawa_redlist,Ulota perbreviseta Dixon & Sakurai,verbatim,2671917,Ulota perbreviseta Dixon & Sakurai,Plantae,Bryophyta,Bryopsida,Orthotrichales,Orthotrichaceae,Ulota,SPECIES,EXACT,100,ACCEPTED,
chara globularis thuill. var. hakonensis kasaki,Chara globularis Thuill. var. hakonensis Kasaki,ハコネシャジクモ,kanagawa_redlist,Chara globularis Thuill. var. hakonensis Kasaki,verbatim,5270780,Chara globularis Thuill.,Plantae,Charophyta,Charophyceae,Charales,Characeae,Chara,SPECIES,HIGHERRANK,99,ACCEPTED,
lyophyllum shimeji (kawam.) hongo,Lyophyllum shimeji (Kawam.) Hongo,ホンシメジ,kanagawa_redlist,Lyophyllum shimeji (Kawam.) Hongo,verbatim,2530742,Lyophyllum shimeji (Kawam.) Hongo,Fungi,Basidiomycota,Agaricomycetes,Agaricales,Lyophyllaceae,Lyophyllum,SPECIES,EXACT,100,ACCEPTED,
"ephemerella ishiwatai gose, 1985","Ephemerella ishiwatai Gose, 1985",イシワタマダラカゲロウ,kanagawa_redlist,"Ephemerella ishiwatai Gose, 1985",verbatim,,,,,,,,,,NONE,100,,
herpestes javanicus,Herpestes javanicus,ジャワマングース,moe_ias_list,Herpestes javanicus,verbatim,2434271,"Herpestes javanicus (É.Geoffroy Saint-Hilaire, 1818)",Animalia,Chordata,Mammalia,Carnivora,Herpestidae,Herpestes,SPECIES,EXACT,99,ACCEPTED,
eleutherodactylus coqui,Eleutherodactylus coqui,コキーコヤスガエル,moe_ias_list,Eleutherodactylus coqui,verbatim,2424091,"Eleutherodactylus coqui Thomas, 1966",Animalia,Chordata,Amphibia,Anura,Eleutherodactylidae,Eleutherodactylus,SPECIES,EXACT,99,ACCEPTED,
ameiurus nebulosus,Ameiurus nebulosus,ブラウンブルヘッド,moe_ias_list,Ameiurus nebulosus,verbatim,2340989,"Ameiurus nebulosus (Lesueur, 1819)",Animalia,Chordata,,Siluriformes,Ictaluridae,Ameiurus,SPECIES,EXACT,99,ACCEPTED,
propomacrus spp.,Propomacrus spp.,ヒメテナガコガネ属,moe_ias_list,Propomacrus spp.,verbatim,1072117,"Propomacrus Newman, 1836",Animalia,Arthropoda,Insecta,Coleoptera,Scarabaeidae,Propomacrus,GENUS,HIGHERRANK,94,ACCEPTED,
atrax spp.,Atrax spp.,アトラクス属,moe_ias_list,Atrax spp.,verbatim,2145054,"Atrax O.P.-Cambridge, 1877",Animalia,Arthropoda,Arachnida,Araneae,Atracidae,Atrax,GENUS,HIGHERRANK,94,ACCEPTED,
mnemiopsis leidyi,Mnemiopsis leidyi,ムネミオプシス・レイディ,moe_ias_list,Mnemiopsis leidyi,verbatim,2501248,"Mnemiopsis leidyi A.Agassiz, 1865",Animalia,Ctenophora,Tentaculata,Lobata,Bolinopsidae,Mnemiopsis,SPECIES,EXACT,99,ACCEPTED,
pycnonotus cafer,Pycnonotus cafer,シリアカヒヨドリ,moe_ias_list,Pycnonotus cafer,verbatim,2486131,"Pycnonotus cafer (Linnaeus, 1766)",Animalia,Chordata,Aves,Passeriformes,Pycnonotidae,Pycnonotus,SPECIES,EXACT,99,ACCEPTED,
macrochelys spp.,Macrochelys spp.,ワニガメ属,moe_ias_list,Macrochelys spp.,verbatim,3238927,"Macrochelys Gray, 1856",Animalia,Chordata,Testudines,,Chelydridae,Macrochelys,GENUS,HIGHERRANK,94,ACCEPTED,
ammophila arenaria,Ammophila arenaria,ビーチグラス,moe_ias_list,Ammophila arenaria,verbatim,,,,,,,,,,NONE,100,,Multiple equal matches for Ammophila arenaria
tadorna cristata,Tadorna cristata,カンムリツクシガモ,moe_redlist,Tadorna cristata,verbatim,2498008,"Tadorna cristata (Kuroda, 1917)",Animalia,Chordata,Aves,Anseriformes,Anatidae,Tadorna,SPECIES,EXACT,99,ACCEPTED,
eretmochelys imbricata,Eretmochelys imbricata,タイマイ,moe_redlist,Eretmochelys imbricata,verbatim,8841716,"Eretmochelys imbricata (Linnaeus, 1766)",Animalia,Chordata,Testudines,,Cheloniidae,Eretmochelys,SPECIES,EXACT,99,ACCEPTED,
hynobius abei,Hynobius abei,アベサンショウウオ,moe_redlist,Hynobius abei,verbatim,2431150,"Hynobius abei Sato, 1934",Animalia,Chordata,Amphibia,Caudata,Hynobiidae,Hynobius,SPECIES,EXACT,99,ACCEPTED,
phlegmariurus cunninghamioides,Phlegmariurus cunninghamioides,コウヨウザンカズラ,moe_redlist,Phlegmariurus cunninghamioides,verbatim,3991169,Phlegmariurus cunninghamioides (Hayata) Ching,Plantae,Tracheophyta,Lycopodiopsida,Lycopodiales,Lycopodiaceae,Phlegmariurus,SPECIES,EXACT,99,ACCEPTED,
mannia androgyna,Mannia androgyna,ダンゴゼニゴケ,moe_redlist,Mannia androgyna,verbatim,5286290,Mannia androgyna (L.) A.Evans,Plantae,Marchantiophyta,Marchantiopsida,Marchantiales,Aytoniaceae,Mannia,SPECIES,EXACT,99,ACCEPTED,
chara fibrosa var. brevibracteata,Chara fibrosa var. brevibracteata,イケダシャジクモ,moe_redlist,Chara fibrosa var. brevibracteata,verbatim,5270727,Chara fibrosa C.Agardh ex Bruzelius,Plantae,Charophyta,Charophyceae,Charales,Characeae,Chara,SPECIES,HIGHERRANK,97,ACCEPTED,
heterodermia angustiloba,Heterodermia angustiloba,ホソゲジゲジゴケ,moe_redlist,Heterodermia angustiloba,verbatim,3427486,Heterodermia angustiloba (Müll.Arg.) D.D.Awasthi,Fungi,Ascomycota,Lecanoromycetes,Caliciales,Physciaceae,Heterodermia,SPECIES,EXACT,99,ACCEPTED,
agaricus hahashimensis,Agaricus hahashimensis,ハハジマモリノカサ,moe_redlist,Agaricus hahashimensis,verbatim,5454759,Agaricus hahashimensis S.Ito & S.Imai,Fungi,Basidiomycota,Agaricomycetes,Agaricales,Agaricaceae,Agaricus,SPECIES,EXACT,99,ACCEPTED,
pteropus loochoensis,Pteropus loochoensis,オキナワオオコウモリ,moe_redlist,Pteropus loochoensis,verbatim,5706998,"Pteropus loochoensis Gray, 1870",Animalia,Chordata,Mammalia,Chiroptera,Pteropodidae,Pteropus,SPECIES,EXACT,98,SYNONYM,
acipenser medirostris,Acipenser medirostris,チョウザメ,moe_redlist,Acipenser medirostris,verbatim,2402118,"Acipenser medirostris Ayres, 1854",Animalia,Chordata,,Acipenseriformes,Acipenseridae,Acipenser,SPECIES,EXACT,99,ACCEPTED,
ishikawatrechus intermedius,Ishikawatrechus intermedius,カドタメクラチビゴミムシ,moe_redlist,Ishikawatrechus intermedius,verbatim,7746997,"Ishikawatrechus intermedius Ueno, 1957",Animalia,Arthropoda,Insecta,Coleoptera,Carabidae,Ishikawatrechus,SPECIES,EXACT,99,ACCEPTED,
ogasawarana chichijimana,Ogasawarana chichijimana,チチジマヤマキサゴ,moe_redlist,Ogasawarana chichijimana,verbatim,5784016,"Ogasawarana chichijimana (Kuroda, 1956)",Animalia,Mollusca,Gastropoda,Cycloneritida,Helicinidae,Ogasawarana,SPECIES,EXACT,97,ACCEPTED,
compressalges nipponiae,Compressalges nipponiae,トキウモウダニ,moe_redlist,Compressalges nipponiae,verbatim,6901579,"Compressalges nipponiae Dubinin, 1950",Animalia,Arthropoda,Arachnida,Sarcoptiformes,Caudiferidae,Compressalges,SPECIES,EXACT,99,ACCEPTED,
heteroconger polyzona,Heteroconger polyzona,ゼブラアナゴ,moe_redlist,Heteroconger polyzona,verbatim,2403149,"Heteroconger polyzona Bleeker, 1868",Animalia,Chordata,,Anguilliformes,Congridae,Heteroconger,SPECIES,EXACT,99,ACCEPTED,
boninastrea boninensis,Boninastrea boninensis,オガサワラサンゴ,moe_redlist,Boninastrea boninensis,verbatim,2259543,"Boninastrea boninensis Yabe & Sugiyama, 1935",Animalia,Cnidaria,Anthozoa,Scleractinia,Merulinidae,Boninastrea,SPECIES,EXACT,99,ACCEPTED,
octolasmis unguisiformis,Octolasmis unguisiformis,メナガオサガニハサミエボシ,moe_redlist,Octolasmis unguisiformis,verbatim,4335769,"Octolasmis unguisiformis Kobayashi & Kato, 2003",Animalia,Arthropoda,Maxillopoda,Pedunculata,Poecilasmatidae,Octolasmis,SPECIES,EXACT,99,ACCEPTED,
loliolus beka,Loliolus beka,ベイカ,moe_redlist,Loliolus beka,verbatim,2290341,"Loliolus beka (Sasaki, 1929)",Animalia,Mollusca,Cephalopoda,Myopsida,Loliginidae,Loliolus,SPECIES,EXACT,99,ACCEPTED,
lingula adamsi,Lingula adamsi,オオシャミセンガイ,moe_redlist,Lingula adamsi,verbatim,5183828,"Lingula adamsi Dall, 1873",Animalia,Brachiopoda,Lingulata,Lingulida,Lingulidae,Lingula,SPECIES,EXACT,99,ACCEPTED,
phlegmariurus sieboldii (miq.) ching,Phlegmariurus sieboldii (Miq.) Ching,ヒモラン,kanagawa_redlist,Phlegmariurus sieboldii (Miq.) Ching,verbatim,3990857,Phlegmariurus sieboldii (Miq.) Ching,Plantae,Tracheophyta,Lycopodiopsida,Lycopodiales,Lycopodiaceae,Phlegmariurus,SPECIES,EXACT,100,ACCEPTED,
dendroceros japonicus steph.,Dendroceros japonicus Steph.,キノボリツノゴケ,kanagawa_redlist,Dendroceros japonicus Steph.,verbatim,5792173,Dendroceros japonicus Steph.,Plantae,Anthocerotophyta,Anthocerotopsida,Dendrocerotales,Dendrocerotaceae,Dendroceros,SPECIES,EXACT,100,ACCEPTED,
nitellopsis obtusa (desv.) j.groves,Nitellopsis obtusa (Desv.) J.Groves,ホシツリモ,kanagawa_redlist,Nitellopsis obtusa (Desv.) J.Groves,verbatim,2638307,Nitellopsis obtusa (Desv.) J.Groves,Plantae,Charophyta,Charophyceae,Charales,Characeae,Nitellopsis,SPECIES,EXACT,100,ACCEPTED,
tricholoma bakamatsutake hongo,Tricholoma bakamatsutake Hongo,バカマツタケ,kanagawa_redlist,Tricholoma bakamatsutake Hongo,verbatim,5450746,Tricholoma bakamatsutake Hongo,Fungi,Basidiomycota,Agaricomycetes,Agaricales,Tricholomataceae,Tricholoma,SPECIES,EXACT,100,ACCEPTED,
"ephoron shigae (takahashi, 1924）","Ephoron shigae (Takahashi, 1924）",オオシロカゲロウ,kanagawa_redlist,"Ephoron shigae (Takahashi, 1924）",verbatim,6934307,"Ephoron shigae (Takahashi, 1924)",Animalia,Arthropoda,Insecta,Ephemeroptera,Polymitarcyidae,Ephoron,SPECIES,EXACT,100,ACCEPTED,
trichosurus vulpecula,Trichosurus vulpecula,フクロギツネ,moe_ias_list,Trichosurus vulpecula,verbatim,2440254,"Trichosurus vulpecula (Kerr, 1792)",Animalia,Chordata,Mammalia,Diprotodontia,Phalangeridae,Trichosurus,SPECIES,EXACT,99,ACCEPTED,
eleutherodactylus johnstonei,Eleutherodactylus johnstonei,ジョンストンコヤスガエル,moe_ias_list,Eleutherodactylus johnstonei,verbatim,2424120,"Eleutherodactylus johnstonei Barbour, 1914",Animalia,Chordata,Amphibia,Anura,Eleutherodactylidae,Eleutherodactylus,SPECIES,EXACT,99,ACCEPTED,
pylodictis olivaris,Pylodictis olivaris,フラットヘッドキャットフィッシュ,moe_ias_list,Pylodictis olivaris,verbatim,2341077,"Pylodictis olivaris (Rafinesque, 1818)",Animalia,Chordata,,Siluriformes,Ictaluridae,Pylodictis,SPECIES,EXACT,99,ACCEPTED,
solenopsis invicta,Solenopsis invicta,ヒアリ（アカヒアリ）,moe_ias_list,Solenopsis invicta,verbatim,5035230,"Solenopsis invicta Buren, 1972",Animalia,Arthropoda,Insecta,Hymenoptera,Formicidae,Solenopsis,SPECIES,EXACT,99,ACCEPTED,
hadronyche spp.,Hadronyche spp.,ハドロニュケ属,moe_ias_list,Hadronyche spp.,verbatim,2145025,"Hadronyche L.Koch, 1873",Animalia,Arthropoda,Arachnida,Araneae,Atracidae,Hadronyche,GENUS,HIGHERRANK,94,ACCEPTED,
dreissena polymorpha,Dreissena polymorpha,カワホトトギスガイ,moe_ias_list,Dreissena polymorpha,verbatim,2287072,"Dreissena polymorpha (Pallas, 1771)",Animalia,Mollusca,Bivalvia,Myida,Dreissenidae,Dreissena,SPECIES,EXACT,99,ACCEPTED,
zosterops spp.,Zosterops spp.,外国産メジロ,moe_ias_list,Zosterops spp.,verbatim,2489340,"Zosterops Vigors & Horsfield, 1827",Animalia,Chordata,Aves,Passeriformes,Zosteropidae,Zosterops,GENUS,HIGHERRANK,94,ACCEPTED,
chrysemys spp.,Chrysemys spp.,ニシキガメ属,moe_ias_list,Chrysemys spp.,verbatim,9529207,"Chrysemys Gray, 1844",Animalia,Chordata,Testudines,,Emydidae,Chrysemys,GENUS,HIGHERRANK,94,ACCEPTED,
alnus glutinosa,Alnus glutinosa,ヨーロッパハンノキ（オウシュウクロハンノキ）,moe_ias_list,Alnus glutinosa,verbatim,2876213,Alnus glutinosa (L.) Gaertn.,Plantae,Tracheophyta,Magnoliopsida,Fagales,Betulaceae,Alnus,SPECIES,EXACT,98,ACCEPTED,
columba versicolor,Columba versicolor,オガサワラカラスバト,moe_redlist,Columba versicolor,verbatim,5231877,"Columba versicolor Kittlitz, 1832",Animalia,Chordata,Aves,Columbiformes,Columbidae,Columba,SPECIES,EXACT,99,ACCEPTED,
eublepharis kuroiwae,Eublepharis kuroiwae,クロイワトカゲモドキ,moe_redlist,Eublepharis kuroiwae,verbatim,5221339,Eublepharis kuroiwae,Animalia,Chordata,Squamata,,Eublepharidae,Goniurosaurus,SPECIES,EXACT,98,SYNONYM,
hynobius hidamontanus,Hynobius hidamontanus,ハクバサンショウウオ,moe_redlist,Hynobius hidamontanus,verbatim,2431163,"Hynobius hidamontanus Matsui, 1987",Animalia,Chordata,Amphibia,Caudata,Hynobiidae,Hynobius,SPECIES,EXACT,99,ACCEPTED,
botrychium boreale,Botrychium boreale,タカネハナワラビ,moe_redlist,Botrychium boreale,verbatim,2650163,Botrychium boreale Milde,Plantae,Tracheophyta,Polypodiopsida,Ophioglossales,Ophioglossaceae,Botrychium,SPECIES,EXACT,99,ACCEPTED,
mannia californica,Mannia californica,ウルシゼニゴケ,moe_redlist,Mannia californica,verbatim,8694243,Mannia californica (Gottsche) L.C.Wheeler,Plantae,Marchantiophyta,Marchantiopsida,Marchantiales,Aytoniaceae,Mannia,SPECIES,EXACT,99,ACCEPTED,
chara globularis var. hakonensis,Chara globularis var. hakonensis,ハコネシャジクモ,moe_redlist,Chara globularis var. hakonensis,verbatim,5270780,Chara globularis Thuill.,Plantae,Charophyta,Charophyceae,Charales,Characeae,Chara,SPECIES,HIGHERRANK,99,ACCEPTED,
erioderma tomentosum,Erioderma tomentosum,ヌマジリゴケ,moe_redlist,Erioderma tomentosum,verbatim,2601273,Erioderma tomentosum Hue,Fungi,Ascomycota,Lecanoromycetes,Peltigerales,Pannariaceae,Erioderma,SPECIES,EXACT,99,ACCEPTED,
chlorophyllum agaricoides,Chlorophyllum agaricoides,スナタマゴタケ,moe_redlist,Chlorophyllum agaricoides,verbatim,5955379,Chlorophyllum agaricoides (Czern.) Vellinga,Fungi,Basidiomycota,Agaricomycetes,Agaricales,Agaricaceae,Chlorophyllum,SPECIES,EXACT,99,ACCEPTED,
rhinolophus pumilus miyakonis,Rhinolophus pumilus miyakonis,ミヤココキクガシラコウモリ,moe_redlist,Rhinolophus pumilus miyakonis,verbatim,5787430,"Rhinolophus pumilus K.Andersen, 1905",Animalia,Chordata,Mammalia,Chiroptera,Rhinolophidae,Rhinolophus,SPECIES,HIGHERRANK,99,ACCEPTED,
gnathopogon elongatus suwae,Gnathopogon elongatus suwae,スワモロコ,moe_redlist,Gnathopogon elongatus suwae,verbatim,12331075,"Gnathopogon elongatus suwae Jordan & Hubbs, 1925",Animalia,Chordata,,Cypriniformes,Cyprinidae,Gnathopogon,SUBSPECIES,EXACT,98,SYNONYM,
rakantrechus elegans,Rakantrechus elegans,コゾノメクラチビゴミムシ,moe_redlist,Rakantrechus elegans,verbatim,8248964,"Rakantrechus elegans Ueno, 1960",Animalia,Arthropoda,Insecta,Coleoptera,Carabidae,Rakantrechus,SPECIES,EXACT,99,ACCEPTED,
ogasawarana habei,Ogasawarana habei,ソロバンダマヤマキサゴ,moe_redlist,Ogasawarana habei,verbatim,5784021,"Ogasawarana habei Minato, 1980",Animalia,Mollusca,Gastropoda,Cycloneritida,Helicinidae,Ogasawarana,SPECIES,EXACT,99,ACCEPTED,
haemaphy salispentalagi,Haemaphy salispentalagi,クロウサギチマダニ,moe_redlist,Haemaphy salispentalagi,verbatim,,,,,,,,,,NONE,100,,No match because of too little confidence
thryssa baelama,Thryssa baelama,オオイワシ,moe_redlist,Thryssa baelama,verbatim,2414136,"Thryssa baelama (Forsskål, 1775)",Animalia,Chordata,,Clupeiformes,Engraulidae,Thryssa,SPECIES,EXACT,99,ACCEPTED,
euphyllia paraglabrescens,Euphyllia paraglabrescens,ハナサンゴモドキ,moe_redlist,Euphyllia paraglabrescens,verbatim,2259286,"Euphyllia paraglabrescens Veron, 1990",Animalia,Cnidaria,Anthozoa,Scleractinia,Euphylliidae,Euphyllia,SPECIES,EXACT,99,ACCEPTED,
halosbaena daitoensis,Halosbaena daitoensis,ダイトウコオイエビ,moe_redlist,Halosbaena daitoensis,verbatim,2215730,"Halosbaena daitoensis Shimomura & Fujita, 2009",Animalia,Arthropoda,Malacostraca,Thermosbaenacea,Halosbaenidae,Halosbaena,SPECIES,EXACT,99,ACCEPTED,
octopus incella,Octopus incella,ナギサアナダコ,moe_redlist,Octopus incella,verbatim,5856025,"Octopus incella Kaneko & Kubodera, 2007",Animalia,Mollusca,Cephalopoda,Octopoda,Octopodidae,Octopus,SPECIES,EXACT,99,ACCEPTED,
hediste japonica,Hediste japonica,アリアケカワゴカイ,moe_redlist,Hediste japonica,verbatim,2316423,"Hediste japonica (Izuka, 1908)",Animalia,Annelida,Polychaeta,Phyllodocida,Nereididae,Hediste,SPECIES,EXACT,99,ACCEPTED,
selaginella shakotanensis (franch. ex takeda) miyabe & kudo,Selaginella shakotanensis (Franch. ex Takeda) Miyabe & Kudo,ヒモカズラ,kanagawa_redlist,Selaginella shakotanensis (Franch. ex Takeda) Miyabe & Kudo,verbatim,8063831,Selaginella shakotanensis (Franch. ex Takeda) Miyabe & Kudô,Plantae,Tracheophyta,Lycopodiopsida,Selaginellales,Selaginellaceae,Selaginella,SPECIES,EXACT,100,ACCEPTED,
acrobolbus ciliatus (mitt.) schiffn.,Acrobolbus ciliatus (Mitt.) Schiffn.,チチブイチョウゴケ,kanagawa_redlist,Acrobolbus ciliatus (Mitt.) Schiffn.,verbatim,4276662,Acrobolbus ciliatus (Mitt.) Schiffn.,Plantae,Marchantiophyta,Jungermanniopsida,Jungermanniales,Acrobolbaceae,Acrobolbus,SPECIES,EXACT,100,ACCEPTED,
batrachospermum gelatinosum (l.) dc.,Batrachospermum gelatinosum (L.) DC.,カワモズク,kanagawa_redlist,Batrachospermum gelatinosum (L.) DC.,verbatim,2654243,Batrachospermum gelatinosum (L.) DC.,Plantae,Rhodophyta,Florideophyceae,Batrachospermales,Batrachospermaceae,Batrachospermum,SPECIES,EXACT,100,ACCEPTED,
"dactylosporina brunneomarginata ushijima, nagas. & s. kigawa","Dactylosporina brunneomarginata Ushijima, Nagas. & S. Kigawa",トゲミフチドリツエタケ,kanagawa_redlist,"Dactylosporina brunneomarginata Ushijima, Nagas. & S. Kigawa",verbatim,8342953,"Dactylosporina brunneomarginata Ushijima, Nagas. & S.Kigawa",Fungi,Basidiomycota,Agaricomycetes,Agaricales,Physalacriaceae,Dactylosporina,SPECIES,EXACT,100,ACCEPTED,
"cincticostella (cincticostella) orientalis （tshernova, 1952）","Cincticostella (Cincticostella) orientalis （Tshernova, 1952）",チェルノバマダラカゲロウ,kanagawa_redlist,"Cincticostella (Cincticostella) orientalis （Tshernova, 1952）",verbatim,7197172,"Cincticostella orientalis (Tshernova, 1952)",Animalia,Arthropoda,Insecta,Ephemeroptera,Ephemerellidae,Cincticostella,SPECIES,EXACT,100,ACCEPTED,
macaca fascicularis,Macaca fascicularis,カニクイザル,moe_ias_list,Macaca fascicularis,verbatim,2436603,"Macaca fascicularis (Raffles, 1821)",Animalia,Chordata,Mammalia,Primates,Cercopithecidae,Macaca,SPECIES,EXACT,99,ACCEPTED,
eleutherodactylus planirostris,Eleutherodactylus planirostris,オンシツガエル,moe_ias_list,Eleutherodactylus planirostris,verbatim,2424089,"Eleutherodactylus planirostris (Cope, 1862)",Animalia,Chordata,Amphibia,Anura,Eleutherodactylidae,Eleutherodactylus,SPECIES,EXACT,99,ACCEPTED,
morone americana,Morone americana,ホワイトパーチ,moe_ias_list,Morone americana,verbatim,2394604,"Morone americana (Gmelin, 1789)",Animalia,Chordata,,Perciformes,Moronidae,Morone,SPECIES,EXACT,99,ACCEPTED,
wasmannia auropunctata,Wasmannia auropunctata,コカミアリ,moe_ias_list,Wasmannia auropunctata,verbatim,1315391,"Wasmannia auropunctata (Roger, 1863)",Animalia,Arthropoda,Insecta,Hymenoptera,Formicidae,Wasmannia,SPECIES,EXACT,99,ACCEPTED,
lososceles spp.,Lososceles spp.,イトグモ属3種,moe_ias_list,Lososceles spp.,verbatim,,,,,,,,,,NONE,100,,No match because of too little confidence
dreissena bugensis,Dreissena bugensis,クワッガガイ,moe_ias_list,Dreissena bugensis,verbatim,2287073,"Dreissena bugensis (Andrusov, 1897)",Animalia,Mollusca,Bivalvia,Myida,Dreissenidae,Dreissena,SPECIES,EXACT,99,ACCEPTED,
pavo cristatus,Pavo cristatus,インドクジャク,moe_ias_list,Pavo cristatus,verbatim,9451184,"Pavo cristatus Linnaeus, 1758",Animalia,Chordata,Aves,Galliformes,Phasianidae,Pavo,SPECIES,EXACT,99,ACCEPTED,
graptemys spp.,Graptemys spp.,チズガメ属3種（ミシシッピチズガメ、フトマユチズガメ（サビーンチズガメを含む）、ニセチズガメ）,moe_ias_list,Graptemys spp.,verbatim,2443072,"Graptemys Agassiz, 1857",Animalia,Chordata,Testudines,,Emydidae,Graptemys,GENUS,HIGHERRANK,94,ACCEPTED,
ficus rubiginosa,Ficus rubiginosa,フランスゴムノキ（コバノゴムビワ）,moe_ias_list,Ficus rubiginosa,verbatim,5361929,Ficus rubiginosa Desf. ex Vent.,Plantae,Tracheophyta,Magnoliopsida,Rosales,Moraceae,Ficus,SPECIES,EXACT,98,ACCEPTED,
columba jouyi,Columba jouyi,リュウキュウカラスバト,moe_redlist,Columba jouyi,verbatim,5231869,"Columba jouyi (Stejneger, 1887)",Animalia,Chordata,Aves,Columbiformes,Columbidae,Columba,SPECIES,EXACT,99,ACCEPTED,
opisthotropis kikuzatoi,Opisthotropis kikuzatoi,キクザトサワヘビ,moe_redlist,Opisthotropis kikuzatoi,verbatim,5959324,"Opisthotropis kikuzatoi (Okada & Takara, 1958)",Animalia,Chordata,Squamata,,Colubridae,Opisthotropis,SPECIES,EXACT,99,ACCEPTED,
hynobius takedai,Hynobius takedai,ホクリクサンショウウオ,moe_redlist,Hynobius takedai,verbatim,2431159,"Hynobius takedai Matsui & Miyazaki, 1984",Animalia,Chordata,Amphibia,Caudata,Hynobiidae,Hynobius,SPECIES,EXACT,99,ACCEPTED,
ophioglossum parvifolium,Ophioglossum parvifolium,イオウジマハナヤスリ,moe_redlist,Ophioglossum parvifolium,verbatim,3659209,Ophioglossum parvifolium Hook. & Grev.,Plantae,Tracheophyta,Polypodiopsida,Ophioglossales,Ophioglossaceae,Ophioglossum,SPECIES,EXACT,99,ACCEPTED,
lepicolea yakusimensis,Lepicolea yakusimensis,ヤクシマスギバゴケ,moe_redlist,Lepicolea yakusimensis,verbatim,8050302,Lepicolea yakusimensis (S.Hatt.) S.Hatt.,Plantae,Marchantiophyta,Jungermanniopsida,Jungermanniales,Lepicoleaceae,Lepicolea,SPECIES,EXACT,99,ACCEPTED,
nitella minispora,Nitella minispora,キザキフラスコモ,moe_redlist,Nitella minispora,verbatim,2637771,"Nitella C.Agardh, 1824",Plantae,Charophyta,Charophyceae,Charales,Characeae,Nitella,GENUS,HIGHERRANK,94,ACCEPTED,
siphula ceratites,Siphula ceratites,シロツノゴケ,moe_redlist,Siphula ceratites,verbatim,2600381,Siphula ceratites (Wahlenb.) Fr.,Fungi,Ascomycota,Lecanoromycetes,Pertusariales,Icmadophilaceae,Siphula,SPECIES,EXACT,99,ACCEPTED,
coprinus boninensis,Coprinus boninensis,ムニンヒトヨタケ,moe_redlist,Coprinus boninensis,verbatim,3332616,Coprinus boninensis S.Ito & S.Imai,Fungi,Basidiomycota,Agaricomycetes,Agaricales,Agaricaceae,Coprinus,SPECIES,EXACT,99,ACCEPTED,
pipistrellus sturdeei,Pipistrellus sturdeei,オガサワラアブラコウモリ,moe_redlist,Pipistrellus sturdeei,verbatim,5218501,"Pipistrellus sturdeei Thomas, 1915",Animalia,Chordata,Mammalia,Chiroptera,Vespertilionidae,Pipistrellus,SPECIES,EXACT,99,ACCEPTED,
pungitius kaibarae,Pungitius kaibarae,ミナミトミヨ,moe_redlist,Pungitius kaibarae,verbatim,5204687,"Pungitius kaibarae (Tanaka, 1915)",Animalia,Chordata,,Gasterosteiformes,Gasterosteidae,Pungitius,SPECIES,EXACT,98,SYNONYM,
prodaticus satoi,Prodaticus satoi,スジゲンゴロウ,moe_redlist,Prodaticus satoi,verbatim,4760807,"Prodaticus Sharp, 1882",Animalia,Arthropoda,Insecta,Coleoptera,Dytiscidae,Prodaticus,GENUS,HIGHERRANK,94,ACCEPTED,
ogasawarana rex,Ogasawarana rex,アカビシヤマキサゴ,moe_redlist,Ogasawarana rex,verbatim,8194853,"Ogasawarana rex (A.J.Wagner, 1909)",Animalia,Mollusca,Gastropoda,Cycloneritida,Helicinidae,Ogasawarana,SPECIES,EXACT,97,ACCEPTED,
pyatakovestia boninensis,Pyatakovestia boninensis,オガサワラホソハマトビムシ,moe_redlist,Pyatakovestia boninensis,verbatim,8654960,"Pyatakovestia boninensis Morino & Miyamoto, 2015",Animalia,Arthropoda,Malacostraca,Amphipoda,Talitridae,Pyatakovestia,SPECIES,EXACT,99,ACCEPTED,
plectropomus areolatus,Plectropomus areolatus,オオアオノメアラ,moe_redlist,Plectropomus areolatus,verbatim,5210126,"Plectropomus areolatus (Rüppell, 1830)",Animalia,Chordata,,Perciformes,Serranidae,Plectropomus,SPECIES,EXACT,99,ACCEPTED,
acropora pruinosa,Acropora pruinosa,エダミドリイシ,moe_redlist,Acropora pruinosa,verbatim,5184634,"Acropora pruinosa (Brook, 1893)",Animalia,Cnidaria,Anthozoa,Scleractinia,Acroporidae,Acropora,SPECIES,EXACT,99,ACCEPTED,
alpheus hoplocheles,Alpheus hoplocheles,フタツトゲテッポウエビ,moe_redlist,Alpheus hoplocheles,verbatim,2226118,"Alpheus hoplocheles Coutière, 1897",Animalia,Arthropoda,Malacostraca,Decapoda,Alpheidae,Alpheus,SPECIES,EXACT,99,ACCEPTED,
octopus wolfi,Octopus wolfi,コツブハナダコ,moe_redlist,Octopus wolfi,verbatim,2289632,"Octopus wolfi (Wülker, 1913)",Animalia,Mollusca,Cephalopoda,Octopoda,Octopodidae,Octopus,SPECIES,EXACT,99,ACCEPTED,
chaetopterus cautus,Chaetopterus cautus,ツバサゴカイ,moe_redlist,Chaetopterus cautus,verbatim,5197931,"Chaetopterus cautus Marenzeller, 1879",Animalia,Annelida,Polychaeta,,Chaetopteridae,Chaetopterus,SPECIES,EXACT,99,ACCEPTED,
botrychium lunaria (l.) sw.,Botrychium lunaria (L.) Sw.,ヒメハナワラビ,kanagawa_redlist,Botrychium lunaria (L.) Sw.,verbatim,2650165,Botrychium lunaria (L.) Sw.,Plantae,Tracheophyta,Polypodiopsida,Ophioglossales,Ophioglossaceae,Botrychium,SPECIES,EXACT,100,ACCEPTED,
gymnomitrion noguchianum s.hatt.,Gymnomitrion noguchianum S.Hatt.,ノグチサキジロゴケ,kanagawa_redlist,Gymnomitrion noguchianum S.Hatt.,verbatim,7552974,Gymnomitrion noguchianum S.Hatt.,Plantae,Marchantiophyta,Jungermanniopsida,Jungermanniales,Gymnomitriaceae,Gymnomitrion,SPECIES,EXACT,100,ACCEPTED,
batrachospermum japonicum m.mori,Batrachospermum japonicum M.Mori,ニホンカワモズク,kanagawa_redlist,Batrachospermum japonicum M.Mori,verbatim,2654270,"Batrachospermum japonicum Mori, 1975",Plantae,Rhodophyta,Florideophyceae,Batrachospermales,Batrachospermaceae,Batrachospermum,SPECIES,EXACT,100,SYNONYM,
disciseda spp.,Disciseda spp.,ドングリタケ属,kanagawa_redlist,Disciseda spp.,verbatim,9401870,"Disciseda Czern., 1845",Fungi,Basidiomycota,Agaricomycetes,Agaricales,Agaricaceae,Disciseda,GENUS,HIGHERRANK,94,ACCEPTED,
"ephemerella tsuno (jacobus & mccafferty, 2008)","Ephemerella tsuno (Jacobus & McCafferty, 2008)",ツノマダラカゲロウ,kanagawa_redlist,"Ephemerella tsuno (Jacobus & McCafferty, 2008)",verbatim,,,,,,,,,,NONE,100,,
mungos mungos,Mungos mungos,シママングース,moe_ias_list,Mungos mungos,verbatim,5219080,"Mungos mungo (Gmelin, 1788)",Animalia,Chordata,Mammalia,Carnivora,Herpestidae,Mungos,SPECIES,FUZZY,96,ACCEPTED,
osteopilus septentrionalis,Osteopilus septentrionalis,キューバズツキガエル（キューバアマガエル）,moe_ias_list,Osteopilus septentrionalis,verbatim,2428083,"Osteopilus septentrionalis (Duméril & Bibron, 1841)",Animalia,Chordata,Amphibia,Anura,Hylidae,Osteopilus,SPECIES,EXACT,99,ACCEPTED,
gymnocephalus cernuus,Gymnocephalus cernuus,ラッフ,moe_ias_list,Gymnocephalus cernuus,verbatim,2382126,"Gymnocephalus cernuus (Linnaeus, 1758)",Animalia,Chordata,,Perciformes,Percidae,Gymnocephalus,SPECIES,EXACT,98,SYNONYM,
apis mellifera scutellata,Apis mellifera scutellata,アフリカミツバチとアフリカ化ミツバチ,moe_ias_list,Apis mellifera scutellata,verbatim,11044201,"Apis mellifera scutellata Lepeletier, 1836",Animalia,Arthropoda,Insecta,Hymenoptera,Apidae,Apis,SUBSPECIES,EXACT,98,SYNONYM,
latrodectus tredecimguttatus,Latrodectus tredecimguttatus,ジュウサンボシゴケグモ,moe_ias_list,Latrodectus tredecimguttatus,verbatim,2157921,"Latrodectus tredecimguttatus (Rossi, 1790)",Animalia,Arthropoda,Arachnida,Araneae,Theridiidae,Latrodectus,SPECIES,EXACT,99,ACCEPTED,
dikerogammarus vilosus,Dikerogammarus vilosus,ディケロガマルス・ヴィロースス,moe_ias_list,Dikerogammarus vilosus,verbatim,4315705,"Dikerogammarus villosus (Sowinsky, 1894)",Animalia,Arthropoda,Malacostraca,Amphipoda,Gammaridae,Dikerogammarus,SPECIES,FUZZY,96,ACCEPTED,
branta canadensis,Branta canadensis,カナダガン,moe_ias_list,Branta canadensis,verbatim,5232437,"Branta canadensis (Linnaeus, 1758)",Animalia,Chordata,Aves,Anseriformes,Anatidae,Branta,SPECIES,EXACT,99,ACCEPTED,
pseudemys spp.,Pseudemys spp.,クーターガメ属,moe_ias_list,Pseudemys spp.,verbatim,2443162,"Pseudemys Gray, 1856",Animalia,Chordata,Testudines,,Emydidae,Pseudemys,GENUS,HIGHERRANK,94,ACCEPTED,
tillaea helmsii,Tillaea helmsii,クラッスラ・ヘルムシー,moe_ias_list,Tillaea helmsii,verbatim,4202523,Tillaea helmsii Kirk,Plantae,Tracheophyta,Magnoliopsida,Saxifragales,Crassulaceae,Crassula,SPECIES,EXACT,98,SYNONYM,
poliolimnas cinereus brevipes,Poliolimnas cinereus brevipes,マミジロクイナ,moe_redlist,Poliolimnas cinereus brevipes,verbatim,5228180,"Poliolimnas cinereus (Vieillot, 1819)",Animalia,Chordata,Aves,Gruiformes,Rallidae,Porzana,SPECIES,HIGHERRANK,98,SYNONYM,
caretta caretta,Caretta caretta,アカウミガメ,moe_redlist,Caretta caretta,verbatim,8894817,"Caretta caretta (Linnaeus, 1758)",Animalia,Chordata,Testudines,,Cheloniidae,Caretta,SPECIES,EXACT,99,ACCEPTED,
hynobius nebulosus tokyoensis,Hynobius nebulosus tokyoensis,東京都のトウキョウサンショウウオ個体群,moe_redlist,Hynobius nebulosus tokyoensis,verbatim,2431144,"Hynobius nebulosus (Temminck & Schlegel, 1838)",Animalia,Chordata,Amphibia,Caudata,Hynobiidae,Hynobius,SPECIES,HIGHERRANK,99,ACCEPTED,
hypolepis tenuifolia,Hypolepis tenuifolia,オオイワヒメワラビ,moe_redlist,Hypolepis tenuifolia,verbatim,5275022,Hypolepis tenuifolia (G.Forst.) Bernh.,Plantae,Tracheophyta,Polypodiopsida,Polypodiales,Dennstaedtiaceae,Hypolepis,SPECIES,EXACT,99,ACCEPTED,
pterogoniadelphus esquirolii,Pterogoniadelphus esquirolii,シワナシチビイタチゴケ,moe_redlist,Pterogoniadelphus esquirolii,verbatim,8319758,Pterogoniadelphus esquirolii (Thér.) Ochyra & Zijlstra,Plantae,Bryophyta,Bryopsida,Hypnales,Leucodontaceae,Pterogoniadelphus,SPECIES,EXACT,99,ACCEPTED,
porphyra angusta,Porphyra angusta,コスジノリ,moe_redlist,Porphyra angusta,verbatim,6,Plantae,Plantae,,,,,,KINGDOM,HIGHERRANK,92,ACCEPTED,
enterographa multiseptata,Enterographa multiseptata,ヨウジョウクチナワゴケ,moe_redlist,Enterographa multiseptata,verbatim,3546350,Enterographa multiseptata R.Sant.,Fungi,Ascomycota,Arthoniomycetes,Arthoniales,Roccellaceae,Enterographa,SPECIES,EXACT,99,ACCEPTED,
lepiota boninensis,Lepiota boninensis,ムニンヒメカラカサタケ,moe_redlist,Lepiota boninensis,verbatim,3340529,Lepiota boninensis S.Ito & S.Imai,Fungi,Basidiomycota,Agaricomycetes,Agaricales,Agaricaceae,Lepiota,SPECIES,EXACT,99,ACCEPTED,
canis lupus hattai,Canis lupus hattai,エゾオオカミ,moe_redlist,Canis lupus hattai,verbatim,6164186,"Canis lupus hattai Kishida, 1931",Animalia,Chordata,Mammalia,Carnivora,Canidae,Canis,SUBSPECIES,EXACT,98,ACCEPTED,
oncorhynchus kawamurae,Oncorhynchus kawamurae,クニマス,moe_redlist,Oncorhynchus kawamurae,verbatim,5961610,"Oncorhynchus kawamurae Jordan & McGregor, 1925",Animalia,Chordata,,Salmoniformes,Salmonidae,Oncorhynchus,SPECIES,EXACT,99,ACCEPTED,
macroplea japana,Macroplea japana,キイロネクイハムシ,moe_redlist,Macroplea japana,verbatim,8237860,"Macroplea japana (Jacoby, 1885) Jacoby, 1885",Animalia,Arthropoda,Insecta,Coleoptera,Chrysomelidae,Macroplea,SPECIES,EXACT,99,ACCEPTED,
assiminea sp. d,Assiminea sp. D,リュウキュウカワザンショウ,moe_redlist,Assiminea sp. D,verbatim,2301943,"Assiminea J.Fleming, 1828",Animalia,Mollusca,Gastropoda,Littorinimorpha,Assimineidae,Assiminea,GENUS,HIGHERRANK,94,ACCEPTED,
bdellocephala annandalei,Bdellocephala annandalei,ビワオオウズムシ,moe_redlist,Bdellocephala annandalei,verbatim,6475046,"Bdellocephala annandalei Ijima & Kaburaki, 1916",Animalia,Platyhelminthes,,Tricladida,Dendrocoelidae,Bdellocephala,SPECIES,EXACT,99,ACCEPTED,
epinephelus lanceolatus,Epinephelus lanceolatus,タマカイ,moe_redlist,Epinephelus lanceolatus,verbatim,2388587,"Epinephelus lanceolatus (Bloch, 1790)",Animalia,Chordata,,Perciformes,Serranidae,Epinephelus,SPECIES,EXACT,99,ACCEPTED,
porites okinawensis,Porites okinawensis,オキナワハマサンゴ,moe_redlist,Porites okinawensis,verbatim,5184802,"Porites okinawensis Veron, 1990",Animalia,Cnidaria,Anthozoa,Scleractinia,Poritidae,Porites,SPECIES,EXACT,99,ACCEPTED,
calliasmata pholidota,Calliasmata pholidota,イラウモエビ,moe_redlist,Calliasmata pholidota,verbatim,6455505,"Calliasmata pholidota Holthuis, 1973",Animalia,Arthropoda,Malacostraca,Decapoda,Barbouriidae,Calliasmata,SPECIES,EXACT,99,ACCEPTED,
branchiostoma japonicum,Branchiostoma japonicum,ヒガシナメクジウオ,moe_redlist,Branchiostoma japonicum,verbatim,8146850,"Branchiostoma japonicum (Willey, 1897)",Animalia,Chordata,Leptocardii,,Branchiostomatidae,Branchiostoma,SPECIES,EXACT,99,ACCEPTED,
plagiogyria matsumureana makino,Plagiogyria matsumureana Makino,ヤマソテツ,kanagawa_redlist,Plagiogyria matsumureana Makino,verbatim,4160727,Plagiogyria matsumureana (Makino) Makino,Plantae,Tracheophyta,Polypodiopsida,Cyatheales,Plagiogyriaceae,Plagiogyria,SPECIES,EXACT,100,ACCEPTED,
frullania iwatsukii s.hatt.,Frullania iwatsukii S.Hatt.,イワツキヤスデゴケ,kanagawa_redlist,Frullania iwatsukii S.Hatt.,verbatim,7571742,Frullania iwatsukii S.Hatt.,Plantae,Marchantiophyta,Jungermanniopsida,Porellales,Frullaniaceae,Frullania,SPECIES,EXACT,100,ACCEPTED,
heribaudiella fluviatilis (aresch.) sved.,Heribaudiella fluviatilis (Aresch.) Sved.,イズミイシノカワ,kanagawa_redlist,Heribaudiella fluviatilis (Aresch.) Sved.,verbatim,3199415,Heribaudiella fluviatilis (Aresch.) Sved.,Chromista,Ochrophyta,Phaeophyceae,Sphacelariales,Phaeostrophiaceae,Heribaudiella,SPECIES,EXACT,100,ACCEPTED,
tulostoma spp.,Tulostoma spp.,ケシボウズタケ属,kanagawa_redlist,Tulostoma spp.,verbatim,,,,,,,,,,NONE,100,,Multiple equal matches for Tulostoma
"nigrobaetis apterus fujitani, 2017","Nigrobaetis apterus Fujitani, 2017",ハネナシトビイロコカゲロウ,kanagawa_redlist,"Nigrobaetis apterus Fujitani, 2017",verbatim,4683398,"Nigrobaetis Novikova & Kluge, 1987",Animalia,Arthropoda,Insecta,Ephemeroptera,Baetidae,Nigrobaetis,GENUS,HIGHERRANK,94,ACCEPTED,
mustela furo,Mustela furo,フェレット,moe_ias_list,Mustela furo,verbatim,5816581,"Mustela furo Linnaeus, 1758",Animalia,Chordata,Mammalia,Carnivora,Mustelidae,Mustela,SPECIES,EXACT,98,SYNONYM,
bufo spp.,Bufo spp.,特定外来生物のヒキガエル属（オオヒキガエルを除く）,moe_ias_list,Bufo spp.,verbatim,7580221,"Bufo Garsault, 1764",Animalia,Chordata,Amphibia,Anura,Bufonidae,Bufo,GENUS,HIGHERRANK,92,ACCEPTED,
neogobius melanostomus,Neogobius melanostomus,ラウンドゴビー,moe_ias_list,Neogobius melanostomus,verbatim,2379089,"Neogobius melanostomus (Pallas, 1814)",Animalia,Chordata,,Perciformes,Gobiidae,Neogobius,SPECIES,EXACT,99,ACCEPTED,
euchirus spp.,Euchirus spp.,クモテナガコガネ属,moe_ias_list,Euchirus spp.,verbatim,54,Arthropoda,Animalia,Arthropoda,,,,,PHYLUM,HIGHERRANK,92,ACCEPTED,
buthidae gen. spp.,Buthidae Gen. spp.,キョクトウサソリ科,moe_ias_list,Buthidae Gen. spp.,verbatim,5848,Buthidae,Animalia,Arthropoda,Arachnida,Scorpiones,Buthidae,,FAMILY,HIGHERRANK,94,ACCEPTED,
carcinus maenus,Carcinus maenus,ヨーロッパミドリガニ,moe_ias_list,Carcinus maenus,verbatim,8439128,"Carcinus maenus Linnaeus, 1767",Animalia,Arthropoda,Malacostraca,Decapoda,Carcinidae,Carcinus,SPECIES,EXACT,99,ACCEPTED,
garrulax canorus,Garrulax canorus,ガビチョウ,moe_ias_list,Garrulax canorus,verbatim,2493479,"Garrulax canorus (Linnaeus, 1758)",Animalia,Chordata,Aves,Passeriformes,Leiothrichidae,Garrulax,SPECIES,EXACT,99,ACCEPTED,
cuora flavomarginata flavomarginata,Cuora flavomarginata flavomarginata,チュウゴクセマルハコガメ,moe_ias_list,Cuora flavomarginata flavomarginata,verbatim,6157096,"Cuora flavomarginata flavomarginata (Gray, 1863)",Animalia,Chordata,Testudines,,Geoemydidae,Cuora,SUBSPECIES,EXACT,98,ACCEPTED,
acer platanoides,Acer platanoides,ノルウェーカエデ（ヨーロッパカエデ）,moe_ias_list,Acer platanoides,verbatim,3189846,Acer platanoides L.,Plantae,Tracheophyta,Magnoliopsida,Sapindales,Sapindaceae,Acer,SPECIES,EXACT,99,ACCEPTED,
nycticorax caledonicus crassirostris,Nycticorax caledonicus crassirostris,ハシブトゴイ,moe_redlist,Nycticorax caledonicus crassirostris,verbatim,6066386,"Nycticorax caledonicus crassirostris Vigors, 1839",Animalia,Chordata,Aves,Pelecaniformes,Ardeidae,Nycticorax,SUBSPECIES,EXACT,98,ACCEPTED,
geoemyda spengleri japonica,Geoemyda spengleri japonica,リュウキュウヤマガメ,moe_redlist,Geoemyda spengleri japonica,verbatim,6157133,"Geoemyda spengleri japonica Fan, 1931",Animalia,Chordata,Testudines,,Geoemydidae,Geoemyda,SUBSPECIES,EXACT,98,SYNONYM,
salamandrella keyserlingii,Salamandrella keyserlingii,キタサンショウウオ,moe_redlist,Salamandrella keyserlingii,verbatim,5218334,"Salamandrella keyserlingii Dybowski, 1870",Animalia,Chordata,Amphibia,Caudata,Hynobiidae,Salamandrella,SPECIES,EXACT,99,ACCEPTED,
tectaria dissecta,Tectaria dissecta,ウスバシダモドキ,moe_redlist,Tectaria dissecta,verbatim,7229062,Tectaria dissecta (G.Forst.) Lellinger,Plantae,Tracheophyta,Polypodiopsida,Polypodiales,Tectariaceae,Tectaria,SPECIES,EXACT,99,ACCEPTED,
folioceros glandulosus,Folioceros glandulosus,ミドリツノゴケ,moe_redlist,Folioceros glandulosus,verbatim,2689586,Folioceros glandulosus (Lehm. & Lindenb.) D.C.Bhardwaj,Plantae,Anthocerotophyta,Anthocerotopsida,Anthocerotales,Anthocerotaceae,Folioceros,SPECIES,EXACT,99,ACCEPTED,
nitella furcata var. fallosa,Nitella furcata var. fallosa,テガヌマフラスコモ,moe_redlist,Nitella furcata var. fallosa,verbatim,2637803,Nitella furcata (Roxb. ex Bruzelius),Plantae,Charophyta,Charophyceae,Charales,Characeae,Nitella,SPECIES,HIGHERRANK,98,SYNONYM,
montanelia sorediata,Montanelia sorediata,コナタカネゴケ,moe_redlist,Montanelia sorediata,verbatim,8522155,"Montanelia sorediata (Ach.) Divakar, A.Crespo, Wedin & Essl.",Fungi,Ascomycota,Lecanoromycetes,Lecanorales,Parmeliaceae,Montanelia,SPECIES,EXACT,99,ACCEPTED,
clitocybe castaneofloccosa,Clitocybe castaneofloccosa,ムニンヒメサカズキタケ,moe_redlist,Clitocybe castaneofloccosa,verbatim,3326325,Clitocybe castaneofloccosa S.Ito & S.Imai,Fungi,Basidiomycota,Agaricomycetes,Agaricales,Tricholomataceae,Clitocybe,SPECIES,EXACT,99,ACCEPTED,
canis lupus hodophilax,Canis lupus hodophilax,ニホンオオカミ,moe_redlist,Canis lupus hodophilax,verbatim,6164213,"Canis lupus hodophilax Temminck, 1839",Animalia,Chordata,Mammalia,Carnivora,Canidae,Canis,SUBSPECIES,EXACT,98,ACCEPTED,
echidna rhodochilus,Echidna rhodochilus,ナミダカワウツボ,moe_redlist,Echidna rhodochilus,verbatim,5213105,"Echidna rhodochilus Bleeker, 1863",Animalia,Chordata,,Anguilliformes,Muraenidae,Echidna,SPECIES,EXACT,99,ACCEPTED,
erythromma humerale,Erythromma humerale,アカメイトトンボ,moe_redlist,Erythromma humerale,verbatim,1423016,"Erythromma humerale Selys, 1887",Animalia,Arthropoda,Insecta,Odonata,Coenagrionidae,Erythromma,SPECIES,EXACT,98,SYNONYM,
hirasea diplomphalus latispira,Hirasea diplomphalus latispira,ヒラクボエンザガイ,moe_redlist,Hirasea diplomphalus latispira,verbatim,10918452,"Hirasea diplomphalus var. latispira Pilsbry, 1902",Animalia,Mollusca,Gastropoda,Stylommatophora,Charopidae,Hirasea,VARIETY,EXACT,98,SYNONYM,
dendrocoelopsis kishidai,Dendrocoelopsis kishidai,キョウトウズムシ,moe_redlist,Dendrocoelopsis kishidai,verbatim,6475315,"Dendrocoelopsis kishidae Kawakatsu, Ogawara & Tarui, 1978",Animalia,Platyhelminthes,,Tricladida,Dendrocoelidae,Dendrocoelopsis,SPECIES,FUZZY,95,ACCEPTED,
epinephelus tukula,Epinephelus tukula,カスリハタ,moe_redlist,Epinephelus tukula,verbatim,2388439,"Epinephelus tukula Morgans, 1959",Animalia,Chordata,,Perciformes,Serranidae,Epinephelus,SPECIES,EXACT,99,ACCEPTED,
leptoseris amitoriensis,Leptoseris amitoriensis,アミトリセンベイサンゴ,moe_redlist,Leptoseris amitoriensis,verbatim,5184815,"Leptoseris amitoriensis Veron, 1990",Animalia,Cnidaria,Anthozoa,Scleractinia,Agariciidae,Leptoseris,SPECIES,EXACT,99,ACCEPTED,
catoptrus iejima,Catoptrus iejima,イエジマガマガザミ,moe_redlist,Catoptrus iejima,verbatim,7734113,"Catoptrus iejima Fujita & Naruse, 2011",Animalia,Arthropoda,Malacostraca,Decapoda,Portunidae,Catoptrus,SPECIES,EXACT,99,ACCEPTED,
coralliumjaponicum,Coralliumjaponicum,アカサンゴ,moe_redlist,Coralliumjaponicum,verbatim,,,,,,,,,,NONE,100,,
haplopteris flexuosa (fee) e.h.crane,Haplopteris flexuosa (Fee) E.H.Crane,シシラン,kanagawa_redlist,Haplopteris flexuosa (Fee) E.H.Crane,verbatim,4047669,Haplopteris flexuosa (Fée) E.H.Crane,Plantae,Tracheophyta,Polypodiopsida,Polypodiales,Pteridaceae,Haplopteris,SPECIES,EXACT,100,ACCEPTED,
drepanolejeunea erecta (steph.) mizut.,Drepanolejeunea erecta (Steph.) Mizut.,ヤマトサンカクゴケ,kanagawa_redlist,Drepanolejeunea erecta (Steph.) Mizut.,verbatim,7400803,Drepanolejeunea erecta (Steph.) Mizut.,Plantae,Marchantiophyta,Jungermanniopsida,Porellales,Lejeuneaceae,Drepanolejeunea,SPECIES,EXACT,100,ACCEPTED,
prasiola japonica yatabe,Prasiola japonica Yatabe,カワノリ,kanagawa_redlist,Prasiola japonica Yatabe,verbatim,2625130,"Prasiola Meneghini, 1838",Plantae,Chlorophyta,Trebouxiophyceae,Prasiolales,Prasiolaceae,Prasiola,GENUS,HIGHERRANK,92,ACCEPTED,
amanita sinensis zhu l. yang,Amanita sinensis Zhu L. Yang,ハイカグラテングタケ,kanagawa_redlist,Amanita sinensis Zhu L. Yang,verbatim,7242039,Amanita sinensis Zhu L.Yang,Fungi,Basidiomycota,Agaricomycetes,Agaricales,Amanitaceae,Amanita,SPECIES,EXACT,100,ACCEPTED,
"heptagenia pectoralis matsumura, 1931","Heptagenia pectoralis Matsumura, 1931",ムナグロキハダヒラタカゲロウ,kanagawa_redlist,"Heptagenia pectoralis Matsumura, 1931",verbatim,6933285,"Heptagenia pectoralis Matsumura, 1931",Animalia,Arthropoda,Insecta,Ephemeroptera,Heptageniidae,Heptagenia,SPECIES,EXACT,100,ACCEPTED,
procyon cancrivorus,Procyon cancrivorus,カニクイアライグマ,moe_ias_list,Procyon cancrivorus,verbatim,9518324,Procyon cancrivorus G,Animalia,Chordata,Mammalia,Carnivora,Procyonidae,Procyon,SPECIES,EXACT,99,ACCEPTED,
kaloula pulchra,Kaloula pulchra,アジアジムグリガエル,moe_ias_list,Kaloula pulchra,verbatim,2421636,"Kaloula pulchra Gray, 1831",Animalia,Chordata,Amphibia,Anura,Microhylidae,Kaloula,SPECIES,EXACT,99,ACCEPTED,
lepisosteidae gen. spp.,Lepisosteidae Gen. spp.,ガー科,moe_ias_list,Lepisosteidae Gen. spp.,verbatim,3716,Lepisosteidae,Animalia,Chordata,,Lepisosteiformes,Lepisosteidae,,FAMILY,HIGHERRANK,94,ACCEPTED,
lucanidae gen spp.,Lucanidae Gen spp.,外国産クワガタムシ,moe_ias_list,Lucanidae Gen spp.,verbatim,3263244,Lucanidae,Animalia,Arthropoda,Insecta,Coleoptera,Lucanidae,,FAMILY,HIGHERRANK,94,ACCEPTED,
latrodectus geometricus,Latrodectus geometricus,ハイイロゴケグモ,moe_ias_list,Latrodectus geometricus,verbatim,2157944,"Latrodectus geometricus C.L.Koch, 1841",Animalia,Arthropoda,Arachnida,Araneae,Theridiidae,Latrodectus,SPECIES,EXACT,99,ACCEPTED,
astacus spp.,Astacus spp.,アスタクス属,moe_ias_list,Astacus spp.,verbatim,2222152,"Astacus Fabricius, 1775",Animalia,Arthropoda,Malacostraca,Decapoda,Astacidae,Astacus,GENUS,HIGHERRANK,92,ACCEPTED,
garrulax perspicillatus,Garrulax perspicillatus,カオグロガビチョウ,moe_ias_list,Garrulax perspicillatus,verbatim,2493455,"Garrulax perspicillatus (Gmelin, 1789)",Animalia,Chordata,Aves,Passeriformes,Leiothrichidae,Garrulax,SPECIES,EXACT,99,ACCEPTED,
mauremys sinensis,Mauremys sinensis,ハナガメ,moe_ias_list,Mauremys sinensis,verbatim,2443244,"Mauremys sinensis (Gray, 1834)",Animalia,Chordata,Testudines,,Geoemydidae,Mauremys,SPECIES,EXACT,99,ACCEPTED,
acer rubrum,Acer rubrum,アメリカハナノキ（ベニカエデ）,moe_ias_list,Acer rubrum,verbatim,3189883,Acer rubrum L.,Plantae,Tracheophyta,Magnoliopsida,Sapindales,Sapindaceae,Acer,SPECIES,EXACT,97,ACCEPTED,
buteo buteo oshiroi,Buteo buteo oshiroi,ダイトウノスリ,moe_redlist,Buteo buteo oshiroi,verbatim,2480537,"Buteo buteo (Linnaeus, 1758)",Animalia,Chordata,Aves,Accipitriformes,Accipitridae,Buteo,SPECIES,HIGHERRANK,99,ACCEPTED,
achalinus formosanus chigirai,Achalinus formosanus chigirai,ヤエヤマタカチホヘビ,moe_redlist,Achalinus formosanus chigirai,verbatim,6162293,"Achalinus formosanus chigirai Ota & Toyama, 1989",Animalia,Chordata,Squamata,,Xenodermidae,Achalinus,SUBSPECIES,EXACT,98,ACCEPTED,
echinotriton andersoni,Echinotriton andersoni,イボイモリ,moe_redlist,Echinotriton andersoni,verbatim,2431817,"Echinotriton andersoni (Boulenger, 1892)",Animalia,Chordata,Amphibia,Caudata,Salamandridae,Echinotriton,SPECIES,EXACT,99,ACCEPTED,
pyrrosia angustissima,Pyrrosia angustissima,ヒトツバノキシノブ,moe_redlist,Pyrrosia angustissima,verbatim,8164185,Pyrrosia angustissima (Giesenh. ex Diels) Tagawa & K.Iwats.,Plantae,Tracheophyta,Polypodiopsida,Polypodiales,Polypodiaceae,Pyrrosia,SPECIES,EXACT,97,ACCEPTED,
cyathodium cavernarum,Cyathodium cavernarum,ヒカリゼニゴケ,moe_redlist,Cyathodium cavernarum,verbatim,12175050,Cyathodium cavernarum Kunze ex Lehm.,Plantae,Marchantiophyta,Marchantiopsida,Marchantiales,Cyathodiaceae,Cyathodium,SPECIES,EXACT,97,ACCEPTED,
aphanothece sacrum,Aphanothece sacrum,スイゼンジノリ,moe_redlist,Aphanothece sacrum,verbatim,10793096,Cyanobacteriales,Bacteria,Cyanobacteria,Cyanobacteriia,Cyanobacteriales,,,ORDER,HIGHERRANK,92,ACCEPTED,
loflammia epiphylla,Loflammia epiphylla,ベニハシゴケ,moe_redlist,Loflammia epiphylla,verbatim,2608665,Loflammia epiphylla (Fée) Lücking & Vĕzda,Fungi,Ascomycota,Lecanoromycetes,Lecanorales,Byssolomataceae,Loflammia,SPECIES,EXACT,99,ACCEPTED,
collybia matris,Collybia matris,ハハノツエタケ,moe_redlist,Collybia matris,verbatim,3325435,Collybia matris S.Ito & S.Imai,Fungi,Basidiomycota,Agaricomycetes,Agaricales,Tricholomataceae,Collybia,SPECIES,EXACT,99,ACCEPTED,
lutra lutra nippon,Lutra lutra nippon,ニホンカワウソ（本州以南亜種）,moe_redlist,Lutra lutra nippon,verbatim,10607835,"Lutra lutra nippon Imaizumi & Yoshiyuki, 1989",Animalia,Chordata,Mammalia,Carnivora,Mustelidae,Lutra,SUBSPECIES,EXACT,98,SYNONYM,
uropterygius concolor,Uropterygius concolor,コゲウツボ,moe_redlist,Uropterygius concolor,verbatim,2404170,"Uropterygius concolor Rüppell, 1838",Animalia,Chordata,,Anguilliformes,Muraenidae,Uropterygius,SPECIES,EXACT,99,ACCEPTED,
indolestes boninensis,Indolestes boninensis,オガサワラアオイトトンボ,moe_redlist,Indolestes boninensis,verbatim,5792009,"Indolestes boninensis (Asahina, 1952)",Animalia,Arthropoda,Insecta,Odonata,Lestidae,Indolestes,SPECIES,EXACT,99,ACCEPTED,
hirasea eutheca,Hirasea eutheca,コシタカエンザガイ,moe_redlist,Hirasea eutheca,verbatim,5783648,"Hirasea eutheca Pilsbry, 1907",Animalia,Mollusca,Gastropoda,Stylommatophora,Charopidae,Hirasea,SPECIES,EXACT,98,ACCEPTED,
dugesia izuensis,Dugesia izuensis,イズウズムシ,moe_redlist,Dugesia izuensis,verbatim,6475498,"Dugesia izuensis Kato, 1943",Animalia,Platyhelminthes,,Tricladida,Dugesiidae,Dugesia,SPECIES,EXACT,99,ACCEPTED,
chromileptes altivelis,Chromileptes altivelis,サラサハタ,moe_redlist,Chromileptes altivelis,verbatim,2387953,"Chromileptes altivelis (Valenciennes, 1828)",Animalia,Chordata,,Perciformes,Serranidae,Cromileptes,SPECIES,EXACT,98,SYNONYM,
trachyphyllia geoffroyi,Trachyphyllia geoffroyi,ヒユサンゴ,moe_redlist,Trachyphyllia geoffroyi,verbatim,2258919,"Trachyphyllia geoffroyi (Audouin, 1826)",Animalia,Cnidaria,Anthozoa,Scleractinia,Merulinidae,Trachyphyllia,SPECIES,EXACT,99,ACCEPTED,
neoeriocheir leptognathus,Neoeriocheir leptognathus,ヒメモクズガニ,moe_redlist,Neoeriocheir leptognathus,verbatim,5863342,"Neoeriocheir leptognathus (Rathbun, 1913)",Animalia,Arthropoda,Malacostraca,Decapoda,Varunidae,Neoeriocheir,SPECIES,EXACT,99,ACCEPTED,
pleurocoralliumelatius,Pleurocoralliumelatius,モモイロサンゴ,moe_redlist,Pleurocoralliumelatius,verbatim,,,,,,,,,,NONE,100,,
asplenium wilfordii mett. ex kuhn,Asplenium wilfordii Mett. ex Kuhn,アオガネシダ,kanagawa_redlist,Asplenium wilfordii Mett. ex Kuhn,verbatim,7310859,Asplenium wilfordii Mett. ex Kuhn,Plantae,Tracheophyta,Polypodiopsida,Polypodiales,Aspleniaceae,Asplenium,SPECIES,EXACT,100,DOUBTFUL,
polytrichum piliferum hedw.,Polytrichum piliferum Hedw.,ハリスギゴケ,kanagawa_redlist,Polytrichum piliferum Hedw.,verbatim,2683058,Polytrichum piliferum Hedw.,Plantae,Bryophyta,Polytrichopsida,Polytrichales,Polytrichaceae,Polytrichum,SPECIES,EXACT,100,ACCEPTED,
chara globularis thuill. var. globularis,Chara globularis Thuill. var. globularis,カタシャジクモ,kanagawa_redlist,Chara globularis Thuill. var. globularis,verbatim,7229772,Chara globularis var. globularis Thuill.,Plantae,Charophyta,Charophyceae,Charales,Characeae,Chara,VARIETY,EXACT,99,ACCEPTED,
octaviania japonimontana orihara,Octaviania japonimontana Orihara,ミヤマホシミノタマタケ,kanagawa_redlist,Octaviania japonimontana Orihara,verbatim,7965174,Octaviania japonimontana Orihara,Fungi,Basidiomycota,Agaricomycetes,Boletales,Boletaceae,Octaviania,SPECIES,EXACT,100,ACCEPTED,
"dipteromimus tipuliformis mclachlan, 1875","Dipteromimus tipuliformis McLachlan, 1875",ガガンボカゲロウ,kanagawa_redlist,"Dipteromimus tipuliformis McLachlan, 1875",verbatim,6932722,"Dipteromimus tipuliformis McLachlan, 1875",Animalia,Arthropoda,Insecta,Ephemeroptera,Dipteromimidae,Dipteromimus,SPECIES,EXACT,100,ACCEPTED,
axis spp.,Axis spp.,アキシスジカ（アクシスジカ）属,moe_ias_list,Axis spp.,verbatim,1,Animalia,Animalia,,,,,,KINGDOM,HIGHERRANK,92,ACCEPTED,
bufo melanostictus,Bufo melanostictus,ヘリグロヒキガエル,moe_ias_list,Bufo melanostictus,verbatim,5216781,"Bufo melanostictus Schneider, 1799",Animalia,Chordata,Amphibia,Anura,Bufonidae,Duttaphrynus,SPECIES,EXACT,98,SYNONYM,
cyprinella lutrensis,Cyprinella lutrensis,レッドホースミノー,moe_ias_list,Cyprinella lutrensis,verbatim,5207666,"Cyprinella lutrensis (Baird & Girard, 1853)",Animalia,Chordata,,Cypriniformes,Cyprinidae,Cyprinella,SPECIES,EXACT,99,ACCEPTED,
dynastinae gen. spp.,Dynastinae Gen. spp.,外国産カブトムシ,moe_ias_list,Dynastinae Gen. spp.,verbatim,,,,,,,,,,NONE,100,,No match because of too little confidence
latrodectus hasseltii,Latrodectus hasseltii,セアカゴケグモ,moe_ias_list,Latrodectus hasseltii,verbatim,2157928,"Latrodectus hasselti Thorell, 1870",Animalia,Arthropoda,Arachnida,Araneae,Theridiidae,Latrodectus,SPECIES,FUZZY,96,ACCEPTED,
procambarus fallax,Procambarus fallax,ミステリークレイフィッシュ,moe_ias_list,Procambarus fallax,verbatim,2227309,"Procambarus fallax (Hagen, 1870)",Animalia,Arthropoda,Malacostraca,Decapoda,Cambaridae,Procambarus,SPECIES,EXACT,99,ACCEPTED,
garrulax sannio,Garrulax sannio,カオジロガビチョウ,moe_ias_list,Garrulax sannio,verbatim,2493450,"Garrulax sannio Swinhoe, 1867",Animalia,Chordata,Aves,Passeriformes,Leiothrichidae,Garrulax,SPECIES,EXACT,99,ACCEPTED,
apalone spp.,Apalone spp.,アメリカスッポン属,moe_ias_list,Apalone spp.,verbatim,2442664,"Apalone Rafinesque, 1832",Animalia,Chordata,Testudines,,Trionychidae,Apalone,GENUS,HIGHERRANK,94,ACCEPTED,
elaeagnus angustifolia,Elaeagnus angustifolia,ホソグミ（ロシアンオリーブ）,moe_ias_list,Elaeagnus angustifolia,verbatim,3039269,Elaeagnus angustifolia L.,Plantae,Tracheophyta,Magnoliopsida,Rosales,Elaeagnaceae,Elaeagnus,SPECIES,EXACT,97,ACCEPTED,
halcyon miyakoensis,Halcyon miyakoensis,ミヤコショウビン,moe_redlist,Halcyon miyakoensis,verbatim,12069018,"Halcyon miyakoensis Nagamichi Kuroda, 1919",Animalia,Chordata,Aves,Coraciiformes,Alcedinidae,Todiramphus,SPECIES,EXACT,98,SYNONYM,
calamaria pfefferi,Calamaria pfefferi,ヒメヘビ,moe_redlist,Calamaria pfefferi,verbatim,5222933,"Calamaria pfefferi Stejneger, 1901",Animalia,Chordata,Squamata,,Colubridae,Calamaria,SPECIES,EXACT,99,ACCEPTED,
babina holsti,Babina holsti,ホルストガエル,moe_redlist,Babina holsti,verbatim,5217819,"Babina holsti (Boulenger, 1892)",Animalia,Chordata,Amphibia,Anura,Ranidae,Babina,SPECIES,EXACT,99,ACCEPTED,
aletris scopulorum,Aletris scopulorum,ヒメソクシンラン,moe_redlist,Aletris scopulorum,verbatim,2756064,Aletris scopulorum Dunn,Plantae,Tracheophyta,Liliopsida,Dioscoreales,Nartheciaceae,Aletris,SPECIES,EXACT,99,ACCEPTED,
fossombronia pusilla,Fossombronia pusilla,ヤツガタケウロコゼニゴケ,moe_redlist,Fossombronia pusilla,verbatim,2688723,Fossombronia pusilla (L.) Nees,Plantae,Marchantiophyta,Jungermanniopsida,Fossombroniales,Fossombroniaceae,Fossombronia,SPECIES,EXACT,97,ACCEPTED,
pseudodichotomosiphon constricta,Pseudodichotomosiphon constricta,クビレミドロ,moe_redlist,Pseudodichotomosiphon constricta,verbatim,3201033,"Pseudodichotomosiphon Yamada, 1934",Chromista,Ochrophyta,Xanthophyceae,Vaucheriales,Vaucheriaceae,Pseudodichotomosiphon,GENUS,HIGHERRANK,92,DOUBTFUL,
ramalina yokotae,Ramalina yokotae,ヨコタカラタチゴケ,moe_redlist,Ramalina yokotae,verbatim,10717671,Ramalina yokotae Kashiw. & K.H.Moon,Fungi,Ascomycota,Lecanoromycetes,Lecanorales,Ramalinaceae,Ramalina,SPECIES,EXACT,99,ACCEPTED,
crepidotus subpurpureus,Crepidotus subpurpureus,ムラサキチャヒラタケ,moe_redlist,Crepidotus subpurpureus,verbatim,5241019,Crepidotus subpurpureus S.Ito. & Imai,Fungi,Basidiomycota,Agaricomycetes,Agaricales,Crepidotaceae,Crepidotus,SPECIES,EXACT,99,ACCEPTED,
lutra lutra whiteleyi,Lutra lutra whiteleyi,ニホンカワウソ（北海道亜種）,moe_redlist,Lutra lutra whiteleyi,verbatim,10076347,"Lutra lutra whiteleyi (Gray, 1867)",Animalia,Chordata,Mammalia,Carnivora,Mustelidae,Lutra,SUBSPECIES,EXACT,98,ACCEPTED,
acheilognathus cyanostigma,Acheilognathus cyanostigma,イチモンジタナゴ,moe_redlist,Acheilognathus cyanostigma,verbatim,2359432,"Acheilognathus cyanostigma Jordan & Fowler, 1903",Animalia,Chordata,,Cypriniformes,Cyprinidae,Acheilognathus,SPECIES,EXACT,99,ACCEPTED,
hemicordulia ogasawarensis,Hemicordulia ogasawarensis,オガサワラトンボ,moe_redlist,Hemicordulia ogasawarensis,verbatim,1429638,"Hemicordulia ogasawarensis Oguma, 1913",Animalia,Arthropoda,Insecta,Odonata,Corduliidae,Hemicordulia,SPECIES,EXACT,99,ACCEPTED,
hirasea goniobasis,Hirasea goniobasis,ソコカドエンザガイ,moe_redlist,Hirasea goniobasis,verbatim,5783653,"Hirasea goniobasis Pilsbry, 1902",Animalia,Mollusca,Gastropoda,Stylommatophora,Charopidae,Hirasea,SPECIES,EXACT,99,ACCEPTED,
ectoplana limuli,Ectoplana limuli,カブトガニウズムシ,moe_redlist,Ectoplana limuli,verbatim,5892086,"Ectoplana limuli (Ijima & Kaburaki, 1916)",Animalia,Platyhelminthes,,Tricladida,Uteriporidae,Ectoplana,SPECIES,EXACT,99,ACCEPTED,
eleutherochir opercularis,Eleutherochir opercularis,オオクチヌメリ,moe_redlist,Eleutherochir opercularis,verbatim,2386749,"Eleutherochir opercularis (Valenciennes, 1837)",Animalia,Chordata,,Perciformes,Callionymidae,Eleutherochir,SPECIES,EXACT,99,ACCEPTED,
catalaphyllia jardinei,Catalaphyllia jardinei,オオナガレハナサンゴ,moe_redlist,Catalaphyllia jardinei,verbatim,2259226,"Catalaphyllia jardinei (Saville-Kent, 1893)",Animalia,Cnidaria,Anthozoa,Scleractinia,Merulinidae,Catalaphyllia,SPECIES,EXACT,99,ACCEPTED,
deiratonotus kaoriae,Deiratonotus kaoriae,クマノエミオスジガニ,moe_redlist,Deiratonotus kaoriae,verbatim,5863424,"Deiratonotus kaoriae Miura, Kawane & Wada, 2007",Animalia,Arthropoda,Malacostraca,Decapoda,Camptandriidae,Deiratonotus,SPECIES,EXACT,99,ACCEPTED,
pleurocoralliumkonojoi,Pleurocoralliumkonojoi,シロサンゴ,moe_redlist,Pleurocoralliumkonojoi,verbatim,,,,,,,,,,NONE,100,,
polystichum shimurae sa.kurata ex seriz.,Polystichum shimurae Sa.Kurata ex Seriz.,シムライノデ,kanagawa_redlist,Polystichum shimurae Sa.Kurata ex Seriz.,verbatim,4044481,Polystichum shimurae Sa.Kurata ex Seriz.,Plantae,Tracheophyta,Polypodiopsida,Polypodiales,Dryopteridaceae,Polystichum,SPECIES,EXACT,100,ACCEPTED,
diphyscium kashimirense (h.rob.) magombo,Diphyscium kashimirense (H.Rob.) Magombo,カシミールクマノゴケ,kanagawa_redlist,Diphyscium kashimirense (H.Rob.) Magombo,verbatim,7458361,Diphyscium kashmirense (H.Rob.) Magombo,Plantae,Bryophyta,Bryopsida,Diphysciales,Diphysciaceae,Diphyscium,SPECIES,FUZZY,100,ACCEPTED,
nitella flexilis (l.) agardh var. flexilis,Nitella flexilis (L.) Agardh var. flexilis,ヒメフラスコモ,kanagawa_redlist,Nitella flexilis (L.) Agardh var. flexilis,verbatim,7229769,Nitella flexilis var. flexilis,Plantae,Charophyta,Charophyceae,Charales,Characeae,Nitella,VARIETY,EXACT,98,SYNONYM,
pseudoboletus astraeicola (imazeki) sutara,Pseudoboletus astraeicola (Imazeki) Sutara,タマノリイグチ,kanagawa_redlist,Pseudoboletus astraeicola (Imazeki) Sutara,verbatim,2524808,Pseudoboletus astraeicola (Imazeki) Šutara,Fungi,Basidiomycota,Agaricomycetes,Boletales,Boletaceae,Pseudoboletus,SPECIES,EXACT,100,ACCEPTED,
"lestes japonicus selys, 1883","Lestes japonicus Selys, 1883",コバネアオイトトンボ,kanagawa_redlist,"Lestes japonicus Selys, 1883",verbatim,5051629,"Lestes japonicus Selys, 1883",Animalia,Arthropoda,Insecta,Odonata,Lestidae,Lestes,SPECIES,EXACT,100,ACCEPTED,
dama spp.,Dama spp.,ダマシカ属,moe_ias_list,Dama spp.,verbatim,8397832,"Dama Frisch, 1775",Animalia,Chordata,Mammalia,Artiodactyla,Cervidae,Dama,GENUS,HIGHERRANK,92,ACCEPTED,
bufo marinus (rhinella marina),Bufo marinus (Rhinella marina),オオヒキガエル,moe_ias_list,Bufo marinus (Rhinella marina),verbatim,10902116,"Bufo marinus marinus (Linnaeus, 1758)",Animalia,Chordata,Amphibia,Anura,Bufonidae,Rhinella,SUBSPECIES,FUZZY,95,SYNONYM,
silurus glanis,Silurus glanis,ヨーロッパナマズ,moe_ias_list,Silurus glanis,verbatim,2337607,"Silurus glanis Linnaeus, 1758",Animalia,Chordata,,Siluriformes,Siluridae,Silurus,SPECIES,EXACT,99,ACCEPTED,
cheirotonus spp.,Cheirotonus spp.,外国産テナガコガネ属,moe_ias_list,Cheirotonus spp.,verbatim,1072091,"Cheirotonus Hope, 1840",Animalia,Arthropoda,Insecta,Coleoptera,Scarabaeidae,Cheirotonus,GENUS,HIGHERRANK,94,ACCEPTED,
latrodectus mactans,Latrodectus mactans,クロゴケグモ,moe_ias_list,Latrodectus mactans,verbatim,2157949,"Latrodectus mactans (Fabricius, 1775)",Animalia,Arthropoda,Arachnida,Araneae,Theridiidae,Latrodectus,SPECIES,EXACT,99,ACCEPTED,
orconectes rusticus,Orconectes rusticus,ラスティークレイフィッシュ,moe_ias_list,Orconectes rusticus,verbatim,2227081,"Orconectes rusticus (Girard, 1852)",Animalia,Arthropoda,Malacostraca,Decapoda,Cambaridae,Faxonius,SPECIES,EXACT,98,SYNONYM,
leiothrix lutea,Leiothrix lutea,ソウシチョウ,moe_ias_list,Leiothrix lutea,verbatim,5231398,"Leiothrix lutea (Scopoli, 1786)",Animalia,Chordata,Aves,Passeriformes,Leiothrichidae,Leiothrix,SPECIES,EXACT,99,ACCEPTED,
anolis sagrei,Anolis sagrei,ブラウンアノール,moe_ias_list,Anolis sagrei,verbatim,4287413,"Anolis sagrei Duméril & Bibron, 1837",Animalia,Chordata,Squamata,,Dactyloidae,Anolis,SPECIES,EXACT,98,ACCEPTED,
tamarix × hybrid,Tamarix × hybrid,タマリクス属雑種（ギョリュウ）,moe_ias_list,Tamarix × hybrid,verbatim,6711299,Tamarix hybr,Plantae,Tracheophyta,Magnoliopsida,Caryophyllales,Tamaricaceae,Tamarix,SPECIES,FUZZY,93,ACCEPTED,
dryocopus javensis richardsi,Dryocopus javensis richardsi,キタタキ,moe_redlist,Dryocopus javensis richardsi,verbatim,5228846,"Dryocopus javensis richardsi Tristram, 1879",Animalia,Chordata,Aves,Piciformes,Picidae,Dryocopus,SUBSPECIES,EXACT,98,ACCEPTED,
chelonia mydas,Chelonia mydas,アオウミガメ,moe_redlist,Chelonia mydas,verbatim,2442225,"Chelonia mydas (Linnaeus, 1758)",Animalia,Chordata,Testudines,,Cheloniidae,Chelonia,SPECIES,EXACT,97,ACCEPTED,
rana ishikawae,Rana ishikawae,イシカワガエル,moe_redlist,Rana ishikawae,verbatim,2427264,"Rana ishikawae (Stejneger, 1901)",Animalia,Chordata,Amphibia,Anura,Ranidae,Odorrana,SPECIES,EXACT,98,SYNONYM,
burmannia coelestris,Burmannia coelestris,ミドリシャクジョウ,moe_redlist,Burmannia coelestris,verbatim,5301026,Burmannia coelestis D.Don,Plantae,Tracheophyta,Liliopsida,Dioscoreales,Burmanniaceae,Burmannia,SPECIES,FUZZY,95,ACCEPTED,
aneura hirsuta,Aneura hirsuta,ケミドリゼニゴケ,moe_redlist,Aneura hirsuta,verbatim,7728216,Aneura hirsuta Furuki,Plantae,Marchantiophyta,Jungermanniopsida,Metzgeriales,Aneuraceae,Aneura,SPECIES,EXACT,99,ACCEPTED,
chara fibrosa subsp. benthamii,Chara fibrosa subsp. benthamii,ケナガシャジクモ,moe_redlist,Chara fibrosa subsp. benthamii,verbatim,5270759,"Chara fibrosa subsp. benthamii (A.Braun) Zaneveld, 1940",Plantae,Charophyta,Charophyceae,Charales,Characeae,Chara,SUBSPECIES,EXACT,98,SYNONYM,
erioderma sorediatum,Erioderma sorediatum,アキハゴケ,moe_redlist,Erioderma sorediatum,verbatim,2601265,Erioderma sorediatum D.J.Galloway & P.M.Jørg.,Fungi,Ascomycota,Lecanoromycetes,Peltigerales,Pannariaceae,Erioderma,SPECIES,EXACT,99,ACCEPTED,
entoloma japonense,Entoloma japonense,ムニンチャモミウラモドキ,moe_redlist,Entoloma japonense,verbatim,9815055,Entoloma japonense Blanco-Dios,Fungi,Basidiomycota,Agaricomycetes,Agaricales,Entolomataceae,Entoloma,SPECIES,EXACT,99,ACCEPTED,
mogera uchidai,Mogera uchidai,センカクモグラ,moe_redlist,Mogera uchidai,verbatim,2436170,"Mogera uchidai (Abe, Shiraishi & Arai, 1991)",Animalia,Chordata,Mammalia,Soricomorpha,Talpidae,Mogera,SPECIES,EXACT,99,ACCEPTED,
acheilognathus longipinnis,Acheilognathus longipinnis,イタセンパラ,moe_redlist,Acheilognathus longipinnis,verbatim,2359437,"Acheilognathus longipinnis Regan, 1905",Animalia,Chordata,,Cypriniformes,Cyprinidae,Acheilognathus,SPECIES,EXACT,99,ACCEPTED,
libellula angelina,Libellula angelina,ベッコウトンボ,moe_redlist,Libellula angelina,verbatim,1427955,"Libellula angelina Selys, 1883",Animalia,Arthropoda,Insecta,Odonata,Libellulidae,Libellula,SPECIES,EXACT,99,ACCEPTED,
hirasea hypolia,Hirasea hypolia,ツヤエンザガイ,moe_redlist,Hirasea hypolia,verbatim,9182250,"Hirasea hypolia Pilsbry, 1907",Animalia,Mollusca,Gastropoda,Stylommatophora,Charopidae,Hirasea,SPECIES,EXACT,98,ACCEPTED,
phagocata papillifera,Phagocata papillifera,カントウイドウズムシ,moe_redlist,Phagocata papillifera,verbatim,6475772,"Phagocata papillifera (Ijima & Kaburaki, 1916)",Animalia,Platyhelminthes,,Tricladida,Planariidae,Phagocata,SPECIES,EXACT,99,ACCEPTED,
eleutherochir mccaddeni,Eleutherochir mccaddeni,クシヒゲヌメリ,moe_redlist,Eleutherochir mccaddeni,verbatim,9136696,"Eleutherochir mccaddeni Fowler, 1941",Animalia,Chordata,,Perciformes,Callionymidae,Eleutherochir,SPECIES,EXACT,99,ACCEPTED,
acropora echinata,Acropora echinata,トゲヅツミドリイシ,moe_redlist,Acropora echinata,verbatim,5184635,"Acropora echinata (Dana, 1846)",Animalia,Cnidaria,Anthozoa,Scleractinia,Acroporidae,Acropora,SPECIES,EXACT,99,ACCEPTED,
paraleptuca boninensis,Paraleptuca boninensis,オガサワラベニシオマネキ,moe_redlist,Paraleptuca boninensis,verbatim,9246523,"Paraleptuca boninensis (Shih, Komai & Liu, 2013)",Animalia,Arthropoda,Malacostraca,Decapoda,Ocypodidae,Paraleptuca,SPECIES,EXACT,99,ACCEPTED,
nectoneanthes uchiwa,Nectoneanthes uchiwa,ウチワゴカイ,moe_redlist,Nectoneanthes uchiwa,verbatim,9414622,"Nectoneanthes uchiwa Sato, 2013",Animalia,Annelida,Polychaeta,Phyllodocida,Nereididae,Nectoneanthes,SPECIES,EXACT,99,ACCEPTED,
lepidomicrosorium buergerianum (miq.) ching & k.h.shing,Lepidomicrosorium buergerianum (Miq.) Ching & K.H.Shing,ヤノネシダ,kanagawa_redlist,Lepidomicrosorium buergerianum (Miq.) Ching & K.H.Shing,verbatim,4026017,Lepidomicrosorium buergerianum (Miq.) Ching & K.H.Shing,Plantae,Tracheophyta,Polypodiopsida,Polypodiales,Polypodiaceae,Lepisorus,SPECIES,EXACT,100,SYNONYM,
diphyscium perminutum takaki,Diphyscium perminutum Takaki,コバノイクビゴケ,kanagawa_redlist,Diphyscium perminutum Takaki,verbatim,2682855,Diphyscium perminutum Takaki,Plantae,Bryophyta,Bryopsida,Diphysciales,Diphysciaceae,Diphyscium,SPECIES,EXACT,100,ACCEPTED,
nitella batrachosperma a.braun,Nitella batrachosperma A.Braun,カワモズクフラスコモ,kanagawa_redlist,Nitella batrachosperma A.Braun,verbatim,8602575,Nitella batrachosperma (Reich) A.Braun,Plantae,Charophyta,Charophyceae,Charales,Characeae,Nitella,SPECIES,EXACT,100,SYNONYM,
inonotus flavidus (berk.) ryv.,Inonotus flavidus (Berk.) Ryv.,ラッコタケ,kanagawa_redlist,Inonotus flavidus (Berk.) Ryv.,verbatim,2521079,Inonotus flavidus (Berk.) Ryvarden,Fungi,Basidiomycota,Agaricomycetes,Hymenochaetales,Hymenochaetaceae,Cylindrosporus,SPECIES,EXACT,100,SYNONYM,
"pseudocopera rubripes (navás, 1934)","Pseudocopera rubripes (Navás, 1934)",オオモノサシトンボ,kanagawa_redlist,"Pseudocopera rubripes (Navás, 1934)",verbatim,12257636,"Pseudocopera rubripes (Navás, 1934)",Animalia,Arthropoda,Insecta,Odonata,Platycnemididae,Pseudocopera,SPECIES,EXACT,100,ACCEPTED,
elaphulrs davidlanus,Elaphulrs davidlanus,シフゾウ,moe_ias_list,Elaphulrs davidlanus,verbatim,,,,,,,,,,NONE,100,,
andrias davidianus,Andrias davidianus,チュウゴクオオサンショウウオ,moe_ias_list,Andrias davidianus,verbatim,2432037,"Andrias davidianus (Blanchard, 1871)",Animalia,Chordata,Amphibia,Caudata,Cryptobranchidae,Andrias,SPECIES,EXACT,99,ACCEPTED,
esox lucius,Esox lucius,ノーザンパイク,moe_ias_list,Esox lucius,verbatim,2346633,"Esox lucius Linnaeus, 1758",Animalia,Chordata,,Esociformes,Esocidae,Esox,SPECIES,EXACT,99,ACCEPTED,
linepithema humile,Linepithema humile,アルゼンチンアリ,moe_ias_list,Linepithema humile,verbatim,1316908,"Linepithema humile (Mayr, 1868)",Animalia,Arthropoda,Insecta,Hymenoptera,Formicidae,Linepithema,SPECIES,EXACT,99,ACCEPTED,
chamberlinius hualienensis,Chamberlinius hualienensis,ヤンバルトサカヤスデ,moe_ias_list,Chamberlinius hualienensis,verbatim,4986594,"Chamberlinius hualienensis Wang, 1956",Animalia,Arthropoda,Diplopoda,Polydesmida,Paradoxosomatidae,Chamberlinius,SPECIES,EXACT,99,ACCEPTED,
cherax spp.,Cherax spp.,ケラクス属,moe_ias_list,Cherax spp.,verbatim,4417557,"Cherax Erichson, 1846",Animalia,Arthropoda,Malacostraca,Decapoda,Parastacidae,Cherax,GENUS,HIGHERRANK,94,ACCEPTED,
colinus virginianus,Colinus virginianus,コリンウズラ,moe_ias_list,Colinus virginianus,verbatim,9791464,"Colinus virginianus (Linnaeus, 1758)",Animalia,Chordata,Aves,Galliformes,Odontophoridae,Colinus,SPECIES,EXACT,99,ACCEPTED,
anolis spp.,Anolis spp.,特定外来生物のアノール属（グリーンアノール、ブラウンアノール除く）,moe_ias_list,Anolis spp.,verbatim,8782549,"Anolis Daudin, 1802",Animalia,Chordata,Squamata,,Dactyloidae,Anolis,GENUS,HIGHERRANK,94,ACCEPTED,
cecropia peltata,Cecropia peltata,ヤツデグワ,moe_ias_list,Cecropia peltata,verbatim,2984476,Cecropia peltata L.,Plantae,Tracheophyta,Magnoliopsida,Rosales,Urticaceae,Cecropia,SPECIES,EXACT,97,ACCEPTED,
falco peregrinus fruitii,Falco peregrinus fruitii,シマハヤブサ,moe_redlist,Falco peregrinus fruitii,verbatim,6065686,"Falco peregrinus fruitii Momiyama, 1927",Animalia,Chordata,Aves,Falconiformes,Falconidae,Falco,SUBSPECIES,EXACT,98,SYNONYM,
calliophis macclellandii iwasakii,Calliophis macclellandii iwasakii,イワサキワモンベニヘビ,moe_redlist,Calliophis macclellandii iwasakii,verbatim,5226841,"Calliophis Gray, 1835",Animalia,Chordata,Squamata,,Elapidae,Calliophis,GENUS,HIGHERRANK,94,ACCEPTED,
rana porosa brevipoda,Rana porosa brevipoda,ダルマガエル,moe_redlist,Rana porosa brevipoda,verbatim,10972313,"Rana porosa brevipoda Ito, 1941",Animalia,Chordata,Amphibia,Anura,Ranidae,Pelophylax,SUBSPECIES,EXACT,98,SYNONYM,
thismia tuberculata,Thismia tuberculata,キリシマタヌキノショクダイ,moe_redlist,Thismia tuberculata,verbatim,2756500,Thismia tuberculata Hatus.,Plantae,Tracheophyta,Liliopsida,Dioscoreales,Burmanniaceae,Thismia,SPECIES,EXACT,99,ACCEPTED,
riccardia pumila,Riccardia pumila,イトスジゴケ,moe_redlist,Riccardia pumila,verbatim,2689534,Riccardia pumila Furuki,Plantae,Marchantiophyta,Jungermanniopsida,Metzgeriales,Aneuraceae,Riccardia,SPECIES,EXACT,99,ACCEPTED,
chara fibrosa subsp. flaccida,Chara fibrosa subsp. flaccida,コイトシャジクモ,moe_redlist,Chara fibrosa subsp. flaccida,verbatim,5270727,Chara fibrosa C.Agardh ex Bruzelius,Plantae,Charophyta,Charophyceae,Charales,Characeae,Chara,SPECIES,HIGHERRANK,97,ACCEPTED,
gibbosporina boninensis,Gibbosporina boninensis,ムニンゴケ,moe_redlist,Gibbosporina boninensis,verbatim,9741521,Gibbosporina boninensis (Kurok.) Elvebakk & P.M.Jørg.,Fungi,Ascomycota,Lecanoromycetes,Peltigerales,Pannariaceae,Gibbosporina,SPECIES,EXACT,99,ACCEPTED,
camarophyllus microbicolor,Camarophyllus microbicolor,フタイロコガサタケ,moe_redlist,Camarophyllus microbicolor,verbatim,2525705,Camarophyllus (Fr.) P.Kumm.,Fungi,Basidiomycota,Agaricomycetes,Agaricales,Hygrophoraceae,Camarophyllus,GENUS,HIGHERRANK,94,ACCEPTED,
pteropus dasymallus daitoensis,Pteropus dasymallus daitoensis,ダイトウオオコウモリ,moe_redlist,Pteropus dasymallus daitoensis,verbatim,8795943,"Pteropus dasymallus daitoensis Kuroda, 1921",Animalia,Chordata,Mammalia,Chiroptera,Pteropodidae,Pteropus,SUBSPECIES,EXACT,98,ACCEPTED,
acheilognathus tabira jordani,Acheilognathus tabira jordani,ミナミアカヒレタビラ,moe_redlist,Acheilognathus tabira jordani,verbatim,6167068,"Acheilognathus tabira jordani Arai, Fujikawa & Nagata, 2007",Animalia,Chordata,,Cypriniformes,Cyprinidae,Acheilognathus,SUBSPECIES,EXACT,98,SYNONYM,
orthetrum poecilops,Orthetrum poecilops,ミヤジマトンボ,moe_redlist,Orthetrum poecilops,verbatim,1428722,"Orthetrum poecilops Ris, 1916",Animalia,Arthropoda,Insecta,Odonata,Libellulidae,Orthetrum,SPECIES,EXACT,99,ACCEPTED,
hirasea major,Hirasea major,オオエンザガイ,moe_redlist,Hirasea major,verbatim,5783649,"Hirasea major Pilsbry, 1902",Animalia,Mollusca,Gastropoda,Stylommatophora,Charopidae,Hirasea,SPECIES,EXACT,99,ACCEPTED,
cirrodrilus tsugarensis,Cirrodrilus tsugarensis,ツガルザリガニミミズ,moe_redlist,Cirrodrilus tsugarensis,verbatim,7875454,"Cirrodrilus tsugarensis Gelder & Ohtaka, 2000",Animalia,Annelida,Clitellata,Branchiobdellida,Branchiobdellidae,Cirrodrilus,SPECIES,EXACT,99,ACCEPTED,
carcharias taurus,Carcharias taurus,シロワニ,moe_redlist,Carcharias taurus,verbatim,2420766,"Carcharias taurus Rafinesque, 1810",Animalia,Chordata,Elasmobranchii,Lamniformes,Odontaspididae,Carcharias,SPECIES,EXACT,99,ACCEPTED,
acropora grandis,Acropora grandis,クロマツミドリイシ,moe_redlist,Acropora grandis,verbatim,5184612,"Acropora grandis (Brook, 1892)",Animalia,Cnidaria,Anthozoa,Scleractinia,Acroporidae,Acropora,SPECIES,EXACT,99,ACCEPTED,
parabrachiella brevicapita,Parabrachiella brevicapita,フタコブナガクビムシ,moe_redlist,Parabrachiella brevicapita,verbatim,6466970,"Parabrachiella brevicapita (Ho & Do, 1984)",Animalia,Arthropoda,Copepoda,Siphonostomatoida,Lernaeopodidae,Parabrachiella,SPECIES,EXACT,99,ACCEPTED,
tylorrhynchus osawai,Tylorrhynchus osawai,イトメ,moe_redlist,Tylorrhynchus osawai,verbatim,11192971,"Tylorrhynchus osawai (Izuka, 1903)",Animalia,Annelida,Polychaeta,Phyllodocida,Nereididae,Tylorrhynchus,SPECIES,EXACT,99,ACCEPTED,
thuja standishii (gordon) carriere,Thuja standishii (Gordon) Carriere,クロベ,kanagawa_redlist,Thuja standishii (Gordon) Carriere,verbatim,2684174,Thuja standishii (Gordon) Carrière,Plantae,Tracheophyta,Pinopsida,Pinales,Cupressaceae,Thuja,SPECIES,EXACT,100,ACCEPTED,
coscinodon humilis mild.,Coscinodon humilis Mild.,ツクシツバナゴケ,kanagawa_redlist,Coscinodon humilis Mild.,verbatim,2674257,Coscinodon humilis Milde,Plantae,Bryophyta,Bryopsida,Grimmiales,Grimmiaceae,Coscinodon,SPECIES,EXACT,100,ACCEPTED,
nitella pseudoflabellata a.braun f. macrophylla kasaki,Nitella pseudoflabellata A.Braun f. macrophylla Kasaki,オオバホンフサフラスコモ,kanagawa_redlist,Nitella pseudoflabellata A.Braun f. macrophylla Kasaki,verbatim,2637819,Nitella pseudoflabellata A.Braun,Plantae,Charophyta,Charophyceae,Charales,Characeae,Nitella,SPECIES,HIGHERRANK,99,ACCEPTED,
inonotus patouillardii (rick) imazeki,Inonotus patouillardii (Rick) Imazeki,ナンバンオオカワウソタケ,kanagawa_redlist,Inonotus patouillardii (Rick) Imazeki,verbatim,2521178,Inonotus patouillardii (Rick) Imazeki,Fungi,Basidiomycota,Agaricomycetes,Hymenochaetales,Hymenochaetaceae,Inonotus,SPECIES,EXACT,100,ACCEPTED,
"paracercion plagiosum (needham, 1930)","Paracercion plagiosum (Needham, 1930)",オオセスジイトトンボ,kanagawa_redlist,"Paracercion plagiosum (Needham, 1930)",verbatim,1423562,"Paracercion plagiosum (Needham, 1929)",Animalia,Arthropoda,Insecta,Odonata,Coenagrionidae,Paracercion,SPECIES,EXACT,100,ACCEPTED,
pteromys volans,Pteromys volans,タイリクモモンガ,moe_ias_list,Pteromys volans,verbatim,2437258,"Pteromys volans (Linnaeus, 1758)",Animalia,Chordata,Mammalia,Rodentia,Sciuridae,Pteromys,SPECIES,EXACT,99,ACCEPTED,
rana catesbeiana（lithobates catesbeianus),Rana catesbeiana（Lithobates catesbeianus),ウシガエル,moe_ias_list,Rana catesbeiana（Lithobates catesbeianus),verbatim,2427092,"Rana catesbeiana Shaw, 1802",Animalia,Chordata,Amphibia,Anura,Ranidae,Lithobates,SPECIES,HIGHERRANK,98,SYNONYM,
esox masquinongy,Esox masquinongy,マスキーパイク,moe_ias_list,Esox masquinongy,verbatim,2346634,"Esox masquinongy Mitchill, 1824",Animalia,Chordata,,Esociformes,Esocidae,Esox,SPECIES,EXACT,99,ACCEPTED,
solenopsis geminata,Solenopsis geminata,アカカミアリ,moe_ias_list,Solenopsis geminata,verbatim,5035187,"Solenopsis geminata (Fabricius, 1804)",Animalia,Arthropoda,Insecta,Hymenoptera,Formicidae,Solenopsis,SPECIES,EXACT,99,ACCEPTED,
eriocheir spp.,Eriocheir spp.,外国産モクズガニ属,moe_ias_list,Eriocheir spp.,verbatim,2225775,"Eriocheir De Haan, 1835",Animalia,Arthropoda,Malacostraca,Decapoda,Varunidae,Eriocheir,GENUS,HIGHERRANK,94,ACCEPTED,
phasianus colchicus karpowi,Phasianus colchicus karpowi,コウライキジ（大陸産亜種）,moe_ias_list,Phasianus colchicus karpowi,verbatim,5227788,"Phasianus colchicus karpowi Buturlin, 1904",Animalia,Chordata,Aves,Galliformes,Phasianidae,Phasianus,SUBSPECIES,EXACT,98,ACCEPTED,
eublepharis macularius,Eublepharis macularius,ヒョウモントカゲモドキ,moe_ias_list,Eublepharis macularius,verbatim,5221283,"Eublepharis macularius (Blyth, 1854)",Animalia,Chordata,Squamata,,Eublepharidae,Eublepharis,SPECIES,EXACT,99,ACCEPTED,
cecropia schreberiana,Cecropia schreberiana,ケクロピア・シュレベリアナ,moe_ias_list,Cecropia schreberiana,verbatim,2984475,Cecropia schreberiana Miq.,Plantae,Tracheophyta,Magnoliopsida,Rosales,Urticaceae,Cecropia,SPECIES,EXACT,99,ACCEPTED,
parus varius orii,Parus varius orii,ダイトウヤマガラ,moe_redlist,Parus varius orii,verbatim,5788757,Parus varius,Animalia,Chordata,Aves,Passeriformes,Paridae,Parus,SPECIES,HIGHERRANK,99,ACCEPTED,
eumeces kishinouyei,Eumeces kishinouyei,キシノウエトカゲ,moe_redlist,Eumeces kishinouyei,verbatim,5789623,"Eumeces kishinouyei Stejneger, 1901",Animalia,Chordata,Squamata,,Scincidae,Plestiodon,SPECIES,EXACT,98,SYNONYM,
rana namiyei,Rana namiyei,ナミエガエル,moe_redlist,Rana namiyei,verbatim,11019422,"Rana namiyei Stejneger, 1901",Animalia,Chordata,Amphibia,Anura,Dicroglossidae,Limnonectes,SPECIES,EXACT,98,SYNONYM,
acanthephippium striatum,Acanthephippium striatum,タイワンアオイラン,moe_redlist,Acanthephippium striatum,verbatim,2816135,Acanthephippium striatum Lindl.,Plantae,Tracheophyta,Liliopsida,Asparagales,Orchidaceae,Acanthephippium,SPECIES,EXACT,99,ACCEPTED,
anastrophyllum ellipticum,Anastrophyllum ellipticum,オノイチョウゴケ,moe_redlist,Anastrophyllum ellipticum,verbatim,8259708,Anastrophyllum ellipticum Inoue,Plantae,Marchantiophyta,Jungermanniopsida,Jungermanniales,Anastrophyllaceae,Anastrophyllum,SPECIES,EXACT,99,ACCEPTED,
chara sejuncta,Chara sejuncta,アメリカシャジクモ,moe_redlist,Chara sejuncta,verbatim,5710324,"Chara sejuncta A.Braun, 1845",Plantae,Charophyta,Charophyceae,Charales,Characeae,Chara,SPECIES,EXACT,99,ACCEPTED,
dermatocarpon tuzibei,Dermatocarpon tuzibei,ミヤマウロコゴケ,moe_redlist,Dermatocarpon tuzibei,verbatim,5493065,Dermatocarpon tuzibei Sato,Fungi,Ascomycota,Eurotiomycetes,Verrucariales,Verrucariaceae,Dermatocarpon,SPECIES,EXACT,99,ACCEPTED,
hygrocybe macrospora,Hygrocybe macrospora,オオミノアカヤマタケ,moe_redlist,Hygrocybe macrospora,verbatim,3345506,Hygrocybe macrospora (S.Ito & S.Imai) S.Ito,Fungi,Basidiomycota,Agaricomycetes,Agaricales,Hygrophoraceae,Hygrocybe,SPECIES,EXACT,99,ACCEPTED,
pteropus dasymallus dasymallus,Pteropus dasymallus dasymallus,エラブオオコウモリ,moe_redlist,Pteropus dasymallus dasymallus,verbatim,7261773,"Pteropus dasymallus dasymallus Temminck, 1825",Animalia,Chordata,Mammalia,Chiroptera,Pteropodidae,Pteropus,SUBSPECIES,EXACT,98,ACCEPTED,
acheilognathus tabira nakamurae,Acheilognathus tabira nakamurae,セボシタビラ,moe_redlist,Acheilognathus tabira nakamurae,verbatim,6167066,"Acheilognathus tabira nakamurae Arai, Fujikawa & Nagata, 2007",Animalia,Chordata,,Cypriniformes,Cyprinidae,Acheilognathus,SUBSPECIES,EXACT,98,SYNONYM,
celes akitanus,Celes akitanus,アカハネバッタ,moe_redlist,Celes akitanus,verbatim,1698828,"Celes akitanus (Shiraki, 1910)",Animalia,Arthropoda,Insecta,Orthoptera,Acrididae,Celes,SPECIES,EXACT,98,SYNONYM,
hirasea nesiotica liobasis,Hirasea nesiotica liobasis,ハタイエンザガイ,moe_redlist,Hirasea nesiotica liobasis,verbatim,11902755,"Hirasea nesiotica liobasis Pilsbry, 1931",Animalia,Mollusca,Gastropoda,Stylommatophora,Charopidae,Hirasea,SUBSPECIES,EXACT,98,ACCEPTED,
tachypleus tridentatus,Tachypleus tridentatus,カブトガニ,moe_redlist,Tachypleus tridentatus,verbatim,1010608,"Tachypleus tridentatus (Leach, 1819)",Animalia,Arthropoda,Merostomata,Xiphosurida,Limulidae,Tachypleus,SPECIES,EXACT,99,ACCEPTED,
epinephelusmiliaris,Epinephelusmiliaris,ホウセキハタモドキ,moe_redlist,Epinephelusmiliaris,verbatim,,,,,,,,,,NONE,100,,
alveopora japonica,Alveopora japonica,ニホンアワサンゴ,moe_redlist,Alveopora japonica,verbatim,2260435,"Alveopora japonica Eguchi, 1965",Animalia,Cnidaria,Anthozoa,Scleractinia,Acroporidae,Alveopora,SPECIES,EXACT,99,ACCEPTED,
phyllodurus sp.,Phyllodurus sp.,アナジャコノハラヤドリ,moe_redlist,Phyllodurus sp.,verbatim,2201086,"Phyllodurus Stimpson, 1857",Animalia,Arthropoda,Malacostraca,Isopoda,Bopyridae,Phyllodurus,GENUS,HIGHERRANK,94,ACCEPTED,
halla okudai,Halla okudai,アカムシ,moe_redlist,Halla okudai,verbatim,5197954,"Halla okudai Imajima, 1967",Animalia,Annelida,Polychaeta,Eunicida,Oenonidae,Halla,SPECIES,EXACT,99,ACCEPTED,
brasenia schreberi j.f.gmel.,Brasenia schreberi J.F.Gmel.,ジュンサイ,kanagawa_redlist,Brasenia schreberi J.F.Gmel.,verbatim,2882446,Brasenia schreberi J.F.Gmel.,Plantae,Tracheophyta,Magnoliopsida,Nymphaeales,Cabombaceae,Brasenia,SPECIES,EXACT,100,ACCEPTED,
saelania glaucescens (hedw.) broth.,Saelania glaucescens (Hedw.) Broth.,アオゴケ,kanagawa_redlist,Saelania glaucescens (Hedw.) Broth.,verbatim,2675835,Saelania glaucescens (Hedw.) Broth.,Plantae,Bryophyta,Bryopsida,Grimmiales,Saelaniaceae,Saelania,SPECIES,EXACT,100,ACCEPTED,
nitella gracilens morioka,Nitella gracilens Morioka,キヌフラスコモ,kanagawa_redlist,Nitella gracilens Morioka,verbatim,2637908,"Nitella gracilens H.Morioka, 1941",Plantae,Charophyta,Charophyceae,Charales,Characeae,Nitella,SPECIES,EXACT,100,ACCEPTED,
inonotus ludovicianus (pat.) murrill,Inonotus ludovicianus (Pat.) Murrill,オニカワウソタケ,kanagawa_redlist,Inonotus ludovicianus (Pat.) Murrill,verbatim,8343605,Inonotus ludovicianus (Pat.) Murrill,Fungi,Basidiomycota,Agaricomycetes,Hymenochaetales,Hymenochaetaceae,Inocutis,SPECIES,EXACT,100,SYNONYM,
"mortonagrion hirosei asahina, 1972","Mortonagrion hirosei Asahina, 1972",ヒヌマイトトンボ,kanagawa_redlist,"Mortonagrion hirosei Asahina, 1972",verbatim,1423532,"Mortonagrion hirosei Asahina, 1972",Animalia,Arthropoda,Insecta,Odonata,Coenagrionidae,Mortonagrion,SPECIES,EXACT,100,ACCEPTED,
sciurus carolinensis,Sciurus carolinensis,トウブハイイロリス,moe_ias_list,Sciurus carolinensis,verbatim,5219681,"Sciurus carolinensis Gmelin, 1788",Animalia,Chordata,Mammalia,Rodentia,Sciuridae,Sciurus,SPECIES,EXACT,99,ACCEPTED,
polypedates leucomystax,Polypedates leucomystax,シロアゴガエル,moe_ias_list,Polypedates leucomystax,verbatim,2423785,"Polypedates leucomystax (Gravenhorst, 1829)",Animalia,Chordata,Amphibia,Anura,Rhacophoridae,Polypedates,SPECIES,EXACT,99,ACCEPTED,
esocidae spp.,Esocidae spp.,パイク科,moe_ias_list,Esocidae spp.,verbatim,7662,Esocidae,Animalia,Chordata,,Esociformes,Esocidae,,FAMILY,HIGHERRANK,94,ACCEPTED,
vespa velutina,Vespa velutina,ツマアカスズメバチ,moe_ias_list,Vespa velutina,verbatim,1311477,"Vespa velutina Lepeletier, 1836",Animalia,Arthropoda,Insecta,Hymenoptera,Vespidae,Vespa,SPECIES,EXACT,99,ACCEPTED,
limnoperna spp.,Limnoperna spp.,カワヒバリガイ属,moe_ias_list,Limnoperna spp.,verbatim,4593317,"Limnoperna Rochebrune, 1882",Animalia,Mollusca,Bivalvia,Mytilida,Mytilidae,Limnoperna,GENUS,HIGHERRANK,94,ACCEPTED,
cygnus olor,Cygnus olor,コブハクチョウ,moe_ias_list,Cygnus olor,verbatim,2498343,"Cygnus olor (J.F.Gmelin, 1789)",Animalia,Chordata,Aves,Anseriformes,Anatidae,Cygnus,SPECIES,EXACT,99,ACCEPTED,
boiga irregularis,Boiga irregularis,ミナミオオガシラ,moe_ias_list,Boiga irregularis,verbatim,2457884,"Boiga irregularis (Bechstein, 1802)",Animalia,Chordata,Squamata,,Colubridae,Boiga,SPECIES,EXACT,98,ACCEPTED,
pittosporum undulatum,Pittosporum undulatum,シマトベラ（トウソヨゴ）,moe_ias_list,Pittosporum undulatum,verbatim,2986239,Pittosporum undulatum Vent.,Plantae,Tracheophyta,Magnoliopsida,Apiales,Pittosporaceae,Pittosporum,SPECIES,EXACT,97,ACCEPTED,
apalopteron familiare familiare,Apalopteron familiare familiare,ムコジマメグロ,moe_redlist,Apalopteron familiare familiare,verbatim,7341690,"Apalopteron familiare familiare (Kittlitz, 1830)",Animalia,Chordata,Aves,Passeriformes,Zosteropidae,Apalopteron,SUBSPECIES,EXACT,98,ACCEPTED,
pareas iwasakii,Pareas iwasakii,イワサキセダカヘビ,moe_redlist,Pareas iwasakii,verbatim,2453024,"Pareas iwasakii (Maki, 1937)",Animalia,Chordata,Squamata,,Pareidae,Pareas,SPECIES,EXACT,99,ACCEPTED,
hynobius boulengeri,Hynobius boulengeri,本州・九州地域のオオダイガハラサンショウウオ個体群,moe_redlist,Hynobius boulengeri,verbatim,2431152,"Hynobius boulengeri (Thompson, 1912)",Animalia,Chordata,Amphibia,Caudata,Hynobiidae,Hynobius,SPECIES,EXACT,99,ACCEPTED,
arachnis labrosa,Arachnis labrosa,ジンヤクラン,moe_redlist,Arachnis labrosa,verbatim,5313051,Arachnis labrosa (Lindl. & Paxton) Rchb.f.,Plantae,Tracheophyta,Liliopsida,Asparagales,Orchidaceae,Arachnis,SPECIES,EXACT,99,ACCEPTED,
crossocalyx hellerianus,Crossocalyx hellerianus,コダマイチョウゴケ,moe_redlist,Crossocalyx hellerianus,verbatim,2689424,Crossocalyx hellerianus (Nees ex Lindenb.) Meyl.,Plantae,Marchantiophyta,Jungermanniopsida,Jungermanniales,Anastrophyllaceae,Crossocalyx,SPECIES,EXACT,99,ACCEPTED,
chara zeylanica,Chara zeylanica,ハダシシャジクモ,moe_redlist,Chara zeylanica,verbatim,5270840,Chara zeylanica Willd.,Plantae,Charophyta,Charophyceae,Charales,Characeae,Chara,SPECIES,EXACT,99,ACCEPTED,
dermatocarpon vellereum,Dermatocarpon vellereum,クロウラカワイワタケ,moe_redlist,Dermatocarpon vellereum,verbatim,7252584,Dermatocarpon vellereum Zschacke,Fungi,Ascomycota,Eurotiomycetes,Verrucariales,Verrucariaceae,Dermatocarpon,SPECIES,EXACT,99,ACCEPTED,
hygrocybe miniatostriata,Hygrocybe miniatostriata,ムニンキヤマタケ,moe_redlist,Hygrocybe miniatostriata,verbatim,3345498,Hygrocybe miniatostriata (S.Ito & S.Imai) S.Ito,Fungi,Basidiomycota,Agaricomycetes,Agaricales,Hygrophoraceae,Hygrocybe,SPECIES,EXACT,99,ACCEPTED,
myotis formosus,Myotis formosus,クロアカコウモリ,moe_redlist,Myotis formosus,verbatim,2432443,"Myotis formosus (Hodgson, 1835)",Animalia,Chordata,Mammalia,Chiroptera,Vespertilionidae,Myotis,SPECIES,EXACT,99,ACCEPTED,
acheilognathus typus,Acheilognathus typus,ゼニタナゴ,moe_redlist,Acheilognathus typus,verbatim,2359448,"Acheilognathus typus (Bleeker, 1863)",Animalia,Chordata,,Cypriniformes,Cyprinidae,Acheilognathus,SPECIES,EXACT,99,ACCEPTED,
ogasawaracris gloriosus,Ogasawaracris gloriosus,マボロシオオバッタ,moe_redlist,Ogasawaracris gloriosus,verbatim,1702201,"Ogasawaracris gloriosus Ito, 2003",Animalia,Arthropoda,Insecta,Orthoptera,Acrididae,Ogasawaracris,SPECIES,EXACT,99,ACCEPTED,
hirasea planulata biconcava,Hirasea planulata biconcava,ナカクボエンザガイ,moe_redlist,Hirasea planulata biconcava,verbatim,5783644,"Hirasea planulata Pilsbry & Y.Hirase, 1903",Animalia,Mollusca,Gastropoda,Stylommatophora,Charopidae,Hirasea,SPECIES,HIGHERRANK,99,ACCEPTED,
cordiseta nakayamai,Cordiseta nakayamai,ナカヤマタマツツガムシ,moe_redlist,Cordiseta nakayamai,verbatim,4664955,"Cordiseta Hoffmann, 1954",Animalia,Arthropoda,Arachnida,Trombidiformes,Trombiculidae,Cordiseta,GENUS,HIGHERRANK,94,ACCEPTED,
nibea albiflora,Nibea albiflora,コイチ,moe_redlist,Nibea albiflora,verbatim,2399776,"Nibea albiflora (Richardson, 1846)",Animalia,Chordata,,Perciformes,Sciaenidae,Nibea,SPECIES,EXACT,99,ACCEPTED,
stylaraea punctata,Stylaraea punctata,ヒメサンゴ,moe_redlist,Stylaraea punctata,verbatim,5184803,"Stylaraea punctata (Linnaeus, 1758)",Animalia,Cnidaria,Anthozoa,Scleractinia,Poritidae,Stylaraea,SPECIES,EXACT,99,ACCEPTED,
progebiophilus villosus,Progebiophilus villosus,和名なし,moe_redlist,Progebiophilus villosus,verbatim,2201371,"Progebiophilus villosus (Shiino, 1964)",Animalia,Arthropoda,Malacostraca,Isopoda,Bopyridae,Progebiophilus,SPECIES,EXACT,99,ACCEPTED,
chaetopterus kagosimensis,Chaetopterus kagosimensis,和名なし,moe_redlist,Chaetopterus kagosimensis,verbatim,5197925,"Chaetopterus kagosimensis Izuka, 1911",Animalia,Annelida,Polychaeta,,Chaetopteridae,Chaetopterus,SPECIES,EXACT,98,SYNONYM,
nuphar subintegerrima (casp.) makino,Nuphar subintegerrima (Casp.) Makino,ヒメコウホネ,kanagawa_redlist,Nuphar subintegerrima (Casp.) Makino,verbatim,3697787,Nuphar subintegerrima (Casp.) Makino,Plantae,Tracheophyta,Magnoliopsida,Nymphaeales,Nymphaeaceae,Nuphar,SPECIES,EXACT,100,ACCEPTED,
schistostega pennata (hedw.) f.weber & mohr,Schistostega pennata (Hedw.) F.Weber & Mohr,ヒカリゴケ,kanagawa_redlist,Schistostega pennata (Hedw.) F.Weber & Mohr,verbatim,2679339,Schistostega pennata (Hedw.) F.Weber & D.Mohr,Plantae,Bryophyta,Bryopsida,Dicranales,Schistostegaceae,Schistostega,SPECIES,EXACT,100,ACCEPTED,
nitella hyalina (dc.) c.agardh,Nitella hyalina (DC.) C.Agardh,オトメフラスコモ,kanagawa_redlist,Nitella hyalina (DC.) C.Agardh,verbatim,2637951,Nitella hyalina (DC.) C.A.Agardh,Plantae,Charophyta,Charophyceae,Charales,Characeae,Nitella,SPECIES,EXACT,100,ACCEPTED,
pyrrhoderma sendaiense (yasuda) imazeki,Pyrrhoderma sendaiense (Yasuda) Imazeki,ツヤナシマンネンタケ,kanagawa_redlist,Pyrrhoderma sendaiense (Yasuda) Imazeki,verbatim,2521360,Pyrrhoderma sendaiense (Yasuda) Imazeki,Fungi,Basidiomycota,Agaricomycetes,Hymenochaetales,Hymenochaetaceae,Pyrrhoderma,SPECIES,EXACT,100,ACCEPTED,
"epitheca marginata (selys, 1883)","Epitheca marginata (Selys, 1883)",トラフトンボ,kanagawa_redlist,"Epitheca marginata (Selys, 1883)",verbatim,1430082,"Epitheca marginata (Selys, 1883)",Animalia,Arthropoda,Insecta,Odonata,Corduliidae,Epitheca,SPECIES,EXACT,100,ACCEPTED,
callosciurus finlaysonii,Callosciurus finlaysonii,フィンレイソンリス,moe_ias_list,Callosciurus finlaysonii,verbatim,2437399,"Callosciurus finlaysonii (Horsfield, 1823)",Animalia,Chordata,Mammalia,Rodentia,Sciuridae,Callosciurus,SPECIES,EXACT,99,ACCEPTED,
xenopus laevis,Xenopus laevis,アフリカツメガエル,moe_ias_list,Xenopus laevis,verbatim,5217334,"Xenopus laevis (Daudin, 1802)",Animalia,Chordata,Amphibia,Anura,Pipidae,Xenopus,SPECIES,EXACT,99,ACCEPTED,
gambusia holbrooki,Gambusia holbrooki,ガンブシア・ホルブローキ,moe_ias_list,Gambusia holbrooki,verbatim,2350570,"Gambusia holbrooki Girard, 1859",Animalia,Chordata,,Cyprinodontiformes,Poeciliidae,Gambusia,SPECIES,EXACT,99,ACCEPTED,
sericinus montela,Sericinus montela,ホソオチョウ（ホソオアゲハ）,moe_ias_list,Sericinus montela,verbatim,1937490,"Sericinus montela Gray, 1852",Animalia,Arthropoda,Insecta,Lepidoptera,Papilionidae,Sericinus,SPECIES,EXACT,99,ACCEPTED,
pacifastacus leniusculus,Pacifastacus leniusculus,ウチダザリガニ（タンカイザリガニを含む）,moe_ias_list,Pacifastacus leniusculus,verbatim,2226990,"Pacifastacus leniusculus (Dana, 1852)",Animalia,Arthropoda,Malacostraca,Decapoda,Astacidae,Pacifastacus,SPECIES,EXACT,99,ACCEPTED,
himantopus mexicanus,Himantopus mexicanus,クロエリセイタカシギ,moe_ias_list,Himantopus mexicanus,verbatim,5229128,"Himantopus mexicanus (P.L.S.Müller, 1776)",Animalia,Chordata,Aves,Charadriiformes,Recurvirostridae,Himantopus,SPECIES,EXACT,99,ACCEPTED,
boiga spp.,Boiga spp.,特定外来生物のオオガシラ属（ミナミオオガシラを除く）,moe_ias_list,Boiga spp.,verbatim,2457835,"Boiga Fitzinger, 1826",Animalia,Chordata,Squamata,,Colubridae,Boiga,GENUS,HIGHERRANK,94,ACCEPTED,
eugenia uniflora,Eugenia uniflora,タチバナアデク（ピタンガ）,moe_ias_list,Eugenia uniflora,verbatim,5416458,Eugenia uniflora L.,Plantae,Tracheophyta,Magnoliopsida,Myrtales,Myrtaceae,Eugenia,SPECIES,EXACT,97,ACCEPTED,
troglodytes troglodytes orii,Troglodytes troglodytes orii,ダイトウミソサザイ,moe_redlist,Troglodytes troglodytes orii,verbatim,5231438,"Troglodytes troglodytes (Linnaeus, 1758)",Animalia,Chordata,Aves,Passeriformes,Troglodytidae,Troglodytes,SPECIES,HIGHERRANK,99,ACCEPTED,
achalinus werneri van,Achalinus werneri van,アマミタカチホヘビ,moe_redlist,Achalinus werneri van,verbatim,2458206,"Achalinus werneri Van Denburgh, 1912",Animalia,Chordata,Squamata,,Xenodermidae,Achalinus,SPECIES,EXACT,84,ACCEPTED,
hynobius dunni,Hynobius dunni,オオイタサンショウウオ,moe_redlist,Hynobius dunni,verbatim,2431162,"Hynobius dunni Tago, 1931",Animalia,Chordata,Amphibia,Caudata,Hynobiidae,Hynobius,SPECIES,EXACT,99,ACCEPTED,
neottia kiusiana,Neottia kiusiana,ツクシサカネラン,moe_redlist,Neottia kiusiana,verbatim,2816373,Neottia kiusiana T.Hashim. & S.Hatus.,Plantae,Tracheophyta,Liliopsida,Asparagales,Orchidaceae,Neottia,SPECIES,EXACT,99,ACCEPTED,
odontoschisma francisci,Odontoschisma francisci,ヒメウキヤバネゴケ,moe_redlist,Odontoschisma francisci,verbatim,9287142,Odontoschisma francisci (Hook.) L.Söderstr. & Váňa,Plantae,Marchantiophyta,Jungermanniopsida,Jungermanniales,Cephaloziaceae,Odontoschisma,SPECIES,EXACT,99,ACCEPTED,
nitella acuminata var. capitulifera,Nitella acuminata var. capitulifera,チャボフラスコモ,moe_redlist,Nitella acuminata var. capitulifera,verbatim,6136131,"Nitella acuminata subsp. capitulifera (T.F.Allen) K.Imahori, 1951",Plantae,Charophyta,Charophyceae,Charales,Characeae,Nitella,SUBSPECIES,EXACT,95,ACCEPTED,
cladonia koyaënsis,Cladonia koyaënsis,コウヤハナゴケ,moe_redlist,Cladonia koyaënsis,verbatim,3390393,Cladonia koyaensis Asah.,Fungi,Ascomycota,Lecanoromycetes,Lecanorales,Cladoniaceae,Cladonia,SPECIES,EXACT,99,ACCEPTED,
gymnopilus noviholocirrhus,Gymnopilus noviholocirrhus,オガサワラツムタケ,moe_redlist,Gymnopilus noviholocirrhus,verbatim,3343037,Gymnopilus noviholocirrhus S.Ito & S.Imai,Fungi,Basidiomycota,Agaricomycetes,Agaricales,Hymenogastraceae,Gymnopilus,SPECIES,EXACT,99,ACCEPTED,
myotis yanbarensis,Myotis yanbarensis,ヤンバルホオヒゲコウモリ,moe_redlist,Myotis yanbarensis,verbatim,4266420,"Myotis yanbarensis Maeda & Matsumura, 1998",Animalia,Chordata,Mammalia,Chiroptera,Vespertilionidae,Myotis,SPECIES,EXACT,99,ACCEPTED,
aphyocypris chinensis,Aphyocypris chinensis,ヒナモロコ,moe_redlist,Aphyocypris chinensis,verbatim,2366562,"Aphyocypris chinensis Günther, 1868",Animalia,Chordata,,Cypriniformes,Cyprinidae,Aphyocypris,SPECIES,EXACT,99,ACCEPTED,
oxya ogasawarensis,Oxya ogasawarensis,オガサワライナゴ,moe_redlist,Oxya ogasawarensis,verbatim,1700988,"Oxya ogasawaraensis Ichikawa, 2001",Animalia,Arthropoda,Insecta,Orthoptera,Acrididae,Oxya,SPECIES,FUZZY,95,ACCEPTED,
hirasea planulata planulata,Hirasea planulata planulata,ヒラマキエンザガイ,moe_redlist,Hirasea planulata planulata,verbatim,5783644,"Hirasea planulata Pilsbry & Y.Hirase, 1903",Animalia,Mollusca,Gastropoda,Stylommatophora,Charopidae,Hirasea,SPECIES,HIGHERRANK,99,ACCEPTED,
walchia pentalagi,Walchia pentalagi,クロウサギワルヒツツガムシ,moe_redlist,Walchia pentalagi,verbatim,6925432,"Walchia pentalagi Suzuki, 1975",Animalia,Arthropoda,Arachnida,Trombidiformes,Trombiculidae,Walchia,SPECIES,EXACT,99,ACCEPTED,
bolbometoponmuricatum,Bolbometoponmuricatum,カンムリブダイ,moe_redlist,Bolbometoponmuricatum,verbatim,,,,,,,,,,NONE,100,,
cycloseris hexagonalis,Cycloseris hexagonalis,ムツカドマンジュウイシ,moe_redlist,Cycloseris hexagonalis,verbatim,4879172,"Cycloseris hexagonalis (Milne Edwards & Haime, 1848)",Animalia,Cnidaria,Anthozoa,Scleractinia,Fungiidae,Sinuorota,SPECIES,EXACT,98,SYNONYM,
atyidae gen. sp.,Atyidae gen. sp.,ウミヌマエビ,moe_redlist,Atyidae gen. sp.,verbatim,4475,Atyidae,Animalia,Arthropoda,Malacostraca,Decapoda,Atyidae,,FAMILY,HIGHERRANK,94,ACCEPTED,
mesochaetopterus japonicus,Mesochaetopterus japonicus,ムギワラムシ,moe_redlist,Mesochaetopterus japonicus,verbatim,2321484,"Mesochaetopterus japonicus Fujiwara, 1934",Animalia,Annelida,Polychaeta,,Chaetopteridae,Mesochaetopterus,SPECIES,EXACT,99,ACCEPTED,
nymphaea tetragona georgi,Nymphaea tetragona Georgi,ヒツジグサ,kanagawa_redlist,Nymphaea tetragona Georgi,verbatim,2882422,Nymphaea tetragona Georgi,Plantae,Tracheophyta,Magnoliopsida,Nymphaeales,Nymphaeaceae,Nymphaea,SPECIES,EXACT,100,ACCEPTED,
plagiomnium confertidens (lindb. & arn.) t.j.kop.,Plagiomnium confertidens (Lindb. & Arn.) T.J.Kop.,ナミガタチョウチンゴケ,kanagawa_redlist,Plagiomnium confertidens (Lindb. & Arn.) T.J.Kop.,verbatim,7758152,Plagiomnium confertidens (Lindb. & Arnell) T.J.Kop.,Plantae,Bryophyta,Bryopsida,Bryales,Mniaceae,Plagiomnium,SPECIES,EXACT,100,ACCEPTED,
"virescentia helminthosa (bory) necchi, d.c.agostinho & m.l.vis","Virescentia helminthosa (Bory) Necchi, D.C.Agostinho & M.L.Vis",アオカワモズク,kanagawa_redlist,"Virescentia helminthosa (Bory) Necchi, D.C.Agostinho & M.L.Vis",verbatim,12161995,"Virescentia helminthosa (Bory) Necchi, D.C.Agostinho & M.L.Vis, 2018",Plantae,Rhodophyta,Florideophyceae,Batrachospermales,Batrachospermaceae,Virescentia,SPECIES,EXACT,100,SYNONYM,
verpa digitaliformis pers.,Verpa digitaliformis Pers.,テンガイカブリ,kanagawa_redlist,Verpa digitaliformis Pers.,verbatim,5259070,Verpa digitaliformis Pers.,Fungi,Ascomycota,Pezizomycetes,Pezizales,Morchellaceae,Verpa,SPECIES,EXACT,100,ACCEPTED,
"somatochlora clavata oguma, 1913","Somatochlora clavata Oguma, 1913",ハネビロエゾトンボ,kanagawa_redlist,"Somatochlora clavata Oguma, 1913",verbatim,1429987,"Somatochlora clavata Oguma, 1913",Animalia,Arthropoda,Insecta,Odonata,Corduliidae,Somatochlora,SPECIES,EXACT,100,ACCEPTED,
macaca cyclopis,Macaca cyclopis,タイワンザル,moe_ias_list,Macaca cyclopis,verbatim,2436615,"Macaca cyclopis (Swinhoe, 1863)",Animalia,Chordata,Mammalia,Primates,Cercopithecidae,Macaca,SPECIES,EXACT,99,ACCEPTED,
bufo japonicus formosus,Bufo japonicus formosus,伊豆諸島などのアズマヒキガエル,moe_ias_list,Bufo japonicus formosus,verbatim,10929308,"Bufo japonicus formosus Boulenger, 1883",Animalia,Chordata,Amphibia,Anura,Bufonidae,Bufo,SUBSPECIES,EXACT,98,SYNONYM,
siniperca chuatsi,Siniperca chuatsi,ケツギョ,moe_ias_list,Siniperca chuatsi,verbatim,2380448,"Siniperca chuatsi (Basilewsky, 1855)",Animalia,Chordata,,Perciformes,Percichthyidae,Siniperca,SPECIES,EXACT,99,ACCEPTED,
hestina assimilis assimilis,Hestina assimilis assimilis,アカボシゴマダラ大陸亜種（名義タイプ亜種）,moe_ias_list,Hestina assimilis assimilis,verbatim,7207262,Hestina assimilis assimilis,Animalia,Arthropoda,Insecta,Lepidoptera,Nymphalidae,Hestina,SUBSPECIES,EXACT,98,ACCEPTED,
procambarus clarkii,Procambarus clarkii,アメリカザリガニ,moe_ias_list,Procambarus clarkii,verbatim,2227300,"Procambarus clarkii (Girard, 1852)",Animalia,Arthropoda,Malacostraca,Decapoda,Cambaridae,Procambarus,SPECIES,EXACT,99,ACCEPTED,
psittacula krameri manillensis,Psittacula krameri manillensis,ワカケホンセイインコ,moe_ias_list,Psittacula krameri manillensis,verbatim,5229067,"Psittacula krameri manillensis (Bechstein, 1800)",Animalia,Chordata,Aves,Psittaciformes,Psittacidae,Psittacula,SUBSPECIES,EXACT,98,ACCEPTED,
chelydra serpentina,Chelydra serpentina,カミツキガメ,moe_ias_list,Chelydra serpentina,verbatim,2441905,"Chelydra serpentina (Linnaeus, 1758)",Animalia,Chordata,Testudines,,Chelydridae,Chelydra,SPECIES,EXACT,99,ACCEPTED,
syzygium cumini,Syzygium cumini,ムラサキフトモモ（ヨウミャクアデク、メシゲラック、ムレザキフトモモ）,moe_ias_list,Syzygium cumini,verbatim,3183840,Syzygium cumini (L.) Skeels,Plantae,Tracheophyta,Magnoliopsida,Myrtales,Myrtaceae,Syzygium,SPECIES,EXACT,99,ACCEPTED,
turdus terrestris,Turdus terrestris,オガサワラガビチョウ,moe_redlist,Turdus terrestris,verbatim,2490714,"Turdus Linnaeus, 1758",Animalia,Chordata,Aves,Passeriformes,Turdidae,Turdus,GENUS,HIGHERRANK,92,ACCEPTED,
opheodrys herminae,Opheodrys herminae,サキシマアオヘビ,moe_redlist,Opheodrys herminae,verbatim,2455213,"Opheodrys herminae (Boettger, 1895)",Animalia,Chordata,Squamata,,Colubridae,Ptyas,SPECIES,EXACT,98,SYNONYM,
hynobius stejnegeri,Hynobius stejnegeri,ベッコウサンショウウオ,moe_redlist,Hynobius stejnegeri,verbatim,2431136,"Hynobius stejnegeri Dunn, 1923",Animalia,Chordata,Amphibia,Caudata,Hynobiidae,Hynobius,SPECIES,EXACT,99,ACCEPTED,
odontochilus poilanei,Odontochilus poilanei,ツシマラン,moe_redlist,Odontochilus poilanei,verbatim,5315222,Odontochilus poilanei (Gagnep.) Ormerod,Plantae,Tracheophyta,Liliopsida,Asparagales,Orchidaceae,Odontochilus,SPECIES,EXACT,99,ACCEPTED,
lethocolea naruto-toganensis,Lethocolea naruto-toganensis,モグリゴケ,moe_redlist,Lethocolea naruto-toganensis,verbatim,7546817,Lethocolea naruto-toganensis Furuki,Plantae,Marchantiophyta,Jungermanniopsida,Jungermanniales,Acrobolbaceae,Lethocolea,SPECIES,EXACT,99,ACCEPTED,
nitella dimorpha,Nitella dimorpha,ダイシフラスコモ,moe_redlist,Nitella dimorpha,verbatim,2637771,"Nitella C.Agardh, 1824",Plantae,Charophyta,Charophyceae,Charales,Characeae,Nitella,GENUS,HIGHERRANK,94,ACCEPTED,
gymnoderma coccocarpum,Gymnoderma coccocarpum,オオツブミゴケ,moe_redlist,Gymnoderma coccocarpum,verbatim,5470393,Gymnoderma coccocarpum Nyl.,Fungi,Ascomycota,Lecanoromycetes,Lecanorales,Cladoniaceae,Gymnoderma,SPECIES,EXACT,99,ACCEPTED,
lycoperdon henningsii,Lycoperdon henningsii,コメツブホコリタケ,moe_redlist,Lycoperdon henningsii,verbatim,5453449,Lycoperdon henningsii Sacc. & P.Syd.,Fungi,Basidiomycota,Agaricomycetes,Agaricales,Lycoperdaceae,Lycoperdon,SPECIES,EXACT,99,ACCEPTED,
apodemus agrarius,Apodemus agrarius,セスジネズミ,moe_redlist,Apodemus agrarius,verbatim,2437761,"Apodemus agrarius (Pallas, 1771)",Animalia,Chordata,Mammalia,Rodentia,Muridae,Apodemus,SPECIES,EXACT,99,ACCEPTED,
carassius sp.,Carassius sp.,フナ属の１種（琉球列島）,moe_redlist,Carassius sp.,verbatim,7396773,"Carassius Jarocki, 1822",Animalia,Chordata,,Cypriniformes,Cyprinidae,Carassius,GENUS,HIGHERRANK,92,ACCEPTED,
platypleura albivannata,Platypleura albivannata,イシガキニイニイ,moe_redlist,Platypleura albivannata,verbatim,7472416,"Platypleura albivannata Hayashi, 1974",Animalia,Arthropoda,Insecta,Hemiptera,Cicadidae,Platypleura,SPECIES,EXACT,99,ACCEPTED,
hirasea profundispira,Hirasea profundispira,コダマエンザガイ,moe_redlist,Hirasea profundispira,verbatim,5783645,"Hirasea profundispira Pilsbry, 1902",Animalia,Mollusca,Gastropoda,Stylommatophora,Charopidae,Hirasea,SPECIES,EXACT,99,ACCEPTED,
cybaeus itsukiensis,Cybaeus itsukiensis,イツキメナシナミハグモ,moe_redlist,Cybaeus itsukiensis,verbatim,2179010,"Cybaeus itsukiensis Irie, 1998",Animalia,Arthropoda,Arachnida,Araneae,Cybaeidae,Cybaeus,SPECIES,EXACT,99,ACCEPTED,
barbuligobius boehlkei,Barbuligobius boehlkei,イトヒゲモジャハゼ,moe_redlist,Barbuligobius boehlkei,verbatim,2377495,"Barbuligobius boehlkei Lachner & McKinney, 1974",Animalia,Chordata,,Perciformes,Gobiidae,Barbuligobius,SPECIES,EXACT,99,ACCEPTED,
heliofungia actiniformis,Heliofungia actiniformis,パラオクサビライシ,moe_redlist,Heliofungia actiniformis,verbatim,2260592,"Heliofungia actiniformis (Quoy & Gaimard, 1833)",Animalia,Cnidaria,Anthozoa,Scleractinia,Fungiidae,Heliofungia,SPECIES,EXACT,99,ACCEPTED,
upogebia carinicauda,Upogebia carinicauda,ミナミアナジャコ,moe_redlist,Upogebia carinicauda,verbatim,4645282,"Upogebia carinicauda (Stimpson, 1860)",Animalia,Arthropoda,Malacostraca,Decapoda,Upogebiidae,Upogebia,SPECIES,EXACT,99,ACCEPTED,
siphonosoma cumanense,Siphonosoma cumanense,スジホシムシモドキ,moe_redlist,Siphonosoma cumanense,verbatim,2509297,"Siphonosoma cumanense (Keferstein, 1867)",Animalia,Sipuncula,Sipunculidea,Sipunculiformes,Sipunculidae,Siphonosoma,SPECIES,EXACT,99,ACCEPTED,
lemna trisulca l.,Lemna trisulca L.,ヒンジモ,kanagawa_redlist,Lemna trisulca L.,verbatim,2867579,Lemna trisulca L.,Plantae,Tracheophyta,Liliopsida,Alismatales,Araceae,Lemna,SPECIES,EXACT,100,ACCEPTED,
schlotheimia grevilleana mitt.,Schlotheimia grevilleana Mitt.,モミゴケ,kanagawa_redlist,Schlotheimia grevilleana Mitt.,verbatim,5281108,Schlotheimia grevilleana Mitt.,Plantae,Bryophyta,Bryopsida,Orthotrichales,Orthotrichaceae,Schlotheimia,SPECIES,EXACT,100,SYNONYM,
compsopogon caeruleus (balbis) mont.,Compsopogon caeruleus (Balbis) Mont.,オオイシソウ,kanagawa_redlist,Compsopogon caeruleus (Balbis) Mont.,verbatim,2653941,Compsopogon caeruleus (C.Agardh) Mont.,Plantae,Rhodophyta,Compsopogonophyceae,Compsopogonales,Compsopogonaceae,Compsopogon,SPECIES,EXACT,100,ACCEPTED,
"tuber flavidosporum h. sasaki, a. kinosh., nara","Tuber flavidosporum H. Sasaki, A. Kinosh., Nara",ウスキセイヨウショウロ,kanagawa_redlist,"Tuber flavidosporum H. Sasaki, A. Kinosh., Nara",verbatim,9764212,"Tuber flavidosporum Hir.Sasaki, A.Kinosh. & Nara",Fungi,Ascomycota,Pezizomycetes,Pezizales,Tuberaceae,Tuber,SPECIES,EXACT,100,ACCEPTED,
"sympetrum kunckeli (selys, 1884)","Sympetrum kunckeli (Selys, 1884)",マイコアカネ,kanagawa_redlist,"Sympetrum kunckeli (Selys, 1884)",verbatim,1428322,"Sympetrum kunckeli (Selys, 1884)",Animalia,Arthropoda,Insecta,Odonata,Libellulidae,Sympetrum,SPECIES,EXACT,100,ACCEPTED,
macaca muｌatta,Macaca muｌatta,アカゲザル,moe_ias_list,Macaca muｌatta,verbatim,2436602,"Macaca Lacépède, 1799",Animalia,Chordata,Mammalia,Primates,Cercopithecidae,Macaca,GENUS,EXACT,94,ACCEPTED,
fejervarya kawamurai,Fejervarya kawamurai,関東以北及び島に侵入したヌマガエル,moe_ias_list,Fejervarya kawamurai,verbatim,9037947,"Fejervarya kawamurai Djong, Matsui, Kuramoto, Nishioka & Sumida, 2011",Animalia,Chordata,Amphibia,Anura,Dicroglossidae,Fejervarya,SPECIES,EXACT,99,ACCEPTED,
siniperca scherzeri,Siniperca scherzeri,コウライケツギョ,moe_ias_list,Siniperca scherzeri,verbatim,2380457,"Siniperca scherzeri Steindachner, 1892",Animalia,Chordata,,Perciformes,Percichthyidae,Siniperca,SPECIES,EXACT,99,ACCEPTED,
rhabdoscelus obscurus,Rhabdoscelus obscurus,カンショオサゾウムシ,moe_ias_list,Rhabdoscelus obscurus,verbatim,4291564,"Rhabdoscelus obscurus (Boisduval, 1835)",Animalia,Arthropoda,Insecta,Coleoptera,Dryophthoridae,Rhabdoscelus,SPECIES,EXACT,99,ACCEPTED,
platydemus manokwari,Platydemus manokwari,ニューギニアヤリガタリクウズムシ,moe_ias_list,Platydemus manokwari,verbatim,5892137,"Platydemus manokwari Beauchamp, 1962",Animalia,Platyhelminthes,,Tricladida,Geoplanidae,Platydemus,SPECIES,EXACT,99,ACCEPTED,
pycnonotus sinensis ssp.,Pycnonotus sinensis ssp.,シロガシラ,moe_ias_list,Pycnonotus sinensis ssp.,verbatim,2486150,"Pycnonotus sinensis (Gmelin, 1789)",Animalia,Chordata,Aves,Passeriformes,Pycnonotidae,Pycnonotus,SPECIES,EXACT,84,ACCEPTED,
trachemys scripta,Trachemys scripta,アカミミガメ,moe_ias_list,Trachemys scripta,verbatim,2443002,"Trachemys scripta (Thunberg In Schoepff, 1792)",Animalia,Chordata,Testudines,,Emydidae,Trachemys,SPECIES,EXACT,99,ACCEPTED,
clidemia hirta,Clidemia hirta,アメリカクサノボタン,moe_ias_list,Clidemia hirta,verbatim,3188642,Clidemia hirta (L.) D.Don,Plantae,Tracheophyta,Magnoliopsida,Myrtales,Melastomataceae,Miconia,SPECIES,EXACT,98,SYNONYM,
chaunoproctus ferreorostris,Chaunoproctus ferreorostris,オガサワラマシコ,moe_redlist,Chaunoproctus ferreorostris,verbatim,5231613,"Chaunoproctus ferreorostris (Vigors, 1829)",Animalia,Chordata,Aves,Passeriformes,Fringillidae,Carpodacus,SPECIES,EXACT,98,SYNONYM,
calliophis japonicus,Calliophis japonicus,ヒャン,moe_redlist,Calliophis japonicus,verbatim,5226795,"Calliophis japonicus (Günther, 1868)",Animalia,Chordata,Squamata,,Elapidae,Sinomicrurus,SPECIES,EXACT,98,SYNONYM,
hynobius okiensis,Hynobius okiensis,オキサンショウウオ,moe_redlist,Hynobius okiensis,verbatim,2431156,"Hynobius okiensis Sato, 1940",Animalia,Chordata,Amphibia,Caudata,Hynobiidae,Hynobius,SPECIES,EXACT,99,ACCEPTED,
eriocaulon setaceum,Eriocaulon setaceum,タカノホシクサ,moe_redlist,Eriocaulon setaceum,verbatim,2690614,Eriocaulon setaceum L.,Plantae,Tracheophyta,Liliopsida,Poales,Eriocaulaceae,Eriocaulon,SPECIES,EXACT,97,ACCEPTED,
eremonotus myriocarpus,Eremonotus myriocarpus,ハッコウダゴケ,moe_redlist,Eremonotus myriocarpus,verbatim,9253285,Eremonotus myriocarpus (Carrington) Lindb. & Kaal.,Plantae,Marchantiophyta,Jungermanniopsida,Jungermanniales,Jungermanniaceae,Eremonotus,SPECIES,EXACT,97,ACCEPTED,
nitella furcata var. zollingeri,Nitella furcata var. zollingeri,ミキフラスコモ,moe_redlist,Nitella furcata var. zollingeri,verbatim,2637803,Nitella furcata (Roxb. ex Bruzelius),Plantae,Charophyta,Charophyceae,Charales,Characeae,Nitella,SPECIES,HIGHERRANK,98,SYNONYM,
gymnoderma insulare,Gymnoderma insulare,ツブミゴケ,moe_redlist,Gymnoderma insulare,verbatim,5470391,Gymnoderma insulare Yoshim. & Sharp,Fungi,Ascomycota,Lecanoromycetes,Lecanorales,Cladoniaceae,Gymnoderma,SPECIES,EXACT,99,ACCEPTED,
campanella boninensis,Campanella boninensis,ムニンチヂミタケ,moe_redlist,Campanella boninensis,verbatim,5243784,Campanella boninensis (S.Ito & S.Imai) Parmasto,Fungi,Basidiomycota,Agaricomycetes,Agaricales,Marasmiaceae,Campanella,SPECIES,EXACT,99,ACCEPTED,
tokudaia muenninki,Tokudaia muenninki,オキナワトゲネズミ,moe_redlist,Tokudaia muenninki,verbatim,2438054,"Tokudaia muenninki (Johnson, 1946)",Animalia,Chordata,Mammalia,Rodentia,Muridae,Tokudaia,SPECIES,EXACT,99,ACCEPTED,
gnathopogon caerulescens,Gnathopogon caerulescens,ホンモロコ,moe_redlist,Gnathopogon caerulescens,verbatim,2366325,"Gnathopogon caerulescens (Sauvage, 1883)",Animalia,Chordata,,Cypriniformes,Cyprinidae,Gnathopogon,SPECIES,EXACT,99,ACCEPTED,
diplonychus rusticus,Diplonychus rusticus,タイワンコオイムシ,moe_redlist,Diplonychus rusticus,verbatim,5866471,"Diplonychus rusticus (Fabricius, 1871)",Animalia,Arthropoda,Insecta,Hemiptera,Belostomatidae,Diplonychus,SPECIES,EXACT,99,ACCEPTED,
hirasea sinuosa,Hirasea sinuosa,エンザガイ,moe_redlist,Hirasea sinuosa,verbatim,5783650,"Hirasea sinuosa Pilsbry, 1902",Animalia,Mollusca,Gastropoda,Stylommatophora,Charopidae,Hirasea,SPECIES,EXACT,99,ACCEPTED,
salmincola stellatus,Salmincola stellatus,イトウナガクビムシ,moe_redlist,Salmincola stellatus,verbatim,5719610,"Salmincola stellatus Markevich, 1936",Animalia,Arthropoda,Copepoda,Siphonostomatoida,Lernaeopodidae,Salmincola,SPECIES,EXACT,99,ACCEPTED,
takifugu chinensis,Takifugu chinensis,カラス,moe_redlist,Takifugu chinensis,verbatim,2407567,"Takifugu chinensis (Abe, 1949)",Animalia,Chordata,,Tetraodontiformes,Tetraodontidae,Takifugu,SPECIES,EXACT,99,ACCEPTED,
galaxea horrescens,Galaxea horrescens,エダアザミサンゴ,moe_redlist,Galaxea horrescens,verbatim,4879998,"Galaxea horrescens (Dana, 1846)",Animalia,Cnidaria,Anthozoa,Scleractinia,Euphylliidae,Galaxea,SPECIES,EXACT,99,ACCEPTED,
novorostrumdecorocrus,Novorostrumdecorocrus,イボテカニダマシ,moe_redlist,Novorostrumdecorocrus,verbatim,,,,,,,,,,NONE,100,,
sipunculus nudus,Sipunculus nudus,スジホシムシ,moe_redlist,Sipunculus nudus,verbatim,5234445,"Sipunculus nudus Linnaeus, 1766",Animalia,Sipuncula,Sipunculidea,Sipunculiformes,Sipunculidae,Sipunculus,SPECIES,EXACT,99,ACCEPTED,
alisma plantago-aquatica l. var. orientale sam.,Alisma plantago-aquatica L. var. orientale Sam.,サジオモダカ,kanagawa_redlist,Alisma plantago-aquatica L. var. orientale Sam.,verbatim,6309996,Alisma plantago-aquatica var. orientale Sam.,Plantae,Tracheophyta,Liliopsida,Alismatales,Alismataceae,Alisma,VARIETY,EXACT,100,SYNONYM,
zygodon viridissimus (dicks.) brid.,Zygodon viridissimus (Dicks.) Brid.,カメゴケモドキ,kanagawa_redlist,Zygodon viridissimus (Dicks.) Brid.,verbatim,5281000,Zygodon viridissimus (Dicks.) Brid.,Plantae,Bryophyta,Bryopsida,Orthotrichales,Orthotrichaceae,Zygodon,SPECIES,EXACT,100,ACCEPTED,
sheathia arcuata (kylin) salomaki & m.l.vis,Sheathia arcuata (Kylin) Salomaki & M.L.Vis,チャイロカワモズク,kanagawa_redlist,Sheathia arcuata (Kylin) Salomaki & M.L.Vis,verbatim,7600587,Sheathia arcuata (Kylin) Salomaki & M.L.Vis,Plantae,Rhodophyta,Florideophyceae,Batrachospermales,Batrachospermaceae,Sheathia,SPECIES,EXACT,100,ACCEPTED,
cordyceps mantidicola kobayasi & shimizu,Cordyceps mantidicola Kobayasi & Shimizu,コゴメカマキリムシタケ,kanagawa_redlist,Cordyceps mantidicola Kobayasi & Shimizu,verbatim,3451562,Cordyceps mantidicola Kobayasi & Shimizu,Fungi,Ascomycota,Sordariomycetes,Hypocreales,Clavicipitaceae,Petchia,SPECIES,EXACT,100,SYNONYM,
"sympetrum croceolum (selys, 1883)","Sympetrum croceolum (Selys, 1883)",キトンボ,kanagawa_redlist,"Sympetrum croceolum (Selys, 1883)",verbatim,1428202,"Sympetrum croceolum (Selys, 1883)",Animalia,Arthropoda,Insecta,Odonata,Libellulidae,Sympetrum,SPECIES,EXACT,100,ACCEPTED,
felis silvestris catus,Felis silvestris catus,ノネコ（イエネコの野生化したもの）,moe_ias_list,Felis silvestris catus,verbatim,9533902,"Felis silvestris catus Linnaeus, 1758",Animalia,Chordata,Mammalia,Carnivora,Felidae,Felis,SUBSPECIES,EXACT,98,SYNONYM,
lates niloticus,Lates niloticus,ナイルパーチ,moe_ias_list,Lates niloticus,verbatim,2393184,"Lates niloticus (Linnaeus, 1758)",Animalia,Chordata,,Perciformes,Latidae,Lates,SPECIES,EXACT,99,ACCEPTED,
protaetia orientalis sakaii,Protaetia orientalis sakaii,シロテンハナムグリ台湾亜種（サカイシロテンハナムグリ）,moe_ias_list,Protaetia orientalis sakaii,verbatim,6280806,"Protaetia orientalis sakaii Kobayashi, 1994",Animalia,Arthropoda,Insecta,Coleoptera,Scarabaeidae,Protaetia,SUBSPECIES,EXACT,98,ACCEPTED,
pomacea canaliculata,Pomacea canaliculata,スクミリンゴガイ,moe_ias_list,Pomacea canaliculata,verbatim,2292582,"Pomacea canaliculata (Lamarck, 1822)",Animalia,Mollusca,Gastropoda,Architaenioglossa,Ampullariidae,Pomacea,SPECIES,EXACT,99,ACCEPTED,
garrulax cineraceus,Garrulax cineraceus,ヒゲガビチョウ,moe_ias_list,Garrulax cineraceus,verbatim,2493441,"Garrulax cineraceus (Godwin-Austen, 1874)",Animalia,Chordata,Aves,Passeriformes,Leiothrichidae,Garrulax,SPECIES,EXACT,99,ACCEPTED,
anolis carolinensis,Anolis carolinensis,グリーンアノール,moe_ias_list,Anolis carolinensis,verbatim,2466939,"Anolis carolinensis Voigt, 1832",Animalia,Chordata,Squamata,,Dactyloidae,Anolis,SPECIES,EXACT,99,ACCEPTED,
schefflera actinophylla,Schefflera actinophylla,シェフレラ・アクチノフィラ（ブラッサイア、オクトパスツリー）,moe_ias_list,Schefflera actinophylla,verbatim,3038546,Schefflera actinophylla (Endl.) Harms,Plantae,Tracheophyta,Magnoliopsida,Apiales,Araliaceae,Heptapleurum,SPECIES,EXACT,98,SYNONYM,
anser cygnoides,Anser cygnoides,サカツラガン,moe_redlist,Anser cygnoides,verbatim,2498034,"Anser cygnoides (Linnaeus, 1758)",Animalia,Chordata,Aves,Anseriformes,Anatidae,Anser,SPECIES,EXACT,99,ACCEPTED,
megalobatrachus japonicus,Megalobatrachus japonicus,オオサンショウウオ,moe_redlist,Megalobatrachus japonicus,verbatim,11014317,"Megalobatrachus japonicus (Temminck, 1836)",Animalia,Chordata,Amphibia,Caudata,Cryptobranchidae,Andrias,SPECIES,EXACT,98,SYNONYM,
cyperus diaphanus,Cyperus diaphanus,タチガヤツリ,moe_redlist,Cyperus diaphanus,verbatim,7446695,Cyperus diaphanus Schrad.,Plantae,Tracheophyta,Liliopsida,Poales,Cyperaceae,Cyperus,SPECIES,EXACT,98,ACCEPTED,
mesoptychia heterocolpos,Mesoptychia heterocolpos,ユキミイチョウゴケ,moe_redlist,Mesoptychia heterocolpos,verbatim,8774925,Mesoptychia heterocolpos (Thed. ex Hartm.) L.Söderstr. & Váňa,Plantae,Marchantiophyta,Jungermanniopsida,Jungermanniales,Jungermanniaceae,Mesoptychia,SPECIES,EXACT,99,ACCEPTED,
nitella graciliformis,Nitella graciliformis,ホソバフラスコモ,moe_redlist,Nitella graciliformis,verbatim,2637771,"Nitella C.Agardh, 1824",Plantae,Charophyta,Charophyceae,Charales,Characeae,Nitella,GENUS,HIGHERRANK,94,ACCEPTED,
cetraria aculeata,Cetraria aculeata,タチクリイロトゲキノリ,moe_redlist,Cetraria aculeata,verbatim,2605275,Cetraria aculeata (Schreb.) Fr.,Fungi,Ascomycota,Lecanoromycetes,Lecanorales,Parmeliaceae,Cetraria,SPECIES,EXACT,99,ACCEPTED,
cyathus boninensis,Cyathus boninensis,ムニンチャダイゴケ,moe_redlist,Cyathus boninensis,verbatim,5454218,Cyathus boninensis S.Ito & S.Imai,Fungi,Basidiomycota,Agaricomycetes,Agaricales,Agaricaceae,Cyathus,SPECIES,EXACT,99,ACCEPTED,
prionailurus bengalensis euptilurus,Prionailurus bengalensis euptilurus,ツシマヤマネコ,moe_redlist,Prionailurus bengalensis euptilurus,verbatim,6164519,"Prionailurus bengalensis euptilurus (Elliot, 1871)",Animalia,Chordata,Mammalia,Carnivora,Felidae,Prionailurus,SUBSPECIES,EXACT,98,ACCEPTED,
ischikauia steenackeri,Ischikauia steenackeri,ワタカ,moe_redlist,Ischikauia steenackeri,verbatim,2367589,"Ischikauia steenackeri (Sauvage, 1883)",Animalia,Chordata,,Cypriniformes,Cyprinidae,Ischikauia,SPECIES,EXACT,99,ACCEPTED,
lethocerus indicus,Lethocerus indicus,タイワンタガメ,moe_redlist,Lethocerus indicus,verbatim,5866475,"Lethocerus indicus (Le Peletier & Serville, 1825)",Animalia,Arthropoda,Insecta,Hemiptera,Belostomatidae,Lethocerus,SPECIES,EXACT,99,ACCEPTED,
hirasiella clara,Hirasiella clara,エンザガイモドキ,moe_redlist,Hirasiella clara,verbatim,5783636,"Hirasiella clara Pilsbry, 1902",Animalia,Mollusca,Gastropoda,Stylommatophora,Charopidae,Hirasiella,SPECIES,EXACT,99,ACCEPTED,
gnorimosphaeroma boninense,Gnorimosphaeroma boninense,オガサワラコツブムシ,moe_redlist,Gnorimosphaeroma boninense,verbatim,2206784,"Gnorimosphaeroma boninense Nunomura & Satake, 2006",Animalia,Arthropoda,Malacostraca,Isopoda,Sphaeromatidae,Gnorimosphaeroma,SPECIES,EXACT,99,ACCEPTED,
plectropomus laevis,Plectropomus laevis,コクハンアラ,moe_redlist,Plectropomus laevis,verbatim,5210141,"Plectropomus laevis (Lacepède, 1801)",Animalia,Chordata,,Perciformes,Serranidae,Plectropomus,SPECIES,EXACT,99,ACCEPTED,
rhizotrochus typus,Rhizotrochus typus,ウチウラタコアシサンゴ,moe_redlist,Rhizotrochus typus,verbatim,2260183,"Rhizotrochus typus Milne Edwards & Haime, 1848",Animalia,Cnidaria,Anthozoa,Scleractinia,Flabellidae,Rhizotrochus,SPECIES,EXACT,99,ACCEPTED,
polyonyx utinomii,Polyonyx utinomii,ウチノミカニダマシ,moe_redlist,Polyonyx utinomii,verbatim,6457465,"Polyonyx utinomii Miyake, 1943",Animalia,Arthropoda,Malacostraca,Decapoda,Porcellanidae,Polyonyx,SPECIES,EXACT,99,ACCEPTED,
anelassorhyncus sabinus,Anelassorhyncus sabinus,サビネミドリユムシ,moe_redlist,Anelassorhyncus sabinus,verbatim,2508931,"Anelassorhynchus sabinus (Lanchester, 1905)",Animalia,Annelida,Polychaeta,Echiuroidea,Thalassematidae,Anelassorhynchus,SPECIES,FUZZY,85,ACCEPTED,
caldesia parnassiifolia (bassi ex l.) parl.,Caldesia parnassiifolia (Bassi ex L.) Parl.,マルバオモダカ,kanagawa_redlist,Caldesia parnassiifolia (Bassi ex L.) Parl.,verbatim,5329163,Caldesia parnassifolia (Bassi) Parl.,Plantae,Tracheophyta,Liliopsida,Alismatales,Alismataceae,Caldesia,SPECIES,FUZZY,99,ACCEPTED,
distichophyllum maibarae besch.,Distichophyllum maibarae Besch.,ツガゴケ,kanagawa_redlist,Distichophyllum maibarae Besch.,verbatim,5280045,Distichophyllum maibarae Besch.,Plantae,Bryophyta,Bryopsida,Hookeriales,Daltoniaceae,Leskeodon,SPECIES,EXACT,100,SYNONYM,
hildenbrandia rivularis (liebmann) j.agardh,Hildenbrandia rivularis (Liebmann) J.Agardh,タンスイベニマダラ,kanagawa_redlist,Hildenbrandia rivularis (Liebmann) J.Agardh,verbatim,2665386,Hildenbrandia rivularis (Liebman) J.Agardh,Plantae,Rhodophyta,Florideophyceae,Hildenbrandiales,Hildenbrandiaceae,Hildenbrandia,SPECIES,EXACT,100,ACCEPTED,
coccocarpia erythroxyli (spreng.) swinscow & krog,Coccocarpia erythroxyli (Spreng.) Swinscow & Krog,カワラゴケ,kanagawa_redlist,Coccocarpia erythroxyli (Spreng.) Swinscow & Krog,verbatim,3424420,Coccocarpia erythroxyli (Spreng.) Swinscow & Krog,Fungi,Ascomycota,Lecanoromycetes,Peltigerales,Coccocarpiaceae,Coccocarpia,SPECIES,EXACT,100,ACCEPTED,
"sympetrum uniforme (selys, 1883)","Sympetrum uniforme (Selys, 1883)",オオキトンボ,kanagawa_redlist,"Sympetrum uniforme (Selys, 1883)",verbatim,1428355,"Sympetrum uniforme (Selys, 1883)",Animalia,Arthropoda,Insecta,Odonata,Libellulidae,Sympetrum,SPECIES,EXACT,100,ACCEPTED,
herpestes auropunctatus,Herpestes auropunctatus,フイリマングース,moe_ias_list,Herpestes auropunctatus,verbatim,2434282,"Herpestes auropunctatus (Hodgson, 1836)",Animalia,Chordata,Mammalia,Carnivora,Herpestidae,Herpestes,SPECIES,EXACT,98,SYNONYM,
morone saxatilis,Morone saxatilis,ストライプトバス,moe_ias_list,Morone saxatilis,verbatim,2394612,"Morone saxatilis (Walbaum, 1792)",Animalia,Chordata,,Perciformes,Moronidae,Morone,SPECIES,EXACT,99,ACCEPTED,
aromia bungii,Aromia bungii,クビアカツヤカミキリ（クロジャコウカミキリ）,moe_ias_list,Aromia bungii,verbatim,5001658,"Aromia bungii (Faldermann, 1835)",Animalia,Arthropoda,Insecta,Coleoptera,Cerambycidae,Aromia,SPECIES,EXACT,99,ACCEPTED,
pomacea insulaｒum,Pomacea insulaｒum,ラプラタリンゴガイ,moe_ias_list,Pomacea insulaｒum,verbatim,5857784,"Pomacea insularum (Orbigny, 1835)",Animalia,Mollusca,Gastropoda,Architaenioglossa,Ampullariidae,Pomacea,SPECIES,EXACT,98,SYNONYM,
elaphe taeniura friesei,Elaphe taeniura friesei,タイワンスジオ,moe_ias_list,Elaphe taeniura friesei,verbatim,6162208,"Elaphe taeniura friesi (Werner, 1927)",Animalia,Chordata,Squamata,,Colubridae,Elaphe,SUBSPECIES,FUZZY,96,ACCEPTED,
ardisia elliptica,Ardisia elliptica,コウトウタチバナ（セイロンマンリョウ）,moe_ias_list,Ardisia elliptica,verbatim,5414375,Ardisia elliptica Thunb.,Plantae,Tracheophyta,Magnoliopsida,Ericales,Primulaceae,Ardisia,SPECIES,EXACT,97,ACCEPTED,
aythya baeri,Aythya baeri,アカハジロ,moe_redlist,Aythya baeri,verbatim,2498260,"Aythya baeri (Radde, 1863)",Animalia,Chordata,Aves,Anseriformes,Anatidae,Aythya,SPECIES,EXACT,99,ACCEPTED,
babina subaspera,Babina subaspera,オットンガエル,moe_redlist,Babina subaspera,verbatim,5217818,"Babina subaspera (Barbour, 1908)",Animalia,Chordata,Amphibia,Anura,Ranidae,Babina,SPECIES,EXACT,99,ACCEPTED,
cyperus procerus,Cyperus procerus,ホクトガヤツリ,moe_redlist,Cyperus procerus,verbatim,2716134,Cyperus procerus Rottb.,Plantae,Tracheophyta,Liliopsida,Poales,Cyperaceae,Cyperus,SPECIES,EXACT,97,ACCEPTED,
heteroscyphus wettsteinii,Heteroscyphus wettsteinii,トゲバウロコゴケ,moe_redlist,Heteroscyphus wettsteinii,verbatim,8178353,Heteroscyphus wettsteinii (Schiffn.) Schiffn.,Plantae,Marchantiophyta,Jungermanniopsida,Jungermanniales,Lophocoleaceae,Heteroscyphus,SPECIES,EXACT,99,ACCEPTED,
nitella gracillima var. gracillima,Nitella gracillima var. gracillima,ヒナフラスコモ,moe_redlist,Nitella gracillima var. gracillima,verbatim,5838792,"Nitella gracilis f. gracillima Wahlst., 1875",Plantae,Charophyta,Charophyceae,Charales,Characeae,Nitella,FORM,FUZZY,90,SYNONYM,
cetrelia alaskana,Cetrelia alaskana,タカネトコブシゴケ,moe_redlist,Cetrelia alaskana,verbatim,2605865,Cetrelia alaskana (C.F.Culb. & W.L.Culb.) W.L.Culb. & C.F.Culb.,Fungi,Ascomycota,Lecanoromycetes,Lecanorales,Parmeliaceae,Cetrelia,SPECIES,EXACT,99,ACCEPTED,
pluteus daidoi,Pluteus daidoi,ダイドウベニヒダタケ,moe_redlist,Pluteus daidoi,verbatim,5449847,Pluteus daidoi S.Ito & S.Imai,Fungi,Basidiomycota,Agaricomycetes,Agaricales,Pluteaceae,Pluteus,SPECIES,EXACT,99,ACCEPTED,
prionailurus bengalensis iriomotensis,Prionailurus bengalensis iriomotensis,イリオモテヤマネコ,moe_redlist,Prionailurus bengalensis iriomotensis,verbatim,6164522,"Prionailurus bengalensis iriomotensis (Imaizumi, 1967)",Animalia,Chordata,Mammalia,Carnivora,Felidae,Prionailurus,SUBSPECIES,EXACT,98,SYNONYM,
pseudorasbora pugnax,Pseudorasbora pugnax,ウシモツゴ,moe_redlist,Pseudorasbora pugnax,verbatim,9459416,"Pseudorasbora pugnax Kawase & Hosoya, 2015",Animalia,Chordata,,Cypriniformes,Cyprinidae,Pseudorasbora,SPECIES,EXACT,99,ACCEPTED,
laccotrephes grossus,Laccotrephes grossus,タイワンタイコウチ,moe_redlist,Laccotrephes grossus,verbatim,6130368,"Laccotrephes grossus (Fabricius, 1787)",Animalia,Arthropoda,Insecta,Hemiptera,Nepidae,Laccotrephes,SPECIES,EXACT,99,ACCEPTED,
lamprocystis hahajimana pachychilus,Lamprocystis hahajimana pachychilus,アツクチハハジマヒメベッコウ,moe_redlist,Lamprocystis hahajimana pachychilus,verbatim,10477499,"Lamprocystis hahajimana pachychilus (Pilsbry & Y.Hirase, 1905)",Animalia,Mollusca,Gastropoda,Stylommatophora,Microcystidae,Lamprocystis,SUBSPECIES,EXACT,98,ACCEPTED,
hondoniscus kitakamiensis,Hondoniscus kitakamiensis,ホンドワラジムシ,moe_redlist,Hondoniscus kitakamiensis,verbatim,2207956,"Hondoniscus kitakamiensis Vandel, 1968",Animalia,Arthropoda,Malacostraca,Isopoda,Trichoniscidae,Hondoniscus,SPECIES,EXACT,99,ACCEPTED,
acanthopagrus chinshira,Acanthopagrus chinshira,オキナワキチヌ,moe_redlist,Acanthopagrus chinshira,verbatim,2392277,"Acanthopagrus chinshira Kume & Yoshino, 2008",Animalia,Chordata,,Perciformes,Sparidae,Acanthopagrus,SPECIES,EXACT,99,ACCEPTED,
atoportunus dolichopus,Atoportunus dolichopus,クメジマドウクツガザミ,moe_redlist,Atoportunus dolichopus,verbatim,4307464,"Atoportunus dolichopus Takeda, 2003",Animalia,Arthropoda,Malacostraca,Decapoda,Portunidae,Atoportunus,SPECIES,EXACT,99,ACCEPTED,
arhynchite hayaoi,Arhynchite hayaoi,セトウチドチクチユムシ,moe_redlist,Arhynchite hayaoi,verbatim,8872499,"Arhynchite hayaoi Tanaka & Nishikawa, 2013",Animalia,Annelida,Polychaeta,Echiuroidea,Thalassematidae,Arhynchite,SPECIES,EXACT,99,ACCEPTED,
hydrocharis dubia (blume) backer,Hydrocharis dubia (Blume) Backer,トチカガミ,kanagawa_redlist,Hydrocharis dubia (Blume) Backer,verbatim,5329272,Hydrocharis dubia (Blume) Backer,Plantae,Tracheophyta,Liliopsida,Alismatales,Hydrocharitaceae,Hydrocharis,SPECIES,EXACT,100,ACCEPTED,
chrysocladium retrorsum (mitt.) m.fleisch.,Chrysocladium retrorsum (Mitt.) M.Fleisch.,ソリシダレゴケ,kanagawa_redlist,Chrysocladium retrorsum (Mitt.) M.Fleisch.,verbatim,2677847,Chrysocladium retrorsum (Mitt.) M.Fleisch.,Plantae,Bryophyta,Bryopsida,Hypnales,Meteoriaceae,Chrysocladium,SPECIES,EXACT,100,ACCEPTED,
nitella sublucens?allen,Nitella sublucens?Allen,レンリフラスコモ,kanagawa_redlist,Nitella sublucens?Allen,verbatim,2637771,"Nitella C.Agardh, 1824",Plantae,Charophyta,Charophyceae,Charales,Characeae,Nitella,GENUS,EXACT,94,ACCEPTED,
coccocarpia pellita (ach.) sant.,Coccocarpia pellita (Ach.) Sant.,チヂレバカワラゴケ,kanagawa_redlist,Coccocarpia pellita (Ach.) Sant.,verbatim,7250159,Coccocarpia pellita (Ach.) Müll.Arg.,Fungi,Ascomycota,Lecanoromycetes,Peltigerales,Coccocarpiaceae,Coccocarpia,SPECIES,EXACT,80,ACCEPTED,
"libellula angelina selys, 1883","Libellula angelina Selys, 1883",ベッコウトンボ,kanagawa_redlist,"Libellula angelina Selys, 1883",verbatim,1427955,"Libellula angelina Selys, 1883",Animalia,Arthropoda,Insecta,Odonata,Libellulidae,Libellula,SPECIES,EXACT,100,ACCEPTED,
procyon lotor,Procyon lotor,アライグマ,moe_ias_list,Procyon lotor,verbatim,5218786,"Procyon lotor (Linnaeus, 1758)",Animalia,Chordata,Mammalia,Carnivora,Procyonidae,Procyon,SPECIES,EXACT,99,ACCEPTED,
morone chrysops,Morone chrysops,ホワイトバス,moe_ias_list,Morone chrysops,verbatim,2394598,"Morone chrysops (Rafinesque, 1820)",Animalia,Chordata,,Perciformes,Moronidae,Morone,SPECIES,EXACT,99,ACCEPTED,
sagra femorata,Sagra femorata,フェモラータオオモモブトハムシ,moe_ias_list,Sagra femorata,verbatim,1047941,"Sagra femorata (Drury, 1773)",Animalia,Arthropoda,Insecta,Coleoptera,Chrysomelidae,Sagra,SPECIES,EXACT,99,ACCEPTED,
achatina fulica,Achatina fulica,アフリカマイマイ,moe_ias_list,Achatina fulica,verbatim,10928934,"Achatina fulica Bowdich, 1822",Animalia,Mollusca,Gastropoda,Stylommatophora,Achatinidae,Lissachatina,SPECIES,EXACT,98,SYNONYM,
protobothrops mucrosquamatus,Protobothrops mucrosquamatus,タイワンハブ,moe_ias_list,Protobothrops mucrosquamatus,verbatim,9738226,"Protobothrops mucrosquamatus (Cantor, 1839)",Animalia,Chordata,Squamata,,Viperidae,Protobothrops,SPECIES,EXACT,98,ACCEPTED,
cryptostegia grandiflora,Cryptostegia grandiflora,オオバナアサガオ（インドゴムカズラ）,moe_ias_list,Cryptostegia grandiflora,verbatim,3170473,Cryptostegia grandiflora (Roxb.) R.Br.,Plantae,Tracheophyta,Magnoliopsida,Gentianales,Apocynaceae,Cryptostegia,SPECIES,EXACT,99,ACCEPTED,
columba janthina nitens,Columba janthina nitens,アカガシラカラスバト,moe_redlist,Columba janthina nitens,verbatim,5231840,"Columba janthina nitens (Stejneger, 1887)",Animalia,Chordata,Aves,Columbiformes,Columbidae,Columba,SUBSPECIES,EXACT,98,ACCEPTED,
fimbristylis leptoclada var. takamineana,Fimbristylis leptoclada var. takamineana,チャイロテンツキ,moe_redlist,Fimbristylis leptoclada var. takamineana,verbatim,2708598,Fimbristylis leptoclada var. takamineana (Ohwi) T.Koyama,Plantae,Tracheophyta,Liliopsida,Poales,Cyperaceae,Fimbristylis,VARIETY,EXACT,99,ACCEPTED,
chiastocaulon theriotanum,Chiastocaulon theriotanum,ハットリムカイバハネゴケ,moe_redlist,Chiastocaulon theriotanum,verbatim,9546125,"Chiastocaulon theriotanum (Steph.) S.D.F.Patzak, M.A.M.Renner, Schäf.-Verw. & Heinrichs",Plantae,Marchantiophyta,Jungermanniopsida,Jungermanniales,Plagiochilaceae,Chiastocaulon,SPECIES,EXACT,99,ACCEPTED,
nitella imahorii,Nitella imahorii,フラスコモダマシ,moe_redlist,Nitella imahorii,verbatim,2637771,"Nitella C.Agardh, 1824",Plantae,Charophyta,Charophyceae,Charales,Characeae,Nitella,GENUS,HIGHERRANK,94,ACCEPTED,
cornicularia normoerica,Cornicularia normoerica,ミヤマヒジキゴケ,moe_redlist,Cornicularia normoerica,verbatim,5261206,Cornicularia normoerica (Gunnerus) Du Rietz,Fungi,Ascomycota,Lecanoromycetes,Lecanorales,Parmeliaceae,Cornicularia,SPECIES,EXACT,99,ACCEPTED,
pluteus horridilamellus,Pluteus horridilamellus,フサベニヒダタケ,moe_redlist,Pluteus horridilamellus,verbatim,5449830,Pluteus horridilamellus S.Ito & S.Imai,Fungi,Basidiomycota,Agaricomycetes,Agaricales,Pluteaceae,Pluteus,SPECIES,EXACT,99,ACCEPTED,
enhydra lutris,Enhydra lutris,ラッコ,moe_redlist,Enhydra lutris,verbatim,2433670,"Enhydra lutris (Linnaeus, 1758)",Animalia,Chordata,Mammalia,Carnivora,Mustelidae,Enhydra,SPECIES,EXACT,99,ACCEPTED,
pseudorasbora pumila,Pseudorasbora pumila,シナイモツゴ,moe_redlist,Pseudorasbora pumila,verbatim,2362866,"Pseudorasbora pumila Miyadi, 1930",Animalia,Chordata,,Cypriniformes,Cyprinidae,Pseudorasbora,SPECIES,EXACT,99,ACCEPTED,
aphelocheirus kawamurae,Aphelocheirus kawamurae,カワムラナベブタムシ,moe_redlist,Aphelocheirus kawamurae,verbatim,9366243,"Aphelocheirus kawamurae Matsumura, 1915",Animalia,Arthropoda,Insecta,Hemiptera,Aphelocheiridae,Aphelocheirus,SPECIES,EXACT,99,ACCEPTED,
trochochlamys ogasawarana,Trochochlamys ogasawarana,オガサワラキビ,moe_redlist,Trochochlamys ogasawarana,verbatim,5783494,"Trochochlamys ogasawarana (Pilsbry, 1902)",Animalia,Mollusca,Gastropoda,Stylommatophora,Chronidae,Trochochlamys,SPECIES,EXACT,99,ACCEPTED,
amamiku occulta,Amamiku occulta,カクレサワガニ,moe_redlist,Amamiku occulta,verbatim,5790555,"Amamiku occulta Naruse, Segawa & Aotsuka, 2007",Animalia,Arthropoda,Malacostraca,Decapoda,Potamidae,Amamiku,SPECIES,EXACT,99,ACCEPTED,
eptatretus atami,Eptatretus atami,クロヌタウナギ,moe_redlist,Eptatretus atami,verbatim,2498591,"Eptatretus atami (Dean, 1904)",Animalia,Chordata,Myxini,Myxiniformes,Myxinidae,Eptatretus,SPECIES,EXACT,99,ACCEPTED,
sestrostoma sp.,Sestrostoma sp.,シタゴコロガニ,moe_redlist,Sestrostoma sp.,verbatim,4644672,"Sestrostoma Davie & Ng, 2007",Animalia,Arthropoda,Malacostraca,Decapoda,Varunidae,Sestrostoma,GENUS,HIGHERRANK,94,ACCEPTED,
ikeda taenioides,Ikeda taenioides,サナダユムシ,moe_redlist,Ikeda taenioides,verbatim,2508937,"Ikeda taenioides (Ikeda, 1904)",Animalia,Annelida,Polychaeta,Echiuroidea,Ikedidae,Ikeda,SPECIES,EXACT,99,ACCEPTED,
najas ancistrocarpa a.braun ex magnus,Najas ancistrocarpa A.Braun ex Magnus,ムサシモ,kanagawa_redlist,Najas ancistrocarpa A.Braun ex Magnus,verbatim,5329385,Najas ancistrocarpa A.Braun ex Magnus,Plantae,Tracheophyta,Liliopsida,Alismatales,Hydrocharitaceae,Najas,SPECIES,EXACT,100,ACCEPTED,
meteorium subpolytrichum (besch.) broth.,Meteorium subpolytrichum (Besch.) Broth.,ハイヒモゴケ,kanagawa_redlist,Meteorium subpolytrichum (Besch.) Broth.,verbatim,2677965,Meteorium subpolytrichum (Besch.) Broth.,Plantae,Bryophyta,Bryopsida,Hypnales,Meteoriaceae,Meteorium,SPECIES,EXACT,100,ACCEPTED,
chara braunii gmelin,Chara braunii Gmelin,シャジクモ,kanagawa_redlist,Chara braunii Gmelin,verbatim,5270720,Chara braunii C.C.Gmel.,Plantae,Charophyta,Charophyceae,Charales,Characeae,Chara,SPECIES,EXACT,100,ACCEPTED,
dendriscosticta praetextata (raesaenen) moncada & luecking,Dendriscosticta praetextata (Raesaenen) Moncada & Luecking,ニセトゲヨロイゴケ,kanagawa_redlist,Dendriscosticta praetextata (Raesaenen) Moncada & Luecking,verbatim,9671220,Dendriscosticta praetextata (Räsänen) B.Moncada & Lücking,Fungi,Ascomycota,Lecanoromycetes,Peltigerales,Lobariaceae,Dendriscosticta,SPECIES,EXACT,100,ACCEPTED,
"sympecma paedisca (brauer, 1877)","Sympecma paedisca (Brauer, 1877)",オツネントンボ,kanagawa_redlist,"Sympecma paedisca (Brauer, 1877)",verbatim,1424202,"Sympecma paedisca (Brauer, 1877)",Animalia,Arthropoda,Insecta,Odonata,Lestidae,Sympecma,SPECIES,EXACT,100,ACCEPTED,
muntiacus reevesi,Muntiacus reevesi,キョン,moe_ias_list,Muntiacus reevesi,verbatim,2440946,"Muntiacus reevesi (Ogilby, 1839)",Animalia,Chordata,Mammalia,Artiodactyla,Cervidae,Muntiacus,SPECIES,EXACT,99,ACCEPTED,
perca fluviatilis,Perca fluviatilis,ヨーロピアンパーチ,moe_ias_list,Perca fluviatilis,verbatim,8140485,"Perca fluviatilis Linnaeus, 1758",Animalia,Chordata,,Perciformes,Percidae,Perca,SPECIES,EXACT,99,ACCEPTED,
delta pyriforme,Delta pyriforme,チャイロネッタイスズバチ,moe_ias_list,Delta pyriforme,verbatim,5036745,"Delta pyriforme (Fabricius, 1775)",Animalia,Arthropoda,Insecta,Hymenoptera,Eumenidae,Delta,SPECIES,EXACT,99,ACCEPTED,
ascidiella aspersa,Ascidiella aspersa,ヨーロッパザラボヤ,moe_ias_list,Ascidiella aspersa,verbatim,5200467,"Ascidiella aspersa (Müller, 1776)",Animalia,Chordata,Ascidiacea,Phlebobranchia,Ascidiidae,Ascidiella,SPECIES,EXACT,99,ACCEPTED,
iguana iguana,Iguana iguana,グリーンイグアナ,moe_ias_list,Iguana iguana,verbatim,2459658,"Iguana iguana (Linnaeus, 1758)",Animalia,Chordata,Squamata,,Iguanidae,Iguana,SPECIES,EXACT,99,ACCEPTED,
macfadyena unguis-cati,Macfadyena unguis-cati,トラノツメ（ネコノツメ）,moe_ias_list,Macfadyena unguis-cati,verbatim,5415074,Macfadyena unguis-cati (L.) A.H.Gentry,Plantae,Tracheophyta,Magnoliopsida,Lamiales,Bignoniaceae,Dolichandra,SPECIES,EXACT,98,SYNONYM,
rallus okinawae,Rallus okinawae,ヤンバルクイナ,moe_redlist,Rallus okinawae,verbatim,5789352,"Rallus okinawae Yamashina & Mano, 1981",Animalia,Chordata,Aves,Gruiformes,Rallidae,Gallirallus,SPECIES,EXACT,98,SYNONYM,
fimbristylis pauciflora,Fimbristylis pauciflora,イシガキイトテンツキ,moe_redlist,Fimbristylis pauciflora,verbatim,2708493,Fimbristylis pauciflora R.Br.,Plantae,Tracheophyta,Liliopsida,Poales,Cyperaceae,Fimbristylis,SPECIES,EXACT,99,ACCEPTED,
schistochila aligera,Schistochila aligera,フィリピンオヤコゴケ,moe_redlist,Schistochila aligera,verbatim,7399230,Schistochila aligera (Nees & Blume) J.B.Jack & Steph.,Plantae,Marchantiophyta,Jungermanniopsida,Jungermanniales,Schistochilaceae,Schistochila,SPECIES,EXACT,99,ACCEPTED,
nitella inversa,Nitella inversa,サカゴフラスコモ,moe_redlist,Nitella inversa,verbatim,2637906,Nitella inversa K.Imahori,Plantae,Charophyta,Charophyceae,Charales,Characeae,Nitella,SPECIES,EXACT,99,ACCEPTED,
lethariella togashii,Lethariella togashii,ナヨナヨサガリゴケ,moe_redlist,Lethariella togashii,verbatim,3409308,Lethariella togashii (Asahina) Krog,Fungi,Ascomycota,Lecanoromycetes,Lecanorales,Parmeliaceae,Lethariella,SPECIES,EXACT,99,ACCEPTED,
psathyrella boninensis,Psathyrella boninensis,オガサワライタチタケ,moe_redlist,Psathyrella boninensis,verbatim,3319791,Psathyrella boninensis (S.Ito & S.Imai) S.Ito,Fungi,Basidiomycota,Agaricomycetes,Agaricales,Psathyrellaceae,Psathyrella,SPECIES,EXACT,99,ACCEPTED,
zalophus japonicus,Zalophus japonicus,ニホンアシカ,moe_redlist,Zalophus japonicus,verbatim,2433459,"Zalophus japonicus (Peters, 1866)",Animalia,Chordata,Mammalia,Carnivora,Otariidae,Zalophus,SPECIES,EXACT,99,ACCEPTED,
rhodeus atremius suigensis,Rhodeus atremius suigensis,スイゲンゼニタナゴ,moe_redlist,Rhodeus atremius suigensis,verbatim,6166550,"Rhodeus atremius suigensis (Mori, 1935)",Animalia,Chordata,,Cypriniformes,Cyprinidae,Rhodeus,SUBSPECIES,EXACT,98,SYNONYM,
carabus arrowianus kirimurai,Carabus arrowianus kirimurai,ミカワオサムシ御浜町亜種,moe_redlist,Carabus arrowianus kirimurai,verbatim,9195212,"Carabus arrowianus kirimurai Kubota & Yahiro, 2003",Animalia,Arthropoda,Insecta,Coleoptera,Carabidae,Carabus,SUBSPECIES,EXACT,98,ACCEPTED,
vitrinula chichijimana,Vitrinula chichijimana,チチジマレンズガイ,moe_redlist,Vitrinula chichijimana,verbatim,5783516,"Vitrinula chichijimana (Pilsbry & Y.Hirase, 1905)",Animalia,Mollusca,Gastropoda,Stylommatophora,Ariophantidae,Vitrinula,SPECIES,EXACT,99,ACCEPTED,
geothelphusa levicervix,Geothelphusa levicervix,トカシキオオサワガニ,moe_redlist,Geothelphusa levicervix,verbatim,5790270,"Geothelphusa levicervix (Rathbun, 1898)",Animalia,Arthropoda,Malacostraca,Decapoda,Potamidae,Geothelphusa,SPECIES,EXACT,99,ACCEPTED,
mustelusmanazo,Mustelusmanazo,ホシザメ,moe_redlist,Mustelusmanazo,verbatim,,,,,,,,,,NONE,100,,No match because of too little confidence
tritodynamia rathbuni,Tritodynamia rathbuni,オオヨコナガピンノ,moe_redlist,Tritodynamia rathbuni,verbatim,10870053,"Tritodynamia rathbuni Shen, 1932",Animalia,Arthropoda,Malacostraca,Decapoda,Macrophthalmidae,Tritodynamia,SPECIES,EXACT,99,ACCEPTED,
ikedosoma elegans,Ikedosoma elegans,ユメユムシ,moe_redlist,Ikedosoma elegans,verbatim,2508981,"Ikedosoma elegans (Ikeda, 1904)",Animalia,Annelida,Polychaeta,Echiuroidea,Thalassematidae,Ikedosoma,SPECIES,EXACT,99,ACCEPTED,
triglochin asiatica (kitag.) a. & d. loeve,Triglochin asiatica (Kitag.) A. & D. Loeve,シバナ,kanagawa_redlist,Triglochin asiatica (Kitag.) A. & D. Loeve,verbatim,2865388,Triglochin asiatica (Kitag.) Á.Löve & D.Löve,Plantae,Tracheophyta,Liliopsida,Alismatales,Juncaginaceae,Triglochin,SPECIES,EXACT,100,SYNONYM,
meteoriella soluta (mitt.) s.okam.,Meteoriella soluta (Mitt.) S.Okam.,オオミミゴケ,kanagawa_redlist,Meteoriella soluta (Mitt.) S.Okam.,verbatim,2678182,Meteoriella soluta (Mitt.) S.Okamura,Plantae,Bryophyta,Bryopsida,Hypnales,Hylocomiaceae,Meteoriella,SPECIES,EXACT,100,ACCEPTED,
nephromopsis nephromoides (nyl.) randlane & saag,Nephromopsis nephromoides (Nyl.) Randlane & Saag,オオアワビゴケ,kanagawa_redlist,Nephromopsis nephromoides (Nyl.) Randlane & Saag,verbatim,9817713,"Nephromopsis nephromoides (Nyl.) Ahti & Randlane, 1998",Fungi,Ascomycota,Lecanoromycetes,Lecanorales,Parmeliaceae,Nephromopsis,SPECIES,EXACT,100,ACCEPTED,
"pseudocopera annulata (selys, 1863)","Pseudocopera annulata (Selys, 1863)",モノサシトンボ,kanagawa_redlist,"Pseudocopera annulata (Selys, 1863)",verbatim,10765915,"Pseudocopera annulata (Selys, 1863)",Animalia,Arthropoda,Insecta,Odonata,Platycnemididae,Pseudocopera,SPECIES,EXACT,100,ACCEPTED,
capra hircus,Capra hircus,ノヤギ（ヤギの野生化したもの）,moe_ias_list,Capra hircus,verbatim,2441056,"Capra hircus Linnaeus, 1758",Animalia,Chordata,Mammalia,Artiodactyla,Bovidae,Capra,SPECIES,EXACT,99,ACCEPTED,
sander lucioperca,Sander lucioperca,パイクパーチ,moe_ias_list,Sander lucioperca,verbatim,2382155,"Sander lucioperca (Linnaeus, 1758)",Animalia,Chordata,,Perciformes,Percidae,Sander,SPECIES,EXACT,99,ACCEPTED,
ropalidia marginata,Ropalidia marginata,ナンヨウチビアシナガバチ,moe_ias_list,Ropalidia marginata,verbatim,1311181,"Ropalidia marginata (Lepeletier, 1836)",Animalia,Arthropoda,Insecta,Hymenoptera,Vespidae,Ropalidia,SPECIES,EXACT,99,ACCEPTED,
euglandina rosea,Euglandina rosea,ヤマヒタチオビ,moe_ias_list,Euglandina rosea,verbatim,2294109,"Euglandina rosea (A.Férussac, 1821)",Animalia,Mollusca,Gastropoda,Stylommatophora,Spiraxidae,Euglandina,SPECIES,EXACT,99,ACCEPTED,
mauremys mutica mutica,Mauremys mutica mutica,ミナミイシガメ,moe_ias_list,Mauremys mutica mutica,verbatim,6157134,"Mauremys mutica mutica Cantor, 1842",Animalia,Chordata,Testudines,,Geoemydidae,Mauremys,SUBSPECIES,EXACT,98,ACCEPTED,
thunbergia grandiflora,Thunbergia grandiflora,ベンガルヤハズカズラ（ウリバローレルカズラ）,moe_ias_list,Thunbergia grandiflora,verbatim,5415456,Thunbergia grandiflora (Roxb. ex Rottler) Roxb.,Plantae,Tracheophyta,Magnoliopsida,Lamiales,Acanthaceae,Thunbergia,SPECIES,EXACT,98,ACCEPTED,
eurynorhynchus pygmeus,Eurynorhynchus pygmeus,ヘラシギ,moe_redlist,Eurynorhynchus pygmeus,verbatim,2481833,"Eurynorhynchus pygmeus (Linnaeus, 1758)",Animalia,Chordata,Aves,Charadriiformes,Scolopacidae,Calidris,SPECIES,EXACT,98,SYNONYM,
ranunculus gmelinii,Ranunculus gmelinii,カラクサキンポウゲ,moe_redlist,Ranunculus gmelinii,verbatim,3033301,Ranunculus gmelinii DC.,Plantae,Tracheophyta,Magnoliopsida,Ranunculales,Ranunculaceae,Ranunculus,SPECIES,EXACT,97,ACCEPTED,
cololejeunea drepanolejeuneoides,Cololejeunea drepanolejeuneoides,サンカクヨウジョウゴケ,moe_redlist,Cololejeunea drepanolejeuneoides,verbatim,9514800,Cololejeunea drepanolejeuneoides (Horik.) R.M.Schust.,Plantae,Marchantiophyta,Jungermanniopsida,Porellales,Lejeuneaceae,Cololejeunea,SPECIES,EXACT,99,ACCEPTED,
nitella japonica,Nitella japonica,ニッポンフラスコモ,moe_redlist,Nitella japonica,verbatim,5838789,Nitella japonica T.F.Allen,Plantae,Charophyta,Charophyceae,Charales,Characeae,Nitella,SPECIES,EXACT,99,ACCEPTED,
myelochroa amagiensis,Myelochroa amagiensis,アマギウメノキゴケ,moe_redlist,Myelochroa amagiensis,verbatim,2605358,"Myelochroa (Y.Asahina) J.A.Elix & M.E.Hale, 1987",Fungi,Ascomycota,Lecanoromycetes,Lecanorales,Parmeliaceae,Myelochroa,GENUS,HIGHERRANK,92,ACCEPTED,2 synonym homonyms
lentinus lamelliporus,Lentinus lamelliporus,ケガワタケ属の１種,moe_redlist,Lentinus lamelliporus,verbatim,2545499,Lentinus lamelliporus Har. & Pat.,Fungi,Basidiomycota,Agaricomycetes,Polyporales,Polyporaceae,Lentinus,SPECIES,EXACT,99,ACCEPTED,
dugong dugon,Dugong dugon,ジュゴン,moe_redlist,Dugong dugon,verbatim,9729967,"Dugong dugon (Müller, 1776)",Animalia,Chordata,Mammalia,Sirenia,Dugongidae,Dugong,SPECIES,EXACT,97,ACCEPTED,
rhodeus ocellatus kurumeus,Rhodeus ocellatus kurumeus,ニッポンバラタナゴ,moe_redlist,Rhodeus ocellatus kurumeus,verbatim,6166563,"Rhodeus ocellatus kurumeus Jordan & Thompson, 1914",Animalia,Chordata,,Cypriniformes,Cyprinidae,Rhodeus,SUBSPECIES,EXACT,98,SYNONYM,
chlaenius praefectus,Chlaenius praefectus,アオヘリアオゴミムシ,moe_redlist,Chlaenius praefectus,verbatim,7372155,"Chlaenius praefectus Bates, 1873",Animalia,Arthropoda,Insecta,Coleoptera,Carabidae,Chlaenius,SPECIES,EXACT,99,ACCEPTED,
vitrinula hahajimana,Vitrinula hahajimana,ハハジマレンズガイ,moe_redlist,Vitrinula hahajimana,verbatim,5783518,"Vitrinula hahajimana (Pilsbry & Y.Hirase, 1905)",Animalia,Mollusca,Gastropoda,Stylommatophora,Ariophantidae,Vitrinula,SPECIES,EXACT,99,ACCEPTED,
geothelphusa miyakoensis,Geothelphusa miyakoensis,ミヤコサワガニ,moe_redlist,Geothelphusa miyakoensis,verbatim,4312556,"Geothelphusa miyakoensis Shokita, Naruse & Fuji, 2002",Animalia,Arthropoda,Malacostraca,Decapoda,Potamidae,Geothelphusa,SPECIES,EXACT,99,ACCEPTED,
mustelus griseus,Mustelus griseus,シロザメ,moe_redlist,Mustelus griseus,verbatim,2418332,"Mustelus griseus Pietschmann, 1908",Animalia,Chordata,Elasmobranchii,Carcharhiniformes,Triakidae,Mustelus,SPECIES,EXACT,99,ACCEPTED,
pinnixa banzu,Pinnixa banzu,バンズマメガニ,moe_redlist,Pinnixa banzu,verbatim,7680020,"Pinnixa banzu Komai, Nishi & Taru, 2014",Animalia,Arthropoda,Malacostraca,Decapoda,Pinnotheridae,Pinnixa,SPECIES,EXACT,99,ACCEPTED,
ikedosoma gogoshimense,Ikedosoma gogoshimense,ゴゴシマユムシ,moe_redlist,Ikedosoma gogoshimense,verbatim,4288846,"Ikedosoma gogoshimense (Ikeda, 1904)",Animalia,Annelida,Polychaeta,Echiuroidea,Thalassematidae,Ikedosoma,SPECIES,EXACT,99,ACCEPTED,
potamogeton dentatus hagstr.,Potamogeton dentatus Hagstr.,ガシャモク,kanagawa_redlist,Potamogeton dentatus Hagstr.,verbatim,5642444,Potamogeton dentatus Hagstr.,Plantae,Tracheophyta,Liliopsida,Alismatales,Potamogetonaceae,Potamogeton,SPECIES,EXACT,100,ACCEPTED,
eumyurium sinicum (mitt.) nog.,Eumyurium sinicum (Mitt.) Nog.,フクラゴケ,kanagawa_redlist,Eumyurium sinicum (Mitt.) Nog.,verbatim,2673646,Eumyurium sinicum (Mitt.) Nog.,Plantae,Bryophyta,Bryopsida,Hypnales,Myuriaceae,Eumyurium,SPECIES,EXACT,100,ACCEPTED,
everniastrum cirrhatum (fr.) sipman,Everniastrum cirrhatum (Fr.) Sipman,ツノマタゴケモドキ,kanagawa_redlist,Everniastrum cirrhatum (Fr.) Sipman,verbatim,2605713,Everniastrum cirrhatum (E.Fr.) Hale ex Sipmen,Fungi,Ascomycota,Lecanoromycetes,Lecanorales,Parmeliaceae,Hypotrachyna,SPECIES,EXACT,100,SYNONYM,
"ceriagrion melanurum selys, 1876","Ceriagrion melanurum Selys, 1876",キイトトンボ,kanagawa_redlist,"Ceriagrion melanurum Selys, 1876",verbatim,1423271,"Ceriagrion melanurum Selys, 1876",Animalia,Arthropoda,Insecta,Odonata,Coenagrionidae,Ceriagrion,SPECIES,EXACT,100,ACCEPTED,
callosiurus erythraecus,Callosiurus erythraecus,クリハラリス（タイワンリス）,moe_ias_list,Callosiurus erythraecus,verbatim,2437394,"Callosciurus erythraeus (Pallas, 1779)",Animalia,Chordata,Mammalia,Rodentia,Sciuridae,Callosciurus,SPECIES,FUZZY,80,ACCEPTED,
tilapia mariae,Tilapia mariae,スポッテッドティラピア,moe_ias_list,Tilapia mariae,verbatim,2370632,"Tilapia mariae Boulenger, 1899",Animalia,Chordata,,Perciformes,Cichlidae,Pelmatolapia,SPECIES,EXACT,98,SYNONYM,
bombus terrestris,Bombus terrestris,セイヨウオオマルハナバチ,moe_ias_list,Bombus terrestris,verbatim,1340503,"Bombus terrestris (Linnaeus, 1758)",Animalia,Arthropoda,Insecta,Hymenoptera,Apidae,Bombus,SPECIES,EXACT,99,ACCEPTED,
bursaphelenchus xylophilus,Bursaphelenchus xylophilus,マツノザイセンチュウ,moe_ias_list,Bursaphelenchus xylophilus,verbatim,8848401,"Bursaphelenchus xylophilus Steiner & Buhrer, 1934",Animalia,Nematoda,Chromadorea,Rhabditida,Aphelenchoididae,Bursaphelenchus,SPECIES,EXACT,98,ACCEPTED,
pelodiscus sinensis sinensis,Pelodiscus sinensis sinensis,チュウゴクスッポン,moe_ias_list,Pelodiscus sinensis sinensis,verbatim,5220435,"Pelodiscus sinensis Wiegmann, 1835",Animalia,Chordata,Testudines,,Trionychidae,Pelodiscus,SPECIES,HIGHERRANK,99,ACCEPTED,
sansevieria trifasciata,Sansevieria trifasciata,アツバチトセラン（サンスベリア）,moe_ias_list,Sansevieria trifasciata,verbatim,2770610,Sansevieria trifasciata Prain,Plantae,Tracheophyta,Liliopsida,Asparagales,Asparagaceae,Dracaena,SPECIES,EXACT,98,SYNONYM,
tringa totanus eurhinus,Tringa totanus eurhinus,アカアシシギ,moe_redlist,Tringa totanus eurhinus,verbatim,6065961,"Tringa totanus eurhina (Oberholser, 1900)",Animalia,Chordata,Aves,Charadriiformes,Scolopacidae,Tringa,SUBSPECIES,FUZZY,96,ACCEPTED,
flemingia strobilifera,Flemingia strobilifera,ソロハギ,moe_redlist,Flemingia strobilifera,verbatim,5359843,Flemingia strobilifera (L.) W.T.Aiton,Plantae,Tracheophyta,Magnoliopsida,Fabales,Fabaceae,Flemingia,SPECIES,EXACT,97,ACCEPTED,
radula boninensis,Radula boninensis,オガサワラケビラゴケ,moe_redlist,Radula boninensis,verbatim,8276689,Radula boninensis Furuki & K.Yamada,Plantae,Marchantiophyta,Jungermanniopsida,Porellales,Radulaceae,Radula,SPECIES,EXACT,99,ACCEPTED,
nitella pseudoflabellata f. spinosa,Nitella pseudoflabellata f. spinosa,トゲフラスコモ,moe_redlist,Nitella pseudoflabellata f. spinosa,verbatim,2637819,Nitella pseudoflabellata A.Braun,Plantae,Charophyta,Charophyceae,Charales,Characeae,Nitella,SPECIES,HIGHERRANK,99,ACCEPTED,
oropogon orientalis,Oropogon orientalis,ヨシノミヤマクグラ,moe_redlist,Oropogon orientalis,verbatim,3408831,Oropogon orientalis (Gyel.) Essl.,Fungi,Ascomycota,Lecanoromycetes,Lecanorales,Parmeliaceae,Oropogon,SPECIES,EXACT,99,ACCEPTED,
albatrellus cantharellus,Albatrellus cantharellus,アミラッパタケ,moe_redlist,Albatrellus cantharellus,verbatim,2551795,Albatrellus cantharellus (Lloyd) Pouzar,Fungi,Basidiomycota,Agaricomycetes,Russulales,Albatrellaceae,Albatrellus,SPECIES,EXACT,99,ACCEPTED,
crocidura orii,Crocidura orii,オリイジネズミ,moe_redlist,Crocidura orii,verbatim,2435561,"Crocidura orii Kuroda, 1924",Animalia,Chordata,Mammalia,Soricomorpha,Soricidae,Crocidura,SPECIES,EXACT,99,ACCEPTED,
sarcocheilichthys biwaensis,Sarcocheilichthys biwaensis,アブラヒガイ,moe_redlist,Sarcocheilichthys biwaensis,verbatim,2361873,"Sarcocheilichthys biwaensis Hosoya, 1982",Animalia,Chordata,,Cypriniformes,Cyprinidae,Sarcocheilichthys,SPECIES,EXACT,99,ACCEPTED,
cylindera bonina,Cylindera bonina,オガサワラハンミョウ,moe_redlist,Cylindera bonina,verbatim,8041765,"Cylindera bonina (Nakane & Kurosawa, 1959)",Animalia,Arthropoda,Insecta,Coleoptera,Carabidae,Cylindera,SPECIES,EXACT,99,ACCEPTED,
ogasawarana obtusa,Ogasawarana obtusa,ミガキヤマキサゴ,moe_redlist,Ogasawarana obtusa,verbatim,4304884,"Ogasawarana A.J.Wagner, 1905",Animalia,Mollusca,Gastropoda,Cycloneritida,Helicinidae,Ogasawarana,GENUS,HIGHERRANK,94,ACCEPTED,
geothelphusa shokitai,Geothelphusa shokitai,センカクサワガニ,moe_redlist,Geothelphusa shokitai,verbatim,5790277,"Geothelphusa shokitai Shy & Ng, 1998",Animalia,Arthropoda,Malacostraca,Decapoda,Potamidae,Geothelphusa,SPECIES,EXACT,99,ACCEPTED,
hemitriakis japanica,Hemitriakis japanica,エイラクブカ,moe_redlist,Hemitriakis japanica,verbatim,2418293,"Hemitriakis japanica (Müller & Henle, 1839)",Animalia,Chordata,Elasmobranchii,Carcharhiniformes,Triakidae,Hemitriakis,SPECIES,EXACT,99,ACCEPTED,
alpheus fujitai,Alpheus fujitai,フジタアシボソテッポウエビ,moe_redlist,Alpheus fujitai,verbatim,6455820,"Alpheus fujitai Nomura & Anker, 2005",Animalia,Arthropoda,Malacostraca,Decapoda,Alpheidae,Alpheus,SPECIES,EXACT,99,ACCEPTED,
urechis unicinctus,Urechis unicinctus,ユムシ,moe_redlist,Urechis unicinctus,verbatim,2509002,"Urechis unicinctus (Drasche, 1880)",Animalia,Annelida,Polychaeta,Echiuroidea,Urechidae,Urechis,SPECIES,EXACT,99,ACCEPTED,
zannichellia palustris l.,Zannichellia palustris L.,イトクズモ,kanagawa_redlist,Zannichellia palustris L.,verbatim,2756540,Zannichellia palustris L.,Plantae,Tracheophyta,Liliopsida,Alismatales,Potamogetonaceae,Zannichellia,SPECIES,EXACT,100,ACCEPTED,
asterella mussuriensis (kashyap) verd. ssp. crassa (shimizu & s.hatt.) d.g.long,Asterella mussuriensis (Kashyap) Verd. ssp. crassa (Shimizu & S.Hatt.) D.G.Long,アツバサイハイゴケ,kanagawa_redlist,Asterella mussuriensis (Kashyap) Verd. ssp. crassa (Shimizu & S.Hatt.) D.G.Long,verbatim,9451795,Asterella mussuriensis subsp. crassa (Shimizu & S.Hatt.) D.G.Long,Plantae,Marchantiophyta,Marchantiopsida,Marchantiales,Aytoniaceae,Asterella,SUBSPECIES,EXACT,100,ACCEPTED,
gyalecta japonica asahina,Gyalecta japonica Asahina,ジンムジサラゴケ,kanagawa_redlist,Gyalecta japonica Asahina,verbatim,2560988,"Gyalecta Ach., 1808",Fungi,Ascomycota,Lecanoromycetes,Gyalectales,Gyalectaceae,Gyalecta,GENUS,HIGHERRANK,92,ACCEPTED,
"paracercion hieroglyphicum (brauer, 1865)","Paracercion hieroglyphicum (Brauer, 1865)",セスジイトトンボ,kanagawa_redlist,"Paracercion hieroglyphicum (Brauer, 1865)",verbatim,1423555,"Paracercion hieroglyphicum (Brauer, 1865)",Animalia,Arthropoda,Insecta,Odonata,Coenagrionidae,Paracercion,SPECIES,EXACT,100,ACCEPTED,
sciurus vulgaris,Sciurus vulgaris,キタリス,moe_ias_list,Sciurus vulgaris,verbatim,8211070,"Sciurus vulgaris Linnaeus, 1758",Animalia,Chordata,Mammalia,Rodentia,Sciuridae,Sciurus,SPECIES,EXACT,99,ACCEPTED,
pterygoplichthys multiradiatus,Pterygoplichthys multiradiatus,オリノコセイルフィンキャットフィッシュ,moe_ias_list,Pterygoplichthys multiradiatus,verbatim,2339962,"Pterygoplichthys multiradiatus (Hancock, 1828)",Animalia,Chordata,,Siluriformes,Loricariidae,Pterygoplichthys,SPECIES,EXACT,99,ACCEPTED,
protaetia pryeri,Protaetia pryeri,伊豆諸島などのリュウキュウツヤハナムグリ,moe_ias_list,Protaetia pryeri,verbatim,1080338,"Protaetia pryeri (Janson, 1888)",Animalia,Arthropoda,Insecta,Coleoptera,Scarabaeidae,Protaetia,SPECIES,EXACT,99,ACCEPTED,
crepidula onyx,Crepidula onyx,シマメノウフネガイ,moe_ias_list,Crepidula onyx,verbatim,5192786,"Crepidula onyx G.B.Sowerby I, 1824",Animalia,Mollusca,Gastropoda,Littorinimorpha,Calyptraeidae,Crepidula,SPECIES,EXACT,98,ACCEPTED,
japalura swinhonis,Japalura swinhonis,スインホーキノボリトカゲ,moe_ias_list,Japalura swinhonis,verbatim,2465986,"Japalura swinhonis Günther, 1864",Animalia,Chordata,Squamata,,Agamidae,Diploderma,SPECIES,EXACT,97,SYNONYM,2 synonym homonyms
bambusa vulgaris,Bambusa vulgaris,ダイサンチク（タイサンチク）,moe_ias_list,Bambusa vulgaris,verbatim,7661971,Bambusa vulgaris Schrad. ex J.C.Wendl.,Plantae,Tracheophyta,Liliopsida,Poales,Poaceae,Bambusa,SPECIES,EXACT,97,ACCEPTED,
tringa guttifer,Tringa guttifer,カラフトアオアシシギ,moe_redlist,Tringa guttifer,verbatim,2481723,"Tringa guttifer (Nordmann, 1835)",Animalia,Chordata,Aves,Charadriiformes,Scolopacidae,Tringa,SPECIES,EXACT,99,ACCEPTED,
lespedeza hisauchii,Lespedeza hisauchii,サガミメドハギ,moe_redlist,Lespedeza hisauchii,verbatim,3979009,Lespedeza hisauchii T.Nemoto & H.Ohashi,Plantae,Tracheophyta,Magnoliopsida,Fabales,Fabaceae,Lespedeza,SPECIES,EXACT,99,ACCEPTED,
brachydontium olympicum,Brachydontium olympicum,オリンピックゴケ,moe_redlist,Brachydontium olympicum,verbatim,2670152,Brachydontium olympicum (E.Britton) T.T.McIntosh & J.R.Spence,Plantae,Bryophyta,Bryopsida,Grimmiales,Ptychomitriaceae,Brachydontium,SPECIES,EXACT,99,ACCEPTED,
nitella pseudoflabellata var. mucosa,Nitella pseudoflabellata var. mucosa,ミノフサフラスコモ,moe_redlist,Nitella pseudoflabellata var. mucosa,verbatim,2637819,Nitella pseudoflabellata A.Braun,Plantae,Charophyta,Charophyceae,Charales,Characeae,Nitella,SPECIES,HIGHERRANK,99,ACCEPTED,
parmelia erumpens,Parmelia erumpens,アワフキカラクサゴケ,moe_redlist,Parmelia erumpens,verbatim,2605945,Parmelia erumpens Kurok.,Fungi,Ascomycota,Lecanoromycetes,Lecanorales,Parmeliaceae,Notoparmelia,SPECIES,EXACT,98,SYNONYM,
fulvifomes boninensis,Fulvifomes boninensis,オオメシマコブ,moe_redlist,Fulvifomes boninensis,verbatim,12187954,"Fulvifomes boninensis T.Hatt., Y.Ota & Sotome",Fungi,Basidiomycota,Agaricomycetes,Hymenochaetales,Hymenochaetaceae,Fulvifomes,SPECIES,EXACT,99,ACCEPTED,
mogera etigo,Mogera etigo,エチゴモグラ,moe_redlist,Mogera etigo,verbatim,2436174,"Mogera etigo Yoshiyuki & Imaizumi, 1991",Animalia,Chordata,Mammalia,Soricomorpha,Talpidae,Mogera,SPECIES,EXACT,98,SYNONYM,
tanakia tanago,Tanakia tanago,ミヤコタナゴ,moe_redlist,Tanakia tanago,verbatim,2366945,"Tanakia tanago (Tanaka, 1909)",Animalia,Chordata,,Cypriniformes,Cyprinidae,Tanakia,SPECIES,EXACT,99,ACCEPTED,
oodes virens,Oodes virens,オオヒラタトックリゴミムシ,moe_redlist,Oodes virens,verbatim,9301616,"Oodes virens Wiedemann, 1823",Animalia,Arthropoda,Insecta,Coleoptera,Carabidae,Brachyodes,SPECIES,EXACT,98,SYNONYM,
chamalycaeus okinawaensis,Chamalycaeus okinawaensis,オキナワムシオイ,moe_redlist,Chamalycaeus okinawaensis,verbatim,9872085,"Chamalycaeus okinawaensis K.Uozumi, A.Yamamoto & Habe, 1979",Animalia,Mollusca,Gastropoda,Architaenioglossa,Alycaeidae,Dicharax,SPECIES,EXACT,98,SYNONYM,
geothelphusa tenuimanus,Geothelphusa tenuimanus,ヒメユリサワガニ,moe_redlist,Geothelphusa tenuimanus,verbatim,5790272,"Geothelphusa tenuimanus (Miyake & Minei, 1965)",Animalia,Arthropoda,Malacostraca,Decapoda,Potamidae,Geothelphusa,SPECIES,EXACT,99,ACCEPTED,
carcharhinus tjutjot,Carcharhinus tjutjot,スミツキザメ,moe_redlist,Carcharhinus tjutjot,verbatim,2418196,"Carcharhinus tjutjot (Bleeker, 1852)",Animalia,Chordata,Elasmobranchii,Carcharhiniformes,Carcharhinidae,Carcharhinus,SPECIES,EXACT,99,ACCEPTED,
upogebia sakaii,Upogebia sakaii,コブシアナジャコ,moe_redlist,Upogebia sakaii,verbatim,6458675,"Upogebia sakaii Ngoc-Ho, 1994",Animalia,Arthropoda,Malacostraca,Decapoda,Upogebiidae,Upogebia,SPECIES,EXACT,99,ACCEPTED,
balanoglossus carnosus,Balanoglossus carnosus,ワダツミギボシムシ,moe_redlist,Balanoglossus carnosus,verbatim,2254531,"Balanoglossus carnosus (Willey, 1899)",Animalia,Hemichordata,Enteropneusta,,Ptychoderidae,Balanoglossus,SPECIES,EXACT,99,ACCEPTED,
ruppia maritima l.,Ruppia maritima L.,カワツルモ,kanagawa_redlist,Ruppia maritima L.,verbatim,2864004,Ruppia maritima L.,Plantae,Tracheophyta,Liliopsida,Alismatales,Ruppiaceae,Ruppia,SPECIES,EXACT,100,ACCEPTED,
marchantia pinnata steph.,Marchantia pinnata Steph.,ヒトデゼニゴケ,kanagawa_redlist,Marchantia pinnata Steph.,verbatim,7485267,Marchantia pinnata Steph.,Plantae,Marchantiophyta,Marchantiopsida,Marchantiales,Marchantiaceae,Marchantia,SPECIES,EXACT,100,ACCEPTED,
hypotrachyna incognita (kurok.) hale,Hypotrachyna incognita (Kurok.) Hale,イコマゴンゲンゴケモドキ,kanagawa_redlist,Hypotrachyna incognita (Kurok.) Hale,verbatim,3403798,Hypotrachyna incognita (Kurok.) Hale,Fungi,Ascomycota,Lecanoromycetes,Lecanorales,Parmeliaceae,Hypotrachyna,SPECIES,EXACT,100,ACCEPTED,
"paracercion sieboldii (selys, 1876)","Paracercion sieboldii (Selys, 1876)",オオイトトンボ,kanagawa_redlist,"Paracercion sieboldii (Selys, 1876)",verbatim,9266792,"Paracercion sieboldii (Selys, 1876)",Animalia,Arthropoda,Insecta,Odonata,Coenagrionidae,Paracercion,SPECIES,EXACT,100,ACCEPTED,
rattus rattus,Rattus rattus,クマネズミ,moe_ias_list,Rattus rattus,verbatim,2439270,"Rattus rattus (Linnaeus, 1758)",Animalia,Chordata,Mammalia,Rodentia,Muridae,Rattus,SPECIES,EXACT,99,ACCEPTED,
ictalurus punctatus,Ictalurus punctatus,チャネルキャットフィッシュ（アメリカナマズ）,moe_ias_list,Ictalurus punctatus,verbatim,5202520,"Ictalurus punctatus (Rafinesque, 1818)",Animalia,Chordata,,Siluriformes,Ictaluridae,Ictalurus,SPECIES,EXACT,99,ACCEPTED,
trypoxylus dichotomus septentrionalis,Trypoxylus dichotomus septentrionalis,北海道・沖縄のカブトムシ本土亜種,moe_ias_list,Trypoxylus dichotomus septentrionalis,verbatim,6281789,"Trypoxylus dichotomus septentrionalis Kôno, 1931",Animalia,Arthropoda,Insecta,Coleoptera,Scarabaeidae,Trypoxylus,SUBSPECIES,EXACT,98,ACCEPTED,
potamopyrgus antipodarum,Potamopyrgus antipodarum,コモチカワツボ,moe_ias_list,Potamopyrgus antipodarum,verbatim,5192470,"Potamopyrgus antipodarum (J.E.Gray, 1843)",Animalia,Mollusca,Gastropoda,Littorinimorpha,Tateidae,Potamopyrgus,SPECIES,EXACT,99,ACCEPTED,
cuora flavomarginata evelynae,Cuora flavomarginata evelynae,沖縄諸島のヤエヤマセマルハコガメ,moe_ias_list,Cuora flavomarginata evelynae,verbatim,6157097,"Cuora flavomarginata evelynae Ernst & Lovich, 1990",Animalia,Chordata,Testudines,,Geoemydidae,Cuora,SUBSPECIES,EXACT,98,ACCEPTED,
archontophoenix cunninghamiana,Archontophoenix cunninghamiana,シマケンチャヤシ（ユスラヤシモドキ）,moe_ias_list,Archontophoenix cunninghamiana,verbatim,2732621,Archontophoenix cunninghamiana (H.Wendl.) H.Wendl. & Drude,Plantae,Tracheophyta,Liliopsida,Arecales,Arecaceae,Archontophoenix,SPECIES,EXACT,98,ACCEPTED,
uria aalge inornata,Uria aalge inornata,ウミガラス,moe_redlist,Uria aalge inornata,verbatim,5229291,"Uria aalge inornata Salomonsen, 1932",Animalia,Chordata,Aves,Charadriiformes,Alcidae,Uria,SUBSPECIES,EXACT,98,ACCEPTED,
rubus hatsushimae,Rubus hatsushimae,ツクシアキツルイチゴ,moe_redlist,Rubus hatsushimae,verbatim,10911073,Rubus hatsushimae Koidz.,Plantae,Tracheophyta,Magnoliopsida,Rosales,Rosaceae,Rubus,SPECIES,EXACT,99,ACCEPTED,
calymperes strictifolium,Calymperes strictifolium,イボイボカタシロゴケ,moe_redlist,Calymperes strictifolium,verbatim,2670244,Calymperes strictifolium (Mitt.) G.Roth,Plantae,Bryophyta,Bryopsida,Dicranales,Calymperaceae,Calymperes,SPECIES,EXACT,99,ACCEPTED,
nitella tenuissima var. sanukensis,Nitella tenuissima var. sanukensis,サヌキフラスコモ,moe_redlist,Nitella tenuissima var. sanukensis,verbatim,2637958,Nitella tenuissima (Desv.) Kütz.,Plantae,Charophyta,Charophyceae,Charales,Characeae,Nitella,SPECIES,HIGHERRANK,97,ACCEPTED,
usnea dasopoga,Usnea dasopoga,ナガヒゲサルオガセ,moe_redlist,Usnea dasopoga,verbatim,10875145,Usnea dasopoga (Ach.) Nyl.,Fungi,Ascomycota,Lecanoromycetes,Lecanorales,Parmeliaceae,Usnea,SPECIES,EXACT,99,ACCEPTED,
fulvifomes imazekii,Fulvifomes imazekii,ヨコグラサルノコシカケ,moe_redlist,Fulvifomes imazekii,verbatim,12197855,"Fulvifomes imazekii T.Hatt., Y.Ota & Sotome",Fungi,Basidiomycota,Agaricomycetes,Hymenochaetales,Hymenochaetaceae,Fulvifomes,SPECIES,EXACT,99,ACCEPTED,
pteropus pselaphon,Pteropus pselaphon,オガサワラオオコウモリ,moe_redlist,Pteropus pselaphon,verbatim,5218646,"Pteropus pselaphon Lay, 1829",Animalia,Chordata,Mammalia,Chiroptera,Pteropodidae,Pteropus,SPECIES,EXACT,99,ACCEPTED,
cobitis minamorii minamorii,Cobitis minamorii minamorii,サンヨウコガタスジシマドジョウ,moe_redlist,Cobitis minamorii minamorii,verbatim,8187082,"Cobitis minamorii Nakajima, 2012",Animalia,Chordata,,Cypriniformes,Cobitidae,Cobitis,SPECIES,HIGHERRANK,99,ACCEPTED,
pterostichus yokohamae,Pterostichus yokohamae,ヨコハマナガゴミムシ,moe_redlist,Pterostichus yokohamae,verbatim,7668749,"Pterostichus yokohamae Straneo, 1979",Animalia,Arthropoda,Insecta,Coleoptera,Carabidae,Pterostichus,SPECIES,EXACT,99,ACCEPTED,
chamalycaeus sp.,Chamalycaeus sp.,イリオモテムシオイ,moe_redlist,Chamalycaeus sp.,verbatim,4304945,"Chamalycaeus Möllendorff, 1897",Animalia,Mollusca,Gastropoda,Architaenioglossa,Alycaeidae,Chamalycaeus,GENUS,HIGHERRANK,92,ACCEPTED,
paratya boninensis,Paratya boninensis,オガサワラヌマエビ,moe_redlist,Paratya boninensis,verbatim,6454811,"Paratya boninensis Satake & Cai, 2005",Animalia,Arthropoda,Malacostraca,Decapoda,Atyidae,Paratya,SPECIES,EXACT,99,ACCEPTED,
squalusmitsukurii,Squalusmitsukurii,フトツノザメ,moe_redlist,Squalusmitsukurii,verbatim,,,,,,,,,,NONE,100,,
lissoporcellana flagellicola,Lissoporcellana flagellicola,ムチヤギカクレカニダマシ,moe_redlist,Lissoporcellana flagellicola,verbatim,6457480,"Lissoporcellana flagellicola Osawa & Fujita, 2005",Animalia,Arthropoda,Malacostraca,Decapoda,Porcellanidae,Lissoporcellana,SPECIES,EXACT,99,ACCEPTED,
balanoglossusmisakiensis,Balanoglossusmisakiensis,ミサキギボシムシ,moe_redlist,Balanoglossusmisakiensis,verbatim,,,,,,,,,,NONE,100,,
burmannia championii thwaites,Burmannia championii Thwaites,ヒナノシャクジョウ,kanagawa_redlist,Burmannia championii Thwaites,verbatim,5301050,Burmannia championii Thwaites,Plantae,Tracheophyta,Liliopsida,Dioscoreales,Burmanniaceae,Burmannia,SPECIES,EXACT,100,ACCEPTED,
calycularia laxa lindb. & arnell,Calycularia laxa Lindb. & Arnell,ミヤマミズゼニゴケ,kanagawa_redlist,Calycularia laxa Lindb. & Arnell,verbatim,7742224,Calycularia laxa Lindb. & Arnell,Plantae,Marchantiophyta,Jungermanniopsida,Fossombroniales,Calyculariaceae,Calycularia,SPECIES,EXACT,100,ACCEPTED,
peltigera collina (ach.) schrad.,Peltigera collina (Ach.) Schrad.,ヘリトリツメゴケ,kanagawa_redlist,Peltigera collina (Ach.) Schrad.,verbatim,2601174,Peltigera collina (Ach.) Schrad.,Fungi,Ascomycota,Lecanoromycetes,Peltigerales,Peltigeraceae,Peltigera,SPECIES,EXACT,100,ACCEPTED,
"mortonagrion selenion (ris, 1916)","Mortonagrion selenion (Ris, 1916)",モートンイトトンボ,kanagawa_redlist,"Mortonagrion selenion (Ris, 1916)",verbatim,1423528,"Mortonagrion selenion (Ris, 1916)",Animalia,Arthropoda,Insecta,Odonata,Coenagrionidae,Mortonagrion,SPECIES,EXACT,100,ACCEPTED,
myocastor coypus,Myocastor coypus,ヌートリア,moe_ias_list,Myocastor coypus,verbatim,4264680,"Myocastor coypus (Molina, 1782)",Animalia,Chordata,Mammalia,Rodentia,Myocastoridae,Myocastor,SPECIES,EXACT,99,ACCEPTED,
lepomis macrochirus,Lepomis macrochirus,ブルーギル,moe_ias_list,Lepomis macrochirus,verbatim,2394503,"Lepomis macrochirus Rafinesque, 1819",Animalia,Chordata,,Perciformes,Centrarchidae,Lepomis,SPECIES,EXACT,99,ACCEPTED,
nassarius sinarus,Nassarius sinarus,カラムシロ,moe_ias_list,Nassarius sinarus,verbatim,2302962,"Nassarius Duméril, 1805",Animalia,Mollusca,Gastropoda,Neogastropoda,Nassariidae,Nassarius,GENUS,HIGHERRANK,94,ACCEPTED,
mauremyｓ mutica kami,Mauremyｓ mutica kami,沖縄諸島及び宮古諸島のヤエヤマイシガメ,moe_ias_list,Mauremyｓ mutica kami,verbatim,6157135,"Mauremys mutica kami Yasukawa, Ota & Iverson, 1996",Animalia,Chordata,Testudines,,Geoemydidae,Mauremys,SUBSPECIES,EXACT,98,ACCEPTED,
azolla spp.,Azolla spp.,外来アゾラ類,moe_ias_list,Azolla spp.,verbatim,2650103,Azolla Lam.,Plantae,Tracheophyta,Polypodiopsida,Salviniales,Salviniaceae,Azolla,GENUS,HIGHERRANK,94,ACCEPTED,
synthliboramphus antiquus,Synthliboramphus antiquus,ウミスズメ,moe_redlist,Synthliboramphus antiquus,verbatim,2481350,"Synthliboramphus antiquus (J.F.Gmelin, 1789)",Animalia,Chordata,Aves,Charadriiformes,Alcidae,Synthliboramphus,SPECIES,EXACT,99,ACCEPTED,
euphrasia insignis subsp. insignis var. omiensis,Euphrasia insignis subsp. insignis var. omiensis,オオミコゴメグサ,moe_redlist,Euphrasia insignis subsp. insignis var. omiensis,verbatim,7991640,Euphrasia insignis var. omiensis (Kimura) T.Yamaz.,Plantae,Tracheophyta,Magnoliopsida,Lamiales,Orobanchaceae,Euphrasia,VARIETY,EXACT,99,ACCEPTED,
paludella squarrosa,Paludella squarrosa,ヌマチゴケ,moe_redlist,Paludella squarrosa,verbatim,2675961,Paludella squarrosa (Hedw.) Brid.,Plantae,Bryophyta,Bryopsida,Splachnales,Meesiaceae,Paludella,SPECIES,EXACT,99,ACCEPTED,
aegagropila brownii,Aegagropila brownii,マリモ,moe_redlist,Aegagropila brownii,verbatim,,,,,,,,,,NONE,100,,
usnea glabrescens,Usnea glabrescens,オニヒゲサルオガセ,moe_redlist,Usnea glabrescens,verbatim,2606045,Usnea glabrescens (Nyl. ex Vain.) Vain.,Fungi,Ascomycota,Lecanoromycetes,Lecanorales,Parmeliaceae,Usnea,SPECIES,EXACT,97,ACCEPTED,
baeospora myriadophylla,Baeospora myriadophylla,フジイロアマタケ,moe_redlist,Baeospora myriadophylla,verbatim,2537965,Baeospora myriadophylla (Peck) Singer,Fungi,Basidiomycota,Agaricomycetes,Agaricales,Marasmiaceae,Baeospora,SPECIES,EXACT,99,ACCEPTED,
rhinolophus cornutus orii,Rhinolophus cornutus orii,オリイコキクガシラコウモリ,moe_redlist,Rhinolophus cornutus orii,verbatim,4266823,"Rhinolophus cornutus orii Kuroda, 1924",Animalia,Chordata,Mammalia,Chiroptera,Rhinolophidae,Rhinolophus,SUBSPECIES,EXACT,98,ACCEPTED,
cobitis minamorii yodoensis,Cobitis minamorii yodoensis,ヨドコガタスジシマドジョウ,moe_redlist,Cobitis minamorii yodoensis,verbatim,9211210,"Cobitis minamorii yodoensis Nakajima, 2012",Animalia,Chordata,,Cypriniformes,Cobitidae,Cobitis,SUBSPECIES,EXACT,98,SYNONYM,
copelatus parallelus,Copelatus parallelus,コセスジゲンゴロウ,moe_redlist,Copelatus parallelus,verbatim,6001703,"Copelatus parallelus Zimmermann, 1920",Animalia,Arthropoda,Insecta,Coleoptera,Dytiscidae,Copelatus,SPECIES,EXACT,99,ACCEPTED,
nobuea sp.,Nobuea sp.,ゴトウノブエガイ,moe_redlist,Nobuea sp.,verbatim,4608332,"Nobuea Kuroda & Miyanaga, 1943",Animalia,Mollusca,Gastropoda,Architaenioglossa,Cyclophoridae,Nobuea,GENUS,HIGHERRANK,94,ACCEPTED,
polyxenus shinoharai,Polyxenus shinoharai,シノハラフサヤスデ,moe_redlist,Polyxenus shinoharai,verbatim,4985736,"Polyxenus shinoharai Ishii, 1983",Animalia,Arthropoda,Diplopoda,Polyxenida,Polyxenidae,Polyxenus,SPECIES,EXACT,99,ACCEPTED,
squatina japonica,Squatina japonica,カスザメ,moe_redlist,Squatina japonica,verbatim,2417801,"Squatina japonica Bleeker, 1858",Animalia,Chordata,Elasmobranchii,Squatiniformes,Squatinidae,Squatina,SPECIES,EXACT,99,ACCEPTED,
neoliomera cerasinus,Neoliomera cerasinus,クラヤミヒラオウギガニ,moe_redlist,Neoliomera cerasinus,verbatim,4377809,"Neoliomera cerasinus Ng, 2002",Animalia,Arthropoda,Malacostraca,Decapoda,Xanthidae,Neoliomera,SPECIES,EXACT,99,ACCEPTED,
asymmetron sp. 1,Asymmetron sp. 1,オナガナメクジウオ種1,moe_redlist,Asymmetron sp. 1,verbatim,2473293,"Asymmetron Andrews, 1893",Animalia,Chordata,Leptocardii,,Branchiostomatidae,Asymmetron,GENUS,HIGHERRANK,94,ACCEPTED,
sciaphila nana blume,Sciaphila nana Blume,ホンゴウソウ,kanagawa_redlist,Sciaphila nana Blume,verbatim,5327095,Sciaphila nana Blume,Plantae,Tracheophyta,Liliopsida,Pandanales,Triuridaceae,Sciaphila,SPECIES,EXACT,100,ACCEPTED,
hygrobiella nishimurae n.kitag.,Hygrobiella nishimurae N.Kitag.,ニシムラヤバネゴケ,kanagawa_redlist,Hygrobiella nishimurae N.Kitag.,verbatim,7475643,Hygrobiella nishimurae N.Kitag.,Plantae,Marchantiophyta,Jungermanniopsida,Jungermanniales,Cephaloziaceae,Cephalozia,SPECIES,EXACT,100,SYNONYM,
platismatia interrupta w.l.culb. & c.f.culb.,Platismatia interrupta W.L.Culb. & C.F.Culb.,ウスバトコブシゴケ,kanagawa_redlist,Platismatia interrupta W.L.Culb. & C.F.Culb.,verbatim,3409380,"Platismatia interrupta W.L.Culb. & C.F.Culb., 1968",Fungi,Ascomycota,Lecanoromycetes,Lecanorales,Parmeliaceae,Platismatia,SPECIES,EXACT,100,ACCEPTED,
"brachytron longistigma (selys, 1883)","Brachytron longistigma (Selys, 1883)",アオヤンマ,kanagawa_redlist,"Brachytron longistigma (Selys, 1883)",verbatim,7236015,"Brachytron Evans, 1845",Animalia,Arthropoda,Insecta,Odonata,Aeshnidae,Brachytron,GENUS,HIGHERRANK,94,ACCEPTED,
oryctolagus cuniculus,Oryctolagus cuniculus,カイウサギ（アナウサギ）,moe_ias_list,Oryctolagus cuniculus,verbatim,2436940,"Oryctolagus cuniculus (Linnaeus, 1758)",Animalia,Chordata,Mammalia,Lagomorpha,Leporidae,Oryctolagus,SPECIES,EXACT,99,ACCEPTED,
micropterus dolomieu,Micropterus dolomieu,コクチバス,moe_ias_list,Micropterus dolomieu,verbatim,5211250,"Micropterus dolomieu Lacepède, 1802",Animalia,Chordata,,Perciformes,Centrarchidae,Micropterus,SPECIES,EXACT,99,ACCEPTED,
lymnaea columella,Lymnaea columella,ハブタエモノアラガイ,moe_ias_list,Lymnaea columella,verbatim,11332015,"Lymnaea columella Say, 1817",Animalia,Mollusca,Gastropoda,,Lymnaeidae,Pseudosuccinea,SPECIES,EXACT,98,SYNONYM,
pelodiscus sinensis japonicus,Pelodiscus sinensis japonicus,琉球列島のニホンスッポン,moe_ias_list,Pelodiscus sinensis japonicus,verbatim,5220435,"Pelodiscus sinensis Wiegmann, 1835",Animalia,Chordata,Testudines,,Trionychidae,Pelodiscus,SPECIES,HIGHERRANK,99,ACCEPTED,
alternanthera philoxeroides,Alternanthera philoxeroides,ナガエツルノゲイトウ,moe_ias_list,Alternanthera philoxeroides,verbatim,3084923,Alternanthera philoxeroides (Mart.) Griseb.,Plantae,Tracheophyta,Magnoliopsida,Caryophyllales,Amaranthaceae,Alternanthera,SPECIES,EXACT,99,ACCEPTED,
lunda cirrhata,Lunda cirrhata,エトピリカ,moe_redlist,Lunda cirrhata,verbatim,2481358,"Lunda cirrhata (Pallas, 1769)",Animalia,Chordata,Aves,Charadriiformes,Alcidae,Fratercula,SPECIES,EXACT,98,SYNONYM,
euphrasia insignis subsp. insignis var. pubigera,Euphrasia insignis subsp. insignis var. pubigera,マツラコゴメグサ,moe_redlist,Euphrasia insignis subsp. insignis var. pubigera,verbatim,7487323,Euphrasia insignis var. pubigera (Koidz.) T.Yamaz.,Plantae,Tracheophyta,Magnoliopsida,Lamiales,Orobanchaceae,Euphrasia,VARIETY,EXACT,99,ACCEPTED,
schizymenium sasaokae,Schizymenium sasaokae,コシノシンジゴケ,moe_redlist,Schizymenium sasaokae,verbatim,12188849,Schizymenium sasaokae (Broth.) Tad.Suzuki,Plantae,Bryophyta,Bryopsida,Bryales,Mniaceae,Schizymenium,SPECIES,EXACT,99,ACCEPTED,
kumanoa iriomotensis,Kumanoa iriomotensis,イリオモテカワモズク,moe_redlist,Kumanoa iriomotensis,verbatim,6784924,"Kumanoa T.J.Entwisle, M.L.Vis, W.B.Chiasson, O.Necchi, Jr. & A.R.Sherwood, 2009",Plantae,Rhodophyta,Florideophyceae,Batrachospermales,Batrachospermaceae,Kumanoa,GENUS,HIGHERRANK,94,ACCEPTED,
usnea subgracilis,Usnea subgracilis,ニセヨコワサルオガセ,moe_redlist,Usnea subgracilis,verbatim,3410414,Usnea subgracilis,Fungi,Ascomycota,Lecanoromycetes,Lecanorales,Parmeliaceae,Usnea,SPECIES,EXACT,99,ACCEPTED,
desarmillaria ectypa,Desarmillaria ectypa,ヤチヒロヒダタケ,moe_redlist,Desarmillaria ectypa,verbatim,9694273,Desarmillaria ectypa (Fr.) R.A.Koch & Aime,Fungi,Basidiomycota,Agaricomycetes,Agaricales,Physalacriaceae,Desarmillaria,SPECIES,EXACT,99,ACCEPTED,
rhinolophus pumilus pumilus,Rhinolophus pumilus pumilus,オキナワコキクガシラコウモリ,moe_redlist,Rhinolophus pumilus pumilus,verbatim,7261951,"Rhinolophus pusillus pusillus Temminck, 1834",Animalia,Chordata,Mammalia,Chiroptera,Rhinolophidae,Rhinolophus,SUBSPECIES,FUZZY,94,ACCEPTED,
cobitis striata hakataensis,Cobitis striata hakataensis,ハカタスジシマドジョウ,moe_redlist,Cobitis striata hakataensis,verbatim,9170240,"Cobitis striata hakataensis Nakajima, 2012",Animalia,Chordata,,Cypriniformes,Cobitidae,Cobitis,SUBSPECIES,EXACT,98,SYNONYM,
cybister lewisianus,Cybister lewisianus,マルコガタノゲンゴロウ,moe_redlist,Cybister lewisianus,verbatim,6000729,"Cybister lewisianus Sharp, 1873",Animalia,Arthropoda,Insecta,Coleoptera,Dytiscidae,Cybister,SPECIES,EXACT,99,ACCEPTED,
pirenella cancellata,Pirenella cancellata,ヌノメヘナタリ,moe_redlist,Pirenella cancellata,verbatim,7383635,"Pirenella cancellata Ozawa & D.Reid, 2016",Animalia,Mollusca,Gastropoda,,Potamididae,Pirenella,SPECIES,EXACT,99,ACCEPTED,
phagocata albata,Phagocata albata,ソウヤイドウズムシ,moe_redlist,Phagocata albata,verbatim,6475774,"Phagocata albata Ichikawa & Kawakatsu, 1962",Animalia,Platyhelminthes,,Tricladida,Planariidae,Phagocata,SPECIES,EXACT,99,ACCEPTED,
rhinobatos hynnicephalus,Rhinobatos hynnicephalus,コモンサカタザメ,moe_redlist,Rhinobatos hynnicephalus,verbatim,2419048,"Rhinobatos hynnicephalus Richardson, 1846",Animalia,Chordata,Elasmobranchii,Rhinopristiformes,Rhinobatidae,Rhinobatos,SPECIES,EXACT,99,ACCEPTED,
clistocoeloma sinense,Clistocoeloma sinense,ウモレベンケイガニ,moe_redlist,Clistocoeloma sinense,verbatim,5974860,"Clistocoeloma sinense Shen, 1933",Animalia,Arthropoda,Malacostraca,Decapoda,Sesarmidae,Clistocoeloma,SPECIES,EXACT,99,ACCEPTED,
asymmetron sp. 2,Asymmetron sp. 2,オナガナメクジウオ種2,moe_redlist,Asymmetron sp. 2,verbatim,2473293,"Asymmetron Andrews, 1893",Animalia,Chordata,Leptocardii,,Branchiostomatidae,Asymmetron,GENUS,HIGHERRANK,94,ACCEPTED,
gagea nakaiana kitag.,Gagea nakaiana Kitag.,キバナノアマナ,kanagawa_redlist,Gagea nakaiana Kitag.,verbatim,5300184,Gagea nakaiana Kitag.,Plantae,Tracheophyta,Liliopsida,Liliales,Liliaceae,Gagea,SPECIES,EXACT,100,ACCEPTED,
solenostoma fusiforme (steph.) r.m.schust.,Solenostoma fusiforme (Steph.) R.M.Schust.,ホリカワツボミゴケ,kanagawa_redlist,Solenostoma fusiforme (Steph.) R.M.Schust.,verbatim,9005082,Solenostoma fusiforme (Steph.) R.M.Schust.,Plantae,Marchantiophyta,Jungermanniopsida,Jungermanniales,Solenostomataceae,Solenostoma,SPECIES,EXACT,100,ACCEPTED,
pseudocyphellaria crocata (l.) vain.,Pseudocyphellaria crocata (L.) Vain.,ニセキンブチゴケ,kanagawa_redlist,Pseudocyphellaria crocata (L.) Vain.,verbatim,2601424,Pseudocyphellaria crocata (L.) Vain.,Fungi,Ascomycota,Lecanoromycetes,Peltigerales,Lobariaceae,Pseudocyphellaria,SPECIES,EXACT,100,ACCEPTED,
"brachytron anisopterum (selys, 1883)","Brachytron anisopterum (Selys, 1883)",ネアカヨシヤンマ,kanagawa_redlist,"Brachytron anisopterum (Selys, 1883)",verbatim,7236015,"Brachytron Evans, 1845",Animalia,Arthropoda,Insecta,Odonata,Aeshnidae,Brachytron,GENUS,HIGHERRANK,94,ACCEPTED,
erinaceus spp.,Erinaceus spp.,ハリネズミ属（アムールハリネズミ（マンシュウハリネズミ）など）,moe_ias_list,Erinaceus spp.,verbatim,,,,,,,,,,NONE,100,,Multiple equal matches for Erinaceus
micropterus salmoides,Micropterus salmoides,オオクチバス,moe_ias_list,Micropterus salmoides,verbatim,2394563,"Micropterus salmoides (Lacepède, 1802)",Animalia,Chordata,,Perciformes,Centrarchidae,Micropterus,SPECIES,EXACT,99,ACCEPTED,
rumina decollata,Rumina decollata,オオクビキレガイ,moe_ias_list,Rumina decollata,verbatim,2294129,"Rumina decollata (Linnaeus, 1758)",Animalia,Mollusca,Gastropoda,Stylommatophora,Achatinidae,Rumina,SPECIES,EXACT,99,ACCEPTED,
japalura polygonata polygonata,Japalura polygonata polygonata,九州のオキナワキノボリトカゲ,moe_ias_list,Japalura polygonata polygonata,verbatim,7190392,Japalura polygonata polygonata,Animalia,Chordata,Squamata,,Agamidae,Diploderma,SUBSPECIES,EXACT,97,DOUBTFUL,
sicyos angulatus,Sicyos angulatus,アレチウリ,moe_ias_list,Sicyos angulatus,verbatim,2874655,Sicyos angulatus L.,Plantae,Tracheophyta,Magnoliopsida,Cucurbitales,Cucurbitaceae,Sicyos,SPECIES,EXACT,97,ACCEPTED,
oceanodroma castro,Oceanodroma castro,クロコシジロウミツバメ,moe_redlist,Oceanodroma castro,verbatim,2482001,"Oceanodroma castro (Harcourt, 1851)",Animalia,Chordata,Aves,Procellariiformes,Hydrobatidae,Oceanodroma,SPECIES,EXACT,99,ACCEPTED,
euphrasia multifolia var. kirisimana,Euphrasia multifolia var. kirisimana,クモイコゴメグサ,moe_redlist,Euphrasia multifolia var. kirisimana,verbatim,12274677,Euphrasia multifolia var. kirisimana Y.Kimura,Plantae,Tracheophyta,Magnoliopsida,Lamiales,Orobanchaceae,Euphrasia,VARIETY,EXACT,98,SYNONYM,
macromitrium holomitrioides,Macromitrium holomitrioides,クチボソミノゴケ,moe_redlist,Macromitrium holomitrioides,verbatim,2672324,Macromitrium holomitrioides Nog.,Plantae,Bryophyta,Bryopsida,Orthotrichales,Orthotrichaceae,Macromitrium,SPECIES,EXACT,99,ACCEPTED,
kumanoa mahlacensis,Kumanoa mahlacensis,ミナミクロカワモズク,moe_redlist,Kumanoa mahlacensis,verbatim,6784924,"Kumanoa T.J.Entwisle, M.L.Vis, W.B.Chiasson, O.Necchi, Jr. & A.R.Sherwood, 2009",Plantae,Rhodophyta,Florideophyceae,Batrachospermales,Batrachospermaceae,Kumanoa,GENUS,HIGHERRANK,94,ACCEPTED,
byssoloma discordans var. flavescens,Byssoloma discordans var. flavescens,リュウキュウワタヘリゴケ,moe_redlist,Byssoloma discordans var. flavescens,verbatim,3402333,"Byssoloma discordans var. flavescens G.Thor, Lücking & Tat.Matsumoto",Fungi,Ascomycota,Lecanoromycetes,Lecanorales,Byssolomataceae,Byssoloma,VARIETY,EXACT,98,SYNONYM,
rhizopogon togasawarius,Rhizopogon togasawarius,トガサワラショウロ,moe_redlist,Rhizopogon togasawarius,verbatim,9719696,"Rhizopogon togasawarius Mujic, K.Hosaka & Spatafora",Fungi,Basidiomycota,Agaricomycetes,Boletales,Rhizopogonaceae,Rhizopogon,SPECIES,EXACT,99,ACCEPTED,
murina ryukyuana,Murina ryukyuana,リュウキュウテングコウモリ,moe_redlist,Murina ryukyuana,verbatim,4266036,"Murina ryukyuana Maeda & Matsumura, 1998",Animalia,Chordata,Mammalia,Chiroptera,Vespertilionidae,Murina,SPECIES,EXACT,99,ACCEPTED,
cobitis takenoi,Cobitis takenoi,タンゴスジシマドジョウ,moe_redlist,Cobitis takenoi,verbatim,8813225,"Cobitis takenoi Nakajima, 2016",Animalia,Chordata,,Cypriniformes,Cobitidae,Cobitis,SPECIES,EXACT,99,ACCEPTED,
cybister limbatus,Cybister limbatus,フチトリゲンゴロウ,moe_redlist,Cybister limbatus,verbatim,6000814,"Cybister limbatus (Fabricius, 1775)",Animalia,Arthropoda,Insecta,Coleoptera,Dytiscidae,Cybister,SPECIES,EXACT,99,ACCEPTED,
angustassiminea sp. a,Angustassiminea sp. A,ヘドクリイロカワザンショウ,moe_redlist,Angustassiminea sp. A,verbatim,4609826,"Angustassiminea Habe, 1943",Animalia,Mollusca,Gastropoda,Littorinimorpha,Assimineidae,Angustassiminea,GENUS,HIGHERRANK,94,ACCEPTED,
phagocata suginoi,Phagocata suginoi,ホクリクホソウズムシ,moe_redlist,Phagocata suginoi,verbatim,6475763,"Phagocata suginoi Kawakatsu, 1974",Animalia,Platyhelminthes,,Tricladida,Planariidae,Phagocata,SPECIES,EXACT,99,ACCEPTED,
platyrhina tangi,Platyrhina tangi,ウチワザメ,moe_redlist,Platyrhina tangi,verbatim,5963017,"Platyrhina tangi Iwatsuki, Zhang & Nakaya, 2011",Animalia,Chordata,Elasmobranchii,Torpediniformes,Platyrhinidae,Platyrhina,SPECIES,EXACT,99,ACCEPTED,
pseudopinnixa carinata,Pseudopinnixa carinata,ウモレマメガニ,moe_redlist,Pseudopinnixa carinata,verbatim,5863303,"Pseudopinnixa carinata Ortmann, 1894",Animalia,Arthropoda,Malacostraca,Decapoda,Varunidae,Pseudopinnixa,SPECIES,EXACT,99,ACCEPTED,
lingula nipponica,Lingula nipponica,ムツシャミセンガイ,moe_redlist,Lingula nipponica,verbatim,5818096,"Lingula nipponica Hayasaka, 1931",Animalia,Brachiopoda,Lingulata,Lingulida,Lingulidae,Lingula,SPECIES,EXACT,98,SYNONYM,
cypripedium macranthos sw. var. speciosum (rolfe) koidz.,Cypripedium macranthos Sw. var. speciosum (Rolfe) Koidz.,アツモリソウ,kanagawa_redlist,Cypripedium macranthos Sw. var. speciosum (Rolfe) Koidz.,verbatim,2820429,Cypripedium macranthos var. speciosum (Rolfe) Koidz.,Plantae,Tracheophyta,Liliopsida,Asparagales,Orchidaceae,Cypripedium,VARIETY,EXACT,100,SYNONYM,
plagiochila flexuosa mitt.,Plagiochila flexuosa Mitt.,チチブハネゴケ,kanagawa_redlist,Plagiochila flexuosa Mitt.,verbatim,7721179,Plagiochila flexuosa Mitt.,Plantae,Marchantiophyta,Jungermanniopsida,Jungermanniales,Plagiochilaceae,Plagiochila,SPECIES,EXACT,100,ACCEPTED,
sticta fuliginosa (dicks.) ach.,Sticta fuliginosa (Dicks.) Ach.,コウヤクゴケ,kanagawa_redlist,Sticta fuliginosa (Dicks.) Ach.,verbatim,8695592,Sticta fuliginosa (With.) Ach.,Fungi,Ascomycota,Lecanoromycetes,Peltigerales,Lobariaceae,Sticta,SPECIES,EXACT,100,ACCEPTED,
"trigomphus melampus (selys, 1869)","Trigomphus melampus (Selys, 1869)",コサナエ,kanagawa_redlist,"Trigomphus melampus (Selys, 1869)",verbatim,1425915,"Trigomphus melampus (Selys, 1869)",Animalia,Arthropoda,Insecta,Odonata,Gomphidae,Trigomphus,SPECIES,EXACT,100,ACCEPTED,
paguma larvata,Paguma larvata,ハクビシン,moe_ias_list,Paguma larvata,verbatim,2434654,"Paguma larvata (C.E.H.Smith, 1827)",Animalia,Chordata,Mammalia,Carnivora,Viverridae,Paguma,SPECIES,EXACT,99,ACCEPTED,
rhodeus ocellatus ocellatus,Rhodeus ocellatus ocellatus,タイリクバラタナゴ,moe_ias_list,Rhodeus ocellatus ocellatus,verbatim,7059107,"Rhodeus ocellatus ocellatus (Kner, 1866)",Animalia,Chordata,,Cypriniformes,Cyprinidae,Rhodeus,SUBSPECIES,EXACT,98,SYNONYM,
limax maximus,Limax maximus,マダラコウラナメクジ,moe_ias_list,Limax maximus,verbatim,2295438,"Limax maximus Linnaeus, 1758",Animalia,Mollusca,Gastropoda,Stylommatophora,Limacidae,Limax,SPECIES,EXACT,99,ACCEPTED,
plestiodon japonicus,Plestiodon japonicus,伊豆諸島のニホントカゲ,moe_ias_list,Plestiodon japonicus,verbatim,8154433,"Plestiodon japonicus (Peters, 1864)",Animalia,Chordata,Squamata,,Scincidae,Plestiodon,SPECIES,EXACT,99,ACCEPTED,
ludwigia grandiflora（l. grandiflora ssp. grandiflora）,Ludwigia grandiflora（L. grandiflora ssp. grandiflora）,オオバナミズキンバイなどを含むルドウィギア・グランディフロラ,moe_ias_list,Ludwigia grandiflora（L. grandiflora ssp. grandiflora）,verbatim,7161835,Ludwigia grandiflora subsp. grandiflora,Plantae,Tracheophyta,Magnoliopsida,Myrtales,Onagraceae,Ludwigia,SUBSPECIES,EXACT,98,SYNONYM,
puffinus lherminieri bannermani,Puffinus lherminieri bannermani,セグロミズナギドリ,moe_redlist,Puffinus lherminieri bannermani,verbatim,6178245,"Puffinus lherminieri bannermani Mathews & Iredale, 1915",Animalia,Chordata,Aves,Procellariiformes,Procellariidae,Puffinus,SUBSPECIES,EXACT,98,SYNONYM,
cirsium toyoshimae,Cirsium toyoshimae,トヨシマアザミ,moe_redlist,Cirsium toyoshimae,verbatim,3113355,Cirsium toyoshimae Koidz.,Plantae,Tracheophyta,Magnoliopsida,Asterales,Asteraceae,Cirsium,SPECIES,EXACT,99,ACCEPTED,
daltonia carinata,Daltonia carinata,オクヤマツガゴケ,moe_redlist,Daltonia carinata,verbatim,12182921,Daltonia carinata (Dixon & W.E.Nicholson) B.C.Ho & L.Pokorny,Plantae,Bryophyta,Bryopsida,Hookeriales,Daltoniaceae,Daltonia,SPECIES,EXACT,99,ACCEPTED,
thorea gaudichaudii,Thorea gaudichaudii,シマチスジノリ,moe_redlist,Thorea gaudichaudii,verbatim,6,Plantae,Plantae,,,,,,KINGDOM,HIGHERRANK,92,ACCEPTED,
stereocaulon curtatoides,Stereocaulon curtatoides,ニセミヤマキゴケ,moe_redlist,Stereocaulon curtatoides,verbatim,5470875,Stereocaulon curtatoides Asah.,Fungi,Ascomycota,Lecanoromycetes,Lecanorales,Stereocaulaceae,Stereocaulon,SPECIES,EXACT,99,ACCEPTED,
rhizopogon yakushimensis,Rhizopogon yakushimensis,ヤクタネショウロ,moe_redlist,Rhizopogon yakushimensis,verbatim,10883505,"Rhizopogon yakushimensis Y.Sugiy., M.Murata & K.Nara",Fungi,Basidiomycota,Agaricomycetes,Boletales,Rhizopogonaceae,Rhizopogon,SPECIES,EXACT,99,ACCEPTED,
nyctalus furvus,Nyctalus furvus,コヤマコウモリ,moe_redlist,Nyctalus furvus,verbatim,5707109,"Nyctalus furvus Imaizumi & Yoshiyuki, 1968",Animalia,Chordata,Mammalia,Chiroptera,Vespertilionidae,Nyctalus,SPECIES,EXACT,99,ACCEPTED,
parabotia curtus,Parabotia curtus,アユモドキ,moe_redlist,Parabotia curtus,verbatim,8315311,"Parabotia curtus (Temminck & Schlegel, 1846)",Animalia,Chordata,,Cypriniformes,Cobitidae,Parabotia,SPECIES,EXACT,99,ACCEPTED,
dytiscus sharpi,Dytiscus sharpi,シャープゲンゴロウモドキ,moe_redlist,Dytiscus sharpi,verbatim,5874079,"Dytiscus sharpi Wehncke, 1875",Animalia,Arthropoda,Insecta,Coleoptera,Dytiscidae,Dytiscus,SPECIES,EXACT,99,ACCEPTED,
angustassiminea sp. b,Angustassiminea sp. B,ティンダハナタクリイロカワザンショウ,moe_redlist,Angustassiminea sp. B,verbatim,4609826,"Angustassiminea Habe, 1943",Animalia,Mollusca,Gastropoda,Littorinimorpha,Assimineidae,Angustassiminea,GENUS,HIGHERRANK,94,ACCEPTED,
phagocata tenella,Phagocata tenella,ヒダカホソウズムシ,moe_redlist,Phagocata tenella,verbatim,6475779,"Phagocata tenella Ichikawa & Kawakatsu, 1963",Animalia,Platyhelminthes,,Tricladida,Planariidae,Phagocata,SPECIES,EXACT,99,ACCEPTED,
bathyraja smirnovi,Bathyraja smirnovi,ドブカスベ,moe_redlist,Bathyraja smirnovi,verbatim,2420338,"Bathyraja smirnovi (Soldatov & Pavlenko, 1915)",Animalia,Chordata,Elasmobranchii,Rajiformes,Arhynchobatidae,Bathyraja,SPECIES,EXACT,99,ACCEPTED,
sestrostoma balssi,Sestrostoma balssi,オオヒメアカイソガニ,moe_redlist,Sestrostoma balssi,verbatim,5973542,"Sestrostoma balssi (Shen, 1932)",Animalia,Arthropoda,Malacostraca,Decapoda,Varunidae,Sestrostoma,SPECIES,EXACT,99,ACCEPTED,
lingula sp. 1,Lingula sp. 1,ミドリシャミセンガイ種1（奄美大島笠利湾など）,moe_redlist,Lingula sp. 1,verbatim,1,Animalia,Animalia,,,,,,KINGDOM,HIGHERRANK,92,ACCEPTED,
habenaria dentata (sw.) schltr.,Habenaria dentata (Sw.) Schltr.,ダイサギソウ,kanagawa_redlist,Habenaria dentata (Sw.) Schltr.,verbatim,2828859,Habenaria dentata (Sw.) Schltr.,Plantae,Tracheophyta,Liliopsida,Asparagales,Orchidaceae,Habenaria,SPECIES,EXACT,100,ACCEPTED,
cololejeunea trichomanis (gottsche) steph.,Cololejeunea trichomanis (Gottsche) Steph.,ヨウジョウゴケ,kanagawa_redlist,Cololejeunea trichomanis (Gottsche) Steph.,verbatim,7514163,Cololejeunea trichomanis (Gottsche) Stephani,Plantae,Marchantiophyta,Jungermanniopsida,Porellales,Lejeuneaceae,Cololejeunea,SPECIES,EXACT,100,SYNONYM,
usnea spp.,Usnea spp.,サルオガセ属,kanagawa_redlist,Usnea spp.,verbatim,2605982,"Usnea Dill. ex Adans., 1763",Fungi,Ascomycota,Lecanoromycetes,Lecanorales,Parmeliaceae,Usnea,GENUS,HIGHERRANK,94,ACCEPTED,
"tanypteryx pryeri (selys, 1889)","Tanypteryx pryeri (Selys, 1889)",ムカシヤンマ,kanagawa_redlist,"Tanypteryx pryeri (Selys, 1889)",verbatim,1424677,"Tanypteryx pryeri (Selys, 1889)",Animalia,Arthropoda,Insecta,Odonata,Petaluridae,Tanypteryx,SPECIES,EXACT,100,ACCEPTED,
canis lupus,Canis lupus,ノイヌ（イヌの野生化したもの）,moe_ias_list,Canis lupus,verbatim,5219173,"Canis lupus Linnaeus, 1758",Animalia,Chordata,Mammalia,Carnivora,Canidae,Canis,SPECIES,EXACT,99,ACCEPTED,
gambusia affinis,Gambusia affinis,カダヤシ,moe_ias_list,Gambusia affinis,verbatim,2350580,"Gambusia affinis (Baird & Girard, 1853)",Animalia,Chordata,,Cyprinodontiformes,Poeciliidae,Gambusia,SPECIES,EXACT,99,ACCEPTED,
mytilus galloprovincialis,Mytilus galloprovincialis,ムラサキイガイ,moe_ias_list,Mytilus galloprovincialis,verbatim,2285683,"Mytilus galloprovincialis Lamarck, 1819",Animalia,Mollusca,Bivalvia,Mytilida,Mytilidae,Mytilus,SPECIES,EXACT,99,ACCEPTED,
myriophyllum aquaticum,Myriophyllum aquaticum,オオフサモ,moe_ias_list,Myriophyllum aquaticum,verbatim,5361785,Myriophyllum aquaticum (Vell.) Verdc.,Plantae,Tracheophyta,Magnoliopsida,Saxifragales,Haloragaceae,Myriophyllum,SPECIES,EXACT,99,ACCEPTED,
phalacrocorax urile,Phalacrocorax urile,チシマウガラス,moe_redlist,Phalacrocorax urile,verbatim,2481874,"Phalacrocorax urile (Gmelin, 1789)",Animalia,Chordata,Aves,Suliformes,Phalacrocoracidae,Phalacrocorax,SPECIES,EXACT,99,ACCEPTED,
phegopteris aurita,Phegopteris aurita,ハイミミガタシダ,moe_redlist,Phegopteris aurita,verbatim,4082032,Phegopteris aurita (Hook.) J.Sm.,Plantae,Tracheophyta,Polypodiopsida,Polypodiales,Thelypteridaceae,Pseudophegopteris,SPECIES,EXACT,98,SYNONYM,
distichophyllum yakumontanum,Distichophyllum yakumontanum,キノボリヒメツガゴケ,moe_redlist,Distichophyllum yakumontanum,verbatim,8348840,Distichophyllum yakumontanum H.Akiyama & Matsui,Plantae,Bryophyta,Bryopsida,Hookeriales,Daltoniaceae,Distichophyllum,SPECIES,EXACT,99,ACCEPTED,
thorea hispida,Thorea hispida,フトチスジノリ,moe_redlist,Thorea hispida,verbatim,5279656,Thorea hispida (Thore) Desv.,Plantae,Rhodophyta,Florideophyceae,Thoreales,Thoreaceae,Thorea,SPECIES,EXACT,99,ACCEPTED,
stereocaulon wrightii,Stereocaulon wrightii,ヒロハキゴケモドキ,moe_redlist,Stereocaulon wrightii,verbatim,5470677,Stereocaulon wrightii Tuck.,Fungi,Ascomycota,Lecanoromycetes,Lecanorales,Stereocaulaceae,Stereocaulon,SPECIES,EXACT,99,ACCEPTED,
phallus hadriani,Phallus hadriani,アカダマスッポンタケ,moe_redlist,Phallus hadriani,verbatim,2524103,Phallus hadriani Vent.,Fungi,Basidiomycota,Agaricomycetes,Phallales,Phallaceae,Phallus,SPECIES,EXACT,99,ACCEPTED,
miniopterus fuscus,Miniopterus fuscus,リュウキュウユビナガコウモリ,moe_redlist,Miniopterus fuscus,verbatim,2432511,"Miniopterus fuscus Bonhote, 1902",Animalia,Chordata,Mammalia,Chiroptera,Miniopteridae,Miniopterus,SPECIES,EXACT,99,ACCEPTED,
plecoglossus altivelis ryukyuensis,Plecoglossus altivelis ryukyuensis,リュウキュウアユ,moe_redlist,Plecoglossus altivelis ryukyuensis,verbatim,6169874,"Plecoglossus altivelis ryukyuensis Nishida, 1988",Animalia,Chordata,,Osmeriformes,Plecoglossidae,Plecoglossus,SUBSPECIES,EXACT,98,SYNONYM,
hydaticus thermonectoides,Hydaticus thermonectoides,マダラシマゲンゴロウ,moe_redlist,Hydaticus thermonectoides,verbatim,6002126,"Hydaticus thermonectoides Sharp, 1884",Animalia,Arthropoda,Insecta,Coleoptera,Dytiscidae,Hydaticus,SPECIES,EXACT,99,ACCEPTED,
angustassiminea sp. c,Angustassiminea sp. C,ウフアガリクリイロカワザンショウ,moe_redlist,Angustassiminea sp. C,verbatim,4609826,"Angustassiminea Habe, 1943",Animalia,Mollusca,Gastropoda,Littorinimorpha,Assimineidae,Angustassiminea,GENUS,HIGHERRANK,94,ACCEPTED,
cirrodrilus aomorensis,Cirrodrilus aomorensis,アオモリザリガニミミズ,moe_redlist,Cirrodrilus aomorensis,verbatim,7862398,"Cirrodrilus aomorensis (Yamaguchi, 1934)",Animalia,Annelida,Clitellata,Branchiobdellida,Branchiobdellidae,Cirrodrilus,SPECIES,EXACT,99,ACCEPTED,
raja pulchra,Raja pulchra,メガネカスベ,moe_redlist,Raja pulchra,verbatim,5216050,"Raja pulchra Liu, 1932",Animalia,Chordata,Elasmobranchii,Rajiformes,Rajidae,Beringraja,SPECIES,EXACT,98,SYNONYM,
cleistostoma dilatatum,Cleistostoma dilatatum,アリアケガニ,moe_redlist,Cleistostoma dilatatum,verbatim,5863422,"Cleistostoma dilatatum (De Haan, 1833)",Animalia,Arthropoda,Malacostraca,Decapoda,Camptandriidae,Cleistostoma,SPECIES,EXACT,99,ACCEPTED,
lingula sp. 2,Lingula sp. 2,ミドリシャミセンガイ種2（有明海など）,moe_redlist,Lingula sp. 2,verbatim,1,Animalia,Animalia,,,,,,KINGDOM,HIGHERRANK,92,ACCEPTED,
peristylus flagellifer (makino) ohwi ex k.y.lang,Peristylus flagellifer (Makino) Ohwi ex K.Y.Lang,ムカゴトンボ,kanagawa_redlist,Peristylus flagellifer (Makino) Ohwi ex K.Y.Lang,verbatim,2829611,Peristylus flagellifer (Makino) Ohwi,Plantae,Tracheophyta,Liliopsida,Asparagales,Orchidaceae,Peristylus,SPECIES,EXACT,100,SYNONYM,
leptolejeunea elliptica (lehm. & lindenb.) schiffn.,Leptolejeunea elliptica (Lehm. & Lindenb.) Schiffn.,カビゴケ,kanagawa_redlist,Leptolejeunea elliptica (Lehm. & Lindenb.) Schiffn.,verbatim,2688828,Leptolejeunea elliptica (Lehm. & Lindenb.) Schiffn.,Plantae,Marchantiophyta,Jungermanniopsida,Porellales,Lejeuneaceae,Leptolejeunea,SPECIES,EXACT,100,SYNONYM,
hydropus aurarius har. takah.,Hydropus aurarius Har. Takah.,キヒダサカズキタケ,kanagawa_redlist,Hydropus aurarius Har. Takah.,verbatim,5449140,Hydropus aurarius Har.Takah.,Fungi,Basidiomycota,Agaricomycetes,Agaricales,Mycenaceae,Hydropus,SPECIES,EXACT,100,ACCEPTED,
"sympetrum parvulum (bartenev, 1912)","Sympetrum parvulum (Bartenev, 1912)",ヒメアカネ,kanagawa_redlist,"Sympetrum parvulum (Bartenev, 1912)",verbatim,1428228,"Sympetrum parvulum (Bartenev, 1912)",Animalia,Arthropoda,Insecta,Odonata,Libellulidae,Sympetrum,SPECIES,EXACT,100,ACCEPTED,
neovison vison,Neovison vison,アメリカミンク（ミンク）,moe_ias_list,Neovison vison,verbatim,2433652,"Neovison vison (Schreber, 1777)",Animalia,Chordata,Mammalia,Carnivora,Mustelidae,Mustela,SPECIES,EXACT,98,SYNONYM,
acheliognathus macropterus,Acheliognathus macropterus,オオタナゴ,moe_ias_list,Acheliognathus macropterus,verbatim,2359407,"Acheliognathus macropterus (Bleeker, 1871)",Animalia,Chordata,,Cypriniformes,Cyprinidae,Acheilognathus,SPECIES,EXACT,98,SYNONYM,
perna viridis,Perna viridis,ミドリイガイ,moe_ias_list,Perna viridis,verbatim,5729682,"Perna viridis (Linnaeus, 1758)",Animalia,Mollusca,Bivalvia,Mytilida,Mytilidae,Perna,SPECIES,EXACT,99,ACCEPTED,
hydrocotyle ranunculoides,Hydrocotyle ranunculoides,ブラジルチドメグサ,moe_ias_list,Hydrocotyle ranunculoides,verbatim,7978544,Hydrocotyle ranunculoides L.fil.,Plantae,Tracheophyta,Magnoliopsida,Apiales,Araliaceae,Hydrocotyle,SPECIES,EXACT,97,ACCEPTED,
botaurus stellaris stellaris,Botaurus stellaris stellaris,サンカノゴイ,moe_redlist,Botaurus stellaris stellaris,verbatim,7190956,"Botaurus stellaris stellaris (Linnaeus, 1758)",Animalia,Chordata,Aves,Pelecaniformes,Ardeidae,Botaurus,SUBSPECIES,EXACT,98,ACCEPTED,
arachniodes yasu-inouei var. angustipinnula,Arachniodes yasu-inouei var. angustipinnula,コバヤシカナワラビ,moe_redlist,Arachniodes yasu-inouei var. angustipinnula,verbatim,12324397,Arachniodes yasu-inouei var. angustipinnula Seriz.,Plantae,Tracheophyta,Polypodiopsida,Polypodiales,Dryopteridaceae,Arachniodes,VARIETY,EXACT,98,SYNONYM,
pseudospiridentopsis horrida,Pseudospiridentopsis horrida,オニゴケ,moe_redlist,Pseudospiridentopsis horrida,verbatim,2678874,Pseudospiridentopsis horrida (Mitt. ex Cardot) M.Fleisch.,Plantae,Bryophyta,Bryopsida,Hypnales,Meteoriaceae,Pseudospiridentopsis,SPECIES,EXACT,99,ACCEPTED,
chara altaica,Chara altaica,タカホコシャジクモ,moe_redlist,Chara altaica,verbatim,8221170,Chara altaica A.Braun,Plantae,Charophyta,Charophyceae,Charales,Characeae,Chara,SPECIES,EXACT,99,ACCEPTED,
sticta arctica,Sticta arctica,タカネヨロイゴケ,moe_redlist,Sticta arctica,verbatim,6018178,Sticta arctica Degel.,Fungi,Ascomycota,Lecanoromycetes,Peltigerales,Lobariaceae,Sticta,SPECIES,EXACT,99,ACCEPTED,
phallus rubicundus,Phallus rubicundus,アカダマノオオタイマツ,moe_redlist,Phallus rubicundus,verbatim,6014310,Phallus rubicundus (Bosc) Fr.,Fungi,Basidiomycota,Agaricomycetes,Phallales,Phallaceae,Phallus,SPECIES,EXACT,99,ACCEPTED,
diplothrix legata,Diplothrix legata,ケナガネズミ,moe_redlist,Diplothrix legata,verbatim,5706746,"Diplothrix legata (Thomas, 1906)",Animalia,Chordata,Mammalia,Rodentia,Muridae,Diplothrix,SPECIES,EXACT,99,ACCEPTED,
neosalanx reganius,Neosalanx reganius,アリアケヒメシラウオ,moe_redlist,Neosalanx reganius,verbatim,2411016,"Neosalanx reganius Wakiya & Takahashi, 1937",Animalia,Chordata,,Osmeriformes,Salangidae,Neosalanx,SPECIES,EXACT,99,ACCEPTED,
hyphydrus orientalis,Hyphydrus orientalis,ニセコケシゲンゴロウ,moe_redlist,Hyphydrus orientalis,verbatim,5874215,"Hyphydrus orientalis Clark, 1863",Animalia,Arthropoda,Insecta,Coleoptera,Dytiscidae,Hyphydrus,SPECIES,EXACT,99,ACCEPTED,
cavernacmella sp. a,Cavernacmella sp. A,ナラオゴマオカチグサ,moe_redlist,Cavernacmella sp. A,verbatim,4609809,"Cavernacmella Habe, 1942",Animalia,Mollusca,Gastropoda,Littorinimorpha,Assimineidae,Cavernacmella,GENUS,HIGHERRANK,94,ACCEPTED,
cirrodrilus cirratus,Cirrodrilus cirratus,カムリザリガニミミズ,moe_redlist,Cirrodrilus cirratus,verbatim,2307555,"Cirrodrilus cirratus Pierantoni, 1905",Animalia,Annelida,Clitellata,Branchiobdellida,Branchiobdellidae,Cirrodrilus,SPECIES,EXACT,99,ACCEPTED,
dipturus kwangtungensis,Dipturus kwangtungensis,ガンギエイ,moe_redlist,Dipturus kwangtungensis,verbatim,2420170,"Dipturus kwangtungensis (Chu, 1960)",Animalia,Chordata,Elasmobranchii,Rajiformes,Rajidae,Dipturus,SPECIES,EXACT,99,ACCEPTED,
pinnixa balanoglossana,Pinnixa balanoglossana,ギボシマメガニ,moe_redlist,Pinnixa balanoglossana,verbatim,5971570,"Pinnixa balanoglossana Sakai, 1934",Animalia,Arthropoda,Malacostraca,Decapoda,Pinnotheridae,Pinnixa,SPECIES,EXACT,99,ACCEPTED,
lingula sp. 3,Lingula sp. 3,ミドリシャミセンガイ種3（下田沖など）,moe_redlist,Lingula sp. 3,verbatim,1,Animalia,Animalia,,,,,,KINGDOM,HIGHERRANK,92,ACCEPTED,
liparis auriculata blume ex miq.,Liparis auriculata Blume ex Miq.,ギボウシラン,kanagawa_redlist,Liparis auriculata Blume ex Miq.,verbatim,5322891,Liparis auriculata Blume ex Miq.,Plantae,Tracheophyta,Liliopsida,Asparagales,Orchidaceae,Liparis,SPECIES,EXACT,100,ACCEPTED,
sphagnum palustre l.,Sphagnum palustre L.,オオミズゴケ,kanagawa_redlist,Sphagnum palustre L.,verbatim,2669006,Sphagnum palustre L.,Plantae,Bryophyta,Sphagnopsida,Sphagnales,Sphagnaceae,Sphagnum,SPECIES,EXACT,100,ACCEPTED,
marasmiellus mesosporus sing.,Marasmiellus mesosporus Sing.,スナジホウライタケ,kanagawa_redlist,Marasmiellus mesosporus Sing.,verbatim,3321152,Marasmiellus mesosporus Singer,Fungi,Basidiomycota,Agaricomycetes,Agaricales,Omphalotaceae,Marasmiellus,SPECIES,EXACT,100,ACCEPTED,
"libellula quadrimaculata asahinai schmidt, 1957","Libellula quadrimaculata asahinai Schmidt, 1957",ヨツボシトンボ,kanagawa_redlist,"Libellula quadrimaculata asahinai Schmidt, 1957",verbatim,6242739,"Libellula quadrimaculata asahinai Schmidt, 1957",Animalia,Arthropoda,Insecta,Odonata,Libellulidae,Libellula,SUBSPECIES,EXACT,100,SYNONYM,
sus scrofa,Sus scrofa,ノブタ・イノブタ（ブタ・イノブタの野生化したもの）,moe_ias_list,Sus scrofa,verbatim,7705930,"Sus scrofa Linnaeus, 1758",Animalia,Chordata,Mammalia,Artiodactyla,Suidae,Sus,SPECIES,EXACT,99,ACCEPTED,
hypophthalmichthys molitrix,Hypophthalmichthys molitrix,ハクレン,moe_ias_list,Hypophthalmichthys molitrix,verbatim,2362473,"Hypophthalmichthys molitrix (Valenciennes, 1844)",Animalia,Chordata,,Cypriniformes,Cyprinidae,Hypophthalmichthys,SPECIES,EXACT,99,ACCEPTED,
xenostrobus securis,Xenostrobus securis,コウロエンカワヒバリガイ,moe_ias_list,Xenostrobus securis,verbatim,5188827,"Xenostrobus securis (Lamarck, 1819)",Animalia,Mollusca,Bivalvia,Mytilida,Mytilidae,Xenostrobus,SPECIES,EXACT,99,ACCEPTED,
veronica anagallis-aquatica,Veronica anagallis-aquatica,オオカワヂシャ,moe_ias_list,Veronica anagallis-aquatica,verbatim,3172086,Veronica anagallis-aquatica L.,Plantae,Tracheophyta,Magnoliopsida,Lamiales,Plantaginaceae,Veronica,SPECIES,EXACT,99,ACCEPTED,
ixobrychus eurhythmus,Ixobrychus eurhythmus,オオヨシゴイ,moe_redlist,Ixobrychus eurhythmus,verbatim,2480847,"Ixobrychus eurhythmus (Swinhoe, 1873)",Animalia,Chordata,Aves,Pelecaniformes,Ardeidae,Ixobrychus,SPECIES,EXACT,99,ACCEPTED,
dryopteris shibipedis,Dryopteris shibipedis,シビイタチシダ,moe_redlist,Dryopteris shibipedis,verbatim,5655144,Dryopteris × shibipedis Sa.Kurata,Plantae,Tracheophyta,Polypodiopsida,Polypodiales,Dryopteridaceae,Dryopteris,SPECIES,EXACT,99,ACCEPTED,
pinnatella ambigua,Pinnatella ambigua,マメハネゴケ,moe_redlist,Pinnatella ambigua,verbatim,2678432,Pinnatella ambigua (Bosch & Sande Lac.) M.Fleisch.,Plantae,Bryophyta,Bryopsida,Hypnales,Neckeraceae,Pinnatella,SPECIES,EXACT,99,ACCEPTED,
chara corallina var. corallina,Chara corallina var. corallina,オウシャジクモ,moe_redlist,Chara corallina var. corallina,verbatim,7229782,Chara corallina var. corallina,Plantae,Charophyta,Charophyceae,Charales,Characeae,Chara,VARIETY,EXACT,99,ACCEPTED,
ramalodium japonicum,Ramalodium japonicum,ヒメキノリ,moe_redlist,Ramalodium japonicum,verbatim,3423035,Ramalodium japonicum (Asahina) Henssen,Fungi,Ascomycota,Lecanoromycetes,Peltigerales,Pannariaceae,Ramalodium,SPECIES,EXACT,99,ACCEPTED,
microporus ochrotinctus,Microporus ochrotinctus,ワニスタケ,moe_redlist,Microporus ochrotinctus,verbatim,5465048,Microporus ochrotinctus (Berk. & M.A.Curtis) Kuntze,Fungi,Basidiomycota,Agaricomycetes,Polyporales,Polyporaceae,Microporus,SPECIES,EXACT,99,ACCEPTED,
tokudaia osimensis,Tokudaia osimensis,アマミトゲネズミ,moe_redlist,Tokudaia osimensis,verbatim,2438055,"Tokudaia osimensis (Abe, 1933)",Animalia,Chordata,Mammalia,Rodentia,Muridae,Tokudaia,SPECIES,EXACT,99,ACCEPTED,
salanx ariakensis,Salanx ariakensis,アリアケシラウオ,moe_redlist,Salanx ariakensis,verbatim,2410990,"Salanx ariakensis Kishinouye, 1902",Animalia,Chordata,,Osmeriformes,Salangidae,Salanx,SPECIES,EXACT,99,ACCEPTED,
rhantaticus congestus,Rhantaticus congestus,マダラゲンゴロウ,moe_redlist,Rhantaticus congestus,verbatim,4742748,"Rhantaticus congestus (Klug, 1833)",Animalia,Arthropoda,Insecta,Coleoptera,Dytiscidae,Rhantaticus,SPECIES,EXACT,99,ACCEPTED,
cavernacmella sp. b,Cavernacmella sp. B,コシキゴマオカチグサ,moe_redlist,Cavernacmella sp. B,verbatim,4609809,"Cavernacmella Habe, 1942",Animalia,Mollusca,Gastropoda,Littorinimorpha,Assimineidae,Cavernacmella,GENUS,HIGHERRANK,94,ACCEPTED,
cirrodrilus ezoensis,Cirrodrilus ezoensis,エゾザリガニミミズ,moe_redlist,Cirrodrilus ezoensis,verbatim,8036485,"Cirrodrilus ezoensis (Yamaguchi, 1934)",Animalia,Annelida,Clitellata,Branchiobdellida,Branchiobdellidae,Cirrodrilus,SPECIES,EXACT,99,ACCEPTED,
okamejei meerdervoortii,Okamejei meerdervoortii,メダマカスベ,moe_redlist,Okamejei meerdervoortii,verbatim,2420122,"Okamejei meerdervoortii (Bleeker, 1860)",Animalia,Chordata,Elasmobranchii,Rajiformes,Rajidae,Okamejei,SPECIES,EXACT,99,ACCEPTED,
pinnotheres bidentatus,Pinnotheres bidentatus,フタハピンノ,moe_redlist,Pinnotheres bidentatus,verbatim,5971679,"Pinnotheres bidentatus Sakai, 1939",Animalia,Arthropoda,Malacostraca,Decapoda,Pinnotheridae,Nepinnotheres,SPECIES,EXACT,98,SYNONYM,
hesperonoe hwanghaiensis,Hesperonoe hwanghaiensis,アナジャコウロコムシ,moe_redlist,Hesperonoe hwanghaiensis,verbatim,2313350,"Hesperonoe hwanghaiensis Uschakov & Wu, 1959",Animalia,Annelida,Polychaeta,Phyllodocida,Polynoidae,Hesperonoe,SPECIES,EXACT,99,ACCEPTED,
neottia acuminata schltr.,Neottia acuminata Schltr.,ヒメムヨウラン,kanagawa_redlist,Neottia acuminata Schltr.,verbatim,2816194,Neottia acuminata Schltr.,Plantae,Tracheophyta,Liliopsida,Asparagales,Orchidaceae,Neottia,SPECIES,EXACT,100,ACCEPTED,
andreaea rupestris hedw. var. fauriei (besch.) takaki,Andreaea rupestris Hedw. var. fauriei (Besch.) Takaki,クロゴケ,kanagawa_redlist,Andreaea rupestris Hedw. var. fauriei (Besch.) Takaki,verbatim,8268241,Andreaea rupestris var. fauriei (Besch.) Takaki,Plantae,Bryophyta,Andreaeopsida,Andreaeales,Andreaeaceae,Andreaea,VARIETY,EXACT,100,ACCEPTED,
melanophyllum haematospermum (bull.) kreisel,Melanophyllum haematospermum (Bull.) Kreisel,アカヒダカラカサタケ,kanagawa_redlist,Melanophyllum haematospermum (Bull.) Kreisel,verbatim,9040203,Melanophyllum haematospermum (Bull.) Kreisel,Fungi,Basidiomycota,Agaricomycetes,Agaricales,Agaricaceae,Melanophyllum,SPECIES,EXACT,100,ACCEPTED,
"indolestes peregrinus (ris, 1916)","Indolestes peregrinus (Ris, 1916)",ホソミオツネントンボ,kanagawa_redlist,"Indolestes peregrinus (Ris, 1916)",verbatim,5792003,"Indolestes peregrinus (Ris, 1916)",Animalia,Arthropoda,Insecta,Odonata,Lestidae,Indolestes,SPECIES,EXACT,100,ACCEPTED,
cervus spp.,Cervus spp.,シカ属（国内産ニホンジカを除く）,moe_ias_list,Cervus spp.,verbatim,2440948,"Cervus Linnaeus, 1758",Animalia,Chordata,Mammalia,Artiodactyla,Cervidae,Cervus,GENUS,HIGHERRANK,92,ACCEPTED,
aristichthys nobilis,Aristichthys nobilis,コクレン,moe_ias_list,Aristichthys nobilis,verbatim,2362489,"Aristichthys nobilis (Richardson, 1845)",Animalia,Chordata,,Cypriniformes,Cyprinidae,Hypophthalmichthys,SPECIES,EXACT,98,SYNONYM,
corbicula fluminea,Corbicula fluminea,タイワンシジミ,moe_ias_list,Corbicula fluminea,verbatim,8190231,"Corbicula fluminea (O.F.Müller, 1774)",Animalia,Mollusca,Bivalvia,Venerida,Cyrenidae,Corbicula,SPECIES,EXACT,99,ACCEPTED,
coreopsis lanceolata,Coreopsis lanceolata,オオキンケイギク,moe_ias_list,Coreopsis lanceolata,verbatim,3133938,Coreopsis lanceolata L.,Plantae,Tracheophyta,Magnoliopsida,Asterales,Asteraceae,Coreopsis,SPECIES,EXACT,99,ACCEPTED,
spilornis cheela perplexus,Spilornis cheela perplexus,カンムリワシ,moe_redlist,Spilornis cheela perplexus,verbatim,5844354,"Spilornis cheela perplexus Swann, 1922",Animalia,Chordata,Aves,Accipitriformes,Accipitridae,Spilornis,SUBSPECIES,EXACT,98,ACCEPTED,
magnolia pseudokobus,Magnolia pseudokobus,コブシモドキ,moe_redlist,Magnolia pseudokobus,verbatim,3153267,Magnolia pseudokobus S.Abe & Akasawa,Plantae,Tracheophyta,Magnoliopsida,Magnoliales,Magnoliaceae,Magnolia,SPECIES,EXACT,98,SYNONYM,
haplomitrium hookeri,Haplomitrium hookeri,キレハコマチゴケ,moe_redlist,Haplomitrium hookeri,verbatim,2689552,Haplomitrium hookeri (Lyell ex Sm.) Nees,Plantae,Marchantiophyta,Haplomitriopsida,Calobryales,Haplomitriaceae,Haplomitrium,SPECIES,EXACT,99,ACCEPTED,
chara fibrosa subsp. gymnopitys,Chara fibrosa subsp. gymnopitys,イトシャジクモ,moe_redlist,Chara fibrosa subsp. gymnopitys,verbatim,5270747,Chara fibrosa subsp. gymnopitys (A.Braun) Zaneveld,Plantae,Charophyta,Charophyceae,Charales,Characeae,Chara,SUBSPECIES,EXACT,98,SYNONYM,
peltigera lepidophora,Peltigera lepidophora,ハナビラツメゴケ,moe_redlist,Peltigera lepidophora,verbatim,3423777,Peltigera lepidophora (Vain.) Bitter,Fungi,Ascomycota,Lecanoromycetes,Peltigerales,Peltigeraceae,Peltigera,SPECIES,EXACT,99,ACCEPTED,
echinodontiellum japonicum,Echinodontiellum japonicum,コウヤクマンネンハリタケ,moe_redlist,Echinodontiellum japonicum,verbatim,10736084,Echinodontiellum japonicum (Imazeki) S.H.He & Nakasone,Fungi,Basidiomycota,Agaricomycetes,Russulales,Echinodontiaceae,Echinodontiellum,SPECIES,EXACT,99,ACCEPTED,
tokudaia tokunoshimensis,Tokudaia tokunoshimensis,トクノシマトゲネズミ,moe_redlist,Tokudaia tokunoshimensis,verbatim,5786721,"Tokudaia tokunoshimensis Endo & Tsuchiya, 2006",Animalia,Chordata,Mammalia,Rodentia,Muridae,Tokudaia,SPECIES,EXACT,98,ACCEPTED,
oncorhynchus nerka,Oncorhynchus nerka,ベニザケ（ヒメマス）,moe_redlist,Oncorhynchus nerka,verbatim,5204039,"Oncorhynchus nerka (Walbaum, 1792)",Animalia,Chordata,,Salmoniformes,Salmonidae,Oncorhynchus,SPECIES,EXACT,99,ACCEPTED,
gyrinus ryukyuensis,Gyrinus ryukyuensis,リュウキュウヒメミズスマシ,moe_redlist,Gyrinus ryukyuensis,verbatim,7877186,"Gyrinus Geoffroy, 1762",Animalia,Arthropoda,Insecta,Coleoptera,Gyrinidae,Gyrinus,GENUS,HIGHERRANK,92,ACCEPTED,
cavernacmella sp. c,Cavernacmella sp. C,ウフアガリゴマオカチグサ,moe_redlist,Cavernacmella sp. C,verbatim,4609809,"Cavernacmella Habe, 1942",Animalia,Mollusca,Gastropoda,Littorinimorpha,Assimineidae,Cavernacmella,GENUS,HIGHERRANK,94,ACCEPTED,
cirrodrilus homodontus,Cirrodrilus homodontus,ホソザリガニミミズ,moe_redlist,Cirrodrilus homodontus,verbatim,8101119,"Cirrodrilus homodontus (Yamaguchi, 1932)",Animalia,Annelida,Clitellata,Branchiobdellida,Branchiobdellidae,Cirrodrilus,SPECIES,EXACT,99,ACCEPTED,
okamejei boesemani,Okamejei boesemani,イサゴガンギエイ,moe_redlist,Okamejei boesemani,verbatim,2420118,"Okamejei boesemani (Ishihara, 1987)",Animalia,Chordata,Elasmobranchii,Rajiformes,Rajidae,Okamejei,SPECIES,EXACT,99,ACCEPTED,
pinnotheres cyclinus,Pinnotheres cyclinus,マルピンノ,moe_redlist,Pinnotheres cyclinus,verbatim,5971690,"Pinnotheres cyclinus Shen, 1932",Animalia,Arthropoda,Malacostraca,Decapoda,Pinnotheridae,Arcotheres,SPECIES,EXACT,98,SYNONYM,
natsushima graciliceps,Natsushima graciliceps,サツマフタカギヤドリ,moe_redlist,Natsushima graciliceps,verbatim,8986742,"Natsushima graciliceps Miura & Hashimoto, 1996",Animalia,Annelida,Polychaeta,Phyllodocida,Chrysopetalidae,Natsushima,SPECIES,EXACT,99,ACCEPTED,
platanthera mandarinorum rchb.f. var. macrocentron (franch & sav.) ohwi,Platanthera mandarinorum Rchb.f. var. macrocentron (Franch & Sav.) Ohwi,マイサギソウ,kanagawa_redlist,Platanthera mandarinorum Rchb.f. var. macrocentron (Franch & Sav.) Ohwi,verbatim,2798485,Platanthera mandarinorum var. macrocentron (Franch. & Sav.) Ohwi,Plantae,Tracheophyta,Liliopsida,Asparagales,Orchidaceae,Platanthera,VARIETY,EXACT,100,SYNONYM,
bartramiopsis lescurii (james) kindb.,Bartramiopsis lescurii (James) Kindb.,フウリンゴケ,kanagawa_redlist,Bartramiopsis lescurii (James) Kindb.,verbatim,2682900,Bartramiopsis lescurii (James) Kindb.,Plantae,Bryophyta,Polytrichopsida,Polytrichales,Polytrichaceae,Bartramiopsis,SPECIES,EXACT,100,ACCEPTED,
squamanita umbonata (sumst.) bas,Squamanita umbonata (Sumst.) Bas,カブラマツタケ,kanagawa_redlist,Squamanita umbonata (Sumst.) Bas,verbatim,2531616,Squamanita umbonata (Sumst.) Bas,Fungi,Basidiomycota,Agaricomycetes,Agaricales,Tricholomataceae,Squamanita,SPECIES,EXACT,100,ACCEPTED,
"lestes sponsa (hansemann, 1823)","Lestes sponsa (Hansemann, 1823)",アオイトトンボ,kanagawa_redlist,"Lestes sponsa (Hansemann, 1823)",verbatim,1424038,"Lestes sponsa (Hansemann, 1823)",Animalia,Arthropoda,Insecta,Odonata,Lestidae,Lestes,SPECIES,EXACT,100,ACCEPTED,
tamias sibiricus,Tamias sibiricus,シマリス（チョウセンシマリス）,moe_ias_list,Tamias sibiricus,verbatim,2437450,"Tamias sibiricus (Laxmann, 1769)",Animalia,Chordata,Mammalia,Rodentia,Sciuridae,Tamias,SPECIES,EXACT,99,ACCEPTED,
ctenopharhyngodon idellus,Ctenopharhyngodon idellus,ソウギョ,moe_ias_list,Ctenopharhyngodon idellus,verbatim,2362030,"Ctenopharyngodon idella (Valenciennes, 1844)",Animalia,Chordata,,Cypriniformes,Cyprinidae,Ctenopharyngodon,SPECIES,FUZZY,80,ACCEPTED,
mytilopsis sallei,Mytilopsis sallei,イガイダマシ,moe_ias_list,Mytilopsis sallei,verbatim,5189109,"Mytilopsis sallei (Récluz, 1849)",Animalia,Mollusca,Bivalvia,Myida,Dreissenidae,Mytilopsis,SPECIES,EXACT,99,ACCEPTED,
gymnocoronis spilanthoides,Gymnocoronis spilanthoides,ミズヒマワリ,moe_ias_list,Gymnocoronis spilanthoides,verbatim,6063677,Gymnocoronis spilanthoides DC.,Plantae,Tracheophyta,Magnoliopsida,Asterales,Asteraceae,Gymnocoronis,SPECIES,EXACT,99,ACCEPTED,
carduelis sinica kittlitzi,Carduelis sinica kittlitzi,オガサワラカワラヒワ,moe_redlist,Carduelis sinica kittlitzi,verbatim,6175371,"Carduelis sinica kittlitzi (Seebohm, 1890)",Animalia,Chordata,Aves,Passeriformes,Fringillidae,Chloris,SUBSPECIES,EXACT,98,SYNONYM,
disporum uniflorum,Disporum uniflorum,キバナホウチャクソウ,moe_redlist,Disporum uniflorum,verbatim,2770790,Disporum uniflorum Baker,Plantae,Tracheophyta,Liliopsida,Liliales,Colchicaceae,Disporum,SPECIES,EXACT,98,ACCEPTED,
mannia triandra,Mannia triandra,イワゼニゴケ,moe_redlist,Mannia triandra,verbatim,5286287,Mannia triandra (Scop.) Grolle,Plantae,Marchantiophyta,Marchantiopsida,Marchantiales,Aytoniaceae,Mannia,SPECIES,EXACT,99,ACCEPTED,
chara leptospora,Chara leptospora,ソデマクリシャジクモ,moe_redlist,Chara leptospora,verbatim,7357622,"Chara leptospora H.Sakayama, 2009",Plantae,Charophyta,Charophyceae,Charales,Characeae,Chara,SPECIES,EXACT,98,SYNONYM,
peltigera venosa,Peltigera venosa,ヒメツメゴケ,moe_redlist,Peltigera venosa,verbatim,2601157,Peltigera venosa (L.) Hoffm.,Fungi,Ascomycota,Lecanoromycetes,Peltigerales,Peltigeraceae,Peltigera,SPECIES,EXACT,97,ACCEPTED,
chorioactis geaster,Chorioactis geaster,キリノミタケ,moe_redlist,Chorioactis geaster,verbatim,7761763,Chorioactis geaster (Peck) Kupfer ex Eckblad,Fungi,Ascomycota,Pezizomycetes,Pezizales,Chorioactidaceae,Chorioactis,SPECIES,EXACT,97,ACCEPTED,
pentalagus furnessi,Pentalagus furnessi,アマミノクロウサギ,moe_redlist,Pentalagus furnessi,verbatim,2436950,"Pentalagus furnessi (Stone, 1900)",Animalia,Chordata,Mammalia,Lagomorpha,Leporidae,Pentalagus,SPECIES,EXACT,99,ACCEPTED,
monopterus sp.,Monopterus sp.,タウナギ属の１種（琉球列島）,moe_redlist,Monopterus sp.,verbatim,1,Animalia,Animalia,,,,,,KINGDOM,HIGHERRANK,92,ACCEPTED,
quedius kiuchii,Quedius kiuchii,リュウノイワヤツヤムネハネカクシ,moe_redlist,Quedius kiuchii,verbatim,10175149,"Quedius kiuchii Y.Watanabe & M.Yoshida, 1970",Animalia,Arthropoda,Insecta,Coleoptera,Staphylinidae,Quedius,SPECIES,EXACT,99,ACCEPTED,
paludinellassiminea daitoensis,Paludinellassiminea daitoensis,ダイトウオカチグサ (ダイトウヘソカド),moe_redlist,Paludinellassiminea daitoensis,verbatim,9421392,"Paludinellassiminea daitoensis (Habe, 1942)",Animalia,Mollusca,Gastropoda,Littorinimorpha,Assimineidae,Paludinellassiminea,SPECIES,EXACT,99,ACCEPTED,
cirrodrilus inukaii,Cirrodrilus inukaii,イヌカイザリガニミミズ,moe_redlist,Cirrodrilus inukaii,verbatim,8306704,"Cirrodrilus inukaii (Yamaguchi, 1934)",Animalia,Annelida,Clitellata,Branchiobdellida,Branchiobdellidae,Cirrodrilus,SPECIES,EXACT,99,ACCEPTED,
okamejei acutispina,Okamejei acutispina,モヨウカスベ,moe_redlist,Okamejei acutispina,verbatim,2420096,"Okamejei acutispina (Ishiyama, 1958)",Animalia,Chordata,Elasmobranchii,Rajiformes,Rajidae,Okamejei,SPECIES,EXACT,99,ACCEPTED,
sacculina upogebiae,Sacculina upogebiae,アナジャコフクロムシ,moe_redlist,Sacculina upogebiae,verbatim,6467417,"Sacculina upogebiae Shiino, 1943",Animalia,Arthropoda,Maxillopoda,Kentrogonida,Sacculinidae,Sacculina,SPECIES,EXACT,99,ACCEPTED,
marphysa tamurai,Marphysa tamurai,ビクニイワムシ,moe_redlist,Marphysa tamurai,verbatim,2322241,"Marphysa tamurai Okuda, 1934",Animalia,Annelida,Polychaeta,Eunicida,Eunicidae,Marphysa,SPECIES,EXACT,99,ACCEPTED,
platanthera nipponica makino,Platanthera nipponica Makino,コバノトンボソウ,kanagawa_redlist,Platanthera nipponica Makino,verbatim,2798189,Platanthera nipponica Makino,Plantae,Tracheophyta,Liliopsida,Asparagales,Orchidaceae,Platanthera,SPECIES,EXACT,100,ACCEPTED,
diphyscium lorifolium (cardot) magombo,Diphyscium lorifolium (Cardot) Magombo,クマノゴケ,kanagawa_redlist,Diphyscium lorifolium (Cardot) Magombo,verbatim,7731851,Diphyscium lorifolium (Cardot) Magombo,Plantae,Bryophyta,Bryopsida,Diphysciales,Diphysciaceae,Diphyscium,SPECIES,EXACT,100,ACCEPTED,
amanita flavofloccosa nagas. & hongo,Amanita flavofloccosa Nagas. & Hongo,キワタゲテングタケ,kanagawa_redlist,Amanita flavofloccosa Nagas. & Hongo,verbatim,5452277,Amanita flavofloccosa Nagas. & Hongo,Fungi,Basidiomycota,Agaricomycetes,Agaricales,Amanitaceae,Amanita,SPECIES,EXACT,100,ACCEPTED,
"ceriagrion nipponicum asahina, 1967","Ceriagrion nipponicum Asahina, 1967",ベニイトトンボ,kanagawa_redlist,"Ceriagrion nipponicum Asahina, 1967",verbatim,1423265,"Ceriagrion nipponicum Asahina, 1967",Animalia,Arthropoda,Insecta,Odonata,Coenagrionidae,Ceriagrion,SPECIES,EXACT,100,ACCEPTED,
mus musculus,Mus musculus,ハツカネズミ,moe_ias_list,Mus musculus,verbatim,7429082,"Mus musculus Linnaeus, 1758",Animalia,Chordata,Mammalia,Rodentia,Muridae,Mus,SPECIES,EXACT,99,ACCEPTED,
mylopharyngodon piceus,Mylopharyngodon piceus,アオウオ,moe_ias_list,Mylopharyngodon piceus,verbatim,2362110,"Mylopharyngodon piceus (Richardson, 1846)",Animalia,Chordata,,Cypriniformes,Cyprinidae,Mylopharyngodon,SPECIES,EXACT,99,ACCEPTED,
mercenaria mercenaria,Mercenaria mercenaria,ホンビノスガイ,moe_ias_list,Mercenaria mercenaria,verbatim,2287668,"Mercenaria mercenaria (Linnaeus, 1758)",Animalia,Mollusca,Bivalvia,Venerida,Veneridae,Mercenaria,SPECIES,EXACT,99,ACCEPTED,
rudbeckia laciniata,Rudbeckia laciniata,オオハンゴンソウ,moe_ias_list,Rudbeckia laciniata,verbatim,3114229,Rudbeckia laciniata L.,Plantae,Tracheophyta,Magnoliopsida,Asterales,Asteraceae,Rudbeckia,SPECIES,EXACT,99,ACCEPTED,
lagopus mutus japonicus,Lagopus mutus japonicus,ライチョウ,moe_redlist,Lagopus mutus japonicus,verbatim,5227693,"Lagopus muta japonica A.H.Clark, 1907",Animalia,Chordata,Aves,Galliformes,Phasianidae,Lagopus,SUBSPECIES,FUZZY,96,ACCEPTED,
liparis bootanensis var. uchiyamae,Liparis bootanensis var. uchiyamae,キノエササラン,moe_redlist,Liparis bootanensis var. uchiyamae,verbatim,5306145,Liparis bootanensis var. uchiyamae (Schltr.) S.S.Ying,Plantae,Tracheophyta,Liliopsida,Asparagales,Orchidaceae,Liparis,VARIETY,EXACT,98,SYNONYM,
peltolepis quadrata,Peltolepis quadrata,リシリゼニゴケ,moe_redlist,Peltolepis quadrata,verbatim,2688622,Peltolepis quadrata (Saut.) Müll.Frib.,Plantae,Marchantiophyta,Marchantiopsida,Marchantiales,Cleveaceae,Peltolepis,SPECIES,EXACT,97,ACCEPTED,
chara vulgaris var. nitelloides,Chara vulgaris var. nitelloides,レイセンジシャジクモ,moe_redlist,Chara vulgaris var. nitelloides,verbatim,8405500,Chara vulgaris L.,Plantae,Charophyta,Charophyceae,Charales,Characeae,Chara,SPECIES,HIGHERRANK,99,ACCEPTED,
solorina crocea,Solorina crocea,アカウラヤイトゴケ,moe_redlist,Solorina crocea,verbatim,2601134,Solorina crocea (L.) Ach.,Fungi,Ascomycota,Lecanoromycetes,Peltigerales,Peltigeraceae,Solorina,SPECIES,EXACT,99,ACCEPTED,
lysurus sphaerocephalus,Lysurus sphaerocephalus,コナガエノアカカゴタケ,moe_redlist,Lysurus sphaerocephalus,verbatim,11106279,"Lysurus sphaerocephalum (Schltdl.) Hern.Caff., Urcelay, Hosaka & L.S.Domínguez",Fungi,Basidiomycota,Agaricomycetes,Phallales,Phallaceae,Lysurus,SPECIES,FUZZY,96,SYNONYM,
mustela sibirica,Mustela sibirica,シベリアイタチ,moe_redlist,Mustela sibirica,verbatim,5218972,"Mustela sibirica Pallas, 1773",Animalia,Chordata,Mammalia,Carnivora,Mustelidae,Mustela,SPECIES,EXACT,99,ACCEPTED,
gasterosteus aculeatus subsp. 2,Gasterosteus aculeatus subsp. 2,ハリヨ,moe_redlist,Gasterosteus aculeatus subsp. 2,verbatim,4286327,"Gasterosteus aculeatus Linnaeus, 1758",Animalia,Chordata,,Gasterosteiformes,Gasterosteidae,Gasterosteus,SPECIES,EXACT,84,ACCEPTED,
neolucanus insulicola donan,Neolucanus insulicola donan,ヨナグニマルバネクワガタ,moe_redlist,Neolucanus insulicola donan,verbatim,8980770,"Neolucanus insulicola donan Mizunuma, 1985",Animalia,Arthropoda,Insecta,Coleoptera,Lucanidae,Neolucanus,SUBSPECIES,EXACT,98,ACCEPTED,
paludinellassiminea miyakoinsularis,Paludinellassiminea miyakoinsularis,ミヤコオカチグサ,moe_redlist,Paludinellassiminea miyakoinsularis,verbatim,11146407,"Paludinellassiminea miyakoinsularis (Minato, 1980)",Animalia,Mollusca,Gastropoda,Littorinimorpha,Assimineidae,Paludinellassiminea,SPECIES,EXACT,99,ACCEPTED,
cirrodrilus iwakiensis,Cirrodrilus iwakiensis,イワキザリガニミミズ,moe_redlist,Cirrodrilus iwakiensis,verbatim,7403516,"Cirrodrilus iwakiensis Ohataka & Gelder, 2015",Animalia,Annelida,Clitellata,Branchiobdellida,Branchiobdellidae,Cirrodrilus,SPECIES,EXACT,99,ACCEPTED,
dasyatis acutirostra,Dasyatis acutirostra,ヤジリエイ,moe_redlist,Dasyatis acutirostra,verbatim,2419535,"Dasyatis acutirostra Nishida & Nakaya, 1988",Animalia,Chordata,Elasmobranchii,Myliobatiformes,Dasyatidae,Telatrygon,SPECIES,EXACT,98,SYNONYM,
amphibalanus reticulatus,Amphibalanus reticulatus,サラサフジツボ,moe_redlist,Amphibalanus reticulatus,verbatim,6128436,"Amphibalanus reticulatus (Utinomi, 1967)",Animalia,Arthropoda,Maxillopoda,Sessilia,Balanidae,Amphibalanus,SPECIES,EXACT,99,ACCEPTED,
siphonosoma funafuti,Siphonosoma funafuti,アマミスジホシムシモドキ,moe_redlist,Siphonosoma funafuti,verbatim,2509281,"Siphonosoma funafuti (Shipley, 1898)",Animalia,Sipuncula,Sipunculidea,Sipunculiformes,Sipunculidae,Siphonosoma,SPECIES,EXACT,99,ACCEPTED,
platanthera ophrydioides f.schmidt var. monophylla honda,Platanthera ophrydioides F.Schmidt var. monophylla Honda,キソチドリ,kanagawa_redlist,Platanthera ophrydioides F.Schmidt var. monophylla Honda,verbatim,6316136,Platanthera ophrydioides var. monophylla Honda,Plantae,Tracheophyta,Liliopsida,Asparagales,Orchidaceae,Platanthera,VARIETY,EXACT,100,SYNONYM,
fissidens geppii m.fleisch.,Fissidens geppii M.Fleisch.,ジョウレンホウオウゴケ,kanagawa_redlist,Fissidens geppii M.Fleisch.,verbatim,5283061,Fissidens geppii M.Fleisch.,Plantae,Bryophyta,Bryopsida,Dicranales,Fissidentaceae,Fissidens,SPECIES,EXACT,100,ACCEPTED,
pholiota microspora (berk.) sacc.,Pholiota microspora (Berk.) Sacc.,ナメコ,kanagawa_redlist,Pholiota microspora (Berk.) Sacc.,verbatim,9751347,Pholiota microspora (Berkeley) Saccardo,Fungi,Basidiomycota,Agaricomycetes,Agaricales,Strophariaceae,Pholiota,SPECIES,EXACT,100,ACCEPTED,
"sarasaeschna pryeri (martin, 1909)","Sarasaeschna pryeri (Martin, 1909)",サラサヤンマ,kanagawa_redlist,"Sarasaeschna pryeri (Martin, 1909)",verbatim,5791747,"Sarasaeschna pryeri (Martin, 1909)",Animalia,Arthropoda,Insecta,Odonata,Aeshnidae,Sarasaeschna,SPECIES,EXACT,100,ACCEPTED,
ondatra ziberhicus,Ondatra ziberhicus,マスクラット,moe_ias_list,Ondatra ziberhicus,verbatim,5219858,"Ondatra zibethicus (Linnaeus, 1766)",Animalia,Chordata,Mammalia,Rodentia,Cricetidae,Ondatra,SPECIES,FUZZY,95,ACCEPTED,
paramisgurnus dabryanus,Paramisgurnus dabryanus,カラドジョウ,moe_ias_list,Paramisgurnus dabryanus,verbatim,2368319,"Paramisgurnus dabryanus Dabry de Thiersant, 1872",Animalia,Chordata,,Cypriniformes,Cobitidae,Paramisgurnus,SPECIES,EXACT,97,ACCEPTED,
meretrix petechialis,Meretrix petechialis,シナハマグリ,moe_ias_list,Meretrix petechialis,verbatim,4372748,"Meretrix petechialis (Lamarck, 1818)",Animalia,Mollusca,Bivalvia,Venerida,Veneridae,Meretrix,SPECIES,EXACT,99,ACCEPTED,
senecio madagascariensis,Senecio madagascariensis,ナルトサワギク,moe_ias_list,Senecio madagascariensis,verbatim,3107722,Senecio madagascariensis Poir.,Plantae,Tracheophyta,Magnoliopsida,Asterales,Asteraceae,Senecio,SPECIES,EXACT,97,ACCEPTED,
columba janthina stejnegeri,Columba janthina stejnegeri,ヨナクニカラスバト,moe_redlist,Columba janthina stejnegeri,verbatim,5231841,"Columba janthina stejnegeri (Nagamichi Kuroda, 1923)",Animalia,Chordata,Aves,Columbiformes,Columbidae,Columba,SUBSPECIES,EXACT,98,ACCEPTED,
eriocaulon heleocharioides,Eriocaulon heleocharioides,コシガヤホシクサ,moe_redlist,Eriocaulon heleocharioides,verbatim,2690559,Eriocaulon heleocharioides Satake,Plantae,Tracheophyta,Liliopsida,Poales,Eriocaulaceae,Eriocaulon,SPECIES,EXACT,99,ACCEPTED,
sauteria spongiosa,Sauteria spongiosa,ジンチョウゴケ,moe_redlist,Sauteria spongiosa,verbatim,5286293,Sauteria spongiosa (Kashyap) S.Hatt.,Plantae,Marchantiophyta,Marchantiopsida,Marchantiales,Cleveaceae,Sauteria,SPECIES,EXACT,99,ACCEPTED,
chara vulgaris var. vulgaris,Chara vulgaris var. vulgaris,クサシャジクモ,moe_redlist,Chara vulgaris var. vulgaris,verbatim,7229784,Chara vulgaris var. vulgaris L.,Plantae,Charophyta,Charophyceae,Charales,Characeae,Chara,VARIETY,EXACT,98,ACCEPTED,
pertusaria boninensis,Pertusaria boninensis,オガサワラトリハダゴケ,moe_redlist,Pertusaria boninensis,verbatim,2599923,"Pertusaria DC., 1805",Fungi,Ascomycota,Lecanoromycetes,Pertusariales,Pertusariaceae,Pertusaria,GENUS,HIGHERRANK,94,ACCEPTED,
favolus pseudobetulius,Favolus pseudobetulius,カンバタケモドキ,moe_redlist,Favolus pseudobetulius,verbatim,8103143,Favolus pseudobetulinus (Murashk. ex Pilát) Sotome & T.Hatt.,Fungi,Basidiomycota,Agaricomycetes,Polyporales,Polyporaceae,Favolus,SPECIES,FUZZY,95,ACCEPTED,
sorex minutissimus hawkeri,Sorex minutissimus hawkeri,トウキョウトガリネズミ,moe_redlist,Sorex minutissimus hawkeri,verbatim,2435959,"Sorex minutissimus Zimmermann, 1780",Animalia,Chordata,Mammalia,Soricomorpha,Soricidae,Sorex,SPECIES,HIGHERRANK,99,ACCEPTED,
pungitius sp. 3,Pungitius sp. 3,トミヨ属雄物型,moe_redlist,Pungitius sp. 3,verbatim,5204682,"Pungitius Coste, 1848",Animalia,Chordata,,Gasterosteiformes,Gasterosteidae,Pungitius,GENUS,HIGHERRANK,94,ACCEPTED,
oryctes hisamatsui,Oryctes hisamatsui,ヒサマツサイカブト,moe_redlist,Oryctes hisamatsui,verbatim,4995681,"Oryctes hisamatsui Nagai, 2002",Animalia,Arthropoda,Insecta,Coleoptera,Scarabaeidae,Oryctes,SPECIES,EXACT,99,ACCEPTED,
paludinellassiminea sp. a,Paludinellassiminea sp. A,タマグスクオカチグサ,moe_redlist,Paludinellassiminea sp. A,verbatim,5856427,"Paludinellassiminea Habe, 1994",Animalia,Mollusca,Gastropoda,Littorinimorpha,Assimineidae,Paludinellassiminea,GENUS,HIGHERRANK,94,ACCEPTED,
cirrodrilus makinoi,Cirrodrilus makinoi,ヒメザリガニミミズ,moe_redlist,Cirrodrilus makinoi,verbatim,7829503,"Cirrodrilus makinoi (Yamaguchi, 1934)",Animalia,Annelida,Clitellata,Branchiobdellida,Branchiobdellidae,Cirrodrilus,SPECIES,EXACT,99,ACCEPTED,
aetobatus narutobiei,Aetobatus narutobiei,ナルトビエイ,moe_redlist,Aetobatus narutobiei,verbatim,7732823,"Aetobatus narutobiei White, Furumitsu & Yamaguchi, 2013",Animalia,Chordata,Elasmobranchii,Myliobatiformes,Myliobatidae,Aetobatus,SPECIES,EXACT,99,ACCEPTED,
eudactylinamusteli,Eudactylinamusteli,和名なし,moe_redlist,Eudactylinamusteli,verbatim,,,,,,,,,,NONE,100,,No match because of too little confidence
anelassorhyncusmucosus,Anelassorhyncusmucosus,ミドリユムシ,moe_redlist,Anelassorhyncusmucosus,verbatim,,,,,,,,,,NONE,100,,
hypoxis aurea lour.,Hypoxis aurea Lour.,コキンバイザサ,kanagawa_redlist,Hypoxis aurea Lour.,verbatim,2852790,Hypoxis aurea Lour.,Plantae,Tracheophyta,Liliopsida,Asparagales,Hypoxidaceae,Hypoxis,SPECIES,EXACT,100,ACCEPTED,
glyphomitrium minutissimum (s.okam.) broth.,Glyphomitrium minutissimum (S.Okam.) Broth.,チャボサヤゴケ,kanagawa_redlist,Glyphomitrium minutissimum (S.Okam.) Broth.,verbatim,2674172,Glyphomitrium minutissimum (S.Okamura) Broth.,Plantae,Bryophyta,Bryopsida,Dicranales,Rhabdoweisiaceae,Glyphomitrium,SPECIES,EXACT,100,ACCEPTED,
synnematomyces capitatus kobayasi,Synnematomyces capitatus Kobayasi,和名なし〈シンネマトミケス・キャピタートゥス〉,kanagawa_redlist,Synnematomyces capitatus Kobayasi,verbatim,2590910,Synnematomyces capitatus Kobayasi,Fungi,Basidiomycota,Agaricomycetes,Agaricales,,Synnematomyces,SPECIES,EXACT,100,ACCEPTED,
"nihonogomphus viridis oguma, 1926","Nihonogomphus viridis Oguma, 1926",アオサナエ,kanagawa_redlist,"Nihonogomphus viridis Oguma, 1926",verbatim,1426364,"Nihonogomphus viridis Oguma, 1926",Animalia,Arthropoda,Insecta,Odonata,Gomphidae,Nihonogomphus,SPECIES,EXACT,100,ACCEPTED,
rattus norvegicus,Rattus norvegicus,ドブネズミ,moe_ias_list,Rattus norvegicus,verbatim,2439261,"Rattus norvegicus (Berkenhout, 1769)",Animalia,Chordata,Mammalia,Rodentia,Muridae,Rattus,SPECIES,EXACT,99,ACCEPTED,
pseudobagrus fulvidraco,Pseudobagrus fulvidraco,コウライギギ,moe_ias_list,Pseudobagrus fulvidraco,verbatim,2338608,"Pseudobagrus fulvidraco (Richardson, 1846)",Animalia,Chordata,,Siluriformes,Bagridae,Tachysurus,SPECIES,EXACT,98,SYNONYM,
ficopomatus enigmaticus,Ficopomatus enigmaticus,カニヤドリカンザシ,moe_ias_list,Ficopomatus enigmaticus,verbatim,2327735,"Ficopomatus enigmaticus (Fauvel, 1923)",Animalia,Annelida,Polychaeta,Sabellida,Serpulidae,Ficopomatus,SPECIES,EXACT,99,ACCEPTED,
spartina spp.,Spartina spp.,スパルティナ属,moe_ias_list,Spartina spp.,verbatim,12086863,Spartina Schreb.,Plantae,Tracheophyta,Liliopsida,Poales,Poaceae,Sporobolus,GENUS,HIGHERRANK,93,SYNONYM,
porzana exquisita,Porzana exquisita,シマクイナ,moe_redlist,Porzana exquisita,verbatim,2474674,"Porzana exquisita Swinhoe, 1873",Animalia,Chordata,Aves,Gruiformes,Rallidae,Coturnicops,SPECIES,EXACT,98,SYNONYM,
kalanchoe spathulata var. spathulata,Kalanchoe spathulata var. spathulata,リュウキュウベンケイ,moe_redlist,Kalanchoe spathulata var. spathulata,verbatim,2985928,Kalanchoe Adans.,Plantae,Tracheophyta,Magnoliopsida,Saxifragales,Crassulaceae,Kalanchoe,GENUS,HIGHERRANK,97,ACCEPTED,
sandeothallus japonicus,Sandeothallus japonicus,ヤマトヤハズゴケ,moe_redlist,Sandeothallus japonicus,verbatim,6317120,Sandeothallus japonicus (Inoue) Crand.-Stotl. & Stotler,Plantae,Marchantiophyta,Jungermanniopsida,Pallaviciniales,Sandeothallaceae,Sandeothallus,SPECIES,EXACT,99,ACCEPTED,
lamprothamnium succinctum,Lamprothamnium succinctum,シラタマモ,moe_redlist,Lamprothamnium succinctum,verbatim,2638284,"Lamprothamnium succinctum (A.Braun) R.D.Wood, 1962",Plantae,Charophyta,Charophyceae,Charales,Characeae,Lamprothamnium,SPECIES,EXACT,99,ACCEPTED,
umbilicaria deusta,Umbilicaria deusta,トゲイワタケ,moe_redlist,Umbilicaria deusta,verbatim,5260486,Umbilicaria deusta (L.) Baumg.,Fungi,Ascomycota,Lecanoromycetes,Umbilicariales,Umbilicariaceae,Umbilicaria,SPECIES,EXACT,99,ACCEPTED,
diplocarpa irregularis,Diplocarpa irregularis,クロムラサキハナビラタケ,moe_redlist,Diplocarpa irregularis,verbatim,11837670,Diplocarpa irregularis (Schwein.) Baral & Pärtel,Fungi,Ascomycota,Leotiomycetes,Helotiales,Cordieritidaceae,Diplocarpa,SPECIES,EXACT,99,ACCEPTED,
rhinolophus perditus,Rhinolophus perditus,ヤエヤマコキクガシラコウモリ,moe_redlist,Rhinolophus perditus,verbatim,5787428,"Rhinolophus perditus K.Andersen, 1918",Animalia,Chordata,Mammalia,Chiroptera,Rhinolophidae,Rhinolophus,SPECIES,EXACT,99,ACCEPTED,
pungitius sp. 4,Pungitius sp. 4,ムサシトミヨ,moe_redlist,Pungitius sp. 4,verbatim,5204682,"Pungitius Coste, 1848",Animalia,Chordata,,Gasterosteiformes,Gasterosteidae,Pungitius,GENUS,HIGHERRANK,94,ACCEPTED,
chrysobothris boninensis suzukii,Chrysobothris boninensis suzukii,オガサワラムツボシタマムシ母島亜種,moe_redlist,Chrysobothris boninensis suzukii,verbatim,9277990,"Chrysobothris boninensis suzukii Kurosawa, 1975",Animalia,Arthropoda,Insecta,Coleoptera,Buprestidae,Chrysobothris,SUBSPECIES,EXACT,98,ACCEPTED,
paludinellassiminea sp. b,Paludinellassiminea sp. B,ドナンオカチグサ,moe_redlist,Paludinellassiminea sp. B,verbatim,5856427,"Paludinellassiminea Habe, 1994",Animalia,Mollusca,Gastropoda,Littorinimorpha,Assimineidae,Paludinellassiminea,GENUS,HIGHERRANK,94,ACCEPTED,
cirrodrilus megalodentatus,Cirrodrilus megalodentatus,オオアゴザリガニミミズ,moe_redlist,Cirrodrilus megalodentatus,verbatim,8272197,"Cirrodrilus megalodentatus (Yamaguchi, 1934)",Animalia,Annelida,Clitellata,Branchiobdellida,Branchiobdellidae,Cirrodrilus,SPECIES,EXACT,99,ACCEPTED,
robinsia catherinae,Robinsia catherinae,カワリアナゴ,moe_redlist,Robinsia catherinae,verbatim,2405425,"Robinsia catherinae Böhlke & Smith, 1967",Animalia,Chordata,,Anguilliformes,Chlopsidae,Robinsia,SPECIES,EXACT,99,ACCEPTED,
eudactylina squatini,Eudactylina squatini,和名なし,moe_redlist,Eudactylina squatini,verbatim,6466816,"Eudactylina squatini Izawa, 2011",Animalia,Arthropoda,Copepoda,Siphonostomatoida,Eudactylinidae,Eudactylina,SPECIES,EXACT,99,ACCEPTED,
arhynchite arhynchite,Arhynchite arhynchite,ドチクチユムシ,moe_redlist,Arhynchite arhynchite,verbatim,2508973,"Arhynchite arhynchite (Ikeda, 1924)",Animalia,Annelida,Polychaeta,Echiuroidea,Thalassematidae,Arhynchite,SPECIES,EXACT,99,ACCEPTED,
iris laevigata fisch.,Iris laevigata Fisch.,カキツバタ,kanagawa_redlist,Iris laevigata Fisch.,verbatim,5298334,Iris laevigata Fisch.,Plantae,Tracheophyta,Liliopsida,Asparagales,Iridaceae,Iris,SPECIES,EXACT,100,ACCEPTED,
campylopus fragilis (brid.) bruch & schimp.,Campylopus fragilis (Brid.) Bruch & Schimp.,マユハケゴケ,kanagawa_redlist,Campylopus fragilis (Brid.) Bruch & Schimp.,verbatim,5281998,Campylopus fragilis (Brid.) Bruch & Schimp.,Plantae,Bryophyta,Bryopsida,Dicranales,Leucobryaceae,Campylopus,SPECIES,EXACT,100,ACCEPTED,
boletus generosus har. takah.,Boletus generosus Har. Takah.,ヒイロウラベニイロガワリ,kanagawa_redlist,Boletus generosus Har. Takah.,verbatim,6015922,Boletus generosus Har.Takah.,Fungi,Basidiomycota,Agaricomycetes,Boletales,Boletaceae,Boletus,SPECIES,EXACT,100,ACCEPTED,
"shaogomphus postocularis (selys, 1869)","Shaogomphus postocularis (Selys, 1869)",ホンサナエ,kanagawa_redlist,"Shaogomphus postocularis (Selys, 1869)",verbatim,1425991,"Shaogomphus postocularis (Selys, 1869)",Animalia,Arthropoda,Insecta,Odonata,Gomphidae,Shaogomphus,SPECIES,EXACT,100,ACCEPTED,
saimiri sciureus,Saimiri sciureus,リスザル,moe_ias_list,Saimiri sciureus,verbatim,2436661,"Saimiri sciureus (Linnaeus, 1758)",Animalia,Chordata,Mammalia,Primates,Cebidae,Saimiri,SPECIES,EXACT,99,ACCEPTED,
salvelinus fontinalis,Salvelinus fontinalis,カワマス,moe_ias_list,Salvelinus fontinalis,verbatim,2351271,"Salvelinus fontinalis (Mitchill, 1814)",Animalia,Chordata,,Salmoniformes,Salmonidae,Salvelinus,SPECIES,EXACT,99,ACCEPTED,
hydroides elegans,Hydroides elegans,カサネカンザシ,moe_ias_list,Hydroides elegans,verbatim,2328302,"Hydroides elegans (Haswell, 1883)",Animalia,Annelida,Polychaeta,Sabellida,Serpulidae,Hydroides,SPECIES,EXACT,99,ACCEPTED,
pistia stratiotes,Pistia stratiotes,ボタンウキクサ,moe_ias_list,Pistia stratiotes,verbatim,2870583,Pistia stratiotes L.,Plantae,Tracheophyta,Liliopsida,Alismatales,Araceae,Pistia,SPECIES,EXACT,99,ACCEPTED,
rallina eurizonoides sepiaria,Rallina eurizonoides sepiaria,オオクイナ,moe_redlist,Rallina eurizonoides sepiaria,verbatim,6176668,"Rallina eurizonoides sepiaria (Stejneger, 1887)",Animalia,Chordata,Aves,Gruiformes,Rallidae,Rallina,SUBSPECIES,EXACT,98,ACCEPTED,
astragalus sikokianus,Astragalus sikokianus,ナルトオウギ,moe_redlist,Astragalus sikokianus,verbatim,5344739,Astragalus sikokianus Nakai,Plantae,Tracheophyta,Magnoliopsida,Fabales,Fabaceae,Astragalus,SPECIES,EXACT,99,ACCEPTED,
pleurozia purpurea,Pleurozia purpurea,ミズゴケモドキ,moe_redlist,Pleurozia purpurea,verbatim,2688670,Pleurozia purpurea Lindb.,Plantae,Marchantiophyta,Jungermanniopsida,Pleuroziales,Pleuroziaceae,Pleurozia,SPECIES,EXACT,99,ACCEPTED,
nitella acuminata var. subglomerata,Nitella acuminata var. subglomerata,トガリフラスコモ,moe_redlist,Nitella acuminata var. subglomerata,verbatim,2637949,Nitella acuminata A.Braun ex Wallman,Plantae,Charophyta,Charophyceae,Charales,Characeae,Nitella,SPECIES,HIGHERRANK,98,ACCEPTED,
umbilicaria muehlenbergii,Umbilicaria muehlenbergii,オオウラヒダイワタケ,moe_redlist,Umbilicaria muehlenbergii,verbatim,5260491,Umbilicaria muehlenbergii (Ach.) Tuck.,Fungi,Ascomycota,Lecanoromycetes,Umbilicariales,Umbilicariaceae,Umbilicaria,SPECIES,EXACT,99,ACCEPTED,
tricholoma matsutake,Tricholoma matsutake,マツタケ,moe_redlist,Tricholoma matsutake,verbatim,5241820,Tricholoma matsutake (S.Ito & S.Imai) Singer,Fungi,Basidiomycota,Agaricomycetes,Agaricales,Tricholomataceae,Tricholoma,SPECIES,EXACT,99,ACCEPTED,
eptesicus japonensis,Eptesicus japonensis,クビワコウモリ,moe_redlist,Eptesicus japonensis,verbatim,4265974,"Eptesicus japonensis Imaizumi, 1953",Animalia,Chordata,Mammalia,Chiroptera,Vespertilionidae,Eptesicus,SPECIES,EXACT,99,ACCEPTED,
microphis argulus,Microphis argulus,ホシイッセンヨウジ,moe_redlist,Microphis argulus,verbatim,5200998,"Microphis argulus (Peters, 1855)",Animalia,Chordata,,Syngnathiformes,Syngnathidae,Microphis,SPECIES,EXACT,99,ACCEPTED,
tamamushia virida fujitai,Tamamushia virida fujitai,ツマベニタマムシ聟島亜種,moe_redlist,Tamamushia virida fujitai,verbatim,9626250,"Tamamushia virida fujitai Ohmomo & Karube, 2004",Animalia,Arthropoda,Insecta,Coleoptera,Buprestidae,Tamamushia,SUBSPECIES,EXACT,98,ACCEPTED,
parafossarulus manchouricus japonicus,Parafossarulus manchouricus japonicus,マメタニシ,moe_redlist,Parafossarulus manchouricus japonicus,verbatim,9700025,"Parafossarulus manchouricus (Bourguignat, 1860)",Animalia,Mollusca,Gastropoda,Littorinimorpha,Bithyniidae,Parafossarulus,SPECIES,HIGHERRANK,99,ACCEPTED,
cirrodrilus nipponicus,Cirrodrilus nipponicus,ニッポンザリガニミミズ,moe_redlist,Cirrodrilus nipponicus,verbatim,7519591,"Cirrodrilus nipponicus (Yamaguchi, 1932)",Animalia,Annelida,Clitellata,Branchiobdellida,Branchiobdellidae,Cirrodrilus,SPECIES,EXACT,99,ACCEPTED,
gymnothorax richardsonii,Gymnothorax richardsonii,モバウツボ,moe_redlist,Gymnothorax richardsonii,verbatim,2403987,"Gymnothorax richardsonii (Bleeker, 1852)",Animalia,Chordata,,Anguilliformes,Muraenidae,Gymnothorax,SPECIES,EXACT,99,ACCEPTED,
kroyeria elongata,Kroyeria elongata,和名なし,moe_redlist,Kroyeria elongata,verbatim,5719673,"Kroyeria elongata Pillai, 1967",Animalia,Arthropoda,Copepoda,Siphonostomatoida,Kroyeriidae,Kroyeria,SPECIES,EXACT,99,ACCEPTED,
balanoglossus simodensis,Balanoglossus simodensis,シモダギボシムシ,moe_redlist,Balanoglossus simodensis,verbatim,5842802,"Balanoglossus simodensis Miyamoto & Saito, 2007",Animalia,Hemichordata,Enteropneusta,,Ptychoderidae,Balanoglossus,SPECIES,EXACT,99,ACCEPTED,
iris sanguinea hornem.,Iris sanguinea Hornem.,アヤメ,kanagawa_redlist,Iris sanguinea Hornem.,verbatim,5298821,Iris sanguinea Hornem.,Plantae,Tracheophyta,Liliopsida,Asparagales,Iridaceae,Iris,SPECIES,EXACT,100,ACCEPTED,
syrrhopodon japonicus (besch.) broth.,Syrrhopodon japonicus (Besch.) Broth.,カタシロゴケ,kanagawa_redlist,Syrrhopodon japonicus (Besch.) Broth.,verbatim,2670288,Syrrhopodon Schwägr.,Plantae,Bryophyta,Bryopsida,Dicranales,Calymperaceae,Syrrhopodon,GENUS,HIGHERRANK,100,ACCEPTED,
octaviania durianelloides orihara,Octaviania durianelloides Orihara,チャイボホシミノタマタケ（仮称）,kanagawa_redlist,Octaviania durianelloides Orihara,verbatim,8029405,Octaviania durianelloides Orihara,Fungi,Basidiomycota,Agaricomycetes,Boletales,Boletaceae,Octaviania,SPECIES,EXACT,100,ACCEPTED,
"asiagomphus pryeri (selys, 1883)","Asiagomphus pryeri (Selys, 1883)",キイロサナエ,kanagawa_redlist,"Asiagomphus pryeri (Selys, 1883)",verbatim,6243281,"Asiagomphus pryeri (Selys, 1883)",Animalia,Arthropoda,Insecta,Odonata,Gomphidae,Asiagomphus,SPECIES,EXACT,100,ACCEPTED,
mustela itatsi,Mustela itatsi,伊豆諸島などのニホンイタチ,moe_ias_list,Mustela itatsi,verbatim,5218962,"Mustela itatsi Temminck, 1844",Animalia,Chordata,Mammalia,Carnivora,Mustelidae,Mustela,SPECIES,EXACT,98,ACCEPTED,
odontesthes bonariensis,Odontesthes bonariensis,ペヘレイ,moe_ias_list,Odontesthes bonariensis,verbatim,2412370,"Odontesthes bonariensis (Valenciennes, 1835)",Animalia,Chordata,,Atheriniformes,Atherinopsidae,Odontesthes,SPECIES,EXACT,99,ACCEPTED,
amphibalanus amphitrite,Amphibalanus amphitrite,タテジマフジツボ,moe_ias_list,Amphibalanus amphitrite,verbatim,4805564,"Amphibalanus amphitrite (Darwin, 1854)",Animalia,Arthropoda,Maxillopoda,Sessilia,Balanidae,Amphibalanus,SPECIES,EXACT,99,ACCEPTED,
mikania micrantha,Mikania micrantha,ツルヒヨドリ（ツルギク、ミカニア・ミクランサ）,moe_ias_list,Mikania micrantha,verbatim,5398421,Mikania micrantha Kunth,Plantae,Tracheophyta,Magnoliopsida,Asterales,Asteraceae,Mikania,SPECIES,EXACT,97,ACCEPTED,
numenius minutus,Numenius minutus,コシャクシギ,moe_redlist,Numenius minutus,verbatim,2481782,"Numenius minutus Gould, 1841",Animalia,Chordata,Aves,Charadriiformes,Scolopacidae,Numenius,SPECIES,EXACT,99,ACCEPTED,
viola stoloniflora,Viola stoloniflora,オリヅルスミレ,moe_redlist,Viola stoloniflora,verbatim,5664298,Viola stoloniflora Yokota & Higa,Plantae,Tracheophyta,Magnoliopsida,Malpighiales,Violaceae,Viola,SPECIES,EXACT,99,ACCEPTED,
barbilophozia hatcheri,Barbilophozia hatcheri,ヒメモミジゴケ,moe_redlist,Barbilophozia hatcheri,verbatim,2689433,Barbilophozia hatcheri (A.Evans) Loeske,Plantae,Marchantiophyta,Jungermanniopsida,Jungermanniales,Anastrophyllaceae,Barbilophozia,SPECIES,EXACT,99,ACCEPTED,
nitella allenii var. allenii,Nitella allenii var. allenii,アレンフラスコモ,moe_redlist,Nitella allenii var. allenii,verbatim,2637771,"Nitella C.Agardh, 1824",Plantae,Charophyta,Charophyceae,Charales,Characeae,Nitella,GENUS,HIGHERRANK,94,ACCEPTED,
paulia japonica,Paulia japonica,ヤブレガサゴケ,moe_redlist,Paulia japonica,verbatim,5493865,Paulia japonica Asahina,Fungi,Ascomycota,Lichinomycetes,Lichinales,Lichinaceae,Paulia,SPECIES,EXACT,99,ACCEPTED,
inonotus obliquus,Inonotus obliquus,カバノアナタケ,moe_redlist,Inonotus obliquus,verbatim,2521089,Inonotus obliquus (Fr.) Pilát,Fungi,Basidiomycota,Agaricomycetes,Hymenochaetales,Hymenochaetaceae,Inonotus,SPECIES,EXACT,99,ACCEPTED,
myotis gracilis,Myotis gracilis,ウスリホオヒゲコウモリ,moe_redlist,Myotis gracilis,verbatim,8202569,"Myctis gracilis Westwood, 1842",Animalia,Arthropoda,Insecta,Hemiptera,Coreidae,Mercennus,SPECIES,FUZZY,84,SYNONYM,
microphis jagorii,Microphis jagorii,ヒメテングヨウジ,moe_redlist,Microphis jagorii,verbatim,5201013,"Microphis jagorii Peters, 1868",Animalia,Chordata,,Syngnathiformes,Syngnathidae,Oostethus,SPECIES,EXACT,98,SYNONYM,
luciola owadai,Luciola owadai,クメジマボタル,moe_redlist,Luciola owadai,verbatim,6990475,"Luciola owadai Satô & Kimura, 1994",Animalia,Arthropoda,Insecta,Coleoptera,Lampyridae,Luciola,SPECIES,EXACT,99,ACCEPTED,
gammatricula shini,Gammatricula shini,ヨナグニカタヤマガイ,moe_redlist,Gammatricula shini,verbatim,9792135,"Gammatricula shini (Habe, 1961)",Animalia,Mollusca,Gastropoda,Littorinimorpha,Pomatiopsidae,Gammatricula,SPECIES,EXACT,99,ACCEPTED,
cirrodrilus sapporensis,Cirrodrilus sapporensis,ザリガニミミズ,moe_redlist,Cirrodrilus sapporensis,verbatim,8258916,"Cirrodrilus sapporensis (Pierantoni, 1906)",Animalia,Annelida,Clitellata,Branchiobdellida,Branchiobdellidae,Cirrodrilus,SPECIES,EXACT,99,ACCEPTED,
aulichthys japonicus,Aulichthys japonicus,クダヤガラ,moe_redlist,Aulichthys japonicus,verbatim,2356483,"Aulichthys japonicus Brevoort, 1862",Animalia,Chordata,,Gasterosteiformes,Hypoptychidae,Aulichthys,SPECIES,EXACT,99,ACCEPTED,
kroyeria sublineata,Kroyeria sublineata,和名なし,moe_redlist,Kroyeria sublineata,verbatim,5719666,"Kroyeria sublineata Yamaguti & Yamasu, 1959",Animalia,Arthropoda,Copepoda,Siphonostomatoida,Kroyeriidae,Kroyeria,SPECIES,EXACT,99,ACCEPTED,
saccoglossus borealis,Saccoglossus borealis,キタギボシムシ,moe_redlist,Saccoglossus borealis,verbatim,2254472,"Saccoglossus borealis Okuda & Yamada, 1955",Animalia,Hemichordata,Enteropneusta,,Harrimaniidae,Harrimania,SPECIES,EXACT,98,SYNONYM,
polygonatum humile fisch. ex maxim.,Polygonatum humile Fisch. ex Maxim.,ヒメイズイ,kanagawa_redlist,Polygonatum humile Fisch. ex Maxim.,verbatim,2770302,Polygonatum humile Fisch. ex Maxim.,Plantae,Tracheophyta,Liliopsida,Asparagales,Asparagaceae,Polygonatum,SPECIES,EXACT,100,ACCEPTED,
eucladium verticillatum (brid.) bruch & schimp.,Eucladium verticillatum (Brid.) Bruch & Schimp.,ダンダンゴケ,kanagawa_redlist,Eucladium verticillatum (Brid.) Bruch & Schimp.,verbatim,2671130,Eucladium verticillatum (With.) Bruch & Schimp.,Plantae,Bryophyta,Bryopsida,Pottiales,Pottiaceae,Eucladium,SPECIES,EXACT,100,ACCEPTED,
haplotrichum croceum (mont.) partr. & morgan-jones,Haplotrichum croceum (Mont.) Partr. & Morgan-Jones,タブノキキハダカビ,kanagawa_redlist,Haplotrichum croceum (Mont.) Partr. & Morgan-Jones,verbatim,6327268,Haplotrichum croceum (Mont.) Partr. & Morgan-Jones,Fungi,Basidiomycota,Agaricomycetes,Cantharellales,Botryobasidiaceae,Haplotrichum,SPECIES,EXACT,100,ACCEPTED,
"rhyothemis fuliginosa selys, 1883","Rhyothemis fuliginosa Selys, 1883",チョウトンボ,kanagawa_redlist,"Rhyothemis fuliginosa Selys, 1883",verbatim,1428108,"Rhyothemis fuliginosa Selys, 1883",Animalia,Arthropoda,Insecta,Odonata,Libellulidae,Rhyothemis,SPECIES,EXACT,100,ACCEPTED,
nyctereutes procyonoides,Nyctereutes procyonoides,奥尻島・屋久島のタヌキ,moe_ias_list,Nyctereutes procyonoides,verbatim,2434552,"Nyctereutes procyonoides (Gray, 1834)",Animalia,Chordata,Mammalia,Carnivora,Canidae,Nyctereutes,SPECIES,EXACT,99,ACCEPTED,
oreochromis mossambicus,Oreochromis mossambicus,カワスズメ,moe_ias_list,Oreochromis mossambicus,verbatim,2372396,"Oreochromis mossambicus (Peters, 1852)",Animalia,Chordata,,Perciformes,Cichlidae,Oreochromis,SPECIES,EXACT,99,ACCEPTED,
amphibalanus eburneus,Amphibalanus eburneus,アメリカフジツボ,moe_ias_list,Amphibalanus eburneus,verbatim,5862470,"Amphibalanus eburneus (Gould, 1841)",Animalia,Arthropoda,Maxillopoda,Sessilia,Balanidae,Amphibalanus,SPECIES,EXACT,99,ACCEPTED,
sphagneticola trilobata,Sphagneticola trilobata,アメリカハマグルマ（ミツバハマグルマ）,moe_ias_list,Sphagneticola trilobata,verbatim,3116842,Sphagneticola trilobata (L.) Pruski,Plantae,Tracheophyta,Magnoliopsida,Asterales,Asteraceae,Sphagneticola,SPECIES,EXACT,99,ACCEPTED,
sterna bergii cristata,Sterna bergii cristata,オオアジサシ,moe_redlist,Sterna bergii cristata,verbatim,6486596,"Sterna bergii cristata Stephens, 1826",Animalia,Chordata,Aves,Charadriiformes,Laridae,Thalasseus,SUBSPECIES,EXACT,98,SYNONYM,
huperzia somae,Huperzia somae,コスギトウゲシバ,moe_redlist,Huperzia somae,verbatim,4925324,Huperzia somae (Hayata) Ching,Plantae,Tracheophyta,Lycopodiopsida,Lycopodiales,Lycopodiaceae,Huperzia,SPECIES,EXACT,99,ACCEPTED,
hattoria yakushimensis,Hattoria yakushimensis,ヤクシマアミバゴケ,moe_redlist,Hattoria yakushimensis,verbatim,5286353,Hattoria yakushimensis (Horik.) R.M.Schust.,Plantae,Marchantiophyta,Jungermanniopsida,Jungermanniales,Anastrophyllaceae,Hattoria,SPECIES,EXACT,99,ACCEPTED,
nitella comptonii,Nitella comptonii,ジュズフサフラスコモ,moe_redlist,Nitella comptonii,verbatim,2637825,"Nitella comptonii J.Groves, 1922",Plantae,Charophyta,Charophyceae,Charales,Characeae,Nitella,SPECIES,EXACT,99,ACCEPTED,
thyrea latissima,Thyrea latissima,オオバキセガワノリ,moe_redlist,Thyrea latissima,verbatim,3477037,Thyrea latissima Asahina,Fungi,Ascomycota,Lichinomycetes,Lichinales,Lichinaceae,Thyrea,SPECIES,EXACT,99,ACCEPTED,
sanghuangporus sanghuang,Sanghuangporus sanghuang,メシマコブ,moe_redlist,Sanghuangporus sanghuang,verbatim,7409216,"Sanghuangporus sanghuang (Sheng H.Wu, T.Hatt. & Y.C.Dai) Sheng H.Wu, L.W.Zhou & Y.C.Dai",Fungi,Basidiomycota,Agaricomycetes,Hymenochaetales,Hymenochaetaceae,Sanghuangporus,SPECIES,EXACT,99,ACCEPTED,
myotis nattereri bombinus,Myotis nattereri bombinus,ホンドノレンコウモリ,moe_redlist,Myotis nattereri bombinus,verbatim,8947673,"Myotis nattereri bombinus Thomas, 1906",Animalia,Chordata,Mammalia,Chiroptera,Vespertilionidae,Myotis,SUBSPECIES,EXACT,98,SYNONYM,
microphis retzii,Microphis retzii,タニヨウジ,moe_redlist,Microphis retzii,verbatim,5201017,"Microphis retzii (Bleeker, 1856)",Animalia,Chordata,,Syngnathiformes,Syngnathidae,Microphis,SPECIES,EXACT,99,ACCEPTED,
glipa asahinai,Glipa asahinai,キンモンオビハナノミ,moe_redlist,Glipa asahinai,verbatim,1046030,"Glipa LeConte, 1859",Animalia,Arthropoda,Insecta,Coleoptera,Mordellidae,Glipa,GENUS,HIGHERRANK,94,ACCEPTED,
truncatella oagariensis,Truncatella oagariensis,オカクビキレ,moe_redlist,Truncatella oagariensis,verbatim,11186311,"Truncatella oagariensis (Kuroda, 1960)",Animalia,Mollusca,Gastropoda,Littorinimorpha,Truncatellidae,Truncatella,SPECIES,EXACT,99,ACCEPTED,
cirrodrilus uchidai,Cirrodrilus uchidai,ウチダザリガニミミズ,moe_redlist,Cirrodrilus uchidai,verbatim,7376213,"Cirrodrilus uchidai (Yamaguchi, 1932)",Animalia,Annelida,Clitellata,Branchiobdellida,Branchiobdellidae,Cirrodrilus,SPECIES,EXACT,99,ACCEPTED,
bulbonaricus brauni,Bulbonaricus brauni,チンヨウジウオ,moe_redlist,Bulbonaricus brauni,verbatim,2332798,"Bulbonaricus brauni (Dawson & Allen, 1978)",Animalia,Chordata,,Syngnathiformes,Syngnathidae,Bulbonaricus,SPECIES,EXACT,99,ACCEPTED,
lernaeopoda oviformis,Lernaeopoda oviformis,ダンゴナガクビムシ,moe_redlist,Lernaeopoda oviformis,verbatim,4329650,"Lernaeopoda oviformis Shiino, 1956",Animalia,Arthropoda,Copepoda,Siphonostomatoida,Lernaeopodidae,Neoalbionella,SPECIES,EXACT,98,SYNONYM,
epigonichthysmaldivensis,Epigonichthysmaldivensis,カタナメクジウオ,moe_redlist,Epigonichthysmaldivensis,verbatim,,,,,,,,,,NONE,100,,
monochoria korsakowii regel & maack,Monochoria korsakowii Regel & Maack,ミズアオイ,kanagawa_redlist,Monochoria korsakowii Regel & Maack,verbatim,2766009,Monochoria korsakowii Regel & Maack,Plantae,Tracheophyta,Liliopsida,Commelinales,Pontederiaceae,Pontederia,SPECIES,EXACT,100,SYNONYM,
gymnostomiella longinervis broth.,Gymnostomiella longinervis Broth.,フガゴケ,kanagawa_redlist,Gymnostomiella longinervis Broth.,verbatim,2671819,Gymnostomiella longinervis Broth.,Plantae,Bryophyta,Bryopsida,Pottiales,Pottiaceae,Gymnostomiella,SPECIES,EXACT,100,ACCEPTED,
pseudoinonotus dryadeus (pers.) t. wagner & m. fisch.,Pseudoinonotus dryadeus (Pers.) T. Wagner & M. Fisch.,マクラタケ,kanagawa_redlist,Pseudoinonotus dryadeus (Pers.) T. Wagner & M. Fisch.,verbatim,2520036,Pseudoinonotus dryadeus (Pers.) T.Wagner & M.Fisch.,Fungi,Basidiomycota,Agaricomycetes,Hymenochaetales,Hymenochaetaceae,Pseudoinonotus,SPECIES,EXACT,100,ACCEPTED,
"sympetrum infuscatum (selys, 1883)","Sympetrum infuscatum (Selys, 1883)",ノシメトンボ,kanagawa_redlist,"Sympetrum infuscatum (Selys, 1883)",verbatim,1428269,"Sympetrum infuscatum (Selys, 1883)",Animalia,Arthropoda,Insecta,Odonata,Libellulidae,Sympetrum,SPECIES,EXACT,100,ACCEPTED,
martes melampus,Martes melampus,北海道・佐渡のテン,moe_ias_list,Martes melampus,verbatim,5218859,"Martes melampus (Wagner, 1840)",Animalia,Chordata,Mammalia,Carnivora,Mustelidae,Martes,SPECIES,EXACT,99,ACCEPTED,
oreochromis niloticus,Oreochromis niloticus,ナイルティラピア,moe_ias_list,Oreochromis niloticus,verbatim,4285694,"Oreochromis niloticus (Linnaeus, 1758)",Animalia,Chordata,,Perciformes,Cichlidae,Oreochromis,SPECIES,EXACT,97,ACCEPTED,
amphibalanus improvisus,Amphibalanus improvisus,ヨーロッパフジツボ,moe_ias_list,Amphibalanus improvisus,verbatim,6467647,"Amphibalanus improvisus (Darwin, 1854)",Animalia,Arthropoda,Maxillopoda,Sessilia,Balanidae,Amphibalanus,SPECIES,EXACT,99,ACCEPTED,
carpobrotus edulis,Carpobrotus edulis,バクヤギク（エデュリス、莫邪菊）,moe_ias_list,Carpobrotus edulis,verbatim,3084842,Carpobrotus edulis (L.) N.E.Br.,Plantae,Tracheophyta,Magnoliopsida,Caryophyllales,Aizoaceae,Carpobrotus,SPECIES,EXACT,98,ACCEPTED,
sterna albifrons sinensis,Sterna albifrons sinensis,コアジサシ,moe_redlist,Sterna albifrons sinensis,verbatim,5793215,"Sterna albifrons sinensis Pallas, 1764",Animalia,Chordata,Aves,Charadriiformes,Laridae,Sternula,SUBSPECIES,EXACT,98,SYNONYM,
lycopodiella caroliniana,Lycopodiella caroliniana,イヌヤチスギラン,moe_redlist,Lycopodiella caroliniana,verbatim,2688362,Lycopodiella caroliniana (L.) Pic.Serm.,Plantae,Tracheophyta,Lycopodiopsida,Lycopodiales,Lycopodiaceae,Pseudolycopodiella,SPECIES,EXACT,98,SYNONYM,
neoorthocaulis floerkei,Neoorthocaulis floerkei,ミツデモミジゴケ,moe_redlist,Neoorthocaulis floerkei,verbatim,7653258,"Neoorthocaulis floerkei (F.Weber & D.Mohr) L.Söderstr., De Roo & Hedd.",Plantae,Marchantiophyta,Jungermanniopsida,Jungermanniales,Anastrophyllaceae,Neoorthocaulis,SPECIES,EXACT,99,ACCEPTED,
nitella flexilis var. bifurcata,Nitella flexilis var. bifurcata,チュウゼンジフラスコモ,moe_redlist,Nitella flexilis var. bifurcata,verbatim,9545260,Nitella flexilis (L.) C.Agardh,Plantae,Charophyta,Charophyceae,Charales,Characeae,Nitella,SPECIES,HIGHERRANK,97,ACCEPTED,
cetraria odontella,Cetraria odontella,トゲエイランタイモドキ,moe_redlist,Cetraria odontella,verbatim,6017804,Cetraria odontella (Ach.) Ach.,Fungi,Ascomycota,Lecanoromycetes,Lecanorales,Parmeliaceae,Cetraria,SPECIES,EXACT,99,ACCEPTED,
albatrellus ovinus,Albatrellus ovinus,ニンギョウタケモドキ,moe_redlist,Albatrellus ovinus,verbatim,2551823,Albatrellus ovinus (Schaeff.) Kotl. & Pouzar,Fungi,Basidiomycota,Agaricomycetes,Russulales,Albatrellaceae,Albatrellus,SPECIES,EXACT,99,ACCEPTED,
myotis pruinosus,Myotis pruinosus,クロホオヒゲコウモリ,moe_redlist,Myotis pruinosus,verbatim,2432426,"Myotis pruinosus Yoshiyuki, 1971",Animalia,Chordata,Mammalia,Chiroptera,Vespertilionidae,Myotis,SPECIES,EXACT,99,ACCEPTED,
cestraeus plicatilis,Cestraeus plicatilis,カワボラ,moe_redlist,Cestraeus plicatilis,verbatim,5212576,"Cestraeus plicatilis Valenciennes, 1836",Animalia,Chordata,,Mugiliformes,Mugilidae,Cestraeus,SPECIES,EXACT,99,ACCEPTED,
glipa kurosawai,Glipa kurosawai,クロサワオビハナノミ,moe_redlist,Glipa kurosawai,verbatim,1046030,"Glipa LeConte, 1859",Animalia,Arthropoda,Insecta,Coleoptera,Mordellidae,Glipa,GENUS,HIGHERRANK,94,ACCEPTED,
truncatella sp. b,Truncatella sp. B,アソブイトクビキレ,moe_redlist,Truncatella sp. B,verbatim,,,,,,,,,,NONE,100,,
parabeloniscus shimojanai,Parabeloniscus shimojanai,クメコシビロザトウムシ,moe_redlist,Parabeloniscus shimojanai,verbatim,6905072,"Parabeloniscus shimojanai Suzuki, 1971",Animalia,Arthropoda,Arachnida,Opiliones,Epedanidae,Parabeloniscus,SPECIES,EXACT,99,ACCEPTED,
urocampus carinirostris,Urocampus carinirostris,ミナミオクヨウジ,moe_redlist,Urocampus carinirostris,verbatim,2332792,"Urocampus carinirostris Castelnau, 1872",Animalia,Chordata,,Syngnathiformes,Syngnathidae,Urocampus,SPECIES,EXACT,99,ACCEPTED,
driocephalus cerebrinoxius,Driocephalus cerebrinoxius,サメノハナヤドリ,moe_redlist,Driocephalus cerebrinoxius,verbatim,4331294,"Driocephalus cerebrinoxius (Diebakate, Raibaut & Kabata, 1997)",Animalia,Arthropoda,Copepoda,Siphonostomatoida,Sphyriidae,Driocephalus,SPECIES,EXACT,99,ACCEPTED,
lamellibrachia satsuma,Lamellibrachia satsuma,鹿児島湾のサツマハオリムシ,moe_redlist,Lamellibrachia satsuma,verbatim,2329587,"Lamellibrachia satsuma Miura, 1997",Animalia,Annelida,Polychaeta,Sabellida,Siboglinidae,Lamellibrachia,SPECIES,EXACT,99,ACCEPTED,
juncus gracillimus (buchenau) v.i.krecz. & gontsch.,Juncus gracillimus (Buchenau) V.I.Krecz. & Gontsch.,ドロイ,kanagawa_redlist,Juncus gracillimus (Buchenau) V.I.Krecz. & Gontsch.,verbatim,2701558,Juncus gracillimus (Buchenau) V.I.Krecz. & Gontsch.,Plantae,Tracheophyta,Liliopsida,Poales,Juncaceae,Juncus,SPECIES,EXACT,100,ACCEPTED,
leptodontium pergemmascens broth.,Leptodontium pergemmascens Broth.,サジバオウゴンゴケ,kanagawa_redlist,Leptodontium pergemmascens Broth.,verbatim,7629162,Leptodontium pergemmascens Broth.,Plantae,Bryophyta,Bryopsida,Pottiales,Pottiaceae,Leptodontium,SPECIES,EXACT,100,SYNONYM,
pyrrhoderma adamantinum (berk.) imazeki,Pyrrhoderma adamantinum (Berk.) Imazeki,ムサシタケ,kanagawa_redlist,Pyrrhoderma adamantinum (Berk.) Imazeki,verbatim,2520846,Pyrrhoderma adamantinum (Berk.) Imazeki,Fungi,Basidiomycota,Agaricomycetes,Hymenochaetales,Hymenochaetaceae,Phellinus,SPECIES,EXACT,100,SYNONYM,
"gynacantha japonica bartenev, 1909","Gynacantha japonica Bartenev, 1909",カトリヤンマ,kanagawa_redlist,"Gynacantha japonica Bartenev, 1909",verbatim,1424794,"Gynacantha japonica Bartenev, 1910",Animalia,Arthropoda,Insecta,Odonata,Aeshnidae,Gynacantha,SPECIES,EXACT,100,ACCEPTED,
sus scrofa leucomystax,Sus scrofa leucomystax,徳之島などのニホンイノシシ,moe_ias_list,Sus scrofa leucomystax,verbatim,4262871,"Sus scrofa leucomystax Temminck, 1842",Animalia,Chordata,Mammalia,Artiodactyla,Suidae,Sus,SUBSPECIES,EXACT,98,ACCEPTED,
tilapia zillii,Tilapia zillii,ジルティラピア,moe_ias_list,Tilapia zillii,verbatim,2370692,"Tilapia zillei (Gervais, 1848)",Animalia,Chordata,,Perciformes,Cichlidae,Coptodon,SPECIES,FUZZY,96,SYNONYM,
balanus glandula,Balanus glandula,キタアメリカフジツボ,moe_ias_list,Balanus glandula,verbatim,2115706,"Balanus glandula Darwin, 1854",Animalia,Arthropoda,Maxillopoda,Sessilia,Balanidae,Balanus,SPECIES,EXACT,99,ACCEPTED,
opuntia spp.,Opuntia spp.,ウチワサボテン属,moe_ias_list,Opuntia spp.,verbatim,3084187,Opuntia Mill.,Plantae,Tracheophyta,Magnoliopsida,Caryophyllales,Cactaceae,Opuntia,GENUS,HIGHERRANK,92,ACCEPTED,
diomedea immutabilis,Diomedea immutabilis,コアホウドリ,moe_redlist,Diomedea immutabilis,verbatim,5229296,"Diomedea immutabilis Rothschild, 1893",Animalia,Chordata,Aves,Procellariiformes,Diomedeidae,Phoebastria,SPECIES,EXACT,98,SYNONYM,
lycopodium sieboldii var. christensenianum,Lycopodium sieboldii var. christensenianum,リュウキュウヒモラン,moe_redlist,Lycopodium sieboldii var. christensenianum,verbatim,5836487,Lycopodium sieboldii Miq.,Plantae,Tracheophyta,Lycopodiopsida,Lycopodiales,Lycopodiaceae,Phlegmariurus,SPECIES,HIGHERRANK,98,SYNONYM,
schizophyllopsis bidens,Schizophyllopsis bidens,マエバラアミバゴケ,moe_redlist,Schizophyllopsis bidens,verbatim,9397234,"Schizophyllopsis bidens (Reinw., Blume & Nees) Váňa & L.Söderstr.",Plantae,Marchantiophyta,Jungermanniopsida,Jungermanniales,Anastrophyllaceae,Schizophyllopsis,SPECIES,EXACT,99,ACCEPTED,
nitella furcata var. furcata,Nitella furcata var. furcata,フタマタフラスコモ,moe_redlist,Nitella furcata var. furcata,verbatim,7259132,Nitella furcata var. furcata,Plantae,Charophyta,Charophyceae,Charales,Characeae,Nitella,VARIETY,EXACT,97,DOUBTFUL,
juncus fouriei h.lev. & vaniot,Juncus fouriei H.Lev. & Vaniot,イヌイ,kanagawa_redlist,Juncus fouriei H.Lev. & Vaniot,verbatim,2701812,Juncus fauriei H.Lév. & Vaniot,Plantae,Tracheophyta,Liliopsida,Poales,Juncaceae,Juncus,SPECIES,FUZZY,100,ACCEPTED,
rhodobryum ontariense (kindb.) kindb.,Rhodobryum ontariense (Kindb.) Kindb.,カサゴケモドキ,kanagawa_redlist,Rhodobryum ontariense (Kindb.) Kindb.,verbatim,7654948,Rhodobryum ontariense (Kindb.) Kindb.,Plantae,Bryophyta,Bryopsida,Bryales,Bryaceae,Rhodobryum,SPECIES,EXACT,100,SYNONYM,
coriolopsis glabrorigens (lloyd) nunez & ryvarden,Coriolopsis glabrorigens (Lloyd) Nunez & Ryvarden,コガネカワラタケ,kanagawa_redlist,Coriolopsis glabrorigens (Lloyd) Nunez & Ryvarden,verbatim,5954577,Coriolopsis glabrorigens (Lloyd) Núñez & Ryvarden,Fungi,Basidiomycota,Agaricomycetes,Polyporales,Polyporaceae,Trametes,SPECIES,EXACT,100,SYNONYM,
"somatochlora uchidai forster, 1909","Somatochlora uchidai Forster, 1909",タカネトンボ,kanagawa_redlist,"Somatochlora uchidai Forster, 1909",verbatim,1430019,"Somatochlora uchidai Förster, 1909",Animalia,Arthropoda,Insecta,Odonata,Corduliidae,Somatochlora,SPECIES,EXACT,100,ACCEPTED,
carex idzuroei franch. & sav.,Carex idzuroei Franch. & Sav.,ウマスゲ,kanagawa_redlist,Carex idzuroei Franch. & Sav.,verbatim,2725240,Carex idzuroei Franch. & Sav.,Plantae,Tracheophyta,Liliopsida,Poales,Cyperaceae,Carex,SPECIES,EXACT,100,ACCEPTED,
plagiomnium japonicum (lindb.) t.j.kop.,Plagiomnium japonicum (Lindb.) T.J.Kop.,ヤマトチョウチンゴケ,kanagawa_redlist,Plagiomnium japonicum (Lindb.) T.J.Kop.,verbatim,7358163,Plagiomnium japonicum (Lindb.) T.J.Kop.,Plantae,Bryophyta,Bryopsida,Bryales,Mniaceae,Plagiomnium,SPECIES,EXACT,100,ACCEPTED,
hexagonia tenuis j.m. hook,Hexagonia tenuis J.M. Hook,フルイタケ,kanagawa_redlist,Hexagonia tenuis J.M. Hook,verbatim,5247411,Hexagonia tenuis (Fr.) Fr.,Fungi,Basidiomycota,Agaricomycetes,Polyporales,Polyporaceae,Pseudofavolus,SPECIES,EXACT,83,SYNONYM,
"sympetrum darwinianum (selys, 1883)","Sympetrum darwinianum (Selys, 1883)",ナツアカネ,kanagawa_redlist,"Sympetrum darwinianum (Selys, 1883)",verbatim,1428306,"Sympetrum darwinianum (Selys, 1883)",Animalia,Arthropoda,Insecta,Odonata,Libellulidae,Sympetrum,SPECIES,EXACT,100,ACCEPTED,
carex maculata boott,Carex maculata Boott,タチスゲ,kanagawa_redlist,Carex maculata Boott,verbatim,2722370,Carex maculata Boott,Plantae,Tracheophyta,Liliopsida,Poales,Cyperaceae,Carex,SPECIES,EXACT,100,ACCEPTED,
plagiomnium tezukae (sakurai) t.j.kop.,Plagiomnium tezukae (Sakurai) T.J.Kop.,テヅカチョウチンゴケ,kanagawa_redlist,Plagiomnium tezukae (Sakurai) T.J.Kop.,verbatim,7708590,Plagiomnium tezukae (Sakurai) T.J.Kop.,Plantae,Bryophyta,Bryopsida,Bryales,Mniaceae,Plagiomnium,SPECIES,EXACT,100,ACCEPTED,
lactarius subindigo verbeken & e. horak,Lactarius subindigo Verbeken & E. Horak,ルリハツタケ,kanagawa_redlist,Lactarius subindigo Verbeken & E. Horak,verbatim,5463093,Lactarius subindigo Verbeken & E.Horak,Fungi,Basidiomycota,Agaricomycetes,Russulales,Russulaceae,Lactarius,SPECIES,EXACT,100,ACCEPTED,
"sympetrum pedemontanum elatum (selys, 1872)","Sympetrum pedemontanum elatum (Selys, 1872)",ミヤマアカネ,kanagawa_redlist,"Sympetrum pedemontanum elatum (Selys, 1872)",verbatim,1428280,"Sympetrum pedemontanum (Müller, 1766)",Animalia,Arthropoda,Insecta,Odonata,Libellulidae,Sympetrum,SPECIES,HIGHERRANK,98,ACCEPTED,
carex rugulosa kuek.,Carex rugulosa Kuek.,オオクグ,kanagawa_redlist,Carex rugulosa Kuek.,verbatim,2724008,Carex rugulosa Kük.,Plantae,Tracheophyta,Liliopsida,Poales,Cyperaceae,Carex,SPECIES,EXACT,100,ACCEPTED,
cyathophorum hookerianum (griff.) mitt.,Cyathophorum hookerianum (Griff.) Mitt.,コキジノオゴケ,kanagawa_redlist,Cyathophorum hookerianum (Griff.) Mitt.,verbatim,2669869,Cyathophorum hookerianum (Griff.) Mitt.,Plantae,Bryophyta,Bryopsida,Hypopterygiales,Hypopterygiaceae,Hypopterygium,SPECIES,EXACT,100,SYNONYM,
lactarius hatsudake nobuj. tanaka,Lactarius hatsudake Nobuj. Tanaka,ハツタケ,kanagawa_redlist,Lactarius hatsudake Nobuj. Tanaka,verbatim,7240193,Lactarius hatsudake Nobuj.Tanaka,Fungi,Basidiomycota,Agaricomycetes,Russulales,Russulaceae,Lactarius,SPECIES,EXACT,100,ACCEPTED,
"mnais costalis selys, 1869","Mnais costalis Selys, 1869",ニホンカワトンボ,kanagawa_redlist,"Mnais costalis Selys, 1869",verbatim,9980884,"Mnais costalis Selys, 1869",Animalia,Arthropoda,Insecta,Odonata,Calopterygidae,Mnais,SPECIES,EXACT,100,ACCEPTED,
carex vesicaria l.,Carex vesicaria L.,オニナルコスゲ,kanagawa_redlist,Carex vesicaria L.,verbatim,2722046,Carex vesicaria L.,Plantae,Tracheophyta,Liliopsida,Poales,Cyperaceae,Carex,SPECIES,EXACT,100,ACCEPTED,
meteorium buchananii (broth.) broth. ssp. helminthocladulum (cardot) nog.,Meteorium buchananii (Broth.) Broth. ssp. helminthocladulum (Cardot) Nog.,コハイヒモゴケ,kanagawa_redlist,Meteorium buchananii (Broth.) Broth. ssp. helminthocladulum (Cardot) Nog.,verbatim,7355512,Meteorium buchananii subsp. helminthocladulum (Cardot) Nog.,Plantae,Bryophyta,Bryopsida,Hypnales,Meteoriaceae,Meteorium,SUBSPECIES,EXACT,100,ACCEPTED,
geastrum morganii lloyd,Geastrum morganii Lloyd,モルガンツチガキ,kanagawa_redlist,Geastrum morganii Lloyd,verbatim,3351746,Geastrum morganii Lloyd,Fungi,Basidiomycota,Agaricomycetes,Geastrales,Geastraceae,Geastrum,SPECIES,EXACT,100,ACCEPTED,
"calopteryx japonica selys, 1869","Calopteryx japonica Selys, 1869",アオハダトンボ,kanagawa_redlist,"Calopteryx japonica Selys, 1869",verbatim,5052020,"Calopteryx japonica Selys, 1869",Animalia,Arthropoda,Insecta,Odonata,Calopterygidae,Calopteryx,SPECIES,EXACT,100,ACCEPTED,
cyperus pilosus vahl,Cyperus pilosus Vahl,オニガヤツリ,kanagawa_redlist,Cyperus pilosus Vahl,verbatim,2715089,Cyperus pilosus Vahl,Plantae,Tracheophyta,Liliopsida,Poales,Cyperaceae,Cyperus,SPECIES,EXACT,100,ACCEPTED,
neodicradiella pendula (sull.) w.r.buck,Neodicradiella pendula (Sull.) W.R.Buck,イトゴケ,kanagawa_redlist,Neodicradiella pendula (Sull.) W.R.Buck,verbatim,2677753,Neodicladiella pendula (Sull.) W.R.Buck,Plantae,Bryophyta,Bryopsida,Hypnales,Meteoriaceae,Neodicladiella,SPECIES,FUZZY,95,ACCEPTED,
aseroe rubra labill.,Aseroe rubra Labill.,アカイカタケ,kanagawa_redlist,Aseroe rubra Labill.,verbatim,4911642,Aseroe rubra Labill.,Fungi,Basidiomycota,Agaricomycetes,Phallales,Phallaceae,Aseroe,SPECIES,EXACT,100,ACCEPTED,
"paracercion calamorum calamorum (ris, 1916)","Paracercion calamorum calamorum (Ris, 1916)",クロイトトンボ,kanagawa_redlist,"Paracercion calamorum calamorum (Ris, 1916)",verbatim,1423563,"Paracercion calamorum (Ris, 1916)",Animalia,Arthropoda,Insecta,Odonata,Coenagrionidae,Paracercion,SPECIES,HIGHERRANK,99,ACCEPTED,
eleocharis dulcis (burm.f.) trin. ex hensch.,Eleocharis dulcis (Burm.f.) Trin. ex Hensch.,イヌクログワイ,kanagawa_redlist,Eleocharis dulcis (Burm.f.) Trin. ex Hensch.,verbatim,2717712,Eleocharis dulcis (Burm.f.) Trin. ex Hensch.,Plantae,Tracheophyta,Liliopsida,Poales,Cyperaceae,Eleocharis,SPECIES,EXACT,100,ACCEPTED,
pseudobarbella levieri (renauld & cardot) nog.,Pseudobarbella levieri (Renauld & Cardot) Nog.,タカサゴサガリゴケ,kanagawa_redlist,Pseudobarbella levieri (Renauld & Cardot) Nog.,verbatim,2677780,Pseudobarbella levieri (Renauld & Cardot) Nog.,Plantae,Bryophyta,Bryopsida,Hypnales,Meteoriaceae,Aerobryidium,SPECIES,EXACT,100,SYNONYM,
ascoclavulina sakaii y. otani,Ascoclavulina sakaii Y. Otani,クチキトサカタケ,kanagawa_redlist,Ascoclavulina sakaii Y. Otani,verbatim,2582643,Ascoclavulina sakaii Otani,Fungi,Ascomycota,Leotiomycetes,Helotiales,Helotiaceae,Ascoclavulina,SPECIES,EXACT,100,ACCEPTED,
"boyeria maclachlani (selys, 1883)","Boyeria maclachlani (Selys, 1883)",コシボソヤンマ,kanagawa_redlist,"Boyeria maclachlani (Selys, 1883)",verbatim,1425144,"Boyeria maclachlani (Selys, 1883)",Animalia,Arthropoda,Insecta,Odonata,Aeshnidae,Boyeria,SPECIES,EXACT,100,ACCEPTED,
eleocharis kamtschatica (c.a.mey.) kom.,Eleocharis kamtschatica (C.A.Mey.) Kom.,ヒメハリイ,kanagawa_redlist,Eleocharis kamtschatica (C.A.Mey.) Kom.,verbatim,2717701,Eleocharis kamtschatica (C.A.Mey.) Kom.,Plantae,Tracheophyta,Liliopsida,Poales,Cyperaceae,Eleocharis,SPECIES,EXACT,100,ACCEPTED,
trachycladiella aurea (mitt.) m.menzel,Trachycladiella aurea (Mitt.) M.Menzel,ヒロハシノブイトゴケ,kanagawa_redlist,Trachycladiella aurea (Mitt.) M.Menzel,verbatim,2677772,Trachycladiella aurea (Mitt.) M.Menzel,Plantae,Bryophyta,Bryopsida,Hypnales,Meteoriaceae,Trachycladiella,SPECIES,EXACT,100,ACCEPTED,
cudonia japonica yasuda,Cudonia japonica Yasuda,ゴンゲンタケ,kanagawa_redlist,Cudonia japonica Yasuda,verbatim,3482110,Cudonia japonica Yasuda,Fungi,Ascomycota,Leotiomycetes,Rhytismatales,Cudoniaceae,Cudonia,SPECIES,EXACT,100,ACCEPTED,
"aeschnophlebia milnei milnei (selys, 1883)","Aeschnophlebia milnei milnei (Selys, 1883)",ミルンヤンマ,kanagawa_redlist,"Aeschnophlebia milnei milnei (Selys, 1883)",verbatim,1425053,"Aeschnophlebia Selys, 1883",Animalia,Arthropoda,Insecta,Odonata,Aeshnidae,Aeschnophlebia,GENUS,HIGHERRANK,94,ACCEPTED,
eleocharis nipponica makino,Eleocharis nipponica Makino,ヤリハリイ,kanagawa_redlist,Eleocharis nipponica Makino,verbatim,2716971,Eleocharis nipponica Makino,Plantae,Tracheophyta,Liliopsida,Poales,Cyperaceae,Eleocharis,SPECIES,EXACT,100,ACCEPTED,
entodon conchophyllus cardot,Entodon conchophyllus Cardot,オオミツヤゴケ,kanagawa_redlist,Entodon conchophyllus Cardot,verbatim,5283872,Entodon conchophyllus Cardot,Plantae,Bryophyta,Bryopsida,Hypnales,Entodontaceae,Entodon,SPECIES,EXACT,100,ACCEPTED,
wynnea macrospora b.lium.h. liu & j.z. cao,Wynnea macrospora B.LiuM.H. Liu & J.Z. Cao,オオミノミミブサタケ,kanagawa_redlist,Wynnea macrospora B.LiuM.H. Liu & J.Z. Cao,verbatim,3497651,"Wynnea macrospora B.Liu, M.H.Liu & J.Z.Cao",Fungi,Ascomycota,Pezizomycetes,Pezizales,Wynneaceae,Wynnea,SPECIES,EXACT,100,ACCEPTED,
"asiagomphus melaenops (selys, 1854)","Asiagomphus melaenops (Selys, 1854)",ヤマサナエ,kanagawa_redlist,"Asiagomphus melaenops (Selys, 1854)",verbatim,5865215,"Asiagomphus melaenops (Selys, 1854)",Animalia,Arthropoda,Insecta,Odonata,Gomphidae,Asiagomphus,SPECIES,EXACT,100,ACCEPTED,
schoenus apogon roem. & schult.,Schoenus apogon Roem. & Schult.,ノグサ,kanagawa_redlist,Schoenus apogon Roem. & Schult.,verbatim,2709863,Schoenus apogon Roem. & Schult.,Plantae,Tracheophyta,Liliopsida,Poales,Cyperaceae,Schoenus,SPECIES,EXACT,100,ACCEPTED,
aptychella robusta (broth.) m.fleisch.,Aptychella robusta (Broth.) M.Fleisch.,オオタマコモチイトゴケ,kanagawa_redlist,Aptychella robusta (Broth.) M.Fleisch.,verbatim,6136376,Aptychella robusta (Broth.) M.Fleisch.,Plantae,Bryophyta,Bryopsida,Hypnales,Pylaisiadelphaceae,Aptychella,SPECIES,EXACT,100,ACCEPTED,
korfiella karnika d.c. pant & v.p. tewari,Korfiella karnika D.C. Pant & V.P. Tewari,コフキクロチャワンタケ,kanagawa_redlist,Korfiella karnika D.C. Pant & V.P. Tewari,verbatim,2593421,Korfiella karnika D.C.Pant & V.P.Tewari,Fungi,Ascomycota,Pezizomycetes,Pezizales,Sarcosomataceae,Korfiella,SPECIES,EXACT,100,ACCEPTED,
"macromia amphigena amphigena selys, 1871","Macromia amphigena amphigena Selys, 1871",コヤマトンボ,kanagawa_redlist,"Macromia amphigena amphigena Selys, 1871",verbatim,1429847,"Macromia amphigena Selys, 1871",Animalia,Arthropoda,Insecta,Odonata,Macromiidae,Macromia,SPECIES,HIGHERRANK,99,ACCEPTED,
schoenoplectus nipponicus (makino) sojak,Schoenoplectus nipponicus (Makino) Sojak,シズイ,kanagawa_redlist,Schoenoplectus nipponicus (Makino) Sojak,verbatim,2711023,Schoenoplectus nipponicus (Makino) Soják,Plantae,Tracheophyta,Liliopsida,Poales,Cyperaceae,Schoenoplectus,SPECIES,EXACT,100,ACCEPTED,
ricciocarpos natans (l.) corda,Ricciocarpos natans (L.) Corda,イチョウウキゴケ,kanagawa_redlist,Ricciocarpos natans (L.) Corda,verbatim,2688638,Ricciocarpos natans (L.) Corda,Plantae,Marchantiophyta,Marchantiopsida,Marchantiales,Ricciaceae,Ricciocarpos,SPECIES,EXACT,100,ACCEPTED,
podosordaria jugoyasan (hara) furuya & udagawa,Podosordaria jugoyasan (Hara) Furuya & Udagawa,ハチスタケ,kanagawa_redlist,Podosordaria jugoyasan (Hara) Furuya & Udagawa,verbatim,2576505,Podosordaria jugoyasan (Hara) Furuya & Udagawa,Fungi,Ascomycota,Sordariomycetes,Xylariales,Xylariaceae,Podosordaria,SPECIES,EXACT,100,ACCEPTED,
"sympetrum eroticum eroticum (selys, 1883)","Sympetrum eroticum eroticum (Selys, 1883)",マユタテアカネ,kanagawa_redlist,"Sympetrum eroticum eroticum (Selys, 1883)",verbatim,7215891,Sympetrum eroticum eroticum,Animalia,Arthropoda,Insecta,Odonata,Libellulidae,Sympetrum,SUBSPECIES,EXACT,98,ACCEPTED,
coelachne japonica hack.,Coelachne japonica Hack.,ヒナザサ,kanagawa_redlist,Coelachne japonica Hack.,verbatim,4114918,Coelachne japonica Hack.,Plantae,Tracheophyta,Liliopsida,Poales,Poaceae,Coelachne,SPECIES,EXACT,100,ACCEPTED,
schiffneria hyalina steph.,Schiffneria hyalina Steph.,シフネルゴケ,kanagawa_redlist,Schiffneria hyalina Steph.,verbatim,2689157,Schiffneria hyalina Steph.,Plantae,Marchantiophyta,Jungermanniopsida,Jungermanniales,Cephaloziaceae,Schiffneria,SPECIES,EXACT,100,ACCEPTED,
xylaria carpophila (pers.) fr.,Xylaria carpophila (Pers.) Fr.,ブナノホソツクシタケ,kanagawa_redlist,Xylaria carpophila (Pers.) Fr.,verbatim,5255129,Xylaria carpophila (Pers.) Fr.,Fungi,Ascomycota,Sordariomycetes,Xylariales,Xylariaceae,Xylaria,SPECIES,EXACT,100,ACCEPTED,
"lyriothemis pachygastra (selys, 1878)","Lyriothemis pachygastra (Selys, 1878)",ハラビロトンボ,kanagawa_redlist,"Lyriothemis pachygastra (Selys, 1878)",verbatim,1428375,"Lyriothemis pachygastra (Selys, 1878)",Animalia,Arthropoda,Insecta,Odonata,Libellulidae,Lyriothemis,SPECIES,EXACT,100,ACCEPTED,
phleum paniculatum huds.,Phleum paniculatum Huds.,アワガエリ,kanagawa_redlist,Phleum paniculatum Huds.,verbatim,2706002,Phleum paniculatum Huds.,Plantae,Tracheophyta,Liliopsida,Poales,Poaceae,Phleum,SPECIES,EXACT,100,ACCEPTED,
radula cavifolia hampe,Radula cavifolia Hampe,オオシタバケビラゴケ,kanagawa_redlist,Radula cavifolia Hampe,verbatim,7902771,Radula cavifolia Hampe,Plantae,Marchantiophyta,Jungermanniopsida,Porellales,Radulaceae,Radula,SPECIES,EXACT,100,DOUBTFUL,
lobaria spp.,Lobaria spp.,カブトゴケ属,kanagawa_redlist,Lobaria spp.,verbatim,,,,,,,,,,NONE,100,,Multiple equal matches for Lobaria
"orthetrum japonicum (uhler, 1858)","Orthetrum japonicum (Uhler, 1858)",シオヤトンボ,kanagawa_redlist,"Orthetrum japonicum (Uhler, 1858)",verbatim,1428604,"Orthetrum japonicum (Uhler, 1858)",Animalia,Arthropoda,Insecta,Odonata,Libellulidae,Orthetrum,SPECIES,EXACT,100,ACCEPTED,
thalictrum simplex l. var. brevipes h.hara,Thalictrum simplex L. var. brevipes H.Hara,ノカラマツ,kanagawa_redlist,Thalictrum simplex L. var. brevipes H.Hara,verbatim,8420472,Thalictrum simplex var. brevipes H.Hara,Plantae,Tracheophyta,Magnoliopsida,Ranunculales,Ranunculaceae,Thalictrum,VARIETY,EXACT,100,SYNONYM,
"campylostelium brachycarpum (nog.) z.iwats., y.tateishi & tad.suzuki","Campylostelium brachycarpum (Nog.) Z.Iwats., Y.Tateishi & Tad.Suzuki",ヤマトハクチョウゴケ,kanagawa_redlist,"Campylostelium brachycarpum (Nog.) Z.Iwats., Y.Tateishi & Tad.Suzuki",verbatim,2674165,"Campylostelium brachycarpum (Nog.) Z.Iwats., Yuk.Tateishi & Tad.Suzuki",Plantae,Bryophyta,Bryopsida,Grimmiales,Ptychomitriaceae,Campylostelium,SPECIES,EXACT,100,ACCEPTED,
ramalina siliquosa (huds.) a.l.sm.,Ramalina siliquosa (Huds.) A.L.Sm.,ハマカラタチゴケ,kanagawa_redlist,Ramalina siliquosa (Huds.) A.L.Sm.,verbatim,7247205,Ramalina siliquosa (Huds.) A.L.Sm.,Fungi,Ascomycota,Lecanoromycetes,Lecanorales,Ramalinaceae,Ramalina,SPECIES,EXACT,100,ACCEPTED,
"stylurus nagoyanus (asahina, 1951)","Stylurus nagoyanus (Asahina, 1951)",ナゴヤサナエ,kanagawa_redlist,"Stylurus nagoyanus (Asahina, 1951)",verbatim,5051896,"Stylurus nagoyanus Asahina, 1951",Animalia,Arthropoda,Insecta,Odonata,Gomphidae,Stylurus,SPECIES,EXACT,100,ACCEPTED,
saxifraga fortunei hook.f. var. jotanii (honda) wakab.,Saxifraga fortunei Hook.f. var. jotanii (Honda) Wakab.,イズノシマダイモンジソウ,kanagawa_redlist,Saxifraga fortunei Hook.f. var. jotanii (Honda) Wakab.,verbatim,3754110,Saxifraga fortunei var. jotanii (Honda) Wakab.,Plantae,Tracheophyta,Magnoliopsida,Saxifragales,Saxifragaceae,Saxifraga,VARIETY,EXACT,100,SYNONYM,
pseudosymblepharis bombayensis (muell.hal.) p.sollman,Pseudosymblepharis bombayensis (Muell.Hal.) P.Sollman,アナシッポゴケモドキ,kanagawa_redlist,Pseudosymblepharis bombayensis (Muell.Hal.) P.Sollman,verbatim,2671162,Pseudosymblepharis bombayensis (Müll.Hal.) P.Sollman,Plantae,Bryophyta,Bryopsida,Pottiales,Pottiaceae,Chionoloma,SPECIES,EXACT,100,SYNONYM,
anaptychia isidiza kurok.,Anaptychia isidiza Kurok.,トゲヒメゲジゲジゴケ,kanagawa_redlist,Anaptychia isidiza Kurok.,verbatim,3427422,Anaptychia isidiza Kurok.,Fungi,Ascomycota,Lecanoromycetes,Caliciales,Physciaceae,Anaptychia,SPECIES,EXACT,100,ACCEPTED,
"aeshna crenata hagen, 1856","Aeshna crenata Hagen, 1856",オオルリボシヤンマ,kanagawa_redlist,"Aeshna crenata Hagen, 1856",verbatim,1425209,"Aeshna crenata Hagen, 1856",Animalia,Arthropoda,Insecta,Odonata,Aeshnidae,Aeshna,SPECIES,EXACT,100,ACCEPTED,
tiarella polyphylla d.don,Tiarella polyphylla D.Don,ズダヤクシュ,kanagawa_redlist,Tiarella polyphylla D.Don,verbatim,5567780,Tiarella polyphylla D.Don,Plantae,Tracheophyta,Magnoliopsida,Saxifragales,Saxifragaceae,Tiarella,SPECIES,EXACT,100,ACCEPTED,
climacium dendroides (hedw.) f.weber & mohr,Climacium dendroides (Hedw.) F.Weber & Mohr,フロウソウ,kanagawa_redlist,Climacium dendroides (Hedw.) F.Weber & Mohr,verbatim,2678415,Climacium dendroides (Hedw.) F.Weber & D.Mohr,Plantae,Bryophyta,Bryopsida,Hypnales,Climaciaceae,Climacium,SPECIES,EXACT,100,ACCEPTED,
anzia opuntiella mull. arg.,Anzia opuntiella Mull. Arg.,アンチゴケ属,kanagawa_redlist,Anzia opuntiella Mull. Arg.,verbatim,5473194,Anzia opuntiella Müll.Arg.,Fungi,Ascomycota,Lecanoromycetes,Lecanorales,Parmeliaceae,Anzia,SPECIES,EXACT,100,ACCEPTED,
"deielia phaon (selys, 1883)","Deielia phaon (Selys, 1883)",コフキトンボ,kanagawa_redlist,"Deielia phaon (Selys, 1883)",verbatim,1429229,"Deielia phaon (Selys, 1883)",Animalia,Arthropoda,Insecta,Odonata,Libellulidae,Deielia,SPECIES,EXACT,100,ACCEPTED,
orostachys malacophylla (pall.) fisch. var. iwarenge (makino) h.ohba,Orostachys malacophylla (Pall.) Fisch. var. iwarenge (Makino) H.Ohba,イワレンゲ,kanagawa_redlist,Orostachys malacophylla (Pall.) Fisch. var. iwarenge (Makino) H.Ohba,verbatim,6063123,Orostachys malacophylla var. iwarenge (Makino) H.Ohba,Plantae,Tracheophyta,Magnoliopsida,Saxifragales,Crassulaceae,Orostachys,VARIETY,EXACT,100,ACCEPTED,
pleuroziopsis ruthenica (weinm.) kindb. ex britt.,Pleuroziopsis ruthenica (Weinm.) Kindb. ex Britt.,フジノマンネングサ,kanagawa_redlist,Pleuroziopsis ruthenica (Weinm.) Kindb. ex Britt.,verbatim,2673644,Pleuroziopsis ruthenica (Weinm.) Kindb. ex E.Britton,Plantae,Bryophyta,Bryopsida,Hypnales,Climaciaceae,Pleuroziopsis,SPECIES,EXACT,100,ACCEPTED,
haematomma fauriei zahlbr.,Haematomma fauriei Zahlbr.,フォーリザクロゴケ,kanagawa_redlist,Haematomma fauriei Zahlbr.,verbatim,3392913,Haematomma fauriei,Fungi,Ascomycota,Lecanoromycetes,Lecanorales,Haematommataceae,Haematomma,SPECIES,EXACT,98,ACCEPTED,
"scopura montana maruyama, 1987","Scopura montana Maruyama, 1987",ミネトワダカワゲラ,kanagawa_redlist,"Scopura montana Maruyama, 1987",verbatim,2006204,"Scopura montana Uchida & Maruyama, 1987",Animalia,Arthropoda,Insecta,Plecoptera,Scopuridae,Scopura,SPECIES,EXACT,100,ACCEPTED,
phedimus aizoon (l.) ’t hart var. aizoon,Phedimus aizoon (L.) ’t Hart var. aizoon,ホソバノキリンソウ,kanagawa_redlist,Phedimus aizoon (L.) ’t Hart var. aizoon,verbatim,11109042,Phedimus aizoon subsp. aizoon,Plantae,Tracheophyta,Magnoliopsida,Saxifragales,Crassulaceae,Phedimus,SUBSPECIES,EXACT,94,SYNONYM,
barbella flagellifera (cardot) nog.,Barbella flagellifera (Cardot) Nog.,キヨスミイトゴケ,kanagawa_redlist,Barbella flagellifera (Cardot) Nog.,verbatim,5282782,Barbella flagellifera (Cardot) Nog.,Plantae,Bryophyta,Bryopsida,Hypnales,Meteoriaceae,Neodicladiella,SPECIES,EXACT,100,SYNONYM,
pannaria lurida subsp. lurida (mont.) nyl.,Pannaria lurida subsp. lurida (Mont.) Nyl.,テツイロハナビラゴケ,kanagawa_redlist,Pannaria lurida subsp. lurida (Mont.) Nyl.,verbatim,2601215,Pannaria lurida (Mont.) Nyl.,Fungi,Ascomycota,Lecanoromycetes,Peltigerales,Pannariaceae,Pannaria,SPECIES,HIGHERRANK,99,ACCEPTED,
"oyamia seminigra (klapálek, 1907)","Oyamia seminigra (Klapálek, 1907)",ヒメオオヤマカワゲラ,kanagawa_redlist,"Oyamia seminigra (Klapálek, 1907)",verbatim,2005367,"Oyamia seminigra (Klapálek, 1907)",Animalia,Arthropoda,Insecta,Plecoptera,Perlidae,Oyamia,SPECIES,EXACT,100,ACCEPTED,
myriophyllum ussuriense (regel) maxim.,Myriophyllum ussuriense (Regel) Maxim.,タチモ,kanagawa_redlist,Myriophyllum ussuriense (Regel) Maxim.,verbatim,5361790,Myriophyllum ussuriense (Regel) Maxim.,Plantae,Tracheophyta,Magnoliopsida,Saxifragales,Haloragaceae,Myriophyllum,SPECIES,EXACT,100,ACCEPTED,
pilotrichopsis dentata (mitt.) besch.,Pilotrichopsis dentata (Mitt.) Besch.,ツルゴケ,kanagawa_redlist,Pilotrichopsis dentata (Mitt.) Besch.,verbatim,2678259,Pilotrichopsis dentata (Mitt.) Besch.,Plantae,Bryophyta,Bryopsida,Hypnales,Cryphaeaceae,Pilotrichopsis,SPECIES,EXACT,100,ACCEPTED,
physconia grumosa kashiw. & poelt,Physconia grumosa Kashiw. & Poelt,ハクフンゴケ,kanagawa_redlist,Physconia grumosa Kashiw. & Poelt,verbatim,3427733,Physconia grumosa Kashiw. & Poelt,Fungi,Ascomycota,Lecanoromycetes,Caliciales,Physciaceae,Physconia,SPECIES,EXACT,100,ACCEPTED,
"anisolabis seirokui nishikawa, 2008","Anisolabis seirokui Nishikawa, 2008",イソハサミムシ,kanagawa_redlist,"Anisolabis seirokui Nishikawa, 2008",verbatim,11373632,"Anisolabis seirokui Nishikawa, 2008",Animalia,Arthropoda,Insecta,Dermaptera,Anisolabididae,Anisolabis,SPECIES,EXACT,100,ACCEPTED,
myriophyllum verticillatum l.,Myriophyllum verticillatum L.,フサモ,kanagawa_redlist,Myriophyllum verticillatum L.,verbatim,5361779,Myriophyllum verticillatum L.,Plantae,Tracheophyta,Magnoliopsida,Saxifragales,Haloragaceae,Myriophyllum,SPECIES,EXACT,100,ACCEPTED,
bissetia lingulata (mitt.) broth.,Bissetia lingulata (Mitt.) Broth.,シタゴケ,kanagawa_redlist,Bissetia lingulata (Mitt.) Broth.,verbatim,5282908,Bissetia lingulata (Mitt.) Broth.,Plantae,Bryophyta,Bryopsida,Hypnales,Miyabeaceae,Bissetia,SPECIES,EXACT,100,ACCEPTED,
uredo crepidis-integrae lindr.,Uredo crepidis-integrae Lindr.,ワダンさび病菌,kanagawa_redlist,Uredo crepidis-integrae Lindr.,verbatim,3383138,Uredo crepidis-integrae Lindr.,Fungi,Basidiomycota,Pucciniomycetes,Pucciniales,Pucciniaceae,Puccinia,SPECIES,EXACT,100,SYNONYM,
"euborellia annulipes (lucas, 1847)","Euborellia annulipes (Lucas, 1847)",コヒゲジロハサミムシ,kanagawa_redlist,"Euborellia annulipes (Lucas, 1847)",verbatim,1419894,"Euborellia annulipes (Lucas, 1847)",Animalia,Arthropoda,Insecta,Dermaptera,Anisolabididae,Euborellia,SPECIES,EXACT,100,ACCEPTED,
tribulus terrestris l.,Tribulus terrestris L.,ハマビシ,kanagawa_redlist,Tribulus terrestris L.,verbatim,5421116,Tribulus terrestris L.,Plantae,Tracheophyta,Magnoliopsida,Zygophyllales,Zygophyllaceae,Tribulus,SPECIES,EXACT,100,ACCEPTED,
neckera flexiramea cardot,Neckera flexiramea Cardot,コメリンスゴケ,kanagawa_redlist,Neckera flexiramea Cardot,verbatim,2678544,Neckera flexiramea Cardot,Plantae,Bryophyta,Bryopsida,Hypnales,Neckeraceae,Forsstroemia,SPECIES,EXACT,100,SYNONYM,
blastospora betulae s.kaneko & hirats.f.,Blastospora betulae S.Kaneko & Hirats.f.,ヒノキ・アスナロ・クロベ天狗巣病菌,kanagawa_redlist,Blastospora betulae S.Kaneko & Hirats.f.,verbatim,3374321,Blastospora betulae S.Kaneko & Hirats.f.,Fungi,Basidiomycota,Pucciniomycetes,Pucciniales,Mikronegeriaceae,Blastospora,SPECIES,EXACT,100,ACCEPTED,
"phraortes elongatus (thunberg, 1815)","Phraortes elongatus (Thunberg, 1815)",エダナナフシ,kanagawa_redlist,"Phraortes elongatus (Thunberg, 1815)",verbatim,6723891,"Phraortes elongatus (Thunberg, 1815)",Animalia,Arthropoda,Insecta,Phasmida,Lonchodidae,Phraortes,SPECIES,EXACT,100,ACCEPTED,
ohwia caudate (thumb.) h.ohashi,Ohwia caudate (Thumb.) H.Ohashi,ミソナオシ,kanagawa_redlist,Ohwia caudate (Thumb.) H.Ohashi,verbatim,2942986,Ohwia caudata (Thunb.) H.Ohashi,Plantae,Tracheophyta,Magnoliopsida,Fabales,Fabaceae,Ohwia,SPECIES,FUZZY,99,ACCEPTED,
pallavicinia ambigua (mitt.) steph.,Pallavicinia ambigua (Mitt.) Steph.,クモノスゴケモドキ,kanagawa_redlist,Pallavicinia ambigua (Mitt.) Steph.,verbatim,7938201,Pallavicinia ambigua (Mitt.) Steph.,Plantae,Marchantiophyta,Jungermanniopsida,Pallaviciniales,Pallaviciniaceae,Pallavicinia,SPECIES,EXACT,100,ACCEPTED,
melanopsichium onumae (shirai) kakish.,Melanopsichium onumae (Shirai) Kakish.,ヤブニッケイ黒穂病菌,kanagawa_redlist,Melanopsichium onumae (Shirai) Kakish.,verbatim,3369439,Melanopsichium onumae (Shirai ex S.Ito) Kakish.,Fungi,Basidiomycota,Exobasidiomycetes,Exobasidiales,Cryptobasidiaceae,Clinoconidium,SPECIES,EXACT,100,SYNONYM,
"micadina yasumatsui shiraki, 1935","Micadina yasumatsui Shiraki, 1935",ヤスマツトビナナフシ,kanagawa_redlist,"Micadina yasumatsui Shiraki, 1935",verbatim,1409741,"Micadina yasumatsui Shiraki, 1935",Animalia,Arthropoda,Insecta,Phasmida,Lonchodidae,Micadina,SPECIES,EXACT,100,ACCEPTED,
lespedeza hisauchii t.nemoto & h.ohashi,Lespedeza hisauchii T.Nemoto & H.Ohashi,サガミメドハギ,kanagawa_redlist,Lespedeza hisauchii T.Nemoto & H.Ohashi,verbatim,3979009,Lespedeza hisauchii T.Nemoto & H.Ohashi,Plantae,Tracheophyta,Magnoliopsida,Fabales,Fabaceae,Lespedeza,SPECIES,EXACT,100,ACCEPTED,
plicanthus birmensis (steph.) r.m.schust.,Plicanthus birmensis (Steph.) R.M.Schust.,アイバゴケ,kanagawa_redlist,Plicanthus birmensis (Steph.) R.M.Schust.,verbatim,2689410,Plicanthus birmensis (Steph.) R.M.Schust.,Plantae,Marchantiophyta,Jungermanniopsida,Jungermanniales,Anastrophyllaceae,Plicanthus,SPECIES,EXACT,100,ACCEPTED,
fistulina hepatica (schaeff.) with.,Fistulina hepatica (Schaeff.) With.,カンゾウタケ,kanagawa_redlist,Fistulina hepatica (Schaeff.) With.,verbatim,2531012,Fistulina hepatica (Schaeff.) With.,Fungi,Basidiomycota,Agaricomycetes,Agaricales,Fistulinaceae,Fistulina,SPECIES,EXACT,100,ACCEPTED,
"acromantis japonica westwood, 1889","Acromantis japonica Westwood, 1889",ヒメカマキリ,kanagawa_redlist,"Acromantis japonica Westwood, 1889",verbatim,1406621,"Acromantis japonica Westwood, 1889",Animalia,Arthropoda,Insecta,Mantodea,Hymenopodidae,Acromantis,SPECIES,EXACT,100,ACCEPTED,
berchemia pauciflora maxim.,Berchemia pauciflora Maxim.,ミヤマクマヤナギ,kanagawa_redlist,Berchemia pauciflora Maxim.,verbatim,3876175,Berchemia pauciflora Maxim.,Plantae,Tracheophyta,Magnoliopsida,Rosales,Rhamnaceae,Berchemia,SPECIES,EXACT,100,ACCEPTED,
plicanthus hirtellus (f.weber) r.m.schust.,Plicanthus hirtellus (F.Weber) R.M.Schust.,トゲアイバゴケ,kanagawa_redlist,Plicanthus hirtellus (F.Weber) R.M.Schust.,verbatim,2689411,Plicanthus hirtellus (F.Weber) R.M.Schust.,Plantae,Marchantiophyta,Jungermanniopsida,Jungermanniales,Anastrophyllaceae,Plicanthus,SPECIES,EXACT,100,ACCEPTED,
clitopilus vernalis har. takah. & degawa,Clitopilus vernalis Har. Takah. & Degawa,ハルノウラベニタケ,kanagawa_redlist,Clitopilus vernalis Har. Takah. & Degawa,verbatim,8365157,Clitopilus vernalis Har.Takah. & Degawa,Fungi,Basidiomycota,Agaricomycetes,Agaricales,Entolomataceae,Entoloma,SPECIES,EXACT,100,SYNONYM,
"tenodera angustipennis saussure, 1869","Tenodera angustipennis Saussure, 1869",カマキリ,kanagawa_redlist,"Tenodera angustipennis Saussure, 1869",verbatim,4293587,"Tenodera angustipennis Saussure, 1869",Animalia,Arthropoda,Insecta,Mantodea,Mantidae,Tenodera,SPECIES,EXACT,100,ACCEPTED,
pilea petiolaris (siebold & zucc.) blume,Pilea petiolaris (Siebold & Zucc.) Blume,ミヤマミズ,kanagawa_redlist,Pilea petiolaris (Siebold & Zucc.) Blume,verbatim,8268464,Pilea petiolaris (Siebold & Zucc.) Blume,Plantae,Tracheophyta,Magnoliopsida,Rosales,Urticaceae,Pilea,SPECIES,EXACT,100,SYNONYM,
tritomaria exsecta (schmid.) schiffn.,Tritomaria exsecta (Schmid.) Schiffn.,イチョウゴケ,kanagawa_redlist,Tritomaria exsecta (Schmid.) Schiffn.,verbatim,2689225,Tritomaria exsecta (Schmidel) Schiffn. ex Loeske,Plantae,Marchantiophyta,Jungermanniopsida,Jungermanniales,Lophoziaceae,Tritomaria,SPECIES,EXACT,100,ACCEPTED,
marasmius brunneospermus har. takah.,Marasmius brunneospermus Har. Takah.,アミガサホウライタケ,kanagawa_redlist,Marasmius brunneospermus Har. Takah.,verbatim,3322243,Marasmius brunneospermus Har.Takah.,Fungi,Basidiomycota,Agaricomycetes,Agaricales,Marasmiaceae,Marasmius,SPECIES,EXACT,100,ACCEPTED,
"margattea nimbata nimbata (shclford, 1907)","Margattea nimbata nimbata (Shclford, 1907)",ツチゴキブリ,kanagawa_redlist,"Margattea nimbata nimbata (Shclford, 1907)",verbatim,6543354,Margattea nimbata nimbata,Animalia,Arthropoda,Insecta,Blattodea,Ectobiidae,Margattea,SUBSPECIES,EXACT,98,ACCEPTED,
urtica angustifolia fisch. ex hornem.,Urtica angustifolia Fisch. ex Hornem.,ホソバイラクサ,kanagawa_redlist,Urtica angustifolia Fisch. ex Hornem.,verbatim,7403231,Urtica angustifolia Fisch. ex Hornem.,Plantae,Tracheophyta,Magnoliopsida,Rosales,Urticaceae,Urtica,SPECIES,EXACT,100,SYNONYM,
schistochilopsis cornuta (steph.) konstant,Schistochilopsis cornuta (Steph.) Konstant,オヤコゴケ,kanagawa_redlist,Schistochilopsis cornuta (Steph.) Konstant,verbatim,2689183,Schistochilopsis cornuta (Steph.) Konstant.,Plantae,Marchantiophyta,Jungermanniopsida,Jungermanniales,Scapaniaceae,Schistochilopsis,SPECIES,EXACT,100,ACCEPTED,
mycena cf. luteopallens peck,Mycena cf. luteopallens Peck,ミタケウスキブナノミタケ,kanagawa_redlist,Mycena cf. luteopallens Peck,verbatim,5240466,"Mycena luteopallens Peck, 1887",Fungi,Basidiomycota,Agaricomycetes,Agaricales,Mycenaceae,Mycena,SPECIES,EXACT,100,ACCEPTED,
"epacromius japonicus (shiraki, 1910)","Epacromius japonicus (Shiraki, 1910)",ヤマトマダラバッタ,kanagawa_redlist,"Epacromius japonicus (Shiraki, 1910)",verbatim,1699436,"Epacromius japonicus (Shiraki, 1910)",Animalia,Arthropoda,Insecta,Orthoptera,Acrididae,Epacromius,SPECIES,EXACT,100,ACCEPTED,
alnus matsumurae callier,Alnus matsumurae Callier,ヤハズハンノキ,kanagawa_redlist,Alnus matsumurae Callier,verbatim,2876592,Alnus matsumurae Callier,Plantae,Tracheophyta,Magnoliopsida,Fagales,Betulaceae,Alnus,SPECIES,EXACT,100,ACCEPTED,
hygrobiella laxifolia (hook.) spruce,Hygrobiella laxifolia (Hook.) Spruce,エゾヒメヤバネゴケ,kanagawa_redlist,Hygrobiella laxifolia (Hook.) Spruce,verbatim,2689168,Hygrobiella laxifolia (Hook.) Spruce,Plantae,Marchantiophyta,Jungermanniopsida,Jungermanniales,Hygrobiellaceae,Hygrobiella,SPECIES,EXACT,100,ACCEPTED,
mycena spinosissima (singer) desjardin,Mycena spinosissima (Singer) Desjardin,トサカオチエダタケ,kanagawa_redlist,Mycena spinosissima (Singer) Desjardin,verbatim,5241896,Mycena spinosissima (Singer) Desjardin,Fungi,Basidiomycota,Agaricomycetes,Agaricales,Mycenaceae,Mycena,SPECIES,EXACT,100,ACCEPTED,
"chorthippus intermedius (bey-bienko, 1926)","Chorthippus intermedius (Bey-Bienko, 1926)",タカネヒナバッタ,kanagawa_redlist,"Chorthippus intermedius (Bey-Bienko, 1926)",verbatim,1708216,"Chorthippus intermedius (Bey-Bienko, 1926)",Animalia,Arthropoda,Insecta,Orthoptera,Acrididae,Chorthippus,SPECIES,EXACT,100,ACCEPTED,
hypericum oliganthum franch. & sav.,Hypericum oliganthum Franch. & Sav.,アゼオトギリ,kanagawa_redlist,Hypericum oliganthum Franch. & Sav.,verbatim,3713783,Hypericum oliganthum Franch. & Sav.,Plantae,Tracheophyta,Magnoliopsida,Malpighiales,Hypericaceae,Hypericum,SPECIES,EXACT,100,ACCEPTED,
bazzania japonica (sande lac.) lindb.,Bazzania japonica (Sande Lac.) Lindb.,ヤマトムチゴケ,kanagawa_redlist,Bazzania japonica (Sande Lac.) Lindb.,verbatim,6136274,Bazzania japonica (Sande Lac.) Lindb.,Plantae,Marchantiophyta,Jungermanniopsida,Jungermanniales,Lepidoziaceae,Bazzania,SPECIES,EXACT,100,ACCEPTED,
calvatia cf. fraqilis (vittad.) morgan,Calvatia cf. fraqilis (Vittad.) Morgan,タマノウタケ,kanagawa_redlist,Calvatia cf. fraqilis (Vittad.) Morgan,verbatim,2536057,Calvatia fragilis (Quél.) Morgan,Fungi,Basidiomycota,Agaricomycetes,Agaricales,Lycoperdaceae,Calvatia,SPECIES,FUZZY,98,SYNONYM,
"loxoblemmus magnatus matsuura, 1986","Loxoblemmus magnatus Matsuura, 1986",オオオカメコオロギ,kanagawa_redlist,"Loxoblemmus magnatus Matsuura, 1986",verbatim,1721382,"Loxoblemmus magnatus Matsuura, 1985",Animalia,Arthropoda,Insecta,Orthoptera,Gryllidae,Loxoblemmus,SPECIES,EXACT,100,ACCEPTED,
euphorbia adenochlora c.morren & decne.,Euphorbia adenochlora C.Morren & Decne.,ノウルシ,kanagawa_redlist,Euphorbia adenochlora C.Morren & Decne.,verbatim,3068668,Euphorbia adenochlora C.Morren & Decne.,Plantae,Tracheophyta,Magnoliopsida,Malpighiales,Euphorbiaceae,Euphorbia,SPECIES,EXACT,100,ACCEPTED,
archilejeunea planifolia (horik.) mizut.,Archilejeunea planifolia (Horik.) Mizut.,ミヤジマヒメゴヘイゴケ,kanagawa_redlist,Archilejeunea planifolia (Horik.) Mizut.,verbatim,7827740,Archilejeunea planifolia (Horik.) Mizut.,Plantae,Marchantiophyta,Jungermanniopsida,Porellales,Lejeuneaceae,Spruceanthus,SPECIES,EXACT,100,SYNONYM,
"amanita griseoturcosa t. oda, c. tanaka & tsuda","Amanita griseoturcosa T. Oda, C. Tanaka & Tsuda",アオミドリタマゴテングタケ,kanagawa_redlist,"Amanita griseoturcosa T. Oda, C. Tanaka & Tsuda",verbatim,5452700,"Amanita griseoturcosa T.Oda, C.Tanaka & Tsuda",Fungi,Basidiomycota,Agaricomycetes,Agaricales,Amanitaceae,Amanita,SPECIES,EXACT,100,ACCEPTED,
"teleogryllus yezoemma (ohmachi & matsuura, 1951)","Teleogryllus yezoemma (Ohmachi & Matsuura, 1951)",エゾエンマコオロギ,kanagawa_redlist,"Teleogryllus yezoemma (Ohmachi & Matsuura, 1951)",verbatim,10933148,Teleogryllus yezoemma,Animalia,Arthropoda,Insecta,Orthoptera,Gryllidae,Teleogryllus,SPECIES,EXACT,98,SYNONYM,
linum stelleroides planch.,Linum stelleroides Planch.,マツバニンジン,kanagawa_redlist,Linum stelleroides Planch.,verbatim,4048755,Linum stelleroides Planch.,Plantae,Tracheophyta,Magnoliopsida,Malpighiales,Linaceae,Linum,SPECIES,EXACT,100,ACCEPTED,
cololejeunea denticulata (horik.) s.hatt.,Cololejeunea denticulata (Horik.) S.Hatt.,イボケクサリゴケ,kanagawa_redlist,Cololejeunea denticulata (Horik.) S.Hatt.,verbatim,7463442,Cololejeunea denticulata (Horik.) S.Hatt.,Plantae,Marchantiophyta,Jungermanniopsida,Porellales,Lejeuneaceae,Cololejeunea,SPECIES,EXACT,100,ACCEPTED,
alnicola spp.,Alnicola spp.,ヒメムサシタケ属,kanagawa_redlist,Alnicola spp.,verbatim,7501242,Alnicola Kühner,Fungi,Basidiomycota,Agaricomycetes,Agaricales,Hymenogastraceae,Alnicola,GENUS,HIGHERRANK,94,ACCEPTED,
"ectatoderus tamna kim, 2011","Ectatoderus tamna Kim, 2011",アシジマカネタタキ,kanagawa_redlist,"Ectatoderus tamna Kim, 2011",verbatim,6543767,"Ectatoderus tamna Kim, 2011",Animalia,Arthropoda,Insecta,Orthoptera,Mogoplistidae,Ectatoderus,SPECIES,EXACT,100,ACCEPTED,
rotala rosea (poir.) c.d.k.cook ex h.hara,Rotala rosea (Poir.) C.D.K.Cook ex H.Hara,ミズキカシグサ,kanagawa_redlist,Rotala rosea (Poir.) C.D.K.Cook ex H.Hara,verbatim,7482453,Rotala rosea (Poir.) C.D.K.Cook,Plantae,Tracheophyta,Magnoliopsida,Myrtales,Lythraceae,Rotala,SPECIES,EXACT,100,ACCEPTED,
cololejeunea magnipapillosa (kamim.) p.c.chen & p.c.wu,Cololejeunea magnipapillosa (Kamim.) P.C.Chen & P.C.Wu,カミムラヒメクサリゴケ,kanagawa_redlist,Cololejeunea magnipapillosa (Kamim.) P.C.Chen & P.C.Wu,verbatim,7369201,Cololejeunea magnipapillosa (Kamim.) P.C.Chen & P.C.Wu,Plantae,Marchantiophyta,Jungermanniopsida,Porellales,Lejeuneaceae,Cololejeunea,SPECIES,EXACT,100,SYNONYM,
baeospora myriadophylla (peck) singer,Baeospora myriadophylla (Peck) Singer,フジイロアマタケ,kanagawa_redlist,Baeospora myriadophylla (Peck) Singer,verbatim,2537965,Baeospora myriadophylla (Peck) Singer,Fungi,Basidiomycota,Agaricomycetes,Agaricales,Marasmiaceae,Baeospora,SPECIES,EXACT,100,ACCEPTED,
"pseudorhynchus japonicus shiraki, 1930","Pseudorhynchus japonicus Shiraki, 1930",カヤキリ,kanagawa_redlist,"Pseudorhynchus japonicus Shiraki, 1930",verbatim,5096778,"Pseudorhynchus japonicus Shiraki, 1930",Animalia,Arthropoda,Insecta,Orthoptera,Tettigoniidae,Parvarhynchus,SPECIES,EXACT,100,SYNONYM,
arabidopsis halleri (l.) o’kane & al-shehbaz subsp. gemmifera (matsum.) o’kane & al-shehbaz,Arabidopsis halleri (L.) O’Kane & Al-Shehbaz subsp. gemmifera (Matsum.) O’Kane & Al-Shehbaz,ハクサンハタザオ,kanagawa_redlist,Arabidopsis halleri (L.) O’Kane & Al-Shehbaz subsp. gemmifera (Matsum.) O’Kane & Al-Shehbaz,verbatim,3052459,Arabidopsis halleri subsp. gemmifera (Matsum.) O'Kane & Al-Shehbaz,Plantae,Tracheophyta,Magnoliopsida,Brassicales,Brassicaceae,Arabidopsis,SUBSPECIES,EXACT,100,ACCEPTED,
cololejeunea nakajimae s.hatt.,Cololejeunea nakajimae S.Hatt.,ナカジマヒメクサリゴケ,kanagawa_redlist,Cololejeunea nakajimae S.Hatt.,verbatim,8403385,Cololejeunea nakajimae S.Hatt.,Plantae,Marchantiophyta,Jungermanniopsida,Porellales,Lejeuneaceae,Cololejeunea,SPECIES,EXACT,100,ACCEPTED,
boletellus elatus nagas.,Boletellus elatus Nagas.,アシナガイグチ,kanagawa_redlist,Boletellus elatus Nagas.,verbatim,3354116,Boletellus elatus Nagas.,Fungi,Basidiomycota,Agaricomycetes,Boletales,Boletaceae,Boletellus,SPECIES,EXACT,100,ACCEPTED,
"ognevia longipennis (shiraki, 1910)","Ognevia longipennis (Shiraki, 1910)",ハネナガフキバッタ,kanagawa_redlist,"Ognevia longipennis (Shiraki, 1910)",verbatim,5098977,"Ognevia longipennis (Shiraki, 1910)",Animalia,Arthropoda,Insecta,Orthoptera,Acrididae,Confusacris,SPECIES,EXACT,100,SYNONYM,
arabis serrata franch. & sav. var. serrata,Arabis serrata Franch. & Sav. var. serrata,フジハタザオ,kanagawa_redlist,Arabis serrata Franch. & Sav. var. serrata,verbatim,5374875,Arabis serrata Franch. & Sav.,Plantae,Tracheophyta,Magnoliopsida,Brassicales,Brassicaceae,Arabis,SPECIES,HIGHERRANK,99,ACCEPTED,
drepanolejeunea ternatensis (gottsche) schiffn.,Drepanolejeunea ternatensis (Gottsche) Schiffn.,ナンヨウサンカクゴケ,kanagawa_redlist,Drepanolejeunea ternatensis (Gottsche) Schiffn.,verbatim,7728328,Drepanolejeunea ternatensis (Gottsche) Schiffn.,Plantae,Marchantiophyta,Jungermanniopsida,Porellales,Lejeuneaceae,Drepanolejeunea,SPECIES,EXACT,100,ACCEPTED,
tylopilus fuligineoviolaceus har. takah.,Tylopilus fuligineoviolaceus Har. Takah.,クロムラサキニガイグチ,kanagawa_redlist,Tylopilus fuligineoviolaceus Har. Takah.,verbatim,3354650,Tylopilus fuligineoviolaceus Har.Takah.,Fungi,Basidiomycota,Agaricomycetes,Boletales,Boletaceae,Tylopilus,SPECIES,EXACT,100,ACCEPTED,
"parapodisma takeii takei, 1914","Parapodisma takeii Takei, 1914",アオフキバッタ,kanagawa_redlist,"Parapodisma takeii Takei, 1914",verbatim,8848214,"Parapodisma takeii (Takei, 1914)",Animalia,Arthropoda,Insecta,Orthoptera,Acrididae,Parapodisma,SPECIES,EXACT,100,ACCEPTED,
arabis stelleri dc. var. japonica (a.gray) f.schmidt,Arabis stelleri DC. var. japonica (A.Gray) F.Schmidt,ハマハタザオ,kanagawa_redlist,Arabis stelleri DC. var. japonica (A.Gray) F.Schmidt,verbatim,5374957,Arabis stelleri var. japonica (A.Gray) F.Schmidt,Plantae,Tracheophyta,Magnoliopsida,Brassicales,Brassicaceae,Arabis,VARIETY,EXACT,100,SYNONYM,
drepanolejeunea vesiculosa (mitt.) steph.,Drepanolejeunea vesiculosa (Mitt.) Steph.,カギゴケ,kanagawa_redlist,Drepanolejeunea vesiculosa (Mitt.) Steph.,verbatim,8268755,Drepanolejeunea vesiculosa (Mitt.) Steph.,Plantae,Marchantiophyta,Jungermanniopsida,Porellales,Lejeuneaceae,Drepanolejeunea,SPECIES,EXACT,100,ACCEPTED,
echinochaete russiceps (berk. & broome) d.a. reid,Echinochaete russiceps (Berk. & Broome) D.A. Reid,サビハチノスタケ,kanagawa_redlist,Echinochaete russiceps (Berk. & Broome) D.A. Reid,verbatim,2547670,Echinochaete russiceps (Berk. & Broome) D.A.Reid,Fungi,Basidiomycota,Agaricomycetes,Polyporales,Polyporaceae,Echinochaete,SPECIES,EXACT,100,ACCEPTED,
"shirakiacris shirakii (bolivar, 1914)","Shirakiacris shirakii (Bolivar, 1914)",セグロイナゴ,kanagawa_redlist,"Shirakiacris shirakii (Bolivar, 1914)",verbatim,1700379,"Shirakiacris shirakii (Bolívar, 1914)",Animalia,Arthropoda,Insecta,Orthoptera,Acrididae,Shirakiacris,SPECIES,EXACT,100,ACCEPTED,
dontostemon dentatus (bunge) ledeb.,Dontostemon dentatus (Bunge) Ledeb.,ハナハタザオ,kanagawa_redlist,Dontostemon dentatus (Bunge) Ledeb.,verbatim,3052569,Dontostemon dentatus (Bunge) Ledeb.,Plantae,Tracheophyta,Magnoliopsida,Brassicales,Brassicaceae,Dontostemon,SPECIES,EXACT,100,ACCEPTED,
diphyscium satoi tuzibe,Diphyscium satoi Tuzibe,ヒメイクビゴケ,kanagawa_redlist,Diphyscium satoi Tuzibe,verbatim,2682862,Diphyscium satoi Tuzibe,Plantae,Bryophyta,Bryopsida,Diphysciales,Diphysciaceae,Diphyscium,SPECIES,EXACT,100,ACCEPTED,
ganoderma tsunodae yasuda,Ganoderma tsunodae Yasuda,エビタケ,kanagawa_redlist,Ganoderma tsunodae Yasuda,verbatim,3363044,Ganoderma tsunodae Yasuda,Fungi,Basidiomycota,Agaricomycetes,Polyporales,Polyporaceae,Ganoderma,SPECIES,EXACT,100,ACCEPTED,
"eusphingonotus japonicus (saussure, 1888)","Eusphingonotus japonicus (Saussure, 1888)",カワラバッタ,kanagawa_redlist,"Eusphingonotus japonicus (Saussure, 1888)",verbatim,1712704,"Eusphingonotus japonicus (Saussure, 1888)",Animalia,Arthropoda,Insecta,Orthoptera,Acrididae,Eusphingonotus,SPECIES,EXACT,100,ACCEPTED,
bistorta suffulta (maxim.) h.gross,Bistorta suffulta (Maxim.) H.Gross,クリンユキフデ,kanagawa_redlist,Bistorta suffulta (Maxim.) H.Gross,verbatim,7291117,Bistorta suffulta (Maxim.) Greene ex H.Gross,Plantae,Tracheophyta,Magnoliopsida,Caryophyllales,Polygonaceae,Bistorta,SPECIES,EXACT,100,ACCEPTED,
campylostelium saxicola (f.weber & mohr) bruch & schimp.,Campylostelium saxicola (F.Weber & Mohr) Bruch & Schimp.,ハクチョウゴケ,kanagawa_redlist,Campylostelium saxicola (F.Weber & Mohr) Bruch & Schimp.,verbatim,2674166,Campylostelium saxicola (F.Weber & D.Mohr) Bruch & Schimp.,Plantae,Bryophyta,Bryopsida,Grimmiales,Ptychomitriaceae,Campylostelium,SPECIES,EXACT,100,ACCEPTED,
pseudofavolus cucullatus (mont.) pat.,Pseudofavolus cucullatus (Mont.) Pat.,アカハチノスタケ,kanagawa_redlist,Pseudofavolus cucullatus (Mont.) Pat.,verbatim,2546371,Pseudofavolus cucullatus (Mont.) Pat.,Fungi,Basidiomycota,Agaricomycetes,Polyporales,Polyporaceae,Hexagonia,SPECIES,EXACT,100,SYNONYM,
"marinemobius niisatoi (ishikawa, 2017)","Marinemobius niisatoi (Ishikawa, 2017)",ウスモンウミコオロギ,kanagawa_redlist,"Marinemobius niisatoi (Ishikawa, 2017)",verbatim,1718280,"Marinemobius Gorochov, 1985",Animalia,Arthropoda,Insecta,Orthoptera,Trigonidiidae,Marinemobius,GENUS,HIGHERRANK,94,ACCEPTED,
persicaria foliosa (h.lindb.) kitag. var. paludicola (makino) h.hara,Persicaria foliosa (H.Lindb.) Kitag. var. paludicola (Makino) H.Hara,ヤナギヌカボ,kanagawa_redlist,Persicaria foliosa (H.Lindb.) Kitag. var. paludicola (Makino) H.Hara,verbatim,7587116,Persicaria foliosa var. paludicola (Makino) H.Hara,Plantae,Tracheophyta,Magnoliopsida,Caryophyllales,Polygonaceae,Persicaria,VARIETY,EXACT,100,ACCEPTED,
holomitrium densifolium (wilson) wijk & margad.,Holomitrium densifolium (Wilson) Wijk & Margad.,ヤマトマイマイゴケ,kanagawa_redlist,Holomitrium densifolium (Wilson) Wijk & Margad.,verbatim,2674660,Holomitrium densifolium (Wilson) Wijk & Margad.,Plantae,Bryophyta,Bryopsida,Dicranales,Dicranaceae,Holomitrium,SPECIES,EXACT,100,ACCEPTED,
elmerina holophaea (pat.) parmasto,Elmerina holophaea (Pat.) Parmasto,ムカシオオミダレタケ,kanagawa_redlist,Elmerina holophaea (Pat.) Parmasto,verbatim,2553735,Elmerina holophaea (Pat.) Parmasto,Fungi,Basidiomycota,Agaricomycetes,Auriculariales,Auriculariaceae,Elmerina,SPECIES,EXACT,100,ACCEPTED,
"marinemobius sazanami (furukawa, 1970)","Marinemobius sazanami (Furukawa, 1970)",ナギサスズ,kanagawa_redlist,"Marinemobius sazanami (Furukawa, 1970)",verbatim,1718280,"Marinemobius Gorochov, 1985",Animalia,Arthropoda,Insecta,Orthoptera,Trigonidiidae,Marinemobius,GENUS,HIGHERRANK,94,ACCEPTED,
persicaria praetermissa (hook.f.) h.hara,Persicaria praetermissa (Hook.f.) H.Hara,ホソバノウナギツカミ,kanagawa_redlist,Persicaria praetermissa (Hook.f.) H.Hara,verbatim,4033482,Persicaria praetermissa (Hook.fil.) H.Hara,Plantae,Tracheophyta,Magnoliopsida,Caryophyllales,Polygonaceae,Persicaria,SPECIES,EXACT,100,ACCEPTED,
bryoerythrophyllum gymnostomum (broth.) p.c.chen,Bryoerythrophyllum gymnostomum (Broth.) P.C.Chen,ハナシアカハマキゴケ,kanagawa_redlist,Bryoerythrophyllum gymnostomum (Broth.) P.C.Chen,verbatim,2670508,Bryoerythrophyllum gymnostomum (Broth.) P.C.Chen,Plantae,Bryophyta,Bryopsida,Pottiales,Pottiaceae,Bryoerythrophyllum,SPECIES,EXACT,100,ACCEPTED,
trichocoma paradoxa jungh.,Trichocoma paradoxa Jungh.,マユハキタケ,kanagawa_redlist,Trichocoma paradoxa Jungh.,verbatim,5259774,Trichocoma paradoxa Jungh.,Fungi,Ascomycota,Eurotiomycetes,Eurotiales,Trichocomaceae,Trichocoma,SPECIES,EXACT,100,ACCEPTED,
"pteronemobius nigrescens (shiraki, 1913)","Pteronemobius nigrescens (Shiraki, 1913)",ヒメスズ,kanagawa_redlist,"Pteronemobius nigrescens (Shiraki, 1913)",verbatim,1717872,"Pteronemobius nigriscens (Shiraki, 1911)",Animalia,Arthropoda,Insecta,Orthoptera,Trigonidiidae,Pteronemobius,SPECIES,FUZZY,97,ACCEPTED,2 synonym homonyms
persicaria hastatosagittata (makino) nakai,Persicaria hastatosagittata (Makino) Nakai,ナガバノウナギツカミ,kanagawa_redlist,Persicaria hastatosagittata (Makino) Nakai,verbatim,4035544,Persicaria hastatosagittata (Makino) Nakai,Plantae,Tracheophyta,Magnoliopsida,Caryophyllales,Polygonaceae,Persicaria,SPECIES,EXACT,100,SYNONYM,
weissia newcomeri (bartr.) k.saito,Weissia newcomeri (Bartr.) K.Saito,ニセホソバトジクチゴケ,kanagawa_redlist,Weissia newcomeri (Bartr.) K.Saito,verbatim,5280893,Weissia newcomeri (E.B.Bartram) K.Saito,Plantae,Bryophyta,Bryopsida,Pottiales,Pottiaceae,Weissia,SPECIES,EXACT,100,ACCEPTED,
lanzia echinophila (bull.) korf,Lanzia echinophila (Bull.) Korf,クリノイガワンタケ,kanagawa_redlist,Lanzia echinophila (Bull.) Korf,verbatim,9007128,Lanzia echinophila (Bull.) Korf,Fungi,Ascomycota,Leotiomycetes,Helotiales,Rutstroemiaceae,Lanzia,SPECIES,EXACT,100,ACCEPTED,
"hexacentrus japonicus karny, 1907","Hexacentrus japonicus Karny, 1907",ハタケノウマオイ,kanagawa_redlist,"Hexacentrus japonicus Karny, 1907",verbatim,1688451,"Hexacentrus japonicus Karny, 1907",Animalia,Arthropoda,Insecta,Orthoptera,Tettigoniidae,Hexacentrus,SPECIES,EXACT,100,ACCEPTED,
persicaria maackiana (regel) nakai,Persicaria maackiana (Regel) Nakai,サデクサ,kanagawa_redlist,Persicaria maackiana (Regel) Nakai,verbatim,7291459,Persicaria maackiana (Regel) Nakai,Plantae,Tracheophyta,Magnoliopsida,Caryophyllales,Polygonaceae,Persicaria,SPECIES,EXACT,100,ACCEPTED,
anomobryum yasudae broth.,Anomobryum yasudae Broth.,ヤスダゴケ,kanagawa_redlist,Anomobryum yasudae Broth.,verbatim,2677175,Anomobryum yasudae Broth.,Plantae,Bryophyta,Bryopsida,Bryales,Bryaceae,Anomobryum,SPECIES,EXACT,100,ACCEPTED,
hydnocystis japonica (kobayasi) trappe,Hydnocystis japonica (Kobayasi) Trappe,ウツロイモタケ,kanagawa_redlist,Hydnocystis japonica (Kobayasi) Trappe,verbatim,3496082,Hydnocystis japonica (Kobayasi) Trappe,Fungi,Ascomycota,Pezizomycetes,Pezizales,Pyronemataceae,Hydnocystis,SPECIES,EXACT,100,ACCEPTED,
"stethophyma magister (rehn, 1902)","Stethophyma magister (Rehn, 1902)",ツマグロバッタ,kanagawa_redlist,"Stethophyma magister (Rehn, 1902)",verbatim,1711103,"Stethophyma magister (Rehn, 1902)",Animalia,Arthropoda,Insecta,Orthoptera,Acrididae,Stethophyma,SPECIES,EXACT,100,ACCEPTED,
persicaria mikawana hanai & seriz.,Persicaria mikawana Hanai & Seriz.,コミゾソバ,kanagawa_redlist,Persicaria mikawana Hanai & Seriz.,verbatim,12176820,Persicaria mikawana Hanai & Seriz.,Plantae,Tracheophyta,Magnoliopsida,Caryophyllales,Polygonaceae,Persicaria,SPECIES,EXACT,100,ACCEPTED,
bryochenea vestitissima (besch.) touw,Bryochenea vestitissima (Besch.) Touw,スギバシノブゴケ,kanagawa_redlist,Bryochenea vestitissima (Besch.) Touw,verbatim,2679490,Bryochenea vestitissima (Besch.) Touw,Plantae,Bryophyta,Bryopsida,Hypnales,Helodiaceae,Bryochenea,SPECIES,EXACT,100,ACCEPTED,
ophiocordyceps sp.,Ophiocordyceps sp.,イトヒキミジンアリタケ,kanagawa_redlist,Ophiocordyceps sp.,verbatim,2560546,Ophiocordyceps Petch,Fungi,Ascomycota,Sordariomycetes,Hypocreales,Ophiocordycipitaceae,Ophiocordyceps,GENUS,HIGHERRANK,94,ACCEPTED,
"euscyrtus japonicus shiraki, 1930","Euscyrtus japonicus Shiraki, 1930",カヤコオロギ,kanagawa_redlist,"Euscyrtus japonicus Shiraki, 1930",verbatim,1720528,"Euscyrtus japonicus Shiraki, 1930",Animalia,Arthropoda,Insecta,Orthoptera,Gryllidae,Euscyrtus,SPECIES,EXACT,100,ACCEPTED,
persicaria taquetii (h.lev.) koidz.,Persicaria taquetii (H.Lev.) Koidz.,ヌカボタデ,kanagawa_redlist,Persicaria taquetii (H.Lev.) Koidz.,verbatim,4032589,Persicaria taquetii (H.Lév.) Koidz.,Plantae,Tracheophyta,Magnoliopsida,Caryophyllales,Polygonaceae,Persicaria,SPECIES,EXACT,100,ACCEPTED,
ectropothecium zollingeri (muell.hal.) a.jaeger,Ectropothecium zollingeri (Muell.Hal.) A.Jaeger,オオヒラツボゴケ,kanagawa_redlist,Ectropothecium zollingeri (Muell.Hal.) A.Jaeger,verbatim,2682280,Ectropothecium zollingeri (Müll.Hal.) A.Jaeger,Plantae,Bryophyta,Bryopsida,Hypnales,Hypnaceae,Ectropothecium,SPECIES,EXACT,100,ACCEPTED,
microsphaera menispermi howe var. dahurica u.braun & y.nomura,Microsphaera menispermi Howe var. dahurica U.Braun & Y.Nomura,コウモリカズラうどんこ病菌,kanagawa_redlist,Microsphaera menispermi Howe var. dahurica U.Braun & Y.Nomura,verbatim,6336887,Microsphaera menispermi var. dahurica U.Braun & Y.Nomura,Fungi,Ascomycota,Leotiomycetes,Helotiales,Erysiphaceae,Erysiphe,VARIETY,EXACT,100,SYNONYM,
"m&riogryllacris magna (matsumura & shiraki, 1908)","M&riogryllacris magna (Matsumura & Shiraki, 1908)",コバネコロギス,kanagawa_redlist,"M&riogryllacris magna (Matsumura & Shiraki, 1908)",verbatim,,,,,,,,,,NONE,100,,
persicaria trigonocarpa (makino) nakai,Persicaria trigonocarpa (Makino) Nakai,ホソバイヌタデ,kanagawa_redlist,Persicaria trigonocarpa (Makino) Nakai,verbatim,7291128,Persicaria trigonocarpa (Makino) Nakai,Plantae,Tracheophyta,Magnoliopsida,Caryophyllales,Polygonaceae,Persicaria,SPECIES,EXACT,100,ACCEPTED,
homaliadelphus targionianus (mitt.) dixon & p.vard.,Homaliadelphus targionianus (Mitt.) Dixon & P.Vard.,タチヒラゴケ,kanagawa_redlist,Homaliadelphus targionianus (Mitt.) Dixon & P.Vard.,verbatim,2678622,Homaliadelphus targionianus (Mitt.) Dixon & P.de la Varde,Plantae,Bryophyta,Bryopsida,Hypnales,Miyabeaceae,Homaliadelphus,SPECIES,EXACT,100,ACCEPTED,
leptogium saturninum (dicks.) nyl.,Leptogium saturninum (Dicks.) Nyl.,ツブカワキノリ,kanagawa_redlist,Leptogium saturninum (Dicks.) Nyl.,verbatim,2600939,Leptogium saturninum (Dicks.) Nyl.,Fungi,Ascomycota,Lecanoromycetes,Peltigerales,Collemataceae,Leptogium,SPECIES,EXACT,100,ACCEPTED,
"phonarellus ritsemae (saussure, 1877)","Phonarellus ritsemae (Saussure, 1877)",クロツヤコオロギ,kanagawa_redlist,"Phonarellus ritsemae (Saussure, 1877)",verbatim,1719791,"Phonarellus ritsemae (Saussure, 1877)",Animalia,Arthropoda,Insecta,Orthoptera,Gryllidae,Phonarellus,SPECIES,EXACT,100,ACCEPTED,
drosera peltata thunb. var. nipponica (masam.) ohwi,Drosera peltata Thunb. var. nipponica (Masam.) Ohwi,イシモチソウ,kanagawa_redlist,Drosera peltata Thunb. var. nipponica (Masam.) Ohwi,verbatim,3190861,Drosera peltata var. nipponica (Masam.) Ohwi,Plantae,Tracheophyta,Magnoliopsida,Caryophyllales,Droseraceae,Drosera,VARIETY,EXACT,100,SYNONYM,
palisadula chrysophylla (cardot) toyama,Palisadula chrysophylla (Cardot) Toyama,キノクニキヌタゴケ,kanagawa_redlist,Palisadula chrysophylla (Cardot) Toyama,verbatim,2681035,Palisadula chrysophylla (Cardot) Toyama,Plantae,Bryophyta,Bryopsida,Hypnales,Myuriaceae,Palisadula,SPECIES,EXACT,100,ACCEPTED,
ramalina litoralis asah.,Ramalina litoralis Asah.,イソカラタチゴケ,kanagawa_redlist,Ramalina litoralis Asah.,verbatim,3395118,Ramalina litoralis Asah.,Fungi,Ascomycota,Lecanoromycetes,Lecanorales,Ramalinaceae,Ramalina,SPECIES,EXACT,100,ACCEPTED,
"ornebius bimaculatus (shiraki, 1930)","Ornebius bimaculatus (Shiraki, 1930)",イソカネタタキ,kanagawa_redlist,"Ornebius bimaculatus (Shiraki, 1930)",verbatim,1724415,"Ornebius bimaculatus (Shiraki, 1930)",Animalia,Arthropoda,Insecta,Orthoptera,Mogoplistidae,Ornebius,SPECIES,EXACT,100,ACCEPTED,
atriplex subcordata kitag.,Atriplex subcordata Kitag.,ハマアカザ,kanagawa_redlist,Atriplex subcordata Kitag.,verbatim,3759509,Atriplex subcordata Kitag.,Plantae,Tracheophyta,Magnoliopsida,Caryophyllales,Amaranthaceae,Atriplex,SPECIES,EXACT,100,ACCEPTED,
folioceros fuciformis (mont.) d.c.bharadwaj,Folioceros fuciformis (Mont.) D.C.Bharadwaj,ミヤベツノゴケ,kanagawa_redlist,Folioceros fuciformis (Mont.) D.C.Bharadwaj,verbatim,2689584,Folioceros fuciformis (Mont.) D.C.Bhardwaj,Plantae,Anthocerotophyta,Anthocerotopsida,Anthocerotales,Anthocerotaceae,Folioceros,SPECIES,EXACT,100,ACCEPTED,
sclerocystis coremioides berk.,Sclerocystis coremioides Berk.,和名なし〈スクレロキスティス・コレミオイデス〉,kanagawa_redlist,Sclerocystis coremioides Berk.,verbatim,2560331,Sclerocystis coremioides Berk. & Broome,Fungi,Glomeromycota,Glomeromycetes,Glomerales,Glomeraceae,Glomus,SPECIES,EXACT,100,SYNONYM,
"hexacentrus hareyamai furukawa, 1941","Hexacentrus hareyamai Furukawa, 1941",ハヤシノウマオイ,kanagawa_redlist,"Hexacentrus hareyamai Furukawa, 1941",verbatim,11233399,"Hexacentrus hareyamai Furukawa, 1941",Animalia,Arthropoda,Insecta,Orthoptera,Tettigoniidae,Hexacentrus,SPECIES,EXACT,100,ACCEPTED,
myrsine seguinii h.lev.,Myrsine seguinii H.Lev.,タイミンタチバナ,kanagawa_redlist,Myrsine seguinii H.Lev.,verbatim,3719723,Myrsine seguinii H.Lév.,Plantae,Tracheophyta,Magnoliopsida,Ericales,Primulaceae,Myrsine,SPECIES,EXACT,100,ACCEPTED,
sporodiniella umbellata boedijn ex h.c. evans & samson,Sporodiniella umbellata Boedijn ex H.C. Evans & Samson,和名なし〈スポロディニエラ・ウンベラータ〉,kanagawa_redlist,Sporodiniella umbellata Boedijn ex H.C. Evans & Samson,verbatim,2558468,Sporodiniella umbellata Boedijn,Fungi,Mucoromycota,Mucoromycetes,Mucorales,Mucoraceae,Sporodiniella,SPECIES,EXACT,100,ACCEPTED,
"mecopoda niponensis (de haan, 1843)","Mecopoda niponensis (de Haan, 1843)",クツワムシ,kanagawa_redlist,"Mecopoda niponensis (de Haan, 1843)",verbatim,1689526,"Mecopoda niponensis (Haan, 1843)",Animalia,Arthropoda,Insecta,Orthoptera,Tettigoniidae,Mecopoda,SPECIES,EXACT,100,ACCEPTED,
primula sieboldii e.morren,Primula sieboldii E.Morren,サクラソウ,kanagawa_redlist,Primula sieboldii E.Morren,verbatim,7290475,Primula sieboldii É.Morren,Plantae,Tracheophyta,Magnoliopsida,Ericales,Primulaceae,Primula,SPECIES,EXACT,100,ACCEPTED,
rhopalomyces strangulatus thaxt.,Rhopalomyces strangulatus Thaxt.,トムライカビ,kanagawa_redlist,Rhopalomyces strangulatus Thaxt.,verbatim,5469315,Rhopalomyces strangulatus Thaxt.,Fungi,Zoopagomycota,Zoopagomycetes,Zoopagales,Helicocephalidaceae,Rhopalomyces,SPECIES,EXACT,100,ACCEPTED,
"mecostethus parapleurus (hagenbach, 1822)","Mecostethus parapleurus (Hagenbach, 1822)",イナゴモドキ,kanagawa_redlist,"Mecostethus parapleurus (Hagenbach, 1822)",verbatim,1710561,"Mecostethus parapleurus (Hagenbach, 1822)",Animalia,Arthropoda,Insecta,Orthoptera,Acrididae,Mecostethus,SPECIES,EXACT,100,ACCEPTED,
rhododendron molle (blume) g.don subsp. japonicum (a.gray) k.kron,Rhododendron molle (Blume) G.Don subsp. japonicum (A.Gray) K.Kron,レンゲツツジ,kanagawa_redlist,Rhododendron molle (Blume) G.Don subsp. japonicum (A.Gray) K.Kron,verbatim,4170003,Rhododendron molle subsp. japonicum (A.Gray) Kron,Plantae,Tracheophyta,Magnoliopsida,Ericales,Ericaceae,Rhododendron,SUBSPECIES,EXACT,100,SYNONYM,
diderma subdictyospermum (rostaf.) g.lister,Diderma subdictyospermum (Rostaf.) G.Lister,ネッタイホネホコリ,kanagawa_redlist,Diderma subdictyospermum (Rostaf.) G.Lister,verbatim,3214138,"Diderma subdictyospermum (Rostaf.) G.Lister, 1911",Protozoa,Mycetozoa,Myxomycetes,Physarales,Didymiaceae,Diderma,SPECIES,EXACT,100,SYNONYM,
"gastrimargus marmoratus (thunberg, 1815)","Gastrimargus marmoratus (Thunberg, 1815)",クルマバッタ,kanagawa_redlist,"Gastrimargus marmoratus (Thunberg, 1815)",verbatim,5099571,"Gastrimargus marmoratus (Thunberg, 1815)",Animalia,Arthropoda,Insecta,Orthoptera,Acrididae,Gastrimargus,SPECIES,EXACT,100,ACCEPTED,
rhododendron transiens nakai,Rhododendron transiens Nakai,オオヤマツツジ,kanagawa_redlist,Rhododendron transiens Nakai,verbatim,4175272,Rhododendron × transiens Nakai,Plantae,Tracheophyta,Magnoliopsida,Ericales,Ericaceae,Rhododendron,SPECIES,EXACT,100,ACCEPTED,
physarina alboscabra nann.-bremek. & y.yamam.,Physarina alboscabra Nann.-Bremek. & Y.Yamam.,シシガシラホコリ,kanagawa_redlist,Physarina alboscabra Nann.-Bremek. & Y.Yamam.,verbatim,3213945,"Physarina alboscabra Nann.-Bremek & Y.Yamam., 1986",Protozoa,Mycetozoa,Myxomycetes,Physarales,Didymiaceae,Physarina,SPECIES,EXACT,100,ACCEPTED,
"mongolotettix japonicus (bolivar, 1898)","Mongolotettix japonicus (Bolivar, 1898)",ナキイナゴ,kanagawa_redlist,"Mongolotettix japonicus (Bolivar, 1898)",verbatim,1703381,"Mongolotettix japonicus (Bolívar, 1898)",Animalia,Arthropoda,Insecta,Orthoptera,Acrididae,Mongolotettix,SPECIES,EXACT,100,ACCEPTED,
vaccinium hirtum thunb.,Vaccinium hirtum Thunb.,コウスノキ,kanagawa_redlist,Vaccinium hirtum Thunb.,verbatim,7328585,Vaccinium hirtum Thunb.,Plantae,Tracheophyta,Magnoliopsida,Ericales,Ericaceae,Vaccinium,SPECIES,EXACT,100,ACCEPTED,
colloderma oculatum (c.lippert) g.lister,Colloderma oculatum (C.Lippert) G.Lister,メダマホコリ,kanagawa_redlist,Colloderma oculatum (C.Lippert) G.Lister,verbatim,3212934,"Colloderma oculatum (C.Lippert) G.Lister, 1910",Protozoa,Mycetozoa,Myxomycetes,Stemonitidales,Stemonitidaceae,Colloderma,SPECIES,EXACT,100,ACCEPTED,
"velarifictorus ornatus (shiraki, 1913)","Velarifictorus ornatus (Shiraki, 1913)",コガタコオロギ,kanagawa_redlist,"Velarifictorus ornatus (Shiraki, 1913)",verbatim,1722215,"Velarifictorus ornatus (Shiraki, 1911)",Animalia,Arthropoda,Insecta,Orthoptera,Gryllidae,Velarifictorus,SPECIES,EXACT,100,ACCEPTED,
galium kamtschaticum steller ex roem. & schult. var. acutifolium h.hara,Galium kamtschaticum Steller ex Roem. & Schult. var. acutifolium H.Hara,オオバノヨツバムグラ,kanagawa_redlist,Galium kamtschaticum Steller ex Roem. & Schult. var. acutifolium H.Hara,verbatim,9289842,Galium kamtschaticum var. acutifolium H.Hara,Plantae,Tracheophyta,Magnoliopsida,Gentianales,Rubiaceae,Galium,VARIETY,EXACT,100,SYNONYM,
mycena chrysanthemiformis har. takah.,Mycena chrysanthemiformis Har. Takah.,キクモンクヌギタケ,kanagawa_redlist,Mycena chrysanthemiformis Har. Takah.,verbatim,5447990,Mycena chrysanthemiformis Har.Takah.,Fungi,Basidiomycota,Agaricomycetes,Agaricales,Mycenaceae,Mycena,SPECIES,EXACT,100,ACCEPTED,
"kuzicus suzukii (matsumura & shiraki, 1908)","Kuzicus suzukii (Matsumura & Shiraki, 1908)",ササキリモドキ,kanagawa_redlist,"Kuzicus suzukii (Matsumura & Shiraki, 1908)",verbatim,1692746,"Kuzicus suzukii (Matsumura & Shiraki, 1908)",Animalia,Arthropoda,Insecta,Orthoptera,Tettigoniidae,Kuzicus,SPECIES,EXACT,100,ACCEPTED,
galium tokyoense makino,Galium tokyoense Makino,ハナムグラ,kanagawa_redlist,Galium tokyoense Makino,verbatim,2913230,Galium tokyoense Makino,Plantae,Tracheophyta,Magnoliopsida,Gentianales,Rubiaceae,Galium,SPECIES,EXACT,100,ACCEPTED,
mycena fonticola har. takah.,Mycena fonticola Har. Takah.,イズミノアシナガタケ,kanagawa_redlist,Mycena fonticola Har. Takah.,verbatim,5448791,Mycena fonticola Har.Takah.,Fungi,Basidiomycota,Agaricomycetes,Agaricales,Mycenaceae,Mycena,SPECIES,EXACT,100,ACCEPTED,
"ergatettix dorsifer (walker, 1871)","Ergatettix dorsifer (Walker, 1871)",ニセハネナガヒシバッタ,kanagawa_redlist,"Ergatettix dorsifer (Walker, 1871)",verbatim,11372089,"Ergatettix dorsifer (Walker, 1871)",Animalia,Arthropoda,Insecta,Orthoptera,Tetrigidae,Ergatettix,SPECIES,EXACT,100,ACCEPTED,
mitrasacme indica wight,Mitrasacme indica Wight,ヒメナエ,kanagawa_redlist,Mitrasacme indica Wight,verbatim,7289395,Mitrasacme indica Wight,Plantae,Tracheophyta,Magnoliopsida,Gentianales,Loganiaceae,Mitrasacme,SPECIES,EXACT,100,SYNONYM,
tricholoma matsutake (s. ito ＆ s. imai) singer,Tricholoma matsutake (S. Ito ＆ S. Imai) Singer,マツタケ,kanagawa_redlist,Tricholoma matsutake (S. Ito ＆ S. Imai) Singer,verbatim,5241820,Tricholoma matsutake (S.Ito & S.Imai) Singer,Fungi,Basidiomycota,Agaricomycetes,Agaricales,Tricholomataceae,Tricholoma,SPECIES,EXACT,100,ACCEPTED,
"formosatettix tokaiensis uchida, 2001","Formosatettix tokaiensis Uchida, 2001",トウカイコバネヒシバッタ,kanagawa_redlist,"Formosatettix tokaiensis Uchida, 2001",verbatim,1682146,"Formosatettix tokaiensis Uchida, 2001",Animalia,Arthropoda,Insecta,Orthoptera,Tetrigidae,Formosatettix,SPECIES,EXACT,100,ACCEPTED,
amsonia elliptica (thunb.) roem. & schult.,Amsonia elliptica (Thunb.) Roem. & Schult.,チョウジソウ,kanagawa_redlist,Amsonia elliptica (Thunb.) Roem. & Schult.,verbatim,3619167,Amsonia elliptica (Thunb.) Roem. & Schult.,Plantae,Tracheophyta,Magnoliopsida,Gentianales,Apocynaceae,Amsonia,SPECIES,EXACT,100,ACCEPTED,
pluteus phaeocephalus har. takah.,Pluteus phaeocephalus Har. Takah.,コゲチャベニヒダタケ,kanagawa_redlist,Pluteus phaeocephalus Har. Takah.,verbatim,2526826,Pluteus Fr.,Fungi,Basidiomycota,Agaricomycetes,Agaricales,Pluteaceae,Pluteus,GENUS,HIGHERRANK,94,ACCEPTED,
"xenogryllus marmoratus (de haan, 1844)","Xenogryllus marmoratus (de Haan, 1844)",マツムシ,kanagawa_redlist,"Xenogryllus marmoratus (de Haan, 1844)",verbatim,1720903,"Xenogryllus marmoratus (Haan, 1844)",Animalia,Arthropoda,Insecta,Orthoptera,Gryllidae,Xenogryllus,SPECIES,EXACT,100,ACCEPTED,
cuscuta australis r.br.,Cuscuta australis R.Br.,マメダオシ,kanagawa_redlist,Cuscuta australis R.Br.,verbatim,7154776,Cuscuta australis R.Br.,Plantae,Tracheophyta,Magnoliopsida,Solanales,Convolvulaceae,Cuscuta,SPECIES,EXACT,100,ACCEPTED,
cytidia salicina (fr.) burt,Cytidia salicina (Fr.) Burt,ヤナギノアカコウヤクタケ,kanagawa_redlist,Cytidia salicina (Fr.) Burt,verbatim,2555844,Cytidia salicina (Fr.) Burt,Fungi,Basidiomycota,Agaricomycetes,Corticiales,Vuilleminiaceae,Cytidia,SPECIES,EXACT,100,ACCEPTED,
"meloimorpha japonica (de haan, 1844)","Meloimorpha japonica (de Haan, 1844)",スズムシ,kanagawa_redlist,"Meloimorpha japonica (de Haan, 1844)",verbatim,1719343,"Meloimorpha japonica (Haan, 1844)",Animalia,Arthropoda,Insecta,Orthoptera,Phalangopsidae,Meloimorpha,SPECIES,EXACT,100,ACCEPTED,
utricularia bifida l.,Utricularia bifida L.,ミミカキグサ,kanagawa_redlist,Utricularia bifida L.,verbatim,3172406,Utricularia bifida L.,Plantae,Tracheophyta,Magnoliopsida,Lamiales,Lentibulariaceae,Utricularia,SPECIES,EXACT,100,ACCEPTED,
cerinomyces cf. pallidus g.w.martin,Cerinomyces cf. pallidus G.W.Martin,和名なし〈セリノミケス・パリドゥス近縁種〉,kanagawa_redlist,Cerinomyces cf. pallidus G.W.Martin,verbatim,2512845,Cerinomyces pallidus G.W.Martin,Fungi,Basidiomycota,Dacrymycetes,Dacrymycetales,Cerinomycetaceae,Cerinomyces,SPECIES,EXACT,100,ACCEPTED,
"gryllotalpa orientalis burmeister, 1839","Gryllotalpa orientalis Burmeister, 1839",ケラ,kanagawa_redlist,"Gryllotalpa orientalis Burmeister, 1839",verbatim,1716183,"Gryllotalpa orientalis Burmeister, 1838",Animalia,Arthropoda,Insecta,Orthoptera,Gryllotalpidae,Gryllotalpa,SPECIES,EXACT,100,ACCEPTED,
utricularia caerulea l.,Utricularia caerulea L.,ホザキノミミカキグサ,kanagawa_redlist,Utricularia caerulea L.,verbatim,3172441,Utricularia caerulea L.,Plantae,Tracheophyta,Magnoliopsida,Lamiales,Lentibulariaceae,Utricularia,SPECIES,EXACT,100,ACCEPTED,
cordyceps ootakiensis kobayasi & shimizu,Cordyceps ootakiensis Kobayasi & Shimizu,ベニイモムシタケ,kanagawa_redlist,Cordyceps ootakiensis Kobayasi & Shimizu,verbatim,3451536,Cordyceps ootakiensis Kobayasi & Shimizu,Fungi,Ascomycota,Sordariomycetes,Hypocreales,Cordycipitaceae,Cordyceps,SPECIES,EXACT,100,ACCEPTED,
"gampsocleis mikado burr, 1899","Gampsocleis mikado Burr, 1899",ヒガシキリギリス,kanagawa_redlist,"Gampsocleis mikado Burr, 1899",verbatim,1694541,"Gampsocleis mikado Burr, 1899",Animalia,Arthropoda,Insecta,Orthoptera,Tettigoniidae,Gampsocleis,SPECIES,EXACT,100,SYNONYM,
ajuga ciliata bunge var. villosior a.gray ex nakai,Ajuga ciliata Bunge var. villosior A.Gray ex Nakai,カイジンドウ,kanagawa_redlist,Ajuga ciliata Bunge var. villosior A.Gray ex Nakai,verbatim,7399177,Ajuga ciliata var. villosior A.Gray ex Nakai,Plantae,Tracheophyta,Magnoliopsida,Lamiales,Lamiaceae,Ajuga,VARIETY,EXACT,100,ACCEPTED,
"ophiocordyceps coccidiicola (kobayasi) g.h. sung, j.m. sung, hywel-jones & spatafora","Ophiocordyceps coccidiicola (Kobayasi) G.H. Sung, J.M. Sung, Hywel-Jones & Spatafora",カイガラムシツブタケ,kanagawa_redlist,"Ophiocordyceps coccidiicola (Kobayasi) G.H. Sung, J.M. Sung, Hywel-Jones & Spatafora",verbatim,3450989,"Ophiocordyceps coccidiicola (Kobayasi) G.H.Sung, J.M.Sung, Hywel-Jones & Spatafora",Fungi,Ascomycota,Sordariomycetes,Hypocreales,Ophiocordycipitaceae,Ophiocordyceps,SPECIES,EXACT,100,ACCEPTED,
"conocephalus exemptus (walker, 1869)","Conocephalus exemptus (Walker, 1869)",オナガササキリ,kanagawa_redlist,"Conocephalus exemptus (Walker, 1869)",verbatim,5095870,"Conocephalus exemptus (Walker, 1869)",Animalia,Arthropoda,Insecta,Orthoptera,Tettigoniidae,Conocephalus,SPECIES,EXACT,100,ACCEPTED,
ajuga incisa maxim.,Ajuga incisa Maxim.,ヒイラギソウ,kanagawa_redlist,Ajuga incisa Maxim.,verbatim,3887333,Ajuga incisa Maxim.,Plantae,Tracheophyta,Magnoliopsida,Lamiales,Lamiaceae,Ajuga,SPECIES,EXACT,100,ACCEPTED,
ophionectria hidakaeana i. hino & katum.,Ophionectria hidakaeana I. Hino & Katum.,和名なし〈オフィオネクトリア・ヒダカエアナ〉,kanagawa_redlist,Ophionectria hidakaeana I. Hino & Katum.,verbatim,3454706,Ophionectria hidakaeana I.Hino & Katum.,Fungi,Ascomycota,Sordariomycetes,Hypocreales,Nectriaceae,Ophionectria,SPECIES,EXACT,100,ACCEPTED,
"kirkaldyia deyrolli (vuillefroy, 1864)","Kirkaldyia deyrolli (Vuillefroy, 1864)",タガメ,kanagawa_redlist,"Kirkaldyia deyrolli (Vuillefroy, 1864)",verbatim,9490978,"Kirkaldyia deyrollei (Vuillefroy, 1864)",Animalia,Arthropoda,Insecta,Hemiptera,Belostomatidae,Kirkaldyia,SPECIES,FUZZY,100,ACCEPTED,
chelonopsis yagiharana hisauti & matsuno,Chelonopsis yagiharana Hisauti & Matsuno,アシタカジャコウソウ,kanagawa_redlist,Chelonopsis yagiharana Hisauti & Matsuno,verbatim,5607785,Chelonopsis yagiharana Hisauti & Matsuno,Plantae,Tracheophyta,Magnoliopsida,Lamiales,Lamiaceae,Chelonopsis,SPECIES,EXACT,100,ACCEPTED,
capnophialophora cf. pinophila (nees) borowska,Capnophialophora cf. pinophila (Nees) Borowska,カプノフィアロフォラ属の一種,kanagawa_redlist,Capnophialophora cf. pinophila (Nees) Borowska,verbatim,2620078,Capnophialophora pinophila (Nees) Borowska,Fungi,Ascomycota,Dothideomycetes,Capnodiales,Metacapnodiaceae,Capnophialophora,SPECIES,EXACT,100,ACCEPTED,
"hesperocorixa distanti hokkensis (matsumura, 1905)","Hesperocorixa distanti hokkensis (Matsumura, 1905)",ホッケミズムシ,kanagawa_redlist,"Hesperocorixa distanti hokkensis (Matsumura, 1905)",verbatim,10405371,"Hesperocorixa distanti (Kirkaldy, 1899)",Animalia,Arthropoda,Insecta,Hemiptera,Corixidae,Hesperocorixa,SPECIES,HIGHERRANK,99,ACCEPTED,
lycopus lucidus turcz. ex benth.,Lycopus lucidus Turcz. ex Benth.,シロネ,kanagawa_redlist,Lycopus lucidus Turcz. ex Benth.,verbatim,5341460,Lycopus lucidus Turcz. ex Benth.,Plantae,Tracheophyta,Magnoliopsida,Lamiales,Lamiaceae,Lycopus,SPECIES,EXACT,100,ACCEPTED,
hidakaea tumidula i. hino & katum.,Hidakaea tumidula I. Hino & Katum.,和名なし〈ヒダカエア・ツミデュラ〉,kanagawa_redlist,Hidakaea tumidula I. Hino & Katum.,verbatim,2613253,Hidakaea tumidula I.Hino & Katum.,Fungi,Ascomycota,Dothideomycetes,Microthyriales,Microthyriaceae,Hidakaea,SPECIES,EXACT,100,ACCEPTED,
"xenocorixa vittipennis (horváth, 1879)","Xenocorixa vittipennis (Horváth, 1879)",ミヤケミズムシ,kanagawa_redlist,"Xenocorixa vittipennis (Horváth, 1879)",verbatim,6130125,"Xenocorixa vittipennis (Horváth, 1879)",Animalia,Arthropoda,Insecta,Hemiptera,Corixidae,Xenocorixa,SPECIES,EXACT,100,ACCEPTED,
mentha japonica (miq.) makino,Mentha japonica (Miq.) Makino,ヒメハッカ,kanagawa_redlist,Mentha japonica (Miq.) Makino,verbatim,3899697,Mentha japonica (Miq.) Makino,Plantae,Tracheophyta,Magnoliopsida,Lamiales,Lamiaceae,Mentha,SPECIES,EXACT,100,ACCEPTED,
psiloglonium sasicola (n. amano) e.w.a. boehm & c.l. schoch ≡ glonium sasicola n. amano,Psiloglonium sasicola (N. Amano) E.W.A. Boehm & C.L. Schoch ≡ Glonium sasicola N. Amano,和名なし〈シログロニウム・サシコラ〉,kanagawa_redlist,Psiloglonium sasicola (N. Amano) E.W.A. Boehm & C.L. Schoch ≡ Glonium sasicola N. Amano,verbatim,5953696,Psiloglonium sasicola (N.Amano) E.Boehm & C.L.Schoch,Fungi,Ascomycota,Dothideomycetes,Mytilinidiales,Gloniaceae,Psiloglonium,SPECIES,HIGHERRANK,99,ACCEPTED,
"halobates japonicus esaki, 1924","Halobates japonicus Esaki, 1924",ウミアメンボ,kanagawa_redlist,"Halobates japonicus Esaki, 1924",verbatim,6453983,"Halobates japonicus Esaki, 1924",Animalia,Arthropoda,Insecta,Hemiptera,Gerridae,Halobates,SPECIES,EXACT,100,ACCEPTED,
centranthera cochinchinensis (lour.) merr. subsp. lutea (h.hara) t.yamaz.,Centranthera cochinchinensis (Lour.) Merr. subsp. lutea (H.Hara) T.Yamaz.,ゴマクサ,kanagawa_redlist,Centranthera cochinchinensis (Lour.) Merr. subsp. lutea (H.Hara) T.Yamaz.,verbatim,7773523,Centranthera cochinchinensis subsp. lutea (H.Hara) T.Yamaz.,Plantae,Tracheophyta,Magnoliopsida,Lamiales,Orobanchaceae,Centranthera,SUBSPECIES,EXACT,100,ACCEPTED,
hydraeomyces halipli (thaxt.) thaxt.,Hydraeomyces halipli (Thaxt.) Thaxt.,和名なし〈ヒドラエオミケス・ハリプリ〉,kanagawa_redlist,Hydraeomyces halipli (Thaxt.) Thaxt.,verbatim,2610620,Hydraeomyces halipli (Thaxt.) Thaxt.,Fungi,Ascomycota,Laboulbeniomycetes,Laboulbeniales,Laboulbeniaceae,Hydraeomyces,SPECIES,EXACT,100,ACCEPTED,
"yezoterpnosia vacua (olivier, 1790)","Yezoterpnosia vacua (Olivier, 1790)",ハルゼミ,kanagawa_redlist,"Yezoterpnosia vacua (Olivier, 1790)",verbatim,7511047,"Yezoterpnosia vacua (Olivier, 1790)",Animalia,Arthropoda,Insecta,Hemiptera,Cicadidae,Yezoterpnosia,SPECIES,EXACT,100,ACCEPTED,
melampyrum roseum maxim.,Melampyrum roseum Maxim.,ママコナ,kanagawa_redlist,Melampyrum roseum Maxim.,verbatim,7331647,Melampyrum roseum Maxim.,Plantae,Tracheophyta,Magnoliopsida,Lamiales,Orobanchaceae,Melampyrum,SPECIES,EXACT,100,ACCEPTED,
laboulbenia borealis speg.,Laboulbenia borealis Speg.,和名なし〈ラブルべニア・ボレアリス〉,kanagawa_redlist,Laboulbenia borealis Speg.,verbatim,5480144,Laboulbenia borealis Speg.,Fungi,Ascomycota,Laboulbeniomycetes,Laboulbeniales,Laboulbeniaceae,Laboulbenia,SPECIES,EXACT,100,ACCEPTED,
"ranatra chinensis mayr, 1865","Ranatra chinensis Mayr, 1865",ミズカマキリ,kanagawa_redlist,"Ranatra chinensis Mayr, 1865",verbatim,5866448,"Ranatra chinensis Mayr, 1865",Animalia,Arthropoda,Insecta,Hemiptera,Nepidae,Ranatra,SPECIES,EXACT,100,ACCEPTED,
orobanche coerulescens stephan ex willd.,Orobanche coerulescens Stephan ex Willd.,ハマウツボ,kanagawa_redlist,Orobanche coerulescens Stephan ex Willd.,verbatim,8365283,Orobanche coerulescens Stephan ex Willd.,Plantae,Tracheophyta,Magnoliopsida,Lamiales,Orobanchaceae,Orobanche,SPECIES,EXACT,100,DOUBTFUL,
laboulbenia brachionychi thaxt.,Laboulbenia brachionychi Thaxt.,和名なし〈ラブルべニア・ブラキオニキ〉,kanagawa_redlist,Laboulbenia brachionychi Thaxt.,verbatim,5480260,Laboulbenia brachyonychi Thaxt.,Fungi,Ascomycota,Laboulbeniomycetes,Laboulbeniales,Laboulbeniaceae,Laboulbenia,SPECIES,FUZZY,100,ACCEPTED,
"laccotrephes japonensis scott, 1874","Laccotrephes japonensis	Scott, 1874",タイコウチ,kanagawa_redlist,"Laccotrephes japonensis	Scott, 1874",verbatim,5866443,"Laccotrephes japonensis Scott, 1874",Animalia,Arthropoda,Insecta,Hemiptera,Nepidae,Laccotrephes,SPECIES,EXACT,100,ACCEPTED,
asyneuma japonicum (miq.) briq.,Asyneuma japonicum (Miq.) Briq.,シデシャジン,kanagawa_redlist,Asyneuma japonicum (Miq.) Briq.,verbatim,3168279,Asyneuma japonicum (Miq.) Briq.,Plantae,Tracheophyta,Magnoliopsida,Asterales,Campanulaceae,Asyneuma,SPECIES,EXACT,100,ACCEPTED,
rickia tessellata thaxt.,Rickia tessellata Thaxt.,和名なし〈リッキア・テッセルラタ〉,kanagawa_redlist,Rickia tessellata Thaxt.,verbatim,3440941,Rickia tessellata Thaxt.,Fungi,Ascomycota,Laboulbeniomycetes,Laboulbeniales,Laboulbeniaceae,Rickia,SPECIES,EXACT,100,ACCEPTED,
"cymatia apparens (distant, 1911)","Cymatia apparens (Distant, 1911)",ミゾナシミズムシ,kanagawa_redlist,"Cymatia apparens (Distant, 1911)",verbatim,8885275,"Cymatia apparens (Distant, 1910)",Animalia,Arthropoda,Insecta,Hemiptera,Corixidae,Cymatia,SPECIES,EXACT,100,ACCEPTED,
menyanthes trifoliata l.,Menyanthes trifoliata L.,ミツガシワ,kanagawa_redlist,Menyanthes trifoliata L.,verbatim,5341511,Menyanthes trifoliata L.,Plantae,Tracheophyta,Magnoliopsida,Asterales,Menyanthaceae,Menyanthes,SPECIES,EXACT,100,ACCEPTED,
hypotrachyna exsecta (taylor) hale,Hypotrachyna exsecta (Taylor) Hale,ニセゴンゲンゴケ,kanagawa_redlist,Hypotrachyna exsecta (Taylor) Hale,verbatim,2605533,Hypotrachyna exsecta (Taylor) Hale,Fungi,Ascomycota,Lecanoromycetes,Lecanorales,Parmeliaceae,Hypotrachyna,SPECIES,EXACT,100,ACCEPTED,
"paraplea indistiguenda (matsumura, 1905)","Paraplea indistiguenda (Matsumura, 1905)",ヒメマルミズムシ,kanagawa_redlist,"Paraplea indistiguenda (Matsumura, 1905)",verbatim,6129962,"Paraplea indistinguenda (Matsumura, 1905)",Animalia,Arthropoda,Insecta,Hemiptera,Pleidae,Paraplea,SPECIES,FUZZY,100,ACCEPTED,
nymphoides indica (l.) kuntze,Nymphoides indica (L.) Kuntze,ガガブタ,kanagawa_redlist,Nymphoides indica (L.) Kuntze,verbatim,5341503,Nymphoides indica (L.) Kuntze,Plantae,Tracheophyta,Magnoliopsida,Asterales,Menyanthaceae,Nymphoides,SPECIES,EXACT,100,ACCEPTED,
zygorhynchus japonicus komin.,Zygorhynchus japonicus Komin.,和名なし〈ジゴリンクス・ジャポニクス〉,kanagawa_redlist,Zygorhynchus japonicus Komin.,verbatim,5250706,Zygorhynchus japonicus Komin.,Fungi,Mucoromycota,Mucoromycetes,Mucorales,Mucoraceae,Mucor,SPECIES,EXACT,100,SYNONYM,
"hydrometra albolineata (scott, 1874)","Hydrometra albolineata (Scott, 1874)",イトアメンボ,kanagawa_redlist,"Hydrometra albolineata (Scott, 1874)",verbatim,6130505,"Hydrometra albolineata (Scott, 1874)",Animalia,Arthropoda,Insecta,Hemiptera,Hydrometridae,Hydrometra,SPECIES,EXACT,100,ACCEPTED,
nymphoides peltata (s.g.gmel.) kuntze,Nymphoides peltata (S.G.Gmel.) Kuntze,アサザ,kanagawa_redlist,Nymphoides peltata (S.G.Gmel.) Kuntze,verbatim,8810827,Nymphoides peltata (S.G.Gmel.) Kuntze,Plantae,Tracheophyta,Magnoliopsida,Asterales,Menyanthaceae,Nymphoides,SPECIES,EXACT,100,ACCEPTED,
diderma imperialis emoto,Diderma imperialis Emoto,ミカドホネホコリ,kanagawa_redlist,Diderma imperialis Emoto,verbatim,3285310,"Diderma imperialis Emoto, 1929",Protozoa,Mycetozoa,Myxomycetes,Physarales,Didymiaceae,Diderma,SPECIES,EXACT,100,ACCEPTED,
"myiophanes tipulina reuter, 1881","Myiophanes tipulina Reuter, 1881",ゴミアシナガサシガメ,kanagawa_redlist,"Myiophanes tipulina Reuter, 1881",verbatim,4774287,"Myiophanes tipulina Reuter, 1881",Animalia,Arthropoda,Insecta,Hemiptera,Reduviidae,Myiophanes,SPECIES,EXACT,100,ACCEPTED,
ainsliaea cordifolia franch. & sav. var. cordifolia,Ainsliaea cordifolia Franch. & Sav. var. cordifolia,テイショウソウ,kanagawa_redlist,Ainsliaea cordifolia Franch. & Sav. var. cordifolia,verbatim,7222884,Ainsliaea cordifolia var. cordifolia,Plantae,Tracheophyta,Magnoliopsida,Asterales,Asteraceae,Ainsliaea,VARIETY,EXACT,99,ACCEPTED,
kordyana commelinae petch,Kordyana commelinae Petch,ツユクサ白斑病菌,kanagawa_redlist,Kordyana commelinae Petch,verbatim,2513300,Kordyana commelinae Petch,Fungi,Basidiomycota,Exobasidiomycetes,Exobasidiales,Brachybasidiaceae,Kordyana,SPECIES,EXACT,100,ACCEPTED,
"appasus major (esaki, 1934)","Appasus major (Esaki, 1934)",オオコオイムシ,kanagawa_redlist,"Appasus major (Esaki, 1934)",verbatim,10318985,"Appasus major (Esaki, 1934)",Animalia,Arthropoda,Insecta,Hemiptera,Belostomatidae,Appasus,SPECIES,EXACT,100,ACCEPTED,
eschenbachia japonica (thunb.) j.kost.,Eschenbachia japonica (Thunb.) J.Kost.,イズハハコ,kanagawa_redlist,Eschenbachia japonica (Thunb.) J.Kost.,verbatim,3126384,Eschenbachia japonica (Thunb.) J.Kost.,Plantae,Tracheophyta,Magnoliopsida,Asterales,Asteraceae,Eschenbachia,SPECIES,EXACT,100,ACCEPTED,
"sarcomyxa edulis (y.c. dai, niemelae & g.f. qin) t. saito, tonouchi & t. harada","Sarcomyxa edulis (Y.C. Dai, Niemelae & G.F. Qin) T. Saito, Tonouchi & T. Harada",ムキタケ,kanagawa_redlist,"Sarcomyxa edulis (Y.C. Dai, Niemelae & G.F. Qin) T. Saito, Tonouchi & T. Harada",verbatim,8307192,"Sarcomyxa edulis (Y.C.Dai, Niemelä & G.F.Qin) T.Saito, Tonouchi & T.Harada",Fungi,Basidiomycota,Agaricomycetes,Agaricales,Sarcomyxaceae,Sarcomyxa,SPECIES,EXACT,100,ACCEPTED,
"gerris nepalensis distant, 1910","Gerris nepalensis Distant, 1910",ハネナシアメンボ,kanagawa_redlist,"Gerris nepalensis Distant, 1910",verbatim,5866075,"Gerris nepalensis Distant, 1910",Animalia,Arthropoda,Insecta,Hemiptera,Gerridae,Gerris,SPECIES,EXACT,100,ACCEPTED,
diaspananthus uniflorus (sch.bip.) kitam.,Diaspananthus uniflorus (Sch.Bip.) Kitam.,クサヤツデ,kanagawa_redlist,Diaspananthus uniflorus (Sch.Bip.) Kitam.,verbatim,3149513,Diaspananthus uniflorus (Sch.Bip.) Kitam.,Plantae,Tracheophyta,Magnoliopsida,Asterales,Asteraceae,Ainsliaea,SPECIES,EXACT,100,SYNONYM,
sarcomyxa serotina (pers.) p. karst.,Sarcomyxa serotina (Pers.) P. Karst.,オソムキタケ,kanagawa_redlist,Sarcomyxa serotina (Pers.) P. Karst.,verbatim,3318849,Sarcomyxa serotina (Schrad.) P.Karst.,Fungi,Basidiomycota,Agaricomycetes,Agaricales,Sarcomyxaceae,Sarcomyxa,SPECIES,EXACT,100,SYNONYM,
"gerris babai miyamoto, 1958","Gerris babai Miyamoto, 1958",ババアメンボ,kanagawa_redlist,"Gerris babai Miyamoto, 1958",verbatim,9756526,"Gerris babai Miyamoto, 1958",Animalia,Arthropoda,Insecta,Hemiptera,Gerridae,Gerris,SPECIES,EXACT,100,ACCEPTED,
eupatorium japonicum thunb.,Eupatorium japonicum Thunb.,フジバカマ,kanagawa_redlist,Eupatorium japonicum Thunb.,verbatim,5403118,Eupatorium japonicum Thunb.,Plantae,Tracheophyta,Magnoliopsida,Asterales,Asteraceae,Eupatorium,SPECIES,EXACT,100,ACCEPTED,
galerina sp.,Galerina sp.,ケコガサタケ属の一種,kanagawa_redlist,Galerina sp.,verbatim,9570632,"Galerina Earle, 1909",Fungi,Basidiomycota,Agaricomycetes,Agaricales,Hymenogastraceae,Galerina,GENUS,HIGHERRANK,94,ACCEPTED,
"limnoporus esakii (miyamoto, 1958)","Limnoporus esakii (Miyamoto, 1958)",エサキアメンボ,kanagawa_redlist,"Limnoporus esakii (Miyamoto, 1958)",verbatim,9712033,"Limnoporus esakii (Miyamoto, 1958)",Animalia,Arthropoda,Insecta,Hemiptera,Gerridae,Limnoporus,SPECIES,EXACT,100,ACCEPTED,
nabalus tanakae franch. & sav. ex y.tanaka & ono,Nabalus tanakae Franch. & Sav. ex Y.Tanaka & Ono,オオニガナ,kanagawa_redlist,Nabalus tanakae Franch. & Sav. ex Y.Tanaka & Ono,verbatim,3123761,Nabalus Cass.,Plantae,Tracheophyta,Magnoliopsida,Asterales,Asteraceae,Nabalus,GENUS,HIGHERRANK,94,ACCEPTED,
heliogaster columellifer (kobayasi) orihara & iwase,Heliogaster columellifer (Kobayasi) Orihara & Iwase,ジャガイモタケ,kanagawa_redlist,Heliogaster columellifer (Kobayasi) Orihara & Iwase,verbatim,7584614,Heliogaster columellifer (Kobayasi) Orihara & K.Iwase,Fungi,Basidiomycota,Agaricomycetes,Boletales,Boletaceae,Heliogaster,SPECIES,EXACT,100,ACCEPTED,
"kosemia radiator (uhler, 1896)","Kosemia radiator (Uhler, 1896)",チッチゼミ,kanagawa_redlist,"Kosemia radiator (Uhler, 1896)",verbatim,7555069,"Kosemia radiator (Uhler, 1896)",Animalia,Arthropoda,Insecta,Hemiptera,Cicadidae,Kosemia,SPECIES,EXACT,100,ACCEPTED,
lonicera mochidzukiana makino var. mochidzukiana,Lonicera mochidzukiana Makino var. mochidzukiana,ニッコウヒョウタンボク,kanagawa_redlist,Lonicera mochidzukiana Makino var. mochidzukiana,verbatim,7601112,Lonicera mochidzukiana var. mochidzukiana,Plantae,Tracheophyta,Magnoliopsida,Dipsacales,Caprifoliaceae,Lonicera,VARIETY,EXACT,98,ACCEPTED,
rhizopogon roseolus (corda) th. fr.,Rhizopogon roseolus (Corda) Th. Fr.,ショウロ,kanagawa_redlist,Rhizopogon roseolus (Corda) Th. Fr.,verbatim,2524228,Rhizopogon roseolus (Corda) Th.Fr.,Fungi,Basidiomycota,Agaricomycetes,Boletales,Rhizopogonaceae,Rhizopogon,SPECIES,EXACT,100,ACCEPTED,
"paraplea japonica (horváth, 1904)","Paraplea japonica (Horváth, 1904)",マルミズムシ,kanagawa_redlist,"Paraplea japonica (Horváth, 1904)",verbatim,6129961,"Paraplea japonica (Horváth, 1904)",Animalia,Arthropoda,Insecta,Hemiptera,Pleidae,Paraplea,SPECIES,EXACT,100,ACCEPTED,
valeriana fauriei briq.,Valeriana fauriei Briq.,カノコソウ,kanagawa_redlist,Valeriana fauriei Briq.,verbatim,7298944,Valeriana fauriei Briq.,Plantae,Tracheophyta,Magnoliopsida,Dipsacales,Caprifoliaceae,Valeriana,SPECIES,EXACT,100,ACCEPTED,
tuber sp. 2 (kinoshita et al. 2011),Tuber sp. 2 (Kinoshita et al. 2011),セイヨウショウロ属の一種,kanagawa_redlist,Tuber sp. 2 (Kinoshita et al. 2011),verbatim,,,,,,,,,,NONE,100,,Multiple equal matches for Tuber
"psammotettix kurilensis anufriev, 1976","Psammotettix kurilensis Anufriev, 1976",スナヨコバイ,kanagawa_redlist,"Psammotettix kurilensis Anufriev, 1976",verbatim,2043272,"Psammotettix kurilensis Anufriev, 1976",Animalia,Arthropoda,Insecta,Hemiptera,Cicadellidae,Psammotettix,SPECIES,EXACT,100,ACCEPTED,
apodicarpum ikenoi makino,Apodicarpum ikenoi Makino,エキサイゼリ,kanagawa_redlist,Apodicarpum ikenoi Makino,verbatim,3637538,Apodicarpum ikenoi Makino,Plantae,Tracheophyta,Magnoliopsida,Apiales,Apiaceae,Apodicarpum,SPECIES,EXACT,100,ACCEPTED,
"purpureocillium lilacinum (thom) luangsa-ard, houbraken, hywel-jones & samson (= isaria macroscyticola kobayasi)","Purpureocillium lilacinum (Thom) Luangsa-ard, Houbraken, Hywel-Jones & Samson (= Isaria macroscyticola Kobayasi)",ツチカメムシタケ,kanagawa_redlist,"Purpureocillium lilacinum (Thom) Luangsa-ard, Houbraken, Hywel-Jones & Samson (= Isaria macroscyticola Kobayasi)",verbatim,8276361,"Purpureocillium lilacinum (Thom) Luangsa-ard, Houbraken, Hywel-Jones & Samson",Fungi,Ascomycota,Sordariomycetes,Hypocreales,Ophiocordycipitaceae,Purpureocillium,SPECIES,HIGHERRANK,99,ACCEPTED,
"blissus hirtulus burmeister, 1835","Blissus hirtulus Burmeister, 1835",スナコバネナガカメムシ,kanagawa_redlist,"Blissus hirtulus Burmeister, 1835",verbatim,2008397,"Blissus hirtulus Burmeister, 1835",Animalia,Arthropoda,Insecta,Hemiptera,Blissidae,Blissus,SPECIES,EXACT,100,ACCEPTED,
cicuta virosa l.,Cicuta virosa L.,ドクゼリ,kanagawa_redlist,Cicuta virosa L.,verbatim,5371864,Cicuta virosa L.,Plantae,Tracheophyta,Magnoliopsida,Apiales,Apiaceae,Cicuta,SPECIES,EXACT,100,ACCEPTED,
"ophiocordyceps entomorrhiza (dicks.) g.h. sung, j.m. sung, hywel-jones & spatafora","Ophiocordyceps entomorrhiza (Dicks.) G.H. Sung, J.M. Sung, Hywel-Jones & Spatafora",オサムシタンポタケ,kanagawa_redlist,"Ophiocordyceps entomorrhiza (Dicks.) G.H. Sung, J.M. Sung, Hywel-Jones & Spatafora",verbatim,2560568,"Ophiocordyceps entomorrhiza (Dicks.) G.H.Sung, J.M.Sung, Hywel-Jones & Spatafora",Fungi,Ascomycota,Sordariomycetes,Hypocreales,Ophiocordycipitaceae,Ophiocordyceps,SPECIES,EXACT,100,ACCEPTED,
"canthophorus niveimarginatus scott, 1874","Canthophorus niveimarginatus Scott, 1874",シロヘリツチカメムシ,kanagawa_redlist,"Canthophorus niveimarginatus Scott, 1874",verbatim,4486161,"Canthophorus niveimarginatus Scott, 1874",Animalia,Arthropoda,Insecta,Hemiptera,Cydnidae,Canthophorus,SPECIES,EXACT,100,ACCEPTED,
sium suave walter var. nipponicum (maxim.) h.hara,Sium suave Walter var. nipponicum (Maxim.) H.Hara,ヌマゼリ,kanagawa_redlist,Sium suave Walter var. nipponicum (Maxim.) H.Hara,verbatim,6307639,Sium suave var. nipponicum (Maxim.) H.Hara,Plantae,Tracheophyta,Magnoliopsida,Apiales,Apiaceae,Sium,VARIETY,EXACT,100,SYNONYM,
glomus cf. versiforme (p. karst.) s.m. berch,Glomus cf. versiforme  (P. Karst.) S.M. Berch,和名なし〈グロムス・ベルシフォルメ近縁種〉,kanagawa_redlist,Glomus cf. versiforme  (P. Karst.) S.M. Berch,verbatim,5445137,Glomus versiforme (P.Karst.) S.M.Berch,Fungi,Glomeromycota,Glomeromycetes,Glomerales,Glomeraceae,Glomus,SPECIES,EXACT,100,ACCEPTED,
"appasus japonicus vuillefroy, 1864","Appasus japonicus Vuillefroy, 1864",コオイムシ,kanagawa_redlist,"Appasus japonicus Vuillefroy, 1864",verbatim,9888882,"Appasus japonicus Vuillefroy, 1864",Animalia,Arthropoda,Insecta,Hemiptera,Belostomatidae,Appasus,SPECIES,EXACT,100,ACCEPTED,
lycopodiella cernua (l.) pic.serm.,Lycopodiella cernua (L.) Pic.Serm.,ミズスギ,kanagawa_redlist,Lycopodiella cernua (L.) Pic.Serm.,verbatim,2688348,Lycopodiella cernua (L.) Pic.Serm.,Plantae,Tracheophyta,Lycopodiopsida,Lycopodiales,Lycopodiaceae,Palhinhaea,SPECIES,EXACT,100,SYNONYM,
simuliomyces microsporus lichtwardt,Simuliomyces microsporus Lichtwardt,和名なし〈シムリオミケス・ミクロスポルス〉,kanagawa_redlist,Simuliomyces microsporus Lichtwardt,verbatim,2558078,Simuliomyces microsporus Lichtw.,Fungi,Mucoromycota,Kickxellomycetes,Harpellales,Legeriomycetaceae,Simuliomyces,SPECIES,EXACT,100,ACCEPTED,
"aphelocheirus vittatus matsumura, 1905","Aphelocheirus vittatus Matsumura, 1905",ナベブタムシ,kanagawa_redlist,"Aphelocheirus vittatus Matsumura, 1905",verbatim,9609937,"Aphelocheirus vittatus Matsumura, 1905",Animalia,Arthropoda,Insecta,Hemiptera,Aphelocheiridae,Aphelocheirus,SPECIES,EXACT,100,ACCEPTED,
lycopodium obscurum l.,Lycopodium obscurum L.,マンネンスギ,kanagawa_redlist,Lycopodium obscurum L.,verbatim,2688403,Lycopodium obscurum L.,Plantae,Tracheophyta,Lycopodiopsida,Lycopodiales,Lycopodiaceae,Dendrolycopodium,SPECIES,EXACT,100,SYNONYM,
pennella angustispora lichtwardt,Pennella angustispora Lichtwardt,和名なし〈ペンネラ・アングスティスポラ〉,kanagawa_redlist,Pennella angustispora Lichtwardt,verbatim,5250284,Pennella angustispora Lichtw.,Fungi,Mucoromycota,Kickxellomycetes,Harpellales,Legeriomycetaceae,Pennella,SPECIES,EXACT,100,ACCEPTED,
"aquarius elongatus (uhler, 1896)","Aquarius elongatus (Uhler, 1896)",オオアメンボ,kanagawa_redlist,"Aquarius elongatus (Uhler, 1896)",verbatim,5866105,"Aquarius elongatus (Uhler, 1896)",Animalia,Arthropoda,Insecta,Hemiptera,Gerridae,Aquarius,SPECIES,EXACT,100,ACCEPTED,
selaginella heterostachys baker,Selaginella heterostachys Baker,ヒメクラマゴケ,kanagawa_redlist,Selaginella heterostachys Baker,verbatim,5836557,Selaginella heterostachys Baker,Plantae,Tracheophyta,Lycopodiopsida,Selaginellales,Selaginellaceae,Selaginella,SPECIES,EXACT,100,ACCEPTED,
orphella haysii m.c. williams & lichtw.,Orphella haysii M.C. Williams & Lichtw.,和名なし〈オルフェラ・ハイシイ〉,kanagawa_redlist,Orphella haysii M.C. Williams & Lichtw.,verbatim,2558112,Orphella haysii M.C.Williams & Lichtw.,Fungi,Mucoromycota,Kickxellomycetes,Orphellales,Orphellaceae,Orphella,SPECIES,EXACT,100,ACCEPTED,
"euterpnosia chibensis chibensis matsumura, 1917","Euterpnosia chibensis chibensis Matsumura, 1917",ヒメハルゼミ,kanagawa_redlist,"Euterpnosia chibensis chibensis Matsumura, 1917",verbatim,7926958,"Euterpnosia chibensis chibensis Matsumura, 1917",Animalia,Arthropoda,Insecta,Hemiptera,Cicadidae,Euterpnosia,SUBSPECIES,EXACT,100,ACCEPTED,
botrychium multifidum (gmel.) rupr. var. robustum (rupr. ex milde) c.chr.,Botrychium multifidum (Gmel.) Rupr. var. robustum (Rupr. ex Milde) C.Chr.,エゾフユノハナワラビ,kanagawa_redlist,Botrychium multifidum (Gmel.) Rupr. var. robustum (Rupr. ex Milde) C.Chr.,verbatim,2650207,Botrychium multifidum var. robustum (Rupr. ex Milde) C.Chr.,Plantae,Tracheophyta,Polypodiopsida,Ophioglossales,Ophioglossaceae,Sceptridium,VARIETY,EXACT,100,SYNONYM,
physarum cf. decipiens m.a. curtis,Physarum cf. decipiens M.A. Curtis,マガイモジホコリ近縁種,kanagawa_redlist,Physarum cf. decipiens M.A. Curtis,verbatim,3214509,"Physarum decipiens M.A.Curtis, 1848",Protozoa,Mycetozoa,Myxomycetes,Physarales,Physaraceae,Physarum,SPECIES,EXACT,100,ACCEPTED,
"tengirhinus tengu ishihara, 1953","Tengirhinus tengu Ishihara, 1953",テングオオヨコバイ,kanagawa_redlist,"Tengirhinus tengu Ishihara, 1953",verbatim,2043874,"Tengirhinus tengu Ishihara, 1953",Animalia,Arthropoda,Insecta,Hemiptera,Cicadellidae,Tengirhinus,SPECIES,EXACT,100,ACCEPTED,
vandenboschia hokurikuensis ebihara,Vandenboschia hokurikuensis Ebihara,ホクリクハイホラゴケ,kanagawa_redlist,Vandenboschia hokurikuensis Ebihara,verbatim,8365501,Vandenboschia hokurikuensis Ebihara,Plantae,Tracheophyta,Polypodiopsida,Hymenophyllales,Hymenophyllaceae,Vandenboschia,SPECIES,EXACT,100,ACCEPTED,
"grossocratus fukuroki (matsumura, 1905)","Grossocratus fukuroki (Matsumura, 1905)",フクロクヨコバイ,kanagawa_redlist,"Grossocratus fukuroki (Matsumura, 1905)",verbatim,2043241,"Glossocratus fukuroki (Matsumura, 1905)",Animalia,Arthropoda,Insecta,Hemiptera,Cicadellidae,Glossocratus,SPECIES,FUZZY,95,ACCEPTED,
vandenboschia orientalis (c.chr) ching,Vandenboschia orientalis (C.Chr) Ching,イズハイホラゴケ,kanagawa_redlist,Vandenboschia orientalis (C.Chr) Ching,verbatim,3606974,Vandenboschia orientalis (C.Chr.) Ching,Plantae,Tracheophyta,Polypodiopsida,Hymenophyllales,Hymenophyllaceae,Vandenboschia,SPECIES,EXACT,100,SYNONYM,
"raivuna nakanonis (matsumura, 1910)","Raivuna nakanonis (Matsumura, 1910)",ナカノテングスケバ,kanagawa_redlist,"Raivuna nakanonis (Matsumura, 1910)",verbatim,2052601,"Raivuna nakanonis (Matsumura, 1910)",Animalia,Arthropoda,Insecta,Hemiptera,Dictyopharidae,Raivuna,SPECIES,EXACT,100,ACCEPTED,
azolla imbricata (roxb. ex griff.) nakai,Azolla imbricata (Roxb. ex Griff.) Nakai,アカウキクサ,kanagawa_redlist,Azolla imbricata (Roxb. ex Griff.) Nakai,verbatim,4196467,Azolla imbricata (Roxb. ex Griff.) Nakai,Plantae,Tracheophyta,Polypodiopsida,Salviniales,Salviniaceae,Azolla,SPECIES,EXACT,100,SYNONYM,
"cixiopsis punctata matsumura, 1900","Cixiopsis punctata Matsumura, 1900",ヒシウンカモドキ,kanagawa_redlist,"Cixiopsis punctata Matsumura, 1900",verbatim,2052434,"Cixiopsis punctatus Matsumura, 1900",Animalia,Arthropoda,Insecta,Hemiptera,Tropiduchidae,Cixiopsis,SPECIES,FUZZY,100,ACCEPTED,
salvinia natans (l.) all.,Salvinia natans (L.) All.,サンショウモ,kanagawa_redlist,Salvinia natans (L.) All.,verbatim,5274858,Salvinia natans (L.) All.,Plantae,Tracheophyta,Polypodiopsida,Salviniales,Salviniaceae,Salvinia,SPECIES,EXACT,100,ACCEPTED,
"lyctocoris beneficus (hiura, 1957)","Lyctocoris beneficus (Hiura, 1957)",ズイムシハナカメムシ,kanagawa_redlist,"Lyctocoris beneficus (Hiura, 1957)",verbatim,2020870,"Lyctocoris Hahn, 1836",Animalia,Arthropoda,Insecta,Hemiptera,Anthocoridae,Lyctocoris,GENUS,HIGHERRANK,94,ACCEPTED,
microlepia substrigosa tagawa,Microlepia substrigosa Tagawa,ウスバイシカグマ,kanagawa_redlist,Microlepia substrigosa Tagawa,verbatim,3605027,Microlepia substrigosa Tagawa,Plantae,Tracheophyta,Polypodiopsida,Polypodiales,Dennstaedtiaceae,Microlepia,SPECIES,EXACT,100,ACCEPTED,
"limnostatua lewisi (scott, 1880)","Limnostatua lewisi (Scott, 1880)",ルイスグンバイ,kanagawa_redlist,"Limnostatua lewisi (Scott, 1880)",verbatim,12034277,"Limnostatua lewisi (Scott, 1880) Souma & Ishikawa, 2022",Animalia,Arthropoda,Insecta,Hemiptera,Tingidae,Hurdchila,SPECIES,EXACT,100,SYNONYM,
cheilanthes brandtii franch. & sav.,Cheilanthes brandtii Franch. & Sav.,ミヤマウラジロ,kanagawa_redlist,Cheilanthes brandtii Franch. & Sav.,verbatim,7528965,Cheilanthes brandtii Franch. & Sav.,Plantae,Tracheophyta,Polypodiopsida,Polypodiales,Pteridaceae,Oeosporangium,SPECIES,EXACT,100,SYNONYM,
"derephysia fujisana takeya, 1962","Derephysia fujisana Takeya, 1962",フジグンバイ,kanagawa_redlist,"Derephysia fujisana Takeya, 1962",verbatim,9423622,"Derephysia fujisana Takeya, 1962",Animalia,Arthropoda,Insecta,Hemiptera,Tingidae,Derephysia,SPECIES,EXACT,100,ACCEPTED,
pteris kiuschiuensis hieron.,Pteris kiuschiuensis Hieron.,ニシノコハチジョウシダ,kanagawa_redlist,Pteris kiuschiuensis Hieron.,verbatim,7310149,Pteris kiuschiuensis Hieron.,Plantae,Tracheophyta,Polypodiopsida,Polypodiales,Pteridaceae,Pteris,SPECIES,EXACT,100,ACCEPTED,
"haematoloecha adachii tachikawa, 1968","Haematoloecha adachii Tachikawa, 1968",アダチアカサシガメ,kanagawa_redlist,"Haematoloecha adachii Tachikawa, 1968",verbatim,8692427,"Haematoloecha adachii Tachikawa, 1968",Animalia,Arthropoda,Insecta,Hemiptera,Reduviidae,Haematoloecha,SPECIES,EXACT,100,ACCEPTED,
pteris laurisilvicola sa.kurata,Pteris laurisilvicola Sa.Kurata,アイコハチジョウシダ,kanagawa_redlist,Pteris laurisilvicola Sa.Kurata,verbatim,5614105,Pteris laurisilvicola Sa.Kurata,Plantae,Tracheophyta,Polypodiopsida,Polypodiales,Pteridaceae,Pteris,SPECIES,EXACT,100,ACCEPTED,
"labidocoris pectoralis (stål, 1863)","Labidocoris pectoralis (Stål, 1863)",アシアカクロバサシガメ,kanagawa_redlist,"Labidocoris pectoralis (Stål, 1863)",verbatim,9656150,"Labidocoris pectoralis (Stål, 1863)",Animalia,Arthropoda,Insecta,Hemiptera,Reduviidae,Labidocoris,SPECIES,EXACT,100,ACCEPTED,
pteris natiensis tagawa,Pteris natiensis Tagawa,ヤワラハチジョウシダ,kanagawa_redlist,Pteris natiensis Tagawa,verbatim,5613625,Pteris natiensis Tagawa,Plantae,Tracheophyta,Polypodiopsida,Polypodiales,Pteridaceae,Pteris,SPECIES,EXACT,100,ACCEPTED,
"rhynocoris rubromarginatus (jakovlev, 1893)","Rhynocoris rubromarginatus (Jakovlev, 1893)",アカヘリサシガメ,kanagawa_redlist,"Rhynocoris rubromarginatus (Jakovlev, 1893)",verbatim,11856003,Rhynocoris rubromarginatus,Animalia,Arthropoda,Insecta,Hemiptera,Reduviidae,Rhynocoris,SPECIES,EXACT,98,ACCEPTED,
asplenium normale d.don,Asplenium normale D.Don,ヌリトラノオ,kanagawa_redlist,Asplenium normale D.Don,verbatim,2650655,Asplenium normale D.Don,Plantae,Tracheophyta,Polypodiopsida,Polypodiales,Aspleniaceae,Asplenium,SPECIES,EXACT,100,ACCEPTED,
"acanthaspis cincticrus stål, 1859","Acanthaspis cincticrus Stål, 1859",ハリサシガメ,kanagawa_redlist,"Acanthaspis cincticrus Stål, 1859",verbatim,8891671,"Acanthaspis cincticrus Stål, 1859",Animalia,Arthropoda,Insecta,Hemiptera,Reduviidae,Acanthaspis,SPECIES,EXACT,100,ACCEPTED,
asplenium ritonse hayata,Asplenium ritonse Hayata,コウザキシダ,kanagawa_redlist,Asplenium ritonse Hayata,verbatim,4257845,Asplenium ritoense Hayata,Plantae,Tracheophyta,Polypodiopsida,Polypodiales,Aspleniaceae,Asplenium,SPECIES,FUZZY,100,ACCEPTED,
"aradus unicolor kiritshenko, 1913","Aradus unicolor Kiritshenko, 1913",マツヒラタカメムシ,kanagawa_redlist,"Aradus unicolor Kiritshenko, 1913",verbatim,2020009,"Aradus Fabricius, 1803",Animalia,Arthropoda,Insecta,Hemiptera,Aradidae,Aradus,GENUS,HIGHERRANK,92,ACCEPTED,
asplenium castaneoviride baker,Asplenium castaneoviride Baker,ヤマドリトラノオ,kanagawa_redlist,Asplenium castaneoviride Baker,verbatim,8128843,Asplenium castaneoviride Baker,Plantae,Tracheophyta,Polypodiopsida,Polypodiales,Aspleniaceae,Asplenium,SPECIES,EXACT,100,ACCEPTED,
"aradus czerskii kiritshenko, 1915","Aradus czerskii Kiritshenko, 1915",マツコヒラタカメムシ,kanagawa_redlist,"Aradus czerskii Kiritshenko, 1915",verbatim,2020009,"Aradus Fabricius, 1803",Animalia,Arthropoda,Insecta,Hemiptera,Aradidae,Aradus,GENUS,HIGHERRANK,92,ACCEPTED,
diplaziopsis cavaleriana (h.christ) c.chr.,Diplaziopsis cavaleriana (H.Christ) C.Chr.,イワヤシダ,kanagawa_redlist,Diplaziopsis cavaleriana (H.Christ) C.Chr.,verbatim,4015955,Diplaziopsis cavaleriana (Christ) C.Chr.,Plantae,Tracheophyta,Polypodiopsida,Polypodiales,Diplaziopsidaceae,Diplaziopsis,SPECIES,EXACT,100,ACCEPTED,
"eocanthecona kyushuensis (esaki & ishihara, 1950)","Eocanthecona kyushuensis (Esaki & Ishihara, 1950)",キュウシュウクチブトカメムシ,kanagawa_redlist,"Eocanthecona kyushuensis (Esaki & Ishihara, 1950)",verbatim,4782524,"Eocanthecona Bergroth, 1915",Animalia,Arthropoda,Insecta,Hemiptera,Pentatomidae,Eocanthecona,GENUS,HIGHERRANK,94,ACCEPTED,
phegopteris bukoensis (tagawa) tagawa,Phegopteris bukoensis (Tagawa) Tagawa,タチヒメワラビ,kanagawa_redlist,Phegopteris bukoensis (Tagawa) Tagawa,verbatim,4081799,Phegopteris bukoensis (Tagawa) Tagawa,Plantae,Tracheophyta,Polypodiopsida,Polypodiales,Thelypteridaceae,Pseudophegopteris,SPECIES,EXACT,100,SYNONYM,
"niphe elongata (dallas, 1851)","Niphe elongata (Dallas, 1851)",イネカメムシ,kanagawa_redlist,"Niphe elongata (Dallas, 1851)",verbatim,6129992,"Niphe elongata (Dallas, 1851)",Animalia,Arthropoda,Insecta,Hemiptera,Pentatomidae,Niphe,SPECIES,EXACT,100,ACCEPTED,
thelypteris esquirolii (h.christ) ching,Thelypteris esquirolii (H.Christ) Ching,イブキシダ,kanagawa_redlist,Thelypteris esquirolii (H.Christ) Ching,verbatim,5666821,Thelypteris esquirolii (C.Chr.) Ching,Plantae,Tracheophyta,Polypodiopsida,Polypodiales,Thelypteridaceae,Pseudocyclosorus,SPECIES,EXACT,100,SYNONYM,
"sigara matsumurai jaczewski, 1968","Sigara matsumurai Jaczewski, 1968",ヒメコミズムシ,kanagawa_redlist,"Sigara matsumurai Jaczewski, 1968",verbatim,10308241,"Sigara matsumurai Jaczewski, 1968",Animalia,Arthropoda,Insecta,Hemiptera,Corixidae,Sigara,SPECIES,EXACT,100,ACCEPTED,
thelypteris nipponica (franch. & sav.) ching var. borealis (h.hara) h.hara,Thelypteris nipponica (Franch. & Sav.) Ching var. borealis (H.Hara) H.Hara,メニッコウシダ,kanagawa_redlist,Thelypteris nipponica (Franch. & Sav.) Ching var. borealis (H.Hara) H.Hara,verbatim,7427760,Thelypteris nipponica var. borealis (H.Hara) H.Hara,Plantae,Tracheophyta,Polypodiopsida,Polypodiales,Thelypteridaceae,Coryphopteris,VARIETY,EXACT,100,SYNONYM,
"chartoscirta elegantula (fallén, 1807)","Chartoscirta elegantula (Fallén, 1807)",モンシロミズギワカメムシ,kanagawa_redlist,"Chartoscirta elegantula (Fallén, 1807)",verbatim,4489211,"Chartoscirta elegantula (Fallén, 1807)",Animalia,Arthropoda,Insecta,Hemiptera,Saldidae,Chartoscirta,SPECIES,EXACT,100,ACCEPTED,
woodwardia prolifera hook. & arn.,Woodwardia prolifera Hook. & Arn.,ハチジョウカグマ,kanagawa_redlist,Woodwardia prolifera Hook. & Arn.,verbatim,5665857,Woodwardia prolifera Hook. & Arn.,Plantae,Tracheophyta,Polypodiopsida,Polypodiales,Blechnaceae,Woodwardia,SPECIES,EXACT,100,ACCEPTED,
"saldoida armata horváth, 1911","Saldoida armata Horváth, 1911",トゲミズギワカメムシ,kanagawa_redlist,"Saldoida armata Horváth, 1911",verbatim,6130329,"Saldoida armata Horváth, 1911",Animalia,Arthropoda,Insecta,Hemiptera,Saldidae,Saldoida,SPECIES,EXACT,100,ACCEPTED,
athyrium neglectum seriz. subsp. neglectum,Athyrium neglectum Seriz. subsp. neglectum,コシノサトメシダ,kanagawa_redlist,Athyrium neglectum Seriz. subsp. neglectum,verbatim,7289153,Athyrium neglectum Seriz.,Plantae,Tracheophyta,Polypodiopsida,Polypodiales,Athyriaceae,Athyrium,SPECIES,HIGHERRANK,99,ACCEPTED,
"mongoloraphidia (japanoraphidia) harmandi (navas, 1909)","Mongoloraphidia (Japanoraphidia) harmandi (Navas, 1909)",キスジラクダムシ,kanagawa_redlist,"Mongoloraphidia (Japanoraphidia) harmandi (Navas, 1909)",verbatim,2006801,"Mongoloraphidia harmandi (Navás, 1909)",Animalia,Arthropoda,Insecta,Raphidioptera,Raphidiidae,Mongoloraphidia,SPECIES,EXACT,100,ACCEPTED,
athyrium oblitescens sa.kurata,Athyrium oblitescens Sa.Kurata,サキモリイヌワラビ,kanagawa_redlist,Athyrium oblitescens Sa.Kurata,verbatim,5644146,Athyrium oblitescens Sa.Kurata,Plantae,Tracheophyta,Polypodiopsida,Polypodiales,Athyriaceae,Athyrium,SPECIES,EXACT,100,ACCEPTED,
"sialis yamatoensis hayashi & suda, 1995","Sialis yamatoensis Hayashi & Suda, 1995",ヤマトセンブリ,kanagawa_redlist,"Sialis yamatoensis Hayashi & Suda, 1995",verbatim,5101354,"Sialis yamatoensis Hayashi & Suda, 1995",Animalia,Arthropoda,Insecta,Megaloptera,Sialidae,Sialis,SPECIES,EXACT,100,ACCEPTED,
athyrium pinetorum tagawa,Athyrium pinetorum Tagawa,タカネサトメシダ,kanagawa_redlist,Athyrium pinetorum Tagawa,verbatim,5643899,Athyrium pinetorum Tagawa,Plantae,Tracheophyta,Polypodiopsida,Polypodiales,Athyriaceae,Athyrium,SPECIES,EXACT,100,ACCEPTED,
"sialis tohokuensis hayashi & suda, 1995","Sialis tohokuensis Hayashi & Suda, 1995",トウホククロセンブリ,kanagawa_redlist,"Sialis tohokuensis Hayashi & Suda, 1995",verbatim,10374527,"Sialis tohokuensis Hayashi & Suda, 1995",Animalia,Arthropoda,Insecta,Megaloptera,Sialidae,Sialis,SPECIES,EXACT,100,ACCEPTED,
anisocampium sheareri (baker) ching,Anisocampium sheareri (Baker) Ching,ウラボシノコギリシダ,kanagawa_redlist,Anisocampium sheareri (Baker) Ching,verbatim,7800235,Anisocampium sheareri (Baker) Ching,Plantae,Tracheophyta,Polypodiopsida,Polypodiales,Athyriaceae,Anisocampium,SPECIES,EXACT,100,ACCEPTED,
"protohermes grandis (thunberg, 1781)","Protohermes grandis (Thunberg, 1781)",ヘビトンボ,kanagawa_redlist,"Protohermes grandis (Thunberg, 1781)",verbatim,1730180,"Protohermes grandis (Thunberg, 1781)",Animalia,Arthropoda,Insecta,Megaloptera,Corydalidae,Protohermes,SPECIES,EXACT,100,ACCEPTED,
deparia pycnosora (h.christ) m.kato,Deparia pycnosora (H.Christ) M.Kato,ミヤマシケシダ,kanagawa_redlist,Deparia pycnosora (H.Christ) M.Kato,verbatim,7125851,Deparia pycnosora (Christ) M.Kato,Plantae,Tracheophyta,Polypodiopsida,Polypodiales,Athyriaceae,Deparia,SPECIES,EXACT,100,ACCEPTED,
"syncclisis japonica (hagen, 1866)","Syncclisis japonica (Hagen, 1866)",オオウスバカゲロウ,kanagawa_redlist,"Syncclisis japonica (Hagen, 1866)",verbatim,2099140,"Synclisis japonica (Hagen, 1866)",Animalia,Arthropoda,Insecta,Neuroptera,Myrmeleontidae,Synclisis,SPECIES,FUZZY,95,ACCEPTED,
deparia unifurcata (baker) m.kato,Deparia unifurcata (Baker) M.Kato,オオヒメワラビモドキ,kanagawa_redlist,Deparia unifurcata (Baker) M.Kato,verbatim,4016134,Deparia unifurcata (Baker) M.Kato,Plantae,Tracheophyta,Polypodiopsida,Polypodiales,Athyriaceae,Deparia,SPECIES,EXACT,100,ACCEPTED,
"libelloides ramburi (mclachlan, 1875)","Libelloides ramburi (McLachlan, 1875)",キバネツノトンボ,kanagawa_redlist,"Libelloides ramburi (McLachlan, 1875)",verbatim,2103072,"Libelloides ramburi (McLachlan, 1875)",Animalia,Arthropoda,Insecta,Neuroptera,Ascalaphidae,Libelloides,SPECIES,EXACT,100,ACCEPTED,
diplazium dilatatum blume var. dilatatum,Diplazium dilatatum Blume var. dilatatum,ヒロハノコギリシダ,kanagawa_redlist,Diplazium dilatatum Blume var. dilatatum,verbatim,7289120,Diplazium dilatatum Blume,Plantae,Tracheophyta,Polypodiopsida,Polypodiales,Athyriaceae,Diplazium,SPECIES,HIGHERRANK,99,ACCEPTED,
"italochrysa japonica (mclachlan, 1875)","Italochrysa japonica (McLachlan, 1875)",セアカクサカゲロウ,kanagawa_redlist,"Italochrysa japonica (McLachlan, 1875)",verbatim,2104551,"Italochrysa japonica (McLachlan, 1875)",Animalia,Arthropoda,Insecta,Neuroptera,Chrysopidae,Italochrysa,SPECIES,EXACT,100,ACCEPTED,
diplazium doederleinii (luerss.) makino,Diplazium doederleinii (Luerss.) Makino,シマシロヤマシダ,kanagawa_redlist,Diplazium doederleinii (Luerss.) Makino,verbatim,4016123,Diplazium doederleinii (Luerss.) Makino,Plantae,Tracheophyta,Polypodiopsida,Polypodiales,Athyriaceae,Diplazium,SPECIES,EXACT,100,ACCEPTED,
"panorpa nikkoensis miyake, 1908","Panorpa nikkoensis Miyake, 1908",ニッコウホシシリアゲ,kanagawa_redlist,"Panorpa nikkoensis Miyake, 1908",verbatim,5879310,"Panorpa nipponensis (Navás, 1908)",Animalia,Arthropoda,Insecta,Mecoptera,Panorpidae,Panorpa,SPECIES,FUZZY,93,ACCEPTED,
diplazium fauriei h.christ,Diplazium fauriei H.Christ,ホソバノコギリシダ,kanagawa_redlist,Diplazium fauriei H.Christ,verbatim,7289073,Diplazium fauriei Christ,Plantae,Tracheophyta,Polypodiopsida,Polypodiales,Athyriaceae,Diplazium,SPECIES,EXACT,100,ACCEPTED,
"panorpa tsunekatanis issiki, 1929","Panorpa tsunekatanis Issiki, 1929",ミヤケシリアゲ,kanagawa_redlist,"Panorpa tsunekatanis Issiki, 1929",verbatim,11540052,"Panorpa tsunekatanis Issiki, 1929",Animalia,Arthropoda,Insecta,Mecoptera,Panorpidae,Panorpa,SPECIES,EXACT,100,ACCEPTED,
diplazium takii sa.kurata,Diplazium takii Sa.Kurata,ヒュウガシダ,kanagawa_redlist,Diplazium takii Sa.Kurata,verbatim,4015888,Diplazium takii Sa.Kurata,Plantae,Tracheophyta,Polypodiopsida,Polypodiales,Athyriaceae,Diplazium,SPECIES,EXACT,100,ACCEPTED,
"panorpa fulvicaudaria miyake, 1913","Panorpa fulvicaudaria Miyake, 1913",キシタトゲシリアゲ,kanagawa_redlist,"Panorpa fulvicaudaria Miyake, 1913",verbatim,5981679,"Panorpa fulvicaudaria Miyake, 1913",Animalia,Arthropoda,Insecta,Mecoptera,Panorpidae,Panorpa,SPECIES,EXACT,100,ACCEPTED,
arachniodes yoshinagae (makino) ching,Arachniodes yoshinagae (Makino) Ching,オトコシダ,kanagawa_redlist,Arachniodes yoshinagae (Makino) Ching,verbatim,4039369,Arachniodes yoshinagae (Makino) Ching,Plantae,Tracheophyta,Polypodiopsida,Polypodiales,Dryopteridaceae,Arachniodes,SPECIES,EXACT,100,SYNONYM,
"bittacus marginatus miyake, 1913","Bittacus marginatus Miyake, 1913",ツマグロヒメガガンボモドキ,kanagawa_redlist,"Bittacus marginatus Miyake, 1913",verbatim,5981812,"Bittacus marginatus Miyake, 1913",Animalia,Arthropoda,Insecta,Mecoptera,Bittacidae,Bittacus,SPECIES,EXACT,100,ACCEPTED,
cyrtomium tukusicola tagawa,Cyrtomium tukusicola Tagawa,ツクシヤブソテツ,kanagawa_redlist,Cyrtomium tukusicola Tagawa,verbatim,4038680,Cyrtomium tukusicola Tagawa,Plantae,Tracheophyta,Polypodiopsida,Polypodiales,Dryopteridaceae,Cyrtomium,SPECIES,EXACT,100,SYNONYM,
"triplectides misakianus (matsumura, 1931)","Triplectides misakianus (Matsumura, 1931)",ミサキツノトビケラ,kanagawa_redlist,"Triplectides misakianus (Matsumura, 1931)",verbatim,1435841,"Triplectides misakianus (Matsumura, 1931)",Animalia,Arthropoda,Insecta,Trichoptera,Leptoceridae,Triplectides,SPECIES,EXACT,100,ACCEPTED,
dryopteris decipiens (hook.) kuntze,Dryopteris decipiens (Hook.) Kuntze,ナチクジャク,kanagawa_redlist,Dryopteris decipiens (Hook.) Kuntze,verbatim,7319290,Dryopteris decipiens (Hook.) Kuntze,Plantae,Tracheophyta,Polypodiopsida,Polypodiales,Dryopteridaceae,Dryopteris,SPECIES,EXACT,100,ACCEPTED,
"phryganea japonica mclachlan, 1866","Phryganea japonica McLachlan, 1866",ツマグロトビケラ,kanagawa_redlist,"Phryganea japonica McLachlan, 1866",verbatim,1440998,"Phryganea japonica McLachlan, 1866",Animalia,Arthropoda,Insecta,Trichoptera,Phryganeidae,Phryganea,SPECIES,EXACT,100,ACCEPTED,
dryopteris integripinnula ching,Dryopteris integripinnula Ching,イヌナチクジャク,kanagawa_redlist,Dryopteris integripinnula Ching,verbatim,5656283,Dryopteris integripinnula Ching,Plantae,Tracheophyta,Polypodiopsida,Polypodiales,Dryopteridaceae,Dryopteris,SPECIES,EXACT,100,SYNONYM,
"nemotaulius brevilinea (mclachlan, 1871)","Nemotaulius brevilinea (McLachlan, 1871)",スジトビケラ,kanagawa_redlist,"Nemotaulius brevilinea (McLachlan, 1871)",verbatim,1442200,"Nemotaulius brevilinea (McLachlan, 1871)",Animalia,Arthropoda,Insecta,Trichoptera,Limnephilidae,Nemotaulius,SPECIES,EXACT,100,ACCEPTED,
dryopteris monticola (makino) c.chr.,Dryopteris monticola (Makino) C.Chr.,ミヤマベニシダ,kanagawa_redlist,Dryopteris monticola (Makino) C.Chr.,verbatim,5654221,Dryopteris monticola (Makino) C.Chr.,Plantae,Tracheophyta,Polypodiopsida,Polypodiales,Dryopteridaceae,Dryopteris,SPECIES,EXACT,100,ACCEPTED,
"pseudostenophylax tochigiensis schmid, 1991","Pseudostenophylax tochigiensis Schmid, 1991",トチギミヤマトビケラ,kanagawa_redlist,"Pseudostenophylax tochigiensis Schmid, 1991",verbatim,1441698,"Pseudostenophylax tochigiensis Schmid, 1991",Animalia,Arthropoda,Insecta,Trichoptera,Limnephilidae,Pseudostenophylax,SPECIES,EXACT,100,ACCEPTED,
dryopteris varia (l.) kuntze,Dryopteris varia (L.) Kuntze,ナンカイイタチシダ,kanagawa_redlist,Dryopteris varia (L.) Kuntze,verbatim,5653274,Dryopteris varia (L.) Kuntze,Plantae,Tracheophyta,Polypodiopsida,Polypodiales,Dryopteridaceae,Dryopteris,SPECIES,EXACT,100,ACCEPTED,
"palaeagapetus parvus ito, 1991","Palaeagapetus parvus Ito, 1991",コガタカメノコヒメトビケラ,kanagawa_redlist,"Palaeagapetus parvus Ito, 1991",verbatim,1432787,"Palaeagapetus parvus Ito, 1992",Animalia,Arthropoda,Insecta,Trichoptera,Hydroptilidae,Palaeagapetus,SPECIES,EXACT,100,ACCEPTED,
polystichum neolobatum nakai,Polystichum neolobatum Nakai,ヤシャイノデ,kanagawa_redlist,Polystichum neolobatum Nakai,verbatim,4045710,Polystichum neolobatum Nakai,Plantae,Tracheophyta,Polypodiopsida,Polypodiales,Dryopteridaceae,Polystichum,SPECIES,EXACT,100,ACCEPTED,
"nemotaulius admorsus (mclachlan, 1866)","Nemotaulius admorsus (McLachlan, 1866)",エグリトビケラ,kanagawa_redlist,"Nemotaulius admorsus (McLachlan, 1866)",verbatim,1442195,"Nemotaulius admorsus (McLachlan, 1866)",Animalia,Arthropoda,Insecta,Trichoptera,Limnephilidae,Nemotaulius,SPECIES,EXACT,100,ACCEPTED,
selliguea veitchii (baker) h.ohashi & k.ohashi,Selliguea veitchii (Baker) H.Ohashi & K.Ohashi,ミヤマウラボシ,kanagawa_redlist,Selliguea veitchii (Baker) H.Ohashi & K.Ohashi,verbatim,8096346,Selliguea veitchii (Baker) H.Ohashi & K.Ohashi,Plantae,Tracheophyta,Polypodiopsida,Polypodiales,Polypodiaceae,Selliguea,SPECIES,EXACT,100,ACCEPTED,
"molanna nervosa ulmer, 1927","Molanna nervosa Ulmer, 1927",クロホソバトビケラ,kanagawa_redlist,"Molanna nervosa Ulmer, 1927",verbatim,1437359,"Molanna nervosa Ulmer, 1927",Animalia,Arthropoda,Insecta,Trichoptera,Molannidae,Molanna,SPECIES,EXACT,100,ACCEPTED,
lepisorus annuifrons (makino) ching,Lepisorus annuifrons (Makino) Ching,ホテイシダ,kanagawa_redlist,Lepisorus annuifrons (Makino) Ching,verbatim,4025763,Lepisorus annuifrons (Makino) Ching,Plantae,Tracheophyta,Polypodiopsida,Polypodiales,Polypodiaceae,Lepisorus,SPECIES,EXACT,100,ACCEPTED,
"eoneureclipsis montana torii & nishimoto, 2011","Eoneureclipsis montana Torii & Nishimoto, 2011",オオクダトビケラ,kanagawa_redlist,"Eoneureclipsis montana Torii & Nishimoto, 2011",verbatim,8885870,"Eoneureclipsis montana Torii & Nishimoto, 2011",Animalia,Arthropoda,Insecta,Trichoptera,Polycentropodidae,Eoneureclipsis,SPECIES,EXACT,100,ACCEPTED,
loxogramme grammitoides (baker) c.chr.,Loxogramme grammitoides (Baker) C.Chr.,ヒメサジラン,kanagawa_redlist,Loxogramme grammitoides (Baker) C.Chr.,verbatim,4028556,Loxogramme grammitoides (Baker) C.Chr.,Plantae,Tracheophyta,Polypodiopsida,Polypodiales,Polypodiaceae,Loxogramme,SPECIES,EXACT,100,ACCEPTED,
"larcasia akagiae nishimoto & tanida, 1999","Larcasia akagiae Nishimoto & Tanida, 1999",コブニンギョウトビケラ,kanagawa_redlist,"Larcasia akagiae Nishimoto & Tanida, 1999",verbatim,1441358,"Larcasia akagiae Nishimoto & Tanida, 1999",Animalia,Arthropoda,Insecta,Trichoptera,Goeridae,Larcasia,SPECIES,EXACT,100,ACCEPTED,
abies veitchii lindl.,Abies veitchii Lindl.,シラビソ,kanagawa_redlist,Abies veitchii Lindl.,verbatim,2685400,Abies veitchii Lindl.,Plantae,Tracheophyta,Pinopsida,Pinales,Pinaceae,Abies,SPECIES,EXACT,100,ACCEPTED,
"neophylax koizumii (iwata, 1927)","Neophylax koizumii (Iwata, 1927)",コイズミエグリトビケラ,kanagawa_redlist,"Neophylax koizumii (Iwata, 1927)",verbatim,1441551,"Neophylax McLachlan, 1871",Animalia,Arthropoda,Insecta,Trichoptera,Uenoidae,Neophylax,GENUS,HIGHERRANK,92,ACCEPTED,
juniperus conferta parl.,Juniperus conferta Parl.,ハイネズ,kanagawa_redlist,Juniperus conferta Parl.,verbatim,2684527,Juniperus conferta Parl.,Plantae,Tracheophyta,Pinopsida,Pinales,Cupressaceae,Juniperus,SPECIES,EXACT,100,SYNONYM,
"goera spicata schmid, 1965","Goera spicata Schmid, 1965",ヒメニンギョウトビケラ,kanagawa_redlist,"Goera spicata Schmid, 1965",verbatim,1441418,"Goera spicata Schmid, 1965",Animalia,Arthropoda,Insecta,Trichoptera,Goeridae,Goera,SPECIES,EXACT,100,ACCEPTED,
juniperus taxifolia hook. & arn. var. lutchuensis (koidz.) satake,Juniperus taxifolia Hook. & Arn. var. lutchuensis (Koidz.) Satake,オキナワハイネズ,kanagawa_redlist,Juniperus taxifolia Hook. & Arn. var. lutchuensis (Koidz.) Satake,verbatim,7773427,Juniperus taxifolia var. lutchuensis (Koidz.) Satake,Plantae,Tracheophyta,Pinopsida,Pinales,Cupressaceae,Juniperus,VARIETY,EXACT,100,SYNONYM,
"limnocentropus insolitus ulmer, 1907","Limnocentropus insolitus Ulmer, 1907",キタガミトビケラ,kanagawa_redlist,"Limnocentropus insolitus Ulmer, 1907",verbatim,1437432,"Limnocentropus insolitus Ulmer, 1907",Animalia,Arthropoda,Insecta,Trichoptera,Limnocentropodidae,Limnocentropus,SPECIES,EXACT,100,ACCEPTED,
nuphar japonica dc.,Nuphar japonica DC.,コウホネ,kanagawa_redlist,Nuphar japonica DC.,verbatim,7326938,Nuphar japonica DC.,Plantae,Tracheophyta,Magnoliopsida,Nymphaeales,Nymphaeaceae,Nuphar,SPECIES,EXACT,100,ACCEPTED,
"gyrinus gestroi régimbart, 1883","Gyrinus gestroi Régimbart, 1883",ヒメミズスマシ,kanagawa_redlist,"Gyrinus gestroi Régimbart, 1883",verbatim,7003930,"Gyrinus gestroi Régimbart, 1883",Animalia,Arthropoda,Insecta,Coleoptera,Gyrinidae,Gyrinus,SPECIES,EXACT,100,ACCEPTED,
actinodaphne acuminata (blume) meisn.,Actinodaphne acuminata (Blume) Meisn.,バリバリノキ,kanagawa_redlist,Actinodaphne acuminata (Blume) Meisn.,verbatim,4178324,Actinodaphne acuminata (Blume) Meisn.,Plantae,Tracheophyta,Magnoliopsida,Laurales,Lauraceae,Actinodaphne,SPECIES,EXACT,100,ACCEPTED,
"gyrinus curtus motschulsky, 1866","Gyrinus curtus Motschulsky, 1866",コミズスマシ,kanagawa_redlist,"Gyrinus curtus Motschulsky, 1866",verbatim,7004073,"Gyrinus curtus Motschulsky, 1866",Animalia,Arthropoda,Insecta,Coleoptera,Gyrinidae,Gyrinus,SPECIES,EXACT,100,ACCEPTED,
arisaema aprile j.murata,Arisaema aprile J.Murata,オドリコテンナンショウ,kanagawa_redlist,Arisaema aprile J.Murata,verbatim,2867309,Arisaema aprile J.Murata,Plantae,Tracheophyta,Liliopsida,Alismatales,Araceae,Arisaema,SPECIES,EXACT,100,ACCEPTED,
"dineutus orientalis (modeer, 1780)","Dineutus orientalis (Modeer, 1780)",オオミズスマシ,kanagawa_redlist,"Dineutus orientalis (Modeer, 1780)",verbatim,6131289,"Dineutus orientalis Modder, 1776",Animalia,Arthropoda,Insecta,Coleoptera,Gyrinidae,Dineutus,SPECIES,EXACT,100,ACCEPTED,
alisma rariflorum sam.,Alisma rariflorum Sam.,トウゴクヘラオモダカ,kanagawa_redlist,Alisma rariflorum Sam.,verbatim,2865131,Alisma rariflorum Sam.,Plantae,Tracheophyta,Liliopsida,Alismatales,Alismataceae,Alisma,SPECIES,EXACT,100,ACCEPTED,
"haliplus kamiyai nakane, 1963","Haliplus kamiyai Nakane, 1963",カミヤコガシラミズムシ,kanagawa_redlist,"Haliplus kamiyai Nakane, 1963",verbatim,6965251,"Haliplus kamiyai Nakane, 1963",Animalia,Arthropoda,Insecta,Coleoptera,Haliplidae,Haliplus,SPECIES,EXACT,100,ACCEPTED,
sagittaria aginashi makino,Sagittaria aginashi Makino,アギナシ,kanagawa_redlist,Sagittaria aginashi Makino,verbatim,5553763,Sagittaria aginashi Makino,Plantae,Tracheophyta,Liliopsida,Alismatales,Alismataceae,Sagittaria,SPECIES,EXACT,100,ACCEPTED,
"haliplus ovalis sharp, 1884","Haliplus ovalis Sharp, 1884",ヒメコガシラミズムシ,kanagawa_redlist,"Haliplus ovalis Sharp, 1884",verbatim,6965205,"Haliplus ovalis Sharp, 1884",Animalia,Arthropoda,Insecta,Coleoptera,Haliplidae,Haliplus,SPECIES,EXACT,100,ACCEPTED,
blyxa echinosperma (c.b.clarke) hook.f.,Blyxa echinosperma (C.B.Clarke) Hook.f.,スブタ,kanagawa_redlist,Blyxa echinosperma (C.B.Clarke) Hook.f.,verbatim,2865970,Blyxa echinosperma (C.B.Clarke) Hook.f.,Plantae,Tracheophyta,Liliopsida,Alismatales,Hydrocharitaceae,Blyxa,SPECIES,EXACT,100,ACCEPTED,
"haliplus eximius clark, 1863","Haliplus eximius Clark, 1863",キイロコガシラミズムシ,kanagawa_redlist,"Haliplus eximius Clark, 1863",verbatim,6965269,"Haliplus eximius Clark, 1863",Animalia,Arthropoda,Insecta,Coleoptera,Haliplidae,Haliplus,SPECIES,EXACT,100,ACCEPTED,
blyxa japonica (miq.) maxim. ex asch. & guerke,Blyxa japonica (Miq.) Maxim. ex Asch. & Guerke,ヤナギスブタ,kanagawa_redlist,Blyxa japonica (Miq.) Maxim. ex Asch. & Guerke,verbatim,2865980,Blyxa japonica (Miq.) Maxim. ex Asch. & Gürke,Plantae,Tracheophyta,Liliopsida,Alismatales,Hydrocharitaceae,Blyxa,SPECIES,EXACT,100,ACCEPTED,
"chaetodera laetescripta (motschulsky, 1860)","Chaetodera laetescripta (Motschulsky, 1860)",カワラハンミョウ,kanagawa_redlist,"Chaetodera laetescripta (Motschulsky, 1860)",verbatim,8106265,"Chaetodera laetescripta (Motschulsky, 1860)",Animalia,Arthropoda,Insecta,Coleoptera,Carabidae,Chaetodera,SPECIES,EXACT,100,ACCEPTED,
blyxa leiosperma koidz.,Blyxa leiosperma Koidz.,ミカワスブタ,kanagawa_redlist,Blyxa leiosperma Koidz.,verbatim,2865988,Blyxa leiosperma Koidz.,Plantae,Tracheophyta,Liliopsida,Alismatales,Hydrocharitaceae,Blyxa,SPECIES,EXACT,100,ACCEPTED,
"nebria (eunebria) pulcherrima bates, 1873","Nebria (Eunebria) pulcherrima Bates, 1873",フタモンマルクビゴミムシ,kanagawa_redlist,"Nebria (Eunebria) pulcherrima Bates, 1873",verbatim,7998955,"Nebria pulcherrima Bates, 1873",Animalia,Arthropoda,Insecta,Coleoptera,Carabidae,Nebria,SPECIES,EXACT,100,ACCEPTED,
halophila nipponica j.kuo subsp. nipponica,Halophila nipponica J.Kuo subsp. nipponica,ヤマトウミヒルモ,kanagawa_redlist,Halophila nipponica J.Kuo subsp. nipponica,verbatim,5329603,Halophila nipponica J.Kuo,Plantae,Tracheophyta,Liliopsida,Alismatales,Hydrocharitaceae,Halophila,SPECIES,HIGHERRANK,99,ACCEPTED,
"carabus (carabus) granulatus telluris bates, 1882","Carabus (Carabus) granulatus telluris Bates, 1882",アカガネオサムシ,kanagawa_redlist,"Carabus (Carabus) granulatus telluris Bates, 1882",verbatim,9156208,"Carabus granulatus telluris Bates, 1883",Animalia,Arthropoda,Insecta,Coleoptera,Carabidae,Carabus,SUBSPECIES,EXACT,100,ACCEPTED,
najas graminea delile,Najas graminea Delile,ホッスモ,kanagawa_redlist,Najas graminea Delile,verbatim,5329404,Najas graminea Delile,Plantae,Tracheophyta,Liliopsida,Alismatales,Hydrocharitaceae,Najas,SPECIES,EXACT,100,ACCEPTED,
"anthracus horni (andrewes, 1923)","Anthracus horni (Andrewes, 1923)",ムネミゾチビゴモクムシ,kanagawa_redlist,"Anthracus horni (Andrewes, 1923)",verbatim,8140706,"Anthracus horni (Andrewes, 1923)",Animalia,Arthropoda,Insecta,Coleoptera,Carabidae,Anthracus,SPECIES,EXACT,100,ACCEPTED,
najas marina l.,Najas marina L.,イバラモ,kanagawa_redlist,Najas marina L.,verbatim,5329324,Najas marina L.,Plantae,Tracheophyta,Liliopsida,Alismatales,Hydrocharitaceae,Najas,SPECIES,EXACT,100,ACCEPTED,
"callistoides deliciolus (bates, 1873)","Callistoides deliciolus (Bates, 1873)",ヒトツメアオゴミムシ,kanagawa_redlist,"Callistoides deliciolus (Bates, 1873)",verbatim,9440172,"Callistoides deliciolus (Bates, 1873)",Animalia,Arthropoda,Insecta,Coleoptera,Carabidae,Chlaenius,SPECIES,EXACT,100,SYNONYM,
najas minor all.,Najas minor All.,トリゲモ,kanagawa_redlist,Najas minor All.,verbatim,5329434,Najas minor All.,Plantae,Tracheophyta,Liliopsida,Alismatales,Hydrocharitaceae,Najas,SPECIES,EXACT,100,ACCEPTED,
"chlaenius (chlaeniostenus) praefectus bates, 1873","Chlaenius (Chlaeniostenus) praefectus Bates, 1873",アオヘリアオゴミムシ,kanagawa_redlist,"Chlaenius (Chlaeniostenus) praefectus Bates, 1873",verbatim,7372155,"Chlaenius praefectus Bates, 1873",Animalia,Arthropoda,Insecta,Coleoptera,Carabidae,Chlaenius,SPECIES,EXACT,100,ACCEPTED,
najas yezoensis miyabe,Najas yezoensis Miyabe,イトイバラモ,kanagawa_redlist,Najas yezoensis Miyabe,verbatim,5329467,Najas yezoensis Miyabe,Plantae,Tracheophyta,Liliopsida,Alismatales,Hydrocharitaceae,Najas,SPECIES,EXACT,100,SYNONYM,
"brachyodes virens (wiedemann, 1823)","Brachyodes virens (Wiedemann, 1823)",オオヒラタトックリゴミムシ,kanagawa_redlist,"Brachyodes virens (Wiedemann, 1823)",verbatim,8131148,"Brachyodes virens (Wiedemann, 1823)",Animalia,Arthropoda,Insecta,Coleoptera,Carabidae,Brachyodes,SPECIES,EXACT,100,ACCEPTED,
vallisneria denseserrulata (makino) makino,Vallisneria denseserrulata (Makino) Makino,コウガイモ,kanagawa_redlist,Vallisneria denseserrulata (Makino) Makino,verbatim,3614103,Vallisneria denseserrulata (Makino) Makino,Plantae,Tracheophyta,Liliopsida,Alismatales,Hydrocharitaceae,Vallisneria,SPECIES,EXACT,100,ACCEPTED,
"dendrocellus geniculatus (klug, 1834)","Dendrocellus geniculatus (Klug, 1834)",コモリアオホソゴミムシ,kanagawa_redlist,"Dendrocellus geniculatus (Klug, 1834)",verbatim,9387531,"Dendrocellus geniculatus (Klug, 1834)",Animalia,Arthropoda,Insecta,Coleoptera,Carabidae,Desera,SPECIES,EXACT,100,SYNONYM,
potamogeton fryeri a.benn.,Potamogeton fryeri A.Benn.,フトヒルムシロ,kanagawa_redlist,Potamogeton fryeri A.Benn.,verbatim,5642374,Potamogeton fryeri A.Benn.,Plantae,Tracheophyta,Liliopsida,Alismatales,Potamogetonaceae,Potamogeton,SPECIES,EXACT,100,ACCEPTED,
"hyphydrus laeviventris laeviventris sharp, 1882","Hyphydrus laeviventris laeviventris Sharp, 1882",ヒメケシゲンゴロウ,kanagawa_redlist,"Hyphydrus laeviventris laeviventris Sharp, 1882",verbatim,7199525,"Hyphydrus laeviventris laeviventris Sharp, 1882",Animalia,Arthropoda,Insecta,Coleoptera,Dytiscidae,Hyphydrus,SUBSPECIES,EXACT,100,ACCEPTED,
potamogeton nipponicus makino,Potamogeton nipponicus Makino,ササエビモ,kanagawa_redlist,Potamogeton nipponicus Makino,verbatim,7493330,Potamogeton × nipponicus Makino,Plantae,Tracheophyta,Liliopsida,Alismatales,Potamogetonaceae,Potamogeton,SPECIES,EXACT,100,SYNONYM,
"hydrovatus stridulus biström, 1997","Hydrovatus stridulus Biström, 1997",サメハダマルケシゲンゴロウ,kanagawa_redlist,"Hydrovatus stridulus Biström, 1997",verbatim,6002603,"Hydrovatus stridulus Biström, 1997",Animalia,Arthropoda,Insecta,Coleoptera,Dytiscidae,Hydrovatus,SPECIES,EXACT,100,ACCEPTED,
potamogeton perfoliatus l.,Potamogeton perfoliatus L.,ヒロハノエビモ,kanagawa_redlist,Potamogeton perfoliatus L.,verbatim,5301200,Potamogeton perfoliatus L.,Plantae,Tracheophyta,Liliopsida,Alismatales,Potamogetonaceae,Potamogeton,SPECIES,EXACT,100,ACCEPTED,
"hygrotus chinensis (sharp, 1882)","Hygrotus chinensis (Sharp, 1882)",シマケシゲンゴロウ,kanagawa_redlist,"Hygrotus chinensis (Sharp, 1882)",verbatim,6001368,"Hygrotus chinensis (Sharp, 1882)",Animalia,Arthropoda,Insecta,Coleoptera,Dytiscidae,Hygrotus,SPECIES,EXACT,100,ACCEPTED,
aletris foliata (maxim.) bureau & franch.,Aletris foliata (Maxim.) Bureau & Franch.,ネバリノギラン,kanagawa_redlist,Aletris foliata (Maxim.) Bureau & Franch.,verbatim,8165774,Aletris foliata (Maxim.) Bureau & Franch.,Plantae,Tracheophyta,Liliopsida,Dioscoreales,Nartheciaceae,Aletris,SPECIES,EXACT,100,SYNONYM,
"leiodytes frontalis (sharp, 1884)","Leiodytes frontalis (Sharp, 1884)",マルチビゲンゴロウ,kanagawa_redlist,"Leiodytes frontalis (Sharp, 1884)",verbatim,6001871,"Leiodytes frontalis (Sharp, 1884)",Animalia,Arthropoda,Insecta,Coleoptera,Dytiscidae,Leiodytes,SPECIES,EXACT,100,ACCEPTED,
aletris spicata (thunb.) franch.,Aletris spicata (Thunb.) Franch.,ソクシンラン,kanagawa_redlist,Aletris spicata (Thunb.) Franch.,verbatim,2756112,Aletris spicata (Thunb.) Franch.,Plantae,Tracheophyta,Liliopsida,Dioscoreales,Nartheciaceae,Aletris,SPECIES,EXACT,100,ACCEPTED,
"nebrioporus anchoralis (sharp, 1884)","Nebrioporus anchoralis (Sharp, 1884)",チャイロシマチビゲンゴロウ,kanagawa_redlist,"Nebrioporus anchoralis (Sharp, 1884)",verbatim,6001237,"Nebrioporus anchoralis (Sharp, 1884)",Animalia,Arthropoda,Insecta,Coleoptera,Dytiscidae,Nebrioporus,SPECIES,EXACT,100,ACCEPTED,
paris verticillata m.bieb.,Paris verticillata M.Bieb.,クルマバツクバネソウ,kanagawa_redlist,Paris verticillata M.Bieb.,verbatim,5295898,Paris verticillata M.Bieb.,Plantae,Tracheophyta,Liliopsida,Liliales,Melanthiaceae,Paris,SPECIES,EXACT,100,ACCEPTED,
"laccophilus difficilis sharp, 1873","Laccophilus difficilis Sharp, 1873",ツブゲンゴロウ,kanagawa_redlist,"Laccophilus difficilis Sharp, 1873",verbatim,5999981,"Laccophilus difficilis Sharp, 1873",Animalia,Arthropoda,Insecta,Coleoptera,Dytiscidae,Laccophilus,SPECIES,EXACT,100,ACCEPTED,
lloydia triflora (ledeb.) baker,Lloydia triflora (Ledeb.) Baker,ホソバノアマナ,kanagawa_redlist,Lloydia triflora (Ledeb.) Baker,verbatim,5299777,Lloydia triflora (Ledeb.) Baker,Plantae,Tracheophyta,Liliopsida,Liliales,Liliaceae,Gagea,SPECIES,EXACT,100,SYNONYM,
"laccophilus lewisius sharp, 1873","Laccophilus lewisius Sharp, 1873",ルイスツブゲンゴロウ,kanagawa_redlist,"Laccophilus lewisius Sharp, 1873",verbatim,5999958,"Laccophilus lewisius Sharp, 1873",Animalia,Arthropoda,Insecta,Coleoptera,Dytiscidae,Laccophilus,SPECIES,EXACT,100,ACCEPTED,
calanthe alpina hook f. ex lindl.,Calanthe alpina Hook f. ex Lindl.,キソエビネ,kanagawa_redlist,Calanthe alpina Hook f. ex Lindl.,verbatim,2795152,Calanthe alpina Hook.f. ex Lindl.,Plantae,Tracheophyta,Liliopsida,Asparagales,Orchidaceae,Calanthe,SPECIES,EXACT,100,ACCEPTED,
"laccophilus kobensis sharp, 1873","Laccophilus kobensis Sharp, 1873",コウベツブゲンゴロウ,kanagawa_redlist,"Laccophilus kobensis Sharp, 1873",verbatim,5999968,"Laccophilus kobensis Sharp, 1873",Animalia,Arthropoda,Insecta,Coleoptera,Dytiscidae,Laccophilus,SPECIES,EXACT,100,ACCEPTED,
calanthe nipponica makino,Calanthe nipponica Makino,キンセイラン,kanagawa_redlist,Calanthe nipponica Makino,verbatim,2794982,Calanthe nipponica Makino,Plantae,Tracheophyta,Liliopsida,Asparagales,Orchidaceae,Calanthe,SPECIES,EXACT,100,ACCEPTED,
"laccophilus yoshitomii watanabe & kamite, 2018","Laccophilus yoshitomii Watanabe & Kamite, 2018",ニセコウベツブゲンゴロウ,kanagawa_redlist,"Laccophilus yoshitomii Watanabe & Kamite, 2018",verbatim,11178146,"Laccophilus yoshitomii Watanabe & Kamite, 2018",Animalia,Arthropoda,Insecta,Coleoptera,Dytiscidae,Laccophilus,SPECIES,EXACT,100,ACCEPTED,
"dactylorhiza viride (l.) r.m.bateman, pridgeon & m.w.chase","Dactylorhiza viride (L.) R.M.Bateman, Pridgeon & M.W.Chase",アオチドリ,kanagawa_redlist,"Dactylorhiza viride (L.) R.M.Bateman, Pridgeon & M.W.Chase",verbatim,8076356,Dactylorhiza viride (L.) R.M.Bateman et al.,Plantae,Tracheophyta,Liliopsida,Asparagales,Orchidaceae,Dactylorhiza,SPECIES,EXACT,100,SYNONYM,
"laccophilus sharpi régimbart, 1889","Laccophilus sharpi Régimbart, 1889",シャープツブゲンゴロウ,kanagawa_redlist,"Laccophilus sharpi Régimbart, 1889",verbatim,4742646,"Laccophilus sharpi Régimbart, 1889",Animalia,Arthropoda,Insecta,Coleoptera,Dytiscidae,Laccophilus,SPECIES,EXACT,100,ACCEPTED,
dactylostalix ringens rchb.f.,Dactylostalix ringens Rchb.f.,イチヨウラン,kanagawa_redlist,Dactylostalix ringens Rchb.f.,verbatim,2791993,Dactylostalix ringens Rchb.f.,Plantae,Tracheophyta,Liliopsida,Asparagales,Orchidaceae,Dactylostalix,SPECIES,EXACT,100,ACCEPTED,
"ilybius apicalis sharp, 1873","Ilybius apicalis Sharp, 1873",キベリクロヒメゲンゴロウ,kanagawa_redlist,"Ilybius apicalis Sharp, 1873",verbatim,5999736,"Ilybius apicalis Sharp, 1873",Animalia,Arthropoda,Insecta,Coleoptera,Dytiscidae,Ilybius,SPECIES,EXACT,100,ACCEPTED,
galearis cyclochila (franch. & sav.) soo,Galearis cyclochila (Franch. & Sav.) Soo,カモメラン,kanagawa_redlist,Galearis cyclochila (Franch. & Sav.) Soo,verbatim,2850125,Galearis cyclochila (Franch. & Sav.) Soó,Plantae,Tracheophyta,Liliopsida,Asparagales,Orchidaceae,Galearis,SPECIES,EXACT,100,ACCEPTED,
"hydaticus bipunctatus wehncke, 1876","Hydaticus bipunctatus Wehncke, 1876",スジゲンゴロウ,kanagawa_redlist,"Hydaticus bipunctatus Wehncke, 1876",verbatim,6002063,"Hydaticus bipunctatus Wehncke, 1876",Animalia,Arthropoda,Insecta,Coleoptera,Dytiscidae,Hydaticus,SPECIES,EXACT,100,ACCEPTED,
gastrodia gracilis blume,Gastrodia gracilis Blume,ナヨテンマ,kanagawa_redlist,Gastrodia gracilis Blume,verbatim,2813319,Gastrodia gracilis Blume,Plantae,Tracheophyta,Liliopsida,Asparagales,Orchidaceae,Gastrodia,SPECIES,EXACT,100,ACCEPTED,
"graphoderus adamsii (clark, 1864)","Graphoderus adamsii (Clark, 1864)",マルガタゲンゴロウ,kanagawa_redlist,"Graphoderus adamsii (Clark, 1864)",verbatim,6002971,"Graphoderus adamsii (Clark, 1864)",Animalia,Arthropoda,Insecta,Coleoptera,Dytiscidae,Graphoderus,SPECIES,EXACT,100,ACCEPTED,
neolindleya camtschatica (cham.) nevski,Neolindleya camtschatica (Cham.) Nevski,ノビネチドリ,kanagawa_redlist,Neolindleya camtschatica (Cham.) Nevski,verbatim,2798932,Neolindleya camtschatica (Cham.) Nevski,Plantae,Tracheophyta,Liliopsida,Asparagales,Orchidaceae,Galearis,SPECIES,EXACT,100,SYNONYM,
"cybister brevis aubé, 1838","Cybister brevis Aubé, 1838",クロゲンゴロウ,kanagawa_redlist,"Cybister brevis Aubé, 1838",verbatim,5873965,"Cybister brevis Aubé, 1838",Animalia,Arthropoda,Insecta,Coleoptera,Dytiscidae,Cybister,SPECIES,EXACT,100,ACCEPTED,
neottianthe cucullata (l.) schltr.,Neottianthe cucullata (L.) Schltr.,ミヤマモジズリ,kanagawa_redlist,Neottianthe cucullata (L.) Schltr.,verbatim,2819258,Neottianthe cucullata (L.) Schltr.,Plantae,Tracheophyta,Liliopsida,Asparagales,Orchidaceae,Hemipilia,SPECIES,EXACT,100,SYNONYM,
"cybister tripunctatus lateralis (fabricius, 1798)","Cybister tripunctatus lateralis (Fabricius, 1798)",コガタノゲンゴロウ,kanagawa_redlist,"Cybister tripunctatus lateralis (Fabricius, 1798)",verbatim,6277554,"Cybister tripunctatus lateralis (Fabricius, 1798)",Animalia,Arthropoda,Insecta,Coleoptera,Dytiscidae,Cybister,SUBSPECIES,EXACT,100,ACCEPTED,
"neottianthe fujisanensis (sugim.) f.maek., comb. nud.","Neottianthe fujisanensis (Sugim.) F.Maek., comb. nud.",フジチドリ,kanagawa_redlist,"Neottianthe fujisanensis (Sugim.) F.Maek., comb. nud.",verbatim,3649773,Neottianthe fujisanensis (Sugim.) Maek.,Plantae,Tracheophyta,Liliopsida,Asparagales,Orchidaceae,Hemipilia,SPECIES,HIGHERRANK,98,SYNONYM,
"cybister chinensis motschulsky, 1854","Cybister chinensis Motschulsky, 1854",ゲンゴロウ,kanagawa_redlist,"Cybister chinensis Motschulsky, 1854",verbatim,6000778,"Cybister chinensis Motschulsky, 1854",Animalia,Arthropoda,Insecta,Coleoptera,Dytiscidae,Cybister,SPECIES,EXACT,100,ACCEPTED,
herminium lanceum (thunb. ex sw.) vuijk,Herminium lanceum (Thunb. ex Sw.) Vuijk,ムカゴソウ,kanagawa_redlist,Herminium lanceum (Thunb. ex Sw.) Vuijk,verbatim,5310564,Herminium lanceum (Thunb. ex Sw.) Vuijk,Plantae,Tracheophyta,Liliopsida,Asparagales,Orchidaceae,Herminium,SPECIES,EXACT,100,ACCEPTED,
"dytiscus sharpi wehncke, 1875","Dytiscus sharpi Wehncke, 1875",シャープゲンゴロウモドキ,kanagawa_redlist,"Dytiscus sharpi Wehncke, 1875",verbatim,5874079,"Dytiscus sharpi Wehncke, 1875",Animalia,Arthropoda,Insecta,Coleoptera,Dytiscidae,Dytiscus,SPECIES,EXACT,100,ACCEPTED,
liparis japonica (miq.) maxim.,Liparis japonica (Miq.) Maxim.,セイタカスズムシソウ,kanagawa_redlist,Liparis japonica (Miq.) Maxim.,verbatim,5322962,Liparis japonica (Miq.) Maxim.,Plantae,Tracheophyta,Liliopsida,Asparagales,Orchidaceae,Malaxis,SPECIES,EXACT,100,SYNONYM,
"thanatophilus rugosus (linnaeus, 1758)","Thanatophilus rugosus (Linnaeus, 1758)",オニヒラタシデムシ,kanagawa_redlist,"Thanatophilus rugosus (Linnaeus, 1758)",verbatim,4448486,"Thanatophilus rugosus (Linnaeus, 1758)",Animalia,Arthropoda,Insecta,Coleoptera,Staphylinidae,Thanatophilus,SPECIES,EXACT,100,ACCEPTED,
liparis krameri franch. & sav.,Liparis krameri Franch. & Sav.,ジガバチソウ,kanagawa_redlist,Liparis krameri Franch. & Sav.,verbatim,5322925,Liparis krameri Franch. & Sav.,Plantae,Tracheophyta,Liliopsida,Asparagales,Orchidaceae,Liparis,SPECIES,EXACT,100,ACCEPTED,
"aphodius (subrinus) sturmi harold, 1870","Aphodius (Subrinus) sturmi Harold, 1870",ヒメキイロマグソコガネ,kanagawa_redlist,"Aphodius (Subrinus) sturmi Harold, 1870",verbatim,4425235,"Aphodius sturmi Harold, 1870",Animalia,Arthropoda,Insecta,Coleoptera,Scarabaeidae,Subrinus,SPECIES,EXACT,100,SYNONYM,
neottia cordata (l.) rich.,Neottia cordata (L.) Rich.,コフタバラン,kanagawa_redlist,Neottia cordata (L.) Rich.,verbatim,2816213,Neottia cordata (L.) Rich.,Plantae,Tracheophyta,Liliopsida,Asparagales,Orchidaceae,Neottia,SPECIES,EXACT,100,ACCEPTED,
"aphodius (acanthobodilus) languidulus schmidt, 1916","Aphodius (Acanthobodilus) languidulus Schmidt, 1916",キバネマグソコガネ,kanagawa_redlist,"Aphodius (Acanthobodilus) languidulus Schmidt, 1916",verbatim,10925209,"Aphodius languidulus Schmidt, 1917",Animalia,Arthropoda,Insecta,Coleoptera,Scarabaeidae,Acanthobodilus,SPECIES,EXACT,100,SYNONYM,
malaxis monophyllos (l.) sw.,Malaxis monophyllos (L.) Sw.,ホザキイチヨウラン,kanagawa_redlist,Malaxis monophyllos (L.) Sw.,verbatim,2808211,Malaxis monophyllos (L.) Sw.,Plantae,Tracheophyta,Liliopsida,Asparagales,Orchidaceae,Malaxis,SPECIES,EXACT,100,ACCEPTED,
"aphodius (aphodaulacus) variabilis waterhouse, 1875","Aphodius (Aphodaulacus)  variabilis Waterhouse, 1875",クロモンマグソコガネ,kanagawa_redlist,"Aphodius (Aphodaulacus)  variabilis Waterhouse, 1875",verbatim,1070280,"Aphodius variabilis Waterhouse, 1875",Animalia,Arthropoda,Insecta,Coleoptera,Scarabaeidae,Aphodaulacus,SPECIES,EXACT,100,SYNONYM,
myrmechis japonica (rchb.f.) rolfe,Myrmechis japonica (Rchb.f.) Rolfe,アリドオシラン,kanagawa_redlist,Myrmechis japonica (Rchb.f.) Rolfe,verbatim,2796731,Myrmechis japonica (Rchb.f.) Rolfe,Plantae,Tracheophyta,Liliopsida,Asparagales,Orchidaceae,Odontochilus,SPECIES,EXACT,100,SYNONYM,
"aphodius (aphodius) elegans allibert, 1847","Aphodius (Aphodius) elegans Allibert, 1847",オオフタホシマグソコガネ,kanagawa_redlist,"Aphodius (Aphodius) elegans Allibert, 1847",verbatim,1067437,"Aphodius elegans Allibert, 1847",Animalia,Arthropoda,Insecta,Coleoptera,Scarabaeidae,Aphodius,SPECIES,EXACT,100,ACCEPTED,
oreorchis patens (lindl.) lindl.,Oreorchis patens (Lindl.) Lindl.,コケイラン,kanagawa_redlist,Oreorchis patens (Lindl.) Lindl.,verbatim,2833919,Oreorchis patens (Lindl.) Lindl.,Plantae,Tracheophyta,Liliopsida,Asparagales,Orchidaceae,Oreorchis,SPECIES,EXACT,100,ACCEPTED,
"copris (sinocopris) ochus (motschulsky, 1861)","Copris (Sinocopris)  ochus (Motschulsky, 1861)",ダイコクコガネ,kanagawa_redlist,"Copris (Sinocopris)  ochus (Motschulsky, 1861)",verbatim,4997282,"Copris ochus (Motschulsky, 1860)",Animalia,Arthropoda,Insecta,Coleoptera,Scarabaeidae,Copris,SPECIES,EXACT,100,ACCEPTED,
platanthera ophrydioides f.schmidt var. australis ohwi,Platanthera ophrydioides F.Schmidt var. australis Ohwi,ナガバノキソチドリ,kanagawa_redlist,Platanthera ophrydioides F.Schmidt var. australis Ohwi,verbatim,6316135,Platanthera ophrydioides var. australis Ohwi,Plantae,Tracheophyta,Liliopsida,Asparagales,Orchidaceae,Platanthera,VARIETY,EXACT,100,SYNONYM,
"onthophagus (gibbonthophagus) viduus harold, 1874","Onthophagus (Gibbonthophagus)  viduus Harold, 1874",マルエンマコガネ,kanagawa_redlist,"Onthophagus (Gibbonthophagus)  viduus Harold, 1874",verbatim,1091436,"Onthophagus viduus Harold, 1875",Animalia,Arthropoda,Insecta,Coleoptera,Scarabaeidae,Onthophagus,SPECIES,EXACT,100,ACCEPTED,
platanthera hondoensis (ohwi) k.inoue,Platanthera hondoensis (Ohwi) K.Inoue,オオバナオオヤマサギソウ,kanagawa_redlist,Platanthera hondoensis (Ohwi) K.Inoue,verbatim,2798123,Platanthera hondoensis (Ohwi) K.Inoue,Plantae,Tracheophyta,Liliopsida,Asparagales,Orchidaceae,Platanthera,SPECIES,EXACT,100,ACCEPTED,
"onthophagus (matashia) ohbayashii nomura, 1939","Onthophagus (Matashia)  ohbayashii Nomura, 1939",ナガスネエンマコガネ,kanagawa_redlist,"Onthophagus (Matashia)  ohbayashii Nomura, 1939",verbatim,1090091,"Onthophagus ohbayashii Nomura, 1939",Animalia,Arthropoda,Insecta,Coleoptera,Scarabaeidae,Onthophagus,SPECIES,EXACT,100,ACCEPTED,
pogonia japonica rchb.f.,Pogonia japonica Rchb.f.,トキソウ,kanagawa_redlist,Pogonia japonica Rchb.f.,verbatim,5308784,Pogonia japonica Rchb.f.,Plantae,Tracheophyta,Liliopsida,Asparagales,Orchidaceae,Pogonia,SPECIES,EXACT,100,ACCEPTED,
"onthophagus (palaeonthophagus) ocellatopunctatus waterhouse, 1875","Onthophagus (Palaeonthophagus)  ocellatopunctatus Waterhouse, 1875",アラメエンマコガネ,kanagawa_redlist,"Onthophagus (Palaeonthophagus)  ocellatopunctatus Waterhouse, 1875",verbatim,1090665,"Onthophagus ocellatopunctatus Waterhouse, 1875",Animalia,Arthropoda,Insecta,Coleoptera,Scarabaeidae,Onthophagus,SPECIES,EXACT,100,ACCEPTED,
pogonia minor (makino) makino,Pogonia minor (Makino) Makino,ヤマトキソウ,kanagawa_redlist,Pogonia minor (Makino) Makino,verbatim,5308790,Pogonia minor (Makino) Makino,Plantae,Tracheophyta,Liliopsida,Asparagales,Orchidaceae,Pogonia,SPECIES,EXACT,100,ACCEPTED,
"onthophagus (strandius) japonicus harold, 1874","Onthophagus (Strandius)  japonicus Harold, 1874",ヤマトエンマコガネ,kanagawa_redlist,"Onthophagus (Strandius)  japonicus Harold, 1874",verbatim,1089311,"Onthophagus japonicus Harold, 1875",Animalia,Arthropoda,Insecta,Coleoptera,Scarabaeidae,Onthophagus,SPECIES,EXACT,100,ACCEPTED,
ponerorchis chidori (makino) ohwi,Ponerorchis chidori (Makino) Ohwi,ヒナチドリ,kanagawa_redlist,Ponerorchis chidori (Makino) Ohwi,verbatim,3654919,Ponerorchis chidori (Makino) Ohwi,Plantae,Tracheophyta,Liliopsida,Asparagales,Orchidaceae,Hemipilia,SPECIES,EXACT,100,DOUBTFUL,
"protaetia (liocola) brevitarsis brevitarsis (lewis, 1879)","Protaetia (Liocola)  brevitarsis brevitarsis (Lewis, 1879)",シラホシハナムグリ名義タイプ亜種,kanagawa_redlist,"Protaetia (Liocola)  brevitarsis brevitarsis (Lewis, 1879)",verbatim,7199973,"Protaetia brevitarsis brevitarsis (Lewis, 1879)",Animalia,Arthropoda,Insecta,Coleoptera,Scarabaeidae,Protaetia,SUBSPECIES,EXACT,100,ACCEPTED,
ponerorchis graminifolia rchb.f.,Ponerorchis graminifolia Rchb.f.,ウチョウラン,kanagawa_redlist,Ponerorchis graminifolia Rchb.f.,verbatim,2784966,Ponerorchis graminifolia Rchb.f.,Plantae,Tracheophyta,Liliopsida,Asparagales,Orchidaceae,Hemipilia,SPECIES,EXACT,100,SYNONYM,
"trichius japonicus janson, 1885","Trichius japonicus Janson, 1885",トラハナムグリ,kanagawa_redlist,"Trichius japonicus Janson, 1885",verbatim,1085285,"Trichius japonicus Janson, 1885",Animalia,Arthropoda,Insecta,Coleoptera,Scarabaeidae,Trichius,SPECIES,EXACT,100,ACCEPTED,
gastrochilus japonicus (makino) schltr.,Gastrochilus japonicus (Makino) Schltr.,カシノキラン,kanagawa_redlist,Gastrochilus japonicus (Makino) Schltr.,verbatim,5310664,Gastrochilus japonicus (Makino) Schltr.,Plantae,Tracheophyta,Liliopsida,Asparagales,Orchidaceae,Gastrochilus,SPECIES,EXACT,100,ACCEPTED,
"arhopalus tobirensis hayashi, 1968","Arhopalus tobirensis Hayashi, 1968",シナノサビカミキリ,kanagawa_redlist,"Arhopalus tobirensis Hayashi, 1968",verbatim,1115839,"Arhopalus tobirensis Hayashi, 1968",Animalia,Arthropoda,Insecta,Coleoptera,Cerambycidae,Arhopalus,SPECIES,EXACT,100,ACCEPTED,
gastrochilus matsuran (makino) schltr.,Gastrochilus matsuran (Makino) Schltr.,マツラン,kanagawa_redlist,Gastrochilus matsuran (Makino) Schltr.,verbatim,5310700,Gastrochilus matsuran (Makino) Schltr.,Plantae,Tracheophyta,Liliopsida,Asparagales,Orchidaceae,Gastrochilus,SPECIES,EXACT,100,ACCEPTED,
"gaurotes (carilia) atripennis matsushita, 1933","Gaurotes (Carilia) atripennis  Matsushita, 1933",クビアカハナカミキリ,kanagawa_redlist,"Gaurotes (Carilia) atripennis  Matsushita, 1933",verbatim,1113781,"Gaurotes atripennis Matsushita, 1933",Animalia,Arthropoda,Insecta,Coleoptera,Cerambycidae,Gaurotes,SPECIES,EXACT,100,ACCEPTED,
taeniophyllum glandulosum blume,Taeniophyllum glandulosum Blume,クモラン,kanagawa_redlist,Taeniophyllum glandulosum Blume,verbatim,5313824,Taeniophyllum glandulosum Blume,Plantae,Tracheophyta,Liliopsida,Asparagales,Orchidaceae,Taeniophyllum,SPECIES,EXACT,100,ACCEPTED,
"lemula japonica tamanuki, 1938","Lemula japonica Tamanuki, 1938",ニセハムシハナカミキリ,kanagawa_redlist,"Lemula japonica Tamanuki, 1938",verbatim,1127384,"Lemula japonica Tamanuki, 1938",Animalia,Arthropoda,Insecta,Coleoptera,Cerambycidae,Lemula,SPECIES,EXACT,100,ACCEPTED,
platanthera iinumae (makino) makino,Platanthera iinumae (Makino) Makino,イイヌマムカゴ,kanagawa_redlist,Platanthera iinumae (Makino) Makino,verbatim,2797951,Platanthera iinumae Makino,Plantae,Tracheophyta,Liliopsida,Asparagales,Orchidaceae,Platanthera,SPECIES,EXACT,100,ACCEPTED,
"pidonia (pidonia) sylvicola kuboki, 1977","Pidonia (Pidonia) sylvicola Kuboki, 1977",ミヤマヒメハナカミキリ,kanagawa_redlist,"Pidonia (Pidonia) sylvicola Kuboki, 1977",verbatim,1123951,"Pidonia sylvicola Kuboki, 1977",Animalia,Arthropoda,Insecta,Coleoptera,Cerambycidae,Pidonia,SPECIES,EXACT,100,ACCEPTED,
"kuhlhasseltia fissa (f.maek.) t.yukawa, comb. nud.","Kuhlhasseltia fissa (F.Maek.) T.Yukawa, comb. nud.",オオハクウンラン,kanagawa_redlist,"Kuhlhasseltia fissa (F.Maek.) T.Yukawa, comb. nud.",verbatim,2808873,Kuhlhasseltia J.J.Sm.,Plantae,Tracheophyta,Liliopsida,Asparagales,Orchidaceae,Odontochilus,GENUS,HIGHERRANK,94,SYNONYM,
"pidonia (pidonia) matsushitai ohbayashi, 1958","Pidonia (Pidonia) matsushitai Ohbayashi, 1958",マツシタヒメハナカミキリ,kanagawa_redlist,"Pidonia (Pidonia) matsushitai Ohbayashi, 1958",verbatim,1123946,"Pidonia matsushitai Ohbayashi, 1958",Animalia,Arthropoda,Insecta,Coleoptera,Cerambycidae,Pidonia,SPECIES,EXACT,100,ACCEPTED,
allium schoenoprasum l. var. idzuense (h.hara) h.hara,Allium schoenoprasum L. var. idzuense (H.Hara) H.Hara,イズアサツキ,kanagawa_redlist,Allium schoenoprasum L. var. idzuense (H.Hara) H.Hara,verbatim,2855888,Allium schoenoprasum var. idzuense (H.Hara) H.Hara,Plantae,Tracheophyta,Liliopsida,Asparagales,Amaryllidaceae,Allium,VARIETY,EXACT,100,SYNONYM,
"stenygrinum quadrinotatum bates, 1873","Stenygrinum quadrinotatum Bates, 1873",ヨツボシカミキリ,kanagawa_redlist,"Stenygrinum quadrinotatum Bates, 1873",verbatim,1149947,"Stenygrinum quadrinotatum Bates, 1873",Animalia,Arthropoda,Insecta,Coleoptera,Cerambycidae,Stenygrinum,SPECIES,EXACT,100,ACCEPTED,
hosta kiyosumiensis f.maek.,Hosta kiyosumiensis F.Maek.,キヨスミギボウシ,kanagawa_redlist,Hosta kiyosumiensis F.Maek.,verbatim,2771354,Hosta kiyosumiensis F.Maek.,Plantae,Tracheophyta,Liliopsida,Asparagales,Asparagaceae,Hosta,SPECIES,EXACT,100,ACCEPTED,
"glaphyra (yamatoglaphyra) hattorii (ohbayashi, 1954)","Glaphyra (Yamatoglaphyra) hattorii (Ohbayashi, 1954)",クロツヤヒゲナガコバネカミキリ,kanagawa_redlist,"Glaphyra (Yamatoglaphyra) hattorii (Ohbayashi, 1954)",verbatim,7644071,"Glaphyra hattorii Hayashi, 1983",Animalia,Arthropoda,Insecta,Coleoptera,Cerambycidae,Molorchus,SPECIES,EXACT,100,SYNONYM,
sparganium fallax graebn.,Sparganium fallax Graebn.,ヤマトミクリ,kanagawa_redlist,Sparganium fallax Graebn.,verbatim,2702417,Sparganium fallax Graebn.,Plantae,Tracheophyta,Liliopsida,Poales,Typhaceae,Sparganium,SPECIES,EXACT,100,ACCEPTED,
"rhabdoclytus acutivittis inscriptus (bates, 1884)","Rhabdoclytus acutivittis inscriptus (Bates, 1884)",カンボウトラカミキリ,kanagawa_redlist,"Rhabdoclytus acutivittis inscriptus (Bates, 1884)",verbatim,6268572,"Rhabdoclytus acutivittis inscriptus (Bates, 1884)",Animalia,Arthropoda,Insecta,Coleoptera,Cerambycidae,Rhabdoclytus,SUBSPECIES,EXACT,100,ACCEPTED,
sparganium subglobosum morong,Sparganium subglobosum Morong,ヒメミクリ,kanagawa_redlist,Sparganium subglobosum Morong,verbatim,2702424,Sparganium subglobosum Morong,Plantae,Tracheophyta,Liliopsida,Poales,Typhaceae,Sparganium,SPECIES,EXACT,100,ACCEPTED,
"olenecamptus cretaceus cretaceus bates, 1873","Olenecamptus cretaceus cretaceus Bates, 1873",オオシロカミキリ,kanagawa_redlist,"Olenecamptus cretaceus cretaceus Bates, 1873",verbatim,4739124,"Olenecamptus cretaceus Bates, 1873",Animalia,Arthropoda,Insecta,Coleoptera,Cerambycidae,Olenecamptus,SPECIES,HIGHERRANK,99,ACCEPTED,
eriocaulon miquelianum koern,Eriocaulon miquelianum Koern,イヌノヒゲ,kanagawa_redlist,Eriocaulon miquelianum Koern,verbatim,2690814,Eriocaulon miquelianum Körn.,Plantae,Tracheophyta,Liliopsida,Poales,Eriocaulaceae,Eriocaulon,SPECIES,EXACT,100,ACCEPTED,
"stenostola nigerrima (breuning, 1946)","Stenostola nigerrima (Breuning, 1946)",クロキクスイカミキリ,kanagawa_redlist,"Stenostola nigerrima (Breuning, 1946)",verbatim,1149215,"Stenostola nigerrima (Breuning, 1946)",Animalia,Arthropoda,Insecta,Coleoptera,Cerambycidae,Stenostola,SPECIES,EXACT,100,ACCEPTED,
eriocaulon robustius (maxim.) makino var. nigrum satake,Eriocaulon robustius (Maxim.) Makino var. nigrum Satake,クロヒロハノイヌノヒゲ,kanagawa_redlist,Eriocaulon robustius (Maxim.) Makino var. nigrum Satake,verbatim,8321401,Eriocaulon robustium var. nigrum Satake,Plantae,Tracheophyta,Liliopsida,Poales,Eriocaulaceae,Eriocaulon,VARIETY,FUZZY,100,SYNONYM,
"phytoecia (phytoecia) coeruleomicans breuning, 1946","Phytoecia (Phytoecia) coeruleomicans Breuning, 1946",アオキクスイカミキリ,kanagawa_redlist,"Phytoecia (Phytoecia) coeruleomicans Breuning, 1946",verbatim,1130073,"Phytoecia coeruleomicans Breuning, 1946",Animalia,Arthropoda,Insecta,Coleoptera,Cerambycidae,Phytoecia,SPECIES,EXACT,100,ACCEPTED,
juncus nikkoensis satake,Juncus nikkoensis Satake,ニッコウコウガイゼキショウ,kanagawa_redlist,Juncus nikkoensis Satake,verbatim,2701777,Juncus nikkoensis Satake,Plantae,Tracheophyta,Liliopsida,Poales,Juncaceae,Juncus,SPECIES,EXACT,100,SYNONYM,
"macroplea japana (jacoby, 1885)","Macroplea japana (Jacoby, 1885)",キイロネクイハムシ,kanagawa_redlist,"Macroplea japana (Jacoby, 1885)",verbatim,8237860,"Macroplea japana (Jacoby, 1885) Jacoby, 1885",Animalia,Arthropoda,Insecta,Coleoptera,Chrysomelidae,Macroplea,SPECIES,EXACT,100,ACCEPTED,
luzula pallidula kirschner,Luzula pallidula Kirschner,オカスズメノヒエ,kanagawa_redlist,Luzula pallidula Kirschner,verbatim,2700650,Luzula pallidula Kirschner,Plantae,Tracheophyta,Liliopsida,Poales,Juncaceae,Luzula,SPECIES,EXACT,100,SYNONYM,
"donacia vulgaris zschach, 1788","Donacia vulgaris Zschach, 1788",ホソネクイハムシ,kanagawa_redlist,"Donacia vulgaris Zschach, 1788",verbatim,4461514,"Donacia vulgaris Zschach, 1788",Animalia,Arthropoda,Insecta,Coleoptera,Chrysomelidae,Donacia,SPECIES,EXACT,100,ACCEPTED,
carex dissitiflora franch.,Carex dissitiflora Franch.,ミヤマジュズスゲ,kanagawa_redlist,Carex dissitiflora Franch.,verbatim,2726460,Carex dissitiflora Franch.,Plantae,Tracheophyta,Liliopsida,Poales,Cyperaceae,Carex,SPECIES,EXACT,100,ACCEPTED,
"chrysomela populi linnaeus, 1758","Chrysomela populi Linnaeus, 1758",ドロノキハムシ,kanagawa_redlist,"Chrysomela populi Linnaeus, 1758",verbatim,4459737,"Chrysomela populi Linnaeus, 1758",Animalia,Arthropoda,Insecta,Coleoptera,Chrysomelidae,Chrysomela,SPECIES,EXACT,100,ACCEPTED,
carex rouyana franch. & sav.,Carex rouyana Franch. & Sav.,オオタマツリスゲ,kanagawa_redlist,Carex rouyana Franch. & Sav.,verbatim,2729124,Carex rouyana Franch.,Plantae,Tracheophyta,Liliopsida,Poales,Cyperaceae,Carex,SPECIES,EXACT,100,SYNONYM,
"chrysochus chinensis baly, 1859","Chrysochus chinensis Baly, 1859",オオサルハムシ,kanagawa_redlist,"Chrysochus chinensis Baly, 1859",verbatim,12201039,Chrysochus chinensis,Animalia,Arthropoda,Insecta,Coleoptera,Chrysomelidae,Chrysochus,SPECIES,EXACT,98,ACCEPTED,
carex kujuzana ohwi,Carex kujuzana Ohwi,クジュウツリスゲ,kanagawa_redlist,Carex kujuzana Ohwi,verbatim,2725591,Carex kujuzana Ohwi,Plantae,Tracheophyta,Liliopsida,Poales,Cyperaceae,Carex,SPECIES,EXACT,100,ACCEPTED,
"bagous spiculatus o'brien & morimoto, 1994","Bagous spiculatus O'Brien & Morimoto, 1994",ヤヤコブカギアシゾウムシ,kanagawa_redlist,"Bagous spiculatus O'Brien & Morimoto, 1994",verbatim,9571455,"Bagous spiculatus O'Brien & Morimoto, 1994",Animalia,Arthropoda,Insecta,Coleoptera,Curculionidae,Bagous,SPECIES,EXACT,100,ACCEPTED,
carex pseudoaphanolepis ohwi,Carex pseudoaphanolepis Ohwi,アイノコシラスゲ,kanagawa_redlist,Carex pseudoaphanolepis Ohwi,verbatim,3583849,Carex pseudoaphanolepis Ohwi,Plantae,Tracheophyta,Liliopsida,Poales,Cyperaceae,Carex,SPECIES,EXACT,100,ACCEPTED,
"larinus (phyllonomeus) meleagris petri, 1907","Larinus (Phyllonomeus) meleagris Petri, 1907",オオゴボウゾウムシ,kanagawa_redlist,"Larinus (Phyllonomeus) meleagris Petri, 1907",verbatim,9416980,"Larinus meleagris Petri, 1907",Animalia,Arthropoda,Insecta,Coleoptera,Curculionidae,Larinus,SPECIES,EXACT,100,ACCEPTED,
carex pudica honda,Carex pudica Honda,マメスゲ,kanagawa_redlist,Carex pudica Honda,verbatim,2727347,Carex pudica Honda,Plantae,Tracheophyta,Liliopsida,Poales,Cyperaceae,Carex,SPECIES,EXACT,100,ACCEPTED,
"lixus (eulixus) divaricatus motschulsky, 1861","Lixus (Eulixus) divaricatus Motschulsky, 1861",オオカツオゾウムシ,kanagawa_redlist,"Lixus (Eulixus) divaricatus Motschulsky, 1861",verbatim,9350408,"Lixus divaricatus Motschulsky, 1860",Animalia,Arthropoda,Insecta,Coleoptera,Curculionidae,Lixus,SPECIES,EXACT,100,ACCEPTED,
carex sadoensis franch.,Carex sadoensis Franch.,サドスゲ,kanagawa_redlist,Carex sadoensis Franch.,verbatim,2729873,Carex sadoensis Franch.,Plantae,Tracheophyta,Liliopsida,Poales,Cyperaceae,Carex,SPECIES,EXACT,100,ACCEPTED,
"gymnetron villosipenne roelofs, 1875","Gymnetron villosipenne Roelofs, 1875",シラケコバンゾウムシ,kanagawa_redlist,"Gymnetron villosipenne Roelofs, 1875",verbatim,1244930,"Gymnetron villosipenne Roelofs, 1875",Animalia,Arthropoda,Insecta,Coleoptera,Curculionidae,Gymnetron,SPECIES,EXACT,100,ACCEPTED,
cyperus extremiorientalis ohwi,Cyperus extremiorientalis Ohwi,ヒメアオガヤツリ,kanagawa_redlist,Cyperus extremiorientalis Ohwi,verbatim,2714068,Cyperus extremiorientalis Ohwi,Plantae,Tracheophyta,Liliopsida,Poales,Cyperaceae,Cyperus,SPECIES,EXACT,100,SYNONYM,
"gyrinus japonicus sharp, 1873","Gyrinus japonicus Sharp, 1873",ミズスマシ,kanagawa_redlist,"Gyrinus japonicus Sharp, 1873",verbatim,7004113,"Gyrinus japonicus Sharp, 1873",Animalia,Arthropoda,Insecta,Coleoptera,Gyrinidae,Gyrinus,SPECIES,EXACT,100,ACCEPTED,
eleocharis equisetiformis (meinsh.) b.fedtsch.,Eleocharis equisetiformis (Meinsh.) B.Fedtsch.,スジヌマハリイ,kanagawa_redlist,Eleocharis equisetiformis (Meinsh.) B.Fedtsch.,verbatim,2717637,Eleocharis equisetiformis (Meinsh.) B.Fedtsch.,Plantae,Tracheophyta,Liliopsida,Poales,Cyperaceae,Eleocharis,SPECIES,EXACT,100,SYNONYM,
"cylindera (cylindera) gracilis (pallas, 1777)","Cylindera (Cylindera) gracilis (Pallas, 1777)",ホソハンミョウ,kanagawa_redlist,"Cylindera (Cylindera) gracilis (Pallas, 1777)",verbatim,7911776,"Cylindera gracilis (Pallas, 1773)",Animalia,Arthropoda,Insecta,Coleoptera,Carabidae,Cylindera,SPECIES,EXACT,100,ACCEPTED,
eleocharis parvinux ohwi,Eleocharis parvinux Ohwi,コツブヌマハリイ,kanagawa_redlist,Eleocharis parvinux Ohwi,verbatim,2716894,Eleocharis parvinux Ohwi,Plantae,Tracheophyta,Liliopsida,Poales,Cyperaceae,Eleocharis,SPECIES,EXACT,100,ACCEPTED,
"cicindela (cicindela) sachalinensis morawitz, 1862","Cicindela (Cicindela) sachalinensis Morawitz, 1862",ミヤマハンミョウ,kanagawa_redlist,"Cicindela (Cicindela) sachalinensis Morawitz, 1862",verbatim,7394727,"Cicindela sachalinensis A.Morawitz, 1862",Animalia,Arthropoda,Insecta,Coleoptera,Carabidae,Cicindela,SPECIES,EXACT,100,ACCEPTED,
eleocharis ussuriensis zinserl.,Eleocharis ussuriensis Zinserl.,オオヌマハリイ,kanagawa_redlist,Eleocharis ussuriensis Zinserl.,verbatim,2717353,Eleocharis ussuriensis Zinserl.,Plantae,Tracheophyta,Liliopsida,Poales,Cyperaceae,Eleocharis,SPECIES,EXACT,100,ACCEPTED,
"elaphrus (elaphroterus) punctatus motschulsky, 1844","Elaphrus (Elaphroterus) punctatus Motschulsky, 1844",コハンミョウモドキ,kanagawa_redlist,"Elaphrus (Elaphroterus) punctatus Motschulsky, 1844",verbatim,7825504,"Elaphrus punctatus Motschulsky, 1844",Animalia,Arthropoda,Insecta,Coleoptera,Carabidae,Elaphrus,SPECIES,EXACT,100,ACCEPTED,
eriophorum gracile w.d.j.koch ex roth,Eriophorum gracile W.D.J.Koch ex Roth,サギスゲ,kanagawa_redlist,Eriophorum gracile W.D.J.Koch ex Roth,verbatim,8252393,Eriophorum gracile W.D.J.Koch ex Roth,Plantae,Tracheophyta,Liliopsida,Poales,Cyperaceae,Eriophorum,SPECIES,EXACT,100,DOUBTFUL,
"clivina schillhammeri balkenohl, 2021","Clivina schillhammeri Balkenohl, 2021",ツヤヒメヒョウタンゴミムシ,kanagawa_redlist,"Clivina schillhammeri Balkenohl, 2021",verbatim,11168884,"Clivina schillhammeri Balkenohl, 2021",Animalia,Arthropoda,Insecta,Coleoptera,Carabidae,Clivina,SPECIES,EXACT,100,ACCEPTED,
fimbristylis bisumbellata (forssk.) bubani,Fimbristylis bisumbellata (Forssk.) Bubani,オオアゼテンツキ,kanagawa_redlist,Fimbristylis bisumbellata (Forssk.) Bubani,verbatim,2708744,Fimbristylis bisumbellata (Forssk.) Bubani,Plantae,Tracheophyta,Liliopsida,Poales,Cyperaceae,Fimbristylis,SPECIES,EXACT,100,ACCEPTED,
"clivina lewisi andrewes, 1927","Clivina lewisi Andrewes, 1927",クロヒメヒョウタンゴミムシ,kanagawa_redlist,"Clivina lewisi Andrewes, 1927",verbatim,7365289,"Clivina lewisi Andrewes, 1927",Animalia,Arthropoda,Insecta,Coleoptera,Carabidae,Clivina,SPECIES,EXACT,100,ACCEPTED,
fimbristylis complanata (retz.) link,Fimbristylis complanata (Retz.) Link,ノテンツキ,kanagawa_redlist,Fimbristylis complanata (Retz.) Link,verbatim,2708680,Fimbristylis complanata (Retz.) Link,Plantae,Tracheophyta,Liliopsida,Poales,Cyperaceae,Fimbristylis,SPECIES,EXACT,100,ACCEPTED,
"dyschirius (dyschiriodes) cheloscelis bates, 1873","Dyschirius (Dyschiriodes) cheloscelis Bates, 1873",ナガチビヒョウタンゴミムシ,kanagawa_redlist,"Dyschirius (Dyschiriodes) cheloscelis Bates, 1873",verbatim,8014088,"Dyschirius cheloscelis Bates, 1873",Animalia,Arthropoda,Insecta,Coleoptera,Carabidae,Dyschirius,SPECIES,EXACT,100,ACCEPTED,
fimbristylis ovata (burm.f.) j.kern,Fimbristylis ovata (Burm.f.) J.Kern,ヤリテンツキ,kanagawa_redlist,Fimbristylis ovata (Burm.f.) J.Kern,verbatim,2708393,Fimbristylis ovata (Burm.f.) J.Kern,Plantae,Tracheophyta,Liliopsida,Poales,Cyperaceae,Abildgaardia,SPECIES,EXACT,100,SYNONYM,
"dyschirius (dyschiriodes) tristis stephens, 1828","Dyschirius (Dyschiriodes) tristis Stephens, 1828",アシグロチビヒョウタンゴミムシ,kanagawa_redlist,"Dyschirius (Dyschiriodes) tristis Stephens, 1828",verbatim,5756945,"Dyschirius tristis Stephens, 1827",Animalia,Arthropoda,Insecta,Coleoptera,Carabidae,Dyschirius,SPECIES,EXACT,100,ACCEPTED,
fimbristylis verrucifera (maxim.) makino,Fimbristylis verrucifera (Maxim.) Makino,アオテンツキ,kanagawa_redlist,Fimbristylis verrucifera (Maxim.) Makino,verbatim,2709074,Fimbristylis verrucifera (Maxim.) Makino,Plantae,Tracheophyta,Liliopsida,Poales,Cyperaceae,Fimbristylis,SPECIES,EXACT,100,SYNONYM,
"perileptus (perileptus) laticeps laticeps s. uéno, 1955","Perileptus (Perileptus) laticeps laticeps S. Uéno, 1955",オオホソチビゴミムシ,kanagawa_redlist,"Perileptus (Perileptus) laticeps laticeps S. Uéno, 1955",verbatim,8766084,"Perileptus laticeps laticeps Ueno, 1955",Animalia,Arthropoda,Insecta,Coleoptera,Carabidae,Perileptus,SUBSPECIES,EXACT,100,ACCEPTED,
rhynchospora fujiiana makino,Rhynchospora fujiiana Makino,コイヌノハナヒゲ,kanagawa_redlist,Rhynchospora fujiiana Makino,verbatim,3583048,Rhynchospora fujiiana Makino,Plantae,Tracheophyta,Liliopsida,Poales,Cyperaceae,Rhynchospora,SPECIES,EXACT,100,ACCEPTED,
"thalassoduvalius masidai pacificus s. uéno, 1978","Thalassoduvalius masidai pacificus S. Uéno, 1978",イズイソチビゴミムシ,kanagawa_redlist,"Thalassoduvalius masidai pacificus S. Uéno, 1978",verbatim,8734482,"Thalassoduvalius masidai pacificus Ueno, 1978",Animalia,Arthropoda,Insecta,Coleoptera,Carabidae,Thalassoduvalius,SUBSPECIES,EXACT,100,ACCEPTED,
schoenoplectiella mucronata (l.) j.jung & h.k.choi var. tatarana (honda) yashiro,Schoenoplectiella mucronata (L.) J.Jung & H.K.Choi var. tatarana (Honda) Yashiro,タタラカンガレイ,kanagawa_redlist,Schoenoplectiella mucronata (L.) J.Jung & H.K.Choi var. tatarana (Honda) Yashiro,verbatim,9569481,Schoenoplectiella mucronata var. tatarana (Honda) Yashiro,Plantae,Tracheophyta,Liliopsida,Poales,Cyperaceae,Schoenoplectiella,VARIETY,EXACT,100,SYNONYM,
"trechoblemus postilenatus (bates, 1873)","Trechoblemus postilenatus (Bates, 1873)",アトスジチビゴミムシ,kanagawa_redlist,"Trechoblemus postilenatus (Bates, 1873)",verbatim,7460008,"Trechoblemus postilenatus (Bates, 1873)",Animalia,Arthropoda,Insecta,Coleoptera,Carabidae,Trechoblemus,SPECIES,EXACT,100,ACCEPTED,
"schoenoplectiella gemmifera (c.sato, t.maeda & uchino) hayas.","Schoenoplectiella gemmifera (C.Sato, T.Maeda & Uchino) Hayas.",ハタベカンガレイ,kanagawa_redlist,"Schoenoplectiella gemmifera (C.Sato, T.Maeda & Uchino) Hayas.",verbatim,7954465,"Schoenoplectiella gemmifera (C.Sato, T.Maeda & Uchino) Hayas.",Plantae,Tracheophyta,Liliopsida,Poales,Cyperaceae,Schoenoplectiella,SPECIES,EXACT,100,ACCEPTED,
"paratachys gyotokuensis (tanaka, 1956)","Paratachys gyotokuensis (Tanaka, 1956)",ギョウトクコミズギワゴミムシ,kanagawa_redlist,"Paratachys gyotokuensis (Tanaka, 1956)",verbatim,1037845,"Paratachys Casey, 1918",Animalia,Arthropoda,Insecta,Coleoptera,Carabidae,Paratachys,GENUS,HIGHERRANK,92,DOUBTFUL,
schoenoplectiella wallichii (nees) lye,Schoenoplectiella wallichii (Nees) Lye,タイワンヤマイ,kanagawa_redlist,Schoenoplectiella wallichii (Nees) Lye,verbatim,2710783,Schoenoplectiella wallichii (Nees) Lye,Plantae,Tracheophyta,Liliopsida,Poales,Cyperaceae,Schoenoplectiella,SPECIES,EXACT,100,ACCEPTED,
"bembidion (trepanes) articulatum (panzer, 1796)","Bembidion (Trepanes) articulatum (Panzer, 1796)",マダラケシミズギワゴミムシ,kanagawa_redlist,"Bembidion (Trepanes) articulatum (Panzer, 1796)",verbatim,5872124,"Bembidion articulatum (Panzer, 1796)",Animalia,Arthropoda,Insecta,Coleoptera,Carabidae,Bembidion,SPECIES,EXACT,100,ACCEPTED,
agrostis valvata steud.,Agrostis valvata Steud.,ヒメコヌカグサ,kanagawa_redlist,Agrostis valvata Steud.,verbatim,4114549,Agrostis valvata Steud.,Plantae,Tracheophyta,Liliopsida,Poales,Poaceae,Agrostis,SPECIES,EXACT,100,ACCEPTED,
"bembidion (limnaeoperyphus) quadriimpressum (motschulsky, 1860)","Bembidion (Limnaeoperyphus) quadriimpressum (Motschulsky, 1860)",オオズミズギワゴミムシ,kanagawa_redlist,"Bembidion (Limnaeoperyphus) quadriimpressum (Motschulsky, 1860)",verbatim,7399573,"Bembidion quadriimpressum (Motschulsky, 1860)",Animalia,Arthropoda,Insecta,Coleoptera,Carabidae,Bembidion,SPECIES,EXACT,100,ACCEPTED,
anthoxanthum horsfieldii (kunth & benn.) mez ex reeder var. japonicum (maxim.) veldkamp,Anthoxanthum horsfieldii (Kunth & Benn.) Mez ex Reeder var. japonicum (Maxim.) Veldkamp,タカネコウボウ,kanagawa_redlist,Anthoxanthum horsfieldii (Kunth & Benn.) Mez ex Reeder var. japonicum (Maxim.) Veldkamp,verbatim,4133880,Anthoxanthum horsfieldii var. japonicum (Maxim.) Veldkamp,Plantae,Tracheophyta,Liliopsida,Poales,Poaceae,Anthoxanthum,VARIETY,EXACT,100,SYNONYM,
"bembidion (chlorodium) leucolenum bates, 1883","Bembidion (Chlorodium) leucolenum Bates, 1883",アオヘリミズギワゴミムシ,kanagawa_redlist,"Bembidion (Chlorodium) leucolenum Bates, 1883",verbatim,7930152,"Bembidion leucolenum Bates, 1873",Animalia,Arthropoda,Insecta,Coleoptera,Carabidae,Bembidion,SPECIES,EXACT,100,ACCEPTED,
eragrostis japonica (thunb.) trin.,Eragrostis japonica (Thunb.) Trin.,コゴメカゼクサ,kanagawa_redlist,Eragrostis japonica (Thunb.) Trin.,verbatim,2705394,Eragrostis japonica (Thunb.) Trin.,Plantae,Tracheophyta,Liliopsida,Poales,Poaceae,Eragrostis,SPECIES,EXACT,100,ACCEPTED,
"bembidion (odontium) aeneipes bates, 1883","Bembidion (Odontium) aeneipes Bates, 1883",コホソトビミズギワゴミムシ,kanagawa_redlist,"Bembidion (Odontium) aeneipes Bates, 1883",verbatim,8350179,"Bembidion aeneipes Bates, 1883",Animalia,Arthropoda,Insecta,Coleoptera,Carabidae,Bembidion,SPECIES,EXACT,100,ACCEPTED,
glyceria depauperata ohwi var. depauperata,Glyceria depauperata Ohwi var. depauperata,ヒメウキガヤ,kanagawa_redlist,Glyceria depauperata Ohwi var. depauperata,verbatim,12238769,Glyceria depauperata var. depauperata,Plantae,Tracheophyta,Liliopsida,Poales,Poaceae,Glyceria,VARIETY,EXACT,99,ACCEPTED,
"brachinus aeneicostis bates, 1883","Brachinus aeneicostis Bates, 1883",アオバネホソクビゴミムシ,kanagawa_redlist,"Brachinus aeneicostis Bates, 1883",verbatim,6131180,"Brachinus aeneicostis Bates, 1883",Animalia,Arthropoda,Insecta,Coleoptera,Carabidae,Brachinus,SPECIES,EXACT,100,ACCEPTED,
koeleria macrantha (ledeb.) schult. & schult.f.,Koeleria macrantha (Ledeb.) Schult. & Schult.f.,ミノボロ,kanagawa_redlist,Koeleria macrantha (Ledeb.) Schult. & Schult.f.,verbatim,2705914,Koeleria macrantha (Ledeb.) Schult.,Plantae,Tracheophyta,Liliopsida,Poales,Poaceae,Koeleria,SPECIES,EXACT,100,ACCEPTED,
"pterostichus (argutor) dulcis (bates, 1883)","Pterostichus (Argutor) dulcis (Bates, 1883)",ヒロムネナガゴミムシ,kanagawa_redlist,"Pterostichus (Argutor) dulcis (Bates, 1883)",verbatim,7705562,"Pterostichus dulcis (Bates, 1883)",Animalia,Arthropoda,Insecta,Coleoptera,Carabidae,Pterostichus,SPECIES,EXACT,100,ACCEPTED,
sasa maculata nakai var. abei sad.suzuki,Sasa maculata Nakai var. abei Sad.Suzuki,ケマキヤマザサ,kanagawa_redlist,Sasa maculata Nakai var. abei Sad.Suzuki,verbatim,5676185,Sasa maculata var. abei Sad.Suzuki,Plantae,Tracheophyta,Liliopsida,Poales,Poaceae,Sasa,VARIETY,EXACT,100,SYNONYM,
"pterostichus (nialoe) yokohamae nakane & straneo, 1979","Pterostichus (Nialoe) yokohamae Nakane & Straneo, 1979",ヨコハマナガゴミムシ,kanagawa_redlist,"Pterostichus (Nialoe) yokohamae Nakane & Straneo, 1979",verbatim,7668749,"Pterostichus yokohamae Straneo, 1979",Animalia,Arthropoda,Insecta,Coleoptera,Carabidae,Pterostichus,SPECIES,EXACT,100,ACCEPTED,
sasamorpha mollis nakai,Sasamorpha mollis Nakai,ケスズ,kanagawa_redlist,Sasamorpha mollis Nakai,verbatim,4126999,Sasamorpha mollis Nakai,Plantae,Tracheophyta,Liliopsida,Poales,Poaceae,Sasamorpha,SPECIES,EXACT,100,SYNONYM,
"agonum (europhilus) gratiosum nipponicus habu, 1972","Agonum (Europhilus) gratiosum nipponicus Habu, 1972",アシミゾヒメヒラタゴミムシ,kanagawa_redlist,"Agonum (Europhilus) gratiosum nipponicus Habu, 1972",verbatim,4988438,"Agonum gratiosum (Mannerheim, 1853)",Animalia,Arthropoda,Insecta,Coleoptera,Carabidae,Agonum,SPECIES,HIGHERRANK,99,ACCEPTED,
stephania japonica (thunb.) miers,Stephania japonica (Thunb.) Miers,ハスノハカズラ,kanagawa_redlist,Stephania japonica (Thunb.) Miers,verbatim,7268792,Stephania japonica (Thunb.) Miers,Plantae,Tracheophyta,Magnoliopsida,Ranunculales,Menispermaceae,Stephania,SPECIES,EXACT,100,ACCEPTED,
"lorostemmoides ogurae (bates, 1883)","Lorostemmoides ogurae (Bates, 1883)",オグラヒラタゴミムシ,kanagawa_redlist,"Lorostemmoides ogurae (Bates, 1883)",verbatim,11278734,"Lorostemmoides ogurae (Bates, 1883)",Animalia,Arthropoda,Insecta,Coleoptera,Carabidae,Lorostema,SPECIES,EXACT,100,SYNONYM,
actaea asiatica h.hara,Actaea asiatica H.Hara,ルイヨウショウマ,kanagawa_redlist,Actaea asiatica H.Hara,verbatim,5616625,Actaea asiatica H.Hara,Plantae,Tracheophyta,Magnoliopsida,Ranunculales,Ranunculaceae,Actaea,SPECIES,EXACT,100,ACCEPTED,
"stenolophus (stenolophus) connotatus bates, 1873","Stenolophus (Stenolophus) connotatus Bates, 1873",セグロマメゴモクムシ,kanagawa_redlist,"Stenolophus (Stenolophus) connotatus Bates, 1873",verbatim,7909679,"Stenolophus connotatus Bates, 1873",Animalia,Arthropoda,Insecta,Coleoptera,Carabidae,Stenolophus,SPECIES,EXACT,100,ACCEPTED,
clematis pierotii miq.,Clematis pierotii Miq.,コバノボタンヅル,kanagawa_redlist,Clematis pierotii Miq.,verbatim,3929200,Clematis pierotii Miq.,Plantae,Tracheophyta,Magnoliopsida,Ranunculales,Ranunculaceae,Clematis,SPECIES,EXACT,100,SYNONYM,
"stenolophus (stenolophus) kurosai tanaka, 1962","Stenolophus (Stenolophus) kurosai Tanaka, 1962",クロサマメゴモクムシ,kanagawa_redlist,"Stenolophus (Stenolophus) kurosai Tanaka, 1962",verbatim,7687520,"Stenolophus kurosai Tanaka, 1962",Animalia,Arthropoda,Insecta,Coleoptera,Carabidae,Stenolophus,SPECIES,EXACT,100,ACCEPTED,
clematis tosaensis makino form. purpureofusca (hisauti) yonek.,Clematis tosaensis Makino form. purpureofusca (Hisauti) Yonek.,ムラサキアズマハンショウヅル,kanagawa_redlist,Clematis tosaensis Makino form. purpureofusca (Hisauti) Yonek.,verbatim,10903010,Clematis tosaensis f. purpureofusca (Hisauti) Yonek.,Plantae,Tracheophyta,Magnoliopsida,Ranunculales,Ranunculaceae,Clematis,FORM,EXACT,100,SYNONYM,
"tinoderus singularis (bates, 1873)","Tinoderus singularis (Bates, 1873)",クビナガヨツボシゴミムシ,kanagawa_redlist,"Tinoderus singularis (Bates, 1873)",verbatim,6969667,"Tinoderus singularis (Bates, 1873)",Animalia,Arthropoda,Insecta,Coleoptera,Carabidae,Tinoderus,SPECIES,EXACT,100,ACCEPTED,
coptis quinquefolia miq.,Coptis quinquefolia Miq.,バイカオウレン,kanagawa_redlist,Coptis quinquefolia Miq.,verbatim,7277301,Coptis quinquefolia Miq.,Plantae,Tracheophyta,Magnoliopsida,Ranunculales,Ranunculaceae,Coptis,SPECIES,EXACT,100,ACCEPTED,
"callistoides pericallus (redtenbacher, 1867)","Callistoides pericallus (Redtenbacher, 1867)",オオサカアオゴミムシ,kanagawa_redlist,"Callistoides pericallus (Redtenbacher, 1867)",verbatim,9360532,"Callistoides pericallus (L.Redtenbacher, 1868)",Animalia,Arthropoda,Insecta,Coleoptera,Carabidae,Chlaenius,SPECIES,EXACT,100,SYNONYM,
ranunculus chinensis bunge,Ranunculus chinensis Bunge,コキツネノボタン,kanagawa_redlist,Ranunculus chinensis Bunge,verbatim,3921535,Ranunculus chinensis Bunge,Plantae,Tracheophyta,Magnoliopsida,Ranunculales,Ranunculaceae,Ranunculus,SPECIES,EXACT,100,ACCEPTED,
"odacantha (odacantha) hagai nemoto, 1989","Odacantha (Odacantha) hagai Nemoto, 1989",ハガクビナガゴミムシ,kanagawa_redlist,"Odacantha (Odacantha) hagai Nemoto, 1989",verbatim,7652270,"Odacantha hagai Nemoto, 1989",Animalia,Arthropoda,Insecta,Coleoptera,Carabidae,Odacantha,SPECIES,EXACT,100,ACCEPTED,
ranunculus nipponicus nakai var. submersus h.hara,Ranunculus nipponicus Nakai var. submersus H.Hara,バイカモ,kanagawa_redlist,Ranunculus nipponicus Nakai var. submersus H.Hara,verbatim,12364026,Ranunculus nipponicus var. submersus H.Hara,Plantae,Tracheophyta,Magnoliopsida,Ranunculales,Ranunculaceae,Ranunculus,VARIETY,EXACT,100,SYNONYM,
"apristus cuprascens bates, 1873","Apristus cuprascens Bates, 1873",チビミズアトキリゴミムシ,kanagawa_redlist,"Apristus cuprascens Bates, 1873",verbatim,7647238,"Apristus cuprascens Bates, 1873",Animalia,Arthropoda,Insecta,Coleoptera,Carabidae,Apristus,SPECIES,EXACT,100,ACCEPTED,
ranunculus ternatus thunb.,Ranunculus ternatus Thunb.,ヒキノカサ,kanagawa_redlist,Ranunculus ternatus Thunb.,verbatim,3923071,Ranunculus ternatus Thunb.,Plantae,Tracheophyta,Magnoliopsida,Ranunculales,Ranunculaceae,Ranunculus,SPECIES,EXACT,100,ACCEPTED,
"peltodytes intermedius (sharp, 1873)","Peltodytes intermedius (Sharp, 1873)",コガシラミズムシ,kanagawa_redlist,"Peltodytes intermedius (Sharp, 1873)",verbatim,6965130,"Peltodytes intermedius (Sharp, 1873)",Animalia,Arthropoda,Insecta,Coleoptera,Haliplidae,Peltodytes,SPECIES,EXACT,100,ACCEPTED,
trautvetteria caroliniensis (walter) vail var. japonica (siebold & zucc.) t.shimizu,Trautvetteria caroliniensis (Walter) Vail var. japonica (Siebold & Zucc.) T.Shimizu,モミジカラマツ,kanagawa_redlist,Trautvetteria caroliniensis (Walter) Vail var. japonica (Siebold & Zucc.) T.Shimizu,verbatim,3923646,Trautvetteria caroliniensis var. japonica (Siebold & Zucc.) T.Shimizu,Plantae,Tracheophyta,Magnoliopsida,Ranunculales,Ranunculaceae,Trautvetteria,VARIETY,EXACT,100,SYNONYM,
"hyphydrus japonicus sharp, 1873","Hyphydrus japonicus Sharp, 1873",ケシゲンゴロウ,kanagawa_redlist,"Hyphydrus japonicus Sharp, 1873",verbatim,6002944,"Hyphydrus japonicus Sharp, 1873",Animalia,Arthropoda,Insecta,Coleoptera,Dytiscidae,Hyphydrus,SPECIES,EXACT,100,ACCEPTED,
hylotelephium erythrostictum (miq.) h.ohba,Hylotelephium erythrostictum (Miq.) H.Ohba,ベンケイソウ,kanagawa_redlist,Hylotelephium erythrostictum (Miq.) H.Ohba,verbatim,2985866,Hylotelephium erythrostictum (Miq.) H.Ohba,Plantae,Tracheophyta,Magnoliopsida,Saxifragales,Crassulaceae,Hylotelephium,SPECIES,EXACT,100,ACCEPTED,
"copelatus japonicus sharp, 1884","Copelatus japonicus Sharp, 1884",セスジゲンゴロウ,kanagawa_redlist,"Copelatus japonicus Sharp, 1884",verbatim,6001477,"Copelatus japonicus Sharp, 1884",Animalia,Arthropoda,Insecta,Coleoptera,Dytiscidae,Copelatus,SPECIES,EXACT,100,ACCEPTED,
hylotelephium viride (makino) h.ohba,Hylotelephium viride (Makino) H.Ohba,アオベンケイ,kanagawa_redlist,Hylotelephium viride (Makino) H.Ohba,verbatim,4201639,Hylotelephium viride (Makino) Ohba,Plantae,Tracheophyta,Magnoliopsida,Saxifragales,Crassulaceae,Hylotelephium,SPECIES,EXACT,100,ACCEPTED,
"copelatus takakurai m.satô, 1985","Copelatus takakurai M.Satô, 1985",ヒコサンセスジゲンゴロウ,kanagawa_redlist,"Copelatus takakurai M.Satô, 1985",verbatim,6001776,"Copelatus takakurai Satô, 1985",Animalia,Arthropoda,Insecta,Coleoptera,Dytiscidae,Copelatus,SPECIES,EXACT,100,ACCEPTED,
canavalia lineata (thunb.) dc.,Canavalia lineata (Thunb.) DC.,ハマナタマメ,kanagawa_redlist,Canavalia lineata (Thunb.) DC.,verbatim,2962029,Canavalia lineata (Thunb.) DC.,Plantae,Tracheophyta,Magnoliopsida,Fabales,Fabaceae,Canavalia,SPECIES,EXACT,100,ACCEPTED,
"nebrioporus nipponicus (takizawa, 1933)","Nebrioporus nipponicus (Takizawa, 1933)",ヒメシマチビゲンゴロウ,kanagawa_redlist,"Nebrioporus nipponicus (Takizawa, 1933)",verbatim,5874457,"Nebrioporus nipponicus (Takizawa, 1933)",Animalia,Arthropoda,Insecta,Coleoptera,Dytiscidae,Nebrioporus,SPECIES,EXACT,100,ACCEPTED,
crotalaria sessiliflora l.,Crotalaria sessiliflora L.,タヌキマメ,kanagawa_redlist,Crotalaria sessiliflora L.,verbatim,2942762,Crotalaria sessiliflora L.,Plantae,Tracheophyta,Magnoliopsida,Fabales,Fabaceae,Crotalaria,SPECIES,EXACT,100,ACCEPTED,
"hydrophilus acuminatus motschulsky, 1854","Hydrophilus acuminatus Motschulsky, 1854",ガムシ,kanagawa_redlist,"Hydrophilus acuminatus Motschulsky, 1854",verbatim,6132492,"Hydrophilus acuminatus Motschulsky, 1854",Animalia,Arthropoda,Insecta,Coleoptera,Hydrophilidae,Hydrophilus,SPECIES,EXACT,100,ACCEPTED,
euchresta japonica hook.f. ex regel,Euchresta japonica Hook.f. ex Regel,ミヤマトベラ,kanagawa_redlist,Euchresta japonica Hook.f. ex Regel,verbatim,2951881,Euchresta japonica Hook.f. ex Regel,Plantae,Tracheophyta,Magnoliopsida,Fabales,Fabaceae,Euchresta,SPECIES,EXACT,100,ACCEPTED,
"berosus punctipennis harold, 1878","Berosus punctipennis Harold, 1878",ゴマフガムシ,kanagawa_redlist,"Berosus punctipennis Harold, 1878",verbatim,6132498,"Berosus punctipennis Harold, 1878",Animalia,Arthropoda,Insecta,Coleoptera,Hydrophilidae,Berosus,SPECIES,EXACT,100,ACCEPTED,
vicia nipponica matsum.,Vicia nipponica Matsum.,ヨツバハギ,kanagawa_redlist,Vicia nipponica Matsum.,verbatim,2975153,Vicia nipponica Matsum.,Plantae,Tracheophyta,Magnoliopsida,Fabales,Fabaceae,Vicia,SPECIES,EXACT,100,ACCEPTED,
"berosus japonicus sharp, 1873","Berosus japonicus Sharp, 1873",ヤマトゴマフガムシ,kanagawa_redlist,"Berosus japonicus Sharp, 1873",verbatim,6132497,"Berosus japonicus Sharp, 1873",Animalia,Arthropoda,Insecta,Coleoptera,Hydrophilidae,Berosus,SPECIES,EXACT,100,ACCEPTED,
polygala tatarinowii regel,Polygala tatarinowii Regel,ヒナノキンチャク,kanagawa_redlist,Polygala tatarinowii Regel,verbatim,4050793,Polygala tatarinowii Regel,Plantae,Tracheophyta,Magnoliopsida,Fabales,Polygalaceae,Polygala,SPECIES,EXACT,100,ACCEPTED,
"saprinus (saprinus) planiusculus motschulsky, 1849","Saprinus (Saprinus) planiusculus Motschulsky, 1849",ドウガネエンマムシ,kanagawa_redlist,"Saprinus (Saprinus) planiusculus Motschulsky, 1849",verbatim,4432928,"Saprinus planiusculus Motschulsky, 1849",Animalia,Arthropoda,Insecta,Coleoptera,Histeridae,Saprinus,SPECIES,EXACT,100,ACCEPTED,
agrimonia coreana nakai,Agrimonia coreana Nakai,チョウセンキンミズヒキ,kanagawa_redlist,Agrimonia coreana Nakai,verbatim,3001990,Agrimonia coreana Nakai,Plantae,Tracheophyta,Magnoliopsida,Rosales,Rosaceae,Agrimonia,SPECIES,EXACT,100,ACCEPTED,
"saprinus (saprinus) splendens (paykull, 1811)","Saprinus (Saprinus) splendens (Paykull, 1811)",ルリエンマムシ,kanagawa_redlist,"Saprinus (Saprinus) splendens (Paykull, 1811)",verbatim,4769651,"Saprinus splendens (Paykull, 1811)",Animalia,Arthropoda,Insecta,Coleoptera,Histeridae,Saprinus,SPECIES,EXACT,100,ACCEPTED,
laurocerasus spinulosa (siebold & zucc.) c.k.schneid.,Laurocerasus spinulosa (Siebold & Zucc.) C.K.Schneid.,リンボク,kanagawa_redlist,Laurocerasus spinulosa (Siebold & Zucc.) C.K.Schneid.,verbatim,3022139,Laurocerasus spinulosa (Siebold & Zucc.) C.K.Schneid.,Plantae,Tracheophyta,Magnoliopsida,Rosales,Rosaceae,Prunus,SPECIES,EXACT,100,SYNONYM,
"hypocacculus (nessus) asticus (lewis, 1911)","Hypocacculus (Nessus) asticus (Lewis, 1911)",ヒメハマベエンマムシ,kanagawa_redlist,"Hypocacculus (Nessus) asticus (Lewis, 1911)",verbatim,5995256,"Hypocacculus asticus (Lewis, 1911)",Animalia,Arthropoda,Insecta,Coleoptera,Histeridae,Hypocaccus,SPECIES,EXACT,100,SYNONYM,
rubus minusculus h.lev. & vaniot,Rubus minusculus H.Lev. & Vaniot,ヒメバライチゴ,kanagawa_redlist,Rubus minusculus H.Lev. & Vaniot,verbatim,2997621,Rubus minusculus H.Lév. & Vaniot,Plantae,Tracheophyta,Magnoliopsida,Rosales,Rosaceae,Rubus,SPECIES,EXACT,100,ACCEPTED,
"thanatophilus sinuatus (fabricius, 1775)","Thanatophilus sinuatus (Fabricius, 1775)",ヒメヒラタシデムシ,kanagawa_redlist,"Thanatophilus sinuatus (Fabricius, 1775)",verbatim,4448510,"Thanatophilus sinuatus (Fabricius, 1775)",Animalia,Arthropoda,Insecta,Coleoptera,Staphylinidae,Thanatophilus,SPECIES,EXACT,100,ACCEPTED,
rhamnus davurica pall. var. nipponica makino,Rhamnus davurica Pall. var. nipponica Makino,クロツバラ,kanagawa_redlist,Rhamnus davurica Pall. var. nipponica Makino,verbatim,6371148,Rhamnus davurica var. nipponica Makino,Plantae,Tracheophyta,Magnoliopsida,Rosales,Rhamnaceae,Rhamnus,VARIETY,EXACT,100,SYNONYM,
"liparocephalus tokunagai sakaguti, 1944","Liparocephalus tokunagai Sakaguti, 1944",オオズウミハネカクシ,kanagawa_redlist,"Liparocephalus tokunagai Sakaguti, 1944",verbatim,1040829,"Liparocephalus tokunagai Sakaguti, 1944",Animalia,Arthropoda,Insecta,Coleoptera,Staphylinidae,Liparocephalus,SPECIES,EXACT,100,ACCEPTED,
laportea macrostachya (maxim.) ohwi,Laportea macrostachya (Maxim.) Ohwi,ミヤマイラクサ,kanagawa_redlist,Laportea macrostachya (Maxim.) Ohwi,verbatim,4099156,Laportea macrostachya (Maxim.) Ohwi,Plantae,Tracheophyta,Magnoliopsida,Rosales,Urticaceae,Laportea,SPECIES,EXACT,100,SYNONYM,
"nicagus japonicus nagel, 1928","Nicagus japonicus Nagel, 1928",マグソクワガタ,kanagawa_redlist,"Nicagus japonicus Nagel, 1928",verbatim,8326439,"Nicagus japonicus Nagel, 1928",Animalia,Arthropoda,Insecta,Coleoptera,Lucanidae,Nicagus,SPECIES,EXACT,100,ACCEPTED,
pellionia minima makino,Pellionia minima Makino,サンショウソウ,kanagawa_redlist,Pellionia minima Makino,verbatim,4101136,Pellionia minima Makino,Plantae,Tracheophyta,Magnoliopsida,Rosales,Urticaceae,Elatostema,SPECIES,EXACT,100,SYNONYM,
"dorcus hopei binodulosus waterhouse, 1874","Dorcus hopei binodulosus Waterhouse, 1874",オオクワガタ,kanagawa_redlist,"Dorcus hopei binodulosus Waterhouse, 1874",verbatim,7697962,"Dorcus hopei (Saunders, 1854)",Animalia,Arthropoda,Insecta,Coleoptera,Lucanidae,Dorcus,SPECIES,HIGHERRANK,99,ACCEPTED,
quercus phillyreoides a.gray,Quercus phillyreoides A.Gray,ウバメガシ,kanagawa_redlist,Quercus phillyreoides A.Gray,verbatim,2879470,Quercus phillyreoides A.Gray,Plantae,Tracheophyta,Magnoliopsida,Fagales,Fagaceae,Quercus,SPECIES,EXACT,100,ACCEPTED,
"rakovicius ainu (lewis, 1895)","Rakovicius ainu (Lewis, 1895)",アイヌケシマグソコガネ,kanagawa_redlist,"Rakovicius ainu (Lewis, 1895)",verbatim,1065403,"Rakovicius ainu (Lewis, 1895)",Animalia,Arthropoda,Insecta,Coleoptera,Scarabaeidae,Rakovicius,SPECIES,EXACT,100,ACCEPTED,
betula dahurica pall.,Betula dahurica Pall.,ヤエガワカンバ,kanagawa_redlist,Betula dahurica Pall.,verbatim,5331890,Betula dahurica Pall.,Plantae,Tracheophyta,Magnoliopsida,Fagales,Betulaceae,Betula,SPECIES,EXACT,100,ACCEPTED,
"exomala (exomala) ohdaiensis (sawada, 1941)","Exomala (Exomala) ohdaiensis (Sawada, 1941)",オオダイセマダラコガネ,kanagawa_redlist,"Exomala (Exomala) ohdaiensis (Sawada, 1941)",verbatim,5990699,"Exomala ohdaiensis (Sawada, 1941)",Animalia,Arthropoda,Insecta,Coleoptera,Scarabaeidae,Exomala,SPECIES,EXACT,100,ACCEPTED,
viola acuminata ledeb.,Viola acuminata Ledeb.,エゾノタチツボスミレ,kanagawa_redlist,Viola acuminata Ledeb.,verbatim,7296488,Viola acuminata Ledeb.,Plantae,Tracheophyta,Magnoliopsida,Malpighiales,Violaceae,Viola,SPECIES,EXACT,100,ACCEPTED,
"pseudamophilus japonicus nomura, 1957","Pseudamophilus japonicus Nomura, 1957",ケスジドロムシ,kanagawa_redlist,"Pseudamophilus japonicus Nomura, 1957",verbatim,6967637,"Pseudamophilus japonicus Nomura, 1957",Animalia,Arthropoda,Insecta,Coleoptera,Elmidae,Pseudamophilus,SPECIES,EXACT,100,ACCEPTED,
viola variegata fisch. var. nipponica makino,Viola variegata Fisch. var. nipponica Makino,ゲンジスミレ,kanagawa_redlist,Viola variegata Fisch. var. nipponica Makino,verbatim,7461267,Viola variegata var. nipponica Makino,Plantae,Tracheophyta,Magnoliopsida,Malpighiales,Violaceae,Viola,VARIETY,EXACT,100,SYNONYM,
"antherophagus pallens (linnaeus, 1758)","Antherophagus pallens (Linnaeus, 1758)",ハナバチヤドリキスイ,kanagawa_redlist,"Antherophagus pallens (Linnaeus, 1758)",verbatim,9715608,"Antherophagus pallens (Linnaeus, 1758)",Animalia,Arthropoda,Insecta,Coleoptera,Cryptophagidae,Antherophagus,SPECIES,EXACT,100,ACCEPTED,
viola violacea makino var. makinoi (h.boissieu) hiyama ex f.maek.,Viola violacea Makino var. makinoi (H.Boissieu) Hiyama ex F.Maek.,マキノスミレ,kanagawa_redlist,Viola violacea Makino var. makinoi (H.Boissieu) Hiyama ex F.Maek.,verbatim,12374695,Viola violacea var. makinoi (H.Boissieu) Hiyama ex F.Maek.,Plantae,Tracheophyta,Magnoliopsida,Malpighiales,Violaceae,Viola,VARIETY,EXACT,100,SYNONYM,
"cucujus mniszechi grouvelle, 1874","Cucujus mniszechi Grouvelle, 1874",ルリヒラタムシ,kanagawa_redlist,"Cucujus mniszechi Grouvelle, 1874",verbatim,5877606,"Cucujus mniszechi Grouvelle, 1874",Animalia,Arthropoda,Insecta,Coleoptera,Cucujidae,Cucujus,SPECIES,EXACT,100,ACCEPTED,
salix reinii franch. & sav. ex seemen,Salix reinii Franch. & Sav. ex Seemen,ミヤマヤナギ,kanagawa_redlist,Salix reinii Franch. & Sav. ex Seemen,verbatim,8289327,Salix reinii Franch. & Sav. ex Seemen,Plantae,Tracheophyta,Magnoliopsida,Malpighiales,Salicaceae,Salix,SPECIES,EXACT,100,SYNONYM,
"scymnus (neopullus) nakaikemensis sasaji & kishimoto, 1996","Scymnus (Neopullus) nakaikemensis Sasaji & Kishimoto, 1996",ナカイケミヒメテントウ,kanagawa_redlist,"Scymnus (Neopullus) nakaikemensis Sasaji & Kishimoto, 1996",verbatim,1,Animalia,Animalia,,,,,,KINGDOM,HIGHERRANK,92,ACCEPTED,
euphorbia jolkinii boiss.,Euphorbia jolkinii Boiss.,イワタイゲキ,kanagawa_redlist,Euphorbia jolkinii Boiss.,verbatim,3066890,Euphorbia jolkinii Boiss.,Plantae,Tracheophyta,Magnoliopsida,Malpighiales,Euphorbiaceae,Euphorbia,SPECIES,EXACT,100,ACCEPTED,
"amblyctis nomurai (nakane & hayashi, 1955)","Amblyctis nomurai (Nakane & Hayashi, 1955)",ヒイロホソナガクチキ,kanagawa_redlist,"Amblyctis nomurai (Nakane & Hayashi, 1955)",verbatim,4736915,"Amblyctis LeConte, 1879",Animalia,Arthropoda,Insecta,Coleoptera,Melandryidae,Amblyctis,GENUS,HIGHERRANK,94,ACCEPTED,
euphorbia sendaica makino,Euphorbia sendaica Makino,センダイタイゲキ,kanagawa_redlist,Euphorbia sendaica Makino,verbatim,3065228,Euphorbia sendaica Makino,Plantae,Tracheophyta,Magnoliopsida,Malpighiales,Euphorbiaceae,Euphorbia,SPECIES,EXACT,100,ACCEPTED,
"phellopsis suberea lewis, 1887","Phellopsis suberea Lewis, 1887",アトコブゴミムシダマシ,kanagawa_redlist,"Phellopsis suberea Lewis, 1887",verbatim,6958735,Phellopsis suberea Lewis,Animalia,Arthropoda,Insecta,Coleoptera,Zopheridae,Phellopsis,SPECIES,EXACT,100,ACCEPTED,
epilobium hirsutum l.,Epilobium hirsutum L.,オオアカバナ,kanagawa_redlist,Epilobium hirsutum L.,verbatim,3189172,Epilobium hirsutum L.,Plantae,Tracheophyta,Magnoliopsida,Myrtales,Onagraceae,Epilobium,SPECIES,EXACT,100,ACCEPTED,
"pachyta erebia bates, 1884","Pachyta erebia Bates, 1884",キベリカタビロハナカミキリ,kanagawa_redlist,"Pachyta erebia Bates, 1884",verbatim,5004426,"Pachyta erebia Bates, 1884",Animalia,Arthropoda,Insecta,Coleoptera,Cerambycidae,Pachyta,SPECIES,EXACT,100,ACCEPTED,
ludwigia ovalis miq.,Ludwigia ovalis Miq.,ミズユキノシタ,kanagawa_redlist,Ludwigia ovalis Miq.,verbatim,5545183,Ludwigia ovalis Miq.,Plantae,Tracheophyta,Magnoliopsida,Myrtales,Onagraceae,Ludwigia,SPECIES,EXACT,100,ACCEPTED,
"brachyta bifasciata japonica (matsushita, 1933)","Brachyta bifasciata japonica (Matsushita, 1933)",フタスジカタビロハナカミキリ,kanagawa_redlist,"Brachyta bifasciata japonica (Matsushita, 1933)",verbatim,6269423,"Brachyta bifasciata japonica (Matsushita, 1933)",Animalia,Arthropoda,Insecta,Coleoptera,Cerambycidae,Brachyta,SUBSPECIES,EXACT,100,ACCEPTED,
triumfetta japonica makino,Triumfetta japonica Makino,ラセンソウ,kanagawa_redlist,Triumfetta japonica Makino,verbatim,4259829,Triumfetta japonica Makino,Plantae,Tracheophyta,Magnoliopsida,Malvales,Malvaceae,Triumfetta,SPECIES,EXACT,100,ACCEPTED,
"pseudosieversia japonica (ohbayashi, 1937)","Pseudosieversia japonica (Ohbayashi, 1937)",チャイロヒメコブハナカミキリ,kanagawa_redlist,"Pseudosieversia japonica (Ohbayashi, 1937)",verbatim,1123473,"Pseudosieversia japonica (Ohbayashi, 1937)",Animalia,Arthropoda,Insecta,Coleoptera,Cerambycidae,Pseudosieversia,SPECIES,EXACT,100,ACCEPTED,
persicaria breviochreata (makino) ohki,Persicaria breviochreata (Makino) Ohki,ナガバノヤノネグサ,kanagawa_redlist,Persicaria breviochreata (Makino) Ohki,verbatim,4036556,Persicaria breviochreata (Makino) Ohki,Plantae,Tracheophyta,Magnoliopsida,Caryophyllales,Polygonaceae,Persicaria,SPECIES,EXACT,100,ACCEPTED,
"pidonia (cryptopidonia) insuturata pic, 1901","Pidonia (Cryptopidonia) insuturata Pic, 1901",ヨコモンヒメハナカミキリ,kanagawa_redlist,"Pidonia (Cryptopidonia) insuturata Pic, 1901",verbatim,1123966,"Pidonia insuturata Pic, 1901",Animalia,Arthropoda,Insecta,Coleoptera,Cerambycidae,Pidonia,SPECIES,EXACT,100,ACCEPTED,
persicaria erectminor (makino) nakai,Persicaria erectminor (Makino) Nakai,ヒメタデ,kanagawa_redlist,Persicaria erectminor (Makino) Nakai,verbatim,8173418,Persicaria erectominor (Makino) Nakai,Plantae,Tracheophyta,Magnoliopsida,Caryophyllales,Polygonaceae,Persicaria,SPECIES,FUZZY,100,ACCEPTED,
"alosterna chalybeella (bates, 1884)","Alosterna chalybeella (Bates, 1884)",チビハナカミキリ,kanagawa_redlist,"Alosterna chalybeella (Bates, 1884)",verbatim,1103901,"Alosterna chalybeella (Bates, 1884)",Animalia,Arthropoda,Insecta,Coleoptera,Cerambycidae,Alosterna,SPECIES,EXACT,100,ACCEPTED,
persicaria thunbergii (siebold & zucc.) h.gross var. coreana (h.lev.) nakai,Persicaria thunbergii (Siebold & Zucc.) H.Gross var. coreana (H.Lev.) Nakai,ヒカゲミゾソバ,kanagawa_redlist,Persicaria thunbergii (Siebold & Zucc.) H.Gross var. coreana (H.Lev.) Nakai,verbatim,12326886,Persicaria thunbergii var. coreana (H.Lév.) Nakai,Plantae,Tracheophyta,Magnoliopsida,Caryophyllales,Polygonaceae,Persicaria,VARIETY,EXACT,98,SYNONYM,
"strangalia takeuchii matsushita & tamanuki, 1935","Strangalia takeuchii Matsushita & Tamanuki, 1935",タケウチホソハナカミキリ,kanagawa_redlist,"Strangalia takeuchii Matsushita & Tamanuki, 1935",verbatim,5998273,"Strangalia takeuchii Matsushita & Tamanuki, 1935",Animalia,Arthropoda,Insecta,Coleoptera,Cerambycidae,Strangalia,SPECIES,EXACT,100,ACCEPTED,
rumex trisetifer stokes,Rumex trisetifer Stokes,ニセコガネギシギシ,kanagawa_redlist,Rumex trisetifer Stokes,verbatim,4035268,Rumex trisetifer Stokes,Plantae,Tracheophyta,Magnoliopsida,Caryophyllales,Polygonaceae,Rumex,SPECIES,EXACT,100,ACCEPTED,
"chlorophorus diadema inhirsutus matsushita, 1934","Chlorophorus diadema inhirsutus Matsushita, 1934",クロトラカミキリ,kanagawa_redlist,"Chlorophorus diadema inhirsutus Matsushita, 1934",verbatim,6270379,"Chlorophorus diadema inhirsutus Matsushita, 1934",Animalia,Arthropoda,Insecta,Coleoptera,Cerambycidae,Chlorophorus,SUBSPECIES,EXACT,100,ACCEPTED,
spergularia marina (l.) griseb.,Spergularia marina (L.) Griseb.,ウシオツメクサ,kanagawa_redlist,Spergularia marina (L.) Griseb.,verbatim,3085658,Spergularia marina (L.) Griseb.,Plantae,Tracheophyta,Magnoliopsida,Caryophyllales,Caryophyllaceae,Spergularia,SPECIES,EXACT,100,SYNONYM,
"donacia splendens jacobson, 1894","Donacia splendens Jacobson, 1894",ヒラタネクイハムシ,kanagawa_redlist,"Donacia splendens Jacobson, 1894",verbatim,8306180,"Donacia splendens Jacobson, 1894",Animalia,Arthropoda,Insecta,Coleoptera,Chrysomelidae,Donacia,SPECIES,EXACT,100,DOUBTFUL,
chenopodium acuminatum willd. var. vachelii (hook. & arn.) moq.,Chenopodium acuminatum Willd. var. vachelii (Hook. & Arn.) Moq.,カワラアカザ,kanagawa_redlist,Chenopodium acuminatum Willd. var. vachelii (Hook. & Arn.) Moq.,verbatim,7427477,Chenopodium acuminatum var. vachelii (Hook. & Arn.) Moq.,Plantae,Tracheophyta,Magnoliopsida,Caryophyllales,Amaranthaceae,Chenopodium,VARIETY,EXACT,100,SYNONYM,
"donacia bicoloricornis chen, 1941","Donacia bicoloricornis Chen, 1941",キアシネクイハムシ,kanagawa_redlist,"Donacia bicoloricornis Chen, 1941",verbatim,5876087,Donacia bicoloricornis Chen,Animalia,Arthropoda,Insecta,Coleoptera,Chrysomelidae,Donacia,SPECIES,EXACT,100,ACCEPTED,
chenopodium gracilispicum h.w.kung,Chenopodium gracilispicum H.W.Kung,イワアカザ,kanagawa_redlist,Chenopodium gracilispicum H.W.Kung,verbatim,7340042,Chenopodium gracilispicum H.W.Kung,Plantae,Tracheophyta,Magnoliopsida,Caryophyllales,Amaranthaceae,Chenopodiastrum,SPECIES,EXACT,100,SYNONYM,
"chrysolina (erythrochrysa) virgata (motschulsky, 1860)","Chrysolina (Erythrochrysa) virgata (Motschulsky, 1860)",オオルリハムシ,kanagawa_redlist,"Chrysolina (Erythrochrysa) virgata (Motschulsky, 1860)",verbatim,10817425,Chrysolina virgata,Animalia,Arthropoda,Insecta,Coleoptera,Chrysomelidae,Chrysolina,SPECIES,EXACT,98,ACCEPTED,
lysimachia barystachys bunge,Lysimachia barystachys Bunge,ノジトラノオ,kanagawa_redlist,Lysimachia barystachys Bunge,verbatim,3169347,Lysimachia barystachys Bunge,Plantae,Tracheophyta,Magnoliopsida,Ericales,Primulaceae,Lysimachia,SPECIES,EXACT,100,ACCEPTED,
"pyrrhalta nigromarginata (jacoby, 1885)","Pyrrhalta nigromarginata (Jacoby, 1885)",クロヘリウスチャハムシ,kanagawa_redlist,"Pyrrhalta nigromarginata (Jacoby, 1885)",verbatim,1048932,"Pyrrhalta Joannis, 1865",Animalia,Arthropoda,Insecta,Coleoptera,Chrysomelidae,Pyrrhalta,GENUS,HIGHERRANK,94,ACCEPTED,
primula japonica a.gray,Primula japonica A.Gray,クリンソウ,kanagawa_redlist,Primula japonica A.Gray,verbatim,5414324,Primula japonica A.Gray,Plantae,Tracheophyta,Magnoliopsida,Ericales,Primulaceae,Primula,SPECIES,EXACT,100,ACCEPTED,
"altica latericosta subcostata ohno, 1960","Altica latericosta subcostata Ohno, 1960",スジカミナリハムシ,kanagawa_redlist,"Altica latericosta subcostata Ohno, 1960",verbatim,1047649,"Altica Geoffroy, 1762",Animalia,Arthropoda,Insecta,Coleoptera,Chrysomelidae,Altica,GENUS,HIGHERRANK,92,ACCEPTED,
enkianthus cernuus (siebold & zucc.) makino,Enkianthus cernuus (Siebold & Zucc.) Makino,ベニドウダン,kanagawa_redlist,Enkianthus cernuus (Siebold & Zucc.) Makino,verbatim,4169875,Enkianthus cernuus (Siebold & Zucc.) Benth. & Hook.fil. ex Makino,Plantae,Tracheophyta,Magnoliopsida,Ericales,Ericaceae,Enkianthus,SPECIES,EXACT,100,ACCEPTED,
"neocrepidodera sibirica (pic, 1909)","Neocrepidodera sibirica (Pic, 1909)",クサレダマチビトビハムシ,kanagawa_redlist,"Neocrepidodera sibirica (Pic, 1909)",verbatim,8030781,"Neocrepidodera sibirica (Pic, 1909) Pic, 1909",Animalia,Arthropoda,Insecta,Coleoptera,Chrysomelidae,Neocrepidodera,SPECIES,EXACT,100,ACCEPTED,
rhododendron reticulatum d.don ex g.don,Rhododendron reticulatum D.Don ex G.Don,コバノミツバツツジ,kanagawa_redlist,Rhododendron reticulatum D.Don ex G.Don,verbatim,7327850,Rhododendron reticulatum D.Don ex G.Don,Plantae,Tracheophyta,Magnoliopsida,Ericales,Ericaceae,Rhododendron,SPECIES,EXACT,100,ACCEPTED,
"lema (lema) cyanella (linnaeus, 1758)","Lema (Lema) cyanella (Linnaeus, 1758)",ササキクビボソハムシ,kanagawa_redlist,"Lema (Lema) cyanella (Linnaeus, 1758)",verbatim,4461529,"Lema cyanella (Linnaeus, 1758)",Animalia,Arthropoda,Insecta,Coleoptera,Chrysomelidae,Lema,SPECIES,EXACT,100,ACCEPTED,
vaccinium bracteatum thunb.,Vaccinium bracteatum Thunb.,シャシャンボ,kanagawa_redlist,Vaccinium bracteatum Thunb.,verbatim,7136320,Vaccinium bracteatum Thunb.,Plantae,Tracheophyta,Magnoliopsida,Ericales,Ericaceae,Vaccinium,SPECIES,EXACT,100,ACCEPTED,
"cassida vibex linné, 1767","Cassida vibex Linné, 1767",セスジカメノコハムシ,kanagawa_redlist,"Cassida vibex Linné, 1767",verbatim,6097779,"Cassida vibex Linnaeus, 1767",Animalia,Arthropoda,Insecta,Coleoptera,Chrysomelidae,Cassida,SPECIES,EXACT,100,ACCEPTED,
anodendron affine (hook. & arn.) druce,Anodendron affine (Hook. & Arn.) Druce,サカキカズラ,kanagawa_redlist,Anodendron affine (Hook. & Arn.) Druce,verbatim,7316804,Anodendron affine (Hook. & Arn.) Druce,Plantae,Tracheophyta,Magnoliopsida,Gentianales,Apocynaceae,Anodendron,SPECIES,EXACT,100,ACCEPTED,
"coptocephala orientalis baly, 1873","Coptocephala orientalis Baly, 1873",ヨツボシアカツツハムシ,kanagawa_redlist,"Coptocephala orientalis Baly, 1873",verbatim,4406318,"Coptocephala Chevrolat, 1837",Animalia,Arthropoda,Insecta,Coleoptera,Chrysomelidae,Coptocephala,GENUS,HIGHERRANK,92,ACCEPTED,
vincetoxicum macrophyllum siebold & zucc. var. nikoense maxim.,Vincetoxicum macrophyllum Siebold & Zucc. var. nikoense Maxim.,ツルガシワ,kanagawa_redlist,Vincetoxicum macrophyllum Siebold & Zucc. var. nikoense Maxim.,verbatim,8389139,Vincetoxicum macrophyllum var. nikoense Maxim.,Plantae,Tracheophyta,Magnoliopsida,Gentianales,Apocynaceae,Vincetoxicum,VARIETY,EXACT,100,SYNONYM,
"cryptocephalus limbatipennis jacoby, 1885","Cryptocephalus limbatipennis Jacoby, 1885",キスジツツハムシ,kanagawa_redlist,"Cryptocephalus limbatipennis Jacoby, 1885",verbatim,1048649,"Cryptocephalus Geoffroy, 1762",Animalia,Arthropoda,Insecta,Coleoptera,Chrysomelidae,Cryptocephalus,GENUS,HIGHERRANK,94,ACCEPTED,
heliotropium japonicum a.gray,Heliotropium japonicum A.Gray,スナビキソウ,kanagawa_redlist,Heliotropium japonicum A.Gray,verbatim,4064947,Heliotropium japonicum A.Gray,Plantae,Tracheophyta,Magnoliopsida,Boraginales,Heliotropiaceae,Tournefortia,SPECIES,EXACT,100,SYNONYM,
"nanophyes marmoratus (goeze, 1777)","Nanophyes marmoratus (Goeze, 1777)",ホソチビゾウムシ,kanagawa_redlist,"Nanophyes marmoratus (Goeze, 1777)",verbatim,1173721,"Nanophyes marmoratus (Goeze, 1777)",Animalia,Arthropoda,Insecta,Coleoptera,Brentidae,Nanophyes,SPECIES,EXACT,100,DOUBTFUL,
lithospermum murasaki siebold,Lithospermum murasaki Siebold,ムラサキ,kanagawa_redlist,Lithospermum murasaki Siebold,verbatim,4061380,Lithospermum murasaki Siebold,Plantae,Tracheophyta,Magnoliopsida,Boraginales,Boraginaceae,Lithospermum,SPECIES,EXACT,100,SYNONYM,
"bagous kagiashi chûjô & morimoto, 1959","Bagous kagiashi Chûjô & Morimoto, 1959",フタホシカギアシゾウムシ,kanagawa_redlist,"Bagous kagiashi Chûjô & Morimoto, 1959",verbatim,1244536,"Bagous kagiashi Chûjô & Morimoto, 1959",Animalia,Arthropoda,Insecta,Coleoptera,Curculionidae,Bagous,SPECIES,EXACT,100,ACCEPTED,
"nihon krameri (franch. & sav.) a.otero, jim.mejias, valcarcel & p.vargas","Nihon krameri (Franch. & Sav.) A.Otero, Jim.Mejias, Valcarcel & P.Vargas",ルリソウ,kanagawa_redlist,"Nihon krameri (Franch. & Sav.) A.Otero, Jim.Mejias, Valcarcel & P.Vargas",verbatim,10992782,"Nihon krameri (Franch. & Sav.) A.Otero, Jim.Mejías, Valcárcel & P.Vargas",Plantae,Tracheophyta,Magnoliopsida,Boraginales,Boraginaceae,Nihon,SPECIES,EXACT,100,ACCEPTED,
"lepyrus nebulosus motschulsky, 1860","Lepyrus nebulosus Motschulsky, 1860",ウンモンアナアキゾウムシ,kanagawa_redlist,"Lepyrus nebulosus Motschulsky, 1860",verbatim,1184892,"Lepyrus nebulosus Motsch., 1860",Animalia,Arthropoda,Insecta,Coleoptera,Curculionidae,Lepyrus,SPECIES,EXACT,100,ACCEPTED,
veronica rotunda nakai var. petiolata (nakai) albach,Veronica rotunda Nakai var. petiolata (Nakai) Albach,ヒメトラノオ,kanagawa_redlist,Veronica rotunda Nakai var. petiolata (Nakai) Albach,verbatim,3726761,Veronica rotunda var. petiolata (Nakai) Albach,Plantae,Tracheophyta,Magnoliopsida,Lamiales,Plantaginaceae,Veronica,VARIETY,EXACT,100,ACCEPTED,
"limnobaris albosparsa reitter, 1910","Limnobaris albosparsa Reitter, 1910",スゲヒメゾウムシ,kanagawa_redlist,"Limnobaris albosparsa Reitter, 1910",verbatim,1203556,"Limnobaris albosparsa Reitter, 1910",Animalia,Arthropoda,Insecta,Coleoptera,Curculionidae,Limnobaris,SPECIES,EXACT,100,ACCEPTED,
veronicastrum japonicum (nakai) t.yamaz.,Veronicastrum japonicum (Nakai) T.Yamaz.,クガイソウ,kanagawa_redlist,Veronicastrum japonicum (Nakai) T.Yamaz.,verbatim,7331536,Veronicastrum japonicum (Nakai) T.Yamaz.,Plantae,Tracheophyta,Magnoliopsida,Lamiales,Plantaginaceae,Veronicastrum,SPECIES,EXACT,100,ACCEPTED,
"limnobaris babai chûjô & morimoto, 1959","Limnobaris babai Chûjô & Morimoto, 1959",ババスゲヒメゾウムシ,kanagawa_redlist,"Limnobaris babai Chûjô & Morimoto, 1959",verbatim,1203502,"Limnobaris babai Chûjô & Morimoto, 1959",Animalia,Arthropoda,Insecta,Coleoptera,Curculionidae,Limnobaris,SPECIES,EXACT,100,ACCEPTED,
utricularia uliginosa vahl,Utricularia uliginosa Vahl,ムラサキミミカキグサ,kanagawa_redlist,Utricularia uliginosa Vahl,verbatim,3172443,Utricularia uliginosa Vahl,Plantae,Tracheophyta,Magnoliopsida,Lamiales,Lentibulariaceae,Utricularia,SPECIES,EXACT,100,ACCEPTED,
"callytron yuasai (nakane, 1955)","Callytron yuasai (Nakane, 1955)",シロヘリハンミョウ,kanagawa_redlist,"Callytron yuasai (Nakane, 1955)",verbatim,7346592,"Callytron yuasai (Nakane, 1955)",Animalia,Arthropoda,Insecta,Coleoptera,Carabidae,Callytron,SPECIES,EXACT,100,ACCEPTED,
ajuga shikotanensis miyabe & tatew.,Ajuga shikotanensis Miyabe & Tatew.,ツルカコソウ,kanagawa_redlist,Ajuga shikotanensis Miyabe & Tatew.,verbatim,3886565,Ajuga shikotanensis Miyabe & Tatew.,Plantae,Tracheophyta,Magnoliopsida,Lamiales,Lamiaceae,Ajuga,SPECIES,EXACT,100,ACCEPTED,
"carabus (hemicarabus) tuberculosus dejean & boisduval, 1829","Carabus (Hemicarabus) tuberculosus Dejean & Boisduval, 1829",セアカオサムシ,kanagawa_redlist,"Carabus (Hemicarabus) tuberculosus Dejean & Boisduval, 1829",verbatim,9353595,"Carabus tuberculosus Dejean, 1829",Animalia,Arthropoda,Insecta,Coleoptera,Carabidae,Carabus,SPECIES,EXACT,100,ACCEPTED,
pogostemon stellatus (lour.) kuntze,Pogostemon stellatus (Lour.) Kuntze,ミズネコノオ,kanagawa_redlist,Pogostemon stellatus (Lour.) Kuntze,verbatim,7308820,Pogostemon stellatus (Lour.) Kuntze,Plantae,Tracheophyta,Magnoliopsida,Lamiales,Lamiaceae,Pogostemon,SPECIES,EXACT,100,ACCEPTED,
"omophron (omophron) aequale aequale morawitz, 1863","Omophron (Omophron) aequale aequale Morawitz, 1863",カワラゴミムシ,kanagawa_redlist,"Omophron (Omophron) aequale aequale Morawitz, 1863",verbatim,8901144,"Omophron aequale aequale A.Morawitz, 1863",Animalia,Arthropoda,Insecta,Coleoptera,Carabidae,Omophron,SUBSPECIES,EXACT,100,ACCEPTED,
isodon umbrosus (maxim.) h.hara var. leucanthus (murai) k.asano,Isodon umbrosus (Maxim.) H.Hara var. leucanthus (Murai) K.Asano,カメバヒキオコシ,kanagawa_redlist,Isodon umbrosus (Maxim.) H.Hara var. leucanthus (Murai) K.Asano,verbatim,5608810,Isodon umbrosus var. leucanthus (Murata) K.Asano,Plantae,Tracheophyta,Magnoliopsida,Lamiales,Lamiaceae,Isodon,VARIETY,EXACT,100,SYNONYM,
"scarites (parallelomorphus) aterrimus morawitz, 1863","Scarites (Parallelomorphus) aterrimus Morawitz, 1863",ヒョウタンゴミムシ,kanagawa_redlist,"Scarites (Parallelomorphus) aterrimus Morawitz, 1863",verbatim,8111896,"Scarites aterrimus A.Morawitz, 1863",Animalia,Arthropoda,Insecta,Coleoptera,Carabidae,Scarites,SPECIES,EXACT,100,ACCEPTED,
leonurus macranthus maxim.,Leonurus macranthus Maxim.,キセワタ,kanagawa_redlist,Leonurus macranthus Maxim.,verbatim,7307526,Leonurus macranthus Maxim.,Plantae,Tracheophyta,Magnoliopsida,Lamiales,Lamiaceae,Leonurus,SPECIES,EXACT,100,ACCEPTED,
"dyschirius (paradyschirius) steno bates, 1873","Dyschirius (Paradyschirius) steno Bates, 1873",ホソチビヒョウタンゴミムシ,kanagawa_redlist,"Dyschirius (Paradyschirius) steno Bates, 1873",verbatim,8142047,"Dyschirius steno Bates, 1873",Animalia,Arthropoda,Insecta,Coleoptera,Carabidae,Dyschirius,SPECIES,EXACT,100,ACCEPTED,
euphrasia insignis wettst. subsp. iinumae (takeda) t.yamaz. var. idzuensis (takeda) t.yamaz.,Euphrasia insignis Wettst. subsp. iinumae (Takeda) T.Yamaz. var. idzuensis (Takeda) T.Yamaz.,イズコゴメグサ,kanagawa_redlist,Euphrasia insignis Wettst. subsp. iinumae (Takeda) T.Yamaz. var. idzuensis (Takeda) T.Yamaz.,verbatim,8304972,Euphrasia insignis var. idzuensis (Takeda) T.Yamaz.,Plantae,Tracheophyta,Magnoliopsida,Lamiales,Orobanchaceae,Euphrasia,VARIETY,EXACT,100,ACCEPTED,
"craspedonotus tibialis schaum, 1863","Craspedonotus tibialis Schaum, 1863",オサムシモドキ,kanagawa_redlist,"Craspedonotus tibialis Schaum, 1863",verbatim,7729763,"Craspedonotus tibialis Schaum, 1863",Animalia,Arthropoda,Insecta,Coleoptera,Carabidae,Craspedonotus,SPECIES,EXACT,100,ACCEPTED,
euphrasia maximowiczii wettst.,Euphrasia maximowiczii Wettst.,タチコゴメグサ,kanagawa_redlist,Euphrasia maximowiczii Wettst.,verbatim,7564025,Euphrasia maximowiczii Wettst.,Plantae,Tracheophyta,Magnoliopsida,Lamiales,Orobanchaceae,Euphrasia,SPECIES,EXACT,100,DOUBTFUL,
"blemus discus (fabricius, 1792)","Blemus discus (Fabricius, 1792)",フタボシチビゴミムシ,kanagawa_redlist,"Blemus discus (Fabricius, 1792)",verbatim,4478057,"Blemus discus (Fabricius, 1792)",Animalia,Arthropoda,Insecta,Coleoptera,Carabidae,Blemus,SPECIES,EXACT,100,ACCEPTED,
siphonostegia laeta s.moore,Siphonostegia laeta S.Moore,オオヒキヨモギ,kanagawa_redlist,Siphonostegia laeta S.Moore,verbatim,3732285,Siphonostegia laeta S.Moore,Plantae,Tracheophyta,Magnoliopsida,Lamiales,Orobanchaceae,Siphonostegia,SPECIES,EXACT,100,ACCEPTED,
"sakagutia marina s. uéno, 1954","Sakagutia marina S. Uéno, 1954",ウミミズギワゴミムシ,kanagawa_redlist,"Sakagutia marina S. Uéno, 1954",verbatim,8179147,"Sakagutia marina Ueno, 1954",Animalia,Arthropoda,Insecta,Coleoptera,Carabidae,Bembidion,SPECIES,EXACT,100,SYNONYM,
ilex geniculata maxim.,Ilex geniculata Maxim.,フウリンウメモドキ,kanagawa_redlist,Ilex geniculata Maxim.,verbatim,5533668,Ilex geniculata Maxim.,Plantae,Tracheophyta,Magnoliopsida,Aquifoliales,Aquifoliaceae,Ilex,SPECIES,EXACT,100,ACCEPTED,
"brachinus incomptus bates, 1873","Brachinus incomptus Bates, 1873",ヒメホソクビゴミムシ,kanagawa_redlist,"Brachinus incomptus Bates, 1873",verbatim,8193167,"Brachinus incomptus Bates, 1873",Animalia,Arthropoda,Insecta,Coleoptera,Carabidae,Brachinus,SPECIES,EXACT,100,ACCEPTED,
cirsium dipsacolepis (maxim.) matsum.,Cirsium dipsacolepis (Maxim.) Matsum.,モリアザミ,kanagawa_redlist,Cirsium dipsacolepis (Maxim.) Matsum.,verbatim,3113091,Cirsium dipsacolepis (Maxim.) Matsum.,Plantae,Tracheophyta,Magnoliopsida,Asterales,Asteraceae,Cirsium,SPECIES,EXACT,100,ACCEPTED,
"pterostichus (platysma) eschscholtzi (germar, 1824)","Pterostichus (Platysma) eschscholtzi (Germar, 1824)",オオナガゴミムシ,kanagawa_redlist,"Pterostichus (Platysma) eschscholtzi (Germar, 1824)",verbatim,7455759,"Pterostichus eschscholtzii (Germar, 1823)",Animalia,Arthropoda,Insecta,Coleoptera,Carabidae,Pterostichus,SPECIES,FUZZY,99,ACCEPTED,
cirsium maritimum makino,Cirsium maritimum Makino,ハマアザミ,kanagawa_redlist,Cirsium maritimum Makino,verbatim,8108947,Cirsium maritimum Makino,Plantae,Tracheophyta,Magnoliopsida,Asterales,Asteraceae,Cirsium,SPECIES,EXACT,100,ACCEPTED,
"synuchus (synuchus) callitheres (bates, 1873)","Synuchus (Synuchus) callitheres (Bates, 1873)",キアシツヤヒラタゴミムシ,kanagawa_redlist,"Synuchus (Synuchus) callitheres (Bates, 1873)",verbatim,7903125,"Synuchus callitheres (Bates, 1873)",Animalia,Arthropoda,Insecta,Coleoptera,Carabidae,Synuchus,SPECIES,EXACT,100,ACCEPTED,
cirsium sieboldii miq.,Cirsium sieboldii Miq.,キセルアザミ,kanagawa_redlist,Cirsium sieboldii Miq.,verbatim,3112601,Cirsium sieboldii Miq.,Plantae,Tracheophyta,Magnoliopsida,Asterales,Asteraceae,Cirsium,SPECIES,EXACT,100,ACCEPTED,
"stenolophus (stenolophus) taoi kasahara, 1989","Stenolophus (Stenolophus) taoi Kasahara, 1989",タオマメゴモクムシ,kanagawa_redlist,"Stenolophus (Stenolophus) taoi Kasahara, 1989",verbatim,7806824,"Stenolophus taoi Kasahara, 1989",Animalia,Arthropoda,Insecta,Coleoptera,Carabidae,Stenolophus,SPECIES,EXACT,100,ACCEPTED,
erigeron thunbergii a.gray,Erigeron thunbergii A.Gray,アズマギク,kanagawa_redlist,Erigeron thunbergii A.Gray,verbatim,3147413,Erigeron thunbergii A.Gray,Plantae,Tracheophyta,Magnoliopsida,Asterales,Asteraceae,Erigeron,SPECIES,EXACT,100,ACCEPTED,
"badister (baudia) nigriceps morawitz, 1863","Badister (Baudia) nigriceps Morawitz, 1863",クロズカタキバゴミムシ,kanagawa_redlist,"Badister (Baudia) nigriceps Morawitz, 1863",verbatim,7513899,"Badister nigriceps A.Morawitz, 1863",Animalia,Arthropoda,Insecta,Coleoptera,Carabidae,Badister,SPECIES,EXACT,100,ACCEPTED,
eupatorium lindleyanum dc. var. yasushii tuyama,Eupatorium lindleyanum DC. var. yasushii Tuyama,ハマサワヒヨドリ,kanagawa_redlist,Eupatorium lindleyanum DC. var. yasushii Tuyama,verbatim,6296550,Eupatorium lindleyanum var. yasushii Tuyama,Plantae,Tracheophyta,Magnoliopsida,Asterales,Asteraceae,Eupatorium,VARIETY,EXACT,100,ACCEPTED,
"panagaeus (panagaeus) japonicus chaudoir, 1861","Panagaeus (Panagaeus) japonicus Chaudoir, 1861",ヨツボシゴミムシ,kanagawa_redlist,"Panagaeus (Panagaeus) japonicus Chaudoir, 1861",verbatim,8037456,"Panagaeus japonicus Chaudoir, 1862",Animalia,Arthropoda,Insecta,Coleoptera,Carabidae,Panagaeus,SPECIES,EXACT,100,ACCEPTED,
pseudognaphalium hypoleucum (dc.) hilliard & b.l.burtt,Pseudognaphalium hypoleucum (DC.) Hilliard & B.L.Burtt,アキノハハコグサ,kanagawa_redlist,Pseudognaphalium hypoleucum (DC.) Hilliard & B.L.Burtt,verbatim,3101068,Pseudognaphalium hypoleucum (DC.) Hilliard & B.L.Burtt,Plantae,Tracheophyta,Magnoliopsida,Asterales,Asteraceae,Pseudognaphalium,SPECIES,EXACT,100,ACCEPTED,
"peronomerus auripilis bates, 1883","Peronomerus auripilis Bates, 1883",イグチケブカゴミムシ,kanagawa_redlist,"Peronomerus auripilis Bates, 1883",verbatim,7623419,"Peronomerus auripilis Bates, 1883",Animalia,Arthropoda,Insecta,Coleoptera,Carabidae,Peronomerus,SPECIES,EXACT,100,ACCEPTED,
hieracium umbellatum l.,Hieracium umbellatum L.,ヤナギタンポポ,kanagawa_redlist,Hieracium umbellatum L.,verbatim,3135329,Hieracium umbellatum L.,Plantae,Tracheophyta,Magnoliopsida,Asterales,Asteraceae,Hieracium,SPECIES,EXACT,100,ACCEPTED,
"pseudoodes vicarius (bates, 1873)","Pseudoodes vicarius (Bates, 1873)",オオトックリゴミムシ,kanagawa_redlist,"Pseudoodes vicarius (Bates, 1873)",verbatim,10717673,"Pseudoodes vicarius (Bates, 1873)",Animalia,Arthropoda,Insecta,Coleoptera,Carabidae,Pseudoodes,SPECIES,EXACT,100,ACCEPTED,
ixeris chinensis (thunb.) nakai subsp. strigosa (h.lev. & vaniot) kitam.,Ixeris chinensis (Thunb.) Nakai subsp. strigosa (H.Lev. & Vaniot) Kitam.,タカサゴソウ,kanagawa_redlist,Ixeris chinensis (Thunb.) Nakai subsp. strigosa (H.Lev. & Vaniot) Kitam.,verbatim,6292580,Ixeris chinensis subsp. strigosa (H.Lév. & Vaniot) Kitam.,Plantae,Tracheophyta,Magnoliopsida,Asterales,Asteraceae,Ixeris,SUBSPECIES,EXACT,97,ACCEPTED,
"odacantha (odacantha) puziloi solsky, 1875","Odacantha (Odacantha) puziloi Solsky, 1875",ナカグロキバネクビナガゴミムシ,kanagawa_redlist,"Odacantha (Odacantha) puziloi Solsky, 1875",verbatim,7662959,"Odacantha puziloi Solsky, 1875",Animalia,Arthropoda,Insecta,Coleoptera,Carabidae,Odacantha,SPECIES,EXACT,100,ACCEPTED,
ligularia angusta (nakai) kitam.,Ligularia angusta (Nakai) Kitam.,ヤマタバコ,kanagawa_redlist,Ligularia angusta (Nakai) Kitam.,verbatim,5395434,Ligularia angusta (Nakai) Kitam.,Plantae,Tracheophyta,Magnoliopsida,Asterales,Asteraceae,Ligularia,SPECIES,EXACT,100,ACCEPTED,
"cymindis (menas) daimio bates, 1873","Cymindis (Menas) daimio Bates, 1873",ダイミョウアトキリゴミムシ,kanagawa_redlist,"Cymindis (Menas) daimio Bates, 1873",verbatim,8423323,"Cymindis daimio Bates, 1873",Animalia,Arthropoda,Insecta,Coleoptera,Carabidae,Cymindis,SPECIES,EXACT,100,ACCEPTED,
ligularia fischeri (ledeb.) turcz.,Ligularia fischeri (Ledeb.) Turcz.,オタカラコウ,kanagawa_redlist,Ligularia fischeri (Ledeb.) Turcz.,verbatim,5395398,Ligularia fischeri (Ledeb.) Turcz.,Plantae,Tracheophyta,Magnoliopsida,Asterales,Asteraceae,Ligularia,SPECIES,EXACT,100,ACCEPTED,
"drypta (drypta) fulveola bates, 1883","Drypta (Drypta) fulveola Bates, 1883",キイロホソゴミムシ,kanagawa_redlist,"Drypta (Drypta) fulveola Bates, 1883",verbatim,7422670,"Drypta fulveola Bates, 1883",Animalia,Arthropoda,Insecta,Coleoptera,Carabidae,Drypta,SPECIES,EXACT,100,ACCEPTED,
parasenecio adenostyloides (franch. & sav. ex maxim.) h.koyama,Parasenecio adenostyloides (Franch. & Sav. ex Maxim.) H.Koyama,カニコウモリ,kanagawa_redlist,Parasenecio adenostyloides (Franch. & Sav. ex Maxim.) H.Koyama,verbatim,3090530,Parasenecio adenostyloides (Franch. & Sav. ex Maxim.) H.Koyama,Plantae,Tracheophyta,Magnoliopsida,Asterales,Asteraceae,Parasenecio,SPECIES,EXACT,100,ACCEPTED,
"noterus japonicus sharp, 1873","Noterus japonicus Sharp, 1873",コツブゲンゴロウ,kanagawa_redlist,"Noterus japonicus Sharp, 1873",verbatim,7000763,"Noterus japonicus Sharp, 1873",Animalia,Arthropoda,Insecta,Coleoptera,Noteridae,Noterus,SPECIES,EXACT,100,ACCEPTED,
parasenecio farfarifolius (siebold & zucc.) h.koyama var. acerinus (makino) h.koyama,Parasenecio farfarifolius (Siebold & Zucc.) H.Koyama var. acerinus (Makino) H.Koyama,モミジタマブキ,kanagawa_redlist,Parasenecio farfarifolius (Siebold & Zucc.) H.Koyama var. acerinus (Makino) H.Koyama,verbatim,4246920,Parasenecio farfarifolius var. acerinus (Makino) H.Koyama,Plantae,Tracheophyta,Magnoliopsida,Asterales,Asteraceae,Parasenecio,VARIETY,EXACT,100,ACCEPTED,
"allopachria flavomaculata (kamiya, 1938)","Allopachria flavomaculata (Kamiya, 1938)",キボシケシゲンゴロウ,kanagawa_redlist,"Allopachria flavomaculata (Kamiya, 1938)",verbatim,6000120,"Allopachria flavomaculata (Kamiya, 1938)",Animalia,Arthropoda,Insecta,Coleoptera,Dytiscidae,Allopachria,SPECIES,EXACT,100,ACCEPTED,
saussurea pulchella (fisch. ex hornem.) fisch.,Saussurea pulchella (Fisch. ex Hornem.) Fisch.,ヒメヒゴタイ,kanagawa_redlist,Saussurea pulchella (Fisch. ex Hornem.) Fisch.,verbatim,5404202,Saussurea pulchella (Fisch.) Fisch. ex Colla,Plantae,Tracheophyta,Magnoliopsida,Asterales,Asteraceae,Saussurea,SPECIES,EXACT,100,ACCEPTED,
"hydrovatus acuminatus motschulsky, 1860","Hydrovatus acuminatus Motschulsky, 1860",コマルケシゲンゴロウ,kanagawa_redlist,"Hydrovatus acuminatus Motschulsky, 1860",verbatim,5874335,"Hydrovatus acuminatus Motschulsky, 1859",Animalia,Arthropoda,Insecta,Coleoptera,Dytiscidae,Hydrovatus,SPECIES,EXACT,100,ACCEPTED,
saussurea tanakae franch. & sav. ex maxim.,Saussurea tanakae Franch. & Sav. ex Maxim.,セイタカトウヒレン,kanagawa_redlist,Saussurea tanakae Franch. & Sav. ex Maxim.,verbatim,5404328,Saussurea tanakae Franch. & Sav. ex Maxim.,Plantae,Tracheophyta,Magnoliopsida,Asterales,Asteraceae,Saussurea,SPECIES,EXACT,100,ACCEPTED,
"agabus conspicuus sharp, 1873","Agabus conspicuus Sharp, 1873",クロズマメゲンゴロウ,kanagawa_redlist,"Agabus conspicuus Sharp, 1873",verbatim,6001972,"Agabus conspicuus Sharp, 1873",Animalia,Arthropoda,Insecta,Coleoptera,Dytiscidae,Agabus,SPECIES,EXACT,100,ACCEPTED,
tephroseris pierotii (miq.) holub,Tephroseris pierotii (Miq.) Holub,サワオグルマ,kanagawa_redlist,Tephroseris pierotii (Miq.) Holub,verbatim,3131085,Tephroseris pierotii (Miq.) Holub,Plantae,Tracheophyta,Magnoliopsida,Asterales,Asteraceae,Tephroseris,SPECIES,EXACT,100,ACCEPTED,
"hydaticus bowringii clark, 1864","Hydaticus bowringii Clark, 1864",シマゲンゴロウ,kanagawa_redlist,"Hydaticus bowringii Clark, 1864",verbatim,5874053,"Hydaticus bowringii Clark, 1864",Animalia,Arthropoda,Insecta,Coleoptera,Dytiscidae,Hydaticus,SPECIES,EXACT,100,ACCEPTED,
taraxacum venustum h.koidz. subsp. venustum,Taraxacum venustum H.Koidz. subsp. venustum,エゾタンポポ,kanagawa_redlist,Taraxacum venustum H.Koidz. subsp. venustum,verbatim,5394543,Taraxacum venustum Dahlst.,Plantae,Tracheophyta,Magnoliopsida,Asterales,Asteraceae,Taraxacum,SPECIES,HIGHERRANK,97,ACCEPTED,
"amphiops mater sharp, 1873","Amphiops mater Sharp, 1873",タマガムシ,kanagawa_redlist,"Amphiops mater Sharp, 1873",verbatim,8590416,"Amphiops mater Sharp, 1873",Animalia,Arthropoda,Insecta,Coleoptera,Hydrophilidae,Amphiops,SPECIES,EXACT,100,ACCEPTED,
viburnum urceolatum siebold & zucc.,Viburnum urceolatum Siebold & Zucc.,ヤマシグレ,kanagawa_redlist,Viburnum urceolatum Siebold & Zucc.,verbatim,7272689,Viburnum urceolatum Siebold & Zucc.,Plantae,Tracheophyta,Magnoliopsida,Dipsacales,Viburnaceae,Viburnum,SPECIES,EXACT,100,ACCEPTED,
"hypocaccus (hypocaccus) lewisii (schmidt, 1890)","Hypocaccus (Hypocaccus) lewisii (Schmidt, 1890)",カラカネハマベエンマムシ,kanagawa_redlist,"Hypocaccus (Hypocaccus) lewisii (Schmidt, 1890)",verbatim,5993084,"Hypocaccus lewisii (J.E.F.Schmidt, 1890)",Animalia,Arthropoda,Insecta,Coleoptera,Histeridae,Hypocaccus,SPECIES,EXACT,100,ACCEPTED,
evodiopanax innovans (siebold & zucc.) nakai,Evodiopanax innovans (Siebold & Zucc.) Nakai,タカノツメ,kanagawa_redlist,Evodiopanax innovans (Siebold & Zucc.) Nakai,verbatim,3037448,Evodiopanax innovans (Siebold & Zucc.) Nakai,Plantae,Tracheophyta,Magnoliopsida,Apiales,Araliaceae,Gamblea,SPECIES,EXACT,100,SYNONYM,
"hypocaccus (hypocaccus) subaeneus (schmidt, 1890)","Hypocaccus (Hypocaccus) subaeneus (Schmidt, 1890)",ヤマハマベエンマムシ,kanagawa_redlist,"Hypocaccus (Hypocaccus) subaeneus (Schmidt, 1890)",verbatim,5993080,"Hypocaccus subaeneus (J.E.F.Schmidt, 1890)",Animalia,Arthropoda,Insecta,Coleoptera,Histeridae,Hypocaccus,SPECIES,EXACT,100,ACCEPTED,
angelica edulis miyabe ex y.yabe,Angelica edulis Miyabe ex Y.Yabe,アマニュウ,kanagawa_redlist,Angelica edulis Miyabe ex Y.Yabe,verbatim,7928341,Angelica edulis Miyabe ex Y.Yabe,Plantae,Tracheophyta,Magnoliopsida,Apiales,Apiaceae,Angelica,SPECIES,EXACT,100,DOUBTFUL,
"eopachylopus ripae (lewis, 1885)","Eopachylopus ripae (Lewis, 1885)",ツヤハマベエンマムシ,kanagawa_redlist,"Eopachylopus ripae (Lewis, 1885)",verbatim,5995540,"Eopachylopus ripae (Lewis, 1885)",Animalia,Arthropoda,Insecta,Coleoptera,Histeridae,Eopachylopus,SPECIES,EXACT,100,ACCEPTED,
bupleurum falcatum l.,Bupleurum falcatum L.,ミシマサイコ,kanagawa_redlist,Bupleurum falcatum L.,verbatim,6027105,Bupleurum falcatum L.,Plantae,Tracheophyta,Magnoliopsida,Apiales,Apiaceae,Bupleurum,SPECIES,EXACT,100,ACCEPTED,
"ipelates striatipennis (lewis, 1893)","Ipelates striatipennis (Lewis, 1893)",オサシデムシ,kanagawa_redlist,"Ipelates striatipennis (Lewis, 1893)",verbatim,10215319,"Ipelates striatipennis (Lewis, 1893)",Animalia,Arthropoda,Insecta,Coleoptera,Agyrtidae,Ipelates,SPECIES,EXACT,100,ACCEPTED,
bupleurum longiradiatum turcz. var. breviradiatum f.schmidt,Bupleurum longiradiatum Turcz. var. breviradiatum F.Schmidt,ホタルサイコ,kanagawa_redlist,Bupleurum longiradiatum Turcz. var. breviradiatum F.Schmidt,verbatim,6307299,Bupleurum longiradiatum var. breviradiatum F.Schmidt,Plantae,Tracheophyta,Magnoliopsida,Apiales,Apiaceae,Bupleurum,VARIETY,EXACT,100,SYNONYM,
"nicrophorus japonicus harold, 1877","Nicrophorus japonicus Harold, 1877",ヤマトモンシデムシ,kanagawa_redlist,"Nicrophorus japonicus Harold, 1877",verbatim,1038988,"Nicrophorus japonicus (Harold, 1877)",Animalia,Arthropoda,Insecta,Coleoptera,Staphylinidae,Nicrophorus,SPECIES,EXACT,100,ACCEPTED,
dystaenia ibukiensis (y.yabe) kitag.,Dystaenia ibukiensis (Y.Yabe) Kitag.,セリモドキ,kanagawa_redlist,Dystaenia ibukiensis (Y.Yabe) Kitag.,verbatim,3635482,Dystaenia ibukiensis (Y.Yabe) Kitag.,Plantae,Tracheophyta,Magnoliopsida,Apiales,Apiaceae,Dystaenia,SPECIES,EXACT,100,ACCEPTED,
"physoplectus reikoae (sawada, 1992)","Physoplectus reikoae (Sawada, 1992)",ヒラズイソアリヅカムシ,kanagawa_redlist,"Physoplectus reikoae (Sawada, 1992)",verbatim,8179774,"Physoplectus reikoae (K.Sawada, 1992)",Animalia,Arthropoda,Insecta,Coleoptera,Staphylinidae,Physoplectus,SPECIES,EXACT,100,ACCEPTED,
sium ninsi l.,Sium ninsi L.,ムカゴニンジン,kanagawa_redlist,Sium ninsi L.,verbatim,7799736,Sium ninsi L.,Plantae,Tracheophyta,Magnoliopsida,Apiales,Apiaceae,Sium,SPECIES,EXACT,100,ACCEPTED,
"platycerus acuticollis y. kurosawa, 1969","Platycerus acuticollis Y. Kurosawa, 1969",コルリクワガタ,kanagawa_redlist,"Platycerus acuticollis Y. Kurosawa, 1969",verbatim,8168606,"Platycerus acuticollis Kurosawa, 1969",Animalia,Arthropoda,Insecta,Coleoptera,Lucanidae,Platycerus,SPECIES,EXACT,100,ACCEPTED,
huperzia miyoshiana (makino) ching,Huperzia miyoshiana (Makino) Ching,ヒメスギラン,kanagawa_redlist,Huperzia miyoshiana (Makino) Ching,verbatim,2688461,Huperzia miyoshiana (Makino) Ching,Plantae,Tracheophyta,Lycopodiopsida,Lycopodiales,Lycopodiaceae,Huperzia,SPECIES,EXACT,100,ACCEPTED,
"leiopsammodius japonicus (harold, 1878)","Leiopsammodius japonicus (Harold, 1878)",ヤマトケシマグソコガネ,kanagawa_redlist,"Leiopsammodius japonicus (Harold, 1878)",verbatim,1067661,"Leiopsammodius japonicus (Harold, 1878)",Animalia,Arthropoda,Insecta,Coleoptera,Scarabaeidae,Leiopsammodius,SPECIES,EXACT,100,ACCEPTED,
selaginella helvetica (l.) spring,Selaginella helvetica (L.) Spring,エゾノヒメクラマゴケ,kanagawa_redlist,Selaginella helvetica (L.) Spring,verbatim,7452468,Selaginella helvetica (L.) Spring,Plantae,Tracheophyta,Lycopodiopsida,Selaginellales,Selaginellaceae,Selaginella,SPECIES,EXACT,100,ACCEPTED,
"polyphylla (granida) albolineata (motschulsky, 1861)","Polyphylla (Granida) albolineata (Motschulsky, 1861)",シロスジコガネ,kanagawa_redlist,"Polyphylla (Granida) albolineata (Motschulsky, 1861)",verbatim,1057396,"Polyphylla albolineata (Motschulsky, 1861)",Animalia,Arthropoda,Insecta,Coleoptera,Scarabaeidae,Polyphylla,SPECIES,EXACT,100,ACCEPTED,
botrychium multifidum (gmel.) rupr. var. multifidum,Botrychium multifidum (Gmel.) Rupr. var. multifidum,ヤマハナワラビ,kanagawa_redlist,Botrychium multifidum (Gmel.) Rupr. var. multifidum,verbatim,7321453,Botrychium multifidum var. multifidum,Plantae,Tracheophyta,Polypodiopsida,Ophioglossales,Ophioglossaceae,Sceptridium,VARIETY,EXACT,98,SYNONYM,
"osmoderma opicum lewis, 1887","Osmoderma opicum Lewis, 1887",オオチャイロハナムグリ,kanagawa_redlist,"Osmoderma opicum Lewis, 1887",verbatim,1079598,"Osmoderma opicum Lewis, 1887",Animalia,Arthropoda,Insecta,Coleoptera,Scarabaeidae,Osmoderma,SPECIES,EXACT,100,ACCEPTED,
angiopteris lygodiifolia rosenst.,Angiopteris lygodiifolia Rosenst.,リュウビンタイ,kanagawa_redlist,Angiopteris lygodiifolia Rosenst.,verbatim,5615707,Angiopteris lygodiifolia Rosenst.,Plantae,Tracheophyta,Polypodiopsida,Marattiales,Marattiaceae,Angiopteris,SPECIES,EXACT,100,ACCEPTED,
"buprestis (ancylocheira) haemorrhoidalis japanensis e. saunders, 1873","Buprestis (Ancylocheira) haemorrhoidalis japanensis E. Saunders, 1873",クロタマムシ,kanagawa_redlist,"Buprestis (Ancylocheira) haemorrhoidalis japanensis E. Saunders, 1873",verbatim,9402027,"Buprestis haemorrhoidalis japanensis Saunders, 1873",Animalia,Arthropoda,Insecta,Coleoptera,Buprestidae,Buprestis,SUBSPECIES,EXACT,100,ACCEPTED,
osmundastrum cinnamomeum (l.) c.preasl var. fokiense (copel.) tagawa,Osmundastrum cinnamomeum (L.) C.Preasl var. fokiense (Copel.) Tagawa,ヤマドリゼンマイ,kanagawa_redlist,Osmundastrum cinnamomeum (L.) C.Preasl var. fokiense (Copel.) Tagawa,verbatim,7371229,Osmundastrum cinnamomeum var. fokiense (Copel.) Tagawa,Plantae,Tracheophyta,Polypodiopsida,Osmundales,Osmundaceae,Osmundastrum,VARIETY,EXACT,100,SYNONYM,
"intybia niponica (lewis, 1895)","Intybia niponica (Lewis, 1895)",クロキオビジョウカイモドキ,kanagawa_redlist,"Intybia niponica (Lewis, 1895)",verbatim,10739993,"Intybia niponica (Lewis, 1895)",Animalia,Arthropoda,Insecta,Coleoptera,Malachiidae,Intybia,SPECIES,EXACT,100,ACCEPTED,
hymenophyllum oligosorum makino,Hymenophyllum oligosorum Makino,キヨスミコケシノブ,kanagawa_redlist,Hymenophyllum oligosorum Makino,verbatim,3607499,Hymenophyllum oligosorum Makino,Plantae,Tracheophyta,Polypodiopsida,Hymenophyllales,Hymenophyllaceae,Hymenophyllum,SPECIES,EXACT,100,ACCEPTED,
"scymnus (neopullus) yamato h. kamiya, 1961","Scymnus (Neopullus) yamato H. Kamiya, 1961",ヤマトヒメテントウ,kanagawa_redlist,"Scymnus (Neopullus) yamato H. Kamiya, 1961",verbatim,1,Animalia,Animalia,,,,,,KINGDOM,HIGHERRANK,92,ACCEPTED,
vandenboschia miuraensis ebihara,Vandenboschia miuraensis Ebihara,ミウラハイホラゴケ,kanagawa_redlist,Vandenboschia miuraensis Ebihara,verbatim,7510725,Vandenboschia miuraensis Ebihara,Plantae,Tracheophyta,Polypodiopsida,Hymenophyllales,Hymenophyllaceae,Vandenboschia,SPECIES,EXACT,100,ACCEPTED,
"promethis insomnis (lewis, 1894)","Promethis insomnis (Lewis, 1894)",オオユミアシゴミムシダマシ,kanagawa_redlist,"Promethis insomnis (Lewis, 1894)",verbatim,4724936,"Promethis Pascoe, 1869",Animalia,Arthropoda,Insecta,Coleoptera,Tenebrionidae,Promethis,GENUS,HIGHERRANK,94,ACCEPTED,
odontosoria biflora (kaulf.) c.chr.,Odontosoria biflora (Kaulf.) C.Chr.,ハマホラシノブ,kanagawa_redlist,Odontosoria biflora (Kaulf.) C.Chr.,verbatim,3606057,Odontosoria biflora (Kaulf.) C.Chr.,Plantae,Tracheophyta,Polypodiopsida,Polypodiales,Lindsaeaceae,Odontosoria,SPECIES,EXACT,100,ACCEPTED,
"toxotinus reinii (heyden, 1879)","Toxotinus reinii (Heyden, 1879)",モモグロハナカミキリ,kanagawa_redlist,"Toxotinus reinii (Heyden, 1879)",verbatim,5004821,"Toxotinus reinii (Heyden, 1879)",Animalia,Arthropoda,Insecta,Coleoptera,Cerambycidae,Toxotinus,SPECIES,EXACT,100,ACCEPTED,
histiopteris incisa (thunb.) j.sm.,Histiopteris incisa (Thunb.) J.Sm.,ユノミネシダ,kanagawa_redlist,Histiopteris incisa (Thunb.) J.Sm.,verbatim,2650774,Histiopteris incisa (Thunb.) J.Sm.,Plantae,Tracheophyta,Polypodiopsida,Polypodiales,Dennstaedtiaceae,Histiopteris,SPECIES,EXACT,100,ACCEPTED,
"pachypidonia bodemeyeri (pic, 1934)","Pachypidonia bodemeyeri (Pic, 1934)",ヒゲブトハナカミキリ,kanagawa_redlist,"Pachypidonia bodemeyeri (Pic, 1934)",verbatim,1102932,"Pachypidonia bodemeyeri (Pic, 1934)",Animalia,Arthropoda,Insecta,Coleoptera,Cerambycidae,Pachypidonia,SPECIES,EXACT,100,ACCEPTED,
antrophyum obovatum baker,Antrophyum obovatum Baker,タキミシダ,kanagawa_redlist,Antrophyum obovatum Baker,verbatim,4047850,Antrophyum obovatum Baker,Plantae,Tracheophyta,Polypodiopsida,Polypodiales,Pteridaceae,Antrophyum,SPECIES,EXACT,100,ACCEPTED,
"leptura kusamai kusamai ohbayashi & nakane, 1955","Leptura kusamai kusamai Ohbayashi & Nakane, 1955",ヒメヨツスジハナカミキリ,kanagawa_redlist,"Leptura kusamai kusamai Ohbayashi & Nakane, 1955",verbatim,8908645,"Leptura kusamai kusamai N.Ohbayashi, 1999",Animalia,Arthropoda,Insecta,Coleoptera,Cerambycidae,Leptura,SUBSPECIES,EXACT,100,SYNONYM,
pteris fauriei hieron.,Pteris fauriei Hieron.,ハチジョウシダ,kanagawa_redlist,Pteris fauriei Hieron.,verbatim,11253557,Pteris fauriei Hieron.,Plantae,Tracheophyta,Polypodiopsida,Polypodiales,Pteridaceae,Pteris,SPECIES,EXACT,100,ACCEPTED,
"necydalis (necydalisca) solida bates, 1884","Necydalis (Necydalisca) solida Bates, 1884",オオホソコバネカミキリ,kanagawa_redlist,"Necydalis (Necydalisca) solida Bates, 1884",verbatim,1148832,"Necydalis solida Bates, 1884",Animalia,Arthropoda,Insecta,Coleoptera,Cerambycidae,Necydalis,SPECIES,EXACT,100,ACCEPTED,
pteris wallichiana j.agardh,Pteris wallichiana J.Agardh,ナチシダ,kanagawa_redlist,Pteris wallichiana J.Agardh,verbatim,7310164,Pteris wallichiana J.Agardh,Plantae,Tracheophyta,Polypodiopsida,Polypodiales,Pteridaceae,Pteris,SPECIES,EXACT,100,ACCEPTED,
"obrium nakanei ohbayashi,1959","Obrium nakanei Ohbayashi,1959",ナカネアメイロカミキリ,kanagawa_redlist,"Obrium nakanei Ohbayashi,1959",verbatim,1097957,"Obrium nakanei Ohbayashi, 1959",Animalia,Arthropoda,Insecta,Coleoptera,Cerambycidae,Obrium,SPECIES,EXACT,100,ACCEPTED,
acystopteris japonica (luerss.) nakai,Acystopteris japonica (Luerss.) Nakai,ウスヒメワラビ,kanagawa_redlist,Acystopteris japonica (Luerss.) Nakai,verbatim,4015561,Acystopteris japonica (Luerss.) Nakai,Plantae,Tracheophyta,Polypodiopsida,Polypodiales,Cystopteridaceae,Acystopteris,SPECIES,EXACT,100,ACCEPTED,
"acalolepta degener (bates, 1873)","Acalolepta degener (Bates, 1873)",ヒメビロウドカミキリ,kanagawa_redlist,"Acalolepta degener (Bates, 1873)",verbatim,1117778,"Acalolepta degener (Bates, 1873)",Animalia,Arthropoda,Insecta,Coleoptera,Cerambycidae,Acalolepta,SPECIES,EXACT,100,ACCEPTED,
asplenium wrightii d.c.eaton ex hook.,Asplenium wrightii D.C.Eaton ex Hook.,クルマシダ,kanagawa_redlist,Asplenium wrightii D.C.Eaton ex Hook.,verbatim,7758614,Asplenium wrightii D.C.Eaton ex Hook.,Plantae,Tracheophyta,Polypodiopsida,Polypodiales,Aspleniaceae,Asplenium,SPECIES,EXACT,100,ACCEPTED,
"leiopus guttatus (bates, 1873)","Leiopus guttatus (Bates, 1873)",ナカバヤシモモブトカミキリ,kanagawa_redlist,"Leiopus guttatus (Bates, 1873)",verbatim,5999218,"Leiopus guttatus Bates, 1873",Animalia,Arthropoda,Insecta,Coleoptera,Cerambycidae,Acanthocinus,SPECIES,EXACT,100,SYNONYM,
"thelypteris musashiensis (hiyama) nakato, sahashi & m.kato","Thelypteris musashiensis (Hiyama) Nakato, Sahashi & M.Kato",イワハリガネワラビ,kanagawa_redlist,"Thelypteris musashiensis (Hiyama) Nakato, Sahashi & M.Kato",verbatim,5666259,"Thelypteris musashiensis (Hiyama) Nakato, Sahashi & M.Kato",Plantae,Tracheophyta,Polypodiopsida,Polypodiales,Thelypteridaceae,Coryphopteris,SPECIES,EXACT,100,SYNONYM,
"thyestilla gebleri (faldermann, 1835)","Thyestilla gebleri (Faldermann, 1835)",アサカミキリ,kanagawa_redlist,"Thyestilla gebleri (Faldermann, 1835)",verbatim,1129751,"Thyestilla gebleri (Faldermann, 1835)",Animalia,Arthropoda,Insecta,Coleoptera,Cerambycidae,Thyestilla,SPECIES,EXACT,100,ACCEPTED,
thelypteris parasitica (l.) tardieu,Thelypteris parasitica (L.) Tardieu,ケホシダ,kanagawa_redlist,Thelypteris parasitica (L.) Tardieu,verbatim,7621509,Thelypteris parasitica (L.) Tardieu,Plantae,Tracheophyta,Polypodiopsida,Polypodiales,Thelypteridaceae,Christella,SPECIES,EXACT,100,SYNONYM,
"cassida sigillata (gorham, 1885)","Cassida sigillata (Gorham, 1885)",イカリヒメジンガサハムシ,kanagawa_redlist,"Cassida sigillata (Gorham, 1885)",verbatim,6276737,"Cassida sigillata (Gorham, 1885)",Animalia,Arthropoda,Insecta,Coleoptera,Chrysomelidae,Cassida,SPECIES,EXACT,100,ACCEPTED,
athyrium deltoidofrons makino,Athyrium deltoidofrons Makino,サトメシダ,kanagawa_redlist,Athyrium deltoidofrons Makino,verbatim,7289141,Athyrium deltoidofrons Makino,Plantae,Tracheophyta,Polypodiopsida,Polypodiales,Athyriaceae,Athyrium,SPECIES,EXACT,100,ACCEPTED,
"cryptocephalus tetradecaspilotus baly, 1873","Cryptocephalus tetradecaspilotus Baly, 1873",ジュウシホシツツハムシ,kanagawa_redlist,"Cryptocephalus tetradecaspilotus Baly, 1873",verbatim,6132044,"Cryptocephalus tetradecaspilotus Baly, 1837",Animalia,Arthropoda,Insecta,Coleoptera,Chrysomelidae,Cryptocephalus,SPECIES,EXACT,100,ACCEPTED,
athyrium imbricatum h.christ,Athyrium imbricatum H.Christ,ミヤコイヌワラビ,kanagawa_redlist,Athyrium imbricatum H.Christ,verbatim,5644799,Athyrium imbricatum Christ,Plantae,Tracheophyta,Polypodiopsida,Polypodiales,Athyriaceae,Athyrium,SPECIES,EXACT,100,SYNONYM,
"nanophyes japonicus roelofs, 1879","Nanophyes japonicus Roelofs, 1879",ヒシチビゾウムシ,kanagawa_redlist,"Nanophyes japonicus Roelofs, 1879",verbatim,1,Animalia,Animalia,,,,,,KINGDOM,HIGHERRANK,92,ACCEPTED,
athyrium iseanum rosenst. var. angustisectum tagawa,Athyrium iseanum Rosenst. var. angustisectum Tagawa,トガリバイヌワラビ,kanagawa_redlist,Athyrium iseanum Rosenst. var. angustisectum Tagawa,verbatim,8340182,Athyrium iseanum var. angustisectum Tagawa,Plantae,Tracheophyta,Polypodiopsida,Polypodiales,Athyriaceae,Athyrium,VARIETY,EXACT,100,ACCEPTED,
"phyllobius (phyllobius) japonicus faust, 1889","Phyllobius (Phyllobius) japonicus Faust, 1889",ハバビロヒゲボソゾウムシ,kanagawa_redlist,"Phyllobius (Phyllobius) japonicus Faust, 1889",verbatim,7408468,"Phyllobius japonicus Faust, 1889",Animalia,Arthropoda,Insecta,Coleoptera,Curculionidae,Phyllobius,SPECIES,EXACT,100,ACCEPTED,
cornopteris crenulatoserrulata (makino) nakai,Cornopteris crenulatoserrulata (Makino) Nakai,イッポンワラビ,kanagawa_redlist,Cornopteris crenulatoserrulata (Makino) Nakai,verbatim,7228804,Cornopteris crenulatoserrulata (Makino) Nakai,Plantae,Tracheophyta,Polypodiopsida,Polypodiales,Athyriaceae,Cornopteris,SPECIES,EXACT,100,ACCEPTED,
"bembidion (asioperyphus) collutum semiluitum bates, 1883","Bembidion (Asioperyphus) collutum semiluitum Bates, 1883",ハマベミズギワゴミムシ,kanagawa_redlist,"Bembidion (Asioperyphus) collutum semiluitum Bates, 1883",verbatim,9007732,"Bembidion collutum semiluitum Bates, 1883",Animalia,Arthropoda,Insecta,Coleoptera,Carabidae,Bembidion,SUBSPECIES,EXACT,100,ACCEPTED,
deparia pseudoconilii (seriz.) seriz. var. subdeltoidofrons (seriz.) seriz.,Deparia pseudoconilii (Seriz.) Seriz. var. subdeltoidofrons (Seriz.) Seriz.,コヒロハシケシダ,kanagawa_redlist,Deparia pseudoconilii (Seriz.) Seriz. var. subdeltoidofrons (Seriz.) Seriz.,verbatim,4016229,Deparia pseudoconilii var. subdeltoidofrons (Seriz.) Seriz.,Plantae,Tracheophyta,Polypodiopsida,Polypodiales,Athyriaceae,Deparia,VARIETY,EXACT,100,ACCEPTED,
"bembidion (aureoplataphus) aureofuscum bates, 1883","Bembidion (Aureoplataphus) aureofuscum Bates, 1883",カワグチミズギワゴミムシ,kanagawa_redlist,"Bembidion (Aureoplataphus) aureofuscum Bates, 1883",verbatim,8295869,"Bembidion aureofuscum Bates, 1883",Animalia,Arthropoda,Insecta,Coleoptera,Carabidae,Bembidion,SPECIES,EXACT,100,ACCEPTED,
deparia mucilagina (m.kato) nakaike,Deparia mucilagina (M.Kato) Nakaike,ウスゲミヤマシケシダ,kanagawa_redlist,Deparia mucilagina (M.Kato) Nakaike,verbatim,4016396,Deparia mucilagina (M.Kato) Nakaike,Plantae,Tracheophyta,Polypodiopsida,Polypodiales,Athyriaceae,Deparia,SPECIES,EXACT,100,SYNONYM,
"dischissus mirandus bates, 1873","Dischissus mirandus Bates, 1873",オオヨツボシゴミムシ,kanagawa_redlist,"Dischissus mirandus Bates, 1873",verbatim,7861550,"Dischissus mirandus Bates, 1873",Animalia,Arthropoda,Insecta,Coleoptera,Carabidae,Dischissus,SPECIES,EXACT,100,ACCEPTED,
deparia viridifrons (makino) m.kato,Deparia viridifrons (Makino) M.Kato,ミドリワラビ,kanagawa_redlist,Deparia viridifrons (Makino) M.Kato,verbatim,4016126,Deparia viridifrons (Makino) M.Kato,Plantae,Tracheophyta,Polypodiopsida,Polypodiales,Athyriaceae,Deparia,SPECIES,EXACT,100,ACCEPTED,
"liusus hilleri (weise, 1877)","Liusus hilleri (Weise, 1877)",カタモンハネカクシ,kanagawa_redlist,"Liusus hilleri (Weise, 1877)",verbatim,7394486,"Liusus hilleri (J.Weise, 1877)",Animalia,Arthropoda,Insecta,Coleoptera,Staphylinidae,Liusus,SPECIES,EXACT,100,ACCEPTED,
diplazium hayatamae n.ohta & m.takamiya,Diplazium hayatamae N.Ohta & M.Takamiya,オオバミヤマノコギリシダ,kanagawa_redlist,Diplazium hayatamae N.Ohta & M.Takamiya,verbatim,4015053,Diplazium hayatamae N.Ohta & M.Takamiya,Plantae,Tracheophyta,Polypodiopsida,Polypodiales,Athyriaceae,Diplazium,SPECIES,EXACT,100,ACCEPTED,
"polyphylla (gynexophylla) laticollis lewis, 1887","Polyphylla (Gynexophylla) laticollis Lewis, 1887",ヒゲコガネ,kanagawa_redlist,"Polyphylla (Gynexophylla) laticollis Lewis, 1887",verbatim,1057485,"Polyphylla laticollis Lewis, 1887",Animalia,Arthropoda,Insecta,Coleoptera,Scarabaeidae,Polyphylla,SPECIES,EXACT,100,ACCEPTED,
diplazium mettenianum (miq.) c.chr.,Diplazium mettenianum (Miq.) C.Chr.,ミヤマノコギリシダ,kanagawa_redlist,Diplazium mettenianum (Miq.) C.Chr.,verbatim,4016177,Diplazium mettenianum (Miq.) C.Chr.,Plantae,Tracheophyta,Polypodiopsida,Polypodiales,Athyriaceae,Diplazium,SPECIES,EXACT,100,ACCEPTED,
"protaetia (liocola) cataphracta arrow, 1913","Protaetia (Liocola) cataphracta Arrow, 1913",ムラサキツヤハナムグリ,kanagawa_redlist,"Protaetia (Liocola) cataphracta Arrow, 1913",verbatim,1080887,"Protaetia cataphracta Arrow, 1913",Animalia,Arthropoda,Insecta,Coleoptera,Scarabaeidae,Protaetia,SPECIES,EXACT,100,ACCEPTED,
arachniodes mutica (franch. & sav.) ohwi,Arachniodes mutica (Franch. & Sav.) Ohwi,シノブカグマ,kanagawa_redlist,Arachniodes mutica (Franch. & Sav.) Ohwi,verbatim,4039922,Arachniodes mutica (Franch. & Sav.) Ohwi,Plantae,Tracheophyta,Polypodiopsida,Polypodiales,Dryopteridaceae,Arachniodes,SPECIES,EXACT,100,ACCEPTED,
"sambus quadricolor e. saunders, 1873","Sambus quadricolor E. Saunders, 1873",アヤムナビロタマムシ,kanagawa_redlist,"Sambus quadricolor E. Saunders, 1873",verbatim,7346545,"Sambus quadricolor Saunders, 1873",Animalia,Arthropoda,Insecta,Coleoptera,Buprestidae,Sambus,SPECIES,EXACT,100,ACCEPTED,
dryopteris namegatae (sa.kurata) sa.kurata,Dryopteris namegatae (Sa.Kurata) Sa.Kurata,キヨズミオオクジャク,kanagawa_redlist,Dryopteris namegatae (Sa.Kurata) Sa.Kurata,verbatim,5654035,Dryopteris namegatae (Sa.Kurata) Sa.Kurata,Plantae,Tracheophyta,Polypodiopsida,Polypodiales,Dryopteridaceae,Dryopteris,SPECIES,EXACT,100,ACCEPTED,
"luciola parvula kiesenwetter, 1874","Luciola parvula Kiesenwetter, 1874",ヒメボタル,kanagawa_redlist,"Luciola parvula Kiesenwetter, 1874",verbatim,6990496,"Luciola parvula Kiesenwetter, 1874",Animalia,Arthropoda,Insecta,Coleoptera,Lampyridae,Luciola,SPECIES,EXACT,100,ACCEPTED,
dryopteris kuratae nakaike ex hoshiz. & k.a.wilson,Dryopteris kuratae Nakaike ex Hoshiz. & K.A.Wilson,ワカナシダ,kanagawa_redlist,Dryopteris kuratae Nakaike ex Hoshiz. & K.A.Wilson,verbatim,5655860,Dryopteris kuratae Nakaike ex Hoshiz. & K.A.Wilson,Plantae,Tracheophyta,Polypodiopsida,Polypodiales,Dryopteridaceae,Dryopteris,SPECIES,EXACT,100,SYNONYM,
"trachyscelis sabuleti lewis, 1894","Trachyscelis sabuleti Lewis, 1894",ニセマグソコガネダマシ,kanagawa_redlist,"Trachyscelis sabuleti Lewis, 1894",verbatim,4408205,"Trachyscelis Latreille, 1809",Animalia,Arthropoda,Insecta,Coleoptera,Tenebrionidae,Trachyscelis,GENUS,HIGHERRANK,94,ACCEPTED,
dryopteris shikokiana (makino) c.chr.,Dryopteris shikokiana (Makino) C.Chr.,ホオノカワシダ,kanagawa_redlist,Dryopteris shikokiana (Makino) C.Chr.,verbatim,5655133,Dryopteris shikokiana (Makino) C.Chr.,Plantae,Tracheophyta,Polypodiopsida,Polypodiales,Dryopteridaceae,Dryopteris,SPECIES,EXACT,100,ACCEPTED,
"eurypoda (neoprion) batesi gahan, 1894","Eurypoda (Neoprion) batesi Gahan, 1894",ベーツヒラタカミキリ,kanagawa_redlist,"Eurypoda (Neoprion) batesi Gahan, 1894",verbatim,1154615,"Eurypoda batesi Gahan, 1894",Animalia,Arthropoda,Insecta,Coleoptera,Cerambycidae,Eurypoda,SPECIES,EXACT,100,ACCEPTED,
dryopteris sieboldii (van houtte ex mett.) kuntze,Dryopteris sieboldii (van Houtte ex Mett.) Kuntze,ナガサキシダ,kanagawa_redlist,Dryopteris sieboldii (van Houtte ex Mett.) Kuntze,verbatim,7319438,Dryopteris sieboldii (T.Moore) Kuntze,Plantae,Tracheophyta,Polypodiopsida,Polypodiales,Dryopteridaceae,Dryopteris,SPECIES,EXACT,100,ACCEPTED,
"nothorhina punctata (fabricius, 1798)","Nothorhina punctata (Fabricius, 1798)",ケブカヒラタカミキリ,kanagawa_redlist,"Nothorhina punctata (Fabricius, 1798)",verbatim,1153065,"Nothorhina punctata (Fabricius, 1798)",Animalia,Arthropoda,Insecta,Coleoptera,Cerambycidae,Nothorhina,SPECIES,EXACT,100,ACCEPTED,
dryopteris tokyoensis (makino) c.chr.,Dryopteris tokyoensis (Makino) C.Chr.,タニヘゴ,kanagawa_redlist,Dryopteris tokyoensis (Makino) C.Chr.,verbatim,5653708,Dryopteris tokyoensis (Matsum.) C.Chr.,Plantae,Tracheophyta,Polypodiopsida,Polypodiales,Dryopteridaceae,Dryopteris,SPECIES,EXACT,100,ACCEPTED,
"pidonia (pidonia) semiobscura pic, 1901","Pidonia (Pidonia) semiobscura Pic, 1901",ホソガタヒメハナカミキリ,kanagawa_redlist,"Pidonia (Pidonia) semiobscura Pic, 1901",verbatim,1123746,"Pidonia semiobscura Pic, 1902",Animalia,Arthropoda,Insecta,Coleoptera,Cerambycidae,Pidonia,SPECIES,EXACT,100,ACCEPTED,
polystichum braunii (spenn.) fee,Polystichum braunii (Spenn.) Fee,ホソイノデ,kanagawa_redlist,Polystichum braunii (Spenn.) Fee,verbatim,2651092,Polystichum braunii (Spenn.) Fée,Plantae,Tracheophyta,Polypodiopsida,Polypodiales,Dryopteridaceae,Polystichum,SPECIES,EXACT,100,ACCEPTED,
"leptura subtilis bates, 1884","Leptura subtilis Bates, 1884",ヤマトヨツスジハナカミキリ,kanagawa_redlist,"Leptura subtilis Bates, 1884",verbatim,6269488,"Leptura subtilis Bates, 1884",Animalia,Arthropoda,Insecta,Coleoptera,Cerambycidae,Leptura,SPECIES,EXACT,100,ACCEPTED,
goniophlebium niponicum (mett.) bedd.,Goniophlebium niponicum (Mett.) Bedd.,アオネカズラ,kanagawa_redlist,Goniophlebium niponicum (Mett.) Bedd.,verbatim,5733753,Goniophlebium niponicum (Mett.) Bedd.,Plantae,Tracheophyta,Polypodiopsida,Polypodiales,Polypodiaceae,Goniophlebium,SPECIES,EXACT,100,ACCEPTED,
"pedostrangalia femoralis (motschulsky, 1860)","Pedostrangalia femoralis (Motschulsky, 1860)",カタキハナカミキリ,kanagawa_redlist,"Pedostrangalia femoralis (Motschulsky, 1860)",verbatim,1102019,"Pedostrangalia femoralis (Motschulsky, 1860)",Animalia,Arthropoda,Insecta,Coleoptera,Cerambycidae,Pedostrangalia,SPECIES,EXACT,100,ACCEPTED,
tsuga diversifolia (maxim.) mast.,Tsuga diversifolia (Maxim.) Mast.,コメツガ,kanagawa_redlist,Tsuga diversifolia (Maxim.) Mast.,verbatim,2687216,Tsuga diversifolia (Maxim.) Mast.,Plantae,Tracheophyta,Pinopsida,Pinales,Pinaceae,Tsuga,SPECIES,EXACT,100,ACCEPTED,
"margites (margites) fulvidus (pascoe, 1858)","Margites (Margites) fulvidus (Pascoe, 1858)",キイロミヤマカミキリ,kanagawa_redlist,"Margites (Margites) fulvidus (Pascoe, 1858)",verbatim,7760951,"Margites fulvidus (Pascoe, 1858)",Animalia,Arthropoda,Insecta,Coleoptera,Cerambycidae,Margites,SPECIES,EXACT,100,ACCEPTED,
juniperus chinensis l. var. chinensis,Juniperus chinensis L. var. chinensis,イブキ,kanagawa_redlist,Juniperus chinensis L. var. chinensis,verbatim,7230664,Juniperus chinensis var. chinensis,Plantae,Tracheophyta,Pinopsida,Pinales,Cupressaceae,Juniperus,VARIETY,EXACT,99,ACCEPTED,
"xystrocera globosa (olivier, 1795)","Xystrocera globosa (Olivier, 1795)",アオスジカミキリ,kanagawa_redlist,"Xystrocera globosa (Olivier, 1795)",verbatim,1128101,"Xystrocera globosa (Olivier, 1795)",Animalia,Arthropoda,Insecta,Coleoptera,Cerambycidae,Xystrocera,SPECIES,EXACT,100,ACCEPTED,
asarum sieboldii miq.,Asarum sieboldii Miq.,ウスバサイシン,kanagawa_redlist,Asarum sieboldii Miq.,verbatim,7313629,Asarum sieboldii Miq.,Plantae,Tracheophyta,Magnoliopsida,Piperales,Aristolochiaceae,Asarum,SPECIES,EXACT,100,ACCEPTED,
"hesperophanes (trichoferus) campestris (faldermann, 1835)","Hesperophanes (Trichoferus) campestris (Faldermann, 1835)",マルクビケマダラカミキリ,kanagawa_redlist,"Hesperophanes (Trichoferus) campestris (Faldermann, 1835)",verbatim,7431166,"Hesperophanes campestris Pic, 1935",Animalia,Arthropoda,Insecta,Coleoptera,Cerambycidae,Trichoferus,SPECIES,EXACT,97,SYNONYM,3 synonym homonyms
lindera erythrocarpa makino,Lindera erythrocarpa Makino,カナクギノキ,kanagawa_redlist,Lindera erythrocarpa Makino,verbatim,7304557,Lindera erythrocarpa Makino,Plantae,Tracheophyta,Magnoliopsida,Laurales,Lauraceae,Lindera,SPECIES,EXACT,100,ACCEPTED,
"mecynippus pubicornis bates, 1884","Mecynippus pubicornis Bates, 1884",イタヤカミキリ,kanagawa_redlist,"Mecynippus pubicornis Bates, 1884",verbatim,1149120,"Mecynippus pubicornis Bates, 1884",Animalia,Arthropoda,Insecta,Coleoptera,Cerambycidae,Mecynippus,SPECIES,EXACT,100,ACCEPTED,
hydrilla verticillata (l.f.) royle,Hydrilla verticillata (L.f.) Royle,クロモ,kanagawa_redlist,Hydrilla verticillata (L.f.) Royle,verbatim,5329570,Hydrilla verticillata (L.f.) Royle,Plantae,Tracheophyta,Liliopsida,Alismatales,Hydrocharitaceae,Hydrilla,SPECIES,EXACT,100,ACCEPTED,
"palimna liturata (bates, 1884)","Palimna liturata (Bates, 1884)",ヒゲナガゴマフカミキリ,kanagawa_redlist,"Palimna liturata (Bates, 1884)",verbatim,4739616,"Palimna liturata (Bates, 1884)",Animalia,Arthropoda,Insecta,Coleoptera,Cerambycidae,Palimna,SPECIES,EXACT,100,ACCEPTED,
vallisneria asiatica miki,Vallisneria asiatica Miki,セキショウモ,kanagawa_redlist,Vallisneria asiatica Miki,verbatim,2865521,Vallisneria asiatica Miki,Plantae,Tracheophyta,Liliopsida,Alismatales,Hydrocharitaceae,Vallisneria,SPECIES,EXACT,100,SYNONYM,
"pareutetrapha simulans (bates, 1873)","Pareutetrapha simulans (Bates, 1873)",ニセシラホシカミキリ,kanagawa_redlist,"Pareutetrapha simulans (Bates, 1873)",verbatim,1141318,"Pareutetrapha simulans (Bates, 1873)",Animalia,Arthropoda,Insecta,Coleoptera,Cerambycidae,Pareutetrapha,SPECIES,EXACT,100,ACCEPTED,
potamogeton octandrus poir.,Potamogeton octandrus Poir.,ホソバミズヒキモ,kanagawa_redlist,Potamogeton octandrus Poir.,verbatim,7289642,Potamogeton octandrus Poir.,Plantae,Tracheophyta,Liliopsida,Alismatales,Potamogetonaceae,Potamogeton,SPECIES,EXACT,100,ACCEPTED,
"cagosima sanguinolenta thomson, 1864","Cagosima sanguinolenta Thomson, 1864",ハンノキカミキリ,kanagawa_redlist,"Cagosima sanguinolenta Thomson, 1864",verbatim,4739121,"Cagosima sanguinolenta Thomson, 1864",Animalia,Arthropoda,Insecta,Coleoptera,Cerambycidae,Cagosima,SPECIES,EXACT,100,ACCEPTED,
potamogeton pusillus l.,Potamogeton pusillus L.,ツツイトモ,kanagawa_redlist,Potamogeton pusillus L.,verbatim,8351789,Potamogeton pusillus L.,Plantae,Tracheophyta,Liliopsida,Alismatales,Potamogetonaceae,Potamogeton,SPECIES,EXACT,100,ACCEPTED,
"donacia splendens fairmaire, 1885","Donacia splendens Fairmaire, 1885",イネネクイハムシ,kanagawa_redlist,"Donacia splendens Fairmaire, 1885",verbatim,1049445,"Donacia Fabricius, 1775",Animalia,Arthropoda,Insecta,Coleoptera,Chrysomelidae,Donacia,GENUS,HIGHERRANK,94,ACCEPTED,
potamogeton berchtoldii fieber,Potamogeton berchtoldii Fieber,イトモ,kanagawa_redlist,Potamogeton berchtoldii Fieber,verbatim,6389089,Potamogeton berchtoldii Fieber,Plantae,Tracheophyta,Liliopsida,Alismatales,Potamogetonaceae,Potamogeton,SPECIES,EXACT,100,ACCEPTED,
"orectochilus punctipennis sharp, 1884","Orectochilus punctipennis Sharp, 1884",コオナガミズスマシ,kanagawa_redlist,"Orectochilus punctipennis Sharp, 1884",verbatim,7004784,"Orectochilus punctipennis Sharp, 1884",Animalia,Arthropoda,Insecta,Coleoptera,Gyrinidae,Orectochilus,SPECIES,EXACT,100,ACCEPTED,
lilium medeoloides a.gray,Lilium medeoloides A.Gray,クルマユリ,kanagawa_redlist,Lilium medeoloides A.Gray,verbatim,2753445,Lilium medeoloides A.Gray,Plantae,Tracheophyta,Liliopsida,Liliales,Liliaceae,Lilium,SPECIES,EXACT,100,ACCEPTED,
"orectochilus regimbarti regimbarti sharp, 1884","Orectochilus regimbarti regimbarti Sharp, 1884",オナガミズスマシ,kanagawa_redlist,"Orectochilus regimbarti regimbarti Sharp, 1884",verbatim,7004866,"Orectochilus regimbarti Sharp, 1884",Animalia,Arthropoda,Insecta,Coleoptera,Gyrinidae,Orectochilus,SPECIES,HIGHERRANK,99,ACCEPTED,
tricyrtis affinis makino,Tricyrtis affinis Makino,ヤマジノホトトギス,kanagawa_redlist,Tricyrtis affinis Makino,verbatim,2752080,Tricyrtis affinis Makino,Plantae,Tracheophyta,Liliopsida,Liliales,Liliaceae,Tricyrtis,SPECIES,EXACT,100,ACCEPTED,
"orectochilus agilis sharp, 1884","Orectochilus agilis Sharp, 1884",ツマキレオナガミズスマシ,kanagawa_redlist,"Orectochilus agilis Sharp, 1884",verbatim,4408229,"Orectochilus Dejean, 1833",Animalia,Arthropoda,Insecta,Coleoptera,Gyrinidae,Orectochilus,GENUS,HIGHERRANK,92,ACCEPTED,
tricyrtis ishiiana (kitag. & t.koyama) ohwi & okuyama,Tricyrtis ishiiana (Kitag. & T.Koyama) Ohwi & Okuyama,サガミジョウロウホトトギス,kanagawa_redlist,Tricyrtis ishiiana (Kitag. & T.Koyama) Ohwi & Okuyama,verbatim,2752104,Tricyrtis ishiiana (Kitag. & T.Koyama) Ohwi & Okuyama,Plantae,Tracheophyta,Liliopsida,Liliales,Liliaceae,Tricyrtis,SPECIES,EXACT,100,ACCEPTED,
"carabus (leptocarabus) arboreus fujisanus bates, 1883","Carabus (Leptocarabus) arboreus fujisanus Bates, 1883",フジクロナガオサムシ,kanagawa_redlist,"Carabus (Leptocarabus) arboreus fujisanus Bates, 1883",verbatim,9088235,"Carabus arboreus fujisanus Bates, 1883",Animalia,Arthropoda,Insecta,Coleoptera,Carabidae,Carabus,SUBSPECIES,EXACT,100,ACCEPTED,
bulbophyllum inconspicuum maxim.,Bulbophyllum inconspicuum Maxim.,ムギラン,kanagawa_redlist,Bulbophyllum inconspicuum Maxim.,verbatim,2845950,Bulbophyllum inconspicuum Maxim.,Plantae,Tracheophyta,Liliopsida,Asparagales,Orchidaceae,Bulbophyllum,SPECIES,EXACT,100,ACCEPTED,
"armatocillenus (desarmatocillenus) yokohamae (bates, 1883)","Armatocillenus (Desarmatocillenus) yokohamae (Bates, 1883)",キバナガミズギワゴミムシ,kanagawa_redlist,"Armatocillenus (Desarmatocillenus) yokohamae (Bates, 1883)",verbatim,9540070,"Armatocillenus yokohamae (Bates, 1883)",Animalia,Arthropoda,Insecta,Coleoptera,Carabidae,Bembidion,SPECIES,EXACT,100,SYNONYM,
calanthe puberula lindl.,Calanthe puberula Lindl.,ナツエビネ,kanagawa_redlist,Calanthe puberula Lindl.,verbatim,2795023,Calanthe puberula Lindl.,Plantae,Tracheophyta,Liliopsida,Asparagales,Orchidaceae,Calanthe,SPECIES,EXACT,100,ACCEPTED,
"pterostichus (phonias) longinquus bates, 1873","Pterostichus (Phonias) longinquus Bates, 1873",コホソナガゴミムシ,kanagawa_redlist,"Pterostichus (Phonias) longinquus Bates, 1873",verbatim,8221193,"Pterostichus longinquus Bates, 1873",Animalia,Arthropoda,Insecta,Coleoptera,Carabidae,Pterostichus,SPECIES,EXACT,100,ACCEPTED,
cephalanthera subaphylla miyabe & kudo,Cephalanthera subaphylla Miyabe & Kudo,ユウシュンラン,kanagawa_redlist,Cephalanthera subaphylla Miyabe & Kudo,verbatim,2795927,Cephalanthera subaphylla Miyabe & Kudô,Plantae,Tracheophyta,Liliopsida,Asparagales,Orchidaceae,Cephalanthera,SPECIES,EXACT,100,ACCEPTED,
"badister (badister) pictus bates, 1873","Badister (Badister) pictus Bates, 1873",ヨツモンカタキバゴミムシ,kanagawa_redlist,"Badister (Badister) pictus Bates, 1873",verbatim,7845286,"Badister pictus Bates, 1873",Animalia,Arthropoda,Insecta,Coleoptera,Carabidae,Badister,SPECIES,EXACT,100,ACCEPTED,
cypripedium debile rchb.f.,Cypripedium debile Rchb.f.,コアツモリソウ,kanagawa_redlist,Cypripedium debile Rchb.f.,verbatim,2820323,Cypripedium debile Rchb.f.,Plantae,Tracheophyta,Liliopsida,Asparagales,Orchidaceae,Cypripedium,SPECIES,EXACT,100,ACCEPTED,
"peronomerus nigrinus bates, 1873","Peronomerus nigrinus Bates, 1873",クロケブカゴミムシ,kanagawa_redlist,"Peronomerus nigrinus Bates, 1873",verbatim,7696437,"Peronomerus nigrinus Bates, 1873",Animalia,Arthropoda,Insecta,Coleoptera,Carabidae,Peronomerus,SPECIES,EXACT,100,ACCEPTED,
dendrobium moniliforme (l.) sw.,Dendrobium moniliforme (L.) Sw.,セッコク,kanagawa_redlist,Dendrobium moniliforme (L.) Sw.,verbatim,5317412,Dendrobium moniliforme (L.) Sw.,Plantae,Tracheophyta,Liliopsida,Asparagales,Orchidaceae,Dendrobium,SPECIES,EXACT,100,ACCEPTED,
"archicolliuris bimaculata nipponica habu, 1963","Archicolliuris bimaculata nipponica Habu, 1963",フタモンクビナガゴミムシ,kanagawa_redlist,"Archicolliuris bimaculata nipponica Habu, 1963",verbatim,8723484,"Archicolliuris bimaculata nipponica Habu, 1963",Animalia,Arthropoda,Insecta,Coleoptera,Carabidae,Archicolliuris,SUBSPECIES,EXACT,100,ACCEPTED,
ephippianthus sawadanus (f.maek.) ohwi ex masam. & satomi,Ephippianthus sawadanus (F.Maek.) Ohwi ex Masam. & Satomi,ハコネラン,kanagawa_redlist,Ephippianthus sawadanus (F.Maek.) Ohwi ex Masam. & Satomi,verbatim,2842677,Ephippianthus sawadanus (Maek.) Ohwi,Plantae,Tracheophyta,Liliopsida,Asparagales,Orchidaceae,Ephippianthus,SPECIES,EXACT,100,ACCEPTED,
"haliplus sharpi wehncke, 1880","Haliplus sharpi Wehncke, 1880",マダラコガシラミズムシ,kanagawa_redlist,"Haliplus sharpi Wehncke, 1880",verbatim,5735867,"Haliplus sharpi Wehncke, 1880",Animalia,Arthropoda,Insecta,Coleoptera,Haliplidae,Haliplus,SPECIES,EXACT,100,ACCEPTED,
gastrodia elata blume var. pallens kitag.,Gastrodia elata Blume var. pallens Kitag.,シロテンマ,kanagawa_redlist,Gastrodia elata Blume var. pallens Kitag.,verbatim,5951400,Gastrodia elata var. pallens Kitag.,Plantae,Tracheophyta,Liliopsida,Asparagales,Orchidaceae,Gastrodia,VARIETY,EXACT,100,SYNONYM,
"hydaticus grammicus (germar, 1827)","Hydaticus grammicus (Germar, 1827)",コシマゲンゴロウ,kanagawa_redlist,"Hydaticus grammicus (Germar, 1827)",verbatim,10938155,"Hydaticus grammicus (Germar, 1827)",Animalia,Arthropoda,Insecta,Coleoptera,Dytiscidae,Hydaticus,SPECIES,EXACT,100,ACCEPTED,
goodyera hachijoensis yatabe var. hachijoensis,Goodyera hachijoensis Yatabe var. hachijoensis,ハチジョウシュスラン,kanagawa_redlist,Goodyera hachijoensis Yatabe var. hachijoensis,verbatim,2840780,Goodyera hachijoensis Yatabe,Plantae,Tracheophyta,Liliopsida,Asparagales,Orchidaceae,Goodyera,SPECIES,HIGHERRANK,99,ACCEPTED,
"rhantus suturalis (macleay, 1825)","Rhantus suturalis (MacLeay, 1825)",ヒメゲンゴロウ,kanagawa_redlist,"Rhantus suturalis (MacLeay, 1825)",verbatim,5753539,"Rhantus suturalis (W.S.MacLeay, 1825)",Animalia,Arthropoda,Insecta,Coleoptera,Dytiscidae,Rhantus,SPECIES,EXACT,100,ACCEPTED,
goodyera pendula maxim.,Goodyera pendula Maxim.,ツリシュスラン,kanagawa_redlist,Goodyera pendula Maxim.,verbatim,2840698,Goodyera pendula Maxim.,Plantae,Tracheophyta,Liliopsida,Asparagales,Orchidaceae,Goodyera,SPECIES,EXACT,100,ACCEPTED,
"hydrochara affinis (sharp, 1873)","Hydrochara affinis (Sharp, 1873)",コガムシ,kanagawa_redlist,"Hydrochara affinis (Sharp, 1873)",verbatim,10278903,"Hydrochara affinis (Sharp, 1873)",Animalia,Arthropoda,Insecta,Coleoptera,Hydrophilidae,Hydrochara,SPECIES,EXACT,100,ACCEPTED,
habenaria sagittifera rchb.f.,Habenaria sagittifera Rchb.f.,ミズトンボ,kanagawa_redlist,Habenaria sagittifera Rchb.f.,verbatim,2828723,Habenaria sagittifera Rchb.f.,Plantae,Tracheophyta,Liliopsida,Asparagales,Orchidaceae,Habenaria,SPECIES,EXACT,100,ACCEPTED,
"laccobius kunashiricus shatrovsky, 1984","Laccobius kunashiricus Shatrovsky, 1984",クナシリシジミガムシ,kanagawa_redlist,"Laccobius kunashiricus Shatrovsky, 1984",verbatim,9961412,"Laccobius kunashiricus Shatrovskiy, 1984",Animalia,Arthropoda,Insecta,Coleoptera,Hydrophilidae,Laccobius,SPECIES,EXACT,100,ACCEPTED,
liparis fujisanensis f.maek. ex f. konta & s. matsumoto,Liparis fujisanensis F.Maek. ex F. Konta & S. Matsumoto,フガクスズムシ,kanagawa_redlist,Liparis fujisanensis F.Maek. ex F. Konta & S. Matsumoto,verbatim,7489815,"Liparis fujisanensis F.Maek., 1971",Plantae,Tracheophyta,Liliopsida,Asparagales,Orchidaceae,Liparis,SPECIES,EXACT,100,ACCEPTED,
"regimbartia attenuata (fabricius, 1801)","Regimbartia attenuata (Fabricius, 1801)",マメガムシ,kanagawa_redlist,"Regimbartia attenuata (Fabricius, 1801)",verbatim,6132495,"Regimbartia attenuata (Fabricius, 1801)",Animalia,Arthropoda,Insecta,Coleoptera,Hydrophilidae,Regimbartia,SPECIES,EXACT,100,ACCEPTED,
liparis makinoana schltr.,Liparis makinoana Schltr.,スズムシソウ,kanagawa_redlist,Liparis makinoana Schltr.,verbatim,5323056,Liparis makinoana Schltr.,Plantae,Tracheophyta,Liliopsida,Asparagales,Orchidaceae,Liparis,SPECIES,EXACT,100,ACCEPTED,
"lucanus maculifemoratus motschulsky, 1861","Lucanus maculifemoratus Motschulsky, 1861",ミヤマクワガタ,kanagawa_redlist,"Lucanus maculifemoratus Motschulsky, 1861",verbatim,7466607,"Lucanus maculifemoratus Motschulsky, 1861",Animalia,Arthropoda,Insecta,Coleoptera,Lucanidae,Lucanus,SPECIES,EXACT,100,ACCEPTED,
neottia makinoana (ohwi) szlach.,Neottia makinoana (Ohwi) Szlach.,アオフタバラン,kanagawa_redlist,Neottia makinoana (Ohwi) Szlach.,verbatim,2816302,Neottia makinoana (Ohwi) Szlach.,Plantae,Tracheophyta,Liliopsida,Asparagales,Orchidaceae,Neottia,SPECIES,EXACT,100,ACCEPTED,
"anthracophora rusticola burmeister, 1842","Anthracophora rusticola Burmeister, 1842",アカマダラハナムグリ,kanagawa_redlist,"Anthracophora rusticola Burmeister, 1842",verbatim,1080907,"Anthracophora rusticola Burmeister, 1842",Animalia,Arthropoda,Insecta,Coleoptera,Scarabaeidae,Anthracophora,SPECIES,EXACT,100,ACCEPTED,
vanda falcata (thunb.) beer,Vanda falcata (Thunb.) Beer,フウラン,kanagawa_redlist,Vanda falcata (Thunb.) Beer,verbatim,2836611,Vanda falcata (Thunb.) Beer,Plantae,Tracheophyta,Liliopsida,Asparagales,Orchidaceae,Vanda,SPECIES,EXACT,100,ACCEPTED,
"cryptalaus berus (candèze, 1865)","Cryptalaus berus (Candèze, 1865)",ウバタマコメツキ,kanagawa_redlist,"Cryptalaus berus (Candèze, 1865)",verbatim,5878960,"Cryptalaus berus (Candèze, 1874)",Animalia,Arthropoda,Insecta,Coleoptera,Elateridae,Cryptalaus,SPECIES,EXACT,100,ACCEPTED,
"neottia inagakii yagame, katsuy. & t.yukawa","Neottia inagakii Yagame, Katsuy. & T.Yukawa",タンザワサカネラン,kanagawa_redlist,"Neottia inagakii Yagame, Katsuy. & T.Yukawa",verbatim,3649892,"Neottia inagakii Yagame, Katsuy. & T.Yukawa",Plantae,Tracheophyta,Liliopsida,Asparagales,Orchidaceae,Neottia,SPECIES,EXACT,100,ACCEPTED,
"aquatica lateralis (motschulsky, 1860)","Aquatica lateralis (Motschulsky, 1860)",ヘイケボタル,kanagawa_redlist,"Aquatica lateralis (Motschulsky, 1860)",verbatim,7360967,"Aquatica lateralis (Motschulsky, 1860)",Animalia,Arthropoda,Insecta,Coleoptera,Lampyridae,Aquatica,SPECIES,EXACT,100,ACCEPTED,
nervilia nipponica makino,Nervilia nipponica Makino,ムカゴサイシン,kanagawa_redlist,Nervilia nipponica Makino,verbatim,2836781,Nervilia nipponica Makino,Plantae,Tracheophyta,Liliopsida,Asparagales,Orchidaceae,Nervilia,SPECIES,EXACT,100,ACCEPTED,
"pristolycus sagulatus sagulatus gorham, 1883","Pristolycus sagulatus sagulatus Gorham, 1883",スジグロボタル,kanagawa_redlist,"Pristolycus sagulatus sagulatus Gorham, 1883",verbatim,8931772,"Pristolycus sagulatus sagulatus Gorham, 1883",Animalia,Arthropoda,Insecta,Coleoptera,Lampyridae,Pristolycus,SUBSPECIES,EXACT,100,ACCEPTED,
platanthera florenti franch. & sav.,Platanthera florenti Franch. & Sav.,ジンバイソウ,kanagawa_redlist,Platanthera florenti Franch. & Sav.,verbatim,9159433,Platanthera florentii Franch. & Sav.,Plantae,Tracheophyta,Liliopsida,Asparagales,Orchidaceae,Platanthera,SPECIES,FUZZY,100,ACCEPTED,
"themus (themus) niisatoi m. satô & takahsahi, 1989","Themus (Themus) niisatoi M. Satô & Takahsahi, 1989",キイロジョウカイ,kanagawa_redlist,"Themus (Themus) niisatoi M. Satô & Takahsahi, 1989",verbatim,3259119,"Themus Motschulsky, 1857",Animalia,Arthropoda,Insecta,Coleoptera,Cantharidae,Themus,GENUS,HIGHERRANK,94,ACCEPTED,
platanthera hologlottis maxim.,Platanthera hologlottis Maxim.,ミズチドリ,kanagawa_redlist,Platanthera hologlottis Maxim.,verbatim,2797959,Platanthera hologlottis Maxim.,Plantae,Tracheophyta,Liliopsida,Asparagales,Orchidaceae,Platanthera,SPECIES,EXACT,100,ACCEPTED,
"lycocerus babai (m. satô, 1985)","Lycocerus babai (M. Satô, 1985)",ババジョウカイ,kanagawa_redlist,"Lycocerus babai (M. Satô, 1985)",verbatim,4573120,Lycocerus Gorham,Animalia,Arthropoda,Insecta,Coleoptera,Cantharidae,Lycocerus,GENUS,HIGHERRANK,94,ACCEPTED,
platanthera japonica (thunb.) lindl.,Platanthera japonica (Thunb.) Lindl.,ツレサギソウ,kanagawa_redlist,Platanthera japonica (Thunb.) Lindl.,verbatim,2798075,Platanthera japonica (Thunb.) Lindl.,Plantae,Tracheophyta,Liliopsida,Asparagales,Orchidaceae,Platanthera,SPECIES,EXACT,100,ACCEPTED,
"hatchiana hirugatakensis (takahashi, 1992)","Hatchiana hirugatakensis (Takahashi, 1992)",ヒルガタケクビボソジョウカイ,kanagawa_redlist,"Hatchiana hirugatakensis (Takahashi, 1992)",verbatim,4760407,"Hatchiana Fender, 1966",Animalia,Arthropoda,Insecta,Coleoptera,Cantharidae,Hatchiana,GENUS,HIGHERRANK,94,ACCEPTED,
platanthera mandarinorum rchb.f. var. oreades (franch & sav.) koidz.,Platanthera mandarinorum Rchb.f. var. oreades (Franch & Sav.) Koidz.,ヤマサギソウ,kanagawa_redlist,Platanthera mandarinorum Rchb.f. var. oreades (Franch & Sav.) Koidz.,verbatim,2798192,Platanthera mandarinorum var. oreades (Franch. & Sav.) Koidz.,Plantae,Tracheophyta,Liliopsida,Asparagales,Orchidaceae,Platanthera,VARIETY,EXACT,100,SYNONYM,
"asiopodabrus (asiopodabrus) ashigara takahashi, 2012","Asiopodabrus (Asiopodabrus) ashigara Takahashi, 2012",アシガラクビボソジョウカイ,kanagawa_redlist,"Asiopodabrus (Asiopodabrus) ashigara Takahashi, 2012",verbatim,9010560,"Asiopodabrus ashigara Takahashi, 2012",Animalia,Arthropoda,Insecta,Coleoptera,Cantharidae,Asiopodabrus,SPECIES,EXACT,100,ACCEPTED,
platanthera sachalinensis f.schmidt,Platanthera sachalinensis F.Schmidt,オオヤマサギソウ,kanagawa_redlist,Platanthera sachalinensis F.Schmidt,verbatim,2798122,Platanthera sachalinensis F.Schmidt,Plantae,Tracheophyta,Liliopsida,Asparagales,Orchidaceae,Platanthera,SPECIES,EXACT,100,ACCEPTED,
"asiopodabrus (asiopodabrus) hagai takahashi, 2012","Asiopodabrus (Asiopodabrus) hagai Takahashi, 2012",ハガクビボソジョウカイ,kanagawa_redlist,"Asiopodabrus (Asiopodabrus) hagai Takahashi, 2012",verbatim,8839684,"Asiopodabrus hagai Takahashi, 2012",Animalia,Arthropoda,Insecta,Coleoptera,Cantharidae,Asiopodabrus,SPECIES,EXACT,100,ACCEPTED,
kuhlhasseltia nakaiana (f.maek.) ormerod,Kuhlhasseltia nakaiana (F.Maek.) Ormerod,ハクウンラン,kanagawa_redlist,Kuhlhasseltia nakaiana (F.Maek.) Ormerod,verbatim,2808879,Kuhlhasseltia nakaiana (F.Maek.) Ormerod,Plantae,Tracheophyta,Liliopsida,Asparagales,Orchidaceae,Odontochilus,SPECIES,EXACT,100,SYNONYM,
"temnoscheila japonica (reitter, 1875)","Temnoscheila japonica (Reitter, 1875)",オオコクヌスト,kanagawa_redlist,"Temnoscheila japonica (Reitter, 1875)",verbatim,10564931,Temnoscheila japonica,Animalia,Arthropoda,Insecta,Coleoptera,Trogossitidae,Temnoscheila,SPECIES,EXACT,98,ACCEPTED,
iris ensata thunb. var. spontanea (makino) nakai ex makino & nemoto,Iris ensata Thunb. var. spontanea (Makino) Nakai ex Makino & Nemoto,ノハナショウブ,kanagawa_redlist,Iris ensata Thunb. var. spontanea (Makino) Nakai ex Makino & Nemoto,verbatim,9457492,Iris ensata var. spontanea (Makino) Nakai ex Makino & Nemoto,Plantae,Tracheophyta,Liliopsida,Asparagales,Iridaceae,Iris,VARIETY,EXACT,100,SYNONYM,
"cryptophagus enormis hisamatsu, 1962","Cryptophagus enormis Hisamatsu, 1962",オオナガキスイ,kanagawa_redlist,"Cryptophagus enormis Hisamatsu, 1962",verbatim,,,,,,,,,,NONE,100,,
iris gracilipes a.gray,Iris gracilipes A.Gray,ヒメシャガ,kanagawa_redlist,Iris gracilipes A.Gray,verbatim,5298321,Iris gracilipes A.Gray,Plantae,Tracheophyta,Liliopsida,Asparagales,Iridaceae,Iris,SPECIES,EXACT,100,ACCEPTED,
"epuraea (aphenolia) pseudosoronia (reitter, 1884)","Epuraea (Aphenolia) pseudosoronia (Reitter, 1884)",オオヒラタケシキスイ,kanagawa_redlist,"Epuraea (Aphenolia) pseudosoronia (Reitter, 1884)",verbatim,12178441,Epuraea pseudosoronia,Animalia,Arthropoda,Insecta,Coleoptera,Nitidulidae,Epuraea,SPECIES,EXACT,98,ACCEPTED,
allium monanthum maxim.,Allium monanthum Maxim.,ヒメニラ,kanagawa_redlist,Allium monanthum Maxim.,verbatim,2857379,Allium monanthum Maxim.,Plantae,Tracheophyta,Liliopsida,Asparagales,Amaryllidaceae,Allium,SPECIES,EXACT,100,ACCEPTED,
"parabolitophagus felix (lewis, 1894)","Parabolitophagus felix (Lewis, 1894)",カブトゴミムシダマシ,kanagawa_redlist,"Parabolitophagus felix (Lewis, 1894)",verbatim,10544781,Parabolitophagus felix,Animalia,Arthropoda,Insecta,Coleoptera,Tenebrionidae,Parabolitophagus,SPECIES,EXACT,98,ACCEPTED,
allium pseudojaponicum makino,Allium pseudojaponicum Makino,タマムラサキ,kanagawa_redlist,Allium pseudojaponicum Makino,verbatim,2857230,Allium pseudojaponicum Makino,Plantae,Tracheophyta,Liliopsida,Asparagales,Amaryllidaceae,Allium,SPECIES,EXACT,100,ACCEPTED,
"yamatotakeru loripes (lewis, 1894)","Yamatotakeru loripes (Lewis, 1894)",ヒラタキノコゴミムシダマシ,kanagawa_redlist,"Yamatotakeru loripes (Lewis, 1894)",verbatim,12355091,"Yamatotakeru Ando, 2015",Animalia,Arthropoda,Insecta,Coleoptera,Tenebrionidae,Yamatotakeru,GENUS,HIGHERRANK,92,DOUBTFUL,
crinum asiaticum l. var. japonicum baker,Crinum asiaticum L. var. japonicum Baker,ハマオモト,kanagawa_redlist,Crinum asiaticum L. var. japonicum Baker,verbatim,2853830,Crinum asiaticum var. japonicum Baker,Plantae,Tracheophyta,Liliopsida,Asparagales,Amaryllidaceae,Crinum,VARIETY,EXACT,100,ACCEPTED,
"spondylis buprestoides (linnaeus, 1758)","Spondylis buprestoides (Linnaeus, 1758)",クロカミキリ,kanagawa_redlist,"Spondylis buprestoides (Linnaeus, 1758)",verbatim,7704804,"Spondylis buprestoides (Linnaeus, 1758)",Animalia,Arthropoda,Insecta,Coleoptera,Cerambycidae,Spondylis,SPECIES,EXACT,100,ACCEPTED,
lycoris sanguinea maxim. var. kiushiana makino ex t.koyama,Lycoris sanguinea Maxim. var. kiushiana Makino ex T.Koyama,オオキツネノカミソリ,kanagawa_redlist,Lycoris sanguinea Maxim. var. kiushiana Makino ex T.Koyama,verbatim,5326165,Lycoris sanguinea var. kiushiana Makino ex T.Koyama,Plantae,Tracheophyta,Liliopsida,Asparagales,Amaryllidaceae,Lycoris,VARIETY,EXACT,100,ACCEPTED,
"arhopalus coreanus (sharp, 1905)","Arhopalus coreanus (Sharp, 1905)",サビカミキリ,kanagawa_redlist,"Arhopalus coreanus (Sharp, 1905)",verbatim,1115852,"Arhopalus coreanus (Sharp, 1905)",Animalia,Arthropoda,Insecta,Coleoptera,Cerambycidae,Arhopalus,SPECIES,EXACT,100,ACCEPTED,
maianthemum robustum (makino & honda) lafrankie,Maianthemum robustum (Makino & Honda) LaFrankie,ハルナユキザサ,kanagawa_redlist,Maianthemum robustum (Makino & Honda) LaFrankie,verbatim,2769541,Maianthemum robustum (Makino & Honda) LaFrankie,Plantae,Tracheophyta,Liliopsida,Asparagales,Asparagaceae,Maianthemum,SPECIES,EXACT,100,ACCEPTED,
"cephalallus unicolor (gahan, 1906)","Cephalallus unicolor (Gahan, 1906)",ツシマムナクボカミキリ,kanagawa_redlist,"Cephalallus unicolor (Gahan, 1906)",verbatim,1101111,"Cephalallus unicolor (Gahan, 1906)",Animalia,Arthropoda,Insecta,Coleoptera,Cerambycidae,Cephalallus,SPECIES,EXACT,100,ACCEPTED,
sparganium japonicum rothert,Sparganium japonicum Rothert,ナガエミクリ,kanagawa_redlist,Sparganium japonicum Rothert,verbatim,2702309,Sparganium japonicum Rothert,Plantae,Tracheophyta,Liliopsida,Poales,Typhaceae,Sparganium,SPECIES,EXACT,100,ACCEPTED,
"pidonia (cryptopidonia) masakii hayashi, 1955","Pidonia (Cryptopidonia) masakii Hayashi, 1955",ムネアカヨコモンヒメハナカミキリ,kanagawa_redlist,"Pidonia (Cryptopidonia) masakii Hayashi, 1955",verbatim,1123836,"Pidonia masakii Hayashi, 1955",Animalia,Arthropoda,Insecta,Coleoptera,Cerambycidae,Pidonia,SPECIES,EXACT,100,ACCEPTED,
eriocaulon decemflorum maxim.,Eriocaulon decemflorum Maxim.,イトイヌノヒゲ,kanagawa_redlist,Eriocaulon decemflorum Maxim.,verbatim,2690850,Eriocaulon decemflorum Maxim.,Plantae,Tracheophyta,Liliopsida,Poales,Eriocaulaceae,Eriocaulon,SPECIES,EXACT,100,ACCEPTED,
"anoploderomorha excavata (bates, 1884)","Anoploderomorha excavata (Bates, 1884)",ミヤマクロハナカミキリ,kanagawa_redlist,"Anoploderomorha excavata (Bates, 1884)",verbatim,,,,,,,,,,NONE,100,,No match because of too little confidence
eriocaulon taquetii lecomte,Eriocaulon taquetii Lecomte,ニッポンイヌノヒゲ,kanagawa_redlist,Eriocaulon taquetii Lecomte,verbatim,2690936,Eriocaulon taquetii Lecomte,Plantae,Tracheophyta,Liliopsida,Poales,Eriocaulaceae,Eriocaulon,SPECIES,EXACT,100,ACCEPTED,
"corennys sericata bates, 1884","Corennys sericata Bates, 1884",キヌツヤハナカミキリ,kanagawa_redlist,"Corennys sericata Bates, 1884",verbatim,1142166,"Corennys sericata Bates, 1884",Animalia,Arthropoda,Insecta,Coleoptera,Cerambycidae,Corennys,SPECIES,EXACT,100,ACCEPTED,
luzula lutescens (koidz.) kirschner & miyam.,Luzula lutescens (Koidz.) Kirschner & Miyam.,アサギスズメノヒエ,kanagawa_redlist,Luzula lutescens (Koidz.) Kirschner & Miyam.,verbatim,2700776,Luzula lutescens (Koidz.) Kirschner & Miyam.,Plantae,Tracheophyta,Liliopsida,Poales,Juncaceae,Luzula,SPECIES,EXACT,100,ACCEPTED,
"pachytodes cometes (bates, 1884)","Pachytodes cometes (Bates, 1884)",マルガタハナカミキリ,kanagawa_redlist,"Pachytodes cometes (Bates, 1884)",verbatim,1136885,"Pachytodes cometes (Bates, 1884)",Animalia,Arthropoda,Insecta,Coleoptera,Cerambycidae,Pachytodes,SPECIES,EXACT,100,ACCEPTED,
bulbostylis densa (wall.) hand.-mazz. var. capitata (miq.) ohwi,Bulbostylis densa (Wall.) Hand.-Mazz. var. capitata (Miq.) Ohwi,イトテンツキ,kanagawa_redlist,Bulbostylis densa (Wall.) Hand.-Mazz. var. capitata (Miq.) Ohwi,verbatim,5292275,Bulbostylis densa var. capitata (Miq.) Ohwi,Plantae,Tracheophyta,Liliopsida,Poales,Cyperaceae,Bulbostylis,VARIETY,EXACT,100,ACCEPTED,
"anastrangalia scotodes (bates, 1873)","Anastrangalia scotodes (Bates, 1873)",ツヤケシハナカミキリ,kanagawa_redlist,"Anastrangalia scotodes (Bates, 1873)",verbatim,4738334,"Anastrangalia scotodes (Bates, 1873)",Animalia,Arthropoda,Insecta,Coleoptera,Cerambycidae,Anastrangalia,SPECIES,EXACT,100,ACCEPTED,
carex nipposinica ohwi,Carex nipposinica Ohwi,アワボスゲ,kanagawa_redlist,Carex nipposinica Ohwi,verbatim,2728896,Carex nipposinica Ohwi,Plantae,Tracheophyta,Liliopsida,Poales,Cyperaceae,Carex,SPECIES,EXACT,100,SYNONYM,
"leptura dimorpha bates, 1873","Leptura dimorpha Bates, 1873",ムネアカクロハナカミキリ,kanagawa_redlist,"Leptura dimorpha Bates, 1873",verbatim,6269573,"Leptura dimorpha Bates, 1873",Animalia,Arthropoda,Insecta,Coleoptera,Cerambycidae,Leptura,SPECIES,EXACT,100,ACCEPTED,
carex capricornis meinsh. ex maxim.,Carex capricornis Meinsh. ex Maxim.,ジョウロウスゲ,kanagawa_redlist,Carex capricornis Meinsh. ex Maxim.,verbatim,2728552,Carex capricornis Meinsh. ex Maxim.,Plantae,Tracheophyta,Liliopsida,Poales,Cyperaceae,Carex,SPECIES,EXACT,100,ACCEPTED,
"nakanea vicaria (bates, 1884)","Nakanea vicaria (Bates, 1884)",フタスジハナカミキリ,kanagawa_redlist,"Nakanea vicaria (Bates, 1884)",verbatim,1108876,"Nakanea vicaria Ohbayashi, 1963",Animalia,Arthropoda,Insecta,Coleoptera,Cerambycidae,Etorofus,SPECIES,EXACT,98,SYNONYM,
carex doenitzii boeckeler,Carex doenitzii Boeckeler,コタヌキラン,kanagawa_redlist,Carex doenitzii Boeckeler,verbatim,2722486,Carex doenitzii Boeckeler,Plantae,Tracheophyta,Liliopsida,Poales,Cyperaceae,Carex,SPECIES,EXACT,100,ACCEPTED,
"mimostrangalia dulcis (bates, 1884)","Mimostrangalia dulcis  (Bates, 1884)",ジャコウホソハナカミキリ,kanagawa_redlist,"Mimostrangalia dulcis  (Bates, 1884)",verbatim,1109662,"Mimostrangalia dulcis (Bates, 1884)",Animalia,Arthropoda,Insecta,Coleoptera,Cerambycidae,Mimostrangalia,SPECIES,EXACT,100,ACCEPTED,
carex grallatoria maxim. var. heteroclita (franch.) kuek.,Carex grallatoria Maxim. var. heteroclita (Franch.) Kuek.,サナギスゲ,kanagawa_redlist,Carex grallatoria Maxim. var. heteroclita (Franch.) Kuek.,verbatim,2727552,Carex grallatoria var. heteroclita (Franch.) Kük.,Plantae,Tracheophyta,Liliopsida,Poales,Cyperaceae,Carex,VARIETY,EXACT,100,SYNONYM,
"parastrangalis lesnei (pic, 1901)","Parastrangalis lesnei (Pic, 1901)",ニョウホウホソハナカミキリ,kanagawa_redlist,"Parastrangalis lesnei (Pic, 1901)",verbatim,1145399,"Parastrangalis lesnei (Pic, 1901)",Animalia,Arthropoda,Insecta,Coleoptera,Cerambycidae,Parastrangalis,SPECIES,EXACT,100,ACCEPTED,
carex hakonensis franch. & sav.,Carex hakonensis Franch. & Sav.,コハリスゲ,kanagawa_redlist,Carex hakonensis Franch. & Sav.,verbatim,2723302,Carex hakonensis Franch. & Sav.,Plantae,Tracheophyta,Liliopsida,Poales,Cyperaceae,Carex,SPECIES,EXACT,100,ACCEPTED,
"idiostrangalia hakonensis (matsushita, 1933)","Idiostrangalia hakonensis (Matsushita, 1933)",ハコネホソハナカミキリ,kanagawa_redlist,"Idiostrangalia hakonensis (Matsushita, 1933)",verbatim,1097655,"Idiostrangalia hakonensis (Matsushita, 1933)",Animalia,Arthropoda,Insecta,Coleoptera,Cerambycidae,Idiostrangalia,SPECIES,EXACT,100,ACCEPTED,
carex papillaticulmis ohwi,Carex papillaticulmis Ohwi,アオバスゲ,kanagawa_redlist,Carex papillaticulmis Ohwi,verbatim,2729321,Carex papillaticulmis Ohwi,Plantae,Tracheophyta,Liliopsida,Poales,Cyperaceae,Carex,SPECIES,EXACT,100,SYNONYM,
"necydalis (necydalisca) harmandi pic, 1902","Necydalis (Necydalisca) harmandi Pic, 1902",クロホソコバネカミキリ,kanagawa_redlist,"Necydalis (Necydalisca) harmandi Pic, 1902",verbatim,1148817,"Necydalis harmandi Pic, 1902",Animalia,Arthropoda,Insecta,Coleoptera,Cerambycidae,Necydalis,SPECIES,EXACT,100,ACCEPTED,
carex pocilliformis boott,Carex pocilliformis Boott,ヒメモエギスゲ,kanagawa_redlist,Carex pocilliformis Boott,verbatim,2725221,Carex pocilliformis Boott,Plantae,Tracheophyta,Liliopsida,Poales,Cyperaceae,Carex,SPECIES,EXACT,100,SYNONYM,
"massicus raddei (blessig, 1872)","Massicus raddei (Blessig, 1872)",ミヤマカミキリ,kanagawa_redlist,"Massicus raddei (Blessig, 1872)",verbatim,10038961,"Massicus raddei Blessig, 1872",Animalia,Arthropoda,Insecta,Coleoptera,Cerambycidae,Massicus,SPECIES,EXACT,100,ACCEPTED,
cyperus iwasakii makino,Cyperus iwasakii Makino,カンエンガヤツリ,kanagawa_redlist,Cyperus iwasakii Makino,verbatim,2715210,Cyperus iwasakii Makino,Plantae,Tracheophyta,Liliopsida,Poales,Cyperaceae,Cyperus,SPECIES,EXACT,100,SYNONYM,
"glaphyra (glaphyra) gracilis (hayashi, 1949)","Glaphyra (Glaphyra) gracilis (Hayashi, 1949)",オダヒゲナガコバネカミキリ,kanagawa_redlist,"Glaphyra (Glaphyra) gracilis (Hayashi, 1949)",verbatim,5001543,"Glaphyra gracilis Niisato, 2007",Animalia,Arthropoda,Insecta,Coleoptera,Cerambycidae,Molorchus,SPECIES,EXACT,98,SYNONYM,
cyperus tenuispica steud.,Cyperus tenuispica Steud.,ヒメガヤツリ,kanagawa_redlist,Cyperus tenuispica Steud.,verbatim,2715449,Cyperus tenuispica Steud.,Plantae,Tracheophyta,Liliopsida,Poales,Cyperaceae,Cyperus,SPECIES,EXACT,100,ACCEPTED,
"dere thoracica white, 1855","Dere thoracica White, 1855",ホタルカミキリ,kanagawa_redlist,"Dere thoracica White, 1855",verbatim,1099508,"Dere thoracica White, 1855",Animalia,Arthropoda,Insecta,Coleoptera,Cerambycidae,Dere,SPECIES,EXACT,100,ACCEPTED,
eleocharis petasata (maxim.) zinserl.,Eleocharis petasata (Maxim.) Zinserl.,ミツカドシカクイ,kanagawa_redlist,Eleocharis petasata (Maxim.) Zinserl.,verbatim,2717316,Eleocharis petasata (Maxim.) Zinserl.,Plantae,Tracheophyta,Liliopsida,Poales,Cyperaceae,Eleocharis,SPECIES,EXACT,100,SYNONYM,
"pyrestes nipponicus hayashi, 1987","Pyrestes nipponicus Hayashi, 1987",クスベニカミキリ,kanagawa_redlist,"Pyrestes nipponicus Hayashi, 1987",verbatim,1141495,"Pyrestes nipponicus Hayashi, 1987",Animalia,Arthropoda,Insecta,Coleoptera,Cerambycidae,Pyrestes,SPECIES,EXACT,100,ACCEPTED,
fimbristylis aestivalis (retz.) vahl,Fimbristylis aestivalis (Retz.) Vahl,コアゼテンツキ,kanagawa_redlist,Fimbristylis aestivalis (Retz.) Vahl,verbatim,2708266,Fimbristylis aestivalis (Retz.) Vahl,Plantae,Tracheophyta,Liliopsida,Poales,Cyperaceae,Fimbristylis,SPECIES,EXACT,100,ACCEPTED,
"chloridolum (leontium) viride (thomson, 1864)","Chloridolum (Leontium) viride (Thomson, 1864)",ミドリカミキリ,kanagawa_redlist,"Chloridolum (Leontium) viride (Thomson, 1864)",verbatim,8194861,"Chloridolum viride (Thomson, 1864)",Animalia,Arthropoda,Insecta,Coleoptera,Cerambycidae,Chloridolum,SPECIES,EXACT,100,ACCEPTED,
fimbristylis diphylla (retz.) vahl var. floribunda miq.,Fimbristylis diphylla (Retz.) Vahl var. floribunda Miq.,クグテンツキ,kanagawa_redlist,Fimbristylis diphylla (Retz.) Vahl var. floribunda Miq.,verbatim,2708948,Fimbristylis diphylla var. floribunda Miq.,Plantae,Tracheophyta,Liliopsida,Poales,Cyperaceae,Fimbristylis,VARIETY,EXACT,100,SYNONYM,
"phymatodes (phymatodes) testaceus (linnaeus, 1758)","Phymatodes (Phymatodes) testaceus (Linnaeus, 1758)",チャイロホソヒラタカミキリ,kanagawa_redlist,"Phymatodes (Phymatodes) testaceus (Linnaeus, 1758)",verbatim,8961343,"Phymatodes testaceus (Linnaeus, 1758)",Animalia,Arthropoda,Insecta,Coleoptera,Cerambycidae,Phymatodes,SPECIES,EXACT,100,ACCEPTED,
fimbristylis longispica steud.,Fimbristylis longispica Steud.,ナガボテンツキ,kanagawa_redlist,Fimbristylis longispica Steud.,verbatim,2708530,Fimbristylis longispica Steud.,Plantae,Tracheophyta,Liliopsida,Poales,Cyperaceae,Fimbristylis,SPECIES,EXACT,100,ACCEPTED,
"brachyclytus singularis kraatz, 1879","Brachyclytus singularis Kraatz, 1879",アカネトラカミキリ,kanagawa_redlist,"Brachyclytus singularis Kraatz, 1879",verbatim,1142076,"Brachyclytus singularis Kraatz, 1879",Animalia,Arthropoda,Insecta,Coleoptera,Cerambycidae,Brachyclytus,SPECIES,EXACT,100,ACCEPTED,
fimbristylis sericea (poir.) r.br.,Fimbristylis sericea (Poir.) R.Br.,ビロードテンツキ,kanagawa_redlist,Fimbristylis sericea (Poir.) R.Br.,verbatim,2708206,Fimbristylis sericea (Poir.) R.Br.,Plantae,Tracheophyta,Liliopsida,Poales,Cyperaceae,Fimbristylis,SPECIES,EXACT,100,ACCEPTED,
"crytoclytus caproides caproides (bates, 1873)","Crytoclytus caproides caproides (Bates, 1873)",キスジトラカミキリ,kanagawa_redlist,"Crytoclytus caproides caproides (Bates, 1873)",verbatim,8997170,Cyrtoclytus caproides caproides,Animalia,Arthropoda,Insecta,Coleoptera,Cerambycidae,Cyrtoclytus,SUBSPECIES,FUZZY,86,ACCEPTED,
scirpus fuirenoides maxim.,Scirpus fuirenoides Maxim.,コマツカサススキ,kanagawa_redlist,Scirpus fuirenoides Maxim.,verbatim,2720132,Scirpus fuirenoides Maxim.,Plantae,Tracheophyta,Liliopsida,Poales,Cyperaceae,Scirpus,SPECIES,EXACT,100,ACCEPTED,
"rhaphuma xenisca (bates, 1884)","Rhaphuma xenisca (Bates, 1884)",ホソトラカミキリ,kanagawa_redlist,"Rhaphuma xenisca (Bates, 1884)",verbatim,1151620,"Rhaphuma xenisca (Bates, 1884)",Animalia,Arthropoda,Insecta,Coleoptera,Cerambycidae,Rhaphuma,SPECIES,EXACT,100,ACCEPTED,
schoenoplectiella lineolata (franch. & sav.) j.jung & h.k.choi,Schoenoplectiella lineolata (Franch. & Sav.) J.Jung & H.K.Choi,ヒメホタルイ,kanagawa_redlist,Schoenoplectiella lineolata (Franch. & Sav.) J.Jung & H.K.Choi,verbatim,5827388,Schoenoplectiella lineolata (Franch. & Sav.) J.Jung & H.K.Choi,Plantae,Tracheophyta,Liliopsida,Poales,Cyperaceae,Schoenoplectiella,SPECIES,EXACT,100,ACCEPTED,
"mesosa (mesosa) japonica bates, 1873","Mesosa (Mesosa) japonica Bates, 1873",ゴマフカミキリ,kanagawa_redlist,"Mesosa (Mesosa) japonica Bates, 1873",verbatim,5000393,"Mesosa japonica Bates, 1873",Animalia,Arthropoda,Insecta,Coleoptera,Cerambycidae,Mesosa,SPECIES,EXACT,100,ACCEPTED,
bolboschoenus planiculmis (f.schmidt) t.v.egorova,Bolboschoenus planiculmis (F.Schmidt) T.V.Egorova,イセウキヤガラ,kanagawa_redlist,Bolboschoenus planiculmis (F.Schmidt) T.V.Egorova,verbatim,2718377,Bolboschoenus planiculmis (F.Schmidt) T.V.Egorova,Plantae,Tracheophyta,Liliopsida,Poales,Cyperaceae,Bolboschoenus,SPECIES,EXACT,100,ACCEPTED,
"sybra (sybra) flavomaculata breuning, 1939","Sybra (Sybra) flavomaculata Breuning, 1939",キボシチビカミキリ,kanagawa_redlist,"Sybra (Sybra) flavomaculata Breuning, 1939",verbatim,10996649,"Sybra flavomaculata Breuning, 1960",Animalia,Arthropoda,Insecta,Coleoptera,Cerambycidae,Mycerinopsis,SPECIES,EXACT,100,SYNONYM,
scleria parvula steud.,Scleria parvula Steud.,コシンジュガヤ,kanagawa_redlist,Scleria parvula Steud.,verbatim,2712896,Scleria parvula Steud.,Plantae,Tracheophyta,Liliopsida,Poales,Cyperaceae,Scleria,SPECIES,EXACT,100,ACCEPTED,
"aulaconotus pachypezoides thomson, 1864","Aulaconotus pachypezoides Thomson, 1864",タテジマカミキリ,kanagawa_redlist,"Aulaconotus pachypezoides Thomson, 1864",verbatim,1127768,"Aulaconotus pachypezoides Thomson, 1864",Animalia,Arthropoda,Insecta,Coleoptera,Cerambycidae,Aulaconotus,SPECIES,EXACT,100,ACCEPTED,
achnatherum pekinense (hance) ohwi,Achnatherum pekinense (Hance) Ohwi,ハネガヤ,kanagawa_redlist,Achnatherum pekinense (Hance) Ohwi,verbatim,4141484,Achnatherum pekinense (Hance) Ohwi,Plantae,Tracheophyta,Liliopsida,Poales,Poaceae,Achnatherum,SPECIES,EXACT,100,ACCEPTED,
"mesechthistatus fujisanus hayashi, 1957","Mesechthistatus fujisanus Hayashi, 1957",フジコブヤハズカミキリ,kanagawa_redlist,"Mesechthistatus fujisanus Hayashi, 1957",verbatim,1146303,"Mesechthistatus fujisanus Hayashi, 1957",Animalia,Arthropoda,Insecta,Coleoptera,Cerambycidae,Mesechthistatus,SPECIES,EXACT,100,ACCEPTED,
brachyelytrum japonicum (hack.) hack.ex honda,Brachyelytrum japonicum (Hack.) Hack.ex Honda,コウヤザサ,kanagawa_redlist,Brachyelytrum japonicum (Hack.) Hack.ex Honda,verbatim,5943602,Brachyelytrum japonicum (Hack.) Matsum. ex Honda,Plantae,Tracheophyta,Liliopsida,Poales,Poaceae,Brachyelytrum,SPECIES,EXACT,100,ACCEPTED,
"monochamus (monochamus) grandis waterhouse, 1881","Monochamus (Monochamus) grandis Waterhouse, 1881",ヒゲナガカミキリ,kanagawa_redlist,"Monochamus (Monochamus) grandis Waterhouse, 1881",verbatim,1155899,"Monochamus grandis Waterhouse, 1881",Animalia,Arthropoda,Insecta,Coleoptera,Cerambycidae,Monochamus,SPECIES,EXACT,100,ACCEPTED,
ischaemum aristatum l. var. crassipes (steud.) yonek.,Ischaemum aristatum L. var. crassipes (Steud.) Yonek.,カモノハシ,kanagawa_redlist,Ischaemum aristatum L. var. crassipes (Steud.) Yonek.,verbatim,4143987,Ischaemum aristatum var. crassipes (Steud.) Yonek.,Plantae,Tracheophyta,Liliopsida,Poales,Poaceae,Ischaemum,VARIETY,EXACT,100,SYNONYM,
"nanohammus rufescens bates, 1884","Nanohammus rufescens Bates, 1884",クリイロシラホシカミキリ,kanagawa_redlist,"Nanohammus rufescens Bates, 1884",verbatim,1108742,"Nanohammus rufescens Bates, 1884",Animalia,Arthropoda,Insecta,Coleoptera,Cerambycidae,Nanohammus,SPECIES,EXACT,100,ACCEPTED,
"leptatherum nudum (trin.) c.h.chen, kuoh & veldkamp","Leptatherum nudum (Trin.) C.H.Chen, Kuoh & Veldkamp",ミヤマササガヤ,kanagawa_redlist,"Leptatherum nudum (Trin.) C.H.Chen, Kuoh & Veldkamp",verbatim,7485368,"Leptatherum nudum (Trin.) C.Hui Chen, Kuoh & Veldkamp",Plantae,Tracheophyta,Liliopsida,Poales,Poaceae,Microstegium,SPECIES,EXACT,100,SYNONYM,
"batocera lineolata chevrolat, 1852","Batocera lineolata Chevrolat, 1852",シロスジカミキリ,kanagawa_redlist,"Batocera lineolata Chevrolat, 1852",verbatim,1133603,"Batocera lineolata Chevrolat, 1852",Animalia,Arthropoda,Insecta,Coleoptera,Cerambycidae,Batocera,SPECIES,EXACT,100,ACCEPTED,
leptochloa panicea (retz.) ohwi,Leptochloa panicea (Retz.) Ohwi,イトアゼガヤ,kanagawa_redlist,Leptochloa panicea (Retz.) Ohwi,verbatim,2703872,Leptochloa panicea (Retz.) Ohwi,Plantae,Tracheophyta,Liliopsida,Poales,Poaceae,Leptochloa,SPECIES,EXACT,100,ACCEPTED,
"pogonocherus seminiveus bates, 1873","Pogonocherus seminiveus Bates, 1873",ネジロカミキリ,kanagawa_redlist,"Pogonocherus seminiveus Bates, 1873",verbatim,1133796,"Pogonocherus seminiveus Bates, 1873",Animalia,Arthropoda,Insecta,Coleoptera,Cerambycidae,Pogonocherus,SPECIES,EXACT,100,SYNONYM,
melica nutans l.,Melica nutans L.,コメガヤ,kanagawa_redlist,Melica nutans L.,verbatim,4118973,Melica nutans L.,Plantae,Tracheophyta,Liliopsida,Poales,Poaceae,Melica,SPECIES,EXACT,100,ACCEPTED,
"acanthocinus orientalis ohbayashi, 1939","Acanthocinus orientalis Ohbayashi, 1939",ヒゲナガモモブトカミキリ,kanagawa_redlist,"Acanthocinus orientalis Ohbayashi, 1939",verbatim,1102184,"Acanthocinus orientalis Ohbayashi, 1939",Animalia,Arthropoda,Insecta,Coleoptera,Cerambycidae,Acanthocinus,SPECIES,EXACT,100,ACCEPTED,
melica onoei franch. & sav.,Melica onoei Franch. & Sav.,ミチシバ,kanagawa_redlist,Melica onoei Franch. & Sav.,verbatim,4118965,Melica onoei Franch. & Sav.,Plantae,Tracheophyta,Liliopsida,Poales,Poaceae,Melica,SPECIES,EXACT,100,ACCEPTED,
"exocentrus testudineus matsushita, 1931","Exocentrus testudineus Matsushita, 1931",キッコウモンケシカミキリ,kanagawa_redlist,"Exocentrus testudineus Matsushita, 1931",verbatim,1134101,"Exocentrus testudineus Matsushita, 1931",Animalia,Arthropoda,Insecta,Coleoptera,Cerambycidae,Exocentrus,SPECIES,EXACT,100,ACCEPTED,
milium effusum l.,Milium effusum L.,イブキヌカボ,kanagawa_redlist,Milium effusum L.,verbatim,2706196,Milium effusum L.,Plantae,Tracheophyta,Liliopsida,Poales,Poaceae,Milium,SPECIES,EXACT,100,ACCEPTED,
"chrysomela vigintipunctata (scopoli, 1763)","Chrysomela vigintipunctata (Scopoli, 1763)",ヤナギハムシ,kanagawa_redlist,"Chrysomela vigintipunctata (Scopoli, 1763)",verbatim,4459731,"Chrysomela vigintipunctata Scopoli, 1763",Animalia,Arthropoda,Insecta,Coleoptera,Chrysomelidae,Chrysomela,SPECIES,EXACT,100,ACCEPTED,
neosasamorpha kagamiana (makino & uchida) koidz. subsp. yoshinoi (koidz.) sad.suzuki,Neosasamorpha kagamiana (Makino & Uchida) Koidz. subsp. yoshinoi (Koidz.) Sad.Suzuki,アリマコスズ,kanagawa_redlist,Neosasamorpha kagamiana (Makino & Uchida) Koidz. subsp. yoshinoi (Koidz.) Sad.Suzuki,verbatim,4115476,Neosasamorpha kagamiana subsp. yoshinoi (Koidz.) Sad.Suzuki,Plantae,Tracheophyta,Liliopsida,Poales,Poaceae,Sasa,SUBSPECIES,EXACT,100,SYNONYM,
"cryptocephalus instabilis baly, 1873","Cryptocephalus instabilis Baly, 1873",コヤツボシツツハムシ,kanagawa_redlist,"Cryptocephalus instabilis Baly, 1873",verbatim,1048649,"Cryptocephalus Geoffroy, 1762",Animalia,Arthropoda,Insecta,Coleoptera,Chrysomelidae,Cryptocephalus,GENUS,HIGHERRANK,94,ACCEPTED,
neosasamorpha oshidensis (makino & uchida) tatew.,Neosasamorpha oshidensis (Makino & Uchida) Tatew.,オオシダザサ,kanagawa_redlist,Neosasamorpha oshidensis (Makino & Uchida) Tatew.,verbatim,4115364,Neosasamorpha oshidensis (Makino & Uchida) Tatew.,Plantae,Tracheophyta,Liliopsida,Poales,Poaceae,Sasamorpha,SPECIES,EXACT,100,SYNONYM,
"plateumaris sericea (linnaeus, 1761)","Plateumaris sericea (Linnaeus, 1761)",キヌツヤミズクサハムシ（スゲハムシ）,kanagawa_redlist,"Plateumaris sericea (Linnaeus, 1761)",verbatim,5752112,"Plateumaris sericea (Linnaeus, 1758)",Animalia,Arthropoda,Insecta,Coleoptera,Chrysomelidae,Plateumaris,SPECIES,EXACT,100,ACCEPTED,
neosasamorpha tsukubensis (nakai) sad.suzuki subsp. pubifolia (koidz.) sad.suzuki,Neosasamorpha tsukubensis (Nakai) Sad.Suzuki subsp. pubifolia (Koidz.) Sad.Suzuki,イナコスズ,kanagawa_redlist,Neosasamorpha tsukubensis (Nakai) Sad.Suzuki subsp. pubifolia (Koidz.) Sad.Suzuki,verbatim,4115235,Neosasamorpha tsukubensis subsp. pubifolia (Koidz.) Sad.Suzuki,Plantae,Tracheophyta,Liliopsida,Poales,Poaceae,Sasa,SUBSPECIES,EXACT,100,SYNONYM,
"nebria (epinebriola) livida angulata bänninger, 1949","Nebria (Epinebriola) livida angulata Bänninger, 1949",キベリマルクビゴミムシ,kanagawa_redlist,"Nebria (Epinebriola) livida angulata Bänninger, 1949",verbatim,9126212,"Nebria livida angulata Bänninger, 1949",Animalia,Arthropoda,Insecta,Coleoptera,Carabidae,Nebria,SUBSPECIES,EXACT,100,ACCEPTED,
pleioblastus matsunoi (makino) makino & nemoto,Pleioblastus matsunoi (Makino) Makino & Nemoto,ヨコハマダケ,kanagawa_redlist,Pleioblastus matsunoi (Makino) Makino & Nemoto,verbatim,4131377,Pleioblastus matsunoi Nakai,Plantae,Tracheophyta,Liliopsida,Poales,Poaceae,Pleioblastus,SPECIES,EXACT,84,ACCEPTED,
"carabus (carabus) vanvolxemi vanvolxemi putzeys, 1875","Carabus (Carabus) vanvolxemi vanvolxemi Putzeys, 1875",ホソアカガネオサムシ,kanagawa_redlist,"Carabus (Carabus) vanvolxemi vanvolxemi Putzeys, 1875",verbatim,8247173,"Carabus vanvolxemi Putzeys, 1875",Animalia,Arthropoda,Insecta,Coleoptera,Carabidae,Carabus,SPECIES,HIGHERRANK,99,ACCEPTED,
sasaella hidaensis (makino) makino var. muraii (makino & uchida) sad.suzuki,Sasaella hidaensis (Makino) Makino var. muraii (Makino & Uchida) Sad.Suzuki,ミヤギザサ,kanagawa_redlist,Sasaella hidaensis (Makino) Makino var. muraii (Makino & Uchida) Sad.Suzuki,verbatim,4127842,Sasaella hidaensis var. muraii (Makino & Uchida) Sad.Suzuki,Plantae,Tracheophyta,Liliopsida,Poales,Poaceae,Sasaella,VARIETY,EXACT,100,SYNONYM,
"dyschirius (eudyschrius) hiogoensis bates, 1873","Dyschirius (Eudyschrius) hiogoensis Bates, 1873",コチビヒョウタンゴミムシ,kanagawa_redlist,"Dyschirius (Eudyschrius) hiogoensis Bates, 1873",verbatim,7675963,"Dyschirius hiogoensis Bates, 1873",Animalia,Arthropoda,Insecta,Coleoptera,Carabidae,Dyschirius,SPECIES,EXACT,100,ACCEPTED,
sasaella yamakitensis (makino) m.kobay.,Sasaella yamakitensis (Makino) M.Kobay.,ヤマキタダケ,kanagawa_redlist,Sasaella yamakitensis (Makino) M.Kobay.,verbatim,11021836,Sasaella yamakitensis (Makino) M.Kobay.,Plantae,Tracheophyta,Liliopsida,Poales,Poaceae,Sasaella,SPECIES,EXACT,100,ACCEPTED,
"trechiama (trechiama) tamaensis yoshida & nomura, 1960","Trechiama (Trechiama) tamaensis Yoshida & Nomura, 1960",ヨウザワメクラチビゴミムシ,kanagawa_redlist,"Trechiama (Trechiama) tamaensis Yoshida & Nomura, 1960",verbatim,7719074,"Trechiama tamaensis Yoshida & Nomura, 1960",Animalia,Arthropoda,Insecta,Coleoptera,Carabidae,Trechiama,SPECIES,EXACT,100,ACCEPTED,
semiarundinaria fastuosa (mitford) makino ex nakai var. viridis (makino) makino ex sad.suzuki,Semiarundinaria fastuosa (Mitford) Makino ex Nakai var. viridis (Makino) Makino ex Sad.Suzuki,アオナリヒラ,kanagawa_redlist,Semiarundinaria fastuosa (Mitford) Makino ex Nakai var. viridis (Makino) Makino ex Sad.Suzuki,verbatim,5945026,Semiarundinaria fastuosa var. viridis Makino,Plantae,Tracheophyta,Liliopsida,Poales,Poaceae,Semiarundinaria,VARIETY,EXACT,100,SYNONYM,
"trechiama (trechiama) pallidior s. uéno, 1981","Trechiama (Trechiama) pallidior S. Uéno, 1981",ハコネメクラチビゴミムシ,kanagawa_redlist,"Trechiama (Trechiama) pallidior S. Uéno, 1981",verbatim,8345325,"Trechiama pallidior Ueno, 1981",Animalia,Arthropoda,Insecta,Coleoptera,Carabidae,Trechiama,SPECIES,EXACT,100,ACCEPTED,
zoysia sinica hance var. nipponica ohwi,Zoysia sinica Hance var. nipponica Ohwi,ナガミノオニシバ,kanagawa_redlist,Zoysia sinica Hance var. nipponica Ohwi,verbatim,4138321,Zoysia sinica var. nipponica Ohwi,Plantae,Tracheophyta,Liliopsida,Poales,Poaceae,Zoysia,VARIETY,EXACT,100,SYNONYM,
"trechiama (trechiama) varians s. uéno, 1981","Trechiama (Trechiama) varians S. Uéno, 1981",タンザワメクラチビゴミムシ,kanagawa_redlist,"Trechiama (Trechiama) varians S. Uéno, 1981",verbatim,8096481,"Trechiama varians Ueno, 1981",Animalia,Arthropoda,Insecta,Coleoptera,Carabidae,Trechiama,SPECIES,EXACT,100,ACCEPTED,
ceratophyllum demersum l.,Ceratophyllum demersum L.,マツモ,kanagawa_redlist,Ceratophyllum demersum L.,verbatim,2882398,Ceratophyllum demersum L.,Plantae,Tracheophyta,Magnoliopsida,Ceratophyllales,Ceratophyllaceae,Ceratophyllum,SPECIES,EXACT,100,ACCEPTED,
"trechiama (trechiama) tanzawanus s. uéno & sone, 1994","Trechiama (Trechiama) tanzawanus S. Uéno & Sone, 1994",ニシタンザワメクラチビゴミムシ,kanagawa_redlist,"Trechiama (Trechiama) tanzawanus S. Uéno & Sone, 1994",verbatim,7426602,"Trechiama tanzawanus Ueno & Sone, 1994",Animalia,Arthropoda,Insecta,Coleoptera,Carabidae,Trechiama,SPECIES,EXACT,100,ACCEPTED,
aconitum pterocaule koidz.,Aconitum pterocaule Koidz.,アズマレイジンソウ,kanagawa_redlist,Aconitum pterocaule Koidz.,verbatim,7276738,Aconitum pterocaule Koidz.,Plantae,Tracheophyta,Magnoliopsida,Ranunculales,Ranunculaceae,Aconitum,SPECIES,EXACT,100,ACCEPTED,
"trechiama (trechiama) terraenovae s. uéno, 1988","Trechiama (Trechiama) terraenovae S. Uéno, 1988",ミウラメクラチビゴミムシ,kanagawa_redlist,"Trechiama (Trechiama) terraenovae S. Uéno, 1988",verbatim,7471040,"Trechiama terraenovae Ueno, 1988",Animalia,Arthropoda,Insecta,Coleoptera,Carabidae,Trechiama,SPECIES,EXACT,100,ACCEPTED,
anemonopsis macrophylla siebold & zucc.,Anemonopsis macrophylla Siebold & Zucc.,レンゲショウマ,kanagawa_redlist,Anemonopsis macrophylla Siebold & Zucc.,verbatim,3921650,Anemonopsis macrophylla Siebold & Zucc.,Plantae,Tracheophyta,Magnoliopsida,Ranunculales,Ranunculaceae,Anemonopsis,SPECIES,EXACT,100,ACCEPTED,
"agonotrechus paradoxus (s. uéno, 1981)","Agonotrechus paradoxus (S. Uéno, 1981)",タカオチビゴミムシ,kanagawa_redlist,"Agonotrechus paradoxus (S. Uéno, 1981)",verbatim,11211949,"Agonotrechus paradoxus (Ueno, 1981)",Animalia,Arthropoda,Insecta,Coleoptera,Carabidae,Agonotrechus,SPECIES,EXACT,100,ACCEPTED,
caltha palustris l. var. nipponica h.hara,Caltha palustris L. var. nipponica H.Hara,リュウキンカ,kanagawa_redlist,Caltha palustris L. var. nipponica H.Hara,verbatim,8072401,Caltha palustris var. nipponica H.Hara,Plantae,Tracheophyta,Magnoliopsida,Ranunculales,Ranunculaceae,Caltha,VARIETY,EXACT,100,SYNONYM,
"kurasawatrechus fujisanus s. uéno, 1971","Kurasawatrechus fujisanus S. Uéno, 1971",フジメクラチビゴミムシ,kanagawa_redlist,"Kurasawatrechus fujisanus S. Uéno, 1971",verbatim,7768469,"Kurasawatrechus fujisanus Ueno, 1971",Animalia,Arthropoda,Insecta,Coleoptera,Carabidae,Kurasawatrechus,SPECIES,EXACT,100,ACCEPTED,
clematis tosaensis makino form. tosaensis,Clematis tosaensis Makino form. tosaensis,トリガタハンショウヅル,kanagawa_redlist,Clematis tosaensis Makino form. tosaensis,verbatim,3927402,Clematis tosaensis Makino,Plantae,Tracheophyta,Magnoliopsida,Ranunculales,Ranunculaceae,Clematis,SPECIES,HIGHERRANK,99,ACCEPTED,
"kurasawatrechus notsui s. uéno, 1983","Kurasawatrechus notsui S. Uéno, 1983",コマヤマメクラチビゴミムシ,kanagawa_redlist,"Kurasawatrechus notsui S. Uéno, 1983",verbatim,8045743,"Kurasawatrechus notsui Uéno, 1983",Animalia,Arthropoda,Insecta,Coleoptera,Carabidae,Kurasawatrechus,SPECIES,EXACT,100,ACCEPTED,
hepatica nobilis schreb. var. nipponica nakai,Hepatica nobilis Schreb. var. nipponica Nakai,スハマソウ,kanagawa_redlist,Hepatica nobilis Schreb. var. nipponica Nakai,verbatim,7597346,Hepatica nobilis var. nipponica Nakai,Plantae,Tracheophyta,Magnoliopsida,Ranunculales,Ranunculaceae,Hepatica,VARIETY,EXACT,100,SYNONYM,
"lymnastis yanoi nakane, 1963","Lymnastis yanoi Nakane, 1963",ヤノホソコミズギワゴミムシ,kanagawa_redlist,"Lymnastis yanoi Nakane, 1963",verbatim,8199300,"Lymnastis yanoi Nakane, 1963",Animalia,Arthropoda,Insecta,Coleoptera,Carabidae,Lymnastis,SPECIES,EXACT,100,ACCEPTED,
pulsatilla cernua (thunb.) bercht. ex j.presl,Pulsatilla cernua (Thunb.) Bercht. ex J.Presl,オキナグサ,kanagawa_redlist,Pulsatilla cernua (Thunb.) Bercht. ex J.Presl,verbatim,7278021,Pulsatilla cernua (Thunb.) Bercht. & J.Presl,Plantae,Tracheophyta,Magnoliopsida,Ranunculales,Ranunculaceae,Pulsatilla,SPECIES,EXACT,100,ACCEPTED,
"tachyura (tachyphanes) klugi euglypta (bates, 1883)","Tachyura (Tachyphanes) klugi euglypta (Bates, 1883)",アトモンコミズギワゴミムシ,kanagawa_redlist,"Tachyura (Tachyphanes) klugi euglypta (Bates, 1883)",verbatim,9472531,"Tachyura klugii (Nietner, 1858)",Animalia,Arthropoda,Insecta,Coleoptera,Carabidae,Elaphropus,SPECIES,HIGHERRANK,96,SYNONYM,
thalictrum sekimotoanum honda,Thalictrum sekimotoanum Honda,イワカラマツ,kanagawa_redlist,Thalictrum sekimotoanum Honda,verbatim,3925308,Thalictrum sekimotoanum Honda,Plantae,Tracheophyta,Magnoliopsida,Ranunculales,Ranunculaceae,Thalictrum,SPECIES,EXACT,100,SYNONYM,
"asaphidion tenryuense habu, 1954","Asaphidion tenryuense Habu, 1954",テンリュウメダカチビカワゴミムシ,kanagawa_redlist,"Asaphidion tenryuense Habu, 1954",verbatim,7848203,"Asaphidion tenryuense Habu, 1954",Animalia,Arthropoda,Insecta,Coleoptera,Carabidae,Asaphidion,SPECIES,EXACT,100,ACCEPTED,
paeonia obovata maxim.,Paeonia obovata Maxim.,ベニバナヤマシャクヤク,kanagawa_redlist,Paeonia obovata Maxim.,verbatim,7316524,Paeonia obovata Maxim.,Plantae,Tracheophyta,Magnoliopsida,Saxifragales,Paeoniaceae,Paeonia,SPECIES,EXACT,100,ACCEPTED,
"abacetus tanakai straneo, 1961","Abacetus tanakai Straneo, 1961",ヨツボシツヤナガゴミムシ,kanagawa_redlist,"Abacetus tanakai Straneo, 1961",verbatim,8004130,"Abacetus tanakai Straneo, 1961",Animalia,Arthropoda,Insecta,Coleoptera,Carabidae,Abacetus,SPECIES,EXACT,100,ACCEPTED,
ribes maximowiczianum kom.,Ribes maximowiczianum Kom.,ザリコミ,kanagawa_redlist,Ribes maximowiczianum Kom.,verbatim,4927325,Ribes maximowiczianum Kom.,Plantae,Tracheophyta,Magnoliopsida,Saxifragales,Grossulariaceae,Ribes,SPECIES,EXACT,100,ACCEPTED,
"poecilus (poecilus) samurai (lutshnik, 1916)","Poecilus (Poecilus) samurai (Lutshnik, 1916)",オオキンナガゴミムシ,kanagawa_redlist,"Poecilus (Poecilus) samurai (Lutshnik, 1916)",verbatim,7469282,"Poecilus samurai (Lutshnik, 1916)",Animalia,Arthropoda,Insecta,Coleoptera,Carabidae,Poecilus,SPECIES,EXACT,100,ACCEPTED,
chrysosplenium echinus maxim.,Chrysosplenium echinus Maxim.,イワネコノメソウ,kanagawa_redlist,Chrysosplenium echinus Maxim.,verbatim,5567462,Chrysosplenium echinus Maxim.,Plantae,Tracheophyta,Magnoliopsida,Saxifragales,Saxifragaceae,Chrysosplenium,SPECIES,EXACT,100,ACCEPTED,
"pterostichus (lyrothorax) amagisanus tanaka & ishida, 1972","Pterostichus (Lyrothorax) amagisanus Tanaka & Ishida, 1972",アマギナガゴミムシ,kanagawa_redlist,"Pterostichus (Lyrothorax) amagisanus Tanaka & Ishida, 1972",verbatim,7397893,"Pterostichus amagisanus Tanaka & Ishida, 1972",Animalia,Arthropoda,Insecta,Coleoptera,Carabidae,Pterostichus,SPECIES,EXACT,100,ACCEPTED,
chrysosplenium pilosum maxim. var. sphaerospermum (maxim.) h.hara,Chrysosplenium pilosum Maxim. var. sphaerospermum (Maxim.) H.Hara,コガネネコノメソウ,kanagawa_redlist,Chrysosplenium pilosum Maxim. var. sphaerospermum (Maxim.) H.Hara,verbatim,8251626,Chrysosplenium pilosum var. sphaerospermum (Maxim.) H.Hara,Plantae,Tracheophyta,Magnoliopsida,Saxifragales,Saxifragaceae,Chrysosplenium,VARIETY,EXACT,100,ACCEPTED,
"pterostichus (pterostichus) mucronatus straneo, 1955","Pterostichus (Pterostichus) mucronatus Straneo, 1955",ヤツオオナガゴミムシ,kanagawa_redlist,"Pterostichus (Pterostichus) mucronatus Straneo, 1955",verbatim,7567385,"Pterostichus mucronatus Straneo, 1955",Animalia,Arthropoda,Insecta,Coleoptera,Carabidae,Pterostichus,SPECIES,EXACT,100,ACCEPTED,
saxifraga cortusifolia siebold & zucc.,Saxifraga cortusifolia Siebold & Zucc.,ジンジソウ,kanagawa_redlist,Saxifraga cortusifolia Siebold & Zucc.,verbatim,7339340,Saxifraga cortusifolia Siebold & Zucc.,Plantae,Tracheophyta,Magnoliopsida,Saxifragales,Saxifragaceae,Saxifraga,SPECIES,EXACT,100,ACCEPTED,
"pterostichus (nialoe) macrogenys bates, 1883","Pterostichus (Nialoe) macrogenys Bates, 1883",ニッコウオオズナガゴミムシ,kanagawa_redlist,"Pterostichus (Nialoe) macrogenys Bates, 1883",verbatim,7432366,"Pterostichus macrogenys Bates, 1883",Animalia,Arthropoda,Insecta,Coleoptera,Carabidae,Pterostichus,SPECIES,EXACT,100,ACCEPTED,
tanakaea radicans franch. & sav.,Tanakaea radicans Franch. & Sav.,イワユキノシタ,kanagawa_redlist,Tanakaea radicans Franch. & Sav.,verbatim,7872622,Tanakaea radicans Franch. & Sav.,Plantae,Tracheophyta,Magnoliopsida,Saxifragales,Saxifragaceae,Tanakaea,SPECIES,EXACT,100,ACCEPTED,
"onycholabis nakanei kasahara, 1986","Onycholabis nakanei Kasahara, 1986",キバナガヒラタゴミムシ,kanagawa_redlist,"Onycholabis nakanei Kasahara, 1986",verbatim,7519320,"Onycholabis nakanei Kasahara, 1986",Animalia,Arthropoda,Insecta,Coleoptera,Carabidae,Onycholabis,SPECIES,EXACT,100,ACCEPTED,
hylotelephium verticillatum (l.) h.ohba var. verticillatum,Hylotelephium verticillatum (L.) H.Ohba var. verticillatum,ミツバベンケイソウ,kanagawa_redlist,Hylotelephium verticillatum (L.) H.Ohba var. verticillatum,verbatim,7334590,Hylotelephium verticillatum var. verticillatum,Plantae,Tracheophyta,Magnoliopsida,Saxifragales,Crassulaceae,Hylotelephium,VARIETY,EXACT,98,ACCEPTED,
"harpalus (pachyharpalus) crates bates, 1883","Harpalus (Pachyharpalus) crates Bates, 1883",チョウセンゴモクムシ,kanagawa_redlist,"Harpalus (Pachyharpalus) crates Bates, 1883",verbatim,8200511,"Harpalus crates Bates, 1883",Animalia,Arthropoda,Insecta,Coleoptera,Carabidae,Harpalus,SPECIES,EXACT,100,ACCEPTED,
hylotelephium verticillatum (l.) h.ohba var. lithophilos h.ohba,Hylotelephium verticillatum (L.) H.Ohba var. lithophilos H.Ohba,ショウドシマベンケイソウ,kanagawa_redlist,Hylotelephium verticillatum (L.) H.Ohba var. lithophilos H.Ohba,verbatim,4201656,Hylotelephium verticillatum var. lithophilos H.Ohba,Plantae,Tracheophyta,Magnoliopsida,Saxifragales,Crassulaceae,Hylotelephium,VARIETY,EXACT,100,ACCEPTED,
"trichotichnus (trichotichnus) vespertinus habu, 1954","Trichotichnus (Trichotichnus) vespertinus Habu, 1954",キュウシュウツヤゴモクムシ,kanagawa_redlist,"Trichotichnus (Trichotichnus) vespertinus Habu, 1954",verbatim,8140642,"Trichotichnus vespertinus Habu, 1954",Animalia,Arthropoda,Insecta,Coleoptera,Carabidae,Trichotichnus,SPECIES,EXACT,100,ACCEPTED,
sedum japonicum siebold ex miq. subsp. japonicum var. japonicum,Sedum japonicum Siebold ex Miq. subsp. japonicum var. japonicum,メノマンネングサ,kanagawa_redlist,Sedum japonicum Siebold ex Miq. subsp. japonicum var. japonicum,verbatim,7334051,Sedum japonicum subsp. japonicum,Plantae,Tracheophyta,Magnoliopsida,Saxifragales,Crassulaceae,Sedum,SUBSPECIES,EXACT,95,ACCEPTED,
"trichotichnus (trichotichnus) kobayashie habu, 1957","Trichotichnus (Trichotichnus) kobayashie Habu, 1957",コバヤシツヤゴモクムシ,kanagawa_redlist,"Trichotichnus (Trichotichnus) kobayashie Habu, 1957",verbatim,8417001,"Trichotichnus kobayashie Habu, 1957",Animalia,Arthropoda,Insecta,Coleoptera,Carabidae,Trichotichnus,SPECIES,EXACT,100,ACCEPTED,
lathyrus davidii hance,Lathyrus davidii Hance,イタチササゲ,kanagawa_redlist,Lathyrus davidii Hance,verbatim,5356477,Lathyrus davidii Hance,Plantae,Tracheophyta,Magnoliopsida,Fabales,Fabaceae,Lathyrus,SPECIES,EXACT,100,ACCEPTED,
"chlaenius (pachydinodes) abstersus bates, 1873","Chlaenius (Pachydinodes) abstersus Bates, 1873",アカガネアオゴミムシ,kanagawa_redlist,"Chlaenius (Pachydinodes) abstersus Bates, 1873",verbatim,8409750,"Chlaenius abstersus Bates, 1873",Animalia,Arthropoda,Insecta,Coleoptera,Carabidae,Chlaenius,SPECIES,EXACT,100,ACCEPTED,
lathyrus quinquenervius (miq.) litv.,Lathyrus quinquenervius (Miq.) Litv.,レンリソウ,kanagawa_redlist,Lathyrus quinquenervius (Miq.) Litv.,verbatim,5356523,Lathyrus quinquenervius (Miq.) Litv.,Plantae,Tracheophyta,Magnoliopsida,Fabales,Fabaceae,Lathyrus,SPECIES,EXACT,100,ACCEPTED,
"chlaenius (pachydinodes) hamifer chaudoir, 1856","Chlaenius (Pachydinodes) hamifer Chaudoir, 1856",コアトワアオゴミムシ,kanagawa_redlist,"Chlaenius (Pachydinodes) hamifer Chaudoir, 1856",verbatim,5810051,"Chlaenius hamifer Chaudoir, 1856",Animalia,Arthropoda,Insecta,Coleoptera,Carabidae,Chlaenius,SPECIES,EXACT,100,ACCEPTED,
agrimonia noguchii seriz. subsp. hakonensis seriz.,Agrimonia noguchii Seriz. subsp. hakonensis Seriz.,ハコネキンミズヒキ,kanagawa_redlist,Agrimonia noguchii Seriz. subsp. hakonensis Seriz.,verbatim,12291865,Agrimonia noguchii subsp. hakonensis Seriz.,Plantae,Tracheophyta,Magnoliopsida,Rosales,Rosaceae,Agrimonia,SUBSPECIES,EXACT,100,SYNONYM,
"lachnoderma asperum bates, 1883","Lachnoderma asperum Bates, 1883",アリスアトキリゴミムシ,kanagawa_redlist,"Lachnoderma asperum Bates, 1883",verbatim,6131140,"Lachnoderma asperum Bates, 1883",Animalia,Arthropoda,Insecta,Coleoptera,Carabidae,Lachnoderma,SPECIES,EXACT,100,ACCEPTED,
amelanchier asiatica (siebold & zucc.) endl. ex walp.,Amelanchier asiatica (Siebold & Zucc.) Endl. ex Walp.,ザイフリボク,kanagawa_redlist,Amelanchier asiatica (Siebold & Zucc.) Endl. ex Walp.,verbatim,3023822,Amelanchier asiatica (Siebold & Zucc.) Endl. ex Walp.,Plantae,Tracheophyta,Magnoliopsida,Rosales,Rosaceae,Amelanchier,SPECIES,EXACT,100,ACCEPTED,
"parena (bothynoptera) kurosai habu, 1967","Parena (Bothynoptera) kurosai Habu, 1967",クロサヒラタアトキリゴミムシ,kanagawa_redlist,"Parena (Bothynoptera) kurosai Habu, 1967",verbatim,7360561,"Parena kurosai Habu, 1967",Animalia,Arthropoda,Insecta,Coleoptera,Carabidae,Parena,SPECIES,EXACT,100,ACCEPTED,
fragaria nipponica makino,Fragaria nipponica Makino,シロバナノヘビイチゴ,kanagawa_redlist,Fragaria nipponica Makino,verbatim,3029900,Fragaria nipponica Makino,Plantae,Tracheophyta,Magnoliopsida,Rosales,Rosaceae,Fragaria,SPECIES,EXACT,100,ACCEPTED,
"dendrocellus confusus (hansen, 1967)","Dendrocellus confusus (Hansen, 1967)",モリアオホソゴミムシ,kanagawa_redlist,"Dendrocellus confusus (Hansen, 1967)",verbatim,9515500,"Dendrocellus confusus (Hansen, 1968)",Animalia,Arthropoda,Insecta,Coleoptera,Carabidae,Desera,SPECIES,EXACT,100,SYNONYM,
potentilla stolonifera lehm. ex ledeb.,Potentilla stolonifera Lehm. ex Ledeb.,ツルキジムシロ,kanagawa_redlist,Potentilla stolonifera Lehm. ex Ledeb.,verbatim,5365970,Potentilla stolonifera Lehm. ex Ledeb.,Plantae,Tracheophyta,Magnoliopsida,Rosales,Rosaceae,Potentilla,SPECIES,EXACT,100,ACCEPTED,
"hydaticus rhantoides sharp, 1882","Hydaticus rhantoides Sharp, 1882",ウスイロシマゲンゴロウ,kanagawa_redlist,"Hydaticus rhantoides Sharp, 1882",verbatim,5873998,"Hydaticus rhantoides Sharp, 1882",Animalia,Arthropoda,Insecta,Coleoptera,Dytiscidae,Hydaticus,SPECIES,EXACT,100,ACCEPTED,
cerasus hisauchiana (koidz. ex hisauti) h.ohba,Cerasus hisauchiana (Koidz. ex Hisauti) H.Ohba,ヤブザクラ,kanagawa_redlist,Cerasus hisauchiana (Koidz. ex Hisauti) H.Ohba,verbatim,3030785,Cerasus × hisauchiana (Hisauti) H.Ohba,Plantae,Tracheophyta,Magnoliopsida,Rosales,Rosaceae,Prunus,SPECIES,EXACT,100,SYNONYM,
"enochrus subsignatus (harold, 1877)","Enochrus subsignatus (Harold, 1877)",マルヒラタガムシ,kanagawa_redlist,"Enochrus subsignatus (Harold, 1877)",verbatim,6132470,"Enochrus subsignatus (Harold, 1877)",Animalia,Arthropoda,Insecta,Coleoptera,Hydrophilidae,Enochrus,SPECIES,EXACT,100,ACCEPTED,
rubus pungens cambess.,Rubus pungens Cambess.,サナギイチゴ,kanagawa_redlist,Rubus pungens Cambess.,verbatim,2990989,Rubus pungens Cambess.,Plantae,Tracheophyta,Magnoliopsida,Rosales,Rosaceae,Rubus,SPECIES,EXACT,100,DOUBTFUL,
"helochares nipponicus hebauer, 1995","Helochares nipponicus Hebauer, 1995",スジヒラタガムシ,kanagawa_redlist,"Helochares nipponicus Hebauer, 1995",verbatim,9959160,"Helochares nipponicus Hebauer, 1995",Animalia,Arthropoda,Insecta,Coleoptera,Hydrophilidae,Helochares,SPECIES,EXACT,100,ACCEPTED,
rhamnella franguloides (maxim.) weberb.,Rhamnella franguloides (Maxim.) Weberb.,ネコノチチ,kanagawa_redlist,Rhamnella franguloides (Maxim.) Weberb.,verbatim,3874947,Rhamnella franguloides (Maxim.) Weberb.,Plantae,Tracheophyta,Magnoliopsida,Rosales,Rhamnaceae,Rhamnella,SPECIES,EXACT,100,ACCEPTED,
"helochares pallens (macleay, 1825)","Helochares pallens (MacLeay, 1825)",ルイスヒラタガムシ,kanagawa_redlist,"Helochares pallens (MacLeay, 1825)",verbatim,9296381,"Helochares pallens (W.S.MacLeay, 1825)",Animalia,Arthropoda,Insecta,Coleoptera,Hydrophilidae,Helochares,SPECIES,EXACT,100,ACCEPTED,
pouzolzia hirta (blume) blume ex hassk.,Pouzolzia hirta (Blume) Blume ex Hassk.,ツルマオ,kanagawa_redlist,Pouzolzia hirta (Blume) Blume ex Hassk.,verbatim,7300708,Pouzolzia hirta (Blume) Hassk.,Plantae,Tracheophyta,Magnoliopsida,Rosales,Urticaceae,Gonostegia,SPECIES,EXACT,100,SYNONYM,
"enochrus esuriens (walker, 1858)","Enochrus esuriens (Walker, 1858)",チビヒラタガムシ,kanagawa_redlist,"Enochrus esuriens (Walker, 1858)",verbatim,4755714,"Enochrus esuriens (Walker, 1858)",Animalia,Arthropoda,Insecta,Coleoptera,Hydrophilidae,Enochrus,SPECIES,EXACT,100,ACCEPTED,
betula ermanii cham.,Betula ermanii Cham.,ダケカンバ,kanagawa_redlist,Betula ermanii Cham.,verbatim,5332231,Betula ermanii Cham.,Plantae,Tracheophyta,Magnoliopsida,Fagales,Betulaceae,Betula,SPECIES,EXACT,100,ACCEPTED,
"enochrus uniformis (sharp, 1884)","Enochrus uniformis (Sharp, 1884)",ウスグロヒラタガムシ,kanagawa_redlist,"Enochrus uniformis (Sharp, 1884)",verbatim,10509505,"Enochrus uniformis (Sharp, 1884)",Animalia,Arthropoda,Insecta,Coleoptera,Hydrophilidae,Enochrus,SPECIES,EXACT,100,ACCEPTED,
parnassia palustris l. var. palustris,Parnassia palustris L. var. palustris,ウメバチソウ,kanagawa_redlist,Parnassia palustris L. var. palustris,verbatim,7095890,Parnassia palustris var. palustris,Plantae,Tracheophyta,Magnoliopsida,Celastrales,Parnassiaceae,Parnassia,VARIETY,EXACT,99,ACCEPTED,
"niposoma vagans lewis, 1884","Niposoma vagans Lewis, 1884",ヘリナガエンマムシ,kanagawa_redlist,"Niposoma vagans Lewis, 1884",verbatim,8542826,"Niposoma vagans (Lewis, 1884)",Animalia,Arthropoda,Insecta,Coleoptera,Histeridae,Niposoma,SPECIES,EXACT,100,ACCEPTED,
oxalis acetosella l.,Oxalis acetosella L.,コミヤマカタバミ,kanagawa_redlist,Oxalis acetosella L.,verbatim,8211958,Oxalis acetosella L.,Plantae,Tracheophyta,Magnoliopsida,Oxalidales,Oxalidaceae,Oxalis,SPECIES,EXACT,100,ACCEPTED,
"margarinotus (kurilister) kurbatovi (tishechkin, 1992)","Margarinotus (Kurilister) kurbatovi (Tishechkin, 1992)",ヒラタカクヒメエンマムシ,kanagawa_redlist,"Margarinotus (Kurilister) kurbatovi (Tishechkin, 1992)",verbatim,5996183,"Margarinotus kurbatovi (Tishechkin, 1992)",Animalia,Arthropoda,Insecta,Coleoptera,Histeridae,Margarinotus,SPECIES,EXACT,100,ACCEPTED,
"hypericum erectum thunb. var. arenicolum kigawa, nom. nud.","Hypericum erectum Thunb. var. arenicolum Kigawa, nom. nud.",ハマオトギリ,kanagawa_redlist,"Hypericum erectum Thunb. var. arenicolum Kigawa, nom. nud.",verbatim,7330122,Hypericum erectum Thunb.,Plantae,Tracheophyta,Magnoliopsida,Malpighiales,Hypericaceae,Hypericum,SPECIES,HIGHERRANK,97,ACCEPTED,
"liodopria maculicollis nakane, 1963","Liodopria maculicollis Nakane, 1963",ヒトツメタマキノコムシ,kanagawa_redlist,"Liodopria maculicollis Nakane, 1963",verbatim,9138790,"Liodopria maculicollis Nakane, 1963",Animalia,Arthropoda,Insecta,Coleoptera,Leiodidae,Liodopria,SPECIES,EXACT,100,ACCEPTED,
triadenum japonicum (blome) makino,Triadenum japonicum (Blome) Makino,ミズオトギリ,kanagawa_redlist,Triadenum japonicum (Blome) Makino,verbatim,3715016,Triadenum japonicum (Blume) Makino,Plantae,Tracheophyta,Magnoliopsida,Malpighiales,Hypericaceae,Triadenum,SPECIES,EXACT,100,ACCEPTED,
"physomerinus pedator (sharp, 1883)","Physomerinus pedator (Sharp, 1883)",モモコブアリヅカムシ,kanagawa_redlist,"Physomerinus pedator (Sharp, 1883)",verbatim,7203065,"Physomerinus pedator (Sharp, 1883)",Animalia,Arthropoda,Insecta,Coleoptera,Staphylinidae,Physomerinus,SPECIES,EXACT,100,ACCEPTED,
viola violacea makino var. violacea,Viola violacea Makino var. violacea,シハイスミレ,kanagawa_redlist,Viola violacea Makino var. violacea,verbatim,7296540,Viola violacea Makino,Plantae,Tracheophyta,Magnoliopsida,Malpighiales,Violaceae,Viola,SPECIES,HIGHERRANK,97,ACCEPTED,
"prosthecarthron sauteri raffray, 1914","Prosthecarthron sauteri Raffray, 1914",アシベアリヅカムシ,kanagawa_redlist,"Prosthecarthron sauteri Raffray, 1914",verbatim,5738179,"Prosthecarthron sauteri Raffray, 1914",Animalia,Arthropoda,Insecta,Coleoptera,Staphylinidae,Prosthecarthron,SPECIES,EXACT,100,ACCEPTED,
salix pierotii miq.,Salix pierotii Miq.,オオタチヤナギ,kanagawa_redlist,Salix pierotii Miq.,verbatim,7266549,Salix pierotii Miq.,Plantae,Tracheophyta,Magnoliopsida,Malpighiales,Salicaceae,Salix,SPECIES,EXACT,100,ACCEPTED,
"afromorgus chinensis (boheman, 1858)","Afromorgus chinensis (Boheman, 1858)",オオコブスジコガネ,kanagawa_redlist,"Afromorgus chinensis (Boheman, 1858)",verbatim,1094836,"Afromorgus Scholtz, 1986",Animalia,Arthropoda,Insecta,Coleoptera,Trogidae,Afromorgus,GENUS,HIGHERRANK,92,DOUBTFUL,
salix vulpinoides koidz.,Salix vulpinoides Koidz.,オオキツネヤナギ,kanagawa_redlist,Salix vulpinoides Koidz.,verbatim,5583630,Salix vulpinoides Koidz.,Plantae,Tracheophyta,Magnoliopsida,Malpighiales,Salicaceae,Salix,SPECIES,EXACT,100,SYNONYM,
"trox (trox) mitis fujiokai ochi, 2000","Trox (Trox) mitis fujiokai Ochi, 2000",マルコブスジコガネ,kanagawa_redlist,"Trox (Trox) mitis fujiokai Ochi, 2000",verbatim,1094811,"Trox mitis Balthasar, 1933",Animalia,Arthropoda,Insecta,Coleoptera,Trogidae,Trox,SPECIES,HIGHERRANK,99,ACCEPTED,
geranium krameri franch. & sav.,Geranium krameri Franch. & Sav.,タチフウロ,kanagawa_redlist,Geranium krameri Franch. & Sav.,verbatim,2890973,Geranium krameri Franch. & Sav.,Plantae,Tracheophyta,Magnoliopsida,Geraniales,Geraniaceae,Geranium,SPECIES,EXACT,100,ACCEPTED,
"trox (trox) setifer waterhouse, 1875","Trox (Trox) setifer Waterhouse, 1875",アイヌコブスジコガネ,kanagawa_redlist,"Trox (Trox) setifer Waterhouse, 1875",verbatim,1094598,"Trox setifer Waterhouse, 1875",Animalia,Arthropoda,Insecta,Coleoptera,Trogidae,Trox,SPECIES,EXACT,100,ACCEPTED,
epilobium fauriei h.lev.,Epilobium fauriei H.Lev.,ヒメアカバナ,kanagawa_redlist,Epilobium fauriei H.Lev.,verbatim,9012611,Epilobium fauriei H.Lév.,Plantae,Tracheophyta,Magnoliopsida,Myrtales,Onagraceae,Epilobium,SPECIES,EXACT,100,ACCEPTED,
"trox (niditrox) nohirai nakane, 1954","Trox (Niditrox) nohirai Nakane, 1954",コブナシコブスジコガネ,kanagawa_redlist,"Trox (Niditrox) nohirai Nakane, 1954",verbatim,1094770,"Trox nohirai Nakane, 1954",Animalia,Arthropoda,Insecta,Coleoptera,Trogidae,Trox,SPECIES,EXACT,100,ACCEPTED,
acer distylum siebold & zucc.,Acer distylum Siebold & Zucc.,ヒトツバカエデ,kanagawa_redlist,Acer distylum Siebold & Zucc.,verbatim,3768631,Acer distylum Siebold & Zucc.,Plantae,Tracheophyta,Magnoliopsida,Sapindales,Sapindaceae,Acer,SPECIES,EXACT,100,ACCEPTED,
"aegus laevicollis subnitidus waterhouse, 1873","Aegus laevicollis subnitidus Waterhouse, 1873",ネブトクワガタ,kanagawa_redlist,"Aegus laevicollis subnitidus Waterhouse, 1873",verbatim,11438438,Aegus laevicollis subnitidus,Animalia,Arthropoda,Insecta,Coleoptera,Lucanidae,Aegus,SUBSPECIES,EXACT,98,ACCEPTED,
acer nipponicum h.hara subsp. orientale t.yamaz. var. koshinense t.yamaz.,Acer nipponicum H.Hara subsp. orientale T.Yamaz. var. koshinense T.Yamaz.,コウシンテツカエデ,kanagawa_redlist,Acer nipponicum H.Hara subsp. orientale T.Yamaz. var. koshinense T.Yamaz.,verbatim,3768089,Acer nipponicum var. koshinense T.Yamaz.,Plantae,Tracheophyta,Magnoliopsida,Sapindales,Sapindaceae,Acer,VARIETY,EXACT,100,SYNONYM,
"hoplia (hoplia) hakonensis sawada, 1938","Hoplia (Hoplia) hakonensis Sawada, 1938",ハコネアシナガコガネ,kanagawa_redlist,"Hoplia (Hoplia) hakonensis Sawada, 1938",verbatim,1063534,"Hoplia hakonensis Sawada, 1938",Animalia,Arthropoda,Insecta,Coleoptera,Scarabaeidae,Hoplia,SPECIES,EXACT,100,ACCEPTED,
hibiscus hamabo siebold & zucc.,Hibiscus hamabo Siebold & Zucc.,ハマボウ,kanagawa_redlist,Hibiscus hamabo Siebold & Zucc.,verbatim,7279115,Hibiscus hamabo Siebold & Zucc.,Plantae,Tracheophyta,Magnoliopsida,Malvales,Malvaceae,Talipariti,SPECIES,EXACT,100,SYNONYM,
"protaetia (liocola) lugubris insperata (lewis, 1879)","Protaetia (Liocola) lugubris insperata (Lewis, 1879)",ミヤマオオハナムグリ,kanagawa_redlist,"Protaetia (Liocola) lugubris insperata (Lewis, 1879)",verbatim,1080190,"Protaetia lugubris (Herbst, 1786)",Animalia,Arthropoda,Insecta,Coleoptera,Scarabaeidae,Protaetia,SPECIES,HIGHERRANK,98,SYNONYM,
arabidopsis kamchatica (fisch. ex dc.) k.shimizu & kudoh subsp. kamchatica,Arabidopsis kamchatica (Fisch. ex DC.) K.Shimizu & Kudoh subsp. kamchatica,ミヤマハタザオ,kanagawa_redlist,Arabidopsis kamchatica (Fisch. ex DC.) K.Shimizu & Kudoh subsp. kamchatica,verbatim,3052474,Arabidopsis kamchatica (Fisch. ex DC.) K.Shimizu & Kudoh,Plantae,Tracheophyta,Magnoliopsida,Brassicales,Brassicaceae,Arabidopsis,SPECIES,HIGHERRANK,97,SYNONYM,2 synonym homonyms
"prionocyphon sexmaculatus lewis, 1895","Prionocyphon sexmaculatus Lewis, 1895",ムツボシマルハナノミ,kanagawa_redlist,"Prionocyphon sexmaculatus Lewis, 1895",verbatim,8723748,"Prionocyphon sexmaculatus Lewis, 1895",Animalia,Arthropoda,Insecta,Coleoptera,Scirtidae,Prionocyphon,SPECIES,EXACT,100,ACCEPTED,
balanophora nipponica makino,Balanophora nipponica Makino,ミヤマツチトリモチ,kanagawa_redlist,Balanophora nipponica Makino,verbatim,4195243,Balanophora nipponica Makino,Plantae,Tracheophyta,Magnoliopsida,Santalales,Balanophoraceae,Balanophora,SPECIES,EXACT,100,ACCEPTED,
"nipponobuprestis (nipponobuprestis) querceti (e. saunders, 1873)","Nipponobuprestis (Nipponobuprestis) querceti (E. Saunders, 1873)",クロマダラタマムシ,kanagawa_redlist,"Nipponobuprestis (Nipponobuprestis) querceti (E. Saunders, 1873)",verbatim,9351544,"Nipponobuprestis querceti (Saunders, 1873)",Animalia,Arthropoda,Insecta,Coleoptera,Buprestidae,Nipponobuprestis,SPECIES,EXACT,100,ACCEPTED,
rumex madaio makino,Rumex madaio Makino,マダイオウ,kanagawa_redlist,Rumex madaio Makino,verbatim,4038627,Rumex madaio Makino,Plantae,Tracheophyta,Magnoliopsida,Caryophyllales,Polygonaceae,Rumex,SPECIES,EXACT,100,ACCEPTED,
"coraebus ishiharai y. kurosawa, 1953","Coraebus ishiharai Y. Kurosawa, 1953",サビナカボソタマムシ,kanagawa_redlist,"Coraebus ishiharai Y. Kurosawa, 1953",verbatim,9571591,"Coraebus ishiharai Kurosawa, 1953",Animalia,Arthropoda,Insecta,Coleoptera,Buprestidae,Coraebus,SPECIES,EXACT,100,ACCEPTED,
drosera rotundifolia l.,Drosera rotundifolia L.,モウセンゴケ,kanagawa_redlist,Drosera rotundifolia L.,verbatim,3191030,Drosera rotundifolia L.,Plantae,Tracheophyta,Magnoliopsida,Caryophyllales,Droseraceae,Drosera,SPECIES,EXACT,100,ACCEPTED,
"drilonius osawai nakane, 1950","Drilonius osawai Nakane, 1950",ムネアカホソホタルモドキ,kanagawa_redlist,"Drilonius osawai Nakane, 1950",verbatim,1162222,"Drilonius Kiesenwetter, 1874",Animalia,Arthropoda,Insecta,Coleoptera,Omethidae,Drilonius,GENUS,HIGHERRANK,94,ACCEPTED,
pseudostellaria heterophylla (miq.) pax,Pseudostellaria heterophylla (Miq.) Pax,ワダソウ,kanagawa_redlist,Pseudostellaria heterophylla (Miq.) Pax,verbatim,3815617,Pseudostellaria heterophylla (Miq.) Pax,Plantae,Tracheophyta,Magnoliopsida,Caryophyllales,Caryophyllaceae,Pseudostellaria,SPECIES,EXACT,100,ACCEPTED,
"asiopodabrus (asiopodabrus) nanasawaensis (takahashi, 1992)","Asiopodabrus (Asiopodabrus) nanasawaensis (Takahashi, 1992)",ナナサワクビボソジョウカイ,kanagawa_redlist,"Asiopodabrus (Asiopodabrus) nanasawaensis (Takahashi, 1992)",verbatim,4741841,"Asiopodabrus Wittmer, 1982",Animalia,Arthropoda,Insecta,Coleoptera,Cantharidae,Asiopodabrus,GENUS,HIGHERRANK,94,ACCEPTED,
suaeda maritima (l.) dumort. subsp. asiatica h.hara,Suaeda maritima (L.) Dumort. subsp. asiatica H.Hara,ハママツナ,kanagawa_redlist,Suaeda maritima (L.) Dumort. subsp. asiatica H.Hara,verbatim,12303649,Suaeda maritima subsp. asiatica H.Hara,Plantae,Tracheophyta,Magnoliopsida,Caryophyllales,Amaranthaceae,Suaeda,SUBSPECIES,EXACT,100,SYNONYM,
"laemoglyptus pectinatus (lewis, 1885)","Laemoglyptus pectinatus (Lewis, 1885)",クシヒゲジョウカイ,kanagawa_redlist,"Laemoglyptus pectinatus (Lewis, 1885)",verbatim,4717104,"Laemoglyptus Fairmaire, 1886",Animalia,Arthropoda,Insecta,Coleoptera,Cantharidae,Laemoglyptus,GENUS,HIGHERRANK,94,ACCEPTED,
stewartia pseudocamellia maxim.,Stewartia pseudocamellia Maxim.,ナツツバキ,kanagawa_redlist,Stewartia pseudocamellia Maxim.,verbatim,5528315,Stewartia pseudocamellia Maxim.,Plantae,Tracheophyta,Magnoliopsida,Ericales,Theaceae,Stewartia,SPECIES,EXACT,100,ACCEPTED,
"malthodes (maltharchus) pseudonipponicus takahashi, 1996","Malthodes (Maltharchus) pseudonipponicus Takahashi, 1996",ニセニッポンクロチビジョウカイ,kanagawa_redlist,"Malthodes (Maltharchus) pseudonipponicus Takahashi, 1996",verbatim,4406155,"Malthodes Kiesenwetter, 1852",Animalia,Arthropoda,Insecta,Coleoptera,Cantharidae,Malthodes,GENUS,HIGHERRANK,94,ACCEPTED,
rhododendron multiflorum (maxim.) craven var. purpureum (makino) craven,Rhododendron multiflorum (Maxim.) Craven var. purpureum (Makino) Craven,ムラサキツリガネツツジ,kanagawa_redlist,Rhododendron multiflorum (Maxim.) Craven var. purpureum (Makino) Craven,verbatim,8114252,Rhododendron multiflorum var. purpureum (Maxim.) Craven,Plantae,Tracheophyta,Magnoliopsida,Ericales,Ericaceae,Rhododendron,VARIETY,EXACT,100,SYNONYM,
"asiopodabrus (asiopodabrus) tsuchikawai (takahashi, 1999)","Asiopodabrus (Asiopodabrus) tsuchikawai (Takahashi, 1999)",ツチカワクビボソジョウカイ,kanagawa_redlist,"Asiopodabrus (Asiopodabrus) tsuchikawai (Takahashi, 1999)",verbatim,4741841,"Asiopodabrus Wittmer, 1982",Animalia,Arthropoda,Insecta,Coleoptera,Cantharidae,Asiopodabrus,GENUS,HIGHERRANK,94,ACCEPTED,
pyrola subaphylla maxim.,Pyrola subaphylla Maxim.,ヒトツバイチヤクソウ,kanagawa_redlist,Pyrola subaphylla Maxim.,verbatim,4169968,Pyrola subaphylla Maxim.,Plantae,Tracheophyta,Magnoliopsida,Ericales,Ericaceae,Pyrola,SPECIES,EXACT,100,ACCEPTED,
"lycocerus tobiranus (okushima & imasaka, 2000)","Lycocerus tobiranus (Okushima & Imasaka, 2000)",トビラジョウカイ,kanagawa_redlist,"Lycocerus tobiranus (Okushima & Imasaka, 2000)",verbatim,4573120,Lycocerus Gorham,Animalia,Arthropoda,Insecta,Coleoptera,Cantharidae,Lycocerus,GENUS,HIGHERRANK,94,ACCEPTED,
rhododendron indicum (l.) sweet,Rhododendron indicum (L.) Sweet,サツキ,kanagawa_redlist,Rhododendron indicum (L.) Sweet,verbatim,4173541,Rhododendron indicum (L.) Sweet,Plantae,Tracheophyta,Magnoliopsida,Ericales,Ericaceae,Rhododendron,SPECIES,EXACT,100,ACCEPTED,
"malthodes (maltharchus) fudonominenus takahashi, 2024","Malthodes (Maltharchus) fudonominenus Takahashi, 2024",フドウノミネクロチビジョウカイ,kanagawa_redlist,"Malthodes (Maltharchus) fudonominenus Takahashi, 2024",verbatim,4406155,"Malthodes Kiesenwetter, 1852",Animalia,Arthropoda,Insecta,Coleoptera,Cantharidae,Malthodes,GENUS,HIGHERRANK,94,ACCEPTED,
rhododendron keiskei miq. var. keiskei,Rhododendron keiskei Miq. var. keiskei,ヒカゲツツジ,kanagawa_redlist,Rhododendron keiskei Miq. var. keiskei,verbatim,7328633,Rhododendron keiskei var. keiskei,Plantae,Tracheophyta,Magnoliopsida,Ericales,Ericaceae,Rhododendron,VARIETY,EXACT,99,ACCEPTED,
"hadrobregmus ishiharai sakai, 1994","Hadrobregmus ishiharai Sakai, 1994",ヒョウホンムシ科の一種,kanagawa_redlist,"Hadrobregmus ishiharai Sakai, 1994",verbatim,9184671,"Hadrobregmus ishiharai Sakai, 1994",Animalia,Arthropoda,Insecta,Coleoptera,Anobiidae,Hadrobregmus,SPECIES,EXACT,100,ACCEPTED,
galium shikokianum nakai,Galium shikokianum Nakai,ウスユキムグラ,kanagawa_redlist,Galium shikokianum Nakai,verbatim,2916695,Galium shikokianum Nakai,Plantae,Tracheophyta,Magnoliopsida,Gentianales,Rubiaceae,Asperula,SPECIES,EXACT,100,SYNONYM,
"lamiogethes nakanei (easton, 1957)","Lamiogethes nakanei (Easton, 1957)",ミカドチビケシキスイ,kanagawa_redlist,"Lamiogethes nakanei (Easton, 1957)",verbatim,9116426,"Lamiogethes Audisio & Cline, 2009",Animalia,Arthropoda,Insecta,Coleoptera,Nitidulidae,Lamiogethes,GENUS,HIGHERRANK,94,ACCEPTED,
rubia chinensis regel & maack,Rubia chinensis Regel & Maack,オオキヌタソウ,kanagawa_redlist,Rubia chinensis Regel & Maack,verbatim,2892267,Rubia chinensis Regel & Maack,Plantae,Tracheophyta,Magnoliopsida,Gentianales,Rubiaceae,Rubia,SPECIES,EXACT,100,ACCEPTED,
"meligethes cyaneus easton, 1957","Meligethes cyaneus Easton, 1957",オオアオチビケシキスイ,kanagawa_redlist,"Meligethes cyaneus Easton, 1957",verbatim,4405078,"Meligethes Stephens, 1830",Animalia,Arthropoda,Insecta,Coleoptera,Nitidulidae,Meligethes,GENUS,HIGHERRANK,94,ACCEPTED,
uncaria rhynchophylla (miq.) miq.,Uncaria rhynchophylla (Miq.) Miq.,カギカズラ,kanagawa_redlist,Uncaria rhynchophylla (Miq.) Miq.,verbatim,8104601,Uncaria rhynchophylla (Miq.) Miq.,Plantae,Tracheophyta,Magnoliopsida,Gentianales,Rubiaceae,Uncaria,SPECIES,EXACT,100,ACCEPTED,
"soronia fracta reitter, 1884","Soronia fracta Reitter, 1884",オオキマダラケシキスイ,kanagawa_redlist,"Soronia fracta Reitter, 1884",verbatim,3263062,"Soronia Erichson, 1843",Animalia,Arthropoda,Insecta,Coleoptera,Nitidulidae,Soronia,GENUS,HIGHERRANK,92,ACCEPTED,
pterygocalyx volubilis maxim.,Pterygocalyx volubilis Maxim.,ホソバツルリンドウ,kanagawa_redlist,Pterygocalyx volubilis Maxim.,verbatim,3842543,Pterygocalyx volubilis Maxim.,Plantae,Tracheophyta,Magnoliopsida,Gentianales,Gentianaceae,Pterygocalyx,SPECIES,EXACT,100,ACCEPTED,
"ectomicrus rugicollis sharp, 1885","Ectomicrus rugicollis Sharp, 1885",アラメカクホソカタムシ,kanagawa_redlist,"Ectomicrus rugicollis Sharp, 1885",verbatim,4747357,"Ectomicrus Sharp, 1885",Animalia,Arthropoda,Insecta,Coleoptera,Cerylonidae,Ectomicrus,GENUS,HIGHERRANK,92,DOUBTFUL,
swertia tosaensis makino,Swertia tosaensis Makino,イヌセンブリ,kanagawa_redlist,Swertia tosaensis Makino,verbatim,5595331,Swertia tosaensis Makino,Plantae,Tracheophyta,Magnoliopsida,Gentianales,Gentianaceae,Swertia,SPECIES,EXACT,100,SYNONYM,
"nipponocis unipunctatus nakane & nobuchi, 1956","Nipponocis unipunctatus Nakane & Nobuchi, 1956",トカラナガツツキノコムシ,kanagawa_redlist,"Nipponocis unipunctatus Nakane & Nobuchi, 1956",verbatim,4721740,"Nipponocis Nobuchi, 1955",Animalia,Arthropoda,Insecta,Coleoptera,Ciidae,Nipponocis,GENUS,HIGHERRANK,92,DOUBTFUL,
swertia pseudochinensis h.hara,Swertia pseudochinensis H.Hara,ムラサキセンブリ,kanagawa_redlist,Swertia pseudochinensis H.Hara,verbatim,7270188,Swertia pseudochinensis H.Hara,Plantae,Tracheophyta,Magnoliopsida,Gentianales,Gentianaceae,Swertia,SPECIES,EXACT,100,ACCEPTED,
"dircaeomorpha elegans sasaji, 1974","Dircaeomorpha elegans Sasaji, 1974",ヒゲブトナガクチキ,kanagawa_redlist,"Dircaeomorpha elegans Sasaji, 1974",verbatim,4718514,"Dircaeomorpha Fairmaire, 1896",Animalia,Arthropoda,Insecta,Coleoptera,Melandryidae,Dircaeomorpha,GENUS,HIGHERRANK,94,ACCEPTED,
vincetoxicum atratum (bunge) c.morren & decne.,Vincetoxicum atratum (Bunge) C.Morren & Decne.,フナバラソウ,kanagawa_redlist,Vincetoxicum atratum (Bunge) C.Morren & Decne.,verbatim,5526052,Vincetoxicum atratum (Bunge) C.Morren & Decne.,Plantae,Tracheophyta,Magnoliopsida,Gentianales,Apocynaceae,Vincetoxicum,SPECIES,EXACT,100,ACCEPTED,
"pycnomerus sculpturatus sharp, 1885","Pycnomerus sculpturatus Sharp, 1885",アバタツヤナガヒラタホソカタムシ,kanagawa_redlist,"Pycnomerus sculpturatus Sharp, 1885",verbatim,6132144,"Pycnomerus sculpturatus Sharp, 1885",Animalia,Arthropoda,Insecta,Coleoptera,Zopheridae,Pycnomerus,SPECIES,EXACT,100,ACCEPTED,
jasminanthes mucronata (blanco) w.d.stevens & p.t.li,Jasminanthes mucronata (Blanco) W.D.Stevens & P.T.Li,シタキソウ,kanagawa_redlist,Jasminanthes mucronata (Blanco) W.D.Stevens & P.T.Li,verbatim,3581910,Jasminanthes mucronata (Blanco) W.D.Stevens & P.T.Li,Plantae,Tracheophyta,Magnoliopsida,Gentianales,Apocynaceae,Jasminanthes,SPECIES,EXACT,100,ACCEPTED,
"clamoris canalicollis (lewis, 1894)","Clamoris canalicollis (Lewis, 1894)",ムネミゾヒラタゴミムシダマシ,kanagawa_redlist,"Clamoris canalicollis (Lewis, 1894)",verbatim,4407501,"Clamoris des Gozis, 1886",Animalia,Arthropoda,Insecta,Coleoptera,Tenebrionidae,Clamoris,GENUS,HIGHERRANK,94,ACCEPTED,
vincetoxicum floribundum (miq.) franch. & sav.,Vincetoxicum floribundum (Miq.) Franch. & Sav.,コカモメヅル,kanagawa_redlist,Vincetoxicum floribundum (Miq.) Franch. & Sav.,verbatim,7439750,Vincetoxicum floribundum (Miq.) Franch. & Sav.,Plantae,Tracheophyta,Magnoliopsida,Gentianales,Apocynaceae,Vincetoxicum,SPECIES,EXACT,100,SYNONYM,
"blaps (blaps) japonensis marseul, 1879","Blaps (Blaps) japonensis Marseul, 1879",ヤマトオサムシダマシ,kanagawa_redlist,"Blaps (Blaps) japonensis Marseul, 1879",verbatim,8279505,"Blaps Fabricius, 1775",Animalia,Arthropoda,Insecta,Coleoptera,Tenebrionidae,Blaps,GENUS,HIGHERRANK,94,ACCEPTED,
linaria japonica miq.,Linaria japonica Miq.,ウンラン,kanagawa_redlist,Linaria japonica Miq.,verbatim,5562391,Linaria japonica Miq.,Plantae,Tracheophyta,Magnoliopsida,Lamiales,Plantaginaceae,Linaria,SPECIES,EXACT,100,ACCEPTED,
"caedius fluviatilis nakane & masumoto, 1979","Caedius fluviatilis Nakane & Masumoto, 1979",ツメアカマルチビゴミムシダマシ,kanagawa_redlist,"Caedius fluviatilis Nakane & Masumoto, 1979",verbatim,11234845,"Caedius Blanchard, 1845",Animalia,Arthropoda,Insecta,Coleoptera,Tenebrionidae,Caedius,GENUS,HIGHERRANK,92,ACCEPTED,
scrophularia buergeriana miq.,Scrophularia buergeriana Miq.,ゴマノハグサ,kanagawa_redlist,Scrophularia buergeriana Miq.,verbatim,3738793,Scrophularia buergeriana Miq.,Plantae,Tracheophyta,Magnoliopsida,Lamiales,Scrophulariaceae,Scrophularia,SPECIES,EXACT,100,ACCEPTED,
"gonocephalum (gonocephalum) klapperichi kaszab, 1952","Gonocephalum (Gonocephalum) klapperichi Kaszab, 1952",シナスナゴミムシダマシ,kanagawa_redlist,"Gonocephalum (Gonocephalum) klapperichi Kaszab, 1952",verbatim,8021518,"Gonocephalum Chevrolat, 1849",Animalia,Arthropoda,Insecta,Coleoptera,Tenebrionidae,Gonocephalum,GENUS,HIGHERRANK,94,ACCEPTED,
scrophularia musashiensis bonati var. musashiensis,Scrophularia musashiensis Bonati var. musashiensis,サツキヒナノウスツボ,kanagawa_redlist,Scrophularia musashiensis Bonati var. musashiensis,verbatim,7332800,Scrophularia musashiensis Bonati,Plantae,Tracheophyta,Magnoliopsida,Lamiales,Scrophulariaceae,Scrophularia,SPECIES,HIGHERRANK,99,ACCEPTED,
"ceropria sulcifrons harold, 1878","Ceropria sulcifrons Harold, 1878",オオナガニジゴミムシダマシ,kanagawa_redlist,"Ceropria sulcifrons Harold, 1878",verbatim,12220976,Ceropria sulcifrons,Animalia,Arthropoda,Insecta,Coleoptera,Tenebrionidae,Ceropria,SPECIES,EXACT,98,ACCEPTED,
utricularia australis r.br.,Utricularia australis R.Br.,イヌタヌキモ,kanagawa_redlist,Utricularia australis R.Br.,verbatim,7297904,Utricularia × australis R.Br.,Plantae,Tracheophyta,Magnoliopsida,Lamiales,Lentibulariaceae,Utricularia,SPECIES,EXACT,100,ACCEPTED,
"sakaiomenimus oblongus (lewis, 1894)","Sakaiomenimus oblongus (Lewis, 1894)",ウスチャチビゴミムシダマシ,kanagawa_redlist,"Sakaiomenimus oblongus (Lewis, 1894)",verbatim,4723840,"Sakaiomenimus Ando, 2003",Animalia,Arthropoda,Insecta,Coleoptera,Tenebrionidae,Sakaiomenimus,GENUS,HIGHERRANK,94,ACCEPTED,
utricularia japonica makino,Utricularia japonica Makino,タヌキモ,kanagawa_redlist,Utricularia japonica Makino,verbatim,4088173,Utricularia × japonica Makino,Plantae,Tracheophyta,Magnoliopsida,Lamiales,Lentibulariaceae,Utricularia,SPECIES,EXACT,100,ACCEPTED,
"strongylium marseuli lewis, 1894","Strongylium marseuli Lewis, 1894",ハネナシセスジナガキマワリ,kanagawa_redlist,"Strongylium marseuli Lewis, 1894",verbatim,,,,,,,,,,NONE,100,,
"clerodendrum izuinsulae k.inoue, m.haseg. & shiro kobay.","Clerodendrum izuinsulae K.Inoue, M.Haseg. & Shiro Kobay.",シマクサギ,kanagawa_redlist,"Clerodendrum izuinsulae K.Inoue, M.Haseg. & Shiro Kobay.",verbatim,3892440,"Clerodendrum izuinsulare K.Inoue, M.Haseg. & Shiro Kobay.",Plantae,Tracheophyta,Magnoliopsida,Lamiales,Lamiaceae,Clerodendrum,SPECIES,FUZZY,99,ACCEPTED,
"pedilus okamotoi (kôno, 1935)","Pedilus okamotoi (Kôno, 1935)",オカモトツヤアナハネムシ,kanagawa_redlist,"Pedilus okamotoi (Kôno, 1935)",verbatim,1045158,"Pedilus Fischer von Waldheim, 1820",Animalia,Arthropoda,Insecta,Coleoptera,Pyrochroidae,Pedilus,GENUS,HIGHERRANK,94,ACCEPTED,
isodon shikokianus (makino) h.hara var. intermedius (kudo) murata,Isodon shikokianus (Makino) H.Hara var. intermedius (Kudo) Murata,タカクマヒキオコシ,kanagawa_redlist,Isodon shikokianus (Makino) H.Hara var. intermedius (Kudo) Murata,verbatim,7350291,Isodon shikokianus var. intermedius (Kudô) Murata,Plantae,Tracheophyta,Magnoliopsida,Lamiales,Lamiaceae,Isodon,VARIETY,EXACT,100,ACCEPTED,
"anthicus (anthicus) monstrosicornis marseul, 1877","Anthicus (Anthicus) monstrosicornis Marseul, 1877",ヒゲブトホソアリモドキ,kanagawa_redlist,"Anthicus (Anthicus) monstrosicornis Marseul, 1877",verbatim,6132274,"Anthicus monstrosicornis Marseul, 1876",Animalia,Arthropoda,Insecta,Coleoptera,Anthicidae,Anthicus,SPECIES,EXACT,100,ACCEPTED,
loxocalyx ambiguus (makino) makino,Loxocalyx ambiguus (Makino) Makino,マネキグサ,kanagawa_redlist,Loxocalyx ambiguus (Makino) Makino,verbatim,5605926,Loxocalyx ambiguus (Makino) Makino,Plantae,Tracheophyta,Magnoliopsida,Lamiales,Lamiaceae,Loxocalyx,SPECIES,EXACT,100,ACCEPTED,
"ischalia luteolineata pic, 1912","Ischalia luteolineata Pic, 1912",キスジヘリハネムシ,kanagawa_redlist,"Ischalia luteolineata Pic, 1912",verbatim,1047163,"Ischalia Pascoe, 1860",Animalia,Arthropoda,Insecta,Coleoptera,Anthicidae,Ischalia,GENUS,HIGHERRANK,94,ACCEPTED,
lycopus uniflorus michx.,Lycopus uniflorus Michx.,エゾシロネ,kanagawa_redlist,Lycopus uniflorus Michx.,verbatim,5341480,Lycopus uniflorus Michx.,Plantae,Tracheophyta,Magnoliopsida,Lamiales,Lamiaceae,Lycopus,SPECIES,EXACT,100,ACCEPTED,
"asemum striatum (linnaeus, 1758)","Asemum striatum (Linnaeus, 1758)",オオマルクビヒラタカミキリ,kanagawa_redlist,"Asemum striatum (Linnaeus, 1758)",verbatim,8196495,"Asemum striatum (Linnaeus, 1758)",Animalia,Arthropoda,Insecta,Coleoptera,Cerambycidae,Asemum,SPECIES,EXACT,100,ACCEPTED,
scutellaria laeteviolacea koidz. var. abbreviata (h.hara) h.hara,Scutellaria laeteviolacea Koidz. var. abbreviata (H.Hara) H.Hara,トウゴクシソバタツナミ,kanagawa_redlist,Scutellaria laeteviolacea Koidz. var. abbreviata (H.Hara) H.Hara,verbatim,5609048,Scutellaria laeteviolacea var. abbreviata (H.Hara) H.Hara,Plantae,Tracheophyta,Magnoliopsida,Lamiales,Lamiaceae,Scutellaria,VARIETY,EXACT,100,SYNONYM,
"necydalis (necydalis) gigantea gigantea kano, 1933","Necydalis (Necydalis) gigantea gigantea Kano, 1933",オニホソコバネカミキリ,kanagawa_redlist,"Necydalis (Necydalis) gigantea gigantea Kano, 1933",verbatim,8894775,"Necydalis gigantea gigantea Niisato, 2007",Animalia,Arthropoda,Insecta,Coleoptera,Cerambycidae,Necydalis,SUBSPECIES,EXACT,82,SYNONYM,
scutellaria laeteviolacea koidz. var. laeteviolacea,Scutellaria laeteviolacea Koidz. var. laeteviolacea,シソバタツナミソウ,kanagawa_redlist,Scutellaria laeteviolacea Koidz. var. laeteviolacea,verbatim,7308655,Scutellaria laeteviolacea var. laeteviolacea,Plantae,Tracheophyta,Magnoliopsida,Lamiales,Lamiaceae,Scutellaria,VARIETY,EXACT,99,ACCEPTED,
"chloridolum (chloridolum) thaliodes bates, 1884","Chloridolum (Chloridolum) thaliodes Bates, 1884",オオアオカミキリ,kanagawa_redlist,"Chloridolum (Chloridolum) thaliodes Bates, 1884",verbatim,1111433,"Chloridolum thaliodes Bates, 1884",Animalia,Arthropoda,Insecta,Coleoptera,Cerambycidae,Chloridolum,SPECIES,EXACT,100,ACCEPTED,
monochasma sheareri (s.moore) maxim. ex franch. & sav.,Monochasma sheareri (S.Moore) Maxim. ex Franch. & Sav.,クチナシグサ,kanagawa_redlist,Monochasma sheareri (S.Moore) Maxim. ex Franch. & Sav.,verbatim,3737729,Monochasma sheareri (S.Moore) Maxim. ex Franch. & Sav.,Plantae,Tracheophyta,Magnoliopsida,Lamiales,Orobanchaceae,Monochasma,SPECIES,EXACT,100,ACCEPTED,
"miccolamia (isomiccolamia) glabricula glabricula bates, 1884","Miccolamia (Isomiccolamia) glabricula glabricula Bates, 1884",ミヤマチビコブカミキリ,kanagawa_redlist,"Miccolamia (Isomiccolamia) glabricula glabricula Bates, 1884",verbatim,9163713,"Miccolamia glabricula glabricula Hasegawa & N.Ohbayashi, 2001",Animalia,Arthropoda,Insecta,Coleoptera,Cerambycidae,Miccolamia,SUBSPECIES,EXACT,82,SYNONYM,
adenophora divaricata franch. & sav.,Adenophora divaricata Franch. & Sav.,フクシマシャジン,kanagawa_redlist,Adenophora divaricata Franch. & Sav.,verbatim,5409648,Adenophora divaricata Franch. & Sav.,Plantae,Tracheophyta,Magnoliopsida,Asterales,Campanulaceae,Adenophora,SPECIES,EXACT,100,ACCEPTED,
"aragea mizunoi hayashi, 1953","Aragea mizunoi Hayashi, 1953",トゲムネアラゲカミキリ,kanagawa_redlist,"Aragea mizunoi Hayashi, 1953",verbatim,1101104,"Aragea mizunoi Hayashi, 1953",Animalia,Arthropoda,Insecta,Coleoptera,Cerambycidae,Aragea,SPECIES,EXACT,100,ACCEPTED,
lobelia sessilifolia lamb.,Lobelia sessilifolia Lamb.,サワギキョウ,kanagawa_redlist,Lobelia sessilifolia Lamb.,verbatim,5408775,Lobelia sessilifolia Lamb.,Plantae,Tracheophyta,Magnoliopsida,Asterales,Campanulaceae,Lobelia,SPECIES,EXACT,100,ACCEPTED,
"japonitata nigrita (jacoby, 1885)","Japonitata nigrita (Jacoby, 1885)",クロセスジハムシ,kanagawa_redlist,"Japonitata nigrita (Jacoby, 1885)",verbatim,4732887,"Japonitata Strand, 1935",Animalia,Arthropoda,Insecta,Coleoptera,Chrysomelidae,Japonitata,GENUS,HIGHERRANK,94,ACCEPTED,
platycodon grandiflorus (jacq.) a.dc.,Platycodon grandiflorus (Jacq.) A.DC.,キキョウ,kanagawa_redlist,Platycodon grandiflorus (Jacq.) A.DC.,verbatim,3164340,Platycodon grandiflorus (Jacq.) A.DC.,Plantae,Tracheophyta,Magnoliopsida,Asterales,Campanulaceae,Platycodon,SPECIES,EXACT,100,ACCEPTED,
"zipanginia tuberosa ohno, 1964","Zipanginia tuberosa Ohno, 1964",シリダコグミトビハムシ,kanagawa_redlist,"Zipanginia tuberosa Ohno, 1964",verbatim,4732062,"Zipanginia Ohno, 1962",Animalia,Arthropoda,Insecta,Coleoptera,Chrysomelidae,Zipanginia,GENUS,HIGHERRANK,92,ACCEPTED,
achillea alpina l. subsp. alpina var. longiligulata h.hara,Achillea alpina L. subsp. alpina var. longiligulata H.Hara,ノコギリソウ,kanagawa_redlist,Achillea alpina L. subsp. alpina var. longiligulata H.Hara,verbatim,4217330,Achillea alpina var. longiligulata H.Hara,Plantae,Tracheophyta,Magnoliopsida,Asterales,Asteraceae,Achillea,VARIETY,EXACT,100,SYNONYM,
"sphaeroderma ohkuboi chûjô, 1940","Sphaeroderma ohkuboi Chûjô, 1940",ヘリグロタマトビハムシ,kanagawa_redlist,"Sphaeroderma ohkuboi Chûjô, 1940",verbatim,,,,,,,,,,NONE,100,,
achillea alpina l. subsp. alpina var. discoidea (regel) kitam.,Achillea alpina L. subsp. alpina var. discoidea (Regel) Kitam.,ヤマノコギリソウ,kanagawa_redlist,Achillea alpina L. subsp. alpina var. discoidea (Regel) Kitam.,verbatim,6303165,Achillea alpina var. discoidea (Regel) Kitam.,Plantae,Tracheophyta,Magnoliopsida,Asterales,Asteraceae,Achillea,VARIETY,EXACT,100,ACCEPTED,
"clytra arida weise, 1889","Clytra arida Weise, 1889",ヨツボシナガツツハムシ,kanagawa_redlist,"Clytra arida Weise, 1889",verbatim,4407185,"Clytra Laicharting, 1781",Animalia,Arthropoda,Insecta,Coleoptera,Chrysomelidae,Clytra,GENUS,HIGHERRANK,94,ACCEPTED,
artemisia momiyamae kitam.,Artemisia momiyamae Kitam.,ユキヨモギ,kanagawa_redlist,Artemisia momiyamae Kitam.,verbatim,4227183,Artemisia momiyamae Kitam.,Plantae,Tracheophyta,Magnoliopsida,Asterales,Asteraceae,Artemisia,SPECIES,EXACT,100,SYNONYM,
"eutrichapion (eutrichapion) ervi (kirby, 1808)","Eutrichapion (Eutrichapion) ervi (Kirby, 1808)",キヒゲホソクチゾウムシ,kanagawa_redlist,"Eutrichapion (Eutrichapion) ervi (Kirby, 1808)",verbatim,4463398,"Eutrichapion ervi (Kirby, 1808)",Animalia,Arthropoda,Insecta,Coleoptera,Brentidae,Eutrichapion,SPECIES,EXACT,100,ACCEPTED,
aster fastigiatus fisch.,Aster fastigiatus Fisch.,ヒメシオン,kanagawa_redlist,Aster fastigiatus Fisch.,verbatim,8306484,Aster fastigiatus Fisch.,Plantae,Tracheophyta,Magnoliopsida,Asterales,Asteraceae,Turczaninovia,SPECIES,EXACT,100,SYNONYM,
"eutrichapion (eutrichapion) viciae (paykull, 1800)","Eutrichapion (Eutrichapion) viciae (Paykull, 1800)",アカアシホソクチゾウムシ,kanagawa_redlist,"Eutrichapion (Eutrichapion) viciae (Paykull, 1800)",verbatim,4463401,"Eutrichapion viciae (Paykull, 1800)",Animalia,Arthropoda,Insecta,Coleoptera,Brentidae,Eutrichapion,SPECIES,EXACT,100,ACCEPTED,
aster kantoensis kitam.,Aster kantoensis Kitam.,カワラノギク,kanagawa_redlist,Aster kantoensis Kitam.,verbatim,5387591,Aster kantoensis Kitam.,Plantae,Tracheophyta,Magnoliopsida,Asterales,Asteraceae,Aster,SPECIES,EXACT,100,ACCEPTED,
"bagous picturatus egorov & gratshev, 1990","Bagous picturatus Egorov & Gratshev, 1990",リュウキュウカギアシゾウムシ,kanagawa_redlist,"Bagous picturatus Egorov & Gratshev, 1990",verbatim,9495372,Bagous picturatus Egorov & Grachev,Animalia,Arthropoda,Insecta,Coleoptera,Curculionidae,Bagous,SPECIES,EXACT,100,ACCEPTED,
aster rugulosus maxim. var. rugulosus,Aster rugulosus Maxim. var. rugulosus,サワシロギク,kanagawa_redlist,Aster rugulosus Maxim. var. rugulosus,verbatim,5387574,Aster rugulosus Maxim.,Plantae,Tracheophyta,Magnoliopsida,Asterales,Asteraceae,Cardiagyris,SPECIES,HIGHERRANK,98,SYNONYM,
"bagous bipunctatus (kôno, 1934)","Bagous bipunctatus (Kôno, 1934)",カギアシゾウムシ,kanagawa_redlist,"Bagous bipunctatus (Kôno, 1934)",verbatim,1244382,"Bagous bipunctatus Chûjô & Morimoto, 1959",Animalia,Arthropoda,Insecta,Coleoptera,Curculionidae,Bagous,SPECIES,EXACT,99,ACCEPTED,
tripolium pannonicum (jacq.) schur,Tripolium pannonicum (Jacq.) Schur,ウラギク,kanagawa_redlist,Tripolium pannonicum (Jacq.) Schur,verbatim,7499630,"Tripolium pannonicum (Jacq.) Schur, 1866",Plantae,Tracheophyta,Magnoliopsida,Asterales,Asteraceae,Tripolium,SPECIES,EXACT,100,SYNONYM,
"pissodes obscurus roelofs, 1874","Pissodes obscurus Roelofs, 1874",クロキボシゾウムシ,kanagawa_redlist,"Pissodes obscurus Roelofs, 1874",verbatim,7719892,"Pissodes obscurus W.Roelofs, 1874",Animalia,Arthropoda,Insecta,Coleoptera,Curculionidae,Pissodes,SPECIES,EXACT,100,ACCEPTED,
carpesium divaricatum siebold & zucc. var. matsuei (tatew. & kitam.) kitam.,Carpesium divaricatum Siebold & Zucc. var. matsuei (Tatew. & Kitam.) Kitam.,ノッポロガンクビソウ,kanagawa_redlist,Carpesium divaricatum Siebold & Zucc. var. matsuei (Tatew. & Kitam.) Kitam.,verbatim,6296288,Carpesium divaricatum var. matsuei (Tatew. & Kitam.) Kitam.,Plantae,Tracheophyta,Magnoliopsida,Asterales,Asteraceae,Carpesium,VARIETY,EXACT,100,ACCEPTED,
"trigonocolus sulcatus roelofs, 1874","Trigonocolus sulcatus Roelofs, 1874",コカタビロゾウムシ,kanagawa_redlist,"Trigonocolus sulcatus Roelofs, 1874",verbatim,1245633,"Trigonocolus sulcatus W.Roelofs, 1874",Animalia,Arthropoda,Insecta,Coleoptera,Curculionidae,Trigonocolus,SPECIES,EXACT,100,ACCEPTED,
carpesium macrocephalum franch. & sav.,Carpesium macrocephalum Franch. & Sav.,オオガンクビソウ,kanagawa_redlist,Carpesium macrocephalum Franch. & Sav.,verbatim,3094826,Carpesium macrocephalum Franch. & Sav.,Plantae,Tracheophyta,Magnoliopsida,Asterales,Asteraceae,Carpesium,SPECIES,EXACT,100,ACCEPTED,
"larinus (phyllonomeus) griseopilosus roelofs, 1873","Larinus (Phyllonomeus) griseopilosus Roelofs, 1873",シラクモゴボウゾウムシ,kanagawa_redlist,"Larinus (Phyllonomeus) griseopilosus Roelofs, 1873",verbatim,8834314,"Larinus griseopilosus Roelofs, 1873",Animalia,Arthropoda,Insecta,Coleoptera,Curculionidae,Larinus,SPECIES,EXACT,100,ACCEPTED,
cirsium pendulum fisch. ex dc.,Cirsium pendulum Fisch. ex DC.,タカアザミ,kanagawa_redlist,Cirsium pendulum Fisch. ex DC.,verbatim,3113714,Cirsium pendulum Fisch. ex DC.,Plantae,Tracheophyta,Magnoliopsida,Asterales,Asteraceae,Cirsium,SPECIES,EXACT,100,ACCEPTED,
"larinus (phyllonomeus) latissimus roelofs, 1873","Larinus (Phyllonomeus) latissimus Roelofs, 1873",ゴボウゾウムシ,kanagawa_redlist,"Larinus (Phyllonomeus) latissimus Roelofs, 1873",verbatim,9495835,"Larinus latissimus Roelofs, 1873",Animalia,Arthropoda,Insecta,Coleoptera,Curculionidae,Larinus,SPECIES,EXACT,100,ACCEPTED,
eupatorium lindleyanum dc. var. lindleyanum,Eupatorium lindleyanum DC. var. lindleyanum,サワヒヨドリ,kanagawa_redlist,Eupatorium lindleyanum DC. var. lindleyanum,verbatim,7222857,Eupatorium lindleyanum var. lindleyanum,Plantae,Tracheophyta,Magnoliopsida,Asterales,Asteraceae,Eupatorium,VARIETY,EXACT,99,ACCEPTED,
"limnobaris japonica yoshihara & morimoto, 1994","Limnobaris japonica Yoshihara & Morimoto, 1994",スゲノハラジロヒメゾウムシ,kanagawa_redlist,"Limnobaris japonica Yoshihara & Morimoto, 1994",verbatim,9633174,"Limnobaris japonica Yoshihara & Morimoto, 1994",Animalia,Arthropoda,Insecta,Coleoptera,Curculionidae,Limnobaris,SPECIES,EXACT,100,ACCEPTED,
ligularia stenocephala (maxim.) matsum. & koidz.,Ligularia stenocephala (Maxim.) Matsum. & Koidz.,メタカラコウ,kanagawa_redlist,Ligularia stenocephala (Maxim.) Matsum. & Koidz.,verbatim,5395542,Ligularia stenocephala (Maxim.) Matsum. & Koidz.,Plantae,Tracheophyta,Magnoliopsida,Asterales,Asteraceae,Ligularia,SPECIES,EXACT,100,ACCEPTED,
"dendrobaris insularis (morimoto & miyakawa, 1985)","Dendrobaris insularis (Morimoto & Miyakawa, 1985)",ヨツホシハナコブヒメゾウムシ,kanagawa_redlist,"Dendrobaris insularis (Morimoto & Miyakawa, 1985)",verbatim,4745347,"Dendrobaris Egorov, 1976",Animalia,Arthropoda,Insecta,Coleoptera,Curculionidae,Dendrobaris,GENUS,HIGHERRANK,92,DOUBTFUL,
miricacalia makinoana (yatabe) kitam.,Miricacalia makinoana (Yatabe) Kitam.,オオモミジガサ,kanagawa_redlist,Miricacalia makinoana (Yatabe) Kitam.,verbatim,3104060,Miricacalia makineana (Yatabe) Kitam.,Plantae,Tracheophyta,Magnoliopsida,Asterales,Asteraceae,Miricacalia,SPECIES,FUZZY,100,ACCEPTED,
"isonycholips gotoi chûjô & voss, 1960","Isonycholips gotoi Chûjô & Voss, 1960",ハマベゾウムシ,kanagawa_redlist,"Isonycholips gotoi Chûjô & Voss, 1960",verbatim,1243487,"Isonycholips gotoi Chûjô & Voss, 1960",Animalia,Arthropoda,Insecta,Coleoptera,Curculionidae,Isonycholips,SPECIES,EXACT,100,ACCEPTED,
parasenecio amagiensis (kitam.) h.koyama,Parasenecio amagiensis (Kitam.) H.Koyama,イズカニコウモリ,kanagawa_redlist,Parasenecio amagiensis (Kitam.) H.Koyama,verbatim,3090476,Parasenecio amagiensis (Kitam.) H.Koyama,Plantae,Tracheophyta,Magnoliopsida,Asterales,Asteraceae,Taimingasa,SPECIES,EXACT,100,SYNONYM,
"satonius kurosawai (m.satô, 1982)","Satonius kurosawai (M.Satô, 1982)",クロサワツブミズムシ,kanagawa_redlist,"Satonius kurosawai (M.Satô, 1982)",verbatim,6955876,"Satonius kurosawai (Satô, 1982) Sato, 1982",Animalia,Arthropoda,Insecta,Coleoptera,Torridincolidae,Satonius,SPECIES,EXACT,100,ACCEPTED,
parasenecio farfarifolius (siebold & zucc.) h.koyama var. farfarifolius,Parasenecio farfarifolius (Siebold & Zucc.) H.Koyama var. farfarifolius,ウスゲタマブキ,kanagawa_redlist,Parasenecio farfarifolius (Siebold & Zucc.) H.Koyama var. farfarifolius,verbatim,7338480,Parasenecio farfarifolius var. farfarifolius,Plantae,Tracheophyta,Magnoliopsida,Asterales,Asteraceae,Parasenecio,VARIETY,EXACT,98,SYNONYM,
"platambus convexus okada, 2011","Platambus convexus Okada,  2011",ニセモンキマメゲンゴロウ,kanagawa_redlist,"Platambus convexus Okada,  2011",verbatim,10799860,"Platambus convexus Okada, 2011",Animalia,Arthropoda,Insecta,Coleoptera,Dytiscidae,Platambus,SPECIES,EXACT,100,ACCEPTED,
picris hieracioides l. subsp. japonica (thunb.) krylov var. akaishiensis kitam.,Picris hieracioides L. subsp. japonica (Thunb.) Krylov var. akaishiensis Kitam.,アカイシコウゾリナ,kanagawa_redlist,Picris hieracioides L. subsp. japonica (Thunb.) Krylov var. akaishiensis Kitam.,verbatim,8525816,"Picris hieracioides var. akaishiensis Kitam., 1939",Plantae,Tracheophyta,Magnoliopsida,Asterales,Asteraceae,Picris,VARIETY,EXACT,100,SYNONYM,
"ochthebius granulosus (m.satô, 1963)","Ochthebius granulosus (M.Satô, 1963)",クロコブセスジダルマガムシ,kanagawa_redlist,"Ochthebius granulosus (M.Satô, 1963)",verbatim,10512776,"Ochthebius granulosus Satô, 1963",Animalia,Arthropoda,Insecta,Coleoptera,Hydraenidae,Ochthebius,SPECIES,EXACT,100,ACCEPTED,
saussurea ussuriensis maxim.,Saussurea ussuriensis Maxim.,キクアザミ,kanagawa_redlist,Saussurea ussuriensis Maxim.,verbatim,5404214,Saussurea ussuriensis Maxim.,Plantae,Tracheophyta,Magnoliopsida,Asterales,Asteraceae,Saussurea,SPECIES,EXACT,100,ACCEPTED,
"figulus binodulus waterhouse, 1873","Figulus binodulus Waterhouse, 1873",チビクワガタ,kanagawa_redlist,"Figulus binodulus Waterhouse, 1873",verbatim,5875659,"Figulus binodulus Waterhouse, 1872",Animalia,Arthropoda,Insecta,Coleoptera,Lucanidae,Figulus,SPECIES,EXACT,100,ACCEPTED,
tephroseris flammea (turcz ex dc.) holub subsp. glabrifolia (cufod.) b.nord.,Tephroseris flammea (Turcz ex DC.) Holub subsp. glabrifolia (Cufod.) B.Nord.,コウリンカ,kanagawa_redlist,Tephroseris flammea (Turcz ex DC.) Holub subsp. glabrifolia (Cufod.) B.Nord.,verbatim,6300321,Tephroseris flammea subsp. glabrifolia (Cufod.) B.Nord.,Plantae,Tracheophyta,Magnoliopsida,Asterales,Asteraceae,Tephroseris,SUBSPECIES,EXACT,100,SYNONYM,
"mozartius testaceus nomura & nakane, 1951","Mozartius testaceus Nomura & Nakane, 1951",ダルママグソコガネ,kanagawa_redlist,"Mozartius testaceus Nomura & Nakane, 1951",verbatim,1069152,"Mozartius testaceus Nomura & Nakane, 1951",Animalia,Arthropoda,Insecta,Coleoptera,Scarabaeidae,Mozartius,SPECIES,EXACT,100,ACCEPTED,
solidago virgaurea l. subsp. leiocarpa (benth.) hulten var. ovata honda,Solidago virgaurea L. subsp. leiocarpa (Benth.) Hulten var. ovata Honda,ハマアキノキリンソウ,kanagawa_redlist,Solidago virgaurea L. subsp. leiocarpa (Benth.) Hulten var. ovata Honda,verbatim,6446462,Solidago virgaurea L.,Plantae,Tracheophyta,Magnoliopsida,Asterales,Asteraceae,Solidago,SPECIES,HIGHERRANK,98,ACCEPTED,
protaetia (liocola) brevitarsis ssp.,Protaetia (Liocola) brevitarsis ssp.,シラホシハナムグリ（外来個体群）,kanagawa_redlist,Protaetia (Liocola) brevitarsis ssp.,verbatim,1080863,"Protaetia brevitarsis (Lewis, 1879)",Animalia,Arthropoda,Insecta,Coleoptera,Scarabaeidae,Protaetia,SPECIES,EXACT,84,ACCEPTED,
synurus excelsus (makino) kitam.,Synurus excelsus (Makino) Kitam.,ハバヤマボクチ,kanagawa_redlist,Synurus excelsus (Makino) Kitam.,verbatim,3150726,Synurus excelsus (Makino) Kitam.,Plantae,Tracheophyta,Magnoliopsida,Asterales,Asteraceae,Synurus,SPECIES,EXACT,100,ACCEPTED,
"cryptalaus larvatus pini (lewis, 1894)","Cryptalaus larvatus pini (Lewis, 1894)",フタモンウバタマコメツキ,kanagawa_redlist,"Cryptalaus larvatus pini (Lewis, 1894)",verbatim,6714681,Cryptalaus larvatus,Animalia,Arthropoda,Insecta,Coleoptera,Elateridae,Cryptalaus,SPECIES,HIGHERRANK,97,DOUBTFUL,
tephroseris integrifolius (l.) holub subsp. kirilowii (turcz. ex dc.) b.nord.,Tephroseris integrifolius (L.) Holub subsp. kirilowii (Turcz. ex DC.) B.Nord.,オカオグルマ,kanagawa_redlist,Tephroseris integrifolius (L.) Holub subsp. kirilowii (Turcz. ex DC.) B.Nord.,verbatim,4218722,Tephroseris integrifolia subsp. kirilowii (Turcz. ex DC.) B.Nord.,Plantae,Tracheophyta,Magnoliopsida,Asterales,Asteraceae,Tephroseris,SUBSPECIES,FUZZY,100,SYNONYM,
"laius asahinai nakane, 1955","Laius asahinai Nakane, 1955",イソジョウカイモドキ,kanagawa_redlist,"Laius asahinai Nakane, 1955",verbatim,9036564,"Laius asahinai Nakane, 1955",Animalia,Arthropoda,Insecta,Coleoptera,Melyridae,Laius,SPECIES,EXACT,100,ACCEPTED,
xanthium strumarium l. subsp. sibiricum (patrin ex widder) greuter,Xanthium strumarium L. subsp. sibiricum (Patrin ex Widder) Greuter,オナモミ,kanagawa_redlist,Xanthium strumarium L. subsp. sibiricum (Patrin ex Widder) Greuter,verbatim,4225319,Xanthium strumarium subsp. sibiricum (Widder) Greuter,Plantae,Tracheophyta,Magnoliopsida,Asterales,Asteraceae,Xanthium,SUBSPECIES,EXACT,100,SYNONYM,
"amida tricolor (harold, 1878)","Amida tricolor (Harold, 1878)",アミダテントウ,kanagawa_redlist,"Amida tricolor (Harold, 1878)",verbatim,6713890,Amida tricolor,Animalia,Arthropoda,Insecta,Coleoptera,Coccinellidae,Amida,SPECIES,EXACT,97,DOUBTFUL,
abelia serrata siebold & zucc. var. serrata,Abelia serrata Siebold & Zucc. var. serrata,コツクバネウツギ,kanagawa_redlist,Abelia serrata Siebold & Zucc. var. serrata,verbatim,5599050,Abelia serrata Siebold & Zucc.,Plantae,Tracheophyta,Magnoliopsida,Dipsacales,Caprifoliaceae,Diabelia,SPECIES,HIGHERRANK,98,SYNONYM,
"calvia quindecimguttata (fabricius, 1777)","Calvia quindecimguttata (Fabricius, 1777)",シロジュウゴホシテントウ,kanagawa_redlist,"Calvia quindecimguttata (Fabricius, 1777)",verbatim,4452237,"Calvia quindecimguttata (Fabricius, 1777)",Animalia,Arthropoda,Insecta,Coleoptera,Coccinellidae,Calvia,SPECIES,EXACT,100,ACCEPTED,
scabiosa japonica miq. var. japonica,Scabiosa japonica Miq. var. japonica,マツムシソウ,kanagawa_redlist,Scabiosa japonica Miq. var. japonica,verbatim,7300977,Scabiosa japonica Miq.,Plantae,Tracheophyta,Magnoliopsida,Dipsacales,Caprifoliaceae,Scabiosa,SPECIES,HIGHERRANK,99,ACCEPTED,
"nipponocis longisetosus nobuchi, 1955","Nipponocis longisetosus Nobuchi, 1955",ケナガナガツツキノコムシ,kanagawa_redlist,"Nipponocis longisetosus Nobuchi, 1955",verbatim,4721740,"Nipponocis Nobuchi, 1955",Animalia,Arthropoda,Insecta,Coleoptera,Ciidae,Nipponocis,GENUS,HIGHERRANK,92,DOUBTFUL,
angelica inaequalis maxim.,Angelica inaequalis Maxim.,ハナビゼリ,kanagawa_redlist,Angelica inaequalis Maxim.,verbatim,5537696,Angelica inaequalis Maxim.,Plantae,Tracheophyta,Magnoliopsida,Apiales,Apiaceae,Angelica,SPECIES,EXACT,100,ACCEPTED,
"phaleria (epiphaleria) atriceps (lewis, 1894)","Phaleria (Epiphaleria) atriceps (Lewis, 1894)",クロズハマベゴミムシダマシ,kanagawa_redlist,"Phaleria (Epiphaleria) atriceps (Lewis, 1894)",verbatim,6130624,"Phaleria atriceps (Lewis, 1894)",Animalia,Arthropoda,Insecta,Coleoptera,Tenebrionidae,Phaleria,SPECIES,EXACT,100,ACCEPTED,
libanotis coreana (h.wolff) kitag. var. coreana,Libanotis coreana (H.Wolff) Kitag. var. coreana,イブキボウフウ,kanagawa_redlist,Libanotis coreana (H.Wolff) Kitag. var. coreana,verbatim,5540555,Libanotis coreana (H.Wolff) Kitag.,Plantae,Tracheophyta,Magnoliopsida,Apiales,Apiaceae,Seseli,SPECIES,HIGHERRANK,98,SYNONYM,
"indasclera japonica (pic, 1910)","Indasclera japonica (Pic, 1910)",サタカミキリモドキ,kanagawa_redlist,"Indasclera japonica (Pic, 1910)",verbatim,4748453,"Indasclera Svihla, 1980",Animalia,Arthropoda,Insecta,Coleoptera,Oedemeridae,Indasclera,GENUS,HIGHERRANK,94,ACCEPTED,
phlegmariurus cryptomerinus (maxim.) satou,Phlegmariurus cryptomerinus (Maxim.) Satou,スギラン,kanagawa_redlist,Phlegmariurus cryptomerinus (Maxim.) Satou,verbatim,3991180,Phlegmariurus cryptomerinus (Maxim.) Satou,Plantae,Tracheophyta,Lycopodiopsida,Lycopodiales,Lycopodiaceae,Phlegmariurus,SPECIES,EXACT,100,ACCEPTED,
"epicauta (epicauta) gorhami (marseul, 1873)","Epicauta (Epicauta) gorhami (Marseul, 1873)",マメハンミョウ,kanagawa_redlist,"Epicauta (Epicauta) gorhami (Marseul, 1873)",verbatim,6954020,Epicauta gorhami,Animalia,Arthropoda,Insecta,Coleoptera,Meloidae,Epicauta,SPECIES,EXACT,98,ACCEPTED,
isoetes japonica a.braun,Isoetes japonica A.Braun,ミズニラ,kanagawa_redlist,Isoetes japonica A.Braun,verbatim,9162695,Isoetes japonica A.Braun,Plantae,Tracheophyta,Lycopodiopsida,Isoetales,Isoetaceae,Isoetes,SPECIES,EXACT,100,ACCEPTED,
"caraphia lepturoides lepturoides (matsushita, 1933)","Caraphia lepturoides lepturoides (Matsushita, 1933)",ケブトハナカミキリ,kanagawa_redlist,"Caraphia lepturoides lepturoides (Matsushita, 1933)",verbatim,9618994,"Caraphia lepturoides lepturoides Chou & N.Ohbayashi, 2008",Animalia,Arthropoda,Insecta,Coleoptera,Cerambycidae,Caraphia,SUBSPECIES,EXACT,98,SYNONYM,
hymenophyllum wrightii bosch,Hymenophyllum wrightii Bosch,コケシノブ,kanagawa_redlist,Hymenophyllum wrightii Bosch,verbatim,2651317,Hymenophyllum wrightii Bosch,Plantae,Tracheophyta,Polypodiopsida,Hymenophyllales,Hymenophyllaceae,Hymenophyllum,SPECIES,EXACT,100,ACCEPTED,
"leptura latipennis (matsushita, 1933)","Leptura latipennis (Matsushita, 1933)",ハネビロハナカミキリ,kanagawa_redlist,"Leptura latipennis (Matsushita, 1933)",verbatim,6269558,"Leptura latipennis (Matsushita, 1933)",Animalia,Arthropoda,Insecta,Coleoptera,Cerambycidae,Leptura,SPECIES,EXACT,100,ACCEPTED,
marsilea quadrifolia l.,Marsilea quadrifolia L.,デンジソウ,kanagawa_redlist,Marsilea quadrifolia L.,verbatim,5274875,Marsilea quadrifolia L.,Plantae,Tracheophyta,Polypodiopsida,Salviniales,Marsileaceae,Marsilea,SPECIES,EXACT,100,ACCEPTED,
"strangalia koyaensis matsushita, 1933","Strangalia koyaensis Matsushita, 1933",コウヤホソハナカミキリ,kanagawa_redlist,"Strangalia koyaensis Matsushita, 1933",verbatim,5998193,"Strangalia koyaensis Matsushita, 1933",Animalia,Arthropoda,Insecta,Coleoptera,Cerambycidae,Strangalia,SPECIES,EXACT,100,ACCEPTED,
azolla japonica franch. & sav.,Azolla japonica Franch. & Sav.,オオアカウキクサ,kanagawa_redlist,Azolla japonica Franch. & Sav.,verbatim,4196468,Azolla japonica Franch. & Sav.,Plantae,Tracheophyta,Polypodiopsida,Salviniales,Salviniaceae,Azolla,SPECIES,EXACT,100,SYNONYM,
"allotraeus (nysina) rufescens (pic, 1923)","Allotraeus (Nysina) rufescens (Pic, 1923)",トゲヒゲトビイロカミキリ,kanagawa_redlist,"Allotraeus (Nysina) rufescens (Pic, 1923)",verbatim,1101662,"Allotraeus rufescens Hua, 2002",Animalia,Arthropoda,Insecta,Coleoptera,Cerambycidae,Nysina,SPECIES,EXACT,97,SYNONYM,4 synonym homonyms
microlepia strigosa (thunb.) c.presl,Microlepia strigosa (Thunb.) C.Presl,イシカグマ,kanagawa_redlist,Microlepia strigosa (Thunb.) C.Presl,verbatim,2650725,Microlepia strigosa (Thunb.) C.Presl,Plantae,Tracheophyta,Polypodiopsida,Polypodiales,Dennstaedtiaceae,Microlepia,SPECIES,EXACT,100,ACCEPTED,
"glaphyra (glaphyra) nitida nitida (obika, 1973)","Glaphyra (Glaphyra) nitida nitida (Obika, 1973)",ホソツヤヒゲナガコバネカミキリ,kanagawa_redlist,"Glaphyra (Glaphyra) nitida nitida (Obika, 1973)",verbatim,8747409,"Glaphyra nitida nitida Niisato, 2007",Animalia,Arthropoda,Insecta,Coleoptera,Cerambycidae,Molorchus,SUBSPECIES,EXACT,98,SYNONYM,
cheilanthes argentea (s.g.gmel.) kunze,Cheilanthes argentea (S.G.Gmel.) Kunze,ヒメウラジロ,kanagawa_redlist,Cheilanthes argentea (S.G.Gmel.) Kunze,verbatim,7335365,Cheilanthes argentea (S.G.Gmel.) Kunze,Plantae,Tracheophyta,Polypodiopsida,Polypodiales,Pteridaceae,Aleuritopteris,SPECIES,EXACT,100,SYNONYM,
"epania septemtrionalis hayashi, 1950","Epania septemtrionalis Hayashi, 1950",クロサワヒメコバネカミキリ,kanagawa_redlist,"Epania septemtrionalis Hayashi, 1950",verbatim,5999548,"Epania septemtrionalis Hayashi, 1951",Animalia,Arthropoda,Insecta,Coleoptera,Cerambycidae,Epania,SPECIES,EXACT,100,ACCEPTED,
pteris oshimensis hieron.,Pteris oshimensis Hieron.,ハチジョウシダモドキ,kanagawa_redlist,Pteris oshimensis Hieron.,verbatim,7310214,Pteris oshimensis Hieron.,Plantae,Tracheophyta,Polypodiopsida,Polypodiales,Pteridaceae,Pteris,SPECIES,EXACT,100,ACCEPTED,
"thranius variegatus variegatus bates, 1873","Thranius variegatus variegatus Bates, 1873",トラフホソバネカミキリ,kanagawa_redlist,"Thranius variegatus variegatus Bates, 1873",verbatim,4738890,"Thranius variegatus Bates, 1873",Animalia,Arthropoda,Insecta,Coleoptera,Cerambycidae,Thranius,SPECIES,HIGHERRANK,99,ACCEPTED,
asplenium capillipes makino,Asplenium capillipes Makino,ヒメイワトラノオ,kanagawa_redlist,Asplenium capillipes Makino,verbatim,4257611,Asplenium capillipes Makino,Plantae,Tracheophyta,Polypodiopsida,Polypodiales,Aspleniaceae,Asplenium,SPECIES,EXACT,100,ACCEPTED,
"chloridolum (parachloridolum) japonicum (harold, 1879)","Chloridolum (Parachloridolum) japonicum (Harold, 1879)",アカアシオオアオカミキリ,kanagawa_redlist,"Chloridolum (Parachloridolum) japonicum (Harold, 1879)",verbatim,1111522,"Chloridolum japonicum (Harold, 1879)",Animalia,Arthropoda,Insecta,Coleoptera,Cerambycidae,Chloridolum,SPECIES,EXACT,100,ACCEPTED,
hymenasplenium hondoense (n.murak. & hatan.) nakaike,Hymenasplenium hondoense (N.Murak. & Hatan.) Nakaike,ホウビシダ,kanagawa_redlist,Hymenasplenium hondoense (N.Murak. & Hatan.) Nakaike,verbatim,4258006,Hymenasplenium hondoense (N.Murak. & Hatan.) Nakaike,Plantae,Tracheophyta,Polypodiopsida,Polypodiales,Aspleniaceae,Hymenasplenium,SPECIES,EXACT,100,ACCEPTED,
"semanotus bifasciatus (motschulsky, 1857)","Semanotus bifasciatus (Motschulsky, 1857)",ビャクシンカミキリ,kanagawa_redlist,"Semanotus bifasciatus (Motschulsky, 1857)",verbatim,6131000,"Semanotus bifasciatus (Motschulsky, 1875)",Animalia,Arthropoda,Insecta,Coleoptera,Cerambycidae,Semanotus,SPECIES,EXACT,100,ACCEPTED,
asplenium trichomanes l. subsp. quadrivalens d.e.mey.,Asplenium trichomanes L. subsp. quadrivalens D.E.Mey.,チャセンシダ,kanagawa_redlist,Asplenium trichomanes L. subsp. quadrivalens D.E.Mey.,verbatim,7610857,Asplenium trichomanes subsp. quadrivalens D.E.Mey.,Plantae,Tracheophyta,Polypodiopsida,Polypodiales,Aspleniaceae,Asplenium,SUBSPECIES,EXACT,100,SYNONYM,
"phymatodes (poecillium) quadrimaculatus (gressitt, 1935)","Phymatodes (Poecillium) quadrimaculatus (Gressitt, 1935)",ヨツボシチビヒラタカミキリ,kanagawa_redlist,"Phymatodes (Poecillium) quadrimaculatus (Gressitt, 1935)",verbatim,5005462,"Phymatodes quadrimaculatus Gressitt, 1935",Animalia,Arthropoda,Insecta,Coleoptera,Cerambycidae,Poecilium,SPECIES,EXACT,100,SYNONYM,
asplenium tripteropus nakai,Asplenium tripteropus Nakai,イヌチャセンシダ,kanagawa_redlist,Asplenium tripteropus Nakai,verbatim,4256156,Asplenium tripteropus Nakai,Plantae,Tracheophyta,Polypodiopsida,Polypodiales,Aspleniaceae,Asplenium,SPECIES,EXACT,100,ACCEPTED,
"plagionotus christophi (kraatz, 1879)","Plagionotus christophi (Kraatz, 1879)",クリストフコトラカミキリ,kanagawa_redlist,"Plagionotus christophi (Kraatz, 1879)",verbatim,5005914,"Plagionotus christophi (Kraatz, 1879)",Animalia,Arthropoda,Insecta,Coleoptera,Cerambycidae,Plagionotus,SPECIES,EXACT,100,ACCEPTED,
deparia kiusiana (koidz.) m.kato,Deparia kiusiana (Koidz.) M.Kato,ムクゲシケシダ,kanagawa_redlist,Deparia kiusiana (Koidz.) M.Kato,verbatim,4016518,Deparia kiusiana (Koidz.) M.Kato,Plantae,Tracheophyta,Polypodiopsida,Polypodiales,Athyriaceae,Deparia,SPECIES,EXACT,100,ACCEPTED,
"oligoenoplus rosti rosti (pic, 1911)","Oligoenoplus rosti rosti (Pic, 1911)",エゾトラカミキリ,kanagawa_redlist,"Oligoenoplus rosti rosti (Pic, 1911)",verbatim,9099134,"Oligoenoplus rosti rosti Niisato, 2007",Animalia,Arthropoda,Insecta,Coleoptera,Cerambycidae,Oligoenoplus,SUBSPECIES,EXACT,97,SYNONYM,2 synonym homonyms
diplazium nipponicum tagawa,Diplazium nipponicum Tagawa,オニヒカゲワラビ,kanagawa_redlist,Diplazium nipponicum Tagawa,verbatim,8045896,Diplazium nipponicum Tagawa,Plantae,Tracheophyta,Polypodiopsida,Polypodiales,Athyriaceae,Diplazium,SPECIES,EXACT,100,ACCEPTED,
"sybra (sybra) unifasciata fujimura, 1956","Sybra (Sybra) unifasciata Fujimura, 1956",ヒトオビチビカミキリ,kanagawa_redlist,"Sybra (Sybra) unifasciata Fujimura, 1956",verbatim,5998484,"Sybra unifasciata Fujimura, 1956",Animalia,Arthropoda,Insecta,Coleoptera,Cerambycidae,Mycerinopsis,SPECIES,EXACT,100,SYNONYM,
diplazium virescens kunze,Diplazium virescens Kunze,コクモウクジャク,kanagawa_redlist,Diplazium virescens Kunze,verbatim,7289007,Diplazium virescens Kunze,Plantae,Tracheophyta,Polypodiopsida,Polypodiales,Athyriaceae,Diplazium,SPECIES,EXACT,100,ACCEPTED,
"cleptometopus bimaculatus (bates, 1873)","Cleptometopus bimaculatus (Bates, 1873)",ハスオビヒゲナガカミキリ,kanagawa_redlist,"Cleptometopus bimaculatus (Bates, 1873)",verbatim,1118723,"Cleptometopus bimaculatus (Bates, 1873)",Animalia,Arthropoda,Insecta,Coleoptera,Cerambycidae,Cleptometopus,SPECIES,EXACT,100,ACCEPTED,
diplazium conterminum christ,Diplazium conterminum Christ,ニセコクモウクジャク,kanagawa_redlist,Diplazium conterminum Christ,verbatim,4016896,Diplazium conterminum Christ,Plantae,Tracheophyta,Polypodiopsida,Polypodiales,Athyriaceae,Diplazium,SPECIES,EXACT,100,ACCEPTED,
"pterolophia (pterolophia) angusta (bates, 1873)","Pterolophia (Pterolophia) angusta (Bates, 1873)",マルモンサビカミキリ,kanagawa_redlist,"Pterolophia (Pterolophia) angusta (Bates, 1873)",verbatim,1135607,"Pterolophia angusta (Bates, 1873)",Animalia,Arthropoda,Insecta,Coleoptera,Cerambycidae,Pterolophia,SPECIES,EXACT,100,ACCEPTED,
arachniodes nipponica (rosenst.) ohwi,Arachniodes nipponica (Rosenst.) Ohwi,ミドリカナワラビ,kanagawa_redlist,Arachniodes nipponica (Rosenst.) Ohwi,verbatim,4039862,Arachniodes nipponica (Rosenst.) Ohwi,Plantae,Tracheophyta,Polypodiopsida,Polypodiales,Dryopteridaceae,Arachniodes,SPECIES,EXACT,100,ACCEPTED,
"rhodopina integripennis (bates, 1884)","Rhodopina integripennis (Bates, 1884)",マルバネコブヒゲカミキリ,kanagawa_redlist,"Rhodopina integripennis (Bates, 1884)",verbatim,1153113,"Rhodopina integripennis (Bates, 1884)",Animalia,Arthropoda,Insecta,Coleoptera,Cerambycidae,Rhodopina,SPECIES,EXACT,100,ACCEPTED,
cyrtomium macrophyllum (makino) tagawa,Cyrtomium macrophyllum (Makino) Tagawa,ヒロハヤブソテツ,kanagawa_redlist,Cyrtomium macrophyllum (Makino) Tagawa,verbatim,7319090,Cyrtomium macrophyllum (Makino) Tagawa,Plantae,Tracheophyta,Polypodiopsida,Polypodiales,Dryopteridaceae,Cyrtomium,SPECIES,EXACT,100,ACCEPTED,
"mimectatina meridiana ohirai breuning & villiers, 1973","Mimectatina meridiana ohirai Breuning & Villiers, 1973",コゲチャサビカミキリ,kanagawa_redlist,"Mimectatina meridiana ohirai Breuning & Villiers, 1973",verbatim,8864818,"Mimectatina meridiana ohirai Breuning & Villiers, 1973",Animalia,Arthropoda,Insecta,Coleoptera,Cerambycidae,Mimectatina,SUBSPECIES,EXACT,100,ACCEPTED,
dryopteris caudipinna nakai,Dryopteris caudipinna Nakai,ハチジョウベニシダ,kanagawa_redlist,Dryopteris caudipinna Nakai,verbatim,5655309,Dryopteris caudipinna Nakai,Plantae,Tracheophyta,Polypodiopsida,Polypodiales,Dryopteridaceae,Dryopteris,SPECIES,EXACT,100,ACCEPTED,
"eupogoniopsis granulatus lim, 2013","Eupogoniopsis granulatus Lim, 2013",イワサキケブカカミキリ,kanagawa_redlist,"Eupogoniopsis granulatus Lim, 2013",verbatim,7879508,"Eupogoniopsis granulatus Lim, Lim & Lee, 2013",Animalia,Arthropoda,Insecta,Coleoptera,Cerambycidae,Eupogoniopsis,SPECIES,EXACT,100,ACCEPTED,
dryopteris expansa (c.presl) fraser-jenk. & jermy,Dryopteris expansa (C.Presl) Fraser-Jenk. & Jermy,シラネワラビ,kanagawa_redlist,Dryopteris expansa (C.Presl) Fraser-Jenk. & Jermy,verbatim,5275102,Dryopteris expansa (C.Presl) Fraser-Jenk. & Jermy,Plantae,Tracheophyta,Polypodiopsida,Polypodiales,Dryopteridaceae,Dryopteris,SPECIES,EXACT,100,ACCEPTED,
"leiopus montanus hayashi, 1968","Leiopus montanus Hayashi, 1968",ミヤマモモブトカミキリ,kanagawa_redlist,"Leiopus montanus Hayashi, 1968",verbatim,5999247,"Leiopus montanus Hayashi, 1968",Animalia,Arthropoda,Insecta,Coleoptera,Cerambycidae,Leiopus,SPECIES,EXACT,100,ACCEPTED,
loxogramme salicifolia (makino) makino,Loxogramme salicifolia (Makino) Makino,イワヤナギシダ,kanagawa_redlist,Loxogramme salicifolia (Makino) Makino,verbatim,7290245,Loxogramme salicifolia (Makino) Makino,Plantae,Tracheophyta,Polypodiopsida,Polypodiales,Polypodiaceae,Loxogramme,SPECIES,EXACT,100,ACCEPTED,
"eutetrapha sedecimpunctata sedecimpunctata (motschulsky, 1860)","Eutetrapha sedecimpunctata sedecimpunctata (Motschulsky, 1860)",シナカミキリ,kanagawa_redlist,"Eutetrapha sedecimpunctata sedecimpunctata (Motschulsky, 1860)",verbatim,12215228,"Eutetrapha sedecimpunctata sedecimpunctata Kurihara & A.Saito, 2007",Animalia,Arthropoda,Insecta,Coleoptera,Cerambycidae,Eutetrapha,SUBSPECIES,EXACT,97,ACCEPTED,
micropolypodium okuboi (yatabe) hayata,Micropolypodium okuboi (Yatabe) Hayata,オオクボシダ,kanagawa_redlist,Micropolypodium okuboi (Yatabe) Hayata,verbatim,3752155,Micropolypodium okuboi (Yatabe) Hayata,Plantae,Tracheophyta,Polypodiopsida,Polypodiales,Polypodiaceae,Micropolypodium,SPECIES,EXACT,100,ACCEPTED,
"glenea (glenea) centroguttata fairmaire, 1897","Glenea (Glenea) centroguttata Fairmaire, 1897",イッシキキモンカミキリ,kanagawa_redlist,"Glenea (Glenea) centroguttata Fairmaire, 1897",verbatim,1116110,"Glenea centroguttata Fairmaire, 1897",Animalia,Arthropoda,Insecta,Coleoptera,Cerambycidae,Glenea,SPECIES,EXACT,100,ACCEPTED,
picea torano (siebold ex k.koch) koehne,Picea torano (Siebold ex K.Koch) Koehne,ハリモミ,kanagawa_redlist,Picea torano (Siebold ex K.Koch) Koehne,verbatim,5284841,Picea torano (Siebold ex K.Koch) Koehne,Plantae,Tracheophyta,Pinopsida,Pinales,Pinaceae,Picea,SPECIES,EXACT,100,ACCEPTED,
"bruchus loti paykull, 1800","Bruchus loti Paykull, 1800",ミヤコグサマメゾウムシ,kanagawa_redlist,"Bruchus loti Paykull, 1800",verbatim,5875987,"Bruchus loti Paykull, 1800",Animalia,Arthropoda,Insecta,Coleoptera,Chrysomelidae,Bruchus,SPECIES,EXACT,100,ACCEPTED,
"pinus parviflora siebold & zucc. var, parviflora","Pinus parviflora Siebold & Zucc. var, parviflora",ゴヨウマツ,kanagawa_redlist,"Pinus parviflora Siebold & Zucc. var, parviflora",verbatim,5285589,Pinus parviflora Siebold & Zucc.,Plantae,Tracheophyta,Pinopsida,Pinales,Pinaceae,Pinus,SPECIES,EXACT,100,ACCEPTED,
"lema (lema) dilecta baly, 1873","Lema (Lema) dilecta Baly, 1873",コルリクビボソハムシ,kanagawa_redlist,"Lema (Lema) dilecta Baly, 1873",verbatim,5736874,"Lema Fabricius, 1798",Animalia,Arthropoda,Insecta,Coleoptera,Chrysomelidae,Lema,GENUS,HIGHERRANK,94,ACCEPTED,
asarum tamaense makino,Asarum tamaense Makino,タマノカンアオイ,kanagawa_redlist,Asarum tamaense Makino,verbatim,3588850,Asarum tamaense Makino,Plantae,Tracheophyta,Magnoliopsida,Piperales,Aristolochiaceae,Asarum,SPECIES,EXACT,100,ACCEPTED,
"galerucella nipponensis (laboissière, 1922)","Galerucella nipponensis (Laboissière, 1922)",ジュンサイハムシ,kanagawa_redlist,"Galerucella nipponensis (Laboissière, 1922)",verbatim,9577325,"Galerucella nipponensis (Laboissiere, 1922)",Animalia,Arthropoda,Insecta,Coleoptera,Chrysomelidae,Galerucella,SPECIES,EXACT,100,ACCEPTED,
arisaema limbatum nakai & f.maek. ex f.maek. var. stenophyllum (nakai & f.maek. ex f.maek.) seriz.,Arisaema limbatum Nakai & F.Maek. ex F.Maek. var. stenophyllum (Nakai & F.Maek. ex F.Maek.) Seriz.,ハウチワテンナンショウ,kanagawa_redlist,Arisaema limbatum Nakai & F.Maek. ex F.Maek. var. stenophyllum (Nakai & F.Maek. ex F.Maek.) Seriz.,verbatim,2867077,Arisaema limbatum var. stenophyllum (Nakai & F.Maek.) Seriz.,Plantae,Tracheophyta,Liliopsida,Alismatales,Araceae,Arisaema,VARIETY,EXACT,100,SYNONYM,
"aeromachus inachus (ménétriés, 1859)","Aeromachus inachus (Ménétriés, 1859)",ホシチャバネセセリ,kanagawa_redlist,"Aeromachus inachus (Ménétriés, 1859)",verbatim,1945815,"Aeromachus inachus (Ménétriés, 1859)",Animalia,Arthropoda,Insecta,Lepidoptera,Hesperiidae,Aeromachus,SPECIES,EXACT,100,ACCEPTED,
tofieldia coccinea richards. var. gracilis (franch. & sav.) t.shimizu,Tofieldia coccinea Richards. var. gracilis (Franch. & Sav.) T.Shimizu,チャボゼキショウ,kanagawa_redlist,Tofieldia coccinea Richards. var. gracilis (Franch. & Sav.) T.Shimizu,verbatim,2864352,Tofieldia coccinea var. gracilis (Franch. & Sav.) T.Shimizu,Plantae,Tracheophyta,Liliopsida,Alismatales,Tofieldiaceae,Tofieldia,VARIETY,EXACT,100,ACCEPTED,
"niphanda fusca (bremer & grey, 1852)","Niphanda fusca (Bremer & Grey, 1852)",クロシジミ,kanagawa_redlist,"Niphanda fusca (Bremer & Grey, 1852)",verbatim,1924008,"Niphanda fusca (Bremer & Grey, 1853)",Animalia,Arthropoda,Insecta,Lepidoptera,Lycaenidae,Niphanda,SPECIES,EXACT,100,ACCEPTED,
ottelia alismoides (l.) pers.,Ottelia alismoides (L.) Pers.,ミズオオバコ,kanagawa_redlist,Ottelia alismoides (L.) Pers.,verbatim,5329515,Ottelia alismoides (L.) Pers.,Plantae,Tracheophyta,Liliopsida,Alismatales,Hydrocharitaceae,Ottelia,SPECIES,EXACT,100,ACCEPTED,
"maculinea teleius (bergsträsser, 1779)","Maculinea teleius (Bergsträsser, 1779)",ゴマシジミ,kanagawa_redlist,"Maculinea teleius (Bergsträsser, 1779)",verbatim,1922406,"Maculinea teleius (Bergstrasser, 1779)",Animalia,Arthropoda,Insecta,Lepidoptera,Lycaenidae,Maculinea,SPECIES,EXACT,100,ACCEPTED,
phyllospadix japonicus makino,Phyllospadix japonicus Makino,エビアマモ,kanagawa_redlist,Phyllospadix japonicus Makino,verbatim,2863953,Phyllospadix japonicus Makino,Plantae,Tracheophyta,Liliopsida,Alismatales,Zosteraceae,Phyllospadix,SPECIES,EXACT,100,ACCEPTED,
"plebejus argus (linnaeus, 1758)","Plebejus argus (Linnaeus, 1758)",ヒメシジミ,kanagawa_redlist,"Plebejus argus (Linnaeus, 1758)",verbatim,5138561,"Plebejus argus (Linnaeus, 1758)",Animalia,Arthropoda,Insecta,Lepidoptera,Lycaenidae,Plebejus,SPECIES,EXACT,100,ACCEPTED,
zostera caulescens miki,Zostera caulescens Miki,タチアマモ,kanagawa_redlist,Zostera caulescens Miki,verbatim,2863966,Zostera caulescens Miki,Plantae,Tracheophyta,Liliopsida,Alismatales,Zosteraceae,Zostera,SPECIES,EXACT,100,ACCEPTED,
"lycaeides argyrognomon (bergsträsse, 1779)","Lycaeides argyrognomon (Bergsträsse, 1779)",ミヤマシジミ,kanagawa_redlist,"Lycaeides argyrognomon (Bergsträsse, 1779)",verbatim,1926824,"Lycaeides argyrognomon (Bergstrasser, 1779)",Animalia,Arthropoda,Insecta,Lepidoptera,Lycaenidae,Lycaeides,SPECIES,EXACT,100,ACCEPTED,
zostera japonica asch. & graebn.,Zostera japonica Asch. & Graebn.,コアマモ,kanagawa_redlist,Zostera japonica Asch. & Graebn.,verbatim,2863943,Zostera japonica Asch. & Graebn.,Plantae,Tracheophyta,Liliopsida,Alismatales,Zosteraceae,Zostera,SPECIES,EXACT,100,ACCEPTED,
"lycaeides subsolanus (eversmann, 1851)","Lycaeides subsolanus (Eversmann, 1851)",アサマシジミ,kanagawa_redlist,"Lycaeides subsolanus (Eversmann, 1851)",verbatim,1926820,"Lycaeides subsolanus (Eversmann, 1851)",Animalia,Arthropoda,Insecta,Lepidoptera,Lycaenidae,Lycaeides,SPECIES,EXACT,100,ACCEPTED,
stuckenia pectinata (l.) boerner,Stuckenia pectinata (L.) Boerner,リュウノヒゲモ,kanagawa_redlist,Stuckenia pectinata (L.) Boerner,verbatim,7871428,Stuckenia pectinata (L.) Börner,Plantae,Tracheophyta,Liliopsida,Alismatales,Potamogetonaceae,Stuckenia,SPECIES,EXACT,100,ACCEPTED,
"fabriciana nerippe (c.felder & r.felder, 1862)","Fabriciana nerippe (C.Felder & R.Felder, 1862)",オオウラギンヒョウモン,kanagawa_redlist,"Fabriciana nerippe (C.Felder & R.Felder, 1862)",verbatim,1911862,"Fabriciana nerippe (Felder, 1862)",Animalia,Arthropoda,Insecta,Lepidoptera,Nymphalidae,Fabriciana,SPECIES,EXACT,100,ACCEPTED,
trillium tschonoskii maxim.,Trillium tschonoskii Maxim.,ミヤマエンレイソウ,kanagawa_redlist,Trillium tschonoskii Maxim.,verbatim,2742237,Trillium tschonoskii Maxim.,Plantae,Tracheophyta,Liliopsida,Liliales,Melanthiaceae,Trillium,SPECIES,EXACT,100,ACCEPTED,
"ypthima multistriata (butler, 1883)","Ypthima multistriata (Butler, 1883)",ウラナミジャノメ,kanagawa_redlist,"Ypthima multistriata (Butler, 1883)",verbatim,1907498,"Ypthima multistriata Butler, 1883",Animalia,Arthropoda,Insecta,Lepidoptera,Nymphalidae,Ypthima,SPECIES,EXACT,100,ACCEPTED,
veratrum maackii regel var. reymondianum (o.loes.) h.hara,Veratrum maackii Regel var. reymondianum (O.Loes.) H.Hara,シュロソウ,kanagawa_redlist,Veratrum maackii Regel var. reymondianum (O.Loes.) H.Hara,verbatim,6310793,Veratrum maackii var. reymondianum (O.Loes.) H.Hara,Plantae,Tracheophyta,Liliopsida,Liliales,Melanthiaceae,Veratrum,VARIETY,EXACT,100,SYNONYM,
"thymelicus leoninus (butler, 1878)","Thymelicus leoninus (Butler, 1878)",スジグロチャバネセセリ,kanagawa_redlist,"Thymelicus leoninus (Butler, 1878)",verbatim,1944060,"Thymelicus leonina (Butler, 1878)",Animalia,Arthropoda,Insecta,Lepidoptera,Hesperiidae,Thymelicus,SPECIES,FUZZY,100,ACCEPTED,
erythronium japonicum decne.,Erythronium japonicum Decne.,カタクリ,kanagawa_redlist,Erythronium japonicum Decne.,verbatim,2752866,Erythronium japonicum Decne.,Plantae,Tracheophyta,Liliopsida,Liliales,Liliaceae,Erythronium,SPECIES,EXACT,100,ACCEPTED,
"thymelicus sylvaticus (bremer, 1861)","Thymelicus sylvaticus (Bremer, 1861)",ヘリグロチャバネセセリ,kanagawa_redlist,"Thymelicus sylvaticus (Bremer, 1861)",verbatim,1944030,"Thymelicus sylvatica (Bremer, 1861)",Animalia,Arthropoda,Insecta,Lepidoptera,Hesperiidae,Thymelicus,SPECIES,FUZZY,100,ACCEPTED,
hetaeria shikokiana (makino & f.maek.) tuyama,Hetaeria shikokiana (Makino & F.Maek.) Tuyama,ヒメノヤガラ,kanagawa_redlist,Hetaeria shikokiana (Makino & F.Maek.) Tuyama,verbatim,5315250,Hetaeria shikokiana (Makino & F.Maek.) Tuyama,Plantae,Tracheophyta,Liliopsida,Asparagales,Orchidaceae,Chamaegastrodia,SPECIES,EXACT,100,SYNONYM,
"luehdorfia japonica (leech, 1889)","Luehdorfia japonica (Leech, 1889)",ギフチョウ,kanagawa_redlist,"Luehdorfia japonica (Leech, 1889)",verbatim,1938230,"Luehdorfia japonica Leech, 1889",Animalia,Arthropoda,Insecta,Lepidoptera,Papilionidae,Luehdorfia,SPECIES,EXACT,100,ACCEPTED,
galearis fauriei (finet) p.f.hunt,Galearis fauriei (Finet) P.F.Hunt,オノエラン,kanagawa_redlist,Galearis fauriei (Finet) P.F.Hunt,verbatim,2850145,Galearis fauriei (Finet) P.F.Hunt,Plantae,Tracheophyta,Liliopsida,Asparagales,Orchidaceae,Galearis,SPECIES,EXACT,100,ACCEPTED,
"leptidea amurensia (ménétriés, 1858)","Leptidea amurensia (Ménétriés, 1858)",ヒメシロチョウ,kanagawa_redlist,"Leptidea amurensia (Ménétriés, 1858)",verbatim,5137912,"Leptidea amurensis (Ménétriés, 1859)",Animalia,Arthropoda,Insecta,Lepidoptera,Pieridae,Leptidea,SPECIES,FUZZY,98,ACCEPTED,
cymbidium nagifolium masam.,Cymbidium nagifolium Masam.,ナギラン,kanagawa_redlist,Cymbidium nagifolium Masam.,verbatim,5305521,Cymbidium nagifolium Masam.,Plantae,Tracheophyta,Liliopsida,Asparagales,Orchidaceae,Cymbidium,SPECIES,EXACT,100,SYNONYM,
"eurema lacta (janson, 1836)","Eurema lacta (Janson, 1836)",ツマグロキチョウ,kanagawa_redlist,"Eurema lacta (Janson, 1836)",verbatim,1,Animalia,Animalia,,,,,,KINGDOM,HIGHERRANK,92,ACCEPTED,
cypripedium japonicum thunb.,Cypripedium japonicum Thunb.,クマガイソウ,kanagawa_redlist,Cypripedium japonicum Thunb.,verbatim,2820399,Cypripedium japonicum Thunb.,Plantae,Tracheophyta,Liliopsida,Asparagales,Orchidaceae,Cypripedium,SPECIES,EXACT,100,ACCEPTED,
"gonepteryx aspasia (ménétriés, 1858)","Gonepteryx aspasia (Ménétriés, 1858)",スジボソヤマキチョウ,kanagawa_redlist,"Gonepteryx aspasia (Ménétriés, 1858)",verbatim,1920711,"Gonepteryx aspasia Ménétriès, 1859",Animalia,Arthropoda,Insecta,Lepidoptera,Pieridae,Gonepteryx,SPECIES,EXACT,100,ACCEPTED,
epipactis helleborine (l.) crantz,Epipactis helleborine (L.) Crantz,エゾスズラン,kanagawa_redlist,Epipactis helleborine (L.) Crantz,verbatim,8998684,Epipactis helleborine (L.) Crantz,Plantae,Tracheophyta,Liliopsida,Asparagales,Orchidaceae,Epipactis,SPECIES,EXACT,100,ACCEPTED,
"gonepteryx rhamni (linnaeus, 1758)","Gonepteryx rhamni (Linnaeus, 1758)",ヤマキチョウ,kanagawa_redlist,"Gonepteryx rhamni (Linnaeus, 1758)",verbatim,1920712,"Gonepteryx rhamni (Linnaeus, 1758)",Animalia,Arthropoda,Insecta,Lepidoptera,Pieridae,Gonepteryx,SPECIES,EXACT,100,ACCEPTED,
epipactis thunbergii a.gray,Epipactis thunbergii A.Gray,カキラン,kanagawa_redlist,Epipactis thunbergii A.Gray,verbatim,5319259,Epipactis thunbergii A.Gray,Plantae,Tracheophyta,Liliopsida,Asparagales,Orchidaceae,Epipactis,SPECIES,EXACT,100,ACCEPTED,
"iratsume orsedice (butler, 1882)","Iratsume orsedice (Butler, 1882)",ウラクロシジミ,kanagawa_redlist,"Iratsume orsedice (Butler, 1882)",verbatim,1932560,"Iratsume orsedice (Butler, 1881)",Animalia,Arthropoda,Insecta,Lepidoptera,Lycaenidae,Iratsume,SPECIES,EXACT,100,ACCEPTED,
goodyera foliosa (lindl.) benth. ex c.b.clarke var. laevis finet,Goodyera foliosa (Lindl.) Benth. ex C.B.Clarke var. laevis Finet,アケボノシュスラン,kanagawa_redlist,Goodyera foliosa (Lindl.) Benth. ex C.B.Clarke var. laevis Finet,verbatim,2840673,Goodyera foliosa var. laevis Finet,Plantae,Tracheophyta,Liliopsida,Asparagales,Orchidaceae,Goodyera,VARIETY,EXACT,100,SYNONYM,
"araragi enthea (janson, 1877)","Araragi enthea (Janson, 1877)",オナガシジミ,kanagawa_redlist,"Araragi enthea (Janson, 1877)",verbatim,1928732,"Araragi enthea (Janson, 1877)",Animalia,Arthropoda,Insecta,Lepidoptera,Lycaenidae,Araragi,SPECIES,EXACT,100,ACCEPTED,
goodyera velutina maxim.,Goodyera velutina Maxim.,シュスラン,kanagawa_redlist,Goodyera velutina Maxim.,verbatim,7806873,Goodyera velutina Maxim.,Plantae,Tracheophyta,Liliopsida,Asparagales,Orchidaceae,Goodyera,SPECIES,EXACT,100,ACCEPTED,
"antigius butleri (fenton, 1882)","Antigius butleri (Fenton, 1882)",ウスイロオナガシジミ,kanagawa_redlist,"Antigius butleri (Fenton, 1882)",verbatim,1924037,"Antigius butleri (Fenton, 1881)",Animalia,Arthropoda,Insecta,Lepidoptera,Lycaenidae,Antigius,SPECIES,EXACT,100,ACCEPTED,
zeuxine agyokuana fukuy.,Zeuxine agyokuana Fukuy.,カゲロウラン,kanagawa_redlist,Zeuxine agyokuana Fukuy.,verbatim,2803100,Zeuxine agyokuana Fukuy.,Plantae,Tracheophyta,Liliopsida,Asparagales,Orchidaceae,Zeuxine,SPECIES,EXACT,100,ACCEPTED,
"chrysozephyrus brillantinus (staudinger, 1887)","Chrysozephyrus brillantinus (Staudinger, 1887)",アイノミドリシジミ,kanagawa_redlist,"Chrysozephyrus brillantinus (Staudinger, 1887)",verbatim,1929066,"Chrysozephyrus Shirôzu & Yamamoto, 1956",Animalia,Arthropoda,Insecta,Lepidoptera,Lycaenidae,Chrysozephyrus,GENUS,HIGHERRANK,92,ACCEPTED,
lecanorchis japonica blume var. japonica,Lecanorchis japonica Blume var. japonica,ムヨウラン,kanagawa_redlist,Lecanorchis japonica Blume var. japonica,verbatim,2838525,Lecanorchis japonica Blume,Plantae,Tracheophyta,Liliopsida,Asparagales,Orchidaceae,Lecanorchis,SPECIES,HIGHERRANK,99,ACCEPTED,
"chrysozephyrus smaragdinus (bremer, 1861)","Chrysozephyrus smaragdinus (Bremer, 1861)",メスアカミドリシジミ,kanagawa_redlist,"Chrysozephyrus smaragdinus (Bremer, 1861)",verbatim,1929103,"Chrysozephyrus smaragdina (Bremer, 1861)",Animalia,Arthropoda,Insecta,Lepidoptera,Lycaenidae,Chrysozephyrus,SPECIES,FUZZY,100,ACCEPTED,
neottia japonica (blume) szlach.,Neottia japonica (Blume) Szlach.,ヒメフタバラン,kanagawa_redlist,Neottia japonica (Blume) Szlach.,verbatim,2816275,Neottia japonica (Blume) Szlach.,Plantae,Tracheophyta,Liliopsida,Asparagales,Orchidaceae,Neottia,SPECIES,EXACT,100,ACCEPTED,
"favonius jezoensia (matsumura, 1915)","Favonius jezoensia (Matsumura, 1915)",エゾミドリシジミ,kanagawa_redlist,"Favonius jezoensia (Matsumura, 1915)",verbatim,1931284,"Favonius jezoensis (Matsumura, 1915)",Animalia,Arthropoda,Insecta,Lepidoptera,Lycaenidae,Favonius,SPECIES,FUZZY,100,ACCEPTED,
neottia papilligera schltr.,Neottia papilligera Schltr.,サカネラン,kanagawa_redlist,Neottia papilligera Schltr.,verbatim,2816381,Neottia papilligera Schltr.,Plantae,Tracheophyta,Liliopsida,Asparagales,Orchidaceae,Neottia,SPECIES,EXACT,100,ACCEPTED,
"zizina otis (fabricius, 1787)","Zizina otis (Fabricius, 1787)",シルビアシジミ,kanagawa_redlist,"Zizina otis (Fabricius, 1787)",verbatim,7346444,"Zizina otis (Fabricius, 1787)",Animalia,Arthropoda,Insecta,Lepidoptera,Lycaenidae,Zizina,SPECIES,EXACT,100,ACCEPTED,
oberonia japonica (maxim.) makino,Oberonia japonica (Maxim.) Makino,ヨウラクラン,kanagawa_redlist,Oberonia japonica (Maxim.) Makino,verbatim,5312987,Oberonia japonica (Maxim.) Makino,Plantae,Tracheophyta,Liliopsida,Asparagales,Orchidaceae,Oberonia,SPECIES,EXACT,100,ACCEPTED,
"tongeia fischeri (eversmann, 1843)","Tongeia fischeri (Eversmann, 1843)",クロツバメシジミ,kanagawa_redlist,"Tongeia fischeri (Eversmann, 1843)",verbatim,1931561,"Tongeia fischeri (Eversmann, 1843)",Animalia,Arthropoda,Insecta,Lepidoptera,Lycaenidae,Tongeia,SPECIES,EXACT,100,ACCEPTED,
tipularia japonica matsum.,Tipularia japonica Matsum.,ヒトツボクロ,kanagawa_redlist,Tipularia japonica Matsum.,verbatim,5308384,Tipularia japonica Matsum.,Plantae,Tracheophyta,Liliopsida,Asparagales,Orchidaceae,Tipularia,SPECIES,EXACT,100,ACCEPTED,
"neptis pryeri (butler, 1871)","Neptis pryeri (Butler, 1871)",ホシミスジ,kanagawa_redlist,"Neptis pryeri (Butler, 1871)",verbatim,5131293,"Neptis pryeri Butler, 1871",Animalia,Arthropoda,Insecta,Lepidoptera,Nymphalidae,Neptis,SPECIES,EXACT,100,ACCEPTED,
iris domestica (l.) goldblatt & mabb.,Iris domestica (L.) Goldblatt & Mabb.,ヒオウギ,kanagawa_redlist,Iris domestica (L.) Goldblatt & Mabb.,verbatim,5298546,Iris domestica (L.) Goldblatt & Mabb.,Plantae,Tracheophyta,Liliopsida,Asparagales,Iridaceae,Iris,SPECIES,EXACT,100,ACCEPTED,
"neptis alwina (bremer & grey, 1852)","Neptis alwina (Bremer & Grey, 1852)",オオミスジ,kanagawa_redlist,"Neptis alwina (Bremer & Grey, 1852)",verbatim,5131585,"Neptis alwina Bremer, 1853",Animalia,Arthropoda,Insecta,Lepidoptera,Nymphalidae,Neptis,SPECIES,EXACT,100,ACCEPTED,
asparagus schoberioides kunth,Asparagus schoberioides Kunth,キジカクシ,kanagawa_redlist,Asparagus schoberioides Kunth,verbatim,2768953,Asparagus schoberioides Kunth,Plantae,Tracheophyta,Liliopsida,Asparagales,Asparagaceae,Asparagus,SPECIES,EXACT,100,ACCEPTED,
"polygonia c-album (linnaeus, 1758)","Polygonia c-album (Linnaeus, 1758)",シータテハ,kanagawa_redlist,"Polygonia c-album (Linnaeus, 1758)",verbatim,1898544,"Polygonia c-album (Linnaeus, 1758)",Animalia,Arthropoda,Insecta,Lepidoptera,Nymphalidae,Polygonia,SPECIES,EXACT,100,ACCEPTED,
juncus bufonius l.,Juncus bufonius L.,ヒメコウガイゼキショウ,kanagawa_redlist,Juncus bufonius L.,verbatim,6413649,Juncus bufonius L.,Plantae,Tracheophyta,Liliopsida,Poales,Juncaceae,Juncus,SPECIES,EXACT,100,ACCEPTED,
"kirinia fentoni (butler, 1877)","Kirinia fentoni (Butler, 1877)",キマダラモドキ,kanagawa_redlist,"Kirinia fentoni (Butler, 1877)",verbatim,4405001,"Kirinia Moore, 1893",Animalia,Arthropoda,Insecta,Lepidoptera,Nymphalidae,Kirinia,GENUS,HIGHERRANK,94,ACCEPTED,
carex biwensis franch.,Carex biwensis Franch.,マツバスゲ,kanagawa_redlist,Carex biwensis Franch.,verbatim,2729769,Carex biwensis Franch.,Plantae,Tracheophyta,Liliopsida,Poales,Cyperaceae,Carex,SPECIES,EXACT,100,ACCEPTED,
"choaspes benjaminii (murray, 1843)","Choaspes benjaminii (Murray, 1843)",アオバセセリ,kanagawa_redlist,"Choaspes benjaminii (Murray, 1843)",verbatim,5141924,"Choaspes benjaminii (Guérin-Méneville, 1843)",Animalia,Arthropoda,Insecta,Lepidoptera,Hesperiidae,Choaspes,SPECIES,EXACT,100,ACCEPTED,
carex capillacea boott,Carex capillacea Boott,ハリガネスゲ,kanagawa_redlist,Carex capillacea Boott,verbatim,2722174,Carex capillacea Boott,Plantae,Tracheophyta,Liliopsida,Poales,Cyperaceae,Carex,SPECIES,EXACT,100,ACCEPTED,
"leptalina unicolor (bremer & grey, 1852)","Leptalina unicolor (Bremer & Grey, 1852)",ギンイチモンジセセリ,kanagawa_redlist,"Leptalina unicolor (Bremer & Grey, 1852)",verbatim,1943799,"Leptalina unicolor (Bremer & Grey, 1853)",Animalia,Arthropoda,Insecta,Lepidoptera,Hesperiidae,Leptalina,SPECIES,EXACT,100,ACCEPTED,
carex foliosissima f.schmidt,Carex foliosissima F.Schmidt,オクノカンスゲ,kanagawa_redlist,Carex foliosissima F.Schmidt,verbatim,2722008,Carex foliosissima F.Schmidt,Plantae,Tracheophyta,Liliopsida,Poales,Cyperaceae,Carex,SPECIES,EXACT,100,ACCEPTED,
"isoteinon lamprospilus (c.felder & r.felder, 1862)","Isoteinon lamprospilus (C.Felder & R.Felder, 1862)",ホソバセセリ,kanagawa_redlist,"Isoteinon lamprospilus (C.Felder & R.Felder, 1862)",verbatim,1947626,"Isoteinon lamprospilus C.Felder & R.Felder, 1862",Animalia,Arthropoda,Insecta,Lepidoptera,Hesperiidae,Isoteinon,SPECIES,EXACT,100,ACCEPTED,
carex sendaica franch.,Carex sendaica Franch.,センダイスゲ,kanagawa_redlist,Carex sendaica Franch.,verbatim,2723694,Carex sendaica Franch.,Plantae,Tracheophyta,Liliopsida,Poales,Cyperaceae,Carex,SPECIES,EXACT,100,ACCEPTED,
"ochlodes venatus (bremer & grey, 1852)","Ochlodes venatus (Bremer & Grey, 1852)",コキマダラセセリ,kanagawa_redlist,"Ochlodes venatus (Bremer & Grey, 1852)",verbatim,7389824,"Ochlodes venata (Bremer & Grey, 1853)",Animalia,Arthropoda,Insecta,Lepidoptera,Hesperiidae,Ochlodes,SPECIES,FUZZY,99,ACCEPTED,
carex maackii maxim.,Carex maackii Maxim.,ヤガミスゲ,kanagawa_redlist,Carex maackii Maxim.,verbatim,2725177,Carex maackii Maxim.,Plantae,Tracheophyta,Liliopsida,Poales,Cyperaceae,Carex,SPECIES,EXACT,100,ACCEPTED,
"polytremis pellucida (murray, 1875)","Polytremis pellucida (Murray, 1875)",オオチャバネセセリ,kanagawa_redlist,"Polytremis pellucida (Murray, 1875)",verbatim,1949004,"Polytremis pellucida (Murray, 1875)",Animalia,Arthropoda,Insecta,Lepidoptera,Hesperiidae,Polytremis,SPECIES,EXACT,100,ACCEPTED,
carex onoei franch. & sav.,Carex onoei Franch. & Sav.,ヒカゲハリスゲ,kanagawa_redlist,Carex onoei Franch. & Sav.,verbatim,2724430,Carex onoei Franch. & Sav.,Plantae,Tracheophyta,Liliopsida,Poales,Cyperaceae,Carex,SPECIES,EXACT,100,ACCEPTED,
"pelopidas jansonis (butler, 1878)","Pelopidas jansonis (Butler, 1878)",ミヤマチャバネセセリ,kanagawa_redlist,"Pelopidas jansonis (Butler, 1878)",verbatim,1945861,"Pelopidas jansonis (Butler, 1878)",Animalia,Arthropoda,Insecta,Lepidoptera,Hesperiidae,Pelopidas,SPECIES,EXACT,100,ACCEPTED,
carex otaruensis franch.,Carex otaruensis Franch.,オタルスゲ,kanagawa_redlist,Carex otaruensis Franch.,verbatim,2729747,Carex otaruensis Franch.,Plantae,Tracheophyta,Liliopsida,Poales,Cyperaceae,Carex,SPECIES,EXACT,100,ACCEPTED,
"taraka hamada (h.druce, 1875)","Taraka hamada (H.Druce, 1875)",ゴイシシジミ,kanagawa_redlist,"Taraka hamada (H.Druce, 1875)",verbatim,1921163,"Taraka hamada (Druce, 1875)",Animalia,Arthropoda,Insecta,Lepidoptera,Lycaenidae,Taraka,SPECIES,EXACT,100,ACCEPTED,
carex oxyandra (franch. & sav.) kudo,Carex oxyandra (Franch. & Sav.) Kudo,ヒメスゲ,kanagawa_redlist,Carex oxyandra (Franch. & Sav.) Kudo,verbatim,2728913,Carex oxyandra (Franch. & Sav.) Kudô,Plantae,Tracheophyta,Liliopsida,Poales,Cyperaceae,Carex,SPECIES,EXACT,100,ACCEPTED,
"shirozua jonasi (janson, 1877)","Shirozua jonasi (Janson, 1877)",ムモンアカシジミ,kanagawa_redlist,"Shirozua jonasi (Janson, 1877)",verbatim,1922808,"Shirozua jonasi (Janson, 1877)",Animalia,Arthropoda,Insecta,Lepidoptera,Lycaenidae,Shirozua,SPECIES,EXACT,100,ACCEPTED,
carex rugata ohwi,Carex rugata Ohwi,クサスゲ,kanagawa_redlist,Carex rugata Ohwi,verbatim,2722250,Carex rugata Ohwi,Plantae,Tracheophyta,Liliopsida,Poales,Cyperaceae,Carex,SPECIES,EXACT,100,ACCEPTED,
"artopoetes pryeri (murray, 1873)","Artopoetes pryeri (Murray, 1873)",ウラゴマダラシジミ,kanagawa_redlist,"Artopoetes pryeri (Murray, 1873)",verbatim,1931774,"Artopoetes pryeri (Murray, 1873)",Animalia,Arthropoda,Insecta,Lepidoptera,Lycaenidae,Artopoetes,SPECIES,EXACT,100,ACCEPTED,
carex sikokiana franch. & sav.,Carex sikokiana Franch. & Sav.,ツルミヤマカンスゲ,kanagawa_redlist,Carex sikokiana Franch. & Sav.,verbatim,2722719,Carex sikokiana Franch. & Sav.,Plantae,Tracheophyta,Liliopsida,Poales,Cyperaceae,Carex,SPECIES,EXACT,100,SYNONYM,
"shibataniozephyrus fujisanus (matsumura, 1910)","Shibataniozephyrus fujisanus (Matsumura, 1910)",フジミドリシジミ,kanagawa_redlist,"Shibataniozephyrus fujisanus (Matsumura, 1910)",verbatim,,,,,,,,,,NONE,100,,No match because of too little confidence
cladium chinense nees,Cladium chinense Nees,ヒトモトススキ,kanagawa_redlist,Cladium chinense Nees,verbatim,2731371,Cladium chinense Nees,Plantae,Tracheophyta,Liliopsida,Poales,Cyperaceae,Cladium,SPECIES,EXACT,100,SYNONYM,
"neozephyrus japonicua (murray, 1874)","Neozephyrus japonicua (Murray, 1874)",ミドリシジミ,kanagawa_redlist,"Neozephyrus japonicua (Murray, 1874)",verbatim,5883121,"Neozephyrus japonicus (Murray, 1874)",Animalia,Arthropoda,Insecta,Lepidoptera,Lycaenidae,Neozephyrus,SPECIES,FUZZY,100,ACCEPTED,
cyperus haspan l. var. microhaspan makino,Cyperus haspan L. var. microhaspan Makino,ツルナシコアゼガヤツリ,kanagawa_redlist,Cyperus haspan L. var. microhaspan Makino,verbatim,2715828,Cyperus haspan L.,Plantae,Tracheophyta,Liliopsida,Poales,Cyperaceae,Cyperus,SPECIES,HIGHERRANK,98,ACCEPTED,
"favonius ultramarinus (fixsen, 1887)","Favonius ultramarinus (Fixsen, 1887)",ハヤシミドリシジミ,kanagawa_redlist,"Favonius ultramarinus (Fixsen, 1887)",verbatim,1931288,"Favonius ultramarina (Fixsen, 1887)",Animalia,Arthropoda,Insecta,Lepidoptera,Lycaenidae,Favonius,SPECIES,FUZZY,100,ACCEPTED,
cyperus pacificus (ohwi) ohwi,Cyperus pacificus (Ohwi) Ohwi,シロガヤツリ,kanagawa_redlist,Cyperus pacificus (Ohwi) Ohwi,verbatim,2715674,Cyperus pacificus (Ohwi) Ohwi,Plantae,Tracheophyta,Liliopsida,Poales,Cyperaceae,Cyperus,SPECIES,EXACT,100,ACCEPTED,
"fexsenis w-album (knoch, 1782)","Fexsenis w-album (Knoch, 1782)",カラスシジミ,kanagawa_redlist,"Fexsenis w-album (Knoch, 1782)",verbatim,,,,,,,,,,NONE,100,,
eleocharis attenuata (franch. & sav.) palla,Eleocharis attenuata (Franch. & Sav.) Palla,セイタカハリイ,kanagawa_redlist,Eleocharis attenuata (Franch. & Sav.) Palla,verbatim,2717891,Eleocharis attenuata (Franch. & Sav.) Palla,Plantae,Tracheophyta,Liliopsida,Poales,Cyperaceae,Eleocharis,SPECIES,EXACT,100,ACCEPTED,
"fexsenia mera (janson, 1877)","Fexsenia mera (Janson, 1877)",ミヤマカラスシジミ,kanagawa_redlist,"Fexsenia mera (Janson, 1877)",verbatim,,,,,,,,,,NONE,100,,
eleocharis japonica miq.,Eleocharis japonica Miq.,ハリイ,kanagawa_redlist,Eleocharis japonica Miq.,verbatim,2717532,Eleocharis japonica Miq.,Plantae,Tracheophyta,Liliopsida,Poales,Cyperaceae,Eleocharis,SPECIES,EXACT,100,SYNONYM,
"spindasis takanonis (matsumura, 1906)","Spindasis takanonis (Matsumura, 1906)",キマダラルリツバメ,kanagawa_redlist,"Spindasis takanonis (Matsumura, 1906)",verbatim,5139951,"Spindasis takanonis (Matsumura, 1906)",Animalia,Arthropoda,Insecta,Lepidoptera,Lycaenidae,Spindasis,SPECIES,EXACT,100,ACCEPTED,
fimbristylis squarrosa vahl,Fimbristylis squarrosa Vahl,アゼテンツキ,kanagawa_redlist,Fimbristylis squarrosa Vahl,verbatim,2708463,Fimbristylis squarrosa Vahl,Plantae,Tracheophyta,Liliopsida,Poales,Cyperaceae,Fimbristylis,SPECIES,EXACT,100,ACCEPTED,
"argyronome laodice (pallas, 1771)","Argyronome laodice (Pallas, 1771)",ウラギンスジヒョウモン,kanagawa_redlist,"Argyronome laodice (Pallas, 1771)",verbatim,1895875,"Argyronome laodice (Pallas, 1771)",Animalia,Arthropoda,Insecta,Lepidoptera,Nymphalidae,Argyronome,SPECIES,EXACT,100,ACCEPTED,
fimbristylis velata r.br.,Fimbristylis velata R.Br.,メアゼテンツキ,kanagawa_redlist,Fimbristylis velata R.Br.,verbatim,2708469,Fimbristylis velata R.Br.,Plantae,Tracheophyta,Liliopsida,Poales,Cyperaceae,Fimbristylis,SPECIES,EXACT,100,ACCEPTED,
"argyronome ruslana (motschulsky, 1866)","Argyronome ruslana (Motschulsky, 1866)",オオウラギンスジヒョウモン,kanagawa_redlist,"Argyronome ruslana (Motschulsky, 1866)",verbatim,1895867,"Argyronome ruslana (Motschulsky, 1866)",Animalia,Arthropoda,Insecta,Lepidoptera,Nymphalidae,Argyronome,SPECIES,EXACT,100,ACCEPTED,
cyperus kamtschaticus (meinsh.) yonek.,Cyperus kamtschaticus (Meinsh.) Yonek.,タチヒメクグ,kanagawa_redlist,Cyperus kamtschaticus (Meinsh.) Yonek.,verbatim,9380132,Cyperus kamtschaticus (Meinsh.) Yonek.,Plantae,Tracheophyta,Liliopsida,Poales,Cyperaceae,Cyperus,SPECIES,EXACT,100,ACCEPTED,
"niephargynnis anadyomene (c.felder & r.felder, 1862)","Niephargynnis anadyomene  (C.Felder & R.Felder, 1862)",クモガタヒョウモン,kanagawa_redlist,"Niephargynnis anadyomene  (C.Felder & R.Felder, 1862)",verbatim,,,,,,,,,,NONE,100,,
agrostis mertensii trin.,Agrostis mertensii Trin.,コミヤマヌカボ,kanagawa_redlist,Agrostis mertensii Trin.,verbatim,2706518,Agrostis mertensii Trin.,Plantae,Tracheophyta,Liliopsida,Poales,Poaceae,Agrostis,SPECIES,EXACT,100,ACCEPTED,
"fabriciana adippe (denis & schiffermüller, 1775)","Fabriciana adippe (Denis & Schiffermüller, 1775)",ウラギンヒョウモン,kanagawa_redlist,"Fabriciana adippe (Denis & Schiffermüller, 1775)",verbatim,7809779,"Fabriciana adippe (Denis & Schiffermüller) , 1775",Animalia,Arthropoda,Insecta,Lepidoptera,Nymphalidae,Fabriciana,SPECIES,EXACT,100,ACCEPTED,
eragrostis cilianensis (all.) vignolo ex janch.,Eragrostis cilianensis (All.) Vignolo ex Janch.,スズメガヤ,kanagawa_redlist,Eragrostis cilianensis (All.) Vignolo ex Janch.,verbatim,2705369,Eragrostis cilianensis (All.) Vignolo ex Janch.,Plantae,Tracheophyta,Liliopsida,Poales,Poaceae,Eragrostis,SPECIES,EXACT,100,ACCEPTED,
"ladoga glorifica (fruhstorfer, 1909)","Ladoga glorifica (Fruhstorfer, 1909)",アサマイチモンジ,kanagawa_redlist,"Ladoga glorifica (Fruhstorfer, 1909)",verbatim,1894417,"Ladoga Moore, 1898",Animalia,Arthropoda,Insecta,Lepidoptera,Nymphalidae,Ladoga,GENUS,HIGHERRANK,94,ACCEPTED,
festuca ovina l. subsp. coreana (st.yves) e.b.alexeev,Festuca ovina L. subsp. coreana (St.Yves) E.B.Alexeev,アオウシノケグサ,kanagawa_redlist,Festuca ovina L. subsp. coreana (St.Yves) E.B.Alexeev,verbatim,4112748,Festuca ovina subsp. coreana (St.-Yves) E.B.Alexeev,Plantae,Tracheophyta,Liliopsida,Poales,Poaceae,Festuca,SUBSPECIES,EXACT,100,SYNONYM,
"neptis philyra (ménétriés, 1858)","Neptis philyra (Ménétriés, 1858)",ミスジチョウ,kanagawa_redlist,"Neptis philyra (Ménétriés, 1858)",verbatim,5131121,"Neptis philyra Ménétriés, 1859",Animalia,Arthropoda,Insecta,Lepidoptera,Nymphalidae,Neptis,SPECIES,EXACT,100,ACCEPTED,
festuca ovina l. subsp. ovina,Festuca ovina L. subsp. ovina,ウシノケグサ,kanagawa_redlist,Festuca ovina L. subsp. ovina,verbatim,7837411,Festuca ovina subsp. ovina,Plantae,Tracheophyta,Liliopsida,Poales,Poaceae,Festuca,SUBSPECIES,EXACT,99,ACCEPTED,
"dichorragia nesimachus (doyère, 1840)","Dichorragia nesimachus (Doyère, 1840)",スミナガシ,kanagawa_redlist,"Dichorragia nesimachus (Doyère, 1840)",verbatim,1905079,"Dichorragia nesimachus Boisduval, 1836",Animalia,Arthropoda,Insecta,Lepidoptera,Nymphalidae,Dichorragia,SPECIES,EXACT,99,ACCEPTED,
ischaemum anthephoroides (steud.) miq.,Ischaemum anthephoroides (Steud.) Miq.,ケカモノハシ,kanagawa_redlist,Ischaemum anthephoroides (Steud.) Miq.,verbatim,4932024,Ischaemum anthephoroides (Steud.) Miq.,Plantae,Tracheophyta,Liliopsida,Poales,Poaceae,Ischaemum,SPECIES,EXACT,100,ACCEPTED,
"sasakia charonda (hewitson, 1863)","Sasakia charonda (Hewitson, 1863)",オオムラサキ,kanagawa_redlist,"Sasakia charonda (Hewitson, 1863)",verbatim,5128519,"Sasakia charonda (Hewitson, 1862)",Animalia,Arthropoda,Insecta,Lepidoptera,Nymphalidae,Sasakia,SPECIES,EXACT,100,ACCEPTED,
miscanthus oligostachyus stapf,Miscanthus oligostachyus Stapf,カリヤスモドキ,kanagawa_redlist,Miscanthus oligostachyus Stapf,verbatim,4122640,Miscanthus oligostachyus Stapf,Plantae,Tracheophyta,Liliopsida,Poales,Poaceae,Miscanthus,SPECIES,EXACT,100,ACCEPTED,
"lasiommata deidamia (eversmamm, 1851)","Lasiommata deidamia (Eversmamm, 1851)",ツマジロウラジャノメ,kanagawa_redlist,"Lasiommata deidamia (Eversmamm, 1851)",verbatim,4535630,"Lasiommata deidamia (Eversmann, 1851)",Animalia,Arthropoda,Insecta,Lepidoptera,Nymphalidae,Pararge,SPECIES,EXACT,100,DOUBTFUL,
muhlenbergia ramosa (hack.) makino,Muhlenbergia ramosa (Hack.) Makino,キダチノネズミガヤ,kanagawa_redlist,Muhlenbergia ramosa (Hack.) Makino,verbatim,4149692,Muhlenbergia ramosa (Hack.) Makino,Plantae,Tracheophyta,Liliopsida,Poales,Poaceae,Muhlenbergia,SPECIES,EXACT,100,ACCEPTED,
"zophoessa callipteris (butler, 1877)","Zophoessa callipteris (Butler, 1877)",ヒメキマダラヒカゲ,kanagawa_redlist,"Zophoessa callipteris (Butler, 1877)",verbatim,216,Insecta,Animalia,Arthropoda,Insecta,,,,CLASS,HIGHERRANK,92,ACCEPTED,
neosasamorpha lasioclada (makino & nakai) tatew.,Neosasamorpha lasioclada (Makino & Nakai) Tatew.,チトセザサ,kanagawa_redlist,Neosasamorpha lasioclada (Makino & Nakai) Tatew.,verbatim,4149978,Neosasamorpha lasioclada (Makino & Nakai) Tatew.,Plantae,Tracheophyta,Liliopsida,Poales,Poaceae,Sasa,SPECIES,EXACT,100,SYNONYM,
"neope niphonica (butler, 1881)","Neope niphonica (Butler, 1881)",ヤマキマダラヒカゲ,kanagawa_redlist,"Neope niphonica (Butler, 1881)",verbatim,1914750,"Neope niphonica Butler, 1881",Animalia,Arthropoda,Insecta,Lepidoptera,Nymphalidae,Neope,SPECIES,EXACT,100,SYNONYM,
neosasamorpha shimidzuana (makino) koidz. subsp. shimidzuana,Neosasamorpha shimidzuana (Makino) Koidz. subsp. shimidzuana,ハコネナンブスズ,kanagawa_redlist,Neosasamorpha shimidzuana (Makino) Koidz. subsp. shimidzuana,verbatim,4115321,Neosasamorpha shimidzuana (Makino) Koidz.,Plantae,Tracheophyta,Liliopsida,Poales,Poaceae,Sasa,SPECIES,HIGHERRANK,98,SYNONYM,
"araschnia burejana (bremer, 1861)","Araschnia burejana (Bremer, 1861)",サカハチチョウ,kanagawa_redlist,"Araschnia burejana (Bremer, 1861)",verbatim,1902543,"Araschnia burejana Bremer, 1861",Animalia,Arthropoda,Insecta,Lepidoptera,Nymphalidae,Araschnia,SPECIES,EXACT,100,ACCEPTED,
phacelurus latifolius (steud.) ohwi,Phacelurus latifolius (Steud.) Ohwi,アイアシ,kanagawa_redlist,Phacelurus latifolius (Steud.) Ohwi,verbatim,4143860,Phacelurus latifolius (Steud.) Ohwi,Plantae,Tracheophyta,Liliopsida,Poales,Poaceae,Phacelurus,SPECIES,EXACT,100,ACCEPTED,
"wagimo signatsu (butler, 1882)","Wagimo signatsu (Butler, 1882)",ダイセンシジミ,kanagawa_redlist,"Wagimo signatsu (Butler, 1882)",verbatim,1923833,"Wagimo signata (Butler, 1881)",Animalia,Arthropoda,Insecta,Lepidoptera,Lycaenidae,Wagimo,SPECIES,FUZZY,97,ACCEPTED,
polypogon monspeliensis (l.) desf.,Polypogon monspeliensis (L.) Desf.,ハマヒエガエリ,kanagawa_redlist,Polypogon monspeliensis (L.) Desf.,verbatim,5289917,Polypogon monspeliensis (L.) Desf.,Plantae,Tracheophyta,Liliopsida,Poales,Poaceae,Polypogon,SPECIES,EXACT,100,ACCEPTED,
"tongeia filicaudis (pryer, 1877)","Tongeia filicaudis (Pryer, 1877)",ムシャクロツバメシジミ,kanagawa_redlist,"Tongeia filicaudis (Pryer, 1877)",verbatim,7346434,Tongeia filicaudis,Animalia,Arthropoda,Insecta,Lepidoptera,Lycaenidae,Tongeia,SPECIES,EXACT,97,DOUBTFUL,
saccharum spontaneum l. var. arenicola (ohwi) ohwi,Saccharum spontaneum L. var. arenicola (Ohwi) Ohwi,ワセオバナ,kanagawa_redlist,Saccharum spontaneum L. var. arenicola (Ohwi) Ohwi,verbatim,4932088,Saccharum spontaneum var. arenicola (Ohwi) Ohwi,Plantae,Tracheophyta,Liliopsida,Poales,Poaceae,Festuca,VARIETY,EXACT,100,SYNONYM,
"apatura metis (freyer, 1829)","Apatura metis (Freyer, 1829)",コムラサキ,kanagawa_redlist,"Apatura metis (Freyer, 1829)",verbatim,5131860,"Apatura metis Frey, 1829",Animalia,Arthropoda,Insecta,Lepidoptera,Nymphalidae,Apatura,SPECIES,EXACT,100,SYNONYM,
sasa samaniana nakai,Sasa samaniana Nakai,アポイザサ,kanagawa_redlist,Sasa samaniana Nakai,verbatim,7363437,Sasa samaniana Nakai,Plantae,Tracheophyta,Liliopsida,Poales,Poaceae,Sasa,SPECIES,EXACT,100,DOUBTFUL,
"tethea trifolium (alphéraky, 1895)","Tethea trifolium (Alphéraky, 1895)",マエベニトガリバ,kanagawa_redlist,"Tethea trifolium (Alphéraky, 1895)",verbatim,5142981,"Tethea trifolium (Alphéraky, 1895)",Animalia,Arthropoda,Insecta,Lepidoptera,Drepanidae,Tethea,SPECIES,EXACT,100,ACCEPTED,
achnatherum coreanum (honda) ohwi,Achnatherum coreanum (Honda) Ohwi,ヒロハノハネガヤ,kanagawa_redlist,Achnatherum coreanum (Honda) Ohwi,verbatim,4142112,Achnatherum coreanum (Honda) Ohwi,Plantae,Tracheophyta,Liliopsida,Poales,Poaceae,Patis,SPECIES,EXACT,100,SYNONYM,
"cerura felina (butler, 1877)","Cerura felina (Butler, 1877)",モクメシャチホコ,kanagawa_redlist,"Cerura felina (Butler, 1877)",verbatim,1825182,"Cerura felina (Butler, 1877)",Animalia,Arthropoda,Insecta,Lepidoptera,Notodontidae,Cerura,SPECIES,EXACT,100,ACCEPTED,
zoysia macrostachya franch. & sav.,Zoysia macrostachya Franch. & Sav.,オニシバ,kanagawa_redlist,Zoysia macrostachya Franch. & Sav.,verbatim,4138532,Zoysia macrostachya Franch. & Sav.,Plantae,Tracheophyta,Liliopsida,Poales,Poaceae,Zoysia,SPECIES,EXACT,100,ACCEPTED,
"pseudopanolis takao inaba, 1927","Pseudopanolis takao Inaba, 1927",タカオキリガ,kanagawa_redlist,"Pseudopanolis takao Inaba, 1927",verbatim,1774043,"Pseudopanolis takao Inaba, 1927",Animalia,Arthropoda,Insecta,Lepidoptera,Noctuidae,Pseudopanolis,SPECIES,EXACT,100,ACCEPTED,
zoysia ×hondana ohwi,Zoysia ×hondana Ohwi,スナシバ,kanagawa_redlist,Zoysia ×hondana Ohwi,verbatim,4138628,Zoysia × hondana Ohwi,Plantae,Tracheophyta,Liliopsida,Poales,Poaceae,Zoysia,SPECIES,EXACT,100,ACCEPTED,
"phragmataecia castaneae (hübner, 1790）","Phragmataecia castaneae (Hübner, 1790）",ハイイロボクトウ,kanagawa_redlist,"Phragmataecia castaneae (Hübner, 1790）",verbatim,1731598,"Phragmataecia castaneae Hübner, 1790",Animalia,Arthropoda,Insecta,Lepidoptera,Cossidae,Phragmataecia,SPECIES,EXACT,100,ACCEPTED,
hylomecon japonica (thunb.) prantl & kuendig,Hylomecon japonica (Thunb.) Prantl & Kuendig,ヤマブキソウ,kanagawa_redlist,Hylomecon japonica (Thunb.) Prantl & Kuendig,verbatim,7404520,Hylomecon japonicum (Thunb.) Prantl,Plantae,Tracheophyta,Magnoliopsida,Ranunculales,Papaveraceae,Hylomecon,SPECIES,FUZZY,99,ACCEPTED,
"hyblaea fortissima butler, 1881","Hyblaea fortissima Butler, 1881",ニホンセセリモドキ,kanagawa_redlist,"Hyblaea fortissima Butler, 1881",verbatim,1992307,Hyblaea fortissima Butler,Animalia,Arthropoda,Insecta,Lepidoptera,Hyblaeidae,Hyblaea,SPECIES,EXACT,100,ACCEPTED,
caulophyllum robustum maxim.,Caulophyllum robustum Maxim.,ルイヨウボタン,kanagawa_redlist,Caulophyllum robustum Maxim.,verbatim,3981432,Caulophyllum robustum Maxim.,Plantae,Tracheophyta,Magnoliopsida,Ranunculales,Berberidaceae,Caulophyllum,SPECIES,EXACT,100,ACCEPTED,
"sacada misakiensis (shibuya, 1928)","Sacada misakiensis (Shibuya, 1928)",ミサキクシヒゲシマメイガ,kanagawa_redlist,"Sacada misakiensis (Shibuya, 1928)",verbatim,1869942,"Sacada misakiensis Shibuya, 1928",Animalia,Arthropoda,Insecta,Lepidoptera,Pyralidae,Sacada,SPECIES,EXACT,100,ACCEPTED,
aconitum grossedentatum (nakai) nakai,Aconitum grossedentatum (Nakai) Nakai,カワチブシ,kanagawa_redlist,Aconitum grossedentatum (Nakai) Nakai,verbatim,8685196,Aconitum grossedentatum (Nakai) Nakai,Plantae,Tracheophyta,Magnoliopsida,Ranunculales,Ranunculaceae,Aconitum,SPECIES,EXACT,100,SYNONYM,
"oncocera bitinctella (wileman, 1911)","Oncocera bitinctella (Wileman, 1911)",テンクロトビマダラメイガ,kanagawa_redlist,"Oncocera bitinctella (Wileman, 1911)",verbatim,1875103,"Oncocera Stephens, 1829",Animalia,Arthropoda,Insecta,Lepidoptera,Pyralidae,Oncocera,GENUS,HIGHERRANK,94,ACCEPTED,
aconitum parahakonense nakai,Aconitum parahakonense Nakai,イヌハコネトリカブト,kanagawa_redlist,Aconitum parahakonense Nakai,verbatim,3922125,Aconitum × parahakonense Nakai,Plantae,Tracheophyta,Magnoliopsida,Ranunculales,Ranunculaceae,Aconitum,SPECIES,EXACT,100,ACCEPTED,
"alsophila foedata inoue, 1944","Alsophila foedata Inoue, 1944",クロバネフユシャク,kanagawa_redlist,"Alsophila foedata Inoue, 1944",verbatim,5143957,Alsophila foedata Inoue,Animalia,Arthropoda,Insecta,Lepidoptera,Geometridae,Alsophila,SPECIES,EXACT,100,ACCEPTED,
adonis ramosa franch.,Adonis ramosa Franch.,フクジュソウ,kanagawa_redlist,Adonis ramosa Franch.,verbatim,7277807,Adonis ramosa Franch.,Plantae,Tracheophyta,Magnoliopsida,Ranunculales,Ranunculaceae,Adonis,SPECIES,EXACT,100,ACCEPTED,
"alsophiloides acroama (inoue, 1944)","Alsophiloides acroama (Inoue, 1944)",スジモンフユシャク,kanagawa_redlist,"Alsophiloides acroama (Inoue, 1944)",verbatim,1957496,"Alsophiloides acroama (Inoue, 1944)",Animalia,Arthropoda,Insecta,Lepidoptera,Geometridae,Alsophiloides,SPECIES,EXACT,100,ACCEPTED,
cimicifuga japonica (thunb.) spreng. var. macrophylla (koidz.) h.hara,Cimicifuga japonica (Thunb.) Spreng. var. macrophylla (Koidz.) H.Hara,オオバショウマ,kanagawa_redlist,Cimicifuga japonica (Thunb.) Spreng. var. macrophylla (Koidz.) H.Hara,verbatim,3924950,Cimicifuga japonica var. macrophylla (Koidz.) H.Hara,Plantae,Tracheophyta,Magnoliopsida,Ranunculales,Ranunculaceae,Actaea,VARIETY,EXACT,100,SYNONYM,
"cladara muscigera (butler, 1881)","Cladara muscigera (Butler, 1881)",オビコバネナミシャク,kanagawa_redlist,"Cladara muscigera (Butler, 1881)",verbatim,1986997,"Cladara Hulst, 1896",Animalia,Arthropoda,Insecta,Lepidoptera,Geometridae,Cladara,GENUS,HIGHERRANK,94,ACCEPTED,
clematis fujisanensis hisauti & h.hara,Clematis fujisanensis Hisauti & H.Hara,フジセンニンソウ,kanagawa_redlist,Clematis fujisanensis Hisauti & H.Hara,verbatim,3921423,Clematis fujisanensis Hisauti & H.Hara,Plantae,Tracheophyta,Magnoliopsida,Ranunculales,Ranunculaceae,Clematis,SPECIES,EXACT,100,ACCEPTED,
"arctia caja phaeosoma (butler, 1877)","Arctia caja phaeosoma (Butler, 1877)",ヒトリガ,kanagawa_redlist,"Arctia caja phaeosoma (Butler, 1877)",verbatim,5115874,"Arctia caja (Linnaeus, 1758)",Animalia,Arthropoda,Insecta,Lepidoptera,Erebidae,Arctia,SPECIES,HIGHERRANK,99,ACCEPTED,
clematis patens c.morren & decne.,Clematis patens C.Morren & Decne.,カザグルマ,kanagawa_redlist,Clematis patens C.Morren & Decne.,verbatim,7277969,Clematis patens C.Mooren & Decne.,Plantae,Tracheophyta,Magnoliopsida,Ranunculales,Ranunculaceae,Clematis,SPECIES,EXACT,100,ACCEPTED,
"holocryptis ussuriensis (rebel, 1901)","Holocryptis ussuriensis (Rebel, 1901)",シロエグリコヤガ,kanagawa_redlist,"Holocryptis ussuriensis (Rebel, 1901)",verbatim,1789642,"Holocryptis ussuriensis Rebel, 1901",Animalia,Arthropoda,Insecta,Lepidoptera,Noctuidae,Holocryptis,SPECIES,EXACT,100,ACCEPTED,
thalictrum actaeifolium siebold & zucc.,Thalictrum actaeifolium Siebold & Zucc.,シギンカラマツ,kanagawa_redlist,Thalictrum actaeifolium Siebold & Zucc.,verbatim,3926869,Thalictrum actaeifolium Siebold & Zucc.,Plantae,Tracheophyta,Magnoliopsida,Ranunculales,Ranunculaceae,Thalictrum,SPECIES,EXACT,100,ACCEPTED,
"hypena satsumalis leech, 1889","Hypena satsumalis Leech, 1889",サツマアツバ,kanagawa_redlist,"Hypena satsumalis Leech, 1889",verbatim,1798604,"Hypena satsumalis Leech, 1889",Animalia,Arthropoda,Insecta,Lepidoptera,Erebidae,Hypena,SPECIES,EXACT,100,ACCEPTED,
ribes ambiguum maxim. var. ambiguum,Ribes ambiguum Maxim. var. ambiguum,ヤシャビシャク,kanagawa_redlist,Ribes ambiguum Maxim. var. ambiguum,verbatim,7485497,Ribes ambiguum Maxim.,Plantae,Tracheophyta,Magnoliopsida,Saxifragales,Grossulariaceae,Ribes,SPECIES,HIGHERRANK,97,ACCEPTED,
"adisura atkinsoni moore, 1881","Adisura atkinsoni Moore, 1881",アカヘリヤガ,kanagawa_redlist,"Adisura atkinsoni Moore, 1881",verbatim,1764544,"Adisura atkinsoni Moore, 1881",Animalia,Arthropoda,Insecta,Lepidoptera,Noctuidae,Adisura,SPECIES,EXACT,100,ACCEPTED,
ribes fasciculatum siebold & zucc.,Ribes fasciculatum Siebold & Zucc.,ヤブサンザシ,kanagawa_redlist,Ribes fasciculatum Siebold & Zucc.,verbatim,7334992,Ribes fasciculatum Siebold & Zucc.,Plantae,Tracheophyta,Magnoliopsida,Saxifragales,Grossulariaceae,Ribes,SPECIES,EXACT,100,ACCEPTED,
"globia aerata (butler, 1878)","Globia aerata (Butler, 1878)",ガマヨトウ,kanagawa_redlist,"Globia aerata (Butler, 1878)",verbatim,4405983,"Globia Fibiger, Zilli, L.Ronkay & Goldstein, 2010",Animalia,Arthropoda,Insecta,Lepidoptera,Noctuidae,Globia,GENUS,HIGHERRANK,94,ACCEPTED,
astilbe thunbergii (siebold & zucc.) miq. var. congesta h.boissieu,Astilbe thunbergii (Siebold & Zucc.) Miq. var. congesta H.Boissieu,トリアシショウマ,kanagawa_redlist,Astilbe thunbergii (Siebold & Zucc.) Miq. var. congesta H.Boissieu,verbatim,6710219,Astilbe thunbergii var. congesta H.Boissieu,Plantae,Tracheophyta,Magnoliopsida,Saxifragales,Saxifragaceae,Astilbe,VARIETY,EXACT,100,ACCEPTED,
"eumeta variegata japonica heylaerts, 1884","Eumeta variegata japonica Heylaerts, 1884",オオミノガ,kanagawa_redlist,"Eumeta variegata japonica Heylaerts, 1884",verbatim,5122430,"Eumeta variegatus (Snellen, 1879)",Animalia,Arthropoda,Insecta,Lepidoptera,Psychidae,Eumeta,SPECIES,HIGHERRANK,96,ACCEPTED,
orostachys japonica (maxim.) a. berger,Orostachys japonica (Maxim.) A. Berger,ツメレンゲ,kanagawa_redlist,Orostachys japonica (Maxim.) A. Berger,verbatim,7334756,Orostachys japonica (Maxim.) A.Berger,Plantae,Tracheophyta,Magnoliopsida,Saxifragales,Crassulaceae,Orostachys,SPECIES,EXACT,100,ACCEPTED,
"hedina consimilis (leech, 1898)","Hedina consimilis (Leech, 1898)",ルリイロスカシクロバ,kanagawa_redlist,"Hedina consimilis (Leech, 1898)",verbatim,797,Lepidoptera,Animalia,Arthropoda,Insecta,Lepidoptera,,,ORDER,HIGHERRANK,92,ACCEPTED,
tillaea aquatica l.,Tillaea aquatica L.,アズマツメクサ,kanagawa_redlist,Tillaea aquatica L.,verbatim,8360941,Tillaea aquatica L.,Plantae,Tracheophyta,Magnoliopsida,Saxifragales,Crassulaceae,Crassula,SPECIES,EXACT,100,SYNONYM,
"achlya longipennis longipennis inoue, 1972","Achlya longipennis longipennis Inoue, 1972",キボシミスジトガリバ,kanagawa_redlist,"Achlya longipennis longipennis Inoue, 1972",verbatim,7204787,Achlya longipennis longipennis,Animalia,Arthropoda,Insecta,Lepidoptera,Drepanidae,Achlya,SUBSPECIES,EXACT,98,ACCEPTED,
dunbaria villosa (thunb.) makino,Dunbaria villosa (Thunb.) Makino,ノアズキ,kanagawa_redlist,Dunbaria villosa (Thunb.) Makino,verbatim,5356310,Dunbaria villosa (Thunb.) Makino,Plantae,Tracheophyta,Magnoliopsida,Fabales,Fabaceae,Dunbaria,SPECIES,EXACT,100,ACCEPTED,
"neodaruma tamanukii matsumura, 1933","Neodaruma tamanukii Matsumura, 1933",タマヌキトガリバ,kanagawa_redlist,"Neodaruma tamanukii Matsumura, 1933",verbatim,1952091,"Neodaruma tamanukii Matsumura, 1933",Animalia,Arthropoda,Insecta,Lepidoptera,Drepanidae,Neodaruma,SPECIES,EXACT,100,ACCEPTED,
lespedeza tomentosa (thunb.) siebold ex maxim.,Lespedeza tomentosa (Thunb.) Siebold ex Maxim.,イヌハギ,kanagawa_redlist,Lespedeza tomentosa (Thunb.) Siebold ex Maxim.,verbatim,2946298,Lespedeza tomentosa (Thunb.) Siebold ex Maxim.,Plantae,Tracheophyta,Magnoliopsida,Fabales,Fabaceae,Lespedeza,SPECIES,EXACT,100,ACCEPTED,
"operophtera japonaria (leech, 1891)","Operophtera japonaria (Leech, 1891)",サザナミフユナミシャク,kanagawa_redlist,"Operophtera japonaria (Leech, 1891)",verbatim,1972452,"Operophtera japonaria (Leech, 1891)",Animalia,Arthropoda,Insecta,Lepidoptera,Geometridae,Operophtera,SPECIES,EXACT,100,ACCEPTED,
vicia bifolia nakai,Vicia bifolia Nakai,ミヤマタニワタシ,kanagawa_redlist,Vicia bifolia Nakai,verbatim,2974851,Vicia bifolia Nakai,Plantae,Tracheophyta,Magnoliopsida,Fabales,Fabaceae,Vicia,SPECIES,EXACT,100,ACCEPTED,
"prismosticta hyalinata butler, 1885","Prismosticta hyalinata Butler, 1885",スカシサン,kanagawa_redlist,"Prismosticta hyalinata Butler, 1885",verbatim,1868430,"Prismosticta hyalinata Butler, 1885",Animalia,Arthropoda,Insecta,Lepidoptera,Endromidae,Prismosticta,SPECIES,EXACT,100,ACCEPTED,
geum aleppicum jacq.,Geum aleppicum Jacq.,オオダイコンソウ,kanagawa_redlist,Geum aleppicum Jacq.,verbatim,5369685,Geum aleppicum Jacq.,Plantae,Tracheophyta,Magnoliopsida,Rosales,Rosaceae,Geum,SPECIES,EXACT,100,ACCEPTED,
"aloa lactinea (cramer, 1777)","Aloa lactinea (Cramer, 1777)",マエアカヒトリ,kanagawa_redlist,"Aloa lactinea (Cramer, 1777)",verbatim,10399906,"Aloa lactinea (Cramer, 1777)",Animalia,Arthropoda,Insecta,Lepidoptera,Erebidae,Aloa,SPECIES,EXACT,100,ACCEPTED,
potentilla centigrana maxim.,Potentilla centigrana Maxim.,ヒメヘビイチゴ,kanagawa_redlist,Potentilla centigrana Maxim.,verbatim,5367878,Potentilla centigrana Maxim.,Plantae,Tracheophyta,Magnoliopsida,Rosales,Rosaceae,Potentilla,SPECIES,EXACT,100,ACCEPTED,
"camptoloma interioratum (walker, 1865）","Camptoloma interioratum (Walker, 1865）",サラサリンガ,kanagawa_redlist,"Camptoloma interioratum (Walker, 1865）",verbatim,5116096,"Camptoloma interiorata Walker, 1864",Animalia,Arthropoda,Insecta,Lepidoptera,Erebidae,Camptoloma,SPECIES,FUZZY,98,ACCEPTED,
potentilla cryptotaeniae maxim.,Potentilla cryptotaeniae Maxim.,ミツモトソウ,kanagawa_redlist,Potentilla cryptotaeniae Maxim.,verbatim,5367832,Potentilla cryptotaeniae Maxim.,Plantae,Tracheophyta,Magnoliopsida,Rosales,Rosaceae,Potentilla,SPECIES,EXACT,100,ACCEPTED,
"nonagria puengeleri (schawerda, 1924)","Nonagria puengeleri (Schawerda, 1924)",オオチャバネヨトウ,kanagawa_redlist,"Nonagria puengeleri (Schawerda, 1924)",verbatim,8844661,"Nonagria puengeleri Schawerda, 1924",Animalia,Arthropoda,Insecta,Lepidoptera,Noctuidae,Nonagria,SPECIES,EXACT,100,ACCEPTED,
potentilla niponica th.wolf,Potentilla niponica Th.Wolf,ヒロハノカワラサイコ,kanagawa_redlist,Potentilla niponica Th.Wolf,verbatim,5369237,Potentilla niponica Th.Wolf,Plantae,Tracheophyta,Magnoliopsida,Rosales,Rosaceae,Potentilla,SPECIES,EXACT,100,SYNONYM,
"globia sparganii (esper, 1790)","Globia sparganii (Esper, 1790)",キスジウスキヨトウ,kanagawa_redlist,"Globia sparganii (Esper, 1790)",verbatim,8890502,Globia sparganii Esper,Animalia,Arthropoda,Insecta,Lepidoptera,Noctuidae,Globia,SPECIES,EXACT,100,ACCEPTED,
padus ssiori (f.schmidt) c.k.schneid.,Padus ssiori (F.Schmidt) C.K.Schneid.,シウリザクラ,kanagawa_redlist,Padus ssiori (F.Schmidt) C.K.Schneid.,verbatim,3023739,Padus ssiori (F.Schmidt) C.K.Schneid.,Plantae,Tracheophyta,Magnoliopsida,Rosales,Rosaceae,Prunus,SPECIES,EXACT,100,SYNONYM,
"alsophila inouei nakajima, 1989","Alsophila inouei Nakajima, 1989",ユキムカエフユシャク,kanagawa_redlist,"Alsophila inouei Nakajima, 1989",verbatim,11735829,"Alsophila inouei Nakajima, 1989",Animalia,Arthropoda,Insecta,Lepidoptera,Geometridae,Alsophila,SPECIES,EXACT,100,ACCEPTED,
sorbus gracilis (siebold & zucc.) k.koch,Sorbus gracilis (Siebold & Zucc.) K.Koch,ナンキンナナカマド,kanagawa_redlist,Sorbus gracilis (Siebold & Zucc.) K.Koch,verbatim,3012322,Sorbus gracilis (Siebold & Zucc.) K.Koch,Plantae,Tracheophyta,Magnoliopsida,Rosales,Rosaceae,Sorbus,SPECIES,EXACT,100,ACCEPTED,
"operophtera crispifascia inoue, 1982","Operophtera crispifascia Inoue, 1982",ヒメクロオビフユナミシャク,kanagawa_redlist,"Operophtera crispifascia Inoue, 1982",verbatim,1972446,"Operophtera crispifascia Inoue, 1982",Animalia,Arthropoda,Insecta,Lepidoptera,Geometridae,Operophtera,SPECIES,EXACT,100,ACCEPTED,
rhamnus costata maxim.,Rhamnus costata Maxim.,クロカンバ,kanagawa_redlist,Rhamnus costata Maxim.,verbatim,3875924,Rhamnus costata Maxim.,Plantae,Tracheophyta,Magnoliopsida,Rosales,Rhamnaceae,Rhamnus,SPECIES,EXACT,100,ACCEPTED,
"kunugia yamadai nagano, 1917","Kunugia yamadai Nagano, 1917",ヤマダカレハ,kanagawa_redlist,"Kunugia yamadai Nagano, 1917",verbatim,1733158,"Kunugia yamadai Nagano, 1917",Animalia,Arthropoda,Insecta,Lepidoptera,Lasiocampidae,Kunugia,SPECIES,EXACT,100,ACCEPTED,
elatostema densiflorum franch. & sav. ex maxim.,Elatostema densiflorum Franch. & Sav. ex Maxim.,トキホコリ,kanagawa_redlist,Elatostema densiflorum Franch. & Sav. ex Maxim.,verbatim,4100549,Elatostema densiflorum Franch. & Sav.,Plantae,Tracheophyta,Magnoliopsida,Rosales,Urticaceae,Elatostema,SPECIES,EXACT,100,ACCEPTED,
"anatatha lignea (butler, 1879)","Anatatha lignea (Butler, 1879)",ナミグルマアツバ.,kanagawa_redlist,"Anatatha lignea (Butler, 1879)",verbatim,1778539,"Anatatha lignea Butler, 1879",Animalia,Arthropoda,Insecta,Lepidoptera,Erebidae,Anatatha,SPECIES,EXACT,100,ACCEPTED,
quercus gilva blume,Quercus gilva Blume,イチイガシ,kanagawa_redlist,Quercus gilva Blume,verbatim,2879999,Quercus gilva Blume,Plantae,Tracheophyta,Magnoliopsida,Fagales,Fagaceae,Quercus,SPECIES,EXACT,100,ACCEPTED,
"orbona fragariae pallidior warren, 1910","Orbona fragariae pallidior Warren, 1910",イチゴキリガ,kanagawa_redlist,"Orbona fragariae pallidior Warren, 1910",verbatim,4533123,"Orbona fragariae Vieweg, 1790",Animalia,Arthropoda,Insecta,Lepidoptera,Noctuidae,Orbona,SPECIES,HIGHERRANK,97,ACCEPTED,
viola hirtipes s.moore,Viola hirtipes S.Moore,サクラスミレ,kanagawa_redlist,Viola hirtipes S.Moore,verbatim,7296463,Viola hirtipes S.Moore,Plantae,Tracheophyta,Magnoliopsida,Malpighiales,Violaceae,Viola,SPECIES,EXACT,100,ACCEPTED,
"pseudopsyche endoxantha püngeler, 1914","Pseudopsyche endoxantha Püngeler, 1914",キンケウスバイラガ,kanagawa_redlist,"Pseudopsyche endoxantha Püngeler, 1914",verbatim,5105283,"Pseudopsyche endoxantha Püngeler, 1914",Animalia,Arthropoda,Insecta,Lepidoptera,Limacodidae,Pseudopsyche,SPECIES,EXACT,100,ACCEPTED,
viola sieboldii maxim.,Viola sieboldii Maxim.,フモトスミレ,kanagawa_redlist,Viola sieboldii Maxim.,verbatim,7296546,Viola sieboldii Maxim.,Plantae,Tracheophyta,Magnoliopsida,Malpighiales,Violaceae,Viola,SPECIES,EXACT,100,ACCEPTED,
"balataea octomaculata (bremer, 1861)","Balataea octomaculata (Bremer, 1861)",ヤホシホソマダラ,kanagawa_redlist,"Balataea octomaculata (Bremer, 1861)",verbatim,1754748,"Balataea Walker, 1865",Animalia,Arthropoda,Insecta,Lepidoptera,Zygaenidae,Artona,GENUS,HIGHERRANK,94,SYNONYM,
viola collina besser,Viola collina Besser,エゾアオイスミレ,kanagawa_redlist,Viola collina Besser,verbatim,7296247,Viola collina Besser,Plantae,Tracheophyta,Magnoliopsida,Malpighiales,Violaceae,Viola,SPECIES,EXACT,100,ACCEPTED,
"herdonia margarita inoue, 1976","Herdonia margarita Inoue, 1976",ギンスジオオマドガ,kanagawa_redlist,"Herdonia margarita Inoue, 1976",verbatim,1992862,"Herdonia margarita Inoue, 1976",Animalia,Arthropoda,Insecta,Lepidoptera,Thyrididae,Herdonia,SPECIES,EXACT,100,ACCEPTED,
geranium wilfordii maxim.,Geranium wilfordii Maxim.,ミツバフウロ,kanagawa_redlist,Geranium wilfordii Maxim.,verbatim,2889962,Geranium wilfordii Maxim.,Plantae,Tracheophyta,Magnoliopsida,Geraniales,Geraniaceae,Geranium,SPECIES,EXACT,100,ACCEPTED,
"nymphula corculina (butler, 1879)","Nymphula corculina (Butler, 1879)",ギンモンミズメイガ,kanagawa_redlist,"Nymphula corculina (Butler, 1879)",verbatim,1884128,"Nymphula corculina Butler, 1879",Animalia,Arthropoda,Insecta,Lepidoptera,Crambidae,Nymphula,SPECIES,EXACT,100,ACCEPTED,
trapa japonica flerow,Trapa japonica Flerow,ヒシ,kanagawa_redlist,Trapa japonica Flerow,verbatim,7310420,Trapa japonica Flerow,Plantae,Tracheophyta,Magnoliopsida,Myrtales,Lythraceae,Trapa,SPECIES,EXACT,100,SYNONYM,
"pseudepione shiraii inoue, 1943","Pseudepione shiraii Inoue, 1943",フタテンソトグロキエダシャク,kanagawa_redlist,"Pseudepione shiraii Inoue, 1943",verbatim,1955991,"Pseudepione shiraii Inoue, 1943",Animalia,Arthropoda,Insecta,Lepidoptera,Geometridae,Pseudepione,SPECIES,EXACT,100,ACCEPTED,
circaea cordata royle,Circaea cordata Royle,ウシタキソウ,kanagawa_redlist,Circaea cordata Royle,verbatim,3665469,Circaea cordata Royle,Plantae,Tracheophyta,Magnoliopsida,Myrtales,Onagraceae,Circaea,SPECIES,EXACT,100,ACCEPTED,
"macaria fuscaria (leech, 1891)","Macaria fuscaria (Leech, 1891)",シロオビオエダシャク,kanagawa_redlist,"Macaria fuscaria (Leech, 1891)",verbatim,11597823,"Macaria fuscaria (Leech, 1891)",Animalia,Arthropoda,Insecta,Lepidoptera,Geometridae,Macaria,SPECIES,EXACT,100,ACCEPTED,
epilobium platystigmatosum c.b.rob.,Epilobium platystigmatosum C.B.Rob.,トダイアカバナ,kanagawa_redlist,Epilobium platystigmatosum C.B.Rob.,verbatim,3667239,Epilobium platystigmatosum C.B.Rob.,Plantae,Tracheophyta,Magnoliopsida,Myrtales,Onagraceae,Epilobium,SPECIES,EXACT,100,ACCEPTED,
"megaspilates mundataria (stoll, 1782)","Megaspilates mundataria (Stoll, 1782)",フタスジギンエダシャク,kanagawa_redlist,"Megaspilates mundataria (Stoll, 1782)",verbatim,4524998,"Megaspilates mundataria (Stoll, 1782)",Animalia,Arthropoda,Insecta,Lepidoptera,Geometridae,Megaspilates,SPECIES,EXACT,100,ACCEPTED,
ludwigia peploides (kunth) p.h.raven subsp. stipulacea (ohwi) p.h.raven,Ludwigia peploides (Kunth) P.H.Raven subsp. stipulacea (Ohwi) P.H.Raven,ミズキンバイ,kanagawa_redlist,Ludwigia peploides (Kunth) P.H.Raven subsp. stipulacea (Ohwi) P.H.Raven,verbatim,7949600,Ludwigia peploides subsp. stipulacea (Ohwi) P.H.Raven,Plantae,Tracheophyta,Magnoliopsida,Myrtales,Onagraceae,Ludwigia,SUBSPECIES,EXACT,100,ACCEPTED,
"geometra sponsaria (bremer, 1864)","Geometra sponsaria (Bremer, 1864)",シロオビアオシャク,kanagawa_redlist,"Geometra sponsaria (Bremer, 1864)",verbatim,5144508,"Geometra sponsaria (Bremer, 1864)",Animalia,Arthropoda,Insecta,Lepidoptera,Geometridae,Geometra,SPECIES,EXACT,100,ACCEPTED,
diplomorpha ganpi (siebold & zucc.) nakai,Diplomorpha ganpi (Siebold & Zucc.) Nakai,コガンピ,kanagawa_redlist,Diplomorpha ganpi (Siebold & Zucc.) Nakai,verbatim,9392338,Diplomorpha ganpi (Siebold & Zucc.) Nakai,Plantae,Tracheophyta,Magnoliopsida,Malvales,Thymelaeaceae,Wikstroemia,SPECIES,EXACT,100,SYNONYM,
"idaea crassipuncta (inoue, 1971)","Idaea crassipuncta (Inoue, 1971)",クロモンチビヒメシャク,kanagawa_redlist,"Idaea crassipuncta (Inoue, 1971)",verbatim,5146481,"Idaea crassipunctata (Inoue, 1971)",Animalia,Arthropoda,Insecta,Lepidoptera,Geometridae,Idaea,SPECIES,FUZZY,99,ACCEPTED,
diplomorpha pauciflora (franch. & sav. ex makino) nakai,Diplomorpha pauciflora (Franch. & Sav. ex Makino) Nakai,サクラガンピ,kanagawa_redlist,Diplomorpha pauciflora (Franch. & Sav. ex Makino) Nakai,verbatim,7311482,Diplomorpha pauciflora (Franch. & Sav.) Nakai,Plantae,Tracheophyta,Magnoliopsida,Malvales,Thymelaeaceae,Wikstroemia,SPECIES,EXACT,100,SYNONYM,
"eupithecia insignioides wehrli, 1923","Eupithecia insignioides Wehrli, 1923",アミモンカバナミシャク,kanagawa_redlist,"Eupithecia insignioides Wehrli, 1923",verbatim,1983357,"Eupithecia insignioides Wehrli, 1923",Animalia,Arthropoda,Insecta,Lepidoptera,Geometridae,Eupithecia,SPECIES,EXACT,100,SYNONYM,
cardamine leucantha (tausch) o.e.schulz,Cardamine leucantha (Tausch) O.E.Schulz,コンロンソウ,kanagawa_redlist,Cardamine leucantha (Tausch) O.E.Schulz,verbatim,3045862,Cardamine leucantha (Tausch) O.E.Schulz,Plantae,Tracheophyta,Magnoliopsida,Brassicales,Brassicaceae,Cardamine,SPECIES,EXACT,100,ACCEPTED,
"eupithecia costimacularia leech, 1897","Eupithecia costimacularia Leech, 1897",ヨホシナミシャク,kanagawa_redlist,"Eupithecia costimacularia Leech, 1897",verbatim,1982626,"Eupithecia costimacularia Leech, 1897",Animalia,Arthropoda,Insecta,Lepidoptera,Geometridae,Eupithecia,SPECIES,EXACT,100,ACCEPTED,
buckleya lanceolata (siebold & zucc.) miq.,Buckleya lanceolata (Siebold & Zucc.) Miq.,ツクバネ,kanagawa_redlist,Buckleya lanceolata (Siebold & Zucc.) Miq.,verbatim,5578694,Buckleya lanceolata (Siebold & Zucc.) Miq.,Plantae,Tracheophyta,Magnoliopsida,Santalales,Thesiaceae,Buckleya,SPECIES,EXACT,100,ACCEPTED,
"laelia coenosa (hübner, 1808)","Laelia coenosa (Hübner, 1808)",スゲドクガ,kanagawa_redlist,"Laelia coenosa (Hübner, 1808)",verbatim,8326103,"Laelia coenosa Hübner, 1805",Animalia,Arthropoda,Insecta,Lepidoptera,Erebidae,Laelia,SPECIES,EXACT,100,ACCEPTED,
fallopia dentatoalata (f.schmidt) holub,Fallopia dentatoalata (F.Schmidt) Holub,オオツルイタドリ,kanagawa_redlist,Fallopia dentatoalata (F.Schmidt) Holub,verbatim,7569530,Fallopia dentatoalata (F.Schmidt) Holub,Plantae,Tracheophyta,Magnoliopsida,Caryophyllales,Polygonaceae,Fallopia,SPECIES,EXACT,100,ACCEPTED,
"amata germana germana (felder & felder, 1862)","Amata germana germana (Felder & Felder, 1862)",キハダカノコ,kanagawa_redlist,"Amata germana germana (Felder & Felder, 1862)",verbatim,7212105,Amata germana germana,Animalia,Arthropoda,Insecta,Lepidoptera,Erebidae,Amata,SUBSPECIES,EXACT,98,ACCEPTED,
persicaria viscofera (makino) h.gross var. robusta (makino) hiyama,Persicaria viscofera (Makino) H.Gross var. robusta (Makino) Hiyama,オオネバリタデ,kanagawa_redlist,Persicaria viscofera (Makino) H.Gross var. robusta (Makino) Hiyama,verbatim,7660943,Persicaria viscofera var. robusta (Makino) Hiyama,Plantae,Tracheophyta,Magnoliopsida,Caryophyllales,Polygonaceae,Persicaria,VARIETY,EXACT,100,SYNONYM,
"paragona multisignata (christoph, 1888)","Paragona multisignata (Christoph, 1888)",ヨコハマセニジモンアツバ,kanagawa_redlist,"Paragona multisignata (Christoph, 1888)",verbatim,1768612,"Paragona multisignata Christoph, 1880",Animalia,Arthropoda,Insecta,Lepidoptera,Erebidae,Paragona,SPECIES,EXACT,100,ACCEPTED,
polygonum polyneuron franch. & sav.,Polygonum polyneuron Franch. & Sav.,アキノミチヤナギ,kanagawa_redlist,Polygonum polyneuron Franch. & Sav.,verbatim,5652629,Polygonum polyneuron Franch. & Sav.,Plantae,Tracheophyta,Magnoliopsida,Caryophyllales,Polygonaceae,Polygonum,SPECIES,EXACT,100,SYNONYM,
"catocala fraxini jezoensis matsumura, 1931","Catocala fraxini jezoensis Matsumura, 1931",ムラサキシタバ,kanagawa_redlist,"Catocala fraxini jezoensis Matsumura, 1931",verbatim,11769293,"Catocala fraxini jezoensis Matsumura, 1931",Animalia,Arthropoda,Insecta,Lepidoptera,Erebidae,Catocala,SUBSPECIES,EXACT,100,ACCEPTED,
pseudostellaria heterantha (maxim.) pax,Pseudostellaria heterantha (Maxim.) Pax,ワチガイソウ,kanagawa_redlist,Pseudostellaria heterantha (Maxim.) Pax,verbatim,7268036,Pseudostellaria heterantha (Maxim.) Pax,Plantae,Tracheophyta,Magnoliopsida,Caryophyllales,Caryophyllaceae,Pseudostellaria,SPECIES,EXACT,100,ACCEPTED,
"catocala nivea nivea butler, 1877","Catocala nivea nivea Butler, 1877",シロシタバ,kanagawa_redlist,"Catocala nivea nivea Butler, 1877",verbatim,7345750,Catocala nivea nivea,Animalia,Arthropoda,Insecta,Lepidoptera,Erebidae,Catocala,SUBSPECIES,EXACT,98,ACCEPTED,
silene miqueliana (rohrb.) h.ohashi & h.nakai,Silene miqueliana (Rohrb.) H.Ohashi & H.Nakai,フシグロセンノウ,kanagawa_redlist,Silene miqueliana (Rohrb.) H.Ohashi & H.Nakai,verbatim,7267585,Silene miqueliana (Rohrb.) H.Ohashi & H.Nakai,Plantae,Tracheophyta,Magnoliopsida,Caryophyllales,Caryophyllaceae,Silene,SPECIES,EXACT,100,ACCEPTED,
"deltote uncula (clerck, 1759)","Deltote uncula (Clerck, 1759)",スジコヤガ,kanagawa_redlist,"Deltote uncula (Clerck, 1759)",verbatim,4532886,"Deltote uncula (Clerck, 1759)",Animalia,Arthropoda,Insecta,Lepidoptera,Noctuidae,Deltote,SPECIES,EXACT,100,ACCEPTED,
atriplex patens (litv.) iljin,Atriplex patens (Litv.) Iljin,ホソバハマアカザ,kanagawa_redlist,Atriplex patens (Litv.) Iljin,verbatim,3756052,Atriplex patens (Litv.) Iljin,Plantae,Tracheophyta,Magnoliopsida,Caryophyllales,Amaranthaceae,Atriplex,SPECIES,EXACT,100,ACCEPTED,
"protodeltote wiscotti (staudinger, 1888)","Protodeltote wiscotti (Staudinger, 1888)",マガリスジコヤガ,kanagawa_redlist,"Protodeltote wiscotti (Staudinger, 1888)",verbatim,4687877,"Protodeltote Ueda, 1984",Animalia,Arthropoda,Insecta,Lepidoptera,Noctuidae,Protodeltote,GENUS,HIGHERRANK,94,ACCEPTED,
lysimachia fortunei maxim.,Lysimachia fortunei Maxim.,ヌマトラノオ,kanagawa_redlist,Lysimachia fortunei Maxim.,verbatim,4005004,Lysimachia fortunei Maxim.,Plantae,Tracheophyta,Magnoliopsida,Ericales,Primulaceae,Lysimachia,SPECIES,EXACT,100,ACCEPTED,
"cucullia jankowskii oberthür, 1884","Cucullia jankowskii Oberthür, 1884",ギンモンセダカモクメ,kanagawa_redlist,"Cucullia jankowskii Oberthür, 1884",verbatim,5109496,"Cucullia jankowskii Oberthür, 1884",Animalia,Arthropoda,Insecta,Lepidoptera,Noctuidae,Cucullia,SPECIES,EXACT,100,ACCEPTED,
lysimachia vulgaris l. var. davurica (ledeb.) r.knuth,Lysimachia vulgaris L. var. davurica (Ledeb.) R.Knuth,クサレダマ,kanagawa_redlist,Lysimachia vulgaris L. var. davurica (Ledeb.) R.Knuth,verbatim,4008300,Lysimachia vulgaris var. davurica (Ledeb.) R.Knuth,Plantae,Tracheophyta,Magnoliopsida,Ericales,Primulaceae,Lysimachia,VARIETY,EXACT,100,SYNONYM,
"eucarta virgo (treitschke, 1835)","Eucarta virgo (Treitschke, 1835)",ウスムラサキヨトウ,kanagawa_redlist,"Eucarta virgo (Treitschke, 1835)",verbatim,4532696,"Eucarta virgo (Treitschke, 1835)",Animalia,Arthropoda,Insecta,Lepidoptera,Noctuidae,Eucarta,SPECIES,EXACT,100,ACCEPTED,
primula reinii franch. & sav. var. reinii,Primula reinii Franch. & Sav. var. reinii,コイワザクラ,kanagawa_redlist,Primula reinii Franch. & Sav. var. reinii,verbatim,8403715,Primula reinii var. reinii,Plantae,Tracheophyta,Magnoliopsida,Ericales,Primulaceae,Primula,VARIETY,EXACT,99,ACCEPTED,
"chilodes pacifica sugi, 1982","Chilodes pacifica Sugi, 1982",ヌマベウスキヨトウ,kanagawa_redlist,"Chilodes pacifica Sugi, 1982",verbatim,1778574,Chilodes Herrich-Schäffer,Animalia,Arthropoda,Insecta,Lepidoptera,Noctuidae,Chilodes,GENUS,HIGHERRANK,94,ACCEPTED,
pyrola nephrophylla (andres) andres,Pyrola nephrophylla (Andres) Andres,マルバノイチヤクソウ,kanagawa_redlist,Pyrola nephrophylla (Andres) Andres,verbatim,4170681,Pyrola nephrophylla (Andres) Andres,Plantae,Tracheophyta,Magnoliopsida,Ericales,Ericaceae,Pyrola,SPECIES,EXACT,100,ACCEPTED,
"orthosia nigromaculata (höne, 1917)","Orthosia nigromaculata (Höne, 1917)",カギモンキリガ,kanagawa_redlist,"Orthosia nigromaculata (Höne, 1917)",verbatim,5114042,"Orthosia nigromaculata Höne, 1917",Animalia,Arthropoda,Insecta,Lepidoptera,Noctuidae,Orthosia,SPECIES,EXACT,100,ACCEPTED,
rhododendron tsusiophyllum sugim.,Rhododendron tsusiophyllum Sugim.,ハコネコメツツジ,kanagawa_redlist,Rhododendron tsusiophyllum Sugim.,verbatim,4174988,Rhododendron tsusiophyllum Sugim.,Plantae,Tracheophyta,Magnoliopsida,Ericales,Ericaceae,Rhododendron,SPECIES,EXACT,100,ACCEPTED,
"aglaops albipennis (inoue, 2000)","Aglaops albipennis (Inoue, 2000)",ハマゴウノメイガ,kanagawa_redlist,"Aglaops albipennis (Inoue, 2000)",verbatim,1889585,"Aglaops Warren, 1892",Animalia,Arthropoda,Insecta,Lepidoptera,Crambidae,Aglaops,GENUS,HIGHERRANK,94,ACCEPTED,
galium niewerthii franch. & sav.,Galium niewerthii Franch. & Sav.,ヤブムグラ,kanagawa_redlist,Galium niewerthii Franch. & Sav.,verbatim,2913377,Galium niewerthii Franch. & Sav.,Plantae,Tracheophyta,Magnoliopsida,Gentianales,Rubiaceae,Galium,SPECIES,EXACT,100,ACCEPTED,
"larerannis nakajimai inoue, 1986","Larerannis nakajimai Inoue, 1986",ナカジマフユエダシャク,kanagawa_redlist,"Larerannis nakajimai Inoue, 1986",verbatim,1975200,"Larerannis nakajimai Inoue, 1986",Animalia,Arthropoda,Insecta,Lepidoptera,Geometridae,Larerannis,SPECIES,EXACT,100,ACCEPTED,
galium trifidum l. subsp. columbianum (rydb.) hulten,Galium trifidum L. subsp. columbianum (Rydb.) Hulten,ホソバノヨツバムグラ,kanagawa_redlist,Galium trifidum L. subsp. columbianum (Rydb.) Hulten,verbatim,2913729,Galium trifidum subsp. columbianum (Rydb.) Hultén,Plantae,Tracheophyta,Magnoliopsida,Gentianales,Rubiaceae,Galium,SUBSPECIES,EXACT,100,ACCEPTED,
"nyssiodes lefuarius (erschoff, 1872)","Nyssiodes lefuarius (Erschoff, 1872)",フチグロトゲエダシャク,kanagawa_redlist,"Nyssiodes lefuarius (Erschoff, 1872)",verbatim,1957323,"Nyssiodes lefuarius (Erschoff, 1872)",Animalia,Arthropoda,Insecta,Lepidoptera,Geometridae,Nyssiodes,SPECIES,EXACT,100,ACCEPTED,
pseudopyxis depressa miq.,Pseudopyxis depressa Miq.,イナモリソウ,kanagawa_redlist,Pseudopyxis depressa Miq.,verbatim,2908530,Pseudopyxis depressa Miq.,Plantae,Tracheophyta,Magnoliopsida,Gentianales,Rubiaceae,Pseudopyxis,SPECIES,EXACT,100,ACCEPTED,
"agaraeus discolor (warren, 1893)","Agaraeus discolor (Warren, 1893)",エグリイチモジエダシャク,kanagawa_redlist,"Agaraeus discolor (Warren, 1893)",verbatim,1980269,"Agaraeus discolor (Warren, 1893)",Animalia,Arthropoda,Insecta,Lepidoptera,Geometridae,Agaraeus,SPECIES,EXACT,100,ACCEPTED,
gentiana squarrosa ledeb.,Gentiana squarrosa Ledeb.,コケリンドウ,kanagawa_redlist,Gentiana squarrosa Ledeb.,verbatim,7270028,Gentiana squarrosa Ledeb.,Plantae,Tracheophyta,Magnoliopsida,Gentianales,Gentianaceae,Gentiana,SPECIES,EXACT,100,ACCEPTED,
"corymica arnearia walker, 1860","Corymica arnearia Walker, 1860",ヒメウコンエダシャク,kanagawa_redlist,"Corymica arnearia Walker, 1860",verbatim,1976212,"Corymica arnearia Walker, 1860",Animalia,Arthropoda,Insecta,Lepidoptera,Geometridae,Corymica,SPECIES,EXACT,100,ACCEPTED,
halenia corniculata (l.) cornaz,Halenia corniculata (L.) Cornaz,ハナイカリ,kanagawa_redlist,Halenia corniculata (L.) Cornaz,verbatim,7270449,Halenia corniculata (L.) Cornaz,Plantae,Tracheophyta,Magnoliopsida,Gentianales,Gentianaceae,Halenia,SPECIES,EXACT,100,ACCEPTED,
"scopula kawabei inoue, 1982","Scopula kawabei Inoue, 1982",チビシロヒメシャク,kanagawa_redlist,"Scopula kawabei Inoue, 1982",verbatim,5144763,"Scopula kawabei Inoue, 1982",Animalia,Arthropoda,Insecta,Lepidoptera,Geometridae,Scopula,SPECIES,EXACT,100,ACCEPTED,
mitrasacme pygmaea r.br.,Mitrasacme pygmaea R.Br.,アイナエ,kanagawa_redlist,Mitrasacme pygmaea R.Br.,verbatim,7289342,Mitrasacme pygmaea R.Br.,Plantae,Tracheophyta,Magnoliopsida,Gentianales,Loganiaceae,Mitrasacme,SPECIES,EXACT,100,ACCEPTED,
"heterophleps pallescens (warren, 1896)","Heterophleps pallescens (Warren, 1896)",ミツボシナミシャク,kanagawa_redlist,"Heterophleps pallescens (Warren, 1896)",verbatim,1975589,"Heterophleps pallescens (Warren, 1896)",Animalia,Arthropoda,Insecta,Lepidoptera,Geometridae,Heterophleps,SPECIES,EXACT,100,ACCEPTED,
vincetoxicum pycnostelma kitag.,Vincetoxicum pycnostelma Kitag.,スズサイコ,kanagawa_redlist,Vincetoxicum pycnostelma Kitag.,verbatim,5525394,Vincetoxicum pycnostelma Kitag.,Plantae,Tracheophyta,Magnoliopsida,Gentianales,Apocynaceae,Vincetoxicum,SPECIES,EXACT,100,SYNONYM,
"hyphantria cunea (drury, 1773)","Hyphantria cunea (Drury, 1773)",アメリカシロヒトリ,kanagawa_redlist,"Hyphantria cunea (Drury, 1773)",verbatim,1817797,"Hyphantria cunea (Drury, 1773)",Animalia,Arthropoda,Insecta,Lepidoptera,Erebidae,Hyphantria,SPECIES,EXACT,100,ACCEPTED,
cynanchum wilfordii (maxim.) hemsl.,Cynanchum wilfordii (Maxim.) Hemsl.,コイケマ,kanagawa_redlist,Cynanchum wilfordii (Maxim.) Hemsl.,verbatim,8208597,Cynanchum wilfordii (Maxim.) Hemsl.,Plantae,Tracheophyta,Magnoliopsida,Gentianales,Apocynaceae,Cynanchum,SPECIES,EXACT,100,SYNONYM,
"thysanoplusia daubei (boisduval, 1840)","Thysanoplusia daubei (Boisduval, 1840)",アミメギンウワバ,kanagawa_redlist,"Thysanoplusia daubei (Boisduval, 1840)",verbatim,4532908,"Thysanoplusia daubei (Boisduval, 1840)",Animalia,Arthropoda,Insecta,Lepidoptera,Noctuidae,Thysanoplusia,SPECIES,EXACT,100,ACCEPTED,
ancistrocarya japonica maxim.,Ancistrocarya japonica Maxim.,サワルリソウ,kanagawa_redlist,Ancistrocarya japonica Maxim.,verbatim,4065758,Ancistrocarya japonica Maxim.,Plantae,Tracheophyta,Magnoliopsida,Boraginales,Boraginaceae,Ancistrocarya,SPECIES,EXACT,100,ACCEPTED,
"callopistria aethiops butler, 1878","Callopistria aethiops Butler, 1878",アミメツマキリヨトウ,kanagawa_redlist,"Callopistria aethiops Butler, 1878",verbatim,5108678,"Callopistria aethiops Butler, 1878",Animalia,Arthropoda,Insecta,Lepidoptera,Noctuidae,Callopistria,SPECIES,EXACT,100,ACCEPTED,
trigonotis brevipes (maxim.) maxim. ex hemsl.,Trigonotis brevipes (Maxim.) Maxim. ex Hemsl.,ミズタビラコ,kanagawa_redlist,Trigonotis brevipes (Maxim.) Maxim. ex Hemsl.,verbatim,7294904,Trigonotis brevipes (Maxim.) Maxim.,Plantae,Tracheophyta,Magnoliopsida,Boraginales,Boraginaceae,Trigonotis,SPECIES,EXACT,100,ACCEPTED,
"spodoptera picta (guérin-méneville, 1838)","Spodoptera picta (Guérin-Méneville, 1838)",アカマダラヨトウ,kanagawa_redlist,"Spodoptera picta (Guérin-Méneville, 1838)",verbatim,5109872,"Spodoptera picta (Guérin-Méneville, 1830)",Animalia,Arthropoda,Insecta,Lepidoptera,Noctuidae,Spodoptera,SPECIES,EXACT,100,ACCEPTED,
physaliastrum japonicum (franch. & sav.) honda,Physaliastrum japonicum (Franch. & Sav.) Honda,アオホオズキ,kanagawa_redlist,Physaliastrum japonicum (Franch. & Sav.) Honda,verbatim,7299569,Physaliastrum japonicum (Franch. & Sav.) Honda,Plantae,Tracheophyta,Magnoliopsida,Solanales,Solanaceae,Physaliastrum,SPECIES,EXACT,100,ACCEPTED,
"elwesia sugii sugii yoshimoto, 1994","Elwesia sugii sugii Yoshimoto, 1994",サヌキキリガ,kanagawa_redlist,"Elwesia sugii sugii Yoshimoto, 1994",verbatim,7345763,Elwesia sugii sugii,Animalia,Arthropoda,Insecta,Lepidoptera,Noctuidae,Elwesia,SUBSPECIES,EXACT,98,ACCEPTED,
fraxinus apertisquamifera h.hara,Fraxinus apertisquamifera H.Hara,ミヤマアオダモ,kanagawa_redlist,Fraxinus apertisquamifera H.Hara,verbatim,3684984,Fraxinus apertisquamifera H.Hara,Plantae,Tracheophyta,Magnoliopsida,Lamiales,Oleaceae,Fraxinus,SPECIES,EXACT,100,ACCEPTED,
"brithys crini crini (fabricius, 1775)","Brithys crini crini (Fabricius, 1775)",ハマオモトヨトウ,kanagawa_redlist,"Brithys crini crini (Fabricius, 1775)",verbatim,7213366,Brithys crini crini,Animalia,Arthropoda,Insecta,Lepidoptera,Noctuidae,Brithys,SUBSPECIES,EXACT,98,ACCEPTED,
deinostema violaceum (maxim.) t.yamaz.,Deinostema violaceum (Maxim.) T.Yamaz.,サワトウガラシ,kanagawa_redlist,Deinostema violaceum (Maxim.) T.Yamaz.,verbatim,3726128,Deinostema violacea (Maxim.) T.Yamaz.,Plantae,Tracheophyta,Magnoliopsida,Lamiales,Plantaginaceae,Deinostema,SPECIES,FUZZY,100,ACCEPTED,
"eumorphobtys eumorphalis (caradja, 1925)","Eumorphobtys eumorphalis (Caradja, 1925)",シナチクノメイガ,kanagawa_redlist,"Eumorphobtys eumorphalis (Caradja, 1925)",verbatim,1891123,"Eumorphobotys eumorphalis Caradja, 1925",Animalia,Arthropoda,Insecta,Lepidoptera,Crambidae,Eumorphobotys,SPECIES,FUZZY,95,ACCEPTED,
limnophila aromatica (lam.) merr.,Limnophila aromatica (Lam.) Merr.,シソクサ,kanagawa_redlist,Limnophila aromatica (Lam.) Merr.,verbatim,5415005,Limnophila aromatica (Lam.) Merr.,Plantae,Tracheophyta,Magnoliopsida,Lamiales,Plantaginaceae,Limnophila,SPECIES,EXACT,100,ACCEPTED,
"protegira songi (chen & zhang, 1995)","Protegira songi (Chen & Zhang, 1995)",トウチュウウスクモヨトウ,kanagawa_redlist,"Protegira songi (Chen & Zhang, 1995)",verbatim,10151058,Protegira songi,Animalia,Arthropoda,Insecta,Lepidoptera,Noctuidae,Protegira,SPECIES,EXACT,98,ACCEPTED,
plantago japonica franch. & sav.,Plantago japonica Franch. & Sav.,トウオオバコ,kanagawa_redlist,Plantago japonica Franch. & Sav.,verbatim,4156428,Plantago japonica Franch. & Sav.,Plantae,Tracheophyta,Magnoliopsida,Lamiales,Plantaginaceae,Plantago,SPECIES,EXACT,100,ACCEPTED,
"pyrausta inornatalis (fernald, 1885)","Pyrausta inornatalis (Fernald, 1885)",アメリカピンクノメイガ,kanagawa_redlist,"Pyrausta inornatalis (Fernald, 1885)",verbatim,1890487,"Pyrausta inornatalis Fernald, 1885",Animalia,Arthropoda,Insecta,Lepidoptera,Crambidae,Pyrausta,SPECIES,EXACT,100,ACCEPTED,
veronica polita fr. subsp. lilacina (t.yamaz.) t.yamaz.,Veronica polita Fr. subsp. lilacina (T.Yamaz.) T.Yamaz.,イヌノフグリ,kanagawa_redlist,Veronica polita Fr. subsp. lilacina (T.Yamaz.) T.Yamaz.,verbatim,3727551,Veronica polita subsp. lilacina (T.Yamaz.) T.Yamaz.,Plantae,Tracheophyta,Magnoliopsida,Lamiales,Plantaginaceae,Veronica,SUBSPECIES,EXACT,100,ACCEPTED,
"odontomyia garatas walker, 1849","Odontomyia garatas Walker, 1849",コガタミズアブ,kanagawa_redlist,"Odontomyia garatas Walker, 1849",verbatim,1581101,"Odontomyia garatas Walker, 1849",Animalia,Arthropoda,Insecta,Diptera,Stratiomyidae,Odontomyia,SPECIES,EXACT,100,ACCEPTED,
scrophularia duplicatoserrata (miq.) makino,Scrophularia duplicatoserrata (Miq.) Makino,ヒナノウスツボ,kanagawa_redlist,Scrophularia duplicatoserrata (Miq.) Makino,verbatim,7332946,Scrophularia duplicatoserrata Makino,Plantae,Tracheophyta,Magnoliopsida,Lamiales,Scrophulariaceae,Scrophularia,SPECIES,EXACT,100,ACCEPTED,
"philorus longirostris kitakami, 1931","Philorus longirostris Kitakami, 1931",アシボソヒメフタマタアミカ,kanagawa_redlist,"Philorus longirostris Kitakami, 1931",verbatim,5088238,"Philorus longirostris Kitakami, 1931",Animalia,Arthropoda,Insecta,Diptera,Blephariceridae,Philorus,SPECIES,EXACT,100,ACCEPTED,
tripora divaricata (maxim.) p.d.cantino,Tripora divaricata (Maxim.) P.D.Cantino,カリガネソウ,kanagawa_redlist,Tripora divaricata (Maxim.) P.D.Cantino,verbatim,3888672,Tripora divaricata (Maxim.) P.D.Cantino,Plantae,Tracheophyta,Magnoliopsida,Lamiales,Lamiaceae,Tripora,SPECIES,EXACT,100,ACCEPTED,
"philorus minor kitakami, 1931","Philorus minor Kitakami, 1931",タチゲヒメフタマタアミカ,kanagawa_redlist,"Philorus minor Kitakami, 1931",verbatim,5088230,"Philorus minor Kitakami, 1931",Animalia,Arthropoda,Insecta,Diptera,Blephariceridae,Philorus,SPECIES,EXACT,100,ACCEPTED,
meehania urticifolia (miq.) makino,Meehania urticifolia (Miq.) Makino,ラショウモンカズラ,kanagawa_redlist,Meehania urticifolia (Miq.) Makino,verbatim,7309502,Meehania urticifolia (Miq.) Makino,Plantae,Tracheophyta,Magnoliopsida,Lamiales,Lamiaceae,Meehania,SPECIES,EXACT,100,ACCEPTED,
"deuterophlebia nipponica kitakami, 1938","Deuterophlebia nipponica Kitakami, 1938",ニホンアミカモドキ,kanagawa_redlist,"Deuterophlebia nipponica Kitakami, 1938",verbatim,1456901,"Deuterophlebia nipponica Kitakami, 1938",Animalia,Arthropoda,Insecta,Diptera,Deuterophlebiidae,Deuterophlebia,SPECIES,EXACT,100,ACCEPTED,
mosla japonica (benth. ex oliv.) maxim.,Mosla japonica (Benth. ex Oliv.) Maxim.,ヤマジソ,kanagawa_redlist,Mosla japonica (Benth. ex Oliv.) Maxim.,verbatim,7309478,Mosla japonica (Benth. ex Oliv.) Maxim.,Plantae,Tracheophyta,Magnoliopsida,Lamiales,Lamiaceae,Mosla,SPECIES,EXACT,100,ACCEPTED,
"axymyia japonica ishida, 1953","Axymyia japonica Ishida, 1953",ヤマトクチキカ,kanagawa_redlist,"Axymyia japonica Ishida, 1953",verbatim,1581424,"Axymyia japonica Ishida, 1953",Animalia,Arthropoda,Insecta,Diptera,Axymyiidae,Axymyia,SPECIES,EXACT,100,ACCEPTED,
salvia lutescens (koidz.) koidz. var. crenata (makino) murata,Salvia lutescens (Koidz.) Koidz. var. crenata (Makino) Murata,ミヤマタムラソウ,kanagawa_redlist,Salvia lutescens (Koidz.) Koidz. var. crenata (Makino) Murata,verbatim,12269368,Salvia lutescens var. crenata (Makino) Murata,Plantae,Tracheophyta,Magnoliopsida,Lamiales,Lamiaceae,Salvia,VARIETY,EXACT,100,SYNONYM,
"acrosathe stylata lyneborg, 1986","Acrosathe stylata Lyneborg, 1986",ナギサツルギアブ,kanagawa_redlist,"Acrosathe stylata Lyneborg, 1986",verbatim,1565133,"Acrosathe stylata Lyneborg, 1986",Animalia,Arthropoda,Insecta,Diptera,Therevidae,Acrosathe,SPECIES,EXACT,100,ACCEPTED,
salvia lutescens (koidz.) koidz. var. stolonifera g.nakai,Salvia lutescens (Koidz.) Koidz. var. stolonifera G.Nakai,ダンドタムラソウ,kanagawa_redlist,Salvia lutescens (Koidz.) Koidz. var. stolonifera G.Nakai,verbatim,12000446,Salvia lutescens var. stolonifera G.Nakai,Plantae,Tracheophyta,Magnoliopsida,Lamiales,Lamiaceae,Salvia,VARIETY,EXACT,100,SYNONYM,
"urophora (urophora) misakiana (matsumura, 1916)","Urophora (Urophora) misakiana (Matsumura, 1916)",ミサキオナガミバエ,kanagawa_redlist,"Urophora (Urophora) misakiana (Matsumura, 1916)",verbatim,5088174,"Urophora misakiana (Matsumura, 1916)",Animalia,Arthropoda,Insecta,Diptera,Tephritidae,Urophora,SPECIES,EXACT,100,ACCEPTED,
scutellaria dependens maxim.,Scutellaria dependens Maxim.,ヒメナミキ,kanagawa_redlist,Scutellaria dependens Maxim.,verbatim,5609602,Scutellaria dependens Maxim.,Plantae,Tracheophyta,Magnoliopsida,Lamiales,Lamiaceae,Scutellaria,SPECIES,EXACT,100,ACCEPTED,
"janus micromaculatus sato, 1928","Janus micromaculatus Sato, 1928",ヒメモンクキバチ,kanagawa_redlist,"Janus micromaculatus Sato, 1928",verbatim,1,Animalia,Animalia,,,,,,KINGDOM,HIGHERRANK,92,ACCEPTED,
pedicularis resupinata l. subsp. oppositifolia (miq.) t.yamaz.,Pedicularis resupinata L. subsp. oppositifolia (Miq.) T.Yamaz.,シオガマギク,kanagawa_redlist,Pedicularis resupinata L. subsp. oppositifolia (Miq.) T.Yamaz.,verbatim,3739580,Pedicularis resupinata subsp. oppositifolia (Miq.) T.Yamaz.,Plantae,Tracheophyta,Magnoliopsida,Lamiales,Orobanchaceae,Pedicularis,SUBSPECIES,EXACT,100,SYNONYM,
"anoplius (arachnophroctonus) viaticus (linnaeus, 1758)","Anoplius (Arachnophroctonus) viaticus (Linnaeus, 1758)",ムツボシクモバチ,kanagawa_redlist,"Anoplius (Arachnophroctonus) viaticus (Linnaeus, 1758)",verbatim,10949191,"Anoplius viaticus (Linnaeus, 1758)",Animalia,Arthropoda,Insecta,Hymenoptera,Pompilidae,Anoplius,SPECIES,EXACT,100,SYNONYM,
siphonostegia chinensis benth. ex hook. & arn.,Siphonostegia chinensis Benth. ex Hook. & Arn.,ヒキヨモギ,kanagawa_redlist,Siphonostegia chinensis Benth. ex Hook. & Arn.,verbatim,3732295,Siphonostegia chinensis Benth.,Plantae,Tracheophyta,Magnoliopsida,Lamiales,Orobanchaceae,Siphonostegia,SPECIES,EXACT,100,ACCEPTED,
"batozonellus lacerticida (pallas, 1771)","Batozonellus lacerticida (Pallas, 1771)",キスジクモバチ,kanagawa_redlist,"Batozonellus lacerticida (Pallas, 1771)",verbatim,4505625,"Batozonellus lacerticida (Pallas, 1771)",Animalia,Arthropoda,Insecta,Hymenoptera,Pompilidae,Parabatozonus,SPECIES,EXACT,100,SYNONYM,
adenophora triphylla (thunb.) a.dc. var. glabra (makino) konta & s.matsumoto,Adenophora triphylla (Thunb.) A.DC. var. glabra (Makino) Konta & S.Matsumoto,ハマシャジン,kanagawa_redlist,Adenophora triphylla (Thunb.) A.DC. var. glabra (Makino) Konta & S.Matsumoto,verbatim,5409279,Adenophora triphylla var. glabra (Makino) Konta & S.Matsumoto,Plantae,Tracheophyta,Magnoliopsida,Asterales,Campanulaceae,Adenophora,VARIETY,EXACT,100,SYNONYM,
"ancistrocerus oviventris oviventris (wesmael, 1836)","Ancistrocerus oviventris oviventris (Wesmael, 1836)",ケナガスジドロバチ,kanagawa_redlist,"Ancistrocerus oviventris oviventris (Wesmael, 1836)",verbatim,7218015,"Ancistrocerus oviventris oviventris (Wesmael, 1836)",Animalia,Arthropoda,Insecta,Hymenoptera,Vespidae,Ancistrocerus,SUBSPECIES,EXACT,100,ACCEPTED,
codonopsis javanica (blume) hook.f. & thomson subsp. japonica (makino) lammers,Codonopsis javanica (Blume) Hook.f. & Thomson subsp. japonica (Makino) Lammers,ツルギキョウ,kanagawa_redlist,Codonopsis javanica (Blume) Hook.f. & Thomson subsp. japonica (Makino) Lammers,verbatim,5412884,Codonopsis javanica subsp. japonica (Makino) Lammers,Plantae,Tracheophyta,Magnoliopsida,Asterales,Campanulaceae,Codonopsis,SUBSPECIES,EXACT,100,ACCEPTED,
"ammophila clavus (fabricius, 1775)","Ammophila clavus (Fabricius, 1775)",フジジガバチ,kanagawa_redlist,"Ammophila clavus (Fabricius, 1775)",verbatim,5040964,"Ammophila clavus (Fabricius, 1775)",Animalia,Arthropoda,Insecta,Hymenoptera,Sphecidae,Ammophila,SPECIES,EXACT,100,ACCEPTED,
codonopsis ussuriensis (rupr. & maxim.) hemsl.,Codonopsis ussuriensis (Rupr. & Maxim.) Hemsl.,バアソブ,kanagawa_redlist,Codonopsis ussuriensis (Rupr. & Maxim.) Hemsl.,verbatim,5412911,Codonopsis ussuriensis (Rupr. & Maxim.) Hemsl.,Plantae,Tracheophyta,Magnoliopsida,Asterales,Campanulaceae,Codonopsis,SPECIES,EXACT,100,ACCEPTED,
"coelioxys (allocoelioxys) formosicola strand, 1913","Coelioxys (Allocoelioxys) formosicola Strand, 1913",ホシトガリハナバチ,kanagawa_redlist,"Coelioxys (Allocoelioxys) formosicola Strand, 1913",verbatim,1338665,"Coelioxys formosicola Strand, 1913",Animalia,Arthropoda,Insecta,Hymenoptera,Megachilidae,Coelioxys,SPECIES,EXACT,100,ACCEPTED,
wahlenbergia marginata (thunb.) a.dc.,Wahlenbergia marginata (Thunb.) A.DC.,ヒナギキョウ,kanagawa_redlist,Wahlenbergia marginata (Thunb.) A.DC.,verbatim,5413733,Wahlenbergia marginata (Thunb.) A.DC.,Plantae,Tracheophyta,Magnoliopsida,Asterales,Campanulaceae,Wahlenbergia,SPECIES,EXACT,100,ACCEPTED,
"osmia (osmia) excavata alfken, 1903","Osmia (Osmia) excavata Alfken, 1903",シロオビツツハナバチ,kanagawa_redlist,"Osmia (Osmia) excavata Alfken, 1903",verbatim,5039330,"Osmia excavata Alfken, 1903",Animalia,Arthropoda,Insecta,Hymenoptera,Megachilidae,Osmia,SPECIES,EXACT,100,ACCEPTED,
adenostemma lavenia (l.) kuntze,Adenostemma lavenia (L.) Kuntze,ヌマダイコン,kanagawa_redlist,Adenostemma lavenia (L.) Kuntze,verbatim,3132228,Adenostemma lavenia (L.) Kuntze,Plantae,Tracheophyta,Magnoliopsida,Asterales,Asteraceae,Adenostemma,SPECIES,EXACT,100,ACCEPTED,
"bombus (bombus) ignitus smith, 1869","Bombus (Bombus) ignitus Smith, 1869",クロマルハナバチ,kanagawa_redlist,"Bombus (Bombus) ignitus Smith, 1869",verbatim,1340491,"Bombus ignitus Smith, 1869",Animalia,Arthropoda,Insecta,Hymenoptera,Apidae,Bombus,SPECIES,EXACT,100,ACCEPTED,
anaphalis margaritacea (l.) benth. & hook.f. var. margaritacea,Anaphalis margaritacea (L.) Benth. & Hook.f. var. margaritacea,ヤマハハコ,kanagawa_redlist,Anaphalis margaritacea (L.) Benth. & Hook.f. var. margaritacea,verbatim,7222824,Anaphalis margaritacea var. margaritacea,Plantae,Tracheophyta,Magnoliopsida,Asterales,Asteraceae,Anaphalis,VARIETY,EXACT,98,SYNONYM,
"siobla metallica takeuchi, 1929","Siobla metallica Takeuchi, 1929",ルリコシアカハバチ,kanagawa_redlist,"Siobla metallica Takeuchi, 1929",verbatim,8317415,"Siobla metallica Takeuchi, 1929",Animalia,Arthropoda,Insecta,Hymenoptera,Tenthredinidae,Siobla,SPECIES,EXACT,100,ACCEPTED,
anaphalis margaritacea (l.) benth. & hook.f. var. yedoensis (franch. & sav.) ohwi,Anaphalis margaritacea (L.) Benth. & Hook.f. var. yedoensis (Franch. & Sav.) Ohwi,カワラハハコ,kanagawa_redlist,Anaphalis margaritacea (L.) Benth. & Hook.f. var. yedoensis (Franch. & Sav.) Ohwi,verbatim,6291666,Anaphalis margaritacea var. yedoensis (Franch. & Sav.) Ohwi,Plantae,Tracheophyta,Magnoliopsida,Asterales,Asteraceae,Anaphalis,VARIETY,EXACT,100,ACCEPTED,
"hedychrum simile aereum tsuneki, 1970","Hedychrum simile aereum Tsuneki, 1970",セイドウマルセイボウ,kanagawa_redlist,"Hedychrum simile aereum Tsuneki, 1970",verbatim,9433700,"Hedychrum simile Mocsary, 1889",Animalia,Arthropoda,Insecta,Hymenoptera,Chrysididae,Hedychrum,SPECIES,HIGHERRANK,99,ACCEPTED,
anaphalis sinica hance var. sinica,Anaphalis sinica Hance var. sinica,ヤハズハハコ,kanagawa_redlist,Anaphalis sinica Hance var. sinica,verbatim,7222828,Anaphalis sinica var. sinica,Plantae,Tracheophyta,Magnoliopsida,Asterales,Asteraceae,Anaphalis,VARIETY,EXACT,99,ACCEPTED,
"stizus perrisi dufour, 1838","Stizus perrisi Dufour, 1838",キアシハナダカバチモドキ,kanagawa_redlist,"Stizus perrisi Dufour, 1838",verbatim,4494622,"Stizus perrisi Dufour, 1838",Animalia,Arthropoda,Insecta,Hymenoptera,Crabronidae,Stizus,SPECIES,EXACT,100,ACCEPTED,
aster sugimotoi kitam.,Aster sugimotoi Kitam.,アキワギク,kanagawa_redlist,Aster sugimotoi Kitam.,verbatim,5387506,Aster sugimotoi Kitam.,Plantae,Tracheophyta,Magnoliopsida,Asterales,Asteraceae,Aster,SPECIES,EXACT,100,ACCEPTED,
"andrena (andrena) lapponica sumizome tadauchi, hirashima & matsumura, 1987","Andrena (Andrena) lapponica sumizome Tadauchi, Hirashima & Matsumura, 1987",アルプスヒメハナバチ,kanagawa_redlist,"Andrena (Andrena) lapponica sumizome Tadauchi, Hirashima & Matsumura, 1987",verbatim,9794919,"Andrena lapponica sumizome Tadauchi, Hirashima & Matsumura, 1987",Animalia,Arthropoda,Insecta,Hymenoptera,Andrenidae,Andrena,SUBSPECIES,EXACT,100,SYNONYM,
aster yomena (kitam.) honda var. yomena,Aster yomena (Kitam.) Honda var. yomena,ヨメナ,kanagawa_redlist,Aster yomena (Kitam.) Honda var. yomena,verbatim,7536079,Aster yomena Makino,Plantae,Tracheophyta,Magnoliopsida,Asterales,Asteraceae,Aster,SPECIES,HIGHERRANK,97,ACCEPTED,
"andrena (hoplandrena) nudigastroides yasumatsu, 1935","Andrena (Hoplandrena) nudigastroides Yasumatsu, 1935",モモヒメハナバチ,kanagawa_redlist,"Andrena (Hoplandrena) nudigastroides Yasumatsu, 1935",verbatim,1357336,"Andrena nudigastroides Yasumatsu, 1935",Animalia,Arthropoda,Insecta,Hymenoptera,Andrenidae,Andrena,SPECIES,EXACT,100,ACCEPTED,
carduus crispus l.,Carduus crispus L.,ヒレアザミ,kanagawa_redlist,Carduus crispus L.,verbatim,3114649,Carduus crispus L.,Plantae,Tracheophyta,Magnoliopsida,Asterales,Asteraceae,Carduus,SPECIES,EXACT,100,ACCEPTED,
"andrena (micrandrena) falsificissima hirashima, 1966","Andrena (Micrandrena) falsificissima Hirashima, 1966",ヤマテマメヒメハナバチ,kanagawa_redlist,"Andrena (Micrandrena) falsificissima Hirashima, 1966",verbatim,1356985,"Andrena falsificissima Hirashima, 1966",Animalia,Arthropoda,Insecta,Hymenoptera,Andrenidae,Andrena,SPECIES,EXACT,100,ACCEPTED,
carpesium divaricatum siebold & zucc. var. abrotanoides (koidz.) h.koyama,Carpesium divaricatum Siebold & Zucc. var. abrotanoides (Koidz.) H.Koyama,ホソバガンクビソウ,kanagawa_redlist,Carpesium divaricatum Siebold & Zucc. var. abrotanoides (Koidz.) H.Koyama,verbatim,4209666,Carpesium divaricatum var. abrotanoides (Matsum. & Koidz.) H.Koyama,Plantae,Tracheophyta,Magnoliopsida,Asterales,Asteraceae,Carpesium,VARIETY,EXACT,100,ACCEPTED,
"andrena (micrandrena) hanedai tadauchi, 1985","Andrena (Micrandrena) hanedai Tadauchi, 1985",ハネダマメヒメハナバチ,kanagawa_redlist,"Andrena (Micrandrena) hanedai Tadauchi, 1985",verbatim,1357028,"Andrena hanedai Tadauchi, 1985",Animalia,Arthropoda,Insecta,Hymenoptera,Andrenidae,Andrena,SPECIES,EXACT,100,ACCEPTED,
cirsium shidokimontanum kadota,Cirsium shidokimontanum Kadota,シドキヤマアザミ,kanagawa_redlist,Cirsium shidokimontanum Kadota,verbatim,3113535,Cirsium shidokimontanum Kadota,Plantae,Tracheophyta,Magnoliopsida,Asterales,Asteraceae,Cirsium,SPECIES,EXACT,100,ACCEPTED,
"andrena (notandrena) nitidiuscula schenk, 1853","Andrena (Notandrena) nitidiuscula Schenk, 1853",ミヤマヒメハナバチ,kanagawa_redlist,"Andrena (Notandrena) nitidiuscula Schenk, 1853",verbatim,1357495,"Andrena nitidiuscula Schenck, 1853",Animalia,Arthropoda,Insecta,Hymenoptera,Andrenidae,Andrena,SPECIES,EXACT,100,ACCEPTED,
cirsium tamastoloniferum kadota,Cirsium tamastoloniferum Kadota,ハチオウジアザミ,kanagawa_redlist,Cirsium tamastoloniferum Kadota,verbatim,9284181,Cirsium tamastoloniferum Kadota,Plantae,Tracheophyta,Magnoliopsida,Asterales,Asteraceae,Cirsium,SPECIES,EXACT,100,ACCEPTED,
"andrena (oreomelissa) mitakensis hirashima, 1963","Andrena (Oreomelissa) mitakensis Hirashima, 1963",アキノヤマテヒメハナバチ,kanagawa_redlist,"Andrena (Oreomelissa) mitakensis Hirashima, 1963",verbatim,1356925,"Andrena mitakensis Hirashima, 1963",Animalia,Arthropoda,Insecta,Hymenoptera,Andrenidae,Andrena,SPECIES,EXACT,100,ACCEPTED,
crepidiastrum platyphyllum (franch. & sav.) kitam.,Crepidiastrum platyphyllum (Franch. & Sav.) Kitam.,ワダン,kanagawa_redlist,Crepidiastrum platyphyllum (Franch. & Sav.) Kitam.,verbatim,3145184,Crepidiastrum platyphyllum (Makino) Kitam.,Plantae,Tracheophyta,Magnoliopsida,Asterales,Asteraceae,Crepidiastrum,SPECIES,EXACT,100,ACCEPTED,
"andrena (ptilandrena) takachihoi hirashima, 1964","Andrena (Ptilandrena) takachihoi Hirashima, 1964",タカチホヒメハナバチ,kanagawa_redlist,"Andrena (Ptilandrena) takachihoi Hirashima, 1964",verbatim,1357129,"Andrena takachihoi Hirashima, 1964",Animalia,Arthropoda,Insecta,Hymenoptera,Andrenidae,Andrena,SPECIES,EXACT,100,ACCEPTED,
inula salicina l. var. asiatica kitam.,Inula salicina L. var. asiatica Kitam.,カセンソウ,kanagawa_redlist,Inula salicina L. var. asiatica Kitam.,verbatim,6291729,Inula salicina var. asiatica Kitam.,Plantae,Tracheophyta,Magnoliopsida,Asterales,Asteraceae,Pentanema,VARIETY,EXACT,100,SYNONYM,
"halictus (seladonia) tumulorum ferripennis (cockerell, 1929)","Halictus (Seladonia) tumulorum ferripennis (Cockerell, 1929)",ミドリコハナバチ,kanagawa_redlist,"Halictus (Seladonia) tumulorum ferripennis (Cockerell, 1929)",verbatim,1353289,"Halictus tumulorum (Linnaeus, 1758)",Animalia,Arthropoda,Insecta,Hymenoptera,Halictidae,Halictus,SPECIES,HIGHERRANK,99,ACCEPTED,
ixeris repens (l.) a.gray,Ixeris repens (L.) A.Gray,ハマニガナ,kanagawa_redlist,Ixeris repens (L.) A.Gray,verbatim,3115554,Ixeris repens (L.) A.Gray,Plantae,Tracheophyta,Magnoliopsida,Asterales,Asteraceae,Ixeris,SPECIES,EXACT,100,ACCEPTED,
"macropis (macropis) tibialis yasumatsu & hirashima, 1956","Macropis (Macropis) tibialis Yasumatsu & Hirashima, 1956",シロアシクサレダマバチ,kanagawa_redlist,"Macropis (Macropis) tibialis Yasumatsu & Hirashima, 1956",verbatim,1345906,"Macropis tibialis Yasumatsu & Hirashima, 1956",Animalia,Arthropoda,Insecta,Hymenoptera,Melittidae,Macropis,SPECIES,EXACT,100,ACCEPTED,
ixeris tamagawaensis (makino) kitam.,Ixeris tamagawaensis (Makino) Kitam.,カワラニガナ,kanagawa_redlist,Ixeris tamagawaensis (Makino) Kitam.,verbatim,3115518,Ixeris tamagawaensis (Makino) Kitam.,Plantae,Tracheophyta,Magnoliopsida,Asterales,Asteraceae,Ixeris,SPECIES,EXACT,100,ACCEPTED,
"melitta (cilissa) ezoana yasumatsu & hirashima, 1956","Melitta (Cilissa) ezoana Yasumatsu & Hirashima, 1956",エゾケアシハナバチ,kanagawa_redlist,"Melitta (Cilissa) ezoana Yasumatsu & Hirashima, 1956",verbatim,5040882,"Melitta ezoana Yasumatsu & Hirashima, 1956",Animalia,Arthropoda,Insecta,Hymenoptera,Melittidae,Melitta,SPECIES,EXACT,100,ACCEPTED,
parasenecio maximowiczianus (nakai & f.maek. ex h.hara) h.koyama var. maximowiczianus,Parasenecio maximowiczianus (Nakai & F.Maek. ex H.Hara) H.Koyama var. maximowiczianus,コウモリソウ,kanagawa_redlist,Parasenecio maximowiczianus (Nakai & F.Maek. ex H.Hara) H.Koyama var. maximowiczianus,verbatim,7338473,Parasenecio maximowiczianus var. maximowiczianus,Plantae,Tracheophyta,Magnoliopsida,Asterales,Asteraceae,Parasenecio,VARIETY,EXACT,99,ACCEPTED,
"nomada arasiana tsuneki, 1973","Nomada arasiana Tsuneki, 1973",アラシキマダラハナバチ,kanagawa_redlist,"Nomada arasiana Tsuneki, 1973",verbatim,1343611,"Nomada arasiana Tsuneki, 1973",Animalia,Arthropoda,Insecta,Hymenoptera,Apidae,Nomada,SPECIES,EXACT,100,ACCEPTED,
parasenecio yatabei (matsum. & koidz.) h.koyama,Parasenecio yatabei (Matsum. & Koidz.) H.Koyama,ヤマタイミンガサ,kanagawa_redlist,Parasenecio yatabei (Matsum. & Koidz.) H.Koyama,verbatim,3090404,Parasenecio yatabei (Matsum. & Koidz.) H.Koyama,Plantae,Tracheophyta,Magnoliopsida,Asterales,Asteraceae,Taimingasa,SPECIES,EXACT,100,SYNONYM,
"nomada galloisi yasumatsu & hirashima, 1953","Nomada galloisi Yasumatsu & Hirashima, 1953",ガロアキマダラハナバチ,kanagawa_redlist,"Nomada galloisi Yasumatsu & Hirashima, 1953",verbatim,1343799,"Nomada galloisi Yasumatsu & Hirashima, 1953",Animalia,Arthropoda,Insecta,Hymenoptera,Apidae,Nomada,SPECIES,EXACT,100,ACCEPTED,
saussurea maximowiczii herder,Saussurea maximowiczii Herder,ミヤコアザミ,kanagawa_redlist,Saussurea maximowiczii Herder,verbatim,5404280,Saussurea maximowiczii Herder,Plantae,Tracheophyta,Magnoliopsida,Asterales,Asteraceae,Saussurea,SPECIES,EXACT,100,ACCEPTED,
"nomada issikii yasumatsu, 1939","Nomada issikii Yasumatsu, 1939",イッシキキマダラハナバチ,kanagawa_redlist,"Nomada issikii Yasumatsu, 1939",verbatim,1343794,"Nomada issikii Yasumatsu, 1939",Animalia,Arthropoda,Insecta,Hymenoptera,Apidae,Nomada,SPECIES,EXACT,100,ACCEPTED,
saussurea sawadae kitam.,Saussurea sawadae Kitam.,キントキヒゴタイ,kanagawa_redlist,Saussurea sawadae Kitam.,verbatim,5703897,Saussurea sawadae Kitam.,Plantae,Tracheophyta,Magnoliopsida,Asterales,Asteraceae,Saussurea,SPECIES,EXACT,100,SYNONYM,
"bombus (megabombus) ussurensis radoszkowski, 1877","Bombus (Megabombus) ussurensis Radoszkowski, 1877",ウスリーマルハナバチ,kanagawa_redlist,"Bombus (Megabombus) ussurensis Radoszkowski, 1877",verbatim,1340440,"Bombus ussurensis Radoszkowski, 1877",Animalia,Arthropoda,Insecta,Hymenoptera,Apidae,Bombus,SPECIES,EXACT,100,ACCEPTED,
saussurea sinuatoides nakai,Saussurea sinuatoides Nakai,タカオヒゴタイ,kanagawa_redlist,Saussurea sinuatoides Nakai,verbatim,5404262,Saussurea sinuatoides Nakai,Plantae,Tracheophyta,Magnoliopsida,Asterales,Asteraceae,Saussurea,SPECIES,EXACT,100,ACCEPTED,
"cimbex connatus taukushi marlatt, 1898","Cimbex connatus taukushi Marlatt, 1898",キイロモモブトハバチ,kanagawa_redlist,"Cimbex connatus taukushi Marlatt, 1898",verbatim,4490140,"Cimbex connatus (Schrank, 1776)",Animalia,Arthropoda,Insecta,Hymenoptera,Cimbicidae,Cimbex,SPECIES,HIGHERRANK,99,ACCEPTED,
senecio cannabifolius less.,Senecio cannabifolius Less.,ハンゴンソウ,kanagawa_redlist,Senecio cannabifolius Less.,verbatim,3107668,Senecio cannabifolius Less.,Plantae,Tracheophyta,Magnoliopsida,Asterales,Asteraceae,Jacobaea,SPECIES,EXACT,100,SYNONYM,
"batozonellus annulatus (fabricius, 1793)","Batozonellus annulatus (Fabricius, 1793)",キオビクモバチ,kanagawa_redlist,"Batozonellus annulatus (Fabricius, 1793)",verbatim,6128865,"Batozonellus annulatus (Fabricius, 1793)",Animalia,Arthropoda,Insecta,Hymenoptera,Pompilidae,Parabatozonus,SPECIES,EXACT,100,SYNONYM,
sonchus brachyotus dc.,Sonchus brachyotus DC.,ハチジョウナ,kanagawa_redlist,Sonchus brachyotus DC.,verbatim,3105742,Sonchus brachyotus DC.,Plantae,Tracheophyta,Magnoliopsida,Asterales,Asteraceae,Sonchus,SPECIES,EXACT,100,ACCEPTED,
"larra (larra) amplipennis (smith, 1873)","Larra (Larra) amplipennis (Smith, 1873)",アカオビケラトリバチ,kanagawa_redlist,"Larra (Larra) amplipennis (Smith, 1873)",verbatim,6129273,"Larra amplipennis (F.Smith, 1873)",Animalia,Arthropoda,Insecta,Hymenoptera,Crabronidae,Larra,SPECIES,EXACT,100,ACCEPTED,
abelia spathulata siebold & zucc. var. sanguinea makino,Abelia spathulata Siebold & Zucc. var. sanguinea Makino,ベニバナノツクバネウツギ,kanagawa_redlist,Abelia spathulata Siebold & Zucc. var. sanguinea Makino,verbatim,8435009,Abelia spathulata var. sanguinea Makino,Plantae,Tracheophyta,Magnoliopsida,Dipsacales,Caprifoliaceae,Diabelia,VARIETY,EXACT,100,SYNONYM,
"osmia (helicosmia) orientalis benoist, 1929","Osmia (Helicosmia) orientalis Benoist, 1929",マイマイツツハナバチ,kanagawa_redlist,"Osmia (Helicosmia) orientalis Benoist, 1929",verbatim,5039234,"Osmia orientalis Benoist, 1929",Animalia,Arthropoda,Insecta,Hymenoptera,Megachilidae,Osmia,SPECIES,EXACT,100,ACCEPTED,
dipsacus japonicus miq.,Dipsacus japonicus Miq.,ナベナ,kanagawa_redlist,Dipsacus japonicus Miq.,verbatim,4102897,Dipsacus japonicus Miq.,Plantae,Tracheophyta,Magnoliopsida,Dipsacales,Caprifoliaceae,Dipsacus,SPECIES,EXACT,100,ACCEPTED,
"bombus (megabombus) consobrinus wittenburgi vogt, 1911","Bombus (Megabombus) consobrinus wittenburgi Vogt, 1911",ナガマルハナバチ,kanagawa_redlist,"Bombus (Megabombus) consobrinus wittenburgi Vogt, 1911",verbatim,10948376,"Bombus consobrinus wittenburgi Vogt, 1911",Animalia,Arthropoda,Insecta,Hymenoptera,Apidae,Bombus,SUBSPECIES,EXACT,100,SYNONYM,
lonicera ramosissima franch. & sav. ex maxim. var. ramosissima,Lonicera ramosissima Franch. & Sav. ex Maxim. var. ramosissima,コウグイスカグラ,kanagawa_redlist,Lonicera ramosissima Franch. & Sav. ex Maxim. var. ramosissima,verbatim,5598809,Lonicera ramosissima Franch. & Sav. ex Maxim.,Plantae,Tracheophyta,Magnoliopsida,Dipsacales,Caprifoliaceae,Lonicera,SPECIES,HIGHERRANK,97,ACCEPTED,
"agriotypus gracilis waterston, 1930","Agriotypus gracilis Waterston, 1930",ミズバチ,kanagawa_redlist,"Agriotypus gracilis Waterston, 1930",verbatim,1295999,"Agriotypus gracilis Waterston, 1930",Animalia,Arthropoda,Insecta,Hymenoptera,Ichneumonidae,Agriotypus,SPECIES,EXACT,100,ACCEPTED,
pternopetalum tanakae (franch. & sav.) hand.-mazz.,Pternopetalum tanakae (Franch. & Sav.) Hand.-Mazz.,イワセントウソウ,kanagawa_redlist,Pternopetalum tanakae (Franch. & Sav.) Hand.-Mazz.,verbatim,6027390,Pternopetalum tanakae (Franch. & Sav.) Hand.-Mazz.,Plantae,Tracheophyta,Magnoliopsida,Apiales,Apiaceae,Pternopetalum,SPECIES,EXACT,100,ACCEPTED,
"euodynerus (euodynerus) dantici violaceipennis giordani soika, 1973","Euodynerus (Euodynerus) dantici violaceipennis Giordani Soika, 1973",カバオビドロバチ,kanagawa_redlist,"Euodynerus (Euodynerus) dantici violaceipennis Giordani Soika, 1973",verbatim,6247912,"Euodynerus dantici violaceipennis Giordani Soika, 1973",Animalia,Arthropoda,Insecta,Hymenoptera,Eumenidae,Euodynerus,SUBSPECIES,EXACT,100,ACCEPTED,
spuriopimpinella koreana (y.yabe) kitag.,Spuriopimpinella koreana (Y.Yabe) Kitag.,ヒカゲミツバ,kanagawa_redlist,Spuriopimpinella koreana (Y.Yabe) Kitag.,verbatim,3637693,Spuriopimpinella koreana (Nakai) Kitag.,Plantae,Tracheophyta,Magnoliopsida,Apiales,Apiaceae,Spuriopimpinella,SPECIES,EXACT,100,SYNONYM,
"pararrhynchium ornatum (smith, 1852)","Pararrhynchium ornatum (Smith, 1852)",ナミカバフドロバチ,kanagawa_redlist,"Pararrhynchium ornatum (Smith, 1852)",verbatim,1330300,"Pararrhynchium ornatum (Smith, 1852)",Animalia,Arthropoda,Insecta,Hymenoptera,Eumenidae,Pararrhynchium,SPECIES,EXACT,100,ACCEPTED,
botrychium atrovirens (sahashi) m.kato,Botrychium atrovirens (Sahashi) M.Kato,シチトウハナワラビ,kanagawa_redlist,Botrychium atrovirens (Sahashi) M.Kato,verbatim,3659303,Botrychium atrovirens (Sahashi) M.Kato,Plantae,Tracheophyta,Polypodiopsida,Ophioglossales,Ophioglossaceae,Sceptridium,SPECIES,EXACT,100,SYNONYM,
"bembix niponica smith, 1873","Bembix niponica Smith, 1873",ニッポンハナダカバチ,kanagawa_redlist,"Bembix niponica Smith, 1873",verbatim,6129466,"Bembix niponica F.Smith, 1873",Animalia,Arthropoda,Insecta,Hymenoptera,Crabronidae,Bembix,SPECIES,EXACT,100,ACCEPTED,
botrychium nipponicum makino var. minus (h.hara) k.iwats.,Botrychium nipponicum Makino var. minus (H.Hara) K.Iwats.,ウスイハナワラビ,kanagawa_redlist,Botrychium nipponicum Makino var. minus (H.Hara) K.Iwats.,verbatim,3659306,Botrychium nipponicum var. minus (H.Hara) M.Kato,Plantae,Tracheophyta,Polypodiopsida,Ophioglossales,Ophioglossaceae,Sceptridium,VARIETY,EXACT,83,SYNONYM,
"cerceris sobo sobo yasumatsu & okabe, 1936","Cerceris sobo sobo Yasumatsu & Okabe, 1936",ソボツチスガリ,kanagawa_redlist,"Cerceris sobo sobo Yasumatsu & Okabe, 1936",verbatim,9015723,"Cerceris sobo sobo Yasumatsu & Okabe, 1936",Animalia,Arthropoda,Insecta,Hymenoptera,Crabronidae,Cerceris,SUBSPECIES,EXACT,100,ACCEPTED,
ophioglossum petiolatum hook.,Ophioglossum petiolatum Hook.,コヒロハハナヤスリ,kanagawa_redlist,Ophioglossum petiolatum Hook.,verbatim,2650129,Ophioglossum petiolatum Hook.,Plantae,Tracheophyta,Polypodiopsida,Ophioglossales,Ophioglossaceae,Ophioglossum,SPECIES,EXACT,100,ACCEPTED,
"gorytes maculicornis (morawitz, 1889)","Gorytes maculicornis (Morawitz, 1889)",ナミアワフキバチ,kanagawa_redlist,"Gorytes maculicornis (Morawitz, 1889)",verbatim,8092624,"Gorytes maculicornis (F.Morawitz, 1889)",Animalia,Arthropoda,Insecta,Hymenoptera,Crabronidae,Gorytes,SPECIES,EXACT,100,ACCEPTED,
psilotum nudum (l.) p.beauv.,Psilotum nudum (L.) P.Beauv.,マツバラン,kanagawa_redlist,Psilotum nudum (L.) P.Beauv.,verbatim,2688176,Psilotum nudum (L.) P.Beauv.,Plantae,Tracheophyta,Polypodiopsida,Psilotales,Psilotaceae,Psilotum,SPECIES,EXACT,100,ACCEPTED,
"hylaeus (lambdopsis) pfankuchi (alfken, 1919)","Hylaeus (Lambdopsis) pfankuchi (Alfken, 1919)",ツノブトメンハナバチ,kanagawa_redlist,"Hylaeus (Lambdopsis) pfankuchi (Alfken, 1919)",verbatim,1349948,"Hylaeus pfankuchi (Alfken, 1919)",Animalia,Arthropoda,Insecta,Hymenoptera,Colletidae,Hylaeus,SPECIES,EXACT,100,ACCEPTED,
hymenophyllum coreanum nakai,Hymenophyllum coreanum Nakai,ヒメコケシノブ,kanagawa_redlist,Hymenophyllum coreanum Nakai,verbatim,3607884,Hymenophyllum coreanum Nakai,Plantae,Tracheophyta,Polypodiopsida,Hymenophyllales,Hymenophyllaceae,Hymenophyllum,SPECIES,EXACT,100,SYNONYM,
"andrena (andrena) ishiharai hirashima, 1953","Andrena (Andrena) ishiharai Hirashima, 1953",イシハラヒメハナバチ,kanagawa_redlist,"Andrena (Andrena) ishiharai Hirashima, 1953",verbatim,1357938,"Andrena ishiharai Hirashima, 1953",Animalia,Arthropoda,Insecta,Hymenoptera,Andrenidae,Andrena,SPECIES,EXACT,100,ACCEPTED,
plagiogyria euphlebia (kunze) mett.,Plagiogyria euphlebia (Kunze) Mett.,オオキジノオ,kanagawa_redlist,Plagiogyria euphlebia (Kunze) Mett.,verbatim,4160675,Plagiogyria euphlebia (Kunze) Mett.,Plantae,Tracheophyta,Polypodiopsida,Cyatheales,Plagiogyriaceae,Plagiogyria,SPECIES,EXACT,100,ACCEPTED,
"megachile (xanthosarus) japonica alfken, 1903","Megachile (Xanthosarus) japonica Alfken, 1903",ヤマトハキリバチ,kanagawa_redlist,"Megachile (Xanthosarus) japonica Alfken, 1903",verbatim,1335688,"Megachile japonica Alfken, 1903",Animalia,Arthropoda,Insecta,Hymenoptera,Megachilidae,Megachile,SPECIES,EXACT,100,ACCEPTED,
plagiogyria japonica nakai var. japonica,Plagiogyria japonica Nakai var. japonica,キジノオシダ,kanagawa_redlist,Plagiogyria japonica Nakai var. japonica,verbatim,7141749,Plagiogyria japonica Nakai,Plantae,Tracheophyta,Polypodiopsida,Cyatheales,Plagiogyriaceae,Plagiogyria,SPECIES,HIGHERRANK,99,ACCEPTED,
"osmia (osmia) cornifrons (radoszkowski, 1887)","Osmia (Osmia) cornifrons (Radoszkowski, 1887)",マメコバチ,kanagawa_redlist,"Osmia (Osmia) cornifrons (Radoszkowski, 1887)",verbatim,5039354,"Osmia cornifrons (Radoszkowski, 1887)",Animalia,Arthropoda,Insecta,Hymenoptera,Megachilidae,Osmia,SPECIES,EXACT,100,ACCEPTED,
ceratopteris gaudichaudii brongn. var. vulgaris masuyama & watano,Ceratopteris gaudichaudii Brongn. var. vulgaris Masuyama & Watano,ヒメミズワラビ,kanagawa_redlist,Ceratopteris gaudichaudii Brongn. var. vulgaris Masuyama & Watano,verbatim,8345743,Ceratopteris gaudichaudii var. vulgaris Masuyama & Watano,Plantae,Tracheophyta,Polypodiopsida,Polypodiales,Pteridaceae,Ceratopteris,VARIETY,EXACT,100,SYNONYM,
"triepeolus (eurepeolus) ventralis (meade-waldo, 1913)","Triepeolus (Eurepeolus) ventralis (Meade-Waldo, 1913)",シロスジヤドリハナバチ,kanagawa_redlist,"Triepeolus (Eurepeolus) ventralis (Meade-Waldo, 1913)",verbatim,1341818,"Triepeolus ventralis (Meade-Waldo, 1913)",Animalia,Arthropoda,Insecta,Hymenoptera,Apidae,Triepeolus,SPECIES,EXACT,100,ACCEPTED,
asplenium scolopendrium l.,Asplenium scolopendrium L.,コタニワタリ,kanagawa_redlist,Asplenium scolopendrium L.,verbatim,2650669,Asplenium scolopendrium L.,Plantae,Tracheophyta,Polypodiopsida,Polypodiales,Aspleniaceae,Asplenium,SPECIES,EXACT,100,ACCEPTED,
"bombus (thoracobombus) honshuensis (tkalcu, 1968)","Bombus (Thoracobombus) honshuensis (Tkalcu, 1968)",ミヤママルハナバチ,kanagawa_redlist,"Bombus (Thoracobombus) honshuensis (Tkalcu, 1968)",verbatim,1340282,"Bombus honshuensis (Tkalcu, 1968)",Animalia,Arthropoda,Insecta,Hymenoptera,Apidae,Bombus,SPECIES,EXACT,100,ACCEPTED,
blechnum amabile makino,Blechnum amabile Makino,オサシダ,kanagawa_redlist,Blechnum amabile Makino,verbatim,4078533,Blechnum amabile Makino,Plantae,Tracheophyta,Polypodiopsida,Polypodiales,Blechnaceae,Spicantopsis,SPECIES,EXACT,100,SYNONYM,
"chrysolyda leucocephala (takeuchi, 1938)","Chrysolyda leucocephala (Takeuchi, 1938)",シロズヒラタハバチ,kanagawa_redlist,"Chrysolyda leucocephala (Takeuchi, 1938)",verbatim,11783488,"Chrysolyda leucocephala (Takeuchi, 1938)",Animalia,Arthropoda,Insecta,Hymenoptera,Pamphiliidae,Chrysolyda,SPECIES,EXACT,100,ACCEPTED,
athyrium otophorum (miq.) koidz.,Athyrium otophorum (Miq.) Koidz.,タニイヌワラビ,kanagawa_redlist,Athyrium otophorum (Miq.) Koidz.,verbatim,5644054,Athyrium otophorum (Miq.) Koidz.,Plantae,Tracheophyta,Polypodiopsida,Polypodiales,Athyriaceae,Athyrium,SPECIES,EXACT,100,ACCEPTED,
"habronyx (habronyx) insidiator (smith, 1874)","Habronyx (Habronyx) insidiator (Smith, 1874)",コンボウアメバチ,kanagawa_redlist,"Habronyx (Habronyx) insidiator (Smith, 1874)",verbatim,1303626,"Habronyx insidiator (Smith, 1874)",Animalia,Arthropoda,Insecta,Hymenoptera,Ichneumonidae,Habronyx,SPECIES,EXACT,100,ACCEPTED,
dryopteris maximowiczii (baker) kuntze,Dryopteris maximowiczii (Baker) Kuntze,ナンタイシダ,kanagawa_redlist,Dryopteris maximowiczii (Baker) Kuntze,verbatim,5654734,Dryopteris maximowiczii (Baker) Kuntze,Plantae,Tracheophyta,Polypodiopsida,Polypodiales,Dryopteridaceae,Dryopteris,SPECIES,EXACT,100,ACCEPTED,
"hoplismenus obscurus kriechbaumer, 1893","Hoplismenus obscurus Kriechbaumer, 1893",ヨコハマヒメバチ,kanagawa_redlist,"Hoplismenus obscurus Kriechbaumer, 1893",verbatim,1285358,"Hoplismenus obscurus Kriechbaumer, 1895",Animalia,Arthropoda,Insecta,Hymenoptera,Ichneumonidae,Hoplismenus,SPECIES,EXACT,100,ACCEPTED,
dryopteris saxifragivaria nakai,Dryopteris saxifragivaria Nakai,イヌイワイタチシダ,kanagawa_redlist,Dryopteris saxifragivaria Nakai,verbatim,8234719,Dryopteris saxifragivaria Nakai,Plantae,Tracheophyta,Polypodiopsida,Polypodiales,Dryopteridaceae,Dryopteris,SPECIES,EXACT,100,ACCEPTED,
"itoplectis cristatae iwata, 1961","Itoplectis cristatae Iwata, 1961",オナガヒラタヒメバチ,kanagawa_redlist,"Itoplectis cristatae Iwata, 1961",verbatim,1277136,"Itoplectis cristatae Iwata, 1961",Animalia,Arthropoda,Insecta,Hymenoptera,Ichneumonidae,Itoplectis,SPECIES,EXACT,100,ACCEPTED,
pleurosoriopsis makinoi (maxim. ex makino) fomin,Pleurosoriopsis makinoi (Maxim. ex Makino) Fomin,カラクサシダ,kanagawa_redlist,Pleurosoriopsis makinoi (Maxim. ex Makino) Fomin,verbatim,3682046,Pleurosoriopsis makinoi (Maxim.) Fomin,Plantae,Tracheophyta,Polypodiopsida,Polypodiales,Polypodiaceae,Pleurosoriopsis,SPECIES,EXACT,100,ACCEPTED,
"pimpla aethiops curtis, 1828","Pimpla aethiops Curtis, 1828",イチモンジヒラタヒメバチ,kanagawa_redlist,"Pimpla aethiops Curtis, 1828",verbatim,1277964,"Pimpla aethiops Curtis, 1828",Animalia,Arthropoda,Insecta,Hymenoptera,Ichneumonidae,Pimpla,SPECIES,EXACT,100,ACCEPTED,
juniperus rigida siebold & zucc.,Juniperus rigida Siebold & Zucc.,ネズミサシ,kanagawa_redlist,Juniperus rigida Siebold & Zucc.,verbatim,2684517,Juniperus rigida Siebold & Zucc.,Plantae,Tracheophyta,Pinopsida,Pinales,Cupressaceae,Juniperus,SPECIES,EXACT,100,ACCEPTED,
"formica fukaii wheeler, 1914","Formica fukaii Wheeler, 1914",ツノアカヤマアリ,kanagawa_redlist,"Formica fukaii Wheeler, 1914",verbatim,1314879,"Formica fukaii Wheeler, 1914",Animalia,Arthropoda,Insecta,Hymenoptera,Formicidae,Formica,SPECIES,EXACT,100,ACCEPTED,
asarum pseudosavatieri f.maek.,Asarum pseudosavatieri F.Maek.,ズソウカンアオイ,kanagawa_redlist,Asarum pseudosavatieri F.Maek.,verbatim,8519300,Asarum pseudosavatieri F.Maek.,Plantae,Tracheophyta,Magnoliopsida,Piperales,Aristolochiaceae,Asarum,SPECIES,EXACT,100,SYNONYM,
"formica yessensis wheeler, 1913","Formica yessensis Wheeler, 1913",エゾアカヤマアリ,kanagawa_redlist,"Formica yessensis Wheeler, 1913",verbatim,1314934,"Formica yessensis Wheeler, 1913",Animalia,Arthropoda,Insecta,Hymenoptera,Formicidae,Formica,SPECIES,EXACT,100,ACCEPTED,
najas chinensis n.z.wang,Najas chinensis N.Z.Wang,サガミトリゲモ,kanagawa_redlist,Najas chinensis N.Z.Wang,verbatim,5329463,Najas chinensis N.Z.Wang,Plantae,Tracheophyta,Liliopsida,Alismatales,Hydrocharitaceae,Najas,SPECIES,EXACT,100,ACCEPTED,
"polyrhachis (polyrhachis) lamellidens smith, 1874","Polyrhachis (Polyrhachis) lamellidens Smith, 1874",トゲアリ,kanagawa_redlist,"Polyrhachis (Polyrhachis) lamellidens Smith, 1874",verbatim,1318368,"Polyrhachis lamellidens Smith, 1874",Animalia,Arthropoda,Insecta,Hymenoptera,Formicidae,Polyrhachis,SPECIES,EXACT,100,ACCEPTED,
najas japonica nakai,Najas japonica Nakai,イトトリゲモ,kanagawa_redlist,Najas japonica Nakai,verbatim,5329286,Najas japonica Nakai,Plantae,Tracheophyta,Liliopsida,Alismatales,Hydrocharitaceae,Najas,SPECIES,EXACT,100,SYNONYM,
"anoplius (arachnophroctonus) reflexus (smith, 1873)","Anoplius (Arachnophroctonus) reflexus (Smith, 1873)",アカゴシクモバチ,kanagawa_redlist,"Anoplius (Arachnophroctonus) reflexus (Smith, 1873)",verbatim,6128851,"Anoplius reflexus (Smith, 1873)",Animalia,Arthropoda,Insecta,Hymenoptera,Pompilidae,Anoplius,SPECIES,EXACT,100,SYNONYM,
potamogeton maackianus a.benn.,Potamogeton maackianus A.Benn.,センニンモ,kanagawa_redlist,Potamogeton maackianus A.Benn.,verbatim,5642407,Potamogeton maackianus A.Benn.,Plantae,Tracheophyta,Liliopsida,Alismatales,Potamogetonaceae,Potamogeton,SPECIES,EXACT,100,ACCEPTED,
"batozonellus maculifrons (smith, 1873)","Batozonellus maculifrons (Smith, 1873)",モンクモバチ,kanagawa_redlist,"Batozonellus maculifrons (Smith, 1873)",verbatim,10998392,"Batozonellus maculifrons (Smith, 1873)",Animalia,Arthropoda,Insecta,Hymenoptera,Pompilidae,Parabatozonus,SPECIES,EXACT,100,SYNONYM,
potamogeton wrightii morong,Potamogeton wrightii Morong,ササバモ,kanagawa_redlist,Potamogeton wrightii Morong,verbatim,5642490,Potamogeton wrightii Morong,Plantae,Tracheophyta,Liliopsida,Alismatales,Potamogetonaceae,Potamogeton,SPECIES,EXACT,100,ACCEPTED,
"cyphononyx fulvognathus (rohwer, 1911)","Cyphononyx fulvognathus (Rohwer, 1911)",ナミクモバチ,kanagawa_redlist,"Cyphononyx fulvognathus (Rohwer, 1911)",verbatim,8212526,"Cyphononyx fulvognathus (Rohwer, 1911)",Animalia,Arthropoda,Insecta,Hymenoptera,Pompilidae,Cyphononyx,SPECIES,EXACT,100,ACCEPTED,
tulipa edulis (miq.) baker,Tulipa edulis (Miq.) Baker,アマナ,kanagawa_redlist,Tulipa edulis (Miq.) Baker,verbatim,5299304,Tulipa edulis (Miq.) Baker,Plantae,Tracheophyta,Liliopsida,Liliales,Liliaceae,Amana,SPECIES,EXACT,100,SYNONYM,
"eopompilus internalis (matsumura, 1911)","Eopompilus internalis (Matsumura, 1911)",フタモンクモバチ,kanagawa_redlist,"Eopompilus internalis (Matsumura, 1911)",verbatim,8102687,"Eopompilus internalis (Matsumura, 1911)",Animalia,Arthropoda,Insecta,Hymenoptera,Pompilidae,Eopompilus,SPECIES,EXACT,100,ACCEPTED,
tricyrtis latifolia maxim.,Tricyrtis latifolia Maxim.,タマガワホトトギス,kanagawa_redlist,Tricyrtis latifolia Maxim.,verbatim,2752139,Tricyrtis latifolia Maxim.,Plantae,Tracheophyta,Liliopsida,Liliales,Liliaceae,Tricyrtis,SPECIES,EXACT,100,ACCEPTED,
"tiphia (tiphia) femorata biseculata allen & jaynes, 1930","Tiphia (Tiphia) femorata biseculata Allen & Jaynes, 1930",アカアシコツチバチ,kanagawa_redlist,"Tiphia (Tiphia) femorata biseculata Allen & Jaynes, 1930",verbatim,4504842,"Tiphia femorata Fabricius, 1775",Animalia,Arthropoda,Insecta,Hymenoptera,Tiphiidae,Tiphia,SPECIES,HIGHERRANK,99,ACCEPTED,
bletilla striata (thunb.) rchb.f.,Bletilla striata (Thunb.) Rchb.f.,シラン,kanagawa_redlist,Bletilla striata (Thunb.) Rchb.f.,verbatim,2808791,Bletilla striata (Thunb.) Rchb.f.,Plantae,Tracheophyta,Liliopsida,Asparagales,Orchidaceae,Bletilla,SPECIES,EXACT,100,ACCEPTED,
"polistes snelleni saussure, 1862","Polistes snelleni Saussure, 1862",コアシナガバチ,kanagawa_redlist,"Polistes snelleni Saussure, 1862",verbatim,1310697,"Polistes snelleni de Saussure, 1862",Animalia,Arthropoda,Insecta,Hymenoptera,Eumenidae,Polistes,SPECIES,EXACT,100,ACCEPTED,
calanthe discolor lindl.,Calanthe discolor Lindl.,エビネ,kanagawa_redlist,Calanthe discolor Lindl.,verbatim,2795312,Calanthe discolor Lindl.,Plantae,Tracheophyta,Liliopsida,Asparagales,Orchidaceae,Calanthe,SPECIES,EXACT,100,ACCEPTED,
"sceliphron (hensenia) deforme nipponicum tsuneki, 1972","Sceliphron (Hensenia) deforme nipponicum Tsuneki, 1972",ニッポンモンキジガバチ,kanagawa_redlist,"Sceliphron (Hensenia) deforme nipponicum Tsuneki, 1972",verbatim,6252589,"Sceliphron deforme nipponicum Tsuneki, 1972",Animalia,Arthropoda,Insecta,Hymenoptera,Sphecidae,Sceliphron,SUBSPECIES,EXACT,100,ACCEPTED,
cephalanthera falcata (thunb.) blume,Cephalanthera falcata (Thunb.) Blume,キンラン,kanagawa_redlist,Cephalanthera falcata (Thunb.) Blume,verbatim,2795943,Cephalanthera falcata (Thunb.) Blume,Plantae,Tracheophyta,Liliopsida,Asparagales,Orchidaceae,Cephalanthera,SPECIES,EXACT,100,ACCEPTED,
"sceliphron (sceliphron) madraspatanum kohli sickmann, 1894","Sceliphron (Sceliphron) madraspatanum kohli Sickmann, 1894",キゴシジガバチ,kanagawa_redlist,"Sceliphron (Sceliphron) madraspatanum kohli Sickmann, 1894",verbatim,6252579,"Sceliphron madraspatanum kohli Sickmann, 1894",Animalia,Arthropoda,Insecta,Hymenoptera,Sphecidae,Sceliphron,SUBSPECIES,EXACT,100,ACCEPTED,
cymbidium nipponicum (franch. & sav.) rolfe,Cymbidium nipponicum (Franch. & Sav.) Rolfe,サガミラン,kanagawa_redlist,Cymbidium nipponicum (Franch. & Sav.) Rolfe,verbatim,5305641,Cymbidium nipponicum (Franch. & Sav.) Rolfe,Plantae,Tracheophyta,Liliopsida,Asparagales,Orchidaceae,Cymbidium,SPECIES,EXACT,100,SYNONYM,
"oxybelus lewisi cameron, 1890","Oxybelus lewisi Cameron, 1890",サクラトゲアナバチ,kanagawa_redlist,"Oxybelus lewisi Cameron, 1890",verbatim,6129330,"Oxybelus lewisi Cameron, 1890",Animalia,Arthropoda,Insecta,Hymenoptera,Crabronidae,Oxybelus,SPECIES,EXACT,100,ACCEPTED,
goodyera biflora (lindl.) hook.f.,Goodyera biflora (Lindl.) Hook.f.,ベニシュスラン,kanagawa_redlist,Goodyera biflora (Lindl.) Hook.f.,verbatim,2840725,Goodyera biflora (Lindl.) Hook.f.,Plantae,Tracheophyta,Liliopsida,Asparagales,Orchidaceae,Goodyera,SPECIES,EXACT,100,ACCEPTED,
"oxybelus nipponicus tsuneki, 1966","Oxybelus nipponicus Tsuneki, 1966",ニッポントゲアナバチ,kanagawa_redlist,"Oxybelus nipponicus Tsuneki, 1966",verbatim,7346678,"Oxybelus nipponicus Tsuneki, 1966",Animalia,Arthropoda,Insecta,Hymenoptera,Crabronidae,Oxybelus,SPECIES,EXACT,100,ACCEPTED,
lecanorchis nigricans honda var. patipetala y.suwa,Lecanorchis nigricans Honda var. patipetala Y.Suwa,トサノクロムヨウラン,kanagawa_redlist,Lecanorchis nigricans Honda var. patipetala Y.Suwa,verbatim,8022262,Lecanorchis nigricans var. patipetala Y.Sawa,Plantae,Tracheophyta,Liliopsida,Asparagales,Orchidaceae,Lecanorchis,VARIETY,EXACT,84,ACCEPTED,
"bembecinus hungaricus japonicus (sonan, 1934)","Bembecinus hungaricus japonicus (Sonan, 1934)",ヤマトスナハキバチ,kanagawa_redlist,"Bembecinus hungaricus japonicus (Sonan, 1934)",verbatim,9125488,"Bembecinus hungaricus japonicus (Sonan, 1934)",Animalia,Arthropoda,Insecta,Hymenoptera,Crabronidae,Bembecinus,SUBSPECIES,EXACT,100,ACCEPTED,
thrixspermum japonicum (miq.) rchb.f.,Thrixspermum japonicum (Miq.) Rchb.f.,カヤラン,kanagawa_redlist,Thrixspermum japonicum (Miq.) Rchb.f.,verbatim,2846796,Thrixspermum japonicum (Miq.) Rchb.f.,Plantae,Tracheophyta,Liliopsida,Asparagales,Orchidaceae,Thrixspermum,SPECIES,EXACT,100,ACCEPTED,
"cerceris arenaria yanoi tsuneki, 1971","Cerceris arenaria yanoi Tsuneki, 1971",キスジツチスガリ,kanagawa_redlist,"Cerceris arenaria yanoi Tsuneki, 1971",verbatim,8896933,"Cerceris arenaria yanoi Tsuneki, 1971",Animalia,Arthropoda,Insecta,Hymenoptera,Crabronidae,Cerceris,SUBSPECIES,EXACT,100,ACCEPTED,
maianthemum japonicum (a.gray) lafrankie,Maianthemum japonicum (A.Gray) LaFrankie,ユキザサ,kanagawa_redlist,Maianthemum japonicum (A.Gray) LaFrankie,verbatim,2769420,Maianthemum japonicum (A.Gray) LaFrankie,Plantae,Tracheophyta,Liliopsida,Asparagales,Asparagaceae,Maianthemum,SPECIES,EXACT,100,ACCEPTED,
"gorytes tricinctus (pérez, 1905)","Gorytes tricinctus (Pérez, 1905)",ミスジアワフキバチ,kanagawa_redlist,"Gorytes tricinctus (Pérez, 1905)",verbatim,9816751,"Gorytes tricinctus (Pérez, 1905)",Animalia,Arthropoda,Insecta,Hymenoptera,Crabronidae,Gorytes,SPECIES,EXACT,100,ACCEPTED,
polygonatum odoratum (mill.) druce var. thunbergii (c.morren & decne.) h.hara,Polygonatum odoratum (Mill.) Druce var. thunbergii (C.Morren & Decne.) H.Hara,ヤマアマドコロ,kanagawa_redlist,Polygonatum odoratum (Mill.) Druce var. thunbergii (C.Morren & Decne.) H.Hara,verbatim,2770244,Polygonatum odoratum var. thunbergii (C.Morren & Decne.) H.Hara,Plantae,Tracheophyta,Liliopsida,Asparagales,Asparagaceae,Polygonatum,VARIETY,EXACT,100,ACCEPTED,
"hylaeus (lambdopsis) macilentus ikudome, 1989","Hylaeus (Lambdopsis) macilentus Ikudome, 1989",ホソメンハナバチ,kanagawa_redlist,"Hylaeus (Lambdopsis) macilentus Ikudome, 1989",verbatim,1349776,"Hylaeus macilentus Ikudome, 1989",Animalia,Arthropoda,Insecta,Hymenoptera,Colletidae,Hylaeus,SPECIES,EXACT,100,ACCEPTED,
sparganium erectum l.,Sparganium erectum L.,ミクリ,kanagawa_redlist,Sparganium erectum L.,verbatim,7679536,Sparganium erectum L.,Plantae,Tracheophyta,Liliopsida,Poales,Typhaceae,Sparganium,SPECIES,EXACT,100,ACCEPTED,
"hylaeus (nesoprosopis) noomen hirashima, 1977","Hylaeus (Nesoprosopis) noomen Hirashima, 1977",ノウメンハナバチ,kanagawa_redlist,"Hylaeus (Nesoprosopis) noomen Hirashima, 1977",verbatim,1350027,"Hylaeus noomen Hirashima, 1977",Animalia,Arthropoda,Insecta,Hymenoptera,Colletidae,Hylaeus,SPECIES,EXACT,100,ACCEPTED,
eriocaulon robustius (maxim.) makino var. robustius,Eriocaulon robustius (Maxim.) Makino var. robustius,ヒロハノイヌノヒゲ,kanagawa_redlist,Eriocaulon robustius (Maxim.) Makino var. robustius,verbatim,2690554,Eriocaulon robustium (Maxim.) Makino,Plantae,Tracheophyta,Liliopsida,Poales,Eriocaulaceae,Eriocaulon,SPECIES,HIGHERRANK,95,SYNONYM,
"colletes collaris dours, 1872","Colletes collaris Dours, 1872",オオムカシハナバチ,kanagawa_redlist,"Colletes collaris Dours, 1872",verbatim,1348796,"Colletes collaris Dours, 1872",Animalia,Arthropoda,Insecta,Hymenoptera,Colletidae,Colletes,SPECIES,EXACT,100,ACCEPTED,
carex arenicola f.schmidt,Carex arenicola F.Schmidt,クロカワズスゲ,kanagawa_redlist,Carex arenicola F.Schmidt,verbatim,2729469,Carex arenicola F.Schmidt,Plantae,Tracheophyta,Liliopsida,Poales,Cyperaceae,Carex,SPECIES,EXACT,100,ACCEPTED,
"andrena (chlorandrena) orienticola strand, 1915","Andrena (Chlorandrena) orienticola Strand, 1915",トゲアシヒメハナバチ,kanagawa_redlist,"Andrena (Chlorandrena) orienticola Strand, 1915",verbatim,1345710,"Andrena Fabricius, 1775",Animalia,Arthropoda,Insecta,Hymenoptera,Andrenidae,Andrena,GENUS,HIGHERRANK,92,ACCEPTED,
carex scabrifolia steud.,Carex scabrifolia Steud.,シオクグ,kanagawa_redlist,Carex scabrifolia Steud.,verbatim,2725252,Carex scabrifolia Steud.,Plantae,Tracheophyta,Liliopsida,Poales,Cyperaceae,Carex,SPECIES,EXACT,100,ACCEPTED,
"andrena (habromelissa) omogensis hirashima, 1953","Andrena (Habromelissa) omogensis Hirashima, 1953",オモゴヒメハナバチ,kanagawa_redlist,"Andrena (Habromelissa) omogensis Hirashima, 1953",verbatim,1357109,"Andrena omogensis Hirashima, 1953",Animalia,Arthropoda,Insecta,Hymenoptera,Andrenidae,Andrena,SPECIES,EXACT,100,ACCEPTED,
eleocharis pellucida j.presl & c.presl. form. elata h.hara,Eleocharis pellucida J.Presl & C.Presl. form. elata H.Hara,オオハリイ,kanagawa_redlist,Eleocharis pellucida J.Presl & C.Presl. form. elata H.Hara,verbatim,5949763,Eleocharis pellucida f. elata H.Hara,Plantae,Tracheophyta,Liliopsida,Poales,Cyperaceae,Eleocharis,FORM,EXACT,100,SYNONYM,
"andrena (larandrena) echizenia hirashima & haneda, 1972","Andrena (Larandrena) echizenia Hirashima & Haneda, 1972",エチゼンヒメハナバチ,kanagawa_redlist,"Andrena (Larandrena) echizenia Hirashima & Haneda, 1972",verbatim,1357961,"Andrena echizenia Hirashima & Haneda, 1973",Animalia,Arthropoda,Insecta,Hymenoptera,Andrenidae,Andrena,SPECIES,EXACT,100,ACCEPTED,
eleocharis wichurae boeck.,Eleocharis wichurae Boeck.,シカクイ,kanagawa_redlist,Eleocharis wichurae Boeck.,verbatim,2717310,Eleocharis wichurae Boeckeler,Plantae,Tracheophyta,Liliopsida,Poales,Cyperaceae,Eleocharis,SPECIES,EXACT,100,ACCEPTED,
"lasioglossum (dialictus) problematicum (blüthgen, 1923)","Lasioglossum (Dialictus) problematicum (Blüthgen, 1923)",ヒラシマアオコハナバチ,kanagawa_redlist,"Lasioglossum (Dialictus) problematicum (Blüthgen, 1923)",verbatim,1355079,"Lasioglossum problematicum (Blüthgen, 1923)",Animalia,Arthropoda,Insecta,Hymenoptera,Halictidae,Lasioglossum,SPECIES,EXACT,100,ACCEPTED,
calamagrostis pseudophragmites (haller f.) koeler,Calamagrostis pseudophragmites (Haller f.) Koeler,ホッスガヤ,kanagawa_redlist,Calamagrostis pseudophragmites (Haller f.) Koeler,verbatim,4108217,Calamagrostis pseudophragmites (Haller f.) Koeler,Plantae,Tracheophyta,Liliopsida,Poales,Poaceae,Calamagrostis,SPECIES,EXACT,100,ACCEPTED,
"lasioglossum (dialictus) virideglaucum ebmer & sakagami, 1994","Lasioglossum (Dialictus) virideglaucum Ebmer & Sakagami, 1994",ホソナガアオコハナバチ,kanagawa_redlist,"Lasioglossum (Dialictus) virideglaucum Ebmer & Sakagami, 1994",verbatim,1353982,"Lasioglossum virideglaucum Ebmer & Sakagami, 1994",Animalia,Arthropoda,Insecta,Hymenoptera,Halictidae,Lasioglossum,SPECIES,EXACT,100,ACCEPTED,
digitaria ischaemum (schreb.) schreb. ex muhl.,Digitaria ischaemum (Schreb.) Schreb. ex Muhl.,キタメヒシバ,kanagawa_redlist,Digitaria ischaemum (Schreb.) Schreb. ex Muhl.,verbatim,5290003,Digitaria ischaemum (Schreb.) Muhl.,Plantae,Tracheophyta,Liliopsida,Poales,Poaceae,Digitaria,SPECIES,EXACT,100,ACCEPTED,
"lasioglossum (hemihalictus) frigidum sakagami & ebmer, 1996","Lasioglossum (Hemihalictus) frigidum Sakagami & Ebmer, 1996",シモフリチビコハナバチ,kanagawa_redlist,"Lasioglossum (Hemihalictus) frigidum Sakagami & Ebmer, 1996",verbatim,1354731,"Lasioglossum frigidum Sakagami & Ebmer, 1996",Animalia,Arthropoda,Insecta,Hymenoptera,Halictidae,Lasioglossum,SPECIES,EXACT,100,ACCEPTED,
isachne nipponensis ohwi,Isachne nipponensis Ohwi,ハイチゴザサ,kanagawa_redlist,Isachne nipponensis Ohwi,verbatim,4153931,Isachne nipponensis Ohwi,Plantae,Tracheophyta,Liliopsida,Poales,Poaceae,Isachne,SPECIES,EXACT,100,ACCEPTED,
"lipotriches (lipotriches) yasumatsui (hirashima, 1961)","Lipotriches (Lipotriches) yasumatsui (Hirashima, 1961)",ヤスマツコンボウハナバチ,kanagawa_redlist,"Lipotriches (Lipotriches) yasumatsui (Hirashima, 1961)",verbatim,1352466,"Lipotriches yasumatsui (Hirashima, 1961)",Animalia,Arthropoda,Insecta,Hymenoptera,Halictidae,Lipotriches,SPECIES,EXACT,100,ACCEPTED,
phragmites karka (retz.) trin. ex steud.,Phragmites karka (Retz.) Trin. ex Steud.,セイタカヨシ,kanagawa_redlist,Phragmites karka (Retz.) Trin. ex Steud.,verbatim,5290154,Phragmites karka (Retz.) Trin. ex Steud.,Plantae,Tracheophyta,Liliopsida,Poales,Poaceae,Phragmites,SPECIES,EXACT,100,ACCEPTED,
"megachile (eutricharaea) kobensis cockerell, 1918","Megachile (Eutricharaea) kobensis Cockerell, 1918",キヌゲハキリバチ,kanagawa_redlist,"Megachile (Eutricharaea) kobensis Cockerell, 1918",verbatim,1335198,"Megachile kobensis Cockerell, 1918",Animalia,Arthropoda,Insecta,Hymenoptera,Megachilidae,Megachile,SPECIES,EXACT,100,ACCEPTED,
corydalis lineariloba siebold & zucc.,Corydalis lineariloba Siebold & Zucc.,ヤマエンゴサク,kanagawa_redlist,Corydalis lineariloba Siebold & Zucc.,verbatim,7314870,Corydalis lineariloba Siebold & Zucc.,Plantae,Tracheophyta,Magnoliopsida,Ranunculales,Papaveraceae,Corydalis,SPECIES,EXACT,100,ACCEPTED,
"epeolus tsushimensis cockerell, 1926","Epeolus tsushimensis Cockerell, 1926",ヤマトムカシハナバチヤドリ,kanagawa_redlist,"Epeolus tsushimensis Cockerell, 1926",verbatim,1341948,"Epeolus tsushimensis Cockerell, 1926",Animalia,Arthropoda,Insecta,Hymenoptera,Apidae,Epeolus,SPECIES,EXACT,100,ACCEPTED,
anemone raddeana regel,Anemone raddeana Regel,アズマイチゲ,kanagawa_redlist,Anemone raddeana Regel,verbatim,7277070,Anemone raddeana Regel,Plantae,Tracheophyta,Magnoliopsida,Ranunculales,Ranunculaceae,Anemone,SPECIES,EXACT,100,ACCEPTED,
"eucera (tetralonia) mitsukurii (cockerell, 1911)","Eucera (Tetralonia) mitsukurii (Cockerell, 1911)",ミツクリヒゲナガハナバチ,kanagawa_redlist,"Eucera (Tetralonia) mitsukurii (Cockerell, 1911)",verbatim,1340870,"Eucera Scopoli, 1770",Animalia,Arthropoda,Insecta,Hymenoptera,Apidae,Eucera,GENUS,HIGHERRANK,92,ACCEPTED,
dichocarpum hakonense (maek. & tuyama ex ohwi) w.t.wang & p.k.hsiao,Dichocarpum hakonense (Maek. & Tuyama ex Ohwi) W.T.Wang & P.K.Hsiao,ハコネシロカネソウ,kanagawa_redlist,Dichocarpum hakonense (Maek. & Tuyama ex Ohwi) W.T.Wang & P.K.Hsiao,verbatim,3925740,Dichocarpum hakonense (F.Maek. & Tuyama ex Ohwi) W.T.Wang & P.K.Hsiao,Plantae,Tracheophyta,Magnoliopsida,Ranunculales,Ranunculaceae,Dichocarpum,SPECIES,EXACT,100,ACCEPTED,
"neurotoma atrata takeuchi, 1930","Neurotoma atrata Takeuchi, 1930",クロヒラタハバチ,kanagawa_redlist,"Neurotoma atrata Takeuchi, 1930",verbatim,8649885,"Neurotoma atrata Takeuchi, 1930",Animalia,Arthropoda,Insecta,Hymenoptera,Pamphiliidae,Neurotoma,SPECIES,EXACT,100,ACCEPTED,
rodgersia podophylla a.gray,Rodgersia podophylla A.Gray,ヤグルマソウ,kanagawa_redlist,Rodgersia podophylla A.Gray,verbatim,3754587,Rodgersia podophylla A.Gray,Plantae,Tracheophyta,Magnoliopsida,Saxifragales,Saxifragaceae,Rodgersia,SPECIES,EXACT,100,ACCEPTED,
"pamphilius basilaris shinohara, 1985","Pamphilius basilaris Shinohara, 1985",クルミヒラタハバチ,kanagawa_redlist,"Pamphilius basilaris Shinohara, 1985",verbatim,11441965,Pamphilius basilaris,Animalia,Arthropoda,Insecta,Hymenoptera,Pamphiliidae,Pamphilius,SPECIES,EXACT,98,ACCEPTED,
cerasus itosakura (siebold) masam. & suzuki,Cerasus itosakura (Siebold) Masam. & Suzuki,エドヒガン,kanagawa_redlist,Cerasus itosakura (Siebold) Masam. & Suzuki,verbatim,11077766,Cerasus itosakura (Siebold) Masam. & S.Suzuki,Plantae,Tracheophyta,Magnoliopsida,Rosales,Rosaceae,Prunus,SPECIES,EXACT,100,SYNONYM,
"monardis miyatai okutani, 1977","Monardis miyatai Okutani, 1977",ハコネバラハバチ,kanagawa_redlist,"Monardis miyatai Okutani, 1977",verbatim,9675215,"Monardis Benson, 1952",Animalia,Arthropoda,Insecta,Hymenoptera,Tenthredinidae,Monardis,GENUS,HIGHERRANK,94,ACCEPTED,
rubus mesogaeus focke ex diels,Rubus mesogaeus Focke ex Diels,クロイチゴ,kanagawa_redlist,Rubus mesogaeus Focke ex Diels,verbatim,8208160,Rubus mesogaeus Focke ex Diels,Plantae,Tracheophyta,Magnoliopsida,Rosales,Rosaceae,Rubus,SPECIES,EXACT,100,SYNONYM,
"neocolochelyna itoi takeuchi, 1951","Neocolochelyna itoi Takeuchi, 1951",イトウハバチ,kanagawa_redlist,"Neocolochelyna itoi Takeuchi, 1951",verbatim,8640127,"Neocolochelyna itoi Takeuchi, 1951",Animalia,Arthropoda,Insecta,Hymenoptera,Tenthredinidae,Neocolochelyna,SPECIES,EXACT,100,ACCEPTED,
rubus subcrataegifolius (h.lev. &vaniot) h.lev.,Rubus subcrataegifolius (H.Lev. &Vaniot) H.Lev.,ミヤマニガイチゴ,kanagawa_redlist,Rubus subcrataegifolius (H.Lev. &Vaniot) H.Lev.,verbatim,9499508,Rubus subcrataegifolius (H.Lév. & Vaniot) H.Lév.,Plantae,Tracheophyta,Magnoliopsida,Rosales,Rosaceae,Rubus,SPECIES,EXACT,100,ACCEPTED,
"nipponorhynchus mirabilis takeuchi, 1941","Nipponorhynchus mirabilis Takeuchi, 1941",クチナガハバチ,kanagawa_redlist,"Nipponorhynchus mirabilis Takeuchi, 1941",verbatim,9381052,Nipponorhynchus mirabilis Takeuchi,Animalia,Arthropoda,Insecta,Hymenoptera,Tenthredinidae,Nipponorhynchus,SPECIES,EXACT,100,ACCEPTED,
elaeagnus matsunoana makino,Elaeagnus matsunoana Makino,ハコネグミ,kanagawa_redlist,Elaeagnus matsunoana Makino,verbatim,4048322,Elaeagnus matsunoana Makino,Plantae,Tracheophyta,Magnoliopsida,Rosales,Elaeagnaceae,Elaeagnus,SPECIES,EXACT,100,ACCEPTED,
"nipponorhynchus bimaculatus naito, 1973","Nipponorhynchus bimaculatus Naito, 1973",ヒダクチナガハバチ,kanagawa_redlist,"Nipponorhynchus bimaculatus Naito, 1973",verbatim,9385871,"Nipponorhynchus bimaculatus Naito, 1973",Animalia,Arthropoda,Insecta,Hymenoptera,Tenthredinidae,Nipponorhynchus,SPECIES,EXACT,100,ACCEPTED,
berchemiella berchemiifolia (makino) nakai,Berchemiella berchemiifolia (Makino) Nakai,ヨコグラノキ,kanagawa_redlist,Berchemiella berchemiifolia (Makino) Nakai,verbatim,3875970,Berchemiella berchemiifolia (Makino) Nakai,Plantae,Tracheophyta,Magnoliopsida,Rosales,Rhamnaceae,Berchemiella,SPECIES,EXACT,100,ACCEPTED,
"iphiaulax impostor (scopoli, 1763)","Iphiaulax impostor (Scopoli, 1763)",ハネグロアカコマユバチ,kanagawa_redlist,"Iphiaulax impostor (Scopoli, 1763)",verbatim,1257173,"Iphiaulax impostor (Scopoli, 1763)",Animalia,Arthropoda,Insecta,Hymenoptera,Braconidae,Iphiaulax,SPECIES,EXACT,100,ACCEPTED,
actinostemma tenerum griff.,Actinostemma tenerum Griff.,ゴキヅル,kanagawa_redlist,Actinostemma tenerum Griff.,verbatim,7451120,Actinostemma tenerum Griff.,Plantae,Tracheophyta,Magnoliopsida,Cucurbitales,Cucurbitaceae,Actinostemma,SPECIES,EXACT,100,ACCEPTED,
"satous rudis townes, 1970","Satous rudis Townes, 1970",サトウマルヒメバチ,kanagawa_redlist,"Satous rudis Townes, 1970",verbatim,1306373,"Satous rudis Townes, 1970",Animalia,Arthropoda,Insecta,Hymenoptera,Ichneumonidae,Satous,SPECIES,EXACT,100,ACCEPTED,
viola yezoensis maxim.,Viola yezoensis Maxim.,ヒカゲスミレ,kanagawa_redlist,Viola yezoensis Maxim.,verbatim,7296443,Viola yezoensis Maxim.,Plantae,Tracheophyta,Magnoliopsida,Malpighiales,Violaceae,Viola,SPECIES,EXACT,100,ACCEPTED,
"gasteruption oshimense watanabe, 1934","Gasteruption oshimense Watanabe, 1934",クボミコンボウヤセバチ,kanagawa_redlist,"Gasteruption oshimense Watanabe, 1934",verbatim,9330017,"Gasteruption oshimense Watanabe, 1934",Animalia,Arthropoda,Insecta,Hymenoptera,Gasteruptiidae,Gasteruption,SPECIES,EXACT,100,ACCEPTED,
rotala mexicana cham. & schltdl.,Rotala mexicana Cham. & Schltdl.,ミズマツバ,kanagawa_redlist,Rotala mexicana Cham. & Schltdl.,verbatim,7286190,Rotala mexicana Cham. & Schltdl.,Plantae,Tracheophyta,Magnoliopsida,Myrtales,Lythraceae,Rotala,SPECIES,EXACT,100,ACCEPTED,
"chalcis fukuharai habu, 1960","Chalcis fukuharai Habu, 1960",コシボソアシブトコバチ,kanagawa_redlist,"Chalcis fukuharai Habu, 1960",verbatim,6253260,"Chalcis fukuharai Habu, 1960",Animalia,Arthropoda,Insecta,Hymenoptera,Chalcididae,Chalcis,SPECIES,EXACT,100,ACCEPTED,
taxillus kaempferi (dc.) danser,Taxillus kaempferi (DC.) Danser,マツグミ,kanagawa_redlist,Taxillus kaempferi (DC.) Danser,verbatim,7287913,Taxillus kaempferi (DC.) Danser,Plantae,Tracheophyta,Magnoliopsida,Santalales,Loranthaceae,Taxillus,SPECIES,EXACT,100,ACCEPTED,
"elampus musashinus (tsuneki, 1986)","Elampus musashinus (Tsuneki, 1986)",ムサシトゲセイボウ,kanagawa_redlist,"Elampus musashinus (Tsuneki, 1986)",verbatim,10573985,Elampus musashinus,Animalia,Arthropoda,Insecta,Hymenoptera,Chrysididae,Elampus,SPECIES,EXACT,98,ACCEPTED,
achyranthes longifolia (makino) makino,Achyranthes longifolia (Makino) Makino,ヤナギイノコヅチ,kanagawa_redlist,Achyranthes longifolia (Makino) Makino,verbatim,7323683,Achyranthes longifolia (Makino) Makino,Plantae,Tracheophyta,Magnoliopsida,Caryophyllales,Amaranthaceae,Achyranthes,SPECIES,EXACT,100,SYNONYM,
"leptanilla japonica baroni urbani, 1977","Leptanilla japonica Baroni Urbani, 1977",ヤマトムカシアリ,kanagawa_redlist,"Leptanilla japonica Baroni Urbani, 1977",verbatim,1325719,"Leptanilla japonica Baroni Urbani, 1977",Animalia,Arthropoda,Insecta,Hymenoptera,Formicidae,Leptanilla,SPECIES,EXACT,100,ACCEPTED,
deutzia uniflora shirai,Deutzia uniflora Shirai,ウメウツギ,kanagawa_redlist,Deutzia uniflora Shirai,verbatim,3645118,Deutzia uniflora Shirai,Plantae,Tracheophyta,Magnoliopsida,Cornales,Hydrangeaceae,Deutzia,SPECIES,EXACT,100,ACCEPTED,
"cerceris albofasciata albofasciata (rossi, 1790)","Cerceris albofasciata albofasciata (Rossi, 1790)",アカアシツチスガリ,kanagawa_redlist,"Cerceris albofasciata albofasciata (Rossi, 1790)",verbatim,7346689,"Cerceris albofasciata albofasciata (Rossi, 1790)",Animalia,Arthropoda,Insecta,Hymenoptera,Crabronidae,Cerceris,SUBSPECIES,EXACT,100,ACCEPTED,
hypopitys monotropa crantz,Hypopitys monotropa Crantz,シャクジョウソウ,kanagawa_redlist,Hypopitys monotropa Crantz,verbatim,2888342,Hypopitys monotropa Crantz,Plantae,Tracheophyta,Magnoliopsida,Ericales,Ericaceae,Hypopitys,SPECIES,EXACT,100,ACCEPTED,
"didineis sibirica gussakovskij, 1937","Didineis sibirica Gussakovskij, 1937",ナンブツヤアナバチモドキ,kanagawa_redlist,"Didineis sibirica Gussakovskij, 1937",verbatim,7619742,"Didineis sibirica Gussakovskij, 1937",Animalia,Arthropoda,Insecta,Hymenoptera,Crabronidae,Didineis,SPECIES,EXACT,100,ACCEPTED,
vaccinium oldhamii miq.,Vaccinium oldhamii Miq.,ナツハゼ,kanagawa_redlist,Vaccinium oldhamii Miq.,verbatim,4936640,Vaccinium oldhamii Miq.,Plantae,Tracheophyta,Magnoliopsida,Ericales,Ericaceae,Vaccinium,SPECIES,EXACT,100,ACCEPTED,
"ectemnius (cameronitus) flavohirtus tsuneki, 1954","Ectemnius (Cameronitus) flavohirtus Tsuneki, 1954",ウスキギングチ,kanagawa_redlist,"Ectemnius (Cameronitus) flavohirtus Tsuneki, 1954",verbatim,6129374,"Ectemnius flavohirtus Tsuneki, 1954",Animalia,Arthropoda,Insecta,Hymenoptera,Crabronidae,Ectemnius,SPECIES,EXACT,100,ACCEPTED,
archiphysalis chamaesarachoides (makino) kuang,Archiphysalis chamaesarachoides (Makino) Kuang,ヤマホオズキ,kanagawa_redlist,Archiphysalis chamaesarachoides (Makino) Kuang,verbatim,3803005,Archiphysalis chamaesarachoides (Makino) Kuang,Plantae,Tracheophyta,Magnoliopsida,Solanales,Solanaceae,Archiphysalis,SPECIES,EXACT,100,ACCEPTED,
"ectemnius (spadicocrabro) nitobei (matsumura, 1912)","Ectemnius (Spadicocrabro) nitobei (Matsumura, 1912)",ニトベギングチ,kanagawa_redlist,"Ectemnius (Spadicocrabro) nitobei (Matsumura, 1912)",verbatim,6129366,"Ectemnius nitobei (Matsumura, 1912)",Animalia,Arthropoda,Insecta,Hymenoptera,Crabronidae,Ectemnius,SPECIES,EXACT,100,ACCEPTED,
scopolia japonica maxim.,Scopolia japonica Maxim.,ハシリドコロ,kanagawa_redlist,Scopolia japonica Maxim.,verbatim,7299219,Scopolia japonica Maxim.,Plantae,Tracheophyta,Magnoliopsida,Solanales,Solanaceae,Scopolia,SPECIES,EXACT,100,ACCEPTED,
"andrena (micrandrena) minakatai tadauchi, 1985","Andrena (Micrandrena) minakatai Tadauchi, 1985",ムナカタマメヒメハナバチ,kanagawa_redlist,"Andrena (Micrandrena) minakatai Tadauchi, 1985",verbatim,1358131,"Andrena munakatai Tadauchi, 1985",Animalia,Arthropoda,Insecta,Hymenoptera,Andrenidae,Andrena,SPECIES,FUZZY,100,ACCEPTED,
ligustrum tschonoskii decne. var. epile ohwi,Ligustrum tschonoskii Decne. var. epile Ohwi,ミウライボタ,kanagawa_redlist,Ligustrum tschonoskii Decne. var. epile Ohwi,verbatim,6432927,Ligustrum tschonoskii Decne.,Plantae,Tracheophyta,Magnoliopsida,Lamiales,Oleaceae,Ligustrum,SPECIES,HIGHERRANK,99,ACCEPTED,
"coelioxys sakamotorum nagase, 2006","Coelioxys sakamotorum Nagase, 2006",ウロコトガリハナバチ,kanagawa_redlist,"Coelioxys sakamotorum Nagase, 2006",verbatim,1338705,"Coelioxys sakamotorum Nagase, 2006",Animalia,Arthropoda,Insecta,Hymenoptera,Megachilidae,Coelioxys,SPECIES,EXACT,100,ACCEPTED,
limnophila sessiliflora (vahl) blume,Limnophila sessiliflora (Vahl) Blume,キクモ,kanagawa_redlist,Limnophila sessiliflora (Vahl) Blume,verbatim,5415001,Limnophila sessiliflora (Vahl) Blume,Plantae,Tracheophyta,Magnoliopsida,Lamiales,Plantaginaceae,Limnophila,SPECIES,EXACT,100,ACCEPTED,
"megaxyela togashii shinohara, 1992","Megaxyela togashii Shinohara, 1992",オオナギナタハバチ,kanagawa_redlist,"Megaxyela togashii Shinohara, 1992",verbatim,9565325,"Megaxyela togashii Shinohara, 1992",Animalia,Arthropoda,Insecta,Hymenoptera,Xyelidae,Megaxyela,SPECIES,EXACT,100,ACCEPTED,
chelonopsis moschata miq.,Chelonopsis moschata Miq.,ジャコウソウ,kanagawa_redlist,Chelonopsis moschata Miq.,verbatim,5608690,Chelonopsis moschata Miq.,Plantae,Tracheophyta,Magnoliopsida,Lamiales,Lamiaceae,Chelonopsis,SPECIES,EXACT,100,ACCEPTED,
"euurobracon yokahamae (dalla torre, 1898)","Euurobracon yokahamae (Dalla Torre, 1898)",ウマノオバチ,kanagawa_redlist,"Euurobracon yokahamae (Dalla Torre, 1898)",verbatim,1258097,"Euurobracon yokahamae (Dalla Torre, 1898)",Animalia,Arthropoda,Insecta,Hymenoptera,Braconidae,Euurobracon,SPECIES,EXACT,100,ACCEPTED,
inula japonica thunb.,Inula japonica Thunb.,オグルマ,kanagawa_redlist,Inula japonica Thunb.,verbatim,3148520,Inula japonica Thunb.,Plantae,Tracheophyta,Magnoliopsida,Asterales,Asteraceae,Inula,SPECIES,EXACT,100,ACCEPTED,
"polistes chinensis antennalis pérez, 1905","Polistes chinensis antennalis Pérez, 1905",フタモンアシナガバチ,kanagawa_redlist,"Polistes chinensis antennalis Pérez, 1905",verbatim,6249384,"Polistes chinensis antennalis Perkins, 1905",Animalia,Arthropoda,Insecta,Hymenoptera,Eumenidae,Polistes,SUBSPECIES,EXACT,100,ACCEPTED,
ixeris polycephala cass.,Ixeris polycephala Cass.,ノニガナ,kanagawa_redlist,Ixeris polycephala Cass.,verbatim,3115544,Ixeris polycephala Cass.,Plantae,Tracheophyta,Magnoliopsida,Asterales,Asteraceae,Ixeris,SPECIES,EXACT,100,ACCEPTED,
"sphex argentatus fumosus kohl, 1890","Sphex argentatus fumosus Kohl, 1890",クロアナバチ,kanagawa_redlist,"Sphex argentatus fumosus Kohl, 1890",verbatim,6252425,"Sphex argentatus fumosus Kohl, 1890",Animalia,Arthropoda,Insecta,Hymenoptera,Sphecidae,Sphex,SUBSPECIES,EXACT,100,ACCEPTED,
senecio nemorensis l.,Senecio nemorensis L.,キオン,kanagawa_redlist,Senecio nemorensis L.,verbatim,3107839,Senecio nemorensis L.,Plantae,Tracheophyta,Magnoliopsida,Asterales,Asteraceae,Senecio,SPECIES,EXACT,100,ACCEPTED,
"bombus (pyrobombus) ardens ardens smith, 1879","Bombus (Pyrobombus) ardens ardens Smith, 1879",コマルハナバチ,kanagawa_redlist,"Bombus (Pyrobombus) ardens ardens Smith, 1879",verbatim,1340541,"Bombus ardens Smith, 1879",Animalia,Arthropoda,Insecta,Hymenoptera,Apidae,Bombus,SPECIES,HIGHERRANK,99,ACCEPTED,
athyrium nikkoense makino,Athyrium nikkoense Makino,イワイヌワラビ,kanagawa_redlist,Athyrium nikkoense Makino,verbatim,5644208,Athyrium nikkoense Makino,Plantae,Tracheophyta,Polypodiopsida,Polypodiales,Athyriaceae,Athyrium,SPECIES,EXACT,100,ACCEPTED,
enoplognatha margarita yaginuma 1964,Enoplognatha margarita Yaginuma 1964,シロタマヒメグモ,kanagawa_redlist,Enoplognatha margarita Yaginuma 1964,verbatim,2158072,"Enoplognatha margarita Yaginuma, 1964",Animalia,Arthropoda,Arachnida,Araneae,Theridiidae,Enoplognatha,SPECIES,EXACT,100,ACCEPTED,
tofieldia coccinea richards. var. dibotrya m.n.tamura et fuse,Tofieldia coccinea Richards. var. dibotrya M.N.Tamura et Fuse,エダウチゼキショウ,kanagawa_redlist,Tofieldia coccinea Richards. var. dibotrya M.N.Tamura et Fuse,verbatim,9422653,Tofieldia coccinea var. dibotrya M.N.Tamura & Fuse,Plantae,Tracheophyta,Liliopsida,Alismatales,Tofieldiaceae,Tofieldia,VARIETY,EXACT,100,ACCEPTED,
rugathodes nigrolimbatus (yaginuma 1972),Rugathodes nigrolimbatus (Yaginuma 1972),タカネヒメグモ,kanagawa_redlist,Rugathodes nigrolimbatus (Yaginuma 1972),verbatim,2158041,"Rugathodes nigrolimbatus (Yaginuma, 1972)",Animalia,Arthropoda,Arachnida,Araneae,Theridiidae,Rugathodes,SPECIES,EXACT,100,ACCEPTED,
ranunculus nipponicus nakai var. nipponicus,Ranunculus nipponicus Nakai var. nipponicus,イチョウバイカモ,kanagawa_redlist,Ranunculus nipponicus Nakai var. nipponicus,verbatim,7276613,Ranunculus nipponicus Nakai,Plantae,Tracheophyta,Magnoliopsida,Ranunculales,Ranunculaceae,Ranunculus,SPECIES,HIGHERRANK,99,ACCEPTED,
tetragnatha pinicola l. koch 1870,Tetragnatha pinicola L. Koch 1870,ミドリアシナガグモ,kanagawa_redlist,Tetragnatha pinicola L. Koch 1870,verbatim,2151931,"Tetragnatha pinicola L.Koch, 1870",Animalia,Arthropoda,Arachnida,Araneae,Tetragnathidae,Tetragnatha,SPECIES,EXACT,100,ACCEPTED,
daphniphyllum teijsmannii zoll. ex kurz var. hisautii hurus.,Daphniphyllum teijsmannii Zoll. ex Kurz var. hisautii Hurus.,スルガヒメユズリハ,kanagawa_redlist,Daphniphyllum teijsmannii Zoll. ex Kurz var. hisautii Hurus.,verbatim,8098813,Daphniphyllum teysmannii var. hisaultii Hurus.,Plantae,Tracheophyta,Magnoliopsida,Saxifragales,Daphniphyllaceae,Daphniphyllum,VARIETY,FUZZY,100,SYNONYM,
herbiphantes cericeus (s. saito 1934),Herbiphantes cericeus (S. Saito 1934),キヌキリグモ,kanagawa_redlist,Herbiphantes cericeus (S. Saito 1934),verbatim,2136104,"Herbiphantes cericeus (Saito, 1934)",Animalia,Arthropoda,Arachnida,Araneae,Linyphiidae,Herbiphantes,SPECIES,EXACT,100,ACCEPTED,
castanopsis cuspidata (thunb.) schottky,Castanopsis cuspidata (Thunb.) Schottky,ツブラジイ,kanagawa_redlist,Castanopsis cuspidata (Thunb.) Schottky,verbatim,5333089,Castanopsis cuspidata (Thunb.) Schottky,Plantae,Tracheophyta,Magnoliopsida,Fagales,Fagaceae,Castanopsis,SPECIES,EXACT,100,ACCEPTED,
neriene angulifera (schenkel 1953),Neriene angulifera (Schenkel 1953),ハンモックサラグモ,kanagawa_redlist,Neriene angulifera (Schenkel 1953),verbatim,2137348,"Neriene angulifera (Schenkel, 1953)",Animalia,Arthropoda,Arachnida,Araneae,Linyphiidae,Neriene,SPECIES,EXACT,100,ACCEPTED,
alnus hirsuta turcz. ex rupr. var. microphylla (nakai) tatew.,Alnus hirsuta Turcz. ex Rupr. var. microphylla (Nakai) Tatew.,タニガワハンノキ,kanagawa_redlist,Alnus hirsuta Turcz. ex Rupr. var. microphylla (Nakai) Tatew.,verbatim,2876108,Alnus hirsuta var. microphylla (Nakai) Tatew.,Plantae,Tracheophyta,Magnoliopsida,Fagales,Betulaceae,Alnus,VARIETY,EXACT,100,SYNONYM,
neriene marginella (oi 1960),Neriene marginella (Oi 1960),コシロブチサラグモ,kanagawa_redlist,Neriene marginella (Oi 1960),verbatim,2137344,"Neriene marginella (Oi, 1960)",Animalia,Arthropoda,Arachnida,Araneae,Linyphiidae,Neriene,SPECIES,EXACT,100,ACCEPTED,
arenaria trinervia l.,Arenaria trinervia L.,タチハコベ,kanagawa_redlist,Arenaria trinervia L.,verbatim,5588246,Arenaria trinervia L.,Plantae,Tracheophyta,Magnoliopsida,Caryophyllales,Caryophyllaceae,Moehringia,SPECIES,EXACT,100,SYNONYM,
tapinopa guttata komatsu 1937,Tapinopa guttata Komatsu 1937,カナコキグモ,kanagawa_redlist,Tapinopa guttata Komatsu 1937,verbatim,2137313,"Tapinopa guttata Komatsu, 1937",Animalia,Arthropoda,Arachnida,Araneae,Linyphiidae,Tapinopa,SPECIES,EXACT,100,ACCEPTED,
vincetoxicum acuminatum decne.,Vincetoxicum acuminatum Decne.,クサタチバナ,kanagawa_redlist,Vincetoxicum acuminatum Decne.,verbatim,8270762,Vincetoxicum acuminatum C.Morren ex Decne.,Plantae,Tracheophyta,Magnoliopsida,Gentianales,Apocynaceae,Vincetoxicum,SPECIES,EXACT,100,SYNONYM,
philodromus aureolus (clerck 1757),Philodromus aureolus (Clerck 1757),コガネエビグモ,kanagawa_redlist,Philodromus aureolus (Clerck 1757),verbatim,10196288,"Philodromus aureolus (Clerck, 1757)",Animalia,Arthropoda,Arachnida,Araneae,Philodromidae,Philodromus,SPECIES,EXACT,100,ACCEPTED,
clinopodium micranthum (regel) h.hara var. sachalinense (f.schmidt) t.yamaz. & murata,Clinopodium micranthum (Regel) H.Hara var. sachalinense (F.Schmidt) T.Yamaz. & Murata,ミヤマトウバナ,kanagawa_redlist,Clinopodium micranthum (Regel) H.Hara var. sachalinense (F.Schmidt) T.Yamaz. & Murata,verbatim,3886425,Clinopodium micranthum var. sachalinense (F.Schmidt) T.Yamaz. & Murata,Plantae,Tracheophyta,Magnoliopsida,Lamiales,Lamiaceae,Clinopodium,VARIETY,EXACT,100,ACCEPTED,
tibellus oblongus (walckenaer 1802),Tibellus oblongus (Walckenaer 1802),スジシャコグモ,kanagawa_redlist,Tibellus oblongus (Walckenaer 1802),verbatim,9805173,"Tibellus oblongus (Walckenaer, 1802)",Animalia,Arthropoda,Arachnida,Araneae,Philodromidae,Tibellus,SPECIES,EXACT,100,ACCEPTED,
argiope amoena l. koch 1878,Argiope amoena L. Koch 1878,コガネグモ,kanagawa_redlist,Argiope amoena L. Koch 1878,verbatim,5171009,"Argiope amoena L.Koch, 1878",Animalia,Arthropoda,Arachnida,Araneae,Araneidae,Argiope,SPECIES,EXACT,100,ACCEPTED,
misumena vatia (clerck 1757),Misumena vatia (Clerck 1757),ヒメハナグモ,kanagawa_redlist,Misumena vatia (Clerck 1757),verbatim,2165951,"Misumena vatia (Clerck, 1757)",Animalia,Arthropoda,Arachnida,Araneae,Thomisidae,Misumena,SPECIES,EXACT,100,ACCEPTED,
chrysso foliata (l.koch 1878),Chrysso foliata (L.Koch 1878),ホシミドリヒメグモ,kanagawa_redlist,Chrysso foliata (L.Koch 1878),verbatim,2156210,"Chrysso foliata (L.Koch, 1878)",Animalia,Arthropoda,Arachnida,Araneae,Theridiidae,Chrysso,SPECIES,EXACT,100,ACCEPTED,
physcoa scintillans thorell 1895,Physcoa scintillans Thorell 1895,コガネヒメグモ,kanagawa_redlist,Physcoa scintillans Thorell 1895,verbatim,11269476,"Physcoa scintillans Thorell, 1895",Animalia,Arthropoda,Arachnida,Araneae,Theridiidae,Chrysso,SPECIES,EXACT,100,SYNONYM,
alenatea acusiseta (zhu & song 1994),Alenatea acusiseta (Zhu & Song 1994),オオクマヤミイロオニグモ,kanagawa_redlist,Alenatea acusiseta (Zhu & Song 1994),verbatim,11613434,"Alenatea acusiseta (Zhu & Song, 1994)",Animalia,Arthropoda,Arachnida,Araneae,Araneidae,Alenatea,SPECIES,EXACT,100,ACCEPTED,
araneus ishisawai kishida 1928,Araneus ishisawai Kishida 1928,イシサワオニグモ,kanagawa_redlist,Araneus ishisawai Kishida 1928,verbatim,2160036,"Araneus ishisawai Kishida, 1928",Animalia,Arthropoda,Arachnida,Araneae,Araneidae,Araneus,SPECIES,EXACT,100,ACCEPTED,
cyclosa kumadai tanikawa 1992,Cyclosa kumadai Tanikawa 1992,クマダギンナガゴミグモ,kanagawa_redlist,Cyclosa kumadai Tanikawa 1992,verbatim,2158280,"Cyclosa kumadai Tanikawa, 1992",Animalia,Arthropoda,Arachnida,Araneae,Araneidae,Cyclosa,SPECIES,EXACT,100,ACCEPTED,
plebs sachalinensis (s. saito 1934),Plebs sachalinensis (S. Saito 1934),カラフトオニグモ,kanagawa_redlist,Plebs sachalinensis (S. Saito 1934),verbatim,7986506,"Plebs sachalinensis (Saito, 1934)",Animalia,Arthropoda,Arachnida,Araneae,Araneidae,Plebs,SPECIES,EXACT,100,ACCEPTED,
metellina ornata (chikuni 1955),Metellina ornata (Chikuni 1955),キンヨウグモ,kanagawa_redlist,Metellina ornata (Chikuni 1955),verbatim,10329424,"Metellina ornata (Chikuni, 1955)",Animalia,Arthropoda,Arachnida,Araneae,Tetragnathidae,Metellina,SPECIES,EXACT,100,ACCEPTED,
tetragnatha yesoensis s. saito 1934,Tetragnatha yesoensis S. Saito 1934,エゾアシナガグモ,kanagawa_redlist,Tetragnatha yesoensis S. Saito 1934,verbatim,2151977,"Tetragnatha yesoensis Saito, 1934",Animalia,Arthropoda,Arachnida,Araneae,Tetragnathidae,Tetragnatha,SPECIES,EXACT,100,ACCEPTED,
ketambea nigripectoris (oi 1960),Ketambea nigripectoris (Oi 1960),ムネグロサラグモ,kanagawa_redlist,Ketambea nigripectoris (Oi 1960),verbatim,9849765,"Ketambea nigripectoris (Oi, 1960)",Animalia,Arthropoda,Arachnida,Araneae,Linyphiidae,Ketambea,SPECIES,EXACT,100,ACCEPTED,
neriene fusca (oi 1960),Neriene fusca (Oi 1960),クスミサラグモ,kanagawa_redlist,Neriene fusca (Oi 1960),verbatim,2137359,"Neriene fusca (Oi, 1960)",Animalia,Arthropoda,Arachnida,Araneae,Linyphiidae,Neriene,SPECIES,EXACT,100,ACCEPTED,
neriene japonica (oi 1960),Neriene japonica (Oi 1960),ツリサラグモ,kanagawa_redlist,Neriene japonica (Oi 1960),verbatim,2137365,"Neriene japonica (Oi, 1960)",Animalia,Arthropoda,Arachnida,Araneae,Linyphiidae,Neriene,SPECIES,EXACT,100,ACCEPTED,
