assignment_id,key_code,facility_id,share,confidence,valid_from,valid_to,source_doc_id,note_ja
TRACE_YOK:141010010,141010010,FAC_YOK_NISHIYA,1.0,medium,2026-04-01,,DOC_YOK_SUISHITSU_R8,令和8年度水質検査計画 p11「各水源の主な給水区域」図からのラスタ読み取り。相模川系統（西谷浄水場系）。図は「主な給水区域」であり町丁目単位の断定ではない。純度 98%（判定に使った画素 19313）。位置合わせ IoU 0.863（4パラメータ）
TRACE_YOK:14101003001,14101003001,FAC_YOK_NISHIYA,1.0,low,2026-04-01,,DOC_YOK_SUISHITSU_R8,令和8年度水質検査計画 p11「各水源の主な給水区域」図からのラスタ読み取り。相模川系統（西谷浄水場系）。図は「主な給水区域」であり町丁目単位の断定ではない。純度 64%（判定に使った画素 3941）。位置合わせ IoU 0.863（4パラメータ）
TRACE_YOK:14101003002,14101003002,FAC_YOK_NISHIYA,1.0,medium,2026-04-01,,DOC_YOK_SUISHITSU_R8,令和8年度水質検査計画 p11「各水源の主な給水区域」図からのラスタ読み取り。相模川系統（西谷浄水場系）。図は「主な給水区域」であり町丁目単位の断定ではない。純度 100%（判定に使った画素 2836）。位置合わせ IoU 0.863（4パラメータ）
TRACE_YOK:14101003003,14101003003,FAC_YOK_NISHIYA,1.0,low,2026-04-01,,DOC_YOK_SUISHITSU_R8,令和8年度水質検査計画 p11「各水源の主な給水区域」図からのラスタ読み取り。相模川系統（西谷浄水場系）。図は「主な給水区域」であり町丁目単位の断定ではない。純度 74%（判定に使った画素 1380）。位置合わせ IoU 0.863（4パラメータ）
TRACE_YOK:14101003004,14101003004,FAC_YOK_NISHIYA,1.0,low,2026-04-01,,DOC_YOK_SUISHITSU_R8,令和8年度水質検査計画 p11「各水源の主な給水区域」図からのラスタ読み取り。相模川系統（西谷浄水場系）。図は「主な給水区域」であり町丁目単位の断定ではない。純度 95%（判定に使った画素 394）。位置合わせ IoU 0.863（4パラメータ）
TRACE_YOK:14101003005,14101003005,FAC_YOK_NISHIYA,1.0,medium,2026-04-01,,DOC_YOK_SUISHITSU_R8,令和8年度水質検査計画 p11「各水源の主な給水区域」図からのラスタ読み取り。相模川系統（西谷浄水場系）。図は「主な給水区域」であり町丁目単位の断定ではない。純度 98%（判定に使った画素 991）。位置合わせ IoU 0.863（4パラメータ）
TRACE_YOK:14101008001,14101008001,FAC_KGD_NISHINAGASAWA,1.0,medium,2026-04-01,,DOC_YOK_SUISHITSU_R8,令和8年度水質検査計画 p11「各水源の主な給水区域」図からのラスタ読み取り。企業団酒匂川系統（西長沢・相模原浄水場系）。図は「主な給水区域」であり町丁目単位の断定ではない。純度 100%（判定に使った画素 1836）。位置合わせ IoU 0.863（4パラメータ）。図では西長沢浄水場系と相模原浄水場系が同じ色で区別できないため供給水量の大きい西長沢に寄せている（企業団の1日平均供給水量 R7年度 西長沢 467486 ㎥ / 相模原 248448 ㎥）
TRACE_YOK:14101008002,14101008002,FAC_KGD_NISHINAGASAWA,1.0,medium,2026-04-01,,DOC_YOK_SUISHITSU_R8,令和8年度水質検査計画 p11「各水源の主な給水区域」図からのラスタ読み取り。企業団酒匂川系統（西長沢・相模原浄水場系）。図は「主な給水区域」であり町丁目単位の断定ではない。純度 100%（判定に使った画素 1367）。位置合わせ IoU 0.863（4パラメータ）。図では西長沢浄水場系と相模原浄水場系が同じ色で区別できないため供給水量の大きい西長沢に寄せている（企業団の1日平均供給水量 R7年度 西長沢 467486 ㎥ / 相模原 248448 ㎥）
TRACE_YOK:14101008003,14101008003,FAC_KGD_NISHINAGASAWA,1.0,medium,2026-04-01,,DOC_YOK_SUISHITSU_R8,令和8年度水質検査計画 p11「各水源の主な給水区域」図からのラスタ読み取り。企業団酒匂川系統（西長沢・相模原浄水場系）。図は「主な給水区域」であり町丁目単位の断定ではない。純度 100%（判定に使った画素 2177）。位置合わせ IoU 0.863（4パラメータ）。図では西長沢浄水場系と相模原浄水場系が同じ色で区別できないため供給水量の大きい西長沢に寄せている（企業団の1日平均供給水量 R7年度 西長沢 467486 ㎥ / 相模原 248448 ㎥）
TRACE_YOK:14101008004,14101008004,FAC_KGD_NISHINAGASAWA,1.0,medium,2026-04-01,,DOC_YOK_SUISHITSU_R8,令和8年度水質検査計画 p11「各水源の主な給水区域」図からのラスタ読み取り。企業団酒匂川系統（西長沢・相模原浄水場系）。図は「主な給水区域」であり町丁目単位の断定ではない。純度 96%（判定に使った画素 1394）。位置合わせ IoU 0.863（4パラメータ）。図では西長沢浄水場系と相模原浄水場系が同じ色で区別できないため供給水量の大きい西長沢に寄せている（企業団の1日平均供給水量 R7年度 西長沢 467486 ㎥ / 相模原 248448 ㎥）
TRACE_YOK:14101012001,14101012001,FAC_KGD_NISHINAGASAWA,1.0,low,2026-04-01,,DOC_YOK_SUISHITSU_R8,令和8年度水質検査計画 p11「各水源の主な給水区域」図からのラスタ読み取り。企業団酒匂川系統（西長沢・相模原浄水場系）。図は「主な給水区域」であり町丁目単位の断定ではない。純度 59%（判定に使った画素 1777）。位置合わせ IoU 0.863（4パラメータ）。図では西長沢浄水場系と相模原浄水場系が同じ色で区別できないため供給水量の大きい西長沢に寄せている（企業団の1日平均供給水量 R7年度 西長沢 467486 ㎥ / 相模原 248448 ㎥）
TRACE_YOK:14101012002,14101012002,FAC_YOK_NISHIYA,1.0,low,2026-04-01,,DOC_YOK_SUISHITSU_R8,令和8年度水質検査計画 p11「各水源の主な給水区域」図からのラスタ読み取り。相模川系統（西谷浄水場系）。図は「主な給水区域」であり町丁目単位の断定ではない。純度 59%（判定に使った画素 3352）。位置合わせ IoU 0.863（4パラメータ）
TRACE_YOK:14101014001,14101014001,FAC_YOK_NISHIYA,1.0,low,2026-04-01,,DOC_YOK_SUISHITSU_R8,令和8年度水質検査計画 p11「各水源の主な給水区域」図からのラスタ読み取り。相模川系統（西谷浄水場系）。図は「主な給水区域」であり町丁目単位の断定ではない。純度 58%（判定に使った画素 703）。位置合わせ IoU 0.863（4パラメータ）
TRACE_YOK:14101014002,14101014002,FAC_YOK_NISHIYA,1.0,low,2026-04-01,,DOC_YOK_SUISHITSU_R8,令和8年度水質検査計画 p11「各水源の主な給水区域」図からのラスタ読み取り。相模川系統（西谷浄水場系）。図は「主な給水区域」であり町丁目単位の断定ではない。純度 82%（判定に使った画素 250）。位置合わせ IoU 0.863（4パラメータ）
TRACE_YOK:141010160,141010160,FAC_KGD_NISHINAGASAWA,1.0,low,2026-04-01,,DOC_YOK_SUISHITSU_R8,令和8年度水質検査計画 p11「各水源の主な給水区域」図からのラスタ読み取り。企業団酒匂川系統（西長沢・相模原浄水場系）。図は「主な給水区域」であり町丁目単位の断定ではない。純度 56%（判定に使った画素 1131）。位置合わせ IoU 0.863（4パラメータ）。図では西長沢浄水場系と相模原浄水場系が同じ色で区別できないため供給水量の大きい西長沢に寄せている（企業団の1日平均供給水量 R7年度 西長沢 467486 ㎥ / 相模原 248448 ㎥）
TRACE_YOK:141010170,141010170,FAC_YOK_NISHIYA,1.0,medium,2026-04-01,,DOC_YOK_SUISHITSU_R8,令和8年度水質検査計画 p11「各水源の主な給水区域」図からのラスタ読み取り。相模川系統（西谷浄水場系）。図は「主な給水区域」であり町丁目単位の断定ではない。純度 100%（判定に使った画素 2512）。位置合わせ IoU 0.863（4パラメータ）
TRACE_YOK:141010180,141010180,FAC_YOK_NISHIYA,1.0,medium,2026-04-01,,DOC_YOK_SUISHITSU_R8,令和8年度水質検査計画 p11「各水源の主な給水区域」図からのラスタ読み取り。相模川系統（西谷浄水場系）。図は「主な給水区域」であり町丁目単位の断定ではない。純度 100%（判定に使った画素 2065）。位置合わせ IoU 0.863（4パラメータ）
TRACE_YOK:14101019001,14101019001,FAC_KGD_NISHINAGASAWA,1.0,low,2026-04-01,,DOC_YOK_SUISHITSU_R8,令和8年度水質検査計画 p11「各水源の主な給水区域」図からのラスタ読み取り。企業団酒匂川系統（西長沢・相模原浄水場系）。図は「主な給水区域」であり町丁目単位の断定ではない。純度 75%（判定に使った画素 369）。位置合わせ IoU 0.863（4パラメータ）。図では西長沢浄水場系と相模原浄水場系が同じ色で区別できないため供給水量の大きい西長沢に寄せている（企業団の1日平均供給水量 R7年度 西長沢 467486 ㎥ / 相模原 248448 ㎥）
TRACE_YOK:14101019002,14101019002,FAC_KGD_NISHINAGASAWA,1.0,medium,2026-04-01,,DOC_YOK_SUISHITSU_R8,令和8年度水質検査計画 p11「各水源の主な給水区域」図からのラスタ読み取り。企業団酒匂川系統（西長沢・相模原浄水場系）。図は「主な給水区域」であり町丁目単位の断定ではない。純度 100%（判定に使った画素 1231）。位置合わせ IoU 0.863（4パラメータ）。図では西長沢浄水場系と相模原浄水場系が同じ色で区別できないため供給水量の大きい西長沢に寄せている（企業団の1日平均供給水量 R7年度 西長沢 467486 ㎥ / 相模原 248448 ㎥）
TRACE_YOK:14101019003,14101019003,FAC_KGD_NISHINAGASAWA,1.0,medium,2026-04-01,,DOC_YOK_SUISHITSU_R8,令和8年度水質検査計画 p11「各水源の主な給水区域」図からのラスタ読み取り。企業団酒匂川系統（西長沢・相模原浄水場系）。図は「主な給水区域」であり町丁目単位の断定ではない。純度 99%（判定に使った画素 760）。位置合わせ IoU 0.863（4パラメータ）。図では西長沢浄水場系と相模原浄水場系が同じ色で区別できないため供給水量の大きい西長沢に寄せている（企業団の1日平均供給水量 R7年度 西長沢 467486 ㎥ / 相模原 248448 ㎥）
TRACE_YOK:14101019004,14101019004,FAC_KGD_NISHINAGASAWA,1.0,medium,2026-04-01,,DOC_YOK_SUISHITSU_R8,令和8年度水質検査計画 p11「各水源の主な給水区域」図からのラスタ読み取り。企業団酒匂川系統（西長沢・相模原浄水場系）。図は「主な給水区域」であり町丁目単位の断定ではない。純度 100%（判定に使った画素 488）。位置合わせ IoU 0.863（4パラメータ）。図では西長沢浄水場系と相模原浄水場系が同じ色で区別できないため供給水量の大きい西長沢に寄せている（企業団の1日平均供給水量 R7年度 西長沢 467486 ㎥ / 相模原 248448 ㎥）
TRACE_YOK:14101019005,14101019005,FAC_KGD_NISHINAGASAWA,1.0,medium,2026-04-01,,DOC_YOK_SUISHITSU_R8,令和8年度水質検査計画 p11「各水源の主な給水区域」図からのラスタ読み取り。企業団酒匂川系統（西長沢・相模原浄水場系）。図は「主な給水区域」であり町丁目単位の断定ではない。純度 100%（判定に使った画素 359）。位置合わせ IoU 0.863（4パラメータ）。図では西長沢浄水場系と相模原浄水場系が同じ色で区別できないため供給水量の大きい西長沢に寄せている（企業団の1日平均供給水量 R7年度 西長沢 467486 ㎥ / 相模原 248448 ㎥）
TRACE_YOK:14101019006,14101019006,FAC_KGD_NISHINAGASAWA,1.0,medium,2026-04-01,,DOC_YOK_SUISHITSU_R8,令和8年度水質検査計画 p11「各水源の主な給水区域」図からのラスタ読み取り。企業団酒匂川系統（西長沢・相模原浄水場系）。図は「主な給水区域」であり町丁目単位の断定ではない。純度 100%（判定に使った画素 145）。位置合わせ IoU 0.863（4パラメータ）。図では西長沢浄水場系と相模原浄水場系が同じ色で区別できないため供給水量の大きい西長沢に寄せている（企業団の1日平均供給水量 R7年度 西長沢 467486 ㎥ / 相模原 248448 ㎥）
TRACE_YOK:14101019007,14101019007,FAC_KGD_NISHINAGASAWA,1.0,medium,2026-04-01,,DOC_YOK_SUISHITSU_R8,令和8年度水質検査計画 p11「各水源の主な給水区域」図からのラスタ読み取り。企業団酒匂川系統（西長沢・相模原浄水場系）。図は「主な給水区域」であり町丁目単位の断定ではない。純度 100%（判定に使った画素 944）。位置合わせ IoU 0.863（4パラメータ）。図では西長沢浄水場系と相模原浄水場系が同じ色で区別できないため供給水量の大きい西長沢に寄せている（企業団の1日平均供給水量 R7年度 西長沢 467486 ㎥ / 相模原 248448 ㎥）
TRACE_YOK:14101026001,14101026001,FAC_KGD_NISHINAGASAWA,1.0,medium,2026-04-01,,DOC_YOK_SUISHITSU_R8,令和8年度水質検査計画 p11「各水源の主な給水区域」図からのラスタ読み取り。企業団酒匂川系統（西長沢・相模原浄水場系）。図は「主な給水区域」であり町丁目単位の断定ではない。純度 100%（判定に使った画素 437）。位置合わせ IoU 0.863（4パラメータ）。図では西長沢浄水場系と相模原浄水場系が同じ色で区別できないため供給水量の大きい西長沢に寄せている（企業団の1日平均供給水量 R7年度 西長沢 467486 ㎥ / 相模原 248448 ㎥）
TRACE_YOK:14101026002,14101026002,FAC_KGD_NISHINAGASAWA,1.0,medium,2026-04-01,,DOC_YOK_SUISHITSU_R8,令和8年度水質検査計画 p11「各水源の主な給水区域」図からのラスタ読み取り。企業団酒匂川系統（西長沢・相模原浄水場系）。図は「主な給水区域」であり町丁目単位の断定ではない。純度 100%（判定に使った画素 940）。位置合わせ IoU 0.863（4パラメータ）。図では西長沢浄水場系と相模原浄水場系が同じ色で区別できないため供給水量の大きい西長沢に寄せている（企業団の1日平均供給水量 R7年度 西長沢 467486 ㎥ / 相模原 248448 ㎥）
TRACE_YOK:14101026003,14101026003,FAC_KGD_NISHINAGASAWA,1.0,low,2026-04-01,,DOC_YOK_SUISHITSU_R8,令和8年度水質検査計画 p11「各水源の主な給水区域」図からのラスタ読み取り。企業団酒匂川系統（西長沢・相模原浄水場系）。図は「主な給水区域」であり町丁目単位の断定ではない。純度 89%（判定に使った画素 1625）。位置合わせ IoU 0.863（4パラメータ）。図では西長沢浄水場系と相模原浄水場系が同じ色で区別できないため供給水量の大きい西長沢に寄せている（企業団の1日平均供給水量 R7年度 西長沢 467486 ㎥ / 相模原 248448 ㎥）
TRACE_YOK:14101026004,14101026004,FAC_KGD_NISHINAGASAWA,1.0,medium,2026-04-01,,DOC_YOK_SUISHITSU_R8,令和8年度水質検査計画 p11「各水源の主な給水区域」図からのラスタ読み取り。企業団酒匂川系統（西長沢・相模原浄水場系）。図は「主な給水区域」であり町丁目単位の断定ではない。純度 99%（判定に使った画素 1491）。位置合わせ IoU 0.863（4パラメータ）。図では西長沢浄水場系と相模原浄水場系が同じ色で区別できないため供給水量の大きい西長沢に寄せている（企業団の1日平均供給水量 R7年度 西長沢 467486 ㎥ / 相模原 248448 ㎥）
TRACE_YOK:14101026005,14101026005,FAC_KGD_NISHINAGASAWA,1.0,medium,2026-04-01,,DOC_YOK_SUISHITSU_R8,令和8年度水質検査計画 p11「各水源の主な給水区域」図からのラスタ読み取り。企業団酒匂川系統（西長沢・相模原浄水場系）。図は「主な給水区域」であり町丁目単位の断定ではない。純度 100%（判定に使った画素 191）。位置合わせ IoU 0.863（4パラメータ）。図では西長沢浄水場系と相模原浄水場系が同じ色で区別できないため供給水量の大きい西長沢に寄せている（企業団の1日平均供給水量 R7年度 西長沢 467486 ㎥ / 相模原 248448 ㎥）
TRACE_YOK:14101026006,14101026006,FAC_KGD_NISHINAGASAWA,1.0,medium,2026-04-01,,DOC_YOK_SUISHITSU_R8,令和8年度水質検査計画 p11「各水源の主な給水区域」図からのラスタ読み取り。企業団酒匂川系統（西長沢・相模原浄水場系）。図は「主な給水区域」であり町丁目単位の断定ではない。純度 100%（判定に使った画素 574）。位置合わせ IoU 0.863（4パラメータ）。図では西長沢浄水場系と相模原浄水場系が同じ色で区別できないため供給水量の大きい西長沢に寄せている（企業団の1日平均供給水量 R7年度 西長沢 467486 ㎥ / 相模原 248448 ㎥）
TRACE_YOK:14101026007,14101026007,FAC_KGD_NISHINAGASAWA,1.0,medium,2026-04-01,,DOC_YOK_SUISHITSU_R8,令和8年度水質検査計画 p11「各水源の主な給水区域」図からのラスタ読み取り。企業団酒匂川系統（西長沢・相模原浄水場系）。図は「主な給水区域」であり町丁目単位の断定ではない。純度 100%（判定に使った画素 511）。位置合わせ IoU 0.863（4パラメータ）。図では西長沢浄水場系と相模原浄水場系が同じ色で区別できないため供給水量の大きい西長沢に寄せている（企業団の1日平均供給水量 R7年度 西長沢 467486 ㎥ / 相模原 248448 ㎥）
TRACE_YOK:14101033101,14101033101,FAC_KGD_NISHINAGASAWA,1.0,low,2026-04-01,,DOC_YOK_SUISHITSU_R8,令和8年度水質検査計画 p11「各水源の主な給水区域」図からのラスタ読み取り。企業団酒匂川系統（西長沢・相模原浄水場系）。図は「主な給水区域」であり町丁目単位の断定ではない。純度 70%（判定に使った画素 3770）。位置合わせ IoU 0.863（4パラメータ）。図では西長沢浄水場系と相模原浄水場系が同じ色で区別できないため供給水量の大きい西長沢に寄せている（企業団の1日平均供給水量 R7年度 西長沢 467486 ㎥ / 相模原 248448 ㎥）
TRACE_YOK:14101033102,14101033102,FAC_YOK_KOSUZUME,1.0,low,2026-04-01,,DOC_YOK_SUISHITSU_R8,令和8年度水質検査計画 p11「各水源の主な給水区域」図からのラスタ読み取り。馬入川系統（小雀浄水場系）。図は「主な給水区域」であり町丁目単位の断定ではない。純度 76%（判定に使った画素 2787）。位置合わせ IoU 0.863（4パラメータ）
TRACE_YOK:14101033103,14101033103,FAC_KGD_NISHINAGASAWA,1.0,low,2026-04-01,,DOC_YOK_SUISHITSU_R8,令和8年度水質検査計画 p11「各水源の主な給水区域」図からのラスタ読み取り。企業団酒匂川系統（西長沢・相模原浄水場系）。図は「主な給水区域」であり町丁目単位の断定ではない。純度 62%（判定に使った画素 2511）。位置合わせ IoU 0.863（4パラメータ）。図では西長沢浄水場系と相模原浄水場系が同じ色で区別できないため供給水量の大きい西長沢に寄せている（企業団の1日平均供給水量 R7年度 西長沢 467486 ㎥ / 相模原 248448 ㎥）
TRACE_YOK:14101034101,14101034101,FAC_YOK_KOSUZUME,1.0,low,2026-04-01,,DOC_YOK_SUISHITSU_R8,令和8年度水質検査計画 p11「各水源の主な給水区域」図からのラスタ読み取り。馬入川系統（小雀浄水場系）。図は「主な給水区域」であり町丁目単位の断定ではない。純度 74%（判定に使った画素 2812）。位置合わせ IoU 0.863（4パラメータ）
TRACE_YOK:14101034102,14101034102,FAC_YOK_KOSUZUME,1.0,medium,2026-04-01,,DOC_YOK_SUISHITSU_R8,令和8年度水質検査計画 p11「各水源の主な給水区域」図からのラスタ読み取り。馬入川系統（小雀浄水場系）。図は「主な給水区域」であり町丁目単位の断定ではない。純度 100%（判定に使った画素 2544）。位置合わせ IoU 0.863（4パラメータ）
TRACE_YOK:14101034103,14101034103,FAC_YOK_KOSUZUME,1.0,low,2026-04-01,,DOC_YOK_SUISHITSU_R8,令和8年度水質検査計画 p11「各水源の主な給水区域」図からのラスタ読み取り。馬入川系統（小雀浄水場系）。図は「主な給水区域」であり町丁目単位の断定ではない。純度 95%（判定に使った画素 3710）。位置合わせ IoU 0.863（4パラメータ）
TRACE_YOK:14101034104,14101034104,FAC_YOK_KOSUZUME,1.0,medium,2026-04-01,,DOC_YOK_SUISHITSU_R8,令和8年度水質検査計画 p11「各水源の主な給水区域」図からのラスタ読み取り。馬入川系統（小雀浄水場系）。図は「主な給水区域」であり町丁目単位の断定ではない。純度 100%（判定に使った画素 3435）。位置合わせ IoU 0.863（4パラメータ）
TRACE_YOK:14101034105,14101034105,FAC_YOK_KOSUZUME,1.0,medium,2026-04-01,,DOC_YOK_SUISHITSU_R8,令和8年度水質検査計画 p11「各水源の主な給水区域」図からのラスタ読み取り。馬入川系統（小雀浄水場系）。図は「主な給水区域」であり町丁目単位の断定ではない。純度 100%（判定に使った画素 2857）。位置合わせ IoU 0.863（4パラメータ）
TRACE_YOK:14101035001,14101035001,FAC_KGD_NISHINAGASAWA,1.0,low,2026-04-01,,DOC_YOK_SUISHITSU_R8,令和8年度水質検査計画 p11「各水源の主な給水区域」図からのラスタ読み取り。企業団酒匂川系統（西長沢・相模原浄水場系）。図は「主な給水区域」であり町丁目単位の断定ではない。純度 68%（判定に使った画素 1962）。位置合わせ IoU 0.863（4パラメータ）。図では西長沢浄水場系と相模原浄水場系が同じ色で区別できないため供給水量の大きい西長沢に寄せている（企業団の1日平均供給水量 R7年度 西長沢 467486 ㎥ / 相模原 248448 ㎥）
TRACE_YOK:14101035002,14101035002,FAC_YOK_NISHIYA,1.0,medium,2026-04-01,,DOC_YOK_SUISHITSU_R8,令和8年度水質検査計画 p11「各水源の主な給水区域」図からのラスタ読み取り。相模川系統（西谷浄水場系）。図は「主な給水区域」であり町丁目単位の断定ではない。純度 97%（判定に使った画素 1587）。位置合わせ IoU 0.863（4パラメータ）
TRACE_YOK:14101035003,14101035003,FAC_YOK_NISHIYA,1.0,low,2026-04-01,,DOC_YOK_SUISHITSU_R8,令和8年度水質検査計画 p11「各水源の主な給水区域」図からのラスタ読み取り。相模川系統（西谷浄水場系）。図は「主な給水区域」であり町丁目単位の断定ではない。純度 92%（判定に使った画素 955）。位置合わせ IoU 0.863（4パラメータ）
TRACE_YOK:14101035004,14101035004,FAC_YOK_KOSUZUME,1.0,medium,2026-04-01,,DOC_YOK_SUISHITSU_R8,令和8年度水質検査計画 p11「各水源の主な給水区域」図からのラスタ読み取り。馬入川系統（小雀浄水場系）。図は「主な給水区域」であり町丁目単位の断定ではない。純度 99%（判定に使った画素 743）。位置合わせ IoU 0.863（4パラメータ）
TRACE_YOK:14101035005,14101035005,FAC_YOK_KOSUZUME,1.0,medium,2026-04-01,,DOC_YOK_SUISHITSU_R8,令和8年度水質検査計画 p11「各水源の主な給水区域」図からのラスタ読み取り。馬入川系統（小雀浄水場系）。図は「主な給水区域」であり町丁目単位の断定ではない。純度 98%（判定に使った画素 1867）。位置合わせ IoU 0.863（4パラメータ）
TRACE_YOK:14101040001,14101040001,FAC_YOK_NISHIYA,1.0,low,2026-04-01,,DOC_YOK_SUISHITSU_R8,令和8年度水質検査計画 p11「各水源の主な給水区域」図からのラスタ読み取り。相模川系統（西谷浄水場系）。図は「主な給水区域」であり町丁目単位の断定ではない。純度 88%（判定に使った画素 1214）。位置合わせ IoU 0.863（4パラメータ）
TRACE_YOK:14101040002,14101040002,FAC_YOK_NISHIYA,1.0,medium,2026-04-01,,DOC_YOK_SUISHITSU_R8,令和8年度水質検査計画 p11「各水源の主な給水区域」図からのラスタ読み取り。相模川系統（西谷浄水場系）。図は「主な給水区域」であり町丁目単位の断定ではない。純度 100%（判定に使った画素 2708）。位置合わせ IoU 0.863（4パラメータ）
TRACE_YOK:14101040003,14101040003,FAC_YOK_NISHIYA,1.0,medium,2026-04-01,,DOC_YOK_SUISHITSU_R8,令和8年度水質検査計画 p11「各水源の主な給水区域」図からのラスタ読み取り。相模川系統（西谷浄水場系）。図は「主な給水区域」であり町丁目単位の断定ではない。純度 100%（判定に使った画素 1677）。位置合わせ IoU 0.863（4パラメータ）
TRACE_YOK:14101040004,14101040004,FAC_YOK_NISHIYA,1.0,low,2026-04-01,,DOC_YOK_SUISHITSU_R8,令和8年度水質検査計画 p11「各水源の主な給水区域」図からのラスタ読み取り。相模川系統（西谷浄水場系）。図は「主な給水区域」であり町丁目単位の断定ではない。純度 92%（判定に使った画素 961）。位置合わせ IoU 0.863（4パラメータ）
TRACE_YOK:14101040005,14101040005,FAC_KGD_NISHINAGASAWA,1.0,low,2026-04-01,,DOC_YOK_SUISHITSU_R8,令和8年度水質検査計画 p11「各水源の主な給水区域」図からのラスタ読み取り。企業団酒匂川系統（西長沢・相模原浄水場系）。図は「主な給水区域」であり町丁目単位の断定ではない。純度 94%（判定に使った画素 2215）。位置合わせ IoU 0.863（4パラメータ）。図では西長沢浄水場系と相模原浄水場系が同じ色で区別できないため供給水量の大きい西長沢に寄せている（企業団の1日平均供給水量 R7年度 西長沢 467486 ㎥ / 相模原 248448 ㎥）
TRACE_YOK:14101040006,14101040006,FAC_KGD_NISHINAGASAWA,1.0,low,2026-04-01,,DOC_YOK_SUISHITSU_R8,令和8年度水質検査計画 p11「各水源の主な給水区域」図からのラスタ読み取り。企業団酒匂川系統（西長沢・相模原浄水場系）。図は「主な給水区域」であり町丁目単位の断定ではない。純度 65%（判定に使った画素 2324）。位置合わせ IoU 0.863（4パラメータ）。図では西長沢浄水場系と相模原浄水場系が同じ色で区別できないため供給水量の大きい西長沢に寄せている（企業団の1日平均供給水量 R7年度 西長沢 467486 ㎥ / 相模原 248448 ㎥）
TRACE_YOK:14101046001,14101046001,FAC_KGD_NISHINAGASAWA,1.0,low,2026-04-01,,DOC_YOK_SUISHITSU_R8,令和8年度水質検査計画 p11「各水源の主な給水区域」図からのラスタ読み取り。企業団酒匂川系統（西長沢・相模原浄水場系）。図は「主な給水区域」であり町丁目単位の断定ではない。純度 73%（判定に使った画素 1761）。位置合わせ IoU 0.863（4パラメータ）。図では西長沢浄水場系と相模原浄水場系が同じ色で区別できないため供給水量の大きい西長沢に寄せている（企業団の1日平均供給水量 R7年度 西長沢 467486 ㎥ / 相模原 248448 ㎥）
TRACE_YOK:14101046002,14101046002,FAC_KGD_NISHINAGASAWA,1.0,low,2026-04-01,,DOC_YOK_SUISHITSU_R8,令和8年度水質検査計画 p11「各水源の主な給水区域」図からのラスタ読み取り。企業団酒匂川系統（西長沢・相模原浄水場系）。図は「主な給水区域」であり町丁目単位の断定ではない。純度 62%（判定に使った画素 2850）。位置合わせ IoU 0.863（4パラメータ）。図では西長沢浄水場系と相模原浄水場系が同じ色で区別できないため供給水量の大きい西長沢に寄せている（企業団の1日平均供給水量 R7年度 西長沢 467486 ㎥ / 相模原 248448 ㎥）
TRACE_YOK:141010480,141010480,FAC_KGD_NISHINAGASAWA,1.0,low,2026-04-01,,DOC_YOK_SUISHITSU_R8,令和8年度水質検査計画 p11「各水源の主な給水区域」図からのラスタ読み取り。企業団酒匂川系統（西長沢・相模原浄水場系）。図は「主な給水区域」であり町丁目単位の断定ではない。純度 57%（判定に使った画素 2863）。位置合わせ IoU 0.863（4パラメータ）。図では西長沢浄水場系と相模原浄水場系が同じ色で区別できないため供給水量の大きい西長沢に寄せている（企業団の1日平均供給水量 R7年度 西長沢 467486 ㎥ / 相模原 248448 ㎥）
TRACE_YOK:141010490,141010490,FAC_YOK_NISHIYA,1.0,low,2026-04-01,,DOC_YOK_SUISHITSU_R8,令和8年度水質検査計画 p11「各水源の主な給水区域」図からのラスタ読み取り。相模川系統（西谷浄水場系）。図は「主な給水区域」であり町丁目単位の断定ではない。純度 91%（判定に使った画素 2464）。位置合わせ IoU 0.863（4パラメータ）
TRACE_YOK:14101050001,14101050001,FAC_YOK_NISHIYA,1.0,medium,2026-04-01,,DOC_YOK_SUISHITSU_R8,令和8年度水質検査計画 p11「各水源の主な給水区域」図からのラスタ読み取り。相模川系統（西谷浄水場系）。図は「主な給水区域」であり町丁目単位の断定ではない。純度 100%（判定に使った画素 4279）。位置合わせ IoU 0.863（4パラメータ）
TRACE_YOK:14101050002,14101050002,FAC_YOK_NISHIYA,1.0,medium,2026-04-01,,DOC_YOK_SUISHITSU_R8,令和8年度水質検査計画 p11「各水源の主な給水区域」図からのラスタ読み取り。相模川系統（西谷浄水場系）。図は「主な給水区域」であり町丁目単位の断定ではない。純度 100%（判定に使った画素 1412）。位置合わせ IoU 0.863（4パラメータ）
TRACE_YOK:14101050003,14101050003,FAC_YOK_NISHIYA,1.0,medium,2026-04-01,,DOC_YOK_SUISHITSU_R8,令和8年度水質検査計画 p11「各水源の主な給水区域」図からのラスタ読み取り。相模川系統（西谷浄水場系）。図は「主な給水区域」であり町丁目単位の断定ではない。純度 99%（判定に使った画素 2297）。位置合わせ IoU 0.863（4パラメータ）
TRACE_YOK:14101050004,14101050004,FAC_YOK_NISHIYA,1.0,medium,2026-04-01,,DOC_YOK_SUISHITSU_R8,令和8年度水質検査計画 p11「各水源の主な給水区域」図からのラスタ読み取り。相模川系統（西谷浄水場系）。図は「主な給水区域」であり町丁目単位の断定ではない。純度 100%（判定に使った画素 1940）。位置合わせ IoU 0.863（4パラメータ）
TRACE_YOK:14101050005,14101050005,FAC_YOK_NISHIYA,1.0,low,2026-04-01,,DOC_YOK_SUISHITSU_R8,令和8年度水質検査計画 p11「各水源の主な給水区域」図からのラスタ読み取り。相模川系統（西谷浄水場系）。図は「主な給水区域」であり町丁目単位の断定ではない。純度 85%（判定に使った画素 490）。位置合わせ IoU 0.863（4パラメータ）
TRACE_YOK:14101050006,14101050006,FAC_YOK_NISHIYA,1.0,low,2026-04-01,,DOC_YOK_SUISHITSU_R8,令和8年度水質検査計画 p11「各水源の主な給水区域」図からのラスタ読み取り。相模川系統（西谷浄水場系）。図は「主な給水区域」であり町丁目単位の断定ではない。純度 62%（判定に使った画素 374）。位置合わせ IoU 0.863（4パラメータ）
TRACE_YOK:141010560,141010560,FAC_YOK_NISHIYA,1.0,medium,2026-04-01,,DOC_YOK_SUISHITSU_R8,令和8年度水質検査計画 p11「各水源の主な給水区域」図からのラスタ読み取り。相模川系統（西谷浄水場系）。図は「主な給水区域」であり町丁目単位の断定ではない。純度 100%（判定に使った画素 1198）。位置合わせ IoU 0.863（4パラメータ）
TRACE_YOK:141010570,141010570,FAC_YOK_NISHIYA,1.0,medium,2026-04-01,,DOC_YOK_SUISHITSU_R8,令和8年度水質検査計画 p11「各水源の主な給水区域」図からのラスタ読み取り。相模川系統（西谷浄水場系）。図は「主な給水区域」であり町丁目単位の断定ではない。純度 100%（判定に使った画素 723）。位置合わせ IoU 0.863（4パラメータ）
TRACE_YOK:141010580,141010580,FAC_YOK_NISHIYA,1.0,medium,2026-04-01,,DOC_YOK_SUISHITSU_R8,令和8年度水質検査計画 p11「各水源の主な給水区域」図からのラスタ読み取り。相模川系統（西谷浄水場系）。図は「主な給水区域」であり町丁目単位の断定ではない。純度 100%（判定に使った画素 714）。位置合わせ IoU 0.863（4パラメータ）
TRACE_YOK:141010590,141010590,FAC_YOK_NISHIYA,1.0,medium,2026-04-01,,DOC_YOK_SUISHITSU_R8,令和8年度水質検査計画 p11「各水源の主な給水区域」図からのラスタ読み取り。相模川系統（西谷浄水場系）。図は「主な給水区域」であり町丁目単位の断定ではない。純度 100%（判定に使った画素 2148）。位置合わせ IoU 0.863（4パラメータ）
TRACE_YOK:141010600,141010600,FAC_YOK_NISHIYA,1.0,medium,2026-04-01,,DOC_YOK_SUISHITSU_R8,令和8年度水質検査計画 p11「各水源の主な給水区域」図からのラスタ読み取り。相模川系統（西谷浄水場系）。図は「主な給水区域」であり町丁目単位の断定ではない。純度 100%（判定に使った画素 809）。位置合わせ IoU 0.863（4パラメータ）
TRACE_YOK:141010610,141010610,FAC_YOK_NISHIYA,1.0,medium,2026-04-01,,DOC_YOK_SUISHITSU_R8,令和8年度水質検査計画 p11「各水源の主な給水区域」図からのラスタ読み取り。相模川系統（西谷浄水場系）。図は「主な給水区域」であり町丁目単位の断定ではない。純度 100%（判定に使った画素 658）。位置合わせ IoU 0.863（4パラメータ）
TRACE_YOK:14101062001,14101062001,FAC_YOK_NISHIYA,1.0,low,2026-04-01,,DOC_YOK_SUISHITSU_R8,令和8年度水質検査計画 p11「各水源の主な給水区域」図からのラスタ読み取り。相模川系統（西谷浄水場系）。図は「主な給水区域」であり町丁目単位の断定ではない。純度 95%（判定に使った画素 1314）。位置合わせ IoU 0.863（4パラメータ）
TRACE_YOK:14101062002,14101062002,FAC_YOK_NISHIYA,1.0,medium,2026-04-01,,DOC_YOK_SUISHITSU_R8,令和8年度水質検査計画 p11「各水源の主な給水区域」図からのラスタ読み取り。相模川系統（西谷浄水場系）。図は「主な給水区域」であり町丁目単位の断定ではない。純度 97%（判定に使った画素 1162）。位置合わせ IoU 0.863（4パラメータ）
TRACE_YOK:14101062003,14101062003,FAC_YOK_NISHIYA,1.0,medium,2026-04-01,,DOC_YOK_SUISHITSU_R8,令和8年度水質検査計画 p11「各水源の主な給水区域」図からのラスタ読み取り。相模川系統（西谷浄水場系）。図は「主な給水区域」であり町丁目単位の断定ではない。純度 100%（判定に使った画素 1207）。位置合わせ IoU 0.863（4パラメータ）
TRACE_YOK:141010650,141010650,FAC_YOK_NISHIYA,1.0,medium,2026-04-01,,DOC_YOK_SUISHITSU_R8,令和8年度水質検査計画 p11「各水源の主な給水区域」図からのラスタ読み取り。相模川系統（西谷浄水場系）。図は「主な給水区域」であり町丁目単位の断定ではない。純度 100%（判定に使った画素 1274）。位置合わせ IoU 0.863（4パラメータ）
TRACE_YOK:14101066001,14101066001,FAC_YOK_KOSUZUME,1.0,low,2026-04-01,,DOC_YOK_SUISHITSU_R8,令和8年度水質検査計画 p11「各水源の主な給水区域」図からのラスタ読み取り。馬入川系統（小雀浄水場系）。図は「主な給水区域」であり町丁目単位の断定ではない。純度 79%（判定に使った画素 600）。位置合わせ IoU 0.863（4パラメータ）
TRACE_YOK:14101066002,14101066002,FAC_YOK_NISHIYA,1.0,low,2026-04-01,,DOC_YOK_SUISHITSU_R8,令和8年度水質検査計画 p11「各水源の主な給水区域」図からのラスタ読み取り。相模川系統（西谷浄水場系）。図は「主な給水区域」であり町丁目単位の断定ではない。純度 92%（判定に使った画素 743）。位置合わせ IoU 0.863（4パラメータ）
TRACE_YOK:14101066003,14101066003,FAC_YOK_NISHIYA,1.0,medium,2026-04-01,,DOC_YOK_SUISHITSU_R8,令和8年度水質検査計画 p11「各水源の主な給水区域」図からのラスタ読み取り。相模川系統（西谷浄水場系）。図は「主な給水区域」であり町丁目単位の断定ではない。純度 100%（判定に使った画素 757）。位置合わせ IoU 0.863（4パラメータ）
TRACE_YOK:14101066004,14101066004,FAC_YOK_NISHIYA,1.0,medium,2026-04-01,,DOC_YOK_SUISHITSU_R8,令和8年度水質検査計画 p11「各水源の主な給水区域」図からのラスタ読み取り。相模川系統（西谷浄水場系）。図は「主な給水区域」であり町丁目単位の断定ではない。純度 100%（判定に使った画素 637）。位置合わせ IoU 0.863（4パラメータ）
TRACE_YOK:14101070001,14101070001,FAC_YOK_NISHIYA,1.0,low,2026-04-01,,DOC_YOK_SUISHITSU_R8,令和8年度水質検査計画 p11「各水源の主な給水区域」図からのラスタ読み取り。相模川系統（西谷浄水場系）。図は「主な給水区域」であり町丁目単位の断定ではない。純度 93%（判定に使った画素 1159）。位置合わせ IoU 0.863（4パラメータ）
TRACE_YOK:14101070002,14101070002,FAC_YOK_NISHIYA,1.0,low,2026-04-01,,DOC_YOK_SUISHITSU_R8,令和8年度水質検査計画 p11「各水源の主な給水区域」図からのラスタ読み取り。相模川系統（西谷浄水場系）。図は「主な給水区域」であり町丁目単位の断定ではない。純度 76%（判定に使った画素 2218）。位置合わせ IoU 0.863（4パラメータ）
TRACE_YOK:14101072001,14101072001,FAC_YOK_KOSUZUME,1.0,medium,2026-04-01,,DOC_YOK_SUISHITSU_R8,令和8年度水質検査計画 p11「各水源の主な給水区域」図からのラスタ読み取り。馬入川系統（小雀浄水場系）。図は「主な給水区域」であり町丁目単位の断定ではない。純度 100%（判定に使った画素 545）。位置合わせ IoU 0.863（4パラメータ）
TRACE_YOK:14101072002,14101072002,FAC_YOK_KOSUZUME,1.0,medium,2026-04-01,,DOC_YOK_SUISHITSU_R8,令和8年度水質検査計画 p11「各水源の主な給水区域」図からのラスタ読み取り。馬入川系統（小雀浄水場系）。図は「主な給水区域」であり町丁目単位の断定ではない。純度 100%（判定に使った画素 701）。位置合わせ IoU 0.863（4パラメータ）
TRACE_YOK:14101072003,14101072003,FAC_YOK_KOSUZUME,1.0,medium,2026-04-01,,DOC_YOK_SUISHITSU_R8,令和8年度水質検査計画 p11「各水源の主な給水区域」図からのラスタ読み取り。馬入川系統（小雀浄水場系）。図は「主な給水区域」であり町丁目単位の断定ではない。純度 100%（判定に使った画素 738）。位置合わせ IoU 0.863（4パラメータ）
TRACE_YOK:14101072004,14101072004,FAC_YOK_KOSUZUME,1.0,medium,2026-04-01,,DOC_YOK_SUISHITSU_R8,令和8年度水質検査計画 p11「各水源の主な給水区域」図からのラスタ読み取り。馬入川系統（小雀浄水場系）。図は「主な給水区域」であり町丁目単位の断定ではない。純度 100%（判定に使った画素 656）。位置合わせ IoU 0.863（4パラメータ）
TRACE_YOK:141010760,141010760,FAC_YOK_KOSUZUME,1.0,medium,2026-04-01,,DOC_YOK_SUISHITSU_R8,令和8年度水質検査計画 p11「各水源の主な給水区域」図からのラスタ読み取り。馬入川系統（小雀浄水場系）。図は「主な給水区域」であり町丁目単位の断定ではない。純度 100%（判定に使った画素 892）。位置合わせ IoU 0.863（4パラメータ）
TRACE_YOK:14101077001,14101077001,FAC_YOK_KOSUZUME,1.0,medium,2026-04-01,,DOC_YOK_SUISHITSU_R8,令和8年度水質検査計画 p11「各水源の主な給水区域」図からのラスタ読み取り。馬入川系統（小雀浄水場系）。図は「主な給水区域」であり町丁目単位の断定ではない。純度 100%（判定に使った画素 921）。位置合わせ IoU 0.863（4パラメータ）
TRACE_YOK:14101077002,14101077002,FAC_YOK_KOSUZUME,1.0,medium,2026-04-01,,DOC_YOK_SUISHITSU_R8,令和8年度水質検査計画 p11「各水源の主な給水区域」図からのラスタ読み取り。馬入川系統（小雀浄水場系）。図は「主な給水区域」であり町丁目単位の断定ではない。純度 100%（判定に使った画素 563）。位置合わせ IoU 0.863（4パラメータ）
TRACE_YOK:14101077003,14101077003,FAC_YOK_KOSUZUME,1.0,medium,2026-04-01,,DOC_YOK_SUISHITSU_R8,令和8年度水質検査計画 p11「各水源の主な給水区域」図からのラスタ読み取り。馬入川系統（小雀浄水場系）。図は「主な給水区域」であり町丁目単位の断定ではない。純度 100%（判定に使った画素 657）。位置合わせ IoU 0.863（4パラメータ）
TRACE_YOK:14101077004,14101077004,FAC_YOK_KOSUZUME,1.0,medium,2026-04-01,,DOC_YOK_SUISHITSU_R8,令和8年度水質検査計画 p11「各水源の主な給水区域」図からのラスタ読み取り。馬入川系統（小雀浄水場系）。図は「主な給水区域」であり町丁目単位の断定ではない。純度 100%（判定に使った画素 412）。位置合わせ IoU 0.863（4パラメータ）
TRACE_YOK:14101081001,14101081001,FAC_YOK_KOSUZUME,1.0,medium,2026-04-01,,DOC_YOK_SUISHITSU_R8,令和8年度水質検査計画 p11「各水源の主な給水区域」図からのラスタ読み取り。馬入川系統（小雀浄水場系）。図は「主な給水区域」であり町丁目単位の断定ではない。純度 100%（判定に使った画素 544）。位置合わせ IoU 0.863（4パラメータ）
TRACE_YOK:14101081002,14101081002,FAC_YOK_KOSUZUME,1.0,medium,2026-04-01,,DOC_YOK_SUISHITSU_R8,令和8年度水質検査計画 p11「各水源の主な給水区域」図からのラスタ読み取り。馬入川系統（小雀浄水場系）。図は「主な給水区域」であり町丁目単位の断定ではない。純度 100%（判定に使った画素 487）。位置合わせ IoU 0.863（4パラメータ）
TRACE_YOK:14101081003,14101081003,FAC_YOK_KOSUZUME,1.0,medium,2026-04-01,,DOC_YOK_SUISHITSU_R8,令和8年度水質検査計画 p11「各水源の主な給水区域」図からのラスタ読み取り。馬入川系統（小雀浄水場系）。図は「主な給水区域」であり町丁目単位の断定ではない。純度 100%（判定に使った画素 438）。位置合わせ IoU 0.863（4パラメータ）
TRACE_YOK:14101081004,14101081004,FAC_YOK_KOSUZUME,1.0,medium,2026-04-01,,DOC_YOK_SUISHITSU_R8,令和8年度水質検査計画 p11「各水源の主な給水区域」図からのラスタ読み取り。馬入川系統（小雀浄水場系）。図は「主な給水区域」であり町丁目単位の断定ではない。純度 100%（判定に使った画素 201）。位置合わせ IoU 0.863（4パラメータ）
TRACE_YOK:14101085001,14101085001,FAC_YOK_KOSUZUME,1.0,medium,2026-04-01,,DOC_YOK_SUISHITSU_R8,令和8年度水質検査計画 p11「各水源の主な給水区域」図からのラスタ読み取り。馬入川系統（小雀浄水場系）。図は「主な給水区域」であり町丁目単位の断定ではない。純度 100%（判定に使った画素 613）。位置合わせ IoU 0.863（4パラメータ）
TRACE_YOK:14101085002,14101085002,FAC_YOK_KOSUZUME,1.0,medium,2026-04-01,,DOC_YOK_SUISHITSU_R8,令和8年度水質検査計画 p11「各水源の主な給水区域」図からのラスタ読み取り。馬入川系統（小雀浄水場系）。図は「主な給水区域」であり町丁目単位の断定ではない。純度 100%（判定に使った画素 446）。位置合わせ IoU 0.863（4パラメータ）
TRACE_YOK:14101085003,14101085003,FAC_YOK_KOSUZUME,1.0,medium,2026-04-01,,DOC_YOK_SUISHITSU_R8,令和8年度水質検査計画 p11「各水源の主な給水区域」図からのラスタ読み取り。馬入川系統（小雀浄水場系）。図は「主な給水区域」であり町丁目単位の断定ではない。純度 100%（判定に使った画素 539）。位置合わせ IoU 0.863（4パラメータ）
TRACE_YOK:14101088001,14101088001,FAC_YOK_KOSUZUME,1.0,medium,2026-04-01,,DOC_YOK_SUISHITSU_R8,令和8年度水質検査計画 p11「各水源の主な給水区域」図からのラスタ読み取り。馬入川系統（小雀浄水場系）。図は「主な給水区域」であり町丁目単位の断定ではない。純度 100%（判定に使った画素 516）。位置合わせ IoU 0.863（4パラメータ）
TRACE_YOK:14101088002,14101088002,FAC_YOK_KOSUZUME,1.0,medium,2026-04-01,,DOC_YOK_SUISHITSU_R8,令和8年度水質検査計画 p11「各水源の主な給水区域」図からのラスタ読み取り。馬入川系統（小雀浄水場系）。図は「主な給水区域」であり町丁目単位の断定ではない。純度 100%（判定に使った画素 182）。位置合わせ IoU 0.863（4パラメータ）
TRACE_YOK:14101090001,14101090001,FAC_YOK_KOSUZUME,1.0,medium,2026-04-01,,DOC_YOK_SUISHITSU_R8,令和8年度水質検査計画 p11「各水源の主な給水区域」図からのラスタ読み取り。馬入川系統（小雀浄水場系）。図は「主な給水区域」であり町丁目単位の断定ではない。純度 100%（判定に使った画素 725）。位置合わせ IoU 0.863（4パラメータ）
TRACE_YOK:14101090002,14101090002,FAC_YOK_KOSUZUME,1.0,medium,2026-04-01,,DOC_YOK_SUISHITSU_R8,令和8年度水質検査計画 p11「各水源の主な給水区域」図からのラスタ読み取り。馬入川系統（小雀浄水場系）。図は「主な給水区域」であり町丁目単位の断定ではない。純度 98%（判定に使った画素 307）。位置合わせ IoU 0.863（4パラメータ）
TRACE_YOK:141010920,141010920,FAC_YOK_KOSUZUME,1.0,medium,2026-04-01,,DOC_YOK_SUISHITSU_R8,令和8年度水質検査計画 p11「各水源の主な給水区域」図からのラスタ読み取り。馬入川系統（小雀浄水場系）。図は「主な給水区域」であり町丁目単位の断定ではない。純度 100%（判定に使った画素 1614）。位置合わせ IoU 0.863（4パラメータ）
TRACE_YOK:141010930,141010930,FAC_YOK_KOSUZUME,1.0,medium,2026-04-01,,DOC_YOK_SUISHITSU_R8,令和8年度水質検査計画 p11「各水源の主な給水区域」図からのラスタ読み取り。馬入川系統（小雀浄水場系）。図は「主な給水区域」であり町丁目単位の断定ではない。純度 98%（判定に使った画素 1202）。位置合わせ IoU 0.863（4パラメータ）
TRACE_YOK:14101094001,14101094001,FAC_YOK_KOSUZUME,1.0,medium,2026-04-01,,DOC_YOK_SUISHITSU_R8,令和8年度水質検査計画 p11「各水源の主な給水区域」図からのラスタ読み取り。馬入川系統（小雀浄水場系）。図は「主な給水区域」であり町丁目単位の断定ではない。純度 100%（判定に使った画素 263）。位置合わせ IoU 0.863（4パラメータ）
TRACE_YOK:14101094002,14101094002,FAC_YOK_KOSUZUME,1.0,medium,2026-04-01,,DOC_YOK_SUISHITSU_R8,令和8年度水質検査計画 p11「各水源の主な給水区域」図からのラスタ読み取り。馬入川系統（小雀浄水場系）。図は「主な給水区域」であり町丁目単位の断定ではない。純度 100%（判定に使った画素 523）。位置合わせ IoU 0.863（4パラメータ）
TRACE_YOK:14101094003,14101094003,FAC_YOK_KOSUZUME,1.0,medium,2026-04-01,,DOC_YOK_SUISHITSU_R8,令和8年度水質検査計画 p11「各水源の主な給水区域」図からのラスタ読み取り。馬入川系統（小雀浄水場系）。図は「主な給水区域」であり町丁目単位の断定ではない。純度 100%（判定に使った画素 602）。位置合わせ IoU 0.863（4パラメータ）
TRACE_YOK:14101097001,14101097001,FAC_YOK_KOSUZUME,1.0,low,2026-04-01,,DOC_YOK_SUISHITSU_R8,令和8年度水質検査計画 p11「各水源の主な給水区域」図からのラスタ読み取り。馬入川系統（小雀浄水場系）。図は「主な給水区域」であり町丁目単位の断定ではない。純度 79%（判定に使った画素 486）。位置合わせ IoU 0.863（4パラメータ）
TRACE_YOK:14101097002,14101097002,FAC_YOK_KOSUZUME,1.0,medium,2026-04-01,,DOC_YOK_SUISHITSU_R8,令和8年度水質検査計画 p11「各水源の主な給水区域」図からのラスタ読み取り。馬入川系統（小雀浄水場系）。図は「主な給水区域」であり町丁目単位の断定ではない。純度 100%（判定に使った画素 269）。位置合わせ IoU 0.863（4パラメータ）
TRACE_YOK:14101097003,14101097003,FAC_YOK_KOSUZUME,1.0,medium,2026-04-01,,DOC_YOK_SUISHITSU_R8,令和8年度水質検査計画 p11「各水源の主な給水区域」図からのラスタ読み取り。馬入川系統（小雀浄水場系）。図は「主な給水区域」であり町丁目単位の断定ではない。純度 100%（判定に使った画素 92）。位置合わせ IoU 0.863（4パラメータ）
TRACE_YOK:14101097004,14101097004,FAC_YOK_KOSUZUME,1.0,medium,2026-04-01,,DOC_YOK_SUISHITSU_R8,令和8年度水質検査計画 p11「各水源の主な給水区域」図からのラスタ読み取り。馬入川系統（小雀浄水場系）。図は「主な給水区域」であり町丁目単位の断定ではない。純度 100%（判定に使った画素 115）。位置合わせ IoU 0.863（4パラメータ）
TRACE_YOK:141011010,141011010,FAC_YOK_KOSUZUME,1.0,medium,2026-04-01,,DOC_YOK_SUISHITSU_R8,令和8年度水質検査計画 p11「各水源の主な給水区域」図からのラスタ読み取り。馬入川系統（小雀浄水場系）。図は「主な給水区域」であり町丁目単位の断定ではない。純度 98%（判定に使った画素 779）。位置合わせ IoU 0.863（4パラメータ）
TRACE_YOK:14101102001,14101102001,FAC_YOK_KOSUZUME,1.0,medium,2026-04-01,,DOC_YOK_SUISHITSU_R8,令和8年度水質検査計画 p11「各水源の主な給水区域」図からのラスタ読み取り。馬入川系統（小雀浄水場系）。図は「主な給水区域」であり町丁目単位の断定ではない。純度 100%（判定に使った画素 11974）。位置合わせ IoU 0.863（4パラメータ）
TRACE_YOK:14101102002,14101102002,FAC_YOK_KOSUZUME,1.0,medium,2026-04-01,,DOC_YOK_SUISHITSU_R8,令和8年度水質検査計画 p11「各水源の主な給水区域」図からのラスタ読み取り。馬入川系統（小雀浄水場系）。図は「主な給水区域」であり町丁目単位の断定ではない。純度 100%（判定に使った画素 7257）。位置合わせ IoU 0.863（4パラメータ）
TRACE_YOK:14101104001,14101104001,FAC_YOK_KOSUZUME,1.0,medium,2026-04-01,,DOC_YOK_SUISHITSU_R8,令和8年度水質検査計画 p11「各水源の主な給水区域」図からのラスタ読み取り。馬入川系統（小雀浄水場系）。図は「主な給水区域」であり町丁目単位の断定ではない。純度 100%（判定に使った画素 2506）。位置合わせ IoU 0.863（4パラメータ）
TRACE_YOK:14101104002,14101104002,FAC_YOK_KOSUZUME,1.0,medium,2026-04-01,,DOC_YOK_SUISHITSU_R8,令和8年度水質検査計画 p11「各水源の主な給水区域」図からのラスタ読み取り。馬入川系統（小雀浄水場系）。図は「主な給水区域」であり町丁目単位の断定ではない。純度 100%（判定に使った画素 3422）。位置合わせ IoU 0.863（4パラメータ）
TRACE_YOK:141011060,141011060,FAC_YOK_KOSUZUME,1.0,medium,2026-04-01,,DOC_YOK_SUISHITSU_R8,令和8年度水質検査計画 p11「各水源の主な給水区域」図からのラスタ読み取り。馬入川系統（小雀浄水場系）。図は「主な給水区域」であり町丁目単位の断定ではない。純度 100%（判定に使った画素 12851）。位置合わせ IoU 0.863（4パラメータ）
TRACE_YOK:14101107001,14101107001,FAC_YOK_NISHIYA,1.0,medium,2026-04-01,,DOC_YOK_SUISHITSU_R8,令和8年度水質検査計画 p11「各水源の主な給水区域」図からのラスタ読み取り。相模川系統（西谷浄水場系）。図は「主な給水区域」であり町丁目単位の断定ではない。純度 100%（判定に使った画素 1746）。位置合わせ IoU 0.863（4パラメータ）
TRACE_YOK:14101107002,14101107002,FAC_YOK_NISHIYA,1.0,medium,2026-04-01,,DOC_YOK_SUISHITSU_R8,令和8年度水質検査計画 p11「各水源の主な給水区域」図からのラスタ読み取り。相模川系統（西谷浄水場系）。図は「主な給水区域」であり町丁目単位の断定ではない。純度 100%（判定に使った画素 3398）。位置合わせ IoU 0.863（4パラメータ）
TRACE_YOK:14101109001,14101109001,FAC_KGD_NISHINAGASAWA,1.0,low,2026-04-01,,DOC_YOK_SUISHITSU_R8,令和8年度水質検査計画 p11「各水源の主な給水区域」図からのラスタ読み取り。企業団酒匂川系統（西長沢・相模原浄水場系）。図は「主な給水区域」であり町丁目単位の断定ではない。純度 63%（判定に使った画素 2597）。位置合わせ IoU 0.863（4パラメータ）。図では西長沢浄水場系と相模原浄水場系が同じ色で区別できないため供給水量の大きい西長沢に寄せている（企業団の1日平均供給水量 R7年度 西長沢 467486 ㎥ / 相模原 248448 ㎥）
TRACE_YOK:14101109002,14101109002,FAC_KGD_NISHINAGASAWA,1.0,medium,2026-04-01,,DOC_YOK_SUISHITSU_R8,令和8年度水質検査計画 p11「各水源の主な給水区域」図からのラスタ読み取り。企業団酒匂川系統（西長沢・相模原浄水場系）。図は「主な給水区域」であり町丁目単位の断定ではない。純度 100%（判定に使った画素 934）。位置合わせ IoU 0.863（4パラメータ）。図では西長沢浄水場系と相模原浄水場系が同じ色で区別できないため供給水量の大きい西長沢に寄せている（企業団の1日平均供給水量 R7年度 西長沢 467486 ㎥ / 相模原 248448 ㎥）
TRACE_YOK:14101109003,14101109003,FAC_KGD_NISHINAGASAWA,1.0,medium,2026-04-01,,DOC_YOK_SUISHITSU_R8,令和8年度水質検査計画 p11「各水源の主な給水区域」図からのラスタ読み取り。企業団酒匂川系統（西長沢・相模原浄水場系）。図は「主な給水区域」であり町丁目単位の断定ではない。純度 100%（判定に使った画素 1522）。位置合わせ IoU 0.863（4パラメータ）。図では西長沢浄水場系と相模原浄水場系が同じ色で区別できないため供給水量の大きい西長沢に寄せている（企業団の1日平均供給水量 R7年度 西長沢 467486 ㎥ / 相模原 248448 ㎥）
TRACE_YOK:14101109004,14101109004,FAC_KGD_NISHINAGASAWA,1.0,medium,2026-04-01,,DOC_YOK_SUISHITSU_R8,令和8年度水質検査計画 p11「各水源の主な給水区域」図からのラスタ読み取り。企業団酒匂川系統（西長沢・相模原浄水場系）。図は「主な給水区域」であり町丁目単位の断定ではない。純度 100%（判定に使った画素 1626）。位置合わせ IoU 0.863（4パラメータ）。図では西長沢浄水場系と相模原浄水場系が同じ色で区別できないため供給水量の大きい西長沢に寄せている（企業団の1日平均供給水量 R7年度 西長沢 467486 ㎥ / 相模原 248448 ㎥）
TRACE_YOK:14101109005,14101109005,FAC_KGD_NISHINAGASAWA,1.0,medium,2026-04-01,,DOC_YOK_SUISHITSU_R8,令和8年度水質検査計画 p11「各水源の主な給水区域」図からのラスタ読み取り。企業団酒匂川系統（西長沢・相模原浄水場系）。図は「主な給水区域」であり町丁目単位の断定ではない。純度 100%（判定に使った画素 1441）。位置合わせ IoU 0.863（4パラメータ）。図では西長沢浄水場系と相模原浄水場系が同じ色で区別できないため供給水量の大きい西長沢に寄せている（企業団の1日平均供給水量 R7年度 西長沢 467486 ㎥ / 相模原 248448 ㎥）
TRACE_YOK:14101109006,14101109006,FAC_KGD_NISHINAGASAWA,1.0,medium,2026-04-01,,DOC_YOK_SUISHITSU_R8,令和8年度水質検査計画 p11「各水源の主な給水区域」図からのラスタ読み取り。企業団酒匂川系統（西長沢・相模原浄水場系）。図は「主な給水区域」であり町丁目単位の断定ではない。純度 100%（判定に使った画素 890）。位置合わせ IoU 0.863（4パラメータ）。図では西長沢浄水場系と相模原浄水場系が同じ色で区別できないため供給水量の大きい西長沢に寄せている（企業団の1日平均供給水量 R7年度 西長沢 467486 ㎥ / 相模原 248448 ㎥）
TRACE_YOK:141011150,141011150,FAC_KGD_NISHINAGASAWA,1.0,medium,2026-04-01,,DOC_YOK_SUISHITSU_R8,令和8年度水質検査計画 p11「各水源の主な給水区域」図からのラスタ読み取り。企業団酒匂川系統（西長沢・相模原浄水場系）。図は「主な給水区域」であり町丁目単位の断定ではない。純度 100%（判定に使った画素 1231）。位置合わせ IoU 0.863（4パラメータ）。図では西長沢浄水場系と相模原浄水場系が同じ色で区別できないため供給水量の大きい西長沢に寄せている（企業団の1日平均供給水量 R7年度 西長沢 467486 ㎥ / 相模原 248448 ㎥）
TRACE_YOK:141011160,141011160,FAC_KGD_NISHINAGASAWA,1.0,medium,2026-04-01,,DOC_YOK_SUISHITSU_R8,令和8年度水質検査計画 p11「各水源の主な給水区域」図からのラスタ読み取り。企業団酒匂川系統（西長沢・相模原浄水場系）。図は「主な給水区域」であり町丁目単位の断定ではない。純度 100%（判定に使った画素 1378）。位置合わせ IoU 0.863（4パラメータ）。図では西長沢浄水場系と相模原浄水場系が同じ色で区別できないため供給水量の大きい西長沢に寄せている（企業団の1日平均供給水量 R7年度 西長沢 467486 ㎥ / 相模原 248448 ㎥）
TRACE_YOK:141011170,141011170,FAC_KGD_NISHINAGASAWA,1.0,medium,2026-04-01,,DOC_YOK_SUISHITSU_R8,令和8年度水質検査計画 p11「各水源の主な給水区域」図からのラスタ読み取り。企業団酒匂川系統（西長沢・相模原浄水場系）。図は「主な給水区域」であり町丁目単位の断定ではない。純度 100%（判定に使った画素 238）。位置合わせ IoU 0.863（4パラメータ）。図では西長沢浄水場系と相模原浄水場系が同じ色で区別できないため供給水量の大きい西長沢に寄せている（企業団の1日平均供給水量 R7年度 西長沢 467486 ㎥ / 相模原 248448 ㎥）
TRACE_YOK:14101118001,14101118001,FAC_KGD_NISHINAGASAWA,1.0,medium,2026-04-01,,DOC_YOK_SUISHITSU_R8,令和8年度水質検査計画 p11「各水源の主な給水区域」図からのラスタ読み取り。企業団酒匂川系統（西長沢・相模原浄水場系）。図は「主な給水区域」であり町丁目単位の断定ではない。純度 100%（判定に使った画素 864）。位置合わせ IoU 0.863（4パラメータ）。図では西長沢浄水場系と相模原浄水場系が同じ色で区別できないため供給水量の大きい西長沢に寄せている（企業団の1日平均供給水量 R7年度 西長沢 467486 ㎥ / 相模原 248448 ㎥）
TRACE_YOK:14101118002,14101118002,FAC_KGD_NISHINAGASAWA,1.0,low,2026-04-01,,DOC_YOK_SUISHITSU_R8,令和8年度水質検査計画 p11「各水源の主な給水区域」図からのラスタ読み取り。企業団酒匂川系統（西長沢・相模原浄水場系）。図は「主な給水区域」であり町丁目単位の断定ではない。純度 94%（判定に使った画素 736）。位置合わせ IoU 0.863（4パラメータ）。図では西長沢浄水場系と相模原浄水場系が同じ色で区別できないため供給水量の大きい西長沢に寄せている（企業団の1日平均供給水量 R7年度 西長沢 467486 ㎥ / 相模原 248448 ㎥）
TRACE_YOK:14101120001,14101120001,FAC_YOK_NISHIYA,1.0,low,2026-04-01,,DOC_YOK_SUISHITSU_R8,令和8年度水質検査計画 p11「各水源の主な給水区域」図からのラスタ読み取り。相模川系統（西谷浄水場系）。図は「主な給水区域」であり町丁目単位の断定ではない。純度 71%（判定に使った画素 1347）。位置合わせ IoU 0.863（4パラメータ）
TRACE_YOK:14101120002,14101120002,FAC_YOK_NISHIYA,1.0,low,2026-04-01,,DOC_YOK_SUISHITSU_R8,令和8年度水質検査計画 p11「各水源の主な給水区域」図からのラスタ読み取り。相模川系統（西谷浄水場系）。図は「主な給水区域」であり町丁目単位の断定ではない。純度 61%（判定に使った画素 2240）。位置合わせ IoU 0.863（4パラメータ）
TRACE_YOK:14101120003,14101120003,FAC_YOK_KOSUZUME,1.0,low,2026-04-01,,DOC_YOK_SUISHITSU_R8,令和8年度水質検査計画 p11「各水源の主な給水区域」図からのラスタ読み取り。馬入川系統（小雀浄水場系）。図は「主な給水区域」であり町丁目単位の断定ではない。純度 77%（判定に使った画素 2939）。位置合わせ IoU 0.863（4パラメータ）
TRACE_YOK:14101120004,14101120004,FAC_YOK_KOSUZUME,1.0,medium,2026-04-01,,DOC_YOK_SUISHITSU_R8,令和8年度水質検査計画 p11「各水源の主な給水区域」図からのラスタ読み取り。馬入川系統（小雀浄水場系）。図は「主な給水区域」であり町丁目単位の断定ではない。純度 100%（判定に使った画素 1809）。位置合わせ IoU 0.863（4パラメータ）
TRACE_YOK:14101120005,14101120005,FAC_YOK_NISHIYA,1.0,low,2026-04-01,,DOC_YOK_SUISHITSU_R8,令和8年度水質検査計画 p11「各水源の主な給水区域」図からのラスタ読み取り。相模川系統（西谷浄水場系）。図は「主な給水区域」であり町丁目単位の断定ではない。純度 72%（判定に使った画素 1540）。位置合わせ IoU 0.863（4パラメータ）
TRACE_YOK:141011240,141011240,FAC_YOK_NISHIYA,1.0,low,2026-04-01,,DOC_YOK_SUISHITSU_R8,令和8年度水質検査計画 p11「各水源の主な給水区域」図からのラスタ読み取り。相模川系統（西谷浄水場系）。図は「主な給水区域」であり町丁目単位の断定ではない。純度 93%（判定に使った画素 23560）。位置合わせ IoU 0.863（4パラメータ）
TRACE_YOK:14102001001,14102001001,FAC_YOK_NISHIYA,1.0,low,2026-04-01,,DOC_YOK_SUISHITSU_R8,令和8年度水質検査計画 p11「各水源の主な給水区域」図からのラスタ読み取り。相模川系統（西谷浄水場系）。図は「主な給水区域」であり町丁目単位の断定ではない。純度 59%（判定に使った画素 1005）。位置合わせ IoU 0.863（4パラメータ）
TRACE_YOK:14102001002,14102001002,FAC_KGD_NISHINAGASAWA,1.0,low,2026-04-01,,DOC_YOK_SUISHITSU_R8,令和8年度水質検査計画 p11「各水源の主な給水区域」図からのラスタ読み取り。企業団酒匂川系統（西長沢・相模原浄水場系）。図は「主な給水区域」であり町丁目単位の断定ではない。純度 58%（判定に使った画素 2000）。位置合わせ IoU 0.863（4パラメータ）。図では西長沢浄水場系と相模原浄水場系が同じ色で区別できないため供給水量の大きい西長沢に寄せている（企業団の1日平均供給水量 R7年度 西長沢 467486 ㎥ / 相模原 248448 ㎥）
TRACE_YOK:14102001003,14102001003,FAC_KGD_NISHINAGASAWA,1.0,low,2026-04-01,,DOC_YOK_SUISHITSU_R8,令和8年度水質検査計画 p11「各水源の主な給水区域」図からのラスタ読み取り。企業団酒匂川系統（西長沢・相模原浄水場系）。図は「主な給水区域」であり町丁目単位の断定ではない。純度 71%（判定に使った画素 2207）。位置合わせ IoU 0.863（4パラメータ）。図では西長沢浄水場系と相模原浄水場系が同じ色で区別できないため供給水量の大きい西長沢に寄せている（企業団の1日平均供給水量 R7年度 西長沢 467486 ㎥ / 相模原 248448 ㎥）
TRACE_YOK:14102001004,14102001004,FAC_KGD_NISHINAGASAWA,1.0,medium,2026-04-01,,DOC_YOK_SUISHITSU_R8,令和8年度水質検査計画 p11「各水源の主な給水区域」図からのラスタ読み取り。企業団酒匂川系統（西長沢・相模原浄水場系）。図は「主な給水区域」であり町丁目単位の断定ではない。純度 100%（判定に使った画素 1506）。位置合わせ IoU 0.863（4パラメータ）。図では西長沢浄水場系と相模原浄水場系が同じ色で区別できないため供給水量の大きい西長沢に寄せている（企業団の1日平均供給水量 R7年度 西長沢 467486 ㎥ / 相模原 248448 ㎥）
TRACE_YOK:14102005001,14102005001,FAC_YOK_NISHIYA,1.0,medium,2026-04-01,,DOC_YOK_SUISHITSU_R8,令和8年度水質検査計画 p11「各水源の主な給水区域」図からのラスタ読み取り。相模川系統（西谷浄水場系）。図は「主な給水区域」であり町丁目単位の断定ではない。純度 100%（判定に使った画素 1832）。位置合わせ IoU 0.863（4パラメータ）
TRACE_YOK:14102005002,14102005002,FAC_YOK_NISHIYA,1.0,low,2026-04-01,,DOC_YOK_SUISHITSU_R8,令和8年度水質検査計画 p11「各水源の主な給水区域」図からのラスタ読み取り。相模川系統（西谷浄水場系）。図は「主な給水区域」であり町丁目単位の断定ではない。純度 61%（判定に使った画素 1816）。位置合わせ IoU 0.863（4パラメータ）
TRACE_YOK:14102005003,14102005003,FAC_KGD_NISHINAGASAWA,1.0,low,2026-04-01,,DOC_YOK_SUISHITSU_R8,令和8年度水質検査計画 p11「各水源の主な給水区域」図からのラスタ読み取り。企業団酒匂川系統（西長沢・相模原浄水場系）。図は「主な給水区域」であり町丁目単位の断定ではない。純度 82%（判定に使った画素 1805）。位置合わせ IoU 0.863（4パラメータ）。図では西長沢浄水場系と相模原浄水場系が同じ色で区別できないため供給水量の大きい西長沢に寄せている（企業団の1日平均供給水量 R7年度 西長沢 467486 ㎥ / 相模原 248448 ㎥）
TRACE_YOK:14102005004,14102005004,FAC_KGD_NISHINAGASAWA,1.0,medium,2026-04-01,,DOC_YOK_SUISHITSU_R8,令和8年度水質検査計画 p11「各水源の主な給水区域」図からのラスタ読み取り。企業団酒匂川系統（西長沢・相模原浄水場系）。図は「主な給水区域」であり町丁目単位の断定ではない。純度 100%（判定に使った画素 913）。位置合わせ IoU 0.863（4パラメータ）。図では西長沢浄水場系と相模原浄水場系が同じ色で区別できないため供給水量の大きい西長沢に寄せている（企業団の1日平均供給水量 R7年度 西長沢 467486 ㎥ / 相模原 248448 ㎥）
TRACE_YOK:14102009001,14102009001,FAC_YOK_NISHIYA,1.0,low,2026-04-01,,DOC_YOK_SUISHITSU_R8,令和8年度水質検査計画 p11「各水源の主な給水区域」図からのラスタ読み取り。相模川系統（西谷浄水場系）。図は「主な給水区域」であり町丁目単位の断定ではない。純度 65%（判定に使った画素 2304）。位置合わせ IoU 0.863（4パラメータ）
TRACE_YOK:14102009002,14102009002,FAC_KGD_NISHINAGASAWA,1.0,medium,2026-04-01,,DOC_YOK_SUISHITSU_R8,令和8年度水質検査計画 p11「各水源の主な給水区域」図からのラスタ読み取り。企業団酒匂川系統（西長沢・相模原浄水場系）。図は「主な給水区域」であり町丁目単位の断定ではない。純度 95%（判定に使った画素 784）。位置合わせ IoU 0.863（4パラメータ）。図では西長沢浄水場系と相模原浄水場系が同じ色で区別できないため供給水量の大きい西長沢に寄せている（企業団の1日平均供給水量 R7年度 西長沢 467486 ㎥ / 相模原 248448 ㎥）
TRACE_YOK:14102011001,14102011001,FAC_KGD_NISHINAGASAWA,1.0,medium,2026-04-01,,DOC_YOK_SUISHITSU_R8,令和8年度水質検査計画 p11「各水源の主な給水区域」図からのラスタ読み取り。企業団酒匂川系統（西長沢・相模原浄水場系）。図は「主な給水区域」であり町丁目単位の断定ではない。純度 100%（判定に使った画素 1486）。位置合わせ IoU 0.863（4パラメータ）。図では西長沢浄水場系と相模原浄水場系が同じ色で区別できないため供給水量の大きい西長沢に寄せている（企業団の1日平均供給水量 R7年度 西長沢 467486 ㎥ / 相模原 248448 ㎥）
TRACE_YOK:14102011002,14102011002,FAC_KGD_NISHINAGASAWA,1.0,medium,2026-04-01,,DOC_YOK_SUISHITSU_R8,令和8年度水質検査計画 p11「各水源の主な給水区域」図からのラスタ読み取り。企業団酒匂川系統（西長沢・相模原浄水場系）。図は「主な給水区域」であり町丁目単位の断定ではない。純度 100%（判定に使った画素 509）。位置合わせ IoU 0.863（4パラメータ）。図では西長沢浄水場系と相模原浄水場系が同じ色で区別できないため供給水量の大きい西長沢に寄せている（企業団の1日平均供給水量 R7年度 西長沢 467486 ㎥ / 相模原 248448 ㎥）
TRACE_YOK:141020130,141020130,FAC_YOK_NISHIYA,1.0,medium,2026-04-01,,DOC_YOK_SUISHITSU_R8,令和8年度水質検査計画 p11「各水源の主な給水区域」図からのラスタ読み取り。相模川系統（西谷浄水場系）。図は「主な給水区域」であり町丁目単位の断定ではない。純度 97%（判定に使った画素 1128）。位置合わせ IoU 0.863（4パラメータ）
TRACE_YOK:141020140,141020140,FAC_KGD_NISHINAGASAWA,1.0,medium,2026-04-01,,DOC_YOK_SUISHITSU_R8,令和8年度水質検査計画 p11「各水源の主な給水区域」図からのラスタ読み取り。企業団酒匂川系統（西長沢・相模原浄水場系）。図は「主な給水区域」であり町丁目単位の断定ではない。純度 96%（判定に使った画素 1700）。位置合わせ IoU 0.863（4パラメータ）。図では西長沢浄水場系と相模原浄水場系が同じ色で区別できないため供給水量の大きい西長沢に寄せている（企業団の1日平均供給水量 R7年度 西長沢 467486 ㎥ / 相模原 248448 ㎥）
TRACE_YOK:14102015001,14102015001,FAC_YOK_NISHIYA,1.0,medium,2026-04-01,,DOC_YOK_SUISHITSU_R8,令和8年度水質検査計画 p11「各水源の主な給水区域」図からのラスタ読み取り。相模川系統（西谷浄水場系）。図は「主な給水区域」であり町丁目単位の断定ではない。純度 100%（判定に使った画素 1358）。位置合わせ IoU 0.863（4パラメータ）
TRACE_YOK:14102015002,14102015002,FAC_YOK_NISHIYA,1.0,medium,2026-04-01,,DOC_YOK_SUISHITSU_R8,令和8年度水質検査計画 p11「各水源の主な給水区域」図からのラスタ読み取り。相模川系統（西谷浄水場系）。図は「主な給水区域」であり町丁目単位の断定ではない。純度 100%（判定に使った画素 941）。位置合わせ IoU 0.863（4パラメータ）
TRACE_YOK:14102015003,14102015003,FAC_YOK_NISHIYA,1.0,low,2026-04-01,,DOC_YOK_SUISHITSU_R8,令和8年度水質検査計画 p11「各水源の主な給水区域」図からのラスタ読み取り。相模川系統（西谷浄水場系）。図は「主な給水区域」であり町丁目単位の断定ではない。純度 73%（判定に使った画素 1483）。位置合わせ IoU 0.863（4パラメータ）
TRACE_YOK:14102018001,14102018001,FAC_YOK_NISHIYA,1.0,medium,2026-04-01,,DOC_YOK_SUISHITSU_R8,令和8年度水質検査計画 p11「各水源の主な給水区域」図からのラスタ読み取り。相模川系統（西谷浄水場系）。図は「主な給水区域」であり町丁目単位の断定ではない。純度 100%（判定に使った画素 1850）。位置合わせ IoU 0.863（4パラメータ）
TRACE_YOK:14102018002,14102018002,FAC_YOK_NISHIYA,1.0,low,2026-04-01,,DOC_YOK_SUISHITSU_R8,令和8年度水質検査計画 p11「各水源の主な給水区域」図からのラスタ読み取り。相模川系統（西谷浄水場系）。図は「主な給水区域」であり町丁目単位の断定ではない。純度 92%（判定に使った画素 1227）。位置合わせ IoU 0.863（4パラメータ）
TRACE_YOK:14102020001,14102020001,FAC_YOK_NISHIYA,1.0,medium,2026-04-01,,DOC_YOK_SUISHITSU_R8,令和8年度水質検査計画 p11「各水源の主な給水区域」図からのラスタ読み取り。相模川系統（西谷浄水場系）。図は「主な給水区域」であり町丁目単位の断定ではない。純度 100%（判定に使った画素 787）。位置合わせ IoU 0.863（4パラメータ）
TRACE_YOK:14102020002,14102020002,FAC_YOK_NISHIYA,1.0,medium,2026-04-01,,DOC_YOK_SUISHITSU_R8,令和8年度水質検査計画 p11「各水源の主な給水区域」図からのラスタ読み取り。相模川系統（西谷浄水場系）。図は「主な給水区域」であり町丁目単位の断定ではない。純度 100%（判定に使った画素 783）。位置合わせ IoU 0.863（4パラメータ）
TRACE_YOK:14102020003,14102020003,FAC_YOK_NISHIYA,1.0,medium,2026-04-01,,DOC_YOK_SUISHITSU_R8,令和8年度水質検査計画 p11「各水源の主な給水区域」図からのラスタ読み取り。相模川系統（西谷浄水場系）。図は「主な給水区域」であり町丁目単位の断定ではない。純度 100%（判定に使った画素 2355）。位置合わせ IoU 0.863（4パラメータ）
TRACE_YOK:14102020004,14102020004,FAC_YOK_NISHIYA,1.0,medium,2026-04-01,,DOC_YOK_SUISHITSU_R8,令和8年度水質検査計画 p11「各水源の主な給水区域」図からのラスタ読み取り。相模川系統（西谷浄水場系）。図は「主な給水区域」であり町丁目単位の断定ではない。純度 99%（判定に使った画素 2485）。位置合わせ IoU 0.863（4パラメータ）
TRACE_YOK:141020240,141020240,FAC_YOK_NISHIYA,1.0,medium,2026-04-01,,DOC_YOK_SUISHITSU_R8,令和8年度水質検査計画 p11「各水源の主な給水区域」図からのラスタ読み取り。相模川系統（西谷浄水場系）。図は「主な給水区域」であり町丁目単位の断定ではない。純度 99%（判定に使った画素 3923）。位置合わせ IoU 0.863（4パラメータ）
TRACE_YOK:141020250,141020250,FAC_YOK_NISHIYA,1.0,medium,2026-04-01,,DOC_YOK_SUISHITSU_R8,令和8年度水質検査計画 p11「各水源の主な給水区域」図からのラスタ読み取り。相模川系統（西谷浄水場系）。図は「主な給水区域」であり町丁目単位の断定ではない。純度 95%（判定に使った画素 4516）。位置合わせ IoU 0.863（4パラメータ）
TRACE_YOK:141020260,141020260,FAC_YOK_NISHIYA,1.0,low,2026-04-01,,DOC_YOK_SUISHITSU_R8,令和8年度水質検査計画 p11「各水源の主な給水区域」図からのラスタ読み取り。相模川系統（西谷浄水場系）。図は「主な給水区域」であり町丁目単位の断定ではない。純度 72%（判定に使った画素 1892）。位置合わせ IoU 0.863（4パラメータ）
TRACE_YOK:141020270,141020270,FAC_YOK_NISHIYA,1.0,low,2026-04-01,,DOC_YOK_SUISHITSU_R8,令和8年度水質検査計画 p11「各水源の主な給水区域」図からのラスタ読み取り。相模川系統（西谷浄水場系）。図は「主な給水区域」であり町丁目単位の断定ではない。純度 82%（判定に使った画素 2104）。位置合わせ IoU 0.863（4パラメータ）
TRACE_YOK:141020280,141020280,FAC_YOK_NISHIYA,1.0,medium,2026-04-01,,DOC_YOK_SUISHITSU_R8,令和8年度水質検査計画 p11「各水源の主な給水区域」図からのラスタ読み取り。相模川系統（西谷浄水場系）。図は「主な給水区域」であり町丁目単位の断定ではない。純度 100%（判定に使った画素 2218）。位置合わせ IoU 0.863（4パラメータ）
TRACE_YOK:141020290,141020290,FAC_YOK_NISHIYA,1.0,medium,2026-04-01,,DOC_YOK_SUISHITSU_R8,令和8年度水質検査計画 p11「各水源の主な給水区域」図からのラスタ読み取り。相模川系統（西谷浄水場系）。図は「主な給水区域」であり町丁目単位の断定ではない。純度 100%（判定に使った画素 1790）。位置合わせ IoU 0.863（4パラメータ）
TRACE_YOK:141020300,141020300,FAC_KGD_NISHINAGASAWA,1.0,medium,2026-04-01,,DOC_YOK_SUISHITSU_R8,令和8年度水質検査計画 p11「各水源の主な給水区域」図からのラスタ読み取り。企業団酒匂川系統（西長沢・相模原浄水場系）。図は「主な給水区域」であり町丁目単位の断定ではない。純度 96%（判定に使った画素 323）。位置合わせ IoU 0.863（4パラメータ）。図では西長沢浄水場系と相模原浄水場系が同じ色で区別できないため供給水量の大きい西長沢に寄せている（企業団の1日平均供給水量 R7年度 西長沢 467486 ㎥ / 相模原 248448 ㎥）
TRACE_YOK:141020310,141020310,FAC_YOK_NISHIYA,1.0,low,2026-04-01,,DOC_YOK_SUISHITSU_R8,令和8年度水質検査計画 p11「各水源の主な給水区域」図からのラスタ読み取り。相模川系統（西谷浄水場系）。図は「主な給水区域」であり町丁目単位の断定ではない。純度 62%（判定に使った画素 1155）。位置合わせ IoU 0.863（4パラメータ）
TRACE_YOK:141020320,141020320,FAC_KGD_NISHINAGASAWA,1.0,low,2026-04-01,,DOC_YOK_SUISHITSU_R8,令和8年度水質検査計画 p11「各水源の主な給水区域」図からのラスタ読み取り。企業団酒匂川系統（西長沢・相模原浄水場系）。図は「主な給水区域」であり町丁目単位の断定ではない。純度 91%（判定に使った画素 447）。位置合わせ IoU 0.863（4パラメータ）。図では西長沢浄水場系と相模原浄水場系が同じ色で区別できないため供給水量の大きい西長沢に寄せている（企業団の1日平均供給水量 R7年度 西長沢 467486 ㎥ / 相模原 248448 ㎥）
TRACE_YOK:141020330,141020330,FAC_KGD_NISHINAGASAWA,1.0,medium,2026-04-01,,DOC_YOK_SUISHITSU_R8,令和8年度水質検査計画 p11「各水源の主な給水区域」図からのラスタ読み取り。企業団酒匂川系統（西長沢・相模原浄水場系）。図は「主な給水区域」であり町丁目単位の断定ではない。純度 98%（判定に使った画素 674）。位置合わせ IoU 0.863（4パラメータ）。図では西長沢浄水場系と相模原浄水場系が同じ色で区別できないため供給水量の大きい西長沢に寄せている（企業団の1日平均供給水量 R7年度 西長沢 467486 ㎥ / 相模原 248448 ㎥）
TRACE_YOK:141020340,141020340,FAC_KGD_NISHINAGASAWA,1.0,medium,2026-04-01,,DOC_YOK_SUISHITSU_R8,令和8年度水質検査計画 p11「各水源の主な給水区域」図からのラスタ読み取り。企業団酒匂川系統（西長沢・相模原浄水場系）。図は「主な給水区域」であり町丁目単位の断定ではない。純度 97%（判定に使った画素 1852）。位置合わせ IoU 0.863（4パラメータ）。図では西長沢浄水場系と相模原浄水場系が同じ色で区別できないため供給水量の大きい西長沢に寄せている（企業団の1日平均供給水量 R7年度 西長沢 467486 ㎥ / 相模原 248448 ㎥）
TRACE_YOK:141020350,141020350,FAC_KGD_NISHINAGASAWA,1.0,low,2026-04-01,,DOC_YOK_SUISHITSU_R8,令和8年度水質検査計画 p11「各水源の主な給水区域」図からのラスタ読み取り。企業団酒匂川系統（西長沢・相模原浄水場系）。図は「主な給水区域」であり町丁目単位の断定ではない。純度 79%（判定に使った画素 1477）。位置合わせ IoU 0.863（4パラメータ）。図では西長沢浄水場系と相模原浄水場系が同じ色で区別できないため供給水量の大きい西長沢に寄せている（企業団の1日平均供給水量 R7年度 西長沢 467486 ㎥ / 相模原 248448 ㎥）
TRACE_YOK:141020360,141020360,FAC_KGD_NISHINAGASAWA,1.0,medium,2026-04-01,,DOC_YOK_SUISHITSU_R8,令和8年度水質検査計画 p11「各水源の主な給水区域」図からのラスタ読み取り。企業団酒匂川系統（西長沢・相模原浄水場系）。図は「主な給水区域」であり町丁目単位の断定ではない。純度 96%（判定に使った画素 1286）。位置合わせ IoU 0.863（4パラメータ）。図では西長沢浄水場系と相模原浄水場系が同じ色で区別できないため供給水量の大きい西長沢に寄せている（企業団の1日平均供給水量 R7年度 西長沢 467486 ㎥ / 相模原 248448 ㎥）
TRACE_YOK:141020370,141020370,FAC_YOK_NISHIYA,1.0,low,2026-04-01,,DOC_YOK_SUISHITSU_R8,令和8年度水質検査計画 p11「各水源の主な給水区域」図からのラスタ読み取り。相模川系統（西谷浄水場系）。図は「主な給水区域」であり町丁目単位の断定ではない。純度 84%（判定に使った画素 875）。位置合わせ IoU 0.863（4パラメータ）
TRACE_YOK:141020380,141020380,FAC_KGD_NISHINAGASAWA,1.0,low,2026-04-01,,DOC_YOK_SUISHITSU_R8,令和8年度水質検査計画 p11「各水源の主な給水区域」図からのラスタ読み取り。企業団酒匂川系統（西長沢・相模原浄水場系）。図は「主な給水区域」であり町丁目単位の断定ではない。純度 65%（判定に使った画素 638）。位置合わせ IoU 0.863（4パラメータ）。図では西長沢浄水場系と相模原浄水場系が同じ色で区別できないため供給水量の大きい西長沢に寄せている（企業団の1日平均供給水量 R7年度 西長沢 467486 ㎥ / 相模原 248448 ㎥）
TRACE_YOK:141020400,141020400,FAC_KGD_NISHINAGASAWA,1.0,low,2026-04-01,,DOC_YOK_SUISHITSU_R8,令和8年度水質検査計画 p11「各水源の主な給水区域」図からのラスタ読み取り。企業団酒匂川系統（西長沢・相模原浄水場系）。図は「主な給水区域」であり町丁目単位の断定ではない。純度 50%（判定に使った画素 399）。位置合わせ IoU 0.863（4パラメータ）。図では西長沢浄水場系と相模原浄水場系が同じ色で区別できないため供給水量の大きい西長沢に寄せている（企業団の1日平均供給水量 R7年度 西長沢 467486 ㎥ / 相模原 248448 ㎥）
TRACE_YOK:14102041001,14102041001,FAC_YOK_KAWAI,1.0,low,2026-04-01,,DOC_YOK_SUISHITSU_R8,令和8年度水質検査計画 p11「各水源の主な給水区域」図からのラスタ読み取り。道志川系統（川井浄水場系）。図は「主な給水区域」であり町丁目単位の断定ではない。純度 84%（判定に使った画素 656）。位置合わせ IoU 0.863（4パラメータ）
TRACE_YOK:14102041002,14102041002,FAC_YOK_KAWAI,1.0,medium,2026-04-01,,DOC_YOK_SUISHITSU_R8,令和8年度水質検査計画 p11「各水源の主な給水区域」図からのラスタ読み取り。道志川系統（川井浄水場系）。図は「主な給水区域」であり町丁目単位の断定ではない。純度 100%（判定に使った画素 312）。位置合わせ IoU 0.863（4パラメータ）
TRACE_YOK:14102041003,14102041003,FAC_YOK_KAWAI,1.0,medium,2026-04-01,,DOC_YOK_SUISHITSU_R8,令和8年度水質検査計画 p11「各水源の主な給水区域」図からのラスタ読み取り。道志川系統（川井浄水場系）。図は「主な給水区域」であり町丁目単位の断定ではない。純度 100%（判定に使った画素 624）。位置合わせ IoU 0.863（4パラメータ）
TRACE_YOK:141020440,141020440,FAC_YOK_KAWAI,1.0,low,2026-04-01,,DOC_YOK_SUISHITSU_R8,令和8年度水質検査計画 p11「各水源の主な給水区域」図からのラスタ読み取り。道志川系統（川井浄水場系）。図は「主な給水区域」であり町丁目単位の断定ではない。純度 74%（判定に使った画素 267）。位置合わせ IoU 0.863（4パラメータ）
TRACE_YOK:141020450,141020450,FAC_YOK_NISHIYA,1.0,medium,2026-04-01,,DOC_YOK_SUISHITSU_R8,令和8年度水質検査計画 p11「各水源の主な給水区域」図からのラスタ読み取り。相模川系統（西谷浄水場系）。図は「主な給水区域」であり町丁目単位の断定ではない。純度 100%（判定に使った画素 145）。位置合わせ IoU 0.863（4パラメータ）
TRACE_YOK:14102046002,14102046002,FAC_YOK_NISHIYA,1.0,medium,2026-04-01,,DOC_YOK_SUISHITSU_R8,令和8年度水質検査計画 p11「各水源の主な給水区域」図からのラスタ読み取り。相模川系統（西谷浄水場系）。図は「主な給水区域」であり町丁目単位の断定ではない。純度 100%（判定に使った画素 141）。位置合わせ IoU 0.863（4パラメータ）
TRACE_YOK:14102046003,14102046003,FAC_YOK_NISHIYA,1.0,medium,2026-04-01,,DOC_YOK_SUISHITSU_R8,令和8年度水質検査計画 p11「各水源の主な給水区域」図からのラスタ読み取り。相模川系統（西谷浄水場系）。図は「主な給水区域」であり町丁目単位の断定ではない。純度 100%（判定に使った画素 26）。位置合わせ IoU 0.863（4パラメータ）
TRACE_YOK:141020490,141020490,FAC_YOK_NISHIYA,1.0,medium,2026-04-01,,DOC_YOK_SUISHITSU_R8,令和8年度水質検査計画 p11「各水源の主な給水区域」図からのラスタ読み取り。相模川系統（西谷浄水場系）。図は「主な給水区域」であり町丁目単位の断定ではない。純度 100%（判定に使った画素 759）。位置合わせ IoU 0.863（4パラメータ）
TRACE_YOK:141020500,141020500,FAC_YOK_NISHIYA,1.0,low,2026-04-01,,DOC_YOK_SUISHITSU_R8,令和8年度水質検査計画 p11「各水源の主な給水区域」図からのラスタ読み取り。相模川系統（西谷浄水場系）。図は「主な給水区域」であり町丁目単位の断定ではない。純度 94%（判定に使った画素 1029）。位置合わせ IoU 0.863（4パラメータ）
TRACE_YOK:141020510,141020510,FAC_YOK_NISHIYA,1.0,medium,2026-04-01,,DOC_YOK_SUISHITSU_R8,令和8年度水質検査計画 p11「各水源の主な給水区域」図からのラスタ読み取り。相模川系統（西谷浄水場系）。図は「主な給水区域」であり町丁目単位の断定ではない。純度 100%（判定に使った画素 830）。位置合わせ IoU 0.863（4パラメータ）
TRACE_YOK:141020520,141020520,FAC_YOK_NISHIYA,1.0,medium,2026-04-01,,DOC_YOK_SUISHITSU_R8,令和8年度水質検査計画 p11「各水源の主な給水区域」図からのラスタ読み取り。相模川系統（西谷浄水場系）。図は「主な給水区域」であり町丁目単位の断定ではない。純度 100%（判定に使った画素 1844）。位置合わせ IoU 0.863（4パラメータ）
TRACE_YOK:141020530,141020530,FAC_YOK_NISHIYA,1.0,medium,2026-04-01,,DOC_YOK_SUISHITSU_R8,令和8年度水質検査計画 p11「各水源の主な給水区域」図からのラスタ読み取り。相模川系統（西谷浄水場系）。図は「主な給水区域」であり町丁目単位の断定ではない。純度 98%（判定に使った画素 1473）。位置合わせ IoU 0.863（4パラメータ）
TRACE_YOK:141020540,141020540,FAC_YOK_NISHIYA,1.0,medium,2026-04-01,,DOC_YOK_SUISHITSU_R8,令和8年度水質検査計画 p11「各水源の主な給水区域」図からのラスタ読み取り。相模川系統（西谷浄水場系）。図は「主な給水区域」であり町丁目単位の断定ではない。純度 100%（判定に使った画素 670）。位置合わせ IoU 0.863（4パラメータ）
TRACE_YOK:14102055001,14102055001,FAC_YOK_NISHIYA,1.0,medium,2026-04-01,,DOC_YOK_SUISHITSU_R8,令和8年度水質検査計画 p11「各水源の主な給水区域」図からのラスタ読み取り。相模川系統（西谷浄水場系）。図は「主な給水区域」であり町丁目単位の断定ではない。純度 100%（判定に使った画素 726）。位置合わせ IoU 0.863（4パラメータ）
TRACE_YOK:14102055002,14102055002,FAC_YOK_NISHIYA,1.0,medium,2026-04-01,,DOC_YOK_SUISHITSU_R8,令和8年度水質検査計画 p11「各水源の主な給水区域」図からのラスタ読み取り。相模川系統（西谷浄水場系）。図は「主な給水区域」であり町丁目単位の断定ではない。純度 100%（判定に使った画素 801）。位置合わせ IoU 0.863（4パラメータ）
TRACE_YOK:141020570,141020570,FAC_YOK_NISHIYA,1.0,medium,2026-04-01,,DOC_YOK_SUISHITSU_R8,令和8年度水質検査計画 p11「各水源の主な給水区域」図からのラスタ読み取り。相模川系統（西谷浄水場系）。図は「主な給水区域」であり町丁目単位の断定ではない。純度 99%（判定に使った画素 1432）。位置合わせ IoU 0.863（4パラメータ）
TRACE_YOK:141020580,141020580,FAC_YOK_NISHIYA,1.0,low,2026-04-01,,DOC_YOK_SUISHITSU_R8,令和8年度水質検査計画 p11「各水源の主な給水区域」図からのラスタ読み取り。相模川系統（西谷浄水場系）。図は「主な給水区域」であり町丁目単位の断定ではない。純度 92%（判定に使った画素 3467）。位置合わせ IoU 0.863（4パラメータ）
TRACE_YOK:14102059001,14102059001,FAC_YOK_NISHIYA,1.0,medium,2026-04-01,,DOC_YOK_SUISHITSU_R8,令和8年度水質検査計画 p11「各水源の主な給水区域」図からのラスタ読み取り。相模川系統（西谷浄水場系）。図は「主な給水区域」であり町丁目単位の断定ではない。純度 100%（判定に使った画素 337）。位置合わせ IoU 0.863（4パラメータ）
TRACE_YOK:14102059002,14102059002,FAC_YOK_NISHIYA,1.0,medium,2026-04-01,,DOC_YOK_SUISHITSU_R8,令和8年度水質検査計画 p11「各水源の主な給水区域」図からのラスタ読み取り。相模川系統（西谷浄水場系）。図は「主な給水区域」であり町丁目単位の断定ではない。純度 100%（判定に使った画素 902）。位置合わせ IoU 0.863（4パラメータ）
TRACE_YOK:14102059003,14102059003,FAC_YOK_NISHIYA,1.0,medium,2026-04-01,,DOC_YOK_SUISHITSU_R8,令和8年度水質検査計画 p11「各水源の主な給水区域」図からのラスタ読み取り。相模川系統（西谷浄水場系）。図は「主な給水区域」であり町丁目単位の断定ではない。純度 100%（判定に使った画素 94）。位置合わせ IoU 0.863（4パラメータ）
TRACE_YOK:141020610,141020610,FAC_YOK_NISHIYA,1.0,medium,2026-04-01,,DOC_YOK_SUISHITSU_R8,令和8年度水質検査計画 p11「各水源の主な給水区域」図からのラスタ読み取り。相模川系統（西谷浄水場系）。図は「主な給水区域」であり町丁目単位の断定ではない。純度 95%（判定に使った画素 3053）。位置合わせ IoU 0.863（4パラメータ）
TRACE_YOK:14102062001,14102062001,FAC_YOK_NISHIYA,1.0,medium,2026-04-01,,DOC_YOK_SUISHITSU_R8,令和8年度水質検査計画 p11「各水源の主な給水区域」図からのラスタ読み取り。相模川系統（西谷浄水場系）。図は「主な給水区域」であり町丁目単位の断定ではない。純度 100%（判定に使った画素 1859）。位置合わせ IoU 0.863（4パラメータ）
TRACE_YOK:14102062002,14102062002,FAC_YOK_NISHIYA,1.0,medium,2026-04-01,,DOC_YOK_SUISHITSU_R8,令和8年度水質検査計画 p11「各水源の主な給水区域」図からのラスタ読み取り。相模川系統（西谷浄水場系）。図は「主な給水区域」であり町丁目単位の断定ではない。純度 100%（判定に使った画素 1328）。位置合わせ IoU 0.863（4パラメータ）
TRACE_YOK:14102062003,14102062003,FAC_YOK_NISHIYA,1.0,medium,2026-04-01,,DOC_YOK_SUISHITSU_R8,令和8年度水質検査計画 p11「各水源の主な給水区域」図からのラスタ読み取り。相模川系統（西谷浄水場系）。図は「主な給水区域」であり町丁目単位の断定ではない。純度 100%（判定に使った画素 1064）。位置合わせ IoU 0.863（4パラメータ）
TRACE_YOK:141020650,141020650,FAC_YOK_NISHIYA,1.0,medium,2026-04-01,,DOC_YOK_SUISHITSU_R8,令和8年度水質検査計画 p11「各水源の主な給水区域」図からのラスタ読み取り。相模川系統（西谷浄水場系）。図は「主な給水区域」であり町丁目単位の断定ではない。純度 100%（判定に使った画素 526）。位置合わせ IoU 0.863（4パラメータ）
TRACE_YOK:141020660,141020660,FAC_YOK_NISHIYA,1.0,medium,2026-04-01,,DOC_YOK_SUISHITSU_R8,令和8年度水質検査計画 p11「各水源の主な給水区域」図からのラスタ読み取り。相模川系統（西谷浄水場系）。図は「主な給水区域」であり町丁目単位の断定ではない。純度 100%（判定に使った画素 642）。位置合わせ IoU 0.863（4パラメータ）
TRACE_YOK:141020670,141020670,FAC_YOK_NISHIYA,1.0,medium,2026-04-01,,DOC_YOK_SUISHITSU_R8,令和8年度水質検査計画 p11「各水源の主な給水区域」図からのラスタ読み取り。相模川系統（西谷浄水場系）。図は「主な給水区域」であり町丁目単位の断定ではない。純度 100%（判定に使った画素 1563）。位置合わせ IoU 0.863（4パラメータ）
TRACE_YOK:14102068001,14102068001,FAC_YOK_NISHIYA,1.0,medium,2026-04-01,,DOC_YOK_SUISHITSU_R8,令和8年度水質検査計画 p11「各水源の主な給水区域」図からのラスタ読み取り。相模川系統（西谷浄水場系）。図は「主な給水区域」であり町丁目単位の断定ではない。純度 100%（判定に使った画素 355）。位置合わせ IoU 0.863（4パラメータ）
TRACE_YOK:14102068002,14102068002,FAC_YOK_NISHIYA,1.0,medium,2026-04-01,,DOC_YOK_SUISHITSU_R8,令和8年度水質検査計画 p11「各水源の主な給水区域」図からのラスタ読み取り。相模川系統（西谷浄水場系）。図は「主な給水区域」であり町丁目単位の断定ではない。純度 100%（判定に使った画素 319）。位置合わせ IoU 0.863（4パラメータ）
TRACE_YOK:141020700,141020700,FAC_YOK_NISHIYA,1.0,medium,2026-04-01,,DOC_YOK_SUISHITSU_R8,令和8年度水質検査計画 p11「各水源の主な給水区域」図からのラスタ読み取り。相模川系統（西谷浄水場系）。図は「主な給水区域」であり町丁目単位の断定ではない。純度 100%（判定に使った画素 1454）。位置合わせ IoU 0.863（4パラメータ）
TRACE_YOK:141020710,141020710,FAC_YOK_NISHIYA,1.0,medium,2026-04-01,,DOC_YOK_SUISHITSU_R8,令和8年度水質検査計画 p11「各水源の主な給水区域」図からのラスタ読み取り。相模川系統（西谷浄水場系）。図は「主な給水区域」であり町丁目単位の断定ではない。純度 100%（判定に使った画素 1241）。位置合わせ IoU 0.863（4パラメータ）
TRACE_YOK:141020720,141020720,FAC_YOK_NISHIYA,1.0,medium,2026-04-01,,DOC_YOK_SUISHITSU_R8,令和8年度水質検査計画 p11「各水源の主な給水区域」図からのラスタ読み取り。相模川系統（西谷浄水場系）。図は「主な給水区域」であり町丁目単位の断定ではない。純度 100%（判定に使った画素 352）。位置合わせ IoU 0.863（4パラメータ）
TRACE_YOK:14102073001,14102073001,FAC_YOK_NISHIYA,1.0,low,2026-04-01,,DOC_YOK_SUISHITSU_R8,令和8年度水質検査計画 p11「各水源の主な給水区域」図からのラスタ読み取り。相模川系統（西谷浄水場系）。図は「主な給水区域」であり町丁目単位の断定ではない。純度 69%（判定に使った画素 493）。位置合わせ IoU 0.863（4パラメータ）
TRACE_YOK:14102073002,14102073002,FAC_YOK_NISHIYA,1.0,medium,2026-04-01,,DOC_YOK_SUISHITSU_R8,令和8年度水質検査計画 p11「各水源の主な給水区域」図からのラスタ読み取り。相模川系統（西谷浄水場系）。図は「主な給水区域」であり町丁目単位の断定ではない。純度 100%（判定に使った画素 113）。位置合わせ IoU 0.863（4パラメータ）
TRACE_YOK:14102073003,14102073003,FAC_YOK_NISHIYA,1.0,medium,2026-04-01,,DOC_YOK_SUISHITSU_R8,令和8年度水質検査計画 p11「各水源の主な給水区域」図からのラスタ読み取り。相模川系統（西谷浄水場系）。図は「主な給水区域」であり町丁目単位の断定ではない。純度 100%（判定に使った画素 151）。位置合わせ IoU 0.863（4パラメータ）
TRACE_YOK:14102073004,14102073004,FAC_YOK_NISHIYA,1.0,low,2026-04-01,,DOC_YOK_SUISHITSU_R8,令和8年度水質検査計画 p11「各水源の主な給水区域」図からのラスタ読み取り。相模川系統（西谷浄水場系）。図は「主な給水区域」であり町丁目単位の断定ではない。純度 91%（判定に使った画素 127）。位置合わせ IoU 0.863（4パラメータ）
TRACE_YOK:14102077001,14102077001,FAC_YOK_NISHIYA,1.0,medium,2026-04-01,,DOC_YOK_SUISHITSU_R8,令和8年度水質検査計画 p11「各水源の主な給水区域」図からのラスタ読み取り。相模川系統（西谷浄水場系）。図は「主な給水区域」であり町丁目単位の断定ではない。純度 100%（判定に使った画素 77）。位置合わせ IoU 0.863（4パラメータ）
TRACE_YOK:14102077002,14102077002,FAC_YOK_NISHIYA,1.0,medium,2026-04-01,,DOC_YOK_SUISHITSU_R8,令和8年度水質検査計画 p11「各水源の主な給水区域」図からのラスタ読み取り。相模川系統（西谷浄水場系）。図は「主な給水区域」であり町丁目単位の断定ではない。純度 100%（判定に使った画素 54）。位置合わせ IoU 0.863（4パラメータ）
TRACE_YOK:14102077003,14102077003,FAC_YOK_NISHIYA,1.0,medium,2026-04-01,,DOC_YOK_SUISHITSU_R8,令和8年度水質検査計画 p11「各水源の主な給水区域」図からのラスタ読み取り。相模川系統（西谷浄水場系）。図は「主な給水区域」であり町丁目単位の断定ではない。純度 100%（判定に使った画素 126）。位置合わせ IoU 0.863（4パラメータ）
TRACE_YOK:14102077004,14102077004,FAC_YOK_NISHIYA,1.0,medium,2026-04-01,,DOC_YOK_SUISHITSU_R8,令和8年度水質検査計画 p11「各水源の主な給水区域」図からのラスタ読み取り。相模川系統（西谷浄水場系）。図は「主な給水区域」であり町丁目単位の断定ではない。純度 100%（判定に使った画素 29）。位置合わせ IoU 0.863（4パラメータ）
TRACE_YOK:14102077005,14102077005,FAC_YOK_NISHIYA,1.0,medium,2026-04-01,,DOC_YOK_SUISHITSU_R8,令和8年度水質検査計画 p11「各水源の主な給水区域」図からのラスタ読み取り。相模川系統（西谷浄水場系）。図は「主な給水区域」であり町丁目単位の断定ではない。純度 100%（判定に使った画素 41）。位置合わせ IoU 0.863（4パラメータ）
TRACE_YOK:14102077006,14102077006,FAC_YOK_NISHIYA,1.0,medium,2026-04-01,,DOC_YOK_SUISHITSU_R8,令和8年度水質検査計画 p11「各水源の主な給水区域」図からのラスタ読み取り。相模川系統（西谷浄水場系）。図は「主な給水区域」であり町丁目単位の断定ではない。純度 100%（判定に使った画素 27）。位置合わせ IoU 0.863（4パラメータ）
TRACE_YOK:141020830,141020830,FAC_YOK_NISHIYA,1.0,medium,2026-04-01,,DOC_YOK_SUISHITSU_R8,令和8年度水質検査計画 p11「各水源の主な給水区域」図からのラスタ読み取り。相模川系統（西谷浄水場系）。図は「主な給水区域」であり町丁目単位の断定ではない。純度 100%（判定に使った画素 996）。位置合わせ IoU 0.863（4パラメータ）
TRACE_YOK:141020840,141020840,FAC_YOK_NISHIYA,1.0,low,2026-04-01,,DOC_YOK_SUISHITSU_R8,令和8年度水質検査計画 p11「各水源の主な給水区域」図からのラスタ読み取り。相模川系統（西谷浄水場系）。図は「主な給水区域」であり町丁目単位の断定ではない。純度 58%（判定に使った画素 493）。位置合わせ IoU 0.863（4パラメータ）
TRACE_YOK:141020850,141020850,FAC_YOK_KAWAI,1.0,low,2026-04-01,,DOC_YOK_SUISHITSU_R8,令和8年度水質検査計画 p11「各水源の主な給水区域」図からのラスタ読み取り。道志川系統（川井浄水場系）。図は「主な給水区域」であり町丁目単位の断定ではない。純度 77%（判定に使った画素 230）。位置合わせ IoU 0.863（4パラメータ）
TRACE_YOK:141020860,141020860,FAC_YOK_NISHIYA,1.0,medium,2026-04-01,,DOC_YOK_SUISHITSU_R8,令和8年度水質検査計画 p11「各水源の主な給水区域」図からのラスタ読み取り。相模川系統（西谷浄水場系）。図は「主な給水区域」であり町丁目単位の断定ではない。純度 100%（判定に使った画素 1039）。位置合わせ IoU 0.863（4パラメータ）
TRACE_YOK:141020870,141020870,FAC_YOK_NISHIYA,1.0,medium,2026-04-01,,DOC_YOK_SUISHITSU_R8,令和8年度水質検査計画 p11「各水源の主な給水区域」図からのラスタ読み取り。相模川系統（西谷浄水場系）。図は「主な給水区域」であり町丁目単位の断定ではない。純度 100%（判定に使った画素 2890）。位置合わせ IoU 0.863（4パラメータ）
TRACE_YOK:141020880,141020880,FAC_YOK_NISHIYA,1.0,medium,2026-04-01,,DOC_YOK_SUISHITSU_R8,令和8年度水質検査計画 p11「各水源の主な給水区域」図からのラスタ読み取り。相模川系統（西谷浄水場系）。図は「主な給水区域」であり町丁目単位の断定ではない。純度 100%（判定に使った画素 2084）。位置合わせ IoU 0.863（4パラメータ）
TRACE_YOK:141020890,141020890,FAC_YOK_NISHIYA,1.0,medium,2026-04-01,,DOC_YOK_SUISHITSU_R8,令和8年度水質検査計画 p11「各水源の主な給水区域」図からのラスタ読み取り。相模川系統（西谷浄水場系）。図は「主な給水区域」であり町丁目単位の断定ではない。純度 100%（判定に使った画素 3087）。位置合わせ IoU 0.863（4パラメータ）
TRACE_YOK:141020900,141020900,FAC_YOK_NISHIYA,1.0,medium,2026-04-01,,DOC_YOK_SUISHITSU_R8,令和8年度水質検査計画 p11「各水源の主な給水区域」図からのラスタ読み取り。相模川系統（西谷浄水場系）。図は「主な給水区域」であり町丁目単位の断定ではない。純度 100%（判定に使った画素 2301）。位置合わせ IoU 0.863（4パラメータ）
TRACE_YOK:141020910,141020910,FAC_YOK_NISHIYA,1.0,medium,2026-04-01,,DOC_YOK_SUISHITSU_R8,令和8年度水質検査計画 p11「各水源の主な給水区域」図からのラスタ読み取り。相模川系統（西谷浄水場系）。図は「主な給水区域」であり町丁目単位の断定ではない。純度 99%（判定に使った画素 922）。位置合わせ IoU 0.863（4パラメータ）
TRACE_YOK:141020920,141020920,FAC_YOK_KAWAI,1.0,low,2026-04-01,,DOC_YOK_SUISHITSU_R8,令和8年度水質検査計画 p11「各水源の主な給水区域」図からのラスタ読み取り。道志川系統（川井浄水場系）。図は「主な給水区域」であり町丁目単位の断定ではない。純度 56%（判定に使った画素 637）。位置合わせ IoU 0.863（4パラメータ）
TRACE_YOK:141020930,141020930,FAC_YOK_NISHIYA,1.0,low,2026-04-01,,DOC_YOK_SUISHITSU_R8,令和8年度水質検査計画 p11「各水源の主な給水区域」図からのラスタ読み取り。相模川系統（西谷浄水場系）。図は「主な給水区域」であり町丁目単位の断定ではない。純度 71%（判定に使った画素 827）。位置合わせ IoU 0.863（4パラメータ）
TRACE_YOK:141020940,141020940,FAC_YOK_KAWAI,1.0,low,2026-04-01,,DOC_YOK_SUISHITSU_R8,令和8年度水質検査計画 p11「各水源の主な給水区域」図からのラスタ読み取り。道志川系統（川井浄水場系）。図は「主な給水区域」であり町丁目単位の断定ではない。純度 68%（判定に使った画素 2165）。位置合わせ IoU 0.863（4パラメータ）
TRACE_YOK:141020950,141020950,FAC_YOK_KAWAI,1.0,medium,2026-04-01,,DOC_YOK_SUISHITSU_R8,令和8年度水質検査計画 p11「各水源の主な給水区域」図からのラスタ読み取り。道志川系統（川井浄水場系）。図は「主な給水区域」であり町丁目単位の断定ではない。純度 98%（判定に使った画素 1134）。位置合わせ IoU 0.863（4パラメータ）
TRACE_YOK:141020960,141020960,FAC_KGD_NISHINAGASAWA,1.0,low,2026-04-01,,DOC_YOK_SUISHITSU_R8,令和8年度水質検査計画 p11「各水源の主な給水区域」図からのラスタ読み取り。企業団酒匂川系統（西長沢・相模原浄水場系）。図は「主な給水区域」であり町丁目単位の断定ではない。純度 60%（判定に使った画素 1739）。位置合わせ IoU 0.863（4パラメータ）。図では西長沢浄水場系と相模原浄水場系が同じ色で区別できないため供給水量の大きい西長沢に寄せている（企業団の1日平均供給水量 R7年度 西長沢 467486 ㎥ / 相模原 248448 ㎥）
TRACE_YOK:14102097001,14102097001,FAC_YOK_KAWAI,1.0,low,2026-04-01,,DOC_YOK_SUISHITSU_R8,令和8年度水質検査計画 p11「各水源の主な給水区域」図からのラスタ読み取り。道志川系統（川井浄水場系）。図は「主な給水区域」であり町丁目単位の断定ではない。純度 75%（判定に使った画素 820）。位置合わせ IoU 0.863（4パラメータ）
TRACE_YOK:14102097002,14102097002,FAC_YOK_KAWAI,1.0,medium,2026-04-01,,DOC_YOK_SUISHITSU_R8,令和8年度水質検査計画 p11「各水源の主な給水区域」図からのラスタ読み取り。道志川系統（川井浄水場系）。図は「主な給水区域」であり町丁目単位の断定ではない。純度 100%（判定に使った画素 1501）。位置合わせ IoU 0.863（4パラメータ）
TRACE_YOK:14102097003,14102097003,FAC_YOK_KAWAI,1.0,medium,2026-04-01,,DOC_YOK_SUISHITSU_R8,令和8年度水質検査計画 p11「各水源の主な給水区域」図からのラスタ読み取り。道志川系統（川井浄水場系）。図は「主な給水区域」であり町丁目単位の断定ではない。純度 100%（判定に使った画素 1043）。位置合わせ IoU 0.863（4パラメータ）
TRACE_YOK:14102097004,14102097004,FAC_YOK_NISHIYA,1.0,low,2026-04-01,,DOC_YOK_SUISHITSU_R8,令和8年度水質検査計画 p11「各水源の主な給水区域」図からのラスタ読み取り。相模川系統（西谷浄水場系）。図は「主な給水区域」であり町丁目単位の断定ではない。純度 66%（判定に使った画素 1922）。位置合わせ IoU 0.863（4パラメータ）
TRACE_YOK:14102097005,14102097005,FAC_YOK_NISHIYA,1.0,low,2026-04-01,,DOC_YOK_SUISHITSU_R8,令和8年度水質検査計画 p11「各水源の主な給水区域」図からのラスタ読み取り。相模川系統（西谷浄水場系）。図は「主な給水区域」であり町丁目単位の断定ではない。純度 52%（判定に使った画素 2156）。位置合わせ IoU 0.863（4パラメータ）
TRACE_YOK:14102097006,14102097006,FAC_YOK_NISHIYA,1.0,low,2026-04-01,,DOC_YOK_SUISHITSU_R8,令和8年度水質検査計画 p11「各水源の主な給水区域」図からのラスタ読み取り。相模川系統（西谷浄水場系）。図は「主な給水区域」であり町丁目単位の断定ではない。純度 66%（判定に使った画素 1818）。位置合わせ IoU 0.863（4パラメータ）
TRACE_YOK:14102103001,14102103001,FAC_YOK_NISHIYA,1.0,low,2026-04-01,,DOC_YOK_SUISHITSU_R8,令和8年度水質検査計画 p11「各水源の主な給水区域」図からのラスタ読み取り。相模川系統（西谷浄水場系）。図は「主な給水区域」であり町丁目単位の断定ではない。純度 56%（判定に使った画素 1876）。位置合わせ IoU 0.863（4パラメータ）
TRACE_YOK:14102103002,14102103002,FAC_YOK_KAWAI,1.0,low,2026-04-01,,DOC_YOK_SUISHITSU_R8,令和8年度水質検査計画 p11「各水源の主な給水区域」図からのラスタ読み取り。道志川系統（川井浄水場系）。図は「主な給水区域」であり町丁目単位の断定ではない。純度 59%（判定に使った画素 2887）。位置合わせ IoU 0.863（4パラメータ）
TRACE_YOK:14102103003,14102103003,FAC_YOK_NISHIYA,1.0,low,2026-04-01,,DOC_YOK_SUISHITSU_R8,令和8年度水質検査計画 p11「各水源の主な給水区域」図からのラスタ読み取り。相模川系統（西谷浄水場系）。図は「主な給水区域」であり町丁目単位の断定ではない。純度 79%（判定に使った画素 2392）。位置合わせ IoU 0.863（4パラメータ）
TRACE_YOK:14102103004,14102103004,FAC_YOK_NISHIYA,1.0,low,2026-04-01,,DOC_YOK_SUISHITSU_R8,令和8年度水質検査計画 p11「各水源の主な給水区域」図からのラスタ読み取り。相模川系統（西谷浄水場系）。図は「主な給水区域」であり町丁目単位の断定ではない。純度 51%（判定に使った画素 2418）。位置合わせ IoU 0.863（4パラメータ）
TRACE_YOK:14102108001,14102108001,FAC_YOK_NISHIYA,1.0,low,2026-04-01,,DOC_YOK_SUISHITSU_R8,令和8年度水質検査計画 p11「各水源の主な給水区域」図からのラスタ読み取り。相模川系統（西谷浄水場系）。図は「主な給水区域」であり町丁目単位の断定ではない。純度 62%（判定に使った画素 2504）。位置合わせ IoU 0.863（4パラメータ）
TRACE_YOK:14102108002,14102108002,FAC_YOK_NISHIYA,1.0,medium,2026-04-01,,DOC_YOK_SUISHITSU_R8,令和8年度水質検査計画 p11「各水源の主な給水区域」図からのラスタ読み取り。相模川系統（西谷浄水場系）。図は「主な給水区域」であり町丁目単位の断定ではない。純度 100%（判定に使った画素 3059）。位置合わせ IoU 0.863（4パラメータ）
TRACE_YOK:14102108003,14102108003,FAC_YOK_NISHIYA,1.0,medium,2026-04-01,,DOC_YOK_SUISHITSU_R8,令和8年度水質検査計画 p11「各水源の主な給水区域」図からのラスタ読み取り。相模川系統（西谷浄水場系）。図は「主な給水区域」であり町丁目単位の断定ではない。純度 100%（判定に使った画素 1585）。位置合わせ IoU 0.863（4パラメータ）
TRACE_YOK:14102108004,14102108004,FAC_YOK_NISHIYA,1.0,medium,2026-04-01,,DOC_YOK_SUISHITSU_R8,令和8年度水質検査計画 p11「各水源の主な給水区域」図からのラスタ読み取り。相模川系統（西谷浄水場系）。図は「主な給水区域」であり町丁目単位の断定ではない。純度 97%（判定に使った画素 1140）。位置合わせ IoU 0.863（4パラメータ）
TRACE_YOK:14102108005,14102108005,FAC_YOK_NISHIYA,1.0,low,2026-04-01,,DOC_YOK_SUISHITSU_R8,令和8年度水質検査計画 p11「各水源の主な給水区域」図からのラスタ読み取り。相模川系統（西谷浄水場系）。図は「主な給水区域」であり町丁目単位の断定ではない。純度 93%（判定に使った画素 2525）。位置合わせ IoU 0.863（4パラメータ）
TRACE_YOK:141021090,141021090,FAC_YOK_NISHIYA,1.0,low,2026-04-01,,DOC_YOK_SUISHITSU_R8,令和8年度水質検査計画 p11「各水源の主な給水区域」図からのラスタ読み取り。相模川系統（西谷浄水場系）。図は「主な給水区域」であり町丁目単位の断定ではない。純度 54%（判定に使った画素 8743）。位置合わせ IoU 0.863（4パラメータ）
TRACE_YOK:14102110001,14102110001,FAC_YOK_KAWAI,1.0,medium,2026-04-01,,DOC_YOK_SUISHITSU_R8,令和8年度水質検査計画 p11「各水源の主な給水区域」図からのラスタ読み取り。道志川系統（川井浄水場系）。図は「主な給水区域」であり町丁目単位の断定ではない。純度 98%（判定に使った画素 23443）。位置合わせ IoU 0.863（4パラメータ）
TRACE_YOK:14102110002,14102110002,FAC_YOK_KAWAI,1.0,low,2026-04-01,,DOC_YOK_SUISHITSU_R8,令和8年度水質検査計画 p11「各水源の主な給水区域」図からのラスタ読み取り。道志川系統（川井浄水場系）。図は「主な給水区域」であり町丁目単位の断定ではない。純度 92%（判定に使った画素 7078）。位置合わせ IoU 0.863（4パラメータ）
TRACE_YOK:14102111101,14102111101,FAC_YOK_NISHIYA,1.0,low,2026-04-01,,DOC_YOK_SUISHITSU_R8,令和8年度水質検査計画 p11「各水源の主な給水区域」図からのラスタ読み取り。相模川系統（西谷浄水場系）。図は「主な給水区域」であり町丁目単位の断定ではない。純度 54%（判定に使った画素 569）。位置合わせ IoU 0.863（4パラメータ）
TRACE_YOK:14102111102,14102111102,FAC_YOK_NISHIYA,1.0,low,2026-04-01,,DOC_YOK_SUISHITSU_R8,令和8年度水質検査計画 p11「各水源の主な給水区域」図からのラスタ読み取り。相模川系統（西谷浄水場系）。図は「主な給水区域」であり町丁目単位の断定ではない。純度 54%（判定に使った画素 602）。位置合わせ IoU 0.863（4パラメータ）
TRACE_YOK:14102111201,14102111201,FAC_YOK_NISHIYA,1.0,low,2026-04-01,,DOC_YOK_SUISHITSU_R8,令和8年度水質検査計画 p11「各水源の主な給水区域」図からのラスタ読み取り。相模川系統（西谷浄水場系）。図は「主な給水区域」であり町丁目単位の断定ではない。純度 86%（判定に使った画素 7278）。位置合わせ IoU 0.863（4パラメータ）
TRACE_YOK:14102111202,14102111202,FAC_YOK_KAWAI,1.0,low,2026-04-01,,DOC_YOK_SUISHITSU_R8,令和8年度水質検査計画 p11「各水源の主な給水区域」図からのラスタ読み取り。道志川系統（川井浄水場系）。図は「主な給水区域」であり町丁目単位の断定ではない。純度 78%（判定に使った画素 16618）。位置合わせ IoU 0.863（4パラメータ）
TRACE_YOK:14102112001,14102112001,FAC_YOK_NISHIYA,1.0,medium,2026-04-01,,DOC_YOK_SUISHITSU_R8,令和8年度水質検査計画 p11「各水源の主な給水区域」図からのラスタ読み取り。相模川系統（西谷浄水場系）。図は「主な給水区域」であり町丁目単位の断定ではない。純度 100%（判定に使った画素 891）。位置合わせ IoU 0.863（4パラメータ）
TRACE_YOK:14102112002,14102112002,FAC_YOK_NISHIYA,1.0,medium,2026-04-01,,DOC_YOK_SUISHITSU_R8,令和8年度水質検査計画 p11「各水源の主な給水区域」図からのラスタ読み取り。相模川系統（西谷浄水場系）。図は「主な給水区域」であり町丁目単位の断定ではない。純度 100%（判定に使った画素 770）。位置合わせ IoU 0.863（4パラメータ）
TRACE_YOK:141021140,141021140,FAC_YOK_NISHIYA,1.0,low,2026-04-01,,DOC_YOK_SUISHITSU_R8,令和8年度水質検査計画 p11「各水源の主な給水区域」図からのラスタ読み取り。相模川系統（西谷浄水場系）。図は「主な給水区域」であり町丁目単位の断定ではない。純度 88%（判定に使った画素 420）。位置合わせ IoU 0.863（4パラメータ）
TRACE_YOK:14102115001,14102115001,FAC_YOK_NISHIYA,1.0,low,2026-04-01,,DOC_YOK_SUISHITSU_R8,令和8年度水質検査計画 p11「各水源の主な給水区域」図からのラスタ読み取り。相模川系統（西谷浄水場系）。図は「主な給水区域」であり町丁目単位の断定ではない。純度 86%（判定に使った画素 375）。位置合わせ IoU 0.863（4パラメータ）
TRACE_YOK:14102115002,14102115002,FAC_YOK_NISHIYA,1.0,medium,2026-04-01,,DOC_YOK_SUISHITSU_R8,令和8年度水質検査計画 p11「各水源の主な給水区域」図からのラスタ読み取り。相模川系統（西谷浄水場系）。図は「主な給水区域」であり町丁目単位の断定ではない。純度 100%（判定に使った画素 1488）。位置合わせ IoU 0.863（4パラメータ）
TRACE_YOK:141021170,141021170,FAC_YOK_NISHIYA,1.0,medium,2026-04-01,,DOC_YOK_SUISHITSU_R8,令和8年度水質検査計画 p11「各水源の主な給水区域」図からのラスタ読み取り。相模川系統（西谷浄水場系）。図は「主な給水区域」であり町丁目単位の断定ではない。純度 100%（判定に使った画素 752）。位置合わせ IoU 0.863（4パラメータ）
TRACE_YOK:141021180,141021180,FAC_YOK_NISHIYA,1.0,medium,2026-04-01,,DOC_YOK_SUISHITSU_R8,令和8年度水質検査計画 p11「各水源の主な給水区域」図からのラスタ読み取り。相模川系統（西谷浄水場系）。図は「主な給水区域」であり町丁目単位の断定ではない。純度 100%（判定に使った画素 619）。位置合わせ IoU 0.863（4パラメータ）
TRACE_YOK:141021190,141021190,FAC_YOK_NISHIYA,1.0,medium,2026-04-01,,DOC_YOK_SUISHITSU_R8,令和8年度水質検査計画 p11「各水源の主な給水区域」図からのラスタ読み取り。相模川系統（西谷浄水場系）。図は「主な給水区域」であり町丁目単位の断定ではない。純度 100%（判定に使った画素 784）。位置合わせ IoU 0.863（4パラメータ）
TRACE_YOK:14103001004,14103001004,FAC_YOK_NISHIYA,1.0,medium,2026-04-01,,DOC_YOK_SUISHITSU_R8,令和8年度水質検査計画 p11「各水源の主な給水区域」図からのラスタ読み取り。相模川系統（西谷浄水場系）。図は「主な給水区域」であり町丁目単位の断定ではない。純度 100%（判定に使った画素 231）。位置合わせ IoU 0.863（4パラメータ）
TRACE_YOK:14103001005,14103001005,FAC_YOK_NISHIYA,1.0,medium,2026-04-01,,DOC_YOK_SUISHITSU_R8,令和8年度水質検査計画 p11「各水源の主な給水区域」図からのラスタ読み取り。相模川系統（西谷浄水場系）。図は「主な給水区域」であり町丁目単位の断定ではない。純度 100%（判定に使った画素 157）。位置合わせ IoU 0.863（4パラメータ）
TRACE_YOK:14103001006,14103001006,FAC_YOK_NISHIYA,1.0,medium,2026-04-01,,DOC_YOK_SUISHITSU_R8,令和8年度水質検査計画 p11「各水源の主な給水区域」図からのラスタ読み取り。相模川系統（西谷浄水場系）。図は「主な給水区域」であり町丁目単位の断定ではない。純度 100%（判定に使った画素 69）。位置合わせ IoU 0.863（4パラメータ）
TRACE_YOK:14103001007,14103001007,FAC_YOK_NISHIYA,1.0,medium,2026-04-01,,DOC_YOK_SUISHITSU_R8,令和8年度水質検査計画 p11「各水源の主な給水区域」図からのラスタ読み取り。相模川系統（西谷浄水場系）。図は「主な給水区域」であり町丁目単位の断定ではない。純度 100%（判定に使った画素 341）。位置合わせ IoU 0.863（4パラメータ）
TRACE_YOK:14103005004,14103005004,FAC_YOK_NISHIYA,1.0,medium,2026-04-01,,DOC_YOK_SUISHITSU_R8,令和8年度水質検査計画 p11「各水源の主な給水区域」図からのラスタ読み取り。相模川系統（西谷浄水場系）。図は「主な給水区域」であり町丁目単位の断定ではない。純度 100%（判定に使った画素 203）。位置合わせ IoU 0.863（4パラメータ）
TRACE_YOK:14103005005,14103005005,FAC_YOK_NISHIYA,1.0,medium,2026-04-01,,DOC_YOK_SUISHITSU_R8,令和8年度水質検査計画 p11「各水源の主な給水区域」図からのラスタ読み取り。相模川系統（西谷浄水場系）。図は「主な給水区域」であり町丁目単位の断定ではない。純度 100%（判定に使った画素 50）。位置合わせ IoU 0.863（4パラメータ）
TRACE_YOK:14103005006,14103005006,FAC_YOK_NISHIYA,1.0,medium,2026-04-01,,DOC_YOK_SUISHITSU_R8,令和8年度水質検査計画 p11「各水源の主な給水区域」図からのラスタ読み取り。相模川系統（西谷浄水場系）。図は「主な給水区域」であり町丁目単位の断定ではない。純度 100%（判定に使った画素 81）。位置合わせ IoU 0.863（4パラメータ）
TRACE_YOK:14103005007,14103005007,FAC_YOK_NISHIYA,1.0,medium,2026-04-01,,DOC_YOK_SUISHITSU_R8,令和8年度水質検査計画 p11「各水源の主な給水区域」図からのラスタ読み取り。相模川系統（西谷浄水場系）。図は「主な給水区域」であり町丁目単位の断定ではない。純度 100%（判定に使った画素 32）。位置合わせ IoU 0.863（4パラメータ）
TRACE_YOK:141030090,141030090,FAC_YOK_NISHIYA,1.0,medium,2026-04-01,,DOC_YOK_SUISHITSU_R8,令和8年度水質検査計画 p11「各水源の主な給水区域」図からのラスタ読み取り。相模川系統（西谷浄水場系）。図は「主な給水区域」であり町丁目単位の断定ではない。純度 100%（判定に使った画素 563）。位置合わせ IoU 0.863（4パラメータ）
TRACE_YOK:141030100,141030100,FAC_YOK_NISHIYA,1.0,medium,2026-04-01,,DOC_YOK_SUISHITSU_R8,令和8年度水質検査計画 p11「各水源の主な給水区域」図からのラスタ読み取り。相模川系統（西谷浄水場系）。図は「主な給水区域」であり町丁目単位の断定ではない。純度 100%（判定に使った画素 620）。位置合わせ IoU 0.863（4パラメータ）
TRACE_YOK:141030110,141030110,FAC_YOK_NISHIYA,1.0,medium,2026-04-01,,DOC_YOK_SUISHITSU_R8,令和8年度水質検査計画 p11「各水源の主な給水区域」図からのラスタ読み取り。相模川系統（西谷浄水場系）。図は「主な給水区域」であり町丁目単位の断定ではない。純度 100%（判定に使った画素 2188）。位置合わせ IoU 0.863（4パラメータ）
TRACE_YOK:141030120,141030120,FAC_YOK_NISHIYA,1.0,medium,2026-04-01,,DOC_YOK_SUISHITSU_R8,令和8年度水質検査計画 p11「各水源の主な給水区域」図からのラスタ読み取り。相模川系統（西谷浄水場系）。図は「主な給水区域」であり町丁目単位の断定ではない。純度 100%（判定に使った画素 854）。位置合わせ IoU 0.863（4パラメータ）
TRACE_YOK:141030130,141030130,FAC_YOK_NISHIYA,1.0,medium,2026-04-01,,DOC_YOK_SUISHITSU_R8,令和8年度水質検査計画 p11「各水源の主な給水区域」図からのラスタ読み取り。相模川系統（西谷浄水場系）。図は「主な給水区域」であり町丁目単位の断定ではない。純度 100%（判定に使った画素 366）。位置合わせ IoU 0.863（4パラメータ）
TRACE_YOK:141030140,141030140,FAC_YOK_NISHIYA,1.0,medium,2026-04-01,,DOC_YOK_SUISHITSU_R8,令和8年度水質検査計画 p11「各水源の主な給水区域」図からのラスタ読み取り。相模川系統（西谷浄水場系）。図は「主な給水区域」であり町丁目単位の断定ではない。純度 100%（判定に使った画素 1248）。位置合わせ IoU 0.863（4パラメータ）
TRACE_YOK:14103015001,14103015001,FAC_YOK_NISHIYA,1.0,medium,2026-04-01,,DOC_YOK_SUISHITSU_R8,令和8年度水質検査計画 p11「各水源の主な給水区域」図からのラスタ読み取り。相模川系統（西谷浄水場系）。図は「主な給水区域」であり町丁目単位の断定ではない。純度 100%（判定に使った画素 1397）。位置合わせ IoU 0.863（4パラメータ）
TRACE_YOK:14103015002,14103015002,FAC_YOK_NISHIYA,1.0,medium,2026-04-01,,DOC_YOK_SUISHITSU_R8,令和8年度水質検査計画 p11「各水源の主な給水区域」図からのラスタ読み取り。相模川系統（西谷浄水場系）。図は「主な給水区域」であり町丁目単位の断定ではない。純度 100%（判定に使った画素 1863）。位置合わせ IoU 0.863（4パラメータ）
TRACE_YOK:14103015003,14103015003,FAC_YOK_NISHIYA,1.0,medium,2026-04-01,,DOC_YOK_SUISHITSU_R8,令和8年度水質検査計画 p11「各水源の主な給水区域」図からのラスタ読み取り。相模川系統（西谷浄水場系）。図は「主な給水区域」であり町丁目単位の断定ではない。純度 100%（判定に使った画素 967）。位置合わせ IoU 0.863（4パラメータ）
TRACE_YOK:14103018001,14103018001,FAC_YOK_NISHIYA,1.0,medium,2026-04-01,,DOC_YOK_SUISHITSU_R8,令和8年度水質検査計画 p11「各水源の主な給水区域」図からのラスタ読み取り。相模川系統（西谷浄水場系）。図は「主な給水区域」であり町丁目単位の断定ではない。純度 100%（判定に使った画素 408）。位置合わせ IoU 0.863（4パラメータ）
TRACE_YOK:14103018002,14103018002,FAC_YOK_NISHIYA,1.0,medium,2026-04-01,,DOC_YOK_SUISHITSU_R8,令和8年度水質検査計画 p11「各水源の主な給水区域」図からのラスタ読み取り。相模川系統（西谷浄水場系）。図は「主な給水区域」であり町丁目単位の断定ではない。純度 100%（判定に使った画素 314）。位置合わせ IoU 0.863（4パラメータ）
TRACE_YOK:14103018003,14103018003,FAC_YOK_NISHIYA,1.0,medium,2026-04-01,,DOC_YOK_SUISHITSU_R8,令和8年度水質検査計画 p11「各水源の主な給水区域」図からのラスタ読み取り。相模川系統（西谷浄水場系）。図は「主な給水区域」であり町丁目単位の断定ではない。純度 100%（判定に使った画素 237）。位置合わせ IoU 0.863（4パラメータ）
TRACE_YOK:141030210,141030210,FAC_YOK_NISHIYA,1.0,medium,2026-04-01,,DOC_YOK_SUISHITSU_R8,令和8年度水質検査計画 p11「各水源の主な給水区域」図からのラスタ読み取り。相模川系統（西谷浄水場系）。図は「主な給水区域」であり町丁目単位の断定ではない。純度 100%（判定に使った画素 182）。位置合わせ IoU 0.863（4パラメータ）
TRACE_YOK:141030220,141030220,FAC_YOK_NISHIYA,1.0,medium,2026-04-01,,DOC_YOK_SUISHITSU_R8,令和8年度水質検査計画 p11「各水源の主な給水区域」図からのラスタ読み取り。相模川系統（西谷浄水場系）。図は「主な給水区域」であり町丁目単位の断定ではない。純度 100%（判定に使った画素 486）。位置合わせ IoU 0.863（4パラメータ）
TRACE_YOK:14103023001,14103023001,FAC_YOK_NISHIYA,1.0,medium,2026-04-01,,DOC_YOK_SUISHITSU_R8,令和8年度水質検査計画 p11「各水源の主な給水区域」図からのラスタ読み取り。相模川系統（西谷浄水場系）。図は「主な給水区域」であり町丁目単位の断定ではない。純度 100%（判定に使った画素 309）。位置合わせ IoU 0.863（4パラメータ）
TRACE_YOK:14103023002,14103023002,FAC_YOK_NISHIYA,1.0,medium,2026-04-01,,DOC_YOK_SUISHITSU_R8,令和8年度水質検査計画 p11「各水源の主な給水区域」図からのラスタ読み取り。相模川系統（西谷浄水場系）。図は「主な給水区域」であり町丁目単位の断定ではない。純度 100%（判定に使った画素 1175）。位置合わせ IoU 0.863（4パラメータ）
TRACE_YOK:14103025001,14103025001,FAC_YOK_NISHIYA,1.0,medium,2026-04-01,,DOC_YOK_SUISHITSU_R8,令和8年度水質検査計画 p11「各水源の主な給水区域」図からのラスタ読み取り。相模川系統（西谷浄水場系）。図は「主な給水区域」であり町丁目単位の断定ではない。純度 100%（判定に使った画素 111）。位置合わせ IoU 0.863（4パラメータ）
TRACE_YOK:14103025002,14103025002,FAC_YOK_NISHIYA,1.0,medium,2026-04-01,,DOC_YOK_SUISHITSU_R8,令和8年度水質検査計画 p11「各水源の主な給水区域」図からのラスタ読み取り。相模川系統（西谷浄水場系）。図は「主な給水区域」であり町丁目単位の断定ではない。純度 100%（判定に使った画素 190）。位置合わせ IoU 0.863（4パラメータ）
TRACE_YOK:14103025003,14103025003,FAC_YOK_NISHIYA,1.0,medium,2026-04-01,,DOC_YOK_SUISHITSU_R8,令和8年度水質検査計画 p11「各水源の主な給水区域」図からのラスタ読み取り。相模川系統（西谷浄水場系）。図は「主な給水区域」であり町丁目単位の断定ではない。純度 100%（判定に使った画素 235）。位置合わせ IoU 0.863（4パラメータ）
TRACE_YOK:14103025004,14103025004,FAC_YOK_NISHIYA,1.0,medium,2026-04-01,,DOC_YOK_SUISHITSU_R8,令和8年度水質検査計画 p11「各水源の主な給水区域」図からのラスタ読み取り。相模川系統（西谷浄水場系）。図は「主な給水区域」であり町丁目単位の断定ではない。純度 100%（判定に使った画素 154）。位置合わせ IoU 0.863（4パラメータ）
TRACE_YOK:14103025005,14103025005,FAC_YOK_NISHIYA,1.0,medium,2026-04-01,,DOC_YOK_SUISHITSU_R8,令和8年度水質検査計画 p11「各水源の主な給水区域」図からのラスタ読み取り。相模川系統（西谷浄水場系）。図は「主な給水区域」であり町丁目単位の断定ではない。純度 100%（判定に使った画素 46）。位置合わせ IoU 0.863（4パラメータ）
TRACE_YOK:14103025006,14103025006,FAC_YOK_NISHIYA,1.0,medium,2026-04-01,,DOC_YOK_SUISHITSU_R8,令和8年度水質検査計画 p11「各水源の主な給水区域」図からのラスタ読み取り。相模川系統（西谷浄水場系）。図は「主な給水区域」であり町丁目単位の断定ではない。純度 100%（判定に使った画素 65）。位置合わせ IoU 0.863（4パラメータ）
TRACE_YOK:14103025007,14103025007,FAC_YOK_NISHIYA,1.0,medium,2026-04-01,,DOC_YOK_SUISHITSU_R8,令和8年度水質検査計画 p11「各水源の主な給水区域」図からのラスタ読み取り。相模川系統（西谷浄水場系）。図は「主な給水区域」であり町丁目単位の断定ではない。純度 100%（判定に使った画素 35）。位置合わせ IoU 0.863（4パラメータ）
TRACE_YOK:14103032001,14103032001,FAC_YOK_NISHIYA,1.0,medium,2026-04-01,,DOC_YOK_SUISHITSU_R8,令和8年度水質検査計画 p11「各水源の主な給水区域」図からのラスタ読み取り。相模川系統（西谷浄水場系）。図は「主な給水区域」であり町丁目単位の断定ではない。純度 100%（判定に使った画素 983）。位置合わせ IoU 0.863（4パラメータ）
TRACE_YOK:14103032002,14103032002,FAC_YOK_NISHIYA,1.0,low,2026-04-01,,DOC_YOK_SUISHITSU_R8,令和8年度水質検査計画 p11「各水源の主な給水区域」図からのラスタ読み取り。相模川系統（西谷浄水場系）。図は「主な給水区域」であり町丁目単位の断定ではない。純度 83%（判定に使った画素 1698）。位置合わせ IoU 0.863（4パラメータ）
TRACE_YOK:14103034001,14103034001,FAC_YOK_NISHIYA,1.0,low,2026-04-01,,DOC_YOK_SUISHITSU_R8,令和8年度水質検査計画 p11「各水源の主な給水区域」図からのラスタ読み取り。相模川系統（西谷浄水場系）。図は「主な給水区域」であり町丁目単位の断定ではない。純度 80%（判定に使った画素 1212）。位置合わせ IoU 0.863（4パラメータ）
TRACE_YOK:14103034002,14103034002,FAC_YOK_NISHIYA,1.0,medium,2026-04-01,,DOC_YOK_SUISHITSU_R8,令和8年度水質検査計画 p11「各水源の主な給水区域」図からのラスタ読み取り。相模川系統（西谷浄水場系）。図は「主な給水区域」であり町丁目単位の断定ではない。純度 100%（判定に使った画素 647）。位置合わせ IoU 0.863（4パラメータ）
TRACE_YOK:14103036002,14103036002,FAC_YOK_NISHIYA,1.0,medium,2026-04-01,,DOC_YOK_SUISHITSU_R8,令和8年度水質検査計画 p11「各水源の主な給水区域」図からのラスタ読み取り。相模川系統（西谷浄水場系）。図は「主な給水区域」であり町丁目単位の断定ではない。純度 100%（判定に使った画素 34）。位置合わせ IoU 0.863（4パラメータ）
TRACE_YOK:14103036003,14103036003,FAC_YOK_NISHIYA,1.0,medium,2026-04-01,,DOC_YOK_SUISHITSU_R8,令和8年度水質検査計画 p11「各水源の主な給水区域」図からのラスタ読み取り。相模川系統（西谷浄水場系）。図は「主な給水区域」であり町丁目単位の断定ではない。純度 100%（判定に使った画素 48）。位置合わせ IoU 0.863（4パラメータ）
TRACE_YOK:14103038001,14103038001,FAC_YOK_NISHIYA,1.0,medium,2026-04-01,,DOC_YOK_SUISHITSU_R8,令和8年度水質検査計画 p11「各水源の主な給水区域」図からのラスタ読み取り。相模川系統（西谷浄水場系）。図は「主な給水区域」であり町丁目単位の断定ではない。純度 100%（判定に使った画素 645）。位置合わせ IoU 0.863（4パラメータ）
TRACE_YOK:14103038002,14103038002,FAC_YOK_NISHIYA,1.0,medium,2026-04-01,,DOC_YOK_SUISHITSU_R8,令和8年度水質検査計画 p11「各水源の主な給水区域」図からのラスタ読み取り。相模川系統（西谷浄水場系）。図は「主な給水区域」であり町丁目単位の断定ではない。純度 100%（判定に使った画素 1125）。位置合わせ IoU 0.863（4パラメータ）
TRACE_YOK:141030400,141030400,FAC_YOK_NISHIYA,1.0,medium,2026-04-01,,DOC_YOK_SUISHITSU_R8,令和8年度水質検査計画 p11「各水源の主な給水区域」図からのラスタ読み取り。相模川系統（西谷浄水場系）。図は「主な給水区域」であり町丁目単位の断定ではない。純度 100%（判定に使った画素 1702）。位置合わせ IoU 0.863（4パラメータ）
TRACE_YOK:141030410,141030410,FAC_YOK_NISHIYA,1.0,medium,2026-04-01,,DOC_YOK_SUISHITSU_R8,令和8年度水質検査計画 p11「各水源の主な給水区域」図からのラスタ読み取り。相模川系統（西谷浄水場系）。図は「主な給水区域」であり町丁目単位の断定ではない。純度 100%（判定に使った画素 2410）。位置合わせ IoU 0.863（4パラメータ）
TRACE_YOK:141030420,141030420,FAC_YOK_NISHIYA,1.0,medium,2026-04-01,,DOC_YOK_SUISHITSU_R8,令和8年度水質検査計画 p11「各水源の主な給水区域」図からのラスタ読み取り。相模川系統（西谷浄水場系）。図は「主な給水区域」であり町丁目単位の断定ではない。純度 100%（判定に使った画素 2050）。位置合わせ IoU 0.863（4パラメータ）
TRACE_YOK:141030430,141030430,FAC_YOK_NISHIYA,1.0,medium,2026-04-01,,DOC_YOK_SUISHITSU_R8,令和8年度水質検査計画 p11「各水源の主な給水区域」図からのラスタ読み取り。相模川系統（西谷浄水場系）。図は「主な給水区域」であり町丁目単位の断定ではない。純度 100%（判定に使った画素 2331）。位置合わせ IoU 0.863（4パラメータ）
TRACE_YOK:141030440,141030440,FAC_YOK_NISHIYA,1.0,medium,2026-04-01,,DOC_YOK_SUISHITSU_R8,令和8年度水質検査計画 p11「各水源の主な給水区域」図からのラスタ読み取り。相模川系統（西谷浄水場系）。図は「主な給水区域」であり町丁目単位の断定ではない。純度 98%（判定に使った画素 1015）。位置合わせ IoU 0.863（4パラメータ）
TRACE_YOK:141030450,141030450,FAC_YOK_NISHIYA,1.0,low,2026-04-01,,DOC_YOK_SUISHITSU_R8,令和8年度水質検査計画 p11「各水源の主な給水区域」図からのラスタ読み取り。相模川系統（西谷浄水場系）。図は「主な給水区域」であり町丁目単位の断定ではない。純度 82%（判定に使った画素 1650）。位置合わせ IoU 0.863（4パラメータ）
TRACE_YOK:14103046001,14103046001,FAC_KGD_AYASE,1.0,low,2026-04-01,,DOC_YOK_SUISHITSU_R8,令和8年度水質検査計画 p11「各水源の主な給水区域」図からのラスタ読み取り。企業団相模川系統（綾瀬浄水場系）。図は「主な給水区域」であり町丁目単位の断定ではない。純度 62%（判定に使った画素 418）。位置合わせ IoU 0.863（4パラメータ）
TRACE_YOK:14103046002,14103046002,FAC_YOK_NISHIYA,1.0,low,2026-04-01,,DOC_YOK_SUISHITSU_R8,令和8年度水質検査計画 p11「各水源の主な給水区域」図からのラスタ読み取り。相模川系統（西谷浄水場系）。図は「主な給水区域」であり町丁目単位の断定ではない。純度 72%（判定に使った画素 1178）。位置合わせ IoU 0.863（4パラメータ）
TRACE_YOK:14103048001,14103048001,FAC_YOK_NISHIYA,1.0,low,2026-04-01,,DOC_YOK_SUISHITSU_R8,令和8年度水質検査計画 p11「各水源の主な給水区域」図からのラスタ読み取り。相模川系統（西谷浄水場系）。図は「主な給水区域」であり町丁目単位の断定ではない。純度 69%（判定に使った画素 306）。位置合わせ IoU 0.863（4パラメータ）
TRACE_YOK:14103048002,14103048002,FAC_KGD_AYASE,1.0,low,2026-04-01,,DOC_YOK_SUISHITSU_R8,令和8年度水質検査計画 p11「各水源の主な給水区域」図からのラスタ読み取り。企業団相模川系統（綾瀬浄水場系）。図は「主な給水区域」であり町丁目単位の断定ではない。純度 58%（判定に使った画素 543）。位置合わせ IoU 0.863（4パラメータ）
TRACE_YOK:14103050001,14103050001,FAC_YOK_NISHIYA,1.0,medium,2026-04-01,,DOC_YOK_SUISHITSU_R8,令和8年度水質検査計画 p11「各水源の主な給水区域」図からのラスタ読み取り。相模川系統（西谷浄水場系）。図は「主な給水区域」であり町丁目単位の断定ではない。純度 100%（判定に使った画素 43）。位置合わせ IoU 0.863（4パラメータ）
TRACE_YOK:14103050002,14103050002,FAC_YOK_NISHIYA,1.0,low,2026-04-01,,DOC_YOK_SUISHITSU_R8,令和8年度水質検査計画 p11「各水源の主な給水区域」図からのラスタ読み取り。相模川系統（西谷浄水場系）。図は「主な給水区域」であり町丁目単位の断定ではない。純度 85%（判定に使った画素 508）。位置合わせ IoU 0.863（4パラメータ）
TRACE_YOK:141030520,141030520,FAC_YOK_NISHIYA,1.0,medium,2026-04-01,,DOC_YOK_SUISHITSU_R8,令和8年度水質検査計画 p11「各水源の主な給水区域」図からのラスタ読み取り。相模川系統（西谷浄水場系）。図は「主な給水区域」であり町丁目単位の断定ではない。純度 100%（判定に使った画素 342）。位置合わせ IoU 0.863（4パラメータ）
TRACE_YOK:14103053003,14103053003,FAC_KGD_AYASE,1.0,low,2026-04-01,,DOC_YOK_SUISHITSU_R8,令和8年度水質検査計画 p11「各水源の主な給水区域」図からのラスタ読み取り。企業団相模川系統（綾瀬浄水場系）。図は「主な給水区域」であり町丁目単位の断定ではない。純度 51%（判定に使った画素 497）。位置合わせ IoU 0.863（4パラメータ）
TRACE_YOK:14103053004,14103053004,FAC_YOK_NISHIYA,1.0,low,2026-04-01,,DOC_YOK_SUISHITSU_R8,令和8年度水質検査計画 p11「各水源の主な給水区域」図からのラスタ読み取り。相模川系統（西谷浄水場系）。図は「主な給水区域」であり町丁目単位の断定ではない。純度 69%（判定に使った画素 788）。位置合わせ IoU 0.863（4パラメータ）
TRACE_YOK:14103053005,14103053005,FAC_KGD_AYASE,1.0,medium,2026-04-01,,DOC_YOK_SUISHITSU_R8,令和8年度水質検査計画 p11「各水源の主な給水区域」図からのラスタ読み取り。企業団相模川系統（綾瀬浄水場系）。図は「主な給水区域」であり町丁目単位の断定ではない。純度 100%（判定に使った画素 67）。位置合わせ IoU 0.863（4パラメータ）
TRACE_YOK:141030580,141030580,FAC_KGD_AYASE,1.0,low,2026-04-01,,DOC_YOK_SUISHITSU_R8,令和8年度水質検査計画 p11「各水源の主な給水区域」図からのラスタ読み取り。企業団相模川系統（綾瀬浄水場系）。図は「主な給水区域」であり町丁目単位の断定ではない。純度 86%（判定に使った画素 298）。位置合わせ IoU 0.863（4パラメータ）
TRACE_YOK:141030590,141030590,FAC_YOK_NISHIYA,1.0,low,2026-04-01,,DOC_YOK_SUISHITSU_R8,令和8年度水質検査計画 p11「各水源の主な給水区域」図からのラスタ読み取り。相模川系統（西谷浄水場系）。図は「主な給水区域」であり町丁目単位の断定ではない。純度 58%（判定に使った画素 989）。位置合わせ IoU 0.863（4パラメータ）
TRACE_YOK:141030600,141030600,FAC_YOK_NISHIYA,1.0,medium,2026-04-01,,DOC_YOK_SUISHITSU_R8,令和8年度水質検査計画 p11「各水源の主な給水区域」図からのラスタ読み取り。相模川系統（西谷浄水場系）。図は「主な給水区域」であり町丁目単位の断定ではない。純度 100%（判定に使った画素 250）。位置合わせ IoU 0.863（4パラメータ）
TRACE_YOK:141030610,141030610,FAC_YOK_NISHIYA,1.0,medium,2026-04-01,,DOC_YOK_SUISHITSU_R8,令和8年度水質検査計画 p11「各水源の主な給水区域」図からのラスタ読み取り。相模川系統（西谷浄水場系）。図は「主な給水区域」であり町丁目単位の断定ではない。純度 100%（判定に使った画素 197）。位置合わせ IoU 0.863（4パラメータ）
TRACE_YOK:141030620,141030620,FAC_YOK_NISHIYA,1.0,medium,2026-04-01,,DOC_YOK_SUISHITSU_R8,令和8年度水質検査計画 p11「各水源の主な給水区域」図からのラスタ読み取り。相模川系統（西谷浄水場系）。図は「主な給水区域」であり町丁目単位の断定ではない。純度 100%（判定に使った画素 1022）。位置合わせ IoU 0.863（4パラメータ）
TRACE_YOK:14103064001,14103064001,FAC_YOK_NISHIYA,1.0,low,2026-04-01,,DOC_YOK_SUISHITSU_R8,令和8年度水質検査計画 p11「各水源の主な給水区域」図からのラスタ読み取り。相模川系統（西谷浄水場系）。図は「主な給水区域」であり町丁目単位の断定ではない。純度 58%（判定に使った画素 1820）。位置合わせ IoU 0.863（4パラメータ）
TRACE_YOK:14103064002,14103064002,FAC_YOK_NISHIYA,1.0,low,2026-04-01,,DOC_YOK_SUISHITSU_R8,令和8年度水質検査計画 p11「各水源の主な給水区域」図からのラスタ読み取り。相模川系統（西谷浄水場系）。図は「主な給水区域」であり町丁目単位の断定ではない。純度 78%（判定に使った画素 1378）。位置合わせ IoU 0.863（4パラメータ）
TRACE_YOK:14103064003,14103064003,FAC_YOK_NISHIYA,1.0,low,2026-04-01,,DOC_YOK_SUISHITSU_R8,令和8年度水質検査計画 p11「各水源の主な給水区域」図からのラスタ読み取り。相模川系統（西谷浄水場系）。図は「主な給水区域」であり町丁目単位の断定ではない。純度 71%（判定に使った画素 912）。位置合わせ IoU 0.863（4パラメータ）
TRACE_YOK:14103064004,14103064004,FAC_YOK_NISHIYA,1.0,low,2026-04-01,,DOC_YOK_SUISHITSU_R8,令和8年度水質検査計画 p11「各水源の主な給水区域」図からのラスタ読み取り。相模川系統（西谷浄水場系）。図は「主な給水区域」であり町丁目単位の断定ではない。純度 80%（判定に使った画素 1648）。位置合わせ IoU 0.863（4パラメータ）
TRACE_YOK:14103064005,14103064005,FAC_YOK_NISHIYA,1.0,low,2026-04-01,,DOC_YOK_SUISHITSU_R8,令和8年度水質検査計画 p11「各水源の主な給水区域」図からのラスタ読み取り。相模川系統（西谷浄水場系）。図は「主な給水区域」であり町丁目単位の断定ではない。純度 93%（判定に使った画素 843）。位置合わせ IoU 0.863（4パラメータ）
TRACE_YOK:14103064006,14103064006,FAC_YOK_NISHIYA,1.0,low,2026-04-01,,DOC_YOK_SUISHITSU_R8,令和8年度水質検査計画 p11「各水源の主な給水区域」図からのラスタ読み取り。相模川系統（西谷浄水場系）。図は「主な給水区域」であり町丁目単位の断定ではない。純度 89%（判定に使った画素 1483）。位置合わせ IoU 0.863（4パラメータ）
TRACE_YOK:141040010,141040010,FAC_YOK_NISHIYA,1.0,medium,2026-04-01,,DOC_YOK_SUISHITSU_R8,令和8年度水質検査計画 p11「各水源の主な給水区域」図からのラスタ読み取り。相模川系統（西谷浄水場系）。図は「主な給水区域」であり町丁目単位の断定ではない。純度 100%（判定に使った画素 982）。位置合わせ IoU 0.863（4パラメータ）
TRACE_YOK:141040020,141040020,FAC_YOK_NISHIYA,1.0,medium,2026-04-01,,DOC_YOK_SUISHITSU_R8,令和8年度水質検査計画 p11「各水源の主な給水区域」図からのラスタ読み取り。相模川系統（西谷浄水場系）。図は「主な給水区域」であり町丁目単位の断定ではない。純度 100%（判定に使った画素 869）。位置合わせ IoU 0.863（4パラメータ）
TRACE_YOK:14104003001,14104003001,FAC_YOK_NISHIYA,1.0,low,2026-04-01,,DOC_YOK_SUISHITSU_R8,令和8年度水質検査計画 p11「各水源の主な給水区域」図からのラスタ読み取り。相模川系統（西谷浄水場系）。図は「主な給水区域」であり町丁目単位の断定ではない。純度 94%（判定に使った画素 1509）。位置合わせ IoU 0.863（4パラメータ）
TRACE_YOK:14104003002,14104003002,FAC_YOK_NISHIYA,1.0,low,2026-04-01,,DOC_YOK_SUISHITSU_R8,令和8年度水質検査計画 p11「各水源の主な給水区域」図からのラスタ読み取り。相模川系統（西谷浄水場系）。図は「主な給水区域」であり町丁目単位の断定ではない。純度 90%（判定に使った画素 1622）。位置合わせ IoU 0.863（4パラメータ）
TRACE_YOK:14104004001,14104004001,FAC_YOK_NISHIYA,1.0,low,2026-04-01,,DOC_YOK_SUISHITSU_R8,令和8年度水質検査計画 p11「各水源の主な給水区域」図からのラスタ読み取り。相模川系統（西谷浄水場系）。図は「主な給水区域」であり町丁目単位の断定ではない。純度 59%（判定に使った画素 437）。位置合わせ IoU 0.863（4パラメータ）
TRACE_YOK:14104004003,14104004003,FAC_YOK_NISHIYA,1.0,low,2026-04-01,,DOC_YOK_SUISHITSU_R8,令和8年度水質検査計画 p11「各水源の主な給水区域」図からのラスタ読み取り。相模川系統（西谷浄水場系）。図は「主な給水区域」であり町丁目単位の断定ではない。純度 51%（判定に使った画素 101）。位置合わせ IoU 0.863（4パラメータ）
TRACE_YOK:14104004004,14104004004,FAC_YOK_NISHIYA,1.0,medium,2026-04-01,,DOC_YOK_SUISHITSU_R8,令和8年度水質検査計画 p11「各水源の主な給水区域」図からのラスタ読み取り。相模川系統（西谷浄水場系）。図は「主な給水区域」であり町丁目単位の断定ではない。純度 100%（判定に使った画素 145）。位置合わせ IoU 0.863（4パラメータ）
TRACE_YOK:14104004005,14104004005,FAC_YOK_NISHIYA,1.0,medium,2026-04-01,,DOC_YOK_SUISHITSU_R8,令和8年度水質検査計画 p11「各水源の主な給水区域」図からのラスタ読み取り。相模川系統（西谷浄水場系）。図は「主な給水区域」であり町丁目単位の断定ではない。純度 100%（判定に使った画素 304）。位置合わせ IoU 0.863（4パラメータ）
TRACE_YOK:14104009001,14104009001,FAC_YOK_NISHIYA,1.0,medium,2026-04-01,,DOC_YOK_SUISHITSU_R8,令和8年度水質検査計画 p11「各水源の主な給水区域」図からのラスタ読み取り。相模川系統（西谷浄水場系）。図は「主な給水区域」であり町丁目単位の断定ではない。純度 100%（判定に使った画素 61）。位置合わせ IoU 0.863（4パラメータ）
TRACE_YOK:14104009002,14104009002,FAC_YOK_NISHIYA,1.0,medium,2026-04-01,,DOC_YOK_SUISHITSU_R8,令和8年度水質検査計画 p11「各水源の主な給水区域」図からのラスタ読み取り。相模川系統（西谷浄水場系）。図は「主な給水区域」であり町丁目単位の断定ではない。純度 100%（判定に使った画素 69）。位置合わせ IoU 0.863（4パラメータ）
TRACE_YOK:14104009003,14104009003,FAC_YOK_NISHIYA,1.0,medium,2026-04-01,,DOC_YOK_SUISHITSU_R8,令和8年度水質検査計画 p11「各水源の主な給水区域」図からのラスタ読み取り。相模川系統（西谷浄水場系）。図は「主な給水区域」であり町丁目単位の断定ではない。純度 100%（判定に使った画素 43）。位置合わせ IoU 0.863（4パラメータ）
TRACE_YOK:14104009004,14104009004,FAC_YOK_NISHIYA,1.0,medium,2026-04-01,,DOC_YOK_SUISHITSU_R8,令和8年度水質検査計画 p11「各水源の主な給水区域」図からのラスタ読み取り。相模川系統（西谷浄水場系）。図は「主な給水区域」であり町丁目単位の断定ではない。純度 100%（判定に使った画素 52）。位置合わせ IoU 0.863（4パラメータ）
TRACE_YOK:14104013001,14104013001,FAC_YOK_NISHIYA,1.0,medium,2026-04-01,,DOC_YOK_SUISHITSU_R8,令和8年度水質検査計画 p11「各水源の主な給水区域」図からのラスタ読み取り。相模川系統（西谷浄水場系）。図は「主な給水区域」であり町丁目単位の断定ではない。純度 100%（判定に使った画素 50）。位置合わせ IoU 0.863（4パラメータ）
TRACE_YOK:14104013002,14104013002,FAC_YOK_NISHIYA,1.0,medium,2026-04-01,,DOC_YOK_SUISHITSU_R8,令和8年度水質検査計画 p11「各水源の主な給水区域」図からのラスタ読み取り。相模川系統（西谷浄水場系）。図は「主な給水区域」であり町丁目単位の断定ではない。純度 100%（判定に使った画素 37）。位置合わせ IoU 0.863（4パラメータ）
TRACE_YOK:14104013003,14104013003,FAC_YOK_NISHIYA,1.0,medium,2026-04-01,,DOC_YOK_SUISHITSU_R8,令和8年度水質検査計画 p11「各水源の主な給水区域」図からのラスタ読み取り。相模川系統（西谷浄水場系）。図は「主な給水区域」であり町丁目単位の断定ではない。純度 100%（判定に使った画素 58）。位置合わせ IoU 0.863（4パラメータ）
TRACE_YOK:14104013004,14104013004,FAC_YOK_NISHIYA,1.0,medium,2026-04-01,,DOC_YOK_SUISHITSU_R8,令和8年度水質検査計画 p11「各水源の主な給水区域」図からのラスタ読み取り。相模川系統（西谷浄水場系）。図は「主な給水区域」であり町丁目単位の断定ではない。純度 100%（判定に使った画素 41）。位置合わせ IoU 0.863（4パラメータ）
TRACE_YOK:14104013005,14104013005,FAC_YOK_NISHIYA,1.0,medium,2026-04-01,,DOC_YOK_SUISHITSU_R8,令和8年度水質検査計画 p11「各水源の主な給水区域」図からのラスタ読み取り。相模川系統（西谷浄水場系）。図は「主な給水区域」であり町丁目単位の断定ではない。純度 100%（判定に使った画素 360）。位置合わせ IoU 0.863（4パラメータ）
TRACE_YOK:14104013006,14104013006,FAC_YOK_NISHIYA,1.0,medium,2026-04-01,,DOC_YOK_SUISHITSU_R8,令和8年度水質検査計画 p11「各水源の主な給水区域」図からのラスタ読み取り。相模川系統（西谷浄水場系）。図は「主な給水区域」であり町丁目単位の断定ではない。純度 100%（判定に使った画素 298）。位置合わせ IoU 0.863（4パラメータ）
TRACE_YOK:14104019001,14104019001,FAC_YOK_NISHIYA,1.0,medium,2026-04-01,,DOC_YOK_SUISHITSU_R8,令和8年度水質検査計画 p11「各水源の主な給水区域」図からのラスタ読み取り。相模川系統（西谷浄水場系）。図は「主な給水区域」であり町丁目単位の断定ではない。純度 100%（判定に使った画素 133）。位置合わせ IoU 0.863（4パラメータ）
TRACE_YOK:14104019002,14104019002,FAC_YOK_NISHIYA,1.0,medium,2026-04-01,,DOC_YOK_SUISHITSU_R8,令和8年度水質検査計画 p11「各水源の主な給水区域」図からのラスタ読み取り。相模川系統（西谷浄水場系）。図は「主な給水区域」であり町丁目単位の断定ではない。純度 100%（判定に使った画素 119）。位置合わせ IoU 0.863（4パラメータ）
TRACE_YOK:14104019003,14104019003,FAC_YOK_NISHIYA,1.0,medium,2026-04-01,,DOC_YOK_SUISHITSU_R8,令和8年度水質検査計画 p11「各水源の主な給水区域」図からのラスタ読み取り。相模川系統（西谷浄水場系）。図は「主な給水区域」であり町丁目単位の断定ではない。純度 100%（判定に使った画素 124）。位置合わせ IoU 0.863（4パラメータ）
TRACE_YOK:14104019004,14104019004,FAC_YOK_NISHIYA,1.0,medium,2026-04-01,,DOC_YOK_SUISHITSU_R8,令和8年度水質検査計画 p11「各水源の主な給水区域」図からのラスタ読み取り。相模川系統（西谷浄水場系）。図は「主な給水区域」であり町丁目単位の断定ではない。純度 100%（判定に使った画素 126）。位置合わせ IoU 0.863（4パラメータ）
TRACE_YOK:14104019005,14104019005,FAC_YOK_NISHIYA,1.0,medium,2026-04-01,,DOC_YOK_SUISHITSU_R8,令和8年度水質検査計画 p11「各水源の主な給水区域」図からのラスタ読み取り。相模川系統（西谷浄水場系）。図は「主な給水区域」であり町丁目単位の断定ではない。純度 100%（判定に使った画素 106）。位置合わせ IoU 0.863（4パラメータ）
TRACE_YOK:14104019006,14104019006,FAC_YOK_NISHIYA,1.0,medium,2026-04-01,,DOC_YOK_SUISHITSU_R8,令和8年度水質検査計画 p11「各水源の主な給水区域」図からのラスタ読み取り。相模川系統（西谷浄水場系）。図は「主な給水区域」であり町丁目単位の断定ではない。純度 100%（判定に使った画素 266）。位置合わせ IoU 0.863（4パラメータ）
TRACE_YOK:14104025001,14104025001,FAC_YOK_NISHIYA,1.0,medium,2026-04-01,,DOC_YOK_SUISHITSU_R8,令和8年度水質検査計画 p11「各水源の主な給水区域」図からのラスタ読み取り。相模川系統（西谷浄水場系）。図は「主な給水区域」であり町丁目単位の断定ではない。純度 100%（判定に使った画素 48）。位置合わせ IoU 0.863（4パラメータ）
TRACE_YOK:14104025002,14104025002,FAC_YOK_NISHIYA,1.0,medium,2026-04-01,,DOC_YOK_SUISHITSU_R8,令和8年度水質検査計画 p11「各水源の主な給水区域」図からのラスタ読み取り。相模川系統（西谷浄水場系）。図は「主な給水区域」であり町丁目単位の断定ではない。純度 100%（判定に使った画素 54）。位置合わせ IoU 0.863（4パラメータ）
TRACE_YOK:14104025003,14104025003,FAC_YOK_NISHIYA,1.0,medium,2026-04-01,,DOC_YOK_SUISHITSU_R8,令和8年度水質検査計画 p11「各水源の主な給水区域」図からのラスタ読み取り。相模川系統（西谷浄水場系）。図は「主な給水区域」であり町丁目単位の断定ではない。純度 100%（判定に使った画素 46）。位置合わせ IoU 0.863（4パラメータ）
TRACE_YOK:14104025004,14104025004,FAC_YOK_NISHIYA,1.0,medium,2026-04-01,,DOC_YOK_SUISHITSU_R8,令和8年度水質検査計画 p11「各水源の主な給水区域」図からのラスタ読み取り。相模川系統（西谷浄水場系）。図は「主な給水区域」であり町丁目単位の断定ではない。純度 100%（判定に使った画素 51）。位置合わせ IoU 0.863（4パラメータ）
TRACE_YOK:14104025005,14104025005,FAC_YOK_NISHIYA,1.0,medium,2026-04-01,,DOC_YOK_SUISHITSU_R8,令和8年度水質検査計画 p11「各水源の主な給水区域」図からのラスタ読み取り。相模川系統（西谷浄水場系）。図は「主な給水区域」であり町丁目単位の断定ではない。純度 100%（判定に使った画素 81）。位置合わせ IoU 0.863（4パラメータ）
TRACE_YOK:14104030001,14104030001,FAC_YOK_NISHIYA,1.0,medium,2026-04-01,,DOC_YOK_SUISHITSU_R8,令和8年度水質検査計画 p11「各水源の主な給水区域」図からのラスタ読み取り。相模川系統（西谷浄水場系）。図は「主な給水区域」であり町丁目単位の断定ではない。純度 100%（判定に使った画素 95）。位置合わせ IoU 0.863（4パラメータ）
TRACE_YOK:14104030002,14104030002,FAC_YOK_NISHIYA,1.0,medium,2026-04-01,,DOC_YOK_SUISHITSU_R8,令和8年度水質検査計画 p11「各水源の主な給水区域」図からのラスタ読み取り。相模川系統（西谷浄水場系）。図は「主な給水区域」であり町丁目単位の断定ではない。純度 100%（判定に使った画素 63）。位置合わせ IoU 0.863（4パラメータ）
TRACE_YOK:14104030003,14104030003,FAC_YOK_NISHIYA,1.0,medium,2026-04-01,,DOC_YOK_SUISHITSU_R8,令和8年度水質検査計画 p11「各水源の主な給水区域」図からのラスタ読み取り。相模川系統（西谷浄水場系）。図は「主な給水区域」であり町丁目単位の断定ではない。純度 100%（判定に使った画素 72）。位置合わせ IoU 0.863（4パラメータ）
TRACE_YOK:14104030004,14104030004,FAC_YOK_NISHIYA,1.0,medium,2026-04-01,,DOC_YOK_SUISHITSU_R8,令和8年度水質検査計画 p11「各水源の主な給水区域」図からのラスタ読み取り。相模川系統（西谷浄水場系）。図は「主な給水区域」であり町丁目単位の断定ではない。純度 100%（判定に使った画素 89）。位置合わせ IoU 0.863（4パラメータ）
TRACE_YOK:14104030005,14104030005,FAC_YOK_NISHIYA,1.0,medium,2026-04-01,,DOC_YOK_SUISHITSU_R8,令和8年度水質検査計画 p11「各水源の主な給水区域」図からのラスタ読み取り。相模川系統（西谷浄水場系）。図は「主な給水区域」であり町丁目単位の断定ではない。純度 100%（判定に使った画素 28）。位置合わせ IoU 0.863（4パラメータ）
TRACE_YOK:14104030006,14104030006,FAC_YOK_NISHIYA,1.0,medium,2026-04-01,,DOC_YOK_SUISHITSU_R8,令和8年度水質検査計画 p11「各水源の主な給水区域」図からのラスタ読み取り。相模川系統（西谷浄水場系）。図は「主な給水区域」であり町丁目単位の断定ではない。純度 100%（判定に使った画素 62）。位置合わせ IoU 0.863（4パラメータ）
TRACE_YOK:14104036001,14104036001,FAC_YOK_NISHIYA,1.0,medium,2026-04-01,,DOC_YOK_SUISHITSU_R8,令和8年度水質検査計画 p11「各水源の主な給水区域」図からのラスタ読み取り。相模川系統（西谷浄水場系）。図は「主な給水区域」であり町丁目単位の断定ではない。純度 100%（判定に使った画素 80）。位置合わせ IoU 0.863（4パラメータ）
TRACE_YOK:14104036002,14104036002,FAC_YOK_NISHIYA,1.0,medium,2026-04-01,,DOC_YOK_SUISHITSU_R8,令和8年度水質検査計画 p11「各水源の主な給水区域」図からのラスタ読み取り。相模川系統（西谷浄水場系）。図は「主な給水区域」であり町丁目単位の断定ではない。純度 100%（判定に使った画素 94）。位置合わせ IoU 0.863（4パラメータ）
TRACE_YOK:14104036003,14104036003,FAC_YOK_NISHIYA,1.0,medium,2026-04-01,,DOC_YOK_SUISHITSU_R8,令和8年度水質検査計画 p11「各水源の主な給水区域」図からのラスタ読み取り。相模川系統（西谷浄水場系）。図は「主な給水区域」であり町丁目単位の断定ではない。純度 100%（判定に使った画素 74）。位置合わせ IoU 0.863（4パラメータ）
TRACE_YOK:14104036004,14104036004,FAC_YOK_NISHIYA,1.0,medium,2026-04-01,,DOC_YOK_SUISHITSU_R8,令和8年度水質検査計画 p11「各水源の主な給水区域」図からのラスタ読み取り。相模川系統（西谷浄水場系）。図は「主な給水区域」であり町丁目単位の断定ではない。純度 100%（判定に使った画素 71）。位置合わせ IoU 0.863（4パラメータ）
TRACE_YOK:14104036005,14104036005,FAC_YOK_NISHIYA,1.0,medium,2026-04-01,,DOC_YOK_SUISHITSU_R8,令和8年度水質検査計画 p11「各水源の主な給水区域」図からのラスタ読み取り。相模川系統（西谷浄水場系）。図は「主な給水区域」であり町丁目単位の断定ではない。純度 100%（判定に使った画素 65）。位置合わせ IoU 0.863（4パラメータ）
TRACE_YOK:14104036006,14104036006,FAC_YOK_NISHIYA,1.0,medium,2026-04-01,,DOC_YOK_SUISHITSU_R8,令和8年度水質検査計画 p11「各水源の主な給水区域」図からのラスタ読み取り。相模川系統（西谷浄水場系）。図は「主な給水区域」であり町丁目単位の断定ではない。純度 100%（判定に使った画素 122）。位置合わせ IoU 0.863（4パラメータ）
TRACE_YOK:14104042001,14104042001,FAC_YOK_NISHIYA,1.0,medium,2026-04-01,,DOC_YOK_SUISHITSU_R8,令和8年度水質検査計画 p11「各水源の主な給水区域」図からのラスタ読み取り。相模川系統（西谷浄水場系）。図は「主な給水区域」であり町丁目単位の断定ではない。純度 100%（判定に使った画素 86）。位置合わせ IoU 0.863（4パラメータ）
TRACE_YOK:14104042002,14104042002,FAC_YOK_NISHIYA,1.0,medium,2026-04-01,,DOC_YOK_SUISHITSU_R8,令和8年度水質検査計画 p11「各水源の主な給水区域」図からのラスタ読み取り。相模川系統（西谷浄水場系）。図は「主な給水区域」であり町丁目単位の断定ではない。純度 100%（判定に使った画素 91）。位置合わせ IoU 0.863（4パラメータ）
TRACE_YOK:14104042003,14104042003,FAC_YOK_NISHIYA,1.0,medium,2026-04-01,,DOC_YOK_SUISHITSU_R8,令和8年度水質検査計画 p11「各水源の主な給水区域」図からのラスタ読み取り。相模川系統（西谷浄水場系）。図は「主な給水区域」であり町丁目単位の断定ではない。純度 100%（判定に使った画素 77）。位置合わせ IoU 0.863（4パラメータ）
TRACE_YOK:14104042004,14104042004,FAC_YOK_NISHIYA,1.0,medium,2026-04-01,,DOC_YOK_SUISHITSU_R8,令和8年度水質検査計画 p11「各水源の主な給水区域」図からのラスタ読み取り。相模川系統（西谷浄水場系）。図は「主な給水区域」であり町丁目単位の断定ではない。純度 100%（判定に使った画素 61）。位置合わせ IoU 0.863（4パラメータ）
TRACE_YOK:14104042005,14104042005,FAC_YOK_NISHIYA,1.0,medium,2026-04-01,,DOC_YOK_SUISHITSU_R8,令和8年度水質検査計画 p11「各水源の主な給水区域」図からのラスタ読み取り。相模川系統（西谷浄水場系）。図は「主な給水区域」であり町丁目単位の断定ではない。純度 100%（判定に使った画素 54）。位置合わせ IoU 0.863（4パラメータ）
TRACE_YOK:14104042006,14104042006,FAC_YOK_NISHIYA,1.0,medium,2026-04-01,,DOC_YOK_SUISHITSU_R8,令和8年度水質検査計画 p11「各水源の主な給水区域」図からのラスタ読み取り。相模川系統（西谷浄水場系）。図は「主な給水区域」であり町丁目単位の断定ではない。純度 100%（判定に使った画素 102）。位置合わせ IoU 0.863（4パラメータ）
TRACE_YOK:14104048001,14104048001,FAC_YOK_NISHIYA,1.0,medium,2026-04-01,,DOC_YOK_SUISHITSU_R8,令和8年度水質検査計画 p11「各水源の主な給水区域」図からのラスタ読み取り。相模川系統（西谷浄水場系）。図は「主な給水区域」であり町丁目単位の断定ではない。純度 100%（判定に使った画素 85）。位置合わせ IoU 0.863（4パラメータ）
TRACE_YOK:14104048002,14104048002,FAC_YOK_NISHIYA,1.0,medium,2026-04-01,,DOC_YOK_SUISHITSU_R8,令和8年度水質検査計画 p11「各水源の主な給水区域」図からのラスタ読み取り。相模川系統（西谷浄水場系）。図は「主な給水区域」であり町丁目単位の断定ではない。純度 100%（判定に使った画素 91）。位置合わせ IoU 0.863（4パラメータ）
TRACE_YOK:14104048003,14104048003,FAC_YOK_NISHIYA,1.0,medium,2026-04-01,,DOC_YOK_SUISHITSU_R8,令和8年度水質検査計画 p11「各水源の主な給水区域」図からのラスタ読み取り。相模川系統（西谷浄水場系）。図は「主な給水区域」であり町丁目単位の断定ではない。純度 100%（判定に使った画素 82）。位置合わせ IoU 0.863（4パラメータ）
TRACE_YOK:14104048004,14104048004,FAC_YOK_NISHIYA,1.0,medium,2026-04-01,,DOC_YOK_SUISHITSU_R8,令和8年度水質検査計画 p11「各水源の主な給水区域」図からのラスタ読み取り。相模川系統（西谷浄水場系）。図は「主な給水区域」であり町丁目単位の断定ではない。純度 100%（判定に使った画素 92）。位置合わせ IoU 0.863（4パラメータ）
TRACE_YOK:14104048005,14104048005,FAC_YOK_NISHIYA,1.0,medium,2026-04-01,,DOC_YOK_SUISHITSU_R8,令和8年度水質検査計画 p11「各水源の主な給水区域」図からのラスタ読み取り。相模川系統（西谷浄水場系）。図は「主な給水区域」であり町丁目単位の断定ではない。純度 100%（判定に使った画素 92）。位置合わせ IoU 0.863（4パラメータ）
TRACE_YOK:14104048006,14104048006,FAC_YOK_NISHIYA,1.0,medium,2026-04-01,,DOC_YOK_SUISHITSU_R8,令和8年度水質検査計画 p11「各水源の主な給水区域」図からのラスタ読み取り。相模川系統（西谷浄水場系）。図は「主な給水区域」であり町丁目単位の断定ではない。純度 100%（判定に使った画素 96）。位置合わせ IoU 0.863（4パラメータ）
TRACE_YOK:14104054001,14104054001,FAC_YOK_NISHIYA,1.0,medium,2026-04-01,,DOC_YOK_SUISHITSU_R8,令和8年度水質検査計画 p11「各水源の主な給水区域」図からのラスタ読み取り。相模川系統（西谷浄水場系）。図は「主な給水区域」であり町丁目単位の断定ではない。純度 100%（判定に使った画素 75）。位置合わせ IoU 0.863（4パラメータ）
TRACE_YOK:14104054002,14104054002,FAC_YOK_NISHIYA,1.0,medium,2026-04-01,,DOC_YOK_SUISHITSU_R8,令和8年度水質検査計画 p11「各水源の主な給水区域」図からのラスタ読み取り。相模川系統（西谷浄水場系）。図は「主な給水区域」であり町丁目単位の断定ではない。純度 100%（判定に使った画素 83）。位置合わせ IoU 0.863（4パラメータ）
TRACE_YOK:14104054003,14104054003,FAC_YOK_NISHIYA,1.0,medium,2026-04-01,,DOC_YOK_SUISHITSU_R8,令和8年度水質検査計画 p11「各水源の主な給水区域」図からのラスタ読み取り。相模川系統（西谷浄水場系）。図は「主な給水区域」であり町丁目単位の断定ではない。純度 100%（判定に使った画素 68）。位置合わせ IoU 0.863（4パラメータ）
TRACE_YOK:14104054004,14104054004,FAC_YOK_NISHIYA,1.0,medium,2026-04-01,,DOC_YOK_SUISHITSU_R8,令和8年度水質検査計画 p11「各水源の主な給水区域」図からのラスタ読み取り。相模川系統（西谷浄水場系）。図は「主な給水区域」であり町丁目単位の断定ではない。純度 100%（判定に使った画素 59）。位置合わせ IoU 0.863（4パラメータ）
TRACE_YOK:14104054005,14104054005,FAC_YOK_NISHIYA,1.0,medium,2026-04-01,,DOC_YOK_SUISHITSU_R8,令和8年度水質検査計画 p11「各水源の主な給水区域」図からのラスタ読み取り。相模川系統（西谷浄水場系）。図は「主な給水区域」であり町丁目単位の断定ではない。純度 100%（判定に使った画素 80）。位置合わせ IoU 0.863（4パラメータ）
TRACE_YOK:14104054006,14104054006,FAC_YOK_NISHIYA,1.0,medium,2026-04-01,,DOC_YOK_SUISHITSU_R8,令和8年度水質検査計画 p11「各水源の主な給水区域」図からのラスタ読み取り。相模川系統（西谷浄水場系）。図は「主な給水区域」であり町丁目単位の断定ではない。純度 100%（判定に使った画素 80）。位置合わせ IoU 0.863（4パラメータ）
TRACE_YOK:14104060001,14104060001,FAC_YOK_NISHIYA,1.0,medium,2026-04-01,,DOC_YOK_SUISHITSU_R8,令和8年度水質検査計画 p11「各水源の主な給水区域」図からのラスタ読み取り。相模川系統（西谷浄水場系）。図は「主な給水区域」であり町丁目単位の断定ではない。純度 100%（判定に使った画素 55）。位置合わせ IoU 0.863（4パラメータ）
TRACE_YOK:14104060002,14104060002,FAC_YOK_NISHIYA,1.0,medium,2026-04-01,,DOC_YOK_SUISHITSU_R8,令和8年度水質検査計画 p11「各水源の主な給水区域」図からのラスタ読み取り。相模川系統（西谷浄水場系）。図は「主な給水区域」であり町丁目単位の断定ではない。純度 100%（判定に使った画素 94）。位置合わせ IoU 0.863（4パラメータ）
TRACE_YOK:14104060003,14104060003,FAC_YOK_NISHIYA,1.0,medium,2026-04-01,,DOC_YOK_SUISHITSU_R8,令和8年度水質検査計画 p11「各水源の主な給水区域」図からのラスタ読み取り。相模川系統（西谷浄水場系）。図は「主な給水区域」であり町丁目単位の断定ではない。純度 100%（判定に使った画素 78）。位置合わせ IoU 0.863（4パラメータ）
TRACE_YOK:14104060004,14104060004,FAC_YOK_NISHIYA,1.0,medium,2026-04-01,,DOC_YOK_SUISHITSU_R8,令和8年度水質検査計画 p11「各水源の主な給水区域」図からのラスタ読み取り。相模川系統（西谷浄水場系）。図は「主な給水区域」であり町丁目単位の断定ではない。純度 100%（判定に使った画素 73）。位置合わせ IoU 0.863（4パラメータ）
TRACE_YOK:14104060005,14104060005,FAC_YOK_NISHIYA,1.0,medium,2026-04-01,,DOC_YOK_SUISHITSU_R8,令和8年度水質検査計画 p11「各水源の主な給水区域」図からのラスタ読み取り。相模川系統（西谷浄水場系）。図は「主な給水区域」であり町丁目単位の断定ではない。純度 100%（判定に使った画素 174）。位置合わせ IoU 0.863（4パラメータ）
TRACE_YOK:14104060006,14104060006,FAC_YOK_NISHIYA,1.0,medium,2026-04-01,,DOC_YOK_SUISHITSU_R8,令和8年度水質検査計画 p11「各水源の主な給水区域」図からのラスタ読み取り。相模川系統（西谷浄水場系）。図は「主な給水区域」であり町丁目単位の断定ではない。純度 100%（判定に使った画素 129）。位置合わせ IoU 0.863（4パラメータ）
TRACE_YOK:14104066001,14104066001,FAC_YOK_NISHIYA,1.0,medium,2026-04-01,,DOC_YOK_SUISHITSU_R8,令和8年度水質検査計画 p11「各水源の主な給水区域」図からのラスタ読み取り。相模川系統（西谷浄水場系）。図は「主な給水区域」であり町丁目単位の断定ではない。純度 100%（判定に使った画素 58）。位置合わせ IoU 0.863（4パラメータ）
TRACE_YOK:14104066002,14104066002,FAC_YOK_NISHIYA,1.0,medium,2026-04-01,,DOC_YOK_SUISHITSU_R8,令和8年度水質検査計画 p11「各水源の主な給水区域」図からのラスタ読み取り。相模川系統（西谷浄水場系）。図は「主な給水区域」であり町丁目単位の断定ではない。純度 100%（判定に使った画素 91）。位置合わせ IoU 0.863（4パラメータ）
TRACE_YOK:14104066003,14104066003,FAC_YOK_NISHIYA,1.0,medium,2026-04-01,,DOC_YOK_SUISHITSU_R8,令和8年度水質検査計画 p11「各水源の主な給水区域」図からのラスタ読み取り。相模川系統（西谷浄水場系）。図は「主な給水区域」であり町丁目単位の断定ではない。純度 100%（判定に使った画素 83）。位置合わせ IoU 0.863（4パラメータ）
TRACE_YOK:14104066004,14104066004,FAC_YOK_NISHIYA,1.0,medium,2026-04-01,,DOC_YOK_SUISHITSU_R8,令和8年度水質検査計画 p11「各水源の主な給水区域」図からのラスタ読み取り。相模川系統（西谷浄水場系）。図は「主な給水区域」であり町丁目単位の断定ではない。純度 100%（判定に使った画素 49）。位置合わせ IoU 0.863（4パラメータ）
TRACE_YOK:14104070001,14104070001,FAC_YOK_NISHIYA,1.0,medium,2026-04-01,,DOC_YOK_SUISHITSU_R8,令和8年度水質検査計画 p11「各水源の主な給水区域」図からのラスタ読み取り。相模川系統（西谷浄水場系）。図は「主な給水区域」であり町丁目単位の断定ではない。純度 100%（判定に使った画素 212）。位置合わせ IoU 0.863（4パラメータ）
TRACE_YOK:14104070002,14104070002,FAC_YOK_NISHIYA,1.0,medium,2026-04-01,,DOC_YOK_SUISHITSU_R8,令和8年度水質検査計画 p11「各水源の主な給水区域」図からのラスタ読み取り。相模川系統（西谷浄水場系）。図は「主な給水区域」であり町丁目単位の断定ではない。純度 100%（判定に使った画素 98）。位置合わせ IoU 0.863（4パラメータ）
TRACE_YOK:14104070003,14104070003,FAC_YOK_NISHIYA,1.0,medium,2026-04-01,,DOC_YOK_SUISHITSU_R8,令和8年度水質検査計画 p11「各水源の主な給水区域」図からのラスタ読み取り。相模川系統（西谷浄水場系）。図は「主な給水区域」であり町丁目単位の断定ではない。純度 100%（判定に使った画素 54）。位置合わせ IoU 0.863（4パラメータ）
TRACE_YOK:14104070004,14104070004,FAC_YOK_NISHIYA,1.0,medium,2026-04-01,,DOC_YOK_SUISHITSU_R8,令和8年度水質検査計画 p11「各水源の主な給水区域」図からのラスタ読み取り。相模川系統（西谷浄水場系）。図は「主な給水区域」であり町丁目単位の断定ではない。純度 100%（判定に使った画素 52）。位置合わせ IoU 0.863（4パラメータ）
TRACE_YOK:14104070005,14104070005,FAC_YOK_NISHIYA,1.0,medium,2026-04-01,,DOC_YOK_SUISHITSU_R8,令和8年度水質検査計画 p11「各水源の主な給水区域」図からのラスタ読み取り。相模川系統（西谷浄水場系）。図は「主な給水区域」であり町丁目単位の断定ではない。純度 100%（判定に使った画素 78）。位置合わせ IoU 0.863（4パラメータ）
TRACE_YOK:14104070006,14104070006,FAC_YOK_NISHIYA,1.0,medium,2026-04-01,,DOC_YOK_SUISHITSU_R8,令和8年度水質検査計画 p11「各水源の主な給水区域」図からのラスタ読み取り。相模川系統（西谷浄水場系）。図は「主な給水区域」であり町丁目単位の断定ではない。純度 100%（判定に使った画素 90）。位置合わせ IoU 0.863（4パラメータ）
TRACE_YOK:141040760,141040760,FAC_YOK_NISHIYA,1.0,low,2026-04-01,,DOC_YOK_SUISHITSU_R8,令和8年度水質検査計画 p11「各水源の主な給水区域」図からのラスタ読み取り。相模川系統（西谷浄水場系）。図は「主な給水区域」であり町丁目単位の断定ではない。純度 94%（判定に使った画素 9424）。位置合わせ IoU 0.863（4パラメータ）
TRACE_YOK:14104077001,14104077001,FAC_YOK_NISHIYA,1.0,low,2026-04-01,,DOC_YOK_SUISHITSU_R8,令和8年度水質検査計画 p11「各水源の主な給水区域」図からのラスタ読み取り。相模川系統（西谷浄水場系）。図は「主な給水区域」であり町丁目単位の断定ではない。純度 74%（判定に使った画素 407）。位置合わせ IoU 0.863（4パラメータ）
TRACE_YOK:14104077002,14104077002,FAC_YOK_NISHIYA,1.0,low,2026-04-01,,DOC_YOK_SUISHITSU_R8,令和8年度水質検査計画 p11「各水源の主な給水区域」図からのラスタ読み取り。相模川系統（西谷浄水場系）。図は「主な給水区域」であり町丁目単位の断定ではない。純度 62%（判定に使った画素 219）。位置合わせ IoU 0.863（4パラメータ）
TRACE_YOK:14104077003,14104077003,FAC_YOK_NISHIYA,1.0,low,2026-04-01,,DOC_YOK_SUISHITSU_R8,令和8年度水質検査計画 p11「各水源の主な給水区域」図からのラスタ読み取り。相模川系統（西谷浄水場系）。図は「主な給水区域」であり町丁目単位の断定ではない。純度 83%（判定に使った画素 185）。位置合わせ IoU 0.863（4パラメータ）
TRACE_YOK:14104077004,14104077004,FAC_YOK_NISHIYA,1.0,low,2026-04-01,,DOC_YOK_SUISHITSU_R8,令和8年度水質検査計画 p11「各水源の主な給水区域」図からのラスタ読み取り。相模川系統（西谷浄水場系）。図は「主な給水区域」であり町丁目単位の断定ではない。純度 83%（判定に使った画素 168）。位置合わせ IoU 0.863（4パラメータ）
TRACE_YOK:14104077005,14104077005,FAC_KGD_AYASE,1.0,low,2026-04-01,,DOC_YOK_SUISHITSU_R8,令和8年度水質検査計画 p11「各水源の主な給水区域」図からのラスタ読み取り。企業団相模川系統（綾瀬浄水場系）。図は「主な給水区域」であり町丁目単位の断定ではない。純度 56%（判定に使った画素 231）。位置合わせ IoU 0.863（4パラメータ）
TRACE_YOK:14104083001,14104083001,FAC_YOK_NISHIYA,1.0,low,2026-04-01,,DOC_YOK_SUISHITSU_R8,令和8年度水質検査計画 p11「各水源の主な給水区域」図からのラスタ読み取り。相模川系統（西谷浄水場系）。図は「主な給水区域」であり町丁目単位の断定ではない。純度 85%（判定に使った画素 1148）。位置合わせ IoU 0.863（4パラメータ）
TRACE_YOK:14104083003,14104083003,FAC_YOK_NISHIYA,1.0,low,2026-04-01,,DOC_YOK_SUISHITSU_R8,令和8年度水質検査計画 p11「各水源の主な給水区域」図からのラスタ読み取り。相模川系統（西谷浄水場系）。図は「主な給水区域」であり町丁目単位の断定ではない。純度 80%（判定に使った画素 3152）。位置合わせ IoU 0.863（4パラメータ）
TRACE_YOK:141040860,141040860,FAC_YOK_NISHIYA,1.0,medium,2026-04-01,,DOC_YOK_SUISHITSU_R8,令和8年度水質検査計画 p11「各水源の主な給水区域」図からのラスタ読み取り。相模川系統（西谷浄水場系）。図は「主な給水区域」であり町丁目単位の断定ではない。純度 100%（判定に使った画素 88）。位置合わせ IoU 0.863（4パラメータ）
TRACE_YOK:14104087001,14104087001,FAC_YOK_NISHIYA,1.0,medium,2026-04-01,,DOC_YOK_SUISHITSU_R8,令和8年度水質検査計画 p11「各水源の主な給水区域」図からのラスタ読み取り。相模川系統（西谷浄水場系）。図は「主な給水区域」であり町丁目単位の断定ではない。純度 100%（判定に使った画素 1302）。位置合わせ IoU 0.863（4パラメータ）
TRACE_YOK:14104087002,14104087002,FAC_YOK_NISHIYA,1.0,medium,2026-04-01,,DOC_YOK_SUISHITSU_R8,令和8年度水質検査計画 p11「各水源の主な給水区域」図からのラスタ読み取り。相模川系統（西谷浄水場系）。図は「主な給水区域」であり町丁目単位の断定ではない。純度 100%（判定に使った画素 88）。位置合わせ IoU 0.863（4パラメータ）
TRACE_YOK:14104087003,14104087003,FAC_YOK_NISHIYA,1.0,medium,2026-04-01,,DOC_YOK_SUISHITSU_R8,令和8年度水質検査計画 p11「各水源の主な給水区域」図からのラスタ読み取り。相模川系統（西谷浄水場系）。図は「主な給水区域」であり町丁目単位の断定ではない。純度 100%（判定に使った画素 115）。位置合わせ IoU 0.863（4パラメータ）
TRACE_YOK:14104090001,14104090001,FAC_YOK_NISHIYA,1.0,medium,2026-04-01,,DOC_YOK_SUISHITSU_R8,令和8年度水質検査計画 p11「各水源の主な給水区域」図からのラスタ読み取り。相模川系統（西谷浄水場系）。図は「主な給水区域」であり町丁目単位の断定ではない。純度 100%（判定に使った画素 281）。位置合わせ IoU 0.863（4パラメータ）
TRACE_YOK:14104090002,14104090002,FAC_YOK_NISHIYA,1.0,medium,2026-04-01,,DOC_YOK_SUISHITSU_R8,令和8年度水質検査計画 p11「各水源の主な給水区域」図からのラスタ読み取り。相模川系統（西谷浄水場系）。図は「主な給水区域」であり町丁目単位の断定ではない。純度 100%（判定に使った画素 240）。位置合わせ IoU 0.863（4パラメータ）
TRACE_YOK:14104090003,14104090003,FAC_YOK_NISHIYA,1.0,medium,2026-04-01,,DOC_YOK_SUISHITSU_R8,令和8年度水質検査計画 p11「各水源の主な給水区域」図からのラスタ読み取り。相模川系統（西谷浄水場系）。図は「主な給水区域」であり町丁目単位の断定ではない。純度 100%（判定に使った画素 244）。位置合わせ IoU 0.863（4パラメータ）
TRACE_YOK:14104093001,14104093001,FAC_YOK_NISHIYA,1.0,medium,2026-04-01,,DOC_YOK_SUISHITSU_R8,令和8年度水質検査計画 p11「各水源の主な給水区域」図からのラスタ読み取り。相模川系統（西谷浄水場系）。図は「主な給水区域」であり町丁目単位の断定ではない。純度 100%（判定に使った画素 210）。位置合わせ IoU 0.863（4パラメータ）
TRACE_YOK:14104093002,14104093002,FAC_YOK_NISHIYA,1.0,medium,2026-04-01,,DOC_YOK_SUISHITSU_R8,令和8年度水質検査計画 p11「各水源の主な給水区域」図からのラスタ読み取り。相模川系統（西谷浄水場系）。図は「主な給水区域」であり町丁目単位の断定ではない。純度 100%（判定に使った画素 206）。位置合わせ IoU 0.863（4パラメータ）
TRACE_YOK:14104093003,14104093003,FAC_YOK_NISHIYA,1.0,medium,2026-04-01,,DOC_YOK_SUISHITSU_R8,令和8年度水質検査計画 p11「各水源の主な給水区域」図からのラスタ読み取り。相模川系統（西谷浄水場系）。図は「主な給水区域」であり町丁目単位の断定ではない。純度 100%（判定に使った画素 293）。位置合わせ IoU 0.863（4パラメータ）
TRACE_YOK:14104093004,14104093004,FAC_YOK_NISHIYA,1.0,medium,2026-04-01,,DOC_YOK_SUISHITSU_R8,令和8年度水質検査計画 p11「各水源の主な給水区域」図からのラスタ読み取り。相模川系統（西谷浄水場系）。図は「主な給水区域」であり町丁目単位の断定ではない。純度 100%（判定に使った画素 40）。位置合わせ IoU 0.863（4パラメータ）
TRACE_YOK:14104097001,14104097001,FAC_YOK_NISHIYA,1.0,medium,2026-04-01,,DOC_YOK_SUISHITSU_R8,令和8年度水質検査計画 p11「各水源の主な給水区域」図からのラスタ読み取り。相模川系統（西谷浄水場系）。図は「主な給水区域」であり町丁目単位の断定ではない。純度 100%（判定に使った画素 119）。位置合わせ IoU 0.863（4パラメータ）
TRACE_YOK:14104097002,14104097002,FAC_YOK_NISHIYA,1.0,medium,2026-04-01,,DOC_YOK_SUISHITSU_R8,令和8年度水質検査計画 p11「各水源の主な給水区域」図からのラスタ読み取り。相模川系統（西谷浄水場系）。図は「主な給水区域」であり町丁目単位の断定ではない。純度 100%（判定に使った画素 220）。位置合わせ IoU 0.863（4パラメータ）
TRACE_YOK:14104097003,14104097003,FAC_YOK_NISHIYA,1.0,medium,2026-04-01,,DOC_YOK_SUISHITSU_R8,令和8年度水質検査計画 p11「各水源の主な給水区域」図からのラスタ読み取り。相模川系統（西谷浄水場系）。図は「主な給水区域」であり町丁目単位の断定ではない。純度 100%（判定に使った画素 237）。位置合わせ IoU 0.863（4パラメータ）
TRACE_YOK:14104100001,14104100001,FAC_YOK_NISHIYA,1.0,medium,2026-04-01,,DOC_YOK_SUISHITSU_R8,令和8年度水質検査計画 p11「各水源の主な給水区域」図からのラスタ読み取り。相模川系統（西谷浄水場系）。図は「主な給水区域」であり町丁目単位の断定ではない。純度 100%（判定に使った画素 419）。位置合わせ IoU 0.863（4パラメータ）
TRACE_YOK:14104100002,14104100002,FAC_YOK_NISHIYA,1.0,medium,2026-04-01,,DOC_YOK_SUISHITSU_R8,令和8年度水質検査計画 p11「各水源の主な給水区域」図からのラスタ読み取り。相模川系統（西谷浄水場系）。図は「主な給水区域」であり町丁目単位の断定ではない。純度 100%（判定に使った画素 302）。位置合わせ IoU 0.863（4パラメータ）
TRACE_YOK:14104102001,14104102001,FAC_YOK_NISHIYA,1.0,medium,2026-04-01,,DOC_YOK_SUISHITSU_R8,令和8年度水質検査計画 p11「各水源の主な給水区域」図からのラスタ読み取り。相模川系統（西谷浄水場系）。図は「主な給水区域」であり町丁目単位の断定ではない。純度 100%（判定に使った画素 151）。位置合わせ IoU 0.863（4パラメータ）
TRACE_YOK:14104102002,14104102002,FAC_YOK_NISHIYA,1.0,medium,2026-04-01,,DOC_YOK_SUISHITSU_R8,令和8年度水質検査計画 p11「各水源の主な給水区域」図からのラスタ読み取り。相模川系統（西谷浄水場系）。図は「主な給水区域」であり町丁目単位の断定ではない。純度 100%（判定に使った画素 131）。位置合わせ IoU 0.863（4パラメータ）
TRACE_YOK:14104102003,14104102003,FAC_YOK_NISHIYA,1.0,medium,2026-04-01,,DOC_YOK_SUISHITSU_R8,令和8年度水質検査計画 p11「各水源の主な給水区域」図からのラスタ読み取り。相模川系統（西谷浄水場系）。図は「主な給水区域」であり町丁目単位の断定ではない。純度 100%（判定に使った画素 152）。位置合わせ IoU 0.863（4パラメータ）
TRACE_YOK:14104105001,14104105001,FAC_YOK_NISHIYA,1.0,medium,2026-04-01,,DOC_YOK_SUISHITSU_R8,令和8年度水質検査計画 p11「各水源の主な給水区域」図からのラスタ読み取り。相模川系統（西谷浄水場系）。図は「主な給水区域」であり町丁目単位の断定ではない。純度 100%（判定に使った画素 80）。位置合わせ IoU 0.863（4パラメータ）
TRACE_YOK:14104105002,14104105002,FAC_YOK_NISHIYA,1.0,medium,2026-04-01,,DOC_YOK_SUISHITSU_R8,令和8年度水質検査計画 p11「各水源の主な給水区域」図からのラスタ読み取り。相模川系統（西谷浄水場系）。図は「主な給水区域」であり町丁目単位の断定ではない。純度 100%（判定に使った画素 120）。位置合わせ IoU 0.863（4パラメータ）
TRACE_YOK:141041070,141041070,FAC_YOK_NISHIYA,1.0,medium,2026-04-01,,DOC_YOK_SUISHITSU_R8,令和8年度水質検査計画 p11「各水源の主な給水区域」図からのラスタ読み取り。相模川系統（西谷浄水場系）。図は「主な給水区域」であり町丁目単位の断定ではない。純度 100%（判定に使った画素 153）。位置合わせ IoU 0.863（4パラメータ）
TRACE_YOK:141041080,141041080,FAC_YOK_NISHIYA,1.0,medium,2026-04-01,,DOC_YOK_SUISHITSU_R8,令和8年度水質検査計画 p11「各水源の主な給水区域」図からのラスタ読み取り。相模川系統（西谷浄水場系）。図は「主な給水区域」であり町丁目単位の断定ではない。純度 100%（判定に使った画素 136）。位置合わせ IoU 0.863（4パラメータ）
TRACE_YOK:141041090,141041090,FAC_YOK_NISHIYA,1.0,medium,2026-04-01,,DOC_YOK_SUISHITSU_R8,令和8年度水質検査計画 p11「各水源の主な給水区域」図からのラスタ読み取り。相模川系統（西谷浄水場系）。図は「主な給水区域」であり町丁目単位の断定ではない。純度 100%（判定に使った画素 350）。位置合わせ IoU 0.863（4パラメータ）
TRACE_YOK:141041100,141041100,FAC_YOK_NISHIYA,1.0,medium,2026-04-01,,DOC_YOK_SUISHITSU_R8,令和8年度水質検査計画 p11「各水源の主な給水区域」図からのラスタ読み取り。相模川系統（西谷浄水場系）。図は「主な給水区域」であり町丁目単位の断定ではない。純度 100%（判定に使った画素 314）。位置合わせ IoU 0.863（4パラメータ）
TRACE_YOK:141041110,141041110,FAC_YOK_NISHIYA,1.0,medium,2026-04-01,,DOC_YOK_SUISHITSU_R8,令和8年度水質検査計画 p11「各水源の主な給水区域」図からのラスタ読み取り。相模川系統（西谷浄水場系）。図は「主な給水区域」であり町丁目単位の断定ではない。純度 100%（判定に使った画素 196）。位置合わせ IoU 0.863（4パラメータ）
TRACE_YOK:141041120,141041120,FAC_YOK_NISHIYA,1.0,medium,2026-04-01,,DOC_YOK_SUISHITSU_R8,令和8年度水質検査計画 p11「各水源の主な給水区域」図からのラスタ読み取り。相模川系統（西谷浄水場系）。図は「主な給水区域」であり町丁目単位の断定ではない。純度 100%（判定に使った画素 172）。位置合わせ IoU 0.863（4パラメータ）
TRACE_YOK:14104113001,14104113001,FAC_YOK_NISHIYA,1.0,medium,2026-04-01,,DOC_YOK_SUISHITSU_R8,令和8年度水質検査計画 p11「各水源の主な給水区域」図からのラスタ読み取り。相模川系統（西谷浄水場系）。図は「主な給水区域」であり町丁目単位の断定ではない。純度 100%（判定に使った画素 237）。位置合わせ IoU 0.863（4パラメータ）
TRACE_YOK:14104113002,14104113002,FAC_YOK_NISHIYA,1.0,medium,2026-04-01,,DOC_YOK_SUISHITSU_R8,令和8年度水質検査計画 p11「各水源の主な給水区域」図からのラスタ読み取り。相模川系統（西谷浄水場系）。図は「主な給水区域」であり町丁目単位の断定ではない。純度 100%（判定に使った画素 161）。位置合わせ IoU 0.863（4パラメータ）
TRACE_YOK:14104113003,14104113003,FAC_YOK_NISHIYA,1.0,medium,2026-04-01,,DOC_YOK_SUISHITSU_R8,令和8年度水質検査計画 p11「各水源の主な給水区域」図からのラスタ読み取り。相模川系統（西谷浄水場系）。図は「主な給水区域」であり町丁目単位の断定ではない。純度 100%（判定に使った画素 148）。位置合わせ IoU 0.863（4パラメータ）
TRACE_YOK:14104113004,14104113004,FAC_YOK_NISHIYA,1.0,medium,2026-04-01,,DOC_YOK_SUISHITSU_R8,令和8年度水質検査計画 p11「各水源の主な給水区域」図からのラスタ読み取り。相模川系統（西谷浄水場系）。図は「主な給水区域」であり町丁目単位の断定ではない。純度 100%（判定に使った画素 120）。位置合わせ IoU 0.863（4パラメータ）
TRACE_YOK:14104113005,14104113005,FAC_YOK_NISHIYA,1.0,medium,2026-04-01,,DOC_YOK_SUISHITSU_R8,令和8年度水質検査計画 p11「各水源の主な給水区域」図からのラスタ読み取り。相模川系統（西谷浄水場系）。図は「主な給水区域」であり町丁目単位の断定ではない。純度 100%（判定に使った画素 153）。位置合わせ IoU 0.863（4パラメータ）
TRACE_YOK:14104113006,14104113006,FAC_YOK_NISHIYA,1.0,medium,2026-04-01,,DOC_YOK_SUISHITSU_R8,令和8年度水質検査計画 p11「各水源の主な給水区域」図からのラスタ読み取り。相模川系統（西谷浄水場系）。図は「主な給水区域」であり町丁目単位の断定ではない。純度 100%（判定に使った画素 136）。位置合わせ IoU 0.863（4パラメータ）
TRACE_YOK:14104113007,14104113007,FAC_YOK_NISHIYA,1.0,medium,2026-04-01,,DOC_YOK_SUISHITSU_R8,令和8年度水質検査計画 p11「各水源の主な給水区域」図からのラスタ読み取り。相模川系統（西谷浄水場系）。図は「主な給水区域」であり町丁目単位の断定ではない。純度 100%（判定に使った画素 155）。位置合わせ IoU 0.863（4パラメータ）
TRACE_YOK:14104120001,14104120001,FAC_YOK_NISHIYA,1.0,medium,2026-04-01,,DOC_YOK_SUISHITSU_R8,令和8年度水質検査計画 p11「各水源の主な給水区域」図からのラスタ読み取り。相模川系統（西谷浄水場系）。図は「主な給水区域」であり町丁目単位の断定ではない。純度 100%（判定に使った画素 27）。位置合わせ IoU 0.863（4パラメータ）
TRACE_YOK:14104120002,14104120002,FAC_YOK_NISHIYA,1.0,medium,2026-04-01,,DOC_YOK_SUISHITSU_R8,令和8年度水質検査計画 p11「各水源の主な給水区域」図からのラスタ読み取り。相模川系統（西谷浄水場系）。図は「主な給水区域」であり町丁目単位の断定ではない。純度 100%（判定に使った画素 45）。位置合わせ IoU 0.863（4パラメータ）
TRACE_YOK:14104120003,14104120003,FAC_YOK_NISHIYA,1.0,medium,2026-04-01,,DOC_YOK_SUISHITSU_R8,令和8年度水質検査計画 p11「各水源の主な給水区域」図からのラスタ読み取り。相模川系統（西谷浄水場系）。図は「主な給水区域」であり町丁目単位の断定ではない。純度 100%（判定に使った画素 49）。位置合わせ IoU 0.863（4パラメータ）
TRACE_YOK:14104123001,14104123001,FAC_YOK_NISHIYA,1.0,medium,2026-04-01,,DOC_YOK_SUISHITSU_R8,令和8年度水質検査計画 p11「各水源の主な給水区域」図からのラスタ読み取り。相模川系統（西谷浄水場系）。図は「主な給水区域」であり町丁目単位の断定ではない。純度 100%（判定に使った画素 160）。位置合わせ IoU 0.863（4パラメータ）
TRACE_YOK:14104123002,14104123002,FAC_YOK_NISHIYA,1.0,medium,2026-04-01,,DOC_YOK_SUISHITSU_R8,令和8年度水質検査計画 p11「各水源の主な給水区域」図からのラスタ読み取り。相模川系統（西谷浄水場系）。図は「主な給水区域」であり町丁目単位の断定ではない。純度 100%（判定に使った画素 181）。位置合わせ IoU 0.863（4パラメータ）
TRACE_YOK:14104123003,14104123003,FAC_YOK_NISHIYA,1.0,medium,2026-04-01,,DOC_YOK_SUISHITSU_R8,令和8年度水質検査計画 p11「各水源の主な給水区域」図からのラスタ読み取り。相模川系統（西谷浄水場系）。図は「主な給水区域」であり町丁目単位の断定ではない。純度 100%（判定に使った画素 196）。位置合わせ IoU 0.863（4パラメータ）
TRACE_YOK:14104126001,14104126001,FAC_YOK_NISHIYA,1.0,medium,2026-04-01,,DOC_YOK_SUISHITSU_R8,令和8年度水質検査計画 p11「各水源の主な給水区域」図からのラスタ読み取り。相模川系統（西谷浄水場系）。図は「主な給水区域」であり町丁目単位の断定ではない。純度 100%（判定に使った画素 143）。位置合わせ IoU 0.863（4パラメータ）
TRACE_YOK:14104126002,14104126002,FAC_YOK_NISHIYA,1.0,medium,2026-04-01,,DOC_YOK_SUISHITSU_R8,令和8年度水質検査計画 p11「各水源の主な給水区域」図からのラスタ読み取り。相模川系統（西谷浄水場系）。図は「主な給水区域」であり町丁目単位の断定ではない。純度 100%（判定に使った画素 150）。位置合わせ IoU 0.863（4パラメータ）
TRACE_YOK:14104126003,14104126003,FAC_YOK_NISHIYA,1.0,medium,2026-04-01,,DOC_YOK_SUISHITSU_R8,令和8年度水質検査計画 p11「各水源の主な給水区域」図からのラスタ読み取り。相模川系統（西谷浄水場系）。図は「主な給水区域」であり町丁目単位の断定ではない。純度 100%（判定に使った画素 80）。位置合わせ IoU 0.863（4パラメータ）
TRACE_YOK:14104129001,14104129001,FAC_YOK_NISHIYA,1.0,medium,2026-04-01,,DOC_YOK_SUISHITSU_R8,令和8年度水質検査計画 p11「各水源の主な給水区域」図からのラスタ読み取り。相模川系統（西谷浄水場系）。図は「主な給水区域」であり町丁目単位の断定ではない。純度 100%（判定に使った画素 329）。位置合わせ IoU 0.863（4パラメータ）
TRACE_YOK:14104129002,14104129002,FAC_YOK_NISHIYA,1.0,medium,2026-04-01,,DOC_YOK_SUISHITSU_R8,令和8年度水質検査計画 p11「各水源の主な給水区域」図からのラスタ読み取り。相模川系統（西谷浄水場系）。図は「主な給水区域」であり町丁目単位の断定ではない。純度 100%（判定に使った画素 138）。位置合わせ IoU 0.863（4パラメータ）
TRACE_YOK:14104129003,14104129003,FAC_YOK_NISHIYA,1.0,medium,2026-04-01,,DOC_YOK_SUISHITSU_R8,令和8年度水質検査計画 p11「各水源の主な給水区域」図からのラスタ読み取り。相模川系統（西谷浄水場系）。図は「主な給水区域」であり町丁目単位の断定ではない。純度 100%（判定に使った画素 288）。位置合わせ IoU 0.863（4パラメータ）
TRACE_YOK:14104129004,14104129004,FAC_YOK_NISHIYA,1.0,medium,2026-04-01,,DOC_YOK_SUISHITSU_R8,令和8年度水質検査計画 p11「各水源の主な給水区域」図からのラスタ読み取り。相模川系統（西谷浄水場系）。図は「主な給水区域」であり町丁目単位の断定ではない。純度 100%（判定に使った画素 206）。位置合わせ IoU 0.863（4パラメータ）
TRACE_YOK:14104133001,14104133001,FAC_YOK_NISHIYA,1.0,medium,2026-04-01,,DOC_YOK_SUISHITSU_R8,令和8年度水質検査計画 p11「各水源の主な給水区域」図からのラスタ読み取り。相模川系統（西谷浄水場系）。図は「主な給水区域」であり町丁目単位の断定ではない。純度 100%（判定に使った画素 81）。位置合わせ IoU 0.863（4パラメータ）
TRACE_YOK:14104133002,14104133002,FAC_YOK_NISHIYA,1.0,medium,2026-04-01,,DOC_YOK_SUISHITSU_R8,令和8年度水質検査計画 p11「各水源の主な給水区域」図からのラスタ読み取り。相模川系統（西谷浄水場系）。図は「主な給水区域」であり町丁目単位の断定ではない。純度 100%（判定に使った画素 145）。位置合わせ IoU 0.863（4パラメータ）
TRACE_YOK:14104133003,14104133003,FAC_YOK_NISHIYA,1.0,medium,2026-04-01,,DOC_YOK_SUISHITSU_R8,令和8年度水質検査計画 p11「各水源の主な給水区域」図からのラスタ読み取り。相模川系統（西谷浄水場系）。図は「主な給水区域」であり町丁目単位の断定ではない。純度 100%（判定に使った画素 125）。位置合わせ IoU 0.863（4パラメータ）
TRACE_YOK:14104136001,14104136001,FAC_YOK_NISHIYA,1.0,medium,2026-04-01,,DOC_YOK_SUISHITSU_R8,令和8年度水質検査計画 p11「各水源の主な給水区域」図からのラスタ読み取り。相模川系統（西谷浄水場系）。図は「主な給水区域」であり町丁目単位の断定ではない。純度 100%（判定に使った画素 151）。位置合わせ IoU 0.863（4パラメータ）
TRACE_YOK:14104136002,14104136002,FAC_YOK_NISHIYA,1.0,medium,2026-04-01,,DOC_YOK_SUISHITSU_R8,令和8年度水質検査計画 p11「各水源の主な給水区域」図からのラスタ読み取り。相模川系統（西谷浄水場系）。図は「主な給水区域」であり町丁目単位の断定ではない。純度 100%（判定に使った画素 144）。位置合わせ IoU 0.863（4パラメータ）
TRACE_YOK:14104136003,14104136003,FAC_YOK_NISHIYA,1.0,medium,2026-04-01,,DOC_YOK_SUISHITSU_R8,令和8年度水質検査計画 p11「各水源の主な給水区域」図からのラスタ読み取り。相模川系統（西谷浄水場系）。図は「主な給水区域」であり町丁目単位の断定ではない。純度 100%（判定に使った画素 182）。位置合わせ IoU 0.863（4パラメータ）
TRACE_YOK:14104136004,14104136004,FAC_YOK_NISHIYA,1.0,medium,2026-04-01,,DOC_YOK_SUISHITSU_R8,令和8年度水質検査計画 p11「各水源の主な給水区域」図からのラスタ読み取り。相模川系統（西谷浄水場系）。図は「主な給水区域」であり町丁目単位の断定ではない。純度 100%（判定に使った画素 143）。位置合わせ IoU 0.863（4パラメータ）
TRACE_YOK:14104136005,14104136005,FAC_YOK_NISHIYA,1.0,medium,2026-04-01,,DOC_YOK_SUISHITSU_R8,令和8年度水質検査計画 p11「各水源の主な給水区域」図からのラスタ読み取り。相模川系統（西谷浄水場系）。図は「主な給水区域」であり町丁目単位の断定ではない。純度 100%（判定に使った画素 197）。位置合わせ IoU 0.863（4パラメータ）
TRACE_YOK:14104141001,14104141001,FAC_YOK_NISHIYA,1.0,medium,2026-04-01,,DOC_YOK_SUISHITSU_R8,令和8年度水質検査計画 p11「各水源の主な給水区域」図からのラスタ読み取り。相模川系統（西谷浄水場系）。図は「主な給水区域」であり町丁目単位の断定ではない。純度 100%（判定に使った画素 107）。位置合わせ IoU 0.863（4パラメータ）
TRACE_YOK:14104141002,14104141002,FAC_YOK_NISHIYA,1.0,medium,2026-04-01,,DOC_YOK_SUISHITSU_R8,令和8年度水質検査計画 p11「各水源の主な給水区域」図からのラスタ読み取り。相模川系統（西谷浄水場系）。図は「主な給水区域」であり町丁目単位の断定ではない。純度 100%（判定に使った画素 123）。位置合わせ IoU 0.863（4パラメータ）
TRACE_YOK:14104141003,14104141003,FAC_YOK_NISHIYA,1.0,medium,2026-04-01,,DOC_YOK_SUISHITSU_R8,令和8年度水質検査計画 p11「各水源の主な給水区域」図からのラスタ読み取り。相模川系統（西谷浄水場系）。図は「主な給水区域」であり町丁目単位の断定ではない。純度 100%（判定に使った画素 110）。位置合わせ IoU 0.863（4パラメータ）
TRACE_YOK:14104141004,14104141004,FAC_YOK_NISHIYA,1.0,medium,2026-04-01,,DOC_YOK_SUISHITSU_R8,令和8年度水質検査計画 p11「各水源の主な給水区域」図からのラスタ読み取り。相模川系統（西谷浄水場系）。図は「主な給水区域」であり町丁目単位の断定ではない。純度 100%（判定に使った画素 134）。位置合わせ IoU 0.863（4パラメータ）
TRACE_YOK:14104141005,14104141005,FAC_YOK_NISHIYA,1.0,medium,2026-04-01,,DOC_YOK_SUISHITSU_R8,令和8年度水質検査計画 p11「各水源の主な給水区域」図からのラスタ読み取り。相模川系統（西谷浄水場系）。図は「主な給水区域」であり町丁目単位の断定ではない。純度 100%（判定に使った画素 61）。位置合わせ IoU 0.863（4パラメータ）
TRACE_YOK:14104146001,14104146001,FAC_YOK_NISHIYA,1.0,medium,2026-04-01,,DOC_YOK_SUISHITSU_R8,令和8年度水質検査計画 p11「各水源の主な給水区域」図からのラスタ読み取り。相模川系統（西谷浄水場系）。図は「主な給水区域」であり町丁目単位の断定ではない。純度 100%（判定に使った画素 120）。位置合わせ IoU 0.863（4パラメータ）
TRACE_YOK:14104146002,14104146002,FAC_YOK_NISHIYA,1.0,medium,2026-04-01,,DOC_YOK_SUISHITSU_R8,令和8年度水質検査計画 p11「各水源の主な給水区域」図からのラスタ読み取り。相模川系統（西谷浄水場系）。図は「主な給水区域」であり町丁目単位の断定ではない。純度 100%（判定に使った画素 121）。位置合わせ IoU 0.863（4パラメータ）
TRACE_YOK:14104146003,14104146003,FAC_YOK_NISHIYA,1.0,medium,2026-04-01,,DOC_YOK_SUISHITSU_R8,令和8年度水質検査計画 p11「各水源の主な給水区域」図からのラスタ読み取り。相模川系統（西谷浄水場系）。図は「主な給水区域」であり町丁目単位の断定ではない。純度 100%（判定に使った画素 137）。位置合わせ IoU 0.863（4パラメータ）
TRACE_YOK:14104149001,14104149001,FAC_YOK_NISHIYA,1.0,medium,2026-04-01,,DOC_YOK_SUISHITSU_R8,令和8年度水質検査計画 p11「各水源の主な給水区域」図からのラスタ読み取り。相模川系統（西谷浄水場系）。図は「主な給水区域」であり町丁目単位の断定ではない。純度 100%（判定に使った画素 225）。位置合わせ IoU 0.863（4パラメータ）
TRACE_YOK:14104149002,14104149002,FAC_YOK_NISHIYA,1.0,medium,2026-04-01,,DOC_YOK_SUISHITSU_R8,令和8年度水質検査計画 p11「各水源の主な給水区域」図からのラスタ読み取り。相模川系統（西谷浄水場系）。図は「主な給水区域」であり町丁目単位の断定ではない。純度 100%（判定に使った画素 235）。位置合わせ IoU 0.863（4パラメータ）
TRACE_YOK:14104149003,14104149003,FAC_YOK_NISHIYA,1.0,medium,2026-04-01,,DOC_YOK_SUISHITSU_R8,令和8年度水質検査計画 p11「各水源の主な給水区域」図からのラスタ読み取り。相模川系統（西谷浄水場系）。図は「主な給水区域」であり町丁目単位の断定ではない。純度 100%（判定に使った画素 180）。位置合わせ IoU 0.863（4パラメータ）
TRACE_YOK:14104152001,14104152001,FAC_YOK_NISHIYA,1.0,medium,2026-04-01,,DOC_YOK_SUISHITSU_R8,令和8年度水質検査計画 p11「各水源の主な給水区域」図からのラスタ読み取り。相模川系統（西谷浄水場系）。図は「主な給水区域」であり町丁目単位の断定ではない。純度 100%（判定に使った画素 179）。位置合わせ IoU 0.863（4パラメータ）
TRACE_YOK:14104152002,14104152002,FAC_YOK_NISHIYA,1.0,medium,2026-04-01,,DOC_YOK_SUISHITSU_R8,令和8年度水質検査計画 p11「各水源の主な給水区域」図からのラスタ読み取り。相模川系統（西谷浄水場系）。図は「主な給水区域」であり町丁目単位の断定ではない。純度 100%（判定に使った画素 239）。位置合わせ IoU 0.863（4パラメータ）
TRACE_YOK:14104154001,14104154001,FAC_YOK_NISHIYA,1.0,medium,2026-04-01,,DOC_YOK_SUISHITSU_R8,令和8年度水質検査計画 p11「各水源の主な給水区域」図からのラスタ読み取り。相模川系統（西谷浄水場系）。図は「主な給水区域」であり町丁目単位の断定ではない。純度 100%（判定に使った画素 166）。位置合わせ IoU 0.863（4パラメータ）
TRACE_YOK:14104154002,14104154002,FAC_YOK_NISHIYA,1.0,medium,2026-04-01,,DOC_YOK_SUISHITSU_R8,令和8年度水質検査計画 p11「各水源の主な給水区域」図からのラスタ読み取り。相模川系統（西谷浄水場系）。図は「主な給水区域」であり町丁目単位の断定ではない。純度 99%（判定に使った画素 142）。位置合わせ IoU 0.863（4パラメータ）
TRACE_YOK:14104154003,14104154003,FAC_YOK_NISHIYA,1.0,low,2026-04-01,,DOC_YOK_SUISHITSU_R8,令和8年度水質検査計画 p11「各水源の主な給水区域」図からのラスタ読み取り。相模川系統（西谷浄水場系）。図は「主な給水区域」であり町丁目単位の断定ではない。純度 92%（判定に使った画素 179）。位置合わせ IoU 0.863（4パラメータ）
TRACE_YOK:14104154004,14104154004,FAC_YOK_NISHIYA,1.0,low,2026-04-01,,DOC_YOK_SUISHITSU_R8,令和8年度水質検査計画 p11「各水源の主な給水区域」図からのラスタ読み取り。相模川系統（西谷浄水場系）。図は「主な給水区域」であり町丁目単位の断定ではない。純度 55%（判定に使った画素 96）。位置合わせ IoU 0.863（4パラメータ）
TRACE_YOK:14104158001,14104158001,FAC_YOK_NISHIYA,1.0,medium,2026-04-01,,DOC_YOK_SUISHITSU_R8,令和8年度水質検査計画 p11「各水源の主な給水区域」図からのラスタ読み取り。相模川系統（西谷浄水場系）。図は「主な給水区域」であり町丁目単位の断定ではない。純度 100%（判定に使った画素 275）。位置合わせ IoU 0.863（4パラメータ）
TRACE_YOK:14104158002,14104158002,FAC_YOK_NISHIYA,1.0,low,2026-04-01,,DOC_YOK_SUISHITSU_R8,令和8年度水質検査計画 p11「各水源の主な給水区域」図からのラスタ読み取り。相模川系統（西谷浄水場系）。図は「主な給水区域」であり町丁目単位の断定ではない。純度 58%（判定に使った画素 130）。位置合わせ IoU 0.863（4パラメータ）
TRACE_YOK:14104158003,14104158003,FAC_KGD_AYASE,1.0,low,2026-04-01,,DOC_YOK_SUISHITSU_R8,令和8年度水質検査計画 p11「各水源の主な給水区域」図からのラスタ読み取り。企業団相模川系統（綾瀬浄水場系）。図は「主な給水区域」であり町丁目単位の断定ではない。純度 76%（判定に使った画素 88）。位置合わせ IoU 0.863（4パラメータ）
TRACE_YOK:14104158004,14104158004,FAC_KGD_AYASE,1.0,low,2026-04-01,,DOC_YOK_SUISHITSU_R8,令和8年度水質検査計画 p11「各水源の主な給水区域」図からのラスタ読み取り。企業団相模川系統（綾瀬浄水場系）。図は「主な給水区域」であり町丁目単位の断定ではない。純度 51%（判定に使った画素 51）。位置合わせ IoU 0.863（4パラメータ）
TRACE_YOK:14104162001,14104162001,FAC_YOK_NISHIYA,1.0,low,2026-04-01,,DOC_YOK_SUISHITSU_R8,令和8年度水質検査計画 p11「各水源の主な給水区域」図からのラスタ読み取り。相模川系統（西谷浄水場系）。図は「主な給水区域」であり町丁目単位の断定ではない。純度 95%（判定に使った画素 117）。位置合わせ IoU 0.863（4パラメータ）
TRACE_YOK:14104162002,14104162002,FAC_KGD_AYASE,1.0,low,2026-04-01,,DOC_YOK_SUISHITSU_R8,令和8年度水質検査計画 p11「各水源の主な給水区域」図からのラスタ読み取り。企業団相模川系統（綾瀬浄水場系）。図は「主な給水区域」であり町丁目単位の断定ではない。純度 79%（判定に使った画素 102）。位置合わせ IoU 0.863（4パラメータ）
TRACE_YOK:14104162003,14104162003,FAC_KGD_NISHINAGASAWA,1.0,low,2026-04-01,,DOC_YOK_SUISHITSU_R8,令和8年度水質検査計画 p11「各水源の主な給水区域」図からのラスタ読み取り。企業団酒匂川系統（西長沢・相模原浄水場系）。図は「主な給水区域」であり町丁目単位の断定ではない。純度 52%（判定に使った画素 31）。位置合わせ IoU 0.863（4パラメータ）。図では西長沢浄水場系と相模原浄水場系が同じ色で区別できないため供給水量の大きい西長沢に寄せている（企業団の1日平均供給水量 R7年度 西長沢 467486 ㎥ / 相模原 248448 ㎥）
TRACE_YOK:14104162004,14104162004,FAC_YOK_KOSUZUME,1.0,low,2026-04-01,,DOC_YOK_SUISHITSU_R8,令和8年度水質検査計画 p11「各水源の主な給水区域」図からのラスタ読み取り。馬入川系統（小雀浄水場系）。図は「主な給水区域」であり町丁目単位の断定ではない。純度 73%（判定に使った画素 15）。位置合わせ IoU 0.863（4パラメータ）
TRACE_YOK:141041660,141041660,FAC_KGD_AYASE,1.0,low,2026-04-01,,DOC_YOK_SUISHITSU_R8,令和8年度水質検査計画 p11「各水源の主な給水区域」図からのラスタ読み取り。企業団相模川系統（綾瀬浄水場系）。図は「主な給水区域」であり町丁目単位の断定ではない。純度 54%（判定に使った画素 446）。位置合わせ IoU 0.863（4パラメータ）
TRACE_YOK:14104167001,14104167001,FAC_YOK_NISHIYA,1.0,low,2026-04-01,,DOC_YOK_SUISHITSU_R8,令和8年度水質検査計画 p11「各水源の主な給水区域」図からのラスタ読み取り。相模川系統（西谷浄水場系）。図は「主な給水区域」であり町丁目単位の断定ではない。純度 74%（判定に使った画素 234）。位置合わせ IoU 0.863（4パラメータ）
TRACE_YOK:14104167002,14104167002,FAC_YOK_NISHIYA,1.0,medium,2026-04-01,,DOC_YOK_SUISHITSU_R8,令和8年度水質検査計画 p11「各水源の主な給水区域」図からのラスタ読み取り。相模川系統（西谷浄水場系）。図は「主な給水区域」であり町丁目単位の断定ではない。純度 100%（判定に使った画素 161）。位置合わせ IoU 0.863（4パラメータ）
TRACE_YOK:14104167003,14104167003,FAC_YOK_NISHIYA,1.0,medium,2026-04-01,,DOC_YOK_SUISHITSU_R8,令和8年度水質検査計画 p11「各水源の主な給水区域」図からのラスタ読み取り。相模川系統（西谷浄水場系）。図は「主な給水区域」であり町丁目単位の断定ではない。純度 100%（判定に使った画素 169）。位置合わせ IoU 0.863（4パラメータ）
TRACE_YOK:14104167004,14104167004,FAC_YOK_NISHIYA,1.0,medium,2026-04-01,,DOC_YOK_SUISHITSU_R8,令和8年度水質検査計画 p11「各水源の主な給水区域」図からのラスタ読み取り。相模川系統（西谷浄水場系）。図は「主な給水区域」であり町丁目単位の断定ではない。純度 100%（判定に使った画素 196）。位置合わせ IoU 0.863（4パラメータ）
TRACE_YOK:14104167005,14104167005,FAC_YOK_NISHIYA,1.0,medium,2026-04-01,,DOC_YOK_SUISHITSU_R8,令和8年度水質検査計画 p11「各水源の主な給水区域」図からのラスタ読み取り。相模川系統（西谷浄水場系）。図は「主な給水区域」であり町丁目単位の断定ではない。純度 100%（判定に使った画素 338）。位置合わせ IoU 0.863（4パラメータ）
TRACE_YOK:14104167006,14104167006,FAC_YOK_NISHIYA,1.0,medium,2026-04-01,,DOC_YOK_SUISHITSU_R8,令和8年度水質検査計画 p11「各水源の主な給水区域」図からのラスタ読み取り。相模川系統（西谷浄水場系）。図は「主な給水区域」であり町丁目単位の断定ではない。純度 100%（判定に使った画素 117）。位置合わせ IoU 0.863（4パラメータ）
TRACE_YOK:14104167007,14104167007,FAC_YOK_NISHIYA,1.0,medium,2026-04-01,,DOC_YOK_SUISHITSU_R8,令和8年度水質検査計画 p11「各水源の主な給水区域」図からのラスタ読み取り。相模川系統（西谷浄水場系）。図は「主な給水区域」であり町丁目単位の断定ではない。純度 100%（判定に使った画素 36）。位置合わせ IoU 0.863（4パラメータ）
TRACE_YOK:14104167008,14104167008,FAC_YOK_NISHIYA,1.0,medium,2026-04-01,,DOC_YOK_SUISHITSU_R8,令和8年度水質検査計画 p11「各水源の主な給水区域」図からのラスタ読み取り。相模川系統（西谷浄水場系）。図は「主な給水区域」であり町丁目単位の断定ではない。純度 100%（判定に使った画素 220）。位置合わせ IoU 0.863（4パラメータ）
TRACE_YOK:14104167009,14104167009,FAC_YOK_NISHIYA,1.0,medium,2026-04-01,,DOC_YOK_SUISHITSU_R8,令和8年度水質検査計画 p11「各水源の主な給水区域」図からのラスタ読み取り。相模川系統（西谷浄水場系）。図は「主な給水区域」であり町丁目単位の断定ではない。純度 100%（判定に使った画素 335）。位置合わせ IoU 0.863（4パラメータ）
TRACE_YOK:141041760,141041760,FAC_YOK_NISHIYA,1.0,medium,2026-04-01,,DOC_YOK_SUISHITSU_R8,令和8年度水質検査計画 p11「各水源の主な給水区域」図からのラスタ読み取り。相模川系統（西谷浄水場系）。図は「主な給水区域」であり町丁目単位の断定ではない。純度 100%（判定に使った画素 170）。位置合わせ IoU 0.863（4パラメータ）
TRACE_YOK:141041770,141041770,FAC_YOK_NISHIYA,1.0,medium,2026-04-01,,DOC_YOK_SUISHITSU_R8,令和8年度水質検査計画 p11「各水源の主な給水区域」図からのラスタ読み取り。相模川系統（西谷浄水場系）。図は「主な給水区域」であり町丁目単位の断定ではない。純度 100%（判定に使った画素 229）。位置合わせ IoU 0.863（4パラメータ）
TRACE_YOK:141041780,141041780,FAC_YOK_NISHIYA,1.0,medium,2026-04-01,,DOC_YOK_SUISHITSU_R8,令和8年度水質検査計画 p11「各水源の主な給水区域」図からのラスタ読み取り。相模川系統（西谷浄水場系）。図は「主な給水区域」であり町丁目単位の断定ではない。純度 100%（判定に使った画素 477）。位置合わせ IoU 0.863（4パラメータ）
TRACE_YOK:141041790,141041790,FAC_YOK_NISHIYA,1.0,medium,2026-04-01,,DOC_YOK_SUISHITSU_R8,令和8年度水質検査計画 p11「各水源の主な給水区域」図からのラスタ読み取り。相模川系統（西谷浄水場系）。図は「主な給水区域」であり町丁目単位の断定ではない。純度 100%（判定に使った画素 148）。位置合わせ IoU 0.863（4パラメータ）
TRACE_YOK:141041800,141041800,FAC_YOK_NISHIYA,1.0,medium,2026-04-01,,DOC_YOK_SUISHITSU_R8,令和8年度水質検査計画 p11「各水源の主な給水区域」図からのラスタ読み取り。相模川系統（西谷浄水場系）。図は「主な給水区域」であり町丁目単位の断定ではない。純度 100%（判定に使った画素 222）。位置合わせ IoU 0.863（4パラメータ）
TRACE_YOK:14104181001,14104181001,FAC_KGD_AYASE,1.0,low,2026-04-01,,DOC_YOK_SUISHITSU_R8,令和8年度水質検査計画 p11「各水源の主な給水区域」図からのラスタ読み取り。企業団相模川系統（綾瀬浄水場系）。図は「主な給水区域」であり町丁目単位の断定ではない。純度 59%（判定に使った画素 287）。位置合わせ IoU 0.863（4パラメータ）
TRACE_YOK:14104181002,14104181002,FAC_KGD_AYASE,1.0,low,2026-04-01,,DOC_YOK_SUISHITSU_R8,令和8年度水質検査計画 p11「各水源の主な給水区域」図からのラスタ読み取り。企業団相模川系統（綾瀬浄水場系）。図は「主な給水区域」であり町丁目単位の断定ではない。純度 59%（判定に使った画素 200）。位置合わせ IoU 0.863（4パラメータ）
TRACE_YOK:14104181003,14104181003,FAC_YOK_NISHIYA,1.0,low,2026-04-01,,DOC_YOK_SUISHITSU_R8,令和8年度水質検査計画 p11「各水源の主な給水区域」図からのラスタ読み取り。相模川系統（西谷浄水場系）。図は「主な給水区域」であり町丁目単位の断定ではない。純度 50%（判定に使った画素 316）。位置合わせ IoU 0.863（4パラメータ）
TRACE_YOK:14104181004,14104181004,FAC_KGD_AYASE,1.0,low,2026-04-01,,DOC_YOK_SUISHITSU_R8,令和8年度水質検査計画 p11「各水源の主な給水区域」図からのラスタ読み取り。企業団相模川系統（綾瀬浄水場系）。図は「主な給水区域」であり町丁目単位の断定ではない。純度 67%（判定に使った画素 79）。位置合わせ IoU 0.863（4パラメータ）
TRACE_YOK:14104181005,14104181005,FAC_YOK_NISHIYA,1.0,low,2026-04-01,,DOC_YOK_SUISHITSU_R8,令和8年度水質検査計画 p11「各水源の主な給水区域」図からのラスタ読み取り。相模川系統（西谷浄水場系）。図は「主な給水区域」であり町丁目単位の断定ではない。純度 73%（判定に使った画素 423）。位置合わせ IoU 0.863（4パラメータ）
TRACE_YOK:141041860,141041860,FAC_YOK_NISHIYA,1.0,low,2026-04-01,,DOC_YOK_SUISHITSU_R8,令和8年度水質検査計画 p11「各水源の主な給水区域」図からのラスタ読み取り。相模川系統（西谷浄水場系）。図は「主な給水区域」であり町丁目単位の断定ではない。純度 67%（判定に使った画素 6182）。位置合わせ IoU 0.863（4パラメータ）
TRACE_YOK:141041870,141041870,FAC_KGD_AYASE,1.0,low,2026-04-01,,DOC_YOK_SUISHITSU_R8,令和8年度水質検査計画 p11「各水源の主な給水区域」図からのラスタ読み取り。企業団相模川系統（綾瀬浄水場系）。図は「主な給水区域」であり町丁目単位の断定ではない。純度 67%（判定に使った画素 167）。位置合わせ IoU 0.863（4パラメータ）
TRACE_YOK:141041880,141041880,FAC_YOK_NISHIYA,1.0,medium,2026-04-01,,DOC_YOK_SUISHITSU_R8,令和8年度水質検査計画 p11「各水源の主な給水区域」図からのラスタ読み取り。相模川系統（西谷浄水場系）。図は「主な給水区域」であり町丁目単位の断定ではない。純度 98%（判定に使った画素 485）。位置合わせ IoU 0.863（4パラメータ）
TRACE_YOK:14104189001,14104189001,FAC_YOK_NISHIYA,1.0,medium,2026-04-01,,DOC_YOK_SUISHITSU_R8,令和8年度水質検査計画 p11「各水源の主な給水区域」図からのラスタ読み取り。相模川系統（西谷浄水場系）。図は「主な給水区域」であり町丁目単位の断定ではない。純度 100%（判定に使った画素 262）。位置合わせ IoU 0.863（4パラメータ）
TRACE_YOK:14104189002,14104189002,FAC_YOK_NISHIYA,1.0,medium,2026-04-01,,DOC_YOK_SUISHITSU_R8,令和8年度水質検査計画 p11「各水源の主な給水区域」図からのラスタ読み取り。相模川系統（西谷浄水場系）。図は「主な給水区域」であり町丁目単位の断定ではない。純度 100%（判定に使った画素 146）。位置合わせ IoU 0.863（4パラメータ）
TRACE_YOK:14104189003,14104189003,FAC_YOK_NISHIYA,1.0,medium,2026-04-01,,DOC_YOK_SUISHITSU_R8,令和8年度水質検査計画 p11「各水源の主な給水区域」図からのラスタ読み取り。相模川系統（西谷浄水場系）。図は「主な給水区域」であり町丁目単位の断定ではない。純度 100%（判定に使った画素 151）。位置合わせ IoU 0.863（4パラメータ）
TRACE_YOK:14104189004,14104189004,FAC_YOK_NISHIYA,1.0,medium,2026-04-01,,DOC_YOK_SUISHITSU_R8,令和8年度水質検査計画 p11「各水源の主な給水区域」図からのラスタ読み取り。相模川系統（西谷浄水場系）。図は「主な給水区域」であり町丁目単位の断定ではない。純度 100%（判定に使った画素 178）。位置合わせ IoU 0.863（4パラメータ）
TRACE_YOK:14104193001,14104193001,FAC_YOK_NISHIYA,1.0,medium,2026-04-01,,DOC_YOK_SUISHITSU_R8,令和8年度水質検査計画 p11「各水源の主な給水区域」図からのラスタ読み取り。相模川系統（西谷浄水場系）。図は「主な給水区域」であり町丁目単位の断定ではない。純度 100%（判定に使った画素 348）。位置合わせ IoU 0.863（4パラメータ）
TRACE_YOK:14104193002,14104193002,FAC_YOK_NISHIYA,1.0,low,2026-04-01,,DOC_YOK_SUISHITSU_R8,令和8年度水質検査計画 p11「各水源の主な給水区域」図からのラスタ読み取り。相模川系統（西谷浄水場系）。図は「主な給水区域」であり町丁目単位の断定ではない。純度 90%（判定に使った画素 267）。位置合わせ IoU 0.863（4パラメータ）
TRACE_YOK:14104193003,14104193003,FAC_YOK_NISHIYA,1.0,medium,2026-04-01,,DOC_YOK_SUISHITSU_R8,令和8年度水質検査計画 p11「各水源の主な給水区域」図からのラスタ読み取り。相模川系統（西谷浄水場系）。図は「主な給水区域」であり町丁目単位の断定ではない。純度 100%（判定に使った画素 146）。位置合わせ IoU 0.863（4パラメータ）
TRACE_YOK:14104193004,14104193004,FAC_YOK_NISHIYA,1.0,low,2026-04-01,,DOC_YOK_SUISHITSU_R8,令和8年度水質検査計画 p11「各水源の主な給水区域」図からのラスタ読み取り。相模川系統（西谷浄水場系）。図は「主な給水区域」であり町丁目単位の断定ではない。純度 53%（判定に使った画素 150）。位置合わせ IoU 0.863（4パラメータ）
TRACE_YOK:14104197001,14104197001,FAC_YOK_NISHIYA,1.0,low,2026-04-01,,DOC_YOK_SUISHITSU_R8,令和8年度水質検査計画 p11「各水源の主な給水区域」図からのラスタ読み取り。相模川系統（西谷浄水場系）。図は「主な給水区域」であり町丁目単位の断定ではない。純度 94%（判定に使った画素 292）。位置合わせ IoU 0.863（4パラメータ）
TRACE_YOK:14104197002,14104197002,FAC_YOK_NISHIYA,1.0,low,2026-04-01,,DOC_YOK_SUISHITSU_R8,令和8年度水質検査計画 p11「各水源の主な給水区域」図からのラスタ読み取り。相模川系統（西谷浄水場系）。図は「主な給水区域」であり町丁目単位の断定ではない。純度 79%（判定に使った画素 261）。位置合わせ IoU 0.863（4パラメータ）
TRACE_YOK:14104197003,14104197003,FAC_YOK_NISHIYA,1.0,low,2026-04-01,,DOC_YOK_SUISHITSU_R8,令和8年度水質検査計画 p11「各水源の主な給水区域」図からのラスタ読み取り。相模川系統（西谷浄水場系）。図は「主な給水区域」であり町丁目単位の断定ではない。純度 57%（判定に使った画素 153）。位置合わせ IoU 0.863（4パラメータ）
TRACE_YOK:14104197004,14104197004,FAC_KGD_AYASE,1.0,low,2026-04-01,,DOC_YOK_SUISHITSU_R8,令和8年度水質検査計画 p11「各水源の主な給水区域」図からのラスタ読み取り。企業団相模川系統（綾瀬浄水場系）。図は「主な給水区域」であり町丁目単位の断定ではない。純度 90%（判定に使った画素 111）。位置合わせ IoU 0.863（4パラメータ）
TRACE_YOK:14104201001,14104201001,FAC_YOK_NISHIYA,1.0,low,2026-04-01,,DOC_YOK_SUISHITSU_R8,令和8年度水質検査計画 p11「各水源の主な給水区域」図からのラスタ読み取り。相模川系統（西谷浄水場系）。図は「主な給水区域」であり町丁目単位の断定ではない。純度 69%（判定に使った画素 422）。位置合わせ IoU 0.863（4パラメータ）
TRACE_YOK:14104201002,14104201002,FAC_YOK_NISHIYA,1.0,medium,2026-04-01,,DOC_YOK_SUISHITSU_R8,令和8年度水質検査計画 p11「各水源の主な給水区域」図からのラスタ読み取り。相模川系統（西谷浄水場系）。図は「主な給水区域」であり町丁目単位の断定ではない。純度 100%（判定に使った画素 267）。位置合わせ IoU 0.863（4パラメータ）
TRACE_YOK:14104203001,14104203001,FAC_YOK_NISHIYA,1.0,low,2026-04-01,,DOC_YOK_SUISHITSU_R8,令和8年度水質検査計画 p11「各水源の主な給水区域」図からのラスタ読み取り。相模川系統（西谷浄水場系）。図は「主な給水区域」であり町丁目単位の断定ではない。純度 92%（判定に使った画素 815）。位置合わせ IoU 0.863（4パラメータ）
TRACE_YOK:14104203002,14104203002,FAC_YOK_NISHIYA,1.0,medium,2026-04-01,,DOC_YOK_SUISHITSU_R8,令和8年度水質検査計画 p11「各水源の主な給水区域」図からのラスタ読み取り。相模川系統（西谷浄水場系）。図は「主な給水区域」であり町丁目単位の断定ではない。純度 100%（判定に使った画素 484）。位置合わせ IoU 0.863（4パラメータ）
TRACE_YOK:14104203003,14104203003,FAC_YOK_NISHIYA,1.0,medium,2026-04-01,,DOC_YOK_SUISHITSU_R8,令和8年度水質検査計画 p11「各水源の主な給水区域」図からのラスタ読み取り。相模川系統（西谷浄水場系）。図は「主な給水区域」であり町丁目単位の断定ではない。純度 100%（判定に使った画素 240）。位置合わせ IoU 0.863（4パラメータ）
TRACE_YOK:14104206001,14104206001,FAC_KGD_AYASE,1.0,low,2026-04-01,,DOC_YOK_SUISHITSU_R8,令和8年度水質検査計画 p11「各水源の主な給水区域」図からのラスタ読み取り。企業団相模川系統（綾瀬浄水場系）。図は「主な給水区域」であり町丁目単位の断定ではない。純度 84%（判定に使った画素 51）。位置合わせ IoU 0.863（4パラメータ）
TRACE_YOK:14104206002,14104206002,FAC_YOK_NISHIYA,1.0,medium,2026-04-01,,DOC_YOK_SUISHITSU_R8,令和8年度水質検査計画 p11「各水源の主な給水区域」図からのラスタ読み取り。相模川系統（西谷浄水場系）。図は「主な給水区域」であり町丁目単位の断定ではない。純度 100%（判定に使った画素 1）。位置合わせ IoU 0.863（4パラメータ）
TRACE_YOK:14104206003,14104206003,FAC_YOK_NISHIYA,1.0,low,2026-04-01,,DOC_YOK_SUISHITSU_R8,令和8年度水質検査計画 p11「各水源の主な給水区域」図からのラスタ読み取り。相模川系統（西谷浄水場系）。図は「主な給水区域」であり町丁目単位の断定ではない。純度 77%（判定に使った画素 920）。位置合わせ IoU 0.863（4パラメータ）
TRACE_YOK:14104209001,14104209001,FAC_YOK_NISHIYA,1.0,low,2026-04-01,,DOC_YOK_SUISHITSU_R8,令和8年度水質検査計画 p11「各水源の主な給水区域」図からのラスタ読み取り。相模川系統（西谷浄水場系）。図は「主な給水区域」であり町丁目単位の断定ではない。純度 82%（判定に使った画素 1277）。位置合わせ IoU 0.863（4パラメータ）
TRACE_YOK:14104209002,14104209002,FAC_YOK_NISHIYA,1.0,medium,2026-04-01,,DOC_YOK_SUISHITSU_R8,令和8年度水質検査計画 p11「各水源の主な給水区域」図からのラスタ読み取り。相模川系統（西谷浄水場系）。図は「主な給水区域」であり町丁目単位の断定ではない。純度 100%（判定に使った画素 2006）。位置合わせ IoU 0.863（4パラメータ）
TRACE_YOK:141042130,141042130,FAC_YOK_NISHIYA,1.0,low,2026-04-01,,DOC_YOK_SUISHITSU_R8,令和8年度水質検査計画 p11「各水源の主な給水区域」図からのラスタ読み取り。相模川系統（西谷浄水場系）。図は「主な給水区域」であり町丁目単位の断定ではない。純度 90%（判定に使った画素 12041）。位置合わせ IoU 0.863（4パラメータ）
TRACE_YOK:141042140,141042140,FAC_YOK_NISHIYA,1.0,low,2026-04-01,,DOC_YOK_SUISHITSU_R8,令和8年度水質検査計画 p11「各水源の主な給水区域」図からのラスタ読み取り。相模川系統（西谷浄水場系）。図は「主な給水区域」であり町丁目単位の断定ではない。純度 91%（判定に使った画素 21214）。位置合わせ IoU 0.863（4パラメータ）
TRACE_YOK:141042150,141042150,FAC_YOK_NISHIYA,1.0,low,2026-04-01,,DOC_YOK_SUISHITSU_R8,令和8年度水質検査計画 p11「各水源の主な給水区域」図からのラスタ読み取り。相模川系統（西谷浄水場系）。図は「主な給水区域」であり町丁目単位の断定ではない。純度 85%（判定に使った画素 2118）。位置合わせ IoU 0.863（4パラメータ）
TRACE_YOK:141042160,141042160,FAC_YOK_NISHIYA,1.0,medium,2026-04-01,,DOC_YOK_SUISHITSU_R8,令和8年度水質検査計画 p11「各水源の主な給水区域」図からのラスタ読み取り。相模川系統（西谷浄水場系）。図は「主な給水区域」であり町丁目単位の断定ではない。純度 100%（判定に使った画素 1006）。位置合わせ IoU 0.863（4パラメータ）
TRACE_YOK:141042170,141042170,FAC_YOK_NISHIYA,1.0,medium,2026-04-01,,DOC_YOK_SUISHITSU_R8,令和8年度水質検査計画 p11「各水源の主な給水区域」図からのラスタ読み取り。相模川系統（西谷浄水場系）。図は「主な給水区域」であり町丁目単位の断定ではない。純度 97%（判定に使った画素 1938）。位置合わせ IoU 0.863（4パラメータ）
TRACE_YOK:141042180,141042180,FAC_YOK_NISHIYA,1.0,medium,2026-04-01,,DOC_YOK_SUISHITSU_R8,令和8年度水質検査計画 p11「各水源の主な給水区域」図からのラスタ読み取り。相模川系統（西谷浄水場系）。図は「主な給水区域」であり町丁目単位の断定ではない。純度 98%（判定に使った画素 1223）。位置合わせ IoU 0.863（4パラメータ）
TRACE_YOK:141042190,141042190,FAC_YOK_NISHIYA,1.0,low,2026-04-01,,DOC_YOK_SUISHITSU_R8,令和8年度水質検査計画 p11「各水源の主な給水区域」図からのラスタ読み取り。相模川系統（西谷浄水場系）。図は「主な給水区域」であり町丁目単位の断定ではない。純度 81%（判定に使った画素 997）。位置合わせ IoU 0.863（4パラメータ）
TRACE_YOK:141042200,141042200,FAC_YOK_NISHIYA,1.0,low,2026-04-01,,DOC_YOK_SUISHITSU_R8,令和8年度水質検査計画 p11「各水源の主な給水区域」図からのラスタ読み取り。相模川系統（西谷浄水場系）。図は「主な給水区域」であり町丁目単位の断定ではない。純度 79%（判定に使った画素 1019）。位置合わせ IoU 0.863（4パラメータ）
TRACE_YOK:141042210,141042210,FAC_YOK_NISHIYA,1.0,low,2026-04-01,,DOC_YOK_SUISHITSU_R8,令和8年度水質検査計画 p11「各水源の主な給水区域」図からのラスタ読み取り。相模川系統（西谷浄水場系）。図は「主な給水区域」であり町丁目単位の断定ではない。純度 62%（判定に使った画素 514）。位置合わせ IoU 0.863（4パラメータ）
TRACE_YOK:141042220,141042220,FAC_YOK_NISHIYA,1.0,medium,2026-04-01,,DOC_YOK_SUISHITSU_R8,令和8年度水質検査計画 p11「各水源の主な給水区域」図からのラスタ読み取り。相模川系統（西谷浄水場系）。図は「主な給水区域」であり町丁目単位の断定ではない。純度 96%（判定に使った画素 2063）。位置合わせ IoU 0.863（4パラメータ）
TRACE_YOK:141042230,141042230,FAC_YOK_NISHIYA,1.0,medium,2026-04-01,,DOC_YOK_SUISHITSU_R8,令和8年度水質検査計画 p11「各水源の主な給水区域」図からのラスタ読み取り。相模川系統（西谷浄水場系）。図は「主な給水区域」であり町丁目単位の断定ではない。純度 100%（判定に使った画素 4021）。位置合わせ IoU 0.863（4パラメータ）
TRACE_YOK:141042240,141042240,FAC_YOK_NISHIYA,1.0,medium,2026-04-01,,DOC_YOK_SUISHITSU_R8,令和8年度水質検査計画 p11「各水源の主な給水区域」図からのラスタ読み取り。相模川系統（西谷浄水場系）。図は「主な給水区域」であり町丁目単位の断定ではない。純度 100%（判定に使った画素 830）。位置合わせ IoU 0.863（4パラメータ）
TRACE_YOK:141042250,141042250,FAC_YOK_NISHIYA,1.0,medium,2026-04-01,,DOC_YOK_SUISHITSU_R8,令和8年度水質検査計画 p11「各水源の主な給水区域」図からのラスタ読み取り。相模川系統（西谷浄水場系）。図は「主な給水区域」であり町丁目単位の断定ではない。純度 100%（判定に使った画素 2360）。位置合わせ IoU 0.863（4パラメータ）
TRACE_YOK:141042260,141042260,FAC_YOK_NISHIYA,1.0,medium,2026-04-01,,DOC_YOK_SUISHITSU_R8,令和8年度水質検査計画 p11「各水源の主な給水区域」図からのラスタ読み取り。相模川系統（西谷浄水場系）。図は「主な給水区域」であり町丁目単位の断定ではない。純度 100%（判定に使った画素 8290）。位置合わせ IoU 0.863（4パラメータ）
TRACE_YOK:141042271,141042271,FAC_YOK_NISHIYA,1.0,medium,2026-04-01,,DOC_YOK_SUISHITSU_R8,令和8年度水質検査計画 p11「各水源の主な給水区域」図からのラスタ読み取り。相模川系統（西谷浄水場系）。図は「主な給水区域」であり町丁目単位の断定ではない。純度 100%（判定に使った画素 3317）。位置合わせ IoU 0.863（4パラメータ）
TRACE_YOK:141042290,141042290,FAC_YOK_NISHIYA,1.0,medium,2026-04-01,,DOC_YOK_SUISHITSU_R8,令和8年度水質検査計画 p11「各水源の主な給水区域」図からのラスタ読み取り。相模川系統（西谷浄水場系）。図は「主な給水区域」であり町丁目単位の断定ではない。純度 100%（判定に使った画素 1158）。位置合わせ IoU 0.863（4パラメータ）
TRACE_YOK:141042300,141042300,FAC_YOK_NISHIYA,1.0,medium,2026-04-01,,DOC_YOK_SUISHITSU_R8,令和8年度水質検査計画 p11「各水源の主な給水区域」図からのラスタ読み取り。相模川系統（西谷浄水場系）。図は「主な給水区域」であり町丁目単位の断定ではない。純度 98%（判定に使った画素 2115）。位置合わせ IoU 0.863（4パラメータ）
TRACE_YOK:141042310,141042310,FAC_YOK_NISHIYA,1.0,medium,2026-04-01,,DOC_YOK_SUISHITSU_R8,令和8年度水質検査計画 p11「各水源の主な給水区域」図からのラスタ読み取り。相模川系統（西谷浄水場系）。図は「主な給水区域」であり町丁目単位の断定ではない。純度 100%（判定に使った画素 908）。位置合わせ IoU 0.863（4パラメータ）
TRACE_YOK:141042320,141042320,FAC_YOK_NISHIYA,1.0,medium,2026-04-01,,DOC_YOK_SUISHITSU_R8,令和8年度水質検査計画 p11「各水源の主な給水区域」図からのラスタ読み取り。相模川系統（西谷浄水場系）。図は「主な給水区域」であり町丁目単位の断定ではない。純度 100%（判定に使った画素 1755）。位置合わせ IoU 0.863（4パラメータ）
TRACE_YOK:141042330,141042330,FAC_YOK_NISHIYA,1.0,medium,2026-04-01,,DOC_YOK_SUISHITSU_R8,令和8年度水質検査計画 p11「各水源の主な給水区域」図からのラスタ読み取り。相模川系統（西谷浄水場系）。図は「主な給水区域」であり町丁目単位の断定ではない。純度 100%（判定に使った画素 1149）。位置合わせ IoU 0.863（4パラメータ）
TRACE_YOK:14104234001,14104234001,FAC_YOK_NISHIYA,1.0,medium,2026-04-01,,DOC_YOK_SUISHITSU_R8,令和8年度水質検査計画 p11「各水源の主な給水区域」図からのラスタ読み取り。相模川系統（西谷浄水場系）。図は「主な給水区域」であり町丁目単位の断定ではない。純度 100%（判定に使った画素 298）。位置合わせ IoU 0.863（4パラメータ）
TRACE_YOK:14104234002,14104234002,FAC_YOK_NISHIYA,1.0,medium,2026-04-01,,DOC_YOK_SUISHITSU_R8,令和8年度水質検査計画 p11「各水源の主な給水区域」図からのラスタ読み取り。相模川系統（西谷浄水場系）。図は「主な給水区域」であり町丁目単位の断定ではない。純度 100%（判定に使った画素 380）。位置合わせ IoU 0.863（4パラメータ）
TRACE_YOK:141042360,141042360,FAC_YOK_NISHIYA,1.0,medium,2026-04-01,,DOC_YOK_SUISHITSU_R8,令和8年度水質検査計画 p11「各水源の主な給水区域」図からのラスタ読み取り。相模川系統（西谷浄水場系）。図は「主な給水区域」であり町丁目単位の断定ではない。純度 100%（判定に使った画素 1014）。位置合わせ IoU 0.863（4パラメータ）
TRACE_YOK:141042370,141042370,FAC_YOK_NISHIYA,1.0,medium,2026-04-01,,DOC_YOK_SUISHITSU_R8,令和8年度水質検査計画 p11「各水源の主な給水区域」図からのラスタ読み取り。相模川系統（西谷浄水場系）。図は「主な給水区域」であり町丁目単位の断定ではない。純度 98%（判定に使った画素 1565）。位置合わせ IoU 0.863（4パラメータ）
TRACE_YOK:141042380,141042380,FAC_YOK_NISHIYA,1.0,medium,2026-04-01,,DOC_YOK_SUISHITSU_R8,令和8年度水質検査計画 p11「各水源の主な給水区域」図からのラスタ読み取り。相模川系統（西谷浄水場系）。図は「主な給水区域」であり町丁目単位の断定ではない。純度 100%（判定に使った画素 800）。位置合わせ IoU 0.863（4パラメータ）
TRACE_YOK:14104239001,14104239001,FAC_YOK_NISHIYA,1.0,medium,2026-04-01,,DOC_YOK_SUISHITSU_R8,令和8年度水質検査計画 p11「各水源の主な給水区域」図からのラスタ読み取り。相模川系統（西谷浄水場系）。図は「主な給水区域」であり町丁目単位の断定ではない。純度 100%（判定に使った画素 335）。位置合わせ IoU 0.863（4パラメータ）
TRACE_YOK:14104239002,14104239002,FAC_YOK_NISHIYA,1.0,medium,2026-04-01,,DOC_YOK_SUISHITSU_R8,令和8年度水質検査計画 p11「各水源の主な給水区域」図からのラスタ読み取り。相模川系統（西谷浄水場系）。図は「主な給水区域」であり町丁目単位の断定ではない。純度 100%（判定に使った画素 334）。位置合わせ IoU 0.863（4パラメータ）
TRACE_YOK:14104239003,14104239003,FAC_YOK_NISHIYA,1.0,medium,2026-04-01,,DOC_YOK_SUISHITSU_R8,令和8年度水質検査計画 p11「各水源の主な給水区域」図からのラスタ読み取り。相模川系統（西谷浄水場系）。図は「主な給水区域」であり町丁目単位の断定ではない。純度 100%（判定に使った画素 335）。位置合わせ IoU 0.863（4パラメータ）
TRACE_YOK:14104239004,14104239004,FAC_YOK_NISHIYA,1.0,medium,2026-04-01,,DOC_YOK_SUISHITSU_R8,令和8年度水質検査計画 p11「各水源の主な給水区域」図からのラスタ読み取り。相模川系統（西谷浄水場系）。図は「主な給水区域」であり町丁目単位の断定ではない。純度 100%（判定に使った画素 295）。位置合わせ IoU 0.863（4パラメータ）
TRACE_YOK:14104239005,14104239005,FAC_YOK_NISHIYA,1.0,medium,2026-04-01,,DOC_YOK_SUISHITSU_R8,令和8年度水質検査計画 p11「各水源の主な給水区域」図からのラスタ読み取り。相模川系統（西谷浄水場系）。図は「主な給水区域」であり町丁目単位の断定ではない。純度 100%（判定に使った画素 581）。位置合わせ IoU 0.863（4パラメータ）
TRACE_YOK:141042440,141042440,FAC_YOK_NISHIYA,1.0,medium,2026-04-01,,DOC_YOK_SUISHITSU_R8,令和8年度水質検査計画 p11「各水源の主な給水区域」図からのラスタ読み取り。相模川系統（西谷浄水場系）。図は「主な給水区域」であり町丁目単位の断定ではない。純度 100%（判定に使った画素 587）。位置合わせ IoU 0.863（4パラメータ）
TRACE_YOK:141042450,141042450,FAC_YOK_NISHIYA,1.0,medium,2026-04-01,,DOC_YOK_SUISHITSU_R8,令和8年度水質検査計画 p11「各水源の主な給水区域」図からのラスタ読み取り。相模川系統（西谷浄水場系）。図は「主な給水区域」であり町丁目単位の断定ではない。純度 100%（判定に使った画素 1008）。位置合わせ IoU 0.863（4パラメータ）
TRACE_YOK:141042460,141042460,FAC_YOK_NISHIYA,1.0,medium,2026-04-01,,DOC_YOK_SUISHITSU_R8,令和8年度水質検査計画 p11「各水源の主な給水区域」図からのラスタ読み取り。相模川系統（西谷浄水場系）。図は「主な給水区域」であり町丁目単位の断定ではない。純度 100%（判定に使った画素 2156）。位置合わせ IoU 0.863（4パラメータ）
TRACE_YOK:141042470,141042470,FAC_YOK_NISHIYA,1.0,medium,2026-04-01,,DOC_YOK_SUISHITSU_R8,令和8年度水質検査計画 p11「各水源の主な給水区域」図からのラスタ読み取り。相模川系統（西谷浄水場系）。図は「主な給水区域」であり町丁目単位の断定ではない。純度 100%（判定に使った画素 1239）。位置合わせ IoU 0.863（4パラメータ）
TRACE_YOK:141042480,141042480,FAC_YOK_NISHIYA,1.0,medium,2026-04-01,,DOC_YOK_SUISHITSU_R8,令和8年度水質検査計画 p11「各水源の主な給水区域」図からのラスタ読み取り。相模川系統（西谷浄水場系）。図は「主な給水区域」であり町丁目単位の断定ではない。純度 100%（判定に使った画素 1496）。位置合わせ IoU 0.863（4パラメータ）
TRACE_YOK:141042490,141042490,FAC_YOK_NISHIYA,1.0,medium,2026-04-01,,DOC_YOK_SUISHITSU_R8,令和8年度水質検査計画 p11「各水源の主な給水区域」図からのラスタ読み取り。相模川系統（西谷浄水場系）。図は「主な給水区域」であり町丁目単位の断定ではない。純度 100%（判定に使った画素 1208）。位置合わせ IoU 0.863（4パラメータ）
TRACE_YOK:141042500,141042500,FAC_YOK_NISHIYA,1.0,medium,2026-04-01,,DOC_YOK_SUISHITSU_R8,令和8年度水質検査計画 p11「各水源の主な給水区域」図からのラスタ読み取り。相模川系統（西谷浄水場系）。図は「主な給水区域」であり町丁目単位の断定ではない。純度 100%（判定に使った画素 1440）。位置合わせ IoU 0.863（4パラメータ）
TRACE_YOK:141042510,141042510,FAC_YOK_NISHIYA,1.0,medium,2026-04-01,,DOC_YOK_SUISHITSU_R8,令和8年度水質検査計画 p11「各水源の主な給水区域」図からのラスタ読み取り。相模川系統（西谷浄水場系）。図は「主な給水区域」であり町丁目単位の断定ではない。純度 99%（判定に使った画素 1353）。位置合わせ IoU 0.863（4パラメータ）
TRACE_YOK:141042520,141042520,FAC_YOK_NISHIYA,1.0,medium,2026-04-01,,DOC_YOK_SUISHITSU_R8,令和8年度水質検査計画 p11「各水源の主な給水区域」図からのラスタ読み取り。相模川系統（西谷浄水場系）。図は「主な給水区域」であり町丁目単位の断定ではない。純度 100%（判定に使った画素 1365）。位置合わせ IoU 0.863（4パラメータ）
TRACE_YOK:141042530,141042530,FAC_YOK_NISHIYA,1.0,medium,2026-04-01,,DOC_YOK_SUISHITSU_R8,令和8年度水質検査計画 p11「各水源の主な給水区域」図からのラスタ読み取り。相模川系統（西谷浄水場系）。図は「主な給水区域」であり町丁目単位の断定ではない。純度 98%（判定に使った画素 973）。位置合わせ IoU 0.863（4パラメータ）
TRACE_YOK:141042540,141042540,FAC_YOK_NISHIYA,1.0,medium,2026-04-01,,DOC_YOK_SUISHITSU_R8,令和8年度水質検査計画 p11「各水源の主な給水区域」図からのラスタ読み取り。相模川系統（西谷浄水場系）。図は「主な給水区域」であり町丁目単位の断定ではない。純度 100%（判定に使った画素 2315）。位置合わせ IoU 0.863（4パラメータ）
TRACE_YOK:141042550,141042550,FAC_YOK_NISHIYA,1.0,medium,2026-04-01,,DOC_YOK_SUISHITSU_R8,令和8年度水質検査計画 p11「各水源の主な給水区域」図からのラスタ読み取り。相模川系統（西谷浄水場系）。図は「主な給水区域」であり町丁目単位の断定ではない。純度 100%（判定に使った画素 828）。位置合わせ IoU 0.863（4パラメータ）
TRACE_YOK:141042560,141042560,FAC_YOK_NISHIYA,1.0,medium,2026-04-01,,DOC_YOK_SUISHITSU_R8,令和8年度水質検査計画 p11「各水源の主な給水区域」図からのラスタ読み取り。相模川系統（西谷浄水場系）。図は「主な給水区域」であり町丁目単位の断定ではない。純度 100%（判定に使った画素 586）。位置合わせ IoU 0.863（4パラメータ）
TRACE_YOK:14104257001,14104257001,FAC_YOK_NISHIYA,1.0,medium,2026-04-01,,DOC_YOK_SUISHITSU_R8,令和8年度水質検査計画 p11「各水源の主な給水区域」図からのラスタ読み取り。相模川系統（西谷浄水場系）。図は「主な給水区域」であり町丁目単位の断定ではない。純度 100%（判定に使った画素 338）。位置合わせ IoU 0.863（4パラメータ）
TRACE_YOK:14104257002,14104257002,FAC_YOK_NISHIYA,1.0,medium,2026-04-01,,DOC_YOK_SUISHITSU_R8,令和8年度水質検査計画 p11「各水源の主な給水区域」図からのラスタ読み取り。相模川系統（西谷浄水場系）。図は「主な給水区域」であり町丁目単位の断定ではない。純度 100%（判定に使った画素 800）。位置合わせ IoU 0.863（4パラメータ）
TRACE_YOK:14104257003,14104257003,FAC_YOK_NISHIYA,1.0,medium,2026-04-01,,DOC_YOK_SUISHITSU_R8,令和8年度水質検査計画 p11「各水源の主な給水区域」図からのラスタ読み取り。相模川系統（西谷浄水場系）。図は「主な給水区域」であり町丁目単位の断定ではない。純度 100%（判定に使った画素 772）。位置合わせ IoU 0.863（4パラメータ）
TRACE_YOK:141042600,141042600,FAC_YOK_NISHIYA,1.0,medium,2026-04-01,,DOC_YOK_SUISHITSU_R8,令和8年度水質検査計画 p11「各水源の主な給水区域」図からのラスタ読み取り。相模川系統（西谷浄水場系）。図は「主な給水区域」であり町丁目単位の断定ではない。純度 99%（判定に使った画素 12789）。位置合わせ IoU 0.863（4パラメータ）
TRACE_YOK:141042620,141042620,FAC_YOK_NISHIYA,1.0,low,2026-04-01,,DOC_YOK_SUISHITSU_R8,令和8年度水質検査計画 p11「各水源の主な給水区域」図からのラスタ読み取り。相模川系統（西谷浄水場系）。図は「主な給水区域」であり町丁目単位の断定ではない。純度 82%（判定に使った画素 6884）。位置合わせ IoU 0.863（4パラメータ）
TRACE_YOK:14105001001,14105001001,FAC_YOK_NISHIYA,1.0,medium,2026-04-01,,DOC_YOK_SUISHITSU_R8,令和8年度水質検査計画 p11「各水源の主な給水区域」図からのラスタ読み取り。相模川系統（西谷浄水場系）。図は「主な給水区域」であり町丁目単位の断定ではない。純度 100%（判定に使った画素 162）。位置合わせ IoU 0.863（4パラメータ）
TRACE_YOK:14105001002,14105001002,FAC_YOK_NISHIYA,1.0,medium,2026-04-01,,DOC_YOK_SUISHITSU_R8,令和8年度水質検査計画 p11「各水源の主な給水区域」図からのラスタ読み取り。相模川系統（西谷浄水場系）。図は「主な給水区域」であり町丁目単位の断定ではない。純度 100%（判定に使った画素 236）。位置合わせ IoU 0.863（4パラメータ）
TRACE_YOK:14105003001,14105003001,FAC_YOK_NISHIYA,1.0,medium,2026-04-01,,DOC_YOK_SUISHITSU_R8,令和8年度水質検査計画 p11「各水源の主な給水区域」図からのラスタ読み取り。相模川系統（西谷浄水場系）。図は「主な給水区域」であり町丁目単位の断定ではない。純度 100%（判定に使った画素 240）。位置合わせ IoU 0.863（4パラメータ）
TRACE_YOK:14105003002,14105003002,FAC_YOK_NISHIYA,1.0,medium,2026-04-01,,DOC_YOK_SUISHITSU_R8,令和8年度水質検査計画 p11「各水源の主な給水区域」図からのラスタ読み取り。相模川系統（西谷浄水場系）。図は「主な給水区域」であり町丁目単位の断定ではない。純度 100%（判定に使った画素 276）。位置合わせ IoU 0.863（4パラメータ）
TRACE_YOK:14105005001,14105005001,FAC_YOK_NISHIYA,1.0,medium,2026-04-01,,DOC_YOK_SUISHITSU_R8,令和8年度水質検査計画 p11「各水源の主な給水区域」図からのラスタ読み取り。相模川系統（西谷浄水場系）。図は「主な給水区域」であり町丁目単位の断定ではない。純度 100%（判定に使った画素 416）。位置合わせ IoU 0.863（4パラメータ）
TRACE_YOK:14105005002,14105005002,FAC_YOK_NISHIYA,1.0,medium,2026-04-01,,DOC_YOK_SUISHITSU_R8,令和8年度水質検査計画 p11「各水源の主な給水区域」図からのラスタ読み取り。相模川系統（西谷浄水場系）。図は「主な給水区域」であり町丁目単位の断定ではない。純度 100%（判定に使った画素 464）。位置合わせ IoU 0.863（4パラメータ）
TRACE_YOK:14105007001,14105007001,FAC_YOK_NISHIYA,1.0,medium,2026-04-01,,DOC_YOK_SUISHITSU_R8,令和8年度水質検査計画 p11「各水源の主な給水区域」図からのラスタ読み取り。相模川系統（西谷浄水場系）。図は「主な給水区域」であり町丁目単位の断定ではない。純度 100%（判定に使った画素 184）。位置合わせ IoU 0.863（4パラメータ）
TRACE_YOK:14105007002,14105007002,FAC_YOK_NISHIYA,1.0,medium,2026-04-01,,DOC_YOK_SUISHITSU_R8,令和8年度水質検査計画 p11「各水源の主な給水区域」図からのラスタ読み取り。相模川系統（西谷浄水場系）。図は「主な給水区域」であり町丁目単位の断定ではない。純度 100%（判定に使った画素 224）。位置合わせ IoU 0.863（4パラメータ）
TRACE_YOK:14105007003,14105007003,FAC_YOK_NISHIYA,1.0,medium,2026-04-01,,DOC_YOK_SUISHITSU_R8,令和8年度水質検査計画 p11「各水源の主な給水区域」図からのラスタ読み取り。相模川系統（西谷浄水場系）。図は「主な給水区域」であり町丁目単位の断定ではない。純度 100%（判定に使った画素 184）。位置合わせ IoU 0.863（4パラメータ）
TRACE_YOK:14105007004,14105007004,FAC_YOK_NISHIYA,1.0,medium,2026-04-01,,DOC_YOK_SUISHITSU_R8,令和8年度水質検査計画 p11「各水源の主な給水区域」図からのラスタ読み取り。相模川系統（西谷浄水場系）。図は「主な給水区域」であり町丁目単位の断定ではない。純度 100%（判定に使った画素 237）。位置合わせ IoU 0.863（4パラメータ）
TRACE_YOK:14105011001,14105011001,FAC_YOK_NISHIYA,1.0,medium,2026-04-01,,DOC_YOK_SUISHITSU_R8,令和8年度水質検査計画 p11「各水源の主な給水区域」図からのラスタ読み取り。相模川系統（西谷浄水場系）。図は「主な給水区域」であり町丁目単位の断定ではない。純度 100%（判定に使った画素 140）。位置合わせ IoU 0.863（4パラメータ）
TRACE_YOK:14105011002,14105011002,FAC_YOK_NISHIYA,1.0,medium,2026-04-01,,DOC_YOK_SUISHITSU_R8,令和8年度水質検査計画 p11「各水源の主な給水区域」図からのラスタ読み取り。相模川系統（西谷浄水場系）。図は「主な給水区域」であり町丁目単位の断定ではない。純度 100%（判定に使った画素 171）。位置合わせ IoU 0.863（4パラメータ）
TRACE_YOK:14105011003,14105011003,FAC_YOK_NISHIYA,1.0,medium,2026-04-01,,DOC_YOK_SUISHITSU_R8,令和8年度水質検査計画 p11「各水源の主な給水区域」図からのラスタ読み取り。相模川系統（西谷浄水場系）。図は「主な給水区域」であり町丁目単位の断定ではない。純度 100%（判定に使った画素 156）。位置合わせ IoU 0.863（4パラメータ）
TRACE_YOK:14105011004,14105011004,FAC_YOK_NISHIYA,1.0,medium,2026-04-01,,DOC_YOK_SUISHITSU_R8,令和8年度水質検査計画 p11「各水源の主な給水区域」図からのラスタ読み取り。相模川系統（西谷浄水場系）。図は「主な給水区域」であり町丁目単位の断定ではない。純度 100%（判定に使った画素 147）。位置合わせ IoU 0.863（4パラメータ）
TRACE_YOK:14105011005,14105011005,FAC_YOK_NISHIYA,1.0,medium,2026-04-01,,DOC_YOK_SUISHITSU_R8,令和8年度水質検査計画 p11「各水源の主な給水区域」図からのラスタ読み取り。相模川系統（西谷浄水場系）。図は「主な給水区域」であり町丁目単位の断定ではない。純度 100%（判定に使った画素 100）。位置合わせ IoU 0.863（4パラメータ）
TRACE_YOK:14105016001,14105016001,FAC_YOK_NISHIYA,1.0,medium,2026-04-01,,DOC_YOK_SUISHITSU_R8,令和8年度水質検査計画 p11「各水源の主な給水区域」図からのラスタ読み取り。相模川系統（西谷浄水場系）。図は「主な給水区域」であり町丁目単位の断定ではない。純度 100%（判定に使った画素 210）。位置合わせ IoU 0.863（4パラメータ）
TRACE_YOK:14105016002,14105016002,FAC_YOK_NISHIYA,1.0,medium,2026-04-01,,DOC_YOK_SUISHITSU_R8,令和8年度水質検査計画 p11「各水源の主な給水区域」図からのラスタ読み取り。相模川系統（西谷浄水場系）。図は「主な給水区域」であり町丁目単位の断定ではない。純度 100%（判定に使った画素 215）。位置合わせ IoU 0.863（4パラメータ）
TRACE_YOK:14105016003,14105016003,FAC_YOK_NISHIYA,1.0,medium,2026-04-01,,DOC_YOK_SUISHITSU_R8,令和8年度水質検査計画 p11「各水源の主な給水区域」図からのラスタ読み取り。相模川系統（西谷浄水場系）。図は「主な給水区域」であり町丁目単位の断定ではない。純度 100%（判定に使った画素 230）。位置合わせ IoU 0.863（4パラメータ）
TRACE_YOK:14105016004,14105016004,FAC_YOK_NISHIYA,1.0,medium,2026-04-01,,DOC_YOK_SUISHITSU_R8,令和8年度水質検査計画 p11「各水源の主な給水区域」図からのラスタ読み取り。相模川系統（西谷浄水場系）。図は「主な給水区域」であり町丁目単位の断定ではない。純度 100%（判定に使った画素 315）。位置合わせ IoU 0.863（4パラメータ）
TRACE_YOK:14105016005,14105016005,FAC_YOK_NISHIYA,1.0,medium,2026-04-01,,DOC_YOK_SUISHITSU_R8,令和8年度水質検査計画 p11「各水源の主な給水区域」図からのラスタ読み取り。相模川系統（西谷浄水場系）。図は「主な給水区域」であり町丁目単位の断定ではない。純度 100%（判定に使った画素 215）。位置合わせ IoU 0.863（4パラメータ）
TRACE_YOK:14105021001,14105021001,FAC_YOK_NISHIYA,1.0,medium,2026-04-01,,DOC_YOK_SUISHITSU_R8,令和8年度水質検査計画 p11「各水源の主な給水区域」図からのラスタ読み取り。相模川系統（西谷浄水場系）。図は「主な給水区域」であり町丁目単位の断定ではない。純度 100%（判定に使った画素 983）。位置合わせ IoU 0.863（4パラメータ）
TRACE_YOK:14105021002,14105021002,FAC_YOK_NISHIYA,1.0,medium,2026-04-01,,DOC_YOK_SUISHITSU_R8,令和8年度水質検査計画 p11「各水源の主な給水区域」図からのラスタ読み取り。相模川系統（西谷浄水場系）。図は「主な給水区域」であり町丁目単位の断定ではない。純度 100%（判定に使った画素 637）。位置合わせ IoU 0.863（4パラメータ）
TRACE_YOK:14105021003,14105021003,FAC_YOK_NISHIYA,1.0,medium,2026-04-01,,DOC_YOK_SUISHITSU_R8,令和8年度水質検査計画 p11「各水源の主な給水区域」図からのラスタ読み取り。相模川系統（西谷浄水場系）。図は「主な給水区域」であり町丁目単位の断定ではない。純度 100%（判定に使った画素 931）。位置合わせ IoU 0.863（4パラメータ）
TRACE_YOK:14105021004,14105021004,FAC_YOK_NISHIYA,1.0,medium,2026-04-01,,DOC_YOK_SUISHITSU_R8,令和8年度水質検査計画 p11「各水源の主な給水区域」図からのラスタ読み取り。相模川系統（西谷浄水場系）。図は「主な給水区域」であり町丁目単位の断定ではない。純度 100%（判定に使った画素 1446）。位置合わせ IoU 0.863（4パラメータ）
TRACE_YOK:14105021005,14105021005,FAC_YOK_NISHIYA,1.0,medium,2026-04-01,,DOC_YOK_SUISHITSU_R8,令和8年度水質検査計画 p11「各水源の主な給水区域」図からのラスタ読み取り。相模川系統（西谷浄水場系）。図は「主な給水区域」であり町丁目単位の断定ではない。純度 100%（判定に使った画素 942）。位置合わせ IoU 0.863（4パラメータ）
TRACE_YOK:141050260,141050260,FAC_YOK_NISHIYA,1.0,medium,2026-04-01,,DOC_YOK_SUISHITSU_R8,令和8年度水質検査計画 p11「各水源の主な給水区域」図からのラスタ読み取り。相模川系統（西谷浄水場系）。図は「主な給水区域」であり町丁目単位の断定ではない。純度 100%（判定に使った画素 1286）。位置合わせ IoU 0.863（4パラメータ）
TRACE_YOK:141050270,141050270,FAC_YOK_NISHIYA,1.0,medium,2026-04-01,,DOC_YOK_SUISHITSU_R8,令和8年度水質検査計画 p11「各水源の主な給水区域」図からのラスタ読み取り。相模川系統（西谷浄水場系）。図は「主な給水区域」であり町丁目単位の断定ではない。純度 100%（判定に使った画素 2158）。位置合わせ IoU 0.863（4パラメータ）
TRACE_YOK:141050280,141050280,FAC_YOK_NISHIYA,1.0,medium,2026-04-01,,DOC_YOK_SUISHITSU_R8,令和8年度水質検査計画 p11「各水源の主な給水区域」図からのラスタ読み取り。相模川系統（西谷浄水場系）。図は「主な給水区域」であり町丁目単位の断定ではない。純度 100%（判定に使った画素 955）。位置合わせ IoU 0.863（4パラメータ）
TRACE_YOK:141050290,141050290,FAC_YOK_NISHIYA,1.0,medium,2026-04-01,,DOC_YOK_SUISHITSU_R8,令和8年度水質検査計画 p11「各水源の主な給水区域」図からのラスタ読み取り。相模川系統（西谷浄水場系）。図は「主な給水区域」であり町丁目単位の断定ではない。純度 100%（判定に使った画素 1239）。位置合わせ IoU 0.863（4パラメータ）
TRACE_YOK:14105030001,14105030001,FAC_YOK_NISHIYA,1.0,medium,2026-04-01,,DOC_YOK_SUISHITSU_R8,令和8年度水質検査計画 p11「各水源の主な給水区域」図からのラスタ読み取り。相模川系統（西谷浄水場系）。図は「主な給水区域」であり町丁目単位の断定ではない。純度 100%（判定に使った画素 1484）。位置合わせ IoU 0.863（4パラメータ）
TRACE_YOK:14105030002,14105030002,FAC_YOK_NISHIYA,1.0,low,2026-04-01,,DOC_YOK_SUISHITSU_R8,令和8年度水質検査計画 p11「各水源の主な給水区域」図からのラスタ読み取り。相模川系統（西谷浄水場系）。図は「主な給水区域」であり町丁目単位の断定ではない。純度 94%（判定に使った画素 1285）。位置合わせ IoU 0.863（4パラメータ）
TRACE_YOK:14105032001,14105032001,FAC_YOK_NISHIYA,1.0,medium,2026-04-01,,DOC_YOK_SUISHITSU_R8,令和8年度水質検査計画 p11「各水源の主な給水区域」図からのラスタ読み取り。相模川系統（西谷浄水場系）。図は「主な給水区域」であり町丁目単位の断定ではない。純度 100%（判定に使った画素 1130）。位置合わせ IoU 0.863（4パラメータ）
TRACE_YOK:14105032002,14105032002,FAC_YOK_NISHIYA,1.0,medium,2026-04-01,,DOC_YOK_SUISHITSU_R8,令和8年度水質検査計画 p11「各水源の主な給水区域」図からのラスタ読み取り。相模川系統（西谷浄水場系）。図は「主な給水区域」であり町丁目単位の断定ではない。純度 100%（判定に使った画素 814）。位置合わせ IoU 0.863（4パラメータ）
TRACE_YOK:14105034001,14105034001,FAC_YOK_NISHIYA,1.0,medium,2026-04-01,,DOC_YOK_SUISHITSU_R8,令和8年度水質検査計画 p11「各水源の主な給水区域」図からのラスタ読み取り。相模川系統（西谷浄水場系）。図は「主な給水区域」であり町丁目単位の断定ではない。純度 100%（判定に使った画素 252）。位置合わせ IoU 0.863（4パラメータ）
TRACE_YOK:14105034002,14105034002,FAC_YOK_NISHIYA,1.0,medium,2026-04-01,,DOC_YOK_SUISHITSU_R8,令和8年度水質検査計画 p11「各水源の主な給水区域」図からのラスタ読み取り。相模川系統（西谷浄水場系）。図は「主な給水区域」であり町丁目単位の断定ではない。純度 100%（判定に使った画素 197）。位置合わせ IoU 0.863（4パラメータ）
TRACE_YOK:14105034003,14105034003,FAC_YOK_NISHIYA,1.0,medium,2026-04-01,,DOC_YOK_SUISHITSU_R8,令和8年度水質検査計画 p11「各水源の主な給水区域」図からのラスタ読み取り。相模川系統（西谷浄水場系）。図は「主な給水区域」であり町丁目単位の断定ではない。純度 100%（判定に使った画素 138）。位置合わせ IoU 0.863（4パラメータ）
TRACE_YOK:14105037001,14105037001,FAC_YOK_NISHIYA,1.0,medium,2026-04-01,,DOC_YOK_SUISHITSU_R8,令和8年度水質検査計画 p11「各水源の主な給水区域」図からのラスタ読み取り。相模川系統（西谷浄水場系）。図は「主な給水区域」であり町丁目単位の断定ではない。純度 100%（判定に使った画素 135）。位置合わせ IoU 0.863（4パラメータ）
TRACE_YOK:14105037002,14105037002,FAC_YOK_NISHIYA,1.0,medium,2026-04-01,,DOC_YOK_SUISHITSU_R8,令和8年度水質検査計画 p11「各水源の主な給水区域」図からのラスタ読み取り。相模川系統（西谷浄水場系）。図は「主な給水区域」であり町丁目単位の断定ではない。純度 100%（判定に使った画素 133）。位置合わせ IoU 0.863（4パラメータ）
TRACE_YOK:14105037003,14105037003,FAC_YOK_NISHIYA,1.0,medium,2026-04-01,,DOC_YOK_SUISHITSU_R8,令和8年度水質検査計画 p11「各水源の主な給水区域」図からのラスタ読み取り。相模川系統（西谷浄水場系）。図は「主な給水区域」であり町丁目単位の断定ではない。純度 100%（判定に使った画素 98）。位置合わせ IoU 0.863（4パラメータ）
TRACE_YOK:14105037004,14105037004,FAC_YOK_NISHIYA,1.0,medium,2026-04-01,,DOC_YOK_SUISHITSU_R8,令和8年度水質検査計画 p11「各水源の主な給水区域」図からのラスタ読み取り。相模川系統（西谷浄水場系）。図は「主な給水区域」であり町丁目単位の断定ではない。純度 100%（判定に使った画素 126）。位置合わせ IoU 0.863（4パラメータ）
TRACE_YOK:14105041001,14105041001,FAC_YOK_NISHIYA,1.0,medium,2026-04-01,,DOC_YOK_SUISHITSU_R8,令和8年度水質検査計画 p11「各水源の主な給水区域」図からのラスタ読み取り。相模川系統（西谷浄水場系）。図は「主な給水区域」であり町丁目単位の断定ではない。純度 100%（判定に使った画素 118）。位置合わせ IoU 0.863（4パラメータ）
TRACE_YOK:14105041002,14105041002,FAC_YOK_NISHIYA,1.0,medium,2026-04-01,,DOC_YOK_SUISHITSU_R8,令和8年度水質検査計画 p11「各水源の主な給水区域」図からのラスタ読み取り。相模川系統（西谷浄水場系）。図は「主な給水区域」であり町丁目単位の断定ではない。純度 100%（判定に使った画素 82）。位置合わせ IoU 0.863（4パラメータ）
TRACE_YOK:14105041003,14105041003,FAC_YOK_NISHIYA,1.0,medium,2026-04-01,,DOC_YOK_SUISHITSU_R8,令和8年度水質検査計画 p11「各水源の主な給水区域」図からのラスタ読み取り。相模川系統（西谷浄水場系）。図は「主な給水区域」であり町丁目単位の断定ではない。純度 100%（判定に使った画素 86）。位置合わせ IoU 0.863（4パラメータ）
TRACE_YOK:14105041004,14105041004,FAC_YOK_NISHIYA,1.0,medium,2026-04-01,,DOC_YOK_SUISHITSU_R8,令和8年度水質検査計画 p11「各水源の主な給水区域」図からのラスタ読み取り。相模川系統（西谷浄水場系）。図は「主な給水区域」であり町丁目単位の断定ではない。純度 100%（判定に使った画素 77）。位置合わせ IoU 0.863（4パラメータ）
TRACE_YOK:14105041005,14105041005,FAC_YOK_NISHIYA,1.0,medium,2026-04-01,,DOC_YOK_SUISHITSU_R8,令和8年度水質検査計画 p11「各水源の主な給水区域」図からのラスタ読み取り。相模川系統（西谷浄水場系）。図は「主な給水区域」であり町丁目単位の断定ではない。純度 100%（判定に使った画素 162）。位置合わせ IoU 0.863（4パラメータ）
TRACE_YOK:14105046001,14105046001,FAC_YOK_NISHIYA,1.0,medium,2026-04-01,,DOC_YOK_SUISHITSU_R8,令和8年度水質検査計画 p11「各水源の主な給水区域」図からのラスタ読み取り。相模川系統（西谷浄水場系）。図は「主な給水区域」であり町丁目単位の断定ではない。純度 100%（判定に使った画素 140）。位置合わせ IoU 0.863（4パラメータ）
TRACE_YOK:14105046002,14105046002,FAC_YOK_NISHIYA,1.0,medium,2026-04-01,,DOC_YOK_SUISHITSU_R8,令和8年度水質検査計画 p11「各水源の主な給水区域」図からのラスタ読み取り。相模川系統（西谷浄水場系）。図は「主な給水区域」であり町丁目単位の断定ではない。純度 100%（判定に使った画素 114）。位置合わせ IoU 0.863（4パラメータ）
TRACE_YOK:14105046003,14105046003,FAC_YOK_NISHIYA,1.0,medium,2026-04-01,,DOC_YOK_SUISHITSU_R8,令和8年度水質検査計画 p11「各水源の主な給水区域」図からのラスタ読み取り。相模川系統（西谷浄水場系）。図は「主な給水区域」であり町丁目単位の断定ではない。純度 100%（判定に使った画素 123）。位置合わせ IoU 0.863（4パラメータ）
TRACE_YOK:14105046004,14105046004,FAC_YOK_NISHIYA,1.0,medium,2026-04-01,,DOC_YOK_SUISHITSU_R8,令和8年度水質検査計画 p11「各水源の主な給水区域」図からのラスタ読み取り。相模川系統（西谷浄水場系）。図は「主な給水区域」であり町丁目単位の断定ではない。純度 100%（判定に使った画素 96）。位置合わせ IoU 0.863（4パラメータ）
TRACE_YOK:14105046005,14105046005,FAC_YOK_NISHIYA,1.0,medium,2026-04-01,,DOC_YOK_SUISHITSU_R8,令和8年度水質検査計画 p11「各水源の主な給水区域」図からのラスタ読み取り。相模川系統（西谷浄水場系）。図は「主な給水区域」であり町丁目単位の断定ではない。純度 100%（判定に使った画素 157）。位置合わせ IoU 0.863（4パラメータ）
TRACE_YOK:14105051001,14105051001,FAC_YOK_NISHIYA,1.0,medium,2026-04-01,,DOC_YOK_SUISHITSU_R8,令和8年度水質検査計画 p11「各水源の主な給水区域」図からのラスタ読み取り。相模川系統（西谷浄水場系）。図は「主な給水区域」であり町丁目単位の断定ではない。純度 100%（判定に使った画素 59）。位置合わせ IoU 0.863（4パラメータ）
TRACE_YOK:14105051002,14105051002,FAC_YOK_NISHIYA,1.0,medium,2026-04-01,,DOC_YOK_SUISHITSU_R8,令和8年度水質検査計画 p11「各水源の主な給水区域」図からのラスタ読み取り。相模川系統（西谷浄水場系）。図は「主な給水区域」であり町丁目単位の断定ではない。純度 100%（判定に使った画素 91）。位置合わせ IoU 0.863（4パラメータ）
TRACE_YOK:14105051003,14105051003,FAC_YOK_NISHIYA,1.0,medium,2026-04-01,,DOC_YOK_SUISHITSU_R8,令和8年度水質検査計画 p11「各水源の主な給水区域」図からのラスタ読み取り。相模川系統（西谷浄水場系）。図は「主な給水区域」であり町丁目単位の断定ではない。純度 100%（判定に使った画素 75）。位置合わせ IoU 0.863（4パラメータ）
TRACE_YOK:14105051004,14105051004,FAC_YOK_NISHIYA,1.0,medium,2026-04-01,,DOC_YOK_SUISHITSU_R8,令和8年度水質検査計画 p11「各水源の主な給水区域」図からのラスタ読み取り。相模川系統（西谷浄水場系）。図は「主な給水区域」であり町丁目単位の断定ではない。純度 100%（判定に使った画素 69）。位置合わせ IoU 0.863（4パラメータ）
TRACE_YOK:14105051005,14105051005,FAC_YOK_NISHIYA,1.0,medium,2026-04-01,,DOC_YOK_SUISHITSU_R8,令和8年度水質検査計画 p11「各水源の主な給水区域」図からのラスタ読み取り。相模川系統（西谷浄水場系）。図は「主な給水区域」であり町丁目単位の断定ではない。純度 100%（判定に使った画素 194）。位置合わせ IoU 0.863（4パラメータ）
TRACE_YOK:14105056001,14105056001,FAC_YOK_NISHIYA,1.0,medium,2026-04-01,,DOC_YOK_SUISHITSU_R8,令和8年度水質検査計画 p11「各水源の主な給水区域」図からのラスタ読み取り。相模川系統（西谷浄水場系）。図は「主な給水区域」であり町丁目単位の断定ではない。純度 100%（判定に使った画素 93）。位置合わせ IoU 0.863（4パラメータ）
TRACE_YOK:14105056002,14105056002,FAC_YOK_NISHIYA,1.0,medium,2026-04-01,,DOC_YOK_SUISHITSU_R8,令和8年度水質検査計画 p11「各水源の主な給水区域」図からのラスタ読み取り。相模川系統（西谷浄水場系）。図は「主な給水区域」であり町丁目単位の断定ではない。純度 100%（判定に使った画素 101）。位置合わせ IoU 0.863（4パラメータ）
TRACE_YOK:14105056003,14105056003,FAC_YOK_NISHIYA,1.0,medium,2026-04-01,,DOC_YOK_SUISHITSU_R8,令和8年度水質検査計画 p11「各水源の主な給水区域」図からのラスタ読み取り。相模川系統（西谷浄水場系）。図は「主な給水区域」であり町丁目単位の断定ではない。純度 100%（判定に使った画素 69）。位置合わせ IoU 0.863（4パラメータ）
TRACE_YOK:14105056004,14105056004,FAC_YOK_NISHIYA,1.0,medium,2026-04-01,,DOC_YOK_SUISHITSU_R8,令和8年度水質検査計画 p11「各水源の主な給水区域」図からのラスタ読み取り。相模川系統（西谷浄水場系）。図は「主な給水区域」であり町丁目単位の断定ではない。純度 100%（判定に使った画素 52）。位置合わせ IoU 0.863（4パラメータ）
TRACE_YOK:14105056005,14105056005,FAC_YOK_NISHIYA,1.0,medium,2026-04-01,,DOC_YOK_SUISHITSU_R8,令和8年度水質検査計画 p11「各水源の主な給水区域」図からのラスタ読み取り。相模川系統（西谷浄水場系）。図は「主な給水区域」であり町丁目単位の断定ではない。純度 100%（判定に使った画素 67）。位置合わせ IoU 0.863（4パラメータ）
TRACE_YOK:14105061001,14105061001,FAC_YOK_NISHIYA,1.0,medium,2026-04-01,,DOC_YOK_SUISHITSU_R8,令和8年度水質検査計画 p11「各水源の主な給水区域」図からのラスタ読み取り。相模川系統（西谷浄水場系）。図は「主な給水区域」であり町丁目単位の断定ではない。純度 100%（判定に使った画素 174）。位置合わせ IoU 0.863（4パラメータ）
TRACE_YOK:14105061002,14105061002,FAC_YOK_NISHIYA,1.0,medium,2026-04-01,,DOC_YOK_SUISHITSU_R8,令和8年度水質検査計画 p11「各水源の主な給水区域」図からのラスタ読み取り。相模川系統（西谷浄水場系）。図は「主な給水区域」であり町丁目単位の断定ではない。純度 100%（判定に使った画素 189）。位置合わせ IoU 0.863（4パラメータ）
TRACE_YOK:14105061003,14105061003,FAC_YOK_NISHIYA,1.0,medium,2026-04-01,,DOC_YOK_SUISHITSU_R8,令和8年度水質検査計画 p11「各水源の主な給水区域」図からのラスタ読み取り。相模川系統（西谷浄水場系）。図は「主な給水区域」であり町丁目単位の断定ではない。純度 100%（判定に使った画素 142）。位置合わせ IoU 0.863（4パラメータ）
TRACE_YOK:14105061004,14105061004,FAC_YOK_NISHIYA,1.0,medium,2026-04-01,,DOC_YOK_SUISHITSU_R8,令和8年度水質検査計画 p11「各水源の主な給水区域」図からのラスタ読み取り。相模川系統（西谷浄水場系）。図は「主な給水区域」であり町丁目単位の断定ではない。純度 100%（判定に使った画素 111）。位置合わせ IoU 0.863（4パラメータ）
TRACE_YOK:14105061005,14105061005,FAC_YOK_NISHIYA,1.0,medium,2026-04-01,,DOC_YOK_SUISHITSU_R8,令和8年度水質検査計画 p11「各水源の主な給水区域」図からのラスタ読み取り。相模川系統（西谷浄水場系）。図は「主な給水区域」であり町丁目単位の断定ではない。純度 100%（判定に使った画素 134）。位置合わせ IoU 0.863（4パラメータ）
TRACE_YOK:14105066001,14105066001,FAC_YOK_NISHIYA,1.0,medium,2026-04-01,,DOC_YOK_SUISHITSU_R8,令和8年度水質検査計画 p11「各水源の主な給水区域」図からのラスタ読み取り。相模川系統（西谷浄水場系）。図は「主な給水区域」であり町丁目単位の断定ではない。純度 100%（判定に使った画素 241）。位置合わせ IoU 0.863（4パラメータ）
TRACE_YOK:14105066002,14105066002,FAC_YOK_NISHIYA,1.0,medium,2026-04-01,,DOC_YOK_SUISHITSU_R8,令和8年度水質検査計画 p11「各水源の主な給水区域」図からのラスタ読み取り。相模川系統（西谷浄水場系）。図は「主な給水区域」であり町丁目単位の断定ではない。純度 100%（判定に使った画素 150）。位置合わせ IoU 0.863（4パラメータ）
TRACE_YOK:14105068001,14105068001,FAC_YOK_NISHIYA,1.0,medium,2026-04-01,,DOC_YOK_SUISHITSU_R8,令和8年度水質検査計画 p11「各水源の主な給水区域」図からのラスタ読み取り。相模川系統（西谷浄水場系）。図は「主な給水区域」であり町丁目単位の断定ではない。純度 100%（判定に使った画素 116）。位置合わせ IoU 0.863（4パラメータ）
TRACE_YOK:14105068002,14105068002,FAC_YOK_NISHIYA,1.0,medium,2026-04-01,,DOC_YOK_SUISHITSU_R8,令和8年度水質検査計画 p11「各水源の主な給水区域」図からのラスタ読み取り。相模川系統（西谷浄水場系）。図は「主な給水区域」であり町丁目単位の断定ではない。純度 100%（判定に使った画素 136）。位置合わせ IoU 0.863（4パラメータ）
TRACE_YOK:14105068003,14105068003,FAC_YOK_NISHIYA,1.0,medium,2026-04-01,,DOC_YOK_SUISHITSU_R8,令和8年度水質検査計画 p11「各水源の主な給水区域」図からのラスタ読み取り。相模川系統（西谷浄水場系）。図は「主な給水区域」であり町丁目単位の断定ではない。純度 100%（判定に使った画素 192）。位置合わせ IoU 0.863（4パラメータ）
TRACE_YOK:14105068004,14105068004,FAC_YOK_NISHIYA,1.0,medium,2026-04-01,,DOC_YOK_SUISHITSU_R8,令和8年度水質検査計画 p11「各水源の主な給水区域」図からのラスタ読み取り。相模川系統（西谷浄水場系）。図は「主な給水区域」であり町丁目単位の断定ではない。純度 100%（判定に使った画素 143）。位置合わせ IoU 0.863（4パラメータ）
TRACE_YOK:14105072001,14105072001,FAC_YOK_NISHIYA,1.0,medium,2026-04-01,,DOC_YOK_SUISHITSU_R8,令和8年度水質検査計画 p11「各水源の主な給水区域」図からのラスタ読み取り。相模川系統（西谷浄水場系）。図は「主な給水区域」であり町丁目単位の断定ではない。純度 100%（判定に使った画素 133）。位置合わせ IoU 0.863（4パラメータ）
TRACE_YOK:14105072002,14105072002,FAC_YOK_NISHIYA,1.0,medium,2026-04-01,,DOC_YOK_SUISHITSU_R8,令和8年度水質検査計画 p11「各水源の主な給水区域」図からのラスタ読み取り。相模川系統（西谷浄水場系）。図は「主な給水区域」であり町丁目単位の断定ではない。純度 100%（判定に使った画素 111）。位置合わせ IoU 0.863（4パラメータ）
TRACE_YOK:14105072003,14105072003,FAC_YOK_NISHIYA,1.0,medium,2026-04-01,,DOC_YOK_SUISHITSU_R8,令和8年度水質検査計画 p11「各水源の主な給水区域」図からのラスタ読み取り。相模川系統（西谷浄水場系）。図は「主な給水区域」であり町丁目単位の断定ではない。純度 100%（判定に使った画素 142）。位置合わせ IoU 0.863（4パラメータ）
TRACE_YOK:14105072004,14105072004,FAC_YOK_NISHIYA,1.0,medium,2026-04-01,,DOC_YOK_SUISHITSU_R8,令和8年度水質検査計画 p11「各水源の主な給水区域」図からのラスタ読み取り。相模川系統（西谷浄水場系）。図は「主な給水区域」であり町丁目単位の断定ではない。純度 100%（判定に使った画素 105）。位置合わせ IoU 0.863（4パラメータ）
TRACE_YOK:141050760,141050760,FAC_YOK_NISHIYA,1.0,medium,2026-04-01,,DOC_YOK_SUISHITSU_R8,令和8年度水質検査計画 p11「各水源の主な給水区域」図からのラスタ読み取り。相模川系統（西谷浄水場系）。図は「主な給水区域」であり町丁目単位の断定ではない。純度 100%（判定に使った画素 2352）。位置合わせ IoU 0.863（4パラメータ）
TRACE_YOK:141050770,141050770,FAC_YOK_NISHIYA,1.0,medium,2026-04-01,,DOC_YOK_SUISHITSU_R8,令和8年度水質検査計画 p11「各水源の主な給水区域」図からのラスタ読み取り。相模川系統（西谷浄水場系）。図は「主な給水区域」であり町丁目単位の断定ではない。純度 100%（判定に使った画素 190）。位置合わせ IoU 0.863（4パラメータ）
TRACE_YOK:141050780,141050780,FAC_YOK_NISHIYA,1.0,medium,2026-04-01,,DOC_YOK_SUISHITSU_R8,令和8年度水質検査計画 p11「各水源の主な給水区域」図からのラスタ読み取り。相模川系統（西谷浄水場系）。図は「主な給水区域」であり町丁目単位の断定ではない。純度 100%（判定に使った画素 1430）。位置合わせ IoU 0.863（4パラメータ）
TRACE_YOK:141050790,141050790,FAC_YOK_NISHIYA,1.0,medium,2026-04-01,,DOC_YOK_SUISHITSU_R8,令和8年度水質検査計画 p11「各水源の主な給水区域」図からのラスタ読み取り。相模川系統（西谷浄水場系）。図は「主な給水区域」であり町丁目単位の断定ではない。純度 100%（判定に使った画素 4083）。位置合わせ IoU 0.863（4パラメータ）
TRACE_YOK:14105084001,14105084001,FAC_YOK_NISHIYA,1.0,medium,2026-04-01,,DOC_YOK_SUISHITSU_R8,令和8年度水質検査計画 p11「各水源の主な給水区域」図からのラスタ読み取り。相模川系統（西谷浄水場系）。図は「主な給水区域」であり町丁目単位の断定ではない。純度 100%（判定に使った画素 183）。位置合わせ IoU 0.863（4パラメータ）
TRACE_YOK:14105084002,14105084002,FAC_YOK_NISHIYA,1.0,medium,2026-04-01,,DOC_YOK_SUISHITSU_R8,令和8年度水質検査計画 p11「各水源の主な給水区域」図からのラスタ読み取り。相模川系統（西谷浄水場系）。図は「主な給水区域」であり町丁目単位の断定ではない。純度 100%（判定に使った画素 122）。位置合わせ IoU 0.863（4パラメータ）
TRACE_YOK:14105084003,14105084003,FAC_YOK_NISHIYA,1.0,medium,2026-04-01,,DOC_YOK_SUISHITSU_R8,令和8年度水質検査計画 p11「各水源の主な給水区域」図からのラスタ読み取り。相模川系統（西谷浄水場系）。図は「主な給水区域」であり町丁目単位の断定ではない。純度 100%（判定に使った画素 40）。位置合わせ IoU 0.863（4パラメータ）
TRACE_YOK:14105087001,14105087001,FAC_YOK_NISHIYA,1.0,medium,2026-04-01,,DOC_YOK_SUISHITSU_R8,令和8年度水質検査計画 p11「各水源の主な給水区域」図からのラスタ読み取り。相模川系統（西谷浄水場系）。図は「主な給水区域」であり町丁目単位の断定ではない。純度 100%（判定に使った画素 306）。位置合わせ IoU 0.863（4パラメータ）
TRACE_YOK:14105087002,14105087002,FAC_YOK_NISHIYA,1.0,medium,2026-04-01,,DOC_YOK_SUISHITSU_R8,令和8年度水質検査計画 p11「各水源の主な給水区域」図からのラスタ読み取り。相模川系統（西谷浄水場系）。図は「主な給水区域」であり町丁目単位の断定ではない。純度 100%（判定に使った画素 140）。位置合わせ IoU 0.863（4パラメータ）
TRACE_YOK:14105087003,14105087003,FAC_YOK_NISHIYA,1.0,medium,2026-04-01,,DOC_YOK_SUISHITSU_R8,令和8年度水質検査計画 p11「各水源の主な給水区域」図からのラスタ読み取り。相模川系統（西谷浄水場系）。図は「主な給水区域」であり町丁目単位の断定ではない。純度 100%（判定に使った画素 28）。位置合わせ IoU 0.863（4パラメータ）
TRACE_YOK:14105087004,14105087004,FAC_YOK_NISHIYA,1.0,medium,2026-04-01,,DOC_YOK_SUISHITSU_R8,令和8年度水質検査計画 p11「各水源の主な給水区域」図からのラスタ読み取り。相模川系統（西谷浄水場系）。図は「主な給水区域」であり町丁目単位の断定ではない。純度 100%（判定に使った画素 58）。位置合わせ IoU 0.863（4パラメータ）
TRACE_YOK:14105091001,14105091001,FAC_YOK_NISHIYA,1.0,medium,2026-04-01,,DOC_YOK_SUISHITSU_R8,令和8年度水質検査計画 p11「各水源の主な給水区域」図からのラスタ読み取り。相模川系統（西谷浄水場系）。図は「主な給水区域」であり町丁目単位の断定ではない。純度 100%（判定に使った画素 303）。位置合わせ IoU 0.863（4パラメータ）
TRACE_YOK:14105091002,14105091002,FAC_YOK_NISHIYA,1.0,medium,2026-04-01,,DOC_YOK_SUISHITSU_R8,令和8年度水質検査計画 p11「各水源の主な給水区域」図からのラスタ読み取り。相模川系統（西谷浄水場系）。図は「主な給水区域」であり町丁目単位の断定ではない。純度 100%（判定に使った画素 112）。位置合わせ IoU 0.863（4パラメータ）
TRACE_YOK:14105091003,14105091003,FAC_YOK_NISHIYA,1.0,medium,2026-04-01,,DOC_YOK_SUISHITSU_R8,令和8年度水質検査計画 p11「各水源の主な給水区域」図からのラスタ読み取り。相模川系統（西谷浄水場系）。図は「主な給水区域」であり町丁目単位の断定ではない。純度 100%（判定に使った画素 63）。位置合わせ IoU 0.863（4パラメータ）
TRACE_YOK:14105091004,14105091004,FAC_YOK_NISHIYA,1.0,medium,2026-04-01,,DOC_YOK_SUISHITSU_R8,令和8年度水質検査計画 p11「各水源の主な給水区域」図からのラスタ読み取り。相模川系統（西谷浄水場系）。図は「主な給水区域」であり町丁目単位の断定ではない。純度 100%（判定に使った画素 293）。位置合わせ IoU 0.863（4パラメータ）
TRACE_YOK:14105095001,14105095001,FAC_YOK_NISHIYA,1.0,medium,2026-04-01,,DOC_YOK_SUISHITSU_R8,令和8年度水質検査計画 p11「各水源の主な給水区域」図からのラスタ読み取り。相模川系統（西谷浄水場系）。図は「主な給水区域」であり町丁目単位の断定ではない。純度 100%（判定に使った画素 331）。位置合わせ IoU 0.863（4パラメータ）
TRACE_YOK:14105095002,14105095002,FAC_YOK_NISHIYA,1.0,medium,2026-04-01,,DOC_YOK_SUISHITSU_R8,令和8年度水質検査計画 p11「各水源の主な給水区域」図からのラスタ読み取り。相模川系統（西谷浄水場系）。図は「主な給水区域」であり町丁目単位の断定ではない。純度 100%（判定に使った画素 88）。位置合わせ IoU 0.863（4パラメータ）
TRACE_YOK:14105095003,14105095003,FAC_YOK_NISHIYA,1.0,medium,2026-04-01,,DOC_YOK_SUISHITSU_R8,令和8年度水質検査計画 p11「各水源の主な給水区域」図からのラスタ読み取り。相模川系統（西谷浄水場系）。図は「主な給水区域」であり町丁目単位の断定ではない。純度 100%（判定に使った画素 139）。位置合わせ IoU 0.863（4パラメータ）
TRACE_YOK:141050980,141050980,FAC_YOK_NISHIYA,1.0,medium,2026-04-01,,DOC_YOK_SUISHITSU_R8,令和8年度水質検査計画 p11「各水源の主な給水区域」図からのラスタ読み取り。相模川系統（西谷浄水場系）。図は「主な給水区域」であり町丁目単位の断定ではない。純度 100%（判定に使った画素 825）。位置合わせ IoU 0.863（4パラメータ）
TRACE_YOK:14105099001,14105099001,FAC_YOK_NISHIYA,1.0,medium,2026-04-01,,DOC_YOK_SUISHITSU_R8,令和8年度水質検査計画 p11「各水源の主な給水区域」図からのラスタ読み取り。相模川系統（西谷浄水場系）。図は「主な給水区域」であり町丁目単位の断定ではない。純度 100%（判定に使った画素 225）。位置合わせ IoU 0.863（4パラメータ）
TRACE_YOK:14105099002,14105099002,FAC_YOK_NISHIYA,1.0,medium,2026-04-01,,DOC_YOK_SUISHITSU_R8,令和8年度水質検査計画 p11「各水源の主な給水区域」図からのラスタ読み取り。相模川系統（西谷浄水場系）。図は「主な給水区域」であり町丁目単位の断定ではない。純度 100%（判定に使った画素 316）。位置合わせ IoU 0.863（4パラメータ）
TRACE_YOK:141051010,141051010,FAC_YOK_NISHIYA,1.0,low,2026-04-01,,DOC_YOK_SUISHITSU_R8,令和8年度水質検査計画 p11「各水源の主な給水区域」図からのラスタ読み取り。相模川系統（西谷浄水場系）。図は「主な給水区域」であり町丁目単位の断定ではない。純度 60%（判定に使った画素 2201）。位置合わせ IoU 0.863（4パラメータ）
TRACE_YOK:14105102001,14105102001,FAC_YOK_NISHIYA,1.0,medium,2026-04-01,,DOC_YOK_SUISHITSU_R8,令和8年度水質検査計画 p11「各水源の主な給水区域」図からのラスタ読み取り。相模川系統（西谷浄水場系）。図は「主な給水区域」であり町丁目単位の断定ではない。純度 100%（判定に使った画素 37）。位置合わせ IoU 0.863（4パラメータ）
TRACE_YOK:14105102002,14105102002,FAC_YOK_NISHIYA,1.0,medium,2026-04-01,,DOC_YOK_SUISHITSU_R8,令和8年度水質検査計画 p11「各水源の主な給水区域」図からのラスタ読み取り。相模川系統（西谷浄水場系）。図は「主な給水区域」であり町丁目単位の断定ではない。純度 100%（判定に使った画素 218）。位置合わせ IoU 0.863（4パラメータ）
TRACE_YOK:14105102003,14105102003,FAC_YOK_NISHIYA,1.0,medium,2026-04-01,,DOC_YOK_SUISHITSU_R8,令和8年度水質検査計画 p11「各水源の主な給水区域」図からのラスタ読み取り。相模川系統（西谷浄水場系）。図は「主な給水区域」であり町丁目単位の断定ではない。純度 100%（判定に使った画素 91）。位置合わせ IoU 0.863（4パラメータ）
TRACE_YOK:14105102004,14105102004,FAC_YOK_NISHIYA,1.0,medium,2026-04-01,,DOC_YOK_SUISHITSU_R8,令和8年度水質検査計画 p11「各水源の主な給水区域」図からのラスタ読み取り。相模川系統（西谷浄水場系）。図は「主な給水区域」であり町丁目単位の断定ではない。純度 100%（判定に使った画素 174）。位置合わせ IoU 0.863（4パラメータ）
TRACE_YOK:14105106001,14105106001,FAC_YOK_NISHIYA,1.0,medium,2026-04-01,,DOC_YOK_SUISHITSU_R8,令和8年度水質検査計画 p11「各水源の主な給水区域」図からのラスタ読み取り。相模川系統（西谷浄水場系）。図は「主な給水区域」であり町丁目単位の断定ではない。純度 100%（判定に使った画素 140）。位置合わせ IoU 0.863（4パラメータ）
TRACE_YOK:14105106002,14105106002,FAC_YOK_NISHIYA,1.0,medium,2026-04-01,,DOC_YOK_SUISHITSU_R8,令和8年度水質検査計画 p11「各水源の主な給水区域」図からのラスタ読み取り。相模川系統（西谷浄水場系）。図は「主な給水区域」であり町丁目単位の断定ではない。純度 100%（判定に使った画素 214）。位置合わせ IoU 0.863（4パラメータ）
TRACE_YOK:14105106003,14105106003,FAC_YOK_NISHIYA,1.0,medium,2026-04-01,,DOC_YOK_SUISHITSU_R8,令和8年度水質検査計画 p11「各水源の主な給水区域」図からのラスタ読み取り。相模川系統（西谷浄水場系）。図は「主な給水区域」であり町丁目単位の断定ではない。純度 100%（判定に使った画素 145）。位置合わせ IoU 0.863（4パラメータ）
TRACE_YOK:14105106004,14105106004,FAC_YOK_NISHIYA,1.0,medium,2026-04-01,,DOC_YOK_SUISHITSU_R8,令和8年度水質検査計画 p11「各水源の主な給水区域」図からのラスタ読み取り。相模川系統（西谷浄水場系）。図は「主な給水区域」であり町丁目単位の断定ではない。純度 100%（判定に使った画素 271）。位置合わせ IoU 0.863（4パラメータ）
TRACE_YOK:14105110001,14105110001,FAC_YOK_NISHIYA,1.0,medium,2026-04-01,,DOC_YOK_SUISHITSU_R8,令和8年度水質検査計画 p11「各水源の主な給水区域」図からのラスタ読み取り。相模川系統（西谷浄水場系）。図は「主な給水区域」であり町丁目単位の断定ではない。純度 100%（判定に使った画素 242）。位置合わせ IoU 0.863（4パラメータ）
TRACE_YOK:14105110002,14105110002,FAC_YOK_NISHIYA,1.0,medium,2026-04-01,,DOC_YOK_SUISHITSU_R8,令和8年度水質検査計画 p11「各水源の主な給水区域」図からのラスタ読み取り。相模川系統（西谷浄水場系）。図は「主な給水区域」であり町丁目単位の断定ではない。純度 100%（判定に使った画素 237）。位置合わせ IoU 0.863（4パラメータ）
TRACE_YOK:14105110003,14105110003,FAC_YOK_NISHIYA,1.0,medium,2026-04-01,,DOC_YOK_SUISHITSU_R8,令和8年度水質検査計画 p11「各水源の主な給水区域」図からのラスタ読み取り。相模川系統（西谷浄水場系）。図は「主な給水区域」であり町丁目単位の断定ではない。純度 100%（判定に使った画素 165）。位置合わせ IoU 0.863（4パラメータ）
TRACE_YOK:14105110004,14105110004,FAC_YOK_NISHIYA,1.0,medium,2026-04-01,,DOC_YOK_SUISHITSU_R8,令和8年度水質検査計画 p11「各水源の主な給水区域」図からのラスタ読み取り。相模川系統（西谷浄水場系）。図は「主な給水区域」であり町丁目単位の断定ではない。純度 100%（判定に使った画素 275）。位置合わせ IoU 0.863（4パラメータ）
TRACE_YOK:14105114001,14105114001,FAC_YOK_NISHIYA,1.0,medium,2026-04-01,,DOC_YOK_SUISHITSU_R8,令和8年度水質検査計画 p11「各水源の主な給水区域」図からのラスタ読み取り。相模川系統（西谷浄水場系）。図は「主な給水区域」であり町丁目単位の断定ではない。純度 100%（判定に使った画素 188）。位置合わせ IoU 0.863（4パラメータ）
TRACE_YOK:14105114002,14105114002,FAC_YOK_NISHIYA,1.0,medium,2026-04-01,,DOC_YOK_SUISHITSU_R8,令和8年度水質検査計画 p11「各水源の主な給水区域」図からのラスタ読み取り。相模川系統（西谷浄水場系）。図は「主な給水区域」であり町丁目単位の断定ではない。純度 100%（判定に使った画素 264）。位置合わせ IoU 0.863（4パラメータ）
TRACE_YOK:14105114003,14105114003,FAC_YOK_NISHIYA,1.0,medium,2026-04-01,,DOC_YOK_SUISHITSU_R8,令和8年度水質検査計画 p11「各水源の主な給水区域」図からのラスタ読み取り。相模川系統（西谷浄水場系）。図は「主な給水区域」であり町丁目単位の断定ではない。純度 100%（判定に使った画素 393）。位置合わせ IoU 0.863（4パラメータ）
TRACE_YOK:141051170,141051170,FAC_YOK_NISHIYA,1.0,low,2026-04-01,,DOC_YOK_SUISHITSU_R8,令和8年度水質検査計画 p11「各水源の主な給水区域」図からのラスタ読み取り。相模川系統（西谷浄水場系）。図は「主な給水区域」であり町丁目単位の断定ではない。純度 84%（判定に使った画素 2641）。位置合わせ IoU 0.863（4パラメータ）
TRACE_YOK:141051180,141051180,FAC_YOK_NISHIYA,1.0,medium,2026-04-01,,DOC_YOK_SUISHITSU_R8,令和8年度水質検査計画 p11「各水源の主な給水区域」図からのラスタ読み取り。相模川系統（西谷浄水場系）。図は「主な給水区域」であり町丁目単位の断定ではない。純度 100%（判定に使った画素 522）。位置合わせ IoU 0.863（4パラメータ）
TRACE_YOK:141051190,141051190,FAC_YOK_NISHIYA,1.0,medium,2026-04-01,,DOC_YOK_SUISHITSU_R8,令和8年度水質検査計画 p11「各水源の主な給水区域」図からのラスタ読み取り。相模川系統（西谷浄水場系）。図は「主な給水区域」であり町丁目単位の断定ではない。純度 100%（判定に使った画素 1054）。位置合わせ IoU 0.863（4パラメータ）
TRACE_YOK:141051200,141051200,FAC_YOK_NISHIYA,1.0,low,2026-04-01,,DOC_YOK_SUISHITSU_R8,令和8年度水質検査計画 p11「各水源の主な給水区域」図からのラスタ読み取り。相模川系統（西谷浄水場系）。図は「主な給水区域」であり町丁目単位の断定ではない。純度 84%（判定に使った画素 1875）。位置合わせ IoU 0.863（4パラメータ）
TRACE_YOK:14105121001,14105121001,FAC_KGD_NISHINAGASAWA,1.0,low,2026-04-01,,DOC_YOK_SUISHITSU_R8,令和8年度水質検査計画 p11「各水源の主な給水区域」図からのラスタ読み取り。企業団酒匂川系統（西長沢・相模原浄水場系）。図は「主な給水区域」であり町丁目単位の断定ではない。純度 51%（判定に使った画素 5364）。位置合わせ IoU 0.863（4パラメータ）。図では西長沢浄水場系と相模原浄水場系が同じ色で区別できないため供給水量の大きい西長沢に寄せている（企業団の1日平均供給水量 R7年度 西長沢 467486 ㎥ / 相模原 248448 ㎥）
TRACE_YOK:14105121002,14105121002,FAC_KGD_NISHINAGASAWA,1.0,low,2026-04-01,,DOC_YOK_SUISHITSU_R8,令和8年度水質検査計画 p11「各水源の主な給水区域」図からのラスタ読み取り。企業団酒匂川系統（西長沢・相模原浄水場系）。図は「主な給水区域」であり町丁目単位の断定ではない。純度 95%（判定に使った画素 5417）。位置合わせ IoU 0.863（4パラメータ）。図では西長沢浄水場系と相模原浄水場系が同じ色で区別できないため供給水量の大きい西長沢に寄せている（企業団の1日平均供給水量 R7年度 西長沢 467486 ㎥ / 相模原 248448 ㎥）
TRACE_YOK:14105121003,14105121003,FAC_KGD_NISHINAGASAWA,1.0,medium,2026-04-01,,DOC_YOK_SUISHITSU_R8,令和8年度水質検査計画 p11「各水源の主な給水区域」図からのラスタ読み取り。企業団酒匂川系統（西長沢・相模原浄水場系）。図は「主な給水区域」であり町丁目単位の断定ではない。純度 100%（判定に使った画素 5534）。位置合わせ IoU 0.863（4パラメータ）。図では西長沢浄水場系と相模原浄水場系が同じ色で区別できないため供給水量の大きい西長沢に寄せている（企業団の1日平均供給水量 R7年度 西長沢 467486 ㎥ / 相模原 248448 ㎥）
TRACE_YOK:14105121004,14105121004,FAC_KGD_NISHINAGASAWA,1.0,low,2026-04-01,,DOC_YOK_SUISHITSU_R8,令和8年度水質検査計画 p11「各水源の主な給水区域」図からのラスタ読み取り。企業団酒匂川系統（西長沢・相模原浄水場系）。図は「主な給水区域」であり町丁目単位の断定ではない。純度 92%（判定に使った画素 1604）。位置合わせ IoU 0.863（4パラメータ）。図では西長沢浄水場系と相模原浄水場系が同じ色で区別できないため供給水量の大きい西長沢に寄せている（企業団の1日平均供給水量 R7年度 西長沢 467486 ㎥ / 相模原 248448 ㎥）
TRACE_YOK:141051250,141051250,FAC_YOK_NISHIYA,1.0,medium,2026-04-01,,DOC_YOK_SUISHITSU_R8,令和8年度水質検査計画 p11「各水源の主な給水区域」図からのラスタ読み取り。相模川系統（西谷浄水場系）。図は「主な給水区域」であり町丁目単位の断定ではない。純度 100%（判定に使った画素 34）。位置合わせ IoU 0.863（4パラメータ）
TRACE_YOK:14105126001,14105126001,FAC_YOK_NISHIYA,1.0,medium,2026-04-01,,DOC_YOK_SUISHITSU_R8,令和8年度水質検査計画 p11「各水源の主な給水区域」図からのラスタ読み取り。相模川系統（西谷浄水場系）。図は「主な給水区域」であり町丁目単位の断定ではない。純度 100%（判定に使った画素 1389）。位置合わせ IoU 0.863（4パラメータ）
TRACE_YOK:14105126002,14105126002,FAC_YOK_NISHIYA,1.0,low,2026-04-01,,DOC_YOK_SUISHITSU_R8,令和8年度水質検査計画 p11「各水源の主な給水区域」図からのラスタ読み取り。相模川系統（西谷浄水場系）。図は「主な給水区域」であり町丁目単位の断定ではない。純度 80%（判定に使った画素 1172）。位置合わせ IoU 0.863（4パラメータ）
TRACE_YOK:14105126003,14105126003,FAC_KGD_NISHINAGASAWA,1.0,low,2026-04-01,,DOC_YOK_SUISHITSU_R8,令和8年度水質検査計画 p11「各水源の主な給水区域」図からのラスタ読み取り。企業団酒匂川系統（西長沢・相模原浄水場系）。図は「主な給水区域」であり町丁目単位の断定ではない。純度 81%（判定に使った画素 1769）。位置合わせ IoU 0.863（4パラメータ）。図では西長沢浄水場系と相模原浄水場系が同じ色で区別できないため供給水量の大きい西長沢に寄せている（企業団の1日平均供給水量 R7年度 西長沢 467486 ㎥ / 相模原 248448 ㎥）
TRACE_YOK:14105126004,14105126004,FAC_KGD_NISHINAGASAWA,1.0,low,2026-04-01,,DOC_YOK_SUISHITSU_R8,令和8年度水質検査計画 p11「各水源の主な給水区域」図からのラスタ読み取り。企業団酒匂川系統（西長沢・相模原浄水場系）。図は「主な給水区域」であり町丁目単位の断定ではない。純度 92%（判定に使った画素 1465）。位置合わせ IoU 0.863（4パラメータ）。図では西長沢浄水場系と相模原浄水場系が同じ色で区別できないため供給水量の大きい西長沢に寄せている（企業団の1日平均供給水量 R7年度 西長沢 467486 ㎥ / 相模原 248448 ㎥）
TRACE_YOK:14105130001,14105130001,FAC_YOK_KOSUZUME,1.0,low,2026-04-01,,DOC_YOK_SUISHITSU_R8,令和8年度水質検査計画 p11「各水源の主な給水区域」図からのラスタ読み取り。馬入川系統（小雀浄水場系）。図は「主な給水区域」であり町丁目単位の断定ではない。純度 71%（判定に使った画素 2514）。位置合わせ IoU 0.863（4パラメータ）
TRACE_YOK:14105130002,14105130002,FAC_YOK_NISHIYA,1.0,low,2026-04-01,,DOC_YOK_SUISHITSU_R8,令和8年度水質検査計画 p11「各水源の主な給水区域」図からのラスタ読み取り。相模川系統（西谷浄水場系）。図は「主な給水区域」であり町丁目単位の断定ではない。純度 82%（判定に使った画素 2071）。位置合わせ IoU 0.863（4パラメータ）
TRACE_YOK:14105130003,14105130003,FAC_YOK_KOSUZUME,1.0,low,2026-04-01,,DOC_YOK_SUISHITSU_R8,令和8年度水質検査計画 p11「各水源の主な給水区域」図からのラスタ読み取り。馬入川系統（小雀浄水場系）。図は「主な給水区域」であり町丁目単位の断定ではない。純度 90%（判定に使った画素 2405）。位置合わせ IoU 0.863（4パラメータ）
TRACE_YOK:14105130004,14105130004,FAC_YOK_KOSUZUME,1.0,medium,2026-04-01,,DOC_YOK_SUISHITSU_R8,令和8年度水質検査計画 p11「各水源の主な給水区域」図からのラスタ読み取り。馬入川系統（小雀浄水場系）。図は「主な給水区域」であり町丁目単位の断定ではない。純度 100%（判定に使った画素 1839）。位置合わせ IoU 0.863（4パラメータ）
TRACE_YOK:14105130005,14105130005,FAC_YOK_KOSUZUME,1.0,low,2026-04-01,,DOC_YOK_SUISHITSU_R8,令和8年度水質検査計画 p11「各水源の主な給水区域」図からのラスタ読み取り。馬入川系統（小雀浄水場系）。図は「主な給水区域」であり町丁目単位の断定ではない。純度 83%（判定に使った画素 1680）。位置合わせ IoU 0.863（4パラメータ）
TRACE_YOK:14105135001,14105135001,FAC_YOK_NISHIYA,1.0,medium,2026-04-01,,DOC_YOK_SUISHITSU_R8,令和8年度水質検査計画 p11「各水源の主な給水区域」図からのラスタ読み取り。相模川系統（西谷浄水場系）。図は「主な給水区域」であり町丁目単位の断定ではない。純度 100%（判定に使った画素 924）。位置合わせ IoU 0.863（4パラメータ）
TRACE_YOK:14105135002,14105135002,FAC_YOK_NISHIYA,1.0,low,2026-04-01,,DOC_YOK_SUISHITSU_R8,令和8年度水質検査計画 p11「各水源の主な給水区域」図からのラスタ読み取り。相模川系統（西谷浄水場系）。図は「主な給水区域」であり町丁目単位の断定ではない。純度 86%（判定に使った画素 1319）。位置合わせ IoU 0.863（4パラメータ）
TRACE_YOK:14105135003,14105135003,FAC_YOK_NISHIYA,1.0,low,2026-04-01,,DOC_YOK_SUISHITSU_R8,令和8年度水質検査計画 p11「各水源の主な給水区域」図からのラスタ読み取り。相模川系統（西谷浄水場系）。図は「主な給水区域」であり町丁目単位の断定ではない。純度 50%（判定に使った画素 1130）。位置合わせ IoU 0.863（4パラメータ）
TRACE_YOK:14105135004,14105135004,FAC_YOK_KOSUZUME,1.0,medium,2026-04-01,,DOC_YOK_SUISHITSU_R8,令和8年度水質検査計画 p11「各水源の主な給水区域」図からのラスタ読み取り。馬入川系統（小雀浄水場系）。図は「主な給水区域」であり町丁目単位の断定ではない。純度 100%（判定に使った画素 762）。位置合わせ IoU 0.863（4パラメータ）
TRACE_YOK:14105135005,14105135005,FAC_YOK_KOSUZUME,1.0,low,2026-04-01,,DOC_YOK_SUISHITSU_R8,令和8年度水質検査計画 p11「各水源の主な給水区域」図からのラスタ読み取り。馬入川系統（小雀浄水場系）。図は「主な給水区域」であり町丁目単位の断定ではない。純度 83%（判定に使った画素 1416）。位置合わせ IoU 0.863（4パラメータ）
TRACE_YOK:14105135006,14105135006,FAC_KGD_NISHINAGASAWA,1.0,low,2026-04-01,,DOC_YOK_SUISHITSU_R8,令和8年度水質検査計画 p11「各水源の主な給水区域」図からのラスタ読み取り。企業団酒匂川系統（西長沢・相模原浄水場系）。図は「主な給水区域」であり町丁目単位の断定ではない。純度 79%（判定に使った画素 510）。位置合わせ IoU 0.863（4パラメータ）。図では西長沢浄水場系と相模原浄水場系が同じ色で区別できないため供給水量の大きい西長沢に寄せている（企業団の1日平均供給水量 R7年度 西長沢 467486 ㎥ / 相模原 248448 ㎥）
TRACE_YOK:14105135007,14105135007,FAC_KGD_NISHINAGASAWA,1.0,low,2026-04-01,,DOC_YOK_SUISHITSU_R8,令和8年度水質検査計画 p11「各水源の主な給水区域」図からのラスタ読み取り。企業団酒匂川系統（西長沢・相模原浄水場系）。図は「主な給水区域」であり町丁目単位の断定ではない。純度 89%（判定に使った画素 746）。位置合わせ IoU 0.863（4パラメータ）。図では西長沢浄水場系と相模原浄水場系が同じ色で区別できないため供給水量の大きい西長沢に寄せている（企業団の1日平均供給水量 R7年度 西長沢 467486 ㎥ / 相模原 248448 ㎥）
TRACE_YOK:141051420,141051420,FAC_KGD_NISHINAGASAWA,1.0,low,2026-04-01,,DOC_YOK_SUISHITSU_R8,令和8年度水質検査計画 p11「各水源の主な給水区域」図からのラスタ読み取り。企業団酒匂川系統（西長沢・相模原浄水場系）。図は「主な給水区域」であり町丁目単位の断定ではない。純度 75%（判定に使った画素 678）。位置合わせ IoU 0.863（4パラメータ）。図では西長沢浄水場系と相模原浄水場系が同じ色で区別できないため供給水量の大きい西長沢に寄せている（企業団の1日平均供給水量 R7年度 西長沢 467486 ㎥ / 相模原 248448 ㎥）
TRACE_YOK:14105143001,14105143001,FAC_YOK_NISHIYA,1.0,medium,2026-04-01,,DOC_YOK_SUISHITSU_R8,令和8年度水質検査計画 p11「各水源の主な給水区域」図からのラスタ読み取り。相模川系統（西谷浄水場系）。図は「主な給水区域」であり町丁目単位の断定ではない。純度 100%（判定に使った画素 2275）。位置合わせ IoU 0.863（4パラメータ）
TRACE_YOK:14105143002,14105143002,FAC_YOK_NISHIYA,1.0,medium,2026-04-01,,DOC_YOK_SUISHITSU_R8,令和8年度水質検査計画 p11「各水源の主な給水区域」図からのラスタ読み取り。相模川系統（西谷浄水場系）。図は「主な給水区域」であり町丁目単位の断定ではない。純度 100%（判定に使った画素 2245）。位置合わせ IoU 0.863（4パラメータ）
TRACE_YOK:14105143003,14105143003,FAC_YOK_NISHIYA,1.0,medium,2026-04-01,,DOC_YOK_SUISHITSU_R8,令和8年度水質検査計画 p11「各水源の主な給水区域」図からのラスタ読み取り。相模川系統（西谷浄水場系）。図は「主な給水区域」であり町丁目単位の断定ではない。純度 100%（判定に使った画素 949）。位置合わせ IoU 0.863（4パラメータ）
TRACE_YOK:14105146001,14105146001,FAC_YOK_NISHIYA,1.0,low,2026-04-01,,DOC_YOK_SUISHITSU_R8,令和8年度水質検査計画 p11「各水源の主な給水区域」図からのラスタ読み取り。相模川系統（西谷浄水場系）。図は「主な給水区域」であり町丁目単位の断定ではない。純度 85%（判定に使った画素 1158）。位置合わせ IoU 0.863（4パラメータ）
TRACE_YOK:14105146002,14105146002,FAC_YOK_NISHIYA,1.0,medium,2026-04-01,,DOC_YOK_SUISHITSU_R8,令和8年度水質検査計画 p11「各水源の主な給水区域」図からのラスタ読み取り。相模川系統（西谷浄水場系）。図は「主な給水区域」であり町丁目単位の断定ではない。純度 98%（判定に使った画素 1408）。位置合わせ IoU 0.863（4パラメータ）
TRACE_YOK:141051480,141051480,FAC_YOK_NISHIYA,1.0,low,2026-04-01,,DOC_YOK_SUISHITSU_R8,令和8年度水質検査計画 p11「各水源の主な給水区域」図からのラスタ読み取り。相模川系統（西谷浄水場系）。図は「主な給水区域」であり町丁目単位の断定ではない。純度 54%（判定に使った画素 2259）。位置合わせ IoU 0.863（4パラメータ）
TRACE_YOK:14105149001,14105149001,FAC_YOK_NISHIYA,1.0,low,2026-04-01,,DOC_YOK_SUISHITSU_R8,令和8年度水質検査計画 p11「各水源の主な給水区域」図からのラスタ読み取り。相模川系統（西谷浄水場系）。図は「主な給水区域」であり町丁目単位の断定ではない。純度 88%（判定に使った画素 1349）。位置合わせ IoU 0.863（4パラメータ）
TRACE_YOK:14105149002,14105149002,FAC_YOK_NISHIYA,1.0,medium,2026-04-01,,DOC_YOK_SUISHITSU_R8,令和8年度水質検査計画 p11「各水源の主な給水区域」図からのラスタ読み取り。相模川系統（西谷浄水場系）。図は「主な給水区域」であり町丁目単位の断定ではない。純度 99%（判定に使った画素 2959）。位置合わせ IoU 0.863（4パラメータ）
TRACE_YOK:14105149003,14105149003,FAC_YOK_NISHIYA,1.0,low,2026-04-01,,DOC_YOK_SUISHITSU_R8,令和8年度水質検査計画 p11「各水源の主な給水区域」図からのラスタ読み取り。相模川系統（西谷浄水場系）。図は「主な給水区域」であり町丁目単位の断定ではない。純度 76%（判定に使った画素 1171）。位置合わせ IoU 0.863（4パラメータ）
TRACE_YOK:141051520,141051520,FAC_KGD_NISHINAGASAWA,1.0,low,2026-04-01,,DOC_YOK_SUISHITSU_R8,令和8年度水質検査計画 p11「各水源の主な給水区域」図からのラスタ読み取り。企業団酒匂川系統（西長沢・相模原浄水場系）。図は「主な給水区域」であり町丁目単位の断定ではない。純度 69%（判定に使った画素 2398）。位置合わせ IoU 0.863（4パラメータ）。図では西長沢浄水場系と相模原浄水場系が同じ色で区別できないため供給水量の大きい西長沢に寄せている（企業団の1日平均供給水量 R7年度 西長沢 467486 ㎥ / 相模原 248448 ㎥）
TRACE_YOK:141051530,141051530,FAC_KGD_NISHINAGASAWA,1.0,low,2026-04-01,,DOC_YOK_SUISHITSU_R8,令和8年度水質検査計画 p11「各水源の主な給水区域」図からのラスタ読み取り。企業団酒匂川系統（西長沢・相模原浄水場系）。図は「主な給水区域」であり町丁目単位の断定ではない。純度 74%（判定に使った画素 2089）。位置合わせ IoU 0.863（4パラメータ）。図では西長沢浄水場系と相模原浄水場系が同じ色で区別できないため供給水量の大きい西長沢に寄せている（企業団の1日平均供給水量 R7年度 西長沢 467486 ㎥ / 相模原 248448 ㎥）
TRACE_YOK:14105154001,14105154001,FAC_YOK_NISHIYA,1.0,medium,2026-04-01,,DOC_YOK_SUISHITSU_R8,令和8年度水質検査計画 p11「各水源の主な給水区域」図からのラスタ読み取り。相模川系統（西谷浄水場系）。図は「主な給水区域」であり町丁目単位の断定ではない。純度 100%（判定に使った画素 2035）。位置合わせ IoU 0.863（4パラメータ）
TRACE_YOK:14105154002,14105154002,FAC_YOK_NISHIYA,1.0,medium,2026-04-01,,DOC_YOK_SUISHITSU_R8,令和8年度水質検査計画 p11「各水源の主な給水区域」図からのラスタ読み取り。相模川系統（西谷浄水場系）。図は「主な給水区域」であり町丁目単位の断定ではない。純度 100%（判定に使った画素 1435）。位置合わせ IoU 0.863（4パラメータ）
TRACE_YOK:14105154003,14105154003,FAC_YOK_NISHIYA,1.0,medium,2026-04-01,,DOC_YOK_SUISHITSU_R8,令和8年度水質検査計画 p11「各水源の主な給水区域」図からのラスタ読み取り。相模川系統（西谷浄水場系）。図は「主な給水区域」であり町丁目単位の断定ではない。純度 100%（判定に使った画素 321）。位置合わせ IoU 0.863（4パラメータ）
TRACE_YOK:14105154004,14105154004,FAC_YOK_NISHIYA,1.0,medium,2026-04-01,,DOC_YOK_SUISHITSU_R8,令和8年度水質検査計画 p11「各水源の主な給水区域」図からのラスタ読み取り。相模川系統（西谷浄水場系）。図は「主な給水区域」であり町丁目単位の断定ではない。純度 100%（判定に使った画素 1488）。位置合わせ IoU 0.863（4パラメータ）
TRACE_YOK:141060010,141060010,FAC_YOK_NISHIYA,1.0,medium,2026-04-01,,DOC_YOK_SUISHITSU_R8,令和8年度水質検査計画 p11「各水源の主な給水区域」図からのラスタ読み取り。相模川系統（西谷浄水場系）。図は「主な給水区域」であり町丁目単位の断定ではない。純度 100%（判定に使った画素 5353）。位置合わせ IoU 0.863（4パラメータ）
TRACE_YOK:141060020,141060020,FAC_YOK_NISHIYA,1.0,low,2026-04-01,,DOC_YOK_SUISHITSU_R8,令和8年度水質検査計画 p11「各水源の主な給水区域」図からのラスタ読み取り。相模川系統（西谷浄水場系）。図は「主な給水区域」であり町丁目単位の断定ではない。純度 86%（判定に使った画素 3192）。位置合わせ IoU 0.863（4パラメータ）
TRACE_YOK:14106003001,14106003001,FAC_YOK_NISHIYA,1.0,medium,2026-04-01,,DOC_YOK_SUISHITSU_R8,令和8年度水質検査計画 p11「各水源の主な給水区域」図からのラスタ読み取り。相模川系統（西谷浄水場系）。図は「主な給水区域」であり町丁目単位の断定ではない。純度 100%（判定に使った画素 749）。位置合わせ IoU 0.863（4パラメータ）
TRACE_YOK:14106003002,14106003002,FAC_YOK_NISHIYA,1.0,medium,2026-04-01,,DOC_YOK_SUISHITSU_R8,令和8年度水質検査計画 p11「各水源の主な給水区域」図からのラスタ読み取り。相模川系統（西谷浄水場系）。図は「主な給水区域」であり町丁目単位の断定ではない。純度 98%（判定に使った画素 549）。位置合わせ IoU 0.863（4パラメータ）
TRACE_YOK:14106003003,14106003003,FAC_YOK_NISHIYA,1.0,medium,2026-04-01,,DOC_YOK_SUISHITSU_R8,令和8年度水質検査計画 p11「各水源の主な給水区域」図からのラスタ読み取り。相模川系統（西谷浄水場系）。図は「主な給水区域」であり町丁目単位の断定ではない。純度 99%（判定に使った画素 328）。位置合わせ IoU 0.863（4パラメータ）
TRACE_YOK:141060060,141060060,FAC_KGD_NISHINAGASAWA,1.0,low,2026-04-01,,DOC_YOK_SUISHITSU_R8,令和8年度水質検査計画 p11「各水源の主な給水区域」図からのラスタ読み取り。企業団酒匂川系統（西長沢・相模原浄水場系）。図は「主な給水区域」であり町丁目単位の断定ではない。純度 90%（判定に使った画素 8770）。位置合わせ IoU 0.863（4パラメータ）。図では西長沢浄水場系と相模原浄水場系が同じ色で区別できないため供給水量の大きい西長沢に寄せている（企業団の1日平均供給水量 R7年度 西長沢 467486 ㎥ / 相模原 248448 ㎥）
TRACE_YOK:14106007001,14106007001,FAC_KGD_NISHINAGASAWA,1.0,medium,2026-04-01,,DOC_YOK_SUISHITSU_R8,令和8年度水質検査計画 p11「各水源の主な給水区域」図からのラスタ読み取り。企業団酒匂川系統（西長沢・相模原浄水場系）。図は「主な給水区域」であり町丁目単位の断定ではない。純度 100%（判定に使った画素 743）。位置合わせ IoU 0.863（4パラメータ）。図では西長沢浄水場系と相模原浄水場系が同じ色で区別できないため供給水量の大きい西長沢に寄せている（企業団の1日平均供給水量 R7年度 西長沢 467486 ㎥ / 相模原 248448 ㎥）
TRACE_YOK:14106007002,14106007002,FAC_KGD_NISHINAGASAWA,1.0,medium,2026-04-01,,DOC_YOK_SUISHITSU_R8,令和8年度水質検査計画 p11「各水源の主な給水区域」図からのラスタ読み取り。企業団酒匂川系統（西長沢・相模原浄水場系）。図は「主な給水区域」であり町丁目単位の断定ではない。純度 100%（判定に使った画素 1029）。位置合わせ IoU 0.863（4パラメータ）。図では西長沢浄水場系と相模原浄水場系が同じ色で区別できないため供給水量の大きい西長沢に寄せている（企業団の1日平均供給水量 R7年度 西長沢 467486 ㎥ / 相模原 248448 ㎥）
TRACE_YOK:14106007003,14106007003,FAC_KGD_NISHINAGASAWA,1.0,medium,2026-04-01,,DOC_YOK_SUISHITSU_R8,令和8年度水質検査計画 p11「各水源の主な給水区域」図からのラスタ読み取り。企業団酒匂川系統（西長沢・相模原浄水場系）。図は「主な給水区域」であり町丁目単位の断定ではない。純度 100%（判定に使った画素 1819）。位置合わせ IoU 0.863（4パラメータ）。図では西長沢浄水場系と相模原浄水場系が同じ色で区別できないため供給水量の大きい西長沢に寄せている（企業団の1日平均供給水量 R7年度 西長沢 467486 ㎥ / 相模原 248448 ㎥）
TRACE_YOK:141060100,141060100,FAC_KGD_NISHINAGASAWA,1.0,medium,2026-04-01,,DOC_YOK_SUISHITSU_R8,令和8年度水質検査計画 p11「各水源の主な給水区域」図からのラスタ読み取り。企業団酒匂川系統（西長沢・相模原浄水場系）。図は「主な給水区域」であり町丁目単位の断定ではない。純度 97%（判定に使った画素 932）。位置合わせ IoU 0.863（4パラメータ）。図では西長沢浄水場系と相模原浄水場系が同じ色で区別できないため供給水量の大きい西長沢に寄せている（企業団の1日平均供給水量 R7年度 西長沢 467486 ㎥ / 相模原 248448 ㎥）
TRACE_YOK:141060110,141060110,FAC_KGD_NISHINAGASAWA,1.0,low,2026-04-01,,DOC_YOK_SUISHITSU_R8,令和8年度水質検査計画 p11「各水源の主な給水区域」図からのラスタ読み取り。企業団酒匂川系統（西長沢・相模原浄水場系）。図は「主な給水区域」であり町丁目単位の断定ではない。純度 94%（判定に使った画素 967）。位置合わせ IoU 0.863（4パラメータ）。図では西長沢浄水場系と相模原浄水場系が同じ色で区別できないため供給水量の大きい西長沢に寄せている（企業団の1日平均供給水量 R7年度 西長沢 467486 ㎥ / 相模原 248448 ㎥）
TRACE_YOK:141060120,141060120,FAC_YOK_KOSUZUME,1.0,low,2026-04-01,,DOC_YOK_SUISHITSU_R8,令和8年度水質検査計画 p11「各水源の主な給水区域」図からのラスタ読み取り。馬入川系統（小雀浄水場系）。図は「主な給水区域」であり町丁目単位の断定ではない。純度 73%（判定に使った画素 7856）。位置合わせ IoU 0.863（4パラメータ）
TRACE_YOK:14106013001,14106013001,FAC_KGD_NISHINAGASAWA,1.0,medium,2026-04-01,,DOC_YOK_SUISHITSU_R8,令和8年度水質検査計画 p11「各水源の主な給水区域」図からのラスタ読み取り。企業団酒匂川系統（西長沢・相模原浄水場系）。図は「主な給水区域」であり町丁目単位の断定ではない。純度 100%（判定に使った画素 201）。位置合わせ IoU 0.863（4パラメータ）。図では西長沢浄水場系と相模原浄水場系が同じ色で区別できないため供給水量の大きい西長沢に寄せている（企業団の1日平均供給水量 R7年度 西長沢 467486 ㎥ / 相模原 248448 ㎥）
TRACE_YOK:14106013002,14106013002,FAC_KGD_NISHINAGASAWA,1.0,medium,2026-04-01,,DOC_YOK_SUISHITSU_R8,令和8年度水質検査計画 p11「各水源の主な給水区域」図からのラスタ読み取り。企業団酒匂川系統（西長沢・相模原浄水場系）。図は「主な給水区域」であり町丁目単位の断定ではない。純度 100%（判定に使った画素 575）。位置合わせ IoU 0.863（4パラメータ）。図では西長沢浄水場系と相模原浄水場系が同じ色で区別できないため供給水量の大きい西長沢に寄せている（企業団の1日平均供給水量 R7年度 西長沢 467486 ㎥ / 相模原 248448 ㎥）
TRACE_YOK:14106013003,14106013003,FAC_KGD_NISHINAGASAWA,1.0,medium,2026-04-01,,DOC_YOK_SUISHITSU_R8,令和8年度水質検査計画 p11「各水源の主な給水区域」図からのラスタ読み取り。企業団酒匂川系統（西長沢・相模原浄水場系）。図は「主な給水区域」であり町丁目単位の断定ではない。純度 100%（判定に使った画素 441）。位置合わせ IoU 0.863（4パラメータ）。図では西長沢浄水場系と相模原浄水場系が同じ色で区別できないため供給水量の大きい西長沢に寄せている（企業団の1日平均供給水量 R7年度 西長沢 467486 ㎥ / 相模原 248448 ㎥）
TRACE_YOK:141060160,141060160,FAC_KGD_NISHINAGASAWA,1.0,medium,2026-04-01,,DOC_YOK_SUISHITSU_R8,令和8年度水質検査計画 p11「各水源の主な給水区域」図からのラスタ読み取り。企業団酒匂川系統（西長沢・相模原浄水場系）。図は「主な給水区域」であり町丁目単位の断定ではない。純度 100%（判定に使った画素 2342）。位置合わせ IoU 0.863（4パラメータ）。図では西長沢浄水場系と相模原浄水場系が同じ色で区別できないため供給水量の大きい西長沢に寄せている（企業団の1日平均供給水量 R7年度 西長沢 467486 ㎥ / 相模原 248448 ㎥）
TRACE_YOK:141060170,141060170,FAC_KGD_NISHINAGASAWA,1.0,medium,2026-04-01,,DOC_YOK_SUISHITSU_R8,令和8年度水質検査計画 p11「各水源の主な給水区域」図からのラスタ読み取り。企業団酒匂川系統（西長沢・相模原浄水場系）。図は「主な給水区域」であり町丁目単位の断定ではない。純度 100%（判定に使った画素 2147）。位置合わせ IoU 0.863（4パラメータ）。図では西長沢浄水場系と相模原浄水場系が同じ色で区別できないため供給水量の大きい西長沢に寄せている（企業団の1日平均供給水量 R7年度 西長沢 467486 ㎥ / 相模原 248448 ㎥）
TRACE_YOK:141060180,141060180,FAC_KGD_NISHINAGASAWA,1.0,medium,2026-04-01,,DOC_YOK_SUISHITSU_R8,令和8年度水質検査計画 p11「各水源の主な給水区域」図からのラスタ読み取り。企業団酒匂川系統（西長沢・相模原浄水場系）。図は「主な給水区域」であり町丁目単位の断定ではない。純度 96%（判定に使った画素 2470）。位置合わせ IoU 0.863（4パラメータ）。図では西長沢浄水場系と相模原浄水場系が同じ色で区別できないため供給水量の大きい西長沢に寄せている（企業団の1日平均供給水量 R7年度 西長沢 467486 ㎥ / 相模原 248448 ㎥）
TRACE_YOK:141060190,141060190,FAC_KGD_NISHINAGASAWA,1.0,low,2026-04-01,,DOC_YOK_SUISHITSU_R8,令和8年度水質検査計画 p11「各水源の主な給水区域」図からのラスタ読み取り。企業団酒匂川系統（西長沢・相模原浄水場系）。図は「主な給水区域」であり町丁目単位の断定ではない。純度 72%（判定に使った画素 2267）。位置合わせ IoU 0.863（4パラメータ）。図では西長沢浄水場系と相模原浄水場系が同じ色で区別できないため供給水量の大きい西長沢に寄せている（企業団の1日平均供給水量 R7年度 西長沢 467486 ㎥ / 相模原 248448 ㎥）
TRACE_YOK:141060200,141060200,FAC_KGD_NISHINAGASAWA,1.0,low,2026-04-01,,DOC_YOK_SUISHITSU_R8,令和8年度水質検査計画 p11「各水源の主な給水区域」図からのラスタ読み取り。企業団酒匂川系統（西長沢・相模原浄水場系）。図は「主な給水区域」であり町丁目単位の断定ではない。純度 58%（判定に使った画素 2203）。位置合わせ IoU 0.863（4パラメータ）。図では西長沢浄水場系と相模原浄水場系が同じ色で区別できないため供給水量の大きい西長沢に寄せている（企業団の1日平均供給水量 R7年度 西長沢 467486 ㎥ / 相模原 248448 ㎥）
TRACE_YOK:14106021101,14106021101,FAC_KGD_NISHINAGASAWA,1.0,low,2026-04-01,,DOC_YOK_SUISHITSU_R8,令和8年度水質検査計画 p11「各水源の主な給水区域」図からのラスタ読み取り。企業団酒匂川系統（西長沢・相模原浄水場系）。図は「主な給水区域」であり町丁目単位の断定ではない。純度 76%（判定に使った画素 1048）。位置合わせ IoU 0.863（4パラメータ）。図では西長沢浄水場系と相模原浄水場系が同じ色で区別できないため供給水量の大きい西長沢に寄せている（企業団の1日平均供給水量 R7年度 西長沢 467486 ㎥ / 相模原 248448 ㎥）
TRACE_YOK:14106021102,14106021102,FAC_KGD_NISHINAGASAWA,1.0,medium,2026-04-01,,DOC_YOK_SUISHITSU_R8,令和8年度水質検査計画 p11「各水源の主な給水区域」図からのラスタ読み取り。企業団酒匂川系統（西長沢・相模原浄水場系）。図は「主な給水区域」であり町丁目単位の断定ではない。純度 99%（判定に使った画素 2016）。位置合わせ IoU 0.863（4パラメータ）。図では西長沢浄水場系と相模原浄水場系が同じ色で区別できないため供給水量の大きい西長沢に寄せている（企業団の1日平均供給水量 R7年度 西長沢 467486 ㎥ / 相模原 248448 ㎥）
TRACE_YOK:141060220,141060220,FAC_KGD_NISHINAGASAWA,1.0,low,2026-04-01,,DOC_YOK_SUISHITSU_R8,令和8年度水質検査計画 p11「各水源の主な給水区域」図からのラスタ読み取り。企業団酒匂川系統（西長沢・相模原浄水場系）。図は「主な給水区域」であり町丁目単位の断定ではない。純度 71%（判定に使った画素 2188）。位置合わせ IoU 0.863（4パラメータ）。図では西長沢浄水場系と相模原浄水場系が同じ色で区別できないため供給水量の大きい西長沢に寄せている（企業団の1日平均供給水量 R7年度 西長沢 467486 ㎥ / 相模原 248448 ㎥）
TRACE_YOK:14106023001,14106023001,FAC_YOK_NISHIYA,1.0,medium,2026-04-01,,DOC_YOK_SUISHITSU_R8,令和8年度水質検査計画 p11「各水源の主な給水区域」図からのラスタ読み取り。相模川系統（西谷浄水場系）。図は「主な給水区域」であり町丁目単位の断定ではない。純度 100%（判定に使った画素 299）。位置合わせ IoU 0.863（4パラメータ）
TRACE_YOK:14106023002,14106023002,FAC_YOK_NISHIYA,1.0,medium,2026-04-01,,DOC_YOK_SUISHITSU_R8,令和8年度水質検査計画 p11「各水源の主な給水区域」図からのラスタ読み取り。相模川系統（西谷浄水場系）。図は「主な給水区域」であり町丁目単位の断定ではない。純度 100%（判定に使った画素 348）。位置合わせ IoU 0.863（4パラメータ）
TRACE_YOK:141060250,141060250,FAC_YOK_NISHIYA,1.0,medium,2026-04-01,,DOC_YOK_SUISHITSU_R8,令和8年度水質検査計画 p11「各水源の主な給水区域」図からのラスタ読み取り。相模川系統（西谷浄水場系）。図は「主な給水区域」であり町丁目単位の断定ではない。純度 100%（判定に使った画素 2533）。位置合わせ IoU 0.863（4パラメータ）
TRACE_YOK:14106026001,14106026001,FAC_YOK_NISHIYA,1.0,medium,2026-04-01,,DOC_YOK_SUISHITSU_R8,令和8年度水質検査計画 p11「各水源の主な給水区域」図からのラスタ読み取り。相模川系統（西谷浄水場系）。図は「主な給水区域」であり町丁目単位の断定ではない。純度 100%（判定に使った画素 566）。位置合わせ IoU 0.863（4パラメータ）
TRACE_YOK:14106026002,14106026002,FAC_YOK_NISHIYA,1.0,medium,2026-04-01,,DOC_YOK_SUISHITSU_R8,令和8年度水質検査計画 p11「各水源の主な給水区域」図からのラスタ読み取り。相模川系統（西谷浄水場系）。図は「主な給水区域」であり町丁目単位の断定ではない。純度 100%（判定に使った画素 463）。位置合わせ IoU 0.863（4パラメータ）
TRACE_YOK:141060280,141060280,FAC_YOK_NISHIYA,1.0,low,2026-04-01,,DOC_YOK_SUISHITSU_R8,令和8年度水質検査計画 p11「各水源の主な給水区域」図からのラスタ読み取り。相模川系統（西谷浄水場系）。図は「主な給水区域」であり町丁目単位の断定ではない。純度 92%（判定に使った画素 2668）。位置合わせ IoU 0.863（4パラメータ）
TRACE_YOK:14106029001,14106029001,FAC_YOK_NISHIYA,1.0,low,2026-04-01,,DOC_YOK_SUISHITSU_R8,令和8年度水質検査計画 p11「各水源の主な給水区域」図からのラスタ読み取り。相模川系統（西谷浄水場系）。図は「主な給水区域」であり町丁目単位の断定ではない。純度 81%（判定に使った画素 1896）。位置合わせ IoU 0.863（4パラメータ）
TRACE_YOK:14106029002,14106029002,FAC_YOK_NISHIYA,1.0,low,2026-04-01,,DOC_YOK_SUISHITSU_R8,令和8年度水質検査計画 p11「各水源の主な給水区域」図からのラスタ読み取り。相模川系統（西谷浄水場系）。図は「主な給水区域」であり町丁目単位の断定ではない。純度 83%（判定に使った画素 1583）。位置合わせ IoU 0.863（4パラメータ）
TRACE_YOK:14106029003,14106029003,FAC_YOK_NISHIYA,1.0,low,2026-04-01,,DOC_YOK_SUISHITSU_R8,令和8年度水質検査計画 p11「各水源の主な給水区域」図からのラスタ読み取り。相模川系統（西谷浄水場系）。図は「主な給水区域」であり町丁目単位の断定ではない。純度 82%（判定に使った画素 2123）。位置合わせ IoU 0.863（4パラメータ）
TRACE_YOK:141060321,141060321,FAC_KGD_NISHINAGASAWA,1.0,low,2026-04-01,,DOC_YOK_SUISHITSU_R8,令和8年度水質検査計画 p11「各水源の主な給水区域」図からのラスタ読み取り。企業団酒匂川系統（西長沢・相模原浄水場系）。図は「主な給水区域」であり町丁目単位の断定ではない。純度 95%（判定に使った画素 1194）。位置合わせ IoU 0.863（4パラメータ）。図では西長沢浄水場系と相模原浄水場系が同じ色で区別できないため供給水量の大きい西長沢に寄せている（企業団の1日平均供給水量 R7年度 西長沢 467486 ㎥ / 相模原 248448 ㎥）
TRACE_YOK:141060330,141060330,FAC_YOK_NISHIYA,1.0,medium,2026-04-01,,DOC_YOK_SUISHITSU_R8,令和8年度水質検査計画 p11「各水源の主な給水区域」図からのラスタ読み取り。相模川系統（西谷浄水場系）。図は「主な給水区域」であり町丁目単位の断定ではない。純度 100%（判定に使った画素 2157）。位置合わせ IoU 0.863（4パラメータ）
TRACE_YOK:14106034001,14106034001,FAC_YOK_NISHIYA,1.0,low,2026-04-01,,DOC_YOK_SUISHITSU_R8,令和8年度水質検査計画 p11「各水源の主な給水区域」図からのラスタ読み取り。相模川系統（西谷浄水場系）。図は「主な給水区域」であり町丁目単位の断定ではない。純度 91%（判定に使った画素 1043）。位置合わせ IoU 0.863（4パラメータ）
TRACE_YOK:14106034002,14106034002,FAC_YOK_NISHIYA,1.0,medium,2026-04-01,,DOC_YOK_SUISHITSU_R8,令和8年度水質検査計画 p11「各水源の主な給水区域」図からのラスタ読み取り。相模川系統（西谷浄水場系）。図は「主な給水区域」であり町丁目単位の断定ではない。純度 100%（判定に使った画素 1303）。位置合わせ IoU 0.863（4パラメータ）
TRACE_YOK:14106036001,14106036001,FAC_YOK_NISHIYA,1.0,low,2026-04-01,,DOC_YOK_SUISHITSU_R8,令和8年度水質検査計画 p11「各水源の主な給水区域」図からのラスタ読み取り。相模川系統（西谷浄水場系）。図は「主な給水区域」であり町丁目単位の断定ではない。純度 69%（判定に使った画素 650）。位置合わせ IoU 0.863（4パラメータ）
TRACE_YOK:14106036002,14106036002,FAC_YOK_NISHIYA,1.0,low,2026-04-01,,DOC_YOK_SUISHITSU_R8,令和8年度水質検査計画 p11「各水源の主な給水区域」図からのラスタ読み取り。相模川系統（西谷浄水場系）。図は「主な給水区域」であり町丁目単位の断定ではない。純度 90%（判定に使った画素 595）。位置合わせ IoU 0.863（4パラメータ）
TRACE_YOK:14106036003,14106036003,FAC_YOK_NISHIYA,1.0,low,2026-04-01,,DOC_YOK_SUISHITSU_R8,令和8年度水質検査計画 p11「各水源の主な給水区域」図からのラスタ読み取り。相模川系統（西谷浄水場系）。図は「主な給水区域」であり町丁目単位の断定ではない。純度 84%（判定に使った画素 358）。位置合わせ IoU 0.863（4パラメータ）
TRACE_YOK:141060390,141060390,FAC_YOK_NISHIYA,1.0,low,2026-04-01,,DOC_YOK_SUISHITSU_R8,令和8年度水質検査計画 p11「各水源の主な給水区域」図からのラスタ読み取り。相模川系統（西谷浄水場系）。図は「主な給水区域」であり町丁目単位の断定ではない。純度 54%（判定に使った画素 1530）。位置合わせ IoU 0.863（4パラメータ）
TRACE_YOK:141060400,141060400,FAC_YOK_NISHIYA,1.0,medium,2026-04-01,,DOC_YOK_SUISHITSU_R8,令和8年度水質検査計画 p11「各水源の主な給水区域」図からのラスタ読み取り。相模川系統（西谷浄水場系）。図は「主な給水区域」であり町丁目単位の断定ではない。純度 100%（判定に使った画素 6322）。位置合わせ IoU 0.863（4パラメータ）
TRACE_YOK:141060410,141060410,FAC_YOK_NISHIYA,1.0,medium,2026-04-01,,DOC_YOK_SUISHITSU_R8,令和8年度水質検査計画 p11「各水源の主な給水区域」図からのラスタ読み取り。相模川系統（西谷浄水場系）。図は「主な給水区域」であり町丁目単位の断定ではない。純度 100%（判定に使った画素 2488）。位置合わせ IoU 0.863（4パラメータ）
TRACE_YOK:14106042001,14106042001,FAC_YOK_NISHIYA,1.0,low,2026-04-01,,DOC_YOK_SUISHITSU_R8,令和8年度水質検査計画 p11「各水源の主な給水区域」図からのラスタ読み取り。相模川系統（西谷浄水場系）。図は「主な給水区域」であり町丁目単位の断定ではない。純度 79%（判定に使った画素 1252）。位置合わせ IoU 0.863（4パラメータ）
TRACE_YOK:14106042002,14106042002,FAC_YOK_NISHIYA,1.0,medium,2026-04-01,,DOC_YOK_SUISHITSU_R8,令和8年度水質検査計画 p11「各水源の主な給水区域」図からのラスタ読み取り。相模川系統（西谷浄水場系）。図は「主な給水区域」であり町丁目単位の断定ではない。純度 100%（判定に使った画素 2017）。位置合わせ IoU 0.863（4パラメータ）
TRACE_YOK:14106042003,14106042003,FAC_YOK_NISHIYA,1.0,medium,2026-04-01,,DOC_YOK_SUISHITSU_R8,令和8年度水質検査計画 p11「各水源の主な給水区域」図からのラスタ読み取り。相模川系統（西谷浄水場系）。図は「主な給水区域」であり町丁目単位の断定ではない。純度 99%（判定に使った画素 475）。位置合わせ IoU 0.863（4パラメータ）
TRACE_YOK:14106045001,14106045001,FAC_YOK_NISHIYA,1.0,medium,2026-04-01,,DOC_YOK_SUISHITSU_R8,令和8年度水質検査計画 p11「各水源の主な給水区域」図からのラスタ読み取り。相模川系統（西谷浄水場系）。図は「主な給水区域」であり町丁目単位の断定ではない。純度 100%（判定に使った画素 1252）。位置合わせ IoU 0.863（4パラメータ）
TRACE_YOK:14106045002,14106045002,FAC_YOK_NISHIYA,1.0,medium,2026-04-01,,DOC_YOK_SUISHITSU_R8,令和8年度水質検査計画 p11「各水源の主な給水区域」図からのラスタ読み取り。相模川系統（西谷浄水場系）。図は「主な給水区域」であり町丁目単位の断定ではない。純度 100%（判定に使った画素 1313）。位置合わせ IoU 0.863（4パラメータ）
TRACE_YOK:141060470,141060470,FAC_YOK_NISHIYA,1.0,medium,2026-04-01,,DOC_YOK_SUISHITSU_R8,令和8年度水質検査計画 p11「各水源の主な給水区域」図からのラスタ読み取り。相模川系統（西谷浄水場系）。図は「主な給水区域」であり町丁目単位の断定ではない。純度 95%（判定に使った画素 6987）。位置合わせ IoU 0.863（4パラメータ）
TRACE_YOK:141060480,141060480,FAC_YOK_NISHIYA,1.0,medium,2026-04-01,,DOC_YOK_SUISHITSU_R8,令和8年度水質検査計画 p11「各水源の主な給水区域」図からのラスタ読み取り。相模川系統（西谷浄水場系）。図は「主な給水区域」であり町丁目単位の断定ではない。純度 100%（判定に使った画素 2890）。位置合わせ IoU 0.863（4パラメータ）
TRACE_YOK:141060491,141060491,FAC_KGD_NISHINAGASAWA,1.0,low,2026-04-01,,DOC_YOK_SUISHITSU_R8,令和8年度水質検査計画 p11「各水源の主な給水区域」図からのラスタ読み取り。企業団酒匂川系統（西長沢・相模原浄水場系）。図は「主な給水区域」であり町丁目単位の断定ではない。純度 72%（判定に使った画素 1651）。位置合わせ IoU 0.863（4パラメータ）。図では西長沢浄水場系と相模原浄水場系が同じ色で区別できないため供給水量の大きい西長沢に寄せている（企業団の1日平均供給水量 R7年度 西長沢 467486 ㎥ / 相模原 248448 ㎥）
TRACE_YOK:14106049201,14106049201,FAC_KGD_NISHINAGASAWA,1.0,low,2026-04-01,,DOC_YOK_SUISHITSU_R8,令和8年度水質検査計画 p11「各水源の主な給水区域」図からのラスタ読み取り。企業団酒匂川系統（西長沢・相模原浄水場系）。図は「主な給水区域」であり町丁目単位の断定ではない。純度 78%（判定に使った画素 8428）。位置合わせ IoU 0.863（4パラメータ）。図では西長沢浄水場系と相模原浄水場系が同じ色で区別できないため供給水量の大きい西長沢に寄せている（企業団の1日平均供給水量 R7年度 西長沢 467486 ㎥ / 相模原 248448 ㎥）
TRACE_YOK:14106049202,14106049202,FAC_KGD_NISHINAGASAWA,1.0,low,2026-04-01,,DOC_YOK_SUISHITSU_R8,令和8年度水質検査計画 p11「各水源の主な給水区域」図からのラスタ読み取り。企業団酒匂川系統（西長沢・相模原浄水場系）。図は「主な給水区域」であり町丁目単位の断定ではない。純度 95%（判定に使った画素 3950）。位置合わせ IoU 0.863（4パラメータ）。図では西長沢浄水場系と相模原浄水場系が同じ色で区別できないため供給水量の大きい西長沢に寄せている（企業団の1日平均供給水量 R7年度 西長沢 467486 ㎥ / 相模原 248448 ㎥）
TRACE_YOK:141060500,141060500,FAC_YOK_NISHIYA,1.0,low,2026-04-01,,DOC_YOK_SUISHITSU_R8,令和8年度水質検査計画 p11「各水源の主な給水区域」図からのラスタ読み取り。相模川系統（西谷浄水場系）。図は「主な給水区域」であり町丁目単位の断定ではない。純度 85%（判定に使った画素 2094）。位置合わせ IoU 0.863（4パラメータ）
TRACE_YOK:14106051001,14106051001,FAC_YOK_NISHIYA,1.0,medium,2026-04-01,,DOC_YOK_SUISHITSU_R8,令和8年度水質検査計画 p11「各水源の主な給水区域」図からのラスタ読み取り。相模川系統（西谷浄水場系）。図は「主な給水区域」であり町丁目単位の断定ではない。純度 100%（判定に使った画素 955）。位置合わせ IoU 0.863（4パラメータ）
TRACE_YOK:14106051002,14106051002,FAC_YOK_NISHIYA,1.0,medium,2026-04-01,,DOC_YOK_SUISHITSU_R8,令和8年度水質検査計画 p11「各水源の主な給水区域」図からのラスタ読み取り。相模川系統（西谷浄水場系）。図は「主な給水区域」であり町丁目単位の断定ではない。純度 99%（判定に使った画素 2910）。位置合わせ IoU 0.863（4パラメータ）
TRACE_YOK:14106051003,14106051003,FAC_YOK_NISHIYA,1.0,medium,2026-04-01,,DOC_YOK_SUISHITSU_R8,令和8年度水質検査計画 p11「各水源の主な給水区域」図からのラスタ読み取り。相模川系統（西谷浄水場系）。図は「主な給水区域」であり町丁目単位の断定ではない。純度 100%（判定に使った画素 968）。位置合わせ IoU 0.863（4パラメータ）
TRACE_YOK:14106053001,14106053001,FAC_KGD_NISHINAGASAWA,1.0,low,2026-04-01,,DOC_YOK_SUISHITSU_R8,令和8年度水質検査計画 p11「各水源の主な給水区域」図からのラスタ読み取り。企業団酒匂川系統（西長沢・相模原浄水場系）。図は「主な給水区域」であり町丁目単位の断定ではない。純度 64%（判定に使った画素 7485）。位置合わせ IoU 0.863（4パラメータ）。図では西長沢浄水場系と相模原浄水場系が同じ色で区別できないため供給水量の大きい西長沢に寄せている（企業団の1日平均供給水量 R7年度 西長沢 467486 ㎥ / 相模原 248448 ㎥）
TRACE_YOK:14106053002,14106053002,FAC_KGD_NISHINAGASAWA,1.0,low,2026-04-01,,DOC_YOK_SUISHITSU_R8,令和8年度水質検査計画 p11「各水源の主な給水区域」図からのラスタ読み取り。企業団酒匂川系統（西長沢・相模原浄水場系）。図は「主な給水区域」であり町丁目単位の断定ではない。純度 87%（判定に使った画素 3141）。位置合わせ IoU 0.863（4パラメータ）。図では西長沢浄水場系と相模原浄水場系が同じ色で区別できないため供給水量の大きい西長沢に寄せている（企業団の1日平均供給水量 R7年度 西長沢 467486 ㎥ / 相模原 248448 ㎥）
TRACE_YOK:141060540,141060540,FAC_YOK_NISHIYA,1.0,low,2026-04-01,,DOC_YOK_SUISHITSU_R8,令和8年度水質検査計画 p11「各水源の主な給水区域」図からのラスタ読み取り。相模川系統（西谷浄水場系）。図は「主な給水区域」であり町丁目単位の断定ではない。純度 73%（判定に使った画素 2130）。位置合わせ IoU 0.863（4パラメータ）
TRACE_YOK:14106055001,14106055001,FAC_YOK_KAWAI,1.0,medium,2026-04-01,,DOC_YOK_SUISHITSU_R8,令和8年度水質検査計画 p11「各水源の主な給水区域」図からのラスタ読み取り。道志川系統（川井浄水場系）。図は「主な給水区域」であり町丁目単位の断定ではない。純度 97%（判定に使った画素 2754）。位置合わせ IoU 0.863（4パラメータ）
TRACE_YOK:14106055002,14106055002,FAC_YOK_KAWAI,1.0,medium,2026-04-01,,DOC_YOK_SUISHITSU_R8,令和8年度水質検査計画 p11「各水源の主な給水区域」図からのラスタ読み取り。道志川系統（川井浄水場系）。図は「主な給水区域」であり町丁目単位の断定ではない。純度 96%（判定に使った画素 4641）。位置合わせ IoU 0.863（4パラメータ）
TRACE_YOK:14106056001,14106056001,FAC_YOK_KAWAI,1.0,medium,2026-04-01,,DOC_YOK_SUISHITSU_R8,令和8年度水質検査計画 p11「各水源の主な給水区域」図からのラスタ読み取り。道志川系統（川井浄水場系）。図は「主な給水区域」であり町丁目単位の断定ではない。純度 97%（判定に使った画素 11554）。位置合わせ IoU 0.863（4パラメータ）
TRACE_YOK:14106056002,14106056002,FAC_YOK_KAWAI,1.0,low,2026-04-01,,DOC_YOK_SUISHITSU_R8,令和8年度水質検査計画 p11「各水源の主な給水区域」図からのラスタ読み取り。道志川系統（川井浄水場系）。図は「主な給水区域」であり町丁目単位の断定ではない。純度 85%（判定に使った画素 5107）。位置合わせ IoU 0.863（4パラメータ）
TRACE_YOK:14106057001,14106057001,FAC_KGD_NISHINAGASAWA,1.0,low,2026-04-01,,DOC_YOK_SUISHITSU_R8,令和8年度水質検査計画 p11「各水源の主な給水区域」図からのラスタ読み取り。企業団酒匂川系統（西長沢・相模原浄水場系）。図は「主な給水区域」であり町丁目単位の断定ではない。純度 92%（判定に使った画素 2151）。位置合わせ IoU 0.863（4パラメータ）。図では西長沢浄水場系と相模原浄水場系が同じ色で区別できないため供給水量の大きい西長沢に寄せている（企業団の1日平均供給水量 R7年度 西長沢 467486 ㎥ / 相模原 248448 ㎥）
TRACE_YOK:14106057002,14106057002,FAC_KGD_NISHINAGASAWA,1.0,medium,2026-04-01,,DOC_YOK_SUISHITSU_R8,令和8年度水質検査計画 p11「各水源の主な給水区域」図からのラスタ読み取り。企業団酒匂川系統（西長沢・相模原浄水場系）。図は「主な給水区域」であり町丁目単位の断定ではない。純度 100%（判定に使った画素 1916）。位置合わせ IoU 0.863（4パラメータ）。図では西長沢浄水場系と相模原浄水場系が同じ色で区別できないため供給水量の大きい西長沢に寄せている（企業団の1日平均供給水量 R7年度 西長沢 467486 ㎥ / 相模原 248448 ㎥）
TRACE_YOK:141070010,141070010,FAC_YOK_NISHIYA,1.0,medium,2026-04-01,,DOC_YOK_SUISHITSU_R8,令和8年度水質検査計画 p11「各水源の主な給水区域」図からのラスタ読み取り。相模川系統（西谷浄水場系）。図は「主な給水区域」であり町丁目単位の断定ではない。純度 100%（判定に使った画素 1505）。位置合わせ IoU 0.863（4パラメータ）
TRACE_YOK:141070020,141070020,FAC_YOK_NISHIYA,1.0,medium,2026-04-01,,DOC_YOK_SUISHITSU_R8,令和8年度水質検査計画 p11「各水源の主な給水区域」図からのラスタ読み取り。相模川系統（西谷浄水場系）。図は「主な給水区域」であり町丁目単位の断定ではない。純度 100%（判定に使った画素 1517）。位置合わせ IoU 0.863（4パラメータ）
TRACE_YOK:141070030,141070030,FAC_YOK_NISHIYA,1.0,medium,2026-04-01,,DOC_YOK_SUISHITSU_R8,令和8年度水質検査計画 p11「各水源の主な給水区域」図からのラスタ読み取り。相模川系統（西谷浄水場系）。図は「主な給水区域」であり町丁目単位の断定ではない。純度 96%（判定に使った画素 5243）。位置合わせ IoU 0.863（4パラメータ）
TRACE_YOK:141070040,141070040,FAC_YOK_NISHIYA,1.0,medium,2026-04-01,,DOC_YOK_SUISHITSU_R8,令和8年度水質検査計画 p11「各水源の主な給水区域」図からのラスタ読み取り。相模川系統（西谷浄水場系）。図は「主な給水区域」であり町丁目単位の断定ではない。純度 98%（判定に使った画素 1495）。位置合わせ IoU 0.863（4パラメータ）
TRACE_YOK:141070050,141070050,FAC_YOK_NISHIYA,1.0,medium,2026-04-01,,DOC_YOK_SUISHITSU_R8,令和8年度水質検査計画 p11「各水源の主な給水区域」図からのラスタ読み取り。相模川系統（西谷浄水場系）。図は「主な給水区域」であり町丁目単位の断定ではない。純度 100%（判定に使った画素 963）。位置合わせ IoU 0.863（4パラメータ）
TRACE_YOK:141070060,141070060,FAC_YOK_NISHIYA,1.0,medium,2026-04-01,,DOC_YOK_SUISHITSU_R8,令和8年度水質検査計画 p11「各水源の主な給水区域」図からのラスタ読み取り。相模川系統（西谷浄水場系）。図は「主な給水区域」であり町丁目単位の断定ではない。純度 100%（判定に使った画素 957）。位置合わせ IoU 0.863（4パラメータ）
TRACE_YOK:141070070,141070070,FAC_YOK_NISHIYA,1.0,medium,2026-04-01,,DOC_YOK_SUISHITSU_R8,令和8年度水質検査計画 p11「各水源の主な給水区域」図からのラスタ読み取り。相模川系統（西谷浄水場系）。図は「主な給水区域」であり町丁目単位の断定ではない。純度 100%（判定に使った画素 1151）。位置合わせ IoU 0.863（4パラメータ）
TRACE_YOK:141070080,141070080,FAC_YOK_NISHIYA,1.0,medium,2026-04-01,,DOC_YOK_SUISHITSU_R8,令和8年度水質検査計画 p11「各水源の主な給水区域」図からのラスタ読み取り。相模川系統（西谷浄水場系）。図は「主な給水区域」であり町丁目単位の断定ではない。純度 100%（判定に使った画素 1891）。位置合わせ IoU 0.863（4パラメータ）
TRACE_YOK:14107009001,14107009001,FAC_YOK_NISHIYA,1.0,low,2026-04-01,,DOC_YOK_SUISHITSU_R8,令和8年度水質検査計画 p11「各水源の主な給水区域」図からのラスタ読み取り。相模川系統（西谷浄水場系）。図は「主な給水区域」であり町丁目単位の断定ではない。純度 89%（判定に使った画素 2052）。位置合わせ IoU 0.863（4パラメータ）
TRACE_YOK:14107009002,14107009002,FAC_YOK_NISHIYA,1.0,medium,2026-04-01,,DOC_YOK_SUISHITSU_R8,令和8年度水質検査計画 p11「各水源の主な給水区域」図からのラスタ読み取り。相模川系統（西谷浄水場系）。図は「主な給水区域」であり町丁目単位の断定ではない。純度 100%（判定に使った画素 1093）。位置合わせ IoU 0.863（4パラメータ）
TRACE_YOK:14107011001,14107011001,FAC_YOK_KOSUZUME,1.0,low,2026-04-01,,DOC_YOK_SUISHITSU_R8,令和8年度水質検査計画 p11「各水源の主な給水区域」図からのラスタ読み取り。馬入川系統（小雀浄水場系）。図は「主な給水区域」であり町丁目単位の断定ではない。純度 90%（判定に使った画素 1612）。位置合わせ IoU 0.863（4パラメータ）
TRACE_YOK:14107011002,14107011002,FAC_YOK_NISHIYA,1.0,medium,2026-04-01,,DOC_YOK_SUISHITSU_R8,令和8年度水質検査計画 p11「各水源の主な給水区域」図からのラスタ読み取り。相模川系統（西谷浄水場系）。図は「主な給水区域」であり町丁目単位の断定ではない。純度 100%（判定に使った画素 892）。位置合わせ IoU 0.863（4パラメータ）
TRACE_YOK:14107011003,14107011003,FAC_YOK_NISHIYA,1.0,medium,2026-04-01,,DOC_YOK_SUISHITSU_R8,令和8年度水質検査計画 p11「各水源の主な給水区域」図からのラスタ読み取り。相模川系統（西谷浄水場系）。図は「主な給水区域」であり町丁目単位の断定ではない。純度 100%（判定に使った画素 1129）。位置合わせ IoU 0.863（4パラメータ）
TRACE_YOK:141070140,141070140,FAC_YOK_NISHIYA,1.0,medium,2026-04-01,,DOC_YOK_SUISHITSU_R8,令和8年度水質検査計画 p11「各水源の主な給水区域」図からのラスタ読み取り。相模川系統（西谷浄水場系）。図は「主な給水区域」であり町丁目単位の断定ではない。純度 100%（判定に使った画素 973）。位置合わせ IoU 0.863（4パラメータ）
TRACE_YOK:14107015001,14107015001,FAC_YOK_NISHIYA,1.0,low,2026-04-01,,DOC_YOK_SUISHITSU_R8,令和8年度水質検査計画 p11「各水源の主な給水区域」図からのラスタ読み取り。相模川系統（西谷浄水場系）。図は「主な給水区域」であり町丁目単位の断定ではない。純度 69%（判定に使った画素 1824）。位置合わせ IoU 0.863（4パラメータ）
TRACE_YOK:14107015002,14107015002,FAC_YOK_KOSUZUME,1.0,low,2026-04-01,,DOC_YOK_SUISHITSU_R8,令和8年度水質検査計画 p11「各水源の主な給水区域」図からのラスタ読み取り。馬入川系統（小雀浄水場系）。図は「主な給水区域」であり町丁目単位の断定ではない。純度 73%（判定に使った画素 1620）。位置合わせ IoU 0.863（4パラメータ）
TRACE_YOK:14107015003,14107015003,FAC_YOK_NISHIYA,1.0,low,2026-04-01,,DOC_YOK_SUISHITSU_R8,令和8年度水質検査計画 p11「各水源の主な給水区域」図からのラスタ読み取り。相模川系統（西谷浄水場系）。図は「主な給水区域」であり町丁目単位の断定ではない。純度 78%（判定に使った画素 992）。位置合わせ IoU 0.863（4パラメータ）
TRACE_YOK:14107015004,14107015004,FAC_YOK_KOSUZUME,1.0,medium,2026-04-01,,DOC_YOK_SUISHITSU_R8,令和8年度水質検査計画 p11「各水源の主な給水区域」図からのラスタ読み取り。馬入川系統（小雀浄水場系）。図は「主な給水区域」であり町丁目単位の断定ではない。純度 98%（判定に使った画素 1554）。位置合わせ IoU 0.863（4パラメータ）
TRACE_YOK:14107015005,14107015005,FAC_YOK_KOSUZUME,1.0,medium,2026-04-01,,DOC_YOK_SUISHITSU_R8,令和8年度水質検査計画 p11「各水源の主な給水区域」図からのラスタ読み取り。馬入川系統（小雀浄水場系）。図は「主な給水区域」であり町丁目単位の断定ではない。純度 100%（判定に使った画素 1188）。位置合わせ IoU 0.863（4パラメータ）
TRACE_YOK:14107015006,14107015006,FAC_YOK_KOSUZUME,1.0,medium,2026-04-01,,DOC_YOK_SUISHITSU_R8,令和8年度水質検査計画 p11「各水源の主な給水区域」図からのラスタ読み取り。馬入川系統（小雀浄水場系）。図は「主な給水区域」であり町丁目単位の断定ではない。純度 100%（判定に使った画素 1170）。位置合わせ IoU 0.863（4パラメータ）
TRACE_YOK:14107015007,14107015007,FAC_YOK_KOSUZUME,1.0,medium,2026-04-01,,DOC_YOK_SUISHITSU_R8,令和8年度水質検査計画 p11「各水源の主な給水区域」図からのラスタ読み取り。馬入川系統（小雀浄水場系）。図は「主な給水区域」であり町丁目単位の断定ではない。純度 100%（判定に使った画素 1759）。位置合わせ IoU 0.863（4パラメータ）
TRACE_YOK:14107015008,14107015008,FAC_YOK_KOSUZUME,1.0,medium,2026-04-01,,DOC_YOK_SUISHITSU_R8,令和8年度水質検査計画 p11「各水源の主な給水区域」図からのラスタ読み取り。馬入川系統（小雀浄水場系）。図は「主な給水区域」であり町丁目単位の断定ではない。純度 100%（判定に使った画素 2092）。位置合わせ IoU 0.863（4パラメータ）
TRACE_YOK:141070230,141070230,FAC_YOK_NISHIYA,1.0,medium,2026-04-01,,DOC_YOK_SUISHITSU_R8,令和8年度水質検査計画 p11「各水源の主な給水区域」図からのラスタ読み取り。相模川系統（西谷浄水場系）。図は「主な給水区域」であり町丁目単位の断定ではない。純度 100%（判定に使った画素 651）。位置合わせ IoU 0.863（4パラメータ）
TRACE_YOK:141070240,141070240,FAC_YOK_NISHIYA,1.0,medium,2026-04-01,,DOC_YOK_SUISHITSU_R8,令和8年度水質検査計画 p11「各水源の主な給水区域」図からのラスタ読み取り。相模川系統（西谷浄水場系）。図は「主な給水区域」であり町丁目単位の断定ではない。純度 100%（判定に使った画素 1451）。位置合わせ IoU 0.863（4パラメータ）
TRACE_YOK:14107025001,14107025001,FAC_YOK_NISHIYA,1.0,low,2026-04-01,,DOC_YOK_SUISHITSU_R8,令和8年度水質検査計画 p11「各水源の主な給水区域」図からのラスタ読み取り。相模川系統（西谷浄水場系）。図は「主な給水区域」であり町丁目単位の断定ではない。純度 91%（判定に使った画素 1268）。位置合わせ IoU 0.863（4パラメータ）
TRACE_YOK:14107025002,14107025002,FAC_YOK_NISHIYA,1.0,medium,2026-04-01,,DOC_YOK_SUISHITSU_R8,令和8年度水質検査計画 p11「各水源の主な給水区域」図からのラスタ読み取り。相模川系統（西谷浄水場系）。図は「主な給水区域」であり町丁目単位の断定ではない。純度 100%（判定に使った画素 2747）。位置合わせ IoU 0.863（4パラメータ）
TRACE_YOK:14107025003,14107025003,FAC_YOK_NISHIYA,1.0,medium,2026-04-01,,DOC_YOK_SUISHITSU_R8,令和8年度水質検査計画 p11「各水源の主な給水区域」図からのラスタ読み取り。相模川系統（西谷浄水場系）。図は「主な給水区域」であり町丁目単位の断定ではない。純度 100%（判定に使った画素 1290）。位置合わせ IoU 0.863（4パラメータ）
TRACE_YOK:14107025004,14107025004,FAC_YOK_NISHIYA,1.0,medium,2026-04-01,,DOC_YOK_SUISHITSU_R8,令和8年度水質検査計画 p11「各水源の主な給水区域」図からのラスタ読み取り。相模川系統（西谷浄水場系）。図は「主な給水区域」であり町丁目単位の断定ではない。純度 98%（判定に使った画素 842）。位置合わせ IoU 0.863（4パラメータ）
TRACE_YOK:14107025005,14107025005,FAC_YOK_NISHIYA,1.0,low,2026-04-01,,DOC_YOK_SUISHITSU_R8,令和8年度水質検査計画 p11「各水源の主な給水区域」図からのラスタ読み取り。相模川系統（西谷浄水場系）。図は「主な給水区域」であり町丁目単位の断定ではない。純度 79%（判定に使った画素 1180）。位置合わせ IoU 0.863（4パラメータ）
TRACE_YOK:14107025006,14107025006,FAC_YOK_KOSUZUME,1.0,low,2026-04-01,,DOC_YOK_SUISHITSU_R8,令和8年度水質検査計画 p11「各水源の主な給水区域」図からのラスタ読み取り。馬入川系統（小雀浄水場系）。図は「主な給水区域」であり町丁目単位の断定ではない。純度 90%（判定に使った画素 1803）。位置合わせ IoU 0.863（4パラメータ）
TRACE_YOK:14107025007,14107025007,FAC_YOK_KOSUZUME,1.0,low,2026-04-01,,DOC_YOK_SUISHITSU_R8,令和8年度水質検査計画 p11「各水源の主な給水区域」図からのラスタ読み取り。馬入川系統（小雀浄水場系）。図は「主な給水区域」であり町丁目単位の断定ではない。純度 52%（判定に使った画素 1324）。位置合わせ IoU 0.863（4パラメータ）
TRACE_YOK:14107025008,14107025008,FAC_YOK_NISHIYA,1.0,medium,2026-04-01,,DOC_YOK_SUISHITSU_R8,令和8年度水質検査計画 p11「各水源の主な給水区域」図からのラスタ読み取り。相模川系統（西谷浄水場系）。図は「主な給水区域」であり町丁目単位の断定ではない。純度 100%（判定に使った画素 772）。位置合わせ IoU 0.863（4パラメータ）
TRACE_YOK:141070330,141070330,FAC_YOK_KOSUZUME,1.0,low,2026-04-01,,DOC_YOK_SUISHITSU_R8,令和8年度水質検査計画 p11「各水源の主な給水区域」図からのラスタ読み取り。馬入川系統（小雀浄水場系）。図は「主な給水区域」であり町丁目単位の断定ではない。純度 61%（判定に使った画素 915）。位置合わせ IoU 0.863（4パラメータ）
TRACE_YOK:141070340,141070340,FAC_YOK_NISHIYA,1.0,medium,2026-04-01,,DOC_YOK_SUISHITSU_R8,令和8年度水質検査計画 p11「各水源の主な給水区域」図からのラスタ読み取り。相模川系統（西谷浄水場系）。図は「主な給水区域」であり町丁目単位の断定ではない。純度 96%（判定に使った画素 9839）。位置合わせ IoU 0.863（4パラメータ）
TRACE_YOK:14107035001,14107035001,FAC_YOK_KOSUZUME,1.0,medium,2026-04-01,,DOC_YOK_SUISHITSU_R8,令和8年度水質検査計画 p11「各水源の主な給水区域」図からのラスタ読み取り。馬入川系統（小雀浄水場系）。図は「主な給水区域」であり町丁目単位の断定ではない。純度 100%（判定に使った画素 1250）。位置合わせ IoU 0.863（4パラメータ）
TRACE_YOK:14107035002,14107035002,FAC_YOK_KOSUZUME,1.0,low,2026-04-01,,DOC_YOK_SUISHITSU_R8,令和8年度水質検査計画 p11「各水源の主な給水区域」図からのラスタ読み取り。馬入川系統（小雀浄水場系）。図は「主な給水区域」であり町丁目単位の断定ではない。純度 70%（判定に使った画素 1571）。位置合わせ IoU 0.863（4パラメータ）
TRACE_YOK:14107035003,14107035003,FAC_YOK_KOSUZUME,1.0,medium,2026-04-01,,DOC_YOK_SUISHITSU_R8,令和8年度水質検査計画 p11「各水源の主な給水区域」図からのラスタ読み取り。馬入川系統（小雀浄水場系）。図は「主な給水区域」であり町丁目単位の断定ではない。純度 100%（判定に使った画素 1870）。位置合わせ IoU 0.863（4パラメータ）
TRACE_YOK:14107035012,14107035012,FAC_YOK_KOSUZUME,1.0,medium,2026-04-01,,DOC_YOK_SUISHITSU_R8,令和8年度水質検査計画 p11「各水源の主な給水区域」図からのラスタ読み取り。馬入川系統（小雀浄水場系）。図は「主な給水区域」であり町丁目単位の断定ではない。純度 100%（判定に使った画素 120）。位置合わせ IoU 0.863（4パラメータ）
TRACE_YOK:14107038001,14107038001,FAC_YOK_NISHIYA,1.0,low,2026-04-01,,DOC_YOK_SUISHITSU_R8,令和8年度水質検査計画 p11「各水源の主な給水区域」図からのラスタ読み取り。相模川系統（西谷浄水場系）。図は「主な給水区域」であり町丁目単位の断定ではない。純度 80%（判定に使った画素 1300）。位置合わせ IoU 0.863（4パラメータ）
TRACE_YOK:14107038002,14107038002,FAC_YOK_KOSUZUME,1.0,low,2026-04-01,,DOC_YOK_SUISHITSU_R8,令和8年度水質検査計画 p11「各水源の主な給水区域」図からのラスタ読み取り。馬入川系統（小雀浄水場系）。図は「主な給水区域」であり町丁目単位の断定ではない。純度 56%（判定に使った画素 1765）。位置合わせ IoU 0.863（4パラメータ）
TRACE_YOK:14107038003,14107038003,FAC_YOK_KOSUZUME,1.0,medium,2026-04-01,,DOC_YOK_SUISHITSU_R8,令和8年度水質検査計画 p11「各水源の主な給水区域」図からのラスタ読み取り。馬入川系統（小雀浄水場系）。図は「主な給水区域」であり町丁目単位の断定ではない。純度 100%（判定に使った画素 1825）。位置合わせ IoU 0.863（4パラメータ）
TRACE_YOK:14107038004,14107038004,FAC_YOK_KOSUZUME,1.0,medium,2026-04-01,,DOC_YOK_SUISHITSU_R8,令和8年度水質検査計画 p11「各水源の主な給水区域」図からのラスタ読み取り。馬入川系統（小雀浄水場系）。図は「主な給水区域」であり町丁目単位の断定ではない。純度 100%（判定に使った画素 1567）。位置合わせ IoU 0.863（4パラメータ）
TRACE_YOK:14107038005,14107038005,FAC_YOK_KOSUZUME,1.0,low,2026-04-01,,DOC_YOK_SUISHITSU_R8,令和8年度水質検査計画 p11「各水源の主な給水区域」図からのラスタ読み取り。馬入川系統（小雀浄水場系）。図は「主な給水区域」であり町丁目単位の断定ではない。純度 88%（判定に使った画素 2398）。位置合わせ IoU 0.863（4パラメータ）
TRACE_YOK:14107038006,14107038006,FAC_YOK_KOSUZUME,1.0,medium,2026-04-01,,DOC_YOK_SUISHITSU_R8,令和8年度水質検査計画 p11「各水源の主な給水区域」図からのラスタ読み取り。馬入川系統（小雀浄水場系）。図は「主な給水区域」であり町丁目単位の断定ではない。純度 100%（判定に使った画素 2379）。位置合わせ IoU 0.863（4パラメータ）
TRACE_YOK:14107044001,14107044001,FAC_YOK_KOSUZUME,1.0,medium,2026-04-01,,DOC_YOK_SUISHITSU_R8,令和8年度水質検査計画 p11「各水源の主な給水区域」図からのラスタ読み取り。馬入川系統（小雀浄水場系）。図は「主な給水区域」であり町丁目単位の断定ではない。純度 100%（判定に使った画素 1159）。位置合わせ IoU 0.863（4パラメータ）
TRACE_YOK:14107044002,14107044002,FAC_YOK_KOSUZUME,1.0,low,2026-04-01,,DOC_YOK_SUISHITSU_R8,令和8年度水質検査計画 p11「各水源の主な給水区域」図からのラスタ読み取り。馬入川系統（小雀浄水場系）。図は「主な給水区域」であり町丁目単位の断定ではない。純度 76%（判定に使った画素 1248）。位置合わせ IoU 0.863（4パラメータ）
TRACE_YOK:141070460,141070460,FAC_YOK_NISHIYA,1.0,low,2026-04-01,,DOC_YOK_SUISHITSU_R8,令和8年度水質検査計画 p11「各水源の主な給水区域」図からのラスタ読み取り。相模川系統（西谷浄水場系）。図は「主な給水区域」であり町丁目単位の断定ではない。純度 92%（判定に使った画素 1511）。位置合わせ IoU 0.863（4パラメータ）
TRACE_YOK:14107047001,14107047001,FAC_YOK_KOSUZUME,1.0,medium,2026-04-01,,DOC_YOK_SUISHITSU_R8,令和8年度水質検査計画 p11「各水源の主な給水区域」図からのラスタ読み取り。馬入川系統（小雀浄水場系）。図は「主な給水区域」であり町丁目単位の断定ではない。純度 100%（判定に使った画素 1119）。位置合わせ IoU 0.863（4パラメータ）
TRACE_YOK:14107047002,14107047002,FAC_YOK_KOSUZUME,1.0,medium,2026-04-01,,DOC_YOK_SUISHITSU_R8,令和8年度水質検査計画 p11「各水源の主な給水区域」図からのラスタ読み取り。馬入川系統（小雀浄水場系）。図は「主な給水区域」であり町丁目単位の断定ではない。純度 100%（判定に使った画素 1299）。位置合わせ IoU 0.863（4パラメータ）
TRACE_YOK:14107047003,14107047003,FAC_YOK_KOSUZUME,1.0,medium,2026-04-01,,DOC_YOK_SUISHITSU_R8,令和8年度水質検査計画 p11「各水源の主な給水区域」図からのラスタ読み取り。馬入川系統（小雀浄水場系）。図は「主な給水区域」であり町丁目単位の断定ではない。純度 100%（判定に使った画素 1487）。位置合わせ IoU 0.863（4パラメータ）
TRACE_YOK:14107047004,14107047004,FAC_YOK_KOSUZUME,1.0,medium,2026-04-01,,DOC_YOK_SUISHITSU_R8,令和8年度水質検査計画 p11「各水源の主な給水区域」図からのラスタ読み取り。馬入川系統（小雀浄水場系）。図は「主な給水区域」であり町丁目単位の断定ではない。純度 100%（判定に使った画素 1638）。位置合わせ IoU 0.863（4パラメータ）
TRACE_YOK:141070510,141070510,FAC_YOK_KOSUZUME,1.0,medium,2026-04-01,,DOC_YOK_SUISHITSU_R8,令和8年度水質検査計画 p11「各水源の主な給水区域」図からのラスタ読み取り。馬入川系統（小雀浄水場系）。図は「主な給水区域」であり町丁目単位の断定ではない。純度 100%（判定に使った画素 3643）。位置合わせ IoU 0.863（4パラメータ）
TRACE_YOK:141070520,141070520,FAC_YOK_KOSUZUME,1.0,medium,2026-04-01,,DOC_YOK_SUISHITSU_R8,令和8年度水質検査計画 p11「各水源の主な給水区域」図からのラスタ読み取り。馬入川系統（小雀浄水場系）。図は「主な給水区域」であり町丁目単位の断定ではない。純度 100%（判定に使った画素 1406）。位置合わせ IoU 0.863（4パラメータ）
TRACE_YOK:14107053001,14107053001,FAC_YOK_KOSUZUME,1.0,medium,2026-04-01,,DOC_YOK_SUISHITSU_R8,令和8年度水質検査計画 p11「各水源の主な給水区域」図からのラスタ読み取り。馬入川系統（小雀浄水場系）。図は「主な給水区域」であり町丁目単位の断定ではない。純度 100%（判定に使った画素 1152）。位置合わせ IoU 0.863（4パラメータ）
TRACE_YOK:14107053002,14107053002,FAC_YOK_KOSUZUME,1.0,medium,2026-04-01,,DOC_YOK_SUISHITSU_R8,令和8年度水質検査計画 p11「各水源の主な給水区域」図からのラスタ読み取り。馬入川系統（小雀浄水場系）。図は「主な給水区域」であり町丁目単位の断定ではない。純度 100%（判定に使った画素 1823）。位置合わせ IoU 0.863（4パラメータ）
TRACE_YOK:14107053003,14107053003,FAC_YOK_KOSUZUME,1.0,medium,2026-04-01,,DOC_YOK_SUISHITSU_R8,令和8年度水質検査計画 p11「各水源の主な給水区域」図からのラスタ読み取り。馬入川系統（小雀浄水場系）。図は「主な給水区域」であり町丁目単位の断定ではない。純度 100%（判定に使った画素 2930）。位置合わせ IoU 0.863（4パラメータ）
TRACE_YOK:14107053004,14107053004,FAC_YOK_KOSUZUME,1.0,medium,2026-04-01,,DOC_YOK_SUISHITSU_R8,令和8年度水質検査計画 p11「各水源の主な給水区域」図からのラスタ読み取り。馬入川系統（小雀浄水場系）。図は「主な給水区域」であり町丁目単位の断定ではない。純度 100%（判定に使った画素 1410）。位置合わせ IoU 0.863（4パラメータ）
TRACE_YOK:14107053005,14107053005,FAC_YOK_KOSUZUME,1.0,medium,2026-04-01,,DOC_YOK_SUISHITSU_R8,令和8年度水質検査計画 p11「各水源の主な給水区域」図からのラスタ読み取り。馬入川系統（小雀浄水場系）。図は「主な給水区域」であり町丁目単位の断定ではない。純度 99%（判定に使った画素 3410）。位置合わせ IoU 0.863（4パラメータ）
TRACE_YOK:14107053006,14107053006,FAC_YOK_KOSUZUME,1.0,medium,2026-04-01,,DOC_YOK_SUISHITSU_R8,令和8年度水質検査計画 p11「各水源の主な給水区域」図からのラスタ読み取り。馬入川系統（小雀浄水場系）。図は「主な給水区域」であり町丁目単位の断定ではない。純度 100%（判定に使った画素 1458）。位置合わせ IoU 0.863（4パラメータ）
TRACE_YOK:14107053007,14107053007,FAC_YOK_KOSUZUME,1.0,medium,2026-04-01,,DOC_YOK_SUISHITSU_R8,令和8年度水質検査計画 p11「各水源の主な給水区域」図からのラスタ読み取り。馬入川系統（小雀浄水場系）。図は「主な給水区域」であり町丁目単位の断定ではない。純度 100%（判定に使った画素 1372）。位置合わせ IoU 0.863（4パラメータ）
TRACE_YOK:14107053008,14107053008,FAC_YOK_KOSUZUME,1.0,medium,2026-04-01,,DOC_YOK_SUISHITSU_R8,令和8年度水質検査計画 p11「各水源の主な給水区域」図からのラスタ読み取り。馬入川系統（小雀浄水場系）。図は「主な給水区域」であり町丁目単位の断定ではない。純度 98%（判定に使った画素 1825）。位置合わせ IoU 0.863（4パラメータ）
TRACE_YOK:14107053009,14107053009,FAC_YOK_KOSUZUME,1.0,medium,2026-04-01,,DOC_YOK_SUISHITSU_R8,令和8年度水質検査計画 p11「各水源の主な給水区域」図からのラスタ読み取り。馬入川系統（小雀浄水場系）。図は「主な給水区域」であり町丁目単位の断定ではない。純度 99%（判定に使った画素 1138）。位置合わせ IoU 0.863（4パラメータ）
TRACE_YOK:141070620,141070620,FAC_YOK_KOSUZUME,1.0,medium,2026-04-01,,DOC_YOK_SUISHITSU_R8,令和8年度水質検査計画 p11「各水源の主な給水区域」図からのラスタ読み取り。馬入川系統（小雀浄水場系）。図は「主な給水区域」であり町丁目単位の断定ではない。純度 99%（判定に使った画素 7466）。位置合わせ IoU 0.863（4パラメータ）
TRACE_YOK:14107063001,14107063001,FAC_YOK_KOSUZUME,1.0,medium,2026-04-01,,DOC_YOK_SUISHITSU_R8,令和8年度水質検査計画 p11「各水源の主な給水区域」図からのラスタ読み取り。馬入川系統（小雀浄水場系）。図は「主な給水区域」であり町丁目単位の断定ではない。純度 100%（判定に使った画素 1730）。位置合わせ IoU 0.863（4パラメータ）
TRACE_YOK:14107063002,14107063002,FAC_YOK_KOSUZUME,1.0,medium,2026-04-01,,DOC_YOK_SUISHITSU_R8,令和8年度水質検査計画 p11「各水源の主な給水区域」図からのラスタ読み取り。馬入川系統（小雀浄水場系）。図は「主な給水区域」であり町丁目単位の断定ではない。純度 100%（判定に使った画素 1907）。位置合わせ IoU 0.863（4パラメータ）
TRACE_YOK:14107063003,14107063003,FAC_YOK_KOSUZUME,1.0,medium,2026-04-01,,DOC_YOK_SUISHITSU_R8,令和8年度水質検査計画 p11「各水源の主な給水区域」図からのラスタ読み取り。馬入川系統（小雀浄水場系）。図は「主な給水区域」であり町丁目単位の断定ではない。純度 100%（判定に使った画素 1582）。位置合わせ IoU 0.863（4パラメータ）
TRACE_YOK:14107066001,14107066001,FAC_YOK_KOSUZUME,1.0,medium,2026-04-01,,DOC_YOK_SUISHITSU_R8,令和8年度水質検査計画 p11「各水源の主な給水区域」図からのラスタ読み取り。馬入川系統（小雀浄水場系）。図は「主な給水区域」であり町丁目単位の断定ではない。純度 100%（判定に使った画素 1473）。位置合わせ IoU 0.863（4パラメータ）
TRACE_YOK:14107066002,14107066002,FAC_YOK_KOSUZUME,1.0,medium,2026-04-01,,DOC_YOK_SUISHITSU_R8,令和8年度水質検査計画 p11「各水源の主な給水区域」図からのラスタ読み取り。馬入川系統（小雀浄水場系）。図は「主な給水区域」であり町丁目単位の断定ではない。純度 100%（判定に使った画素 1631）。位置合わせ IoU 0.863（4パラメータ）
TRACE_YOK:141070680,141070680,FAC_YOK_KOSUZUME,1.0,low,2026-04-01,,DOC_YOK_SUISHITSU_R8,令和8年度水質検査計画 p11「各水源の主な給水区域」図からのラスタ読み取り。馬入川系統（小雀浄水場系）。図は「主な給水区域」であり町丁目単位の断定ではない。純度 51%（判定に使った画素 8942）。位置合わせ IoU 0.863（4パラメータ）
TRACE_YOK:141070690,141070690,FAC_YOK_KOSUZUME,1.0,low,2026-04-01,,DOC_YOK_SUISHITSU_R8,令和8年度水質検査計画 p11「各水源の主な給水区域」図からのラスタ読み取り。馬入川系統（小雀浄水場系）。図は「主な給水区域」であり町丁目単位の断定ではない。純度 63%（判定に使った画素 8566）。位置合わせ IoU 0.863（4パラメータ）
TRACE_YOK:141070700,141070700,FAC_YOK_KOSUZUME,1.0,medium,2026-04-01,,DOC_YOK_SUISHITSU_R8,令和8年度水質検査計画 p11「各水源の主な給水区域」図からのラスタ読み取り。馬入川系統（小雀浄水場系）。図は「主な給水区域」であり町丁目単位の断定ではない。純度 99%（判定に使った画素 7907）。位置合わせ IoU 0.863（4パラメータ）
TRACE_YOK:14107071001,14107071001,FAC_YOK_KOSUZUME,1.0,medium,2026-04-01,,DOC_YOK_SUISHITSU_R8,令和8年度水質検査計画 p11「各水源の主な給水区域」図からのラスタ読み取り。馬入川系統（小雀浄水場系）。図は「主な給水区域」であり町丁目単位の断定ではない。純度 100%（判定に使った画素 2366）。位置合わせ IoU 0.863（4パラメータ）
TRACE_YOK:14107071002,14107071002,FAC_YOK_KOSUZUME,1.0,medium,2026-04-01,,DOC_YOK_SUISHITSU_R8,令和8年度水質検査計画 p11「各水源の主な給水区域」図からのラスタ読み取り。馬入川系統（小雀浄水場系）。図は「主な給水区域」であり町丁目単位の断定ではない。純度 100%（判定に使った画素 2935）。位置合わせ IoU 0.863（4パラメータ）
TRACE_YOK:14107071003,14107071003,FAC_YOK_KOSUZUME,1.0,medium,2026-04-01,,DOC_YOK_SUISHITSU_R8,令和8年度水質検査計画 p11「各水源の主な給水区域」図からのラスタ読み取り。馬入川系統（小雀浄水場系）。図は「主な給水区域」であり町丁目単位の断定ではない。純度 100%（判定に使った画素 3362）。位置合わせ IoU 0.863（4パラメータ）
TRACE_YOK:14107071004,14107071004,FAC_YOK_KOSUZUME,1.0,medium,2026-04-01,,DOC_YOK_SUISHITSU_R8,令和8年度水質検査計画 p11「各水源の主な給水区域」図からのラスタ読み取り。馬入川系統（小雀浄水場系）。図は「主な給水区域」であり町丁目単位の断定ではない。純度 100%（判定に使った画素 3455）。位置合わせ IoU 0.863（4パラメータ）
TRACE_YOK:14107071005,14107071005,FAC_YOK_KOSUZUME,1.0,medium,2026-04-01,,DOC_YOK_SUISHITSU_R8,令和8年度水質検査計画 p11「各水源の主な給水区域」図からのラスタ読み取り。馬入川系統（小雀浄水場系）。図は「主な給水区域」であり町丁目単位の断定ではない。純度 100%（判定に使った画素 3784）。位置合わせ IoU 0.863（4パラメータ）
TRACE_YOK:14107071006,14107071006,FAC_YOK_KOSUZUME,1.0,medium,2026-04-01,,DOC_YOK_SUISHITSU_R8,令和8年度水質検査計画 p11「各水源の主な給水区域」図からのラスタ読み取り。馬入川系統（小雀浄水場系）。図は「主な給水区域」であり町丁目単位の断定ではない。純度 100%（判定に使った画素 4361）。位置合わせ IoU 0.863（4パラメータ）
TRACE_YOK:141080020,141080020,FAC_YOK_KOSUZUME,1.0,low,2026-04-01,,DOC_YOK_SUISHITSU_R8,令和8年度水質検査計画 p11「各水源の主な給水区域」図からのラスタ読み取り。馬入川系統（小雀浄水場系）。図は「主な給水区域」であり町丁目単位の断定ではない。純度 62%（判定に使った画素 4452）。位置合わせ IoU 0.863（4パラメータ）
TRACE_YOK:14108002101,14108002101,FAC_KGD_AYASE,1.0,low,2026-04-01,,DOC_YOK_SUISHITSU_R8,令和8年度水質検査計画 p11「各水源の主な給水区域」図からのラスタ読み取り。企業団相模川系統（綾瀬浄水場系）。図は「主な給水区域」であり町丁目単位の断定ではない。純度 90%（判定に使った画素 366）。位置合わせ IoU 0.863（4パラメータ）
TRACE_YOK:14108002102,14108002102,FAC_KGD_AYASE,1.0,low,2026-04-01,,DOC_YOK_SUISHITSU_R8,令和8年度水質検査計画 p11「各水源の主な給水区域」図からのラスタ読み取り。企業団相模川系統（綾瀬浄水場系）。図は「主な給水区域」であり町丁目単位の断定ではない。純度 73%（判定に使った画素 1099）。位置合わせ IoU 0.863（4パラメータ）
TRACE_YOK:141080040,141080040,FAC_KGD_AYASE,1.0,low,2026-04-01,,DOC_YOK_SUISHITSU_R8,令和8年度水質検査計画 p11「各水源の主な給水区域」図からのラスタ読み取り。企業団相模川系統（綾瀬浄水場系）。図は「主な給水区域」であり町丁目単位の断定ではない。純度 75%（判定に使った画素 407）。位置合わせ IoU 0.863（4パラメータ）
TRACE_YOK:141080041,141080041,FAC_KGD_AYASE,1.0,low,2026-04-01,,DOC_YOK_SUISHITSU_R8,令和8年度水質検査計画 p11「各水源の主な給水区域」図からのラスタ読み取り。企業団相模川系統（綾瀬浄水場系）。図は「主な給水区域」であり町丁目単位の断定ではない。純度 79%（判定に使った画素 1941）。位置合わせ IoU 0.863（4パラメータ）
TRACE_YOK:141080050,141080050,FAC_KGD_AYASE,1.0,low,2026-04-01,,DOC_YOK_SUISHITSU_R8,令和8年度水質検査計画 p11「各水源の主な給水区域」図からのラスタ読み取り。企業団相模川系統（綾瀬浄水場系）。図は「主な給水区域」であり町丁目単位の断定ではない。純度 85%（判定に使った画素 2076）。位置合わせ IoU 0.863（4パラメータ）
TRACE_YOK:14108006001,14108006001,FAC_KGD_AYASE,1.0,low,2026-04-01,,DOC_YOK_SUISHITSU_R8,令和8年度水質検査計画 p11「各水源の主な給水区域」図からのラスタ読み取り。企業団相模川系統（綾瀬浄水場系）。図は「主な給水区域」であり町丁目単位の断定ではない。純度 66%（判定に使った画素 695）。位置合わせ IoU 0.863（4パラメータ）
TRACE_YOK:14108006002,14108006002,FAC_KGD_AYASE,1.0,low,2026-04-01,,DOC_YOK_SUISHITSU_R8,令和8年度水質検査計画 p11「各水源の主な給水区域」図からのラスタ読み取り。企業団相模川系統（綾瀬浄水場系）。図は「主な給水区域」であり町丁目単位の断定ではない。純度 72%（判定に使った画素 706）。位置合わせ IoU 0.863（4パラメータ）
TRACE_YOK:14108006003,14108006003,FAC_KGD_AYASE,1.0,medium,2026-04-01,,DOC_YOK_SUISHITSU_R8,令和8年度水質検査計画 p11「各水源の主な給水区域」図からのラスタ読み取り。企業団相模川系統（綾瀬浄水場系）。図は「主な給水区域」であり町丁目単位の断定ではない。純度 97%（判定に使った画素 298）。位置合わせ IoU 0.863（4パラメータ）
TRACE_YOK:14108006004,14108006004,FAC_KGD_AYASE,1.0,low,2026-04-01,,DOC_YOK_SUISHITSU_R8,令和8年度水質検査計画 p11「各水源の主な給水区域」図からのラスタ読み取り。企業団相模川系統（綾瀬浄水場系）。図は「主な給水区域」であり町丁目単位の断定ではない。純度 93%（判定に使った画素 251）。位置合わせ IoU 0.863（4パラメータ）
TRACE_YOK:141080100,141080100,FAC_KGD_AYASE,1.0,low,2026-04-01,,DOC_YOK_SUISHITSU_R8,令和8年度水質検査計画 p11「各水源の主な給水区域」図からのラスタ読み取り。企業団相模川系統（綾瀬浄水場系）。図は「主な給水区域」であり町丁目単位の断定ではない。純度 74%（判定に使った画素 1616）。位置合わせ IoU 0.863（4パラメータ）
TRACE_YOK:14108011001,14108011001,FAC_KGD_AYASE,1.0,low,2026-04-01,,DOC_YOK_SUISHITSU_R8,令和8年度水質検査計画 p11「各水源の主な給水区域」図からのラスタ読み取り。企業団相模川系統（綾瀬浄水場系）。図は「主な給水区域」であり町丁目単位の断定ではない。純度 77%（判定に使った画素 2014）。位置合わせ IoU 0.863（4パラメータ）
TRACE_YOK:14108011002,14108011002,FAC_KGD_AYASE,1.0,low,2026-04-01,,DOC_YOK_SUISHITSU_R8,令和8年度水質検査計画 p11「各水源の主な給水区域」図からのラスタ読み取り。企業団相模川系統（綾瀬浄水場系）。図は「主な給水区域」であり町丁目単位の断定ではない。純度 93%（判定に使った画素 811）。位置合わせ IoU 0.863（4パラメータ）
TRACE_YOK:141080130,141080130,FAC_KGD_AYASE,1.0,low,2026-04-01,,DOC_YOK_SUISHITSU_R8,令和8年度水質検査計画 p11「各水源の主な給水区域」図からのラスタ読み取り。企業団相模川系統（綾瀬浄水場系）。図は「主な給水区域」であり町丁目単位の断定ではない。純度 76%（判定に使った画素 2542）。位置合わせ IoU 0.863（4パラメータ）
TRACE_YOK:141080140,141080140,FAC_YOK_KOSUZUME,1.0,low,2026-04-01,,DOC_YOK_SUISHITSU_R8,令和8年度水質検査計画 p11「各水源の主な給水区域」図からのラスタ読み取り。馬入川系統（小雀浄水場系）。図は「主な給水区域」であり町丁目単位の断定ではない。純度 65%（判定に使った画素 3485）。位置合わせ IoU 0.863（4パラメータ）
TRACE_YOK:141080150,141080150,FAC_KGD_AYASE,1.0,low,2026-04-01,,DOC_YOK_SUISHITSU_R8,令和8年度水質検査計画 p11「各水源の主な給水区域」図からのラスタ読み取り。企業団相模川系統（綾瀬浄水場系）。図は「主な給水区域」であり町丁目単位の断定ではない。純度 81%（判定に使った画素 3035）。位置合わせ IoU 0.863（4パラメータ）
TRACE_YOK:14108016001,14108016001,FAC_KGD_AYASE,1.0,low,2026-04-01,,DOC_YOK_SUISHITSU_R8,令和8年度水質検査計画 p11「各水源の主な給水区域」図からのラスタ読み取り。企業団相模川系統（綾瀬浄水場系）。図は「主な給水区域」であり町丁目単位の断定ではない。純度 80%（判定に使った画素 1247）。位置合わせ IoU 0.863（4パラメータ）
TRACE_YOK:14108016002,14108016002,FAC_KGD_AYASE,1.0,low,2026-04-01,,DOC_YOK_SUISHITSU_R8,令和8年度水質検査計画 p11「各水源の主な給水区域」図からのラスタ読み取り。企業団相模川系統（綾瀬浄水場系）。図は「主な給水区域」であり町丁目単位の断定ではない。純度 87%（判定に使った画素 1887）。位置合わせ IoU 0.863（4パラメータ）
TRACE_YOK:141080180,141080180,FAC_KGD_AYASE,1.0,low,2026-04-01,,DOC_YOK_SUISHITSU_R8,令和8年度水質検査計画 p11「各水源の主な給水区域」図からのラスタ読み取り。企業団相模川系統（綾瀬浄水場系）。図は「主な給水区域」であり町丁目単位の断定ではない。純度 78%（判定に使った画素 982）。位置合わせ IoU 0.863（4パラメータ）
TRACE_YOK:141080190,141080190,FAC_KGD_AYASE,1.0,low,2026-04-01,,DOC_YOK_SUISHITSU_R8,令和8年度水質検査計画 p11「各水源の主な給水区域」図からのラスタ読み取り。企業団相模川系統（綾瀬浄水場系）。図は「主な給水区域」であり町丁目単位の断定ではない。純度 77%（判定に使った画素 891）。位置合わせ IoU 0.863（4パラメータ）
TRACE_YOK:141080200,141080200,FAC_KGD_AYASE,1.0,low,2026-04-01,,DOC_YOK_SUISHITSU_R8,令和8年度水質検査計画 p11「各水源の主な給水区域」図からのラスタ読み取り。企業団相模川系統（綾瀬浄水場系）。図は「主な給水区域」であり町丁目単位の断定ではない。純度 69%（判定に使った画素 1011）。位置合わせ IoU 0.863（4パラメータ）
TRACE_YOK:141080210,141080210,FAC_YOK_KOSUZUME,1.0,medium,2026-04-01,,DOC_YOK_SUISHITSU_R8,令和8年度水質検査計画 p11「各水源の主な給水区域」図からのラスタ読み取り。馬入川系統（小雀浄水場系）。図は「主な給水区域」であり町丁目単位の断定ではない。純度 98%（判定に使った画素 398）。位置合わせ IoU 0.863（4パラメータ）
TRACE_YOK:141080220,141080220,FAC_YOK_KOSUZUME,1.0,low,2026-04-01,,DOC_YOK_SUISHITSU_R8,令和8年度水質検査計画 p11「各水源の主な給水区域」図からのラスタ読み取り。馬入川系統（小雀浄水場系）。図は「主な給水区域」であり町丁目単位の断定ではない。純度 87%（判定に使った画素 608）。位置合わせ IoU 0.863（4パラメータ）
TRACE_YOK:14108023003,14108023003,FAC_KGD_AYASE,1.0,low,2026-04-01,,DOC_YOK_SUISHITSU_R8,令和8年度水質検査計画 p11「各水源の主な給水区域」図からのラスタ読み取り。企業団相模川系統（綾瀬浄水場系）。図は「主な給水区域」であり町丁目単位の断定ではない。純度 95%（判定に使った画素 798）。位置合わせ IoU 0.863（4パラメータ）
TRACE_YOK:14108023004,14108023004,FAC_KGD_AYASE,1.0,low,2026-04-01,,DOC_YOK_SUISHITSU_R8,令和8年度水質検査計画 p11「各水源の主な給水区域」図からのラスタ読み取り。企業団相模川系統（綾瀬浄水場系）。図は「主な給水区域」であり町丁目単位の断定ではない。純度 83%（判定に使った画素 4610）。位置合わせ IoU 0.863（4パラメータ）
TRACE_YOK:14108023101,14108023101,FAC_YOK_KOSUZUME,1.0,medium,2026-04-01,,DOC_YOK_SUISHITSU_R8,令和8年度水質検査計画 p11「各水源の主な給水区域」図からのラスタ読み取り。馬入川系統（小雀浄水場系）。図は「主な給水区域」であり町丁目単位の断定ではない。純度 97%（判定に使った画素 2258）。位置合わせ IoU 0.863（4パラメータ）
TRACE_YOK:14108023102,14108023102,FAC_YOK_KOSUZUME,1.0,low,2026-04-01,,DOC_YOK_SUISHITSU_R8,令和8年度水質検査計画 p11「各水源の主な給水区域」図からのラスタ読み取り。馬入川系統（小雀浄水場系）。図は「主な給水区域」であり町丁目単位の断定ではない。純度 86%（判定に使った画素 1121）。位置合わせ IoU 0.863（4パラメータ）
TRACE_YOK:14108023103,14108023103,FAC_YOK_KOSUZUME,1.0,low,2026-04-01,,DOC_YOK_SUISHITSU_R8,令和8年度水質検査計画 p11「各水源の主な給水区域」図からのラスタ読み取り。馬入川系統（小雀浄水場系）。図は「主な給水区域」であり町丁目単位の断定ではない。純度 72%（判定に使った画素 329）。位置合わせ IoU 0.863（4パラメータ）
TRACE_YOK:14108023201,14108023201,FAC_YOK_KOSUZUME,1.0,low,2026-04-01,,DOC_YOK_SUISHITSU_R8,令和8年度水質検査計画 p11「各水源の主な給水区域」図からのラスタ読み取り。馬入川系統（小雀浄水場系）。図は「主な給水区域」であり町丁目単位の断定ではない。純度 68%（判定に使った画素 1427）。位置合わせ IoU 0.863（4パラメータ）
TRACE_YOK:14108023202,14108023202,FAC_KGD_AYASE,1.0,low,2026-04-01,,DOC_YOK_SUISHITSU_R8,令和8年度水質検査計画 p11「各水源の主な給水区域」図からのラスタ読み取り。企業団相模川系統（綾瀬浄水場系）。図は「主な給水区域」であり町丁目単位の断定ではない。純度 56%（判定に使った画素 530）。位置合わせ IoU 0.863（4パラメータ）
TRACE_YOK:14108023204,14108023204,FAC_KGD_AYASE,1.0,low,2026-04-01,,DOC_YOK_SUISHITSU_R8,令和8年度水質検査計画 p11「各水源の主な給水区域」図からのラスタ読み取り。企業団相模川系統（綾瀬浄水場系）。図は「主な給水区域」であり町丁目単位の断定ではない。純度 71%（判定に使った画素 845）。位置合わせ IoU 0.863（4パラメータ）
TRACE_YOK:14108023205,14108023205,FAC_KGD_AYASE,1.0,low,2026-04-01,,DOC_YOK_SUISHITSU_R8,令和8年度水質検査計画 p11「各水源の主な給水区域」図からのラスタ読み取り。企業団相模川系統（綾瀬浄水場系）。図は「主な給水区域」であり町丁目単位の断定ではない。純度 91%（判定に使った画素 1492）。位置合わせ IoU 0.863（4パラメータ）
TRACE_YOK:14108024001,14108024001,FAC_YOK_KOSUZUME,1.0,medium,2026-04-01,,DOC_YOK_SUISHITSU_R8,令和8年度水質検査計画 p11「各水源の主な給水区域」図からのラスタ読み取り。馬入川系統（小雀浄水場系）。図は「主な給水区域」であり町丁目単位の断定ではない。純度 100%（判定に使った画素 2070）。位置合わせ IoU 0.863（4パラメータ）
TRACE_YOK:14108024002,14108024002,FAC_YOK_KOSUZUME,1.0,medium,2026-04-01,,DOC_YOK_SUISHITSU_R8,令和8年度水質検査計画 p11「各水源の主な給水区域」図からのラスタ読み取り。馬入川系統（小雀浄水場系）。図は「主な給水区域」であり町丁目単位の断定ではない。純度 100%（判定に使った画素 2101）。位置合わせ IoU 0.863（4パラメータ）
TRACE_YOK:14108024003,14108024003,FAC_YOK_KOSUZUME,1.0,medium,2026-04-01,,DOC_YOK_SUISHITSU_R8,令和8年度水質検査計画 p11「各水源の主な給水区域」図からのラスタ読み取り。馬入川系統（小雀浄水場系）。図は「主な給水区域」であり町丁目単位の断定ではない。純度 99%（判定に使った画素 2412）。位置合わせ IoU 0.863（4パラメータ）
TRACE_YOK:14108024004,14108024004,FAC_YOK_KOSUZUME,1.0,medium,2026-04-01,,DOC_YOK_SUISHITSU_R8,令和8年度水質検査計画 p11「各水源の主な給水区域」図からのラスタ読み取り。馬入川系統（小雀浄水場系）。図は「主な給水区域」であり町丁目単位の断定ではない。純度 100%（判定に使った画素 1381）。位置合わせ IoU 0.863（4パラメータ）
TRACE_YOK:14108024005,14108024005,FAC_YOK_KOSUZUME,1.0,low,2026-04-01,,DOC_YOK_SUISHITSU_R8,令和8年度水質検査計画 p11「各水源の主な給水区域」図からのラスタ読み取り。馬入川系統（小雀浄水場系）。図は「主な給水区域」であり町丁目単位の断定ではない。純度 62%（判定に使った画素 2324）。位置合わせ IoU 0.863（4パラメータ）
TRACE_YOK:141080280,141080280,FAC_YOK_KOSUZUME,1.0,low,2026-04-01,,DOC_YOK_SUISHITSU_R8,令和8年度水質検査計画 p11「各水源の主な給水区域」図からのラスタ読み取り。馬入川系統（小雀浄水場系）。図は「主な給水区域」であり町丁目単位の断定ではない。純度 89%（判定に使った画素 2265）。位置合わせ IoU 0.863（4パラメータ）
TRACE_YOK:141080290,141080290,FAC_KGD_AYASE,1.0,low,2026-04-01,,DOC_YOK_SUISHITSU_R8,令和8年度水質検査計画 p11「各水源の主な給水区域」図からのラスタ読み取り。企業団相模川系統（綾瀬浄水場系）。図は「主な給水区域」であり町丁目単位の断定ではない。純度 68%（判定に使った画素 9300）。位置合わせ IoU 0.863（4パラメータ）
TRACE_YOK:141080301,141080301,FAC_KGD_AYASE,1.0,low,2026-04-01,,DOC_YOK_SUISHITSU_R8,令和8年度水質検査計画 p11「各水源の主な給水区域」図からのラスタ読み取り。企業団相模川系統（綾瀬浄水場系）。図は「主な給水区域」であり町丁目単位の断定ではない。純度 86%（判定に使った画素 1025）。位置合わせ IoU 0.863（4パラメータ）
TRACE_YOK:14108030201,14108030201,FAC_KGD_AYASE,1.0,low,2026-04-01,,DOC_YOK_SUISHITSU_R8,令和8年度水質検査計画 p11「各水源の主な給水区域」図からのラスタ読み取り。企業団相模川系統（綾瀬浄水場系）。図は「主な給水区域」であり町丁目単位の断定ではない。純度 80%（判定に使った画素 807）。位置合わせ IoU 0.863（4パラメータ）
TRACE_YOK:14108030202,14108030202,FAC_KGD_AYASE,1.0,low,2026-04-01,,DOC_YOK_SUISHITSU_R8,令和8年度水質検査計画 p11「各水源の主な給水区域」図からのラスタ読み取り。企業団相模川系統（綾瀬浄水場系）。図は「主な給水区域」であり町丁目単位の断定ではない。純度 71%（判定に使った画素 1316）。位置合わせ IoU 0.863（4パラメータ）
TRACE_YOK:14108030203,14108030203,FAC_KGD_AYASE,1.0,low,2026-04-01,,DOC_YOK_SUISHITSU_R8,令和8年度水質検査計画 p11「各水源の主な給水区域」図からのラスタ読み取り。企業団相模川系統（綾瀬浄水場系）。図は「主な給水区域」であり町丁目単位の断定ではない。純度 88%（判定に使った画素 580）。位置合わせ IoU 0.863（4パラメータ）
TRACE_YOK:14108030204,14108030204,FAC_KGD_AYASE,1.0,low,2026-04-01,,DOC_YOK_SUISHITSU_R8,令和8年度水質検査計画 p11「各水源の主な給水区域」図からのラスタ読み取り。企業団相模川系統（綾瀬浄水場系）。図は「主な給水区域」であり町丁目単位の断定ではない。純度 72%（判定に使った画素 1490）。位置合わせ IoU 0.863（4パラメータ）
TRACE_YOK:14108030205,14108030205,FAC_YOK_KOSUZUME,1.0,low,2026-04-01,,DOC_YOK_SUISHITSU_R8,令和8年度水質検査計画 p11「各水源の主な給水区域」図からのラスタ読み取り。馬入川系統（小雀浄水場系）。図は「主な給水区域」であり町丁目単位の断定ではない。純度 69%（判定に使った画素 3328）。位置合わせ IoU 0.863（4パラメータ）
TRACE_YOK:14108030206,14108030206,FAC_KGD_AYASE,1.0,low,2026-04-01,,DOC_YOK_SUISHITSU_R8,令和8年度水質検査計画 p11「各水源の主な給水区域」図からのラスタ読み取り。企業団相模川系統（綾瀬浄水場系）。図は「主な給水区域」であり町丁目単位の断定ではない。純度 80%（判定に使った画素 1596）。位置合わせ IoU 0.863（4パラメータ）
TRACE_YOK:14108030207,14108030207,FAC_KGD_AYASE,1.0,low,2026-04-01,,DOC_YOK_SUISHITSU_R8,令和8年度水質検査計画 p11「各水源の主な給水区域」図からのラスタ読み取り。企業団相模川系統（綾瀬浄水場系）。図は「主な給水区域」であり町丁目単位の断定ではない。純度 84%（判定に使った画素 2110）。位置合わせ IoU 0.863（4パラメータ）
TRACE_YOK:14108030208,14108030208,FAC_KGD_AYASE,1.0,low,2026-04-01,,DOC_YOK_SUISHITSU_R8,令和8年度水質検査計画 p11「各水源の主な給水区域」図からのラスタ読み取り。企業団相模川系統（綾瀬浄水場系）。図は「主な給水区域」であり町丁目単位の断定ではない。純度 84%（判定に使った画素 1377）。位置合わせ IoU 0.863（4パラメータ）
TRACE_YOK:14108030301,14108030301,FAC_KGD_AYASE,1.0,low,2026-04-01,,DOC_YOK_SUISHITSU_R8,令和8年度水質検査計画 p11「各水源の主な給水区域」図からのラスタ読み取り。企業団相模川系統（綾瀬浄水場系）。図は「主な給水区域」であり町丁目単位の断定ではない。純度 77%（判定に使った画素 1446）。位置合わせ IoU 0.863（4パラメータ）
TRACE_YOK:14108030302,14108030302,FAC_KGD_AYASE,1.0,low,2026-04-01,,DOC_YOK_SUISHITSU_R8,令和8年度水質検査計画 p11「各水源の主な給水区域」図からのラスタ読み取り。企業団相模川系統（綾瀬浄水場系）。図は「主な給水区域」であり町丁目単位の断定ではない。純度 90%（判定に使った画素 1722）。位置合わせ IoU 0.863（4パラメータ）
TRACE_YOK:14108030303,14108030303,FAC_KGD_AYASE,1.0,low,2026-04-01,,DOC_YOK_SUISHITSU_R8,令和8年度水質検査計画 p11「各水源の主な給水区域」図からのラスタ読み取り。企業団相模川系統（綾瀬浄水場系）。図は「主な給水区域」であり町丁目単位の断定ではない。純度 66%（判定に使った画素 973）。位置合わせ IoU 0.863（4パラメータ）
TRACE_YOK:14108030304,14108030304,FAC_KGD_AYASE,1.0,low,2026-04-01,,DOC_YOK_SUISHITSU_R8,令和8年度水質検査計画 p11「各水源の主な給水区域」図からのラスタ読み取り。企業団相模川系統（綾瀬浄水場系）。図は「主な給水区域」であり町丁目単位の断定ではない。純度 52%（判定に使った画素 553）。位置合わせ IoU 0.863（4パラメータ）
TRACE_YOK:14108030305,14108030305,FAC_KGD_AYASE,1.0,low,2026-04-01,,DOC_YOK_SUISHITSU_R8,令和8年度水質検査計画 p11「各水源の主な給水区域」図からのラスタ読み取り。企業団相模川系統（綾瀬浄水場系）。図は「主な給水区域」であり町丁目単位の断定ではない。純度 83%（判定に使った画素 1319）。位置合わせ IoU 0.863（4パラメータ）
TRACE_YOK:14108030306,14108030306,FAC_KGD_AYASE,1.0,low,2026-04-01,,DOC_YOK_SUISHITSU_R8,令和8年度水質検査計画 p11「各水源の主な給水区域」図からのラスタ読み取り。企業団相模川系統（綾瀬浄水場系）。図は「主な給水区域」であり町丁目単位の断定ではない。純度 92%（判定に使った画素 1837）。位置合わせ IoU 0.863（4パラメータ）
TRACE_YOK:14108030401,14108030401,FAC_KGD_AYASE,1.0,low,2026-04-01,,DOC_YOK_SUISHITSU_R8,令和8年度水質検査計画 p11「各水源の主な給水区域」図からのラスタ読み取り。企業団相模川系統（綾瀬浄水場系）。図は「主な給水区域」であり町丁目単位の断定ではない。純度 94%（判定に使った画素 1114）。位置合わせ IoU 0.863（4パラメータ）
TRACE_YOK:14108030402,14108030402,FAC_KGD_AYASE,1.0,low,2026-04-01,,DOC_YOK_SUISHITSU_R8,令和8年度水質検査計画 p11「各水源の主な給水区域」図からのラスタ読み取り。企業団相模川系統（綾瀬浄水場系）。図は「主な給水区域」であり町丁目単位の断定ではない。純度 73%（判定に使った画素 1649）。位置合わせ IoU 0.863（4パラメータ）
TRACE_YOK:14108030403,14108030403,FAC_KGD_AYASE,1.0,low,2026-04-01,,DOC_YOK_SUISHITSU_R8,令和8年度水質検査計画 p11「各水源の主な給水区域」図からのラスタ読み取り。企業団相模川系統（綾瀬浄水場系）。図は「主な給水区域」であり町丁目単位の断定ではない。純度 91%（判定に使った画素 2926）。位置合わせ IoU 0.863（4パラメータ）
TRACE_YOK:14108030404,14108030404,FAC_KGD_AYASE,1.0,low,2026-04-01,,DOC_YOK_SUISHITSU_R8,令和8年度水質検査計画 p11「各水源の主な給水区域」図からのラスタ読み取り。企業団相模川系統（綾瀬浄水場系）。図は「主な給水区域」であり町丁目単位の断定ではない。純度 88%（判定に使った画素 1634）。位置合わせ IoU 0.863（4パラメータ）
TRACE_YOK:141080305,141080305,FAC_YOK_KOSUZUME,1.0,low,2026-04-01,,DOC_YOK_SUISHITSU_R8,令和8年度水質検査計画 p11「各水源の主な給水区域」図からのラスタ読み取り。馬入川系統（小雀浄水場系）。図は「主な給水区域」であり町丁目単位の断定ではない。純度 54%（判定に使った画素 9121）。位置合わせ IoU 0.863（4パラメータ）
TRACE_YOK:141080310,141080310,FAC_YOK_KOSUZUME,1.0,medium,2026-04-01,,DOC_YOK_SUISHITSU_R8,令和8年度水質検査計画 p11「各水源の主な給水区域」図からのラスタ読み取り。馬入川系統（小雀浄水場系）。図は「主な給水区域」であり町丁目単位の断定ではない。純度 100%（判定に使った画素 1955）。位置合わせ IoU 0.863（4パラメータ）
TRACE_YOK:141080320,141080320,FAC_YOK_KOSUZUME,1.0,low,2026-04-01,,DOC_YOK_SUISHITSU_R8,令和8年度水質検査計画 p11「各水源の主な給水区域」図からのラスタ読み取り。馬入川系統（小雀浄水場系）。図は「主な給水区域」であり町丁目単位の断定ではない。純度 95%（判定に使った画素 1476）。位置合わせ IoU 0.863（4パラメータ）
TRACE_YOK:141080330,141080330,FAC_YOK_KOSUZUME,1.0,medium,2026-04-01,,DOC_YOK_SUISHITSU_R8,令和8年度水質検査計画 p11「各水源の主な給水区域」図からのラスタ読み取り。馬入川系統（小雀浄水場系）。図は「主な給水区域」であり町丁目単位の断定ではない。純度 95%（判定に使った画素 6994）。位置合わせ IoU 0.863（4パラメータ）
TRACE_YOK:14108034001,14108034001,FAC_YOK_KOSUZUME,1.0,low,2026-04-01,,DOC_YOK_SUISHITSU_R8,令和8年度水質検査計画 p11「各水源の主な給水区域」図からのラスタ読み取り。馬入川系統（小雀浄水場系）。図は「主な給水区域」であり町丁目単位の断定ではない。純度 94%（判定に使った画素 3558）。位置合わせ IoU 0.863（4パラメータ）
TRACE_YOK:14108034002,14108034002,FAC_YOK_KOSUZUME,1.0,medium,2026-04-01,,DOC_YOK_SUISHITSU_R8,令和8年度水質検査計画 p11「各水源の主な給水区域」図からのラスタ読み取り。馬入川系統（小雀浄水場系）。図は「主な給水区域」であり町丁目単位の断定ではない。純度 98%（判定に使った画素 1816）。位置合わせ IoU 0.863（4パラメータ）
TRACE_YOK:14108034003,14108034003,FAC_YOK_KOSUZUME,1.0,medium,2026-04-01,,DOC_YOK_SUISHITSU_R8,令和8年度水質検査計画 p11「各水源の主な給水区域」図からのラスタ読み取り。馬入川系統（小雀浄水場系）。図は「主な給水区域」であり町丁目単位の断定ではない。純度 100%（判定に使った画素 2466）。位置合わせ IoU 0.863（4パラメータ）
TRACE_YOK:14108037001,14108037001,FAC_YOK_KOSUZUME,1.0,medium,2026-04-01,,DOC_YOK_SUISHITSU_R8,令和8年度水質検査計画 p11「各水源の主な給水区域」図からのラスタ読み取り。馬入川系統（小雀浄水場系）。図は「主な給水区域」であり町丁目単位の断定ではない。純度 99%（判定に使った画素 9354）。位置合わせ IoU 0.863（4パラメータ）
TRACE_YOK:14108037002,14108037002,FAC_YOK_KOSUZUME,1.0,medium,2026-04-01,,DOC_YOK_SUISHITSU_R8,令和8年度水質検査計画 p11「各水源の主な給水区域」図からのラスタ読み取り。馬入川系統（小雀浄水場系）。図は「主な給水区域」であり町丁目単位の断定ではない。純度 99%（判定に使った画素 5948）。位置合わせ IoU 0.863（4パラメータ）
TRACE_YOK:14108039001,14108039001,FAC_YOK_KOSUZUME,1.0,medium,2026-04-01,,DOC_YOK_SUISHITSU_R8,令和8年度水質検査計画 p11「各水源の主な給水区域」図からのラスタ読み取り。馬入川系統（小雀浄水場系）。図は「主な給水区域」であり町丁目単位の断定ではない。純度 100%（判定に使った画素 2086）。位置合わせ IoU 0.863（4パラメータ）
TRACE_YOK:14108039002,14108039002,FAC_YOK_KOSUZUME,1.0,low,2026-04-01,,DOC_YOK_SUISHITSU_R8,令和8年度水質検査計画 p11「各水源の主な給水区域」図からのラスタ読み取り。馬入川系統（小雀浄水場系）。図は「主な給水区域」であり町丁目単位の断定ではない。純度 73%（判定に使った画素 1957）。位置合わせ IoU 0.863（4パラメータ）
TRACE_YOK:14108041001,14108041001,FAC_YOK_KOSUZUME,1.0,low,2026-04-01,,DOC_YOK_SUISHITSU_R8,令和8年度水質検査計画 p11「各水源の主な給水区域」図からのラスタ読み取り。馬入川系統（小雀浄水場系）。図は「主な給水区域」であり町丁目単位の断定ではない。純度 79%（判定に使った画素 867）。位置合わせ IoU 0.863（4パラメータ）
TRACE_YOK:14108041002,14108041002,FAC_KGD_AYASE,1.0,low,2026-04-01,,DOC_YOK_SUISHITSU_R8,令和8年度水質検査計画 p11「各水源の主な給水区域」図からのラスタ読み取り。企業団相模川系統（綾瀬浄水場系）。図は「主な給水区域」であり町丁目単位の断定ではない。純度 66%（判定に使った画素 1614）。位置合わせ IoU 0.863（4パラメータ）
TRACE_YOK:14108043001,14108043001,FAC_KGD_AYASE,1.0,low,2026-04-01,,DOC_YOK_SUISHITSU_R8,令和8年度水質検査計画 p11「各水源の主な給水区域」図からのラスタ読み取り。企業団相模川系統（綾瀬浄水場系）。図は「主な給水区域」であり町丁目単位の断定ではない。純度 86%（判定に使った画素 3033）。位置合わせ IoU 0.863（4パラメータ）
TRACE_YOK:14108043002,14108043002,FAC_KGD_AYASE,1.0,low,2026-04-01,,DOC_YOK_SUISHITSU_R8,令和8年度水質検査計画 p11「各水源の主な給水区域」図からのラスタ読み取り。企業団相模川系統（綾瀬浄水場系）。図は「主な給水区域」であり町丁目単位の断定ではない。純度 86%（判定に使った画素 2472）。位置合わせ IoU 0.863（4パラメータ）
TRACE_YOK:14108046001,14108046001,FAC_YOK_KOSUZUME,1.0,medium,2026-04-01,,DOC_YOK_SUISHITSU_R8,令和8年度水質検査計画 p11「各水源の主な給水区域」図からのラスタ読み取り。馬入川系統（小雀浄水場系）。図は「主な給水区域」であり町丁目単位の断定ではない。純度 100%（判定に使った画素 4924）。位置合わせ IoU 0.863（4パラメータ）
TRACE_YOK:14108046002,14108046002,FAC_YOK_KOSUZUME,1.0,medium,2026-04-01,,DOC_YOK_SUISHITSU_R8,令和8年度水質検査計画 p11「各水源の主な給水区域」図からのラスタ読み取り。馬入川系統（小雀浄水場系）。図は「主な給水区域」であり町丁目単位の断定ではない。純度 98%（判定に使った画素 3572）。位置合わせ IoU 0.863（4パラメータ）
TRACE_YOK:14108046003,14108046003,FAC_YOK_KOSUZUME,1.0,medium,2026-04-01,,DOC_YOK_SUISHITSU_R8,令和8年度水質検査計画 p11「各水源の主な給水区域」図からのラスタ読み取り。馬入川系統（小雀浄水場系）。図は「主な給水区域」であり町丁目単位の断定ではない。純度 99%（判定に使った画素 4239）。位置合わせ IoU 0.863（4パラメータ）
TRACE_YOK:14108049001,14108049001,FAC_KGD_AYASE,1.0,low,2026-04-01,,DOC_YOK_SUISHITSU_R8,令和8年度水質検査計画 p11「各水源の主な給水区域」図からのラスタ読み取り。企業団相模川系統（綾瀬浄水場系）。図は「主な給水区域」であり町丁目単位の断定ではない。純度 88%（判定に使った画素 2309）。位置合わせ IoU 0.863（4パラメータ）
TRACE_YOK:14108049002,14108049002,FAC_KGD_AYASE,1.0,low,2026-04-01,,DOC_YOK_SUISHITSU_R8,令和8年度水質検査計画 p11「各水源の主な給水区域」図からのラスタ読み取り。企業団相模川系統（綾瀬浄水場系）。図は「主な給水区域」であり町丁目単位の断定ではない。純度 83%（判定に使った画素 1381）。位置合わせ IoU 0.863（4パラメータ）
TRACE_YOK:14108049003,14108049003,FAC_KGD_AYASE,1.0,low,2026-04-01,,DOC_YOK_SUISHITSU_R8,令和8年度水質検査計画 p11「各水源の主な給水区域」図からのラスタ読み取り。企業団相模川系統（綾瀬浄水場系）。図は「主な給水区域」であり町丁目単位の断定ではない。純度 75%（判定に使った画素 2598）。位置合わせ IoU 0.863（4パラメータ）
TRACE_YOK:14108049004,14108049004,FAC_KGD_AYASE,1.0,low,2026-04-01,,DOC_YOK_SUISHITSU_R8,令和8年度水質検査計画 p11「各水源の主な給水区域」図からのラスタ読み取り。企業団相模川系統（綾瀬浄水場系）。図は「主な給水区域」であり町丁目単位の断定ではない。純度 88%（判定に使った画素 547）。位置合わせ IoU 0.863（4パラメータ）
TRACE_YOK:14108049005,14108049005,FAC_KGD_AYASE,1.0,low,2026-04-01,,DOC_YOK_SUISHITSU_R8,令和8年度水質検査計画 p11「各水源の主な給水区域」図からのラスタ読み取り。企業団相模川系統（綾瀬浄水場系）。図は「主な給水区域」であり町丁目単位の断定ではない。純度 80%（判定に使った画素 2578）。位置合わせ IoU 0.863（4パラメータ）
TRACE_YOK:14108049006,14108049006,FAC_KGD_AYASE,1.0,low,2026-04-01,,DOC_YOK_SUISHITSU_R8,令和8年度水質検査計画 p11「各水源の主な給水区域」図からのラスタ読み取り。企業団相模川系統（綾瀬浄水場系）。図は「主な給水区域」であり町丁目単位の断定ではない。純度 83%（判定に使った画素 2977）。位置合わせ IoU 0.863（4パラメータ）
TRACE_YOK:14108055001,14108055001,FAC_YOK_KOSUZUME,1.0,medium,2026-04-01,,DOC_YOK_SUISHITSU_R8,令和8年度水質検査計画 p11「各水源の主な給水区域」図からのラスタ読み取り。馬入川系統（小雀浄水場系）。図は「主な給水区域」であり町丁目単位の断定ではない。純度 100%（判定に使った画素 2362）。位置合わせ IoU 0.863（4パラメータ）
TRACE_YOK:14108055002,14108055002,FAC_YOK_KOSUZUME,1.0,medium,2026-04-01,,DOC_YOK_SUISHITSU_R8,令和8年度水質検査計画 p11「各水源の主な給水区域」図からのラスタ読み取り。馬入川系統（小雀浄水場系）。図は「主な給水区域」であり町丁目単位の断定ではない。純度 95%（判定に使った画素 3947）。位置合わせ IoU 0.863（4パラメータ）
TRACE_YOK:14108055003,14108055003,FAC_YOK_KOSUZUME,1.0,medium,2026-04-01,,DOC_YOK_SUISHITSU_R8,令和8年度水質検査計画 p11「各水源の主な給水区域」図からのラスタ読み取り。馬入川系統（小雀浄水場系）。図は「主な給水区域」であり町丁目単位の断定ではない。純度 100%（判定に使った画素 2299）。位置合わせ IoU 0.863（4パラメータ）
TRACE_YOK:14108055004,14108055004,FAC_YOK_KOSUZUME,1.0,medium,2026-04-01,,DOC_YOK_SUISHITSU_R8,令和8年度水質検査計画 p11「各水源の主な給水区域」図からのラスタ読み取り。馬入川系統（小雀浄水場系）。図は「主な給水区域」であり町丁目単位の断定ではない。純度 100%（判定に使った画素 1636）。位置合わせ IoU 0.863（4パラメータ）
TRACE_YOK:14108055005,14108055005,FAC_YOK_KOSUZUME,1.0,low,2026-04-01,,DOC_YOK_SUISHITSU_R8,令和8年度水質検査計画 p11「各水源の主な給水区域」図からのラスタ読み取り。馬入川系統（小雀浄水場系）。図は「主な給水区域」であり町丁目単位の断定ではない。純度 62%（判定に使った画素 1787）。位置合わせ IoU 0.863（4パラメータ）
TRACE_YOK:14108055006,14108055006,FAC_YOK_KOSUZUME,1.0,low,2026-04-01,,DOC_YOK_SUISHITSU_R8,令和8年度水質検査計画 p11「各水源の主な給水区域」図からのラスタ読み取り。馬入川系統（小雀浄水場系）。図は「主な給水区域」であり町丁目単位の断定ではない。純度 81%（判定に使った画素 1869）。位置合わせ IoU 0.863（4パラメータ）
TRACE_YOK:14108061001,14108061001,FAC_YOK_KOSUZUME,1.0,medium,2026-04-01,,DOC_YOK_SUISHITSU_R8,令和8年度水質検査計画 p11「各水源の主な給水区域」図からのラスタ読み取り。馬入川系統（小雀浄水場系）。図は「主な給水区域」であり町丁目単位の断定ではない。純度 100%（判定に使った画素 3011）。位置合わせ IoU 0.863（4パラメータ）
TRACE_YOK:14108061002,14108061002,FAC_YOK_KOSUZUME,1.0,low,2026-04-01,,DOC_YOK_SUISHITSU_R8,令和8年度水質検査計画 p11「各水源の主な給水区域」図からのラスタ読み取り。馬入川系統（小雀浄水場系）。図は「主な給水区域」であり町丁目単位の断定ではない。純度 54%（判定に使った画素 1795）。位置合わせ IoU 0.863（4パラメータ）
TRACE_YOK:14108061003,14108061003,FAC_KGD_AYASE,1.0,low,2026-04-01,,DOC_YOK_SUISHITSU_R8,令和8年度水質検査計画 p11「各水源の主な給水区域」図からのラスタ読み取り。企業団相模川系統（綾瀬浄水場系）。図は「主な給水区域」であり町丁目単位の断定ではない。純度 61%（判定に使った画素 1429）。位置合わせ IoU 0.863（4パラメータ）
TRACE_YOK:14108061004,14108061004,FAC_KGD_AYASE,1.0,low,2026-04-01,,DOC_YOK_SUISHITSU_R8,令和8年度水質検査計画 p11「各水源の主な給水区域」図からのラスタ読み取り。企業団相模川系統（綾瀬浄水場系）。図は「主な給水区域」であり町丁目単位の断定ではない。純度 66%（判定に使った画素 2955）。位置合わせ IoU 0.863（4パラメータ）
TRACE_YOK:14108061005,14108061005,FAC_KGD_AYASE,1.0,low,2026-04-01,,DOC_YOK_SUISHITSU_R8,令和8年度水質検査計画 p11「各水源の主な給水区域」図からのラスタ読み取り。企業団相模川系統（綾瀬浄水場系）。図は「主な給水区域」であり町丁目単位の断定ではない。純度 84%（判定に使った画素 2123）。位置合わせ IoU 0.863（4パラメータ）
TRACE_YOK:14108061006,14108061006,FAC_KGD_AYASE,1.0,low,2026-04-01,,DOC_YOK_SUISHITSU_R8,令和8年度水質検査計画 p11「各水源の主な給水区域」図からのラスタ読み取り。企業団相模川系統（綾瀬浄水場系）。図は「主な給水区域」であり町丁目単位の断定ではない。純度 88%（判定に使った画素 2145）。位置合わせ IoU 0.863（4パラメータ）
TRACE_YOK:14108061007,14108061007,FAC_KGD_AYASE,1.0,low,2026-04-01,,DOC_YOK_SUISHITSU_R8,令和8年度水質検査計画 p11「各水源の主な給水区域」図からのラスタ読み取り。企業団相模川系統（綾瀬浄水場系）。図は「主な給水区域」であり町丁目単位の断定ではない。純度 79%（判定に使った画素 2792）。位置合わせ IoU 0.863（4パラメータ）
TRACE_YOK:141080680,141080680,FAC_KGD_AYASE,1.0,low,2026-04-01,,DOC_YOK_SUISHITSU_R8,令和8年度水質検査計画 p11「各水源の主な給水区域」図からのラスタ読み取り。企業団相模川系統（綾瀬浄水場系）。図は「主な給水区域」であり町丁目単位の断定ではない。純度 82%（判定に使った画素 1644）。位置合わせ IoU 0.863（4パラメータ）
TRACE_YOK:141080690,141080690,FAC_KGD_AYASE,1.0,low,2026-04-01,,DOC_YOK_SUISHITSU_R8,令和8年度水質検査計画 p11「各水源の主な給水区域」図からのラスタ読み取り。企業団相模川系統（綾瀬浄水場系）。図は「主な給水区域」であり町丁目単位の断定ではない。純度 81%（判定に使った画素 1740）。位置合わせ IoU 0.863（4パラメータ）
TRACE_YOK:141080700,141080700,FAC_YOK_KOSUZUME,1.0,low,2026-04-01,,DOC_YOK_SUISHITSU_R8,令和8年度水質検査計画 p11「各水源の主な給水区域」図からのラスタ読み取り。馬入川系統（小雀浄水場系）。図は「主な給水区域」であり町丁目単位の断定ではない。純度 52%（判定に使った画素 2020）。位置合わせ IoU 0.863（4パラメータ）
TRACE_YOK:141080710,141080710,FAC_YOK_KOSUZUME,1.0,medium,2026-04-01,,DOC_YOK_SUISHITSU_R8,令和8年度水質検査計画 p11「各水源の主な給水区域」図からのラスタ読み取り。馬入川系統（小雀浄水場系）。図は「主な給水区域」であり町丁目単位の断定ではない。純度 99%（判定に使った画素 1303）。位置合わせ IoU 0.863（4パラメータ）
TRACE_YOK:141080730,141080730,FAC_YOK_KOSUZUME,1.0,low,2026-04-01,,DOC_YOK_SUISHITSU_R8,令和8年度水質検査計画 p11「各水源の主な給水区域」図からのラスタ読み取り。馬入川系統（小雀浄水場系）。図は「主な給水区域」であり町丁目単位の断定ではない。純度 93%（判定に使った画素 253）。位置合わせ IoU 0.863（4パラメータ）
TRACE_YOK:14109001001,14109001001,FAC_KGD_NISHINAGASAWA,1.0,medium,2026-04-01,,DOC_YOK_SUISHITSU_R8,令和8年度水質検査計画 p11「各水源の主な給水区域」図からのラスタ読み取り。企業団酒匂川系統（西長沢・相模原浄水場系）。図は「主な給水区域」であり町丁目単位の断定ではない。純度 100%（判定に使った画素 1000）。位置合わせ IoU 0.863（4パラメータ）。図では西長沢浄水場系と相模原浄水場系が同じ色で区別できないため供給水量の大きい西長沢に寄せている（企業団の1日平均供給水量 R7年度 西長沢 467486 ㎥ / 相模原 248448 ㎥）
TRACE_YOK:14109001002,14109001002,FAC_KGD_NISHINAGASAWA,1.0,medium,2026-04-01,,DOC_YOK_SUISHITSU_R8,令和8年度水質検査計画 p11「各水源の主な給水区域」図からのラスタ読み取り。企業団酒匂川系統（西長沢・相模原浄水場系）。図は「主な給水区域」であり町丁目単位の断定ではない。純度 100%（判定に使った画素 1791）。位置合わせ IoU 0.863（4パラメータ）。図では西長沢浄水場系と相模原浄水場系が同じ色で区別できないため供給水量の大きい西長沢に寄せている（企業団の1日平均供給水量 R7年度 西長沢 467486 ㎥ / 相模原 248448 ㎥）
TRACE_YOK:14109001003,14109001003,FAC_KGD_NISHINAGASAWA,1.0,medium,2026-04-01,,DOC_YOK_SUISHITSU_R8,令和8年度水質検査計画 p11「各水源の主な給水区域」図からのラスタ読み取り。企業団酒匂川系統（西長沢・相模原浄水場系）。図は「主な給水区域」であり町丁目単位の断定ではない。純度 98%（判定に使った画素 1977）。位置合わせ IoU 0.863（4パラメータ）。図では西長沢浄水場系と相模原浄水場系が同じ色で区別できないため供給水量の大きい西長沢に寄せている（企業団の1日平均供給水量 R7年度 西長沢 467486 ㎥ / 相模原 248448 ㎥）
TRACE_YOK:14109001004,14109001004,FAC_KGD_NISHINAGASAWA,1.0,medium,2026-04-01,,DOC_YOK_SUISHITSU_R8,令和8年度水質検査計画 p11「各水源の主な給水区域」図からのラスタ読み取り。企業団酒匂川系統（西長沢・相模原浄水場系）。図は「主な給水区域」であり町丁目単位の断定ではない。純度 96%（判定に使った画素 1121）。位置合わせ IoU 0.863（4パラメータ）。図では西長沢浄水場系と相模原浄水場系が同じ色で区別できないため供給水量の大きい西長沢に寄せている（企業団の1日平均供給水量 R7年度 西長沢 467486 ㎥ / 相模原 248448 ㎥）
TRACE_YOK:14109001005,14109001005,FAC_YOK_KOSUZUME,1.0,low,2026-04-01,,DOC_YOK_SUISHITSU_R8,令和8年度水質検査計画 p11「各水源の主な給水区域」図からのラスタ読み取り。馬入川系統（小雀浄水場系）。図は「主な給水区域」であり町丁目単位の断定ではない。純度 69%（判定に使った画素 1058）。位置合わせ IoU 0.863（4パラメータ）
TRACE_YOK:14109001006,14109001006,FAC_YOK_KOSUZUME,1.0,medium,2026-04-01,,DOC_YOK_SUISHITSU_R8,令和8年度水質検査計画 p11「各水源の主な給水区域」図からのラスタ読み取り。馬入川系統（小雀浄水場系）。図は「主な給水区域」であり町丁目単位の断定ではない。純度 100%（判定に使った画素 990）。位置合わせ IoU 0.863（4パラメータ）
TRACE_YOK:14109001007,14109001007,FAC_YOK_KOSUZUME,1.0,low,2026-04-01,,DOC_YOK_SUISHITSU_R8,令和8年度水質検査計画 p11「各水源の主な給水区域」図からのラスタ読み取り。馬入川系統（小雀浄水場系）。図は「主な給水区域」であり町丁目単位の断定ではない。純度 75%（判定に使った画素 399）。位置合わせ IoU 0.863（4パラメータ）
TRACE_YOK:14109008001,14109008001,FAC_KGD_NISHINAGASAWA,1.0,medium,2026-04-01,,DOC_YOK_SUISHITSU_R8,令和8年度水質検査計画 p11「各水源の主な給水区域」図からのラスタ読み取り。企業団酒匂川系統（西長沢・相模原浄水場系）。図は「主な給水区域」であり町丁目単位の断定ではない。純度 96%（判定に使った画素 4828）。位置合わせ IoU 0.863（4パラメータ）。図では西長沢浄水場系と相模原浄水場系が同じ色で区別できないため供給水量の大きい西長沢に寄せている（企業団の1日平均供給水量 R7年度 西長沢 467486 ㎥ / 相模原 248448 ㎥）
TRACE_YOK:14109008002,14109008002,FAC_KGD_NISHINAGASAWA,1.0,medium,2026-04-01,,DOC_YOK_SUISHITSU_R8,令和8年度水質検査計画 p11「各水源の主な給水区域」図からのラスタ読み取り。企業団酒匂川系統（西長沢・相模原浄水場系）。図は「主な給水区域」であり町丁目単位の断定ではない。純度 95%（判定に使った画素 2262）。位置合わせ IoU 0.863（4パラメータ）。図では西長沢浄水場系と相模原浄水場系が同じ色で区別できないため供給水量の大きい西長沢に寄せている（企業団の1日平均供給水量 R7年度 西長沢 467486 ㎥ / 相模原 248448 ㎥）
TRACE_YOK:14109009001,14109009001,FAC_KGD_NISHINAGASAWA,1.0,medium,2026-04-01,,DOC_YOK_SUISHITSU_R8,令和8年度水質検査計画 p11「各水源の主な給水区域」図からのラスタ読み取り。企業団酒匂川系統（西長沢・相模原浄水場系）。図は「主な給水区域」であり町丁目単位の断定ではない。純度 100%（判定に使った画素 1143）。位置合わせ IoU 0.863（4パラメータ）。図では西長沢浄水場系と相模原浄水場系が同じ色で区別できないため供給水量の大きい西長沢に寄せている（企業団の1日平均供給水量 R7年度 西長沢 467486 ㎥ / 相模原 248448 ㎥）
TRACE_YOK:14109009002,14109009002,FAC_KGD_NISHINAGASAWA,1.0,medium,2026-04-01,,DOC_YOK_SUISHITSU_R8,令和8年度水質検査計画 p11「各水源の主な給水区域」図からのラスタ読み取り。企業団酒匂川系統（西長沢・相模原浄水場系）。図は「主な給水区域」であり町丁目単位の断定ではない。純度 100%（判定に使った画素 1252）。位置合わせ IoU 0.863（4パラメータ）。図では西長沢浄水場系と相模原浄水場系が同じ色で区別できないため供給水量の大きい西長沢に寄せている（企業団の1日平均供給水量 R7年度 西長沢 467486 ㎥ / 相模原 248448 ㎥）
TRACE_YOK:14109009003,14109009003,FAC_KGD_NISHINAGASAWA,1.0,medium,2026-04-01,,DOC_YOK_SUISHITSU_R8,令和8年度水質検査計画 p11「各水源の主な給水区域」図からのラスタ読み取り。企業団酒匂川系統（西長沢・相模原浄水場系）。図は「主な給水区域」であり町丁目単位の断定ではない。純度 100%（判定に使った画素 1931）。位置合わせ IoU 0.863（4パラメータ）。図では西長沢浄水場系と相模原浄水場系が同じ色で区別できないため供給水量の大きい西長沢に寄せている（企業団の1日平均供給水量 R7年度 西長沢 467486 ㎥ / 相模原 248448 ㎥）
TRACE_YOK:14109012001,14109012001,FAC_KGD_NISHINAGASAWA,1.0,medium,2026-04-01,,DOC_YOK_SUISHITSU_R8,令和8年度水質検査計画 p11「各水源の主な給水区域」図からのラスタ読み取り。企業団酒匂川系統（西長沢・相模原浄水場系）。図は「主な給水区域」であり町丁目単位の断定ではない。純度 100%（判定に使った画素 1657）。位置合わせ IoU 0.863（4パラメータ）。図では西長沢浄水場系と相模原浄水場系が同じ色で区別できないため供給水量の大きい西長沢に寄せている（企業団の1日平均供給水量 R7年度 西長沢 467486 ㎥ / 相模原 248448 ㎥）
TRACE_YOK:14109012002,14109012002,FAC_KGD_NISHINAGASAWA,1.0,medium,2026-04-01,,DOC_YOK_SUISHITSU_R8,令和8年度水質検査計画 p11「各水源の主な給水区域」図からのラスタ読み取り。企業団酒匂川系統（西長沢・相模原浄水場系）。図は「主な給水区域」であり町丁目単位の断定ではない。純度 100%（判定に使った画素 2159）。位置合わせ IoU 0.863（4パラメータ）。図では西長沢浄水場系と相模原浄水場系が同じ色で区別できないため供給水量の大きい西長沢に寄せている（企業団の1日平均供給水量 R7年度 西長沢 467486 ㎥ / 相模原 248448 ㎥）
TRACE_YOK:141090140,141090140,FAC_KGD_NISHINAGASAWA,1.0,low,2026-04-01,,DOC_YOK_SUISHITSU_R8,令和8年度水質検査計画 p11「各水源の主な給水区域」図からのラスタ読み取り。企業団酒匂川系統（西長沢・相模原浄水場系）。図は「主な給水区域」であり町丁目単位の断定ではない。純度 83%（判定に使った画素 1425）。位置合わせ IoU 0.863（4パラメータ）。図では西長沢浄水場系と相模原浄水場系が同じ色で区別できないため供給水量の大きい西長沢に寄せている（企業団の1日平均供給水量 R7年度 西長沢 467486 ㎥ / 相模原 248448 ㎥）
TRACE_YOK:14109015001,14109015001,FAC_KGD_NISHINAGASAWA,1.0,medium,2026-04-01,,DOC_YOK_SUISHITSU_R8,令和8年度水質検査計画 p11「各水源の主な給水区域」図からのラスタ読み取り。企業団酒匂川系統（西長沢・相模原浄水場系）。図は「主な給水区域」であり町丁目単位の断定ではない。純度 98%（判定に使った画素 1209）。位置合わせ IoU 0.863（4パラメータ）。図では西長沢浄水場系と相模原浄水場系が同じ色で区別できないため供給水量の大きい西長沢に寄せている（企業団の1日平均供給水量 R7年度 西長沢 467486 ㎥ / 相模原 248448 ㎥）
TRACE_YOK:14109015002,14109015002,FAC_KGD_NISHINAGASAWA,1.0,low,2026-04-01,,DOC_YOK_SUISHITSU_R8,令和8年度水質検査計画 p11「各水源の主な給水区域」図からのラスタ読み取り。企業団酒匂川系統（西長沢・相模原浄水場系）。図は「主な給水区域」であり町丁目単位の断定ではない。純度 80%（判定に使った画素 707）。位置合わせ IoU 0.863（4パラメータ）。図では西長沢浄水場系と相模原浄水場系が同じ色で区別できないため供給水量の大きい西長沢に寄せている（企業団の1日平均供給水量 R7年度 西長沢 467486 ㎥ / 相模原 248448 ㎥）
TRACE_YOK:14109017001,14109017001,FAC_KGD_NISHINAGASAWA,1.0,medium,2026-04-01,,DOC_YOK_SUISHITSU_R8,令和8年度水質検査計画 p11「各水源の主な給水区域」図からのラスタ読み取り。企業団酒匂川系統（西長沢・相模原浄水場系）。図は「主な給水区域」であり町丁目単位の断定ではない。純度 100%（判定に使った画素 1643）。位置合わせ IoU 0.863（4パラメータ）。図では西長沢浄水場系と相模原浄水場系が同じ色で区別できないため供給水量の大きい西長沢に寄せている（企業団の1日平均供給水量 R7年度 西長沢 467486 ㎥ / 相模原 248448 ㎥）
TRACE_YOK:14109017002,14109017002,FAC_KGD_NISHINAGASAWA,1.0,medium,2026-04-01,,DOC_YOK_SUISHITSU_R8,令和8年度水質検査計画 p11「各水源の主な給水区域」図からのラスタ読み取り。企業団酒匂川系統（西長沢・相模原浄水場系）。図は「主な給水区域」であり町丁目単位の断定ではない。純度 100%（判定に使った画素 3087）。位置合わせ IoU 0.863（4パラメータ）。図では西長沢浄水場系と相模原浄水場系が同じ色で区別できないため供給水量の大きい西長沢に寄せている（企業団の1日平均供給水量 R7年度 西長沢 467486 ㎥ / 相模原 248448 ㎥）
TRACE_YOK:141090190,141090190,FAC_KGD_NISHINAGASAWA,1.0,medium,2026-04-01,,DOC_YOK_SUISHITSU_R8,令和8年度水質検査計画 p11「各水源の主な給水区域」図からのラスタ読み取り。企業団酒匂川系統（西長沢・相模原浄水場系）。図は「主な給水区域」であり町丁目単位の断定ではない。純度 100%（判定に使った画素 2207）。位置合わせ IoU 0.863（4パラメータ）。図では西長沢浄水場系と相模原浄水場系が同じ色で区別できないため供給水量の大きい西長沢に寄せている（企業団の1日平均供給水量 R7年度 西長沢 467486 ㎥ / 相模原 248448 ㎥）
TRACE_YOK:141090200,141090200,FAC_KGD_NISHINAGASAWA,1.0,medium,2026-04-01,,DOC_YOK_SUISHITSU_R8,令和8年度水質検査計画 p11「各水源の主な給水区域」図からのラスタ読み取り。企業団酒匂川系統（西長沢・相模原浄水場系）。図は「主な給水区域」であり町丁目単位の断定ではない。純度 98%（判定に使った画素 2363）。位置合わせ IoU 0.863（4パラメータ）。図では西長沢浄水場系と相模原浄水場系が同じ色で区別できないため供給水量の大きい西長沢に寄せている（企業団の1日平均供給水量 R7年度 西長沢 467486 ㎥ / 相模原 248448 ㎥）
TRACE_YOK:14109021001,14109021001,FAC_YOK_KAWAI,1.0,low,2026-04-01,,DOC_YOK_SUISHITSU_R8,令和8年度水質検査計画 p11「各水源の主な給水区域」図からのラスタ読み取り。道志川系統（川井浄水場系）。図は「主な給水区域」であり町丁目単位の断定ではない。純度 75%（判定に使った画素 1709）。位置合わせ IoU 0.863（4パラメータ）
TRACE_YOK:14109021002,14109021002,FAC_YOK_KAWAI,1.0,low,2026-04-01,,DOC_YOK_SUISHITSU_R8,令和8年度水質検査計画 p11「各水源の主な給水区域」図からのラスタ読み取り。道志川系統（川井浄水場系）。図は「主な給水区域」であり町丁目単位の断定ではない。純度 53%（判定に使った画素 1952）。位置合わせ IoU 0.863（4パラメータ）
TRACE_YOK:14109021003,14109021003,FAC_YOK_KOSUZUME,1.0,low,2026-04-01,,DOC_YOK_SUISHITSU_R8,令和8年度水質検査計画 p11「各水源の主な給水区域」図からのラスタ読み取り。馬入川系統（小雀浄水場系）。図は「主な給水区域」であり町丁目単位の断定ではない。純度 52%（判定に使った画素 2058）。位置合わせ IoU 0.863（4パラメータ）
TRACE_YOK:141090240,141090240,FAC_YOK_NISHIYA,1.0,low,2026-04-01,,DOC_YOK_SUISHITSU_R8,令和8年度水質検査計画 p11「各水源の主な給水区域」図からのラスタ読み取り。相模川系統（西谷浄水場系）。図は「主な給水区域」であり町丁目単位の断定ではない。純度 61%（判定に使った画素 4686）。位置合わせ IoU 0.863（4パラメータ）
TRACE_YOK:141090250,141090250,FAC_YOK_KAWAI,1.0,low,2026-04-01,,DOC_YOK_SUISHITSU_R8,令和8年度水質検査計画 p11「各水源の主な給水区域」図からのラスタ読み取り。道志川系統（川井浄水場系）。図は「主な給水区域」であり町丁目単位の断定ではない。純度 93%（判定に使った画素 8833）。位置合わせ IoU 0.863（4パラメータ）
TRACE_YOK:14109026001,14109026001,FAC_YOK_KAWAI,1.0,low,2026-04-01,,DOC_YOK_SUISHITSU_R8,令和8年度水質検査計画 p11「各水源の主な給水区域」図からのラスタ読み取り。道志川系統（川井浄水場系）。図は「主な給水区域」であり町丁目単位の断定ではない。純度 89%（判定に使った画素 6228）。位置合わせ IoU 0.863（4パラメータ）
TRACE_YOK:14109026002,14109026002,FAC_YOK_KAWAI,1.0,low,2026-04-01,,DOC_YOK_SUISHITSU_R8,令和8年度水質検査計画 p11「各水源の主な給水区域」図からのラスタ読み取り。道志川系統（川井浄水場系）。図は「主な給水区域」であり町丁目単位の断定ではない。純度 79%（判定に使った画素 13790）。位置合わせ IoU 0.863（4パラメータ）
TRACE_YOK:14109027001,14109027001,FAC_YOK_KOSUZUME,1.0,low,2026-04-01,,DOC_YOK_SUISHITSU_R8,令和8年度水質検査計画 p11「各水源の主な給水区域」図からのラスタ読み取り。馬入川系統（小雀浄水場系）。図は「主な給水区域」であり町丁目単位の断定ではない。純度 79%（判定に使った画素 3282）。位置合わせ IoU 0.863（4パラメータ）
TRACE_YOK:14109027002,14109027002,FAC_YOK_KOSUZUME,1.0,medium,2026-04-01,,DOC_YOK_SUISHITSU_R8,令和8年度水質検査計画 p11「各水源の主な給水区域」図からのラスタ読み取り。馬入川系統（小雀浄水場系）。図は「主な給水区域」であり町丁目単位の断定ではない。純度 100%（判定に使った画素 3426）。位置合わせ IoU 0.863（4パラメータ）
TRACE_YOK:14109028001,14109028001,FAC_KGD_NISHINAGASAWA,1.0,low,2026-04-01,,DOC_YOK_SUISHITSU_R8,令和8年度水質検査計画 p11「各水源の主な給水区域」図からのラスタ読み取り。企業団酒匂川系統（西長沢・相模原浄水場系）。図は「主な給水区域」であり町丁目単位の断定ではない。純度 61%（判定に使った画素 4381）。位置合わせ IoU 0.863（4パラメータ）。図では西長沢浄水場系と相模原浄水場系が同じ色で区別できないため供給水量の大きい西長沢に寄せている（企業団の1日平均供給水量 R7年度 西長沢 467486 ㎥ / 相模原 248448 ㎥）
TRACE_YOK:14109028002,14109028002,FAC_KGD_NISHINAGASAWA,1.0,low,2026-04-01,,DOC_YOK_SUISHITSU_R8,令和8年度水質検査計画 p11「各水源の主な給水区域」図からのラスタ読み取り。企業団酒匂川系統（西長沢・相模原浄水場系）。図は「主な給水区域」であり町丁目単位の断定ではない。純度 66%（判定に使った画素 4623）。位置合わせ IoU 0.863（4パラメータ）。図では西長沢浄水場系と相模原浄水場系が同じ色で区別できないため供給水量の大きい西長沢に寄せている（企業団の1日平均供給水量 R7年度 西長沢 467486 ㎥ / 相模原 248448 ㎥）
TRACE_YOK:14109029101,14109029101,FAC_KGD_NISHINAGASAWA,1.0,low,2026-04-01,,DOC_YOK_SUISHITSU_R8,令和8年度水質検査計画 p11「各水源の主な給水区域」図からのラスタ読み取り。企業団酒匂川系統（西長沢・相模原浄水場系）。図は「主な給水区域」であり町丁目単位の断定ではない。純度 62%（判定に使った画素 1673）。位置合わせ IoU 0.863（4パラメータ）。図では西長沢浄水場系と相模原浄水場系が同じ色で区別できないため供給水量の大きい西長沢に寄せている（企業団の1日平均供給水量 R7年度 西長沢 467486 ㎥ / 相模原 248448 ㎥）
TRACE_YOK:14109029102,14109029102,FAC_YOK_KOSUZUME,1.0,low,2026-04-01,,DOC_YOK_SUISHITSU_R8,令和8年度水質検査計画 p11「各水源の主な給水区域」図からのラスタ読み取り。馬入川系統（小雀浄水場系）。図は「主な給水区域」であり町丁目単位の断定ではない。純度 63%（判定に使った画素 2170）。位置合わせ IoU 0.863（4パラメータ）
TRACE_YOK:14109029103,14109029103,FAC_YOK_KOSUZUME,1.0,medium,2026-04-01,,DOC_YOK_SUISHITSU_R8,令和8年度水質検査計画 p11「各水源の主な給水区域」図からのラスタ読み取り。馬入川系統（小雀浄水場系）。図は「主な給水区域」であり町丁目単位の断定ではない。純度 99%（判定に使った画素 2178）。位置合わせ IoU 0.863（4パラメータ）
TRACE_YOK:14109029104,14109029104,FAC_YOK_KOSUZUME,1.0,medium,2026-04-01,,DOC_YOK_SUISHITSU_R8,令和8年度水質検査計画 p11「各水源の主な給水区域」図からのラスタ読み取り。馬入川系統（小雀浄水場系）。図は「主な給水区域」であり町丁目単位の断定ではない。純度 100%（判定に使った画素 1719）。位置合わせ IoU 0.863（4パラメータ）
TRACE_YOK:14109029105,14109029105,FAC_YOK_KOSUZUME,1.0,medium,2026-04-01,,DOC_YOK_SUISHITSU_R8,令和8年度水質検査計画 p11「各水源の主な給水区域」図からのラスタ読み取り。馬入川系統（小雀浄水場系）。図は「主な給水区域」であり町丁目単位の断定ではない。純度 100%（判定に使った画素 1356）。位置合わせ IoU 0.863（4パラメータ）
TRACE_YOK:14109029106,14109029106,FAC_YOK_KOSUZUME,1.0,medium,2026-04-01,,DOC_YOK_SUISHITSU_R8,令和8年度水質検査計画 p11「各水源の主な給水区域」図からのラスタ読み取り。馬入川系統（小雀浄水場系）。図は「主な給水区域」であり町丁目単位の断定ではない。純度 100%（判定に使った画素 2315）。位置合わせ IoU 0.863（4パラメータ）
TRACE_YOK:14109029107,14109029107,FAC_YOK_KOSUZUME,1.0,medium,2026-04-01,,DOC_YOK_SUISHITSU_R8,令和8年度水質検査計画 p11「各水源の主な給水区域」図からのラスタ読み取り。馬入川系統（小雀浄水場系）。図は「主な給水区域」であり町丁目単位の断定ではない。純度 100%（判定に使った画素 2989）。位置合わせ IoU 0.863（4パラメータ）
TRACE_YOK:14109030001,14109030001,FAC_YOK_KOSUZUME,1.0,medium,2026-04-01,,DOC_YOK_SUISHITSU_R8,令和8年度水質検査計画 p11「各水源の主な給水区域」図からのラスタ読み取り。馬入川系統（小雀浄水場系）。図は「主な給水区域」であり町丁目単位の断定ではない。純度 100%（判定に使った画素 10614）。位置合わせ IoU 0.863（4パラメータ）
TRACE_YOK:14109030002,14109030002,FAC_YOK_KOSUZUME,1.0,medium,2026-04-01,,DOC_YOK_SUISHITSU_R8,令和8年度水質検査計画 p11「各水源の主な給水区域」図からのラスタ読み取り。馬入川系統（小雀浄水場系）。図は「主な給水区域」であり町丁目単位の断定ではない。純度 96%（判定に使った画素 6368）。位置合わせ IoU 0.863（4パラメータ）
TRACE_YOK:14109031001,14109031001,FAC_KGD_NISHINAGASAWA,1.0,low,2026-04-01,,DOC_YOK_SUISHITSU_R8,令和8年度水質検査計画 p11「各水源の主な給水区域」図からのラスタ読み取り。企業団酒匂川系統（西長沢・相模原浄水場系）。図は「主な給水区域」であり町丁目単位の断定ではない。純度 55%（判定に使った画素 1189）。位置合わせ IoU 0.863（4パラメータ）。図では西長沢浄水場系と相模原浄水場系が同じ色で区別できないため供給水量の大きい西長沢に寄せている（企業団の1日平均供給水量 R7年度 西長沢 467486 ㎥ / 相模原 248448 ㎥）
TRACE_YOK:14109031002,14109031002,FAC_YOK_KOSUZUME,1.0,medium,2026-04-01,,DOC_YOK_SUISHITSU_R8,令和8年度水質検査計画 p11「各水源の主な給水区域」図からのラスタ読み取り。馬入川系統（小雀浄水場系）。図は「主な給水区域」であり町丁目単位の断定ではない。純度 100%（判定に使った画素 2136）。位置合わせ IoU 0.863（4パラメータ）
TRACE_YOK:14109031003,14109031003,FAC_YOK_KOSUZUME,1.0,medium,2026-04-01,,DOC_YOK_SUISHITSU_R8,令和8年度水質検査計画 p11「各水源の主な給水区域」図からのラスタ読み取り。馬入川系統（小雀浄水場系）。図は「主な給水区域」であり町丁目単位の断定ではない。純度 100%（判定に使った画素 1871）。位置合わせ IoU 0.863（4パラメータ）
TRACE_YOK:141090340,141090340,FAC_KGD_NISHINAGASAWA,1.0,low,2026-04-01,,DOC_YOK_SUISHITSU_R8,令和8年度水質検査計画 p11「各水源の主な給水区域」図からのラスタ読み取り。企業団酒匂川系統（西長沢・相模原浄水場系）。図は「主な給水区域」であり町丁目単位の断定ではない。純度 55%（判定に使った画素 2603）。位置合わせ IoU 0.863（4パラメータ）。図では西長沢浄水場系と相模原浄水場系が同じ色で区別できないため供給水量の大きい西長沢に寄せている（企業団の1日平均供給水量 R7年度 西長沢 467486 ㎥ / 相模原 248448 ㎥）
TRACE_YOK:14109035001,14109035001,FAC_YOK_KOSUZUME,1.0,medium,2026-04-01,,DOC_YOK_SUISHITSU_R8,令和8年度水質検査計画 p11「各水源の主な給水区域」図からのラスタ読み取り。馬入川系統（小雀浄水場系）。図は「主な給水区域」であり町丁目単位の断定ではない。純度 100%（判定に使った画素 1818）。位置合わせ IoU 0.863（4パラメータ）
TRACE_YOK:14109035002,14109035002,FAC_YOK_KOSUZUME,1.0,medium,2026-04-01,,DOC_YOK_SUISHITSU_R8,令和8年度水質検査計画 p11「各水源の主な給水区域」図からのラスタ読み取り。馬入川系統（小雀浄水場系）。図は「主な給水区域」であり町丁目単位の断定ではない。純度 100%（判定に使った画素 2242）。位置合わせ IoU 0.863（4パラメータ）
TRACE_YOK:14109035003,14109035003,FAC_YOK_KOSUZUME,1.0,medium,2026-04-01,,DOC_YOK_SUISHITSU_R8,令和8年度水質検査計画 p11「各水源の主な給水区域」図からのラスタ読み取り。馬入川系統（小雀浄水場系）。図は「主な給水区域」であり町丁目単位の断定ではない。純度 100%（判定に使った画素 2915）。位置合わせ IoU 0.863（4パラメータ）
TRACE_YOK:14109035004,14109035004,FAC_YOK_KOSUZUME,1.0,medium,2026-04-01,,DOC_YOK_SUISHITSU_R8,令和8年度水質検査計画 p11「各水源の主な給水区域」図からのラスタ読み取り。馬入川系統（小雀浄水場系）。図は「主な給水区域」であり町丁目単位の断定ではない。純度 100%（判定に使った画素 2554）。位置合わせ IoU 0.863（4パラメータ）
TRACE_YOK:14109039001,14109039001,FAC_YOK_KOSUZUME,1.0,medium,2026-04-01,,DOC_YOK_SUISHITSU_R8,令和8年度水質検査計画 p11「各水源の主な給水区域」図からのラスタ読み取り。馬入川系統（小雀浄水場系）。図は「主な給水区域」であり町丁目単位の断定ではない。純度 100%（判定に使った画素 581）。位置合わせ IoU 0.863（4パラメータ）
TRACE_YOK:14109039002,14109039002,FAC_YOK_KOSUZUME,1.0,medium,2026-04-01,,DOC_YOK_SUISHITSU_R8,令和8年度水質検査計画 p11「各水源の主な給水区域」図からのラスタ読み取り。馬入川系統（小雀浄水場系）。図は「主な給水区域」であり町丁目単位の断定ではない。純度 100%（判定に使った画素 944）。位置合わせ IoU 0.863（4パラメータ）
TRACE_YOK:14109039003,14109039003,FAC_YOK_KOSUZUME,1.0,medium,2026-04-01,,DOC_YOK_SUISHITSU_R8,令和8年度水質検査計画 p11「各水源の主な給水区域」図からのラスタ読み取り。馬入川系統（小雀浄水場系）。図は「主な給水区域」であり町丁目単位の断定ではない。純度 100%（判定に使った画素 374）。位置合わせ IoU 0.863（4パラメータ）
TRACE_YOK:14109039004,14109039004,FAC_YOK_KOSUZUME,1.0,medium,2026-04-01,,DOC_YOK_SUISHITSU_R8,令和8年度水質検査計画 p11「各水源の主な給水区域」図からのラスタ読み取り。馬入川系統（小雀浄水場系）。図は「主な給水区域」であり町丁目単位の断定ではない。純度 100%（判定に使った画素 1758）。位置合わせ IoU 0.863（4パラメータ）
TRACE_YOK:14109039005,14109039005,FAC_YOK_KOSUZUME,1.0,medium,2026-04-01,,DOC_YOK_SUISHITSU_R8,令和8年度水質検査計画 p11「各水源の主な給水区域」図からのラスタ読み取り。馬入川系統（小雀浄水場系）。図は「主な給水区域」であり町丁目単位の断定ではない。純度 100%（判定に使った画素 2371）。位置合わせ IoU 0.863（4パラメータ）
TRACE_YOK:14109039006,14109039006,FAC_YOK_KOSUZUME,1.0,medium,2026-04-01,,DOC_YOK_SUISHITSU_R8,令和8年度水質検査計画 p11「各水源の主な給水区域」図からのラスタ読み取り。馬入川系統（小雀浄水場系）。図は「主な給水区域」であり町丁目単位の断定ではない。純度 100%（判定に使った画素 2079）。位置合わせ IoU 0.863（4パラメータ）
TRACE_YOK:141090450,141090450,FAC_YOK_KOSUZUME,1.0,medium,2026-04-01,,DOC_YOK_SUISHITSU_R8,令和8年度水質検査計画 p11「各水源の主な給水区域」図からのラスタ読み取り。馬入川系統（小雀浄水場系）。図は「主な給水区域」であり町丁目単位の断定ではない。純度 100%（判定に使った画素 1317）。位置合わせ IoU 0.863（4パラメータ）
TRACE_YOK:141090460,141090460,FAC_YOK_KOSUZUME,1.0,medium,2026-04-01,,DOC_YOK_SUISHITSU_R8,令和8年度水質検査計画 p11「各水源の主な給水区域」図からのラスタ読み取り。馬入川系統（小雀浄水場系）。図は「主な給水区域」であり町丁目単位の断定ではない。純度 100%（判定に使った画素 2609）。位置合わせ IoU 0.863（4パラメータ）
TRACE_YOK:14109047001,14109047001,FAC_YOK_KOSUZUME,1.0,medium,2026-04-01,,DOC_YOK_SUISHITSU_R8,令和8年度水質検査計画 p11「各水源の主な給水区域」図からのラスタ読み取り。馬入川系統（小雀浄水場系）。図は「主な給水区域」であり町丁目単位の断定ではない。純度 100%（判定に使った画素 384）。位置合わせ IoU 0.863（4パラメータ）
TRACE_YOK:14109047002,14109047002,FAC_YOK_KOSUZUME,1.0,medium,2026-04-01,,DOC_YOK_SUISHITSU_R8,令和8年度水質検査計画 p11「各水源の主な給水区域」図からのラスタ読み取り。馬入川系統（小雀浄水場系）。図は「主な給水区域」であり町丁目単位の断定ではない。純度 100%（判定に使った画素 494）。位置合わせ IoU 0.863（4パラメータ）
TRACE_YOK:14109047003,14109047003,FAC_YOK_KOSUZUME,1.0,medium,2026-04-01,,DOC_YOK_SUISHITSU_R8,令和8年度水質検査計画 p11「各水源の主な給水区域」図からのラスタ読み取り。馬入川系統（小雀浄水場系）。図は「主な給水区域」であり町丁目単位の断定ではない。純度 100%（判定に使った画素 180）。位置合わせ IoU 0.863（4パラメータ）
TRACE_YOK:14109047004,14109047004,FAC_YOK_KOSUZUME,1.0,medium,2026-04-01,,DOC_YOK_SUISHITSU_R8,令和8年度水質検査計画 p11「各水源の主な給水区域」図からのラスタ読み取り。馬入川系統（小雀浄水場系）。図は「主な給水区域」であり町丁目単位の断定ではない。純度 100%（判定に使った画素 1313）。位置合わせ IoU 0.863（4パラメータ）
TRACE_YOK:14109047005,14109047005,FAC_YOK_KOSUZUME,1.0,medium,2026-04-01,,DOC_YOK_SUISHITSU_R8,令和8年度水質検査計画 p11「各水源の主な給水区域」図からのラスタ読み取り。馬入川系統（小雀浄水場系）。図は「主な給水区域」であり町丁目単位の断定ではない。純度 100%（判定に使った画素 2366）。位置合わせ IoU 0.863（4パラメータ）
TRACE_YOK:14109047006,14109047006,FAC_YOK_KOSUZUME,1.0,medium,2026-04-01,,DOC_YOK_SUISHITSU_R8,令和8年度水質検査計画 p11「各水源の主な給水区域」図からのラスタ読み取り。馬入川系統（小雀浄水場系）。図は「主な給水区域」であり町丁目単位の断定ではない。純度 100%（判定に使った画素 1537）。位置合わせ IoU 0.863（4パラメータ）
TRACE_YOK:14109053001,14109053001,FAC_KGD_NISHINAGASAWA,1.0,low,2026-04-01,,DOC_YOK_SUISHITSU_R8,令和8年度水質検査計画 p11「各水源の主な給水区域」図からのラスタ読み取り。企業団酒匂川系統（西長沢・相模原浄水場系）。図は「主な給水区域」であり町丁目単位の断定ではない。純度 94%（判定に使った画素 1594）。位置合わせ IoU 0.863（4パラメータ）。図では西長沢浄水場系と相模原浄水場系が同じ色で区別できないため供給水量の大きい西長沢に寄せている（企業団の1日平均供給水量 R7年度 西長沢 467486 ㎥ / 相模原 248448 ㎥）
TRACE_YOK:14109053002,14109053002,FAC_YOK_KOSUZUME,1.0,low,2026-04-01,,DOC_YOK_SUISHITSU_R8,令和8年度水質検査計画 p11「各水源の主な給水区域」図からのラスタ読み取り。馬入川系統（小雀浄水場系）。図は「主な給水区域」であり町丁目単位の断定ではない。純度 91%（判定に使った画素 2579）。位置合わせ IoU 0.863（4パラメータ）
TRACE_YOK:14109053003,14109053003,FAC_YOK_KOSUZUME,1.0,low,2026-04-01,,DOC_YOK_SUISHITSU_R8,令和8年度水質検査計画 p11「各水源の主な給水区域」図からのラスタ読み取り。馬入川系統（小雀浄水場系）。図は「主な給水区域」であり町丁目単位の断定ではない。純度 54%（判定に使った画素 2178）。位置合わせ IoU 0.863（4パラメータ）
TRACE_YOK:14109056001,14109056001,FAC_KGD_NISHINAGASAWA,1.0,medium,2026-04-01,,DOC_YOK_SUISHITSU_R8,令和8年度水質検査計画 p11「各水源の主な給水区域」図からのラスタ読み取り。企業団酒匂川系統（西長沢・相模原浄水場系）。図は「主な給水区域」であり町丁目単位の断定ではない。純度 100%（判定に使った画素 1110）。位置合わせ IoU 0.863（4パラメータ）。図では西長沢浄水場系と相模原浄水場系が同じ色で区別できないため供給水量の大きい西長沢に寄せている（企業団の1日平均供給水量 R7年度 西長沢 467486 ㎥ / 相模原 248448 ㎥）
TRACE_YOK:14109056002,14109056002,FAC_KGD_NISHINAGASAWA,1.0,medium,2026-04-01,,DOC_YOK_SUISHITSU_R8,令和8年度水質検査計画 p11「各水源の主な給水区域」図からのラスタ読み取り。企業団酒匂川系統（西長沢・相模原浄水場系）。図は「主な給水区域」であり町丁目単位の断定ではない。純度 99%（判定に使った画素 1133）。位置合わせ IoU 0.863（4パラメータ）。図では西長沢浄水場系と相模原浄水場系が同じ色で区別できないため供給水量の大きい西長沢に寄せている（企業団の1日平均供給水量 R7年度 西長沢 467486 ㎥ / 相模原 248448 ㎥）
TRACE_YOK:14109056003,14109056003,FAC_KGD_NISHINAGASAWA,1.0,medium,2026-04-01,,DOC_YOK_SUISHITSU_R8,令和8年度水質検査計画 p11「各水源の主な給水区域」図からのラスタ読み取り。企業団酒匂川系統（西長沢・相模原浄水場系）。図は「主な給水区域」であり町丁目単位の断定ではない。純度 100%（判定に使った画素 1854）。位置合わせ IoU 0.863（4パラメータ）。図では西長沢浄水場系と相模原浄水場系が同じ色で区別できないため供給水量の大きい西長沢に寄せている（企業団の1日平均供給水量 R7年度 西長沢 467486 ㎥ / 相模原 248448 ㎥）
TRACE_YOK:14109056004,14109056004,FAC_KGD_NISHINAGASAWA,1.0,medium,2026-04-01,,DOC_YOK_SUISHITSU_R8,令和8年度水質検査計画 p11「各水源の主な給水区域」図からのラスタ読み取り。企業団酒匂川系統（西長沢・相模原浄水場系）。図は「主な給水区域」であり町丁目単位の断定ではない。純度 100%（判定に使った画素 4682）。位置合わせ IoU 0.863（4パラメータ）。図では西長沢浄水場系と相模原浄水場系が同じ色で区別できないため供給水量の大きい西長沢に寄せている（企業団の1日平均供給水量 R7年度 西長沢 467486 ㎥ / 相模原 248448 ㎥）
TRACE_YOK:14109056005,14109056005,FAC_KGD_NISHINAGASAWA,1.0,low,2026-04-01,,DOC_YOK_SUISHITSU_R8,令和8年度水質検査計画 p11「各水源の主な給水区域」図からのラスタ読み取り。企業団酒匂川系統（西長沢・相模原浄水場系）。図は「主な給水区域」であり町丁目単位の断定ではない。純度 80%（判定に使った画素 2799）。位置合わせ IoU 0.863（4パラメータ）。図では西長沢浄水場系と相模原浄水場系が同じ色で区別できないため供給水量の大きい西長沢に寄せている（企業団の1日平均供給水量 R7年度 西長沢 467486 ㎥ / 相模原 248448 ㎥）
TRACE_YOK:14109056006,14109056006,FAC_YOK_KOSUZUME,1.0,medium,2026-04-01,,DOC_YOK_SUISHITSU_R8,令和8年度水質検査計画 p11「各水源の主な給水区域」図からのラスタ読み取り。馬入川系統（小雀浄水場系）。図は「主な給水区域」であり町丁目単位の断定ではない。純度 100%（判定に使った画素 2074）。位置合わせ IoU 0.863（4パラメータ）
TRACE_YOK:14109056007,14109056007,FAC_YOK_KOSUZUME,1.0,low,2026-04-01,,DOC_YOK_SUISHITSU_R8,令和8年度水質検査計画 p11「各水源の主な給水区域」図からのラスタ読み取り。馬入川系統（小雀浄水場系）。図は「主な給水区域」であり町丁目単位の断定ではない。純度 87%（判定に使った画素 2102）。位置合わせ IoU 0.863（4パラメータ）
TRACE_YOK:14109063001,14109063001,FAC_KGD_NISHINAGASAWA,1.0,medium,2026-04-01,,DOC_YOK_SUISHITSU_R8,令和8年度水質検査計画 p11「各水源の主な給水区域」図からのラスタ読み取り。企業団酒匂川系統（西長沢・相模原浄水場系）。図は「主な給水区域」であり町丁目単位の断定ではない。純度 100%（判定に使った画素 2422）。位置合わせ IoU 0.863（4パラメータ）。図では西長沢浄水場系と相模原浄水場系が同じ色で区別できないため供給水量の大きい西長沢に寄せている（企業団の1日平均供給水量 R7年度 西長沢 467486 ㎥ / 相模原 248448 ㎥）
TRACE_YOK:14109063002,14109063002,FAC_KGD_NISHINAGASAWA,1.0,low,2026-04-01,,DOC_YOK_SUISHITSU_R8,令和8年度水質検査計画 p11「各水源の主な給水区域」図からのラスタ読み取り。企業団酒匂川系統（西長沢・相模原浄水場系）。図は「主な給水区域」であり町丁目単位の断定ではない。純度 84%（判定に使った画素 3514）。位置合わせ IoU 0.863（4パラメータ）。図では西長沢浄水場系と相模原浄水場系が同じ色で区別できないため供給水量の大きい西長沢に寄せている（企業団の1日平均供給水量 R7年度 西長沢 467486 ㎥ / 相模原 248448 ㎥）
TRACE_YOK:14109063003,14109063003,FAC_YOK_KOSUZUME,1.0,low,2026-04-01,,DOC_YOK_SUISHITSU_R8,令和8年度水質検査計画 p11「各水源の主な給水区域」図からのラスタ読み取り。馬入川系統（小雀浄水場系）。図は「主な給水区域」であり町丁目単位の断定ではない。純度 64%（判定に使った画素 2043）。位置合わせ IoU 0.863（4パラメータ）
TRACE_YOK:14109063004,14109063004,FAC_YOK_KOSUZUME,1.0,low,2026-04-01,,DOC_YOK_SUISHITSU_R8,令和8年度水質検査計画 p11「各水源の主な給水区域」図からのラスタ読み取り。馬入川系統（小雀浄水場系）。図は「主な給水区域」であり町丁目単位の断定ではない。純度 84%（判定に使った画素 3199）。位置合わせ IoU 0.863（4パラメータ）
TRACE_YOK:14109063005,14109063005,FAC_KGD_NISHINAGASAWA,1.0,medium,2026-04-01,,DOC_YOK_SUISHITSU_R8,令和8年度水質検査計画 p11「各水源の主な給水区域」図からのラスタ読み取り。企業団酒匂川系統（西長沢・相模原浄水場系）。図は「主な給水区域」であり町丁目単位の断定ではない。純度 99%（判定に使った画素 3027）。位置合わせ IoU 0.863（4パラメータ）。図では西長沢浄水場系と相模原浄水場系が同じ色で区別できないため供給水量の大きい西長沢に寄せている（企業団の1日平均供給水量 R7年度 西長沢 467486 ㎥ / 相模原 248448 ㎥）
TRACE_YOK:14109063006,14109063006,FAC_KGD_NISHINAGASAWA,1.0,medium,2026-04-01,,DOC_YOK_SUISHITSU_R8,令和8年度水質検査計画 p11「各水源の主な給水区域」図からのラスタ読み取り。企業団酒匂川系統（西長沢・相模原浄水場系）。図は「主な給水区域」であり町丁目単位の断定ではない。純度 100%（判定に使った画素 2411）。位置合わせ IoU 0.863（4パラメータ）。図では西長沢浄水場系と相模原浄水場系が同じ色で区別できないため供給水量の大きい西長沢に寄せている（企業団の1日平均供給水量 R7年度 西長沢 467486 ㎥ / 相模原 248448 ㎥）
TRACE_YOK:14109069001,14109069001,FAC_KGD_NISHINAGASAWA,1.0,medium,2026-04-01,,DOC_YOK_SUISHITSU_R8,令和8年度水質検査計画 p11「各水源の主な給水区域」図からのラスタ読み取り。企業団酒匂川系統（西長沢・相模原浄水場系）。図は「主な給水区域」であり町丁目単位の断定ではない。純度 100%（判定に使った画素 1385）。位置合わせ IoU 0.863（4パラメータ）。図では西長沢浄水場系と相模原浄水場系が同じ色で区別できないため供給水量の大きい西長沢に寄せている（企業団の1日平均供給水量 R7年度 西長沢 467486 ㎥ / 相模原 248448 ㎥）
TRACE_YOK:14109069002,14109069002,FAC_KGD_NISHINAGASAWA,1.0,medium,2026-04-01,,DOC_YOK_SUISHITSU_R8,令和8年度水質検査計画 p11「各水源の主な給水区域」図からのラスタ読み取り。企業団酒匂川系統（西長沢・相模原浄水場系）。図は「主な給水区域」であり町丁目単位の断定ではない。純度 99%（判定に使った画素 1018）。位置合わせ IoU 0.863（4パラメータ）。図では西長沢浄水場系と相模原浄水場系が同じ色で区別できないため供給水量の大きい西長沢に寄せている（企業団の1日平均供給水量 R7年度 西長沢 467486 ㎥ / 相模原 248448 ㎥）
TRACE_YOK:14109069003,14109069003,FAC_KGD_NISHINAGASAWA,1.0,medium,2026-04-01,,DOC_YOK_SUISHITSU_R8,令和8年度水質検査計画 p11「各水源の主な給水区域」図からのラスタ読み取り。企業団酒匂川系統（西長沢・相模原浄水場系）。図は「主な給水区域」であり町丁目単位の断定ではない。純度 100%（判定に使った画素 1315）。位置合わせ IoU 0.863（4パラメータ）。図では西長沢浄水場系と相模原浄水場系が同じ色で区別できないため供給水量の大きい西長沢に寄せている（企業団の1日平均供給水量 R7年度 西長沢 467486 ㎥ / 相模原 248448 ㎥）
TRACE_YOK:14109069004,14109069004,FAC_KGD_NISHINAGASAWA,1.0,medium,2026-04-01,,DOC_YOK_SUISHITSU_R8,令和8年度水質検査計画 p11「各水源の主な給水区域」図からのラスタ読み取り。企業団酒匂川系統（西長沢・相模原浄水場系）。図は「主な給水区域」であり町丁目単位の断定ではない。純度 100%（判定に使った画素 1231）。位置合わせ IoU 0.863（4パラメータ）。図では西長沢浄水場系と相模原浄水場系が同じ色で区別できないため供給水量の大きい西長沢に寄せている（企業団の1日平均供給水量 R7年度 西長沢 467486 ㎥ / 相模原 248448 ㎥）
TRACE_YOK:14109069005,14109069005,FAC_KGD_NISHINAGASAWA,1.0,medium,2026-04-01,,DOC_YOK_SUISHITSU_R8,令和8年度水質検査計画 p11「各水源の主な給水区域」図からのラスタ読み取り。企業団酒匂川系統（西長沢・相模原浄水場系）。図は「主な給水区域」であり町丁目単位の断定ではない。純度 100%（判定に使った画素 1696）。位置合わせ IoU 0.863（4パラメータ）。図では西長沢浄水場系と相模原浄水場系が同じ色で区別できないため供給水量の大きい西長沢に寄せている（企業団の1日平均供給水量 R7年度 西長沢 467486 ㎥ / 相模原 248448 ㎥）
TRACE_YOK:14109069006,14109069006,FAC_KGD_NISHINAGASAWA,1.0,medium,2026-04-01,,DOC_YOK_SUISHITSU_R8,令和8年度水質検査計画 p11「各水源の主な給水区域」図からのラスタ読み取り。企業団酒匂川系統（西長沢・相模原浄水場系）。図は「主な給水区域」であり町丁目単位の断定ではない。純度 100%（判定に使った画素 1167）。位置合わせ IoU 0.863（4パラメータ）。図では西長沢浄水場系と相模原浄水場系が同じ色で区別できないため供給水量の大きい西長沢に寄せている（企業団の1日平均供給水量 R7年度 西長沢 467486 ㎥ / 相模原 248448 ㎥）
TRACE_YOK:14109075101,14109075101,FAC_YOK_KOSUZUME,1.0,low,2026-04-01,,DOC_YOK_SUISHITSU_R8,令和8年度水質検査計画 p11「各水源の主な給水区域」図からのラスタ読み取り。馬入川系統（小雀浄水場系）。図は「主な給水区域」であり町丁目単位の断定ではない。純度 79%（判定に使った画素 2639）。位置合わせ IoU 0.863（4パラメータ）
TRACE_YOK:14109075102,14109075102,FAC_YOK_KOSUZUME,1.0,low,2026-04-01,,DOC_YOK_SUISHITSU_R8,令和8年度水質検査計画 p11「各水源の主な給水区域」図からのラスタ読み取り。馬入川系統（小雀浄水場系）。図は「主な給水区域」であり町丁目単位の断定ではない。純度 71%（判定に使った画素 942）。位置合わせ IoU 0.863（4パラメータ）
TRACE_YOK:14109075103,14109075103,FAC_KGD_NISHINAGASAWA,1.0,medium,2026-04-01,,DOC_YOK_SUISHITSU_R8,令和8年度水質検査計画 p11「各水源の主な給水区域」図からのラスタ読み取り。企業団酒匂川系統（西長沢・相模原浄水場系）。図は「主な給水区域」であり町丁目単位の断定ではない。純度 100%（判定に使った画素 1984）。位置合わせ IoU 0.863（4パラメータ）。図では西長沢浄水場系と相模原浄水場系が同じ色で区別できないため供給水量の大きい西長沢に寄せている（企業団の1日平均供給水量 R7年度 西長沢 467486 ㎥ / 相模原 248448 ㎥）
TRACE_YOK:14109075104,14109075104,FAC_YOK_KOSUZUME,1.0,low,2026-04-01,,DOC_YOK_SUISHITSU_R8,令和8年度水質検査計画 p11「各水源の主な給水区域」図からのラスタ読み取り。馬入川系統（小雀浄水場系）。図は「主な給水区域」であり町丁目単位の断定ではない。純度 74%（判定に使った画素 891）。位置合わせ IoU 0.863（4パラメータ）
TRACE_YOK:14109075105,14109075105,FAC_YOK_KOSUZUME,1.0,medium,2026-04-01,,DOC_YOK_SUISHITSU_R8,令和8年度水質検査計画 p11「各水源の主な給水区域」図からのラスタ読み取り。馬入川系統（小雀浄水場系）。図は「主な給水区域」であり町丁目単位の断定ではない。純度 100%（判定に使った画素 2606）。位置合わせ IoU 0.863（4パラメータ）
TRACE_YOK:14109075106,14109075106,FAC_YOK_KOSUZUME,1.0,medium,2026-04-01,,DOC_YOK_SUISHITSU_R8,令和8年度水質検査計画 p11「各水源の主な給水区域」図からのラスタ読み取り。馬入川系統（小雀浄水場系）。図は「主な給水区域」であり町丁目単位の断定ではない。純度 100%（判定に使った画素 2336）。位置合わせ IoU 0.863（4パラメータ）
TRACE_YOK:14109075107,14109075107,FAC_YOK_KOSUZUME,1.0,medium,2026-04-01,,DOC_YOK_SUISHITSU_R8,令和8年度水質検査計画 p11「各水源の主な給水区域」図からのラスタ読み取り。馬入川系統（小雀浄水場系）。図は「主な給水区域」であり町丁目単位の断定ではない。純度 100%（判定に使った画素 960）。位置合わせ IoU 0.863（4パラメータ）
TRACE_YOK:14109075108,14109075108,FAC_YOK_KOSUZUME,1.0,medium,2026-04-01,,DOC_YOK_SUISHITSU_R8,令和8年度水質検査計画 p11「各水源の主な給水区域」図からのラスタ読み取り。馬入川系統（小雀浄水場系）。図は「主な給水区域」であり町丁目単位の断定ではない。純度 100%（判定に使った画素 2909）。位置合わせ IoU 0.863（4パラメータ）
TRACE_YOK:14109075201,14109075201,FAC_KGD_NISHINAGASAWA,1.0,low,2026-04-01,,DOC_YOK_SUISHITSU_R8,令和8年度水質検査計画 p11「各水源の主な給水区域」図からのラスタ読み取り。企業団酒匂川系統（西長沢・相模原浄水場系）。図は「主な給水区域」であり町丁目単位の断定ではない。純度 62%（判定に使った画素 15656）。位置合わせ IoU 0.863（4パラメータ）。図では西長沢浄水場系と相模原浄水場系が同じ色で区別できないため供給水量の大きい西長沢に寄せている（企業団の1日平均供給水量 R7年度 西長沢 467486 ㎥ / 相模原 248448 ㎥）
TRACE_YOK:14109075202,14109075202,FAC_KGD_NISHINAGASAWA,1.0,medium,2026-04-01,,DOC_YOK_SUISHITSU_R8,令和8年度水質検査計画 p11「各水源の主な給水区域」図からのラスタ読み取り。企業団酒匂川系統（西長沢・相模原浄水場系）。図は「主な給水区域」であり町丁目単位の断定ではない。純度 100%（判定に使った画素 2178）。位置合わせ IoU 0.863（4パラメータ）。図では西長沢浄水場系と相模原浄水場系が同じ色で区別できないため供給水量の大きい西長沢に寄せている（企業団の1日平均供給水量 R7年度 西長沢 467486 ㎥ / 相模原 248448 ㎥）
TRACE_YOK:14109076101,14109076101,FAC_YOK_KOSUZUME,1.0,low,2026-04-01,,DOC_YOK_SUISHITSU_R8,令和8年度水質検査計画 p11「各水源の主な給水区域」図からのラスタ読み取り。馬入川系統（小雀浄水場系）。図は「主な給水区域」であり町丁目単位の断定ではない。純度 72%（判定に使った画素 1487）。位置合わせ IoU 0.863（4パラメータ）
TRACE_YOK:14109076102,14109076102,FAC_KGD_NISHINAGASAWA,1.0,low,2026-04-01,,DOC_YOK_SUISHITSU_R8,令和8年度水質検査計画 p11「各水源の主な給水区域」図からのラスタ読み取り。企業団酒匂川系統（西長沢・相模原浄水場系）。図は「主な給水区域」であり町丁目単位の断定ではない。純度 93%（判定に使った画素 1196）。位置合わせ IoU 0.863（4パラメータ）。図では西長沢浄水場系と相模原浄水場系が同じ色で区別できないため供給水量の大きい西長沢に寄せている（企業団の1日平均供給水量 R7年度 西長沢 467486 ㎥ / 相模原 248448 ㎥）
TRACE_YOK:14109076103,14109076103,FAC_KGD_NISHINAGASAWA,1.0,medium,2026-04-01,,DOC_YOK_SUISHITSU_R8,令和8年度水質検査計画 p11「各水源の主な給水区域」図からのラスタ読み取り。企業団酒匂川系統（西長沢・相模原浄水場系）。図は「主な給水区域」であり町丁目単位の断定ではない。純度 100%（判定に使った画素 1830）。位置合わせ IoU 0.863（4パラメータ）。図では西長沢浄水場系と相模原浄水場系が同じ色で区別できないため供給水量の大きい西長沢に寄せている（企業団の1日平均供給水量 R7年度 西長沢 467486 ㎥ / 相模原 248448 ㎥）
TRACE_YOK:14109076104,14109076104,FAC_KGD_NISHINAGASAWA,1.0,low,2026-04-01,,DOC_YOK_SUISHITSU_R8,令和8年度水質検査計画 p11「各水源の主な給水区域」図からのラスタ読み取り。企業団酒匂川系統（西長沢・相模原浄水場系）。図は「主な給水区域」であり町丁目単位の断定ではない。純度 55%（判定に使った画素 1244）。位置合わせ IoU 0.863（4パラメータ）。図では西長沢浄水場系と相模原浄水場系が同じ色で区別できないため供給水量の大きい西長沢に寄せている（企業団の1日平均供給水量 R7年度 西長沢 467486 ㎥ / 相模原 248448 ㎥）
TRACE_YOK:14109076301,14109076301,FAC_KGD_NISHINAGASAWA,1.0,medium,2026-04-01,,DOC_YOK_SUISHITSU_R8,令和8年度水質検査計画 p11「各水源の主な給水区域」図からのラスタ読み取り。企業団酒匂川系統（西長沢・相模原浄水場系）。図は「主な給水区域」であり町丁目単位の断定ではない。純度 100%（判定に使った画素 1466）。位置合わせ IoU 0.863（4パラメータ）。図では西長沢浄水場系と相模原浄水場系が同じ色で区別できないため供給水量の大きい西長沢に寄せている（企業団の1日平均供給水量 R7年度 西長沢 467486 ㎥ / 相模原 248448 ㎥）
TRACE_YOK:14109076302,14109076302,FAC_KGD_NISHINAGASAWA,1.0,medium,2026-04-01,,DOC_YOK_SUISHITSU_R8,令和8年度水質検査計画 p11「各水源の主な給水区域」図からのラスタ読み取り。企業団酒匂川系統（西長沢・相模原浄水場系）。図は「主な給水区域」であり町丁目単位の断定ではない。純度 100%（判定に使った画素 913）。位置合わせ IoU 0.863（4パラメータ）。図では西長沢浄水場系と相模原浄水場系が同じ色で区別できないため供給水量の大きい西長沢に寄せている（企業団の1日平均供給水量 R7年度 西長沢 467486 ㎥ / 相模原 248448 ㎥）
TRACE_YOK:14109076303,14109076303,FAC_KGD_NISHINAGASAWA,1.0,medium,2026-04-01,,DOC_YOK_SUISHITSU_R8,令和8年度水質検査計画 p11「各水源の主な給水区域」図からのラスタ読み取り。企業団酒匂川系統（西長沢・相模原浄水場系）。図は「主な給水区域」であり町丁目単位の断定ではない。純度 100%（判定に使った画素 1525）。位置合わせ IoU 0.863（4パラメータ）。図では西長沢浄水場系と相模原浄水場系が同じ色で区別できないため供給水量の大きい西長沢に寄せている（企業団の1日平均供給水量 R7年度 西長沢 467486 ㎥ / 相模原 248448 ㎥）
TRACE_YOK:14109076304,14109076304,FAC_KGD_NISHINAGASAWA,1.0,medium,2026-04-01,,DOC_YOK_SUISHITSU_R8,令和8年度水質検査計画 p11「各水源の主な給水区域」図からのラスタ読み取り。企業団酒匂川系統（西長沢・相模原浄水場系）。図は「主な給水区域」であり町丁目単位の断定ではない。純度 100%（判定に使った画素 2046）。位置合わせ IoU 0.863（4パラメータ）。図では西長沢浄水場系と相模原浄水場系が同じ色で区別できないため供給水量の大きい西長沢に寄せている（企業団の1日平均供給水量 R7年度 西長沢 467486 ㎥ / 相模原 248448 ㎥）
TRACE_YOK:14109076305,14109076305,FAC_KGD_NISHINAGASAWA,1.0,medium,2026-04-01,,DOC_YOK_SUISHITSU_R8,令和8年度水質検査計画 p11「各水源の主な給水区域」図からのラスタ読み取り。企業団酒匂川系統（西長沢・相模原浄水場系）。図は「主な給水区域」であり町丁目単位の断定ではない。純度 100%（判定に使った画素 1375）。位置合わせ IoU 0.863（4パラメータ）。図では西長沢浄水場系と相模原浄水場系が同じ色で区別できないため供給水量の大きい西長沢に寄せている（企業団の1日平均供給水量 R7年度 西長沢 467486 ㎥ / 相模原 248448 ㎥）
TRACE_YOK:14109076402,14109076402,FAC_KGD_NISHINAGASAWA,1.0,medium,2026-04-01,,DOC_YOK_SUISHITSU_R8,令和8年度水質検査計画 p11「各水源の主な給水区域」図からのラスタ読み取り。企業団酒匂川系統（西長沢・相模原浄水場系）。図は「主な給水区域」であり町丁目単位の断定ではない。純度 100%（判定に使った画素 900）。位置合わせ IoU 0.863（4パラメータ）。図では西長沢浄水場系と相模原浄水場系が同じ色で区別できないため供給水量の大きい西長沢に寄せている（企業団の1日平均供給水量 R7年度 西長沢 467486 ㎥ / 相模原 248448 ㎥）
TRACE_YOK:14109076404,14109076404,FAC_KGD_NISHINAGASAWA,1.0,medium,2026-04-01,,DOC_YOK_SUISHITSU_R8,令和8年度水質検査計画 p11「各水源の主な給水区域」図からのラスタ読み取り。企業団酒匂川系統（西長沢・相模原浄水場系）。図は「主な給水区域」であり町丁目単位の断定ではない。純度 100%（判定に使った画素 3717）。位置合わせ IoU 0.863（4パラメータ）。図では西長沢浄水場系と相模原浄水場系が同じ色で区別できないため供給水量の大きい西長沢に寄せている（企業団の1日平均供給水量 R7年度 西長沢 467486 ㎥ / 相模原 248448 ㎥）
TRACE_YOK:14109077001,14109077001,FAC_YOK_KOSUZUME,1.0,medium,2026-04-01,,DOC_YOK_SUISHITSU_R8,令和8年度水質検査計画 p11「各水源の主な給水区域」図からのラスタ読み取り。馬入川系統（小雀浄水場系）。図は「主な給水区域」であり町丁目単位の断定ではない。純度 100%（判定に使った画素 2283）。位置合わせ IoU 0.863（4パラメータ）
TRACE_YOK:14109077002,14109077002,FAC_YOK_KOSUZUME,1.0,medium,2026-04-01,,DOC_YOK_SUISHITSU_R8,令和8年度水質検査計画 p11「各水源の主な給水区域」図からのラスタ読み取り。馬入川系統（小雀浄水場系）。図は「主な給水区域」であり町丁目単位の断定ではない。純度 100%（判定に使った画素 1564）。位置合わせ IoU 0.863（4パラメータ）
TRACE_YOK:14110001001,14110001001,FAC_YOK_KOSUZUME,1.0,medium,2026-04-01,,DOC_YOK_SUISHITSU_R8,令和8年度水質検査計画 p11「各水源の主な給水区域」図からのラスタ読み取り。馬入川系統（小雀浄水場系）。図は「主な給水区域」であり町丁目単位の断定ではない。純度 100%（判定に使った画素 2554）。位置合わせ IoU 0.863（4パラメータ）
TRACE_YOK:14110001002,14110001002,FAC_YOK_KOSUZUME,1.0,medium,2026-04-01,,DOC_YOK_SUISHITSU_R8,令和8年度水質検査計画 p11「各水源の主な給水区域」図からのラスタ読み取り。馬入川系統（小雀浄水場系）。図は「主な給水区域」であり町丁目単位の断定ではない。純度 100%（判定に使った画素 4000）。位置合わせ IoU 0.863（4パラメータ）
TRACE_YOK:14110001003,14110001003,FAC_YOK_KOSUZUME,1.0,medium,2026-04-01,,DOC_YOK_SUISHITSU_R8,令和8年度水質検査計画 p11「各水源の主な給水区域」図からのラスタ読み取り。馬入川系統（小雀浄水場系）。図は「主な給水区域」であり町丁目単位の断定ではない。純度 100%（判定に使った画素 5709）。位置合わせ IoU 0.863（4パラメータ）
TRACE_YOK:141100020,141100020,FAC_YOK_KOSUZUME,1.0,medium,2026-04-01,,DOC_YOK_SUISHITSU_R8,令和8年度水質検査計画 p11「各水源の主な給水区域」図からのラスタ読み取り。馬入川系統（小雀浄水場系）。図は「主な給水区域」であり町丁目単位の断定ではない。純度 100%（判定に使った画素 13776）。位置合わせ IoU 0.863（4パラメータ）
TRACE_YOK:141100030,141100030,FAC_YOK_KOSUZUME,1.0,medium,2026-04-01,,DOC_YOK_SUISHITSU_R8,令和8年度水質検査計画 p11「各水源の主な給水区域」図からのラスタ読み取り。馬入川系統（小雀浄水場系）。図は「主な給水区域」であり町丁目単位の断定ではない。純度 100%（判定に使った画素 5349）。位置合わせ IoU 0.863（4パラメータ）
TRACE_YOK:141100040,141100040,FAC_YOK_KOSUZUME,1.0,medium,2026-04-01,,DOC_YOK_SUISHITSU_R8,令和8年度水質検査計画 p11「各水源の主な給水区域」図からのラスタ読み取り。馬入川系統（小雀浄水場系）。図は「主な給水区域」であり町丁目単位の断定ではない。純度 100%（判定に使った画素 11158）。位置合わせ IoU 0.863（4パラメータ）
TRACE_YOK:141100050,141100050,FAC_YOK_KOSUZUME,1.0,medium,2026-04-01,,DOC_YOK_SUISHITSU_R8,令和8年度水質検査計画 p11「各水源の主な給水区域」図からのラスタ読み取り。馬入川系統（小雀浄水場系）。図は「主な給水区域」であり町丁目単位の断定ではない。純度 100%（判定に使った画素 4262）。位置合わせ IoU 0.863（4パラメータ）
TRACE_YOK:14110006001,14110006001,FAC_YOK_KOSUZUME,1.0,medium,2026-04-01,,DOC_YOK_SUISHITSU_R8,令和8年度水質検査計画 p11「各水源の主な給水区域」図からのラスタ読み取り。馬入川系統（小雀浄水場系）。図は「主な給水区域」であり町丁目単位の断定ではない。純度 100%（判定に使った画素 3507）。位置合わせ IoU 0.863（4パラメータ）
TRACE_YOK:14110006002,14110006002,FAC_YOK_KOSUZUME,1.0,medium,2026-04-01,,DOC_YOK_SUISHITSU_R8,令和8年度水質検査計画 p11「各水源の主な給水区域」図からのラスタ読み取り。馬入川系統（小雀浄水場系）。図は「主な給水区域」であり町丁目単位の断定ではない。純度 100%（判定に使った画素 4993）。位置合わせ IoU 0.863（4パラメータ）
TRACE_YOK:14110006003,14110006003,FAC_YOK_KOSUZUME,1.0,medium,2026-04-01,,DOC_YOK_SUISHITSU_R8,令和8年度水質検査計画 p11「各水源の主な給水区域」図からのラスタ読み取り。馬入川系統（小雀浄水場系）。図は「主な給水区域」であり町丁目単位の断定ではない。純度 100%（判定に使った画素 7280）。位置合わせ IoU 0.863（4パラメータ）
TRACE_YOK:14110006004,14110006004,FAC_YOK_KOSUZUME,1.0,medium,2026-04-01,,DOC_YOK_SUISHITSU_R8,令和8年度水質検査計画 p11「各水源の主な給水区域」図からのラスタ読み取り。馬入川系統（小雀浄水場系）。図は「主な給水区域」であり町丁目単位の断定ではない。純度 100%（判定に使った画素 11553）。位置合わせ IoU 0.863（4パラメータ）
TRACE_YOK:141100070,141100070,FAC_YOK_KOSUZUME,1.0,low,2026-04-01,,DOC_YOK_SUISHITSU_R8,令和8年度水質検査計画 p11「各水源の主な給水区域」図からのラスタ読み取り。馬入川系統（小雀浄水場系）。図は「主な給水区域」であり町丁目単位の断定ではない。純度 86%（判定に使った画素 11056）。位置合わせ IoU 0.863（4パラメータ）
TRACE_YOK:14110008001,14110008001,FAC_YOK_KOSUZUME,1.0,medium,2026-04-01,,DOC_YOK_SUISHITSU_R8,令和8年度水質検査計画 p11「各水源の主な給水区域」図からのラスタ読み取り。馬入川系統（小雀浄水場系）。図は「主な給水区域」であり町丁目単位の断定ではない。純度 100%（判定に使った画素 2508）。位置合わせ IoU 0.863（4パラメータ）
TRACE_YOK:14110008002,14110008002,FAC_YOK_KOSUZUME,1.0,medium,2026-04-01,,DOC_YOK_SUISHITSU_R8,令和8年度水質検査計画 p11「各水源の主な給水区域」図からのラスタ読み取り。馬入川系統（小雀浄水場系）。図は「主な給水区域」であり町丁目単位の断定ではない。純度 99%（判定に使った画素 1336）。位置合わせ IoU 0.863（4パラメータ）
TRACE_YOK:14110008003,14110008003,FAC_YOK_KOSUZUME,1.0,medium,2026-04-01,,DOC_YOK_SUISHITSU_R8,令和8年度水質検査計画 p11「各水源の主な給水区域」図からのラスタ読み取り。馬入川系統（小雀浄水場系）。図は「主な給水区域」であり町丁目単位の断定ではない。純度 99%（判定に使った画素 1744）。位置合わせ IoU 0.863（4パラメータ）
TRACE_YOK:14110008004,14110008004,FAC_YOK_KAWAI,1.0,low,2026-04-01,,DOC_YOK_SUISHITSU_R8,令和8年度水質検査計画 p11「各水源の主な給水区域」図からのラスタ読み取り。道志川系統（川井浄水場系）。図は「主な給水区域」であり町丁目単位の断定ではない。純度 65%（判定に使った画素 1493）。位置合わせ IoU 0.863（4パラメータ）
TRACE_YOK:14110008005,14110008005,FAC_YOK_KOSUZUME,1.0,medium,2026-04-01,,DOC_YOK_SUISHITSU_R8,令和8年度水質検査計画 p11「各水源の主な給水区域」図からのラスタ読み取り。馬入川系統（小雀浄水場系）。図は「主な給水区域」であり町丁目単位の断定ではない。純度 99%（判定に使った画素 958）。位置合わせ IoU 0.863（4パラメータ）
TRACE_YOK:14110008006,14110008006,FAC_YOK_KOSUZUME,1.0,medium,2026-04-01,,DOC_YOK_SUISHITSU_R8,令和8年度水質検査計画 p11「各水源の主な給水区域」図からのラスタ読み取り。馬入川系統（小雀浄水場系）。図は「主な給水区域」であり町丁目単位の断定ではない。純度 100%（判定に使った画素 1370）。位置合わせ IoU 0.863（4パラメータ）
TRACE_YOK:14110008007,14110008007,FAC_YOK_KOSUZUME,1.0,medium,2026-04-01,,DOC_YOK_SUISHITSU_R8,令和8年度水質検査計画 p11「各水源の主な給水区域」図からのラスタ読み取り。馬入川系統（小雀浄水場系）。図は「主な給水区域」であり町丁目単位の断定ではない。純度 98%（判定に使った画素 893）。位置合わせ IoU 0.863（4パラメータ）
TRACE_YOK:14110008008,14110008008,FAC_YOK_KOSUZUME,1.0,medium,2026-04-01,,DOC_YOK_SUISHITSU_R8,令和8年度水質検査計画 p11「各水源の主な給水区域」図からのラスタ読み取り。馬入川系統（小雀浄水場系）。図は「主な給水区域」であり町丁目単位の断定ではない。純度 98%（判定に使った画素 543）。位置合わせ IoU 0.863（4パラメータ）
TRACE_YOK:14110016001,14110016001,FAC_YOK_KOSUZUME,1.0,low,2026-04-01,,DOC_YOK_SUISHITSU_R8,令和8年度水質検査計画 p11「各水源の主な給水区域」図からのラスタ読み取り。馬入川系統（小雀浄水場系）。図は「主な給水区域」であり町丁目単位の断定ではない。純度 70%（判定に使った画素 8610）。位置合わせ IoU 0.863（4パラメータ）
TRACE_YOK:14110016002,14110016002,FAC_YOK_KAWAI,1.0,low,2026-04-01,,DOC_YOK_SUISHITSU_R8,令和8年度水質検査計画 p11「各水源の主な給水区域」図からのラスタ読み取り。道志川系統（川井浄水場系）。図は「主な給水区域」であり町丁目単位の断定ではない。純度 74%（判定に使った画素 7149）。位置合わせ IoU 0.863（4パラメータ）
TRACE_YOK:141100180,141100180,FAC_YOK_KAWAI,1.0,low,2026-04-01,,DOC_YOK_SUISHITSU_R8,令和8年度水質検査計画 p11「各水源の主な給水区域」図からのラスタ読み取り。道志川系統（川井浄水場系）。図は「主な給水区域」であり町丁目単位の断定ではない。純度 82%（判定に使った画素 10223）。位置合わせ IoU 0.863（4パラメータ）
TRACE_YOK:141100190,141100190,FAC_YOK_KOSUZUME,1.0,low,2026-04-01,,DOC_YOK_SUISHITSU_R8,令和8年度水質検査計画 p11「各水源の主な給水区域」図からのラスタ読み取り。馬入川系統（小雀浄水場系）。図は「主な給水区域」であり町丁目単位の断定ではない。純度 72%（判定に使った画素 11349）。位置合わせ IoU 0.863（4パラメータ）
TRACE_YOK:141100200,141100200,FAC_YOK_KOSUZUME,1.0,medium,2026-04-01,,DOC_YOK_SUISHITSU_R8,令和8年度水質検査計画 p11「各水源の主な給水区域」図からのラスタ読み取り。馬入川系統（小雀浄水場系）。図は「主な給水区域」であり町丁目単位の断定ではない。純度 96%（判定に使った画素 253）。位置合わせ IoU 0.863（4パラメータ）
TRACE_YOK:141100210,141100210,FAC_YOK_KOSUZUME,1.0,medium,2026-04-01,,DOC_YOK_SUISHITSU_R8,令和8年度水質検査計画 p11「各水源の主な給水区域」図からのラスタ読み取り。馬入川系統（小雀浄水場系）。図は「主な給水区域」であり町丁目単位の断定ではない。純度 96%（判定に使った画素 8560）。位置合わせ IoU 0.863（4パラメータ）
TRACE_YOK:141100220,141100220,FAC_YOK_KOSUZUME,1.0,medium,2026-04-01,,DOC_YOK_SUISHITSU_R8,令和8年度水質検査計画 p11「各水源の主な給水区域」図からのラスタ読み取り。馬入川系統（小雀浄水場系）。図は「主な給水区域」であり町丁目単位の断定ではない。純度 100%（判定に使った画素 15875）。位置合わせ IoU 0.863（4パラメータ）
TRACE_YOK:14110023001,14110023001,FAC_YOK_KOSUZUME,1.0,medium,2026-04-01,,DOC_YOK_SUISHITSU_R8,令和8年度水質検査計画 p11「各水源の主な給水区域」図からのラスタ読み取り。馬入川系統（小雀浄水場系）。図は「主な給水区域」であり町丁目単位の断定ではない。純度 100%（判定に使った画素 1042）。位置合わせ IoU 0.863（4パラメータ）
TRACE_YOK:14110023002,14110023002,FAC_YOK_KOSUZUME,1.0,medium,2026-04-01,,DOC_YOK_SUISHITSU_R8,令和8年度水質検査計画 p11「各水源の主な給水区域」図からのラスタ読み取り。馬入川系統（小雀浄水場系）。図は「主な給水区域」であり町丁目単位の断定ではない。純度 100%（判定に使った画素 763）。位置合わせ IoU 0.863（4パラメータ）
TRACE_YOK:14110023003,14110023003,FAC_YOK_KOSUZUME,1.0,medium,2026-04-01,,DOC_YOK_SUISHITSU_R8,令和8年度水質検査計画 p11「各水源の主な給水区域」図からのラスタ読み取り。馬入川系統（小雀浄水場系）。図は「主な給水区域」であり町丁目単位の断定ではない。純度 100%（判定に使った画素 1683）。位置合わせ IoU 0.863（4パラメータ）
TRACE_YOK:14110023004,14110023004,FAC_YOK_KOSUZUME,1.0,medium,2026-04-01,,DOC_YOK_SUISHITSU_R8,令和8年度水質検査計画 p11「各水源の主な給水区域」図からのラスタ読み取り。馬入川系統（小雀浄水場系）。図は「主な給水区域」であり町丁目単位の断定ではない。純度 100%（判定に使った画素 1357）。位置合わせ IoU 0.863（4パラメータ）
TRACE_YOK:141100270,141100270,FAC_YOK_KOSUZUME,1.0,medium,2026-04-01,,DOC_YOK_SUISHITSU_R8,令和8年度水質検査計画 p11「各水源の主な給水区域」図からのラスタ読み取り。馬入川系統（小雀浄水場系）。図は「主な給水区域」であり町丁目単位の断定ではない。純度 100%（判定に使った画素 8421）。位置合わせ IoU 0.863（4パラメータ）
TRACE_YOK:141100280,141100280,FAC_YOK_KOSUZUME,1.0,medium,2026-04-01,,DOC_YOK_SUISHITSU_R8,令和8年度水質検査計画 p11「各水源の主な給水区域」図からのラスタ読み取り。馬入川系統（小雀浄水場系）。図は「主な給水区域」であり町丁目単位の断定ではない。純度 99%（判定に使った画素 2881）。位置合わせ IoU 0.863（4パラメータ）
TRACE_YOK:141100290,141100290,FAC_KGD_NISHINAGASAWA,1.0,low,2026-04-01,,DOC_YOK_SUISHITSU_R8,令和8年度水質検査計画 p11「各水源の主な給水区域」図からのラスタ読み取り。企業団酒匂川系統（西長沢・相模原浄水場系）。図は「主な給水区域」であり町丁目単位の断定ではない。純度 54%（判定に使った画素 9038）。位置合わせ IoU 0.863（4パラメータ）。図では西長沢浄水場系と相模原浄水場系が同じ色で区別できないため供給水量の大きい西長沢に寄せている（企業団の1日平均供給水量 R7年度 西長沢 467486 ㎥ / 相模原 248448 ㎥）
TRACE_YOK:14110030001,14110030001,FAC_KGD_NISHINAGASAWA,1.0,medium,2026-04-01,,DOC_YOK_SUISHITSU_R8,令和8年度水質検査計画 p11「各水源の主な給水区域」図からのラスタ読み取り。企業団酒匂川系統（西長沢・相模原浄水場系）。図は「主な給水区域」であり町丁目単位の断定ではない。純度 100%（判定に使った画素 1795）。位置合わせ IoU 0.863（4パラメータ）。図では西長沢浄水場系と相模原浄水場系が同じ色で区別できないため供給水量の大きい西長沢に寄せている（企業団の1日平均供給水量 R7年度 西長沢 467486 ㎥ / 相模原 248448 ㎥）
TRACE_YOK:14110030002,14110030002,FAC_KGD_NISHINAGASAWA,1.0,medium,2026-04-01,,DOC_YOK_SUISHITSU_R8,令和8年度水質検査計画 p11「各水源の主な給水区域」図からのラスタ読み取り。企業団酒匂川系統（西長沢・相模原浄水場系）。図は「主な給水区域」であり町丁目単位の断定ではない。純度 100%（判定に使った画素 2126）。位置合わせ IoU 0.863（4パラメータ）。図では西長沢浄水場系と相模原浄水場系が同じ色で区別できないため供給水量の大きい西長沢に寄せている（企業団の1日平均供給水量 R7年度 西長沢 467486 ㎥ / 相模原 248448 ㎥）
TRACE_YOK:14110030003,14110030003,FAC_KGD_NISHINAGASAWA,1.0,medium,2026-04-01,,DOC_YOK_SUISHITSU_R8,令和8年度水質検査計画 p11「各水源の主な給水区域」図からのラスタ読み取り。企業団酒匂川系統（西長沢・相模原浄水場系）。図は「主な給水区域」であり町丁目単位の断定ではない。純度 100%（判定に使った画素 3123）。位置合わせ IoU 0.863（4パラメータ）。図では西長沢浄水場系と相模原浄水場系が同じ色で区別できないため供給水量の大きい西長沢に寄せている（企業団の1日平均供給水量 R7年度 西長沢 467486 ㎥ / 相模原 248448 ㎥）
TRACE_YOK:14110030004,14110030004,FAC_KGD_NISHINAGASAWA,1.0,medium,2026-04-01,,DOC_YOK_SUISHITSU_R8,令和8年度水質検査計画 p11「各水源の主な給水区域」図からのラスタ読み取り。企業団酒匂川系統（西長沢・相模原浄水場系）。図は「主な給水区域」であり町丁目単位の断定ではない。純度 100%（判定に使った画素 1914）。位置合わせ IoU 0.863（4パラメータ）。図では西長沢浄水場系と相模原浄水場系が同じ色で区別できないため供給水量の大きい西長沢に寄せている（企業団の1日平均供給水量 R7年度 西長沢 467486 ㎥ / 相模原 248448 ㎥）
TRACE_YOK:14110030005,14110030005,FAC_KGD_NISHINAGASAWA,1.0,medium,2026-04-01,,DOC_YOK_SUISHITSU_R8,令和8年度水質検査計画 p11「各水源の主な給水区域」図からのラスタ読み取り。企業団酒匂川系統（西長沢・相模原浄水場系）。図は「主な給水区域」であり町丁目単位の断定ではない。純度 100%（判定に使った画素 2088）。位置合わせ IoU 0.863（4パラメータ）。図では西長沢浄水場系と相模原浄水場系が同じ色で区別できないため供給水量の大きい西長沢に寄せている（企業団の1日平均供給水量 R7年度 西長沢 467486 ㎥ / 相模原 248448 ㎥）
TRACE_YOK:141100350,141100350,FAC_YOK_KOSUZUME,1.0,low,2026-04-01,,DOC_YOK_SUISHITSU_R8,令和8年度水質検査計画 p11「各水源の主な給水区域」図からのラスタ読み取り。馬入川系統（小雀浄水場系）。図は「主な給水区域」であり町丁目単位の断定ではない。純度 79%（判定に使った画素 12175）。位置合わせ IoU 0.863（4パラメータ）
TRACE_YOK:141100360,141100360,FAC_YOK_KOSUZUME,1.0,low,2026-04-01,,DOC_YOK_SUISHITSU_R8,令和8年度水質検査計画 p11「各水源の主な給水区域」図からのラスタ読み取り。馬入川系統（小雀浄水場系）。図は「主な給水区域」であり町丁目単位の断定ではない。純度 74%（判定に使った画素 12191）。位置合わせ IoU 0.863（4パラメータ）
TRACE_YOK:141100370,141100370,FAC_YOK_KOSUZUME,1.0,medium,2026-04-01,,DOC_YOK_SUISHITSU_R8,令和8年度水質検査計画 p11「各水源の主な給水区域」図からのラスタ読み取り。馬入川系統（小雀浄水場系）。図は「主な給水区域」であり町丁目単位の断定ではない。純度 99%（判定に使った画素 4706）。位置合わせ IoU 0.863（4パラメータ）
TRACE_YOK:141100380,141100380,FAC_YOK_KOSUZUME,1.0,medium,2026-04-01,,DOC_YOK_SUISHITSU_R8,令和8年度水質検査計画 p11「各水源の主な給水区域」図からのラスタ読み取り。馬入川系統（小雀浄水場系）。図は「主な給水区域」であり町丁目単位の断定ではない。純度 100%（判定に使った画素 2760）。位置合わせ IoU 0.863（4パラメータ）
TRACE_YOK:14110039001,14110039001,FAC_YOK_KOSUZUME,1.0,medium,2026-04-01,,DOC_YOK_SUISHITSU_R8,令和8年度水質検査計画 p11「各水源の主な給水区域」図からのラスタ読み取り。馬入川系統（小雀浄水場系）。図は「主な給水区域」であり町丁目単位の断定ではない。純度 100%（判定に使った画素 4452）。位置合わせ IoU 0.863（4パラメータ）
TRACE_YOK:14110039002,14110039002,FAC_YOK_KOSUZUME,1.0,medium,2026-04-01,,DOC_YOK_SUISHITSU_R8,令和8年度水質検査計画 p11「各水源の主な給水区域」図からのラスタ読み取り。馬入川系統（小雀浄水場系）。図は「主な給水区域」であり町丁目単位の断定ではない。純度 100%（判定に使った画素 21609）。位置合わせ IoU 0.863（4パラメータ）
TRACE_YOK:141100400,141100400,FAC_YOK_KOSUZUME,1.0,medium,2026-04-01,,DOC_YOK_SUISHITSU_R8,令和8年度水質検査計画 p11「各水源の主な給水区域」図からのラスタ読み取り。馬入川系統（小雀浄水場系）。図は「主な給水区域」であり町丁目単位の断定ではない。純度 100%（判定に使った画素 17261）。位置合わせ IoU 0.863（4パラメータ）
TRACE_YOK:141100410,141100410,FAC_YOK_KOSUZUME,1.0,medium,2026-04-01,,DOC_YOK_SUISHITSU_R8,令和8年度水質検査計画 p11「各水源の主な給水区域」図からのラスタ読み取り。馬入川系統（小雀浄水場系）。図は「主な給水区域」であり町丁目単位の断定ではない。純度 100%（判定に使った画素 2241）。位置合わせ IoU 0.863（4パラメータ）
TRACE_YOK:14110042001,14110042001,FAC_YOK_KOSUZUME,1.0,low,2026-04-01,,DOC_YOK_SUISHITSU_R8,令和8年度水質検査計画 p11「各水源の主な給水区域」図からのラスタ読み取り。馬入川系統（小雀浄水場系）。図は「主な給水区域」であり町丁目単位の断定ではない。純度 94%（判定に使った画素 1076）。位置合わせ IoU 0.863（4パラメータ）
TRACE_YOK:14110042002,14110042002,FAC_YOK_KOSUZUME,1.0,low,2026-04-01,,DOC_YOK_SUISHITSU_R8,令和8年度水質検査計画 p11「各水源の主な給水区域」図からのラスタ読み取り。馬入川系統（小雀浄水場系）。図は「主な給水区域」であり町丁目単位の断定ではない。純度 81%（判定に使った画素 844）。位置合わせ IoU 0.863（4パラメータ）
TRACE_YOK:14110042003,14110042003,FAC_YOK_KOSUZUME,1.0,low,2026-04-01,,DOC_YOK_SUISHITSU_R8,令和8年度水質検査計画 p11「各水源の主な給水区域」図からのラスタ読み取り。馬入川系統（小雀浄水場系）。図は「主な給水区域」であり町丁目単位の断定ではない。純度 88%（判定に使った画素 2747）。位置合わせ IoU 0.863（4パラメータ）
TRACE_YOK:14110042004,14110042004,FAC_YOK_KOSUZUME,1.0,low,2026-04-01,,DOC_YOK_SUISHITSU_R8,令和8年度水質検査計画 p11「各水源の主な給水区域」図からのラスタ読み取り。馬入川系統（小雀浄水場系）。図は「主な給水区域」であり町丁目単位の断定ではない。純度 89%（判定に使った画素 1307）。位置合わせ IoU 0.863（4パラメータ）
TRACE_YOK:14110042005,14110042005,FAC_YOK_KOSUZUME,1.0,medium,2026-04-01,,DOC_YOK_SUISHITSU_R8,令和8年度水質検査計画 p11「各水源の主な給水区域」図からのラスタ読み取り。馬入川系統（小雀浄水場系）。図は「主な給水区域」であり町丁目単位の断定ではない。純度 97%（判定に使った画素 1204）。位置合わせ IoU 0.863（4パラメータ）
TRACE_YOK:14111001001,14111001001,FAC_YOK_NISHIYA,1.0,medium,2026-04-01,,DOC_YOK_SUISHITSU_R8,令和8年度水質検査計画 p11「各水源の主な給水区域」図からのラスタ読み取り。相模川系統（西谷浄水場系）。図は「主な給水区域」であり町丁目単位の断定ではない。純度 100%（判定に使った画素 1510）。位置合わせ IoU 0.863（4パラメータ）
TRACE_YOK:14111001002,14111001002,FAC_YOK_NISHIYA,1.0,medium,2026-04-01,,DOC_YOK_SUISHITSU_R8,令和8年度水質検査計画 p11「各水源の主な給水区域」図からのラスタ読み取り。相模川系統（西谷浄水場系）。図は「主な給水区域」であり町丁目単位の断定ではない。純度 99%（判定に使った画素 1403）。位置合わせ IoU 0.863（4パラメータ）
TRACE_YOK:14111003001,14111003001,FAC_YOK_NISHIYA,1.0,medium,2026-04-01,,DOC_YOK_SUISHITSU_R8,令和8年度水質検査計画 p11「各水源の主な給水区域」図からのラスタ読み取り。相模川系統（西谷浄水場系）。図は「主な給水区域」であり町丁目単位の断定ではない。純度 100%（判定に使った画素 1412）。位置合わせ IoU 0.863（4パラメータ）
TRACE_YOK:14111003002,14111003002,FAC_YOK_NISHIYA,1.0,low,2026-04-01,,DOC_YOK_SUISHITSU_R8,令和8年度水質検査計画 p11「各水源の主な給水区域」図からのラスタ読み取り。相模川系統（西谷浄水場系）。図は「主な給水区域」であり町丁目単位の断定ではない。純度 53%（判定に使った画素 1302）。位置合わせ IoU 0.863（4パラメータ）
TRACE_YOK:14111003003,14111003003,FAC_YOK_KOSUZUME,1.0,medium,2026-04-01,,DOC_YOK_SUISHITSU_R8,令和8年度水質検査計画 p11「各水源の主な給水区域」図からのラスタ読み取り。馬入川系統（小雀浄水場系）。図は「主な給水区域」であり町丁目単位の断定ではない。純度 98%（判定に使った画素 1213）。位置合わせ IoU 0.863（4パラメータ）
TRACE_YOK:14111006001,14111006001,FAC_YOK_NISHIYA,1.0,low,2026-04-01,,DOC_YOK_SUISHITSU_R8,令和8年度水質検査計画 p11「各水源の主な給水区域」図からのラスタ読み取り。相模川系統（西谷浄水場系）。図は「主な給水区域」であり町丁目単位の断定ではない。純度 77%（判定に使った画素 1745）。位置合わせ IoU 0.863（4パラメータ）
TRACE_YOK:14111006002,14111006002,FAC_YOK_KOSUZUME,1.0,low,2026-04-01,,DOC_YOK_SUISHITSU_R8,令和8年度水質検査計画 p11「各水源の主な給水区域」図からのラスタ読み取り。馬入川系統（小雀浄水場系）。図は「主な給水区域」であり町丁目単位の断定ではない。純度 64%（判定に使った画素 2190）。位置合わせ IoU 0.863（4パラメータ）
TRACE_YOK:14111006003,14111006003,FAC_YOK_KOSUZUME,1.0,low,2026-04-01,,DOC_YOK_SUISHITSU_R8,令和8年度水質検査計画 p11「各水源の主な給水区域」図からのラスタ読み取り。馬入川系統（小雀浄水場系）。図は「主な給水区域」であり町丁目単位の断定ではない。純度 60%（判定に使った画素 1672）。位置合わせ IoU 0.863（4パラメータ）
TRACE_YOK:14111006004,14111006004,FAC_YOK_NISHIYA,1.0,medium,2026-04-01,,DOC_YOK_SUISHITSU_R8,令和8年度水質検査計画 p11「各水源の主な給水区域」図からのラスタ読み取り。相模川系統（西谷浄水場系）。図は「主な給水区域」であり町丁目単位の断定ではない。純度 98%（判定に使った画素 1726）。位置合わせ IoU 0.863（4パラメータ）
TRACE_YOK:14111006005,14111006005,FAC_YOK_KOSUZUME,1.0,low,2026-04-01,,DOC_YOK_SUISHITSU_R8,令和8年度水質検査計画 p11「各水源の主な給水区域」図からのラスタ読み取り。馬入川系統（小雀浄水場系）。図は「主な給水区域」であり町丁目単位の断定ではない。純度 82%（判定に使った画素 1245）。位置合わせ IoU 0.863（4パラメータ）
TRACE_YOK:14111006006,14111006006,FAC_YOK_KOSUZUME,1.0,medium,2026-04-01,,DOC_YOK_SUISHITSU_R8,令和8年度水質検査計画 p11「各水源の主な給水区域」図からのラスタ読み取り。馬入川系統（小雀浄水場系）。図は「主な給水区域」であり町丁目単位の断定ではない。純度 100%（判定に使った画素 1915）。位置合わせ IoU 0.863（4パラメータ）
TRACE_YOK:141110120,141110120,FAC_YOK_NISHIYA,1.0,medium,2026-04-01,,DOC_YOK_SUISHITSU_R8,令和8年度水質検査計画 p11「各水源の主な給水区域」図からのラスタ読み取り。相模川系統（西谷浄水場系）。図は「主な給水区域」であり町丁目単位の断定ではない。純度 98%（判定に使った画素 1093）。位置合わせ IoU 0.863（4パラメータ）
TRACE_YOK:14111013101,14111013101,FAC_YOK_KOSUZUME,1.0,medium,2026-04-01,,DOC_YOK_SUISHITSU_R8,令和8年度水質検査計画 p11「各水源の主な給水区域」図からのラスタ読み取り。馬入川系統（小雀浄水場系）。図は「主な給水区域」であり町丁目単位の断定ではない。純度 100%（判定に使った画素 4215）。位置合わせ IoU 0.863（4パラメータ）
TRACE_YOK:14111013102,14111013102,FAC_YOK_KOSUZUME,1.0,medium,2026-04-01,,DOC_YOK_SUISHITSU_R8,令和8年度水質検査計画 p11「各水源の主な給水区域」図からのラスタ読み取り。馬入川系統（小雀浄水場系）。図は「主な給水区域」であり町丁目単位の断定ではない。純度 100%（判定に使った画素 4121）。位置合わせ IoU 0.863（4パラメータ）
TRACE_YOK:14111013103,14111013103,FAC_YOK_KOSUZUME,1.0,medium,2026-04-01,,DOC_YOK_SUISHITSU_R8,令和8年度水質検査計画 p11「各水源の主な給水区域」図からのラスタ読み取り。馬入川系統（小雀浄水場系）。図は「主な給水区域」であり町丁目単位の断定ではない。純度 100%（判定に使った画素 1708）。位置合わせ IoU 0.863（4パラメータ）
TRACE_YOK:14111014001,14111014001,FAC_YOK_KOSUZUME,1.0,medium,2026-04-01,,DOC_YOK_SUISHITSU_R8,令和8年度水質検査計画 p11「各水源の主な給水区域」図からのラスタ読み取り。馬入川系統（小雀浄水場系）。図は「主な給水区域」であり町丁目単位の断定ではない。純度 100%（判定に使った画素 944）。位置合わせ IoU 0.863（4パラメータ）
TRACE_YOK:14111014002,14111014002,FAC_YOK_NISHIYA,1.0,low,2026-04-01,,DOC_YOK_SUISHITSU_R8,令和8年度水質検査計画 p11「各水源の主な給水区域」図からのラスタ読み取り。相模川系統（西谷浄水場系）。図は「主な給水区域」であり町丁目単位の断定ではない。純度 56%（判定に使った画素 2386）。位置合わせ IoU 0.863（4パラメータ）
TRACE_YOK:14111014003,14111014003,FAC_YOK_KOSUZUME,1.0,low,2026-04-01,,DOC_YOK_SUISHITSU_R8,令和8年度水質検査計画 p11「各水源の主な給水区域」図からのラスタ読み取り。馬入川系統（小雀浄水場系）。図は「主な給水区域」であり町丁目単位の断定ではない。純度 54%（判定に使った画素 878）。位置合わせ IoU 0.863（4パラメータ）
TRACE_YOK:14111014004,14111014004,FAC_YOK_NISHIYA,1.0,low,2026-04-01,,DOC_YOK_SUISHITSU_R8,令和8年度水質検査計画 p11「各水源の主な給水区域」図からのラスタ読み取り。相模川系統（西谷浄水場系）。図は「主な給水区域」であり町丁目単位の断定ではない。純度 65%（判定に使った画素 969）。位置合わせ IoU 0.863（4パラメータ）
TRACE_YOK:14111014005,14111014005,FAC_YOK_KOSUZUME,1.0,medium,2026-04-01,,DOC_YOK_SUISHITSU_R8,令和8年度水質検査計画 p11「各水源の主な給水区域」図からのラスタ読み取り。馬入川系統（小雀浄水場系）。図は「主な給水区域」であり町丁目単位の断定ではない。純度 98%（判定に使った画素 1121）。位置合わせ IoU 0.863（4パラメータ）
TRACE_YOK:14111014006,14111014006,FAC_YOK_KOSUZUME,1.0,medium,2026-04-01,,DOC_YOK_SUISHITSU_R8,令和8年度水質検査計画 p11「各水源の主な給水区域」図からのラスタ読み取り。馬入川系統（小雀浄水場系）。図は「主な給水区域」であり町丁目単位の断定ではない。純度 100%（判定に使った画素 270）。位置合わせ IoU 0.863（4パラメータ）
TRACE_YOK:14111014007,14111014007,FAC_YOK_KOSUZUME,1.0,medium,2026-04-01,,DOC_YOK_SUISHITSU_R8,令和8年度水質検査計画 p11「各水源の主な給水区域」図からのラスタ読み取り。馬入川系統（小雀浄水場系）。図は「主な給水区域」であり町丁目単位の断定ではない。純度 100%（判定に使った画素 1243）。位置合わせ IoU 0.863（4パラメータ）
TRACE_YOK:14111014008,14111014008,FAC_YOK_KOSUZUME,1.0,medium,2026-04-01,,DOC_YOK_SUISHITSU_R8,令和8年度水質検査計画 p11「各水源の主な給水区域」図からのラスタ読み取り。馬入川系統（小雀浄水場系）。図は「主な給水区域」であり町丁目単位の断定ではない。純度 100%（判定に使った画素 1676）。位置合わせ IoU 0.863（4パラメータ）
TRACE_YOK:14111014009,14111014009,FAC_YOK_KOSUZUME,1.0,medium,2026-04-01,,DOC_YOK_SUISHITSU_R8,令和8年度水質検査計画 p11「各水源の主な給水区域」図からのラスタ読み取り。馬入川系統（小雀浄水場系）。図は「主な給水区域」であり町丁目単位の断定ではない。純度 100%（判定に使った画素 2054）。位置合わせ IoU 0.863（4パラメータ）
TRACE_YOK:14111023001,14111023001,FAC_YOK_KOSUZUME,1.0,medium,2026-04-01,,DOC_YOK_SUISHITSU_R8,令和8年度水質検査計画 p11「各水源の主な給水区域」図からのラスタ読み取り。馬入川系統（小雀浄水場系）。図は「主な給水区域」であり町丁目単位の断定ではない。純度 100%（判定に使った画素 10634）。位置合わせ IoU 0.863（4パラメータ）
TRACE_YOK:14111023002,14111023002,FAC_YOK_KOSUZUME,1.0,medium,2026-04-01,,DOC_YOK_SUISHITSU_R8,令和8年度水質検査計画 p11「各水源の主な給水区域」図からのラスタ読み取り。馬入川系統（小雀浄水場系）。図は「主な給水区域」であり町丁目単位の断定ではない。純度 100%（判定に使った画素 4795）。位置合わせ IoU 0.863（4パラメータ）
TRACE_YOK:141110240,141110240,FAC_YOK_KOSUZUME,1.0,medium,2026-04-01,,DOC_YOK_SUISHITSU_R8,令和8年度水質検査計画 p11「各水源の主な給水区域」図からのラスタ読み取り。馬入川系統（小雀浄水場系）。図は「主な給水区域」であり町丁目単位の断定ではない。純度 100%（判定に使った画素 2707）。位置合わせ IoU 0.863（4パラメータ）
TRACE_YOK:14111026001,14111026001,FAC_YOK_KOSUZUME,1.0,low,2026-04-01,,DOC_YOK_SUISHITSU_R8,令和8年度水質検査計画 p11「各水源の主な給水区域」図からのラスタ読み取り。馬入川系統（小雀浄水場系）。図は「主な給水区域」であり町丁目単位の断定ではない。純度 92%（判定に使った画素 1952）。位置合わせ IoU 0.863（4パラメータ）
TRACE_YOK:14111026002,14111026002,FAC_YOK_KOSUZUME,1.0,medium,2026-04-01,,DOC_YOK_SUISHITSU_R8,令和8年度水質検査計画 p11「各水源の主な給水区域」図からのラスタ読み取り。馬入川系統（小雀浄水場系）。図は「主な給水区域」であり町丁目単位の断定ではない。純度 98%（判定に使った画素 1269）。位置合わせ IoU 0.863（4パラメータ）
TRACE_YOK:14111026003,14111026003,FAC_YOK_KOSUZUME,1.0,medium,2026-04-01,,DOC_YOK_SUISHITSU_R8,令和8年度水質検査計画 p11「各水源の主な給水区域」図からのラスタ読み取り。馬入川系統（小雀浄水場系）。図は「主な給水区域」であり町丁目単位の断定ではない。純度 98%（判定に使った画素 786）。位置合わせ IoU 0.863（4パラメータ）
TRACE_YOK:14111029001,14111029001,FAC_YOK_NISHIYA,1.0,medium,2026-04-01,,DOC_YOK_SUISHITSU_R8,令和8年度水質検査計画 p11「各水源の主な給水区域」図からのラスタ読み取り。相模川系統（西谷浄水場系）。図は「主な給水区域」であり町丁目単位の断定ではない。純度 100%（判定に使った画素 1228）。位置合わせ IoU 0.863（4パラメータ）
TRACE_YOK:14111029002,14111029002,FAC_YOK_NISHIYA,1.0,medium,2026-04-01,,DOC_YOK_SUISHITSU_R8,令和8年度水質検査計画 p11「各水源の主な給水区域」図からのラスタ読み取り。相模川系統（西谷浄水場系）。図は「主な給水区域」であり町丁目単位の断定ではない。純度 97%（判定に使った画素 1008）。位置合わせ IoU 0.863（4パラメータ）
TRACE_YOK:14111029003,14111029003,FAC_YOK_NISHIYA,1.0,low,2026-04-01,,DOC_YOK_SUISHITSU_R8,令和8年度水質検査計画 p11「各水源の主な給水区域」図からのラスタ読み取り。相模川系統（西谷浄水場系）。図は「主な給水区域」であり町丁目単位の断定ではない。純度 86%（判定に使った画素 1095）。位置合わせ IoU 0.863（4パラメータ）
TRACE_YOK:14111032001,14111032001,FAC_YOK_NISHIYA,1.0,medium,2026-04-01,,DOC_YOK_SUISHITSU_R8,令和8年度水質検査計画 p11「各水源の主な給水区域」図からのラスタ読み取り。相模川系統（西谷浄水場系）。図は「主な給水区域」であり町丁目単位の断定ではない。純度 100%（判定に使った画素 1507）。位置合わせ IoU 0.863（4パラメータ）
TRACE_YOK:14111032002,14111032002,FAC_YOK_NISHIYA,1.0,low,2026-04-01,,DOC_YOK_SUISHITSU_R8,令和8年度水質検査計画 p11「各水源の主な給水区域」図からのラスタ読み取り。相模川系統（西谷浄水場系）。図は「主な給水区域」であり町丁目単位の断定ではない。純度 84%（判定に使った画素 1954）。位置合わせ IoU 0.863（4パラメータ）
TRACE_YOK:14111032003,14111032003,FAC_YOK_NISHIYA,1.0,low,2026-04-01,,DOC_YOK_SUISHITSU_R8,令和8年度水質検査計画 p11「各水源の主な給水区域」図からのラスタ読み取り。相模川系統（西谷浄水場系）。図は「主な給水区域」であり町丁目単位の断定ではない。純度 52%（判定に使った画素 1891）。位置合わせ IoU 0.863（4パラメータ）
TRACE_YOK:14111032004,14111032004,FAC_YOK_KOSUZUME,1.0,medium,2026-04-01,,DOC_YOK_SUISHITSU_R8,令和8年度水質検査計画 p11「各水源の主な給水区域」図からのラスタ読み取り。馬入川系統（小雀浄水場系）。図は「主な給水区域」であり町丁目単位の断定ではない。純度 100%（判定に使った画素 1228）。位置合わせ IoU 0.863（4パラメータ）
TRACE_YOK:14111032005,14111032005,FAC_YOK_KOSUZUME,1.0,low,2026-04-01,,DOC_YOK_SUISHITSU_R8,令和8年度水質検査計画 p11「各水源の主な給水区域」図からのラスタ読み取り。馬入川系統（小雀浄水場系）。図は「主な給水区域」であり町丁目単位の断定ではない。純度 91%（判定に使った画素 2108）。位置合わせ IoU 0.863（4パラメータ）
TRACE_YOK:14111032006,14111032006,FAC_YOK_KOSUZUME,1.0,medium,2026-04-01,,DOC_YOK_SUISHITSU_R8,令和8年度水質検査計画 p11「各水源の主な給水区域」図からのラスタ読み取り。馬入川系統（小雀浄水場系）。図は「主な給水区域」であり町丁目単位の断定ではない。純度 100%（判定に使った画素 1735）。位置合わせ IoU 0.863（4パラメータ）
TRACE_YOK:14111032007,14111032007,FAC_YOK_KOSUZUME,1.0,medium,2026-04-01,,DOC_YOK_SUISHITSU_R8,令和8年度水質検査計画 p11「各水源の主な給水区域」図からのラスタ読み取り。馬入川系統（小雀浄水場系）。図は「主な給水区域」であり町丁目単位の断定ではない。純度 100%（判定に使った画素 1097）。位置合わせ IoU 0.863（4パラメータ）
TRACE_YOK:14111039001,14111039001,FAC_YOK_KOSUZUME,1.0,low,2026-04-01,,DOC_YOK_SUISHITSU_R8,令和8年度水質検査計画 p11「各水源の主な給水区域」図からのラスタ読み取り。馬入川系統（小雀浄水場系）。図は「主な給水区域」であり町丁目単位の断定ではない。純度 94%（判定に使った画素 1999）。位置合わせ IoU 0.863（4パラメータ）
TRACE_YOK:14111039002,14111039002,FAC_YOK_KOSUZUME,1.0,low,2026-04-01,,DOC_YOK_SUISHITSU_R8,令和8年度水質検査計画 p11「各水源の主な給水区域」図からのラスタ読み取り。馬入川系統（小雀浄水場系）。図は「主な給水区域」であり町丁目単位の断定ではない。純度 90%（判定に使った画素 3166）。位置合わせ IoU 0.863（4パラメータ）
TRACE_YOK:14111039003,14111039003,FAC_YOK_KOSUZUME,1.0,medium,2026-04-01,,DOC_YOK_SUISHITSU_R8,令和8年度水質検査計画 p11「各水源の主な給水区域」図からのラスタ読み取り。馬入川系統（小雀浄水場系）。図は「主な給水区域」であり町丁目単位の断定ではない。純度 100%（判定に使った画素 1423）。位置合わせ IoU 0.863（4パラメータ）
TRACE_YOK:14111039004,14111039004,FAC_YOK_KOSUZUME,1.0,medium,2026-04-01,,DOC_YOK_SUISHITSU_R8,令和8年度水質検査計画 p11「各水源の主な給水区域」図からのラスタ読み取り。馬入川系統（小雀浄水場系）。図は「主な給水区域」であり町丁目単位の断定ではない。純度 100%（判定に使った画素 2298）。位置合わせ IoU 0.863（4パラメータ）
TRACE_YOK:14111039005,14111039005,FAC_YOK_KOSUZUME,1.0,low,2026-04-01,,DOC_YOK_SUISHITSU_R8,令和8年度水質検査計画 p11「各水源の主な給水区域」図からのラスタ読み取り。馬入川系統（小雀浄水場系）。図は「主な給水区域」であり町丁目単位の断定ではない。純度 93%（判定に使った画素 3454）。位置合わせ IoU 0.863（4パラメータ）
TRACE_YOK:14111044001,14111044001,FAC_YOK_KOSUZUME,1.0,medium,2026-04-01,,DOC_YOK_SUISHITSU_R8,令和8年度水質検査計画 p11「各水源の主な給水区域」図からのラスタ読み取り。馬入川系統（小雀浄水場系）。図は「主な給水区域」であり町丁目単位の断定ではない。純度 100%（判定に使った画素 1490）。位置合わせ IoU 0.863（4パラメータ）
TRACE_YOK:14111044002,14111044002,FAC_YOK_KOSUZUME,1.0,medium,2026-04-01,,DOC_YOK_SUISHITSU_R8,令和8年度水質検査計画 p11「各水源の主な給水区域」図からのラスタ読み取り。馬入川系統（小雀浄水場系）。図は「主な給水区域」であり町丁目単位の断定ではない。純度 100%（判定に使った画素 1474）。位置合わせ IoU 0.863（4パラメータ）
TRACE_YOK:14111044003,14111044003,FAC_YOK_KOSUZUME,1.0,medium,2026-04-01,,DOC_YOK_SUISHITSU_R8,令和8年度水質検査計画 p11「各水源の主な給水区域」図からのラスタ読み取り。馬入川系統（小雀浄水場系）。図は「主な給水区域」であり町丁目単位の断定ではない。純度 100%（判定に使った画素 2131）。位置合わせ IoU 0.863（4パラメータ）
TRACE_YOK:14111047001,14111047001,FAC_YOK_KOSUZUME,1.0,medium,2026-04-01,,DOC_YOK_SUISHITSU_R8,令和8年度水質検査計画 p11「各水源の主な給水区域」図からのラスタ読み取り。馬入川系統（小雀浄水場系）。図は「主な給水区域」であり町丁目単位の断定ではない。純度 100%（判定に使った画素 2288）。位置合わせ IoU 0.863（4パラメータ）
TRACE_YOK:14111047002,14111047002,FAC_YOK_KOSUZUME,1.0,medium,2026-04-01,,DOC_YOK_SUISHITSU_R8,令和8年度水質検査計画 p11「各水源の主な給水区域」図からのラスタ読み取り。馬入川系統（小雀浄水場系）。図は「主な給水区域」であり町丁目単位の断定ではない。純度 100%（判定に使った画素 1657）。位置合わせ IoU 0.863（4パラメータ）
TRACE_YOK:14111047003,14111047003,FAC_YOK_KOSUZUME,1.0,medium,2026-04-01,,DOC_YOK_SUISHITSU_R8,令和8年度水質検査計画 p11「各水源の主な給水区域」図からのラスタ読み取り。馬入川系統（小雀浄水場系）。図は「主な給水区域」であり町丁目単位の断定ではない。純度 100%（判定に使った画素 1881）。位置合わせ IoU 0.863（4パラメータ）
TRACE_YOK:14111047004,14111047004,FAC_YOK_KOSUZUME,1.0,medium,2026-04-01,,DOC_YOK_SUISHITSU_R8,令和8年度水質検査計画 p11「各水源の主な給水区域」図からのラスタ読み取り。馬入川系統（小雀浄水場系）。図は「主な給水区域」であり町丁目単位の断定ではない。純度 100%（判定に使った画素 1821）。位置合わせ IoU 0.863（4パラメータ）
TRACE_YOK:14111047005,14111047005,FAC_YOK_KOSUZUME,1.0,medium,2026-04-01,,DOC_YOK_SUISHITSU_R8,令和8年度水質検査計画 p11「各水源の主な給水区域」図からのラスタ読み取り。馬入川系統（小雀浄水場系）。図は「主な給水区域」であり町丁目単位の断定ではない。純度 100%（判定に使った画素 2292）。位置合わせ IoU 0.863（4パラメータ）
TRACE_YOK:14111047006,14111047006,FAC_YOK_KOSUZUME,1.0,medium,2026-04-01,,DOC_YOK_SUISHITSU_R8,令和8年度水質検査計画 p11「各水源の主な給水区域」図からのラスタ読み取り。馬入川系統（小雀浄水場系）。図は「主な給水区域」であり町丁目単位の断定ではない。純度 100%（判定に使った画素 859）。位置合わせ IoU 0.863（4パラメータ）
TRACE_YOK:14111053001,14111053001,FAC_YOK_KOSUZUME,1.0,medium,2026-04-01,,DOC_YOK_SUISHITSU_R8,令和8年度水質検査計画 p11「各水源の主な給水区域」図からのラスタ読み取り。馬入川系統（小雀浄水場系）。図は「主な給水区域」であり町丁目単位の断定ではない。純度 100%（判定に使った画素 1304）。位置合わせ IoU 0.863（4パラメータ）
TRACE_YOK:14111053002,14111053002,FAC_YOK_KOSUZUME,1.0,medium,2026-04-01,,DOC_YOK_SUISHITSU_R8,令和8年度水質検査計画 p11「各水源の主な給水区域」図からのラスタ読み取り。馬入川系統（小雀浄水場系）。図は「主な給水区域」であり町丁目単位の断定ではない。純度 100%（判定に使った画素 2152）。位置合わせ IoU 0.863（4パラメータ）
TRACE_YOK:14111053003,14111053003,FAC_YOK_KOSUZUME,1.0,medium,2026-04-01,,DOC_YOK_SUISHITSU_R8,令和8年度水質検査計画 p11「各水源の主な給水区域」図からのラスタ読み取り。馬入川系統（小雀浄水場系）。図は「主な給水区域」であり町丁目単位の断定ではない。純度 100%（判定に使った画素 1783）。位置合わせ IoU 0.863（4パラメータ）
TRACE_YOK:14111053004,14111053004,FAC_YOK_KOSUZUME,1.0,medium,2026-04-01,,DOC_YOK_SUISHITSU_R8,令和8年度水質検査計画 p11「各水源の主な給水区域」図からのラスタ読み取り。馬入川系統（小雀浄水場系）。図は「主な給水区域」であり町丁目単位の断定ではない。純度 100%（判定に使った画素 1103）。位置合わせ IoU 0.863（4パラメータ）
TRACE_YOK:14111057001,14111057001,FAC_YOK_KOSUZUME,1.0,medium,2026-04-01,,DOC_YOK_SUISHITSU_R8,令和8年度水質検査計画 p11「各水源の主な給水区域」図からのラスタ読み取り。馬入川系統（小雀浄水場系）。図は「主な給水区域」であり町丁目単位の断定ではない。純度 100%（判定に使った画素 3113）。位置合わせ IoU 0.863（4パラメータ）
TRACE_YOK:14111057002,14111057002,FAC_YOK_KOSUZUME,1.0,medium,2026-04-01,,DOC_YOK_SUISHITSU_R8,令和8年度水質検査計画 p11「各水源の主な給水区域」図からのラスタ読み取り。馬入川系統（小雀浄水場系）。図は「主な給水区域」であり町丁目単位の断定ではない。純度 100%（判定に使った画素 2958）。位置合わせ IoU 0.863（4パラメータ）
TRACE_YOK:14111057003,14111057003,FAC_YOK_KOSUZUME,1.0,medium,2026-04-01,,DOC_YOK_SUISHITSU_R8,令和8年度水質検査計画 p11「各水源の主な給水区域」図からのラスタ読み取り。馬入川系統（小雀浄水場系）。図は「主な給水区域」であり町丁目単位の断定ではない。純度 100%（判定に使った画素 2729）。位置合わせ IoU 0.863（4パラメータ）
TRACE_YOK:14111057004,14111057004,FAC_YOK_KOSUZUME,1.0,medium,2026-04-01,,DOC_YOK_SUISHITSU_R8,令和8年度水質検査計画 p11「各水源の主な給水区域」図からのラスタ読み取り。馬入川系統（小雀浄水場系）。図は「主な給水区域」であり町丁目単位の断定ではない。純度 100%（判定に使った画素 4041）。位置合わせ IoU 0.863（4パラメータ）
TRACE_YOK:14111057005,14111057005,FAC_YOK_KOSUZUME,1.0,medium,2026-04-01,,DOC_YOK_SUISHITSU_R8,令和8年度水質検査計画 p11「各水源の主な給水区域」図からのラスタ読み取り。馬入川系統（小雀浄水場系）。図は「主な給水区域」であり町丁目単位の断定ではない。純度 100%（判定に使った画素 2737）。位置合わせ IoU 0.863（4パラメータ）
TRACE_YOK:14111057006,14111057006,FAC_YOK_KOSUZUME,1.0,medium,2026-04-01,,DOC_YOK_SUISHITSU_R8,令和8年度水質検査計画 p11「各水源の主な給水区域」図からのラスタ読み取り。馬入川系統（小雀浄水場系）。図は「主な給水区域」であり町丁目単位の断定ではない。純度 100%（判定に使った画素 4132）。位置合わせ IoU 0.863（4パラメータ）
TRACE_YOK:14111057007,14111057007,FAC_YOK_KOSUZUME,1.0,medium,2026-04-01,,DOC_YOK_SUISHITSU_R8,令和8年度水質検査計画 p11「各水源の主な給水区域」図からのラスタ読み取り。馬入川系統（小雀浄水場系）。図は「主な給水区域」であり町丁目単位の断定ではない。純度 100%（判定に使った画素 3351）。位置合わせ IoU 0.863（4パラメータ）
TRACE_YOK:14111057008,14111057008,FAC_YOK_KOSUZUME,1.0,medium,2026-04-01,,DOC_YOK_SUISHITSU_R8,令和8年度水質検査計画 p11「各水源の主な給水区域」図からのラスタ読み取り。馬入川系統（小雀浄水場系）。図は「主な給水区域」であり町丁目単位の断定ではない。純度 100%（判定に使った画素 3405）。位置合わせ IoU 0.863（4パラメータ）
TRACE_YOK:14111057009,14111057009,FAC_YOK_KOSUZUME,1.0,medium,2026-04-01,,DOC_YOK_SUISHITSU_R8,令和8年度水質検査計画 p11「各水源の主な給水区域」図からのラスタ読み取り。馬入川系統（小雀浄水場系）。図は「主な給水区域」であり町丁目単位の断定ではない。純度 100%（判定に使った画素 2460）。位置合わせ IoU 0.863（4パラメータ）
TRACE_YOK:14111066001,14111066001,FAC_YOK_KOSUZUME,1.0,medium,2026-04-01,,DOC_YOK_SUISHITSU_R8,令和8年度水質検査計画 p11「各水源の主な給水区域」図からのラスタ読み取り。馬入川系統（小雀浄水場系）。図は「主な給水区域」であり町丁目単位の断定ではない。純度 100%（判定に使った画素 595）。位置合わせ IoU 0.863（4パラメータ）
TRACE_YOK:14111066002,14111066002,FAC_YOK_KOSUZUME,1.0,medium,2026-04-01,,DOC_YOK_SUISHITSU_R8,令和8年度水質検査計画 p11「各水源の主な給水区域」図からのラスタ読み取り。馬入川系統（小雀浄水場系）。図は「主な給水区域」であり町丁目単位の断定ではない。純度 100%（判定に使った画素 1080）。位置合わせ IoU 0.863（4パラメータ）
TRACE_YOK:14111066003,14111066003,FAC_YOK_KOSUZUME,1.0,medium,2026-04-01,,DOC_YOK_SUISHITSU_R8,令和8年度水質検査計画 p11「各水源の主な給水区域」図からのラスタ読み取り。馬入川系統（小雀浄水場系）。図は「主な給水区域」であり町丁目単位の断定ではない。純度 100%（判定に使った画素 1904）。位置合わせ IoU 0.863（4パラメータ）
TRACE_YOK:14111066004,14111066004,FAC_YOK_KOSUZUME,1.0,medium,2026-04-01,,DOC_YOK_SUISHITSU_R8,令和8年度水質検査計画 p11「各水源の主な給水区域」図からのラスタ読み取り。馬入川系統（小雀浄水場系）。図は「主な給水区域」であり町丁目単位の断定ではない。純度 100%（判定に使った画素 2169）。位置合わせ IoU 0.863（4パラメータ）
TRACE_YOK:141110700,141110700,FAC_YOK_KOSUZUME,1.0,medium,2026-04-01,,DOC_YOK_SUISHITSU_R8,令和8年度水質検査計画 p11「各水源の主な給水区域」図からのラスタ読み取り。馬入川系統（小雀浄水場系）。図は「主な給水区域」であり町丁目単位の断定ではない。純度 100%（判定に使った画素 1618）。位置合わせ IoU 0.863（4パラメータ）
TRACE_YOK:14111071001,14111071001,FAC_YOK_KOSUZUME,1.0,medium,2026-04-01,,DOC_YOK_SUISHITSU_R8,令和8年度水質検査計画 p11「各水源の主な給水区域」図からのラスタ読み取り。馬入川系統（小雀浄水場系）。図は「主な給水区域」であり町丁目単位の断定ではない。純度 100%（判定に使った画素 1408）。位置合わせ IoU 0.863（4パラメータ）
TRACE_YOK:14111071002,14111071002,FAC_YOK_KOSUZUME,1.0,medium,2026-04-01,,DOC_YOK_SUISHITSU_R8,令和8年度水質検査計画 p11「各水源の主な給水区域」図からのラスタ読み取り。馬入川系統（小雀浄水場系）。図は「主な給水区域」であり町丁目単位の断定ではない。純度 100%（判定に使った画素 1007）。位置合わせ IoU 0.863（4パラメータ）
TRACE_YOK:14111071003,14111071003,FAC_YOK_KOSUZUME,1.0,medium,2026-04-01,,DOC_YOK_SUISHITSU_R8,令和8年度水質検査計画 p11「各水源の主な給水区域」図からのラスタ読み取り。馬入川系統（小雀浄水場系）。図は「主な給水区域」であり町丁目単位の断定ではない。純度 100%（判定に使った画素 1138）。位置合わせ IoU 0.863（4パラメータ）
TRACE_YOK:14111071004,14111071004,FAC_YOK_KOSUZUME,1.0,medium,2026-04-01,,DOC_YOK_SUISHITSU_R8,令和8年度水質検査計画 p11「各水源の主な給水区域」図からのラスタ読み取り。馬入川系統（小雀浄水場系）。図は「主な給水区域」であり町丁目単位の断定ではない。純度 100%（判定に使った画素 1579）。位置合わせ IoU 0.863（4パラメータ）
TRACE_YOK:14111071005,14111071005,FAC_YOK_KOSUZUME,1.0,medium,2026-04-01,,DOC_YOK_SUISHITSU_R8,令和8年度水質検査計画 p11「各水源の主な給水区域」図からのラスタ読み取り。馬入川系統（小雀浄水場系）。図は「主な給水区域」であり町丁目単位の断定ではない。純度 100%（判定に使った画素 2270）。位置合わせ IoU 0.863（4パラメータ）
TRACE_YOK:14111071006,14111071006,FAC_YOK_KOSUZUME,1.0,medium,2026-04-01,,DOC_YOK_SUISHITSU_R8,令和8年度水質検査計画 p11「各水源の主な給水区域」図からのラスタ読み取り。馬入川系統（小雀浄水場系）。図は「主な給水区域」であり町丁目単位の断定ではない。純度 100%（判定に使った画素 1910）。位置合わせ IoU 0.863（4パラメータ）
TRACE_YOK:14111071007,14111071007,FAC_YOK_KOSUZUME,1.0,medium,2026-04-01,,DOC_YOK_SUISHITSU_R8,令和8年度水質検査計画 p11「各水源の主な給水区域」図からのラスタ読み取り。馬入川系統（小雀浄水場系）。図は「主な給水区域」であり町丁目単位の断定ではない。純度 100%（判定に使った画素 1060）。位置合わせ IoU 0.863（4パラメータ）
TRACE_YOK:14111078001,14111078001,FAC_YOK_KOSUZUME,1.0,low,2026-04-01,,DOC_YOK_SUISHITSU_R8,令和8年度水質検査計画 p11「各水源の主な給水区域」図からのラスタ読み取り。馬入川系統（小雀浄水場系）。図は「主な給水区域」であり町丁目単位の断定ではない。純度 90%（判定に使った画素 1691）。位置合わせ IoU 0.863（4パラメータ）
TRACE_YOK:14111078002,14111078002,FAC_YOK_KOSUZUME,1.0,medium,2026-04-01,,DOC_YOK_SUISHITSU_R8,令和8年度水質検査計画 p11「各水源の主な給水区域」図からのラスタ読み取り。馬入川系統（小雀浄水場系）。図は「主な給水区域」であり町丁目単位の断定ではない。純度 100%（判定に使った画素 1441）。位置合わせ IoU 0.863（4パラメータ）
TRACE_YOK:14111078003,14111078003,FAC_YOK_KOSUZUME,1.0,medium,2026-04-01,,DOC_YOK_SUISHITSU_R8,令和8年度水質検査計画 p11「各水源の主な給水区域」図からのラスタ読み取り。馬入川系統（小雀浄水場系）。図は「主な給水区域」であり町丁目単位の断定ではない。純度 100%（判定に使った画素 2739）。位置合わせ IoU 0.863（4パラメータ）
TRACE_YOK:14111078004,14111078004,FAC_YOK_KOSUZUME,1.0,medium,2026-04-01,,DOC_YOK_SUISHITSU_R8,令和8年度水質検査計画 p11「各水源の主な給水区域」図からのラスタ読み取り。馬入川系統（小雀浄水場系）。図は「主な給水区域」であり町丁目単位の断定ではない。純度 100%（判定に使った画素 1381）。位置合わせ IoU 0.863（4パラメータ）
TRACE_YOK:14111078005,14111078005,FAC_YOK_KOSUZUME,1.0,medium,2026-04-01,,DOC_YOK_SUISHITSU_R8,令和8年度水質検査計画 p11「各水源の主な給水区域」図からのラスタ読み取り。馬入川系統（小雀浄水場系）。図は「主な給水区域」であり町丁目単位の断定ではない。純度 99%（判定に使った画素 2275）。位置合わせ IoU 0.863（4パラメータ）
TRACE_YOK:14112002001,14112002001,FAC_YOK_KOSUZUME,1.0,low,2026-04-01,,DOC_YOK_SUISHITSU_R8,令和8年度水質検査計画 p11「各水源の主な給水区域」図からのラスタ読み取り。馬入川系統（小雀浄水場系）。図は「主な給水区域」であり町丁目単位の断定ではない。純度 56%（判定に使った画素 3445）。位置合わせ IoU 0.863（4パラメータ）
TRACE_YOK:14112002002,14112002002,FAC_YOK_KAWAI,1.0,medium,2026-04-01,,DOC_YOK_SUISHITSU_R8,令和8年度水質検査計画 p11「各水源の主な給水区域」図からのラスタ読み取り。道志川系統（川井浄水場系）。図は「主な給水区域」であり町丁目単位の断定ではない。純度 97%（判定に使った画素 3155）。位置合わせ IoU 0.863（4パラメータ）
TRACE_YOK:141120040,141120040,FAC_YOK_KAWAI,1.0,low,2026-04-01,,DOC_YOK_SUISHITSU_R8,令和8年度水質検査計画 p11「各水源の主な給水区域」図からのラスタ読み取り。道志川系統（川井浄水場系）。図は「主な給水区域」であり町丁目単位の断定ではない。純度 65%（判定に使った画素 4683）。位置合わせ IoU 0.863（4パラメータ）
TRACE_YOK:14112005001,14112005001,FAC_KGD_NISHINAGASAWA,1.0,low,2026-04-01,,DOC_YOK_SUISHITSU_R8,令和8年度水質検査計画 p11「各水源の主な給水区域」図からのラスタ読み取り。企業団酒匂川系統（西長沢・相模原浄水場系）。図は「主な給水区域」であり町丁目単位の断定ではない。純度 78%（判定に使った画素 2519）。位置合わせ IoU 0.863（4パラメータ）。図では西長沢浄水場系と相模原浄水場系が同じ色で区別できないため供給水量の大きい西長沢に寄せている（企業団の1日平均供給水量 R7年度 西長沢 467486 ㎥ / 相模原 248448 ㎥）
TRACE_YOK:14112005002,14112005002,FAC_KGD_NISHINAGASAWA,1.0,medium,2026-04-01,,DOC_YOK_SUISHITSU_R8,令和8年度水質検査計画 p11「各水源の主な給水区域」図からのラスタ読み取り。企業団酒匂川系統（西長沢・相模原浄水場系）。図は「主な給水区域」であり町丁目単位の断定ではない。純度 98%（判定に使った画素 4232）。位置合わせ IoU 0.863（4パラメータ）。図では西長沢浄水場系と相模原浄水場系が同じ色で区別できないため供給水量の大きい西長沢に寄せている（企業団の1日平均供給水量 R7年度 西長沢 467486 ㎥ / 相模原 248448 ㎥）
TRACE_YOK:14112006001,14112006001,FAC_KGD_NISHINAGASAWA,1.0,medium,2026-04-01,,DOC_YOK_SUISHITSU_R8,令和8年度水質検査計画 p11「各水源の主な給水区域」図からのラスタ読み取り。企業団酒匂川系統（西長沢・相模原浄水場系）。図は「主な給水区域」であり町丁目単位の断定ではない。純度 95%（判定に使った画素 910）。位置合わせ IoU 0.863（4パラメータ）。図では西長沢浄水場系と相模原浄水場系が同じ色で区別できないため供給水量の大きい西長沢に寄せている（企業団の1日平均供給水量 R7年度 西長沢 467486 ㎥ / 相模原 248448 ㎥）
TRACE_YOK:14112006002,14112006002,FAC_KGD_NISHINAGASAWA,1.0,low,2026-04-01,,DOC_YOK_SUISHITSU_R8,令和8年度水質検査計画 p11「各水源の主な給水区域」図からのラスタ読み取り。企業団酒匂川系統（西長沢・相模原浄水場系）。図は「主な給水区域」であり町丁目単位の断定ではない。純度 81%（判定に使った画素 1368）。位置合わせ IoU 0.863（4パラメータ）。図では西長沢浄水場系と相模原浄水場系が同じ色で区別できないため供給水量の大きい西長沢に寄せている（企業団の1日平均供給水量 R7年度 西長沢 467486 ㎥ / 相模原 248448 ㎥）
TRACE_YOK:141120070,141120070,FAC_KGD_NISHINAGASAWA,1.0,medium,2026-04-01,,DOC_YOK_SUISHITSU_R8,令和8年度水質検査計画 p11「各水源の主な給水区域」図からのラスタ読み取り。企業団酒匂川系統（西長沢・相模原浄水場系）。図は「主な給水区域」であり町丁目単位の断定ではない。純度 99%（判定に使った画素 1813）。位置合わせ IoU 0.863（4パラメータ）。図では西長沢浄水場系と相模原浄水場系が同じ色で区別できないため供給水量の大きい西長沢に寄せている（企業団の1日平均供給水量 R7年度 西長沢 467486 ㎥ / 相模原 248448 ㎥）
TRACE_YOK:141120080,141120080,FAC_KGD_NISHINAGASAWA,1.0,low,2026-04-01,,DOC_YOK_SUISHITSU_R8,令和8年度水質検査計画 p11「各水源の主な給水区域」図からのラスタ読み取り。企業団酒匂川系統（西長沢・相模原浄水場系）。図は「主な給水区域」であり町丁目単位の断定ではない。純度 88%（判定に使った画素 1439）。位置合わせ IoU 0.863（4パラメータ）。図では西長沢浄水場系と相模原浄水場系が同じ色で区別できないため供給水量の大きい西長沢に寄せている（企業団の1日平均供給水量 R7年度 西長沢 467486 ㎥ / 相模原 248448 ㎥）
TRACE_YOK:141120090,141120090,FAC_YOK_KAWAI,1.0,medium,2026-04-01,,DOC_YOK_SUISHITSU_R8,令和8年度水質検査計画 p11「各水源の主な給水区域」図からのラスタ読み取り。道志川系統（川井浄水場系）。図は「主な給水区域」であり町丁目単位の断定ではない。純度 98%（判定に使った画素 1710）。位置合わせ IoU 0.863（4パラメータ）
TRACE_YOK:14112010001,14112010001,FAC_YOK_KAWAI,1.0,medium,2026-04-01,,DOC_YOK_SUISHITSU_R8,令和8年度水質検査計画 p11「各水源の主な給水区域」図からのラスタ読み取り。道志川系統（川井浄水場系）。図は「主な給水区域」であり町丁目単位の断定ではない。純度 98%（判定に使った画素 1081）。位置合わせ IoU 0.863（4パラメータ）
TRACE_YOK:14112010002,14112010002,FAC_YOK_KAWAI,1.0,medium,2026-04-01,,DOC_YOK_SUISHITSU_R8,令和8年度水質検査計画 p11「各水源の主な給水区域」図からのラスタ読み取り。道志川系統（川井浄水場系）。図は「主な給水区域」であり町丁目単位の断定ではない。純度 99%（判定に使った画素 3015）。位置合わせ IoU 0.863（4パラメータ）
TRACE_YOK:14112010003,14112010003,FAC_YOK_KAWAI,1.0,medium,2026-04-01,,DOC_YOK_SUISHITSU_R8,令和8年度水質検査計画 p11「各水源の主な給水区域」図からのラスタ読み取り。道志川系統（川井浄水場系）。図は「主な給水区域」であり町丁目単位の断定ではない。純度 100%（判定に使った画素 1758）。位置合わせ IoU 0.863（4パラメータ）
TRACE_YOK:14112010004,14112010004,FAC_YOK_KAWAI,1.0,medium,2026-04-01,,DOC_YOK_SUISHITSU_R8,令和8年度水質検査計画 p11「各水源の主な給水区域」図からのラスタ読み取り。道志川系統（川井浄水場系）。図は「主な給水区域」であり町丁目単位の断定ではない。純度 100%（判定に使った画素 1442）。位置合わせ IoU 0.863（4パラメータ）
TRACE_YOK:14112010005,14112010005,FAC_YOK_KAWAI,1.0,medium,2026-04-01,,DOC_YOK_SUISHITSU_R8,令和8年度水質検査計画 p11「各水源の主な給水区域」図からのラスタ読み取り。道志川系統（川井浄水場系）。図は「主な給水区域」であり町丁目単位の断定ではない。純度 100%（判定に使った画素 2136）。位置合わせ IoU 0.863（4パラメータ）
TRACE_YOK:14112010006,14112010006,FAC_YOK_KAWAI,1.0,medium,2026-04-01,,DOC_YOK_SUISHITSU_R8,令和8年度水質検査計画 p11「各水源の主な給水区域」図からのラスタ読み取り。道志川系統（川井浄水場系）。図は「主な給水区域」であり町丁目単位の断定ではない。純度 100%（判定に使った画素 2112）。位置合わせ IoU 0.863（4パラメータ）
TRACE_YOK:14112010007,14112010007,FAC_YOK_KAWAI,1.0,medium,2026-04-01,,DOC_YOK_SUISHITSU_R8,令和8年度水質検査計画 p11「各水源の主な給水区域」図からのラスタ読み取り。道志川系統（川井浄水場系）。図は「主な給水区域」であり町丁目単位の断定ではない。純度 100%（判定に使った画素 2240）。位置合わせ IoU 0.863（4パラメータ）
TRACE_YOK:14112010008,14112010008,FAC_YOK_KAWAI,1.0,medium,2026-04-01,,DOC_YOK_SUISHITSU_R8,令和8年度水質検査計画 p11「各水源の主な給水区域」図からのラスタ読み取り。道志川系統（川井浄水場系）。図は「主な給水区域」であり町丁目単位の断定ではない。純度 100%（判定に使った画素 1500）。位置合わせ IoU 0.863（4パラメータ）
TRACE_YOK:14112018001,14112018001,FAC_YOK_KAWAI,1.0,medium,2026-04-01,,DOC_YOK_SUISHITSU_R8,令和8年度水質検査計画 p11「各水源の主な給水区域」図からのラスタ読み取り。道志川系統（川井浄水場系）。図は「主な給水区域」であり町丁目単位の断定ではない。純度 98%（判定に使った画素 14530）。位置合わせ IoU 0.863（4パラメータ）
TRACE_YOK:14112018002,14112018002,FAC_YOK_KAWAI,1.0,medium,2026-04-01,,DOC_YOK_SUISHITSU_R8,令和8年度水質検査計画 p11「各水源の主な給水区域」図からのラスタ読み取り。道志川系統（川井浄水場系）。図は「主な給水区域」であり町丁目単位の断定ではない。純度 100%（判定に使った画素 2876）。位置合わせ IoU 0.863（4パラメータ）
TRACE_YOK:14112019001,14112019001,FAC_YOK_KAWAI,1.0,medium,2026-04-01,,DOC_YOK_SUISHITSU_R8,令和8年度水質検査計画 p11「各水源の主な給水区域」図からのラスタ読み取り。道志川系統（川井浄水場系）。図は「主な給水区域」であり町丁目単位の断定ではない。純度 100%（判定に使った画素 1529）。位置合わせ IoU 0.863（4パラメータ）
TRACE_YOK:14112019002,14112019002,FAC_YOK_KAWAI,1.0,medium,2026-04-01,,DOC_YOK_SUISHITSU_R8,令和8年度水質検査計画 p11「各水源の主な給水区域」図からのラスタ読み取り。道志川系統（川井浄水場系）。図は「主な給水区域」であり町丁目単位の断定ではない。純度 100%（判定に使った画素 3166）。位置合わせ IoU 0.863（4パラメータ）
TRACE_YOK:14112019003,14112019003,FAC_YOK_KAWAI,1.0,medium,2026-04-01,,DOC_YOK_SUISHITSU_R8,令和8年度水質検査計画 p11「各水源の主な給水区域」図からのラスタ読み取り。道志川系統（川井浄水場系）。図は「主な給水区域」であり町丁目単位の断定ではない。純度 100%（判定に使った画素 2162）。位置合わせ IoU 0.863（4パラメータ）
TRACE_YOK:14112022001,14112022001,FAC_YOK_KAWAI,1.0,medium,2026-04-01,,DOC_YOK_SUISHITSU_R8,令和8年度水質検査計画 p11「各水源の主な給水区域」図からのラスタ読み取り。道志川系統（川井浄水場系）。図は「主な給水区域」であり町丁目単位の断定ではない。純度 100%（判定に使った画素 1653）。位置合わせ IoU 0.863（4パラメータ）
TRACE_YOK:14112022002,14112022002,FAC_YOK_KAWAI,1.0,medium,2026-04-01,,DOC_YOK_SUISHITSU_R8,令和8年度水質検査計画 p11「各水源の主な給水区域」図からのラスタ読み取り。道志川系統（川井浄水場系）。図は「主な給水区域」であり町丁目単位の断定ではない。純度 100%（判定に使った画素 2410）。位置合わせ IoU 0.863（4パラメータ）
TRACE_YOK:14112022003,14112022003,FAC_YOK_KAWAI,1.0,medium,2026-04-01,,DOC_YOK_SUISHITSU_R8,令和8年度水質検査計画 p11「各水源の主な給水区域」図からのラスタ読み取り。道志川系統（川井浄水場系）。図は「主な給水区域」であり町丁目単位の断定ではない。純度 100%（判定に使った画素 1587）。位置合わせ IoU 0.863（4パラメータ）
TRACE_YOK:14112022004,14112022004,FAC_YOK_KAWAI,1.0,medium,2026-04-01,,DOC_YOK_SUISHITSU_R8,令和8年度水質検査計画 p11「各水源の主な給水区域」図からのラスタ読み取り。道志川系統（川井浄水場系）。図は「主な給水区域」であり町丁目単位の断定ではない。純度 100%（判定に使った画素 1687）。位置合わせ IoU 0.863（4パラメータ）
TRACE_YOK:141120260,141120260,FAC_YOK_KOSUZUME,1.0,medium,2026-04-01,,DOC_YOK_SUISHITSU_R8,令和8年度水質検査計画 p11「各水源の主な給水区域」図からのラスタ読み取り。馬入川系統（小雀浄水場系）。図は「主な給水区域」であり町丁目単位の断定ではない。純度 100%（判定に使った画素 1855）。位置合わせ IoU 0.863（4パラメータ）
TRACE_YOK:14112027001,14112027001,FAC_YOK_KAWAI,1.0,low,2026-04-01,,DOC_YOK_SUISHITSU_R8,令和8年度水質検査計画 p11「各水源の主な給水区域」図からのラスタ読み取り。道志川系統（川井浄水場系）。図は「主な給水区域」であり町丁目単位の断定ではない。純度 71%（判定に使った画素 1693）。位置合わせ IoU 0.863（4パラメータ）
TRACE_YOK:14112027002,14112027002,FAC_YOK_KAWAI,1.0,medium,2026-04-01,,DOC_YOK_SUISHITSU_R8,令和8年度水質検査計画 p11「各水源の主な給水区域」図からのラスタ読み取り。道志川系統（川井浄水場系）。図は「主な給水区域」であり町丁目単位の断定ではない。純度 100%（判定に使った画素 2297）。位置合わせ IoU 0.863（4パラメータ）
TRACE_YOK:14112027003,14112027003,FAC_YOK_KAWAI,1.0,medium,2026-04-01,,DOC_YOK_SUISHITSU_R8,令和8年度水質検査計画 p11「各水源の主な給水区域」図からのラスタ読み取り。道志川系統（川井浄水場系）。図は「主な給水区域」であり町丁目単位の断定ではない。純度 100%（判定に使った画素 1078）。位置合わせ IoU 0.863（4パラメータ）
TRACE_YOK:141120280,141120280,FAC_YOK_KAWAI,1.0,low,2026-04-01,,DOC_YOK_SUISHITSU_R8,令和8年度水質検査計画 p11「各水源の主な給水区域」図からのラスタ読み取り。道志川系統（川井浄水場系）。図は「主な給水区域」であり町丁目単位の断定ではない。純度 90%（判定に使った画素 6711）。位置合わせ IoU 0.863（4パラメータ）
TRACE_YOK:141120290,141120290,FAC_YOK_KAWAI,1.0,medium,2026-04-01,,DOC_YOK_SUISHITSU_R8,令和8年度水質検査計画 p11「各水源の主な給水区域」図からのラスタ読み取り。道志川系統（川井浄水場系）。図は「主な給水区域」であり町丁目単位の断定ではない。純度 95%（判定に使った画素 5128）。位置合わせ IoU 0.863（4パラメータ）
TRACE_YOK:141120300,141120300,FAC_YOK_KOSUZUME,1.0,low,2026-04-01,,DOC_YOK_SUISHITSU_R8,令和8年度水質検査計画 p11「各水源の主な給水区域」図からのラスタ読み取り。馬入川系統（小雀浄水場系）。図は「主な給水区域」であり町丁目単位の断定ではない。純度 90%（判定に使った画素 5185）。位置合わせ IoU 0.863（4パラメータ）
TRACE_YOK:141120310,141120310,FAC_YOK_KAWAI,1.0,medium,2026-04-01,,DOC_YOK_SUISHITSU_R8,令和8年度水質検査計画 p11「各水源の主な給水区域」図からのラスタ読み取り。道志川系統（川井浄水場系）。図は「主な給水区域」であり町丁目単位の断定ではない。純度 98%（判定に使った画素 5189）。位置合わせ IoU 0.863（4パラメータ）
TRACE_YOK:141120320,141120320,FAC_YOK_KAWAI,1.0,low,2026-04-01,,DOC_YOK_SUISHITSU_R8,令和8年度水質検査計画 p11「各水源の主な給水区域」図からのラスタ読み取り。道志川系統（川井浄水場系）。図は「主な給水区域」であり町丁目単位の断定ではない。純度 82%（判定に使った画素 4391）。位置合わせ IoU 0.863（4パラメータ）
TRACE_YOK:141120330,141120330,FAC_YOK_KAWAI,1.0,medium,2026-04-01,,DOC_YOK_SUISHITSU_R8,令和8年度水質検査計画 p11「各水源の主な給水区域」図からのラスタ読み取り。道志川系統（川井浄水場系）。図は「主な給水区域」であり町丁目単位の断定ではない。純度 100%（判定に使った画素 5501）。位置合わせ IoU 0.863（4パラメータ）
TRACE_YOK:141120340,141120340,FAC_YOK_KAWAI,1.0,low,2026-04-01,,DOC_YOK_SUISHITSU_R8,令和8年度水質検査計画 p11「各水源の主な給水区域」図からのラスタ読み取り。道志川系統（川井浄水場系）。図は「主な給水区域」であり町丁目単位の断定ではない。純度 85%（判定に使った画素 26722）。位置合わせ IoU 0.863（4パラメータ）
TRACE_YOK:14112035001,14112035001,FAC_YOK_KAWAI,1.0,low,2026-04-01,,DOC_YOK_SUISHITSU_R8,令和8年度水質検査計画 p11「各水源の主な給水区域」図からのラスタ読み取り。道志川系統（川井浄水場系）。図は「主な給水区域」であり町丁目単位の断定ではない。純度 66%（判定に使った画素 493）。位置合わせ IoU 0.863（4パラメータ）
TRACE_YOK:14112035002,14112035002,FAC_YOK_KAWAI,1.0,low,2026-04-01,,DOC_YOK_SUISHITSU_R8,令和8年度水質検査計画 p11「各水源の主な給水区域」図からのラスタ読み取り。道志川系統（川井浄水場系）。図は「主な給水区域」であり町丁目単位の断定ではない。純度 83%（判定に使った画素 1574）。位置合わせ IoU 0.863（4パラメータ）
TRACE_YOK:14112035003,14112035003,FAC_YOK_KAWAI,1.0,low,2026-04-01,,DOC_YOK_SUISHITSU_R8,令和8年度水質検査計画 p11「各水源の主な給水区域」図からのラスタ読み取り。道志川系統（川井浄水場系）。図は「主な給水区域」であり町丁目単位の断定ではない。純度 81%（判定に使った画素 1052）。位置合わせ IoU 0.863（4パラメータ）
TRACE_YOK:14112035004,14112035004,FAC_YOK_KAWAI,1.0,medium,2026-04-01,,DOC_YOK_SUISHITSU_R8,令和8年度水質検査計画 p11「各水源の主な給水区域」図からのラスタ読み取り。道志川系統（川井浄水場系）。図は「主な給水区域」であり町丁目単位の断定ではない。純度 99%（判定に使った画素 2848）。位置合わせ IoU 0.863（4パラメータ）
TRACE_YOK:141120390,141120390,FAC_YOK_KAWAI,1.0,medium,2026-04-01,,DOC_YOK_SUISHITSU_R8,令和8年度水質検査計画 p11「各水源の主な給水区域」図からのラスタ読み取り。道志川系統（川井浄水場系）。図は「主な給水区域」であり町丁目単位の断定ではない。純度 96%（判定に使った画素 10738）。位置合わせ IoU 0.863（4パラメータ）
TRACE_YOK:141120400,141120400,FAC_YOK_KAWAI,1.0,low,2026-04-01,,DOC_YOK_SUISHITSU_R8,令和8年度水質検査計画 p11「各水源の主な給水区域」図からのラスタ読み取り。道志川系統（川井浄水場系）。図は「主な給水区域」であり町丁目単位の断定ではない。純度 56%（判定に使った画素 7588）。位置合わせ IoU 0.863（4パラメータ）
TRACE_YOK:14112041101,14112041101,FAC_YOK_KOSUZUME,1.0,medium,2026-04-01,,DOC_YOK_SUISHITSU_R8,令和8年度水質検査計画 p11「各水源の主な給水区域」図からのラスタ読み取り。馬入川系統（小雀浄水場系）。図は「主な給水区域」であり町丁目単位の断定ではない。純度 100%（判定に使った画素 1228）。位置合わせ IoU 0.863（4パラメータ）
TRACE_YOK:14112041102,14112041102,FAC_YOK_KOSUZUME,1.0,medium,2026-04-01,,DOC_YOK_SUISHITSU_R8,令和8年度水質検査計画 p11「各水源の主な給水区域」図からのラスタ読み取り。馬入川系統（小雀浄水場系）。図は「主な給水区域」であり町丁目単位の断定ではない。純度 100%（判定に使った画素 1219）。位置合わせ IoU 0.863（4パラメータ）
TRACE_YOK:141120412,141120412,FAC_YOK_KOSUZUME,1.0,medium,2026-04-01,,DOC_YOK_SUISHITSU_R8,令和8年度水質検査計画 p11「各水源の主な給水区域」図からのラスタ読み取り。馬入川系統（小雀浄水場系）。図は「主な給水区域」であり町丁目単位の断定ではない。純度 99%（判定に使った画素 2254）。位置合わせ IoU 0.863（4パラメータ）
TRACE_YOK:14112042101,14112042101,FAC_YOK_KOSUZUME,1.0,medium,2026-04-01,,DOC_YOK_SUISHITSU_R8,令和8年度水質検査計画 p11「各水源の主な給水区域」図からのラスタ読み取り。馬入川系統（小雀浄水場系）。図は「主な給水区域」であり町丁目単位の断定ではない。純度 100%（判定に使った画素 1809）。位置合わせ IoU 0.863（4パラメータ）
TRACE_YOK:14112042102,14112042102,FAC_YOK_KOSUZUME,1.0,medium,2026-04-01,,DOC_YOK_SUISHITSU_R8,令和8年度水質検査計画 p11「各水源の主な給水区域」図からのラスタ読み取り。馬入川系統（小雀浄水場系）。図は「主な給水区域」であり町丁目単位の断定ではない。純度 98%（判定に使った画素 1017）。位置合わせ IoU 0.863（4パラメータ）
TRACE_YOK:14112042103,14112042103,FAC_YOK_KOSUZUME,1.0,medium,2026-04-01,,DOC_YOK_SUISHITSU_R8,令和8年度水質検査計画 p11「各水源の主な給水区域」図からのラスタ読み取り。馬入川系統（小雀浄水場系）。図は「主な給水区域」であり町丁目単位の断定ではない。純度 100%（判定に使った画素 1833）。位置合わせ IoU 0.863（4パラメータ）
TRACE_YOK:14112042104,14112042104,FAC_YOK_KOSUZUME,1.0,medium,2026-04-01,,DOC_YOK_SUISHITSU_R8,令和8年度水質検査計画 p11「各水源の主な給水区域」図からのラスタ読み取り。馬入川系統（小雀浄水場系）。図は「主な給水区域」であり町丁目単位の断定ではない。純度 100%（判定に使った画素 2397）。位置合わせ IoU 0.863（4パラメータ）
TRACE_YOK:141120430,141120430,FAC_YOK_KOSUZUME,1.0,low,2026-04-01,,DOC_YOK_SUISHITSU_R8,令和8年度水質検査計画 p11「各水源の主な給水区域」図からのラスタ読み取り。馬入川系統（小雀浄水場系）。図は「主な給水区域」であり町丁目単位の断定ではない。純度 93%（判定に使った画素 4929）。位置合わせ IoU 0.863（4パラメータ）
TRACE_YOK:141120440,141120440,FAC_YOK_KOSUZUME,1.0,low,2026-04-01,,DOC_YOK_SUISHITSU_R8,令和8年度水質検査計画 p11「各水源の主な給水区域」図からのラスタ読み取り。馬入川系統（小雀浄水場系）。図は「主な給水区域」であり町丁目単位の断定ではない。純度 67%（判定に使った画素 3874）。位置合わせ IoU 0.863（4パラメータ）
TRACE_YOK:14112047001,14112047001,FAC_YOK_KOSUZUME,1.0,medium,2026-04-01,,DOC_YOK_SUISHITSU_R8,令和8年度水質検査計画 p11「各水源の主な給水区域」図からのラスタ読み取り。馬入川系統（小雀浄水場系）。図は「主な給水区域」であり町丁目単位の断定ではない。純度 100%（判定に使った画素 3325）。位置合わせ IoU 0.863（4パラメータ）
TRACE_YOK:14112047002,14112047002,FAC_YOK_KOSUZUME,1.0,medium,2026-04-01,,DOC_YOK_SUISHITSU_R8,令和8年度水質検査計画 p11「各水源の主な給水区域」図からのラスタ読み取り。馬入川系統（小雀浄水場系）。図は「主な給水区域」であり町丁目単位の断定ではない。純度 100%（判定に使った画素 3316）。位置合わせ IoU 0.863（4パラメータ）
TRACE_YOK:141120490,141120490,FAC_YOK_KOSUZUME,1.0,medium,2026-04-01,,DOC_YOK_SUISHITSU_R8,令和8年度水質検査計画 p11「各水源の主な給水区域」図からのラスタ読み取り。馬入川系統（小雀浄水場系）。図は「主な給水区域」であり町丁目単位の断定ではない。純度 100%（判定に使った画素 4882）。位置合わせ IoU 0.863（4パラメータ）
TRACE_YOK:141120500,141120500,FAC_YOK_KOSUZUME,1.0,medium,2026-04-01,,DOC_YOK_SUISHITSU_R8,令和8年度水質検査計画 p11「各水源の主な給水区域」図からのラスタ読み取り。馬入川系統（小雀浄水場系）。図は「主な給水区域」であり町丁目単位の断定ではない。純度 100%（判定に使った画素 5416）。位置合わせ IoU 0.863（4パラメータ）
TRACE_YOK:141120510,141120510,FAC_YOK_KOSUZUME,1.0,medium,2026-04-01,,DOC_YOK_SUISHITSU_R8,令和8年度水質検査計画 p11「各水源の主な給水区域」図からのラスタ読み取り。馬入川系統（小雀浄水場系）。図は「主な給水区域」であり町丁目単位の断定ではない。純度 99%（判定に使った画素 6653）。位置合わせ IoU 0.863（4パラメータ）
TRACE_YOK:141120520,141120520,FAC_YOK_KOSUZUME,1.0,medium,2026-04-01,,DOC_YOK_SUISHITSU_R8,令和8年度水質検査計画 p11「各水源の主な給水区域」図からのラスタ読み取り。馬入川系統（小雀浄水場系）。図は「主な給水区域」であり町丁目単位の断定ではない。純度 100%（判定に使った画素 8827）。位置合わせ IoU 0.863（4パラメータ）
TRACE_YOK:141120530,141120530,FAC_YOK_KOSUZUME,1.0,medium,2026-04-01,,DOC_YOK_SUISHITSU_R8,令和8年度水質検査計画 p11「各水源の主な給水区域」図からのラスタ読み取り。馬入川系統（小雀浄水場系）。図は「主な給水区域」であり町丁目単位の断定ではない。純度 100%（判定に使った画素 5163）。位置合わせ IoU 0.863（4パラメータ）
TRACE_YOK:141120540,141120540,FAC_YOK_KOSUZUME,1.0,medium,2026-04-01,,DOC_YOK_SUISHITSU_R8,令和8年度水質検査計画 p11「各水源の主な給水区域」図からのラスタ読み取り。馬入川系統（小雀浄水場系）。図は「主な給水区域」であり町丁目単位の断定ではない。純度 100%（判定に使った画素 4034）。位置合わせ IoU 0.863（4パラメータ）
TRACE_YOK:141120550,141120550,FAC_YOK_KOSUZUME,1.0,medium,2026-04-01,,DOC_YOK_SUISHITSU_R8,令和8年度水質検査計画 p11「各水源の主な給水区域」図からのラスタ読み取り。馬入川系統（小雀浄水場系）。図は「主な給水区域」であり町丁目単位の断定ではない。純度 100%（判定に使った画素 7579）。位置合わせ IoU 0.863（4パラメータ）
TRACE_YOK:14112056001,14112056001,FAC_YOK_KOSUZUME,1.0,medium,2026-04-01,,DOC_YOK_SUISHITSU_R8,令和8年度水質検査計画 p11「各水源の主な給水区域」図からのラスタ読み取り。馬入川系統（小雀浄水場系）。図は「主な給水区域」であり町丁目単位の断定ではない。純度 100%（判定に使った画素 4990）。位置合わせ IoU 0.863（4パラメータ）
TRACE_YOK:14112056002,14112056002,FAC_YOK_KOSUZUME,1.0,medium,2026-04-01,,DOC_YOK_SUISHITSU_R8,令和8年度水質検査計画 p11「各水源の主な給水区域」図からのラスタ読み取り。馬入川系統（小雀浄水場系）。図は「主な給水区域」であり町丁目単位の断定ではない。純度 100%（判定に使った画素 3441）。位置合わせ IoU 0.863（4パラメータ）
TRACE_YOK:14112057001,14112057001,FAC_YOK_KOSUZUME,1.0,medium,2026-04-01,,DOC_YOK_SUISHITSU_R8,令和8年度水質検査計画 p11「各水源の主な給水区域」図からのラスタ読み取り。馬入川系統（小雀浄水場系）。図は「主な給水区域」であり町丁目単位の断定ではない。純度 100%（判定に使った画素 4457）。位置合わせ IoU 0.863（4パラメータ）
TRACE_YOK:14112057002,14112057002,FAC_YOK_KOSUZUME,1.0,medium,2026-04-01,,DOC_YOK_SUISHITSU_R8,令和8年度水質検査計画 p11「各水源の主な給水区域」図からのラスタ読み取り。馬入川系統（小雀浄水場系）。図は「主な給水区域」であり町丁目単位の断定ではない。純度 100%（判定に使った画素 3017）。位置合わせ IoU 0.863（4パラメータ）
TRACE_YOK:141120580,141120580,FAC_YOK_KOSUZUME,1.0,medium,2026-04-01,,DOC_YOK_SUISHITSU_R8,令和8年度水質検査計画 p11「各水源の主な給水区域」図からのラスタ読み取り。馬入川系統（小雀浄水場系）。図は「主な給水区域」であり町丁目単位の断定ではない。純度 100%（判定に使った画素 5126）。位置合わせ IoU 0.863（4パラメータ）
TRACE_YOK:141120590,141120590,FAC_YOK_KOSUZUME,1.0,medium,2026-04-01,,DOC_YOK_SUISHITSU_R8,令和8年度水質検査計画 p11「各水源の主な給水区域」図からのラスタ読み取り。馬入川系統（小雀浄水場系）。図は「主な給水区域」であり町丁目単位の断定ではない。純度 100%（判定に使った画素 5606）。位置合わせ IoU 0.863（4パラメータ）
TRACE_YOK:141120600,141120600,FAC_YOK_KOSUZUME,1.0,low,2026-04-01,,DOC_YOK_SUISHITSU_R8,令和8年度水質検査計画 p11「各水源の主な給水区域」図からのラスタ読み取り。馬入川系統（小雀浄水場系）。図は「主な給水区域」であり町丁目単位の断定ではない。純度 85%（判定に使った画素 4245）。位置合わせ IoU 0.863（4パラメータ）
TRACE_YOK:14112061001,14112061001,FAC_YOK_KOSUZUME,1.0,medium,2026-04-01,,DOC_YOK_SUISHITSU_R8,令和8年度水質検査計画 p11「各水源の主な給水区域」図からのラスタ読み取り。馬入川系統（小雀浄水場系）。図は「主な給水区域」であり町丁目単位の断定ではない。純度 100%（判定に使った画素 1684）。位置合わせ IoU 0.863（4パラメータ）
TRACE_YOK:14112061002,14112061002,FAC_YOK_KOSUZUME,1.0,medium,2026-04-01,,DOC_YOK_SUISHITSU_R8,令和8年度水質検査計画 p11「各水源の主な給水区域」図からのラスタ読み取り。馬入川系統（小雀浄水場系）。図は「主な給水区域」であり町丁目単位の断定ではない。純度 100%（判定に使った画素 1036）。位置合わせ IoU 0.863（4パラメータ）
TRACE_YOK:14112062001,14112062001,FAC_YOK_KOSUZUME,1.0,medium,2026-04-01,,DOC_YOK_SUISHITSU_R8,令和8年度水質検査計画 p11「各水源の主な給水区域」図からのラスタ読み取り。馬入川系統（小雀浄水場系）。図は「主な給水区域」であり町丁目単位の断定ではない。純度 100%（判定に使った画素 3145）。位置合わせ IoU 0.863（4パラメータ）
TRACE_YOK:14112062002,14112062002,FAC_YOK_KOSUZUME,1.0,medium,2026-04-01,,DOC_YOK_SUISHITSU_R8,令和8年度水質検査計画 p11「各水源の主な給水区域」図からのラスタ読み取り。馬入川系統（小雀浄水場系）。図は「主な給水区域」であり町丁目単位の断定ではない。純度 100%（判定に使った画素 1449）。位置合わせ IoU 0.863（4パラメータ）
TRACE_YOK:14112062003,14112062003,FAC_YOK_KOSUZUME,1.0,medium,2026-04-01,,DOC_YOK_SUISHITSU_R8,令和8年度水質検査計画 p11「各水源の主な給水区域」図からのラスタ読み取り。馬入川系統（小雀浄水場系）。図は「主な給水区域」であり町丁目単位の断定ではない。純度 100%（判定に使った画素 854）。位置合わせ IoU 0.863（4パラメータ）
TRACE_YOK:14112063001,14112063001,FAC_YOK_KOSUZUME,1.0,medium,2026-04-01,,DOC_YOK_SUISHITSU_R8,令和8年度水質検査計画 p11「各水源の主な給水区域」図からのラスタ読み取り。馬入川系統（小雀浄水場系）。図は「主な給水区域」であり町丁目単位の断定ではない。純度 100%（判定に使った画素 2572）。位置合わせ IoU 0.863（4パラメータ）
TRACE_YOK:14112063002,14112063002,FAC_YOK_KOSUZUME,1.0,medium,2026-04-01,,DOC_YOK_SUISHITSU_R8,令和8年度水質検査計画 p11「各水源の主な給水区域」図からのラスタ読み取り。馬入川系統（小雀浄水場系）。図は「主な給水区域」であり町丁目単位の断定ではない。純度 100%（判定に使った画素 2119）。位置合わせ IoU 0.863（4パラメータ）
TRACE_YOK:141130040,141130040,FAC_YOK_KAWAI,1.0,medium,2026-04-01,,DOC_YOK_SUISHITSU_R8,令和8年度水質検査計画 p11「各水源の主な給水区域」図からのラスタ読み取り。道志川系統（川井浄水場系）。図は「主な給水区域」であり町丁目単位の断定ではない。純度 96%（判定に使った画素 3997）。位置合わせ IoU 0.863（4パラメータ）
TRACE_YOK:14113005001,14113005001,FAC_YOK_KAWAI,1.0,low,2026-04-01,,DOC_YOK_SUISHITSU_R8,令和8年度水質検査計画 p11「各水源の主な給水区域」図からのラスタ読み取り。道志川系統（川井浄水場系）。図は「主な給水区域」であり町丁目単位の断定ではない。純度 89%（判定に使った画素 828）。位置合わせ IoU 0.863（4パラメータ）
TRACE_YOK:14113005002,14113005002,FAC_YOK_KAWAI,1.0,low,2026-04-01,,DOC_YOK_SUISHITSU_R8,令和8年度水質検査計画 p11「各水源の主な給水区域」図からのラスタ読み取り。道志川系統（川井浄水場系）。図は「主な給水区域」であり町丁目単位の断定ではない。純度 92%（判定に使った画素 835）。位置合わせ IoU 0.863（4パラメータ）
TRACE_YOK:14113005003,14113005003,FAC_YOK_KAWAI,1.0,medium,2026-04-01,,DOC_YOK_SUISHITSU_R8,令和8年度水質検査計画 p11「各水源の主な給水区域」図からのラスタ読み取り。道志川系統（川井浄水場系）。図は「主な給水区域」であり町丁目単位の断定ではない。純度 95%（判定に使った画素 898）。位置合わせ IoU 0.863（4パラメータ）
TRACE_YOK:14113005004,14113005004,FAC_YOK_KAWAI,1.0,medium,2026-04-01,,DOC_YOK_SUISHITSU_R8,令和8年度水質検査計画 p11「各水源の主な給水区域」図からのラスタ読み取り。道志川系統（川井浄水場系）。図は「主な給水区域」であり町丁目単位の断定ではない。純度 96%（判定に使った画素 1574）。位置合わせ IoU 0.863（4パラメータ）
TRACE_YOK:141130090,141130090,FAC_YOK_KAWAI,1.0,low,2026-04-01,,DOC_YOK_SUISHITSU_R8,令和8年度水質検査計画 p11「各水源の主な給水区域」図からのラスタ読み取り。道志川系統（川井浄水場系）。図は「主な給水区域」であり町丁目単位の断定ではない。純度 87%（判定に使った画素 1937）。位置合わせ IoU 0.863（4パラメータ）
TRACE_YOK:14113010001,14113010001,FAC_YOK_KAWAI,1.0,medium,2026-04-01,,DOC_YOK_SUISHITSU_R8,令和8年度水質検査計画 p11「各水源の主な給水区域」図からのラスタ読み取り。道志川系統（川井浄水場系）。図は「主な給水区域」であり町丁目単位の断定ではない。純度 100%（判定に使った画素 1120）。位置合わせ IoU 0.863（4パラメータ）
TRACE_YOK:14113010002,14113010002,FAC_YOK_KAWAI,1.0,medium,2026-04-01,,DOC_YOK_SUISHITSU_R8,令和8年度水質検査計画 p11「各水源の主な給水区域」図からのラスタ読み取り。道志川系統（川井浄水場系）。図は「主な給水区域」であり町丁目単位の断定ではない。純度 100%（判定に使った画素 949）。位置合わせ IoU 0.863（4パラメータ）
TRACE_YOK:14113010003,14113010003,FAC_YOK_KAWAI,1.0,medium,2026-04-01,,DOC_YOK_SUISHITSU_R8,令和8年度水質検査計画 p11「各水源の主な給水区域」図からのラスタ読み取り。道志川系統（川井浄水場系）。図は「主な給水区域」であり町丁目単位の断定ではない。純度 98%（判定に使った画素 1596）。位置合わせ IoU 0.863（4パラメータ）
TRACE_YOK:14113010004,14113010004,FAC_YOK_KAWAI,1.0,medium,2026-04-01,,DOC_YOK_SUISHITSU_R8,令和8年度水質検査計画 p11「各水源の主な給水区域」図からのラスタ読み取り。道志川系統（川井浄水場系）。図は「主な給水区域」であり町丁目単位の断定ではない。純度 100%（判定に使った画素 2323）。位置合わせ IoU 0.863（4パラメータ）
TRACE_YOK:14113010005,14113010005,FAC_YOK_KAWAI,1.0,medium,2026-04-01,,DOC_YOK_SUISHITSU_R8,令和8年度水質検査計画 p11「各水源の主な給水区域」図からのラスタ読み取り。道志川系統（川井浄水場系）。図は「主な給水区域」であり町丁目単位の断定ではない。純度 99%（判定に使った画素 2166）。位置合わせ IoU 0.863（4パラメータ）
TRACE_YOK:14113010006,14113010006,FAC_YOK_KAWAI,1.0,medium,2026-04-01,,DOC_YOK_SUISHITSU_R8,令和8年度水質検査計画 p11「各水源の主な給水区域」図からのラスタ読み取り。道志川系統（川井浄水場系）。図は「主な給水区域」であり町丁目単位の断定ではない。純度 100%（判定に使った画素 1864）。位置合わせ IoU 0.863（4パラメータ）
TRACE_YOK:14113017001,14113017001,FAC_YOK_KAWAI,1.0,medium,2026-04-01,,DOC_YOK_SUISHITSU_R8,令和8年度水質検査計画 p11「各水源の主な給水区域」図からのラスタ読み取り。道志川系統（川井浄水場系）。図は「主な給水区域」であり町丁目単位の断定ではない。純度 100%（判定に使った画素 1785）。位置合わせ IoU 0.863（4パラメータ）
TRACE_YOK:14113017002,14113017002,FAC_YOK_KAWAI,1.0,medium,2026-04-01,,DOC_YOK_SUISHITSU_R8,令和8年度水質検査計画 p11「各水源の主な給水区域」図からのラスタ読み取り。道志川系統（川井浄水場系）。図は「主な給水区域」であり町丁目単位の断定ではない。純度 100%（判定に使った画素 2136）。位置合わせ IoU 0.863（4パラメータ）
TRACE_YOK:14113017003,14113017003,FAC_YOK_KAWAI,1.0,medium,2026-04-01,,DOC_YOK_SUISHITSU_R8,令和8年度水質検査計画 p11「各水源の主な給水区域」図からのラスタ読み取り。道志川系統（川井浄水場系）。図は「主な給水区域」であり町丁目単位の断定ではない。純度 98%（判定に使った画素 1568）。位置合わせ IoU 0.863（4パラメータ）
TRACE_YOK:14113018001,14113018001,FAC_YOK_KAWAI,1.0,medium,2026-04-01,,DOC_YOK_SUISHITSU_R8,令和8年度水質検査計画 p11「各水源の主な給水区域」図からのラスタ読み取り。道志川系統（川井浄水場系）。図は「主な給水区域」であり町丁目単位の断定ではない。純度 97%（判定に使った画素 1383）。位置合わせ IoU 0.863（4パラメータ）
TRACE_YOK:14113018002,14113018002,FAC_YOK_KAWAI,1.0,medium,2026-04-01,,DOC_YOK_SUISHITSU_R8,令和8年度水質検査計画 p11「各水源の主な給水区域」図からのラスタ読み取り。道志川系統（川井浄水場系）。図は「主な給水区域」であり町丁目単位の断定ではない。純度 100%（判定に使った画素 1158）。位置合わせ IoU 0.863（4パラメータ）
TRACE_YOK:14113018003,14113018003,FAC_YOK_KAWAI,1.0,medium,2026-04-01,,DOC_YOK_SUISHITSU_R8,令和8年度水質検査計画 p11「各水源の主な給水区域」図からのラスタ読み取り。道志川系統（川井浄水場系）。図は「主な給水区域」であり町丁目単位の断定ではない。純度 100%（判定に使った画素 1928）。位置合わせ IoU 0.863（4パラメータ）
TRACE_YOK:14113018004,14113018004,FAC_YOK_KAWAI,1.0,medium,2026-04-01,,DOC_YOK_SUISHITSU_R8,令和8年度水質検査計画 p11「各水源の主な給水区域」図からのラスタ読み取り。道志川系統（川井浄水場系）。図は「主な給水区域」であり町丁目単位の断定ではない。純度 100%（判定に使った画素 1838）。位置合わせ IoU 0.863（4パラメータ）
TRACE_YOK:14113018005,14113018005,FAC_YOK_KAWAI,1.0,medium,2026-04-01,,DOC_YOK_SUISHITSU_R8,令和8年度水質検査計画 p11「各水源の主な給水区域」図からのラスタ読み取り。道志川系統（川井浄水場系）。図は「主な給水区域」であり町丁目単位の断定ではない。純度 100%（判定に使った画素 1297）。位置合わせ IoU 0.863（4パラメータ）
TRACE_YOK:14113018006,14113018006,FAC_YOK_KAWAI,1.0,medium,2026-04-01,,DOC_YOK_SUISHITSU_R8,令和8年度水質検査計画 p11「各水源の主な給水区域」図からのラスタ読み取り。道志川系統（川井浄水場系）。図は「主な給水区域」であり町丁目単位の断定ではない。純度 100%（判定に使った画素 1886）。位置合わせ IoU 0.863（4パラメータ）
TRACE_YOK:141130190,141130190,FAC_YOK_KAWAI,1.0,medium,2026-04-01,,DOC_YOK_SUISHITSU_R8,令和8年度水質検査計画 p11「各水源の主な給水区域」図からのラスタ読み取り。道志川系統（川井浄水場系）。図は「主な給水区域」であり町丁目単位の断定ではない。純度 97%（判定に使った画素 11550）。位置合わせ IoU 0.863（4パラメータ）
TRACE_YOK:141130200,141130200,FAC_YOK_KAWAI,1.0,low,2026-04-01,,DOC_YOK_SUISHITSU_R8,令和8年度水質検査計画 p11「各水源の主な給水区域」図からのラスタ読み取り。道志川系統（川井浄水場系）。図は「主な給水区域」であり町丁目単位の断定ではない。純度 89%（判定に使った画素 3999）。位置合わせ IoU 0.863（4パラメータ）
TRACE_YOK:141130210,141130210,FAC_YOK_KAWAI,1.0,low,2026-04-01,,DOC_YOK_SUISHITSU_R8,令和8年度水質検査計画 p11「各水源の主な給水区域」図からのラスタ読み取り。道志川系統（川井浄水場系）。図は「主な給水区域」であり町丁目単位の断定ではない。純度 88%（判定に使った画素 9352）。位置合わせ IoU 0.863（4パラメータ）
TRACE_YOK:141130220,141130220,FAC_YOK_KAWAI,1.0,low,2026-04-01,,DOC_YOK_SUISHITSU_R8,令和8年度水質検査計画 p11「各水源の主な給水区域」図からのラスタ読み取り。道志川系統（川井浄水場系）。図は「主な給水区域」であり町丁目単位の断定ではない。純度 86%（判定に使った画素 17066）。位置合わせ IoU 0.863（4パラメータ）
TRACE_YOK:141130300,141130300,FAC_YOK_KAWAI,1.0,medium,2026-04-01,,DOC_YOK_SUISHITSU_R8,令和8年度水質検査計画 p11「各水源の主な給水区域」図からのラスタ読み取り。道志川系統（川井浄水場系）。図は「主な給水区域」であり町丁目単位の断定ではない。純度 100%（判定に使った画素 5242）。位置合わせ IoU 0.863（4パラメータ）
TRACE_YOK:141130310,141130310,FAC_YOK_KAWAI,1.0,medium,2026-04-01,,DOC_YOK_SUISHITSU_R8,令和8年度水質検査計画 p11「各水源の主な給水区域」図からのラスタ読み取り。道志川系統（川井浄水場系）。図は「主な給水区域」であり町丁目単位の断定ではない。純度 99%（判定に使った画素 5850）。位置合わせ IoU 0.863（4パラメータ）
TRACE_YOK:141130320,141130320,FAC_YOK_KAWAI,1.0,low,2026-04-01,,DOC_YOK_SUISHITSU_R8,令和8年度水質検査計画 p11「各水源の主な給水区域」図からのラスタ読み取り。道志川系統（川井浄水場系）。図は「主な給水区域」であり町丁目単位の断定ではない。純度 92%（判定に使った画素 12427）。位置合わせ IoU 0.863（4パラメータ）
TRACE_YOK:14113033001,14113033001,FAC_YOK_KAWAI,1.0,low,2026-04-01,,DOC_YOK_SUISHITSU_R8,令和8年度水質検査計画 p11「各水源の主な給水区域」図からのラスタ読み取り。道志川系統（川井浄水場系）。図は「主な給水区域」であり町丁目単位の断定ではない。純度 51%（判定に使った画素 857）。位置合わせ IoU 0.863（4パラメータ）
TRACE_YOK:14113033002,14113033002,FAC_YOK_KAWAI,1.0,low,2026-04-01,,DOC_YOK_SUISHITSU_R8,令和8年度水質検査計画 p11「各水源の主な給水区域」図からのラスタ読み取り。道志川系統（川井浄水場系）。図は「主な給水区域」であり町丁目単位の断定ではない。純度 50%（判定に使った画素 730）。位置合わせ IoU 0.863（4パラメータ）
TRACE_YOK:14113033004,14113033004,FAC_YOK_KAWAI,1.0,medium,2026-04-01,,DOC_YOK_SUISHITSU_R8,令和8年度水質検査計画 p11「各水源の主な給水区域」図からのラスタ読み取り。道志川系統（川井浄水場系）。図は「主な給水区域」であり町丁目単位の断定ではない。純度 99%（判定に使った画素 1866）。位置合わせ IoU 0.863（4パラメータ）
TRACE_YOK:14113033005,14113033005,FAC_YOK_KAWAI,1.0,low,2026-04-01,,DOC_YOK_SUISHITSU_R8,令和8年度水質検査計画 p11「各水源の主な給水区域」図からのラスタ読み取り。道志川系統（川井浄水場系）。図は「主な給水区域」であり町丁目単位の断定ではない。純度 79%（判定に使った画素 1399）。位置合わせ IoU 0.863（4パラメータ）
TRACE_YOK:14113033006,14113033006,FAC_YOK_KAWAI,1.0,low,2026-04-01,,DOC_YOK_SUISHITSU_R8,令和8年度水質検査計画 p11「各水源の主な給水区域」図からのラスタ読み取り。道志川系統（川井浄水場系）。図は「主な給水区域」であり町丁目単位の断定ではない。純度 92%（判定に使った画素 1789）。位置合わせ IoU 0.863（4パラメータ）
TRACE_YOK:141130390,141130390,FAC_YOK_KAWAI,1.0,low,2026-04-01,,DOC_YOK_SUISHITSU_R8,令和8年度水質検査計画 p11「各水源の主な給水区域」図からのラスタ読み取り。道志川系統（川井浄水場系）。図は「主な給水区域」であり町丁目単位の断定ではない。純度 93%（判定に使った画素 27231）。位置合わせ IoU 0.863（4パラメータ）
TRACE_YOK:14113040001,14113040001,FAC_YOK_KAWAI,1.0,medium,2026-04-01,,DOC_YOK_SUISHITSU_R8,令和8年度水質検査計画 p11「各水源の主な給水区域」図からのラスタ読み取り。道志川系統（川井浄水場系）。図は「主な給水区域」であり町丁目単位の断定ではない。純度 100%（判定に使った画素 1882）。位置合わせ IoU 0.863（4パラメータ）
TRACE_YOK:14113040002,14113040002,FAC_YOK_KAWAI,1.0,medium,2026-04-01,,DOC_YOK_SUISHITSU_R8,令和8年度水質検査計画 p11「各水源の主な給水区域」図からのラスタ読み取り。道志川系統（川井浄水場系）。図は「主な給水区域」であり町丁目単位の断定ではない。純度 100%（判定に使った画素 2423）。位置合わせ IoU 0.863（4パラメータ）
TRACE_YOK:14113040003,14113040003,FAC_YOK_KAWAI,1.0,medium,2026-04-01,,DOC_YOK_SUISHITSU_R8,令和8年度水質検査計画 p11「各水源の主な給水区域」図からのラスタ読み取り。道志川系統（川井浄水場系）。図は「主な給水区域」であり町丁目単位の断定ではない。純度 100%（判定に使った画素 1502）。位置合わせ IoU 0.863（4パラメータ）
TRACE_YOK:14113040004,14113040004,FAC_YOK_KAWAI,1.0,medium,2026-04-01,,DOC_YOK_SUISHITSU_R8,令和8年度水質検査計画 p11「各水源の主な給水区域」図からのラスタ読み取り。道志川系統（川井浄水場系）。図は「主な給水区域」であり町丁目単位の断定ではない。純度 100%（判定に使った画素 1634）。位置合わせ IoU 0.863（4パラメータ）
TRACE_YOK:14113040005,14113040005,FAC_YOK_KAWAI,1.0,medium,2026-04-01,,DOC_YOK_SUISHITSU_R8,令和8年度水質検査計画 p11「各水源の主な給水区域」図からのラスタ読み取り。道志川系統（川井浄水場系）。図は「主な給水区域」であり町丁目単位の断定ではない。純度 100%（判定に使った画素 1149）。位置合わせ IoU 0.863（4パラメータ）
TRACE_YOK:14113040006,14113040006,FAC_YOK_KAWAI,1.0,medium,2026-04-01,,DOC_YOK_SUISHITSU_R8,令和8年度水質検査計画 p11「各水源の主な給水区域」図からのラスタ読み取り。道志川系統（川井浄水場系）。図は「主な給水区域」であり町丁目単位の断定ではない。純度 100%（判定に使った画素 1349）。位置合わせ IoU 0.863（4パラメータ）
TRACE_YOK:14113040007,14113040007,FAC_YOK_KAWAI,1.0,medium,2026-04-01,,DOC_YOK_SUISHITSU_R8,令和8年度水質検査計画 p11「各水源の主な給水区域」図からのラスタ読み取り。道志川系統（川井浄水場系）。図は「主な給水区域」であり町丁目単位の断定ではない。純度 100%（判定に使った画素 1376）。位置合わせ IoU 0.863（4パラメータ）
TRACE_YOK:141130470,141130470,FAC_YOK_KAWAI,1.0,medium,2026-04-01,,DOC_YOK_SUISHITSU_R8,令和8年度水質検査計画 p11「各水源の主な給水区域」図からのラスタ読み取り。道志川系統（川井浄水場系）。図は「主な給水区域」であり町丁目単位の断定ではない。純度 100%（判定に使った画素 6138）。位置合わせ IoU 0.863（4パラメータ）
TRACE_YOK:141130480,141130480,FAC_YOK_KAWAI,1.0,medium,2026-04-01,,DOC_YOK_SUISHITSU_R8,令和8年度水質検査計画 p11「各水源の主な給水区域」図からのラスタ読み取り。道志川系統（川井浄水場系）。図は「主な給水区域」であり町丁目単位の断定ではない。純度 98%（判定に使った画素 16088）。位置合わせ IoU 0.863（4パラメータ）
TRACE_YOK:141130490,141130490,FAC_YOK_KAWAI,1.0,medium,2026-04-01,,DOC_YOK_SUISHITSU_R8,令和8年度水質検査計画 p11「各水源の主な給水区域」図からのラスタ読み取り。道志川系統（川井浄水場系）。図は「主な給水区域」であり町丁目単位の断定ではない。純度 98%（判定に使った画素 5855）。位置合わせ IoU 0.863（4パラメータ）
TRACE_YOK:14113053001,14113053001,FAC_YOK_KAWAI,1.0,low,2026-04-01,,DOC_YOK_SUISHITSU_R8,令和8年度水質検査計画 p11「各水源の主な給水区域」図からのラスタ読み取り。道志川系統（川井浄水場系）。図は「主な給水区域」であり町丁目単位の断定ではない。純度 68%（判定に使った画素 2536）。位置合わせ IoU 0.863（4パラメータ）
TRACE_YOK:14113053002,14113053002,FAC_YOK_KAWAI,1.0,medium,2026-04-01,,DOC_YOK_SUISHITSU_R8,令和8年度水質検査計画 p11「各水源の主な給水区域」図からのラスタ読み取り。道志川系統（川井浄水場系）。図は「主な給水区域」であり町丁目単位の断定ではない。純度 100%（判定に使った画素 1407）。位置合わせ IoU 0.863（4パラメータ）
TRACE_YOK:14113053003,14113053003,FAC_YOK_KAWAI,1.0,medium,2026-04-01,,DOC_YOK_SUISHITSU_R8,令和8年度水質検査計画 p11「各水源の主な給水区域」図からのラスタ読み取り。道志川系統（川井浄水場系）。図は「主な給水区域」であり町丁目単位の断定ではない。純度 100%（判定に使った画素 1900）。位置合わせ IoU 0.863（4パラメータ）
TRACE_YOK:14113053004,14113053004,FAC_YOK_KAWAI,1.0,medium,2026-04-01,,DOC_YOK_SUISHITSU_R8,令和8年度水質検査計画 p11「各水源の主な給水区域」図からのラスタ読み取り。道志川系統（川井浄水場系）。図は「主な給水区域」であり町丁目単位の断定ではない。純度 100%（判定に使った画素 3393）。位置合わせ IoU 0.863（4パラメータ）
TRACE_YOK:14113053005,14113053005,FAC_YOK_KAWAI,1.0,medium,2026-04-01,,DOC_YOK_SUISHITSU_R8,令和8年度水質検査計画 p11「各水源の主な給水区域」図からのラスタ読み取り。道志川系統（川井浄水場系）。図は「主な給水区域」であり町丁目単位の断定ではない。純度 99%（判定に使った画素 1702）。位置合わせ IoU 0.863（4パラメータ）
TRACE_YOK:14113053006,14113053006,FAC_YOK_KAWAI,1.0,medium,2026-04-01,,DOC_YOK_SUISHITSU_R8,令和8年度水質検査計画 p11「各水源の主な給水区域」図からのラスタ読み取り。道志川系統（川井浄水場系）。図は「主な給水区域」であり町丁目単位の断定ではない。純度 96%（判定に使った画素 1186）。位置合わせ IoU 0.863（4パラメータ）
TRACE_YOK:14113053007,14113053007,FAC_YOK_KAWAI,1.0,low,2026-04-01,,DOC_YOK_SUISHITSU_R8,令和8年度水質検査計画 p11「各水源の主な給水区域」図からのラスタ読み取り。道志川系統（川井浄水場系）。図は「主な給水区域」であり町丁目単位の断定ではない。純度 90%（判定に使った画素 1359）。位置合わせ IoU 0.863（4パラメータ）
TRACE_YOK:141130540,141130540,FAC_YOK_KAWAI,1.0,low,2026-04-01,,DOC_YOK_SUISHITSU_R8,令和8年度水質検査計画 p11「各水源の主な給水区域」図からのラスタ読み取り。道志川系統（川井浄水場系）。図は「主な給水区域」であり町丁目単位の断定ではない。純度 84%（判定に使った画素 951）。位置合わせ IoU 0.863（4パラメータ）
TRACE_YOK:14113055001,14113055001,FAC_YOK_KAWAI,1.0,low,2026-04-01,,DOC_YOK_SUISHITSU_R8,令和8年度水質検査計画 p11「各水源の主な給水区域」図からのラスタ読み取り。道志川系統（川井浄水場系）。図は「主な給水区域」であり町丁目単位の断定ではない。純度 84%（判定に使った画素 1784）。位置合わせ IoU 0.863（4パラメータ）
TRACE_YOK:14113055002,14113055002,FAC_YOK_KAWAI,1.0,low,2026-04-01,,DOC_YOK_SUISHITSU_R8,令和8年度水質検査計画 p11「各水源の主な給水区域」図からのラスタ読み取り。道志川系統（川井浄水場系）。図は「主な給水区域」であり町丁目単位の断定ではない。純度 71%（判定に使った画素 821）。位置合わせ IoU 0.863（4パラメータ）
TRACE_YOK:14113055003,14113055003,FAC_YOK_KAWAI,1.0,low,2026-04-01,,DOC_YOK_SUISHITSU_R8,令和8年度水質検査計画 p11「各水源の主な給水区域」図からのラスタ読み取り。道志川系統（川井浄水場系）。図は「主な給水区域」であり町丁目単位の断定ではない。純度 56%（判定に使った画素 1190）。位置合わせ IoU 0.863（4パラメータ）
TRACE_YOK:14113055005,14113055005,FAC_YOK_KAWAI,1.0,low,2026-04-01,,DOC_YOK_SUISHITSU_R8,令和8年度水質検査計画 p11「各水源の主な給水区域」図からのラスタ読み取り。道志川系統（川井浄水場系）。図は「主な給水区域」であり町丁目単位の断定ではない。純度 84%（判定に使った画素 1654）。位置合わせ IoU 0.863（4パラメータ）
TRACE_YOK:14113055006,14113055006,FAC_YOK_KAWAI,1.0,low,2026-04-01,,DOC_YOK_SUISHITSU_R8,令和8年度水質検査計画 p11「各水源の主な給水区域」図からのラスタ読み取り。道志川系統（川井浄水場系）。図は「主な給水区域」であり町丁目単位の断定ではない。純度 77%（判定に使った画素 901）。位置合わせ IoU 0.863（4パラメータ）
TRACE_YOK:14113055007,14113055007,FAC_YOK_KAWAI,1.0,medium,2026-04-01,,DOC_YOK_SUISHITSU_R8,令和8年度水質検査計画 p11「各水源の主な給水区域」図からのラスタ読み取り。道志川系統（川井浄水場系）。図は「主な給水区域」であり町丁目単位の断定ではない。純度 100%（判定に使った画素 1679）。位置合わせ IoU 0.863（4パラメータ）
TRACE_YOK:14113147001,14113147001,FAC_YOK_KAWAI,1.0,medium,2026-04-01,,DOC_YOK_SUISHITSU_R8,令和8年度水質検査計画 p11「各水源の主な給水区域」図からのラスタ読み取り。道志川系統（川井浄水場系）。図は「主な給水区域」であり町丁目単位の断定ではない。純度 99%（判定に使った画素 3360）。位置合わせ IoU 0.863（4パラメータ）
TRACE_YOK:14113147002,14113147002,FAC_YOK_KAWAI,1.0,medium,2026-04-01,,DOC_YOK_SUISHITSU_R8,令和8年度水質検査計画 p11「各水源の主な給水区域」図からのラスタ読み取り。道志川系統（川井浄水場系）。図は「主な給水区域」であり町丁目単位の断定ではない。純度 100%（判定に使った画素 2598）。位置合わせ IoU 0.863（4パラメータ）
TRACE_YOK:14113147003,14113147003,FAC_YOK_KAWAI,1.0,medium,2026-04-01,,DOC_YOK_SUISHITSU_R8,令和8年度水質検査計画 p11「各水源の主な給水区域」図からのラスタ読み取り。道志川系統（川井浄水場系）。図は「主な給水区域」であり町丁目単位の断定ではない。純度 100%（判定に使った画素 1606）。位置合わせ IoU 0.863（4パラメータ）
TRACE_YOK:14113147004,14113147004,FAC_YOK_KAWAI,1.0,medium,2026-04-01,,DOC_YOK_SUISHITSU_R8,令和8年度水質検査計画 p11「各水源の主な給水区域」図からのラスタ読み取り。道志川系統（川井浄水場系）。図は「主な給水区域」であり町丁目単位の断定ではない。純度 97%（判定に使った画素 3137）。位置合わせ IoU 0.863（4パラメータ）
TRACE_YOK:141140010,141140010,FAC_YOK_KAWAI,1.0,medium,2026-04-01,,DOC_YOK_SUISHITSU_R8,令和8年度水質検査計画 p11「各水源の主な給水区域」図からのラスタ読み取り。道志川系統（川井浄水場系）。図は「主な給水区域」であり町丁目単位の断定ではない。純度 97%（判定に使った画素 20425）。位置合わせ IoU 0.863（4パラメータ）
TRACE_YOK:14114002001,14114002001,FAC_YOK_KAWAI,1.0,low,2026-04-01,,DOC_YOK_SUISHITSU_R8,令和8年度水質検査計画 p11「各水源の主な給水区域」図からのラスタ読み取り。道志川系統（川井浄水場系）。図は「主な給水区域」であり町丁目単位の断定ではない。純度 86%（判定に使った画素 811）。位置合わせ IoU 0.863（4パラメータ）
TRACE_YOK:14114002002,14114002002,FAC_YOK_KAWAI,1.0,medium,2026-04-01,,DOC_YOK_SUISHITSU_R8,令和8年度水質検査計画 p11「各水源の主な給水区域」図からのラスタ読み取り。道志川系統（川井浄水場系）。図は「主な給水区域」であり町丁目単位の断定ではない。純度 100%（判定に使った画素 1649）。位置合わせ IoU 0.863（4パラメータ）
TRACE_YOK:14114002003,14114002003,FAC_YOK_KAWAI,1.0,low,2026-04-01,,DOC_YOK_SUISHITSU_R8,令和8年度水質検査計画 p11「各水源の主な給水区域」図からのラスタ読み取り。道志川系統（川井浄水場系）。図は「主な給水区域」であり町丁目単位の断定ではない。純度 93%（判定に使った画素 875）。位置合わせ IoU 0.863（4パラメータ）
TRACE_YOK:14114002004,14114002004,FAC_YOK_KAWAI,1.0,low,2026-04-01,,DOC_YOK_SUISHITSU_R8,令和8年度水質検査計画 p11「各水源の主な給水区域」図からのラスタ読み取り。道志川系統（川井浄水場系）。図は「主な給水区域」であり町丁目単位の断定ではない。純度 85%（判定に使った画素 1710）。位置合わせ IoU 0.863（4パラメータ）
TRACE_YOK:14114002005,14114002005,FAC_YOK_KAWAI,1.0,low,2026-04-01,,DOC_YOK_SUISHITSU_R8,令和8年度水質検査計画 p11「各水源の主な給水区域」図からのラスタ読み取り。道志川系統（川井浄水場系）。図は「主な給水区域」であり町丁目単位の断定ではない。純度 85%（判定に使った画素 1385）。位置合わせ IoU 0.863（4パラメータ）
TRACE_YOK:14114002006,14114002006,FAC_YOK_KAWAI,1.0,low,2026-04-01,,DOC_YOK_SUISHITSU_R8,令和8年度水質検査計画 p11「各水源の主な給水区域」図からのラスタ読み取り。道志川系統（川井浄水場系）。図は「主な給水区域」であり町丁目単位の断定ではない。純度 72%（判定に使った画素 634）。位置合わせ IoU 0.863（4パラメータ）
TRACE_YOK:14114008101,14114008101,FAC_YOK_KAWAI,1.0,low,2026-04-01,,DOC_YOK_SUISHITSU_R8,令和8年度水質検査計画 p11「各水源の主な給水区域」図からのラスタ読み取り。道志川系統（川井浄水場系）。図は「主な給水区域」であり町丁目単位の断定ではない。純度 86%（判定に使った画素 2451）。位置合わせ IoU 0.863（4パラメータ）
TRACE_YOK:14114008102,14114008102,FAC_YOK_KAWAI,1.0,medium,2026-04-01,,DOC_YOK_SUISHITSU_R8,令和8年度水質検査計画 p11「各水源の主な給水区域」図からのラスタ読み取り。道志川系統（川井浄水場系）。図は「主な給水区域」であり町丁目単位の断定ではない。純度 100%（判定に使った画素 3124）。位置合わせ IoU 0.863（4パラメータ）
TRACE_YOK:14114008103,14114008103,FAC_YOK_KAWAI,1.0,medium,2026-04-01,,DOC_YOK_SUISHITSU_R8,令和8年度水質検査計画 p11「各水源の主な給水区域」図からのラスタ読み取り。道志川系統（川井浄水場系）。図は「主な給水区域」であり町丁目単位の断定ではない。純度 100%（判定に使った画素 3392）。位置合わせ IoU 0.863（4パラメータ）
TRACE_YOK:14114008104,14114008104,FAC_YOK_KAWAI,1.0,medium,2026-04-01,,DOC_YOK_SUISHITSU_R8,令和8年度水質検査計画 p11「各水源の主な給水区域」図からのラスタ読み取り。道志川系統（川井浄水場系）。図は「主な給水区域」であり町丁目単位の断定ではない。純度 97%（判定に使った画素 2987）。位置合わせ IoU 0.863（4パラメータ）
TRACE_YOK:141140090,141140090,FAC_YOK_KOSUZUME,1.0,low,2026-04-01,,DOC_YOK_SUISHITSU_R8,令和8年度水質検査計画 p11「各水源の主な給水区域」図からのラスタ読み取り。馬入川系統（小雀浄水場系）。図は「主な給水区域」であり町丁目単位の断定ではない。純度 58%（判定に使った画素 6975）。位置合わせ IoU 0.863（4パラメータ）
TRACE_YOK:14114010000,14114010000,FAC_YOK_KOSUZUME,1.0,medium,2026-04-01,,DOC_YOK_SUISHITSU_R8,令和8年度水質検査計画 p11「各水源の主な給水区域」図からのラスタ読み取り。馬入川系統（小雀浄水場系）。図は「主な給水区域」であり町丁目単位の断定ではない。純度 99%（判定に使った画素 6261）。位置合わせ IoU 0.863（4パラメータ）
TRACE_YOK:14114010001,14114010001,FAC_YOK_KOSUZUME,1.0,medium,2026-04-01,,DOC_YOK_SUISHITSU_R8,令和8年度水質検査計画 p11「各水源の主な給水区域」図からのラスタ読み取り。馬入川系統（小雀浄水場系）。図は「主な給水区域」であり町丁目単位の断定ではない。純度 100%（判定に使った画素 133）。位置合わせ IoU 0.863（4パラメータ）
TRACE_YOK:14114011101,14114011101,FAC_YOK_KOSUZUME,1.0,low,2026-04-01,,DOC_YOK_SUISHITSU_R8,令和8年度水質検査計画 p11「各水源の主な給水区域」図からのラスタ読み取り。馬入川系統（小雀浄水場系）。図は「主な給水区域」であり町丁目単位の断定ではない。純度 77%（判定に使った画素 2014）。位置合わせ IoU 0.863（4パラメータ）
TRACE_YOK:14114011102,14114011102,FAC_YOK_KAWAI,1.0,low,2026-04-01,,DOC_YOK_SUISHITSU_R8,令和8年度水質検査計画 p11「各水源の主な給水区域」図からのラスタ読み取り。道志川系統（川井浄水場系）。図は「主な給水区域」であり町丁目単位の断定ではない。純度 68%（判定に使った画素 2161）。位置合わせ IoU 0.863（4パラメータ）
TRACE_YOK:14114011103,14114011103,FAC_YOK_KOSUZUME,1.0,low,2026-04-01,,DOC_YOK_SUISHITSU_R8,令和8年度水質検査計画 p11「各水源の主な給水区域」図からのラスタ読み取り。馬入川系統（小雀浄水場系）。図は「主な給水区域」であり町丁目単位の断定ではない。純度 90%（判定に使った画素 1573）。位置合わせ IoU 0.863（4パラメータ）
TRACE_YOK:14114011104,14114011104,FAC_YOK_KAWAI,1.0,low,2026-04-01,,DOC_YOK_SUISHITSU_R8,令和8年度水質検査計画 p11「各水源の主な給水区域」図からのラスタ読み取り。道志川系統（川井浄水場系）。図は「主な給水区域」であり町丁目単位の断定ではない。純度 86%（判定に使った画素 1033）。位置合わせ IoU 0.863（4パラメータ）
TRACE_YOK:14114011301,14114011301,FAC_YOK_KAWAI,1.0,low,2026-04-01,,DOC_YOK_SUISHITSU_R8,令和8年度水質検査計画 p11「各水源の主な給水区域」図からのラスタ読み取り。道志川系統（川井浄水場系）。図は「主な給水区域」であり町丁目単位の断定ではない。純度 85%（判定に使った画素 1818）。位置合わせ IoU 0.863（4パラメータ）
TRACE_YOK:14114011302,14114011302,FAC_YOK_KAWAI,1.0,medium,2026-04-01,,DOC_YOK_SUISHITSU_R8,令和8年度水質検査計画 p11「各水源の主な給水区域」図からのラスタ読み取り。道志川系統（川井浄水場系）。図は「主な給水区域」であり町丁目単位の断定ではない。純度 100%（判定に使った画素 2049）。位置合わせ IoU 0.863（4パラメータ）
TRACE_YOK:14114011303,14114011303,FAC_YOK_KAWAI,1.0,medium,2026-04-01,,DOC_YOK_SUISHITSU_R8,令和8年度水質検査計画 p11「各水源の主な給水区域」図からのラスタ読み取り。道志川系統（川井浄水場系）。図は「主な給水区域」であり町丁目単位の断定ではない。純度 100%（判定に使った画素 2394）。位置合わせ IoU 0.863（4パラメータ）
TRACE_YOK:14114011304,14114011304,FAC_YOK_KAWAI,1.0,low,2026-04-01,,DOC_YOK_SUISHITSU_R8,令和8年度水質検査計画 p11「各水源の主な給水区域」図からのラスタ読み取り。道志川系統（川井浄水場系）。図は「主な給水区域」であり町丁目単位の断定ではない。純度 94%（判定に使った画素 2729）。位置合わせ IoU 0.863（4パラメータ）
TRACE_YOK:14114011401,14114011401,FAC_YOK_KOSUZUME,1.0,medium,2026-04-01,,DOC_YOK_SUISHITSU_R8,令和8年度水質検査計画 p11「各水源の主な給水区域」図からのラスタ読み取り。馬入川系統（小雀浄水場系）。図は「主な給水区域」であり町丁目単位の断定ではない。純度 99%（判定に使った画素 2799）。位置合わせ IoU 0.863（4パラメータ）
TRACE_YOK:14114011402,14114011402,FAC_YOK_KOSUZUME,1.0,medium,2026-04-01,,DOC_YOK_SUISHITSU_R8,令和8年度水質検査計画 p11「各水源の主な給水区域」図からのラスタ読み取り。馬入川系統（小雀浄水場系）。図は「主な給水区域」であり町丁目単位の断定ではない。純度 97%（判定に使った画素 1522）。位置合わせ IoU 0.863（4パラメータ）
TRACE_YOK:14114011403,14114011403,FAC_YOK_KOSUZUME,1.0,medium,2026-04-01,,DOC_YOK_SUISHITSU_R8,令和8年度水質検査計画 p11「各水源の主な給水区域」図からのラスタ読み取り。馬入川系統（小雀浄水場系）。図は「主な給水区域」であり町丁目単位の断定ではない。純度 96%（判定に使った画素 2323）。位置合わせ IoU 0.863（4パラメータ）
TRACE_YOK:14114011404,14114011404,FAC_YOK_KAWAI,1.0,low,2026-04-01,,DOC_YOK_SUISHITSU_R8,令和8年度水質検査計画 p11「各水源の主な給水区域」図からのラスタ読み取り。道志川系統（川井浄水場系）。図は「主な給水区域」であり町丁目単位の断定ではない。純度 55%（判定に使った画素 4122）。位置合わせ IoU 0.863（4パラメータ）
TRACE_YOK:141140120,141140120,FAC_YOK_KAWAI,1.0,medium,2026-04-01,,DOC_YOK_SUISHITSU_R8,令和8年度水質検査計画 p11「各水源の主な給水区域」図からのラスタ読み取り。道志川系統（川井浄水場系）。図は「主な給水区域」であり町丁目単位の断定ではない。純度 100%（判定に使った画素 4411）。位置合わせ IoU 0.863（4パラメータ）
TRACE_YOK:141140130,141140130,FAC_YOK_KAWAI,1.0,medium,2026-04-01,,DOC_YOK_SUISHITSU_R8,令和8年度水質検査計画 p11「各水源の主な給水区域」図からのラスタ読み取り。道志川系統（川井浄水場系）。図は「主な給水区域」であり町丁目単位の断定ではない。純度 99%（判定に使った画素 2805）。位置合わせ IoU 0.863（4パラメータ）
TRACE_YOK:141140140,141140140,FAC_YOK_KAWAI,1.0,low,2026-04-01,,DOC_YOK_SUISHITSU_R8,令和8年度水質検査計画 p11「各水源の主な給水区域」図からのラスタ読み取り。道志川系統（川井浄水場系）。図は「主な給水区域」であり町丁目単位の断定ではない。純度 85%（判定に使った画素 2679）。位置合わせ IoU 0.863（4パラメータ）
TRACE_YOK:141140150,141140150,FAC_YOK_KAWAI,1.0,medium,2026-04-01,,DOC_YOK_SUISHITSU_R8,令和8年度水質検査計画 p11「各水源の主な給水区域」図からのラスタ読み取り。道志川系統（川井浄水場系）。図は「主な給水区域」であり町丁目単位の断定ではない。純度 97%（判定に使った画素 2858）。位置合わせ IoU 0.863（4パラメータ）
TRACE_YOK:141140160,141140160,FAC_YOK_KAWAI,1.0,low,2026-04-01,,DOC_YOK_SUISHITSU_R8,令和8年度水質検査計画 p11「各水源の主な給水区域」図からのラスタ読み取り。道志川系統（川井浄水場系）。図は「主な給水区域」であり町丁目単位の断定ではない。純度 92%（判定に使った画素 1691）。位置合わせ IoU 0.863（4パラメータ）
TRACE_YOK:14114017001,14114017001,FAC_YOK_KAWAI,1.0,low,2026-04-01,,DOC_YOK_SUISHITSU_R8,令和8年度水質検査計画 p11「各水源の主な給水区域」図からのラスタ読み取り。道志川系統（川井浄水場系）。図は「主な給水区域」であり町丁目単位の断定ではない。純度 88%（判定に使った画素 1901）。位置合わせ IoU 0.863（4パラメータ）
TRACE_YOK:14114017002,14114017002,FAC_YOK_KAWAI,1.0,low,2026-04-01,,DOC_YOK_SUISHITSU_R8,令和8年度水質検査計画 p11「各水源の主な給水区域」図からのラスタ読み取り。道志川系統（川井浄水場系）。図は「主な給水区域」であり町丁目単位の断定ではない。純度 68%（判定に使った画素 786）。位置合わせ IoU 0.863（4パラメータ）
TRACE_YOK:14114017003,14114017003,FAC_YOK_KAWAI,1.0,low,2026-04-01,,DOC_YOK_SUISHITSU_R8,令和8年度水質検査計画 p11「各水源の主な給水区域」図からのラスタ読み取り。道志川系統（川井浄水場系）。図は「主な給水区域」であり町丁目単位の断定ではない。純度 77%（判定に使った画素 402）。位置合わせ IoU 0.863（4パラメータ）
TRACE_YOK:14114020001,14114020001,FAC_YOK_KAWAI,1.0,low,2026-04-01,,DOC_YOK_SUISHITSU_R8,令和8年度水質検査計画 p11「各水源の主な給水区域」図からのラスタ読み取り。道志川系統（川井浄水場系）。図は「主な給水区域」であり町丁目単位の断定ではない。純度 90%（判定に使った画素 2931）。位置合わせ IoU 0.863（4パラメータ）
TRACE_YOK:14114020002,14114020002,FAC_YOK_KAWAI,1.0,medium,2026-04-01,,DOC_YOK_SUISHITSU_R8,令和8年度水質検査計画 p11「各水源の主な給水区域」図からのラスタ読み取り。道志川系統（川井浄水場系）。図は「主な給水区域」であり町丁目単位の断定ではない。純度 100%（判定に使った画素 2931）。位置合わせ IoU 0.863（4パラメータ）
TRACE_YOK:14114020003,14114020003,FAC_YOK_KAWAI,1.0,medium,2026-04-01,,DOC_YOK_SUISHITSU_R8,令和8年度水質検査計画 p11「各水源の主な給水区域」図からのラスタ読み取り。道志川系統（川井浄水場系）。図は「主な給水区域」であり町丁目単位の断定ではない。純度 96%（判定に使った画素 2450）。位置合わせ IoU 0.863（4パラメータ）
TRACE_YOK:14114020004,14114020004,FAC_YOK_KAWAI,1.0,medium,2026-04-01,,DOC_YOK_SUISHITSU_R8,令和8年度水質検査計画 p11「各水源の主な給水区域」図からのラスタ読み取り。道志川系統（川井浄水場系）。図は「主な給水区域」であり町丁目単位の断定ではない。純度 97%（判定に使った画素 751）。位置合わせ IoU 0.863（4パラメータ）
TRACE_YOK:141140240,141140240,FAC_YOK_KAWAI,1.0,medium,2026-04-01,,DOC_YOK_SUISHITSU_R8,令和8年度水質検査計画 p11「各水源の主な給水区域」図からのラスタ読み取り。道志川系統（川井浄水場系）。図は「主な給水区域」であり町丁目単位の断定ではない。純度 97%（判定に使った画素 1993）。位置合わせ IoU 0.863（4パラメータ）
TRACE_YOK:14114025001,14114025001,FAC_YOK_KAWAI,1.0,medium,2026-04-01,,DOC_YOK_SUISHITSU_R8,令和8年度水質検査計画 p11「各水源の主な給水区域」図からのラスタ読み取り。道志川系統（川井浄水場系）。図は「主な給水区域」であり町丁目単位の断定ではない。純度 99%（判定に使った画素 2314）。位置合わせ IoU 0.863（4パラメータ）
TRACE_YOK:14114025002,14114025002,FAC_YOK_KAWAI,1.0,medium,2026-04-01,,DOC_YOK_SUISHITSU_R8,令和8年度水質検査計画 p11「各水源の主な給水区域」図からのラスタ読み取り。道志川系統（川井浄水場系）。図は「主な給水区域」であり町丁目単位の断定ではない。純度 96%（判定に使った画素 1891）。位置合わせ IoU 0.863（4パラメータ）
TRACE_YOK:141140270,141140270,FAC_YOK_KAWAI,1.0,low,2026-04-01,,DOC_YOK_SUISHITSU_R8,令和8年度水質検査計画 p11「各水源の主な給水区域」図からのラスタ読み取り。道志川系統（川井浄水場系）。図は「主な給水区域」であり町丁目単位の断定ではない。純度 94%（判定に使った画素 1726）。位置合わせ IoU 0.863（4パラメータ）
TRACE_YOK:14114028001,14114028001,FAC_YOK_KAWAI,1.0,low,2026-04-01,,DOC_YOK_SUISHITSU_R8,令和8年度水質検査計画 p11「各水源の主な給水区域」図からのラスタ読み取り。道志川系統（川井浄水場系）。図は「主な給水区域」であり町丁目単位の断定ではない。純度 79%（判定に使った画素 1495）。位置合わせ IoU 0.863（4パラメータ）
TRACE_YOK:14114028002,14114028002,FAC_YOK_KAWAI,1.0,medium,2026-04-01,,DOC_YOK_SUISHITSU_R8,令和8年度水質検査計画 p11「各水源の主な給水区域」図からのラスタ読み取り。道志川系統（川井浄水場系）。図は「主な給水区域」であり町丁目単位の断定ではない。純度 100%（判定に使った画素 2293）。位置合わせ IoU 0.863（4パラメータ）
TRACE_YOK:14114030001,14114030001,FAC_YOK_KAWAI,1.0,low,2026-04-01,,DOC_YOK_SUISHITSU_R8,令和8年度水質検査計画 p11「各水源の主な給水区域」図からのラスタ読み取り。道志川系統（川井浄水場系）。図は「主な給水区域」であり町丁目単位の断定ではない。純度 88%（判定に使った画素 1372）。位置合わせ IoU 0.863（4パラメータ）
TRACE_YOK:14114030002,14114030002,FAC_YOK_KAWAI,1.0,low,2026-04-01,,DOC_YOK_SUISHITSU_R8,令和8年度水質検査計画 p11「各水源の主な給水区域」図からのラスタ読み取り。道志川系統（川井浄水場系）。図は「主な給水区域」であり町丁目単位の断定ではない。純度 89%（判定に使った画素 1723）。位置合わせ IoU 0.863（4パラメータ）
TRACE_YOK:14114030003,14114030003,FAC_YOK_KAWAI,1.0,low,2026-04-01,,DOC_YOK_SUISHITSU_R8,令和8年度水質検査計画 p11「各水源の主な給水区域」図からのラスタ読み取り。道志川系統（川井浄水場系）。図は「主な給水区域」であり町丁目単位の断定ではない。純度 73%（判定に使った画素 1518）。位置合わせ IoU 0.863（4パラメータ）
TRACE_YOK:14114033001,14114033001,FAC_YOK_KAWAI,1.0,low,2026-04-01,,DOC_YOK_SUISHITSU_R8,令和8年度水質検査計画 p11「各水源の主な給水区域」図からのラスタ読み取り。道志川系統（川井浄水場系）。図は「主な給水区域」であり町丁目単位の断定ではない。純度 65%（判定に使った画素 1372）。位置合わせ IoU 0.863（4パラメータ）
TRACE_YOK:14114033002,14114033002,FAC_KGD_AYASE,1.0,low,2026-04-01,,DOC_YOK_SUISHITSU_R8,令和8年度水質検査計画 p11「各水源の主な給水区域」図からのラスタ読み取り。企業団相模川系統（綾瀬浄水場系）。図は「主な給水区域」であり町丁目単位の断定ではない。純度 60%（判定に使った画素 505）。位置合わせ IoU 0.863（4パラメータ）
TRACE_YOK:14114033003,14114033003,FAC_YOK_KAWAI,1.0,low,2026-04-01,,DOC_YOK_SUISHITSU_R8,令和8年度水質検査計画 p11「各水源の主な給水区域」図からのラスタ読み取り。道志川系統（川井浄水場系）。図は「主な給水区域」であり町丁目単位の断定ではない。純度 54%（判定に使った画素 1433）。位置合わせ IoU 0.863（4パラメータ）
TRACE_YOK:141140360,141140360,FAC_YOK_KAWAI,1.0,low,2026-04-01,,DOC_YOK_SUISHITSU_R8,令和8年度水質検査計画 p11「各水源の主な給水区域」図からのラスタ読み取り。道志川系統（川井浄水場系）。図は「主な給水区域」であり町丁目単位の断定ではない。純度 75%（判定に使った画素 1258）。位置合わせ IoU 0.863（4パラメータ）
TRACE_YOK:14114037001,14114037001,FAC_YOK_KAWAI,1.0,medium,2026-04-01,,DOC_YOK_SUISHITSU_R8,令和8年度水質検査計画 p11「各水源の主な給水区域」図からのラスタ読み取り。道志川系統（川井浄水場系）。図は「主な給水区域」であり町丁目単位の断定ではない。純度 100%（判定に使った画素 1096）。位置合わせ IoU 0.863（4パラメータ）
TRACE_YOK:14114037002,14114037002,FAC_YOK_KAWAI,1.0,medium,2026-04-01,,DOC_YOK_SUISHITSU_R8,令和8年度水質検査計画 p11「各水源の主な給水区域」図からのラスタ読み取り。道志川系統（川井浄水場系）。図は「主な給水区域」であり町丁目単位の断定ではない。純度 100%（判定に使った画素 1478）。位置合わせ IoU 0.863（4パラメータ）
TRACE_YOK:14114037003,14114037003,FAC_YOK_KAWAI,1.0,medium,2026-04-01,,DOC_YOK_SUISHITSU_R8,令和8年度水質検査計画 p11「各水源の主な給水区域」図からのラスタ読み取り。道志川系統（川井浄水場系）。図は「主な給水区域」であり町丁目単位の断定ではない。純度 100%（判定に使った画素 1134）。位置合わせ IoU 0.863（4パラメータ）
TRACE_YOK:14114037004,14114037004,FAC_YOK_KAWAI,1.0,medium,2026-04-01,,DOC_YOK_SUISHITSU_R8,令和8年度水質検査計画 p11「各水源の主な給水区域」図からのラスタ読み取り。道志川系統（川井浄水場系）。図は「主な給水区域」であり町丁目単位の断定ではない。純度 100%（判定に使った画素 1385）。位置合わせ IoU 0.863（4パラメータ）
TRACE_YOK:14114037005,14114037005,FAC_YOK_KAWAI,1.0,medium,2026-04-01,,DOC_YOK_SUISHITSU_R8,令和8年度水質検査計画 p11「各水源の主な給水区域」図からのラスタ読み取り。道志川系統（川井浄水場系）。図は「主な給水区域」であり町丁目単位の断定ではない。純度 96%（判定に使った画素 1179）。位置合わせ IoU 0.863（4パラメータ）
TRACE_YOK:14114037006,14114037006,FAC_YOK_KAWAI,1.0,medium,2026-04-01,,DOC_YOK_SUISHITSU_R8,令和8年度水質検査計画 p11「各水源の主な給水区域」図からのラスタ読み取り。道志川系統（川井浄水場系）。図は「主な給水区域」であり町丁目単位の断定ではない。純度 98%（判定に使った画素 1149）。位置合わせ IoU 0.863（4パラメータ）
TRACE_YOK:14114037007,14114037007,FAC_YOK_KAWAI,1.0,medium,2026-04-01,,DOC_YOK_SUISHITSU_R8,令和8年度水質検査計画 p11「各水源の主な給水区域」図からのラスタ読み取り。道志川系統（川井浄水場系）。図は「主な給水区域」であり町丁目単位の断定ではない。純度 100%（判定に使った画素 1421）。位置合わせ IoU 0.863（4パラメータ）
TRACE_YOK:141140440,141140440,FAC_YOK_KAWAI,1.0,medium,2026-04-01,,DOC_YOK_SUISHITSU_R8,令和8年度水質検査計画 p11「各水源の主な給水区域」図からのラスタ読み取り。道志川系統（川井浄水場系）。図は「主な給水区域」であり町丁目単位の断定ではない。純度 100%（判定に使った画素 1642）。位置合わせ IoU 0.863（4パラメータ）
TRACE_YOK:14115001001,14115001001,FAC_YOK_KOSUZUME,1.0,medium,2026-04-01,,DOC_YOK_SUISHITSU_R8,令和8年度水質検査計画 p11「各水源の主な給水区域」図からのラスタ読み取り。馬入川系統（小雀浄水場系）。図は「主な給水区域」であり町丁目単位の断定ではない。純度 100%（判定に使った画素 4962）。位置合わせ IoU 0.863（4パラメータ）
TRACE_YOK:14115001002,14115001002,FAC_YOK_KOSUZUME,1.0,low,2026-04-01,,DOC_YOK_SUISHITSU_R8,令和8年度水質検査計画 p11「各水源の主な給水区域」図からのラスタ読み取り。馬入川系統（小雀浄水場系）。図は「主な給水区域」であり町丁目単位の断定ではない。純度 82%（判定に使った画素 98）。位置合わせ IoU 0.863（4パラメータ）
TRACE_YOK:14115001003,14115001003,FAC_YOK_KOSUZUME,1.0,low,2026-04-01,,DOC_YOK_SUISHITSU_R8,令和8年度水質検査計画 p11「各水源の主な給水区域」図からのラスタ読み取り。馬入川系統（小雀浄水場系）。図は「主な給水区域」であり町丁目単位の断定ではない。純度 80%（判定に使った画素 21228）。位置合わせ IoU 0.863（4パラメータ）
TRACE_YOK:14115002001,14115002001,FAC_YOK_KOSUZUME,1.0,medium,2026-04-01,,DOC_YOK_SUISHITSU_R8,令和8年度水質検査計画 p11「各水源の主な給水区域」図からのラスタ読み取り。馬入川系統（小雀浄水場系）。図は「主な給水区域」であり町丁目単位の断定ではない。純度 100%（判定に使った画素 4301）。位置合わせ IoU 0.863（4パラメータ）
TRACE_YOK:14115002002,14115002002,FAC_YOK_KOSUZUME,1.0,medium,2026-04-01,,DOC_YOK_SUISHITSU_R8,令和8年度水質検査計画 p11「各水源の主な給水区域」図からのラスタ読み取り。馬入川系統（小雀浄水場系）。図は「主な給水区域」であり町丁目単位の断定ではない。純度 100%（判定に使った画素 252）。位置合わせ IoU 0.863（4パラメータ）
TRACE_YOK:14115002003,14115002003,FAC_YOK_KOSUZUME,1.0,medium,2026-04-01,,DOC_YOK_SUISHITSU_R8,令和8年度水質検査計画 p11「各水源の主な給水区域」図からのラスタ読み取り。馬入川系統（小雀浄水場系）。図は「主な給水区域」であり町丁目単位の断定ではない。純度 100%（判定に使った画素 4087）。位置合わせ IoU 0.863（4パラメータ）
TRACE_YOK:14115002004,14115002004,FAC_YOK_KOSUZUME,1.0,medium,2026-04-01,,DOC_YOK_SUISHITSU_R8,令和8年度水質検査計画 p11「各水源の主な給水区域」図からのラスタ読み取り。馬入川系統（小雀浄水場系）。図は「主な給水区域」であり町丁目単位の断定ではない。純度 100%（判定に使った画素 5250）。位置合わせ IoU 0.863（4パラメータ）
TRACE_YOK:141150030,141150030,FAC_YOK_KOSUZUME,1.0,medium,2026-04-01,,DOC_YOK_SUISHITSU_R8,令和8年度水質検査計画 p11「各水源の主な給水区域」図からのラスタ読み取り。馬入川系統（小雀浄水場系）。図は「主な給水区域」であり町丁目単位の断定ではない。純度 100%（判定に使った画素 1902）。位置合わせ IoU 0.863（4パラメータ）
TRACE_YOK:141150040,141150040,FAC_YOK_KOSUZUME,1.0,medium,2026-04-01,,DOC_YOK_SUISHITSU_R8,令和8年度水質検査計画 p11「各水源の主な給水区域」図からのラスタ読み取り。馬入川系統（小雀浄水場系）。図は「主な給水区域」であり町丁目単位の断定ではない。純度 100%（判定に使った画素 1121）。位置合わせ IoU 0.863（4パラメータ）
TRACE_YOK:14115005101,14115005101,FAC_YOK_KOSUZUME,1.0,medium,2026-04-01,,DOC_YOK_SUISHITSU_R8,令和8年度水質検査計画 p11「各水源の主な給水区域」図からのラスタ読み取り。馬入川系統（小雀浄水場系）。図は「主な給水区域」であり町丁目単位の断定ではない。純度 99%（判定に使った画素 2197）。位置合わせ IoU 0.863（4パラメータ）
TRACE_YOK:14115005102,14115005102,FAC_YOK_KOSUZUME,1.0,medium,2026-04-01,,DOC_YOK_SUISHITSU_R8,令和8年度水質検査計画 p11「各水源の主な給水区域」図からのラスタ読み取り。馬入川系統（小雀浄水場系）。図は「主な給水区域」であり町丁目単位の断定ではない。純度 100%（判定に使った画素 3137）。位置合わせ IoU 0.863（4パラメータ）
TRACE_YOK:14115005103,14115005103,FAC_YOK_KOSUZUME,1.0,medium,2026-04-01,,DOC_YOK_SUISHITSU_R8,令和8年度水質検査計画 p11「各水源の主な給水区域」図からのラスタ読み取り。馬入川系統（小雀浄水場系）。図は「主な給水区域」であり町丁目単位の断定ではない。純度 100%（判定に使った画素 3443）。位置合わせ IoU 0.863（4パラメータ）
TRACE_YOK:14115005104,14115005104,FAC_YOK_KOSUZUME,1.0,medium,2026-04-01,,DOC_YOK_SUISHITSU_R8,令和8年度水質検査計画 p11「各水源の主な給水区域」図からのラスタ読み取り。馬入川系統（小雀浄水場系）。図は「主な給水区域」であり町丁目単位の断定ではない。純度 100%（判定に使った画素 3935）。位置合わせ IoU 0.863（4パラメータ）
TRACE_YOK:14115005201,14115005201,FAC_YOK_KOSUZUME,1.0,medium,2026-04-01,,DOC_YOK_SUISHITSU_R8,令和8年度水質検査計画 p11「各水源の主な給水区域」図からのラスタ読み取り。馬入川系統（小雀浄水場系）。図は「主な給水区域」であり町丁目単位の断定ではない。純度 100%（判定に使った画素 1131）。位置合わせ IoU 0.863（4パラメータ）
TRACE_YOK:14115005202,14115005202,FAC_YOK_KOSUZUME,1.0,medium,2026-04-01,,DOC_YOK_SUISHITSU_R8,令和8年度水質検査計画 p11「各水源の主な給水区域」図からのラスタ読み取り。馬入川系統（小雀浄水場系）。図は「主な給水区域」であり町丁目単位の断定ではない。純度 100%（判定に使った画素 1814）。位置合わせ IoU 0.863（4パラメータ）
TRACE_YOK:141150053,141150053,FAC_YOK_KOSUZUME,1.0,medium,2026-04-01,,DOC_YOK_SUISHITSU_R8,令和8年度水質検査計画 p11「各水源の主な給水区域」図からのラスタ読み取り。馬入川系統（小雀浄水場系）。図は「主な給水区域」であり町丁目単位の断定ではない。純度 100%（判定に使った画素 27）。位置合わせ IoU 0.863（4パラメータ）
TRACE_YOK:141150060,141150060,FAC_YOK_KOSUZUME,1.0,medium,2026-04-01,,DOC_YOK_SUISHITSU_R8,令和8年度水質検査計画 p11「各水源の主な給水区域」図からのラスタ読み取り。馬入川系統（小雀浄水場系）。図は「主な給水区域」であり町丁目単位の断定ではない。純度 100%（判定に使った画素 1663）。位置合わせ IoU 0.863（4パラメータ）
TRACE_YOK:141150070,141150070,FAC_YOK_KOSUZUME,1.0,medium,2026-04-01,,DOC_YOK_SUISHITSU_R8,令和8年度水質検査計画 p11「各水源の主な給水区域」図からのラスタ読み取り。馬入川系統（小雀浄水場系）。図は「主な給水区域」であり町丁目単位の断定ではない。純度 100%（判定に使った画素 151）。位置合わせ IoU 0.863（4パラメータ）
TRACE_YOK:14115007101,14115007101,FAC_YOK_KOSUZUME,1.0,medium,2026-04-01,,DOC_YOK_SUISHITSU_R8,令和8年度水質検査計画 p11「各水源の主な給水区域」図からのラスタ読み取り。馬入川系統（小雀浄水場系）。図は「主な給水区域」であり町丁目単位の断定ではない。純度 100%（判定に使った画素 523）。位置合わせ IoU 0.863（4パラメータ）
TRACE_YOK:14115007102,14115007102,FAC_YOK_KOSUZUME,1.0,medium,2026-04-01,,DOC_YOK_SUISHITSU_R8,令和8年度水質検査計画 p11「各水源の主な給水区域」図からのラスタ読み取り。馬入川系統（小雀浄水場系）。図は「主な給水区域」であり町丁目単位の断定ではない。純度 99%（判定に使った画素 837）。位置合わせ IoU 0.863（4パラメータ）
TRACE_YOK:14115007103,14115007103,FAC_YOK_KOSUZUME,1.0,medium,2026-04-01,,DOC_YOK_SUISHITSU_R8,令和8年度水質検査計画 p11「各水源の主な給水区域」図からのラスタ読み取り。馬入川系統（小雀浄水場系）。図は「主な給水区域」であり町丁目単位の断定ではない。純度 100%（判定に使った画素 3577）。位置合わせ IoU 0.863（4パラメータ）
TRACE_YOK:14115007104,14115007104,FAC_YOK_KOSUZUME,1.0,medium,2026-04-01,,DOC_YOK_SUISHITSU_R8,令和8年度水質検査計画 p11「各水源の主な給水区域」図からのラスタ読み取り。馬入川系統（小雀浄水場系）。図は「主な給水区域」であり町丁目単位の断定ではない。純度 100%（判定に使った画素 1515）。位置合わせ IoU 0.863（4パラメータ）
TRACE_YOK:14115007105,14115007105,FAC_YOK_KOSUZUME,1.0,medium,2026-04-01,,DOC_YOK_SUISHITSU_R8,令和8年度水質検査計画 p11「各水源の主な給水区域」図からのラスタ読み取り。馬入川系統（小雀浄水場系）。図は「主な給水区域」であり町丁目単位の断定ではない。純度 96%（判定に使った画素 280）。位置合わせ IoU 0.863（4パラメータ）
TRACE_YOK:141150080,141150080,FAC_YOK_KOSUZUME,1.0,medium,2026-04-01,,DOC_YOK_SUISHITSU_R8,令和8年度水質検査計画 p11「各水源の主な給水区域」図からのラスタ読み取り。馬入川系統（小雀浄水場系）。図は「主な給水区域」であり町丁目単位の断定ではない。純度 100%（判定に使った画素 2571）。位置合わせ IoU 0.863（4パラメータ）
TRACE_YOK:141150090,141150090,FAC_YOK_KOSUZUME,1.0,medium,2026-04-01,,DOC_YOK_SUISHITSU_R8,令和8年度水質検査計画 p11「各水源の主な給水区域」図からのラスタ読み取り。馬入川系統（小雀浄水場系）。図は「主な給水区域」であり町丁目単位の断定ではない。純度 100%（判定に使った画素 9137）。位置合わせ IoU 0.863（4パラメータ）
TRACE_YOK:141150100,141150100,FAC_YOK_KOSUZUME,1.0,medium,2026-04-01,,DOC_YOK_SUISHITSU_R8,令和8年度水質検査計画 p11「各水源の主な給水区域」図からのラスタ読み取り。馬入川系統（小雀浄水場系）。図は「主な給水区域」であり町丁目単位の断定ではない。純度 98%（判定に使った画素 5343）。位置合わせ IoU 0.863（4パラメータ）
TRACE_YOK:14115011001,14115011001,FAC_YOK_KOSUZUME,1.0,medium,2026-04-01,,DOC_YOK_SUISHITSU_R8,令和8年度水質検査計画 p11「各水源の主な給水区域」図からのラスタ読み取り。馬入川系統（小雀浄水場系）。図は「主な給水区域」であり町丁目単位の断定ではない。純度 100%（判定に使った画素 6523）。位置合わせ IoU 0.863（4パラメータ）
TRACE_YOK:14115011002,14115011002,FAC_YOK_KOSUZUME,1.0,medium,2026-04-01,,DOC_YOK_SUISHITSU_R8,令和8年度水質検査計画 p11「各水源の主な給水区域」図からのラスタ読み取り。馬入川系統（小雀浄水場系）。図は「主な給水区域」であり町丁目単位の断定ではない。純度 100%（判定に使った画素 8268）。位置合わせ IoU 0.863（4パラメータ）
TRACE_YOK:141150120,141150120,FAC_YOK_KOSUZUME,1.0,medium,2026-04-01,,DOC_YOK_SUISHITSU_R8,令和8年度水質検査計画 p11「各水源の主な給水区域」図からのラスタ読み取り。馬入川系統（小雀浄水場系）。図は「主な給水区域」であり町丁目単位の断定ではない。純度 100%（判定に使った画素 5075）。位置合わせ IoU 0.863（4パラメータ）
TRACE_YOK:14115013001,14115013001,FAC_YOK_KOSUZUME,1.0,medium,2026-04-01,,DOC_YOK_SUISHITSU_R8,令和8年度水質検査計画 p11「各水源の主な給水区域」図からのラスタ読み取り。馬入川系統（小雀浄水場系）。図は「主な給水区域」であり町丁目単位の断定ではない。純度 100%（判定に使った画素 1333）。位置合わせ IoU 0.863（4パラメータ）
TRACE_YOK:14115013002,14115013002,FAC_YOK_KOSUZUME,1.0,medium,2026-04-01,,DOC_YOK_SUISHITSU_R8,令和8年度水質検査計画 p11「各水源の主な給水区域」図からのラスタ読み取り。馬入川系統（小雀浄水場系）。図は「主な給水区域」であり町丁目単位の断定ではない。純度 100%（判定に使った画素 1170）。位置合わせ IoU 0.863（4パラメータ）
TRACE_YOK:14115013003,14115013003,FAC_YOK_KOSUZUME,1.0,medium,2026-04-01,,DOC_YOK_SUISHITSU_R8,令和8年度水質検査計画 p11「各水源の主な給水区域」図からのラスタ読み取り。馬入川系統（小雀浄水場系）。図は「主な給水区域」であり町丁目単位の断定ではない。純度 100%（判定に使った画素 1417）。位置合わせ IoU 0.863（4パラメータ）
TRACE_YOK:14115013004,14115013004,FAC_YOK_KOSUZUME,1.0,medium,2026-04-01,,DOC_YOK_SUISHITSU_R8,令和8年度水質検査計画 p11「各水源の主な給水区域」図からのラスタ読み取り。馬入川系統（小雀浄水場系）。図は「主な給水区域」であり町丁目単位の断定ではない。純度 100%（判定に使った画素 1613）。位置合わせ IoU 0.863（4パラメータ）
TRACE_YOK:14115013005,14115013005,FAC_YOK_KOSUZUME,1.0,medium,2026-04-01,,DOC_YOK_SUISHITSU_R8,令和8年度水質検査計画 p11「各水源の主な給水区域」図からのラスタ読み取り。馬入川系統（小雀浄水場系）。図は「主な給水区域」であり町丁目単位の断定ではない。純度 100%（判定に使った画素 1697）。位置合わせ IoU 0.863（4パラメータ）
TRACE_YOK:141150180,141150180,FAC_YOK_KOSUZUME,1.0,medium,2026-04-01,,DOC_YOK_SUISHITSU_R8,令和8年度水質検査計画 p11「各水源の主な給水区域」図からのラスタ読み取り。馬入川系統（小雀浄水場系）。図は「主な給水区域」であり町丁目単位の断定ではない。純度 100%（判定に使った画素 1635）。位置合わせ IoU 0.863（4パラメータ）
TRACE_YOK:14115019001,14115019001,FAC_YOK_KOSUZUME,1.0,medium,2026-04-01,,DOC_YOK_SUISHITSU_R8,令和8年度水質検査計画 p11「各水源の主な給水区域」図からのラスタ読み取り。馬入川系統（小雀浄水場系）。図は「主な給水区域」であり町丁目単位の断定ではない。純度 100%（判定に使った画素 1252）。位置合わせ IoU 0.863（4パラメータ）
TRACE_YOK:14115019002,14115019002,FAC_YOK_KOSUZUME,1.0,medium,2026-04-01,,DOC_YOK_SUISHITSU_R8,令和8年度水質検査計画 p11「各水源の主な給水区域」図からのラスタ読み取り。馬入川系統（小雀浄水場系）。図は「主な給水区域」であり町丁目単位の断定ではない。純度 100%（判定に使った画素 1058）。位置合わせ IoU 0.863（4パラメータ）
TRACE_YOK:14115021001,14115021001,FAC_YOK_KOSUZUME,1.0,medium,2026-04-01,,DOC_YOK_SUISHITSU_R8,令和8年度水質検査計画 p11「各水源の主な給水区域」図からのラスタ読み取り。馬入川系統（小雀浄水場系）。図は「主な給水区域」であり町丁目単位の断定ではない。純度 98%（判定に使った画素 1005）。位置合わせ IoU 0.863（4パラメータ）
TRACE_YOK:14115021002,14115021002,FAC_YOK_KOSUZUME,1.0,low,2026-04-01,,DOC_YOK_SUISHITSU_R8,令和8年度水質検査計画 p11「各水源の主な給水区域」図からのラスタ読み取り。馬入川系統（小雀浄水場系）。図は「主な給水区域」であり町丁目単位の断定ではない。純度 52%（判定に使った画素 240）。位置合わせ IoU 0.863（4パラメータ）
TRACE_YOK:14115021003,14115021003,FAC_YOK_KOSUZUME,1.0,low,2026-04-01,,DOC_YOK_SUISHITSU_R8,令和8年度水質検査計画 p11「各水源の主な給水区域」図からのラスタ読み取り。馬入川系統（小雀浄水場系）。図は「主な給水区域」であり町丁目単位の断定ではない。純度 93%（判定に使った画素 1523）。位置合わせ IoU 0.863（4パラメータ）
TRACE_YOK:14115021004,14115021004,FAC_YOK_KOSUZUME,1.0,medium,2026-04-01,,DOC_YOK_SUISHITSU_R8,令和8年度水質検査計画 p11「各水源の主な給水区域」図からのラスタ読み取り。馬入川系統（小雀浄水場系）。図は「主な給水区域」であり町丁目単位の断定ではない。純度 100%（判定に使った画素 1189）。位置合わせ IoU 0.863（4パラメータ）
TRACE_YOK:14115021005,14115021005,FAC_KGD_AYASE,1.0,low,2026-04-01,,DOC_YOK_SUISHITSU_R8,令和8年度水質検査計画 p11「各水源の主な給水区域」図からのラスタ読み取り。企業団相模川系統（綾瀬浄水場系）。図は「主な給水区域」であり町丁目単位の断定ではない。純度 50%（判定に使った画素 1549）。位置合わせ IoU 0.863（4パラメータ）
TRACE_YOK:141150260,141150260,FAC_KGD_AYASE,1.0,low,2026-04-01,,DOC_YOK_SUISHITSU_R8,令和8年度水質検査計画 p11「各水源の主な給水区域」図からのラスタ読み取り。企業団相模川系統（綾瀬浄水場系）。図は「主な給水区域」であり町丁目単位の断定ではない。純度 58%（判定に使った画素 986）。位置合わせ IoU 0.863（4パラメータ）
TRACE_YOK:141150270,141150270,FAC_YOK_KOSUZUME,1.0,medium,2026-04-01,,DOC_YOK_SUISHITSU_R8,令和8年度水質検査計画 p11「各水源の主な給水区域」図からのラスタ読み取り。馬入川系統（小雀浄水場系）。図は「主な給水区域」であり町丁目単位の断定ではない。純度 100%（判定に使った画素 2218）。位置合わせ IoU 0.863（4パラメータ）
TRACE_YOK:141150280,141150280,FAC_YOK_KOSUZUME,1.0,low,2026-04-01,,DOC_YOK_SUISHITSU_R8,令和8年度水質検査計画 p11「各水源の主な給水区域」図からのラスタ読み取り。馬入川系統（小雀浄水場系）。図は「主な給水区域」であり町丁目単位の断定ではない。純度 83%（判定に使った画素 1311）。位置合わせ IoU 0.863（4パラメータ）
TRACE_YOK:141150290,141150290,FAC_YOK_KOSUZUME,1.0,medium,2026-04-01,,DOC_YOK_SUISHITSU_R8,令和8年度水質検査計画 p11「各水源の主な給水区域」図からのラスタ読み取り。馬入川系統（小雀浄水場系）。図は「主な給水区域」であり町丁目単位の断定ではない。純度 100%（判定に使った画素 1130）。位置合わせ IoU 0.863（4パラメータ）
TRACE_YOK:141150300,141150300,FAC_YOK_KOSUZUME,1.0,low,2026-04-01,,DOC_YOK_SUISHITSU_R8,令和8年度水質検査計画 p11「各水源の主な給水区域」図からのラスタ読み取り。馬入川系統（小雀浄水場系）。図は「主な給水区域」であり町丁目単位の断定ではない。純度 95%（判定に使った画素 1373）。位置合わせ IoU 0.863（4パラメータ）
TRACE_YOK:141150310,141150310,FAC_YOK_KOSUZUME,1.0,medium,2026-04-01,,DOC_YOK_SUISHITSU_R8,令和8年度水質検査計画 p11「各水源の主な給水区域」図からのラスタ読み取り。馬入川系統（小雀浄水場系）。図は「主な給水区域」であり町丁目単位の断定ではない。純度 100%（判定に使った画素 1407）。位置合わせ IoU 0.863（4パラメータ）
TRACE_YOK:14115032001,14115032001,FAC_YOK_KOSUZUME,1.0,medium,2026-04-01,,DOC_YOK_SUISHITSU_R8,令和8年度水質検査計画 p11「各水源の主な給水区域」図からのラスタ読み取り。馬入川系統（小雀浄水場系）。図は「主な給水区域」であり町丁目単位の断定ではない。純度 96%（判定に使った画素 2285）。位置合わせ IoU 0.863（4パラメータ）
TRACE_YOK:14115032002,14115032002,FAC_YOK_KOSUZUME,1.0,low,2026-04-01,,DOC_YOK_SUISHITSU_R8,令和8年度水質検査計画 p11「各水源の主な給水区域」図からのラスタ読み取り。馬入川系統（小雀浄水場系）。図は「主な給水区域」であり町丁目単位の断定ではない。純度 88%（判定に使った画素 963）。位置合わせ IoU 0.863（4パラメータ）
TRACE_YOK:141150340,141150340,FAC_YOK_KOSUZUME,1.0,medium,2026-04-01,,DOC_YOK_SUISHITSU_R8,令和8年度水質検査計画 p11「各水源の主な給水区域」図からのラスタ読み取り。馬入川系統（小雀浄水場系）。図は「主な給水区域」であり町丁目単位の断定ではない。純度 100%（判定に使った画素 559）。位置合わせ IoU 0.863（4パラメータ）
TRACE_YOK:14115035001,14115035001,FAC_YOK_KOSUZUME,1.0,medium,2026-04-01,,DOC_YOK_SUISHITSU_R8,令和8年度水質検査計画 p11「各水源の主な給水区域」図からのラスタ読み取り。馬入川系統（小雀浄水場系）。図は「主な給水区域」であり町丁目単位の断定ではない。純度 100%（判定に使った画素 1615）。位置合わせ IoU 0.863（4パラメータ）
TRACE_YOK:14115035002,14115035002,FAC_YOK_KOSUZUME,1.0,medium,2026-04-01,,DOC_YOK_SUISHITSU_R8,令和8年度水質検査計画 p11「各水源の主な給水区域」図からのラスタ読み取り。馬入川系統（小雀浄水場系）。図は「主な給水区域」であり町丁目単位の断定ではない。純度 100%（判定に使った画素 2474）。位置合わせ IoU 0.863（4パラメータ）
TRACE_YOK:141150360,141150360,FAC_YOK_KOSUZUME,1.0,medium,2026-04-01,,DOC_YOK_SUISHITSU_R8,令和8年度水質検査計画 p11「各水源の主な給水区域」図からのラスタ読み取り。馬入川系統（小雀浄水場系）。図は「主な給水区域」であり町丁目単位の断定ではない。純度 96%（判定に使った画素 632）。位置合わせ IoU 0.863（4パラメータ）
TRACE_YOK:141150370,141150370,FAC_YOK_KOSUZUME,1.0,medium,2026-04-01,,DOC_YOK_SUISHITSU_R8,令和8年度水質検査計画 p11「各水源の主な給水区域」図からのラスタ読み取り。馬入川系統（小雀浄水場系）。図は「主な給水区域」であり町丁目単位の断定ではない。純度 95%（判定に使った画素 594）。位置合わせ IoU 0.863（4パラメータ）
TRACE_YOK:14115038001,14115038001,FAC_YOK_KOSUZUME,1.0,medium,2026-04-01,,DOC_YOK_SUISHITSU_R8,令和8年度水質検査計画 p11「各水源の主な給水区域」図からのラスタ読み取り。馬入川系統（小雀浄水場系）。図は「主な給水区域」であり町丁目単位の断定ではない。純度 100%（判定に使った画素 1503）。位置合わせ IoU 0.863（4パラメータ）
TRACE_YOK:14115038002,14115038002,FAC_YOK_KOSUZUME,1.0,medium,2026-04-01,,DOC_YOK_SUISHITSU_R8,令和8年度水質検査計画 p11「各水源の主な給水区域」図からのラスタ読み取り。馬入川系統（小雀浄水場系）。図は「主な給水区域」であり町丁目単位の断定ではない。純度 99%（判定に使った画素 1210）。位置合わせ IoU 0.863（4パラメータ）
TRACE_YOK:141150390,141150390,FAC_YOK_KOSUZUME,1.0,medium,2026-04-01,,DOC_YOK_SUISHITSU_R8,令和8年度水質検査計画 p11「各水源の主な給水区域」図からのラスタ読み取り。馬入川系統（小雀浄水場系）。図は「主な給水区域」であり町丁目単位の断定ではない。純度 96%（判定に使った画素 740）。位置合わせ IoU 0.863（4パラメータ）
TRACE_YOK:14115040001,14115040001,FAC_YOK_KOSUZUME,1.0,medium,2026-04-01,,DOC_YOK_SUISHITSU_R8,令和8年度水質検査計画 p11「各水源の主な給水区域」図からのラスタ読み取り。馬入川系統（小雀浄水場系）。図は「主な給水区域」であり町丁目単位の断定ではない。純度 99%（判定に使った画素 1247）。位置合わせ IoU 0.863（4パラメータ）
TRACE_YOK:14115040002,14115040002,FAC_YOK_KOSUZUME,1.0,low,2026-04-01,,DOC_YOK_SUISHITSU_R8,令和8年度水質検査計画 p11「各水源の主な給水区域」図からのラスタ読み取り。馬入川系統（小雀浄水場系）。図は「主な給水区域」であり町丁目単位の断定ではない。純度 91%（判定に使った画素 898）。位置合わせ IoU 0.863（4パラメータ）
TRACE_YOK:14116350000,14116350000,FAC_YOK_KOSUZUME,1.0,medium,2026-04-01,,DOC_YOK_SUISHITSU_R8,令和8年度水質検査計画 p11「各水源の主な給水区域」図からのラスタ読み取り。馬入川系統（小雀浄水場系）。図は「主な給水区域」であり町丁目単位の断定ではない。純度 99%（判定に使った画素 12171）。位置合わせ IoU 0.863（4パラメータ）
TRACE_YOK:14116350001,14116350001,FAC_YOK_KOSUZUME,1.0,medium,2026-04-01,,DOC_YOK_SUISHITSU_R8,令和8年度水質検査計画 p11「各水源の主な給水区域」図からのラスタ読み取り。馬入川系統（小雀浄水場系）。図は「主な給水区域」であり町丁目単位の断定ではない。純度 100%（判定に使った画素 1359）。位置合わせ IoU 0.863（4パラメータ）
TRACE_YOK:14116360000,14116360000,FAC_YOK_KOSUZUME,1.0,medium,2026-04-01,,DOC_YOK_SUISHITSU_R8,令和8年度水質検査計画 p11「各水源の主な給水区域」図からのラスタ読み取り。馬入川系統（小雀浄水場系）。図は「主な給水区域」であり町丁目単位の断定ではない。純度 95%（判定に使った画素 11820）。位置合わせ IoU 0.863（4パラメータ）
TRACE_YOK:14116360001,14116360001,FAC_YOK_KOSUZUME,1.0,low,2026-04-01,,DOC_YOK_SUISHITSU_R8,令和8年度水質検査計画 p11「各水源の主な給水区域」図からのラスタ読み取り。馬入川系統（小雀浄水場系）。図は「主な給水区域」であり町丁目単位の断定ではない。純度 54%（判定に使った画素 76）。位置合わせ IoU 0.863（4パラメータ）
TRACE_YOK:141163690,141163690,FAC_YOK_KOSUZUME,1.0,medium,2026-04-01,,DOC_YOK_SUISHITSU_R8,令和8年度水質検査計画 p11「各水源の主な給水区域」図からのラスタ読み取り。馬入川系統（小雀浄水場系）。図は「主な給水区域」であり町丁目単位の断定ではない。純度 97%（判定に使った画素 3585）。位置合わせ IoU 0.863（4パラメータ）
TRACE_YOK:14116380001,14116380001,FAC_YOK_KOSUZUME,1.0,medium,2026-04-01,,DOC_YOK_SUISHITSU_R8,令和8年度水質検査計画 p11「各水源の主な給水区域」図からのラスタ読み取り。馬入川系統（小雀浄水場系）。図は「主な給水区域」であり町丁目単位の断定ではない。純度 100%（判定に使った画素 4172）。位置合わせ IoU 0.863（4パラメータ）
TRACE_YOK:14116380004,14116380004,FAC_YOK_KOSUZUME,1.0,medium,2026-04-01,,DOC_YOK_SUISHITSU_R8,令和8年度水質検査計画 p11「各水源の主な給水区域」図からのラスタ読み取り。馬入川系統（小雀浄水場系）。図は「主な給水区域」であり町丁目単位の断定ではない。純度 100%（判定に使った画素 1837）。位置合わせ IoU 0.863（4パラメータ）
TRACE_YOK:14116390102,14116390102,FAC_YOK_KAWAI,1.0,low,2026-04-01,,DOC_YOK_SUISHITSU_R8,令和8年度水質検査計画 p11「各水源の主な給水区域」図からのラスタ読み取り。道志川系統（川井浄水場系）。図は「主な給水区域」であり町丁目単位の断定ではない。純度 74%（判定に使った画素 990）。位置合わせ IoU 0.863（4パラメータ）
TRACE_YOK:14116390103,14116390103,FAC_YOK_KOSUZUME,1.0,low,2026-04-01,,DOC_YOK_SUISHITSU_R8,令和8年度水質検査計画 p11「各水源の主な給水区域」図からのラスタ読み取り。馬入川系統（小雀浄水場系）。図は「主な給水区域」であり町丁目単位の断定ではない。純度 64%（判定に使った画素 989）。位置合わせ IoU 0.863（4パラメータ）
TRACE_YOK:14116390104,14116390104,FAC_YOK_KAWAI,1.0,low,2026-04-01,,DOC_YOK_SUISHITSU_R8,令和8年度水質検査計画 p11「各水源の主な給水区域」図からのラスタ読み取り。道志川系統（川井浄水場系）。図は「主な給水区域」であり町丁目単位の断定ではない。純度 78%（判定に使った画素 1309）。位置合わせ IoU 0.863（4パラメータ）
TRACE_YOK:14116390105,14116390105,FAC_YOK_KAWAI,1.0,medium,2026-04-01,,DOC_YOK_SUISHITSU_R8,令和8年度水質検査計画 p11「各水源の主な給水区域」図からのラスタ読み取り。道志川系統（川井浄水場系）。図は「主な給水区域」であり町丁目単位の断定ではない。純度 100%（判定に使った画素 900）。位置合わせ IoU 0.863（4パラメータ）
TRACE_YOK:14116390201,14116390201,FAC_YOK_KAWAI,1.0,low,2026-04-01,,DOC_YOK_SUISHITSU_R8,令和8年度水質検査計画 p11「各水源の主な給水区域」図からのラスタ読み取り。道志川系統（川井浄水場系）。図は「主な給水区域」であり町丁目単位の断定ではない。純度 56%（判定に使った画素 2072）。位置合わせ IoU 0.863（4パラメータ）
TRACE_YOK:14116390202,14116390202,FAC_YOK_KAWAI,1.0,low,2026-04-01,,DOC_YOK_SUISHITSU_R8,令和8年度水質検査計画 p11「各水源の主な給水区域」図からのラスタ読み取り。道志川系統（川井浄水場系）。図は「主な給水区域」であり町丁目単位の断定ではない。純度 52%（判定に使った画素 1577）。位置合わせ IoU 0.863（4パラメータ）
TRACE_YOK:14116390203,14116390203,FAC_YOK_KAWAI,1.0,low,2026-04-01,,DOC_YOK_SUISHITSU_R8,令和8年度水質検査計画 p11「各水源の主な給水区域」図からのラスタ読み取り。道志川系統（川井浄水場系）。図は「主な給水区域」であり町丁目単位の断定ではない。純度 81%（判定に使った画素 1537）。位置合わせ IoU 0.863（4パラメータ）
TRACE_YOK:14116390301,14116390301,FAC_YOK_KOSUZUME,1.0,medium,2026-04-01,,DOC_YOK_SUISHITSU_R8,令和8年度水質検査計画 p11「各水源の主な給水区域」図からのラスタ読み取り。馬入川系統（小雀浄水場系）。図は「主な給水区域」であり町丁目単位の断定ではない。純度 97%（判定に使った画素 1651）。位置合わせ IoU 0.863（4パラメータ）
TRACE_YOK:14116390302,14116390302,FAC_YOK_KOSUZUME,1.0,low,2026-04-01,,DOC_YOK_SUISHITSU_R8,令和8年度水質検査計画 p11「各水源の主な給水区域」図からのラスタ読み取り。馬入川系統（小雀浄水場系）。図は「主な給水区域」であり町丁目単位の断定ではない。純度 66%（判定に使った画素 897）。位置合わせ IoU 0.863（4パラメータ）
TRACE_YOK:14116390303,14116390303,FAC_YOK_KAWAI,1.0,low,2026-04-01,,DOC_YOK_SUISHITSU_R8,令和8年度水質検査計画 p11「各水源の主な給水区域」図からのラスタ読み取り。道志川系統（川井浄水場系）。図は「主な給水区域」であり町丁目単位の断定ではない。純度 54%（判定に使った画素 878）。位置合わせ IoU 0.863（4パラメータ）
TRACE_YOK:14116390304,14116390304,FAC_YOK_KAWAI,1.0,low,2026-04-01,,DOC_YOK_SUISHITSU_R8,令和8年度水質検査計画 p11「各水源の主な給水区域」図からのラスタ読み取り。道志川系統（川井浄水場系）。図は「主な給水区域」であり町丁目単位の断定ではない。純度 78%（判定に使った画素 1359）。位置合わせ IoU 0.863（4パラメータ）
TRACE_YOK:14116390305,14116390305,FAC_YOK_KAWAI,1.0,low,2026-04-01,,DOC_YOK_SUISHITSU_R8,令和8年度水質検査計画 p11「各水源の主な給水区域」図からのラスタ読み取り。道志川系統（川井浄水場系）。図は「主な給水区域」であり町丁目単位の断定ではない。純度 68%（判定に使った画素 1168）。位置合わせ IoU 0.863（4パラメータ）
TRACE_YOK:14116390502,14116390502,FAC_YOK_KOSUZUME,1.0,low,2026-04-01,,DOC_YOK_SUISHITSU_R8,令和8年度水質検査計画 p11「各水源の主な給水区域」図からのラスタ読み取り。馬入川系統（小雀浄水場系）。図は「主な給水区域」であり町丁目単位の断定ではない。純度 55%（判定に使った画素 1925）。位置合わせ IoU 0.863（4パラメータ）
TRACE_YOK:14116390503,14116390503,FAC_YOK_KAWAI,1.0,medium,2026-04-01,,DOC_YOK_SUISHITSU_R8,令和8年度水質検査計画 p11「各水源の主な給水区域」図からのラスタ読み取り。道志川系統（川井浄水場系）。図は「主な給水区域」であり町丁目単位の断定ではない。純度 100%（判定に使った画素 1291）。位置合わせ IoU 0.863（4パラメータ）
TRACE_YOK:14116390504,14116390504,FAC_YOK_KAWAI,1.0,medium,2026-04-01,,DOC_YOK_SUISHITSU_R8,令和8年度水質検査計画 p11「各水源の主な給水区域」図からのラスタ読み取り。道志川系統（川井浄水場系）。図は「主な給水区域」であり町丁目単位の断定ではない。純度 98%（判定に使った画素 1831）。位置合わせ IoU 0.863（4パラメータ）
TRACE_YOK:14116390505,14116390505,FAC_YOK_KAWAI,1.0,medium,2026-04-01,,DOC_YOK_SUISHITSU_R8,令和8年度水質検査計画 p11「各水源の主な給水区域」図からのラスタ読み取り。道志川系統（川井浄水場系）。図は「主な給水区域」であり町丁目単位の断定ではない。純度 100%（判定に使った画素 1713）。位置合わせ IoU 0.863（4パラメータ）
TRACE_YOK:14116390602,14116390602,FAC_YOK_KAWAI,1.0,low,2026-04-01,,DOC_YOK_SUISHITSU_R8,令和8年度水質検査計画 p11「各水源の主な給水区域」図からのラスタ読み取り。道志川系統（川井浄水場系）。図は「主な給水区域」であり町丁目単位の断定ではない。純度 93%（判定に使った画素 8725）。位置合わせ IoU 0.863（4パラメータ）
TRACE_YOK:14116390603,14116390603,FAC_YOK_KAWAI,1.0,low,2026-04-01,,DOC_YOK_SUISHITSU_R8,令和8年度水質検査計画 p11「各水源の主な給水区域」図からのラスタ読み取り。道志川系統（川井浄水場系）。図は「主な給水区域」であり町丁目単位の断定ではない。純度 95%（判定に使った画素 2173）。位置合わせ IoU 0.863（4パラメータ）
TRACE_YOK:14116390604,14116390604,FAC_YOK_KAWAI,1.0,low,2026-04-01,,DOC_YOK_SUISHITSU_R8,令和8年度水質検査計画 p11「各水源の主な給水区域」図からのラスタ読み取り。道志川系統（川井浄水場系）。図は「主な給水区域」であり町丁目単位の断定ではない。純度 73%（判定に使った画素 10785）。位置合わせ IoU 0.863（4パラメータ）
TRACE_YOK:14116390605,14116390605,FAC_YOK_KAWAI,1.0,medium,2026-04-01,,DOC_YOK_SUISHITSU_R8,令和8年度水質検査計画 p11「各水源の主な給水区域」図からのラスタ読み取り。道志川系統（川井浄水場系）。図は「主な給水区域」であり町丁目単位の断定ではない。純度 97%（判定に使った画素 17159）。位置合わせ IoU 0.863（4パラメータ）
TRACE_YOK:141164000,141164000,FAC_YOK_KAWAI,1.0,medium,2026-04-01,,DOC_YOK_SUISHITSU_R8,令和8年度水質検査計画 p11「各水源の主な給水区域」図からのラスタ読み取り。道志川系統（川井浄水場系）。図は「主な給水区域」であり町丁目単位の断定ではない。純度 96%（判定に使った画素 12508）。位置合わせ IoU 0.863（4パラメータ）
TRACE_YOK:14116410001,14116410001,FAC_YOK_KAWAI,1.0,medium,2026-04-01,,DOC_YOK_SUISHITSU_R8,令和8年度水質検査計画 p11「各水源の主な給水区域」図からのラスタ読み取り。道志川系統（川井浄水場系）。図は「主な給水区域」であり町丁目単位の断定ではない。純度 95%（判定に使った画素 3615）。位置合わせ IoU 0.863（4パラメータ）
TRACE_YOK:14116410002,14116410002,FAC_YOK_KAWAI,1.0,medium,2026-04-01,,DOC_YOK_SUISHITSU_R8,令和8年度水質検査計画 p11「各水源の主な給水区域」図からのラスタ読み取り。道志川系統（川井浄水場系）。図は「主な給水区域」であり町丁目単位の断定ではない。純度 98%（判定に使った画素 3992）。位置合わせ IoU 0.863（4パラメータ）
TRACE_YOK:14116410003,14116410003,FAC_YOK_KAWAI,1.0,medium,2026-04-01,,DOC_YOK_SUISHITSU_R8,令和8年度水質検査計画 p11「各水源の主な給水区域」図からのラスタ読み取り。道志川系統（川井浄水場系）。図は「主な給水区域」であり町丁目単位の断定ではない。純度 97%（判定に使った画素 22497）。位置合わせ IoU 0.863（4パラメータ）
TRACE_YOK:141165200,141165200,FAC_YOK_KOSUZUME,1.0,medium,2026-04-01,,DOC_YOK_SUISHITSU_R8,令和8年度水質検査計画 p11「各水源の主な給水区域」図からのラスタ読み取り。馬入川系統（小雀浄水場系）。図は「主な給水区域」であり町丁目単位の断定ではない。純度 100%（判定に使った画素 4036）。位置合わせ IoU 0.863（4パラメータ）
TRACE_YOK:14116531001,14116531001,FAC_YOK_KOSUZUME,1.0,low,2026-04-01,,DOC_YOK_SUISHITSU_R8,令和8年度水質検査計画 p11「各水源の主な給水区域」図からのラスタ読み取り。馬入川系統（小雀浄水場系）。図は「主な給水区域」であり町丁目単位の断定ではない。純度 83%（判定に使った画素 553）。位置合わせ IoU 0.863（4パラメータ）
TRACE_YOK:14116531002,14116531002,FAC_YOK_KOSUZUME,1.0,low,2026-04-01,,DOC_YOK_SUISHITSU_R8,令和8年度水質検査計画 p11「各水源の主な給水区域」図からのラスタ読み取り。馬入川系統（小雀浄水場系）。図は「主な給水区域」であり町丁目単位の断定ではない。純度 86%（判定に使った画素 607）。位置合わせ IoU 0.863（4パラメータ）
TRACE_YOK:14116531003,14116531003,FAC_YOK_KOSUZUME,1.0,medium,2026-04-01,,DOC_YOK_SUISHITSU_R8,令和8年度水質検査計画 p11「各水源の主な給水区域」図からのラスタ読み取り。馬入川系統（小雀浄水場系）。図は「主な給水区域」であり町丁目単位の断定ではない。純度 100%（判定に使った画素 1896）。位置合わせ IoU 0.863（4パラメータ）
TRACE_YOK:14116531004,14116531004,FAC_YOK_KOSUZUME,1.0,medium,2026-04-01,,DOC_YOK_SUISHITSU_R8,令和8年度水質検査計画 p11「各水源の主な給水区域」図からのラスタ読み取り。馬入川系統（小雀浄水場系）。図は「主な給水区域」であり町丁目単位の断定ではない。純度 100%（判定に使った画素 1498）。位置合わせ IoU 0.863（4パラメータ）
TRACE_YOK:14116531005,14116531005,FAC_YOK_KOSUZUME,1.0,medium,2026-04-01,,DOC_YOK_SUISHITSU_R8,令和8年度水質検査計画 p11「各水源の主な給水区域」図からのラスタ読み取り。馬入川系統（小雀浄水場系）。図は「主な給水区域」であり町丁目単位の断定ではない。純度 100%（判定に使った画素 1384）。位置合わせ IoU 0.863（4パラメータ）
TRACE_YOK:14116531006,14116531006,FAC_YOK_KOSUZUME,1.0,medium,2026-04-01,,DOC_YOK_SUISHITSU_R8,令和8年度水質検査計画 p11「各水源の主な給水区域」図からのラスタ読み取り。馬入川系統（小雀浄水場系）。図は「主な給水区域」であり町丁目単位の断定ではない。純度 100%（判定に使った画素 2054）。位置合わせ IoU 0.863（4パラメータ）
TRACE_YOK:14116531007,14116531007,FAC_YOK_KOSUZUME,1.0,medium,2026-04-01,,DOC_YOK_SUISHITSU_R8,令和8年度水質検査計画 p11「各水源の主な給水区域」図からのラスタ読み取り。馬入川系統（小雀浄水場系）。図は「主な給水区域」であり町丁目単位の断定ではない。純度 100%（判定に使った画素 872）。位置合わせ IoU 0.863（4パラメータ）
TRACE_YOK:14116541001,14116541001,FAC_YOK_KOSUZUME,1.0,medium,2026-04-01,,DOC_YOK_SUISHITSU_R8,令和8年度水質検査計画 p11「各水源の主な給水区域」図からのラスタ読み取り。馬入川系統（小雀浄水場系）。図は「主な給水区域」であり町丁目単位の断定ではない。純度 100%（判定に使った画素 883）。位置合わせ IoU 0.863（4パラメータ）
TRACE_YOK:14116541002,14116541002,FAC_YOK_KOSUZUME,1.0,medium,2026-04-01,,DOC_YOK_SUISHITSU_R8,令和8年度水質検査計画 p11「各水源の主な給水区域」図からのラスタ読み取り。馬入川系統（小雀浄水場系）。図は「主な給水区域」であり町丁目単位の断定ではない。純度 100%（判定に使った画素 789）。位置合わせ IoU 0.863（4パラメータ）
TRACE_YOK:14116541003,14116541003,FAC_YOK_KOSUZUME,1.0,medium,2026-04-01,,DOC_YOK_SUISHITSU_R8,令和8年度水質検査計画 p11「各水源の主な給水区域」図からのラスタ読み取り。馬入川系統（小雀浄水場系）。図は「主な給水区域」であり町丁目単位の断定ではない。純度 100%（判定に使った画素 838）。位置合わせ IoU 0.863（4パラメータ）
TRACE_YOK:14116551001,14116551001,FAC_YOK_KOSUZUME,1.0,medium,2026-04-01,,DOC_YOK_SUISHITSU_R8,令和8年度水質検査計画 p11「各水源の主な給水区域」図からのラスタ読み取り。馬入川系統（小雀浄水場系）。図は「主な給水区域」であり町丁目単位の断定ではない。純度 100%（判定に使った画素 1664）。位置合わせ IoU 0.863（4パラメータ）
TRACE_YOK:14116551002,14116551002,FAC_YOK_KOSUZUME,1.0,medium,2026-04-01,,DOC_YOK_SUISHITSU_R8,令和8年度水質検査計画 p11「各水源の主な給水区域」図からのラスタ読み取り。馬入川系統（小雀浄水場系）。図は「主な給水区域」であり町丁目単位の断定ではない。純度 97%（判定に使った画素 377）。位置合わせ IoU 0.863（4パラメータ）
TRACE_YOK:14116551003,14116551003,FAC_YOK_KOSUZUME,1.0,low,2026-04-01,,DOC_YOK_SUISHITSU_R8,令和8年度水質検査計画 p11「各水源の主な給水区域」図からのラスタ読み取り。馬入川系統（小雀浄水場系）。図は「主な給水区域」であり町丁目単位の断定ではない。純度 94%（判定に使った画素 695）。位置合わせ IoU 0.863（4パラメータ）
TRACE_YOK:14116561001,14116561001,FAC_YOK_KOSUZUME,1.0,medium,2026-04-01,,DOC_YOK_SUISHITSU_R8,令和8年度水質検査計画 p11「各水源の主な給水区域」図からのラスタ読み取り。馬入川系統（小雀浄水場系）。図は「主な給水区域」であり町丁目単位の断定ではない。純度 100%（判定に使った画素 845）。位置合わせ IoU 0.863（4パラメータ）
TRACE_YOK:14116561002,14116561002,FAC_YOK_KOSUZUME,1.0,medium,2026-04-01,,DOC_YOK_SUISHITSU_R8,令和8年度水質検査計画 p11「各水源の主な給水区域」図からのラスタ読み取り。馬入川系統（小雀浄水場系）。図は「主な給水区域」であり町丁目単位の断定ではない。純度 100%（判定に使った画素 619）。位置合わせ IoU 0.863（4パラメータ）
TRACE_YOK:14116561003,14116561003,FAC_YOK_KOSUZUME,1.0,medium,2026-04-01,,DOC_YOK_SUISHITSU_R8,令和8年度水質検査計画 p11「各水源の主な給水区域」図からのラスタ読み取り。馬入川系統（小雀浄水場系）。図は「主な給水区域」であり町丁目単位の断定ではない。純度 100%（判定に使った画素 807）。位置合わせ IoU 0.863（4パラメータ）
TRACE_YOK:14116561004,14116561004,FAC_YOK_KOSUZUME,1.0,medium,2026-04-01,,DOC_YOK_SUISHITSU_R8,令和8年度水質検査計画 p11「各水源の主な給水区域」図からのラスタ読み取り。馬入川系統（小雀浄水場系）。図は「主な給水区域」であり町丁目単位の断定ではない。純度 100%（判定に使った画素 860）。位置合わせ IoU 0.863（4パラメータ）
TRACE_YOK:141165700,141165700,FAC_YOK_KOSUZUME,1.0,medium,2026-04-01,,DOC_YOK_SUISHITSU_R8,令和8年度水質検査計画 p11「各水源の主な給水区域」図からのラスタ読み取り。馬入川系統（小雀浄水場系）。図は「主な給水区域」であり町丁目単位の断定ではない。純度 100%（判定に使った画素 813）。位置合わせ IoU 0.863（4パラメータ）
TRACE_YOK:14116581001,14116581001,FAC_YOK_KOSUZUME,1.0,medium,2026-04-01,,DOC_YOK_SUISHITSU_R8,令和8年度水質検査計画 p11「各水源の主な給水区域」図からのラスタ読み取り。馬入川系統（小雀浄水場系）。図は「主な給水区域」であり町丁目単位の断定ではない。純度 100%（判定に使った画素 2718）。位置合わせ IoU 0.863（4パラメータ）
TRACE_YOK:14116581002,14116581002,FAC_YOK_KOSUZUME,1.0,medium,2026-04-01,,DOC_YOK_SUISHITSU_R8,令和8年度水質検査計画 p11「各水源の主な給水区域」図からのラスタ読み取り。馬入川系統（小雀浄水場系）。図は「主な給水区域」であり町丁目単位の断定ではない。純度 100%（判定に使った画素 1545）。位置合わせ IoU 0.863（4パラメータ）
TRACE_YOK:14116581003,14116581003,FAC_YOK_KOSUZUME,1.0,low,2026-04-01,,DOC_YOK_SUISHITSU_R8,令和8年度水質検査計画 p11「各水源の主な給水区域」図からのラスタ読み取り。馬入川系統（小雀浄水場系）。図は「主な給水区域」であり町丁目単位の断定ではない。純度 81%（判定に使った画素 322）。位置合わせ IoU 0.863（4パラメータ）
TRACE_YOK:14116581004,14116581004,FAC_YOK_KOSUZUME,1.0,medium,2026-04-01,,DOC_YOK_SUISHITSU_R8,令和8年度水質検査計画 p11「各水源の主な給水区域」図からのラスタ読み取り。馬入川系統（小雀浄水場系）。図は「主な給水区域」であり町丁目単位の断定ではない。純度 100%（判定に使った画素 2276）。位置合わせ IoU 0.863（4パラメータ）
TRACE_YOK:14116591001,14116591001,FAC_YOK_KOSUZUME,1.0,medium,2026-04-01,,DOC_YOK_SUISHITSU_R8,令和8年度水質検査計画 p11「各水源の主な給水区域」図からのラスタ読み取り。馬入川系統（小雀浄水場系）。図は「主な給水区域」であり町丁目単位の断定ではない。純度 100%（判定に使った画素 1592）。位置合わせ IoU 0.863（4パラメータ）
TRACE_YOK:14116591002,14116591002,FAC_YOK_KOSUZUME,1.0,medium,2026-04-01,,DOC_YOK_SUISHITSU_R8,令和8年度水質検査計画 p11「各水源の主な給水区域」図からのラスタ読み取り。馬入川系統（小雀浄水場系）。図は「主な給水区域」であり町丁目単位の断定ではない。純度 96%（判定に使った画素 1257）。位置合わせ IoU 0.863（4パラメータ）
TRACE_YOK:14116591003,14116591003,FAC_YOK_KOSUZUME,1.0,medium,2026-04-01,,DOC_YOK_SUISHITSU_R8,令和8年度水質検査計画 p11「各水源の主な給水区域」図からのラスタ読み取り。馬入川系統（小雀浄水場系）。図は「主な給水区域」であり町丁目単位の断定ではない。純度 100%（判定に使った画素 2724）。位置合わせ IoU 0.863（4パラメータ）
TRACE_YOK:14116601001,14116601001,FAC_YOK_KOSUZUME,1.0,low,2026-04-01,,DOC_YOK_SUISHITSU_R8,令和8年度水質検査計画 p11「各水源の主な給水区域」図からのラスタ読み取り。馬入川系統（小雀浄水場系）。図は「主な給水区域」であり町丁目単位の断定ではない。純度 92%（判定に使った画素 795）。位置合わせ IoU 0.863（4パラメータ）
TRACE_YOK:14116601002,14116601002,FAC_YOK_KOSUZUME,1.0,low,2026-04-01,,DOC_YOK_SUISHITSU_R8,令和8年度水質検査計画 p11「各水源の主な給水区域」図からのラスタ読み取り。馬入川系統（小雀浄水場系）。図は「主な給水区域」であり町丁目単位の断定ではない。純度 75%（判定に使った画素 506）。位置合わせ IoU 0.863（4パラメータ）
TRACE_YOK:14116601003,14116601003,FAC_YOK_KOSUZUME,1.0,low,2026-04-01,,DOC_YOK_SUISHITSU_R8,令和8年度水質検査計画 p11「各水源の主な給水区域」図からのラスタ読み取り。馬入川系統（小雀浄水場系）。図は「主な給水区域」であり町丁目単位の断定ではない。純度 61%（判定に使った画素 299）。位置合わせ IoU 0.863（4パラメータ）
TRACE_YOK:14116601004,14116601004,FAC_YOK_KOSUZUME,1.0,low,2026-04-01,,DOC_YOK_SUISHITSU_R8,令和8年度水質検査計画 p11「各水源の主な給水区域」図からのラスタ読み取り。馬入川系統（小雀浄水場系）。図は「主な給水区域」であり町丁目単位の断定ではない。純度 93%（判定に使った画素 898）。位置合わせ IoU 0.863（4パラメータ）
TRACE_YOK:14116611001,14116611001,FAC_YOK_KOSUZUME,1.0,medium,2026-04-01,,DOC_YOK_SUISHITSU_R8,令和8年度水質検査計画 p11「各水源の主な給水区域」図からのラスタ読み取り。馬入川系統（小雀浄水場系）。図は「主な給水区域」であり町丁目単位の断定ではない。純度 100%（判定に使った画素 1240）。位置合わせ IoU 0.863（4パラメータ）
TRACE_YOK:14116611002,14116611002,FAC_YOK_KOSUZUME,1.0,medium,2026-04-01,,DOC_YOK_SUISHITSU_R8,令和8年度水質検査計画 p11「各水源の主な給水区域」図からのラスタ読み取り。馬入川系統（小雀浄水場系）。図は「主な給水区域」であり町丁目単位の断定ではない。純度 100%（判定に使った画素 1426）。位置合わせ IoU 0.863（4パラメータ）
TRACE_YOK:14116611003,14116611003,FAC_YOK_KOSUZUME,1.0,medium,2026-04-01,,DOC_YOK_SUISHITSU_R8,令和8年度水質検査計画 p11「各水源の主な給水区域」図からのラスタ読み取り。馬入川系統（小雀浄水場系）。図は「主な給水区域」であり町丁目単位の断定ではない。純度 97%（判定に使った画素 746）。位置合わせ IoU 0.863（4パラメータ）
TRACE_YOK:14116611004,14116611004,FAC_YOK_KOSUZUME,1.0,low,2026-04-01,,DOC_YOK_SUISHITSU_R8,令和8年度水質検査計画 p11「各水源の主な給水区域」図からのラスタ読み取り。馬入川系統（小雀浄水場系）。図は「主な給水区域」であり町丁目単位の断定ではない。純度 79%（判定に使った画素 923）。位置合わせ IoU 0.863（4パラメータ）
TRACE_YOK:14116611005,14116611005,FAC_YOK_KOSUZUME,1.0,medium,2026-04-01,,DOC_YOK_SUISHITSU_R8,令和8年度水質検査計画 p11「各水源の主な給水区域」図からのラスタ読み取り。馬入川系統（小雀浄水場系）。図は「主な給水区域」であり町丁目単位の断定ではない。純度 100%（判定に使った画素 1508）。位置合わせ IoU 0.863（4パラメータ）
TRACE_YOK:14117068001,14117068001,FAC_YOK_KAWAI,1.0,low,2026-04-01,,DOC_YOK_SUISHITSU_R8,令和8年度水質検査計画 p11「各水源の主な給水区域」図からのラスタ読み取り。道志川系統（川井浄水場系）。図は「主な給水区域」であり町丁目単位の断定ではない。純度 93%（判定に使った画素 1334）。位置合わせ IoU 0.863（4パラメータ）
TRACE_YOK:14117068002,14117068002,FAC_YOK_KAWAI,1.0,medium,2026-04-01,,DOC_YOK_SUISHITSU_R8,令和8年度水質検査計画 p11「各水源の主な給水区域」図からのラスタ読み取り。道志川系統（川井浄水場系）。図は「主な給水区域」であり町丁目単位の断定ではない。純度 97%（判定に使った画素 2960）。位置合わせ IoU 0.863（4パラメータ）
TRACE_YOK:141170700,141170700,FAC_KGD_NISHINAGASAWA,1.0,medium,2026-04-01,,DOC_YOK_SUISHITSU_R8,令和8年度水質検査計画 p11「各水源の主な給水区域」図からのラスタ読み取り。企業団酒匂川系統（西長沢・相模原浄水場系）。図は「主な給水区域」であり町丁目単位の断定ではない。純度 100%（判定に使った画素 9192）。位置合わせ IoU 0.863（4パラメータ）。図では西長沢浄水場系と相模原浄水場系が同じ色で区別できないため供給水量の大きい西長沢に寄せている（企業団の1日平均供給水量 R7年度 西長沢 467486 ㎥ / 相模原 248448 ㎥）
TRACE_YOK:14117071001,14117071001,FAC_KGD_NISHINAGASAWA,1.0,medium,2026-04-01,,DOC_YOK_SUISHITSU_R8,令和8年度水質検査計画 p11「各水源の主な給水区域」図からのラスタ読み取り。企業団酒匂川系統（西長沢・相模原浄水場系）。図は「主な給水区域」であり町丁目単位の断定ではない。純度 100%（判定に使った画素 3446）。位置合わせ IoU 0.863（4パラメータ）。図では西長沢浄水場系と相模原浄水場系が同じ色で区別できないため供給水量の大きい西長沢に寄せている（企業団の1日平均供給水量 R7年度 西長沢 467486 ㎥ / 相模原 248448 ㎥）
TRACE_YOK:14117071002,14117071002,FAC_KGD_NISHINAGASAWA,1.0,medium,2026-04-01,,DOC_YOK_SUISHITSU_R8,令和8年度水質検査計画 p11「各水源の主な給水区域」図からのラスタ読み取り。企業団酒匂川系統（西長沢・相模原浄水場系）。図は「主な給水区域」であり町丁目単位の断定ではない。純度 100%（判定に使った画素 5081）。位置合わせ IoU 0.863（4パラメータ）。図では西長沢浄水場系と相模原浄水場系が同じ色で区別できないため供給水量の大きい西長沢に寄せている（企業団の1日平均供給水量 R7年度 西長沢 467486 ㎥ / 相模原 248448 ㎥）
TRACE_YOK:14117071003,14117071003,FAC_KGD_NISHINAGASAWA,1.0,medium,2026-04-01,,DOC_YOK_SUISHITSU_R8,令和8年度水質検査計画 p11「各水源の主な給水区域」図からのラスタ読み取り。企業団酒匂川系統（西長沢・相模原浄水場系）。図は「主な給水区域」であり町丁目単位の断定ではない。純度 100%（判定に使った画素 3638）。位置合わせ IoU 0.863（4パラメータ）。図では西長沢浄水場系と相模原浄水場系が同じ色で区別できないため供給水量の大きい西長沢に寄せている（企業団の1日平均供給水量 R7年度 西長沢 467486 ㎥ / 相模原 248448 ㎥）
TRACE_YOK:14117071004,14117071004,FAC_KGD_NISHINAGASAWA,1.0,medium,2026-04-01,,DOC_YOK_SUISHITSU_R8,令和8年度水質検査計画 p11「各水源の主な給水区域」図からのラスタ読み取り。企業団酒匂川系統（西長沢・相模原浄水場系）。図は「主な給水区域」であり町丁目単位の断定ではない。純度 100%（判定に使った画素 4774）。位置合わせ IoU 0.863（4パラメータ）。図では西長沢浄水場系と相模原浄水場系が同じ色で区別できないため供給水量の大きい西長沢に寄せている（企業団の1日平均供給水量 R7年度 西長沢 467486 ㎥ / 相模原 248448 ㎥）
TRACE_YOK:14117071005,14117071005,FAC_KGD_NISHINAGASAWA,1.0,medium,2026-04-01,,DOC_YOK_SUISHITSU_R8,令和8年度水質検査計画 p11「各水源の主な給水区域」図からのラスタ読み取り。企業団酒匂川系統（西長沢・相模原浄水場系）。図は「主な給水区域」であり町丁目単位の断定ではない。純度 100%（判定に使った画素 3519）。位置合わせ IoU 0.863（4パラメータ）。図では西長沢浄水場系と相模原浄水場系が同じ色で区別できないため供給水量の大きい西長沢に寄せている（企業団の1日平均供給水量 R7年度 西長沢 467486 ㎥ / 相模原 248448 ㎥）
TRACE_YOK:14117076000,14117076000,FAC_KGD_NISHINAGASAWA,1.0,low,2026-04-01,,DOC_YOK_SUISHITSU_R8,令和8年度水質検査計画 p11「各水源の主な給水区域」図からのラスタ読み取り。企業団酒匂川系統（西長沢・相模原浄水場系）。図は「主な給水区域」であり町丁目単位の断定ではない。純度 73%（判定に使った画素 2226）。位置合わせ IoU 0.863（4パラメータ）。図では西長沢浄水場系と相模原浄水場系が同じ色で区別できないため供給水量の大きい西長沢に寄せている（企業団の1日平均供給水量 R7年度 西長沢 467486 ㎥ / 相模原 248448 ㎥）
TRACE_YOK:14117076001,14117076001,FAC_KGD_NISHINAGASAWA,1.0,low,2026-04-01,,DOC_YOK_SUISHITSU_R8,令和8年度水質検査計画 p11「各水源の主な給水区域」図からのラスタ読み取り。企業団酒匂川系統（西長沢・相模原浄水場系）。図は「主な給水区域」であり町丁目単位の断定ではない。純度 53%（判定に使った画素 3779）。位置合わせ IoU 0.863（4パラメータ）。図では西長沢浄水場系と相模原浄水場系が同じ色で区別できないため供給水量の大きい西長沢に寄せている（企業団の1日平均供給水量 R7年度 西長沢 467486 ㎥ / 相模原 248448 ㎥）
TRACE_YOK:14117076002,14117076002,FAC_KGD_NISHINAGASAWA,1.0,medium,2026-04-01,,DOC_YOK_SUISHITSU_R8,令和8年度水質検査計画 p11「各水源の主な給水区域」図からのラスタ読み取り。企業団酒匂川系統（西長沢・相模原浄水場系）。図は「主な給水区域」であり町丁目単位の断定ではない。純度 100%（判定に使った画素 1887）。位置合わせ IoU 0.863（4パラメータ）。図では西長沢浄水場系と相模原浄水場系が同じ色で区別できないため供給水量の大きい西長沢に寄せている（企業団の1日平均供給水量 R7年度 西長沢 467486 ㎥ / 相模原 248448 ㎥）
TRACE_YOK:14117077001,14117077001,FAC_KGD_NISHINAGASAWA,1.0,medium,2026-04-01,,DOC_YOK_SUISHITSU_R8,令和8年度水質検査計画 p11「各水源の主な給水区域」図からのラスタ読み取り。企業団酒匂川系統（西長沢・相模原浄水場系）。図は「主な給水区域」であり町丁目単位の断定ではない。純度 100%（判定に使った画素 1777）。位置合わせ IoU 0.863（4パラメータ）。図では西長沢浄水場系と相模原浄水場系が同じ色で区別できないため供給水量の大きい西長沢に寄せている（企業団の1日平均供給水量 R7年度 西長沢 467486 ㎥ / 相模原 248448 ㎥）
TRACE_YOK:14117077002,14117077002,FAC_KGD_NISHINAGASAWA,1.0,medium,2026-04-01,,DOC_YOK_SUISHITSU_R8,令和8年度水質検査計画 p11「各水源の主な給水区域」図からのラスタ読み取り。企業団酒匂川系統（西長沢・相模原浄水場系）。図は「主な給水区域」であり町丁目単位の断定ではない。純度 100%（判定に使った画素 1805）。位置合わせ IoU 0.863（4パラメータ）。図では西長沢浄水場系と相模原浄水場系が同じ色で区別できないため供給水量の大きい西長沢に寄せている（企業団の1日平均供給水量 R7年度 西長沢 467486 ㎥ / 相模原 248448 ㎥）
TRACE_YOK:14117077003,14117077003,FAC_KGD_NISHINAGASAWA,1.0,medium,2026-04-01,,DOC_YOK_SUISHITSU_R8,令和8年度水質検査計画 p11「各水源の主な給水区域」図からのラスタ読み取り。企業団酒匂川系統（西長沢・相模原浄水場系）。図は「主な給水区域」であり町丁目単位の断定ではない。純度 100%（判定に使った画素 1854）。位置合わせ IoU 0.863（4パラメータ）。図では西長沢浄水場系と相模原浄水場系が同じ色で区別できないため供給水量の大きい西長沢に寄せている（企業団の1日平均供給水量 R7年度 西長沢 467486 ㎥ / 相模原 248448 ㎥）
TRACE_YOK:14117080001,14117080001,FAC_KGD_NISHINAGASAWA,1.0,medium,2026-04-01,,DOC_YOK_SUISHITSU_R8,令和8年度水質検査計画 p11「各水源の主な給水区域」図からのラスタ読み取り。企業団酒匂川系統（西長沢・相模原浄水場系）。図は「主な給水区域」であり町丁目単位の断定ではない。純度 100%（判定に使った画素 2659）。位置合わせ IoU 0.863（4パラメータ）。図では西長沢浄水場系と相模原浄水場系が同じ色で区別できないため供給水量の大きい西長沢に寄せている（企業団の1日平均供給水量 R7年度 西長沢 467486 ㎥ / 相模原 248448 ㎥）
TRACE_YOK:14117080002,14117080002,FAC_KGD_NISHINAGASAWA,1.0,medium,2026-04-01,,DOC_YOK_SUISHITSU_R8,令和8年度水質検査計画 p11「各水源の主な給水区域」図からのラスタ読み取り。企業団酒匂川系統（西長沢・相模原浄水場系）。図は「主な給水区域」であり町丁目単位の断定ではない。純度 100%（判定に使った画素 2794）。位置合わせ IoU 0.863（4パラメータ）。図では西長沢浄水場系と相模原浄水場系が同じ色で区別できないため供給水量の大きい西長沢に寄せている（企業団の1日平均供給水量 R7年度 西長沢 467486 ㎥ / 相模原 248448 ㎥）
TRACE_YOK:14117080003,14117080003,FAC_KGD_NISHINAGASAWA,1.0,medium,2026-04-01,,DOC_YOK_SUISHITSU_R8,令和8年度水質検査計画 p11「各水源の主な給水区域」図からのラスタ読み取り。企業団酒匂川系統（西長沢・相模原浄水場系）。図は「主な給水区域」であり町丁目単位の断定ではない。純度 100%（判定に使った画素 2173）。位置合わせ IoU 0.863（4パラメータ）。図では西長沢浄水場系と相模原浄水場系が同じ色で区別できないため供給水量の大きい西長沢に寄せている（企業団の1日平均供給水量 R7年度 西長沢 467486 ㎥ / 相模原 248448 ㎥）
TRACE_YOK:14117080004,14117080004,FAC_KGD_NISHINAGASAWA,1.0,medium,2026-04-01,,DOC_YOK_SUISHITSU_R8,令和8年度水質検査計画 p11「各水源の主な給水区域」図からのラスタ読み取り。企業団酒匂川系統（西長沢・相模原浄水場系）。図は「主な給水区域」であり町丁目単位の断定ではない。純度 100%（判定に使った画素 1396）。位置合わせ IoU 0.863（4パラメータ）。図では西長沢浄水場系と相模原浄水場系が同じ色で区別できないため供給水量の大きい西長沢に寄せている（企業団の1日平均供給水量 R7年度 西長沢 467486 ㎥ / 相模原 248448 ㎥）
TRACE_YOK:14117080005,14117080005,FAC_KGD_NISHINAGASAWA,1.0,medium,2026-04-01,,DOC_YOK_SUISHITSU_R8,令和8年度水質検査計画 p11「各水源の主な給水区域」図からのラスタ読み取り。企業団酒匂川系統（西長沢・相模原浄水場系）。図は「主な給水区域」であり町丁目単位の断定ではない。純度 99%（判定に使った画素 1095）。位置合わせ IoU 0.863（4パラメータ）。図では西長沢浄水場系と相模原浄水場系が同じ色で区別できないため供給水量の大きい西長沢に寄せている（企業団の1日平均供給水量 R7年度 西長沢 467486 ㎥ / 相模原 248448 ㎥）
TRACE_YOK:14117085001,14117085001,FAC_KGD_NISHINAGASAWA,1.0,medium,2026-04-01,,DOC_YOK_SUISHITSU_R8,令和8年度水質検査計画 p11「各水源の主な給水区域」図からのラスタ読み取り。企業団酒匂川系統（西長沢・相模原浄水場系）。図は「主な給水区域」であり町丁目単位の断定ではない。純度 100%（判定に使った画素 1626）。位置合わせ IoU 0.863（4パラメータ）。図では西長沢浄水場系と相模原浄水場系が同じ色で区別できないため供給水量の大きい西長沢に寄せている（企業団の1日平均供給水量 R7年度 西長沢 467486 ㎥ / 相模原 248448 ㎥）
TRACE_YOK:14117085002,14117085002,FAC_KGD_NISHINAGASAWA,1.0,medium,2026-04-01,,DOC_YOK_SUISHITSU_R8,令和8年度水質検査計画 p11「各水源の主な給水区域」図からのラスタ読み取り。企業団酒匂川系統（西長沢・相模原浄水場系）。図は「主な給水区域」であり町丁目単位の断定ではない。純度 100%（判定に使った画素 3351）。位置合わせ IoU 0.863（4パラメータ）。図では西長沢浄水場系と相模原浄水場系が同じ色で区別できないため供給水量の大きい西長沢に寄せている（企業団の1日平均供給水量 R7年度 西長沢 467486 ㎥ / 相模原 248448 ㎥）
TRACE_YOK:14117085003,14117085003,FAC_KGD_NISHINAGASAWA,1.0,medium,2026-04-01,,DOC_YOK_SUISHITSU_R8,令和8年度水質検査計画 p11「各水源の主な給水区域」図からのラスタ読み取り。企業団酒匂川系統（西長沢・相模原浄水場系）。図は「主な給水区域」であり町丁目単位の断定ではない。純度 100%（判定に使った画素 2158）。位置合わせ IoU 0.863（4パラメータ）。図では西長沢浄水場系と相模原浄水場系が同じ色で区別できないため供給水量の大きい西長沢に寄せている（企業団の1日平均供給水量 R7年度 西長沢 467486 ㎥ / 相模原 248448 ㎥）
TRACE_YOK:14117088002,14117088002,FAC_KGD_NISHINAGASAWA,1.0,low,2026-04-01,,DOC_YOK_SUISHITSU_R8,令和8年度水質検査計画 p11「各水源の主な給水区域」図からのラスタ読み取り。企業団酒匂川系統（西長沢・相模原浄水場系）。図は「主な給水区域」であり町丁目単位の断定ではない。純度 86%（判定に使った画素 4630）。位置合わせ IoU 0.863（4パラメータ）。図では西長沢浄水場系と相模原浄水場系が同じ色で区別できないため供給水量の大きい西長沢に寄せている（企業団の1日平均供給水量 R7年度 西長沢 467486 ㎥ / 相模原 248448 ㎥）
TRACE_YOK:14117088003,14117088003,FAC_KGD_NISHINAGASAWA,1.0,low,2026-04-01,,DOC_YOK_SUISHITSU_R8,令和8年度水質検査計画 p11「各水源の主な給水区域」図からのラスタ読み取り。企業団酒匂川系統（西長沢・相模原浄水場系）。図は「主な給水区域」であり町丁目単位の断定ではない。純度 75%（判定に使った画素 4542）。位置合わせ IoU 0.863（4パラメータ）。図では西長沢浄水場系と相模原浄水場系が同じ色で区別できないため供給水量の大きい西長沢に寄せている（企業団の1日平均供給水量 R7年度 西長沢 467486 ㎥ / 相模原 248448 ㎥）
TRACE_YOK:141170890,141170890,FAC_YOK_KAWAI,1.0,low,2026-04-01,,DOC_YOK_SUISHITSU_R8,令和8年度水質検査計画 p11「各水源の主な給水区域」図からのラスタ読み取り。道志川系統（川井浄水場系）。図は「主な給水区域」であり町丁目単位の断定ではない。純度 82%（判定に使った画素 4262）。位置合わせ IoU 0.863（4パラメータ）
TRACE_YOK:14117090001,14117090001,FAC_YOK_KAWAI,1.0,low,2026-04-01,,DOC_YOK_SUISHITSU_R8,令和8年度水質検査計画 p11「各水源の主な給水区域」図からのラスタ読み取り。道志川系統（川井浄水場系）。図は「主な給水区域」であり町丁目単位の断定ではない。純度 63%（判定に使った画素 2590）。位置合わせ IoU 0.863（4パラメータ）
TRACE_YOK:14117090002,14117090002,FAC_YOK_KAWAI,1.0,low,2026-04-01,,DOC_YOK_SUISHITSU_R8,令和8年度水質検査計画 p11「各水源の主な給水区域」図からのラスタ読み取り。道志川系統（川井浄水場系）。図は「主な給水区域」であり町丁目単位の断定ではない。純度 82%（判定に使った画素 3803）。位置合わせ IoU 0.863（4パラメータ）
TRACE_YOK:141170920,141170920,FAC_YOK_KAWAI,1.0,medium,2026-04-01,,DOC_YOK_SUISHITSU_R8,令和8年度水質検査計画 p11「各水源の主な給水区域」図からのラスタ読み取り。道志川系統（川井浄水場系）。図は「主な給水区域」であり町丁目単位の断定ではない。純度 99%（判定に使った画素 4399）。位置合わせ IoU 0.863（4パラメータ）
TRACE_YOK:141170930,141170930,FAC_YOK_KAWAI,1.0,medium,2026-04-01,,DOC_YOK_SUISHITSU_R8,令和8年度水質検査計画 p11「各水源の主な給水区域」図からのラスタ読み取り。道志川系統（川井浄水場系）。図は「主な給水区域」であり町丁目単位の断定ではない。純度 95%（判定に使った画素 4716）。位置合わせ IoU 0.863（4パラメータ）
TRACE_YOK:141170940,141170940,FAC_YOK_KAWAI,1.0,medium,2026-04-01,,DOC_YOK_SUISHITSU_R8,令和8年度水質検査計画 p11「各水源の主な給水区域」図からのラスタ読み取り。道志川系統（川井浄水場系）。図は「主な給水区域」であり町丁目単位の断定ではない。純度 98%（判定に使った画素 3541）。位置合わせ IoU 0.863（4パラメータ）
TRACE_YOK:141170950,141170950,FAC_YOK_KAWAI,1.0,medium,2026-04-01,,DOC_YOK_SUISHITSU_R8,令和8年度水質検査計画 p11「各水源の主な給水区域」図からのラスタ読み取り。道志川系統（川井浄水場系）。図は「主な給水区域」であり町丁目単位の断定ではない。純度 98%（判定に使った画素 6247）。位置合わせ IoU 0.863（4パラメータ）
TRACE_YOK:141170960,141170960,FAC_YOK_KAWAI,1.0,medium,2026-04-01,,DOC_YOK_SUISHITSU_R8,令和8年度水質検査計画 p11「各水源の主な給水区域」図からのラスタ読み取り。道志川系統（川井浄水場系）。図は「主な給水区域」であり町丁目単位の断定ではない。純度 97%（判定に使った画素 14782）。位置合わせ IoU 0.863（4パラメータ）
TRACE_YOK:141170970,141170970,FAC_YOK_KAWAI,1.0,medium,2026-04-01,,DOC_YOK_SUISHITSU_R8,令和8年度水質検査計画 p11「各水源の主な給水区域」図からのラスタ読み取り。道志川系統（川井浄水場系）。図は「主な給水区域」であり町丁目単位の断定ではない。純度 100%（判定に使った画素 4719）。位置合わせ IoU 0.863（4パラメータ）
TRACE_YOK:141170980,141170980,FAC_YOK_KAWAI,1.0,medium,2026-04-01,,DOC_YOK_SUISHITSU_R8,令和8年度水質検査計画 p11「各水源の主な給水区域」図からのラスタ読み取り。道志川系統（川井浄水場系）。図は「主な給水区域」であり町丁目単位の断定ではない。純度 100%（判定に使った画素 4756）。位置合わせ IoU 0.863（4パラメータ）
TRACE_YOK:141170990,141170990,FAC_YOK_KAWAI,1.0,low,2026-04-01,,DOC_YOK_SUISHITSU_R8,令和8年度水質検査計画 p11「各水源の主な給水区域」図からのラスタ読み取り。道志川系統（川井浄水場系）。図は「主な給水区域」であり町丁目単位の断定ではない。純度 83%（判定に使った画素 2391）。位置合わせ IoU 0.863（4パラメータ）
TRACE_YOK:14117100001,14117100001,FAC_YOK_KAWAI,1.0,low,2026-04-01,,DOC_YOK_SUISHITSU_R8,令和8年度水質検査計画 p11「各水源の主な給水区域」図からのラスタ読み取り。道志川系統（川井浄水場系）。図は「主な給水区域」であり町丁目単位の断定ではない。純度 80%（判定に使った画素 2155）。位置合わせ IoU 0.863（4パラメータ）
TRACE_YOK:14117100002,14117100002,FAC_YOK_KAWAI,1.0,medium,2026-04-01,,DOC_YOK_SUISHITSU_R8,令和8年度水質検査計画 p11「各水源の主な給水区域」図からのラスタ読み取り。道志川系統（川井浄水場系）。図は「主な給水区域」であり町丁目単位の断定ではない。純度 100%（判定に使った画素 3259）。位置合わせ IoU 0.863（4パラメータ）
TRACE_YOK:141171020,141171020,FAC_YOK_KAWAI,1.0,low,2026-04-01,,DOC_YOK_SUISHITSU_R8,令和8年度水質検査計画 p11「各水源の主な給水区域」図からのラスタ読み取り。道志川系統（川井浄水場系）。図は「主な給水区域」であり町丁目単位の断定ではない。純度 88%（判定に使った画素 1361）。位置合わせ IoU 0.863（4パラメータ）
TRACE_YOK:141171030,141171030,FAC_YOK_KAWAI,1.0,medium,2026-04-01,,DOC_YOK_SUISHITSU_R8,令和8年度水質検査計画 p11「各水源の主な給水区域」図からのラスタ読み取り。道志川系統（川井浄水場系）。図は「主な給水区域」であり町丁目単位の断定ではない。純度 97%（判定に使った画素 5994）。位置合わせ IoU 0.863（4パラメータ）
TRACE_YOK:14117104001,14117104001,FAC_YOK_KAWAI,1.0,low,2026-04-01,,DOC_YOK_SUISHITSU_R8,令和8年度水質検査計画 p11「各水源の主な給水区域」図からのラスタ読み取り。道志川系統（川井浄水場系）。図は「主な給水区域」であり町丁目単位の断定ではない。純度 90%（判定に使った画素 7441）。位置合わせ IoU 0.863（4パラメータ）
TRACE_YOK:14117104002,14117104002,FAC_YOK_KAWAI,1.0,medium,2026-04-01,,DOC_YOK_SUISHITSU_R8,令和8年度水質検査計画 p11「各水源の主な給水区域」図からのラスタ読み取り。道志川系統（川井浄水場系）。図は「主な給水区域」であり町丁目単位の断定ではない。純度 98%（判定に使った画素 10033）。位置合わせ IoU 0.863（4パラメータ）
TRACE_YOK:141171050,141171050,FAC_YOK_KAWAI,1.0,medium,2026-04-01,,DOC_YOK_SUISHITSU_R8,令和8年度水質検査計画 p11「各水源の主な給水区域」図からのラスタ読み取り。道志川系統（川井浄水場系）。図は「主な給水区域」であり町丁目単位の断定ではない。純度 100%（判定に使った画素 3056）。位置合わせ IoU 0.863（4パラメータ）
TRACE_YOK:141171060,141171060,FAC_YOK_KAWAI,1.0,low,2026-04-01,,DOC_YOK_SUISHITSU_R8,令和8年度水質検査計画 p11「各水源の主な給水区域」図からのラスタ読み取り。道志川系統（川井浄水場系）。図は「主な給水区域」であり町丁目単位の断定ではない。純度 77%（判定に使った画素 1705）。位置合わせ IoU 0.863（4パラメータ）
TRACE_YOK:141171070,141171070,FAC_YOK_KAWAI,1.0,low,2026-04-01,,DOC_YOK_SUISHITSU_R8,令和8年度水質検査計画 p11「各水源の主な給水区域」図からのラスタ読み取り。道志川系統（川井浄水場系）。図は「主な給水区域」であり町丁目単位の断定ではない。純度 88%（判定に使った画素 3466）。位置合わせ IoU 0.863（4パラメータ）
TRACE_YOK:141171080,141171080,FAC_YOK_KAWAI,1.0,medium,2026-04-01,,DOC_YOK_SUISHITSU_R8,令和8年度水質検査計画 p11「各水源の主な給水区域」図からのラスタ読み取り。道志川系統（川井浄水場系）。図は「主な給水区域」であり町丁目単位の断定ではない。純度 97%（判定に使った画素 4205）。位置合わせ IoU 0.863（4パラメータ）
TRACE_YOK:141171090,141171090,FAC_YOK_KAWAI,1.0,low,2026-04-01,,DOC_YOK_SUISHITSU_R8,令和8年度水質検査計画 p11「各水源の主な給水区域」図からのラスタ読み取り。道志川系統（川井浄水場系）。図は「主な給水区域」であり町丁目単位の断定ではない。純度 87%（判定に使った画素 3432）。位置合わせ IoU 0.863（4パラメータ）
TRACE_YOK:141171100,141171100,FAC_YOK_KAWAI,1.0,medium,2026-04-01,,DOC_YOK_SUISHITSU_R8,令和8年度水質検査計画 p11「各水源の主な給水区域」図からのラスタ読み取り。道志川系統（川井浄水場系）。図は「主な給水区域」であり町丁目単位の断定ではない。純度 100%（判定に使った画素 183）。位置合わせ IoU 0.863（4パラメータ）
TRACE_YOK:14117111001,14117111001,FAC_YOK_KAWAI,1.0,low,2026-04-01,,DOC_YOK_SUISHITSU_R8,令和8年度水質検査計画 p11「各水源の主な給水区域」図からのラスタ読み取り。道志川系統（川井浄水場系）。図は「主な給水区域」であり町丁目単位の断定ではない。純度 78%（判定に使った画素 1049）。位置合わせ IoU 0.863（4パラメータ）
TRACE_YOK:14117111002,14117111002,FAC_YOK_KAWAI,1.0,low,2026-04-01,,DOC_YOK_SUISHITSU_R8,令和8年度水質検査計画 p11「各水源の主な給水区域」図からのラスタ読み取り。道志川系統（川井浄水場系）。図は「主な給水区域」であり町丁目単位の断定ではない。純度 79%（判定に使った画素 1315）。位置合わせ IoU 0.863（4パラメータ）
TRACE_YOK:14117113001,14117113001,FAC_YOK_KAWAI,1.0,low,2026-04-01,,DOC_YOK_SUISHITSU_R8,令和8年度水質検査計画 p11「各水源の主な給水区域」図からのラスタ読み取り。道志川系統（川井浄水場系）。図は「主な給水区域」であり町丁目単位の断定ではない。純度 89%（判定に使った画素 7791）。位置合わせ IoU 0.863（4パラメータ）
TRACE_YOK:14117113002,14117113002,FAC_YOK_KAWAI,1.0,low,2026-04-01,,DOC_YOK_SUISHITSU_R8,令和8年度水質検査計画 p11「各水源の主な給水区域」図からのラスタ読み取り。道志川系統（川井浄水場系）。図は「主な給水区域」であり町丁目単位の断定ではない。純度 75%（判定に使った画素 3519）。位置合わせ IoU 0.863（4パラメータ）
TRACE_YOK:141171140,141171140,FAC_YOK_KAWAI,1.0,low,2026-04-01,,DOC_YOK_SUISHITSU_R8,令和8年度水質検査計画 p11「各水源の主な給水区域」図からのラスタ読み取り。道志川系統（川井浄水場系）。図は「主な給水区域」であり町丁目単位の断定ではない。純度 86%（判定に使った画素 5212）。位置合わせ IoU 0.863（4パラメータ）
TRACE_YOK:141171150,141171150,FAC_YOK_KAWAI,1.0,low,2026-04-01,,DOC_YOK_SUISHITSU_R8,令和8年度水質検査計画 p11「各水源の主な給水区域」図からのラスタ読み取り。道志川系統（川井浄水場系）。図は「主な給水区域」であり町丁目単位の断定ではない。純度 65%（判定に使った画素 14455）。位置合わせ IoU 0.863（4パラメータ）
TRACE_YOK:141171170,141171170,FAC_KGD_NISHINAGASAWA,1.0,low,2026-04-01,,DOC_YOK_SUISHITSU_R8,令和8年度水質検査計画 p11「各水源の主な給水区域」図からのラスタ読み取り。企業団酒匂川系統（西長沢・相模原浄水場系）。図は「主な給水区域」であり町丁目単位の断定ではない。純度 78%（判定に使った画素 9301）。位置合わせ IoU 0.863（4パラメータ）。図では西長沢浄水場系と相模原浄水場系が同じ色で区別できないため供給水量の大きい西長沢に寄せている（企業団の1日平均供給水量 R7年度 西長沢 467486 ㎥ / 相模原 248448 ㎥）
TRACE_YOK:141171180,141171180,FAC_YOK_KAWAI,1.0,medium,2026-04-01,,DOC_YOK_SUISHITSU_R8,令和8年度水質検査計画 p11「各水源の主な給水区域」図からのラスタ読み取り。道志川系統（川井浄水場系）。図は「主な給水区域」であり町丁目単位の断定ではない。純度 97%（判定に使った画素 2959）。位置合わせ IoU 0.863（4パラメータ）
TRACE_YOK:141171190,141171190,FAC_KGD_NISHINAGASAWA,1.0,medium,2026-04-01,,DOC_YOK_SUISHITSU_R8,令和8年度水質検査計画 p11「各水源の主な給水区域」図からのラスタ読み取り。企業団酒匂川系統（西長沢・相模原浄水場系）。図は「主な給水区域」であり町丁目単位の断定ではない。純度 100%（判定に使った画素 1185）。位置合わせ IoU 0.863（4パラメータ）。図では西長沢浄水場系と相模原浄水場系が同じ色で区別できないため供給水量の大きい西長沢に寄せている（企業団の1日平均供給水量 R7年度 西長沢 467486 ㎥ / 相模原 248448 ㎥）
TRACE_YOK:14117120001,14117120001,FAC_KGD_NISHINAGASAWA,1.0,medium,2026-04-01,,DOC_YOK_SUISHITSU_R8,令和8年度水質検査計画 p11「各水源の主な給水区域」図からのラスタ読み取り。企業団酒匂川系統（西長沢・相模原浄水場系）。図は「主な給水区域」であり町丁目単位の断定ではない。純度 100%（判定に使った画素 1953）。位置合わせ IoU 0.863（4パラメータ）。図では西長沢浄水場系と相模原浄水場系が同じ色で区別できないため供給水量の大きい西長沢に寄せている（企業団の1日平均供給水量 R7年度 西長沢 467486 ㎥ / 相模原 248448 ㎥）
TRACE_YOK:14117120002,14117120002,FAC_KGD_NISHINAGASAWA,1.0,medium,2026-04-01,,DOC_YOK_SUISHITSU_R8,令和8年度水質検査計画 p11「各水源の主な給水区域」図からのラスタ読み取り。企業団酒匂川系統（西長沢・相模原浄水場系）。図は「主な給水区域」であり町丁目単位の断定ではない。純度 99%（判定に使った画素 833）。位置合わせ IoU 0.863（4パラメータ）。図では西長沢浄水場系と相模原浄水場系が同じ色で区別できないため供給水量の大きい西長沢に寄せている（企業団の1日平均供給水量 R7年度 西長沢 467486 ㎥ / 相模原 248448 ㎥）
TRACE_YOK:14117120003,14117120003,FAC_KGD_NISHINAGASAWA,1.0,medium,2026-04-01,,DOC_YOK_SUISHITSU_R8,令和8年度水質検査計画 p11「各水源の主な給水区域」図からのラスタ読み取り。企業団酒匂川系統（西長沢・相模原浄水場系）。図は「主な給水区域」であり町丁目単位の断定ではない。純度 99%（判定に使った画素 1632）。位置合わせ IoU 0.863（4パラメータ）。図では西長沢浄水場系と相模原浄水場系が同じ色で区別できないため供給水量の大きい西長沢に寄せている（企業団の1日平均供給水量 R7年度 西長沢 467486 ㎥ / 相模原 248448 ㎥）
TRACE_YOK:14117123001,14117123001,FAC_KGD_NISHINAGASAWA,1.0,medium,2026-04-01,,DOC_YOK_SUISHITSU_R8,令和8年度水質検査計画 p11「各水源の主な給水区域」図からのラスタ読み取り。企業団酒匂川系統（西長沢・相模原浄水場系）。図は「主な給水区域」であり町丁目単位の断定ではない。純度 100%（判定に使った画素 3846）。位置合わせ IoU 0.863（4パラメータ）。図では西長沢浄水場系と相模原浄水場系が同じ色で区別できないため供給水量の大きい西長沢に寄せている（企業団の1日平均供給水量 R7年度 西長沢 467486 ㎥ / 相模原 248448 ㎥）
TRACE_YOK:14117123002,14117123002,FAC_KGD_NISHINAGASAWA,1.0,medium,2026-04-01,,DOC_YOK_SUISHITSU_R8,令和8年度水質検査計画 p11「各水源の主な給水区域」図からのラスタ読み取り。企業団酒匂川系統（西長沢・相模原浄水場系）。図は「主な給水区域」であり町丁目単位の断定ではない。純度 100%（判定に使った画素 3837）。位置合わせ IoU 0.863（4パラメータ）。図では西長沢浄水場系と相模原浄水場系が同じ色で区別できないため供給水量の大きい西長沢に寄せている（企業団の1日平均供給水量 R7年度 西長沢 467486 ㎥ / 相模原 248448 ㎥）
TRACE_YOK:14117123003,14117123003,FAC_KGD_NISHINAGASAWA,1.0,medium,2026-04-01,,DOC_YOK_SUISHITSU_R8,令和8年度水質検査計画 p11「各水源の主な給水区域」図からのラスタ読み取り。企業団酒匂川系統（西長沢・相模原浄水場系）。図は「主な給水区域」であり町丁目単位の断定ではない。純度 100%（判定に使った画素 4096）。位置合わせ IoU 0.863（4パラメータ）。図では西長沢浄水場系と相模原浄水場系が同じ色で区別できないため供給水量の大きい西長沢に寄せている（企業団の1日平均供給水量 R7年度 西長沢 467486 ㎥ / 相模原 248448 ㎥）
TRACE_YOK:14117123004,14117123004,FAC_KGD_NISHINAGASAWA,1.0,medium,2026-04-01,,DOC_YOK_SUISHITSU_R8,令和8年度水質検査計画 p11「各水源の主な給水区域」図からのラスタ読み取り。企業団酒匂川系統（西長沢・相模原浄水場系）。図は「主な給水区域」であり町丁目単位の断定ではない。純度 100%（判定に使った画素 3861）。位置合わせ IoU 0.863（4パラメータ）。図では西長沢浄水場系と相模原浄水場系が同じ色で区別できないため供給水量の大きい西長沢に寄せている（企業団の1日平均供給水量 R7年度 西長沢 467486 ㎥ / 相模原 248448 ㎥）
TRACE_YOK:141171270,141171270,FAC_YOK_KAWAI,1.0,medium,2026-04-01,,DOC_YOK_SUISHITSU_R8,令和8年度水質検査計画 p11「各水源の主な給水区域」図からのラスタ読み取り。道志川系統（川井浄水場系）。図は「主な給水区域」であり町丁目単位の断定ではない。純度 100%（判定に使った画素 4296）。位置合わせ IoU 0.863（4パラメータ）
TRACE_YOK:14117128001,14117128001,FAC_KGD_NISHINAGASAWA,1.0,medium,2026-04-01,,DOC_YOK_SUISHITSU_R8,令和8年度水質検査計画 p11「各水源の主な給水区域」図からのラスタ読み取り。企業団酒匂川系統（西長沢・相模原浄水場系）。図は「主な給水区域」であり町丁目単位の断定ではない。純度 100%（判定に使った画素 3444）。位置合わせ IoU 0.863（4パラメータ）。図では西長沢浄水場系と相模原浄水場系が同じ色で区別できないため供給水量の大きい西長沢に寄せている（企業団の1日平均供給水量 R7年度 西長沢 467486 ㎥ / 相模原 248448 ㎥）
TRACE_YOK:14117128002,14117128002,FAC_KGD_NISHINAGASAWA,1.0,medium,2026-04-01,,DOC_YOK_SUISHITSU_R8,令和8年度水質検査計画 p11「各水源の主な給水区域」図からのラスタ読み取り。企業団酒匂川系統（西長沢・相模原浄水場系）。図は「主な給水区域」であり町丁目単位の断定ではない。純度 100%（判定に使った画素 3281）。位置合わせ IoU 0.863（4パラメータ）。図では西長沢浄水場系と相模原浄水場系が同じ色で区別できないため供給水量の大きい西長沢に寄せている（企業団の1日平均供給水量 R7年度 西長沢 467486 ㎥ / 相模原 248448 ㎥）
TRACE_YOK:14117128003,14117128003,FAC_KGD_NISHINAGASAWA,1.0,medium,2026-04-01,,DOC_YOK_SUISHITSU_R8,令和8年度水質検査計画 p11「各水源の主な給水区域」図からのラスタ読み取り。企業団酒匂川系統（西長沢・相模原浄水場系）。図は「主な給水区域」であり町丁目単位の断定ではない。純度 100%（判定に使った画素 3651）。位置合わせ IoU 0.863（4パラメータ）。図では西長沢浄水場系と相模原浄水場系が同じ色で区別できないため供給水量の大きい西長沢に寄せている（企業団の1日平均供給水量 R7年度 西長沢 467486 ㎥ / 相模原 248448 ㎥）
TRACE_YOK:14117128004,14117128004,FAC_KGD_NISHINAGASAWA,1.0,medium,2026-04-01,,DOC_YOK_SUISHITSU_R8,令和8年度水質検査計画 p11「各水源の主な給水区域」図からのラスタ読み取り。企業団酒匂川系統（西長沢・相模原浄水場系）。図は「主な給水区域」であり町丁目単位の断定ではない。純度 100%（判定に使った画素 2731）。位置合わせ IoU 0.863（4パラメータ）。図では西長沢浄水場系と相模原浄水場系が同じ色で区別できないため供給水量の大きい西長沢に寄せている（企業団の1日平均供給水量 R7年度 西長沢 467486 ㎥ / 相模原 248448 ㎥）
TRACE_YOK:141171411,141171411,FAC_YOK_KAWAI,1.0,low,2026-04-01,,DOC_YOK_SUISHITSU_R8,令和8年度水質検査計画 p11「各水源の主な給水区域」図からのラスタ読み取り。道志川系統（川井浄水場系）。図は「主な給水区域」であり町丁目単位の断定ではない。純度 56%（判定に使った画素 3097）。位置合わせ IoU 0.863（4パラメータ）
TRACE_YOK:14117142001,14117142001,FAC_YOK_KAWAI,1.0,medium,2026-04-01,,DOC_YOK_SUISHITSU_R8,令和8年度水質検査計画 p11「各水源の主な給水区域」図からのラスタ読み取り。道志川系統（川井浄水場系）。図は「主な給水区域」であり町丁目単位の断定ではない。純度 100%（判定に使った画素 3074）。位置合わせ IoU 0.863（4パラメータ）
TRACE_YOK:14117142002,14117142002,FAC_YOK_KAWAI,1.0,low,2026-04-01,,DOC_YOK_SUISHITSU_R8,令和8年度水質検査計画 p11「各水源の主な給水区域」図からのラスタ読み取り。道志川系統（川井浄水場系）。図は「主な給水区域」であり町丁目単位の断定ではない。純度 87%（判定に使った画素 1333）。位置合わせ IoU 0.863（4パラメータ）
TRACE_YOK:14117144001,14117144001,FAC_KGD_NISHINAGASAWA,1.0,medium,2026-04-01,,DOC_YOK_SUISHITSU_R8,令和8年度水質検査計画 p11「各水源の主な給水区域」図からのラスタ読み取り。企業団酒匂川系統（西長沢・相模原浄水場系）。図は「主な給水区域」であり町丁目単位の断定ではない。純度 100%（判定に使った画素 2048）。位置合わせ IoU 0.863（4パラメータ）。図では西長沢浄水場系と相模原浄水場系が同じ色で区別できないため供給水量の大きい西長沢に寄せている（企業団の1日平均供給水量 R7年度 西長沢 467486 ㎥ / 相模原 248448 ㎥）
TRACE_YOK:14117144002,14117144002,FAC_KGD_NISHINAGASAWA,1.0,medium,2026-04-01,,DOC_YOK_SUISHITSU_R8,令和8年度水質検査計画 p11「各水源の主な給水区域」図からのラスタ読み取り。企業団酒匂川系統（西長沢・相模原浄水場系）。図は「主な給水区域」であり町丁目単位の断定ではない。純度 99%（判定に使った画素 3097）。位置合わせ IoU 0.863（4パラメータ）。図では西長沢浄水場系と相模原浄水場系が同じ色で区別できないため供給水量の大きい西長沢に寄せている（企業団の1日平均供給水量 R7年度 西長沢 467486 ㎥ / 相模原 248448 ㎥）
TRACE_YOK:14117144003,14117144003,FAC_KGD_NISHINAGASAWA,1.0,medium,2026-04-01,,DOC_YOK_SUISHITSU_R8,令和8年度水質検査計画 p11「各水源の主な給水区域」図からのラスタ読み取り。企業団酒匂川系統（西長沢・相模原浄水場系）。図は「主な給水区域」であり町丁目単位の断定ではない。純度 100%（判定に使った画素 3470）。位置合わせ IoU 0.863（4パラメータ）。図では西長沢浄水場系と相模原浄水場系が同じ色で区別できないため供給水量の大きい西長沢に寄せている（企業団の1日平均供給水量 R7年度 西長沢 467486 ㎥ / 相模原 248448 ㎥）
TRACE_YOK:14117147001,14117147001,FAC_KGD_NISHINAGASAWA,1.0,medium,2026-04-01,,DOC_YOK_SUISHITSU_R8,令和8年度水質検査計画 p11「各水源の主な給水区域」図からのラスタ読み取り。企業団酒匂川系統（西長沢・相模原浄水場系）。図は「主な給水区域」であり町丁目単位の断定ではない。純度 100%（判定に使った画素 981）。位置合わせ IoU 0.863（4パラメータ）。図では西長沢浄水場系と相模原浄水場系が同じ色で区別できないため供給水量の大きい西長沢に寄せている（企業団の1日平均供給水量 R7年度 西長沢 467486 ㎥ / 相模原 248448 ㎥）
TRACE_YOK:14117147002,14117147002,FAC_KGD_NISHINAGASAWA,1.0,medium,2026-04-01,,DOC_YOK_SUISHITSU_R8,令和8年度水質検査計画 p11「各水源の主な給水区域」図からのラスタ読み取り。企業団酒匂川系統（西長沢・相模原浄水場系）。図は「主な給水区域」であり町丁目単位の断定ではない。純度 100%（判定に使った画素 1496）。位置合わせ IoU 0.863（4パラメータ）。図では西長沢浄水場系と相模原浄水場系が同じ色で区別できないため供給水量の大きい西長沢に寄せている（企業団の1日平均供給水量 R7年度 西長沢 467486 ㎥ / 相模原 248448 ㎥）
TRACE_YOK:14117147003,14117147003,FAC_KGD_NISHINAGASAWA,1.0,medium,2026-04-01,,DOC_YOK_SUISHITSU_R8,令和8年度水質検査計画 p11「各水源の主な給水区域」図からのラスタ読み取り。企業団酒匂川系統（西長沢・相模原浄水場系）。図は「主な給水区域」であり町丁目単位の断定ではない。純度 100%（判定に使った画素 1736）。位置合わせ IoU 0.863（4パラメータ）。図では西長沢浄水場系と相模原浄水場系が同じ色で区別できないため供給水量の大きい西長沢に寄せている（企業団の1日平均供給水量 R7年度 西長沢 467486 ㎥ / 相模原 248448 ㎥）
TRACE_YOK:14117147004,14117147004,FAC_KGD_NISHINAGASAWA,1.0,medium,2026-04-01,,DOC_YOK_SUISHITSU_R8,令和8年度水質検査計画 p11「各水源の主な給水区域」図からのラスタ読み取り。企業団酒匂川系統（西長沢・相模原浄水場系）。図は「主な給水区域」であり町丁目単位の断定ではない。純度 100%（判定に使った画素 1469）。位置合わせ IoU 0.863（4パラメータ）。図では西長沢浄水場系と相模原浄水場系が同じ色で区別できないため供給水量の大きい西長沢に寄せている（企業団の1日平均供給水量 R7年度 西長沢 467486 ㎥ / 相模原 248448 ㎥）
TRACE_YOK:141171480,141171480,FAC_KGD_NISHINAGASAWA,1.0,medium,2026-04-01,,DOC_YOK_SUISHITSU_R8,令和8年度水質検査計画 p11「各水源の主な給水区域」図からのラスタ読み取り。企業団酒匂川系統（西長沢・相模原浄水場系）。図は「主な給水区域」であり町丁目単位の断定ではない。純度 100%（判定に使った画素 1252）。位置合わせ IoU 0.863（4パラメータ）。図では西長沢浄水場系と相模原浄水場系が同じ色で区別できないため供給水量の大きい西長沢に寄せている（企業団の1日平均供給水量 R7年度 西長沢 467486 ㎥ / 相模原 248448 ㎥）
TRACE_YOK:14117149001,14117149001,FAC_YOK_KAWAI,1.0,low,2026-04-01,,DOC_YOK_SUISHITSU_R8,令和8年度水質検査計画 p11「各水源の主な給水区域」図からのラスタ読み取り。道志川系統（川井浄水場系）。図は「主な給水区域」であり町丁目単位の断定ではない。純度 91%（判定に使った画素 1375）。位置合わせ IoU 0.863（4パラメータ）
TRACE_YOK:14117149002,14117149002,FAC_YOK_KAWAI,1.0,medium,2026-04-01,,DOC_YOK_SUISHITSU_R8,令和8年度水質検査計画 p11「各水源の主な給水区域」図からのラスタ読み取り。道志川系統（川井浄水場系）。図は「主な給水区域」であり町丁目単位の断定ではない。純度 100%（判定に使った画素 1882）。位置合わせ IoU 0.863（4パラメータ）
TRACE_YOK:14117149003,14117149003,FAC_YOK_KAWAI,1.0,low,2026-04-01,,DOC_YOK_SUISHITSU_R8,令和8年度水質検査計画 p11「各水源の主な給水区域」図からのラスタ読み取り。道志川系統（川井浄水場系）。図は「主な給水区域」であり町丁目単位の断定ではない。純度 83%（判定に使った画素 1130）。位置合わせ IoU 0.863（4パラメータ）
TRACE_YOK:14117149005,14117149005,FAC_YOK_KAWAI,1.0,low,2026-04-01,,DOC_YOK_SUISHITSU_R8,令和8年度水質検査計画 p11「各水源の主な給水区域」図からのラスタ読み取り。道志川系統（川井浄水場系）。図は「主な給水区域」であり町丁目単位の断定ではない。純度 84%（判定に使った画素 882）。位置合わせ IoU 0.863（4パラメータ）
TRACE_YOK:14118001001,14118001001,FAC_YOK_KOSUZUME,1.0,medium,2026-04-01,,DOC_YOK_SUISHITSU_R8,令和8年度水質検査計画 p11「各水源の主な給水区域」図からのラスタ読み取り。馬入川系統（小雀浄水場系）。図は「主な給水区域」であり町丁目単位の断定ではない。純度 100%（判定に使った画素 16526）。位置合わせ IoU 0.863（4パラメータ）
TRACE_YOK:14118001002,14118001002,FAC_YOK_KOSUZUME,1.0,medium,2026-04-01,,DOC_YOK_SUISHITSU_R8,令和8年度水質検査計画 p11「各水源の主な給水区域」図からのラスタ読み取り。馬入川系統（小雀浄水場系）。図は「主な給水区域」であり町丁目単位の断定ではない。純度 97%（判定に使った画素 11711）。位置合わせ IoU 0.863（4パラメータ）
TRACE_YOK:141180020,141180020,FAC_KGD_NISHINAGASAWA,1.0,medium,2026-04-01,,DOC_YOK_SUISHITSU_R8,令和8年度水質検査計画 p11「各水源の主な給水区域」図からのラスタ読み取り。企業団酒匂川系統（西長沢・相模原浄水場系）。図は「主な給水区域」であり町丁目単位の断定ではない。純度 100%（判定に使った画素 2038）。位置合わせ IoU 0.863（4パラメータ）。図では西長沢浄水場系と相模原浄水場系が同じ色で区別できないため供給水量の大きい西長沢に寄せている（企業団の1日平均供給水量 R7年度 西長沢 467486 ㎥ / 相模原 248448 ㎥）
TRACE_YOK:14118003001,14118003001,FAC_KGD_NISHINAGASAWA,1.0,medium,2026-04-01,,DOC_YOK_SUISHITSU_R8,令和8年度水質検査計画 p11「各水源の主な給水区域」図からのラスタ読み取り。企業団酒匂川系統（西長沢・相模原浄水場系）。図は「主な給水区域」であり町丁目単位の断定ではない。純度 100%（判定に使った画素 557）。位置合わせ IoU 0.863（4パラメータ）。図では西長沢浄水場系と相模原浄水場系が同じ色で区別できないため供給水量の大きい西長沢に寄せている（企業団の1日平均供給水量 R7年度 西長沢 467486 ㎥ / 相模原 248448 ㎥）
TRACE_YOK:14118003002,14118003002,FAC_KGD_NISHINAGASAWA,1.0,medium,2026-04-01,,DOC_YOK_SUISHITSU_R8,令和8年度水質検査計画 p11「各水源の主な給水区域」図からのラスタ読み取り。企業団酒匂川系統（西長沢・相模原浄水場系）。図は「主な給水区域」であり町丁目単位の断定ではない。純度 100%（判定に使った画素 271）。位置合わせ IoU 0.863（4パラメータ）。図では西長沢浄水場系と相模原浄水場系が同じ色で区別できないため供給水量の大きい西長沢に寄せている（企業団の1日平均供給水量 R7年度 西長沢 467486 ㎥ / 相模原 248448 ㎥）
TRACE_YOK:14118003003,14118003003,FAC_KGD_NISHINAGASAWA,1.0,medium,2026-04-01,,DOC_YOK_SUISHITSU_R8,令和8年度水質検査計画 p11「各水源の主な給水区域」図からのラスタ読み取り。企業団酒匂川系統（西長沢・相模原浄水場系）。図は「主な給水区域」であり町丁目単位の断定ではない。純度 100%（判定に使った画素 1755）。位置合わせ IoU 0.863（4パラメータ）。図では西長沢浄水場系と相模原浄水場系が同じ色で区別できないため供給水量の大きい西長沢に寄せている（企業団の1日平均供給水量 R7年度 西長沢 467486 ㎥ / 相模原 248448 ㎥）
TRACE_YOK:14118004001,14118004001,FAC_KGD_NISHINAGASAWA,1.0,medium,2026-04-01,,DOC_YOK_SUISHITSU_R8,令和8年度水質検査計画 p11「各水源の主な給水区域」図からのラスタ読み取り。企業団酒匂川系統（西長沢・相模原浄水場系）。図は「主な給水区域」であり町丁目単位の断定ではない。純度 100%（判定に使った画素 1142）。位置合わせ IoU 0.863（4パラメータ）。図では西長沢浄水場系と相模原浄水場系が同じ色で区別できないため供給水量の大きい西長沢に寄せている（企業団の1日平均供給水量 R7年度 西長沢 467486 ㎥ / 相模原 248448 ㎥）
TRACE_YOK:14118004002,14118004002,FAC_KGD_NISHINAGASAWA,1.0,medium,2026-04-01,,DOC_YOK_SUISHITSU_R8,令和8年度水質検査計画 p11「各水源の主な給水区域」図からのラスタ読み取り。企業団酒匂川系統（西長沢・相模原浄水場系）。図は「主な給水区域」であり町丁目単位の断定ではない。純度 100%（判定に使った画素 1593）。位置合わせ IoU 0.863（4パラメータ）。図では西長沢浄水場系と相模原浄水場系が同じ色で区別できないため供給水量の大きい西長沢に寄せている（企業団の1日平均供給水量 R7年度 西長沢 467486 ㎥ / 相模原 248448 ㎥）
TRACE_YOK:14118004003,14118004003,FAC_KGD_NISHINAGASAWA,1.0,medium,2026-04-01,,DOC_YOK_SUISHITSU_R8,令和8年度水質検査計画 p11「各水源の主な給水区域」図からのラスタ読み取り。企業団酒匂川系統（西長沢・相模原浄水場系）。図は「主な給水区域」であり町丁目単位の断定ではない。純度 100%（判定に使った画素 626）。位置合わせ IoU 0.863（4パラメータ）。図では西長沢浄水場系と相模原浄水場系が同じ色で区別できないため供給水量の大きい西長沢に寄せている（企業団の1日平均供給水量 R7年度 西長沢 467486 ㎥ / 相模原 248448 ㎥）
TRACE_YOK:14118004004,14118004004,FAC_KGD_NISHINAGASAWA,1.0,medium,2026-04-01,,DOC_YOK_SUISHITSU_R8,令和8年度水質検査計画 p11「各水源の主な給水区域」図からのラスタ読み取り。企業団酒匂川系統（西長沢・相模原浄水場系）。図は「主な給水区域」であり町丁目単位の断定ではない。純度 100%（判定に使った画素 262）。位置合わせ IoU 0.863（4パラメータ）。図では西長沢浄水場系と相模原浄水場系が同じ色で区別できないため供給水量の大きい西長沢に寄せている（企業団の1日平均供給水量 R7年度 西長沢 467486 ㎥ / 相模原 248448 ㎥）
TRACE_YOK:14118005001,14118005001,FAC_KGD_NISHINAGASAWA,1.0,medium,2026-04-01,,DOC_YOK_SUISHITSU_R8,令和8年度水質検査計画 p11「各水源の主な給水区域」図からのラスタ読み取り。企業団酒匂川系統（西長沢・相模原浄水場系）。図は「主な給水区域」であり町丁目単位の断定ではない。純度 100%（判定に使った画素 2151）。位置合わせ IoU 0.863（4パラメータ）。図では西長沢浄水場系と相模原浄水場系が同じ色で区別できないため供給水量の大きい西長沢に寄せている（企業団の1日平均供給水量 R7年度 西長沢 467486 ㎥ / 相模原 248448 ㎥）
TRACE_YOK:14118005002,14118005002,FAC_KGD_NISHINAGASAWA,1.0,medium,2026-04-01,,DOC_YOK_SUISHITSU_R8,令和8年度水質検査計画 p11「各水源の主な給水区域」図からのラスタ読み取り。企業団酒匂川系統（西長沢・相模原浄水場系）。図は「主な給水区域」であり町丁目単位の断定ではない。純度 100%（判定に使った画素 1315）。位置合わせ IoU 0.863（4パラメータ）。図では西長沢浄水場系と相模原浄水場系が同じ色で区別できないため供給水量の大きい西長沢に寄せている（企業団の1日平均供給水量 R7年度 西長沢 467486 ㎥ / 相模原 248448 ㎥）
TRACE_YOK:14118005003,14118005003,FAC_KGD_NISHINAGASAWA,1.0,medium,2026-04-01,,DOC_YOK_SUISHITSU_R8,令和8年度水質検査計画 p11「各水源の主な給水区域」図からのラスタ読み取り。企業団酒匂川系統（西長沢・相模原浄水場系）。図は「主な給水区域」であり町丁目単位の断定ではない。純度 100%（判定に使った画素 1092）。位置合わせ IoU 0.863（4パラメータ）。図では西長沢浄水場系と相模原浄水場系が同じ色で区別できないため供給水量の大きい西長沢に寄せている（企業団の1日平均供給水量 R7年度 西長沢 467486 ㎥ / 相模原 248448 ㎥）
TRACE_YOK:141180070,141180070,FAC_KGD_NISHINAGASAWA,1.0,low,2026-04-01,,DOC_YOK_SUISHITSU_R8,令和8年度水質検査計画 p11「各水源の主な給水区域」図からのラスタ読み取り。企業団酒匂川系統（西長沢・相模原浄水場系）。図は「主な給水区域」であり町丁目単位の断定ではない。純度 74%（判定に使った画素 786）。位置合わせ IoU 0.863（4パラメータ）。図では西長沢浄水場系と相模原浄水場系が同じ色で区別できないため供給水量の大きい西長沢に寄せている（企業団の1日平均供給水量 R7年度 西長沢 467486 ㎥ / 相模原 248448 ㎥）
TRACE_YOK:14118008001,14118008001,FAC_YOK_KOSUZUME,1.0,medium,2026-04-01,,DOC_YOK_SUISHITSU_R8,令和8年度水質検査計画 p11「各水源の主な給水区域」図からのラスタ読み取り。馬入川系統（小雀浄水場系）。図は「主な給水区域」であり町丁目単位の断定ではない。純度 100%（判定に使った画素 1178）。位置合わせ IoU 0.863（4パラメータ）
TRACE_YOK:14118008002,14118008002,FAC_YOK_KOSUZUME,1.0,medium,2026-04-01,,DOC_YOK_SUISHITSU_R8,令和8年度水質検査計画 p11「各水源の主な給水区域」図からのラスタ読み取り。馬入川系統（小雀浄水場系）。図は「主な給水区域」であり町丁目単位の断定ではない。純度 100%（判定に使った画素 1460）。位置合わせ IoU 0.863（4パラメータ）
TRACE_YOK:14118008003,14118008003,FAC_YOK_KOSUZUME,1.0,medium,2026-04-01,,DOC_YOK_SUISHITSU_R8,令和8年度水質検査計画 p11「各水源の主な給水区域」図からのラスタ読み取り。馬入川系統（小雀浄水場系）。図は「主な給水区域」であり町丁目単位の断定ではない。純度 100%（判定に使った画素 2294）。位置合わせ IoU 0.863（4パラメータ）
TRACE_YOK:14118008004,14118008004,FAC_YOK_KOSUZUME,1.0,medium,2026-04-01,,DOC_YOK_SUISHITSU_R8,令和8年度水質検査計画 p11「各水源の主な給水区域」図からのラスタ読み取り。馬入川系統（小雀浄水場系）。図は「主な給水区域」であり町丁目単位の断定ではない。純度 99%（判定に使った画素 3739）。位置合わせ IoU 0.863（4パラメータ）
TRACE_YOK:141180090,141180090,FAC_KGD_NISHINAGASAWA,1.0,low,2026-04-01,,DOC_YOK_SUISHITSU_R8,令和8年度水質検査計画 p11「各水源の主な給水区域」図からのラスタ読み取り。企業団酒匂川系統（西長沢・相模原浄水場系）。図は「主な給水区域」であり町丁目単位の断定ではない。純度 72%（判定に使った画素 2371）。位置合わせ IoU 0.863（4パラメータ）。図では西長沢浄水場系と相模原浄水場系が同じ色で区別できないため供給水量の大きい西長沢に寄せている（企業団の1日平均供給水量 R7年度 西長沢 467486 ㎥ / 相模原 248448 ㎥）
TRACE_YOK:14118010001,14118010001,FAC_YOK_KOSUZUME,1.0,medium,2026-04-01,,DOC_YOK_SUISHITSU_R8,令和8年度水質検査計画 p11「各水源の主な給水区域」図からのラスタ読み取り。馬入川系統（小雀浄水場系）。図は「主な給水区域」であり町丁目単位の断定ではない。純度 100%（判定に使った画素 2000）。位置合わせ IoU 0.863（4パラメータ）
TRACE_YOK:14118010002,14118010002,FAC_YOK_KOSUZUME,1.0,medium,2026-04-01,,DOC_YOK_SUISHITSU_R8,令和8年度水質検査計画 p11「各水源の主な給水区域」図からのラスタ読み取り。馬入川系統（小雀浄水場系）。図は「主な給水区域」であり町丁目単位の断定ではない。純度 99%（判定に使った画素 1803）。位置合わせ IoU 0.863（4パラメータ）
TRACE_YOK:14118010003,14118010003,FAC_KGD_NISHINAGASAWA,1.0,low,2026-04-01,,DOC_YOK_SUISHITSU_R8,令和8年度水質検査計画 p11「各水源の主な給水区域」図からのラスタ読み取り。企業団酒匂川系統（西長沢・相模原浄水場系）。図は「主な給水区域」であり町丁目単位の断定ではない。純度 77%（判定に使った画素 2058）。位置合わせ IoU 0.863（4パラメータ）。図では西長沢浄水場系と相模原浄水場系が同じ色で区別できないため供給水量の大きい西長沢に寄せている（企業団の1日平均供給水量 R7年度 西長沢 467486 ㎥ / 相模原 248448 ㎥）
TRACE_YOK:14118010004,14118010004,FAC_YOK_KOSUZUME,1.0,low,2026-04-01,,DOC_YOK_SUISHITSU_R8,令和8年度水質検査計画 p11「各水源の主な給水区域」図からのラスタ読み取り。馬入川系統（小雀浄水場系）。図は「主な給水区域」であり町丁目単位の断定ではない。純度 83%（判定に使った画素 1747）。位置合わせ IoU 0.863（4パラメータ）
TRACE_YOK:14118010005,14118010005,FAC_YOK_KOSUZUME,1.0,medium,2026-04-01,,DOC_YOK_SUISHITSU_R8,令和8年度水質検査計画 p11「各水源の主な給水区域」図からのラスタ読み取り。馬入川系統（小雀浄水場系）。図は「主な給水区域」であり町丁目単位の断定ではない。純度 100%（判定に使った画素 1807）。位置合わせ IoU 0.863（4パラメータ）
TRACE_YOK:141180110,141180110,FAC_YOK_KOSUZUME,1.0,medium,2026-04-01,,DOC_YOK_SUISHITSU_R8,令和8年度水質検査計画 p11「各水源の主な給水区域」図からのラスタ読み取り。馬入川系統（小雀浄水場系）。図は「主な給水区域」であり町丁目単位の断定ではない。純度 100%（判定に使った画素 3961）。位置合わせ IoU 0.863（4パラメータ）
TRACE_YOK:141180120,141180120,FAC_KGD_NISHINAGASAWA,1.0,medium,2026-04-01,,DOC_YOK_SUISHITSU_R8,令和8年度水質検査計画 p11「各水源の主な給水区域」図からのラスタ読み取り。企業団酒匂川系統（西長沢・相模原浄水場系）。図は「主な給水区域」であり町丁目単位の断定ではない。純度 100%（判定に使った画素 4764）。位置合わせ IoU 0.863（4パラメータ）。図では西長沢浄水場系と相模原浄水場系が同じ色で区別できないため供給水量の大きい西長沢に寄せている（企業団の1日平均供給水量 R7年度 西長沢 467486 ㎥ / 相模原 248448 ㎥）
TRACE_YOK:141180130,141180130,FAC_YOK_KOSUZUME,1.0,medium,2026-04-01,,DOC_YOK_SUISHITSU_R8,令和8年度水質検査計画 p11「各水源の主な給水区域」図からのラスタ読み取り。馬入川系統（小雀浄水場系）。図は「主な給水区域」であり町丁目単位の断定ではない。純度 98%（判定に使った画素 2524）。位置合わせ IoU 0.863（4パラメータ）
TRACE_YOK:141180140,141180140,FAC_YOK_KOSUZUME,1.0,medium,2026-04-01,,DOC_YOK_SUISHITSU_R8,令和8年度水質検査計画 p11「各水源の主な給水区域」図からのラスタ読み取り。馬入川系統（小雀浄水場系）。図は「主な給水区域」であり町丁目単位の断定ではない。純度 100%（判定に使った画素 8248）。位置合わせ IoU 0.863（4パラメータ）
TRACE_YOK:14118015001,14118015001,FAC_YOK_KOSUZUME,1.0,medium,2026-04-01,,DOC_YOK_SUISHITSU_R8,令和8年度水質検査計画 p11「各水源の主な給水区域」図からのラスタ読み取り。馬入川系統（小雀浄水場系）。図は「主な給水区域」であり町丁目単位の断定ではない。純度 98%（判定に使った画素 2645）。位置合わせ IoU 0.863（4パラメータ）
TRACE_YOK:14118015002,14118015002,FAC_YOK_KAWAI,1.0,low,2026-04-01,,DOC_YOK_SUISHITSU_R8,令和8年度水質検査計画 p11「各水源の主な給水区域」図からのラスタ読み取り。道志川系統（川井浄水場系）。図は「主な給水区域」であり町丁目単位の断定ではない。純度 57%（判定に使った画素 1114）。位置合わせ IoU 0.863（4パラメータ）
TRACE_YOK:141180160,141180160,FAC_KGD_NISHINAGASAWA,1.0,low,2026-04-01,,DOC_YOK_SUISHITSU_R8,令和8年度水質検査計画 p11「各水源の主な給水区域」図からのラスタ読み取り。企業団酒匂川系統（西長沢・相模原浄水場系）。図は「主な給水区域」であり町丁目単位の断定ではない。純度 71%（判定に使った画素 5413）。位置合わせ IoU 0.863（4パラメータ）。図では西長沢浄水場系と相模原浄水場系が同じ色で区別できないため供給水量の大きい西長沢に寄せている（企業団の1日平均供給水量 R7年度 西長沢 467486 ㎥ / 相模原 248448 ㎥）
TRACE_YOK:14118017001,14118017001,FAC_YOK_KOSUZUME,1.0,medium,2026-04-01,,DOC_YOK_SUISHITSU_R8,令和8年度水質検査計画 p11「各水源の主な給水区域」図からのラスタ読み取り。馬入川系統（小雀浄水場系）。図は「主な給水区域」であり町丁目単位の断定ではない。純度 99%（判定に使った画素 941）。位置合わせ IoU 0.863（4パラメータ）
TRACE_YOK:14118017002,14118017002,FAC_YOK_KOSUZUME,1.0,medium,2026-04-01,,DOC_YOK_SUISHITSU_R8,令和8年度水質検査計画 p11「各水源の主な給水区域」図からのラスタ読み取り。馬入川系統（小雀浄水場系）。図は「主な給水区域」であり町丁目単位の断定ではない。純度 100%（判定に使った画素 1052）。位置合わせ IoU 0.863（4パラメータ）
TRACE_YOK:141180180,141180180,FAC_YOK_KOSUZUME,1.0,medium,2026-04-01,,DOC_YOK_SUISHITSU_R8,令和8年度水質検査計画 p11「各水源の主な給水区域」図からのラスタ読み取り。馬入川系統（小雀浄水場系）。図は「主な給水区域」であり町丁目単位の断定ではない。純度 99%（判定に使った画素 9065）。位置合わせ IoU 0.863（4パラメータ）
TRACE_YOK:141180190,141180190,FAC_YOK_KAWAI,1.0,low,2026-04-01,,DOC_YOK_SUISHITSU_R8,令和8年度水質検査計画 p11「各水源の主な給水区域」図からのラスタ読み取り。道志川系統（川井浄水場系）。図は「主な給水区域」であり町丁目単位の断定ではない。純度 59%（判定に使った画素 1854）。位置合わせ IoU 0.863（4パラメータ）
TRACE_YOK:14118020002,14118020002,FAC_YOK_KAWAI,1.0,medium,2026-04-01,,DOC_YOK_SUISHITSU_R8,令和8年度水質検査計画 p11「各水源の主な給水区域」図からのラスタ読み取り。道志川系統（川井浄水場系）。図は「主な給水区域」であり町丁目単位の断定ではない。純度 97%（判定に使った画素 9356）。位置合わせ IoU 0.863（4パラメータ）
TRACE_YOK:14118022001,14118022001,FAC_KGD_NISHINAGASAWA,1.0,medium,2026-04-01,,DOC_YOK_SUISHITSU_R8,令和8年度水質検査計画 p11「各水源の主な給水区域」図からのラスタ読み取り。企業団酒匂川系統（西長沢・相模原浄水場系）。図は「主な給水区域」であり町丁目単位の断定ではない。純度 100%（判定に使った画素 581）。位置合わせ IoU 0.863（4パラメータ）。図では西長沢浄水場系と相模原浄水場系が同じ色で区別できないため供給水量の大きい西長沢に寄せている（企業団の1日平均供給水量 R7年度 西長沢 467486 ㎥ / 相模原 248448 ㎥）
TRACE_YOK:14118022002,14118022002,FAC_KGD_NISHINAGASAWA,1.0,medium,2026-04-01,,DOC_YOK_SUISHITSU_R8,令和8年度水質検査計画 p11「各水源の主な給水区域」図からのラスタ読み取り。企業団酒匂川系統（西長沢・相模原浄水場系）。図は「主な給水区域」であり町丁目単位の断定ではない。純度 100%（判定に使った画素 1466）。位置合わせ IoU 0.863（4パラメータ）。図では西長沢浄水場系と相模原浄水場系が同じ色で区別できないため供給水量の大きい西長沢に寄せている（企業団の1日平均供給水量 R7年度 西長沢 467486 ㎥ / 相模原 248448 ㎥）
TRACE_YOK:14118022003,14118022003,FAC_KGD_NISHINAGASAWA,1.0,medium,2026-04-01,,DOC_YOK_SUISHITSU_R8,令和8年度水質検査計画 p11「各水源の主な給水区域」図からのラスタ読み取り。企業団酒匂川系統（西長沢・相模原浄水場系）。図は「主な給水区域」であり町丁目単位の断定ではない。純度 100%（判定に使った画素 1213）。位置合わせ IoU 0.863（4パラメータ）。図では西長沢浄水場系と相模原浄水場系が同じ色で区別できないため供給水量の大きい西長沢に寄せている（企業団の1日平均供給水量 R7年度 西長沢 467486 ㎥ / 相模原 248448 ㎥）
TRACE_YOK:14118022004,14118022004,FAC_KGD_NISHINAGASAWA,1.0,medium,2026-04-01,,DOC_YOK_SUISHITSU_R8,令和8年度水質検査計画 p11「各水源の主な給水区域」図からのラスタ読み取り。企業団酒匂川系統（西長沢・相模原浄水場系）。図は「主な給水区域」であり町丁目単位の断定ではない。純度 100%（判定に使った画素 839）。位置合わせ IoU 0.863（4パラメータ）。図では西長沢浄水場系と相模原浄水場系が同じ色で区別できないため供給水量の大きい西長沢に寄せている（企業団の1日平均供給水量 R7年度 西長沢 467486 ㎥ / 相模原 248448 ㎥）
TRACE_YOK:14118022005,14118022005,FAC_KGD_NISHINAGASAWA,1.0,medium,2026-04-01,,DOC_YOK_SUISHITSU_R8,令和8年度水質検査計画 p11「各水源の主な給水区域」図からのラスタ読み取り。企業団酒匂川系統（西長沢・相模原浄水場系）。図は「主な給水区域」であり町丁目単位の断定ではない。純度 100%（判定に使った画素 501）。位置合わせ IoU 0.863（4パラメータ）。図では西長沢浄水場系と相模原浄水場系が同じ色で区別できないため供給水量の大きい西長沢に寄せている（企業団の1日平均供給水量 R7年度 西長沢 467486 ㎥ / 相模原 248448 ㎥）
TRACE_YOK:14118022006,14118022006,FAC_KGD_NISHINAGASAWA,1.0,medium,2026-04-01,,DOC_YOK_SUISHITSU_R8,令和8年度水質検査計画 p11「各水源の主な給水区域」図からのラスタ読み取り。企業団酒匂川系統（西長沢・相模原浄水場系）。図は「主な給水区域」であり町丁目単位の断定ではない。純度 100%（判定に使った画素 1736）。位置合わせ IoU 0.863（4パラメータ）。図では西長沢浄水場系と相模原浄水場系が同じ色で区別できないため供給水量の大きい西長沢に寄せている（企業団の1日平均供給水量 R7年度 西長沢 467486 ㎥ / 相模原 248448 ㎥）
TRACE_YOK:14118022007,14118022007,FAC_KGD_NISHINAGASAWA,1.0,medium,2026-04-01,,DOC_YOK_SUISHITSU_R8,令和8年度水質検査計画 p11「各水源の主な給水区域」図からのラスタ読み取り。企業団酒匂川系統（西長沢・相模原浄水場系）。図は「主な給水区域」であり町丁目単位の断定ではない。純度 100%（判定に使った画素 381）。位置合わせ IoU 0.863（4パラメータ）。図では西長沢浄水場系と相模原浄水場系が同じ色で区別できないため供給水量の大きい西長沢に寄せている（企業団の1日平均供給水量 R7年度 西長沢 467486 ㎥ / 相模原 248448 ㎥）
TRACE_YOK:141180230,141180230,FAC_YOK_KOSUZUME,1.0,medium,2026-04-01,,DOC_YOK_SUISHITSU_R8,令和8年度水質検査計画 p11「各水源の主な給水区域」図からのラスタ読み取り。馬入川系統（小雀浄水場系）。図は「主な給水区域」であり町丁目単位の断定ではない。純度 100%（判定に使った画素 1286）。位置合わせ IoU 0.863（4パラメータ）
TRACE_YOK:141180240,141180240,FAC_YOK_KAWAI,1.0,low,2026-04-01,,DOC_YOK_SUISHITSU_R8,令和8年度水質検査計画 p11「各水源の主な給水区域」図からのラスタ読み取り。道志川系統（川井浄水場系）。図は「主な給水区域」であり町丁目単位の断定ではない。純度 79%（判定に使った画素 9454）。位置合わせ IoU 0.863（4パラメータ）
TRACE_YOK:141180250,141180250,FAC_YOK_KOSUZUME,1.0,medium,2026-04-01,,DOC_YOK_SUISHITSU_R8,令和8年度水質検査計画 p11「各水源の主な給水区域」図からのラスタ読み取り。馬入川系統（小雀浄水場系）。図は「主な給水区域」であり町丁目単位の断定ではない。純度 100%（判定に使った画素 1711）。位置合わせ IoU 0.863（4パラメータ）
TRACE_YOK:141180260,141180260,FAC_YOK_KOSUZUME,1.0,low,2026-04-01,,DOC_YOK_SUISHITSU_R8,令和8年度水質検査計画 p11「各水源の主な給水区域」図からのラスタ読み取り。馬入川系統（小雀浄水場系）。図は「主な給水区域」であり町丁目単位の断定ではない。純度 93%（判定に使った画素 1065）。位置合わせ IoU 0.863（4パラメータ）
TRACE_YOK:141180270,141180270,FAC_KGD_NISHINAGASAWA,1.0,medium,2026-04-01,,DOC_YOK_SUISHITSU_R8,令和8年度水質検査計画 p11「各水源の主な給水区域」図からのラスタ読み取り。企業団酒匂川系統（西長沢・相模原浄水場系）。図は「主な給水区域」であり町丁目単位の断定ではない。純度 100%（判定に使った画素 2852）。位置合わせ IoU 0.863（4パラメータ）。図では西長沢浄水場系と相模原浄水場系が同じ色で区別できないため供給水量の大きい西長沢に寄せている（企業団の1日平均供給水量 R7年度 西長沢 467486 ㎥ / 相模原 248448 ㎥）
TRACE_YOK:141180280,141180280,FAC_YOK_KOSUZUME,1.0,medium,2026-04-01,,DOC_YOK_SUISHITSU_R8,令和8年度水質検査計画 p11「各水源の主な給水区域」図からのラスタ読み取り。馬入川系統（小雀浄水場系）。図は「主な給水区域」であり町丁目単位の断定ではない。純度 100%（判定に使った画素 1686）。位置合わせ IoU 0.863（4パラメータ）
TRACE_YOK:141180291,141180291,FAC_KGD_NISHINAGASAWA,1.0,medium,2026-04-01,,DOC_YOK_SUISHITSU_R8,令和8年度水質検査計画 p11「各水源の主な給水区域」図からのラスタ読み取り。企業団酒匂川系統（西長沢・相模原浄水場系）。図は「主な給水区域」であり町丁目単位の断定ではない。純度 100%（判定に使った画素 39）。位置合わせ IoU 0.863（4パラメータ）。図では西長沢浄水場系と相模原浄水場系が同じ色で区別できないため供給水量の大きい西長沢に寄せている（企業団の1日平均供給水量 R7年度 西長沢 467486 ㎥ / 相模原 248448 ㎥）
TRACE_YOK:141180300,141180300,FAC_YOK_KOSUZUME,1.0,low,2026-04-01,,DOC_YOK_SUISHITSU_R8,令和8年度水質検査計画 p11「各水源の主な給水区域」図からのラスタ読み取り。馬入川系統（小雀浄水場系）。図は「主な給水区域」であり町丁目単位の断定ではない。純度 85%（判定に使った画素 5604）。位置合わせ IoU 0.863（4パラメータ）
TRACE_YOK:14118031001,14118031001,FAC_KGD_NISHINAGASAWA,1.0,low,2026-04-01,,DOC_YOK_SUISHITSU_R8,令和8年度水質検査計画 p11「各水源の主な給水区域」図からのラスタ読み取り。企業団酒匂川系統（西長沢・相模原浄水場系）。図は「主な給水区域」であり町丁目単位の断定ではない。純度 76%（判定に使った画素 1143）。位置合わせ IoU 0.863（4パラメータ）。図では西長沢浄水場系と相模原浄水場系が同じ色で区別できないため供給水量の大きい西長沢に寄せている（企業団の1日平均供給水量 R7年度 西長沢 467486 ㎥ / 相模原 248448 ㎥）
TRACE_YOK:14118031002,14118031002,FAC_YOK_KOSUZUME,1.0,low,2026-04-01,,DOC_YOK_SUISHITSU_R8,令和8年度水質検査計画 p11「各水源の主な給水区域」図からのラスタ読み取り。馬入川系統（小雀浄水場系）。図は「主な給水区域」であり町丁目単位の断定ではない。純度 58%（判定に使った画素 1448）。位置合わせ IoU 0.863（4パラメータ）
TRACE_YOK:14118031003,14118031003,FAC_YOK_KOSUZUME,1.0,medium,2026-04-01,,DOC_YOK_SUISHITSU_R8,令和8年度水質検査計画 p11「各水源の主な給水区域」図からのラスタ読み取り。馬入川系統（小雀浄水場系）。図は「主な給水区域」であり町丁目単位の断定ではない。純度 95%（判定に使った画素 951）。位置合わせ IoU 0.863（4パラメータ）
TRACE_YOK:14118031004,14118031004,FAC_KGD_NISHINAGASAWA,1.0,medium,2026-04-01,,DOC_YOK_SUISHITSU_R8,令和8年度水質検査計画 p11「各水源の主な給水区域」図からのラスタ読み取り。企業団酒匂川系統（西長沢・相模原浄水場系）。図は「主な給水区域」であり町丁目単位の断定ではない。純度 100%（判定に使った画素 799）。位置合わせ IoU 0.863（4パラメータ）。図では西長沢浄水場系と相模原浄水場系が同じ色で区別できないため供給水量の大きい西長沢に寄せている（企業団の1日平均供給水量 R7年度 西長沢 467486 ㎥ / 相模原 248448 ㎥）
TRACE_YOK:14118031005,14118031005,FAC_KGD_NISHINAGASAWA,1.0,medium,2026-04-01,,DOC_YOK_SUISHITSU_R8,令和8年度水質検査計画 p11「各水源の主な給水区域」図からのラスタ読み取り。企業団酒匂川系統（西長沢・相模原浄水場系）。図は「主な給水区域」であり町丁目単位の断定ではない。純度 100%（判定に使った画素 1311）。位置合わせ IoU 0.863（4パラメータ）。図では西長沢浄水場系と相模原浄水場系が同じ色で区別できないため供給水量の大きい西長沢に寄せている（企業団の1日平均供給水量 R7年度 西長沢 467486 ㎥ / 相模原 248448 ㎥）
TRACE_YOK:14118032001,14118032001,FAC_YOK_KOSUZUME,1.0,medium,2026-04-01,,DOC_YOK_SUISHITSU_R8,令和8年度水質検査計画 p11「各水源の主な給水区域」図からのラスタ読み取り。馬入川系統（小雀浄水場系）。図は「主な給水区域」であり町丁目単位の断定ではない。純度 100%（判定に使った画素 982）。位置合わせ IoU 0.863（4パラメータ）
TRACE_YOK:14118032002,14118032002,FAC_YOK_KOSUZUME,1.0,medium,2026-04-01,,DOC_YOK_SUISHITSU_R8,令和8年度水質検査計画 p11「各水源の主な給水区域」図からのラスタ読み取り。馬入川系統（小雀浄水場系）。図は「主な給水区域」であり町丁目単位の断定ではない。純度 100%（判定に使った画素 326）。位置合わせ IoU 0.863（4パラメータ）
TRACE_YOK:14118032003,14118032003,FAC_YOK_KOSUZUME,1.0,medium,2026-04-01,,DOC_YOK_SUISHITSU_R8,令和8年度水質検査計画 p11「各水源の主な給水区域」図からのラスタ読み取り。馬入川系統（小雀浄水場系）。図は「主な給水区域」であり町丁目単位の断定ではない。純度 100%（判定に使った画素 256）。位置合わせ IoU 0.863（4パラメータ）
TRACE_YOK:14118032004,14118032004,FAC_YOK_KOSUZUME,1.0,medium,2026-04-01,,DOC_YOK_SUISHITSU_R8,令和8年度水質検査計画 p11「各水源の主な給水区域」図からのラスタ読み取り。馬入川系統（小雀浄水場系）。図は「主な給水区域」であり町丁目単位の断定ではない。純度 100%（判定に使った画素 280）。位置合わせ IoU 0.863（4パラメータ）
TRACE_YOK:14118032005,14118032005,FAC_YOK_KOSUZUME,1.0,medium,2026-04-01,,DOC_YOK_SUISHITSU_R8,令和8年度水質検査計画 p11「各水源の主な給水区域」図からのラスタ読み取り。馬入川系統（小雀浄水場系）。図は「主な給水区域」であり町丁目単位の断定ではない。純度 100%（判定に使った画素 627）。位置合わせ IoU 0.863（4パラメータ）
TRACE_YOK:14118034001,14118034001,FAC_KGD_NISHINAGASAWA,1.0,medium,2026-04-01,,DOC_YOK_SUISHITSU_R8,令和8年度水質検査計画 p11「各水源の主な給水区域」図からのラスタ読み取り。企業団酒匂川系統（西長沢・相模原浄水場系）。図は「主な給水区域」であり町丁目単位の断定ではない。純度 100%（判定に使った画素 728）。位置合わせ IoU 0.863（4パラメータ）。図では西長沢浄水場系と相模原浄水場系が同じ色で区別できないため供給水量の大きい西長沢に寄せている（企業団の1日平均供給水量 R7年度 西長沢 467486 ㎥ / 相模原 248448 ㎥）
TRACE_YOK:14118034002,14118034002,FAC_KGD_NISHINAGASAWA,1.0,medium,2026-04-01,,DOC_YOK_SUISHITSU_R8,令和8年度水質検査計画 p11「各水源の主な給水区域」図からのラスタ読み取り。企業団酒匂川系統（西長沢・相模原浄水場系）。図は「主な給水区域」であり町丁目単位の断定ではない。純度 100%（判定に使った画素 522）。位置合わせ IoU 0.863（4パラメータ）。図では西長沢浄水場系と相模原浄水場系が同じ色で区別できないため供給水量の大きい西長沢に寄せている（企業団の1日平均供給水量 R7年度 西長沢 467486 ㎥ / 相模原 248448 ㎥）
TRACE_YOK:14118034003,14118034003,FAC_KGD_NISHINAGASAWA,1.0,medium,2026-04-01,,DOC_YOK_SUISHITSU_R8,令和8年度水質検査計画 p11「各水源の主な給水区域」図からのラスタ読み取り。企業団酒匂川系統（西長沢・相模原浄水場系）。図は「主な給水区域」であり町丁目単位の断定ではない。純度 100%（判定に使った画素 268）。位置合わせ IoU 0.863（4パラメータ）。図では西長沢浄水場系と相模原浄水場系が同じ色で区別できないため供給水量の大きい西長沢に寄せている（企業団の1日平均供給水量 R7年度 西長沢 467486 ㎥ / 相模原 248448 ㎥）
TRACE_YOK:14118034004,14118034004,FAC_KGD_NISHINAGASAWA,1.0,medium,2026-04-01,,DOC_YOK_SUISHITSU_R8,令和8年度水質検査計画 p11「各水源の主な給水区域」図からのラスタ読み取り。企業団酒匂川系統（西長沢・相模原浄水場系）。図は「主な給水区域」であり町丁目単位の断定ではない。純度 100%（判定に使った画素 1551）。位置合わせ IoU 0.863（4パラメータ）。図では西長沢浄水場系と相模原浄水場系が同じ色で区別できないため供給水量の大きい西長沢に寄せている（企業団の1日平均供給水量 R7年度 西長沢 467486 ㎥ / 相模原 248448 ㎥）
TRACE_YOK:14118034005,14118034005,FAC_KGD_NISHINAGASAWA,1.0,medium,2026-04-01,,DOC_YOK_SUISHITSU_R8,令和8年度水質検査計画 p11「各水源の主な給水区域」図からのラスタ読み取り。企業団酒匂川系統（西長沢・相模原浄水場系）。図は「主な給水区域」であり町丁目単位の断定ではない。純度 100%（判定に使った画素 1938）。位置合わせ IoU 0.863（4パラメータ）。図では西長沢浄水場系と相模原浄水場系が同じ色で区別できないため供給水量の大きい西長沢に寄せている（企業団の1日平均供給水量 R7年度 西長沢 467486 ㎥ / 相模原 248448 ㎥）
TRACE_YOK:14118034006,14118034006,FAC_KGD_NISHINAGASAWA,1.0,medium,2026-04-01,,DOC_YOK_SUISHITSU_R8,令和8年度水質検査計画 p11「各水源の主な給水区域」図からのラスタ読み取り。企業団酒匂川系統（西長沢・相模原浄水場系）。図は「主な給水区域」であり町丁目単位の断定ではない。純度 100%（判定に使った画素 985）。位置合わせ IoU 0.863（4パラメータ）。図では西長沢浄水場系と相模原浄水場系が同じ色で区別できないため供給水量の大きい西長沢に寄せている（企業団の1日平均供給水量 R7年度 西長沢 467486 ㎥ / 相模原 248448 ㎥）
TRACE_YOK:14118034007,14118034007,FAC_KGD_NISHINAGASAWA,1.0,medium,2026-04-01,,DOC_YOK_SUISHITSU_R8,令和8年度水質検査計画 p11「各水源の主な給水区域」図からのラスタ読み取り。企業団酒匂川系統（西長沢・相模原浄水場系）。図は「主な給水区域」であり町丁目単位の断定ではない。純度 100%（判定に使った画素 1427）。位置合わせ IoU 0.863（4パラメータ）。図では西長沢浄水場系と相模原浄水場系が同じ色で区別できないため供給水量の大きい西長沢に寄せている（企業団の1日平均供給水量 R7年度 西長沢 467486 ㎥ / 相模原 248448 ㎥）
TRACE_YOK:14118034008,14118034008,FAC_KGD_NISHINAGASAWA,1.0,medium,2026-04-01,,DOC_YOK_SUISHITSU_R8,令和8年度水質検査計画 p11「各水源の主な給水区域」図からのラスタ読み取り。企業団酒匂川系統（西長沢・相模原浄水場系）。図は「主な給水区域」であり町丁目単位の断定ではない。純度 100%（判定に使った画素 968）。位置合わせ IoU 0.863（4パラメータ）。図では西長沢浄水場系と相模原浄水場系が同じ色で区別できないため供給水量の大きい西長沢に寄せている（企業団の1日平均供給水量 R7年度 西長沢 467486 ㎥ / 相模原 248448 ㎥）
TRACE_YOK:14118035001,14118035001,FAC_KGD_NISHINAGASAWA,1.0,medium,2026-04-01,,DOC_YOK_SUISHITSU_R8,令和8年度水質検査計画 p11「各水源の主な給水区域」図からのラスタ読み取り。企業団酒匂川系統（西長沢・相模原浄水場系）。図は「主な給水区域」であり町丁目単位の断定ではない。純度 100%（判定に使った画素 2801）。位置合わせ IoU 0.863（4パラメータ）。図では西長沢浄水場系と相模原浄水場系が同じ色で区別できないため供給水量の大きい西長沢に寄せている（企業団の1日平均供給水量 R7年度 西長沢 467486 ㎥ / 相模原 248448 ㎥）
TRACE_YOK:14118035002,14118035002,FAC_KGD_NISHINAGASAWA,1.0,medium,2026-04-01,,DOC_YOK_SUISHITSU_R8,令和8年度水質検査計画 p11「各水源の主な給水区域」図からのラスタ読み取り。企業団酒匂川系統（西長沢・相模原浄水場系）。図は「主な給水区域」であり町丁目単位の断定ではない。純度 100%（判定に使った画素 1078）。位置合わせ IoU 0.863（4パラメータ）。図では西長沢浄水場系と相模原浄水場系が同じ色で区別できないため供給水量の大きい西長沢に寄せている（企業団の1日平均供給水量 R7年度 西長沢 467486 ㎥ / 相模原 248448 ㎥）
TRACE_YOK:141180360,141180360,FAC_YOK_KOSUZUME,1.0,medium,2026-04-01,,DOC_YOK_SUISHITSU_R8,令和8年度水質検査計画 p11「各水源の主な給水区域」図からのラスタ読み取り。馬入川系統（小雀浄水場系）。図は「主な給水区域」であり町丁目単位の断定ではない。純度 100%（判定に使った画素 275）。位置合わせ IoU 0.863（4パラメータ）
TRACE_YOK:14118037001,14118037001,FAC_YOK_KOSUZUME,1.0,low,2026-04-01,,DOC_YOK_SUISHITSU_R8,令和8年度水質検査計画 p11「各水源の主な給水区域」図からのラスタ読み取り。馬入川系統（小雀浄水場系）。図は「主な給水区域」であり町丁目単位の断定ではない。純度 94%（判定に使った画素 572）。位置合わせ IoU 0.863（4パラメータ）
TRACE_YOK:14118037002,14118037002,FAC_YOK_KOSUZUME,1.0,low,2026-04-01,,DOC_YOK_SUISHITSU_R8,令和8年度水質検査計画 p11「各水源の主な給水区域」図からのラスタ読み取り。馬入川系統（小雀浄水場系）。図は「主な給水区域」であり町丁目単位の断定ではない。純度 71%（判定に使った画素 212）。位置合わせ IoU 0.863（4パラメータ）
TRACE_YOK:14118037003,14118037003,FAC_YOK_KOSUZUME,1.0,medium,2026-04-01,,DOC_YOK_SUISHITSU_R8,令和8年度水質検査計画 p11「各水源の主な給水区域」図からのラスタ読み取り。馬入川系統（小雀浄水場系）。図は「主な給水区域」であり町丁目単位の断定ではない。純度 97%（判定に使った画素 1085）。位置合わせ IoU 0.863（4パラメータ）
TRACE_YOK:14118037004,14118037004,FAC_YOK_KOSUZUME,1.0,medium,2026-04-01,,DOC_YOK_SUISHITSU_R8,令和8年度水質検査計画 p11「各水源の主な給水区域」図からのラスタ読み取り。馬入川系統（小雀浄水場系）。図は「主な給水区域」であり町丁目単位の断定ではない。純度 100%（判定に使った画素 1132）。位置合わせ IoU 0.863（4パラメータ）
TRACE_YOK:14118037005,14118037005,FAC_YOK_KOSUZUME,1.0,medium,2026-04-01,,DOC_YOK_SUISHITSU_R8,令和8年度水質検査計画 p11「各水源の主な給水区域」図からのラスタ読み取り。馬入川系統（小雀浄水場系）。図は「主な給水区域」であり町丁目単位の断定ではない。純度 100%（判定に使った画素 981）。位置合わせ IoU 0.863（4パラメータ）
TRACE_YOK:141180380,141180380,FAC_YOK_KOSUZUME,1.0,medium,2026-04-01,,DOC_YOK_SUISHITSU_R8,令和8年度水質検査計画 p11「各水源の主な給水区域」図からのラスタ読み取り。馬入川系統（小雀浄水場系）。図は「主な給水区域」であり町丁目単位の断定ではない。純度 100%（判定に使った画素 1496）。位置合わせ IoU 0.863（4パラメータ）
TRACE_YOK:14118039001,14118039001,FAC_YOK_KOSUZUME,1.0,low,2026-04-01,,DOC_YOK_SUISHITSU_R8,令和8年度水質検査計画 p11「各水源の主な給水区域」図からのラスタ読み取り。馬入川系統（小雀浄水場系）。図は「主な給水区域」であり町丁目単位の断定ではない。純度 72%（判定に使った画素 772）。位置合わせ IoU 0.863（4パラメータ）
TRACE_YOK:14118039002,14118039002,FAC_KGD_NISHINAGASAWA,1.0,low,2026-04-01,,DOC_YOK_SUISHITSU_R8,令和8年度水質検査計画 p11「各水源の主な給水区域」図からのラスタ読み取り。企業団酒匂川系統（西長沢・相模原浄水場系）。図は「主な給水区域」であり町丁目単位の断定ではない。純度 69%（判定に使った画素 1023）。位置合わせ IoU 0.863（4パラメータ）。図では西長沢浄水場系と相模原浄水場系が同じ色で区別できないため供給水量の大きい西長沢に寄せている（企業団の1日平均供給水量 R7年度 西長沢 467486 ㎥ / 相模原 248448 ㎥）
TRACE_YOK:14118039003,14118039003,FAC_KGD_NISHINAGASAWA,1.0,low,2026-04-01,,DOC_YOK_SUISHITSU_R8,令和8年度水質検査計画 p11「各水源の主な給水区域」図からのラスタ読み取り。企業団酒匂川系統（西長沢・相模原浄水場系）。図は「主な給水区域」であり町丁目単位の断定ではない。純度 67%（判定に使った画素 1328）。位置合わせ IoU 0.863（4パラメータ）。図では西長沢浄水場系と相模原浄水場系が同じ色で区別できないため供給水量の大きい西長沢に寄せている（企業団の1日平均供給水量 R7年度 西長沢 467486 ㎥ / 相模原 248448 ㎥）
TRACE_YOK:141180400,141180400,FAC_YOK_KOSUZUME,1.0,medium,2026-04-01,,DOC_YOK_SUISHITSU_R8,令和8年度水質検査計画 p11「各水源の主な給水区域」図からのラスタ読み取り。馬入川系統（小雀浄水場系）。図は「主な給水区域」であり町丁目単位の断定ではない。純度 100%（判定に使った画素 14934）。位置合わせ IoU 0.863（4パラメータ）
TRACE_YOK:141180410,141180410,FAC_KGD_NISHINAGASAWA,1.0,medium,2026-04-01,,DOC_YOK_SUISHITSU_R8,令和8年度水質検査計画 p11「各水源の主な給水区域」図からのラスタ読み取り。企業団酒匂川系統（西長沢・相模原浄水場系）。図は「主な給水区域」であり町丁目単位の断定ではない。純度 99%（判定に使った画素 6447）。位置合わせ IoU 0.863（4パラメータ）。図では西長沢浄水場系と相模原浄水場系が同じ色で区別できないため供給水量の大きい西長沢に寄せている（企業団の1日平均供給水量 R7年度 西長沢 467486 ㎥ / 相模原 248448 ㎥）
TRACE_YOK:14118042001,14118042001,FAC_KGD_NISHINAGASAWA,1.0,medium,2026-04-01,,DOC_YOK_SUISHITSU_R8,令和8年度水質検査計画 p11「各水源の主な給水区域」図からのラスタ読み取り。企業団酒匂川系統（西長沢・相模原浄水場系）。図は「主な給水区域」であり町丁目単位の断定ではない。純度 98%（判定に使った画素 915）。位置合わせ IoU 0.863（4パラメータ）。図では西長沢浄水場系と相模原浄水場系が同じ色で区別できないため供給水量の大きい西長沢に寄せている（企業団の1日平均供給水量 R7年度 西長沢 467486 ㎥ / 相模原 248448 ㎥）
TRACE_YOK:14118042002,14118042002,FAC_KGD_NISHINAGASAWA,1.0,medium,2026-04-01,,DOC_YOK_SUISHITSU_R8,令和8年度水質検査計画 p11「各水源の主な給水区域」図からのラスタ読み取り。企業団酒匂川系統（西長沢・相模原浄水場系）。図は「主な給水区域」であり町丁目単位の断定ではない。純度 100%（判定に使った画素 486）。位置合わせ IoU 0.863（4パラメータ）。図では西長沢浄水場系と相模原浄水場系が同じ色で区別できないため供給水量の大きい西長沢に寄せている（企業団の1日平均供給水量 R7年度 西長沢 467486 ㎥ / 相模原 248448 ㎥）
TRACE_YOK:14118042003,14118042003,FAC_KGD_NISHINAGASAWA,1.0,medium,2026-04-01,,DOC_YOK_SUISHITSU_R8,令和8年度水質検査計画 p11「各水源の主な給水区域」図からのラスタ読み取り。企業団酒匂川系統（西長沢・相模原浄水場系）。図は「主な給水区域」であり町丁目単位の断定ではない。純度 100%（判定に使った画素 1543）。位置合わせ IoU 0.863（4パラメータ）。図では西長沢浄水場系と相模原浄水場系が同じ色で区別できないため供給水量の大きい西長沢に寄せている（企業団の1日平均供給水量 R7年度 西長沢 467486 ㎥ / 相模原 248448 ㎥）
TRACE_YOK:14118042004,14118042004,FAC_KGD_NISHINAGASAWA,1.0,low,2026-04-01,,DOC_YOK_SUISHITSU_R8,令和8年度水質検査計画 p11「各水源の主な給水区域」図からのラスタ読み取り。企業団酒匂川系統（西長沢・相模原浄水場系）。図は「主な給水区域」であり町丁目単位の断定ではない。純度 79%（判定に使った画素 373）。位置合わせ IoU 0.863（4パラメータ）。図では西長沢浄水場系と相模原浄水場系が同じ色で区別できないため供給水量の大きい西長沢に寄せている（企業団の1日平均供給水量 R7年度 西長沢 467486 ㎥ / 相模原 248448 ㎥）
TRACE_YOK:141180440,141180440,FAC_YOK_KOSUZUME,1.0,low,2026-04-01,,DOC_YOK_SUISHITSU_R8,令和8年度水質検査計画 p11「各水源の主な給水区域」図からのラスタ読み取り。馬入川系統（小雀浄水場系）。図は「主な給水区域」であり町丁目単位の断定ではない。純度 84%（判定に使った画素 2363）。位置合わせ IoU 0.863（4パラメータ）
TRACE_YOK:141180450,141180450,FAC_KGD_NISHINAGASAWA,1.0,medium,2026-04-01,,DOC_YOK_SUISHITSU_R8,令和8年度水質検査計画 p11「各水源の主な給水区域」図からのラスタ読み取り。企業団酒匂川系統（西長沢・相模原浄水場系）。図は「主な給水区域」であり町丁目単位の断定ではない。純度 99%（判定に使った画素 3720）。位置合わせ IoU 0.863（4パラメータ）。図では西長沢浄水場系と相模原浄水場系が同じ色で区別できないため供給水量の大きい西長沢に寄せている（企業団の1日平均供給水量 R7年度 西長沢 467486 ㎥ / 相模原 248448 ㎥）
TRACE_YOK:14118046001,14118046001,FAC_KGD_NISHINAGASAWA,1.0,medium,2026-04-01,,DOC_YOK_SUISHITSU_R8,令和8年度水質検査計画 p11「各水源の主な給水区域」図からのラスタ読み取り。企業団酒匂川系統（西長沢・相模原浄水場系）。図は「主な給水区域」であり町丁目単位の断定ではない。純度 100%（判定に使った画素 1564）。位置合わせ IoU 0.863（4パラメータ）。図では西長沢浄水場系と相模原浄水場系が同じ色で区別できないため供給水量の大きい西長沢に寄せている（企業団の1日平均供給水量 R7年度 西長沢 467486 ㎥ / 相模原 248448 ㎥）
TRACE_YOK:14118046002,14118046002,FAC_KGD_NISHINAGASAWA,1.0,medium,2026-04-01,,DOC_YOK_SUISHITSU_R8,令和8年度水質検査計画 p11「各水源の主な給水区域」図からのラスタ読み取り。企業団酒匂川系統（西長沢・相模原浄水場系）。図は「主な給水区域」であり町丁目単位の断定ではない。純度 100%（判定に使った画素 2528）。位置合わせ IoU 0.863（4パラメータ）。図では西長沢浄水場系と相模原浄水場系が同じ色で区別できないため供給水量の大きい西長沢に寄せている（企業団の1日平均供給水量 R7年度 西長沢 467486 ㎥ / 相模原 248448 ㎥）
TRACE_YOK:14118046003,14118046003,FAC_KGD_NISHINAGASAWA,1.0,medium,2026-04-01,,DOC_YOK_SUISHITSU_R8,令和8年度水質検査計画 p11「各水源の主な給水区域」図からのラスタ読み取り。企業団酒匂川系統（西長沢・相模原浄水場系）。図は「主な給水区域」であり町丁目単位の断定ではない。純度 100%（判定に使った画素 2338）。位置合わせ IoU 0.863（4パラメータ）。図では西長沢浄水場系と相模原浄水場系が同じ色で区別できないため供給水量の大きい西長沢に寄せている（企業団の1日平均供給水量 R7年度 西長沢 467486 ㎥ / 相模原 248448 ㎥）
TRACE_YOK:141180470,141180470,FAC_YOK_KOSUZUME,1.0,low,2026-04-01,,DOC_YOK_SUISHITSU_R8,令和8年度水質検査計画 p11「各水源の主な給水区域」図からのラスタ読み取り。馬入川系統（小雀浄水場系）。図は「主な給水区域」であり町丁目単位の断定ではない。純度 81%（判定に使った画素 2055）。位置合わせ IoU 0.863（4パラメータ）
TRACE_YOK:141180520,141180520,FAC_YOK_KOSUZUME,1.0,medium,2026-04-01,,DOC_YOK_SUISHITSU_R8,令和8年度水質検査計画 p11「各水源の主な給水区域」図からのラスタ読み取り。馬入川系統（小雀浄水場系）。図は「主な給水区域」であり町丁目単位の断定ではない。純度 100%（判定に使った画素 1852）。位置合わせ IoU 0.863（4パラメータ）
TRACE_YOK:141180530,141180530,FAC_KGD_NISHINAGASAWA,1.0,medium,2026-04-01,,DOC_YOK_SUISHITSU_R8,令和8年度水質検査計画 p11「各水源の主な給水区域」図からのラスタ読み取り。企業団酒匂川系統（西長沢・相模原浄水場系）。図は「主な給水区域」であり町丁目単位の断定ではない。純度 100%（判定に使った画素 1172）。位置合わせ IoU 0.863（4パラメータ）。図では西長沢浄水場系と相模原浄水場系が同じ色で区別できないため供給水量の大きい西長沢に寄せている（企業団の1日平均供給水量 R7年度 西長沢 467486 ㎥ / 相模原 248448 ㎥）
TRACE_YOK:141180540,141180540,FAC_KGD_NISHINAGASAWA,1.0,medium,2026-04-01,,DOC_YOK_SUISHITSU_R8,令和8年度水質検査計画 p11「各水源の主な給水区域」図からのラスタ読み取り。企業団酒匂川系統（西長沢・相模原浄水場系）。図は「主な給水区域」であり町丁目単位の断定ではない。純度 100%（判定に使った画素 1192）。位置合わせ IoU 0.863（4パラメータ）。図では西長沢浄水場系と相模原浄水場系が同じ色で区別できないため供給水量の大きい西長沢に寄せている（企業団の1日平均供給水量 R7年度 西長沢 467486 ㎥ / 相模原 248448 ㎥）
KEN:143010010,143010010,FAC_KEN_SAGAMIKEI,1.0,medium,2026-04-01,,DOC_KEN_KUIKI_HAYAMA,葉山町一色。給水区域は「全域（下記の区域を除く）」で除外は上山口・下山口の番地単位のみ（DOC_KEN_KUIKI_HAYAMA）なので一色は全域が給水区域。系統は主要配水系統図（DOC_KEN_NENPO_R4 p41）で葉山配水池が寒川浄水場東系、給水地域「葉山町内」が企業団綾瀬浄水場系（木古庭受水地点）。どちらも相模川100%
KEN:143010060,143010060,FAC_KEN_SAGAMIKEI,1.0,medium,2026-04-01,,DOC_KEN_KUIKI_HAYAMA,葉山町堀内。同上
KEN:143010050,143010050,FAC_KEN_SAGAMIKEI,1.0,medium,2026-04-01,,DOC_KEN_KUIKI_HAYAMA,葉山町長柄。同上
KEN:143010030,143010030,FAC_KEN_SAGAMIKEI,1.0,medium,2026-04-01,,DOC_KEN_KUIKI_HAYAMA,葉山町木古庭。同上。企業団綾瀬浄水場の給水地点「木古庭」がこの町内にある
KEN:143010020,143010020,FAC_KEN_SAGAMIKEI,1.0,low,2026-04-01,,DOC_KEN_KUIKI_HAYAMA,葉山町上山口。給水区域から除かれるのは1560番10ほかの番地単位で、町丁目には落ちない。大部分は給水区域内とみられるが除外分を切り出せないので low
KEN:143010040,143010040,FAC_KEN_SAGAMIKEI,1.0,low,2026-04-01,,DOC_KEN_KUIKI_HAYAMA,葉山町下山口。給水区域から除かれるのは1番1ほかの番地単位で、町丁目には落ちない。大部分は給水区域内とみられるが除外分を切り出せないので low
KEN:143820010,143820010,FAC_KEN_HAKONE,1.0,medium,2026-04-01,,DOC_KEN_KUIKI_HAKONE,箱根町仙石原。給水区域は「仙石原、宮城野、強羅、木賀（木賀、新田、川向）、元箱根（旧札場、三右エ門平、禅月山、神宮山）」で仙石原は但し書き無し。水源は箱根町内の湧水（DOC_KEN_WEP_R8 p3・p4）。給水栓検査地点 箱根町仙石原＝品ノ木浄水場系（同 p8）
KEN:143820020,143820020,FAC_KEN_HAKONE,1.0,medium,2026-04-01,,DOC_KEN_KUIKI_HAKONE,箱根町宮城野。同上。給水栓検査地点 箱根町宮城野＝水土野水源系（DOC_KEN_WEP_R8 p8）
KEN:143820050,143820050,FAC_KEN_HAKONE,1.0,medium,2026-04-01,,DOC_KEN_KUIKI_HAKONE,箱根町強羅。同上
KEN:14401005001,14401005001,FAC_KEN_YAGAHARA,1.0,medium,2026-04-01,,DOC_KEN_KUIKI_AIKAWA,"愛川町のうち県営水道の給水区域（中津の14字・角田字箕輪下原・春日台。DOC_KEN_KUIKI_AIKAWA）。**2026-09-05 に決着**: 愛川配水池は谷ケ原浄水場から出る北相送水管 φ1100 の愛川支管 φ600 で受けている。主要配水系統図（DOC_KEN_NENPO_R4 p41）の線分を PDF から取り出して追ったところ、北相送水管 φ1100 の左端は谷ケ原浄水場の箱（右辺 x=89.9）から出る枝 (89.8,290.9)→(130.0,290.9)→(130.0,332.2)→(220.8,332.0) で、企業団相模原浄水場の箱（y=304.3〜369.1）よりも上から分岐している。愛川配水池の箱（x 211.9-252.2 / y 291.2-303.6）からは縦線 x=232.1 がこの φ1100 管に降りている。つまり企業団相模原浄水場系ではなく**谷ケ原浄水場系**で、谷ケ原浄水場ページの「2市1町（相模原市・厚木市・愛川町）に給水」（DOC_KEN_YAGAHARA）と矛盾しない。以前は系統図の読みが企業団相模原系と食い違って未決だったが、この確認で解消した。町丁目単位で系統を名指しした資料は無いので confidence は medium に留める"
KEN:14401005002,14401005002,FAC_KEN_YAGAHARA,1.0,medium,2026-04-01,,DOC_KEN_KUIKI_AIKAWA,"愛川町のうち県営水道の給水区域（中津の14字・角田字箕輪下原・春日台。DOC_KEN_KUIKI_AIKAWA）。**2026-09-05 に決着**: 愛川配水池は谷ケ原浄水場から出る北相送水管 φ1100 の愛川支管 φ600 で受けている。主要配水系統図（DOC_KEN_NENPO_R4 p41）の線分を PDF から取り出して追ったところ、北相送水管 φ1100 の左端は谷ケ原浄水場の箱（右辺 x=89.9）から出る枝 (89.8,290.9)→(130.0,290.9)→(130.0,332.2)→(220.8,332.0) で、企業団相模原浄水場の箱（y=304.3〜369.1）よりも上から分岐している。愛川配水池の箱（x 211.9-252.2 / y 291.2-303.6）からは縦線 x=232.1 がこの φ1100 管に降りている。つまり企業団相模原浄水場系ではなく**谷ケ原浄水場系**で、谷ケ原浄水場ページの「2市1町（相模原市・厚木市・愛川町）に給水」（DOC_KEN_YAGAHARA）と矛盾しない。以前は系統図の読みが企業団相模原系と食い違って未決だったが、この確認で解消した。町丁目単位で系統を名指しした資料は無いので confidence は medium に留める"
KEN:14401005003,14401005003,FAC_KEN_YAGAHARA,1.0,medium,2026-04-01,,DOC_KEN_KUIKI_AIKAWA,"愛川町のうち県営水道の給水区域（中津の14字・角田字箕輪下原・春日台。DOC_KEN_KUIKI_AIKAWA）。**2026-09-05 に決着**: 愛川配水池は谷ケ原浄水場から出る北相送水管 φ1100 の愛川支管 φ600 で受けている。主要配水系統図（DOC_KEN_NENPO_R4 p41）の線分を PDF から取り出して追ったところ、北相送水管 φ1100 の左端は谷ケ原浄水場の箱（右辺 x=89.9）から出る枝 (89.8,290.9)→(130.0,290.9)→(130.0,332.2)→(220.8,332.0) で、企業団相模原浄水場の箱（y=304.3〜369.1）よりも上から分岐している。愛川配水池の箱（x 211.9-252.2 / y 291.2-303.6）からは縦線 x=232.1 がこの φ1100 管に降りている。つまり企業団相模原浄水場系ではなく**谷ケ原浄水場系**で、谷ケ原浄水場ページの「2市1町（相模原市・厚木市・愛川町）に給水」（DOC_KEN_YAGAHARA）と矛盾しない。以前は系統図の読みが企業団相模原系と食い違って未決だったが、この確認で解消した。町丁目単位で系統を名指しした資料は無いので confidence は medium に留める"
KEN:14401005004,14401005004,FAC_KEN_YAGAHARA,1.0,medium,2026-04-01,,DOC_KEN_KUIKI_AIKAWA,"愛川町のうち県営水道の給水区域（中津の14字・角田字箕輪下原・春日台。DOC_KEN_KUIKI_AIKAWA）。**2026-09-05 に決着**: 愛川配水池は谷ケ原浄水場から出る北相送水管 φ1100 の愛川支管 φ600 で受けている。主要配水系統図（DOC_KEN_NENPO_R4 p41）の線分を PDF から取り出して追ったところ、北相送水管 φ1100 の左端は谷ケ原浄水場の箱（右辺 x=89.9）から出る枝 (89.8,290.9)→(130.0,290.9)→(130.0,332.2)→(220.8,332.0) で、企業団相模原浄水場の箱（y=304.3〜369.1）よりも上から分岐している。愛川配水池の箱（x 211.9-252.2 / y 291.2-303.6）からは縦線 x=232.1 がこの φ1100 管に降りている。つまり企業団相模原浄水場系ではなく**谷ケ原浄水場系**で、谷ケ原浄水場ページの「2市1町（相模原市・厚木市・愛川町）に給水」（DOC_KEN_YAGAHARA）と矛盾しない。以前は系統図の読みが企業団相模原系と食い違って未決だったが、この確認で解消した。町丁目単位で系統を名指しした資料は無いので confidence は medium に留める"
KEN:14401005005,14401005005,FAC_KEN_YAGAHARA,1.0,medium,2026-04-01,,DOC_KEN_KUIKI_AIKAWA,"愛川町のうち県営水道の給水区域（中津の14字・角田字箕輪下原・春日台。DOC_KEN_KUIKI_AIKAWA）。**2026-09-05 に決着**: 愛川配水池は谷ケ原浄水場から出る北相送水管 φ1100 の愛川支管 φ600 で受けている。主要配水系統図（DOC_KEN_NENPO_R4 p41）の線分を PDF から取り出して追ったところ、北相送水管 φ1100 の左端は谷ケ原浄水場の箱（右辺 x=89.9）から出る枝 (89.8,290.9)→(130.0,290.9)→(130.0,332.2)→(220.8,332.0) で、企業団相模原浄水場の箱（y=304.3〜369.1）よりも上から分岐している。愛川配水池の箱（x 211.9-252.2 / y 291.2-303.6）からは縦線 x=232.1 がこの φ1100 管に降りている。つまり企業団相模原浄水場系ではなく**谷ケ原浄水場系**で、谷ケ原浄水場ページの「2市1町（相模原市・厚木市・愛川町）に給水」（DOC_KEN_YAGAHARA）と矛盾しない。以前は系統図の読みが企業団相模原系と食い違って未決だったが、この確認で解消した。町丁目単位で系統を名指しした資料は無いので confidence は medium に留める"
KEN:142061310,142061310,FAC_KEN_ODAWARA,1.0,low,2026-04-01,,DOC_KEN_KUIKI_ODAWARA,小田原市小船。給水区域は市の一部で「小船、中村原、沼代、上町、小竹、山西、前川（番地の一部を除く）、羽根尾、東ヶ丘、川匂、国府津四丁目（1番地1号の一部に限る）及び国府津五丁目（1番から6番までを除く）」（DOC_KEN_KUIKI_ODAWARA）。このうち但し書きの無い8町だけを割り付けた。水源の顔ぶれは給水栓検査地点「小田原市 沼代＝寒川・伊勢原浄水場混合系」（DOC_KEN_WEP_R8 p8）から寒川浄水場と企業団伊勢原浄水場の2つ。混合比は非公表。名指しされているのは沼代だけで他の7町は同一の給水区域にあることからの推定なので low
KEN:142061290,142061290,FAC_KEN_ODAWARA,1.0,low,2026-04-01,,DOC_KEN_KUIKI_ODAWARA,小田原市中村原。給水区域は市の一部で「小船、中村原、沼代、上町、小竹、山西、前川（番地の一部を除く）、羽根尾、東ヶ丘、川匂、国府津四丁目（1番地1号の一部に限る）及び国府津五丁目（1番から6番までを除く）」（DOC_KEN_KUIKI_ODAWARA）。このうち但し書きの無い8町だけを割り付けた。水源の顔ぶれは給水栓検査地点「小田原市 沼代＝寒川・伊勢原浄水場混合系」（DOC_KEN_WEP_R8 p8）から寒川浄水場と企業団伊勢原浄水場の2つ。混合比は非公表。名指しされているのは沼代だけで他の7町は同一の給水区域にあることからの推定なので low
KEN:142061330,142061330,FAC_KEN_ODAWARA,1.0,low,2026-04-01,,DOC_KEN_KUIKI_ODAWARA,小田原市沼代。給水区域は市の一部で「小船、中村原、沼代、上町、小竹、山西、前川（番地の一部を除く）、羽根尾、東ヶ丘、川匂、国府津四丁目（1番地1号の一部に限る）及び国府津五丁目（1番から6番までを除く）」（DOC_KEN_KUIKI_ODAWARA）。このうち但し書きの無い8町だけを割り付けた。水源の顔ぶれは給水栓検査地点「小田原市 沼代＝寒川・伊勢原浄水場混合系」（DOC_KEN_WEP_R8 p8）から寒川浄水場と企業団伊勢原浄水場の2つ。混合比は非公表。名指しされているのは沼代だけで他の7町は同一の給水区域にあることからの推定なので low
KEN:142061300,142061300,FAC_KEN_ODAWARA,1.0,low,2026-04-01,,DOC_KEN_KUIKI_ODAWARA,小田原市上町。給水区域は市の一部で「小船、中村原、沼代、上町、小竹、山西、前川（番地の一部を除く）、羽根尾、東ヶ丘、川匂、国府津四丁目（1番地1号の一部に限る）及び国府津五丁目（1番から6番までを除く）」（DOC_KEN_KUIKI_ODAWARA）。このうち但し書きの無い8町だけを割り付けた。水源の顔ぶれは給水栓検査地点「小田原市 沼代＝寒川・伊勢原浄水場混合系」（DOC_KEN_WEP_R8 p8）から寒川浄水場と企業団伊勢原浄水場の2つ。混合比は非公表。名指しされているのは沼代だけで他の7町は同一の給水区域にあることからの推定なので low
KEN:142061340,142061340,FAC_KEN_ODAWARA,1.0,low,2026-04-01,,DOC_KEN_KUIKI_ODAWARA,小田原市小竹。給水区域は市の一部で「小船、中村原、沼代、上町、小竹、山西、前川（番地の一部を除く）、羽根尾、東ヶ丘、川匂、国府津四丁目（1番地1号の一部に限る）及び国府津五丁目（1番から6番までを除く）」（DOC_KEN_KUIKI_ODAWARA）。このうち但し書きの無い8町だけを割り付けた。水源の顔ぶれは給水栓検査地点「小田原市 沼代＝寒川・伊勢原浄水場混合系」（DOC_KEN_WEP_R8 p8）から寒川浄水場と企業団伊勢原浄水場の2つ。混合比は非公表。名指しされているのは沼代だけで他の7町は同一の給水区域にあることからの推定なので low
KEN:142061320,142061320,FAC_KEN_ODAWARA,1.0,low,2026-04-01,,DOC_KEN_KUIKI_ODAWARA,小田原市山西。給水区域は市の一部で「小船、中村原、沼代、上町、小竹、山西、前川（番地の一部を除く）、羽根尾、東ヶ丘、川匂、国府津四丁目（1番地1号の一部に限る）及び国府津五丁目（1番から6番までを除く）」（DOC_KEN_KUIKI_ODAWARA）。このうち但し書きの無い8町だけを割り付けた。水源の顔ぶれは給水栓検査地点「小田原市 沼代＝寒川・伊勢原浄水場混合系」（DOC_KEN_WEP_R8 p8）から寒川浄水場と企業団伊勢原浄水場の2つ。混合比は非公表。名指しされているのは沼代だけで他の7町は同一の給水区域にあることからの推定なので low
KEN:142061280,142061280,FAC_KEN_ODAWARA,1.0,low,2026-04-01,,DOC_KEN_KUIKI_ODAWARA,小田原市羽根尾。給水区域は市の一部で「小船、中村原、沼代、上町、小竹、山西、前川（番地の一部を除く）、羽根尾、東ヶ丘、川匂、国府津四丁目（1番地1号の一部に限る）及び国府津五丁目（1番から6番までを除く）」（DOC_KEN_KUIKI_ODAWARA）。このうち但し書きの無い8町だけを割り付けた。水源の顔ぶれは給水栓検査地点「小田原市 沼代＝寒川・伊勢原浄水場混合系」（DOC_KEN_WEP_R8 p8）から寒川浄水場と企業団伊勢原浄水場の2つ。混合比は非公表。名指しされているのは沼代だけで他の7町は同一の給水区域にあることからの推定なので low
KEN:142061360,142061360,FAC_KEN_ODAWARA,1.0,low,2026-04-01,,DOC_KEN_KUIKI_ODAWARA,小田原市東ケ丘。給水区域は市の一部で「小船、中村原、沼代、上町、小竹、山西、前川（番地の一部を除く）、羽根尾、東ヶ丘、川匂、国府津四丁目（1番地1号の一部に限る）及び国府津五丁目（1番から6番までを除く）」（DOC_KEN_KUIKI_ODAWARA）。このうち但し書きの無い8町だけを割り付けた。水源の顔ぶれは給水栓検査地点「小田原市 沼代＝寒川・伊勢原浄水場混合系」（DOC_KEN_WEP_R8 p8）から寒川浄水場と企業団伊勢原浄水場の2つ。混合比は非公表。名指しされているのは沼代だけで他の7町は同一の給水区域にあることからの推定なので low
KEN:142140180,142140180,FAC_KEN_OYAMA,1.0,low,2026-04-01,,DOC_KEN_WEP_R8,伊勢原市大山。給水栓検査地点「伊勢原市 大山＝大山浄水場系」（DOC_KEN_WEP_R8 p8）。大山浄水場は伊勢原市大山にあり大山川より取水（同 p3）。市全体のルール R_KEN_ISEHARA（寒川西系＋企業団伊勢原の混合）ではなくこちらが優先される。町丁目「大山」の全域が大山浄水場系かどうかまでは資料に無いので low
TRACE_KWS:14131001001,14131001001,FAC_KWS_SUEYOSHI,1.0,medium,2026-04-01,,DOC_KWS_SUISHITSU_R8,令和8年度水質検査計画 p11 図−7「水質検査地点概要図」の塗り分けからのラスタ読み取り。長沢・企業団西長沢 → 末吉配水池。図は配水系統の概略で町丁目単位の断定ではない。純度 100%（判定に使った画素 3618）。位置合わせ IoU 0.929（6パラメータ）。凡例表が名指しした検査地点との代表一致率 86%
TRACE_KWS:14131001002,14131001002,FAC_KWS_SUEYOSHI,1.0,medium,2026-04-01,,DOC_KWS_SUISHITSU_R8,令和8年度水質検査計画 p11 図−7「水質検査地点概要図」の塗り分けからのラスタ読み取り。長沢・企業団西長沢 → 末吉配水池。図は配水系統の概略で町丁目単位の断定ではない。純度 100%（判定に使った画素 1045）。位置合わせ IoU 0.929（6パラメータ）。凡例表が名指しした検査地点との代表一致率 86%
TRACE_KWS:14131001003,14131001003,FAC_KWS_SUEYOSHI,1.0,medium,2026-04-01,,DOC_KWS_SUISHITSU_R8,令和8年度水質検査計画 p11 図−7「水質検査地点概要図」の塗り分けからのラスタ読み取り。長沢・企業団西長沢 → 末吉配水池。図は配水系統の概略で町丁目単位の断定ではない。純度 100%（判定に使った画素 3523）。位置合わせ IoU 0.929（6パラメータ）。凡例表が名指しした検査地点との代表一致率 86%
TRACE_KWS:14131002002,14131002002,FAC_KWS_SUEYOSHI,1.0,medium,2026-04-01,,DOC_KWS_SUISHITSU_R8,令和8年度水質検査計画 p11 図−7「水質検査地点概要図」の塗り分けからのラスタ読み取り。長沢・企業団西長沢 → 末吉配水池。図は配水系統の概略で町丁目単位の断定ではない。純度 100%（判定に使った画素 685）。位置合わせ IoU 0.929（6パラメータ）。凡例表が名指しした検査地点との代表一致率 86%
TRACE_KWS:141310040,141310040,FAC_KWS_SUEYOSHI,1.0,medium,2026-04-01,,DOC_KWS_SUISHITSU_R8,令和8年度水質検査計画 p11 図−7「水質検査地点概要図」の塗り分けからのラスタ読み取り。長沢・企業団西長沢 → 末吉配水池。図は配水系統の概略で町丁目単位の断定ではない。純度 100%（判定に使った画素 1699）。位置合わせ IoU 0.929（6パラメータ）。凡例表が名指しした検査地点との代表一致率 86%
TRACE_KWS:14131005001,14131005001,FAC_KWS_SUEYOSHI,1.0,medium,2026-04-01,,DOC_KWS_SUISHITSU_R8,令和8年度水質検査計画 p11 図−7「水質検査地点概要図」の塗り分けからのラスタ読み取り。長沢・企業団西長沢 → 末吉配水池。図は配水系統の概略で町丁目単位の断定ではない。純度 100%（判定に使った画素 2514）。位置合わせ IoU 0.929（6パラメータ）。凡例表が名指しした検査地点との代表一致率 86%
TRACE_KWS:14131005002,14131005002,FAC_KWS_SUEYOSHI,1.0,medium,2026-04-01,,DOC_KWS_SUISHITSU_R8,令和8年度水質検査計画 p11 図−7「水質検査地点概要図」の塗り分けからのラスタ読み取り。長沢・企業団西長沢 → 末吉配水池。図は配水系統の概略で町丁目単位の断定ではない。純度 100%（判定に使った画素 1921）。位置合わせ IoU 0.929（6パラメータ）。凡例表が名指しした検査地点との代表一致率 86%
TRACE_KWS:14131005003,14131005003,FAC_KWS_SUEYOSHI,1.0,low,2026-04-01,,DOC_KWS_SUISHITSU_R8,令和8年度水質検査計画 p11 図−7「水質検査地点概要図」の塗り分けからのラスタ読み取り。長沢・企業団西長沢 → 末吉配水池。図は配水系統の概略で町丁目単位の断定ではない。純度 94%（判定に使った画素 1522）。位置合わせ IoU 0.929（6パラメータ）。凡例表が名指しした検査地点との代表一致率 86%
TRACE_KWS:14131005004,14131005004,FAC_KWS_SUEYOSHI,1.0,low,2026-04-01,,DOC_KWS_SUISHITSU_R8,令和8年度水質検査計画 p11 図−7「水質検査地点概要図」の塗り分けからのラスタ読み取り。長沢・企業団西長沢 → 末吉配水池。図は配水系統の概略で町丁目単位の断定ではない。純度 92%（判定に使った画素 1618）。位置合わせ IoU 0.929（6パラメータ）。凡例表が名指しした検査地点との代表一致率 86%
TRACE_KWS:14131006001,14131006001,FAC_KWS_SUEYOSHI,1.0,low,2026-04-01,,DOC_KWS_SUISHITSU_R8,令和8年度水質検査計画 p11 図−7「水質検査地点概要図」の塗り分けからのラスタ読み取り。長沢・企業団西長沢 → 末吉配水池。図は配水系統の概略で町丁目単位の断定ではない。純度 92%（判定に使った画素 1456）。位置合わせ IoU 0.929（6パラメータ）。凡例表が名指しした検査地点との代表一致率 86%
TRACE_KWS:14131006002,14131006002,FAC_KWS_SUEYOSHI,1.0,low,2026-04-01,,DOC_KWS_SUISHITSU_R8,令和8年度水質検査計画 p11 図−7「水質検査地点概要図」の塗り分けからのラスタ読み取り。長沢・企業団西長沢 → 末吉配水池。図は配水系統の概略で町丁目単位の断定ではない。純度 94%（判定に使った画素 1648）。位置合わせ IoU 0.929（6パラメータ）。凡例表が名指しした検査地点との代表一致率 86%
TRACE_KWS:14131007001,14131007001,FAC_KWS_IKUTA,1.0,medium,2026-04-01,,DOC_KWS_SUISHITSU_R8,令和8年度水質検査計画 p11 図−7「水質検査地点概要図」の塗り分けからのラスタ読み取り。長沢・企業団西長沢 → 生田配水池。図は配水系統の概略で町丁目単位の断定ではない。純度 100%（判定に使った画素 151）。位置合わせ IoU 0.929（6パラメータ）。凡例表が名指しした検査地点との代表一致率 86%
TRACE_KWS:14131007002,14131007002,FAC_KWS_SUEYOSHI,1.0,low,2026-04-01,,DOC_KWS_SUISHITSU_R8,令和8年度水質検査計画 p11 図−7「水質検査地点概要図」の塗り分けからのラスタ読み取り。長沢・企業団西長沢 → 末吉配水池。図は配水系統の概略で町丁目単位の断定ではない。純度 56%（判定に使った画素 677）。位置合わせ IoU 0.929（6パラメータ）。凡例表が名指しした検査地点との代表一致率 86%
TRACE_KWS:14131007003,14131007003,FAC_KWS_SUEYOSHI,1.0,medium,2026-04-01,,DOC_KWS_SUISHITSU_R8,令和8年度水質検査計画 p11 図−7「水質検査地点概要図」の塗り分けからのラスタ読み取り。長沢・企業団西長沢 → 末吉配水池。図は配水系統の概略で町丁目単位の断定ではない。純度 98%（判定に使った画素 2125）。位置合わせ IoU 0.929（6パラメータ）。凡例表が名指しした検査地点との代表一致率 86%
TRACE_KWS:141310080,141310080,FAC_KWS_SUEYOSHI,1.0,medium,2026-04-01,,DOC_KWS_SUISHITSU_R8,令和8年度水質検査計画 p11 図−7「水質検査地点概要図」の塗り分けからのラスタ読み取り。長沢・企業団西長沢 → 末吉配水池。図は配水系統の概略で町丁目単位の断定ではない。純度 100%（判定に使った画素 4717）。位置合わせ IoU 0.929（6パラメータ）。凡例表が名指しした検査地点との代表一致率 86%
TRACE_KWS:141310090,141310090,FAC_KWS_SUEYOSHI,1.0,medium,2026-04-01,,DOC_KWS_SUISHITSU_R8,令和8年度水質検査計画 p11 図−7「水質検査地点概要図」の塗り分けからのラスタ読み取り。長沢・企業団西長沢 → 末吉配水池。図は配水系統の概略で町丁目単位の断定ではない。純度 100%（判定に使った画素 3216）。位置合わせ IoU 0.929（6パラメータ）。凡例表が名指しした検査地点との代表一致率 86%
TRACE_KWS:141310100,141310100,FAC_KWS_SUEYOSHI,1.0,medium,2026-04-01,,DOC_KWS_SUISHITSU_R8,令和8年度水質検査計画 p11 図−7「水質検査地点概要図」の塗り分けからのラスタ読み取り。長沢・企業団西長沢 → 末吉配水池。図は配水系統の概略で町丁目単位の断定ではない。純度 99%（判定に使った画素 570）。位置合わせ IoU 0.929（6パラメータ）。凡例表が名指しした検査地点との代表一致率 86%
TRACE_KWS:141310110,141310110,FAC_KWS_SUEYOSHI,1.0,medium,2026-04-01,,DOC_KWS_SUISHITSU_R8,令和8年度水質検査計画 p11 図−7「水質検査地点概要図」の塗り分けからのラスタ読み取り。長沢・企業団西長沢 → 末吉配水池。図は配水系統の概略で町丁目単位の断定ではない。純度 100%（判定に使った画素 1801）。位置合わせ IoU 0.929（6パラメータ）。凡例表が名指しした検査地点との代表一致率 86%
TRACE_KWS:14131012001,14131012001,FAC_KWS_SUEYOSHI,1.0,medium,2026-04-01,,DOC_KWS_SUISHITSU_R8,令和8年度水質検査計画 p11 図−7「水質検査地点概要図」の塗り分けからのラスタ読み取り。長沢・企業団西長沢 → 末吉配水池。図は配水系統の概略で町丁目単位の断定ではない。純度 100%（判定に使った画素 865）。位置合わせ IoU 0.929（6パラメータ）。凡例表が名指しした検査地点との代表一致率 86%
TRACE_KWS:14131012002,14131012002,FAC_KWS_SUEYOSHI,1.0,medium,2026-04-01,,DOC_KWS_SUISHITSU_R8,令和8年度水質検査計画 p11 図−7「水質検査地点概要図」の塗り分けからのラスタ読み取り。長沢・企業団西長沢 → 末吉配水池。図は配水系統の概略で町丁目単位の断定ではない。純度 100%（判定に使った画素 2627）。位置合わせ IoU 0.929（6パラメータ）。凡例表が名指しした検査地点との代表一致率 86%
TRACE_KWS:141310130,141310130,FAC_KWS_SUEYOSHI,1.0,medium,2026-04-01,,DOC_KWS_SUISHITSU_R8,令和8年度水質検査計画 p11 図−7「水質検査地点概要図」の塗り分けからのラスタ読み取り。長沢・企業団西長沢 → 末吉配水池。図は配水系統の概略で町丁目単位の断定ではない。純度 100%（判定に使った画素 1398）。位置合わせ IoU 0.929（6パラメータ）。凡例表が名指しした検査地点との代表一致率 86%
TRACE_KWS:141310140,141310140,FAC_KWS_SUEYOSHI,1.0,medium,2026-04-01,,DOC_KWS_SUISHITSU_R8,令和8年度水質検査計画 p11 図−7「水質検査地点概要図」の塗り分けからのラスタ読み取り。長沢・企業団西長沢 → 末吉配水池。図は配水系統の概略で町丁目単位の断定ではない。純度 100%（判定に使った画素 138）。位置合わせ IoU 0.929（6パラメータ）。凡例表が名指しした検査地点との代表一致率 86%
TRACE_KWS:141310150,141310150,FAC_KWS_SUEYOSHI,1.0,low,2026-04-01,,DOC_KWS_SUISHITSU_R8,令和8年度水質検査計画 p11 図−7「水質検査地点概要図」の塗り分けからのラスタ読み取り。長沢・企業団西長沢 → 末吉配水池。図は配水系統の概略で町丁目単位の断定ではない。純度 92%（判定に使った画素 281）。位置合わせ IoU 0.929（6パラメータ）。凡例表が名指しした検査地点との代表一致率 86%
TRACE_KWS:14131016001,14131016001,FAC_KWS_SUEYOSHI,1.0,medium,2026-04-01,,DOC_KWS_SUISHITSU_R8,令和8年度水質検査計画 p11 図−7「水質検査地点概要図」の塗り分けからのラスタ読み取り。長沢・企業団西長沢 → 末吉配水池。図は配水系統の概略で町丁目単位の断定ではない。純度 100%（判定に使った画素 1193）。位置合わせ IoU 0.929（6パラメータ）。凡例表が名指しした検査地点との代表一致率 86%
TRACE_KWS:14131016002,14131016002,FAC_KWS_SUEYOSHI,1.0,medium,2026-04-01,,DOC_KWS_SUISHITSU_R8,令和8年度水質検査計画 p11 図−7「水質検査地点概要図」の塗り分けからのラスタ読み取り。長沢・企業団西長沢 → 末吉配水池。図は配水系統の概略で町丁目単位の断定ではない。純度 100%（判定に使った画素 869）。位置合わせ IoU 0.929（6パラメータ）。凡例表が名指しした検査地点との代表一致率 86%
TRACE_KWS:14131016003,14131016003,FAC_KWS_SUEYOSHI,1.0,medium,2026-04-01,,DOC_KWS_SUISHITSU_R8,令和8年度水質検査計画 p11 図−7「水質検査地点概要図」の塗り分けからのラスタ読み取り。長沢・企業団西長沢 → 末吉配水池。図は配水系統の概略で町丁目単位の断定ではない。純度 100%（判定に使った画素 2022）。位置合わせ IoU 0.929（6パラメータ）。凡例表が名指しした検査地点との代表一致率 86%
TRACE_KWS:14131017001,14131017001,FAC_KWS_SUEYOSHI,1.0,medium,2026-04-01,,DOC_KWS_SUISHITSU_R8,令和8年度水質検査計画 p11 図−7「水質検査地点概要図」の塗り分けからのラスタ読み取り。長沢・企業団西長沢 → 末吉配水池。図は配水系統の概略で町丁目単位の断定ではない。純度 100%（判定に使った画素 7150）。位置合わせ IoU 0.929（6パラメータ）。凡例表が名指しした検査地点との代表一致率 86%
TRACE_KWS:14131017002,14131017002,FAC_KWS_SUEYOSHI,1.0,medium,2026-04-01,,DOC_KWS_SUISHITSU_R8,令和8年度水質検査計画 p11 図−7「水質検査地点概要図」の塗り分けからのラスタ読み取り。長沢・企業団西長沢 → 末吉配水池。図は配水系統の概略で町丁目単位の断定ではない。純度 100%（判定に使った画素 1575）。位置合わせ IoU 0.929（6パラメータ）。凡例表が名指しした検査地点との代表一致率 86%
TRACE_KWS:14131018001,14131018001,FAC_KWS_SUEYOSHI,1.0,medium,2026-04-01,,DOC_KWS_SUISHITSU_R8,令和8年度水質検査計画 p11 図−7「水質検査地点概要図」の塗り分けからのラスタ読み取り。長沢・企業団西長沢 → 末吉配水池。図は配水系統の概略で町丁目単位の断定ではない。純度 98%（判定に使った画素 1210）。位置合わせ IoU 0.929（6パラメータ）。凡例表が名指しした検査地点との代表一致率 86%
TRACE_KWS:14131018003,14131018003,FAC_KWS_SUEYOSHI,1.0,medium,2026-04-01,,DOC_KWS_SUISHITSU_R8,令和8年度水質検査計画 p11 図−7「水質検査地点概要図」の塗り分けからのラスタ読み取り。長沢・企業団西長沢 → 末吉配水池。図は配水系統の概略で町丁目単位の断定ではない。純度 100%（判定に使った画素 17936）。位置合わせ IoU 0.929（6パラメータ）。凡例表が名指しした検査地点との代表一致率 86%
TRACE_KWS:141310190,141310190,FAC_KWS_SUEYOSHI,1.0,medium,2026-04-01,,DOC_KWS_SUISHITSU_R8,令和8年度水質検査計画 p11 図−7「水質検査地点概要図」の塗り分けからのラスタ読み取り。長沢・企業団西長沢 → 末吉配水池。図は配水系統の概略で町丁目単位の断定ではない。純度 100%（判定に使った画素 11939）。位置合わせ IoU 0.929（6パラメータ）。凡例表が名指しした検査地点との代表一致率 86%
TRACE_KWS:14131020002,14131020002,FAC_KWS_SUEYOSHI,1.0,medium,2026-04-01,,DOC_KWS_SUISHITSU_R8,令和8年度水質検査計画 p11 図−7「水質検査地点概要図」の塗り分けからのラスタ読み取り。長沢・企業団西長沢 → 末吉配水池。図は配水系統の概略で町丁目単位の断定ではない。純度 100%（判定に使った画素 428）。位置合わせ IoU 0.929（6パラメータ）。凡例表が名指しした検査地点との代表一致率 86%
TRACE_KWS:14131021001,14131021001,FAC_KWS_SUEYOSHI,1.0,medium,2026-04-01,,DOC_KWS_SUISHITSU_R8,令和8年度水質検査計画 p11 図−7「水質検査地点概要図」の塗り分けからのラスタ読み取り。長沢・企業団西長沢 → 末吉配水池。図は配水系統の概略で町丁目単位の断定ではない。純度 100%（判定に使った画素 487）。位置合わせ IoU 0.929（6パラメータ）。凡例表が名指しした検査地点との代表一致率 86%
TRACE_KWS:14131021002,14131021002,FAC_KWS_SUEYOSHI,1.0,medium,2026-04-01,,DOC_KWS_SUISHITSU_R8,令和8年度水質検査計画 p11 図−7「水質検査地点概要図」の塗り分けからのラスタ読み取り。長沢・企業団西長沢 → 末吉配水池。図は配水系統の概略で町丁目単位の断定ではない。純度 100%（判定に使った画素 2010）。位置合わせ IoU 0.929（6パラメータ）。凡例表が名指しした検査地点との代表一致率 86%
TRACE_KWS:14131021003,14131021003,FAC_KWS_SUEYOSHI,1.0,medium,2026-04-01,,DOC_KWS_SUISHITSU_R8,令和8年度水質検査計画 p11 図−7「水質検査地点概要図」の塗り分けからのラスタ読み取り。長沢・企業団西長沢 → 末吉配水池。図は配水系統の概略で町丁目単位の断定ではない。純度 100%（判定に使った画素 1791）。位置合わせ IoU 0.929（6パラメータ）。凡例表が名指しした検査地点との代表一致率 86%
TRACE_KWS:14131022001,14131022001,FAC_KWS_SUEYOSHI,1.0,medium,2026-04-01,,DOC_KWS_SUISHITSU_R8,令和8年度水質検査計画 p11 図−7「水質検査地点概要図」の塗り分けからのラスタ読み取り。長沢・企業団西長沢 → 末吉配水池。図は配水系統の概略で町丁目単位の断定ではない。純度 100%（判定に使った画素 1787）。位置合わせ IoU 0.929（6パラメータ）。凡例表が名指しした検査地点との代表一致率 86%
TRACE_KWS:14131022002,14131022002,FAC_KWS_SUEYOSHI,1.0,medium,2026-04-01,,DOC_KWS_SUISHITSU_R8,令和8年度水質検査計画 p11 図−7「水質検査地点概要図」の塗り分けからのラスタ読み取り。長沢・企業団西長沢 → 末吉配水池。図は配水系統の概略で町丁目単位の断定ではない。純度 100%（判定に使った画素 1880）。位置合わせ IoU 0.929（6パラメータ）。凡例表が名指しした検査地点との代表一致率 86%
TRACE_KWS:14131023001,14131023001,FAC_KWS_SUEYOSHI,1.0,medium,2026-04-01,,DOC_KWS_SUISHITSU_R8,令和8年度水質検査計画 p11 図−7「水質検査地点概要図」の塗り分けからのラスタ読み取り。長沢・企業団西長沢 → 末吉配水池。図は配水系統の概略で町丁目単位の断定ではない。純度 100%（判定に使った画素 2842）。位置合わせ IoU 0.929（6パラメータ）。凡例表が名指しした検査地点との代表一致率 86%
TRACE_KWS:14131023002,14131023002,FAC_KWS_SUEYOSHI,1.0,medium,2026-04-01,,DOC_KWS_SUISHITSU_R8,令和8年度水質検査計画 p11 図−7「水質検査地点概要図」の塗り分けからのラスタ読み取り。長沢・企業団西長沢 → 末吉配水池。図は配水系統の概略で町丁目単位の断定ではない。純度 100%（判定に使った画素 1233）。位置合わせ IoU 0.929（6パラメータ）。凡例表が名指しした検査地点との代表一致率 86%
TRACE_KWS:14131023003,14131023003,FAC_KWS_SUEYOSHI,1.0,medium,2026-04-01,,DOC_KWS_SUISHITSU_R8,令和8年度水質検査計画 p11 図−7「水質検査地点概要図」の塗り分けからのラスタ読み取り。長沢・企業団西長沢 → 末吉配水池。図は配水系統の概略で町丁目単位の断定ではない。純度 100%（判定に使った画素 3687）。位置合わせ IoU 0.929（6パラメータ）。凡例表が名指しした検査地点との代表一致率 86%
TRACE_KWS:14131023004,14131023004,FAC_KWS_SUEYOSHI,1.0,medium,2026-04-01,,DOC_KWS_SUISHITSU_R8,令和8年度水質検査計画 p11 図−7「水質検査地点概要図」の塗り分けからのラスタ読み取り。長沢・企業団西長沢 → 末吉配水池。図は配水系統の概略で町丁目単位の断定ではない。純度 100%（判定に使った画素 6521）。位置合わせ IoU 0.929（6パラメータ）。凡例表が名指しした検査地点との代表一致率 86%
TRACE_KWS:14131024001,14131024001,FAC_KWS_SUEYOSHI,1.0,medium,2026-04-01,,DOC_KWS_SUISHITSU_R8,令和8年度水質検査計画 p11 図−7「水質検査地点概要図」の塗り分けからのラスタ読み取り。長沢・企業団西長沢 → 末吉配水池。図は配水系統の概略で町丁目単位の断定ではない。純度 100%（判定に使った画素 6067）。位置合わせ IoU 0.929（6パラメータ）。凡例表が名指しした検査地点との代表一致率 86%
TRACE_KWS:14131024002,14131024002,FAC_KWS_SUEYOSHI,1.0,medium,2026-04-01,,DOC_KWS_SUISHITSU_R8,令和8年度水質検査計画 p11 図−7「水質検査地点概要図」の塗り分けからのラスタ読み取り。長沢・企業団西長沢 → 末吉配水池。図は配水系統の概略で町丁目単位の断定ではない。純度 100%（判定に使った画素 3762）。位置合わせ IoU 0.929（6パラメータ）。凡例表が名指しした検査地点との代表一致率 86%
TRACE_KWS:141310250,141310250,FAC_KWS_SUEYOSHI,1.0,medium,2026-04-01,,DOC_KWS_SUISHITSU_R8,令和8年度水質検査計画 p11 図−7「水質検査地点概要図」の塗り分けからのラスタ読み取り。長沢・企業団西長沢 → 末吉配水池。図は配水系統の概略で町丁目単位の断定ではない。純度 100%（判定に使った画素 76828）。位置合わせ IoU 0.929（6パラメータ）。凡例表が名指しした検査地点との代表一致率 86%
TRACE_KWS:141310260,141310260,FAC_KWS_SUEYOSHI,1.0,medium,2026-04-01,,DOC_KWS_SUISHITSU_R8,令和8年度水質検査計画 p11 図−7「水質検査地点概要図」の塗り分けからのラスタ読み取り。長沢・企業団西長沢 → 末吉配水池。図は配水系統の概略で町丁目単位の断定ではない。純度 100%（判定に使った画素 30752）。位置合わせ IoU 0.929（6パラメータ）。凡例表が名指しした検査地点との代表一致率 86%
TRACE_KWS:141310270,141310270,FAC_KWS_SUEYOSHI,1.0,medium,2026-04-01,,DOC_KWS_SUISHITSU_R8,令和8年度水質検査計画 p11 図−7「水質検査地点概要図」の塗り分けからのラスタ読み取り。長沢・企業団西長沢 → 末吉配水池。図は配水系統の概略で町丁目単位の断定ではない。純度 100%（判定に使った画素 25535）。位置合わせ IoU 0.929（6パラメータ）。凡例表が名指しした検査地点との代表一致率 86%
TRACE_KWS:141310280,141310280,FAC_KWS_SUEYOSHI,1.0,medium,2026-04-01,,DOC_KWS_SUISHITSU_R8,令和8年度水質検査計画 p11 図−7「水質検査地点概要図」の塗り分けからのラスタ読み取り。長沢・企業団西長沢 → 末吉配水池。図は配水系統の概略で町丁目単位の断定ではない。純度 98%（判定に使った画素 60417）。位置合わせ IoU 0.929（6パラメータ）。凡例表が名指しした検査地点との代表一致率 86%
TRACE_KWS:14131051001,14131051001,FAC_KWS_SUEYOSHI,1.0,medium,2026-04-01,,DOC_KWS_SUISHITSU_R8,令和8年度水質検査計画 p11 図−7「水質検査地点概要図」の塗り分けからのラスタ読み取り。長沢・企業団西長沢 → 末吉配水池。図は配水系統の概略で町丁目単位の断定ではない。純度 97%（判定に使った画素 3226）。位置合わせ IoU 0.929（6パラメータ）。凡例表が名指しした検査地点との代表一致率 86%
TRACE_KWS:14131051002,14131051002,FAC_KWS_SUEYOSHI,1.0,low,2026-04-01,,DOC_KWS_SUISHITSU_R8,令和8年度水質検査計画 p11 図−7「水質検査地点概要図」の塗り分けからのラスタ読み取り。長沢・企業団西長沢 → 末吉配水池。図は配水系統の概略で町丁目単位の断定ではない。純度 52%（判定に使った画素 696）。位置合わせ IoU 0.929（6パラメータ）。凡例表が名指しした検査地点との代表一致率 86%
TRACE_KWS:14131052001,14131052001,FAC_KWS_SUEYOSHI,1.0,medium,2026-04-01,,DOC_KWS_SUISHITSU_R8,令和8年度水質検査計画 p11 図−7「水質検査地点概要図」の塗り分けからのラスタ読み取り。長沢・企業団西長沢 → 末吉配水池。図は配水系統の概略で町丁目単位の断定ではない。純度 100%（判定に使った画素 1668）。位置合わせ IoU 0.929（6パラメータ）。凡例表が名指しした検査地点との代表一致率 86%
TRACE_KWS:14131052002,14131052002,FAC_KWS_SUEYOSHI,1.0,medium,2026-04-01,,DOC_KWS_SUISHITSU_R8,令和8年度水質検査計画 p11 図−7「水質検査地点概要図」の塗り分けからのラスタ読み取り。長沢・企業団西長沢 → 末吉配水池。図は配水系統の概略で町丁目単位の断定ではない。純度 100%（判定に使った画素 2359）。位置合わせ IoU 0.929（6パラメータ）。凡例表が名指しした検査地点との代表一致率 86%
TRACE_KWS:14131052003,14131052003,FAC_KWS_SUEYOSHI,1.0,medium,2026-04-01,,DOC_KWS_SUISHITSU_R8,令和8年度水質検査計画 p11 図−7「水質検査地点概要図」の塗り分けからのラスタ読み取り。長沢・企業団西長沢 → 末吉配水池。図は配水系統の概略で町丁目単位の断定ではない。純度 100%（判定に使った画素 1116）。位置合わせ IoU 0.929（6パラメータ）。凡例表が名指しした検査地点との代表一致率 86%
TRACE_KWS:14131052004,14131052004,FAC_KWS_SUEYOSHI,1.0,medium,2026-04-01,,DOC_KWS_SUISHITSU_R8,令和8年度水質検査計画 p11 図−7「水質検査地点概要図」の塗り分けからのラスタ読み取り。長沢・企業団西長沢 → 末吉配水池。図は配水系統の概略で町丁目単位の断定ではない。純度 100%（判定に使った画素 1734）。位置合わせ IoU 0.929（6パラメータ）。凡例表が名指しした検査地点との代表一致率 86%
TRACE_KWS:141310530,141310530,FAC_KWS_SUEYOSHI,1.0,medium,2026-04-01,,DOC_KWS_SUISHITSU_R8,令和8年度水質検査計画 p11 図−7「水質検査地点概要図」の塗り分けからのラスタ読み取り。長沢・企業団西長沢 → 末吉配水池。図は配水系統の概略で町丁目単位の断定ではない。純度 100%（判定に使った画素 1333）。位置合わせ IoU 0.929（6パラメータ）。凡例表が名指しした検査地点との代表一致率 86%
TRACE_KWS:14131054001,14131054001,FAC_KWS_SUEYOSHI,1.0,medium,2026-04-01,,DOC_KWS_SUISHITSU_R8,令和8年度水質検査計画 p11 図−7「水質検査地点概要図」の塗り分けからのラスタ読み取り。長沢・企業団西長沢 → 末吉配水池。図は配水系統の概略で町丁目単位の断定ではない。純度 100%（判定に使った画素 2201）。位置合わせ IoU 0.929（6パラメータ）。凡例表が名指しした検査地点との代表一致率 86%
TRACE_KWS:14131054002,14131054002,FAC_KWS_SUEYOSHI,1.0,medium,2026-04-01,,DOC_KWS_SUISHITSU_R8,令和8年度水質検査計画 p11 図−7「水質検査地点概要図」の塗り分けからのラスタ読み取り。長沢・企業団西長沢 → 末吉配水池。図は配水系統の概略で町丁目単位の断定ではない。純度 100%（判定に使った画素 1371）。位置合わせ IoU 0.929（6パラメータ）。凡例表が名指しした検査地点との代表一致率 86%
TRACE_KWS:14131054003,14131054003,FAC_KWS_SUEYOSHI,1.0,medium,2026-04-01,,DOC_KWS_SUISHITSU_R8,令和8年度水質検査計画 p11 図−7「水質検査地点概要図」の塗り分けからのラスタ読み取り。長沢・企業団西長沢 → 末吉配水池。図は配水系統の概略で町丁目単位の断定ではない。純度 100%（判定に使った画素 1145）。位置合わせ IoU 0.929（6パラメータ）。凡例表が名指しした検査地点との代表一致率 86%
TRACE_KWS:14131054004,14131054004,FAC_KWS_SUEYOSHI,1.0,medium,2026-04-01,,DOC_KWS_SUISHITSU_R8,令和8年度水質検査計画 p11 図−7「水質検査地点概要図」の塗り分けからのラスタ読み取り。長沢・企業団西長沢 → 末吉配水池。図は配水系統の概略で町丁目単位の断定ではない。純度 100%（判定に使った画素 2194）。位置合わせ IoU 0.929（6パラメータ）。凡例表が名指しした検査地点との代表一致率 86%
TRACE_KWS:14131054005,14131054005,FAC_KWS_SUEYOSHI,1.0,medium,2026-04-01,,DOC_KWS_SUISHITSU_R8,令和8年度水質検査計画 p11 図−7「水質検査地点概要図」の塗り分けからのラスタ読み取り。長沢・企業団西長沢 → 末吉配水池。図は配水系統の概略で町丁目単位の断定ではない。純度 100%（判定に使った画素 1119）。位置合わせ IoU 0.929（6パラメータ）。凡例表が名指しした検査地点との代表一致率 86%
TRACE_KWS:141310550,141310550,FAC_KWS_SUEYOSHI,1.0,medium,2026-04-01,,DOC_KWS_SUISHITSU_R8,令和8年度水質検査計画 p11 図−7「水質検査地点概要図」の塗り分けからのラスタ読み取り。長沢・企業団西長沢 → 末吉配水池。図は配水系統の概略で町丁目単位の断定ではない。純度 100%（判定に使った画素 2560）。位置合わせ IoU 0.929（6パラメータ）。凡例表が名指しした検査地点との代表一致率 86%
TRACE_KWS:14131056001,14131056001,FAC_KWS_SUEYOSHI,1.0,medium,2026-04-01,,DOC_KWS_SUISHITSU_R8,令和8年度水質検査計画 p11 図−7「水質検査地点概要図」の塗り分けからのラスタ読み取り。長沢・企業団西長沢 → 末吉配水池。図は配水系統の概略で町丁目単位の断定ではない。純度 100%（判定に使った画素 1663）。位置合わせ IoU 0.929（6パラメータ）。凡例表が名指しした検査地点との代表一致率 86%
TRACE_KWS:14131056002,14131056002,FAC_KWS_SUEYOSHI,1.0,medium,2026-04-01,,DOC_KWS_SUISHITSU_R8,令和8年度水質検査計画 p11 図−7「水質検査地点概要図」の塗り分けからのラスタ読み取り。長沢・企業団西長沢 → 末吉配水池。図は配水系統の概略で町丁目単位の断定ではない。純度 100%（判定に使った画素 3366）。位置合わせ IoU 0.929（6パラメータ）。凡例表が名指しした検査地点との代表一致率 86%
TRACE_KWS:14131057001,14131057001,FAC_KWS_SUEYOSHI,1.0,medium,2026-04-01,,DOC_KWS_SUISHITSU_R8,令和8年度水質検査計画 p11 図−7「水質検査地点概要図」の塗り分けからのラスタ読み取り。長沢・企業団西長沢 → 末吉配水池。図は配水系統の概略で町丁目単位の断定ではない。純度 100%（判定に使った画素 956）。位置合わせ IoU 0.929（6パラメータ）。凡例表が名指しした検査地点との代表一致率 86%
TRACE_KWS:14131057003,14131057003,FAC_KWS_SUEYOSHI,1.0,medium,2026-04-01,,DOC_KWS_SUISHITSU_R8,令和8年度水質検査計画 p11 図−7「水質検査地点概要図」の塗り分けからのラスタ読み取り。長沢・企業団西長沢 → 末吉配水池。図は配水系統の概略で町丁目単位の断定ではない。純度 99%（判定に使った画素 724）。位置合わせ IoU 0.929（6パラメータ）。凡例表が名指しした検査地点との代表一致率 86%
TRACE_KWS:14131057005,14131057005,FAC_KWS_SUEYOSHI,1.0,medium,2026-04-01,,DOC_KWS_SUISHITSU_R8,令和8年度水質検査計画 p11 図−7「水質検査地点概要図」の塗り分けからのラスタ読み取り。長沢・企業団西長沢 → 末吉配水池。図は配水系統の概略で町丁目単位の断定ではない。純度 100%（判定に使った画素 2126）。位置合わせ IoU 0.929（6パラメータ）。凡例表が名指しした検査地点との代表一致率 86%
TRACE_KWS:14131057006,14131057006,FAC_KWS_SUEYOSHI,1.0,medium,2026-04-01,,DOC_KWS_SUISHITSU_R8,令和8年度水質検査計画 p11 図−7「水質検査地点概要図」の塗り分けからのラスタ読み取り。長沢・企業団西長沢 → 末吉配水池。図は配水系統の概略で町丁目単位の断定ではない。純度 100%（判定に使った画素 1316）。位置合わせ IoU 0.929（6パラメータ）。凡例表が名指しした検査地点との代表一致率 86%
TRACE_KWS:14131057007,14131057007,FAC_KWS_SUEYOSHI,1.0,medium,2026-04-01,,DOC_KWS_SUISHITSU_R8,令和8年度水質検査計画 p11 図−7「水質検査地点概要図」の塗り分けからのラスタ読み取り。長沢・企業団西長沢 → 末吉配水池。図は配水系統の概略で町丁目単位の断定ではない。純度 100%（判定に使った画素 1975）。位置合わせ IoU 0.929（6パラメータ）。凡例表が名指しした検査地点との代表一致率 86%
TRACE_KWS:14131058001,14131058001,FAC_KWS_SUEYOSHI,1.0,medium,2026-04-01,,DOC_KWS_SUISHITSU_R8,令和8年度水質検査計画 p11 図−7「水質検査地点概要図」の塗り分けからのラスタ読み取り。長沢・企業団西長沢 → 末吉配水池。図は配水系統の概略で町丁目単位の断定ではない。純度 100%（判定に使った画素 1243）。位置合わせ IoU 0.929（6パラメータ）。凡例表が名指しした検査地点との代表一致率 86%
TRACE_KWS:14131058002,14131058002,FAC_KWS_SUEYOSHI,1.0,medium,2026-04-01,,DOC_KWS_SUISHITSU_R8,令和8年度水質検査計画 p11 図−7「水質検査地点概要図」の塗り分けからのラスタ読み取り。長沢・企業団西長沢 → 末吉配水池。図は配水系統の概略で町丁目単位の断定ではない。純度 100%（判定に使った画素 1754）。位置合わせ IoU 0.929（6パラメータ）。凡例表が名指しした検査地点との代表一致率 86%
TRACE_KWS:14131058003,14131058003,FAC_KWS_SUEYOSHI,1.0,medium,2026-04-01,,DOC_KWS_SUISHITSU_R8,令和8年度水質検査計画 p11 図−7「水質検査地点概要図」の塗り分けからのラスタ読み取り。長沢・企業団西長沢 → 末吉配水池。図は配水系統の概略で町丁目単位の断定ではない。純度 100%（判定に使った画素 1580）。位置合わせ IoU 0.929（6パラメータ）。凡例表が名指しした検査地点との代表一致率 86%
TRACE_KWS:14131058004,14131058004,FAC_KWS_SUEYOSHI,1.0,medium,2026-04-01,,DOC_KWS_SUISHITSU_R8,令和8年度水質検査計画 p11 図−7「水質検査地点概要図」の塗り分けからのラスタ読み取り。長沢・企業団西長沢 → 末吉配水池。図は配水系統の概略で町丁目単位の断定ではない。純度 100%（判定に使った画素 1071）。位置合わせ IoU 0.929（6パラメータ）。凡例表が名指しした検査地点との代表一致率 86%
TRACE_KWS:141310590,141310590,FAC_KWS_SUEYOSHI,1.0,medium,2026-04-01,,DOC_KWS_SUISHITSU_R8,令和8年度水質検査計画 p11 図−7「水質検査地点概要図」の塗り分けからのラスタ読み取り。長沢・企業団西長沢 → 末吉配水池。図は配水系統の概略で町丁目単位の断定ではない。純度 98%（判定に使った画素 7183）。位置合わせ IoU 0.929（6パラメータ）。凡例表が名指しした検査地点との代表一致率 86%
TRACE_KWS:141310600,141310600,FAC_KWS_SUEYOSHI,1.0,medium,2026-04-01,,DOC_KWS_SUISHITSU_R8,令和8年度水質検査計画 p11 図−7「水質検査地点概要図」の塗り分けからのラスタ読み取り。長沢・企業団西長沢 → 末吉配水池。図は配水系統の概略で町丁目単位の断定ではない。純度 100%（判定に使った画素 6374）。位置合わせ IoU 0.929（6パラメータ）。凡例表が名指しした検査地点との代表一致率 86%
TRACE_KWS:141310610,141310610,FAC_KWS_SUEYOSHI,1.0,medium,2026-04-01,,DOC_KWS_SUISHITSU_R8,令和8年度水質検査計画 p11 図−7「水質検査地点概要図」の塗り分けからのラスタ読み取り。長沢・企業団西長沢 → 末吉配水池。図は配水系統の概略で町丁目単位の断定ではない。純度 100%（判定に使った画素 10379）。位置合わせ IoU 0.929（6パラメータ）。凡例表が名指しした検査地点との代表一致率 86%
TRACE_KWS:141310620,141310620,FAC_KWS_SUEYOSHI,1.0,medium,2026-04-01,,DOC_KWS_SUISHITSU_R8,令和8年度水質検査計画 p11 図−7「水質検査地点概要図」の塗り分けからのラスタ読み取り。長沢・企業団西長沢 → 末吉配水池。図は配水系統の概略で町丁目単位の断定ではない。純度 100%（判定に使った画素 4979）。位置合わせ IoU 0.929（6パラメータ）。凡例表が名指しした検査地点との代表一致率 86%
TRACE_KWS:141310630,141310630,FAC_KWS_SUEYOSHI,1.0,medium,2026-04-01,,DOC_KWS_SUISHITSU_R8,令和8年度水質検査計画 p11 図−7「水質検査地点概要図」の塗り分けからのラスタ読み取り。長沢・企業団西長沢 → 末吉配水池。図は配水系統の概略で町丁目単位の断定ではない。純度 100%（判定に使った画素 4573）。位置合わせ IoU 0.929（6パラメータ）。凡例表が名指しした検査地点との代表一致率 86%
TRACE_KWS:141310650,141310650,FAC_KWS_SUEYOSHI,1.0,medium,2026-04-01,,DOC_KWS_SUISHITSU_R8,令和8年度水質検査計画 p11 図−7「水質検査地点概要図」の塗り分けからのラスタ読み取り。長沢・企業団西長沢 → 末吉配水池。図は配水系統の概略で町丁目単位の断定ではない。純度 100%（判定に使った画素 26551）。位置合わせ IoU 0.929（6パラメータ）。凡例表が名指しした検査地点との代表一致率 86%
TRACE_KWS:141310660,141310660,FAC_KWS_SUEYOSHI,1.0,medium,2026-04-01,,DOC_KWS_SUISHITSU_R8,令和8年度水質検査計画 p11 図−7「水質検査地点概要図」の塗り分けからのラスタ読み取り。長沢・企業団西長沢 → 末吉配水池。図は配水系統の概略で町丁目単位の断定ではない。純度 100%（判定に使った画素 61854）。位置合わせ IoU 0.929（6パラメータ）。凡例表が名指しした検査地点との代表一致率 86%
TRACE_KWS:141311010,141311010,FAC_KWS_SUEYOSHI,1.0,medium,2026-04-01,,DOC_KWS_SUISHITSU_R8,令和8年度水質検査計画 p11 図−7「水質検査地点概要図」の塗り分けからのラスタ読み取り。長沢・企業団西長沢 → 末吉配水池。図は配水系統の概略で町丁目単位の断定ではない。純度 100%（判定に使った画素 1890）。位置合わせ IoU 0.929（6パラメータ）。凡例表が名指しした検査地点との代表一致率 86%
TRACE_KWS:14131102001,14131102001,FAC_KWS_SUEYOSHI,1.0,medium,2026-04-01,,DOC_KWS_SUISHITSU_R8,令和8年度水質検査計画 p11 図−7「水質検査地点概要図」の塗り分けからのラスタ読み取り。長沢・企業団西長沢 → 末吉配水池。図は配水系統の概略で町丁目単位の断定ではない。純度 100%（判定に使った画素 1053）。位置合わせ IoU 0.929（6パラメータ）。凡例表が名指しした検査地点との代表一致率 86%
TRACE_KWS:14131102002,14131102002,FAC_KWS_SUEYOSHI,1.0,medium,2026-04-01,,DOC_KWS_SUISHITSU_R8,令和8年度水質検査計画 p11 図−7「水質検査地点概要図」の塗り分けからのラスタ読み取り。長沢・企業団西長沢 → 末吉配水池。図は配水系統の概略で町丁目単位の断定ではない。純度 100%（判定に使った画素 1105）。位置合わせ IoU 0.929（6パラメータ）。凡例表が名指しした検査地点との代表一致率 86%
TRACE_KWS:14131103001,14131103001,FAC_KWS_SUEYOSHI,1.0,medium,2026-04-01,,DOC_KWS_SUISHITSU_R8,令和8年度水質検査計画 p11 図−7「水質検査地点概要図」の塗り分けからのラスタ読み取り。長沢・企業団西長沢 → 末吉配水池。図は配水系統の概略で町丁目単位の断定ではない。純度 100%（判定に使った画素 958）。位置合わせ IoU 0.929（6パラメータ）。凡例表が名指しした検査地点との代表一致率 86%
TRACE_KWS:14131103002,14131103002,FAC_KWS_SUEYOSHI,1.0,medium,2026-04-01,,DOC_KWS_SUISHITSU_R8,令和8年度水質検査計画 p11 図−7「水質検査地点概要図」の塗り分けからのラスタ読み取り。長沢・企業団西長沢 → 末吉配水池。図は配水系統の概略で町丁目単位の断定ではない。純度 100%（判定に使った画素 1753）。位置合わせ IoU 0.929（6パラメータ）。凡例表が名指しした検査地点との代表一致率 86%
TRACE_KWS:141311040,141311040,FAC_KWS_SUEYOSHI,1.0,medium,2026-04-01,,DOC_KWS_SUISHITSU_R8,令和8年度水質検査計画 p11 図−7「水質検査地点概要図」の塗り分けからのラスタ読み取り。長沢・企業団西長沢 → 末吉配水池。図は配水系統の概略で町丁目単位の断定ではない。純度 100%（判定に使った画素 1216）。位置合わせ IoU 0.929（6パラメータ）。凡例表が名指しした検査地点との代表一致率 86%
TRACE_KWS:141311050,141311050,FAC_KWS_SUEYOSHI,1.0,medium,2026-04-01,,DOC_KWS_SUISHITSU_R8,令和8年度水質検査計画 p11 図−7「水質検査地点概要図」の塗り分けからのラスタ読み取り。長沢・企業団西長沢 → 末吉配水池。図は配水系統の概略で町丁目単位の断定ではない。純度 100%（判定に使った画素 1355）。位置合わせ IoU 0.929（6パラメータ）。凡例表が名指しした検査地点との代表一致率 86%
TRACE_KWS:141311060,141311060,FAC_KWS_SUEYOSHI,1.0,medium,2026-04-01,,DOC_KWS_SUISHITSU_R8,令和8年度水質検査計画 p11 図−7「水質検査地点概要図」の塗り分けからのラスタ読み取り。長沢・企業団西長沢 → 末吉配水池。図は配水系統の概略で町丁目単位の断定ではない。純度 100%（判定に使った画素 1545）。位置合わせ IoU 0.929（6パラメータ）。凡例表が名指しした検査地点との代表一致率 86%
TRACE_KWS:141311070,141311070,FAC_KWS_SUEYOSHI,1.0,medium,2026-04-01,,DOC_KWS_SUISHITSU_R8,令和8年度水質検査計画 p11 図−7「水質検査地点概要図」の塗り分けからのラスタ読み取り。長沢・企業団西長沢 → 末吉配水池。図は配水系統の概略で町丁目単位の断定ではない。純度 100%（判定に使った画素 4672）。位置合わせ IoU 0.929（6パラメータ）。凡例表が名指しした検査地点との代表一致率 86%
TRACE_KWS:141311080,141311080,FAC_KWS_SUEYOSHI,1.0,medium,2026-04-01,,DOC_KWS_SUISHITSU_R8,令和8年度水質検査計画 p11 図−7「水質検査地点概要図」の塗り分けからのラスタ読み取り。長沢・企業団西長沢 → 末吉配水池。図は配水系統の概略で町丁目単位の断定ではない。純度 100%（判定に使った画素 2006）。位置合わせ IoU 0.929（6パラメータ）。凡例表が名指しした検査地点との代表一致率 86%
TRACE_KWS:141311090,141311090,FAC_KWS_SUEYOSHI,1.0,medium,2026-04-01,,DOC_KWS_SUISHITSU_R8,令和8年度水質検査計画 p11 図−7「水質検査地点概要図」の塗り分けからのラスタ読み取り。長沢・企業団西長沢 → 末吉配水池。図は配水系統の概略で町丁目単位の断定ではない。純度 100%（判定に使った画素 2210）。位置合わせ IoU 0.929（6パラメータ）。凡例表が名指しした検査地点との代表一致率 86%
TRACE_KWS:141311100,141311100,FAC_KWS_SUEYOSHI,1.0,medium,2026-04-01,,DOC_KWS_SUISHITSU_R8,令和8年度水質検査計画 p11 図−7「水質検査地点概要図」の塗り分けからのラスタ読み取り。長沢・企業団西長沢 → 末吉配水池。図は配水系統の概略で町丁目単位の断定ではない。純度 100%（判定に使った画素 678）。位置合わせ IoU 0.929（6パラメータ）。凡例表が名指しした検査地点との代表一致率 86%
TRACE_KWS:141311110,141311110,FAC_KWS_SUEYOSHI,1.0,medium,2026-04-01,,DOC_KWS_SUISHITSU_R8,令和8年度水質検査計画 p11 図−7「水質検査地点概要図」の塗り分けからのラスタ読み取り。長沢・企業団西長沢 → 末吉配水池。図は配水系統の概略で町丁目単位の断定ではない。純度 100%（判定に使った画素 1848）。位置合わせ IoU 0.929（6パラメータ）。凡例表が名指しした検査地点との代表一致率 86%
TRACE_KWS:14131112001,14131112001,FAC_KWS_SUEYOSHI,1.0,medium,2026-04-01,,DOC_KWS_SUISHITSU_R8,令和8年度水質検査計画 p11 図−7「水質検査地点概要図」の塗り分けからのラスタ読み取り。長沢・企業団西長沢 → 末吉配水池。図は配水系統の概略で町丁目単位の断定ではない。純度 100%（判定に使った画素 1377）。位置合わせ IoU 0.929（6パラメータ）。凡例表が名指しした検査地点との代表一致率 86%
TRACE_KWS:14131112002,14131112002,FAC_KWS_SUEYOSHI,1.0,medium,2026-04-01,,DOC_KWS_SUISHITSU_R8,令和8年度水質検査計画 p11 図−7「水質検査地点概要図」の塗り分けからのラスタ読み取り。長沢・企業団西長沢 → 末吉配水池。図は配水系統の概略で町丁目単位の断定ではない。純度 100%（判定に使った画素 633）。位置合わせ IoU 0.929（6パラメータ）。凡例表が名指しした検査地点との代表一致率 86%
TRACE_KWS:14131113001,14131113001,FAC_KWS_SUEYOSHI,1.0,medium,2026-04-01,,DOC_KWS_SUISHITSU_R8,令和8年度水質検査計画 p11 図−7「水質検査地点概要図」の塗り分けからのラスタ読み取り。長沢・企業団西長沢 → 末吉配水池。図は配水系統の概略で町丁目単位の断定ではない。純度 100%（判定に使った画素 1510）。位置合わせ IoU 0.929（6パラメータ）。凡例表が名指しした検査地点との代表一致率 86%
TRACE_KWS:14131113002,14131113002,FAC_KWS_SUEYOSHI,1.0,medium,2026-04-01,,DOC_KWS_SUISHITSU_R8,令和8年度水質検査計画 p11 図−7「水質検査地点概要図」の塗り分けからのラスタ読み取り。長沢・企業団西長沢 → 末吉配水池。図は配水系統の概略で町丁目単位の断定ではない。純度 100%（判定に使った画素 801）。位置合わせ IoU 0.929（6パラメータ）。凡例表が名指しした検査地点との代表一致率 86%
TRACE_KWS:14131113003,14131113003,FAC_KWS_SUEYOSHI,1.0,medium,2026-04-01,,DOC_KWS_SUISHITSU_R8,令和8年度水質検査計画 p11 図−7「水質検査地点概要図」の塗り分けからのラスタ読み取り。長沢・企業団西長沢 → 末吉配水池。図は配水系統の概略で町丁目単位の断定ではない。純度 100%（判定に使った画素 1079）。位置合わせ IoU 0.929（6パラメータ）。凡例表が名指しした検査地点との代表一致率 86%
TRACE_KWS:141311140,141311140,FAC_KWS_SUEYOSHI,1.0,medium,2026-04-01,,DOC_KWS_SUISHITSU_R8,令和8年度水質検査計画 p11 図−7「水質検査地点概要図」の塗り分けからのラスタ読み取り。長沢・企業団西長沢 → 末吉配水池。図は配水系統の概略で町丁目単位の断定ではない。純度 100%（判定に使った画素 2510）。位置合わせ IoU 0.929（6パラメータ）。凡例表が名指しした検査地点との代表一致率 86%
TRACE_KWS:14131115001,14131115001,FAC_KWS_SUEYOSHI,1.0,medium,2026-04-01,,DOC_KWS_SUISHITSU_R8,令和8年度水質検査計画 p11 図−7「水質検査地点概要図」の塗り分けからのラスタ読み取り。長沢・企業団西長沢 → 末吉配水池。図は配水系統の概略で町丁目単位の断定ではない。純度 100%（判定に使った画素 941）。位置合わせ IoU 0.929（6パラメータ）。凡例表が名指しした検査地点との代表一致率 86%
TRACE_KWS:14131115002,14131115002,FAC_KWS_SUEYOSHI,1.0,medium,2026-04-01,,DOC_KWS_SUISHITSU_R8,令和8年度水質検査計画 p11 図−7「水質検査地点概要図」の塗り分けからのラスタ読み取り。長沢・企業団西長沢 → 末吉配水池。図は配水系統の概略で町丁目単位の断定ではない。純度 100%（判定に使った画素 945）。位置合わせ IoU 0.929（6パラメータ）。凡例表が名指しした検査地点との代表一致率 86%
TRACE_KWS:14131116001,14131116001,FAC_KWS_SUEYOSHI,1.0,medium,2026-04-01,,DOC_KWS_SUISHITSU_R8,令和8年度水質検査計画 p11 図−7「水質検査地点概要図」の塗り分けからのラスタ読み取り。長沢・企業団西長沢 → 末吉配水池。図は配水系統の概略で町丁目単位の断定ではない。純度 100%（判定に使った画素 1119）。位置合わせ IoU 0.929（6パラメータ）。凡例表が名指しした検査地点との代表一致率 86%
TRACE_KWS:14131116002,14131116002,FAC_KWS_SUEYOSHI,1.0,medium,2026-04-01,,DOC_KWS_SUISHITSU_R8,令和8年度水質検査計画 p11 図−7「水質検査地点概要図」の塗り分けからのラスタ読み取り。長沢・企業団西長沢 → 末吉配水池。図は配水系統の概略で町丁目単位の断定ではない。純度 100%（判定に使った画素 906）。位置合わせ IoU 0.929（6パラメータ）。凡例表が名指しした検査地点との代表一致率 86%
TRACE_KWS:14131116003,14131116003,FAC_KWS_SUEYOSHI,1.0,medium,2026-04-01,,DOC_KWS_SUISHITSU_R8,令和8年度水質検査計画 p11 図−7「水質検査地点概要図」の塗り分けからのラスタ読み取り。長沢・企業団西長沢 → 末吉配水池。図は配水系統の概略で町丁目単位の断定ではない。純度 100%（判定に使った画素 2470）。位置合わせ IoU 0.929（6パラメータ）。凡例表が名指しした検査地点との代表一致率 86%
TRACE_KWS:141311170,141311170,FAC_KWS_SUEYOSHI,1.0,medium,2026-04-01,,DOC_KWS_SUISHITSU_R8,令和8年度水質検査計画 p11 図−7「水質検査地点概要図」の塗り分けからのラスタ読み取り。長沢・企業団西長沢 → 末吉配水池。図は配水系統の概略で町丁目単位の断定ではない。純度 100%（判定に使った画素 2465）。位置合わせ IoU 0.929（6パラメータ）。凡例表が名指しした検査地点との代表一致率 86%
TRACE_KWS:14131118001,14131118001,FAC_KWS_SUEYOSHI,1.0,medium,2026-04-01,,DOC_KWS_SUISHITSU_R8,令和8年度水質検査計画 p11 図−7「水質検査地点概要図」の塗り分けからのラスタ読み取り。長沢・企業団西長沢 → 末吉配水池。図は配水系統の概略で町丁目単位の断定ではない。純度 100%（判定に使った画素 1856）。位置合わせ IoU 0.929（6パラメータ）。凡例表が名指しした検査地点との代表一致率 86%
TRACE_KWS:14131118002,14131118002,FAC_KWS_SUEYOSHI,1.0,medium,2026-04-01,,DOC_KWS_SUISHITSU_R8,令和8年度水質検査計画 p11 図−7「水質検査地点概要図」の塗り分けからのラスタ読み取り。長沢・企業団西長沢 → 末吉配水池。図は配水系統の概略で町丁目単位の断定ではない。純度 100%（判定に使った画素 1330）。位置合わせ IoU 0.929（6パラメータ）。凡例表が名指しした検査地点との代表一致率 86%
TRACE_KWS:14131118003,14131118003,FAC_KWS_SUEYOSHI,1.0,medium,2026-04-01,,DOC_KWS_SUISHITSU_R8,令和8年度水質検査計画 p11 図−7「水質検査地点概要図」の塗り分けからのラスタ読み取り。長沢・企業団西長沢 → 末吉配水池。図は配水系統の概略で町丁目単位の断定ではない。純度 100%（判定に使った画素 1313）。位置合わせ IoU 0.929（6パラメータ）。凡例表が名指しした検査地点との代表一致率 86%
TRACE_KWS:14131118004,14131118004,FAC_KWS_SUEYOSHI,1.0,medium,2026-04-01,,DOC_KWS_SUISHITSU_R8,令和8年度水質検査計画 p11 図−7「水質検査地点概要図」の塗り分けからのラスタ読み取り。長沢・企業団西長沢 → 末吉配水池。図は配水系統の概略で町丁目単位の断定ではない。純度 100%（判定に使った画素 1337）。位置合わせ IoU 0.929（6パラメータ）。凡例表が名指しした検査地点との代表一致率 86%
TRACE_KWS:141311190,141311190,FAC_KWS_SUEYOSHI,1.0,medium,2026-04-01,,DOC_KWS_SUISHITSU_R8,令和8年度水質検査計画 p11 図−7「水質検査地点概要図」の塗り分けからのラスタ読み取り。長沢・企業団西長沢 → 末吉配水池。図は配水系統の概略で町丁目単位の断定ではない。純度 100%（判定に使った画素 2201）。位置合わせ IoU 0.929（6パラメータ）。凡例表が名指しした検査地点との代表一致率 86%
TRACE_KWS:141311200,141311200,FAC_KWS_SUEYOSHI,1.0,medium,2026-04-01,,DOC_KWS_SUISHITSU_R8,令和8年度水質検査計画 p11 図−7「水質検査地点概要図」の塗り分けからのラスタ読み取り。長沢・企業団西長沢 → 末吉配水池。図は配水系統の概略で町丁目単位の断定ではない。純度 100%（判定に使った画素 1503）。位置合わせ IoU 0.929（6パラメータ）。凡例表が名指しした検査地点との代表一致率 86%
TRACE_KWS:14131121001,14131121001,FAC_KWS_SUEYOSHI,1.0,medium,2026-04-01,,DOC_KWS_SUISHITSU_R8,令和8年度水質検査計画 p11 図−7「水質検査地点概要図」の塗り分けからのラスタ読み取り。長沢・企業団西長沢 → 末吉配水池。図は配水系統の概略で町丁目単位の断定ではない。純度 100%（判定に使った画素 2500）。位置合わせ IoU 0.929（6パラメータ）。凡例表が名指しした検査地点との代表一致率 86%
TRACE_KWS:14131121002,14131121002,FAC_KWS_SUEYOSHI,1.0,medium,2026-04-01,,DOC_KWS_SUISHITSU_R8,令和8年度水質検査計画 p11 図−7「水質検査地点概要図」の塗り分けからのラスタ読み取り。長沢・企業団西長沢 → 末吉配水池。図は配水系統の概略で町丁目単位の断定ではない。純度 100%（判定に使った画素 1322）。位置合わせ IoU 0.929（6パラメータ）。凡例表が名指しした検査地点との代表一致率 86%
TRACE_KWS:14131121003,14131121003,FAC_KWS_SUEYOSHI,1.0,medium,2026-04-01,,DOC_KWS_SUISHITSU_R8,令和8年度水質検査計画 p11 図−7「水質検査地点概要図」の塗り分けからのラスタ読み取り。長沢・企業団西長沢 → 末吉配水池。図は配水系統の概略で町丁目単位の断定ではない。純度 100%（判定に使った画素 2778）。位置合わせ IoU 0.929（6パラメータ）。凡例表が名指しした検査地点との代表一致率 86%
TRACE_KWS:14131121004,14131121004,FAC_KWS_SUEYOSHI,1.0,medium,2026-04-01,,DOC_KWS_SUISHITSU_R8,令和8年度水質検査計画 p11 図−7「水質検査地点概要図」の塗り分けからのラスタ読み取り。長沢・企業団西長沢 → 末吉配水池。図は配水系統の概略で町丁目単位の断定ではない。純度 100%（判定に使った画素 1723）。位置合わせ IoU 0.929（6パラメータ）。凡例表が名指しした検査地点との代表一致率 86%
TRACE_KWS:14131121005,14131121005,FAC_KWS_SUEYOSHI,1.0,medium,2026-04-01,,DOC_KWS_SUISHITSU_R8,令和8年度水質検査計画 p11 図−7「水質検査地点概要図」の塗り分けからのラスタ読み取り。長沢・企業団西長沢 → 末吉配水池。図は配水系統の概略で町丁目単位の断定ではない。純度 100%（判定に使った画素 2619）。位置合わせ IoU 0.929（6パラメータ）。凡例表が名指しした検査地点との代表一致率 86%
TRACE_KWS:141311220,141311220,FAC_KWS_SUEYOSHI,1.0,medium,2026-04-01,,DOC_KWS_SUISHITSU_R8,令和8年度水質検査計画 p11 図−7「水質検査地点概要図」の塗り分けからのラスタ読み取り。長沢・企業団西長沢 → 末吉配水池。図は配水系統の概略で町丁目単位の断定ではない。純度 100%（判定に使った画素 1299）。位置合わせ IoU 0.929（6パラメータ）。凡例表が名指しした検査地点との代表一致率 86%
TRACE_KWS:141311230,141311230,FAC_KWS_SUEYOSHI,1.0,medium,2026-04-01,,DOC_KWS_SUISHITSU_R8,令和8年度水質検査計画 p11 図−7「水質検査地点概要図」の塗り分けからのラスタ読み取り。長沢・企業団西長沢 → 末吉配水池。図は配水系統の概略で町丁目単位の断定ではない。純度 100%（判定に使った画素 1360）。位置合わせ IoU 0.929（6パラメータ）。凡例表が名指しした検査地点との代表一致率 86%
TRACE_KWS:141311240,141311240,FAC_KWS_SUEYOSHI,1.0,medium,2026-04-01,,DOC_KWS_SUISHITSU_R8,令和8年度水質検査計画 p11 図−7「水質検査地点概要図」の塗り分けからのラスタ読み取り。長沢・企業団西長沢 → 末吉配水池。図は配水系統の概略で町丁目単位の断定ではない。純度 100%（判定に使った画素 1809）。位置合わせ IoU 0.929（6パラメータ）。凡例表が名指しした検査地点との代表一致率 86%
TRACE_KWS:14131125001,14131125001,FAC_KWS_SUEYOSHI,1.0,medium,2026-04-01,,DOC_KWS_SUISHITSU_R8,令和8年度水質検査計画 p11 図−7「水質検査地点概要図」の塗り分けからのラスタ読み取り。長沢・企業団西長沢 → 末吉配水池。図は配水系統の概略で町丁目単位の断定ではない。純度 100%（判定に使った画素 1277）。位置合わせ IoU 0.929（6パラメータ）。凡例表が名指しした検査地点との代表一致率 86%
TRACE_KWS:14131125002,14131125002,FAC_KWS_SUEYOSHI,1.0,medium,2026-04-01,,DOC_KWS_SUISHITSU_R8,令和8年度水質検査計画 p11 図−7「水質検査地点概要図」の塗り分けからのラスタ読み取り。長沢・企業団西長沢 → 末吉配水池。図は配水系統の概略で町丁目単位の断定ではない。純度 100%（判定に使った画素 1277）。位置合わせ IoU 0.929（6パラメータ）。凡例表が名指しした検査地点との代表一致率 86%
TRACE_KWS:141311260,141311260,FAC_KWS_SUEYOSHI,1.0,medium,2026-04-01,,DOC_KWS_SUISHITSU_R8,令和8年度水質検査計画 p11 図−7「水質検査地点概要図」の塗り分けからのラスタ読み取り。長沢・企業団西長沢 → 末吉配水池。図は配水系統の概略で町丁目単位の断定ではない。純度 100%（判定に使った画素 1008）。位置合わせ IoU 0.929（6パラメータ）。凡例表が名指しした検査地点との代表一致率 86%
TRACE_KWS:14131127001,14131127001,FAC_KWS_SUEYOSHI,1.0,medium,2026-04-01,,DOC_KWS_SUISHITSU_R8,令和8年度水質検査計画 p11 図−7「水質検査地点概要図」の塗り分けからのラスタ読み取り。長沢・企業団西長沢 → 末吉配水池。図は配水系統の概略で町丁目単位の断定ではない。純度 100%（判定に使った画素 6498）。位置合わせ IoU 0.929（6パラメータ）。凡例表が名指しした検査地点との代表一致率 86%
TRACE_KWS:14131127002,14131127002,FAC_KWS_SUEYOSHI,1.0,medium,2026-04-01,,DOC_KWS_SUISHITSU_R8,令和8年度水質検査計画 p11 図−7「水質検査地点概要図」の塗り分けからのラスタ読み取り。長沢・企業団西長沢 → 末吉配水池。図は配水系統の概略で町丁目単位の断定ではない。純度 100%（判定に使った画素 3574）。位置合わせ IoU 0.929（6パラメータ）。凡例表が名指しした検査地点との代表一致率 86%
TRACE_KWS:14131128001,14131128001,FAC_KWS_SUEYOSHI,1.0,medium,2026-04-01,,DOC_KWS_SUISHITSU_R8,令和8年度水質検査計画 p11 図−7「水質検査地点概要図」の塗り分けからのラスタ読み取り。長沢・企業団西長沢 → 末吉配水池。図は配水系統の概略で町丁目単位の断定ではない。純度 100%（判定に使った画素 1034）。位置合わせ IoU 0.929（6パラメータ）。凡例表が名指しした検査地点との代表一致率 86%
TRACE_KWS:14131128002,14131128002,FAC_KWS_SUEYOSHI,1.0,medium,2026-04-01,,DOC_KWS_SUISHITSU_R8,令和8年度水質検査計画 p11 図−7「水質検査地点概要図」の塗り分けからのラスタ読み取り。長沢・企業団西長沢 → 末吉配水池。図は配水系統の概略で町丁目単位の断定ではない。純度 100%（判定に使った画素 1287）。位置合わせ IoU 0.929（6パラメータ）。凡例表が名指しした検査地点との代表一致率 86%
TRACE_KWS:14131128003,14131128003,FAC_KWS_SUEYOSHI,1.0,medium,2026-04-01,,DOC_KWS_SUISHITSU_R8,令和8年度水質検査計画 p11 図−7「水質検査地点概要図」の塗り分けからのラスタ読み取り。長沢・企業団西長沢 → 末吉配水池。図は配水系統の概略で町丁目単位の断定ではない。純度 100%（判定に使った画素 1721）。位置合わせ IoU 0.929（6パラメータ）。凡例表が名指しした検査地点との代表一致率 86%
TRACE_KWS:14131129001,14131129001,FAC_KWS_SUEYOSHI,1.0,medium,2026-04-01,,DOC_KWS_SUISHITSU_R8,令和8年度水質検査計画 p11 図−7「水質検査地点概要図」の塗り分けからのラスタ読み取り。長沢・企業団西長沢 → 末吉配水池。図は配水系統の概略で町丁目単位の断定ではない。純度 100%（判定に使った画素 1405）。位置合わせ IoU 0.929（6パラメータ）。凡例表が名指しした検査地点との代表一致率 86%
TRACE_KWS:14131129002,14131129002,FAC_KWS_SUEYOSHI,1.0,medium,2026-04-01,,DOC_KWS_SUISHITSU_R8,令和8年度水質検査計画 p11 図−7「水質検査地点概要図」の塗り分けからのラスタ読み取り。長沢・企業団西長沢 → 末吉配水池。図は配水系統の概略で町丁目単位の断定ではない。純度 100%（判定に使った画素 2255）。位置合わせ IoU 0.929（6パラメータ）。凡例表が名指しした検査地点との代表一致率 86%
TRACE_KWS:141311300,141311300,FAC_KWS_SUEYOSHI,1.0,medium,2026-04-01,,DOC_KWS_SUISHITSU_R8,令和8年度水質検査計画 p11 図−7「水質検査地点概要図」の塗り分けからのラスタ読み取り。長沢・企業団西長沢 → 末吉配水池。図は配水系統の概略で町丁目単位の断定ではない。純度 100%（判定に使った画素 4023）。位置合わせ IoU 0.929（6パラメータ）。凡例表が名指しした検査地点との代表一致率 86%
TRACE_KWS:141311310,141311310,FAC_KWS_SUEYOSHI,1.0,medium,2026-04-01,,DOC_KWS_SUISHITSU_R8,令和8年度水質検査計画 p11 図−7「水質検査地点概要図」の塗り分けからのラスタ読み取り。長沢・企業団西長沢 → 末吉配水池。図は配水系統の概略で町丁目単位の断定ではない。純度 100%（判定に使った画素 7540）。位置合わせ IoU 0.929（6パラメータ）。凡例表が名指しした検査地点との代表一致率 86%
TRACE_KWS:14132201001,14132201001,FAC_KWS_SUEYOSHI,1.0,medium,2026-04-01,,DOC_KWS_SUISHITSU_R8,令和8年度水質検査計画 p11 図−7「水質検査地点概要図」の塗り分けからのラスタ読み取り。長沢・企業団西長沢 → 末吉配水池。図は配水系統の概略で町丁目単位の断定ではない。純度 100%（判定に使った画素 2369）。位置合わせ IoU 0.929（6パラメータ）。凡例表が名指しした検査地点との代表一致率 86%
TRACE_KWS:14132201002,14132201002,FAC_KWS_SUEYOSHI,1.0,medium,2026-04-01,,DOC_KWS_SUISHITSU_R8,令和8年度水質検査計画 p11 図−7「水質検査地点概要図」の塗り分けからのラスタ読み取り。長沢・企業団西長沢 → 末吉配水池。図は配水系統の概略で町丁目単位の断定ではない。純度 100%（判定に使った画素 1993）。位置合わせ IoU 0.929（6パラメータ）。凡例表が名指しした検査地点との代表一致率 86%
TRACE_KWS:141322020,141322020,FAC_KWS_SUEYOSHI,1.0,medium,2026-04-01,,DOC_KWS_SUISHITSU_R8,令和8年度水質検査計画 p11 図−7「水質検査地点概要図」の塗り分けからのラスタ読み取り。長沢・企業団西長沢 → 末吉配水池。図は配水系統の概略で町丁目単位の断定ではない。純度 100%（判定に使った画素 1546）。位置合わせ IoU 0.929（6パラメータ）。凡例表が名指しした検査地点との代表一致率 86%
TRACE_KWS:141322030,141322030,FAC_KWS_SUEYOSHI,1.0,medium,2026-04-01,,DOC_KWS_SUISHITSU_R8,令和8年度水質検査計画 p11 図−7「水質検査地点概要図」の塗り分けからのラスタ読み取り。長沢・企業団西長沢 → 末吉配水池。図は配水系統の概略で町丁目単位の断定ではない。純度 100%（判定に使った画素 1369）。位置合わせ IoU 0.929（6パラメータ）。凡例表が名指しした検査地点との代表一致率 86%
TRACE_KWS:141322040,141322040,FAC_KWS_SUEYOSHI,1.0,low,2026-04-01,,DOC_KWS_SUISHITSU_R8,令和8年度水質検査計画 p11 図−7「水質検査地点概要図」の塗り分けからのラスタ読み取り。長沢・企業団西長沢 → 末吉配水池。図は配水系統の概略で町丁目単位の断定ではない。純度 81%（判定に使った画素 1979）。位置合わせ IoU 0.929（6パラメータ）。凡例表が名指しした検査地点との代表一致率 86%
TRACE_KWS:14132205001,14132205001,FAC_KWS_SUEYOSHI,1.0,medium,2026-04-01,,DOC_KWS_SUISHITSU_R8,令和8年度水質検査計画 p11 図−7「水質検査地点概要図」の塗り分けからのラスタ読み取り。長沢・企業団西長沢 → 末吉配水池。図は配水系統の概略で町丁目単位の断定ではない。純度 100%（判定に使った画素 960）。位置合わせ IoU 0.929（6パラメータ）。凡例表が名指しした検査地点との代表一致率 86%
TRACE_KWS:14132205002,14132205002,FAC_KWS_SUEYOSHI,1.0,medium,2026-04-01,,DOC_KWS_SUISHITSU_R8,令和8年度水質検査計画 p11 図−7「水質検査地点概要図」の塗り分けからのラスタ読み取り。長沢・企業団西長沢 → 末吉配水池。図は配水系統の概略で町丁目単位の断定ではない。純度 100%（判定に使った画素 670）。位置合わせ IoU 0.929（6パラメータ）。凡例表が名指しした検査地点との代表一致率 86%
TRACE_KWS:14132205003,14132205003,FAC_KWS_SUEYOSHI,1.0,medium,2026-04-01,,DOC_KWS_SUISHITSU_R8,令和8年度水質検査計画 p11 図−7「水質検査地点概要図」の塗り分けからのラスタ読み取り。長沢・企業団西長沢 → 末吉配水池。図は配水系統の概略で町丁目単位の断定ではない。純度 100%（判定に使った画素 1020）。位置合わせ IoU 0.929（6パラメータ）。凡例表が名指しした検査地点との代表一致率 86%
TRACE_KWS:14132205004,14132205004,FAC_KWS_SUEYOSHI,1.0,medium,2026-04-01,,DOC_KWS_SUISHITSU_R8,令和8年度水質検査計画 p11 図−7「水質検査地点概要図」の塗り分けからのラスタ読み取り。長沢・企業団西長沢 → 末吉配水池。図は配水系統の概略で町丁目単位の断定ではない。純度 100%（判定に使った画素 1961）。位置合わせ IoU 0.929（6パラメータ）。凡例表が名指しした検査地点との代表一致率 86%
TRACE_KWS:14132206000,14132206000,FAC_KWS_SUEYOSHI,1.0,medium,2026-04-01,,DOC_KWS_SUISHITSU_R8,令和8年度水質検査計画 p11 図−7「水質検査地点概要図」の塗り分けからのラスタ読み取り。長沢・企業団西長沢 → 末吉配水池。図は配水系統の概略で町丁目単位の断定ではない。純度 100%（判定に使った画素 1618）。位置合わせ IoU 0.929（6パラメータ）。凡例表が名指しした検査地点との代表一致率 86%
TRACE_KWS:14132206001,14132206001,FAC_KWS_SUEYOSHI,1.0,low,2026-04-01,,DOC_KWS_SUISHITSU_R8,令和8年度水質検査計画 p11 図−7「水質検査地点概要図」の塗り分けからのラスタ読み取り。長沢・企業団西長沢 → 末吉配水池。図は配水系統の概略で町丁目単位の断定ではない。純度 92%（判定に使った画素 3291）。位置合わせ IoU 0.929（6パラメータ）。凡例表が名指しした検査地点との代表一致率 86%
TRACE_KWS:14132206002,14132206002,FAC_KWS_SUEYOSHI,1.0,medium,2026-04-01,,DOC_KWS_SUISHITSU_R8,令和8年度水質検査計画 p11 図−7「水質検査地点概要図」の塗り分けからのラスタ読み取り。長沢・企業団西長沢 → 末吉配水池。図は配水系統の概略で町丁目単位の断定ではない。純度 100%（判定に使った画素 3498）。位置合わせ IoU 0.929（6パラメータ）。凡例表が名指しした検査地点との代表一致率 86%
TRACE_KWS:141322070,141322070,FAC_KWS_SUEYOSHI,1.0,low,2026-04-01,,DOC_KWS_SUISHITSU_R8,令和8年度水質検査計画 p11 図−7「水質検査地点概要図」の塗り分けからのラスタ読み取り。長沢・企業団西長沢 → 末吉配水池。図は配水系統の概略で町丁目単位の断定ではない。純度 54%（判定に使った画素 1235）。位置合わせ IoU 0.929（6パラメータ）。凡例表が名指しした検査地点との代表一致率 86%
TRACE_KWS:141322090,141322090,FAC_KWS_SUEYOSHI,1.0,medium,2026-04-01,,DOC_KWS_SUISHITSU_R8,令和8年度水質検査計画 p11 図−7「水質検査地点概要図」の塗り分けからのラスタ読み取り。長沢・企業団西長沢 → 末吉配水池。図は配水系統の概略で町丁目単位の断定ではない。純度 96%（判定に使った画素 2743）。位置合わせ IoU 0.929（6パラメータ）。凡例表が名指しした検査地点との代表一致率 86%
TRACE_KWS:141322100,141322100,FAC_KWS_SUEYOSHI,1.0,medium,2026-04-01,,DOC_KWS_SUISHITSU_R8,令和8年度水質検査計画 p11 図−7「水質検査地点概要図」の塗り分けからのラスタ読み取り。長沢・企業団西長沢 → 末吉配水池。図は配水系統の概略で町丁目単位の断定ではない。純度 100%（判定に使った画素 2253）。位置合わせ IoU 0.929（6パラメータ）。凡例表が名指しした検査地点との代表一致率 86%
TRACE_KWS:141322110,141322110,FAC_KWS_SUEYOSHI,1.0,medium,2026-04-01,,DOC_KWS_SUISHITSU_R8,令和8年度水質検査計画 p11 図−7「水質検査地点概要図」の塗り分けからのラスタ読み取り。長沢・企業団西長沢 → 末吉配水池。図は配水系統の概略で町丁目単位の断定ではない。純度 100%（判定に使った画素 7211）。位置合わせ IoU 0.929（6パラメータ）。凡例表が名指しした検査地点との代表一致率 86%
TRACE_KWS:14132212001,14132212001,FAC_KWS_SUEYOSHI,1.0,medium,2026-04-01,,DOC_KWS_SUISHITSU_R8,令和8年度水質検査計画 p11 図−7「水質検査地点概要図」の塗り分けからのラスタ読み取り。長沢・企業団西長沢 → 末吉配水池。図は配水系統の概略で町丁目単位の断定ではない。純度 100%（判定に使った画素 744）。位置合わせ IoU 0.929（6パラメータ）。凡例表が名指しした検査地点との代表一致率 86%
TRACE_KWS:14132212002,14132212002,FAC_KWS_SUEYOSHI,1.0,medium,2026-04-01,,DOC_KWS_SUISHITSU_R8,令和8年度水質検査計画 p11 図−7「水質検査地点概要図」の塗り分けからのラスタ読み取り。長沢・企業団西長沢 → 末吉配水池。図は配水系統の概略で町丁目単位の断定ではない。純度 100%（判定に使った画素 1178）。位置合わせ IoU 0.929（6パラメータ）。凡例表が名指しした検査地点との代表一致率 86%
TRACE_KWS:14132212003,14132212003,FAC_KWS_SUEYOSHI,1.0,medium,2026-04-01,,DOC_KWS_SUISHITSU_R8,令和8年度水質検査計画 p11 図−7「水質検査地点概要図」の塗り分けからのラスタ読み取り。長沢・企業団西長沢 → 末吉配水池。図は配水系統の概略で町丁目単位の断定ではない。純度 100%（判定に使った画素 723）。位置合わせ IoU 0.929（6パラメータ）。凡例表が名指しした検査地点との代表一致率 86%
TRACE_KWS:14132212004,14132212004,FAC_KWS_SUEYOSHI,1.0,medium,2026-04-01,,DOC_KWS_SUISHITSU_R8,令和8年度水質検査計画 p11 図−7「水質検査地点概要図」の塗り分けからのラスタ読み取り。長沢・企業団西長沢 → 末吉配水池。図は配水系統の概略で町丁目単位の断定ではない。純度 100%（判定に使った画素 3019）。位置合わせ IoU 0.929（6パラメータ）。凡例表が名指しした検査地点との代表一致率 86%
TRACE_KWS:141322130,141322130,FAC_KWS_SUEYOSHI,1.0,medium,2026-04-01,,DOC_KWS_SUISHITSU_R8,令和8年度水質検査計画 p11 図−7「水質検査地点概要図」の塗り分けからのラスタ読み取り。長沢・企業団西長沢 → 末吉配水池。図は配水系統の概略で町丁目単位の断定ではない。純度 100%（判定に使った画素 3067）。位置合わせ IoU 0.929（6パラメータ）。凡例表が名指しした検査地点との代表一致率 86%
TRACE_KWS:14132214001,14132214001,FAC_KWS_SUEYOSHI,1.0,medium,2026-04-01,,DOC_KWS_SUISHITSU_R8,令和8年度水質検査計画 p11 図−7「水質検査地点概要図」の塗り分けからのラスタ読み取り。長沢・企業団西長沢 → 末吉配水池。図は配水系統の概略で町丁目単位の断定ではない。純度 100%（判定に使った画素 1255）。位置合わせ IoU 0.929（6パラメータ）。凡例表が名指しした検査地点との代表一致率 86%
TRACE_KWS:14132214002,14132214002,FAC_KWS_SUEYOSHI,1.0,medium,2026-04-01,,DOC_KWS_SUISHITSU_R8,令和8年度水質検査計画 p11 図−7「水質検査地点概要図」の塗り分けからのラスタ読み取り。長沢・企業団西長沢 → 末吉配水池。図は配水系統の概略で町丁目単位の断定ではない。純度 100%（判定に使った画素 1117）。位置合わせ IoU 0.929（6パラメータ）。凡例表が名指しした検査地点との代表一致率 86%
TRACE_KWS:14132214003,14132214003,FAC_KWS_SUEYOSHI,1.0,medium,2026-04-01,,DOC_KWS_SUISHITSU_R8,令和8年度水質検査計画 p11 図−7「水質検査地点概要図」の塗り分けからのラスタ読み取り。長沢・企業団西長沢 → 末吉配水池。図は配水系統の概略で町丁目単位の断定ではない。純度 100%（判定に使った画素 875）。位置合わせ IoU 0.929（6パラメータ）。凡例表が名指しした検査地点との代表一致率 86%
TRACE_KWS:14132214004,14132214004,FAC_KWS_SUEYOSHI,1.0,medium,2026-04-01,,DOC_KWS_SUISHITSU_R8,令和8年度水質検査計画 p11 図−7「水質検査地点概要図」の塗り分けからのラスタ読み取り。長沢・企業団西長沢 → 末吉配水池。図は配水系統の概略で町丁目単位の断定ではない。純度 100%（判定に使った画素 1123）。位置合わせ IoU 0.929（6パラメータ）。凡例表が名指しした検査地点との代表一致率 86%
TRACE_KWS:14132215001,14132215001,FAC_KWS_SUEYOSHI,1.0,medium,2026-04-01,,DOC_KWS_SUISHITSU_R8,令和8年度水質検査計画 p11 図−7「水質検査地点概要図」の塗り分けからのラスタ読み取り。長沢・企業団西長沢 → 末吉配水池。図は配水系統の概略で町丁目単位の断定ではない。純度 100%（判定に使った画素 613）。位置合わせ IoU 0.929（6パラメータ）。凡例表が名指しした検査地点との代表一致率 86%
TRACE_KWS:14132215002,14132215002,FAC_KWS_SUEYOSHI,1.0,medium,2026-04-01,,DOC_KWS_SUISHITSU_R8,令和8年度水質検査計画 p11 図−7「水質検査地点概要図」の塗り分けからのラスタ読み取り。長沢・企業団西長沢 → 末吉配水池。図は配水系統の概略で町丁目単位の断定ではない。純度 100%（判定に使った画素 783）。位置合わせ IoU 0.929（6パラメータ）。凡例表が名指しした検査地点との代表一致率 86%
TRACE_KWS:14132215003,14132215003,FAC_KWS_SUEYOSHI,1.0,medium,2026-04-01,,DOC_KWS_SUISHITSU_R8,令和8年度水質検査計画 p11 図−7「水質検査地点概要図」の塗り分けからのラスタ読み取り。長沢・企業団西長沢 → 末吉配水池。図は配水系統の概略で町丁目単位の断定ではない。純度 100%（判定に使った画素 893）。位置合わせ IoU 0.929（6パラメータ）。凡例表が名指しした検査地点との代表一致率 86%
TRACE_KWS:14132215004,14132215004,FAC_KWS_SUEYOSHI,1.0,medium,2026-04-01,,DOC_KWS_SUISHITSU_R8,令和8年度水質検査計画 p11 図−7「水質検査地点概要図」の塗り分けからのラスタ読み取り。長沢・企業団西長沢 → 末吉配水池。図は配水系統の概略で町丁目単位の断定ではない。純度 100%（判定に使った画素 634）。位置合わせ IoU 0.929（6パラメータ）。凡例表が名指しした検査地点との代表一致率 86%
TRACE_KWS:141322160,141322160,FAC_KWS_SUEYOSHI,1.0,medium,2026-04-01,,DOC_KWS_SUISHITSU_R8,令和8年度水質検査計画 p11 図−7「水質検査地点概要図」の塗り分けからのラスタ読み取り。長沢・企業団西長沢 → 末吉配水池。図は配水系統の概略で町丁目単位の断定ではない。純度 100%（判定に使った画素 3641）。位置合わせ IoU 0.929（6パラメータ）。凡例表が名指しした検査地点との代表一致率 86%
TRACE_KWS:141322170,141322170,FAC_KWS_SUEYOSHI,1.0,medium,2026-04-01,,DOC_KWS_SUISHITSU_R8,令和8年度水質検査計画 p11 図−7「水質検査地点概要図」の塗り分けからのラスタ読み取り。長沢・企業団西長沢 → 末吉配水池。図は配水系統の概略で町丁目単位の断定ではない。純度 100%（判定に使った画素 4288）。位置合わせ IoU 0.929（6パラメータ）。凡例表が名指しした検査地点との代表一致率 86%
TRACE_KWS:141322180,141322180,FAC_KWS_SUEYOSHI,1.0,medium,2026-04-01,,DOC_KWS_SUISHITSU_R8,令和8年度水質検査計画 p11 図−7「水質検査地点概要図」の塗り分けからのラスタ読み取り。長沢・企業団西長沢 → 末吉配水池。図は配水系統の概略で町丁目単位の断定ではない。純度 100%（判定に使った画素 1628）。位置合わせ IoU 0.929（6パラメータ）。凡例表が名指しした検査地点との代表一致率 86%
TRACE_KWS:14132219001,14132219001,FAC_KWS_SUEYOSHI,1.0,medium,2026-04-01,,DOC_KWS_SUISHITSU_R8,令和8年度水質検査計画 p11 図−7「水質検査地点概要図」の塗り分けからのラスタ読み取り。長沢・企業団西長沢 → 末吉配水池。図は配水系統の概略で町丁目単位の断定ではない。純度 100%（判定に使った画素 1205）。位置合わせ IoU 0.929（6パラメータ）。凡例表が名指しした検査地点との代表一致率 86%
TRACE_KWS:14132219002,14132219002,FAC_KWS_SUEYOSHI,1.0,medium,2026-04-01,,DOC_KWS_SUISHITSU_R8,令和8年度水質検査計画 p11 図−7「水質検査地点概要図」の塗り分けからのラスタ読み取り。長沢・企業団西長沢 → 末吉配水池。図は配水系統の概略で町丁目単位の断定ではない。純度 100%（判定に使った画素 1585）。位置合わせ IoU 0.929（6パラメータ）。凡例表が名指しした検査地点との代表一致率 86%
TRACE_KWS:14132219003,14132219003,FAC_KWS_SUEYOSHI,1.0,medium,2026-04-01,,DOC_KWS_SUISHITSU_R8,令和8年度水質検査計画 p11 図−7「水質検査地点概要図」の塗り分けからのラスタ読み取り。長沢・企業団西長沢 → 末吉配水池。図は配水系統の概略で町丁目単位の断定ではない。純度 100%（判定に使った画素 3346）。位置合わせ IoU 0.929（6パラメータ）。凡例表が名指しした検査地点との代表一致率 86%
TRACE_KWS:14132220001,14132220001,FAC_KWS_SUEYOSHI,1.0,medium,2026-04-01,,DOC_KWS_SUISHITSU_R8,令和8年度水質検査計画 p11 図−7「水質検査地点概要図」の塗り分けからのラスタ読み取り。長沢・企業団西長沢 → 末吉配水池。図は配水系統の概略で町丁目単位の断定ではない。純度 100%（判定に使った画素 1668）。位置合わせ IoU 0.929（6パラメータ）。凡例表が名指しした検査地点との代表一致率 86%
TRACE_KWS:14132220002,14132220002,FAC_KWS_SUEYOSHI,1.0,medium,2026-04-01,,DOC_KWS_SUISHITSU_R8,令和8年度水質検査計画 p11 図−7「水質検査地点概要図」の塗り分けからのラスタ読み取り。長沢・企業団西長沢 → 末吉配水池。図は配水系統の概略で町丁目単位の断定ではない。純度 100%（判定に使った画素 1267）。位置合わせ IoU 0.929（6パラメータ）。凡例表が名指しした検査地点との代表一致率 86%
TRACE_KWS:141322210,141322210,FAC_KWS_SUEYOSHI,1.0,medium,2026-04-01,,DOC_KWS_SUISHITSU_R8,令和8年度水質検査計画 p11 図−7「水質検査地点概要図」の塗り分けからのラスタ読み取り。長沢・企業団西長沢 → 末吉配水池。図は配水系統の概略で町丁目単位の断定ではない。純度 100%（判定に使った画素 1335）。位置合わせ IoU 0.929（6パラメータ）。凡例表が名指しした検査地点との代表一致率 86%
TRACE_KWS:14132222001,14132222001,FAC_KWS_SUEYOSHI,1.0,medium,2026-04-01,,DOC_KWS_SUISHITSU_R8,令和8年度水質検査計画 p11 図−7「水質検査地点概要図」の塗り分けからのラスタ読み取り。長沢・企業団西長沢 → 末吉配水池。図は配水系統の概略で町丁目単位の断定ではない。純度 100%（判定に使った画素 1677）。位置合わせ IoU 0.929（6パラメータ）。凡例表が名指しした検査地点との代表一致率 86%
TRACE_KWS:14132222002,14132222002,FAC_KWS_SUEYOSHI,1.0,medium,2026-04-01,,DOC_KWS_SUISHITSU_R8,令和8年度水質検査計画 p11 図−7「水質検査地点概要図」の塗り分けからのラスタ読み取り。長沢・企業団西長沢 → 末吉配水池。図は配水系統の概略で町丁目単位の断定ではない。純度 100%（判定に使った画素 2484）。位置合わせ IoU 0.929（6パラメータ）。凡例表が名指しした検査地点との代表一致率 86%
TRACE_KWS:14132222003,14132222003,FAC_KWS_SUEYOSHI,1.0,medium,2026-04-01,,DOC_KWS_SUISHITSU_R8,令和8年度水質検査計画 p11 図−7「水質検査地点概要図」の塗り分けからのラスタ読み取り。長沢・企業団西長沢 → 末吉配水池。図は配水系統の概略で町丁目単位の断定ではない。純度 100%（判定に使った画素 2260）。位置合わせ IoU 0.929（6パラメータ）。凡例表が名指しした検査地点との代表一致率 86%
TRACE_KWS:14132222004,14132222004,FAC_KWS_SUEYOSHI,1.0,medium,2026-04-01,,DOC_KWS_SUISHITSU_R8,令和8年度水質検査計画 p11 図−7「水質検査地点概要図」の塗り分けからのラスタ読み取り。長沢・企業団西長沢 → 末吉配水池。図は配水系統の概略で町丁目単位の断定ではない。純度 100%（判定に使った画素 2589）。位置合わせ IoU 0.929（6パラメータ）。凡例表が名指しした検査地点との代表一致率 86%
TRACE_KWS:141322230,141322230,FAC_KWS_SUEYOSHI,1.0,medium,2026-04-01,,DOC_KWS_SUISHITSU_R8,令和8年度水質検査計画 p11 図−7「水質検査地点概要図」の塗り分けからのラスタ読み取り。長沢・企業団西長沢 → 末吉配水池。図は配水系統の概略で町丁目単位の断定ではない。純度 100%（判定に使った画素 2828）。位置合わせ IoU 0.929（6パラメータ）。凡例表が名指しした検査地点との代表一致率 86%
TRACE_KWS:141322240,141322240,FAC_KWS_SUEYOSHI,1.0,medium,2026-04-01,,DOC_KWS_SUISHITSU_R8,令和8年度水質検査計画 p11 図−7「水質検査地点概要図」の塗り分けからのラスタ読み取り。長沢・企業団西長沢 → 末吉配水池。図は配水系統の概略で町丁目単位の断定ではない。純度 100%（判定に使った画素 6595）。位置合わせ IoU 0.929（6パラメータ）。凡例表が名指しした検査地点との代表一致率 86%
TRACE_KWS:14132225001,14132225001,FAC_KWS_SUEYOSHI,1.0,medium,2026-04-01,,DOC_KWS_SUISHITSU_R8,令和8年度水質検査計画 p11 図−7「水質検査地点概要図」の塗り分けからのラスタ読み取り。長沢・企業団西長沢 → 末吉配水池。図は配水系統の概略で町丁目単位の断定ではない。純度 100%（判定に使った画素 3767）。位置合わせ IoU 0.929（6パラメータ）。凡例表が名指しした検査地点との代表一致率 86%
TRACE_KWS:14132225002,14132225002,FAC_KWS_SUEYOSHI,1.0,medium,2026-04-01,,DOC_KWS_SUISHITSU_R8,令和8年度水質検査計画 p11 図−7「水質検査地点概要図」の塗り分けからのラスタ読み取り。長沢・企業団西長沢 → 末吉配水池。図は配水系統の概略で町丁目単位の断定ではない。純度 100%（判定に使った画素 2316）。位置合わせ IoU 0.929（6パラメータ）。凡例表が名指しした検査地点との代表一致率 86%
TRACE_KWS:14132225003,14132225003,FAC_KWS_SUEYOSHI,1.0,medium,2026-04-01,,DOC_KWS_SUISHITSU_R8,令和8年度水質検査計画 p11 図−7「水質検査地点概要図」の塗り分けからのラスタ読み取り。長沢・企業団西長沢 → 末吉配水池。図は配水系統の概略で町丁目単位の断定ではない。純度 95%（判定に使った画素 384）。位置合わせ IoU 0.929（6パラメータ）。凡例表が名指しした検査地点との代表一致率 86%
TRACE_KWS:141322260,141322260,FAC_KWS_SUEYOSHI,1.0,medium,2026-04-01,,DOC_KWS_SUISHITSU_R8,令和8年度水質検査計画 p11 図−7「水質検査地点概要図」の塗り分けからのラスタ読み取り。長沢・企業団西長沢 → 末吉配水池。図は配水系統の概略で町丁目単位の断定ではない。純度 100%（判定に使った画素 1614）。位置合わせ IoU 0.929（6パラメータ）。凡例表が名指しした検査地点との代表一致率 86%
TRACE_KWS:14132226101,14132226101,FAC_KWS_SUEYOSHI,1.0,medium,2026-04-01,,DOC_KWS_SUISHITSU_R8,令和8年度水質検査計画 p11 図−7「水質検査地点概要図」の塗り分けからのラスタ読み取り。長沢・企業団西長沢 → 末吉配水池。図は配水系統の概略で町丁目単位の断定ではない。純度 100%（判定に使った画素 1371）。位置合わせ IoU 0.929（6パラメータ）。凡例表が名指しした検査地点との代表一致率 86%
TRACE_KWS:14132226102,14132226102,FAC_KWS_SUEYOSHI,1.0,medium,2026-04-01,,DOC_KWS_SUISHITSU_R8,令和8年度水質検査計画 p11 図−7「水質検査地点概要図」の塗り分けからのラスタ読み取り。長沢・企業団西長沢 → 末吉配水池。図は配水系統の概略で町丁目単位の断定ではない。純度 100%（判定に使った画素 3490）。位置合わせ IoU 0.929（6パラメータ）。凡例表が名指しした検査地点との代表一致率 86%
TRACE_KWS:14132226103,14132226103,FAC_KWS_SUEYOSHI,1.0,medium,2026-04-01,,DOC_KWS_SUISHITSU_R8,令和8年度水質検査計画 p11 図−7「水質検査地点概要図」の塗り分けからのラスタ読み取り。長沢・企業団西長沢 → 末吉配水池。図は配水系統の概略で町丁目単位の断定ではない。純度 100%（判定に使った画素 3014）。位置合わせ IoU 0.929（6パラメータ）。凡例表が名指しした検査地点との代表一致率 86%
TRACE_KWS:14132226104,14132226104,FAC_KWS_SUEYOSHI,1.0,medium,2026-04-01,,DOC_KWS_SUISHITSU_R8,令和8年度水質検査計画 p11 図−7「水質検査地点概要図」の塗り分けからのラスタ読み取り。長沢・企業団西長沢 → 末吉配水池。図は配水系統の概略で町丁目単位の断定ではない。純度 100%（判定に使った画素 2743）。位置合わせ IoU 0.929（6パラメータ）。凡例表が名指しした検査地点との代表一致率 86%
TRACE_KWS:14132226105,14132226105,FAC_KWS_SUEYOSHI,1.0,medium,2026-04-01,,DOC_KWS_SUISHITSU_R8,令和8年度水質検査計画 p11 図−7「水質検査地点概要図」の塗り分けからのラスタ読み取り。長沢・企業団西長沢 → 末吉配水池。図は配水系統の概略で町丁目単位の断定ではない。純度 100%（判定に使った画素 4488）。位置合わせ IoU 0.929（6パラメータ）。凡例表が名指しした検査地点との代表一致率 86%
TRACE_KWS:141322262,141322262,FAC_KWS_SUEYOSHI,1.0,medium,2026-04-01,,DOC_KWS_SUISHITSU_R8,令和8年度水質検査計画 p11 図−7「水質検査地点概要図」の塗り分けからのラスタ読み取り。長沢・企業団西長沢 → 末吉配水池。図は配水系統の概略で町丁目単位の断定ではない。純度 100%（判定に使った画素 1583）。位置合わせ IoU 0.929（6パラメータ）。凡例表が名指しした検査地点との代表一致率 86%
TRACE_KWS:14132227001,14132227001,FAC_KWS_SUEYOSHI,1.0,medium,2026-04-01,,DOC_KWS_SUISHITSU_R8,令和8年度水質検査計画 p11 図−7「水質検査地点概要図」の塗り分けからのラスタ読み取り。長沢・企業団西長沢 → 末吉配水池。図は配水系統の概略で町丁目単位の断定ではない。純度 100%（判定に使った画素 3137）。位置合わせ IoU 0.929（6パラメータ）。凡例表が名指しした検査地点との代表一致率 86%
TRACE_KWS:14132227002,14132227002,FAC_KWS_SUEYOSHI,1.0,medium,2026-04-01,,DOC_KWS_SUISHITSU_R8,令和8年度水質検査計画 p11 図−7「水質検査地点概要図」の塗り分けからのラスタ読み取り。長沢・企業団西長沢 → 末吉配水池。図は配水系統の概略で町丁目単位の断定ではない。純度 100%（判定に使った画素 3930）。位置合わせ IoU 0.929（6パラメータ）。凡例表が名指しした検査地点との代表一致率 86%
TRACE_KWS:14132227003,14132227003,FAC_KWS_SUEYOSHI,1.0,medium,2026-04-01,,DOC_KWS_SUISHITSU_R8,令和8年度水質検査計画 p11 図−7「水質検査地点概要図」の塗り分けからのラスタ読み取り。長沢・企業団西長沢 → 末吉配水池。図は配水系統の概略で町丁目単位の断定ではない。純度 100%（判定に使った画素 1942）。位置合わせ IoU 0.929（6パラメータ）。凡例表が名指しした検査地点との代表一致率 86%
TRACE_KWS:14132227004,14132227004,FAC_KWS_SUEYOSHI,1.0,medium,2026-04-01,,DOC_KWS_SUISHITSU_R8,令和8年度水質検査計画 p11 図−7「水質検査地点概要図」の塗り分けからのラスタ読み取り。長沢・企業団西長沢 → 末吉配水池。図は配水系統の概略で町丁目単位の断定ではない。純度 98%（判定に使った画素 2367）。位置合わせ IoU 0.929（6パラメータ）。凡例表が名指しした検査地点との代表一致率 86%
TRACE_KWS:14132228001,14132228001,FAC_KWS_SUEYOSHI,1.0,medium,2026-04-01,,DOC_KWS_SUISHITSU_R8,令和8年度水質検査計画 p11 図−7「水質検査地点概要図」の塗り分けからのラスタ読み取り。長沢・企業団西長沢 → 末吉配水池。図は配水系統の概略で町丁目単位の断定ではない。純度 100%（判定に使った画素 4447）。位置合わせ IoU 0.929（6パラメータ）。凡例表が名指しした検査地点との代表一致率 86%
TRACE_KWS:14132228002,14132228002,FAC_KWS_SAGINUMA,1.0,low,2026-04-01,,DOC_KWS_SUISHITSU_R8,令和8年度水質検査計画 p11 図−7「水質検査地点概要図」の塗り分けからのラスタ読み取り。長沢・企業団西長沢 → 鷺沼配水池。図は配水系統の概略で町丁目単位の断定ではない。純度 57%（判定に使った画素 2436）。位置合わせ IoU 0.929（6パラメータ）。凡例表が名指しした検査地点との代表一致率 86%
TRACE_KWS:14132228003,14132228003,FAC_KWS_SAGINUMA,1.0,medium,2026-04-01,,DOC_KWS_SUISHITSU_R8,令和8年度水質検査計画 p11 図−7「水質検査地点概要図」の塗り分けからのラスタ読み取り。長沢・企業団西長沢 → 鷺沼配水池。図は配水系統の概略で町丁目単位の断定ではない。純度 100%（判定に使った画素 1723）。位置合わせ IoU 0.929（6パラメータ）。凡例表が名指しした検査地点との代表一致率 86%
TRACE_KWS:141322290,141322290,FAC_KWS_SAGINUMA,1.0,low,2026-04-01,,DOC_KWS_SUISHITSU_R8,令和8年度水質検査計画 p11 図−7「水質検査地点概要図」の塗り分けからのラスタ読み取り。長沢・企業団西長沢 → 鷺沼配水池。図は配水系統の概略で町丁目単位の断定ではない。純度 71%（判定に使った画素 513）。位置合わせ IoU 0.929（6パラメータ）。凡例表が名指しした検査地点との代表一致率 86%
TRACE_KWS:141322300,141322300,FAC_KWS_SUEYOSHI,1.0,medium,2026-04-01,,DOC_KWS_SUISHITSU_R8,令和8年度水質検査計画 p11 図−7「水質検査地点概要図」の塗り分けからのラスタ読み取り。長沢・企業団西長沢 → 末吉配水池。図は配水系統の概略で町丁目単位の断定ではない。純度 100%（判定に使った画素 926）。位置合わせ IoU 0.929（6パラメータ）。凡例表が名指しした検査地点との代表一致率 86%
TRACE_KWS:141322310,141322310,FAC_KWS_SUEYOSHI,1.0,medium,2026-04-01,,DOC_KWS_SUISHITSU_R8,令和8年度水質検査計画 p11 図−7「水質検査地点概要図」の塗り分けからのラスタ読み取り。長沢・企業団西長沢 → 末吉配水池。図は配水系統の概略で町丁目単位の断定ではない。純度 100%（判定に使った画素 2341）。位置合わせ IoU 0.929（6パラメータ）。凡例表が名指しした検査地点との代表一致率 86%
TRACE_KWS:141322320,141322320,FAC_KWS_SUEYOSHI,1.0,medium,2026-04-01,,DOC_KWS_SUISHITSU_R8,令和8年度水質検査計画 p11 図−7「水質検査地点概要図」の塗り分けからのラスタ読み取り。長沢・企業団西長沢 → 末吉配水池。図は配水系統の概略で町丁目単位の断定ではない。純度 100%（判定に使った画素 2265）。位置合わせ IoU 0.929（6パラメータ）。凡例表が名指しした検査地点との代表一致率 86%
TRACE_KWS:141322330,141322330,FAC_KWS_SUEYOSHI,1.0,medium,2026-04-01,,DOC_KWS_SUISHITSU_R8,令和8年度水質検査計画 p11 図−7「水質検査地点概要図」の塗り分けからのラスタ読み取り。長沢・企業団西長沢 → 末吉配水池。図は配水系統の概略で町丁目単位の断定ではない。純度 100%（判定に使った画素 2490）。位置合わせ IoU 0.929（6パラメータ）。凡例表が名指しした検査地点との代表一致率 86%
TRACE_KWS:14133301001,14133301001,FAC_KWS_SAGINUMA,1.0,medium,2026-04-01,,DOC_KWS_SUISHITSU_R8,令和8年度水質検査計画 p11 図−7「水質検査地点概要図」の塗り分けからのラスタ読み取り。長沢・企業団西長沢 → 鷺沼配水池。図は配水系統の概略で町丁目単位の断定ではない。純度 100%（判定に使った画素 2670）。位置合わせ IoU 0.929（6パラメータ）。凡例表が名指しした検査地点との代表一致率 86%
TRACE_KWS:14133301002,14133301002,FAC_KWS_SAGINUMA,1.0,medium,2026-04-01,,DOC_KWS_SUISHITSU_R8,令和8年度水質検査計画 p11 図−7「水質検査地点概要図」の塗り分けからのラスタ読み取り。長沢・企業団西長沢 → 鷺沼配水池。図は配水系統の概略で町丁目単位の断定ではない。純度 100%（判定に使った画素 2505）。位置合わせ IoU 0.929（6パラメータ）。凡例表が名指しした検査地点との代表一致率 86%
TRACE_KWS:14133301003,14133301003,FAC_KWS_SAGINUMA,1.0,medium,2026-04-01,,DOC_KWS_SUISHITSU_R8,令和8年度水質検査計画 p11 図−7「水質検査地点概要図」の塗り分けからのラスタ読み取り。長沢・企業団西長沢 → 鷺沼配水池。図は配水系統の概略で町丁目単位の断定ではない。純度 100%（判定に使った画素 2710）。位置合わせ IoU 0.929（6パラメータ）。凡例表が名指しした検査地点との代表一致率 86%
TRACE_KWS:14133302001,14133302001,FAC_KWS_SAGINUMA,1.0,medium,2026-04-01,,DOC_KWS_SUISHITSU_R8,令和8年度水質検査計画 p11 図−7「水質検査地点概要図」の塗り分けからのラスタ読み取り。長沢・企業団西長沢 → 鷺沼配水池。図は配水系統の概略で町丁目単位の断定ではない。純度 100%（判定に使った画素 1049）。位置合わせ IoU 0.929（6パラメータ）。凡例表が名指しした検査地点との代表一致率 86%
TRACE_KWS:14133302002,14133302002,FAC_KWS_SAGINUMA,1.0,medium,2026-04-01,,DOC_KWS_SUISHITSU_R8,令和8年度水質検査計画 p11 図−7「水質検査地点概要図」の塗り分けからのラスタ読み取り。長沢・企業団西長沢 → 鷺沼配水池。図は配水系統の概略で町丁目単位の断定ではない。純度 100%（判定に使った画素 1482）。位置合わせ IoU 0.929（6パラメータ）。凡例表が名指しした検査地点との代表一致率 86%
TRACE_KWS:14133302003,14133302003,FAC_KWS_SAGINUMA,1.0,medium,2026-04-01,,DOC_KWS_SUISHITSU_R8,令和8年度水質検査計画 p11 図−7「水質検査地点概要図」の塗り分けからのラスタ読み取り。長沢・企業団西長沢 → 鷺沼配水池。図は配水系統の概略で町丁目単位の断定ではない。純度 100%（判定に使った画素 2695）。位置合わせ IoU 0.929（6パラメータ）。凡例表が名指しした検査地点との代表一致率 86%
TRACE_KWS:14133303001,14133303001,FAC_KWS_SAGINUMA,1.0,medium,2026-04-01,,DOC_KWS_SUISHITSU_R8,令和8年度水質検査計画 p11 図−7「水質検査地点概要図」の塗り分けからのラスタ読み取り。長沢・企業団西長沢 → 鷺沼配水池。図は配水系統の概略で町丁目単位の断定ではない。純度 100%（判定に使った画素 380）。位置合わせ IoU 0.929（6パラメータ）。凡例表が名指しした検査地点との代表一致率 86%
TRACE_KWS:14133303002,14133303002,FAC_KWS_SAGINUMA,1.0,medium,2026-04-01,,DOC_KWS_SUISHITSU_R8,令和8年度水質検査計画 p11 図−7「水質検査地点概要図」の塗り分けからのラスタ読み取り。長沢・企業団西長沢 → 鷺沼配水池。図は配水系統の概略で町丁目単位の断定ではない。純度 100%（判定に使った画素 3111）。位置合わせ IoU 0.929（6パラメータ）。凡例表が名指しした検査地点との代表一致率 86%
TRACE_KWS:14133304001,14133304001,FAC_KWS_SAGINUMA,1.0,medium,2026-04-01,,DOC_KWS_SUISHITSU_R8,令和8年度水質検査計画 p11 図−7「水質検査地点概要図」の塗り分けからのラスタ読み取り。長沢・企業団西長沢 → 鷺沼配水池。図は配水系統の概略で町丁目単位の断定ではない。純度 100%（判定に使った画素 2887）。位置合わせ IoU 0.929（6パラメータ）。凡例表が名指しした検査地点との代表一致率 86%
TRACE_KWS:14133304002,14133304002,FAC_KWS_SAGINUMA,1.0,medium,2026-04-01,,DOC_KWS_SUISHITSU_R8,令和8年度水質検査計画 p11 図−7「水質検査地点概要図」の塗り分けからのラスタ読み取り。長沢・企業団西長沢 → 鷺沼配水池。図は配水系統の概略で町丁目単位の断定ではない。純度 100%（判定に使った画素 1488）。位置合わせ IoU 0.929（6パラメータ）。凡例表が名指しした検査地点との代表一致率 86%
TRACE_KWS:14133305001,14133305001,FAC_KWS_SAGINUMA,1.0,medium,2026-04-01,,DOC_KWS_SUISHITSU_R8,令和8年度水質検査計画 p11 図−7「水質検査地点概要図」の塗り分けからのラスタ読み取り。長沢・企業団西長沢 → 鷺沼配水池。図は配水系統の概略で町丁目単位の断定ではない。純度 100%（判定に使った画素 3965）。位置合わせ IoU 0.929（6パラメータ）。凡例表が名指しした検査地点との代表一致率 86%
TRACE_KWS:14133305002,14133305002,FAC_KWS_SAGINUMA,1.0,medium,2026-04-01,,DOC_KWS_SUISHITSU_R8,令和8年度水質検査計画 p11 図−7「水質検査地点概要図」の塗り分けからのラスタ読み取り。長沢・企業団西長沢 → 鷺沼配水池。図は配水系統の概略で町丁目単位の断定ではない。純度 100%（判定に使った画素 4537）。位置合わせ IoU 0.929（6パラメータ）。凡例表が名指しした検査地点との代表一致率 86%
TRACE_KWS:14133305003,14133305003,FAC_KWS_SAGINUMA,1.0,medium,2026-04-01,,DOC_KWS_SUISHITSU_R8,令和8年度水質検査計画 p11 図−7「水質検査地点概要図」の塗り分けからのラスタ読み取り。長沢・企業団西長沢 → 鷺沼配水池。図は配水系統の概略で町丁目単位の断定ではない。純度 100%（判定に使った画素 4027）。位置合わせ IoU 0.929（6パラメータ）。凡例表が名指しした検査地点との代表一致率 86%
TRACE_KWS:14133305004,14133305004,FAC_KWS_SAGINUMA,1.0,medium,2026-04-01,,DOC_KWS_SUISHITSU_R8,令和8年度水質検査計画 p11 図−7「水質検査地点概要図」の塗り分けからのラスタ読み取り。長沢・企業団西長沢 → 鷺沼配水池。図は配水系統の概略で町丁目単位の断定ではない。純度 100%（判定に使った画素 3419）。位置合わせ IoU 0.929（6パラメータ）。凡例表が名指しした検査地点との代表一致率 86%
TRACE_KWS:14133305005,14133305005,FAC_KWS_SAGINUMA,1.0,medium,2026-04-01,,DOC_KWS_SUISHITSU_R8,令和8年度水質検査計画 p11 図−7「水質検査地点概要図」の塗り分けからのラスタ読み取り。長沢・企業団西長沢 → 鷺沼配水池。図は配水系統の概略で町丁目単位の断定ではない。純度 100%（判定に使った画素 1877）。位置合わせ IoU 0.929（6パラメータ）。凡例表が名指しした検査地点との代表一致率 86%
TRACE_KWS:14133305006,14133305006,FAC_KWS_SAGINUMA,1.0,medium,2026-04-01,,DOC_KWS_SUISHITSU_R8,令和8年度水質検査計画 p11 図−7「水質検査地点概要図」の塗り分けからのラスタ読み取り。長沢・企業団西長沢 → 鷺沼配水池。図は配水系統の概略で町丁目単位の断定ではない。純度 100%（判定に使った画素 6012）。位置合わせ IoU 0.929（6パラメータ）。凡例表が名指しした検査地点との代表一致率 86%
TRACE_KWS:14133305007,14133305007,FAC_KWS_SAGINUMA,1.0,medium,2026-04-01,,DOC_KWS_SUISHITSU_R8,令和8年度水質検査計画 p11 図−7「水質検査地点概要図」の塗り分けからのラスタ読み取り。長沢・企業団西長沢 → 鷺沼配水池。図は配水系統の概略で町丁目単位の断定ではない。純度 100%（判定に使った画素 1881）。位置合わせ IoU 0.929（6パラメータ）。凡例表が名指しした検査地点との代表一致率 86%
TRACE_KWS:14133307001,14133307001,FAC_KWS_SAGINUMA,1.0,low,2026-04-01,,DOC_KWS_SUISHITSU_R8,令和8年度水質検査計画 p11 図−7「水質検査地点概要図」の塗り分けからのラスタ読み取り。長沢・企業団西長沢 → 鷺沼配水池。図は配水系統の概略で町丁目単位の断定ではない。純度 64%（判定に使った画素 810）。位置合わせ IoU 0.929（6パラメータ）。凡例表が名指しした検査地点との代表一致率 86%
TRACE_KWS:14133307002,14133307002,FAC_KWS_SAGINUMA,1.0,medium,2026-04-01,,DOC_KWS_SUISHITSU_R8,令和8年度水質検査計画 p11 図−7「水質検査地点概要図」の塗り分けからのラスタ読み取り。長沢・企業団西長沢 → 鷺沼配水池。図は配水系統の概略で町丁目単位の断定ではない。純度 100%（判定に使った画素 2704）。位置合わせ IoU 0.929（6パラメータ）。凡例表が名指しした検査地点との代表一致率 86%
TRACE_KWS:14133307004,14133307004,FAC_KWS_SAGINUMA,1.0,medium,2026-04-01,,DOC_KWS_SUISHITSU_R8,令和8年度水質検査計画 p11 図−7「水質検査地点概要図」の塗り分けからのラスタ読み取り。長沢・企業団西長沢 → 鷺沼配水池。図は配水系統の概略で町丁目単位の断定ではない。純度 99%（判定に使った画素 2345）。位置合わせ IoU 0.929（6パラメータ）。凡例表が名指しした検査地点との代表一致率 86%
TRACE_KWS:141333080,141333080,FAC_KWS_SAGINUMA,1.0,low,2026-04-01,,DOC_KWS_SUISHITSU_R8,令和8年度水質検査計画 p11 図−7「水質検査地点概要図」の塗り分けからのラスタ読み取り。長沢・企業団西長沢 → 鷺沼配水池。図は配水系統の概略で町丁目単位の断定ではない。純度 92%（判定に使った画素 1796）。位置合わせ IoU 0.929（6パラメータ）。凡例表が名指しした検査地点との代表一致率 86%
TRACE_KWS:141333100,141333100,FAC_KWS_SAGINUMA,1.0,medium,2026-04-01,,DOC_KWS_SUISHITSU_R8,令和8年度水質検査計画 p11 図−7「水質検査地点概要図」の塗り分けからのラスタ読み取り。長沢・企業団西長沢 → 鷺沼配水池。図は配水系統の概略で町丁目単位の断定ではない。純度 100%（判定に使った画素 4690）。位置合わせ IoU 0.929（6パラメータ）。凡例表が名指しした検査地点との代表一致率 86%
TRACE_KWS:14133311001,14133311001,FAC_KWS_SAGINUMA,1.0,medium,2026-04-01,,DOC_KWS_SUISHITSU_R8,令和8年度水質検査計画 p11 図−7「水質検査地点概要図」の塗り分けからのラスタ読み取り。長沢・企業団西長沢 → 鷺沼配水池。図は配水系統の概略で町丁目単位の断定ではない。純度 100%（判定に使った画素 1612）。位置合わせ IoU 0.929（6パラメータ）。凡例表が名指しした検査地点との代表一致率 86%
TRACE_KWS:14133311002,14133311002,FAC_KWS_SAGINUMA,1.0,medium,2026-04-01,,DOC_KWS_SUISHITSU_R8,令和8年度水質検査計画 p11 図−7「水質検査地点概要図」の塗り分けからのラスタ読み取り。長沢・企業団西長沢 → 鷺沼配水池。図は配水系統の概略で町丁目単位の断定ではない。純度 100%（判定に使った画素 1390）。位置合わせ IoU 0.929（6パラメータ）。凡例表が名指しした検査地点との代表一致率 86%
TRACE_KWS:141333120,141333120,FAC_KWS_SAGINUMA,1.0,medium,2026-04-01,,DOC_KWS_SUISHITSU_R8,令和8年度水質検査計画 p11 図−7「水質検査地点概要図」の塗り分けからのラスタ読み取り。長沢・企業団西長沢 → 鷺沼配水池。図は配水系統の概略で町丁目単位の断定ではない。純度 100%（判定に使った画素 1946）。位置合わせ IoU 0.929（6パラメータ）。凡例表が名指しした検査地点との代表一致率 86%
TRACE_KWS:141333130,141333130,FAC_KWS_SAGINUMA,1.0,medium,2026-04-01,,DOC_KWS_SUISHITSU_R8,令和8年度水質検査計画 p11 図−7「水質検査地点概要図」の塗り分けからのラスタ読み取り。長沢・企業団西長沢 → 鷺沼配水池。図は配水系統の概略で町丁目単位の断定ではない。純度 100%（判定に使った画素 4703）。位置合わせ IoU 0.929（6パラメータ）。凡例表が名指しした検査地点との代表一致率 86%
TRACE_KWS:14133314001,14133314001,FAC_KWS_SAGINUMA,1.0,medium,2026-04-01,,DOC_KWS_SUISHITSU_R8,令和8年度水質検査計画 p11 図−7「水質検査地点概要図」の塗り分けからのラスタ読み取り。長沢・企業団西長沢 → 鷺沼配水池。図は配水系統の概略で町丁目単位の断定ではない。純度 100%（判定に使った画素 2910）。位置合わせ IoU 0.929（6パラメータ）。凡例表が名指しした検査地点との代表一致率 86%
TRACE_KWS:14133314002,14133314002,FAC_KWS_SAGINUMA,1.0,medium,2026-04-01,,DOC_KWS_SUISHITSU_R8,令和8年度水質検査計画 p11 図−7「水質検査地点概要図」の塗り分けからのラスタ読み取り。長沢・企業団西長沢 → 鷺沼配水池。図は配水系統の概略で町丁目単位の断定ではない。純度 100%（判定に使った画素 1730）。位置合わせ IoU 0.929（6パラメータ）。凡例表が名指しした検査地点との代表一致率 86%
TRACE_KWS:141333150,141333150,FAC_KWS_SAGINUMA,1.0,medium,2026-04-01,,DOC_KWS_SUISHITSU_R8,令和8年度水質検査計画 p11 図−7「水質検査地点概要図」の塗り分けからのラスタ読み取り。長沢・企業団西長沢 → 鷺沼配水池。図は配水系統の概略で町丁目単位の断定ではない。純度 100%（判定に使った画素 8421）。位置合わせ IoU 0.929（6パラメータ）。凡例表が名指しした検査地点との代表一致率 86%
TRACE_KWS:141333160,141333160,FAC_KWS_SAGINUMA,1.0,medium,2026-04-01,,DOC_KWS_SUISHITSU_R8,令和8年度水質検査計画 p11 図−7「水質検査地点概要図」の塗り分けからのラスタ読み取り。長沢・企業団西長沢 → 鷺沼配水池。図は配水系統の概略で町丁目単位の断定ではない。純度 100%（判定に使った画素 12659）。位置合わせ IoU 0.929（6パラメータ）。凡例表が名指しした検査地点との代表一致率 86%
TRACE_KWS:141333170,141333170,FAC_KWS_SAGINUMA,1.0,medium,2026-04-01,,DOC_KWS_SUISHITSU_R8,令和8年度水質検査計画 p11 図−7「水質検査地点概要図」の塗り分けからのラスタ読み取り。長沢・企業団西長沢 → 鷺沼配水池。図は配水系統の概略で町丁目単位の断定ではない。純度 100%（判定に使った画素 6455）。位置合わせ IoU 0.929（6パラメータ）。凡例表が名指しした検査地点との代表一致率 86%
TRACE_KWS:141333180,141333180,FAC_KWS_SAGINUMA,1.0,medium,2026-04-01,,DOC_KWS_SUISHITSU_R8,令和8年度水質検査計画 p11 図−7「水質検査地点概要図」の塗り分けからのラスタ読み取り。長沢・企業団西長沢 → 鷺沼配水池。図は配水系統の概略で町丁目単位の断定ではない。純度 100%（判定に使った画素 712）。位置合わせ IoU 0.929（6パラメータ）。凡例表が名指しした検査地点との代表一致率 86%
TRACE_KWS:141333190,141333190,FAC_KWS_SAGINUMA,1.0,medium,2026-04-01,,DOC_KWS_SUISHITSU_R8,令和8年度水質検査計画 p11 図−7「水質検査地点概要図」の塗り分けからのラスタ読み取り。長沢・企業団西長沢 → 鷺沼配水池。図は配水系統の概略で町丁目単位の断定ではない。純度 100%（判定に使った画素 210）。位置合わせ IoU 0.929（6パラメータ）。凡例表が名指しした検査地点との代表一致率 86%
TRACE_KWS:14133320001,14133320001,FAC_KWS_SAGINUMA,1.0,low,2026-04-01,,DOC_KWS_SUISHITSU_R8,令和8年度水質検査計画 p11 図−7「水質検査地点概要図」の塗り分けからのラスタ読み取り。長沢・企業団西長沢 → 鷺沼配水池。図は配水系統の概略で町丁目単位の断定ではない。純度 52%（判定に使った画素 3962）。位置合わせ IoU 0.929（6パラメータ）。凡例表が名指しした検査地点との代表一致率 86%
TRACE_KWS:14133320002,14133320002,FAC_KWS_SUEYOSHI,1.0,low,2026-04-01,,DOC_KWS_SUISHITSU_R8,令和8年度水質検査計画 p11 図−7「水質検査地点概要図」の塗り分けからのラスタ読み取り。長沢・企業団西長沢 → 末吉配水池。図は配水系統の概略で町丁目単位の断定ではない。純度 91%（判定に使った画素 6340）。位置合わせ IoU 0.929（6パラメータ）。凡例表が名指しした検査地点との代表一致率 86%
TRACE_KWS:141333210,141333210,FAC_KWS_SAGINUMA,1.0,medium,2026-04-01,,DOC_KWS_SUISHITSU_R8,令和8年度水質検査計画 p11 図−7「水質検査地点概要図」の塗り分けからのラスタ読み取り。長沢・企業団西長沢 → 鷺沼配水池。図は配水系統の概略で町丁目単位の断定ではない。純度 99%（判定に使った画素 1942）。位置合わせ IoU 0.929（6パラメータ）。凡例表が名指しした検査地点との代表一致率 86%
TRACE_KWS:141333221,141333221,FAC_KWS_SAGINUMA,1.0,medium,2026-04-01,,DOC_KWS_SUISHITSU_R8,令和8年度水質検査計画 p11 図−7「水質検査地点概要図」の塗り分けからのラスタ読み取り。長沢・企業団西長沢 → 鷺沼配水池。図は配水系統の概略で町丁目単位の断定ではない。純度 100%（判定に使った画素 3001）。位置合わせ IoU 0.929（6パラメータ）。凡例表が名指しした検査地点との代表一致率 86%
TRACE_KWS:141333231,141333231,FAC_KWS_SAGINUMA,1.0,medium,2026-04-01,,DOC_KWS_SUISHITSU_R8,令和8年度水質検査計画 p11 図−7「水質検査地点概要図」の塗り分けからのラスタ読み取り。長沢・企業団西長沢 → 鷺沼配水池。図は配水系統の概略で町丁目単位の断定ではない。純度 100%（判定に使った画素 3607）。位置合わせ IoU 0.929（6パラメータ）。凡例表が名指しした検査地点との代表一致率 86%
TRACE_KWS:141333241,141333241,FAC_KWS_SAGINUMA,1.0,medium,2026-04-01,,DOC_KWS_SUISHITSU_R8,令和8年度水質検査計画 p11 図−7「水質検査地点概要図」の塗り分けからのラスタ読み取り。長沢・企業団西長沢 → 鷺沼配水池。図は配水系統の概略で町丁目単位の断定ではない。純度 100%（判定に使った画素 6670）。位置合わせ IoU 0.929（6パラメータ）。凡例表が名指しした検査地点との代表一致率 86%
TRACE_KWS:141333250,141333250,FAC_KWS_SAGINUMA,1.0,medium,2026-04-01,,DOC_KWS_SUISHITSU_R8,令和8年度水質検査計画 p11 図−7「水質検査地点概要図」の塗り分けからのラスタ読み取り。長沢・企業団西長沢 → 鷺沼配水池。図は配水系統の概略で町丁目単位の断定ではない。純度 100%（判定に使った画素 2653）。位置合わせ IoU 0.929（6パラメータ）。凡例表が名指しした検査地点との代表一致率 86%
TRACE_KWS:141333260,141333260,FAC_KWS_SAGINUMA,1.0,medium,2026-04-01,,DOC_KWS_SUISHITSU_R8,令和8年度水質検査計画 p11 図−7「水質検査地点概要図」の塗り分けからのラスタ読み取り。長沢・企業団西長沢 → 鷺沼配水池。図は配水系統の概略で町丁目単位の断定ではない。純度 100%（判定に使った画素 3920）。位置合わせ IoU 0.929（6パラメータ）。凡例表が名指しした検査地点との代表一致率 86%
TRACE_KWS:141333270,141333270,FAC_KWS_SAGINUMA,1.0,medium,2026-04-01,,DOC_KWS_SUISHITSU_R8,令和8年度水質検査計画 p11 図−7「水質検査地点概要図」の塗り分けからのラスタ読み取り。長沢・企業団西長沢 → 鷺沼配水池。図は配水系統の概略で町丁目単位の断定ではない。純度 100%（判定に使った画素 2870）。位置合わせ IoU 0.929（6パラメータ）。凡例表が名指しした検査地点との代表一致率 86%
TRACE_KWS:141333280,141333280,FAC_KWS_SAGINUMA,1.0,medium,2026-04-01,,DOC_KWS_SUISHITSU_R8,令和8年度水質検査計画 p11 図−7「水質検査地点概要図」の塗り分けからのラスタ読み取り。長沢・企業団西長沢 → 鷺沼配水池。図は配水系統の概略で町丁目単位の断定ではない。純度 100%（判定に使った画素 2755）。位置合わせ IoU 0.929（6パラメータ）。凡例表が名指しした検査地点との代表一致率 86%
TRACE_KWS:141333291,141333291,FAC_KWS_SAGINUMA,1.0,medium,2026-04-01,,DOC_KWS_SUISHITSU_R8,令和8年度水質検査計画 p11 図−7「水質検査地点概要図」の塗り分けからのラスタ読み取り。長沢・企業団西長沢 → 鷺沼配水池。図は配水系統の概略で町丁目単位の断定ではない。純度 100%（判定に使った画素 3831）。位置合わせ IoU 0.929（6パラメータ）。凡例表が名指しした検査地点との代表一致率 86%
TRACE_KWS:141333301,141333301,FAC_KWS_SAGINUMA,1.0,medium,2026-04-01,,DOC_KWS_SUISHITSU_R8,令和8年度水質検査計画 p11 図−7「水質検査地点概要図」の塗り分けからのラスタ読み取り。長沢・企業団西長沢 → 鷺沼配水池。図は配水系統の概略で町丁目単位の断定ではない。純度 100%（判定に使った画素 2289）。位置合わせ IoU 0.929（6パラメータ）。凡例表が名指しした検査地点との代表一致率 86%
TRACE_KWS:141333311,141333311,FAC_KWS_SAGINUMA,1.0,medium,2026-04-01,,DOC_KWS_SUISHITSU_R8,令和8年度水質検査計画 p11 図−7「水質検査地点概要図」の塗り分けからのラスタ読み取り。長沢・企業団西長沢 → 鷺沼配水池。図は配水系統の概略で町丁目単位の断定ではない。純度 100%（判定に使った画素 1289）。位置合わせ IoU 0.929（6パラメータ）。凡例表が名指しした検査地点との代表一致率 86%
TRACE_KWS:14133332101,14133332101,FAC_KWS_SAGINUMA,1.0,medium,2026-04-01,,DOC_KWS_SUISHITSU_R8,令和8年度水質検査計画 p11 図−7「水質検査地点概要図」の塗り分けからのラスタ読み取り。長沢・企業団西長沢 → 鷺沼配水池。図は配水系統の概略で町丁目単位の断定ではない。純度 100%（判定に使った画素 2365）。位置合わせ IoU 0.929（6パラメータ）。凡例表が名指しした検査地点との代表一致率 86%
TRACE_KWS:14133332102,14133332102,FAC_KWS_SAGINUMA,1.0,medium,2026-04-01,,DOC_KWS_SUISHITSU_R8,令和8年度水質検査計画 p11 図−7「水質検査地点概要図」の塗り分けからのラスタ読み取り。長沢・企業団西長沢 → 鷺沼配水池。図は配水系統の概略で町丁目単位の断定ではない。純度 100%（判定に使った画素 2106）。位置合わせ IoU 0.929（6パラメータ）。凡例表が名指しした検査地点との代表一致率 86%
TRACE_KWS:14133332103,14133332103,FAC_KWS_SAGINUMA,1.0,medium,2026-04-01,,DOC_KWS_SUISHITSU_R8,令和8年度水質検査計画 p11 図−7「水質検査地点概要図」の塗り分けからのラスタ読み取り。長沢・企業団西長沢 → 鷺沼配水池。図は配水系統の概略で町丁目単位の断定ではない。純度 100%（判定に使った画素 5639）。位置合わせ IoU 0.929（6パラメータ）。凡例表が名指しした検査地点との代表一致率 86%
TRACE_KWS:14133332104,14133332104,FAC_KWS_SAGINUMA,1.0,medium,2026-04-01,,DOC_KWS_SUISHITSU_R8,令和8年度水質検査計画 p11 図−7「水質検査地点概要図」の塗り分けからのラスタ読み取り。長沢・企業団西長沢 → 鷺沼配水池。図は配水系統の概略で町丁目単位の断定ではない。純度 100%（判定に使った画素 5749）。位置合わせ IoU 0.929（6パラメータ）。凡例表が名指しした検査地点との代表一致率 86%
TRACE_KWS:14133333001,14133333001,FAC_KWS_SAGINUMA,1.0,medium,2026-04-01,,DOC_KWS_SUISHITSU_R8,令和8年度水質検査計画 p11 図−7「水質検査地点概要図」の塗り分けからのラスタ読み取り。長沢・企業団西長沢 → 鷺沼配水池。図は配水系統の概略で町丁目単位の断定ではない。純度 100%（判定に使った画素 3528）。位置合わせ IoU 0.929（6パラメータ）。凡例表が名指しした検査地点との代表一致率 86%
TRACE_KWS:14133333002,14133333002,FAC_KWS_NAGASAWA,1.0,low,2026-04-01,,DOC_KWS_SUISHITSU_R8,令和8年度水質検査計画 p11 図−7「水質検査地点概要図」の塗り分けからのラスタ読み取り。長沢浄水場のみ。図は配水系統の概略で町丁目単位の断定ではない。純度 70%（判定に使った画素 1736）。位置合わせ IoU 0.929（6パラメータ）。凡例表が名指しした検査地点との代表一致率 86%
TRACE_KWS:14133333003,14133333003,FAC_KWS_NAGASAWA,1.0,medium,2026-04-01,,DOC_KWS_SUISHITSU_R8,令和8年度水質検査計画 p11 図−7「水質検査地点概要図」の塗り分けからのラスタ読み取り。長沢浄水場のみ。図は配水系統の概略で町丁目単位の断定ではない。純度 99%（判定に使った画素 2330）。位置合わせ IoU 0.929（6パラメータ）。凡例表が名指しした検査地点との代表一致率 86%
TRACE_KWS:141333340,141333340,FAC_KWS_SAGINUMA,1.0,medium,2026-04-01,,DOC_KWS_SUISHITSU_R8,令和8年度水質検査計画 p11 図−7「水質検査地点概要図」の塗り分けからのラスタ読み取り。長沢・企業団西長沢 → 鷺沼配水池。図は配水系統の概略で町丁目単位の断定ではない。純度 100%（判定に使った画素 4843）。位置合わせ IoU 0.929（6パラメータ）。凡例表が名指しした検査地点との代表一致率 86%
TRACE_KWS:141333350,141333350,FAC_KWS_SAGINUMA,1.0,medium,2026-04-01,,DOC_KWS_SUISHITSU_R8,令和8年度水質検査計画 p11 図−7「水質検査地点概要図」の塗り分けからのラスタ読み取り。長沢・企業団西長沢 → 鷺沼配水池。図は配水系統の概略で町丁目単位の断定ではない。純度 100%（判定に使った画素 3504）。位置合わせ IoU 0.929（6パラメータ）。凡例表が名指しした検査地点との代表一致率 86%
TRACE_KWS:141333360,141333360,FAC_KWS_SAGINUMA,1.0,medium,2026-04-01,,DOC_KWS_SUISHITSU_R8,令和8年度水質検査計画 p11 図−7「水質検査地点概要図」の塗り分けからのラスタ読み取り。長沢・企業団西長沢 → 鷺沼配水池。図は配水系統の概略で町丁目単位の断定ではない。純度 100%（判定に使った画素 2565）。位置合わせ IoU 0.929（6パラメータ）。凡例表が名指しした検査地点との代表一致率 86%
TRACE_KWS:14133338001,14133338001,FAC_KWS_SAGINUMA,1.0,medium,2026-04-01,,DOC_KWS_SUISHITSU_R8,令和8年度水質検査計画 p11 図−7「水質検査地点概要図」の塗り分けからのラスタ読み取り。長沢・企業団西長沢 → 鷺沼配水池。図は配水系統の概略で町丁目単位の断定ではない。純度 100%（判定に使った画素 3753）。位置合わせ IoU 0.929（6パラメータ）。凡例表が名指しした検査地点との代表一致率 86%
TRACE_KWS:14133338002,14133338002,FAC_KWS_SAGINUMA,1.0,medium,2026-04-01,,DOC_KWS_SUISHITSU_R8,令和8年度水質検査計画 p11 図−7「水質検査地点概要図」の塗り分けからのラスタ読み取り。長沢・企業団西長沢 → 鷺沼配水池。図は配水系統の概略で町丁目単位の断定ではない。純度 100%（判定に使った画素 5095）。位置合わせ IoU 0.929（6パラメータ）。凡例表が名指しした検査地点との代表一致率 86%
TRACE_KWS:14133338003,14133338003,FAC_KWS_SAGINUMA,1.0,medium,2026-04-01,,DOC_KWS_SUISHITSU_R8,令和8年度水質検査計画 p11 図−7「水質検査地点概要図」の塗り分けからのラスタ読み取り。長沢・企業団西長沢 → 鷺沼配水池。図は配水系統の概略で町丁目単位の断定ではない。純度 100%（判定に使った画素 4435）。位置合わせ IoU 0.929（6パラメータ）。凡例表が名指しした検査地点との代表一致率 86%
TRACE_KWS:14133338004,14133338004,FAC_KWS_SAGINUMA,1.0,medium,2026-04-01,,DOC_KWS_SUISHITSU_R8,令和8年度水質検査計画 p11 図−7「水質検査地点概要図」の塗り分けからのラスタ読み取り。長沢・企業団西長沢 → 鷺沼配水池。図は配水系統の概略で町丁目単位の断定ではない。純度 100%（判定に使った画素 2948）。位置合わせ IoU 0.929（6パラメータ）。凡例表が名指しした検査地点との代表一致率 86%
TRACE_KWS:14133338005,14133338005,FAC_KWS_SAGINUMA,1.0,medium,2026-04-01,,DOC_KWS_SUISHITSU_R8,令和8年度水質検査計画 p11 図−7「水質検査地点概要図」の塗り分けからのラスタ読み取り。長沢・企業団西長沢 → 鷺沼配水池。図は配水系統の概略で町丁目単位の断定ではない。純度 100%（判定に使った画素 1735）。位置合わせ IoU 0.929（6パラメータ）。凡例表が名指しした検査地点との代表一致率 86%
TRACE_KWS:14133338006,14133338006,FAC_KWS_SAGINUMA,1.0,medium,2026-04-01,,DOC_KWS_SUISHITSU_R8,令和8年度水質検査計画 p11 図−7「水質検査地点概要図」の塗り分けからのラスタ読み取り。長沢・企業団西長沢 → 鷺沼配水池。図は配水系統の概略で町丁目単位の断定ではない。純度 100%（判定に使った画素 3642）。位置合わせ IoU 0.929（6パラメータ）。凡例表が名指しした検査地点との代表一致率 86%
TRACE_KWS:141333390,141333390,FAC_KWS_SAGINUMA,1.0,medium,2026-04-01,,DOC_KWS_SUISHITSU_R8,令和8年度水質検査計画 p11 図−7「水質検査地点概要図」の塗り分けからのラスタ読み取り。長沢・企業団西長沢 → 鷺沼配水池。図は配水系統の概略で町丁目単位の断定ではない。純度 100%（判定に使った画素 1697）。位置合わせ IoU 0.929（6パラメータ）。凡例表が名指しした検査地点との代表一致率 86%
TRACE_KWS:14133340001,14133340001,FAC_KWS_SAGINUMA,1.0,medium,2026-04-01,,DOC_KWS_SUISHITSU_R8,令和8年度水質検査計画 p11 図−7「水質検査地点概要図」の塗り分けからのラスタ読み取り。長沢・企業団西長沢 → 鷺沼配水池。図は配水系統の概略で町丁目単位の断定ではない。純度 100%（判定に使った画素 2132）。位置合わせ IoU 0.929（6パラメータ）。凡例表が名指しした検査地点との代表一致率 86%
TRACE_KWS:14133340002,14133340002,FAC_KWS_SAGINUMA,1.0,medium,2026-04-01,,DOC_KWS_SUISHITSU_R8,令和8年度水質検査計画 p11 図−7「水質検査地点概要図」の塗り分けからのラスタ読み取り。長沢・企業団西長沢 → 鷺沼配水池。図は配水系統の概略で町丁目単位の断定ではない。純度 100%（判定に使った画素 1156）。位置合わせ IoU 0.929（6パラメータ）。凡例表が名指しした検査地点との代表一致率 86%
TRACE_KWS:14133340003,14133340003,FAC_KWS_SAGINUMA,1.0,medium,2026-04-01,,DOC_KWS_SUISHITSU_R8,令和8年度水質検査計画 p11 図−7「水質検査地点概要図」の塗り分けからのラスタ読み取り。長沢・企業団西長沢 → 鷺沼配水池。図は配水系統の概略で町丁目単位の断定ではない。純度 100%（判定に使った画素 1033）。位置合わせ IoU 0.929（6パラメータ）。凡例表が名指しした検査地点との代表一致率 86%
TRACE_KWS:14133341001,14133341001,FAC_KWS_SAGINUMA,1.0,medium,2026-04-01,,DOC_KWS_SUISHITSU_R8,令和8年度水質検査計画 p11 図−7「水質検査地点概要図」の塗り分けからのラスタ読み取り。長沢・企業団西長沢 → 鷺沼配水池。図は配水系統の概略で町丁目単位の断定ではない。純度 100%（判定に使った画素 810）。位置合わせ IoU 0.929（6パラメータ）。凡例表が名指しした検査地点との代表一致率 86%
TRACE_KWS:14133341002,14133341002,FAC_KWS_SAGINUMA,1.0,medium,2026-04-01,,DOC_KWS_SUISHITSU_R8,令和8年度水質検査計画 p11 図−7「水質検査地点概要図」の塗り分けからのラスタ読み取り。長沢・企業団西長沢 → 鷺沼配水池。図は配水系統の概略で町丁目単位の断定ではない。純度 100%（判定に使った画素 1104）。位置合わせ IoU 0.929（6パラメータ）。凡例表が名指しした検査地点との代表一致率 86%
TRACE_KWS:14133342001,14133342001,FAC_KWS_SAGINUMA,1.0,medium,2026-04-01,,DOC_KWS_SUISHITSU_R8,令和8年度水質検査計画 p11 図−7「水質検査地点概要図」の塗り分けからのラスタ読み取り。長沢・企業団西長沢 → 鷺沼配水池。図は配水系統の概略で町丁目単位の断定ではない。純度 100%（判定に使った画素 850）。位置合わせ IoU 0.929（6パラメータ）。凡例表が名指しした検査地点との代表一致率 86%
TRACE_KWS:14133342002,14133342002,FAC_KWS_SAGINUMA,1.0,medium,2026-04-01,,DOC_KWS_SUISHITSU_R8,令和8年度水質検査計画 p11 図−7「水質検査地点概要図」の塗り分けからのラスタ読み取り。長沢・企業団西長沢 → 鷺沼配水池。図は配水系統の概略で町丁目単位の断定ではない。純度 100%（判定に使った画素 720）。位置合わせ IoU 0.929（6パラメータ）。凡例表が名指しした検査地点との代表一致率 86%
TRACE_KWS:14133342003,14133342003,FAC_KWS_SAGINUMA,1.0,medium,2026-04-01,,DOC_KWS_SUISHITSU_R8,令和8年度水質検査計画 p11 図−7「水質検査地点概要図」の塗り分けからのラスタ読み取り。長沢・企業団西長沢 → 鷺沼配水池。図は配水系統の概略で町丁目単位の断定ではない。純度 100%（判定に使った画素 582）。位置合わせ IoU 0.929（6パラメータ）。凡例表が名指しした検査地点との代表一致率 86%
TRACE_KWS:14133342004,14133342004,FAC_KWS_SAGINUMA,1.0,medium,2026-04-01,,DOC_KWS_SUISHITSU_R8,令和8年度水質検査計画 p11 図−7「水質検査地点概要図」の塗り分けからのラスタ読み取り。長沢・企業団西長沢 → 鷺沼配水池。図は配水系統の概略で町丁目単位の断定ではない。純度 100%（判定に使った画素 241）。位置合わせ IoU 0.929（6パラメータ）。凡例表が名指しした検査地点との代表一致率 86%
TRACE_KWS:14133342005,14133342005,FAC_KWS_SAGINUMA,1.0,medium,2026-04-01,,DOC_KWS_SUISHITSU_R8,令和8年度水質検査計画 p11 図−7「水質検査地点概要図」の塗り分けからのラスタ読み取り。長沢・企業団西長沢 → 鷺沼配水池。図は配水系統の概略で町丁目単位の断定ではない。純度 100%（判定に使った画素 365）。位置合わせ IoU 0.929（6パラメータ）。凡例表が名指しした検査地点との代表一致率 86%
TRACE_KWS:141333430,141333430,FAC_KWS_SAGINUMA,1.0,medium,2026-04-01,,DOC_KWS_SUISHITSU_R8,令和8年度水質検査計画 p11 図−7「水質検査地点概要図」の塗り分けからのラスタ読み取り。長沢・企業団西長沢 → 鷺沼配水池。図は配水系統の概略で町丁目単位の断定ではない。純度 100%（判定に使った画素 918）。位置合わせ IoU 0.929（6パラメータ）。凡例表が名指しした検査地点との代表一致率 86%
TRACE_KWS:14134401101,14134401101,FAC_KWS_SAGINUMA,1.0,low,2026-04-01,,DOC_KWS_SUISHITSU_R8,令和8年度水質検査計画 p11 図−7「水質検査地点概要図」の塗り分けからのラスタ読み取り。長沢・企業団西長沢 → 鷺沼配水池。図は配水系統の概略で町丁目単位の断定ではない。純度 94%（判定に使った画素 1518）。位置合わせ IoU 0.929（6パラメータ）。凡例表が名指しした検査地点との代表一致率 86%
TRACE_KWS:14134401102,14134401102,FAC_KWS_SAGINUMA,1.0,medium,2026-04-01,,DOC_KWS_SUISHITSU_R8,令和8年度水質検査計画 p11 図−7「水質検査地点概要図」の塗り分けからのラスタ読み取り。長沢・企業団西長沢 → 鷺沼配水池。図は配水系統の概略で町丁目単位の断定ではない。純度 98%（判定に使った画素 2446）。位置合わせ IoU 0.929（6パラメータ）。凡例表が名指しした検査地点との代表一致率 86%
TRACE_KWS:14134401103,14134401103,FAC_KWS_SAGINUMA,1.0,low,2026-04-01,,DOC_KWS_SUISHITSU_R8,令和8年度水質検査計画 p11 図−7「水質検査地点概要図」の塗り分けからのラスタ読み取り。長沢・企業団西長沢 → 鷺沼配水池。図は配水系統の概略で町丁目単位の断定ではない。純度 91%（判定に使った画素 950）。位置合わせ IoU 0.929（6パラメータ）。凡例表が名指しした検査地点との代表一致率 86%
TRACE_KWS:14134401104,14134401104,FAC_KWS_IKUTA,1.0,medium,2026-04-01,,DOC_KWS_SUISHITSU_R8,令和8年度水質検査計画 p11 図−7「水質検査地点概要図」の塗り分けからのラスタ読み取り。長沢・企業団西長沢 → 生田配水池。図は配水系統の概略で町丁目単位の断定ではない。純度 100%（判定に使った画素 209）。位置合わせ IoU 0.929（6パラメータ）。凡例表が名指しした検査地点との代表一致率 86%
TRACE_KWS:14134401105,14134401105,FAC_KWS_SAGINUMA,1.0,medium,2026-04-01,,DOC_KWS_SUISHITSU_R8,令和8年度水質検査計画 p11 図−7「水質検査地点概要図」の塗り分けからのラスタ読み取り。長沢・企業団西長沢 → 鷺沼配水池。図は配水系統の概略で町丁目単位の断定ではない。純度 99%（判定に使った画素 1715）。位置合わせ IoU 0.929（6パラメータ）。凡例表が名指しした検査地点との代表一致率 86%
TRACE_KWS:14134401106,14134401106,FAC_KWS_IKUTA,1.0,medium,2026-04-01,,DOC_KWS_SUISHITSU_R8,令和8年度水質検査計画 p11 図−7「水質検査地点概要図」の塗り分けからのラスタ読み取り。長沢・企業団西長沢 → 生田配水池。図は配水系統の概略で町丁目単位の断定ではない。純度 100%（判定に使った画素 2340）。位置合わせ IoU 0.929（6パラメータ）。凡例表が名指しした検査地点との代表一致率 86%
TRACE_KWS:14134402101,14134402101,FAC_KWS_IKUTA,1.0,medium,2026-04-01,,DOC_KWS_SUISHITSU_R8,令和8年度水質検査計画 p11 図−7「水質検査地点概要図」の塗り分けからのラスタ読み取り。長沢・企業団西長沢 → 生田配水池。図は配水系統の概略で町丁目単位の断定ではない。純度 100%（判定に使った画素 3110）。位置合わせ IoU 0.929（6パラメータ）。凡例表が名指しした検査地点との代表一致率 86%
TRACE_KWS:14134402102,14134402102,FAC_KWS_IKUTA,1.0,medium,2026-04-01,,DOC_KWS_SUISHITSU_R8,令和8年度水質検査計画 p11 図−7「水質検査地点概要図」の塗り分けからのラスタ読み取り。長沢・企業団西長沢 → 生田配水池。図は配水系統の概略で町丁目単位の断定ではない。純度 100%（判定に使った画素 5514）。位置合わせ IoU 0.929（6パラメータ）。凡例表が名指しした検査地点との代表一致率 86%
TRACE_KWS:14134402104,14134402104,FAC_KWS_IKUTA,1.0,medium,2026-04-01,,DOC_KWS_SUISHITSU_R8,令和8年度水質検査計画 p11 図−7「水質検査地点概要図」の塗り分けからのラスタ読み取り。長沢・企業団西長沢 → 生田配水池。図は配水系統の概略で町丁目単位の断定ではない。純度 100%（判定に使った画素 1747）。位置合わせ IoU 0.929（6パラメータ）。凡例表が名指しした検査地点との代表一致率 86%
TRACE_KWS:141344030,141344030,FAC_KWS_IKUTA,1.0,medium,2026-04-01,,DOC_KWS_SUISHITSU_R8,令和8年度水質検査計画 p11 図−7「水質検査地点概要図」の塗り分けからのラスタ読み取り。長沢・企業団西長沢 → 生田配水池。図は配水系統の概略で町丁目単位の断定ではない。純度 99%（判定に使った画素 2508）。位置合わせ IoU 0.929（6パラメータ）。凡例表が名指しした検査地点との代表一致率 86%
TRACE_KWS:14134404101,14134404101,FAC_KWS_SAGINUMA,1.0,low,2026-04-01,,DOC_KWS_SUISHITSU_R8,令和8年度水質検査計画 p11 図−7「水質検査地点概要図」の塗り分けからのラスタ読み取り。長沢・企業団西長沢 → 鷺沼配水池。図は配水系統の概略で町丁目単位の断定ではない。純度 86%（判定に使った画素 3614）。位置合わせ IoU 0.929（6パラメータ）。凡例表が名指しした検査地点との代表一致率 86%
TRACE_KWS:14134404102,14134404102,FAC_KWS_SAGINUMA,1.0,low,2026-04-01,,DOC_KWS_SUISHITSU_R8,令和8年度水質検査計画 p11 図−7「水質検査地点概要図」の塗り分けからのラスタ読み取り。長沢・企業団西長沢 → 鷺沼配水池。図は配水系統の概略で町丁目単位の断定ではない。純度 91%（判定に使った画素 832）。位置合わせ IoU 0.929（6パラメータ）。凡例表が名指しした検査地点との代表一致率 86%
TRACE_KWS:14134404103,14134404103,FAC_KWS_SAGINUMA,1.0,medium,2026-04-01,,DOC_KWS_SUISHITSU_R8,令和8年度水質検査計画 p11 図−7「水質検査地点概要図」の塗り分けからのラスタ読み取り。長沢・企業団西長沢 → 鷺沼配水池。図は配水系統の概略で町丁目単位の断定ではない。純度 100%（判定に使った画素 1604）。位置合わせ IoU 0.929（6パラメータ）。凡例表が名指しした検査地点との代表一致率 86%
TRACE_KWS:14134404106,14134404106,FAC_KWS_SAGINUMA,1.0,medium,2026-04-01,,DOC_KWS_SUISHITSU_R8,令和8年度水質検査計画 p11 図−7「水質検査地点概要図」の塗り分けからのラスタ読み取り。長沢・企業団西長沢 → 鷺沼配水池。図は配水系統の概略で町丁目単位の断定ではない。純度 100%（判定に使った画素 1131）。位置合わせ IoU 0.929（6パラメータ）。凡例表が名指しした検査地点との代表一致率 86%
TRACE_KWS:141344051,141344051,FAC_KWS_SAGINUMA,1.0,medium,2026-04-01,,DOC_KWS_SUISHITSU_R8,令和8年度水質検査計画 p11 図−7「水質検査地点概要図」の塗り分けからのラスタ読み取り。長沢・企業団西長沢 → 鷺沼配水池。図は配水系統の概略で町丁目単位の断定ではない。純度 100%（判定に使った画素 2612）。位置合わせ IoU 0.929（6パラメータ）。凡例表が名指しした検査地点との代表一致率 86%
TRACE_KWS:14134406101,14134406101,FAC_KWS_SAGINUMA,1.0,medium,2026-04-01,,DOC_KWS_SUISHITSU_R8,令和8年度水質検査計画 p11 図−7「水質検査地点概要図」の塗り分けからのラスタ読み取り。長沢・企業団西長沢 → 鷺沼配水池。図は配水系統の概略で町丁目単位の断定ではない。純度 100%（判定に使った画素 1771）。位置合わせ IoU 0.929（6パラメータ）。凡例表が名指しした検査地点との代表一致率 86%
TRACE_KWS:14134406102,14134406102,FAC_KWS_SAGINUMA,1.0,medium,2026-04-01,,DOC_KWS_SUISHITSU_R8,令和8年度水質検査計画 p11 図−7「水質検査地点概要図」の塗り分けからのラスタ読み取り。長沢・企業団西長沢 → 鷺沼配水池。図は配水系統の概略で町丁目単位の断定ではない。純度 100%（判定に使った画素 3361）。位置合わせ IoU 0.929（6パラメータ）。凡例表が名指しした検査地点との代表一致率 86%
TRACE_KWS:14134406103,14134406103,FAC_KWS_SAGINUMA,1.0,medium,2026-04-01,,DOC_KWS_SUISHITSU_R8,令和8年度水質検査計画 p11 図−7「水質検査地点概要図」の塗り分けからのラスタ読み取り。長沢・企業団西長沢 → 鷺沼配水池。図は配水系統の概略で町丁目単位の断定ではない。純度 100%（判定に使った画素 2526）。位置合わせ IoU 0.929（6パラメータ）。凡例表が名指しした検査地点との代表一致率 86%
TRACE_KWS:14134407001,14134407001,FAC_KWS_SAGINUMA,1.0,medium,2026-04-01,,DOC_KWS_SUISHITSU_R8,令和8年度水質検査計画 p11 図−7「水質検査地点概要図」の塗り分けからのラスタ読み取り。長沢・企業団西長沢 → 鷺沼配水池。図は配水系統の概略で町丁目単位の断定ではない。純度 100%（判定に使った画素 3324）。位置合わせ IoU 0.929（6パラメータ）。凡例表が名指しした検査地点との代表一致率 86%
TRACE_KWS:14134407002,14134407002,FAC_KWS_SAGINUMA,1.0,medium,2026-04-01,,DOC_KWS_SUISHITSU_R8,令和8年度水質検査計画 p11 図−7「水質検査地点概要図」の塗り分けからのラスタ読み取り。長沢・企業団西長沢 → 鷺沼配水池。図は配水系統の概略で町丁目単位の断定ではない。純度 100%（判定に使った画素 4676）。位置合わせ IoU 0.929（6パラメータ）。凡例表が名指しした検査地点との代表一致率 86%
TRACE_KWS:14134407003,14134407003,FAC_KWS_SAGINUMA,1.0,medium,2026-04-01,,DOC_KWS_SUISHITSU_R8,令和8年度水質検査計画 p11 図−7「水質検査地点概要図」の塗り分けからのラスタ読み取り。長沢・企業団西長沢 → 鷺沼配水池。図は配水系統の概略で町丁目単位の断定ではない。純度 100%（判定に使った画素 3891）。位置合わせ IoU 0.929（6パラメータ）。凡例表が名指しした検査地点との代表一致率 86%
TRACE_KWS:14134408001,14134408001,FAC_KWS_SAGINUMA,1.0,medium,2026-04-01,,DOC_KWS_SUISHITSU_R8,令和8年度水質検査計画 p11 図−7「水質検査地点概要図」の塗り分けからのラスタ読み取り。長沢・企業団西長沢 → 鷺沼配水池。図は配水系統の概略で町丁目単位の断定ではない。純度 100%（判定に使った画素 4083）。位置合わせ IoU 0.929（6パラメータ）。凡例表が名指しした検査地点との代表一致率 86%
TRACE_KWS:14134408002,14134408002,FAC_KWS_SAGINUMA,1.0,medium,2026-04-01,,DOC_KWS_SUISHITSU_R8,令和8年度水質検査計画 p11 図−7「水質検査地点概要図」の塗り分けからのラスタ読み取り。長沢・企業団西長沢 → 鷺沼配水池。図は配水系統の概略で町丁目単位の断定ではない。純度 100%（判定に使った画素 2222）。位置合わせ IoU 0.929（6パラメータ）。凡例表が名指しした検査地点との代表一致率 86%
TRACE_KWS:14134408003,14134408003,FAC_KWS_SAGINUMA,1.0,medium,2026-04-01,,DOC_KWS_SUISHITSU_R8,令和8年度水質検査計画 p11 図−7「水質検査地点概要図」の塗り分けからのラスタ読み取り。長沢・企業団西長沢 → 鷺沼配水池。図は配水系統の概略で町丁目単位の断定ではない。純度 100%（判定に使った画素 1761）。位置合わせ IoU 0.929（6パラメータ）。凡例表が名指しした検査地点との代表一致率 86%
TRACE_KWS:14134410001,14134410001,FAC_KWS_SAGINUMA,1.0,medium,2026-04-01,,DOC_KWS_SUISHITSU_R8,令和8年度水質検査計画 p11 図−7「水質検査地点概要図」の塗り分けからのラスタ読み取り。長沢・企業団西長沢 → 鷺沼配水池。図は配水系統の概略で町丁目単位の断定ではない。純度 98%（判定に使った画素 2602）。位置合わせ IoU 0.929（6パラメータ）。凡例表が名指しした検査地点との代表一致率 86%
TRACE_KWS:14134410002,14134410002,FAC_KWS_SAGINUMA,1.0,medium,2026-04-01,,DOC_KWS_SUISHITSU_R8,令和8年度水質検査計画 p11 図−7「水質検査地点概要図」の塗り分けからのラスタ読み取り。長沢・企業団西長沢 → 鷺沼配水池。図は配水系統の概略で町丁目単位の断定ではない。純度 100%（判定に使った画素 2517）。位置合わせ IoU 0.929（6パラメータ）。凡例表が名指しした検査地点との代表一致率 86%
TRACE_KWS:14134410003,14134410003,FAC_KWS_SAGINUMA,1.0,medium,2026-04-01,,DOC_KWS_SUISHITSU_R8,令和8年度水質検査計画 p11 図−7「水質検査地点概要図」の塗り分けからのラスタ読み取り。長沢・企業団西長沢 → 鷺沼配水池。図は配水系統の概略で町丁目単位の断定ではない。純度 100%（判定に使った画素 3683）。位置合わせ IoU 0.929（6パラメータ）。凡例表が名指しした検査地点との代表一致率 86%
TRACE_KWS:14134411001,14134411001,FAC_KWS_SAGINUMA,1.0,low,2026-04-01,,DOC_KWS_SUISHITSU_R8,令和8年度水質検査計画 p11 図−7「水質検査地点概要図」の塗り分けからのラスタ読み取り。長沢・企業団西長沢 → 鷺沼配水池。図は配水系統の概略で町丁目単位の断定ではない。純度 90%（判定に使った画素 1425）。位置合わせ IoU 0.929（6パラメータ）。凡例表が名指しした検査地点との代表一致率 86%
TRACE_KWS:14134411002,14134411002,FAC_KWS_SAGINUMA,1.0,low,2026-04-01,,DOC_KWS_SUISHITSU_R8,令和8年度水質検査計画 p11 図−7「水質検査地点概要図」の塗り分けからのラスタ読み取り。長沢・企業団西長沢 → 鷺沼配水池。図は配水系統の概略で町丁目単位の断定ではない。純度 93%（判定に使った画素 3084）。位置合わせ IoU 0.929（6パラメータ）。凡例表が名指しした検査地点との代表一致率 86%
TRACE_KWS:14134411003,14134411003,FAC_KWS_SAGINUMA,1.0,medium,2026-04-01,,DOC_KWS_SUISHITSU_R8,令和8年度水質検査計画 p11 図−7「水質検査地点概要図」の塗り分けからのラスタ読み取り。長沢・企業団西長沢 → 鷺沼配水池。図は配水系統の概略で町丁目単位の断定ではない。純度 100%（判定に使った画素 4806）。位置合わせ IoU 0.929（6パラメータ）。凡例表が名指しした検査地点との代表一致率 86%
TRACE_KWS:14134412101,14134412101,FAC_KWS_IKUTA,1.0,medium,2026-04-01,,DOC_KWS_SUISHITSU_R8,令和8年度水質検査計画 p11 図−7「水質検査地点概要図」の塗り分けからのラスタ読み取り。長沢・企業団西長沢 → 生田配水池。図は配水系統の概略で町丁目単位の断定ではない。純度 97%（判定に使った画素 919）。位置合わせ IoU 0.929（6パラメータ）。凡例表が名指しした検査地点との代表一致率 86%
TRACE_KWS:14134412102,14134412102,FAC_KWS_NAGASAWA,1.0,low,2026-04-01,,DOC_KWS_SUISHITSU_R8,令和8年度水質検査計画 p11 図−7「水質検査地点概要図」の塗り分けからのラスタ読み取り。長沢浄水場のみ。図は配水系統の概略で町丁目単位の断定ではない。純度 92%（判定に使った画素 3156）。位置合わせ IoU 0.929（6パラメータ）。凡例表が名指しした検査地点との代表一致率 86%
TRACE_KWS:14134412104,14134412104,FAC_KWS_IKUTA,1.0,medium,2026-04-01,,DOC_KWS_SUISHITSU_R8,令和8年度水質検査計画 p11 図−7「水質検査地点概要図」の塗り分けからのラスタ読み取り。長沢・企業団西長沢 → 生田配水池。図は配水系統の概略で町丁目単位の断定ではない。純度 100%（判定に使った画素 604）。位置合わせ IoU 0.929（6パラメータ）。凡例表が名指しした検査地点との代表一致率 86%
TRACE_KWS:14134412105,14134412105,FAC_KWS_IKUTA,1.0,medium,2026-04-01,,DOC_KWS_SUISHITSU_R8,令和8年度水質検査計画 p11 図−7「水質検査地点概要図」の塗り分けからのラスタ読み取り。長沢・企業団西長沢 → 生田配水池。図は配水系統の概略で町丁目単位の断定ではない。純度 100%（判定に使った画素 3874）。位置合わせ IoU 0.929（6パラメータ）。凡例表が名指しした検査地点との代表一致率 86%
TRACE_KWS:14134412106,14134412106,FAC_KWS_IKUTA,1.0,medium,2026-04-01,,DOC_KWS_SUISHITSU_R8,令和8年度水質検査計画 p11 図−7「水質検査地点概要図」の塗り分けからのラスタ読み取り。長沢・企業団西長沢 → 生田配水池。図は配水系統の概略で町丁目単位の断定ではない。純度 100%（判定に使った画素 4980）。位置合わせ IoU 0.929（6パラメータ）。凡例表が名指しした検査地点との代表一致率 86%
TRACE_KWS:14134412107,14134412107,FAC_KWS_IKUTA,1.0,medium,2026-04-01,,DOC_KWS_SUISHITSU_R8,令和8年度水質検査計画 p11 図−7「水質検査地点概要図」の塗り分けからのラスタ読み取り。長沢・企業団西長沢 → 生田配水池。図は配水系統の概略で町丁目単位の断定ではない。純度 100%（判定に使った画素 3483）。位置合わせ IoU 0.929（6パラメータ）。凡例表が名指しした検査地点との代表一致率 86%
TRACE_KWS:141344122,141344122,FAC_KWS_IKUTA,1.0,low,2026-04-01,,DOC_KWS_SUISHITSU_R8,令和8年度水質検査計画 p11 図−7「水質検査地点概要図」の塗り分けからのラスタ読み取り。長沢・企業団西長沢 → 生田配水池。図は配水系統の概略で町丁目単位の断定ではない。純度 54%（判定に使った画素 2692）。位置合わせ IoU 0.929（6パラメータ）。凡例表が名指しした検査地点との代表一致率 86%
TRACE_KWS:141344130,141344130,FAC_KWS_MIYAZAKI,1.0,low,2026-04-01,,DOC_KWS_SUISHITSU_R8,令和8年度水質検査計画 p11 図−7「水質検査地点概要図」の塗り分けからのラスタ読み取り。長沢・企業団西長沢 → 宮崎配水塔。図は配水系統の概略で町丁目単位の断定ではない。純度 72%（判定に使った画素 8120）。位置合わせ IoU 0.929（6パラメータ）。凡例表が名指しした検査地点との代表一致率 86%
TRACE_KWS:141344140,141344140,FAC_KWS_MIYAZAKI,1.0,medium,2026-04-01,,DOC_KWS_SUISHITSU_R8,令和8年度水質検査計画 p11 図−7「水質検査地点概要図」の塗り分けからのラスタ読み取り。長沢・企業団西長沢 → 宮崎配水塔。図は配水系統の概略で町丁目単位の断定ではない。純度 100%（判定に使った画素 1895）。位置合わせ IoU 0.929（6パラメータ）。凡例表が名指しした検査地点との代表一致率 86%
TRACE_KWS:14134415001,14134415001,FAC_KWS_NAGASAWA,1.0,medium,2026-04-01,,DOC_KWS_SUISHITSU_R8,令和8年度水質検査計画 p11 図−7「水質検査地点概要図」の塗り分けからのラスタ読み取り。長沢浄水場のみ。図は配水系統の概略で町丁目単位の断定ではない。純度 100%（判定に使った画素 774）。位置合わせ IoU 0.929（6パラメータ）。凡例表が名指しした検査地点との代表一致率 86%
TRACE_KWS:14134415002,14134415002,FAC_KWS_NAGASAWA,1.0,medium,2026-04-01,,DOC_KWS_SUISHITSU_R8,令和8年度水質検査計画 p11 図−7「水質検査地点概要図」の塗り分けからのラスタ読み取り。長沢浄水場のみ。図は配水系統の概略で町丁目単位の断定ではない。純度 100%（判定に使った画素 2608）。位置合わせ IoU 0.929（6パラメータ）。凡例表が名指しした検査地点との代表一致率 86%
TRACE_KWS:14134415003,14134415003,FAC_KWS_NAGASAWA,1.0,medium,2026-04-01,,DOC_KWS_SUISHITSU_R8,令和8年度水質検査計画 p11 図−7「水質検査地点概要図」の塗り分けからのラスタ読み取り。長沢浄水場のみ。図は配水系統の概略で町丁目単位の断定ではない。純度 100%（判定に使った画素 2577）。位置合わせ IoU 0.929（6パラメータ）。凡例表が名指しした検査地点との代表一致率 86%
TRACE_KWS:14134415004,14134415004,FAC_KWS_NAGASAWA,1.0,medium,2026-04-01,,DOC_KWS_SUISHITSU_R8,令和8年度水質検査計画 p11 図−7「水質検査地点概要図」の塗り分けからのラスタ読み取り。長沢浄水場のみ。図は配水系統の概略で町丁目単位の断定ではない。純度 100%（判定に使った画素 1922）。位置合わせ IoU 0.929（6パラメータ）。凡例表が名指しした検査地点との代表一致率 86%
TRACE_KWS:14134415005,14134415005,FAC_KWS_NAGASAWA,1.0,medium,2026-04-01,,DOC_KWS_SUISHITSU_R8,令和8年度水質検査計画 p11 図−7「水質検査地点概要図」の塗り分けからのラスタ読み取り。長沢浄水場のみ。図は配水系統の概略で町丁目単位の断定ではない。純度 98%（判定に使った画素 1140）。位置合わせ IoU 0.929（6パラメータ）。凡例表が名指しした検査地点との代表一致率 86%
TRACE_KWS:14134415006,14134415006,FAC_KWS_NAGASAWA,1.0,low,2026-04-01,,DOC_KWS_SUISHITSU_R8,令和8年度水質検査計画 p11 図−7「水質検査地点概要図」の塗り分けからのラスタ読み取り。長沢浄水場のみ。図は配水系統の概略で町丁目単位の断定ではない。純度 88%（判定に使った画素 1708）。位置合わせ IoU 0.929（6パラメータ）。凡例表が名指しした検査地点との代表一致率 86%
TRACE_KWS:14134416001,14134416001,FAC_KWS_NAGASAWA,1.0,medium,2026-04-01,,DOC_KWS_SUISHITSU_R8,令和8年度水質検査計画 p11 図−7「水質検査地点概要図」の塗り分けからのラスタ読み取り。長沢浄水場のみ。図は配水系統の概略で町丁目単位の断定ではない。純度 100%（判定に使った画素 8442）。位置合わせ IoU 0.929（6パラメータ）。凡例表が名指しした検査地点との代表一致率 86%
TRACE_KWS:14134416002,14134416002,FAC_KWS_NAGASAWA,1.0,low,2026-04-01,,DOC_KWS_SUISHITSU_R8,令和8年度水質検査計画 p11 図−7「水質検査地点概要図」の塗り分けからのラスタ読み取り。長沢浄水場のみ。図は配水系統の概略で町丁目単位の断定ではない。純度 77%（判定に使った画素 5655）。位置合わせ IoU 0.929（6パラメータ）。凡例表が名指しした検査地点との代表一致率 86%
TRACE_KWS:14134416003,14134416003,FAC_KWS_SAGINUMA,1.0,medium,2026-04-01,,DOC_KWS_SUISHITSU_R8,令和8年度水質検査計画 p11 図−7「水質検査地点概要図」の塗り分けからのラスタ読み取り。長沢・企業団西長沢 → 鷺沼配水池。図は配水系統の概略で町丁目単位の断定ではない。純度 100%（判定に使った画素 4840）。位置合わせ IoU 0.929（6パラメータ）。凡例表が名指しした検査地点との代表一致率 86%
TRACE_KWS:14134416004,14134416004,FAC_KWS_SAGINUMA,1.0,medium,2026-04-01,,DOC_KWS_SUISHITSU_R8,令和8年度水質検査計画 p11 図−7「水質検査地点概要図」の塗り分けからのラスタ読み取り。長沢・企業団西長沢 → 鷺沼配水池。図は配水系統の概略で町丁目単位の断定ではない。純度 100%（判定に使った画素 3420）。位置合わせ IoU 0.929（6パラメータ）。凡例表が名指しした検査地点との代表一致率 86%
TRACE_KWS:14134417001,14134417001,FAC_KWS_NAGASAWA,1.0,medium,2026-04-01,,DOC_KWS_SUISHITSU_R8,令和8年度水質検査計画 p11 図−7「水質検査地点概要図」の塗り分けからのラスタ読み取り。長沢浄水場のみ。図は配水系統の概略で町丁目単位の断定ではない。純度 100%（判定に使った画素 3700）。位置合わせ IoU 0.929（6パラメータ）。凡例表が名指しした検査地点との代表一致率 86%
TRACE_KWS:14134417002,14134417002,FAC_KWS_NAGASAWA,1.0,medium,2026-04-01,,DOC_KWS_SUISHITSU_R8,令和8年度水質検査計画 p11 図−7「水質検査地点概要図」の塗り分けからのラスタ読み取り。長沢浄水場のみ。図は配水系統の概略で町丁目単位の断定ではない。純度 100%（判定に使った画素 1897）。位置合わせ IoU 0.929（6パラメータ）。凡例表が名指しした検査地点との代表一致率 86%
TRACE_KWS:14134417003,14134417003,FAC_KWS_SAGINUMA,1.0,low,2026-04-01,,DOC_KWS_SUISHITSU_R8,令和8年度水質検査計画 p11 図−7「水質検査地点概要図」の塗り分けからのラスタ読み取り。長沢・企業団西長沢 → 鷺沼配水池。図は配水系統の概略で町丁目単位の断定ではない。純度 85%（判定に使った画素 2371）。位置合わせ IoU 0.929（6パラメータ）。凡例表が名指しした検査地点との代表一致率 86%
TRACE_KWS:14134417004,14134417004,FAC_KWS_SAGINUMA,1.0,medium,2026-04-01,,DOC_KWS_SUISHITSU_R8,令和8年度水質検査計画 p11 図−7「水質検査地点概要図」の塗り分けからのラスタ読み取り。長沢・企業団西長沢 → 鷺沼配水池。図は配水系統の概略で町丁目単位の断定ではない。純度 100%（判定に使った画素 2353）。位置合わせ IoU 0.929（6パラメータ）。凡例表が名指しした検査地点との代表一致率 86%
TRACE_KWS:14134417005,14134417005,FAC_KWS_SAGINUMA,1.0,medium,2026-04-01,,DOC_KWS_SUISHITSU_R8,令和8年度水質検査計画 p11 図−7「水質検査地点概要図」の塗り分けからのラスタ読み取り。長沢・企業団西長沢 → 鷺沼配水池。図は配水系統の概略で町丁目単位の断定ではない。純度 100%（判定に使った画素 1722）。位置合わせ IoU 0.929（6パラメータ）。凡例表が名指しした検査地点との代表一致率 86%
TRACE_KWS:14134417006,14134417006,FAC_KWS_SAGINUMA,1.0,medium,2026-04-01,,DOC_KWS_SUISHITSU_R8,令和8年度水質検査計画 p11 図−7「水質検査地点概要図」の塗り分けからのラスタ読み取り。長沢・企業団西長沢 → 鷺沼配水池。図は配水系統の概略で町丁目単位の断定ではない。純度 100%（判定に使った画素 2054）。位置合わせ IoU 0.929（6パラメータ）。凡例表が名指しした検査地点との代表一致率 86%
TRACE_KWS:141344180,141344180,FAC_KWS_SAGINUMA,1.0,medium,2026-04-01,,DOC_KWS_SUISHITSU_R8,令和8年度水質検査計画 p11 図−7「水質検査地点概要図」の塗り分けからのラスタ読み取り。長沢・企業団西長沢 → 鷺沼配水池。図は配水系統の概略で町丁目単位の断定ではない。純度 100%（判定に使った画素 1550）。位置合わせ IoU 0.929（6パラメータ）。凡例表が名指しした検査地点との代表一致率 86%
TRACE_KWS:14134419202,14134419202,FAC_KWS_NAGASAWA,1.0,medium,2026-04-01,,DOC_KWS_SUISHITSU_R8,令和8年度水質検査計画 p11 図−7「水質検査地点概要図」の塗り分けからのラスタ読み取り。長沢浄水場のみ。図は配水系統の概略で町丁目単位の断定ではない。純度 97%（判定に使った画素 1760）。位置合わせ IoU 0.929（6パラメータ）。凡例表が名指しした検査地点との代表一致率 86%
TRACE_KWS:14134420001,14134420001,FAC_KWS_SAGINUMA,1.0,medium,2026-04-01,,DOC_KWS_SUISHITSU_R8,令和8年度水質検査計画 p11 図−7「水質検査地点概要図」の塗り分けからのラスタ読み取り。長沢・企業団西長沢 → 鷺沼配水池。図は配水系統の概略で町丁目単位の断定ではない。純度 100%（判定に使った画素 7556）。位置合わせ IoU 0.929（6パラメータ）。凡例表が名指しした検査地点との代表一致率 86%
TRACE_KWS:14134420002,14134420002,FAC_KWS_SAGINUMA,1.0,low,2026-04-01,,DOC_KWS_SUISHITSU_R8,令和8年度水質検査計画 p11 図−7「水質検査地点概要図」の塗り分けからのラスタ読み取り。長沢・企業団西長沢 → 鷺沼配水池。図は配水系統の概略で町丁目単位の断定ではない。純度 71%（判定に使った画素 6035）。位置合わせ IoU 0.929（6パラメータ）。凡例表が名指しした検査地点との代表一致率 86%
TRACE_KWS:14134421001,14134421001,FAC_KWS_SAGINUMA,1.0,low,2026-04-01,,DOC_KWS_SUISHITSU_R8,令和8年度水質検査計画 p11 図−7「水質検査地点概要図」の塗り分けからのラスタ読み取り。長沢・企業団西長沢 → 鷺沼配水池。図は配水系統の概略で町丁目単位の断定ではない。純度 94%（判定に使った画素 5743）。位置合わせ IoU 0.929（6パラメータ）。凡例表が名指しした検査地点との代表一致率 86%
TRACE_KWS:14134421002,14134421002,FAC_KWS_NAGASAWA,1.0,medium,2026-04-01,,DOC_KWS_SUISHITSU_R8,令和8年度水質検査計画 p11 図−7「水質検査地点概要図」の塗り分けからのラスタ読み取り。長沢浄水場のみ。図は配水系統の概略で町丁目単位の断定ではない。純度 96%（判定に使った画素 382）。位置合わせ IoU 0.929（6パラメータ）。凡例表が名指しした検査地点との代表一致率 86%
TRACE_KWS:141344220,141344220,FAC_KWS_SAGINUMA,1.0,medium,2026-04-01,,DOC_KWS_SUISHITSU_R8,令和8年度水質検査計画 p11 図−7「水質検査地点概要図」の塗り分けからのラスタ読み取り。長沢・企業団西長沢 → 鷺沼配水池。図は配水系統の概略で町丁目単位の断定ではない。純度 100%（判定に使った画素 2103）。位置合わせ IoU 0.929（6パラメータ）。凡例表が名指しした検査地点との代表一致率 86%
TRACE_KWS:141344230,141344230,FAC_KWS_NAGASAWA,1.0,medium,2026-04-01,,DOC_KWS_SUISHITSU_R8,令和8年度水質検査計画 p11 図−7「水質検査地点概要図」の塗り分けからのラスタ読み取り。長沢浄水場のみ。図は配水系統の概略で町丁目単位の断定ではない。純度 96%（判定に使った画素 4406）。位置合わせ IoU 0.929（6パラメータ）。凡例表が名指しした検査地点との代表一致率 86%
TRACE_KWS:14134424002,14134424002,FAC_KWS_NAGASAWA,1.0,medium,2026-04-01,,DOC_KWS_SUISHITSU_R8,令和8年度水質検査計画 p11 図−7「水質検査地点概要図」の塗り分けからのラスタ読み取り。長沢浄水場のみ。図は配水系統の概略で町丁目単位の断定ではない。純度 100%（判定に使った画素 2402）。位置合わせ IoU 0.929（6パラメータ）。凡例表が名指しした検査地点との代表一致率 86%
TRACE_KWS:14134424003,14134424003,FAC_KWS_NAGASAWA,1.0,medium,2026-04-01,,DOC_KWS_SUISHITSU_R8,令和8年度水質検査計画 p11 図−7「水質検査地点概要図」の塗り分けからのラスタ読み取り。長沢浄水場のみ。図は配水系統の概略で町丁目単位の断定ではない。純度 97%（判定に使った画素 8054）。位置合わせ IoU 0.929（6パラメータ）。凡例表が名指しした検査地点との代表一致率 86%
TRACE_KWS:14135601000,14135601000,FAC_KWS_IKUTA,1.0,medium,2026-04-01,,DOC_KWS_SUISHITSU_R8,令和8年度水質検査計画 p11 図−7「水質検査地点概要図」の塗り分けからのラスタ読み取り。長沢・企業団西長沢 → 生田配水池。図は配水系統の概略で町丁目単位の断定ではない。純度 100%（判定に使った画素 1955）。位置合わせ IoU 0.929（6パラメータ）。凡例表が名指しした検査地点との代表一致率 86%
TRACE_KWS:14135601001,14135601001,FAC_KWS_IKUTA,1.0,medium,2026-04-01,,DOC_KWS_SUISHITSU_R8,令和8年度水質検査計画 p11 図−7「水質検査地点概要図」の塗り分けからのラスタ読み取り。長沢・企業団西長沢 → 生田配水池。図は配水系統の概略で町丁目単位の断定ではない。純度 100%（判定に使った画素 875）。位置合わせ IoU 0.929（6パラメータ）。凡例表が名指しした検査地点との代表一致率 86%
TRACE_KWS:14135601002,14135601002,FAC_KWS_IKUTA,1.0,medium,2026-04-01,,DOC_KWS_SUISHITSU_R8,令和8年度水質検査計画 p11 図−7「水質検査地点概要図」の塗り分けからのラスタ読み取り。長沢・企業団西長沢 → 生田配水池。図は配水系統の概略で町丁目単位の断定ではない。純度 100%（判定に使った画素 5671）。位置合わせ IoU 0.929（6パラメータ）。凡例表が名指しした検査地点との代表一致率 86%
TRACE_KWS:14135601003,14135601003,FAC_KWS_IKUTA,1.0,medium,2026-04-01,,DOC_KWS_SUISHITSU_R8,令和8年度水質検査計画 p11 図−7「水質検査地点概要図」の塗り分けからのラスタ読み取り。長沢・企業団西長沢 → 生田配水池。図は配水系統の概略で町丁目単位の断定ではない。純度 100%（判定に使った画素 6275）。位置合わせ IoU 0.929（6パラメータ）。凡例表が名指しした検査地点との代表一致率 86%
TRACE_KWS:14135601004,14135601004,FAC_KWS_IKUTA,1.0,medium,2026-04-01,,DOC_KWS_SUISHITSU_R8,令和8年度水質検査計画 p11 図−7「水質検査地点概要図」の塗り分けからのラスタ読み取り。長沢・企業団西長沢 → 生田配水池。図は配水系統の概略で町丁目単位の断定ではない。純度 100%（判定に使った画素 9300）。位置合わせ IoU 0.929（6パラメータ）。凡例表が名指しした検査地点との代表一致率 86%
TRACE_KWS:14135601005,14135601005,FAC_KWS_IKUTA,1.0,medium,2026-04-01,,DOC_KWS_SUISHITSU_R8,令和8年度水質検査計画 p11 図−7「水質検査地点概要図」の塗り分けからのラスタ読み取り。長沢・企業団西長沢 → 生田配水池。図は配水系統の概略で町丁目単位の断定ではない。純度 100%（判定に使った画素 1720）。位置合わせ IoU 0.929（6パラメータ）。凡例表が名指しした検査地点との代表一致率 86%
TRACE_KWS:14135602001,14135602001,FAC_KWS_IKUTA,1.0,medium,2026-04-01,,DOC_KWS_SUISHITSU_R8,令和8年度水質検査計画 p11 図−7「水質検査地点概要図」の塗り分けからのラスタ読み取り。長沢・企業団西長沢 → 生田配水池。図は配水系統の概略で町丁目単位の断定ではない。純度 100%（判定に使った画素 848）。位置合わせ IoU 0.929（6パラメータ）。凡例表が名指しした検査地点との代表一致率 86%
TRACE_KWS:14135602002,14135602002,FAC_KWS_IKUTA,1.0,medium,2026-04-01,,DOC_KWS_SUISHITSU_R8,令和8年度水質検査計画 p11 図−7「水質検査地点概要図」の塗り分けからのラスタ読み取り。長沢・企業団西長沢 → 生田配水池。図は配水系統の概略で町丁目単位の断定ではない。純度 100%（判定に使った画素 1735）。位置合わせ IoU 0.929（6パラメータ）。凡例表が名指しした検査地点との代表一致率 86%
TRACE_KWS:14135602003,14135602003,FAC_KWS_IKUTA,1.0,medium,2026-04-01,,DOC_KWS_SUISHITSU_R8,令和8年度水質検査計画 p11 図−7「水質検査地点概要図」の塗り分けからのラスタ読み取り。長沢・企業団西長沢 → 生田配水池。図は配水系統の概略で町丁目単位の断定ではない。純度 100%（判定に使った画素 2239）。位置合わせ IoU 0.929（6パラメータ）。凡例表が名指しした検査地点との代表一致率 86%
TRACE_KWS:14135602004,14135602004,FAC_KWS_IKUTA,1.0,medium,2026-04-01,,DOC_KWS_SUISHITSU_R8,令和8年度水質検査計画 p11 図−7「水質検査地点概要図」の塗り分けからのラスタ読み取り。長沢・企業団西長沢 → 生田配水池。図は配水系統の概略で町丁目単位の断定ではない。純度 100%（判定に使った画素 3237）。位置合わせ IoU 0.929（6パラメータ）。凡例表が名指しした検査地点との代表一致率 86%
TRACE_KWS:14135602005,14135602005,FAC_KWS_IKUTA,1.0,medium,2026-04-01,,DOC_KWS_SUISHITSU_R8,令和8年度水質検査計画 p11 図−7「水質検査地点概要図」の塗り分けからのラスタ読み取り。長沢・企業団西長沢 → 生田配水池。図は配水系統の概略で町丁目単位の断定ではない。純度 100%（判定に使った画素 1171）。位置合わせ IoU 0.929（6パラメータ）。凡例表が名指しした検査地点との代表一致率 86%
TRACE_KWS:14135602006,14135602006,FAC_KWS_IKUTA,1.0,medium,2026-04-01,,DOC_KWS_SUISHITSU_R8,令和8年度水質検査計画 p11 図−7「水質検査地点概要図」の塗り分けからのラスタ読み取り。長沢・企業団西長沢 → 生田配水池。図は配水系統の概略で町丁目単位の断定ではない。純度 100%（判定に使った画素 3064）。位置合わせ IoU 0.929（6パラメータ）。凡例表が名指しした検査地点との代表一致率 86%
TRACE_KWS:14135602007,14135602007,FAC_KWS_IKUTA,1.0,medium,2026-04-01,,DOC_KWS_SUISHITSU_R8,令和8年度水質検査計画 p11 図−7「水質検査地点概要図」の塗り分けからのラスタ読み取り。長沢・企業団西長沢 → 生田配水池。図は配水系統の概略で町丁目単位の断定ではない。純度 100%（判定に使った画素 2616）。位置合わせ IoU 0.929（6パラメータ）。凡例表が名指しした検査地点との代表一致率 86%
TRACE_KWS:14135602008,14135602008,FAC_KWS_IKUTA,1.0,medium,2026-04-01,,DOC_KWS_SUISHITSU_R8,令和8年度水質検査計画 p11 図−7「水質検査地点概要図」の塗り分けからのラスタ読み取り。長沢・企業団西長沢 → 生田配水池。図は配水系統の概略で町丁目単位の断定ではない。純度 100%（判定に使った画素 3295）。位置合わせ IoU 0.929（6パラメータ）。凡例表が名指しした検査地点との代表一致率 86%
TRACE_KWS:14135603001,14135603001,FAC_KWS_IKUTA,1.0,medium,2026-04-01,,DOC_KWS_SUISHITSU_R8,令和8年度水質検査計画 p11 図−7「水質検査地点概要図」の塗り分けからのラスタ読み取り。長沢・企業団西長沢 → 生田配水池。図は配水系統の概略で町丁目単位の断定ではない。純度 100%（判定に使った画素 1791）。位置合わせ IoU 0.929（6パラメータ）。凡例表が名指しした検査地点との代表一致率 86%
TRACE_KWS:14135603003,14135603003,FAC_KWS_IKUTA,1.0,medium,2026-04-01,,DOC_KWS_SUISHITSU_R8,令和8年度水質検査計画 p11 図−7「水質検査地点概要図」の塗り分けからのラスタ読み取り。長沢・企業団西長沢 → 生田配水池。図は配水系統の概略で町丁目単位の断定ではない。純度 99%（判定に使った画素 401）。位置合わせ IoU 0.929（6パラメータ）。凡例表が名指しした検査地点との代表一致率 86%
TRACE_KWS:14135603004,14135603004,FAC_KWS_IKUTA,1.0,medium,2026-04-01,,DOC_KWS_SUISHITSU_R8,令和8年度水質検査計画 p11 図−7「水質検査地点概要図」の塗り分けからのラスタ読み取り。長沢・企業団西長沢 → 生田配水池。図は配水系統の概略で町丁目単位の断定ではない。純度 100%（判定に使った画素 4462）。位置合わせ IoU 0.929（6パラメータ）。凡例表が名指しした検査地点との代表一致率 86%
TRACE_KWS:14135604001,14135604001,FAC_KWS_IKUTA,1.0,medium,2026-04-01,,DOC_KWS_SUISHITSU_R8,令和8年度水質検査計画 p11 図−7「水質検査地点概要図」の塗り分けからのラスタ読み取り。長沢・企業団西長沢 → 生田配水池。図は配水系統の概略で町丁目単位の断定ではない。純度 100%（判定に使った画素 4204）。位置合わせ IoU 0.929（6パラメータ）。凡例表が名指しした検査地点との代表一致率 86%
TRACE_KWS:14135604002,14135604002,FAC_KWS_IKUTA,1.0,medium,2026-04-01,,DOC_KWS_SUISHITSU_R8,令和8年度水質検査計画 p11 図−7「水質検査地点概要図」の塗り分けからのラスタ読み取り。長沢・企業団西長沢 → 生田配水池。図は配水系統の概略で町丁目単位の断定ではない。純度 100%（判定に使った画素 2607）。位置合わせ IoU 0.929（6パラメータ）。凡例表が名指しした検査地点との代表一致率 86%
TRACE_KWS:14135604003,14135604003,FAC_KWS_IKUTA,1.0,medium,2026-04-01,,DOC_KWS_SUISHITSU_R8,令和8年度水質検査計画 p11 図−7「水質検査地点概要図」の塗り分けからのラスタ読み取り。長沢・企業団西長沢 → 生田配水池。図は配水系統の概略で町丁目単位の断定ではない。純度 100%（判定に使った画素 3342）。位置合わせ IoU 0.929（6パラメータ）。凡例表が名指しした検査地点との代表一致率 86%
TRACE_KWS:14135604004,14135604004,FAC_KWS_IKUTA,1.0,medium,2026-04-01,,DOC_KWS_SUISHITSU_R8,令和8年度水質検査計画 p11 図−7「水質検査地点概要図」の塗り分けからのラスタ読み取り。長沢・企業団西長沢 → 生田配水池。図は配水系統の概略で町丁目単位の断定ではない。純度 100%（判定に使った画素 6517）。位置合わせ IoU 0.929（6パラメータ）。凡例表が名指しした検査地点との代表一致率 86%
TRACE_KWS:14135605001,14135605001,FAC_KWS_IKUTA,1.0,medium,2026-04-01,,DOC_KWS_SUISHITSU_R8,令和8年度水質検査計画 p11 図−7「水質検査地点概要図」の塗り分けからのラスタ読み取り。長沢・企業団西長沢 → 生田配水池。図は配水系統の概略で町丁目単位の断定ではない。純度 100%（判定に使った画素 1225）。位置合わせ IoU 0.929（6パラメータ）。凡例表が名指しした検査地点との代表一致率 86%
TRACE_KWS:14135605002,14135605002,FAC_KWS_IKUTA,1.0,medium,2026-04-01,,DOC_KWS_SUISHITSU_R8,令和8年度水質検査計画 p11 図−7「水質検査地点概要図」の塗り分けからのラスタ読み取り。長沢・企業団西長沢 → 生田配水池。図は配水系統の概略で町丁目単位の断定ではない。純度 100%（判定に使った画素 2256）。位置合わせ IoU 0.929（6パラメータ）。凡例表が名指しした検査地点との代表一致率 86%
TRACE_KWS:14135605003,14135605003,FAC_KWS_IKUTA,1.0,medium,2026-04-01,,DOC_KWS_SUISHITSU_R8,令和8年度水質検査計画 p11 図−7「水質検査地点概要図」の塗り分けからのラスタ読み取り。長沢・企業団西長沢 → 生田配水池。図は配水系統の概略で町丁目単位の断定ではない。純度 100%（判定に使った画素 1791）。位置合わせ IoU 0.929（6パラメータ）。凡例表が名指しした検査地点との代表一致率 86%
TRACE_KWS:14135605005,14135605005,FAC_KWS_IKUTA,1.0,low,2026-04-01,,DOC_KWS_SUISHITSU_R8,令和8年度水質検査計画 p11 図−7「水質検査地点概要図」の塗り分けからのラスタ読み取り。長沢・企業団西長沢 → 生田配水池。図は配水系統の概略で町丁目単位の断定ではない。純度 93%（判定に使った画素 385）。位置合わせ IoU 0.929（6パラメータ）。凡例表が名指しした検査地点との代表一致率 86%
TRACE_KWS:14135606001,14135606001,FAC_KWS_IKUTA,1.0,medium,2026-04-01,,DOC_KWS_SUISHITSU_R8,令和8年度水質検査計画 p11 図−7「水質検査地点概要図」の塗り分けからのラスタ読み取り。長沢・企業団西長沢 → 生田配水池。図は配水系統の概略で町丁目単位の断定ではない。純度 100%（判定に使った画素 1329）。位置合わせ IoU 0.929（6パラメータ）。凡例表が名指しした検査地点との代表一致率 86%
TRACE_KWS:14135606002,14135606002,FAC_KWS_IKUTA,1.0,medium,2026-04-01,,DOC_KWS_SUISHITSU_R8,令和8年度水質検査計画 p11 図−7「水質検査地点概要図」の塗り分けからのラスタ読み取り。長沢・企業団西長沢 → 生田配水池。図は配水系統の概略で町丁目単位の断定ではない。純度 100%（判定に使った画素 2719）。位置合わせ IoU 0.929（6パラメータ）。凡例表が名指しした検査地点との代表一致率 86%
TRACE_KWS:14135606003,14135606003,FAC_KWS_IKUTA,1.0,medium,2026-04-01,,DOC_KWS_SUISHITSU_R8,令和8年度水質検査計画 p11 図−7「水質検査地点概要図」の塗り分けからのラスタ読み取り。長沢・企業団西長沢 → 生田配水池。図は配水系統の概略で町丁目単位の断定ではない。純度 100%（判定に使った画素 1990）。位置合わせ IoU 0.929（6パラメータ）。凡例表が名指しした検査地点との代表一致率 86%
TRACE_KWS:14135606004,14135606004,FAC_KWS_IKUTA,1.0,medium,2026-04-01,,DOC_KWS_SUISHITSU_R8,令和8年度水質検査計画 p11 図−7「水質検査地点概要図」の塗り分けからのラスタ読み取り。長沢・企業団西長沢 → 生田配水池。図は配水系統の概略で町丁目単位の断定ではない。純度 100%（判定に使った画素 2099）。位置合わせ IoU 0.929（6パラメータ）。凡例表が名指しした検査地点との代表一致率 86%
TRACE_KWS:14135606005,14135606005,FAC_KWS_IKUTA,1.0,medium,2026-04-01,,DOC_KWS_SUISHITSU_R8,令和8年度水質検査計画 p11 図−7「水質検査地点概要図」の塗り分けからのラスタ読み取り。長沢・企業団西長沢 → 生田配水池。図は配水系統の概略で町丁目単位の断定ではない。純度 100%（判定に使った画素 3213）。位置合わせ IoU 0.929（6パラメータ）。凡例表が名指しした検査地点との代表一致率 86%
TRACE_KWS:14135606006,14135606006,FAC_KWS_IKUTA,1.0,medium,2026-04-01,,DOC_KWS_SUISHITSU_R8,令和8年度水質検査計画 p11 図−7「水質検査地点概要図」の塗り分けからのラスタ読み取り。長沢・企業団西長沢 → 生田配水池。図は配水系統の概略で町丁目単位の断定ではない。純度 100%（判定に使った画素 1769）。位置合わせ IoU 0.929（6パラメータ）。凡例表が名指しした検査地点との代表一致率 86%
TRACE_KWS:141356070,141356070,FAC_KWS_IKUTA,1.0,medium,2026-04-01,,DOC_KWS_SUISHITSU_R8,令和8年度水質検査計画 p11 図−7「水質検査地点概要図」の塗り分けからのラスタ読み取り。長沢・企業団西長沢 → 生田配水池。図は配水系統の概略で町丁目単位の断定ではない。純度 100%（判定に使った画素 2628）。位置合わせ IoU 0.929（6パラメータ）。凡例表が名指しした検査地点との代表一致率 86%
TRACE_KWS:141356080,141356080,FAC_KWS_IKUTA,1.0,medium,2026-04-01,,DOC_KWS_SUISHITSU_R8,令和8年度水質検査計画 p11 図−7「水質検査地点概要図」の塗り分けからのラスタ読み取り。長沢・企業団西長沢 → 生田配水池。図は配水系統の概略で町丁目単位の断定ではない。純度 100%（判定に使った画素 3987）。位置合わせ IoU 0.929（6パラメータ）。凡例表が名指しした検査地点との代表一致率 86%
TRACE_KWS:14135609001,14135609001,FAC_KWS_IKUTA,1.0,medium,2026-04-01,,DOC_KWS_SUISHITSU_R8,令和8年度水質検査計画 p11 図−7「水質検査地点概要図」の塗り分けからのラスタ読み取り。長沢・企業団西長沢 → 生田配水池。図は配水系統の概略で町丁目単位の断定ではない。純度 100%（判定に使った画素 2661）。位置合わせ IoU 0.929（6パラメータ）。凡例表が名指しした検査地点との代表一致率 86%
TRACE_KWS:14135609002,14135609002,FAC_KWS_IKUTA,1.0,medium,2026-04-01,,DOC_KWS_SUISHITSU_R8,令和8年度水質検査計画 p11 図−7「水質検査地点概要図」の塗り分けからのラスタ読み取り。長沢・企業団西長沢 → 生田配水池。図は配水系統の概略で町丁目単位の断定ではない。純度 99%（判定に使った画素 2029）。位置合わせ IoU 0.929（6パラメータ）。凡例表が名指しした検査地点との代表一致率 86%
TRACE_KWS:141356100,141356100,FAC_KWS_IKUTA,1.0,medium,2026-04-01,,DOC_KWS_SUISHITSU_R8,令和8年度水質検査計画 p11 図−7「水質検査地点概要図」の塗り分けからのラスタ読み取り。長沢・企業団西長沢 → 生田配水池。図は配水系統の概略で町丁目単位の断定ではない。純度 97%（判定に使った画素 961）。位置合わせ IoU 0.929（6パラメータ）。凡例表が名指しした検査地点との代表一致率 86%
TRACE_KWS:14135612000,14135612000,FAC_KWS_IKUTA,1.0,medium,2026-04-01,,DOC_KWS_SUISHITSU_R8,令和8年度水質検査計画 p11 図−7「水質検査地点概要図」の塗り分けからのラスタ読み取り。長沢・企業団西長沢 → 生田配水池。図は配水系統の概略で町丁目単位の断定ではない。純度 100%（判定に使った画素 752）。位置合わせ IoU 0.929（6パラメータ）。凡例表が名指しした検査地点との代表一致率 86%
TRACE_KWS:14135612001,14135612001,FAC_KWS_IKUTA,1.0,medium,2026-04-01,,DOC_KWS_SUISHITSU_R8,令和8年度水質検査計画 p11 図−7「水質検査地点概要図」の塗り分けからのラスタ読み取り。長沢・企業団西長沢 → 生田配水池。図は配水系統の概略で町丁目単位の断定ではない。純度 100%（判定に使った画素 1409）。位置合わせ IoU 0.929（6パラメータ）。凡例表が名指しした検査地点との代表一致率 86%
TRACE_KWS:14135612003,14135612003,FAC_KWS_IKUTA,1.0,medium,2026-04-01,,DOC_KWS_SUISHITSU_R8,令和8年度水質検査計画 p11 図−7「水質検査地点概要図」の塗り分けからのラスタ読み取り。長沢・企業団西長沢 → 生田配水池。図は配水系統の概略で町丁目単位の断定ではない。純度 100%（判定に使った画素 1428）。位置合わせ IoU 0.929（6パラメータ）。凡例表が名指しした検査地点との代表一致率 86%
TRACE_KWS:14135612004,14135612004,FAC_KWS_IKUTA,1.0,medium,2026-04-01,,DOC_KWS_SUISHITSU_R8,令和8年度水質検査計画 p11 図−7「水質検査地点概要図」の塗り分けからのラスタ読み取り。長沢・企業団西長沢 → 生田配水池。図は配水系統の概略で町丁目単位の断定ではない。純度 100%（判定に使った画素 3853）。位置合わせ IoU 0.929（6パラメータ）。凡例表が名指しした検査地点との代表一致率 86%
TRACE_KWS:14135612005,14135612005,FAC_KWS_IKUTA,1.0,medium,2026-04-01,,DOC_KWS_SUISHITSU_R8,令和8年度水質検査計画 p11 図−7「水質検査地点概要図」の塗り分けからのラスタ読み取り。長沢・企業団西長沢 → 生田配水池。図は配水系統の概略で町丁目単位の断定ではない。純度 100%（判定に使った画素 3376）。位置合わせ IoU 0.929（6パラメータ）。凡例表が名指しした検査地点との代表一致率 86%
TRACE_KWS:14135612006,14135612006,FAC_KWS_IKUTA,1.0,medium,2026-04-01,,DOC_KWS_SUISHITSU_R8,令和8年度水質検査計画 p11 図−7「水質検査地点概要図」の塗り分けからのラスタ読み取り。長沢・企業団西長沢 → 生田配水池。図は配水系統の概略で町丁目単位の断定ではない。純度 100%（判定に使った画素 3805）。位置合わせ IoU 0.929（6パラメータ）。凡例表が名指しした検査地点との代表一致率 86%
TRACE_KWS:141356130,141356130,FAC_KWS_IKUTA,1.0,medium,2026-04-01,,DOC_KWS_SUISHITSU_R8,令和8年度水質検査計画 p11 図−7「水質検査地点概要図」の塗り分けからのラスタ読み取り。長沢・企業団西長沢 → 生田配水池。図は配水系統の概略で町丁目単位の断定ではない。純度 100%（判定に使った画素 811）。位置合わせ IoU 0.929（6パラメータ）。凡例表が名指しした検査地点との代表一致率 86%
TRACE_KWS:141356140,141356140,FAC_KWS_IKUTA,1.0,medium,2026-04-01,,DOC_KWS_SUISHITSU_R8,令和8年度水質検査計画 p11 図−7「水質検査地点概要図」の塗り分けからのラスタ読み取り。長沢・企業団西長沢 → 生田配水池。図は配水系統の概略で町丁目単位の断定ではない。純度 100%（判定に使った画素 4334）。位置合わせ IoU 0.929（6パラメータ）。凡例表が名指しした検査地点との代表一致率 86%
TRACE_KWS:14135615001,14135615001,FAC_KWS_IKUTA,1.0,medium,2026-04-01,,DOC_KWS_SUISHITSU_R8,令和8年度水質検査計画 p11 図−7「水質検査地点概要図」の塗り分けからのラスタ読み取り。長沢・企業団西長沢 → 生田配水池。図は配水系統の概略で町丁目単位の断定ではない。純度 100%（判定に使った画素 5561）。位置合わせ IoU 0.929（6パラメータ）。凡例表が名指しした検査地点との代表一致率 86%
TRACE_KWS:14135615002,14135615002,FAC_KWS_IKUTA,1.0,medium,2026-04-01,,DOC_KWS_SUISHITSU_R8,令和8年度水質検査計画 p11 図−7「水質検査地点概要図」の塗り分けからのラスタ読み取り。長沢・企業団西長沢 → 生田配水池。図は配水系統の概略で町丁目単位の断定ではない。純度 100%（判定に使った画素 6399）。位置合わせ IoU 0.929（6パラメータ）。凡例表が名指しした検査地点との代表一致率 86%
TRACE_KWS:14135615003,14135615003,FAC_KWS_IKUTA,1.0,medium,2026-04-01,,DOC_KWS_SUISHITSU_R8,令和8年度水質検査計画 p11 図−7「水質検査地点概要図」の塗り分けからのラスタ読み取り。長沢・企業団西長沢 → 生田配水池。図は配水系統の概略で町丁目単位の断定ではない。純度 100%（判定に使った画素 3500）。位置合わせ IoU 0.929（6パラメータ）。凡例表が名指しした検査地点との代表一致率 86%
TRACE_KWS:14135615004,14135615004,FAC_KWS_IKUTA,1.0,medium,2026-04-01,,DOC_KWS_SUISHITSU_R8,令和8年度水質検査計画 p11 図−7「水質検査地点概要図」の塗り分けからのラスタ読み取り。長沢・企業団西長沢 → 生田配水池。図は配水系統の概略で町丁目単位の断定ではない。純度 100%（判定に使った画素 4246）。位置合わせ IoU 0.929（6パラメータ）。凡例表が名指しした検査地点との代表一致率 86%
TRACE_KWS:14135615005,14135615005,FAC_KWS_IKUTA,1.0,medium,2026-04-01,,DOC_KWS_SUISHITSU_R8,令和8年度水質検査計画 p11 図−7「水質検査地点概要図」の塗り分けからのラスタ読み取り。長沢・企業団西長沢 → 生田配水池。図は配水系統の概略で町丁目単位の断定ではない。純度 100%（判定に使った画素 5012）。位置合わせ IoU 0.929（6パラメータ）。凡例表が名指しした検査地点との代表一致率 86%
TRACE_KWS:14135615006,14135615006,FAC_KWS_IKUTA,1.0,medium,2026-04-01,,DOC_KWS_SUISHITSU_R8,令和8年度水質検査計画 p11 図−7「水質検査地点概要図」の塗り分けからのラスタ読み取り。長沢・企業団西長沢 → 生田配水池。図は配水系統の概略で町丁目単位の断定ではない。純度 100%（判定に使った画素 5584）。位置合わせ IoU 0.929（6パラメータ）。凡例表が名指しした検査地点との代表一致率 86%
TRACE_KWS:14135615007,14135615007,FAC_KWS_IKUTA,1.0,medium,2026-04-01,,DOC_KWS_SUISHITSU_R8,令和8年度水質検査計画 p11 図−7「水質検査地点概要図」の塗り分けからのラスタ読み取り。長沢・企業団西長沢 → 生田配水池。図は配水系統の概略で町丁目単位の断定ではない。純度 100%（判定に使った画素 3121）。位置合わせ IoU 0.929（6パラメータ）。凡例表が名指しした検査地点との代表一致率 86%
TRACE_KWS:14135616001,14135616001,FAC_KWS_IKUTA,1.0,medium,2026-04-01,,DOC_KWS_SUISHITSU_R8,令和8年度水質検査計画 p11 図−7「水質検査地点概要図」の塗り分けからのラスタ読み取り。長沢・企業団西長沢 → 生田配水池。図は配水系統の概略で町丁目単位の断定ではない。純度 100%（判定に使った画素 4652）。位置合わせ IoU 0.929（6パラメータ）。凡例表が名指しした検査地点との代表一致率 86%
TRACE_KWS:14135616002,14135616002,FAC_KWS_IKUTA,1.0,medium,2026-04-01,,DOC_KWS_SUISHITSU_R8,令和8年度水質検査計画 p11 図−7「水質検査地点概要図」の塗り分けからのラスタ読み取り。長沢・企業団西長沢 → 生田配水池。図は配水系統の概略で町丁目単位の断定ではない。純度 100%（判定に使った画素 2223）。位置合わせ IoU 0.929（6パラメータ）。凡例表が名指しした検査地点との代表一致率 86%
TRACE_KWS:14135616003,14135616003,FAC_KWS_IKUTA,1.0,medium,2026-04-01,,DOC_KWS_SUISHITSU_R8,令和8年度水質検査計画 p11 図−7「水質検査地点概要図」の塗り分けからのラスタ読み取り。長沢・企業団西長沢 → 生田配水池。図は配水系統の概略で町丁目単位の断定ではない。純度 100%（判定に使った画素 1464）。位置合わせ IoU 0.929（6パラメータ）。凡例表が名指しした検査地点との代表一致率 86%
TRACE_KWS:14135617001,14135617001,FAC_KWS_IKUTA,1.0,medium,2026-04-01,,DOC_KWS_SUISHITSU_R8,令和8年度水質検査計画 p11 図−7「水質検査地点概要図」の塗り分けからのラスタ読み取り。長沢・企業団西長沢 → 生田配水池。図は配水系統の概略で町丁目単位の断定ではない。純度 100%（判定に使った画素 1818）。位置合わせ IoU 0.929（6パラメータ）。凡例表が名指しした検査地点との代表一致率 86%
TRACE_KWS:14135617002,14135617002,FAC_KWS_IKUTA,1.0,low,2026-04-01,,DOC_KWS_SUISHITSU_R8,令和8年度水質検査計画 p11 図−7「水質検査地点概要図」の塗り分けからのラスタ読み取り。長沢・企業団西長沢 → 生田配水池。図は配水系統の概略で町丁目単位の断定ではない。純度 59%（判定に使った画素 2926）。位置合わせ IoU 0.929（6パラメータ）。凡例表が名指しした検査地点との代表一致率 86%
TRACE_KWS:14135617004,14135617004,FAC_KWS_IKUTA,1.0,medium,2026-04-01,,DOC_KWS_SUISHITSU_R8,令和8年度水質検査計画 p11 図−7「水質検査地点概要図」の塗り分けからのラスタ読み取り。長沢・企業団西長沢 → 生田配水池。図は配水系統の概略で町丁目単位の断定ではない。純度 100%（判定に使った画素 1907）。位置合わせ IoU 0.929（6パラメータ）。凡例表が名指しした検査地点との代表一致率 86%
TRACE_KWS:14135617005,14135617005,FAC_KWS_IKUTA,1.0,medium,2026-04-01,,DOC_KWS_SUISHITSU_R8,令和8年度水質検査計画 p11 図−7「水質検査地点概要図」の塗り分けからのラスタ読み取り。長沢・企業団西長沢 → 生田配水池。図は配水系統の概略で町丁目単位の断定ではない。純度 100%（判定に使った画素 2014）。位置合わせ IoU 0.929（6パラメータ）。凡例表が名指しした検査地点との代表一致率 86%
TRACE_KWS:14135618002,14135618002,FAC_KWS_IKUTA,1.0,low,2026-04-01,,DOC_KWS_SUISHITSU_R8,令和8年度水質検査計画 p11 図−7「水質検査地点概要図」の塗り分けからのラスタ読み取り。長沢・企業団西長沢 → 生田配水池。図は配水系統の概略で町丁目単位の断定ではない。純度 64%（判定に使った画素 1486）。位置合わせ IoU 0.929（6パラメータ）。凡例表が名指しした検査地点との代表一致率 86%
TRACE_KWS:14135618003,14135618003,FAC_KWS_MIYAZAKI,1.0,low,2026-04-01,,DOC_KWS_SUISHITSU_R8,令和8年度水質検査計画 p11 図−7「水質検査地点概要図」の塗り分けからのラスタ読み取り。長沢・企業団西長沢 → 宮崎配水塔。図は配水系統の概略で町丁目単位の断定ではない。純度 75%（判定に使った画素 963）。位置合わせ IoU 0.929（6パラメータ）。凡例表が名指しした検査地点との代表一致率 86%
TRACE_KWS:14135618004,14135618004,FAC_KWS_MIYAZAKI,1.0,low,2026-04-01,,DOC_KWS_SUISHITSU_R8,令和8年度水質検査計画 p11 図−7「水質検査地点概要図」の塗り分けからのラスタ読み取り。長沢・企業団西長沢 → 宮崎配水塔。図は配水系統の概略で町丁目単位の断定ではない。純度 82%（判定に使った画素 842）。位置合わせ IoU 0.929（6パラメータ）。凡例表が名指しした検査地点との代表一致率 86%
TRACE_KWS:14135619001,14135619001,FAC_KWS_IKUTA,1.0,medium,2026-04-01,,DOC_KWS_SUISHITSU_R8,令和8年度水質検査計画 p11 図−7「水質検査地点概要図」の塗り分けからのラスタ読み取り。長沢・企業団西長沢 → 生田配水池。図は配水系統の概略で町丁目単位の断定ではない。純度 100%（判定に使った画素 2867）。位置合わせ IoU 0.929（6パラメータ）。凡例表が名指しした検査地点との代表一致率 86%
TRACE_KWS:14135619002,14135619002,FAC_KWS_IKUTA,1.0,medium,2026-04-01,,DOC_KWS_SUISHITSU_R8,令和8年度水質検査計画 p11 図−7「水質検査地点概要図」の塗り分けからのラスタ読み取り。長沢・企業団西長沢 → 生田配水池。図は配水系統の概略で町丁目単位の断定ではない。純度 100%（判定に使った画素 2315）。位置合わせ IoU 0.929（6パラメータ）。凡例表が名指しした検査地点との代表一致率 86%
TRACE_KWS:14135619003,14135619003,FAC_KWS_IKUTA,1.0,medium,2026-04-01,,DOC_KWS_SUISHITSU_R8,令和8年度水質検査計画 p11 図−7「水質検査地点概要図」の塗り分けからのラスタ読み取り。長沢・企業団西長沢 → 生田配水池。図は配水系統の概略で町丁目単位の断定ではない。純度 100%（判定に使った画素 1406）。位置合わせ IoU 0.929（6パラメータ）。凡例表が名指しした検査地点との代表一致率 86%
TRACE_KWS:14135619004,14135619004,FAC_KWS_IKUTA,1.0,medium,2026-04-01,,DOC_KWS_SUISHITSU_R8,令和8年度水質検査計画 p11 図−7「水質検査地点概要図」の塗り分けからのラスタ読み取り。長沢・企業団西長沢 → 生田配水池。図は配水系統の概略で町丁目単位の断定ではない。純度 100%（判定に使った画素 2666）。位置合わせ IoU 0.929（6パラメータ）。凡例表が名指しした検査地点との代表一致率 86%
TRACE_KWS:14135619006,14135619006,FAC_KWS_TAKAISHI,1.0,low,2026-04-01,,DOC_KWS_SUISHITSU_R8,令和8年度水質検査計画 p11 図−7「水質検査地点概要図」の塗り分けからのラスタ読み取り。長沢・企業団西長沢 → 高石配水塔。図は配水系統の概略で町丁目単位の断定ではない。純度 72%（判定に使った画素 2097）。位置合わせ IoU 0.929（6パラメータ）。凡例表が名指しした検査地点との代表一致率 86%
TRACE_KWS:14135619007,14135619007,FAC_KWS_TAKAISHI,1.0,medium,2026-04-01,,DOC_KWS_SUISHITSU_R8,令和8年度水質検査計画 p11 図−7「水質検査地点概要図」の塗り分けからのラスタ読み取り。長沢・企業団西長沢 → 高石配水塔。図は配水系統の概略で町丁目単位の断定ではない。純度 100%（判定に使った画素 6171）。位置合わせ IoU 0.929（6パラメータ）。凡例表が名指しした検査地点との代表一致率 86%
TRACE_KWS:14135620001,14135620001,FAC_KWS_IKUTA,1.0,medium,2026-04-01,,DOC_KWS_SUISHITSU_R8,令和8年度水質検査計画 p11 図−7「水質検査地点概要図」の塗り分けからのラスタ読み取り。長沢・企業団西長沢 → 生田配水池。図は配水系統の概略で町丁目単位の断定ではない。純度 100%（判定に使った画素 3037）。位置合わせ IoU 0.929（6パラメータ）。凡例表が名指しした検査地点との代表一致率 86%
TRACE_KWS:14135620002,14135620002,FAC_KWS_IKUTA,1.0,medium,2026-04-01,,DOC_KWS_SUISHITSU_R8,令和8年度水質検査計画 p11 図−7「水質検査地点概要図」の塗り分けからのラスタ読み取り。長沢・企業団西長沢 → 生田配水池。図は配水系統の概略で町丁目単位の断定ではない。純度 100%（判定に使った画素 507）。位置合わせ IoU 0.929（6パラメータ）。凡例表が名指しした検査地点との代表一致率 86%
TRACE_KWS:14135620003,14135620003,FAC_KWS_IKUTA,1.0,medium,2026-04-01,,DOC_KWS_SUISHITSU_R8,令和8年度水質検査計画 p11 図−7「水質検査地点概要図」の塗り分けからのラスタ読み取り。長沢・企業団西長沢 → 生田配水池。図は配水系統の概略で町丁目単位の断定ではない。純度 100%（判定に使った画素 1281）。位置合わせ IoU 0.929（6パラメータ）。凡例表が名指しした検査地点との代表一致率 86%
TRACE_KWS:14135620004,14135620004,FAC_KWS_IKUTA,1.0,low,2026-04-01,,DOC_KWS_SUISHITSU_R8,令和8年度水質検査計画 p11 図−7「水質検査地点概要図」の塗り分けからのラスタ読み取り。長沢・企業団西長沢 → 生田配水池。図は配水系統の概略で町丁目単位の断定ではない。純度 87%（判定に使った画素 2374）。位置合わせ IoU 0.929（6パラメータ）。凡例表が名指しした検査地点との代表一致率 86%
TRACE_KWS:14135620005,14135620005,FAC_KWS_TAKAISHI,1.0,low,2026-04-01,,DOC_KWS_SUISHITSU_R8,令和8年度水質検査計画 p11 図−7「水質検査地点概要図」の塗り分けからのラスタ読み取り。長沢・企業団西長沢 → 高石配水塔。図は配水系統の概略で町丁目単位の断定ではない。純度 92%（判定に使った画素 2928）。位置合わせ IoU 0.929（6パラメータ）。凡例表が名指しした検査地点との代表一致率 86%
TRACE_KWS:14135621001,14135621001,FAC_KWS_IKUTA,1.0,medium,2026-04-01,,DOC_KWS_SUISHITSU_R8,令和8年度水質検査計画 p11 図−7「水質検査地点概要図」の塗り分けからのラスタ読み取り。長沢・企業団西長沢 → 生田配水池。図は配水系統の概略で町丁目単位の断定ではない。純度 100%（判定に使った画素 483）。位置合わせ IoU 0.929（6パラメータ）。凡例表が名指しした検査地点との代表一致率 86%
TRACE_KWS:14135621002,14135621002,FAC_KWS_TAKAISHI,1.0,low,2026-04-01,,DOC_KWS_SUISHITSU_R8,令和8年度水質検査計画 p11 図−7「水質検査地点概要図」の塗り分けからのラスタ読み取り。長沢・企業団西長沢 → 高石配水塔。図は配水系統の概略で町丁目単位の断定ではない。純度 87%（判定に使った画素 2538）。位置合わせ IoU 0.929（6パラメータ）。凡例表が名指しした検査地点との代表一致率 86%
TRACE_KWS:14135622001,14135622001,FAC_KWS_IKUTA,1.0,medium,2026-04-01,,DOC_KWS_SUISHITSU_R8,令和8年度水質検査計画 p11 図−7「水質検査地点概要図」の塗り分けからのラスタ読み取り。長沢・企業団西長沢 → 生田配水池。図は配水系統の概略で町丁目単位の断定ではない。純度 100%（判定に使った画素 2807）。位置合わせ IoU 0.929（6パラメータ）。凡例表が名指しした検査地点との代表一致率 86%
TRACE_KWS:14135622002,14135622002,FAC_KWS_IKUTA,1.0,medium,2026-04-01,,DOC_KWS_SUISHITSU_R8,令和8年度水質検査計画 p11 図−7「水質検査地点概要図」の塗り分けからのラスタ読み取り。長沢・企業団西長沢 → 生田配水池。図は配水系統の概略で町丁目単位の断定ではない。純度 100%（判定に使った画素 1409）。位置合わせ IoU 0.929（6パラメータ）。凡例表が名指しした検査地点との代表一致率 86%
TRACE_KWS:14135623001,14135623001,FAC_KWS_IKUTA,1.0,medium,2026-04-01,,DOC_KWS_SUISHITSU_R8,令和8年度水質検査計画 p11 図−7「水質検査地点概要図」の塗り分けからのラスタ読み取り。長沢・企業団西長沢 → 生田配水池。図は配水系統の概略で町丁目単位の断定ではない。純度 100%（判定に使った画素 2176）。位置合わせ IoU 0.929（6パラメータ）。凡例表が名指しした検査地点との代表一致率 86%
TRACE_KWS:14135623002,14135623002,FAC_KWS_IKUTA,1.0,medium,2026-04-01,,DOC_KWS_SUISHITSU_R8,令和8年度水質検査計画 p11 図−7「水質検査地点概要図」の塗り分けからのラスタ読み取り。長沢・企業団西長沢 → 生田配水池。図は配水系統の概略で町丁目単位の断定ではない。純度 100%（判定に使った画素 2785）。位置合わせ IoU 0.929（6パラメータ）。凡例表が名指しした検査地点との代表一致率 86%
TRACE_KWS:14135623003,14135623003,FAC_KWS_IKUTA,1.0,low,2026-04-01,,DOC_KWS_SUISHITSU_R8,令和8年度水質検査計画 p11 図−7「水質検査地点概要図」の塗り分けからのラスタ読み取り。長沢・企業団西長沢 → 生田配水池。図は配水系統の概略で町丁目単位の断定ではない。純度 83%（判定に使った画素 998）。位置合わせ IoU 0.929（6パラメータ）。凡例表が名指しした検査地点との代表一致率 86%
TRACE_KWS:14135623004,14135623004,FAC_KWS_IKUTA,1.0,low,2026-04-01,,DOC_KWS_SUISHITSU_R8,令和8年度水質検査計画 p11 図−7「水質検査地点概要図」の塗り分けからのラスタ読み取り。長沢・企業団西長沢 → 生田配水池。図は配水系統の概略で町丁目単位の断定ではない。純度 71%（判定に使った画素 921）。位置合わせ IoU 0.929（6パラメータ）。凡例表が名指しした検査地点との代表一致率 86%
TRACE_KWS:14135623005,14135623005,FAC_KWS_TAKAISHI,1.0,low,2026-04-01,,DOC_KWS_SUISHITSU_R8,令和8年度水質検査計画 p11 図−7「水質検査地点概要図」の塗り分けからのラスタ読み取り。長沢・企業団西長沢 → 高石配水塔。図は配水系統の概略で町丁目単位の断定ではない。純度 92%（判定に使った画素 1259）。位置合わせ IoU 0.929（6パラメータ）。凡例表が名指しした検査地点との代表一致率 86%
TRACE_KWS:14135624002,14135624002,FAC_KWS_TAKAISHI,1.0,low,2026-04-01,,DOC_KWS_SUISHITSU_R8,令和8年度水質検査計画 p11 図−7「水質検査地点概要図」の塗り分けからのラスタ読み取り。長沢・企業団西長沢 → 高石配水塔。図は配水系統の概略で町丁目単位の断定ではない。純度 78%（判定に使った画素 1358）。位置合わせ IoU 0.929（6パラメータ）。凡例表が名指しした検査地点との代表一致率 86%
TRACE_KWS:14135624003,14135624003,FAC_KWS_IKUTA,1.0,medium,2026-04-01,,DOC_KWS_SUISHITSU_R8,令和8年度水質検査計画 p11 図−7「水質検査地点概要図」の塗り分けからのラスタ読み取り。長沢・企業団西長沢 → 生田配水池。図は配水系統の概略で町丁目単位の断定ではない。純度 100%（判定に使った画素 906）。位置合わせ IoU 0.929（6パラメータ）。凡例表が名指しした検査地点との代表一致率 86%
TRACE_KWS:14135625001,14135625001,FAC_KWS_TAKAISHI,1.0,low,2026-04-01,,DOC_KWS_SUISHITSU_R8,令和8年度水質検査計画 p11 図−7「水質検査地点概要図」の塗り分けからのラスタ読み取り。長沢・企業団西長沢 → 高石配水塔。図は配水系統の概略で町丁目単位の断定ではない。純度 81%（判定に使った画素 2274）。位置合わせ IoU 0.929（6パラメータ）。凡例表が名指しした検査地点との代表一致率 86%
TRACE_KWS:14135625002,14135625002,FAC_KWS_TAKAISHI,1.0,medium,2026-04-01,,DOC_KWS_SUISHITSU_R8,令和8年度水質検査計画 p11 図−7「水質検査地点概要図」の塗り分けからのラスタ読み取り。長沢・企業団西長沢 → 高石配水塔。図は配水系統の概略で町丁目単位の断定ではない。純度 100%（判定に使った画素 2147）。位置合わせ IoU 0.929（6パラメータ）。凡例表が名指しした検査地点との代表一致率 86%
TRACE_KWS:14135625003,14135625003,FAC_KWS_TAKAISHI,1.0,medium,2026-04-01,,DOC_KWS_SUISHITSU_R8,令和8年度水質検査計画 p11 図−7「水質検査地点概要図」の塗り分けからのラスタ読み取り。長沢・企業団西長沢 → 高石配水塔。図は配水系統の概略で町丁目単位の断定ではない。純度 100%（判定に使った画素 2189）。位置合わせ IoU 0.929（6パラメータ）。凡例表が名指しした検査地点との代表一致率 86%
TRACE_KWS:14135625004,14135625004,FAC_KWS_TAKAISHI,1.0,low,2026-04-01,,DOC_KWS_SUISHITSU_R8,令和8年度水質検査計画 p11 図−7「水質検査地点概要図」の塗り分けからのラスタ読み取り。長沢・企業団西長沢 → 高石配水塔。図は配水系統の概略で町丁目単位の断定ではない。純度 93%（判定に使った画素 2984）。位置合わせ IoU 0.929（6パラメータ）。凡例表が名指しした検査地点との代表一致率 86%
TRACE_KWS:14135625005,14135625005,FAC_KWS_TAKAISHI,1.0,medium,2026-04-01,,DOC_KWS_SUISHITSU_R8,令和8年度水質検査計画 p11 図−7「水質検査地点概要図」の塗り分けからのラスタ読み取り。長沢・企業団西長沢 → 高石配水塔。図は配水系統の概略で町丁目単位の断定ではない。純度 95%（判定に使った画素 1703）。位置合わせ IoU 0.929（6パラメータ）。凡例表が名指しした検査地点との代表一致率 86%
TRACE_KWS:14135625006,14135625006,FAC_KWS_TAKAISHI,1.0,medium,2026-04-01,,DOC_KWS_SUISHITSU_R8,令和8年度水質検査計画 p11 図−7「水質検査地点概要図」の塗り分けからのラスタ読み取り。長沢・企業団西長沢 → 高石配水塔。図は配水系統の概略で町丁目単位の断定ではない。純度 100%（判定に使った画素 2031）。位置合わせ IoU 0.929（6パラメータ）。凡例表が名指しした検査地点との代表一致率 86%
TRACE_KWS:14135625007,14135625007,FAC_KWS_TAKAISHI,1.0,medium,2026-04-01,,DOC_KWS_SUISHITSU_R8,令和8年度水質検査計画 p11 図−7「水質検査地点概要図」の塗り分けからのラスタ読み取り。長沢・企業団西長沢 → 高石配水塔。図は配水系統の概略で町丁目単位の断定ではない。純度 100%（判定に使った画素 916）。位置合わせ IoU 0.929（6パラメータ）。凡例表が名指しした検査地点との代表一致率 86%
TRACE_KWS:14135625008,14135625008,FAC_KWS_TAKAISHI,1.0,medium,2026-04-01,,DOC_KWS_SUISHITSU_R8,令和8年度水質検査計画 p11 図−7「水質検査地点概要図」の塗り分けからのラスタ読み取り。長沢・企業団西長沢 → 高石配水塔。図は配水系統の概略で町丁目単位の断定ではない。純度 98%（判定に使った画素 2142）。位置合わせ IoU 0.929（6パラメータ）。凡例表が名指しした検査地点との代表一致率 86%
TRACE_KWS:14135626001,14135626001,FAC_KWS_TAKAISHI,1.0,medium,2026-04-01,,DOC_KWS_SUISHITSU_R8,令和8年度水質検査計画 p11 図−7「水質検査地点概要図」の塗り分けからのラスタ読み取り。長沢・企業団西長沢 → 高石配水塔。図は配水系統の概略で町丁目単位の断定ではない。純度 100%（判定に使った画素 2704）。位置合わせ IoU 0.929（6パラメータ）。凡例表が名指しした検査地点との代表一致率 86%
TRACE_KWS:14135626002,14135626002,FAC_KWS_SUEYOSHI,1.0,low,2026-04-01,,DOC_KWS_SUISHITSU_R8,令和8年度水質検査計画 p11 図−7「水質検査地点概要図」の塗り分けからのラスタ読み取り。長沢・企業団西長沢 → 末吉配水池。図は配水系統の概略で町丁目単位の断定ではない。純度 51%（判定に使った画素 626）。位置合わせ IoU 0.929（6パラメータ）。凡例表が名指しした検査地点との代表一致率 86%
TRACE_KWS:14135626003,14135626003,FAC_KWS_TAKAISHI,1.0,low,2026-04-01,,DOC_KWS_SUISHITSU_R8,令和8年度水質検査計画 p11 図−7「水質検査地点概要図」の塗り分けからのラスタ読み取り。長沢・企業団西長沢 → 高石配水塔。図は配水系統の概略で町丁目単位の断定ではない。純度 53%（判定に使った画素 503）。位置合わせ IoU 0.929（6パラメータ）。凡例表が名指しした検査地点との代表一致率 86%
TRACE_KWS:14136501001,14136501001,FAC_KWS_MIYAZAKI,1.0,low,2026-04-01,,DOC_KWS_SUISHITSU_R8,令和8年度水質検査計画 p11 図−7「水質検査地点概要図」の塗り分けからのラスタ読み取り。長沢・企業団西長沢 → 宮崎配水塔。図は配水系統の概略で町丁目単位の断定ではない。純度 68%（判定に使った画素 2108）。位置合わせ IoU 0.929（6パラメータ）。凡例表が名指しした検査地点との代表一致率 86%
TRACE_KWS:14136501002,14136501002,FAC_KWS_MIYAZAKI,1.0,medium,2026-04-01,,DOC_KWS_SUISHITSU_R8,令和8年度水質検査計画 p11 図−7「水質検査地点概要図」の塗り分けからのラスタ読み取り。長沢・企業団西長沢 → 宮崎配水塔。図は配水系統の概略で町丁目単位の断定ではない。純度 100%（判定に使った画素 1328）。位置合わせ IoU 0.929（6パラメータ）。凡例表が名指しした検査地点との代表一致率 86%
TRACE_KWS:14136501003,14136501003,FAC_KWS_MIYAZAKI,1.0,medium,2026-04-01,,DOC_KWS_SUISHITSU_R8,令和8年度水質検査計画 p11 図−7「水質検査地点概要図」の塗り分けからのラスタ読み取り。長沢・企業団西長沢 → 宮崎配水塔。図は配水系統の概略で町丁目単位の断定ではない。純度 100%（判定に使った画素 1787）。位置合わせ IoU 0.929（6パラメータ）。凡例表が名指しした検査地点との代表一致率 86%
TRACE_KWS:14136502001,14136502001,FAC_KWS_MIYAZAKI,1.0,medium,2026-04-01,,DOC_KWS_SUISHITSU_R8,令和8年度水質検査計画 p11 図−7「水質検査地点概要図」の塗り分けからのラスタ読み取り。長沢・企業団西長沢 → 宮崎配水塔。図は配水系統の概略で町丁目単位の断定ではない。純度 100%（判定に使った画素 3430）。位置合わせ IoU 0.929（6パラメータ）。凡例表が名指しした検査地点との代表一致率 86%
TRACE_KWS:14136502002,14136502002,FAC_KWS_MIYAZAKI,1.0,medium,2026-04-01,,DOC_KWS_SUISHITSU_R8,令和8年度水質検査計画 p11 図−7「水質検査地点概要図」の塗り分けからのラスタ読み取り。長沢・企業団西長沢 → 宮崎配水塔。図は配水系統の概略で町丁目単位の断定ではない。純度 100%（判定に使った画素 2837）。位置合わせ IoU 0.929（6パラメータ）。凡例表が名指しした検査地点との代表一致率 86%
TRACE_KWS:14136503001,14136503001,FAC_KWS_MIYAZAKI,1.0,medium,2026-04-01,,DOC_KWS_SUISHITSU_R8,令和8年度水質検査計画 p11 図−7「水質検査地点概要図」の塗り分けからのラスタ読み取り。長沢・企業団西長沢 → 宮崎配水塔。図は配水系統の概略で町丁目単位の断定ではない。純度 100%（判定に使った画素 1562）。位置合わせ IoU 0.929（6パラメータ）。凡例表が名指しした検査地点との代表一致率 86%
TRACE_KWS:14136503002,14136503002,FAC_KWS_MIYAZAKI,1.0,medium,2026-04-01,,DOC_KWS_SUISHITSU_R8,令和8年度水質検査計画 p11 図−7「水質検査地点概要図」の塗り分けからのラスタ読み取り。長沢・企業団西長沢 → 宮崎配水塔。図は配水系統の概略で町丁目単位の断定ではない。純度 100%（判定に使った画素 2357）。位置合わせ IoU 0.929（6パラメータ）。凡例表が名指しした検査地点との代表一致率 86%
TRACE_KWS:14136503003,14136503003,FAC_KWS_MIYAZAKI,1.0,medium,2026-04-01,,DOC_KWS_SUISHITSU_R8,令和8年度水質検査計画 p11 図−7「水質検査地点概要図」の塗り分けからのラスタ読み取り。長沢・企業団西長沢 → 宮崎配水塔。図は配水系統の概略で町丁目単位の断定ではない。純度 100%（判定に使った画素 1380）。位置合わせ IoU 0.929（6パラメータ）。凡例表が名指しした検査地点との代表一致率 86%
TRACE_KWS:14136503004,14136503004,FAC_KWS_MIYAZAKI,1.0,medium,2026-04-01,,DOC_KWS_SUISHITSU_R8,令和8年度水質検査計画 p11 図−7「水質検査地点概要図」の塗り分けからのラスタ読み取り。長沢・企業団西長沢 → 宮崎配水塔。図は配水系統の概略で町丁目単位の断定ではない。純度 100%（判定に使った画素 1982）。位置合わせ IoU 0.929（6パラメータ）。凡例表が名指しした検査地点との代表一致率 86%
TRACE_KWS:14136503005,14136503005,FAC_KWS_MIYAZAKI,1.0,medium,2026-04-01,,DOC_KWS_SUISHITSU_R8,令和8年度水質検査計画 p11 図−7「水質検査地点概要図」の塗り分けからのラスタ読み取り。長沢・企業団西長沢 → 宮崎配水塔。図は配水系統の概略で町丁目単位の断定ではない。純度 100%（判定に使った画素 924）。位置合わせ IoU 0.929（6パラメータ）。凡例表が名指しした検査地点との代表一致率 86%
TRACE_KWS:14136503006,14136503006,FAC_KWS_MIYAZAKI,1.0,medium,2026-04-01,,DOC_KWS_SUISHITSU_R8,令和8年度水質検査計画 p11 図−7「水質検査地点概要図」の塗り分けからのラスタ読み取り。長沢・企業団西長沢 → 宮崎配水塔。図は配水系統の概略で町丁目単位の断定ではない。純度 100%（判定に使った画素 393）。位置合わせ IoU 0.929（6パラメータ）。凡例表が名指しした検査地点との代表一致率 86%
TRACE_KWS:14136503007,14136503007,FAC_KWS_MIYAZAKI,1.0,medium,2026-04-01,,DOC_KWS_SUISHITSU_R8,令和8年度水質検査計画 p11 図−7「水質検査地点概要図」の塗り分けからのラスタ読み取り。長沢・企業団西長沢 → 宮崎配水塔。図は配水系統の概略で町丁目単位の断定ではない。純度 100%（判定に使った画素 790）。位置合わせ IoU 0.929（6パラメータ）。凡例表が名指しした検査地点との代表一致率 86%
TRACE_KWS:141365040,141365040,FAC_KWS_MIYAZAKI,1.0,medium,2026-04-01,,DOC_KWS_SUISHITSU_R8,令和8年度水質検査計画 p11 図−7「水質検査地点概要図」の塗り分けからのラスタ読み取り。長沢・企業団西長沢 → 宮崎配水塔。図は配水系統の概略で町丁目単位の断定ではない。純度 100%（判定に使った画素 2888）。位置合わせ IoU 0.929（6パラメータ）。凡例表が名指しした検査地点との代表一致率 86%
TRACE_KWS:14136505001,14136505001,FAC_KWS_MIYAZAKI,1.0,medium,2026-04-01,,DOC_KWS_SUISHITSU_R8,令和8年度水質検査計画 p11 図−7「水質検査地点概要図」の塗り分けからのラスタ読み取り。長沢・企業団西長沢 → 宮崎配水塔。図は配水系統の概略で町丁目単位の断定ではない。純度 100%（判定に使った画素 612）。位置合わせ IoU 0.929（6パラメータ）。凡例表が名指しした検査地点との代表一致率 86%
TRACE_KWS:14136505002,14136505002,FAC_KWS_MIYAZAKI,1.0,medium,2026-04-01,,DOC_KWS_SUISHITSU_R8,令和8年度水質検査計画 p11 図−7「水質検査地点概要図」の塗り分けからのラスタ読み取り。長沢・企業団西長沢 → 宮崎配水塔。図は配水系統の概略で町丁目単位の断定ではない。純度 100%（判定に使った画素 2638）。位置合わせ IoU 0.929（6パラメータ）。凡例表が名指しした検査地点との代表一致率 86%
TRACE_KWS:14136506000,14136506000,FAC_KWS_NAGASAWA,1.0,low,2026-04-01,,DOC_KWS_SUISHITSU_R8,令和8年度水質検査計画 p11 図−7「水質検査地点概要図」の塗り分けからのラスタ読み取り。長沢浄水場のみ。図は配水系統の概略で町丁目単位の断定ではない。純度 75%（判定に使った画素 2501）。位置合わせ IoU 0.929（6パラメータ）。凡例表が名指しした検査地点との代表一致率 86%
TRACE_KWS:14136506001,14136506001,FAC_KWS_MIYAZAKI,1.0,medium,2026-04-01,,DOC_KWS_SUISHITSU_R8,令和8年度水質検査計画 p11 図−7「水質検査地点概要図」の塗り分けからのラスタ読み取り。長沢・企業団西長沢 → 宮崎配水塔。図は配水系統の概略で町丁目単位の断定ではない。純度 97%（判定に使った画素 2048）。位置合わせ IoU 0.929（6パラメータ）。凡例表が名指しした検査地点との代表一致率 86%
TRACE_KWS:14136506002,14136506002,FAC_KWS_MIYAZAKI,1.0,low,2026-04-01,,DOC_KWS_SUISHITSU_R8,令和8年度水質検査計画 p11 図−7「水質検査地点概要図」の塗り分けからのラスタ読み取り。長沢・企業団西長沢 → 宮崎配水塔。図は配水系統の概略で町丁目単位の断定ではない。純度 90%（判定に使った画素 1198）。位置合わせ IoU 0.929（6パラメータ）。凡例表が名指しした検査地点との代表一致率 86%
TRACE_KWS:14136506004,14136506004,FAC_KWS_MIYAZAKI,1.0,medium,2026-04-01,,DOC_KWS_SUISHITSU_R8,令和8年度水質検査計画 p11 図−7「水質検査地点概要図」の塗り分けからのラスタ読み取り。長沢・企業団西長沢 → 宮崎配水塔。図は配水系統の概略で町丁目単位の断定ではない。純度 100%（判定に使った画素 1399）。位置合わせ IoU 0.929（6パラメータ）。凡例表が名指しした検査地点との代表一致率 86%
TRACE_KWS:14136508001,14136508001,FAC_KWS_MIYAZAKI,1.0,low,2026-04-01,,DOC_KWS_SUISHITSU_R8,令和8年度水質検査計画 p11 図−7「水質検査地点概要図」の塗り分けからのラスタ読み取り。長沢・企業団西長沢 → 宮崎配水塔。図は配水系統の概略で町丁目単位の断定ではない。純度 69%（判定に使った画素 3316）。位置合わせ IoU 0.929（6パラメータ）。凡例表が名指しした検査地点との代表一致率 86%
TRACE_KWS:14136508002,14136508002,FAC_KWS_SAGINUMA,1.0,low,2026-04-01,,DOC_KWS_SUISHITSU_R8,令和8年度水質検査計画 p11 図−7「水質検査地点概要図」の塗り分けからのラスタ読み取り。長沢・企業団西長沢 → 鷺沼配水池。図は配水系統の概略で町丁目単位の断定ではない。純度 82%（判定に使った画素 1444）。位置合わせ IoU 0.929（6パラメータ）。凡例表が名指しした検査地点との代表一致率 86%
TRACE_KWS:14136508003,14136508003,FAC_KWS_NAGASAWA,1.0,low,2026-04-01,,DOC_KWS_SUISHITSU_R8,令和8年度水質検査計画 p11 図−7「水質検査地点概要図」の塗り分けからのラスタ読み取り。長沢浄水場のみ。図は配水系統の概略で町丁目単位の断定ではない。純度 94%（判定に使った画素 1471）。位置合わせ IoU 0.929（6パラメータ）。凡例表が名指しした検査地点との代表一致率 86%
TRACE_KWS:14136508004,14136508004,FAC_KWS_NAGASAWA,1.0,low,2026-04-01,,DOC_KWS_SUISHITSU_R8,令和8年度水質検査計画 p11 図−7「水質検査地点概要図」の塗り分けからのラスタ読み取り。長沢浄水場のみ。図は配水系統の概略で町丁目単位の断定ではない。純度 73%（判定に使った画素 3846）。位置合わせ IoU 0.929（6パラメータ）。凡例表が名指しした検査地点との代表一致率 86%
TRACE_KWS:14136508005,14136508005,FAC_KWS_SAGINUMA,1.0,low,2026-04-01,,DOC_KWS_SUISHITSU_R8,令和8年度水質検査計画 p11 図−7「水質検査地点概要図」の塗り分けからのラスタ読み取り。長沢・企業団西長沢 → 鷺沼配水池。図は配水系統の概略で町丁目単位の断定ではない。純度 89%（判定に使った画素 1584）。位置合わせ IoU 0.929（6パラメータ）。凡例表が名指しした検査地点との代表一致率 86%
TRACE_KWS:14136508006,14136508006,FAC_KWS_SAGINUMA,1.0,low,2026-04-01,,DOC_KWS_SUISHITSU_R8,令和8年度水質検査計画 p11 図−7「水質検査地点概要図」の塗り分けからのラスタ読み取り。長沢・企業団西長沢 → 鷺沼配水池。図は配水系統の概略で町丁目単位の断定ではない。純度 71%（判定に使った画素 1769）。位置合わせ IoU 0.929（6パラメータ）。凡例表が名指しした検査地点との代表一致率 86%
TRACE_KWS:141365090,141365090,FAC_KWS_SAGINUMA,1.0,low,2026-04-01,,DOC_KWS_SUISHITSU_R8,令和8年度水質検査計画 p11 図−7「水質検査地点概要図」の塗り分けからのラスタ読み取り。長沢・企業団西長沢 → 鷺沼配水池。図は配水系統の概略で町丁目単位の断定ではない。純度 77%（判定に使った画素 3346）。位置合わせ IoU 0.929（6パラメータ）。凡例表が名指しした検査地点との代表一致率 86%
TRACE_KWS:14136510003,14136510003,FAC_KWS_NAGASAWA,1.0,medium,2026-04-01,,DOC_KWS_SUISHITSU_R8,令和8年度水質検査計画 p11 図−7「水質検査地点概要図」の塗り分けからのラスタ読み取り。長沢浄水場のみ。図は配水系統の概略で町丁目単位の断定ではない。純度 99%（判定に使った画素 2806）。位置合わせ IoU 0.929（6パラメータ）。凡例表が名指しした検査地点との代表一致率 86%
TRACE_KWS:14136510004,14136510004,FAC_KWS_NAGASAWA,1.0,medium,2026-04-01,,DOC_KWS_SUISHITSU_R8,令和8年度水質検査計画 p11 図−7「水質検査地点概要図」の塗り分けからのラスタ読み取り。長沢浄水場のみ。図は配水系統の概略で町丁目単位の断定ではない。純度 100%（判定に使った画素 14307）。位置合わせ IoU 0.929（6パラメータ）。凡例表が名指しした検査地点との代表一致率 86%
TRACE_KWS:14136510101,14136510101,FAC_KWS_NAGASAWA,1.0,low,2026-04-01,,DOC_KWS_SUISHITSU_R8,令和8年度水質検査計画 p11 図−7「水質検査地点概要図」の塗り分けからのラスタ読み取り。長沢浄水場のみ。図は配水系統の概略で町丁目単位の断定ではない。純度 71%（判定に使った画素 2842）。位置合わせ IoU 0.929（6パラメータ）。凡例表が名指しした検査地点との代表一致率 86%
TRACE_KWS:14136510102,14136510102,FAC_KWS_NAGASAWA,1.0,low,2026-04-01,,DOC_KWS_SUISHITSU_R8,令和8年度水質検査計画 p11 図−7「水質検査地点概要図」の塗り分けからのラスタ読み取り。長沢浄水場のみ。図は配水系統の概略で町丁目単位の断定ではない。純度 52%（判定に使った画素 2759）。位置合わせ IoU 0.929（6パラメータ）。凡例表が名指しした検査地点との代表一致率 86%
TRACE_KWS:14136510103,14136510103,FAC_KWS_NAGASAWA,1.0,low,2026-04-01,,DOC_KWS_SUISHITSU_R8,令和8年度水質検査計画 p11 図−7「水質検査地点概要図」の塗り分けからのラスタ読み取り。長沢浄水場のみ。図は配水系統の概略で町丁目単位の断定ではない。純度 90%（判定に使った画素 985）。位置合わせ IoU 0.929（6パラメータ）。凡例表が名指しした検査地点との代表一致率 86%
TRACE_KWS:14136510201,14136510201,FAC_KWS_NAGASAWA,1.0,low,2026-04-01,,DOC_KWS_SUISHITSU_R8,令和8年度水質検査計画 p11 図−7「水質検査地点概要図」の塗り分けからのラスタ読み取り。長沢浄水場のみ。図は配水系統の概略で町丁目単位の断定ではない。純度 81%（判定に使った画素 5447）。位置合わせ IoU 0.929（6パラメータ）。凡例表が名指しした検査地点との代表一致率 86%
TRACE_KWS:14136510202,14136510202,FAC_KWS_NAGASAWA,1.0,low,2026-04-01,,DOC_KWS_SUISHITSU_R8,令和8年度水質検査計画 p11 図−7「水質検査地点概要図」の塗り分けからのラスタ読み取り。長沢浄水場のみ。図は配水系統の概略で町丁目単位の断定ではない。純度 63%（判定に使った画素 3892）。位置合わせ IoU 0.929（6パラメータ）。凡例表が名指しした検査地点との代表一致率 86%
TRACE_KWS:14136510203,14136510203,FAC_KWS_NAGASAWA,1.0,medium,2026-04-01,,DOC_KWS_SUISHITSU_R8,令和8年度水質検査計画 p11 図−7「水質検査地点概要図」の塗り分けからのラスタ読み取り。長沢浄水場のみ。図は配水系統の概略で町丁目単位の断定ではない。純度 99%（判定に使った画素 5654）。位置合わせ IoU 0.929（6パラメータ）。凡例表が名指しした検査地点との代表一致率 86%
TRACE_KWS:14136511002,14136511002,FAC_KWS_NAGASAWA,1.0,medium,2026-04-01,,DOC_KWS_SUISHITSU_R8,令和8年度水質検査計画 p11 図−7「水質検査地点概要図」の塗り分けからのラスタ読み取り。長沢浄水場のみ。図は配水系統の概略で町丁目単位の断定ではない。純度 100%（判定に使った画素 3774）。位置合わせ IoU 0.929（6パラメータ）。凡例表が名指しした検査地点との代表一致率 86%
TRACE_KWS:14136511003,14136511003,FAC_KWS_NAGASAWA,1.0,low,2026-04-01,,DOC_KWS_SUISHITSU_R8,令和8年度水質検査計画 p11 図−7「水質検査地点概要図」の塗り分けからのラスタ読み取り。長沢浄水場のみ。図は配水系統の概略で町丁目単位の断定ではない。純度 93%（判定に使った画素 2683）。位置合わせ IoU 0.929（6パラメータ）。凡例表が名指しした検査地点との代表一致率 86%
TRACE_KWS:14136511004,14136511004,FAC_KWS_NAGASAWA,1.0,low,2026-04-01,,DOC_KWS_SUISHITSU_R8,令和8年度水質検査計画 p11 図−7「水質検査地点概要図」の塗り分けからのラスタ読み取り。長沢浄水場のみ。図は配水系統の概略で町丁目単位の断定ではない。純度 94%（判定に使った画素 2171）。位置合わせ IoU 0.929（6パラメータ）。凡例表が名指しした検査地点との代表一致率 86%
TRACE_KWS:14136511005,14136511005,FAC_KWS_NAGASAWA,1.0,medium,2026-04-01,,DOC_KWS_SUISHITSU_R8,令和8年度水質検査計画 p11 図−7「水質検査地点概要図」の塗り分けからのラスタ読み取り。長沢浄水場のみ。図は配水系統の概略で町丁目単位の断定ではない。純度 100%（判定に使った画素 5247）。位置合わせ IoU 0.929（6パラメータ）。凡例表が名指しした検査地点との代表一致率 86%
TRACE_KWS:14136512001,14136512001,FAC_KWS_MIYAZAKI,1.0,medium,2026-04-01,,DOC_KWS_SUISHITSU_R8,令和8年度水質検査計画 p11 図−7「水質検査地点概要図」の塗り分けからのラスタ読み取り。長沢・企業団西長沢 → 宮崎配水塔。図は配水系統の概略で町丁目単位の断定ではない。純度 100%（判定に使った画素 505）。位置合わせ IoU 0.929（6パラメータ）。凡例表が名指しした検査地点との代表一致率 86%
TRACE_KWS:14136512002,14136512002,FAC_KWS_MIYAZAKI,1.0,medium,2026-04-01,,DOC_KWS_SUISHITSU_R8,令和8年度水質検査計画 p11 図−7「水質検査地点概要図」の塗り分けからのラスタ読み取り。長沢・企業団西長沢 → 宮崎配水塔。図は配水系統の概略で町丁目単位の断定ではない。純度 100%（判定に使った画素 572）。位置合わせ IoU 0.929（6パラメータ）。凡例表が名指しした検査地点との代表一致率 86%
TRACE_KWS:14136512003,14136512003,FAC_KWS_MIYAZAKI,1.0,medium,2026-04-01,,DOC_KWS_SUISHITSU_R8,令和8年度水質検査計画 p11 図−7「水質検査地点概要図」の塗り分けからのラスタ読み取り。長沢・企業団西長沢 → 宮崎配水塔。図は配水系統の概略で町丁目単位の断定ではない。純度 99%（判定に使った画素 1085）。位置合わせ IoU 0.929（6パラメータ）。凡例表が名指しした検査地点との代表一致率 86%
TRACE_KWS:14136512006,14136512006,FAC_KWS_IKUTA,1.0,low,2026-04-01,,DOC_KWS_SUISHITSU_R8,令和8年度水質検査計画 p11 図−7「水質検査地点概要図」の塗り分けからのラスタ読み取り。長沢・企業団西長沢 → 生田配水池。図は配水系統の概略で町丁目単位の断定ではない。純度 68%（判定に使った画素 355）。位置合わせ IoU 0.929（6パラメータ）。凡例表が名指しした検査地点との代表一致率 86%
TRACE_KWS:14136512007,14136512007,FAC_KWS_IKUTA,1.0,low,2026-04-01,,DOC_KWS_SUISHITSU_R8,令和8年度水質検査計画 p11 図−7「水質検査地点概要図」の塗り分けからのラスタ読み取り。長沢・企業団西長沢 → 生田配水池。図は配水系統の概略で町丁目単位の断定ではない。純度 54%（判定に使った画素 485）。位置合わせ IoU 0.929（6パラメータ）。凡例表が名指しした検査地点との代表一致率 86%
TRACE_KWS:14136512008,14136512008,FAC_KWS_MIYAZAKI,1.0,medium,2026-04-01,,DOC_KWS_SUISHITSU_R8,令和8年度水質検査計画 p11 図−7「水質検査地点概要図」の塗り分けからのラスタ読み取り。長沢・企業団西長沢 → 宮崎配水塔。図は配水系統の概略で町丁目単位の断定ではない。純度 100%（判定に使った画素 2614）。位置合わせ IoU 0.929（6パラメータ）。凡例表が名指しした検査地点との代表一致率 86%
TRACE_KWS:14136512009,14136512009,FAC_KWS_MIYAZAKI,1.0,medium,2026-04-01,,DOC_KWS_SUISHITSU_R8,令和8年度水質検査計画 p11 図−7「水質検査地点概要図」の塗り分けからのラスタ読み取り。長沢・企業団西長沢 → 宮崎配水塔。図は配水系統の概略で町丁目単位の断定ではない。純度 100%（判定に使った画素 1361）。位置合わせ IoU 0.929（6パラメータ）。凡例表が名指しした検査地点との代表一致率 86%
TRACE_KWS:14136513002,14136513002,FAC_KWS_MIYAZAKI,1.0,medium,2026-04-01,,DOC_KWS_SUISHITSU_R8,令和8年度水質検査計画 p11 図−7「水質検査地点概要図」の塗り分けからのラスタ読み取り。長沢・企業団西長沢 → 宮崎配水塔。図は配水系統の概略で町丁目単位の断定ではない。純度 100%（判定に使った画素 1716）。位置合わせ IoU 0.929（6パラメータ）。凡例表が名指しした検査地点との代表一致率 86%
TRACE_KWS:14136513003,14136513003,FAC_KWS_MIYAZAKI,1.0,medium,2026-04-01,,DOC_KWS_SUISHITSU_R8,令和8年度水質検査計画 p11 図−7「水質検査地点概要図」の塗り分けからのラスタ読み取り。長沢・企業団西長沢 → 宮崎配水塔。図は配水系統の概略で町丁目単位の断定ではない。純度 100%（判定に使った画素 2482）。位置合わせ IoU 0.929（6パラメータ）。凡例表が名指しした検査地点との代表一致率 86%
TRACE_KWS:14136513004,14136513004,FAC_KWS_MIYAZAKI,1.0,medium,2026-04-01,,DOC_KWS_SUISHITSU_R8,令和8年度水質検査計画 p11 図−7「水質検査地点概要図」の塗り分けからのラスタ読み取り。長沢・企業団西長沢 → 宮崎配水塔。図は配水系統の概略で町丁目単位の断定ではない。純度 100%（判定に使った画素 4010）。位置合わせ IoU 0.929（6パラメータ）。凡例表が名指しした検査地点との代表一致率 86%
TRACE_KWS:14136514001,14136514001,FAC_KWS_MIYAZAKI,1.0,medium,2026-04-01,,DOC_KWS_SUISHITSU_R8,令和8年度水質検査計画 p11 図−7「水質検査地点概要図」の塗り分けからのラスタ読み取り。長沢・企業団西長沢 → 宮崎配水塔。図は配水系統の概略で町丁目単位の断定ではない。純度 96%（判定に使った画素 1758）。位置合わせ IoU 0.929（6パラメータ）。凡例表が名指しした検査地点との代表一致率 86%
TRACE_KWS:14136514002,14136514002,FAC_KWS_MIYAZAKI,1.0,medium,2026-04-01,,DOC_KWS_SUISHITSU_R8,令和8年度水質検査計画 p11 図−7「水質検査地点概要図」の塗り分けからのラスタ読み取り。長沢・企業団西長沢 → 宮崎配水塔。図は配水系統の概略で町丁目単位の断定ではない。純度 100%（判定に使った画素 3121）。位置合わせ IoU 0.929（6パラメータ）。凡例表が名指しした検査地点との代表一致率 86%
TRACE_KWS:14136514003,14136514003,FAC_KWS_TAKAISHI,1.0,low,2026-04-01,,DOC_KWS_SUISHITSU_R8,令和8年度水質検査計画 p11 図−7「水質検査地点概要図」の塗り分けからのラスタ読み取り。長沢・企業団西長沢 → 高石配水塔。図は配水系統の概略で町丁目単位の断定ではない。純度 78%（判定に使った画素 784）。位置合わせ IoU 0.929（6パラメータ）。凡例表が名指しした検査地点との代表一致率 86%
TRACE_KWS:14136515001,14136515001,FAC_KWS_TAKAISHI,1.0,low,2026-04-01,,DOC_KWS_SUISHITSU_R8,令和8年度水質検査計画 p11 図−7「水質検査地点概要図」の塗り分けからのラスタ読み取り。長沢・企業団西長沢 → 高石配水塔。図は配水系統の概略で町丁目単位の断定ではない。純度 70%（判定に使った画素 1146）。位置合わせ IoU 0.929（6パラメータ）。凡例表が名指しした検査地点との代表一致率 86%
TRACE_KWS:14136515002,14136515002,FAC_KWS_TAKAISHI,1.0,medium,2026-04-01,,DOC_KWS_SUISHITSU_R8,令和8年度水質検査計画 p11 図−7「水質検査地点概要図」の塗り分けからのラスタ読み取り。長沢・企業団西長沢 → 高石配水塔。図は配水系統の概略で町丁目単位の断定ではない。純度 100%（判定に使った画素 1618）。位置合わせ IoU 0.929（6パラメータ）。凡例表が名指しした検査地点との代表一致率 86%
TRACE_KWS:14136515003,14136515003,FAC_KWS_TAKAISHI,1.0,medium,2026-04-01,,DOC_KWS_SUISHITSU_R8,令和8年度水質検査計画 p11 図−7「水質検査地点概要図」の塗り分けからのラスタ読み取り。長沢・企業団西長沢 → 高石配水塔。図は配水系統の概略で町丁目単位の断定ではない。純度 100%（判定に使った画素 2241）。位置合わせ IoU 0.929（6パラメータ）。凡例表が名指しした検査地点との代表一致率 86%
TRACE_KWS:141365160,141365160,FAC_KWS_TAKAISHI,1.0,low,2026-04-01,,DOC_KWS_SUISHITSU_R8,令和8年度水質検査計画 p11 図−7「水質検査地点概要図」の塗り分けからのラスタ読み取り。長沢・企業団西長沢 → 高石配水塔。図は配水系統の概略で町丁目単位の断定ではない。純度 91%（判定に使った画素 2082）。位置合わせ IoU 0.929（6パラメータ）。凡例表が名指しした検査地点との代表一致率 86%
TRACE_KWS:141365170,141365170,FAC_KWS_TAKAISHI,1.0,low,2026-04-01,,DOC_KWS_SUISHITSU_R8,令和8年度水質検査計画 p11 図−7「水質検査地点概要図」の塗り分けからのラスタ読み取り。長沢・企業団西長沢 → 高石配水塔。図は配水系統の概略で町丁目単位の断定ではない。純度 60%（判定に使った画素 2269）。位置合わせ IoU 0.929（6パラメータ）。凡例表が名指しした検査地点との代表一致率 86%
TRACE_KWS:14136518001,14136518001,FAC_KWS_TAKAISHI,1.0,low,2026-04-01,,DOC_KWS_SUISHITSU_R8,令和8年度水質検査計画 p11 図−7「水質検査地点概要図」の塗り分けからのラスタ読み取り。長沢・企業団西長沢 → 高石配水塔。図は配水系統の概略で町丁目単位の断定ではない。純度 57%（判定に使った画素 1951）。位置合わせ IoU 0.929（6パラメータ）。凡例表が名指しした検査地点との代表一致率 86%
TRACE_KWS:14136518002,14136518002,FAC_KWS_TAKAISHI,1.0,low,2026-04-01,,DOC_KWS_SUISHITSU_R8,令和8年度水質検査計画 p11 図−7「水質検査地点概要図」の塗り分けからのラスタ読み取り。長沢・企業団西長沢 → 高石配水塔。図は配水系統の概略で町丁目単位の断定ではない。純度 66%（判定に使った画素 2295）。位置合わせ IoU 0.929（6パラメータ）。凡例表が名指しした検査地点との代表一致率 86%
TRACE_KWS:14136518003,14136518003,FAC_KWS_TAKAISHI,1.0,medium,2026-04-01,,DOC_KWS_SUISHITSU_R8,令和8年度水質検査計画 p11 図−7「水質検査地点概要図」の塗り分けからのラスタ読み取り。長沢・企業団西長沢 → 高石配水塔。図は配水系統の概略で町丁目単位の断定ではない。純度 99%（判定に使った画素 4656）。位置合わせ IoU 0.929（6パラメータ）。凡例表が名指しした検査地点との代表一致率 86%
TRACE_KWS:14136518004,14136518004,FAC_KWS_TAKAISHI,1.0,low,2026-04-01,,DOC_KWS_SUISHITSU_R8,令和8年度水質検査計画 p11 図−7「水質検査地点概要図」の塗り分けからのラスタ読み取り。長沢・企業団西長沢 → 高石配水塔。図は配水系統の概略で町丁目単位の断定ではない。純度 92%（判定に使った画素 1858）。位置合わせ IoU 0.929（6パラメータ）。凡例表が名指しした検査地点との代表一致率 86%
TRACE_KWS:14136518005,14136518005,FAC_KWS_MIYAZAKI,1.0,low,2026-04-01,,DOC_KWS_SUISHITSU_R8,令和8年度水質検査計画 p11 図−7「水質検査地点概要図」の塗り分けからのラスタ読み取り。長沢・企業団西長沢 → 宮崎配水塔。図は配水系統の概略で町丁目単位の断定ではない。純度 52%（判定に使った画素 1637）。位置合わせ IoU 0.929（6パラメータ）。凡例表が名指しした検査地点との代表一致率 86%
TRACE_KWS:14136519001,14136519001,FAC_KWS_TAKAISHI,1.0,low,2026-04-01,,DOC_KWS_SUISHITSU_R8,令和8年度水質検査計画 p11 図−7「水質検査地点概要図」の塗り分けからのラスタ読み取り。長沢・企業団西長沢 → 高石配水塔。図は配水系統の概略で町丁目単位の断定ではない。純度 65%（判定に使った画素 5918）。位置合わせ IoU 0.929（6パラメータ）。凡例表が名指しした検査地点との代表一致率 86%
TRACE_KWS:14136519002,14136519002,FAC_KWS_MIYAZAKI,1.0,low,2026-04-01,,DOC_KWS_SUISHITSU_R8,令和8年度水質検査計画 p11 図−7「水質検査地点概要図」の塗り分けからのラスタ読み取り。長沢・企業団西長沢 → 宮崎配水塔。図は配水系統の概略で町丁目単位の断定ではない。純度 68%（判定に使った画素 1859）。位置合わせ IoU 0.929（6パラメータ）。凡例表が名指しした検査地点との代表一致率 86%
TRACE_KWS:14136520001,14136520001,FAC_KWS_MIYAZAKI,1.0,medium,2026-04-01,,DOC_KWS_SUISHITSU_R8,令和8年度水質検査計画 p11 図−7「水質検査地点概要図」の塗り分けからのラスタ読み取り。長沢・企業団西長沢 → 宮崎配水塔。図は配水系統の概略で町丁目単位の断定ではない。純度 100%（判定に使った画素 1422）。位置合わせ IoU 0.929（6パラメータ）。凡例表が名指しした検査地点との代表一致率 86%
TRACE_KWS:14136520002,14136520002,FAC_KWS_MIYAZAKI,1.0,medium,2026-04-01,,DOC_KWS_SUISHITSU_R8,令和8年度水質検査計画 p11 図−7「水質検査地点概要図」の塗り分けからのラスタ読み取り。長沢・企業団西長沢 → 宮崎配水塔。図は配水系統の概略で町丁目単位の断定ではない。純度 100%（判定に使った画素 695）。位置合わせ IoU 0.929（6パラメータ）。凡例表が名指しした検査地点との代表一致率 86%
TRACE_KWS:141365210,141365210,FAC_KWS_MIYAZAKI,1.0,medium,2026-04-01,,DOC_KWS_SUISHITSU_R8,令和8年度水質検査計画 p11 図−7「水質検査地点概要図」の塗り分けからのラスタ読み取り。長沢・企業団西長沢 → 宮崎配水塔。図は配水系統の概略で町丁目単位の断定ではない。純度 100%（判定に使った画素 5731）。位置合わせ IoU 0.929（6パラメータ）。凡例表が名指しした検査地点との代表一致率 86%
TRACE_KWS:14136522001,14136522001,FAC_KWS_MIYAZAKI,1.0,medium,2026-04-01,,DOC_KWS_SUISHITSU_R8,令和8年度水質検査計画 p11 図−7「水質検査地点概要図」の塗り分けからのラスタ読み取り。長沢・企業団西長沢 → 宮崎配水塔。図は配水系統の概略で町丁目単位の断定ではない。純度 100%（判定に使った画素 3233）。位置合わせ IoU 0.929（6パラメータ）。凡例表が名指しした検査地点との代表一致率 86%
TRACE_KWS:14136522002,14136522002,FAC_KWS_MIYAZAKI,1.0,low,2026-04-01,,DOC_KWS_SUISHITSU_R8,令和8年度水質検査計画 p11 図−7「水質検査地点概要図」の塗り分けからのラスタ読み取り。長沢・企業団西長沢 → 宮崎配水塔。図は配水系統の概略で町丁目単位の断定ではない。純度 91%（判定に使った画素 3073）。位置合わせ IoU 0.929（6パラメータ）。凡例表が名指しした検査地点との代表一致率 86%
TRACE_KWS:14136522003,14136522003,FAC_KWS_MIYAZAKI,1.0,low,2026-04-01,,DOC_KWS_SUISHITSU_R8,令和8年度水質検査計画 p11 図−7「水質検査地点概要図」の塗り分けからのラスタ読み取り。長沢・企業団西長沢 → 宮崎配水塔。図は配水系統の概略で町丁目単位の断定ではない。純度 94%（判定に使った画素 2151）。位置合わせ IoU 0.929（6パラメータ）。凡例表が名指しした検査地点との代表一致率 86%
TRACE_KWS:14136522004,14136522004,FAC_KWS_MIYAZAKI,1.0,medium,2026-04-01,,DOC_KWS_SUISHITSU_R8,令和8年度水質検査計画 p11 図−7「水質検査地点概要図」の塗り分けからのラスタ読み取り。長沢・企業団西長沢 → 宮崎配水塔。図は配水系統の概略で町丁目単位の断定ではない。純度 99%（判定に使った画素 1673）。位置合わせ IoU 0.929（6パラメータ）。凡例表が名指しした検査地点との代表一致率 86%
TRACE_KWS:14136522005,14136522005,FAC_KWS_MIYAZAKI,1.0,medium,2026-04-01,,DOC_KWS_SUISHITSU_R8,令和8年度水質検査計画 p11 図−7「水質検査地点概要図」の塗り分けからのラスタ読み取り。長沢・企業団西長沢 → 宮崎配水塔。図は配水系統の概略で町丁目単位の断定ではない。純度 100%（判定に使った画素 2964）。位置合わせ IoU 0.929（6パラメータ）。凡例表が名指しした検査地点との代表一致率 86%
TRACE_KWS:14136522006,14136522006,FAC_KWS_MIYAZAKI,1.0,medium,2026-04-01,,DOC_KWS_SUISHITSU_R8,令和8年度水質検査計画 p11 図−7「水質検査地点概要図」の塗り分けからのラスタ読み取り。長沢・企業団西長沢 → 宮崎配水塔。図は配水系統の概略で町丁目単位の断定ではない。純度 100%（判定に使った画素 2393）。位置合わせ IoU 0.929（6パラメータ）。凡例表が名指しした検査地点との代表一致率 86%
TRACE_KWS:14136524001,14136524001,FAC_KWS_MIYAZAKI,1.0,low,2026-04-01,,DOC_KWS_SUISHITSU_R8,令和8年度水質検査計画 p11 図−7「水質検査地点概要図」の塗り分けからのラスタ読み取り。長沢・企業団西長沢 → 宮崎配水塔。図は配水系統の概略で町丁目単位の断定ではない。純度 91%（判定に使った画素 777）。位置合わせ IoU 0.929（6パラメータ）。凡例表が名指しした検査地点との代表一致率 86%
TRACE_KWS:14136524002,14136524002,FAC_KWS_MIYAZAKI,1.0,low,2026-04-01,,DOC_KWS_SUISHITSU_R8,令和8年度水質検査計画 p11 図−7「水質検査地点概要図」の塗り分けからのラスタ読み取り。長沢・企業団西長沢 → 宮崎配水塔。図は配水系統の概略で町丁目単位の断定ではない。純度 69%（判定に使った画素 1522）。位置合わせ IoU 0.929（6パラメータ）。凡例表が名指しした検査地点との代表一致率 86%
TRACE_KWS:14136524003,14136524003,FAC_KWS_MIYAZAKI,1.0,medium,2026-04-01,,DOC_KWS_SUISHITSU_R8,令和8年度水質検査計画 p11 図−7「水質検査地点概要図」の塗り分けからのラスタ読み取り。長沢・企業団西長沢 → 宮崎配水塔。図は配水系統の概略で町丁目単位の断定ではない。純度 100%（判定に使った画素 1225）。位置合わせ IoU 0.929（6パラメータ）。凡例表が名指しした検査地点との代表一致率 86%
TRACE_KWS:14136524004,14136524004,FAC_KWS_MIYAZAKI,1.0,medium,2026-04-01,,DOC_KWS_SUISHITSU_R8,令和8年度水質検査計画 p11 図−7「水質検査地点概要図」の塗り分けからのラスタ読み取り。長沢・企業団西長沢 → 宮崎配水塔。図は配水系統の概略で町丁目単位の断定ではない。純度 100%（判定に使った画素 2577）。位置合わせ IoU 0.929（6パラメータ）。凡例表が名指しした検査地点との代表一致率 86%
TRACE_KWS:14136524005,14136524005,FAC_KWS_MIYAZAKI,1.0,medium,2026-04-01,,DOC_KWS_SUISHITSU_R8,令和8年度水質検査計画 p11 図−7「水質検査地点概要図」の塗り分けからのラスタ読み取り。長沢・企業団西長沢 → 宮崎配水塔。図は配水系統の概略で町丁目単位の断定ではない。純度 100%（判定に使った画素 1944）。位置合わせ IoU 0.929（6パラメータ）。凡例表が名指しした検査地点との代表一致率 86%
TRACE_KWS:14137702002,14137702002,FAC_KWS_IKUTA,1.0,low,2026-04-01,,DOC_KWS_SUISHITSU_R8,令和8年度水質検査計画 p11 図−7「水質検査地点概要図」の塗り分けからのラスタ読み取り。長沢・企業団西長沢 → 生田配水池。図は配水系統の概略で町丁目単位の断定ではない。純度 63%（判定に使った画素 453）。位置合わせ IoU 0.929（6パラメータ）。凡例表が名指しした検査地点との代表一致率 86%
TRACE_KWS:14137702003,14137702003,FAC_KGD_NISHINAGASAWA,1.0,medium,2026-04-01,,DOC_KWS_SUISHITSU_R8,令和8年度水質検査計画 p11 図−7「水質検査地点概要図」の塗り分けからのラスタ読み取り。企業団西長沢浄水場のみ。図は配水系統の概略で町丁目単位の断定ではない。純度 97%（判定に使った画素 979）。位置合わせ IoU 0.929（6パラメータ）。凡例表が名指しした検査地点との代表一致率 86%
TRACE_KWS:14137702004,14137702004,FAC_KGD_NISHINAGASAWA,1.0,low,2026-04-01,,DOC_KWS_SUISHITSU_R8,令和8年度水質検査計画 p11 図−7「水質検査地点概要図」の塗り分けからのラスタ読み取り。企業団西長沢浄水場のみ。図は配水系統の概略で町丁目単位の断定ではない。純度 55%（判定に使った画素 976）。位置合わせ IoU 0.929（6パラメータ）。凡例表が名指しした検査地点との代表一致率 86%
TRACE_KWS:14137702006,14137702006,FAC_KGD_NISHINAGASAWA,1.0,low,2026-04-01,,DOC_KWS_SUISHITSU_R8,令和8年度水質検査計画 p11 図−7「水質検査地点概要図」の塗り分けからのラスタ読み取り。企業団西長沢浄水場のみ。図は配水系統の概略で町丁目単位の断定ではない。純度 72%（判定に使った画素 160）。位置合わせ IoU 0.929（6パラメータ）。凡例表が名指しした検査地点との代表一致率 86%
TRACE_KWS:14137703001,14137703001,FAC_KWS_IKUTA,1.0,medium,2026-04-01,,DOC_KWS_SUISHITSU_R8,令和8年度水質検査計画 p11 図−7「水質検査地点概要図」の塗り分けからのラスタ読み取り。長沢・企業団西長沢 → 生田配水池。図は配水系統の概略で町丁目単位の断定ではない。純度 100%（判定に使った画素 279）。位置合わせ IoU 0.929（6パラメータ）。凡例表が名指しした検査地点との代表一致率 86%
TRACE_KWS:14137703003,14137703003,FAC_KWS_IKUTA,1.0,medium,2026-04-01,,DOC_KWS_SUISHITSU_R8,令和8年度水質検査計画 p11 図−7「水質検査地点概要図」の塗り分けからのラスタ読み取り。長沢・企業団西長沢 → 生田配水池。図は配水系統の概略で町丁目単位の断定ではない。純度 100%（判定に使った画素 470）。位置合わせ IoU 0.929（6パラメータ）。凡例表が名指しした検査地点との代表一致率 86%
TRACE_KWS:14137703004,14137703004,FAC_KWS_IKUTA,1.0,medium,2026-04-01,,DOC_KWS_SUISHITSU_R8,令和8年度水質検査計画 p11 図−7「水質検査地点概要図」の塗り分けからのラスタ読み取り。長沢・企業団西長沢 → 生田配水池。図は配水系統の概略で町丁目単位の断定ではない。純度 100%（判定に使った画素 1065）。位置合わせ IoU 0.929（6パラメータ）。凡例表が名指しした検査地点との代表一致率 86%
TRACE_KWS:14137706000,14137706000,FAC_KWS_IKUTA,1.0,medium,2026-04-01,,DOC_KWS_SUISHITSU_R8,令和8年度水質検査計画 p11 図−7「水質検査地点概要図」の塗り分けからのラスタ読み取り。長沢・企業団西長沢 → 生田配水池。図は配水系統の概略で町丁目単位の断定ではない。純度 100%（判定に使った画素 2804）。位置合わせ IoU 0.929（6パラメータ）。凡例表が名指しした検査地点との代表一致率 86%
TRACE_KWS:14137706001,14137706001,FAC_KWS_IKUTA,1.0,medium,2026-04-01,,DOC_KWS_SUISHITSU_R8,令和8年度水質検査計画 p11 図−7「水質検査地点概要図」の塗り分けからのラスタ読み取り。長沢・企業団西長沢 → 生田配水池。図は配水系統の概略で町丁目単位の断定ではない。純度 100%（判定に使った画素 1184）。位置合わせ IoU 0.929（6パラメータ）。凡例表が名指しした検査地点との代表一致率 86%
TRACE_KWS:14137706002,14137706002,FAC_KWS_IKUTA,1.0,medium,2026-04-01,,DOC_KWS_SUISHITSU_R8,令和8年度水質検査計画 p11 図−7「水質検査地点概要図」の塗り分けからのラスタ読み取り。長沢・企業団西長沢 → 生田配水池。図は配水系統の概略で町丁目単位の断定ではない。純度 100%（判定に使った画素 1286）。位置合わせ IoU 0.929（6パラメータ）。凡例表が名指しした検査地点との代表一致率 86%
TRACE_KWS:14137706003,14137706003,FAC_KWS_IKUTA,1.0,medium,2026-04-01,,DOC_KWS_SUISHITSU_R8,令和8年度水質検査計画 p11 図−7「水質検査地点概要図」の塗り分けからのラスタ読み取り。長沢・企業団西長沢 → 生田配水池。図は配水系統の概略で町丁目単位の断定ではない。純度 100%（判定に使った画素 1901）。位置合わせ IoU 0.929（6パラメータ）。凡例表が名指しした検査地点との代表一致率 86%
TRACE_KWS:14137706004,14137706004,FAC_KWS_IKUTA,1.0,medium,2026-04-01,,DOC_KWS_SUISHITSU_R8,令和8年度水質検査計画 p11 図−7「水質検査地点概要図」の塗り分けからのラスタ読み取り。長沢・企業団西長沢 → 生田配水池。図は配水系統の概略で町丁目単位の断定ではない。純度 100%（判定に使った画素 2973）。位置合わせ IoU 0.929（6パラメータ）。凡例表が名指しした検査地点との代表一致率 86%
TRACE_KWS:14137706005,14137706005,FAC_KWS_IKUTA,1.0,medium,2026-04-01,,DOC_KWS_SUISHITSU_R8,令和8年度水質検査計画 p11 図−7「水質検査地点概要図」の塗り分けからのラスタ読み取り。長沢・企業団西長沢 → 生田配水池。図は配水系統の概略で町丁目単位の断定ではない。純度 100%（判定に使った画素 2418）。位置合わせ IoU 0.929（6パラメータ）。凡例表が名指しした検査地点との代表一致率 86%
TRACE_KWS:14137706006,14137706006,FAC_KWS_IKUTA,1.0,medium,2026-04-01,,DOC_KWS_SUISHITSU_R8,令和8年度水質検査計画 p11 図−7「水質検査地点概要図」の塗り分けからのラスタ読み取り。長沢・企業団西長沢 → 生田配水池。図は配水系統の概略で町丁目単位の断定ではない。純度 100%（判定に使った画素 573）。位置合わせ IoU 0.929（6パラメータ）。凡例表が名指しした検査地点との代表一致率 86%
TRACE_KWS:14137706007,14137706007,FAC_KWS_IKUTA,1.0,medium,2026-04-01,,DOC_KWS_SUISHITSU_R8,令和8年度水質検査計画 p11 図−7「水質検査地点概要図」の塗り分けからのラスタ読み取り。長沢・企業団西長沢 → 生田配水池。図は配水系統の概略で町丁目単位の断定ではない。純度 100%（判定に使った画素 1623）。位置合わせ IoU 0.929（6パラメータ）。凡例表が名指しした検査地点との代表一致率 86%
TRACE_KWS:14137706008,14137706008,FAC_KWS_IKUTA,1.0,medium,2026-04-01,,DOC_KWS_SUISHITSU_R8,令和8年度水質検査計画 p11 図−7「水質検査地点概要図」の塗り分けからのラスタ読み取り。長沢・企業団西長沢 → 生田配水池。図は配水系統の概略で町丁目単位の断定ではない。純度 100%（判定に使った画素 1827）。位置合わせ IoU 0.929（6パラメータ）。凡例表が名指しした検査地点との代表一致率 86%
TRACE_KWS:14137707001,14137707001,FAC_KWS_IKUTA,1.0,medium,2026-04-01,,DOC_KWS_SUISHITSU_R8,令和8年度水質検査計画 p11 図−7「水質検査地点概要図」の塗り分けからのラスタ読み取り。長沢・企業団西長沢 → 生田配水池。図は配水系統の概略で町丁目単位の断定ではない。純度 100%（判定に使った画素 1445）。位置合わせ IoU 0.929（6パラメータ）。凡例表が名指しした検査地点との代表一致率 86%
TRACE_KWS:14137707002,14137707002,FAC_KWS_IKUTA,1.0,medium,2026-04-01,,DOC_KWS_SUISHITSU_R8,令和8年度水質検査計画 p11 図−7「水質検査地点概要図」の塗り分けからのラスタ読み取り。長沢・企業団西長沢 → 生田配水池。図は配水系統の概略で町丁目単位の断定ではない。純度 100%（判定に使った画素 1313）。位置合わせ IoU 0.929（6パラメータ）。凡例表が名指しした検査地点との代表一致率 86%
TRACE_KWS:14137707003,14137707003,FAC_KWS_IKUTA,1.0,medium,2026-04-01,,DOC_KWS_SUISHITSU_R8,令和8年度水質検査計画 p11 図−7「水質検査地点概要図」の塗り分けからのラスタ読み取り。長沢・企業団西長沢 → 生田配水池。図は配水系統の概略で町丁目単位の断定ではない。純度 100%（判定に使った画素 1601）。位置合わせ IoU 0.929（6パラメータ）。凡例表が名指しした検査地点との代表一致率 86%
TRACE_KWS:14137707004,14137707004,FAC_KWS_IKUTA,1.0,medium,2026-04-01,,DOC_KWS_SUISHITSU_R8,令和8年度水質検査計画 p11 図−7「水質検査地点概要図」の塗り分けからのラスタ読み取り。長沢・企業団西長沢 → 生田配水池。図は配水系統の概略で町丁目単位の断定ではない。純度 100%（判定に使った画素 621）。位置合わせ IoU 0.929（6パラメータ）。凡例表が名指しした検査地点との代表一致率 86%
TRACE_KWS:14137707005,14137707005,FAC_KWS_IKUTA,1.0,medium,2026-04-01,,DOC_KWS_SUISHITSU_R8,令和8年度水質検査計画 p11 図−7「水質検査地点概要図」の塗り分けからのラスタ読み取り。長沢・企業団西長沢 → 生田配水池。図は配水系統の概略で町丁目単位の断定ではない。純度 100%（判定に使った画素 1709）。位置合わせ IoU 0.929（6パラメータ）。凡例表が名指しした検査地点との代表一致率 86%
TRACE_KWS:14137707006,14137707006,FAC_KWS_IKUTA,1.0,medium,2026-04-01,,DOC_KWS_SUISHITSU_R8,令和8年度水質検査計画 p11 図−7「水質検査地点概要図」の塗り分けからのラスタ読み取り。長沢・企業団西長沢 → 生田配水池。図は配水系統の概略で町丁目単位の断定ではない。純度 100%（判定に使った画素 2208）。位置合わせ IoU 0.929（6パラメータ）。凡例表が名指しした検査地点との代表一致率 86%
TRACE_KWS:14137707007,14137707007,FAC_KWS_IKUTA,1.0,medium,2026-04-01,,DOC_KWS_SUISHITSU_R8,令和8年度水質検査計画 p11 図−7「水質検査地点概要図」の塗り分けからのラスタ読み取り。長沢・企業団西長沢 → 生田配水池。図は配水系統の概略で町丁目単位の断定ではない。純度 100%（判定に使った画素 2025）。位置合わせ IoU 0.929（6パラメータ）。凡例表が名指しした検査地点との代表一致率 86%
TRACE_KWS:14137707008,14137707008,FAC_KWS_IKUTA,1.0,medium,2026-04-01,,DOC_KWS_SUISHITSU_R8,令和8年度水質検査計画 p11 図−7「水質検査地点概要図」の塗り分けからのラスタ読み取り。長沢・企業団西長沢 → 生田配水池。図は配水系統の概略で町丁目単位の断定ではない。純度 100%（判定に使った画素 2161）。位置合わせ IoU 0.929（6パラメータ）。凡例表が名指しした検査地点との代表一致率 86%
TRACE_KWS:14137707009,14137707009,FAC_KWS_IKUTA,1.0,medium,2026-04-01,,DOC_KWS_SUISHITSU_R8,令和8年度水質検査計画 p11 図−7「水質検査地点概要図」の塗り分けからのラスタ読み取り。長沢・企業団西長沢 → 生田配水池。図は配水系統の概略で町丁目単位の断定ではない。純度 100%（判定に使った画素 1826）。位置合わせ IoU 0.929（6パラメータ）。凡例表が名指しした検査地点との代表一致率 86%
TRACE_KWS:14137708001,14137708001,FAC_KWS_IKUTA,1.0,medium,2026-04-01,,DOC_KWS_SUISHITSU_R8,令和8年度水質検査計画 p11 図−7「水質検査地点概要図」の塗り分けからのラスタ読み取り。長沢・企業団西長沢 → 生田配水池。図は配水系統の概略で町丁目単位の断定ではない。純度 100%（判定に使った画素 1531）。位置合わせ IoU 0.929（6パラメータ）。凡例表が名指しした検査地点との代表一致率 86%
TRACE_KWS:14137708002,14137708002,FAC_KWS_IKUTA,1.0,medium,2026-04-01,,DOC_KWS_SUISHITSU_R8,令和8年度水質検査計画 p11 図−7「水質検査地点概要図」の塗り分けからのラスタ読み取り。長沢・企業団西長沢 → 生田配水池。図は配水系統の概略で町丁目単位の断定ではない。純度 100%（判定に使った画素 1373）。位置合わせ IoU 0.929（6パラメータ）。凡例表が名指しした検査地点との代表一致率 86%
TRACE_KWS:14137709001,14137709001,FAC_KWS_IKUTA,1.0,low,2026-04-01,,DOC_KWS_SUISHITSU_R8,令和8年度水質検査計画 p11 図−7「水質検査地点概要図」の塗り分けからのラスタ読み取り。長沢・企業団西長沢 → 生田配水池。図は配水系統の概略で町丁目単位の断定ではない。純度 79%（判定に使った画素 1271）。位置合わせ IoU 0.929（6パラメータ）。凡例表が名指しした検査地点との代表一致率 86%
TRACE_KWS:14137709002,14137709002,FAC_KWS_IKUTA,1.0,medium,2026-04-01,,DOC_KWS_SUISHITSU_R8,令和8年度水質検査計画 p11 図−7「水質検査地点概要図」の塗り分けからのラスタ読み取り。長沢・企業団西長沢 → 生田配水池。図は配水系統の概略で町丁目単位の断定ではない。純度 100%（判定に使った画素 3951）。位置合わせ IoU 0.929（6パラメータ）。凡例表が名指しした検査地点との代表一致率 86%
TRACE_KWS:14137709003,14137709003,FAC_KWS_IKUTA,1.0,medium,2026-04-01,,DOC_KWS_SUISHITSU_R8,令和8年度水質検査計画 p11 図−7「水質検査地点概要図」の塗り分けからのラスタ読み取り。長沢・企業団西長沢 → 生田配水池。図は配水系統の概略で町丁目単位の断定ではない。純度 100%（判定に使った画素 2007）。位置合わせ IoU 0.929（6パラメータ）。凡例表が名指しした検査地点との代表一致率 86%
TRACE_KWS:14137709005,14137709005,FAC_KWS_TAKAISHI,1.0,medium,2026-04-01,,DOC_KWS_SUISHITSU_R8,令和8年度水質検査計画 p11 図−7「水質検査地点概要図」の塗り分けからのラスタ読み取り。長沢・企業団西長沢 → 高石配水塔。図は配水系統の概略で町丁目単位の断定ではない。純度 98%（判定に使った画素 784）。位置合わせ IoU 0.929（6パラメータ）。凡例表が名指しした検査地点との代表一致率 86%
TRACE_KWS:14137709006,14137709006,FAC_KWS_TAKAISHI,1.0,medium,2026-04-01,,DOC_KWS_SUISHITSU_R8,令和8年度水質検査計画 p11 図−7「水質検査地点概要図」の塗り分けからのラスタ読み取り。長沢・企業団西長沢 → 高石配水塔。図は配水系統の概略で町丁目単位の断定ではない。純度 100%（判定に使った画素 2633）。位置合わせ IoU 0.929（6パラメータ）。凡例表が名指しした検査地点との代表一致率 86%
TRACE_KWS:14137710002,14137710002,FAC_KWS_TAKAISHI,1.0,medium,2026-04-01,,DOC_KWS_SUISHITSU_R8,令和8年度水質検査計画 p11 図−7「水質検査地点概要図」の塗り分けからのラスタ読み取り。長沢・企業団西長沢 → 高石配水塔。図は配水系統の概略で町丁目単位の断定ではない。純度 100%（判定に使った画素 776）。位置合わせ IoU 0.929（6パラメータ）。凡例表が名指しした検査地点との代表一致率 86%
TRACE_KWS:14137710003,14137710003,FAC_KWS_TAKAISHI,1.0,medium,2026-04-01,,DOC_KWS_SUISHITSU_R8,令和8年度水質検査計画 p11 図−7「水質検査地点概要図」の塗り分けからのラスタ読み取り。長沢・企業団西長沢 → 高石配水塔。図は配水系統の概略で町丁目単位の断定ではない。純度 99%（判定に使った画素 1744）。位置合わせ IoU 0.929（6パラメータ）。凡例表が名指しした検査地点との代表一致率 86%
TRACE_KWS:14137711001,14137711001,FAC_KWS_TAKAISHI,1.0,medium,2026-04-01,,DOC_KWS_SUISHITSU_R8,令和8年度水質検査計画 p11 図−7「水質検査地点概要図」の塗り分けからのラスタ読み取り。長沢・企業団西長沢 → 高石配水塔。図は配水系統の概略で町丁目単位の断定ではない。純度 98%（判定に使った画素 2172）。位置合わせ IoU 0.929（6パラメータ）。凡例表が名指しした検査地点との代表一致率 86%
TRACE_KWS:14137711002,14137711002,FAC_KWS_TAKAISHI,1.0,low,2026-04-01,,DOC_KWS_SUISHITSU_R8,令和8年度水質検査計画 p11 図−7「水質検査地点概要図」の塗り分けからのラスタ読み取り。長沢・企業団西長沢 → 高石配水塔。図は配水系統の概略で町丁目単位の断定ではない。純度 84%（判定に使った画素 487）。位置合わせ IoU 0.929（6パラメータ）。凡例表が名指しした検査地点との代表一致率 86%
TRACE_KWS:14137711003,14137711003,FAC_KWS_TAKAISHI,1.0,low,2026-04-01,,DOC_KWS_SUISHITSU_R8,令和8年度水質検査計画 p11 図−7「水質検査地点概要図」の塗り分けからのラスタ読み取り。長沢・企業団西長沢 → 高石配水塔。図は配水系統の概略で町丁目単位の断定ではない。純度 75%（判定に使った画素 1652）。位置合わせ IoU 0.929（6パラメータ）。凡例表が名指しした検査地点との代表一致率 86%
TRACE_KWS:14137711004,14137711004,FAC_KWS_SUEYOSHI,1.0,low,2026-04-01,,DOC_KWS_SUISHITSU_R8,令和8年度水質検査計画 p11 図−7「水質検査地点概要図」の塗り分けからのラスタ読み取り。長沢・企業団西長沢 → 末吉配水池。図は配水系統の概略で町丁目単位の断定ではない。純度 65%（判定に使った画素 866）。位置合わせ IoU 0.929（6パラメータ）。凡例表が名指しした検査地点との代表一致率 86%
TRACE_KWS:14137712101,14137712101,FAC_KWS_TAKAISHI,1.0,low,2026-04-01,,DOC_KWS_SUISHITSU_R8,令和8年度水質検査計画 p11 図−7「水質検査地点概要図」の塗り分けからのラスタ読み取り。長沢・企業団西長沢 → 高石配水塔。図は配水系統の概略で町丁目単位の断定ではない。純度 83%（判定に使った画素 1402）。位置合わせ IoU 0.929（6パラメータ）。凡例表が名指しした検査地点との代表一致率 86%
TRACE_KWS:14137712103,14137712103,FAC_KGD_NISHINAGASAWA,1.0,medium,2026-04-01,,DOC_KWS_SUISHITSU_R8,令和8年度水質検査計画 p11 図−7「水質検査地点概要図」の塗り分けからのラスタ読み取り。企業団西長沢浄水場のみ。図は配水系統の概略で町丁目単位の断定ではない。純度 100%（判定に使った画素 1923）。位置合わせ IoU 0.929（6パラメータ）。凡例表が名指しした検査地点との代表一致率 86%
TRACE_KWS:14137712104,14137712104,FAC_KGD_NISHINAGASAWA,1.0,medium,2026-04-01,,DOC_KWS_SUISHITSU_R8,令和8年度水質検査計画 p11 図−7「水質検査地点概要図」の塗り分けからのラスタ読み取り。企業団西長沢浄水場のみ。図は配水系統の概略で町丁目単位の断定ではない。純度 100%（判定に使った画素 2339）。位置合わせ IoU 0.929（6パラメータ）。凡例表が名指しした検査地点との代表一致率 86%
TRACE_KWS:14137712105,14137712105,FAC_KGD_NISHINAGASAWA,1.0,medium,2026-04-01,,DOC_KWS_SUISHITSU_R8,令和8年度水質検査計画 p11 図−7「水質検査地点概要図」の塗り分けからのラスタ読み取り。企業団西長沢浄水場のみ。図は配水系統の概略で町丁目単位の断定ではない。純度 100%（判定に使った画素 1811）。位置合わせ IoU 0.929（6パラメータ）。凡例表が名指しした検査地点との代表一致率 86%
TRACE_KWS:14137712106,14137712106,FAC_KGD_NISHINAGASAWA,1.0,medium,2026-04-01,,DOC_KWS_SUISHITSU_R8,令和8年度水質検査計画 p11 図−7「水質検査地点概要図」の塗り分けからのラスタ読み取り。企業団西長沢浄水場のみ。図は配水系統の概略で町丁目単位の断定ではない。純度 100%（判定に使った画素 2597）。位置合わせ IoU 0.929（6パラメータ）。凡例表が名指しした検査地点との代表一致率 86%
TRACE_KWS:14137712107,14137712107,FAC_KGD_NISHINAGASAWA,1.0,medium,2026-04-01,,DOC_KWS_SUISHITSU_R8,令和8年度水質検査計画 p11 図−7「水質検査地点概要図」の塗り分けからのラスタ読み取り。企業団西長沢浄水場のみ。図は配水系統の概略で町丁目単位の断定ではない。純度 100%（判定に使った画素 3320）。位置合わせ IoU 0.929（6パラメータ）。凡例表が名指しした検査地点との代表一致率 86%
TRACE_KWS:14137712108,14137712108,FAC_KGD_NISHINAGASAWA,1.0,medium,2026-04-01,,DOC_KWS_SUISHITSU_R8,令和8年度水質検査計画 p11 図−7「水質検査地点概要図」の塗り分けからのラスタ読み取り。企業団西長沢浄水場のみ。図は配水系統の概略で町丁目単位の断定ではない。純度 100%（判定に使った画素 2599）。位置合わせ IoU 0.929（6パラメータ）。凡例表が名指しした検査地点との代表一致率 86%
TRACE_KWS:14137712201,14137712201,FAC_KWS_TAKAISHI,1.0,low,2026-04-01,,DOC_KWS_SUISHITSU_R8,令和8年度水質検査計画 p11 図−7「水質検査地点概要図」の塗り分けからのラスタ読み取り。長沢・企業団西長沢 → 高石配水塔。図は配水系統の概略で町丁目単位の断定ではない。純度 94%（判定に使った画素 2456）。位置合わせ IoU 0.929（6パラメータ）。凡例表が名指しした検査地点との代表一致率 86%
TRACE_KWS:14137712202,14137712202,FAC_KGD_NISHINAGASAWA,1.0,low,2026-04-01,,DOC_KWS_SUISHITSU_R8,令和8年度水質検査計画 p11 図−7「水質検査地点概要図」の塗り分けからのラスタ読み取り。企業団西長沢浄水場のみ。図は配水系統の概略で町丁目単位の断定ではない。純度 84%（判定に使った画素 3174）。位置合わせ IoU 0.929（6パラメータ）。凡例表が名指しした検査地点との代表一致率 86%
TRACE_KWS:14137712203,14137712203,FAC_KGD_NISHINAGASAWA,1.0,low,2026-04-01,,DOC_KWS_SUISHITSU_R8,令和8年度水質検査計画 p11 図−7「水質検査地点概要図」の塗り分けからのラスタ読み取り。企業団西長沢浄水場のみ。図は配水系統の概略で町丁目単位の断定ではない。純度 93%（判定に使った画素 3424）。位置合わせ IoU 0.929（6パラメータ）。凡例表が名指しした検査地点との代表一致率 86%
TRACE_KWS:14137712204,14137712204,FAC_KGD_NISHINAGASAWA,1.0,medium,2026-04-01,,DOC_KWS_SUISHITSU_R8,令和8年度水質検査計画 p11 図−7「水質検査地点概要図」の塗り分けからのラスタ読み取り。企業団西長沢浄水場のみ。図は配水系統の概略で町丁目単位の断定ではない。純度 100%（判定に使った画素 4271）。位置合わせ IoU 0.929（6パラメータ）。凡例表が名指しした検査地点との代表一致率 86%
TRACE_KWS:14137712205,14137712205,FAC_KGD_NISHINAGASAWA,1.0,medium,2026-04-01,,DOC_KWS_SUISHITSU_R8,令和8年度水質検査計画 p11 図−7「水質検査地点概要図」の塗り分けからのラスタ読み取り。企業団西長沢浄水場のみ。図は配水系統の概略で町丁目単位の断定ではない。純度 100%（判定に使った画素 6349）。位置合わせ IoU 0.929（6パラメータ）。凡例表が名指しした検査地点との代表一致率 86%
TRACE_KWS:14137712206,14137712206,FAC_KGD_NISHINAGASAWA,1.0,medium,2026-04-01,,DOC_KWS_SUISHITSU_R8,令和8年度水質検査計画 p11 図−7「水質検査地点概要図」の塗り分けからのラスタ読み取り。企業団西長沢浄水場のみ。図は配水系統の概略で町丁目単位の断定ではない。純度 100%（判定に使った画素 1946）。位置合わせ IoU 0.929（6パラメータ）。凡例表が名指しした検査地点との代表一致率 86%
TRACE_KWS:14137712302,14137712302,FAC_KGD_NISHINAGASAWA,1.0,low,2026-04-01,,DOC_KWS_SUISHITSU_R8,令和8年度水質検査計画 p11 図−7「水質検査地点概要図」の塗り分けからのラスタ読み取り。企業団西長沢浄水場のみ。図は配水系統の概略で町丁目単位の断定ではない。純度 84%（判定に使った画素 7682）。位置合わせ IoU 0.929（6パラメータ）。凡例表が名指しした検査地点との代表一致率 86%
TRACE_KWS:14137712303,14137712303,FAC_KWS_TAKAISHI,1.0,low,2026-04-01,,DOC_KWS_SUISHITSU_R8,令和8年度水質検査計画 p11 図−7「水質検査地点概要図」の塗り分けからのラスタ読み取り。長沢・企業団西長沢 → 高石配水塔。図は配水系統の概略で町丁目単位の断定ではない。純度 69%（判定に使った画素 498）。位置合わせ IoU 0.929（6パラメータ）。凡例表が名指しした検査地点との代表一致率 86%
TRACE_KWS:14137713001,14137713001,FAC_KGD_NISHINAGASAWA,1.0,medium,2026-04-01,,DOC_KWS_SUISHITSU_R8,令和8年度水質検査計画 p11 図−7「水質検査地点概要図」の塗り分けからのラスタ読み取り。企業団西長沢浄水場のみ。図は配水系統の概略で町丁目単位の断定ではない。純度 100%（判定に使った画素 1317）。位置合わせ IoU 0.929（6パラメータ）。凡例表が名指しした検査地点との代表一致率 86%
TRACE_KWS:14137713002,14137713002,FAC_KGD_NISHINAGASAWA,1.0,medium,2026-04-01,,DOC_KWS_SUISHITSU_R8,令和8年度水質検査計画 p11 図−7「水質検査地点概要図」の塗り分けからのラスタ読み取り。企業団西長沢浄水場のみ。図は配水系統の概略で町丁目単位の断定ではない。純度 100%（判定に使った画素 966）。位置合わせ IoU 0.929（6パラメータ）。凡例表が名指しした検査地点との代表一致率 86%
TRACE_KWS:14137713003,14137713003,FAC_KGD_NISHINAGASAWA,1.0,medium,2026-04-01,,DOC_KWS_SUISHITSU_R8,令和8年度水質検査計画 p11 図−7「水質検査地点概要図」の塗り分けからのラスタ読み取り。企業団西長沢浄水場のみ。図は配水系統の概略で町丁目単位の断定ではない。純度 100%（判定に使った画素 575）。位置合わせ IoU 0.929（6パラメータ）。凡例表が名指しした検査地点との代表一致率 86%
TRACE_KWS:14137713004,14137713004,FAC_KGD_NISHINAGASAWA,1.0,medium,2026-04-01,,DOC_KWS_SUISHITSU_R8,令和8年度水質検査計画 p11 図−7「水質検査地点概要図」の塗り分けからのラスタ読み取り。企業団西長沢浄水場のみ。図は配水系統の概略で町丁目単位の断定ではない。純度 100%（判定に使った画素 2539）。位置合わせ IoU 0.929（6パラメータ）。凡例表が名指しした検査地点との代表一致率 86%
TRACE_KWS:14137713005,14137713005,FAC_KGD_NISHINAGASAWA,1.0,medium,2026-04-01,,DOC_KWS_SUISHITSU_R8,令和8年度水質検査計画 p11 図−7「水質検査地点概要図」の塗り分けからのラスタ読み取り。企業団西長沢浄水場のみ。図は配水系統の概略で町丁目単位の断定ではない。純度 100%（判定に使った画素 2361）。位置合わせ IoU 0.929（6パラメータ）。凡例表が名指しした検査地点との代表一致率 86%
TRACE_KWS:14137714001,14137714001,FAC_KGD_NISHINAGASAWA,1.0,medium,2026-04-01,,DOC_KWS_SUISHITSU_R8,令和8年度水質検査計画 p11 図−7「水質検査地点概要図」の塗り分けからのラスタ読み取り。企業団西長沢浄水場のみ。図は配水系統の概略で町丁目単位の断定ではない。純度 99%（判定に使った画素 2564）。位置合わせ IoU 0.929（6パラメータ）。凡例表が名指しした検査地点との代表一致率 86%
TRACE_KWS:14137714002,14137714002,FAC_KGD_NISHINAGASAWA,1.0,medium,2026-04-01,,DOC_KWS_SUISHITSU_R8,令和8年度水質検査計画 p11 図−7「水質検査地点概要図」の塗り分けからのラスタ読み取り。企業団西長沢浄水場のみ。図は配水系統の概略で町丁目単位の断定ではない。純度 96%（判定に使った画素 1134）。位置合わせ IoU 0.929（6パラメータ）。凡例表が名指しした検査地点との代表一致率 86%
TRACE_KWS:141377150,141377150,FAC_KGD_NISHINAGASAWA,1.0,medium,2026-04-01,,DOC_KWS_SUISHITSU_R8,令和8年度水質検査計画 p11 図−7「水質検査地点概要図」の塗り分けからのラスタ読み取り。企業団西長沢浄水場のみ。図は配水系統の概略で町丁目単位の断定ではない。純度 99%（判定に使った画素 12120）。位置合わせ IoU 0.929（6パラメータ）。凡例表が名指しした検査地点との代表一致率 86%
TRACE_KWS:14137716001,14137716001,FAC_KGD_NISHINAGASAWA,1.0,medium,2026-04-01,,DOC_KWS_SUISHITSU_R8,令和8年度水質検査計画 p11 図−7「水質検査地点概要図」の塗り分けからのラスタ読み取り。企業団西長沢浄水場のみ。図は配水系統の概略で町丁目単位の断定ではない。純度 100%（判定に使った画素 3025）。位置合わせ IoU 0.929（6パラメータ）。凡例表が名指しした検査地点との代表一致率 86%
TRACE_KWS:14137716002,14137716002,FAC_KGD_NISHINAGASAWA,1.0,medium,2026-04-01,,DOC_KWS_SUISHITSU_R8,令和8年度水質検査計画 p11 図−7「水質検査地点概要図」の塗り分けからのラスタ読み取り。企業団西長沢浄水場のみ。図は配水系統の概略で町丁目単位の断定ではない。純度 100%（判定に使った画素 4640）。位置合わせ IoU 0.929（6パラメータ）。凡例表が名指しした検査地点との代表一致率 86%
TRACE_KWS:14137716003,14137716003,FAC_KGD_NISHINAGASAWA,1.0,medium,2026-04-01,,DOC_KWS_SUISHITSU_R8,令和8年度水質検査計画 p11 図−7「水質検査地点概要図」の塗り分けからのラスタ読み取り。企業団西長沢浄水場のみ。図は配水系統の概略で町丁目単位の断定ではない。純度 100%（判定に使った画素 3699）。位置合わせ IoU 0.929（6パラメータ）。凡例表が名指しした検査地点との代表一致率 86%
TRACE_KWS:141377161,141377161,FAC_KGD_NISHINAGASAWA,1.0,medium,2026-04-01,,DOC_KWS_SUISHITSU_R8,令和8年度水質検査計画 p11 図−7「水質検査地点概要図」の塗り分けからのラスタ読み取り。企業団西長沢浄水場のみ。図は配水系統の概略で町丁目単位の断定ではない。純度 100%（判定に使った画素 178）。位置合わせ IoU 0.929（6パラメータ）。凡例表が名指しした検査地点との代表一致率 86%
TRACE_KWS:14137718102,14137718102,FAC_KGD_NISHINAGASAWA,1.0,low,2026-04-01,,DOC_KWS_SUISHITSU_R8,令和8年度水質検査計画 p11 図−7「水質検査地点概要図」の塗り分けからのラスタ読み取り。企業団西長沢浄水場のみ。図は配水系統の概略で町丁目単位の断定ではない。純度 61%（判定に使った画素 3817）。位置合わせ IoU 0.929（6パラメータ）。凡例表が名指しした検査地点との代表一致率 86%
TRACE_KWS:14137718103,14137718103,FAC_KGD_NISHINAGASAWA,1.0,medium,2026-04-01,,DOC_KWS_SUISHITSU_R8,令和8年度水質検査計画 p11 図−7「水質検査地点概要図」の塗り分けからのラスタ読み取り。企業団西長沢浄水場のみ。図は配水系統の概略で町丁目単位の断定ではない。純度 97%（判定に使った画素 2531）。位置合わせ IoU 0.929（6パラメータ）。凡例表が名指しした検査地点との代表一致率 86%
TRACE_KWS:14137718104,14137718104,FAC_KGD_NISHINAGASAWA,1.0,medium,2026-04-01,,DOC_KWS_SUISHITSU_R8,令和8年度水質検査計画 p11 図−7「水質検査地点概要図」の塗り分けからのラスタ読み取り。企業団西長沢浄水場のみ。図は配水系統の概略で町丁目単位の断定ではない。純度 100%（判定に使った画素 6489）。位置合わせ IoU 0.929（6パラメータ）。凡例表が名指しした検査地点との代表一致率 86%
TRACE_KWS:14137718105,14137718105,FAC_KGD_NISHINAGASAWA,1.0,medium,2026-04-01,,DOC_KWS_SUISHITSU_R8,令和8年度水質検査計画 p11 図−7「水質検査地点概要図」の塗り分けからのラスタ読み取り。企業団西長沢浄水場のみ。図は配水系統の概略で町丁目単位の断定ではない。純度 100%（判定に使った画素 6479）。位置合わせ IoU 0.929（6パラメータ）。凡例表が名指しした検査地点との代表一致率 86%
TRACE_KWS:14137718106,14137718106,FAC_KGD_NISHINAGASAWA,1.0,medium,2026-04-01,,DOC_KWS_SUISHITSU_R8,令和8年度水質検査計画 p11 図−7「水質検査地点概要図」の塗り分けからのラスタ読み取り。企業団西長沢浄水場のみ。図は配水系統の概略で町丁目単位の断定ではない。純度 100%（判定に使った画素 6245）。位置合わせ IoU 0.929（6パラメータ）。凡例表が名指しした検査地点との代表一致率 86%
TRACE_KWS:14137718107,14137718107,FAC_KGD_NISHINAGASAWA,1.0,medium,2026-04-01,,DOC_KWS_SUISHITSU_R8,令和8年度水質検査計画 p11 図−7「水質検査地点概要図」の塗り分けからのラスタ読み取り。企業団西長沢浄水場のみ。図は配水系統の概略で町丁目単位の断定ではない。純度 100%（判定に使った画素 4980）。位置合わせ IoU 0.929（6パラメータ）。凡例表が名指しした検査地点との代表一致率 86%
TRACE_KWS:141377182,141377182,FAC_KGD_NISHINAGASAWA,1.0,medium,2026-04-01,,DOC_KWS_SUISHITSU_R8,令和8年度水質検査計画 p11 図−7「水質検査地点概要図」の塗り分けからのラスタ読み取り。企業団西長沢浄水場のみ。図は配水系統の概略で町丁目単位の断定ではない。純度 100%（判定に使った画素 223）。位置合わせ IoU 0.929（6パラメータ）。凡例表が名指しした検査地点との代表一致率 86%
TRACE_KWS:141377190,141377190,FAC_KGD_NISHINAGASAWA,1.0,medium,2026-04-01,,DOC_KWS_SUISHITSU_R8,令和8年度水質検査計画 p11 図−7「水質検査地点概要図」の塗り分けからのラスタ読み取り。企業団西長沢浄水場のみ。図は配水系統の概略で町丁目単位の断定ではない。純度 100%（判定に使った画素 5973）。位置合わせ IoU 0.929（6パラメータ）。凡例表が名指しした検査地点との代表一致率 86%
TRACE_KWS:14137721001,14137721001,FAC_KGD_NISHINAGASAWA,1.0,medium,2026-04-01,,DOC_KWS_SUISHITSU_R8,令和8年度水質検査計画 p11 図−7「水質検査地点概要図」の塗り分けからのラスタ読み取り。企業団西長沢浄水場のみ。図は配水系統の概略で町丁目単位の断定ではない。純度 100%（判定に使った画素 1607）。位置合わせ IoU 0.929（6パラメータ）。凡例表が名指しした検査地点との代表一致率 86%
TRACE_KWS:14137721002,14137721002,FAC_KGD_NISHINAGASAWA,1.0,medium,2026-04-01,,DOC_KWS_SUISHITSU_R8,令和8年度水質検査計画 p11 図−7「水質検査地点概要図」の塗り分けからのラスタ読み取り。企業団西長沢浄水場のみ。図は配水系統の概略で町丁目単位の断定ではない。純度 100%（判定に使った画素 1748）。位置合わせ IoU 0.929（6パラメータ）。凡例表が名指しした検査地点との代表一致率 86%
TRACE_KWS:14137721003,14137721003,FAC_KGD_NISHINAGASAWA,1.0,medium,2026-04-01,,DOC_KWS_SUISHITSU_R8,令和8年度水質検査計画 p11 図−7「水質検査地点概要図」の塗り分けからのラスタ読み取り。企業団西長沢浄水場のみ。図は配水系統の概略で町丁目単位の断定ではない。純度 100%（判定に使った画素 2290）。位置合わせ IoU 0.929（6パラメータ）。凡例表が名指しした検査地点との代表一致率 86%
TRACE_KWS:141377211,141377211,FAC_KGD_NISHINAGASAWA,1.0,medium,2026-04-01,,DOC_KWS_SUISHITSU_R8,令和8年度水質検査計画 p11 図−7「水質検査地点概要図」の塗り分けからのラスタ読み取り。企業団西長沢浄水場のみ。図は配水系統の概略で町丁目単位の断定ではない。純度 100%（判定に使った画素 2598）。位置合わせ IoU 0.929（6パラメータ）。凡例表が名指しした検査地点との代表一致率 86%
TRACE_KWS:14137722000,14137722000,FAC_KGD_NISHINAGASAWA,1.0,medium,2026-04-01,,DOC_KWS_SUISHITSU_R8,令和8年度水質検査計画 p11 図−7「水質検査地点概要図」の塗り分けからのラスタ読み取り。企業団西長沢浄水場のみ。図は配水系統の概略で町丁目単位の断定ではない。純度 100%（判定に使った画素 10235）。位置合わせ IoU 0.929（6パラメータ）。凡例表が名指しした検査地点との代表一致率 86%
TRACE_KWS:14137722001,14137722001,FAC_KGD_NISHINAGASAWA,1.0,medium,2026-04-01,,DOC_KWS_SUISHITSU_R8,令和8年度水質検査計画 p11 図−7「水質検査地点概要図」の塗り分けからのラスタ読み取り。企業団西長沢浄水場のみ。図は配水系統の概略で町丁目単位の断定ではない。純度 100%（判定に使った画素 3537）。位置合わせ IoU 0.929（6パラメータ）。凡例表が名指しした検査地点との代表一致率 86%
TRACE_KWS:14137722002,14137722002,FAC_KGD_NISHINAGASAWA,1.0,medium,2026-04-01,,DOC_KWS_SUISHITSU_R8,令和8年度水質検査計画 p11 図−7「水質検査地点概要図」の塗り分けからのラスタ読み取り。企業団西長沢浄水場のみ。図は配水系統の概略で町丁目単位の断定ではない。純度 100%（判定に使った画素 4560）。位置合わせ IoU 0.929（6パラメータ）。凡例表が名指しした検査地点との代表一致率 86%
TRACE_KWS:14137722003,14137722003,FAC_KGD_NISHINAGASAWA,1.0,medium,2026-04-01,,DOC_KWS_SUISHITSU_R8,令和8年度水質検査計画 p11 図−7「水質検査地点概要図」の塗り分けからのラスタ読み取り。企業団西長沢浄水場のみ。図は配水系統の概略で町丁目単位の断定ではない。純度 100%（判定に使った画素 2453）。位置合わせ IoU 0.929（6パラメータ）。凡例表が名指しした検査地点との代表一致率 86%
TRACE_KWS:14137722004,14137722004,FAC_KGD_NISHINAGASAWA,1.0,medium,2026-04-01,,DOC_KWS_SUISHITSU_R8,令和8年度水質検査計画 p11 図−7「水質検査地点概要図」の塗り分けからのラスタ読み取り。企業団西長沢浄水場のみ。図は配水系統の概略で町丁目単位の断定ではない。純度 100%（判定に使った画素 3212）。位置合わせ IoU 0.929（6パラメータ）。凡例表が名指しした検査地点との代表一致率 86%
TRACE_KWS:14137722005,14137722005,FAC_KGD_NISHINAGASAWA,1.0,medium,2026-04-01,,DOC_KWS_SUISHITSU_R8,令和8年度水質検査計画 p11 図−7「水質検査地点概要図」の塗り分けからのラスタ読み取り。企業団西長沢浄水場のみ。図は配水系統の概略で町丁目単位の断定ではない。純度 100%（判定に使った画素 4130）。位置合わせ IoU 0.929（6パラメータ）。凡例表が名指しした検査地点との代表一致率 86%
TRACE_KWS:14137722006,14137722006,FAC_KGD_NISHINAGASAWA,1.0,medium,2026-04-01,,DOC_KWS_SUISHITSU_R8,令和8年度水質検査計画 p11 図−7「水質検査地点概要図」の塗り分けからのラスタ読み取り。企業団西長沢浄水場のみ。図は配水系統の概略で町丁目単位の断定ではない。純度 100%（判定に使った画素 908）。位置合わせ IoU 0.929（6パラメータ）。凡例表が名指しした検査地点との代表一致率 86%
TRACE_KWS:14137722007,14137722007,FAC_KGD_NISHINAGASAWA,1.0,medium,2026-04-01,,DOC_KWS_SUISHITSU_R8,令和8年度水質検査計画 p11 図−7「水質検査地点概要図」の塗り分けからのラスタ読み取り。企業団西長沢浄水場のみ。図は配水系統の概略で町丁目単位の断定ではない。純度 100%（判定に使った画素 788）。位置合わせ IoU 0.929（6パラメータ）。凡例表が名指しした検査地点との代表一致率 86%
TRACE_KWS:14137722008,14137722008,FAC_KGD_NISHINAGASAWA,1.0,medium,2026-04-01,,DOC_KWS_SUISHITSU_R8,令和8年度水質検査計画 p11 図−7「水質検査地点概要図」の塗り分けからのラスタ読み取り。企業団西長沢浄水場のみ。図は配水系統の概略で町丁目単位の断定ではない。純度 100%（判定に使った画素 881）。位置合わせ IoU 0.929（6パラメータ）。凡例表が名指しした検査地点との代表一致率 86%
TRACE_KWS:14137724000,14137724000,FAC_KGD_NISHINAGASAWA,1.0,medium,2026-04-01,,DOC_KWS_SUISHITSU_R8,令和8年度水質検査計画 p11 図−7「水質検査地点概要図」の塗り分けからのラスタ読み取り。企業団西長沢浄水場のみ。図は配水系統の概略で町丁目単位の断定ではない。純度 100%（判定に使った画素 3088）。位置合わせ IoU 0.929（6パラメータ）。凡例表が名指しした検査地点との代表一致率 86%
TRACE_KWS:14137724001,14137724001,FAC_KGD_NISHINAGASAWA,1.0,medium,2026-04-01,,DOC_KWS_SUISHITSU_R8,令和8年度水質検査計画 p11 図−7「水質検査地点概要図」の塗り分けからのラスタ読み取り。企業団西長沢浄水場のみ。図は配水系統の概略で町丁目単位の断定ではない。純度 100%（判定に使った画素 2512）。位置合わせ IoU 0.929（6パラメータ）。凡例表が名指しした検査地点との代表一致率 86%
TRACE_KWS:14137724002,14137724002,FAC_KGD_NISHINAGASAWA,1.0,medium,2026-04-01,,DOC_KWS_SUISHITSU_R8,令和8年度水質検査計画 p11 図−7「水質検査地点概要図」の塗り分けからのラスタ読み取り。企業団西長沢浄水場のみ。図は配水系統の概略で町丁目単位の断定ではない。純度 97%（判定に使った画素 2783）。位置合わせ IoU 0.929（6パラメータ）。凡例表が名指しした検査地点との代表一致率 86%
TRACE_KWS:14137724003,14137724003,FAC_KGD_NISHINAGASAWA,1.0,medium,2026-04-01,,DOC_KWS_SUISHITSU_R8,令和8年度水質検査計画 p11 図−7「水質検査地点概要図」の塗り分けからのラスタ読み取り。企業団西長沢浄水場のみ。図は配水系統の概略で町丁目単位の断定ではない。純度 100%（判定に使った画素 2622）。位置合わせ IoU 0.929（6パラメータ）。凡例表が名指しした検査地点との代表一致率 86%
TRACE_KWS:14137725001,14137725001,FAC_KGD_NISHINAGASAWA,1.0,medium,2026-04-01,,DOC_KWS_SUISHITSU_R8,令和8年度水質検査計画 p11 図−7「水質検査地点概要図」の塗り分けからのラスタ読み取り。企業団西長沢浄水場のみ。図は配水系統の概略で町丁目単位の断定ではない。純度 100%（判定に使った画素 3085）。位置合わせ IoU 0.929（6パラメータ）。凡例表が名指しした検査地点との代表一致率 86%
TRACE_KWS:14137725002,14137725002,FAC_KGD_NISHINAGASAWA,1.0,medium,2026-04-01,,DOC_KWS_SUISHITSU_R8,令和8年度水質検査計画 p11 図−7「水質検査地点概要図」の塗り分けからのラスタ読み取り。企業団西長沢浄水場のみ。図は配水系統の概略で町丁目単位の断定ではない。純度 98%（判定に使った画素 1220）。位置合わせ IoU 0.929（6パラメータ）。凡例表が名指しした検査地点との代表一致率 86%
TRACE_KWS:14137726001,14137726001,FAC_KGD_NISHINAGASAWA,1.0,low,2026-04-01,,DOC_KWS_SUISHITSU_R8,令和8年度水質検査計画 p11 図−7「水質検査地点概要図」の塗り分けからのラスタ読み取り。企業団西長沢浄水場のみ。図は配水系統の概略で町丁目単位の断定ではない。純度 95%（判定に使った画素 772）。位置合わせ IoU 0.929（6パラメータ）。凡例表が名指しした検査地点との代表一致率 86%
TRACE_KWS:14137727001,14137727001,FAC_KGD_NISHINAGASAWA,1.0,medium,2026-04-01,,DOC_KWS_SUISHITSU_R8,令和8年度水質検査計画 p11 図−7「水質検査地点概要図」の塗り分けからのラスタ読み取り。企業団西長沢浄水場のみ。図は配水系統の概略で町丁目単位の断定ではない。純度 100%（判定に使った画素 2778）。位置合わせ IoU 0.929（6パラメータ）。凡例表が名指しした検査地点との代表一致率 86%
TRACE_KWS:14137727002,14137727002,FAC_KGD_NISHINAGASAWA,1.0,low,2026-04-01,,DOC_KWS_SUISHITSU_R8,令和8年度水質検査計画 p11 図−7「水質検査地点概要図」の塗り分けからのラスタ読み取り。企業団西長沢浄水場のみ。図は配水系統の概略で町丁目単位の断定ではない。純度 83%（判定に使った画素 655）。位置合わせ IoU 0.929（6パラメータ）。凡例表が名指しした検査地点との代表一致率 86%
TRACE_KWS:14137727003,14137727003,FAC_KGD_NISHINAGASAWA,1.0,low,2026-04-01,,DOC_KWS_SUISHITSU_R8,令和8年度水質検査計画 p11 図−7「水質検査地点概要図」の塗り分けからのラスタ読み取り。企業団西長沢浄水場のみ。図は配水系統の概略で町丁目単位の断定ではない。純度 61%（判定に使った画素 423）。位置合わせ IoU 0.929（6パラメータ）。凡例表が名指しした検査地点との代表一致率 86%
TRACE_KWS:14137727004,14137727004,FAC_KGD_NISHINAGASAWA,1.0,medium,2026-04-01,,DOC_KWS_SUISHITSU_R8,令和8年度水質検査計画 p11 図−7「水質検査地点概要図」の塗り分けからのラスタ読み取り。企業団西長沢浄水場のみ。図は配水系統の概略で町丁目単位の断定ではない。純度 100%（判定に使った画素 1593）。位置合わせ IoU 0.929（6パラメータ）。凡例表が名指しした検査地点との代表一致率 86%
TRACE_KWS:14137727005,14137727005,FAC_KGD_NISHINAGASAWA,1.0,medium,2026-04-01,,DOC_KWS_SUISHITSU_R8,令和8年度水質検査計画 p11 図−7「水質検査地点概要図」の塗り分けからのラスタ読み取り。企業団西長沢浄水場のみ。図は配水系統の概略で町丁目単位の断定ではない。純度 98%（判定に使った画素 1487）。位置合わせ IoU 0.929（6パラメータ）。凡例表が名指しした検査地点との代表一致率 86%
TRACE_KWS:141377280,141377280,FAC_KGD_NISHINAGASAWA,1.0,medium,2026-04-01,,DOC_KWS_SUISHITSU_R8,令和8年度水質検査計画 p11 図−7「水質検査地点概要図」の塗り分けからのラスタ読み取り。企業団西長沢浄水場のみ。図は配水系統の概略で町丁目単位の断定ではない。純度 98%（判定に使った画素 26817）。位置合わせ IoU 0.929（6パラメータ）。凡例表が名指しした検査地点との代表一致率 86%
TRACE_KWS:141377290,141377290,FAC_KWS_IKUTA,1.0,medium,2026-04-01,,DOC_KWS_SUISHITSU_R8,令和8年度水質検査計画 p11 図−7「水質検査地点概要図」の塗り分けからのラスタ読み取り。長沢・企業団西長沢 → 生田配水池。図は配水系統の概略で町丁目単位の断定ではない。純度 100%（判定に使った画素 191）。位置合わせ IoU 0.929（6パラメータ）。凡例表が名指しした検査地点との代表一致率 86%
TRACE_KWS:141377300,141377300,FAC_KGD_NISHINAGASAWA,1.0,medium,2026-04-01,,DOC_KWS_SUISHITSU_R8,令和8年度水質検査計画 p11 図−7「水質検査地点概要図」の塗り分けからのラスタ読み取り。企業団西長沢浄水場のみ。図は配水系統の概略で町丁目単位の断定ではない。純度 98%（判定に使った画素 12258）。位置合わせ IoU 0.929（6パラメータ）。凡例表が名指しした検査地点との代表一致率 86%
TRACE_KWS:14137731001,14137731001,FAC_KGD_NISHINAGASAWA,1.0,medium,2026-04-01,,DOC_KWS_SUISHITSU_R8,令和8年度水質検査計画 p11 図−7「水質検査地点概要図」の塗り分けからのラスタ読み取り。企業団西長沢浄水場のみ。図は配水系統の概略で町丁目単位の断定ではない。純度 96%（判定に使った画素 1563）。位置合わせ IoU 0.929（6パラメータ）。凡例表が名指しした検査地点との代表一致率 86%
TRACE_KWS:14137731002,14137731002,FAC_KGD_NISHINAGASAWA,1.0,medium,2026-04-01,,DOC_KWS_SUISHITSU_R8,令和8年度水質検査計画 p11 図−7「水質検査地点概要図」の塗り分けからのラスタ読み取り。企業団西長沢浄水場のみ。図は配水系統の概略で町丁目単位の断定ではない。純度 100%（判定に使った画素 2432）。位置合わせ IoU 0.929（6パラメータ）。凡例表が名指しした検査地点との代表一致率 86%
TRACE_KWS:14137731003,14137731003,FAC_KGD_NISHINAGASAWA,1.0,medium,2026-04-01,,DOC_KWS_SUISHITSU_R8,令和8年度水質検査計画 p11 図−7「水質検査地点概要図」の塗り分けからのラスタ読み取り。企業団西長沢浄水場のみ。図は配水系統の概略で町丁目単位の断定ではない。純度 100%（判定に使った画素 2750）。位置合わせ IoU 0.929（6パラメータ）。凡例表が名指しした検査地点との代表一致率 86%
TRACE_KWS:14137731004,14137731004,FAC_KGD_NISHINAGASAWA,1.0,medium,2026-04-01,,DOC_KWS_SUISHITSU_R8,令和8年度水質検査計画 p11 図−7「水質検査地点概要図」の塗り分けからのラスタ読み取り。企業団西長沢浄水場のみ。図は配水系統の概略で町丁目単位の断定ではない。純度 100%（判定に使った画素 3361）。位置合わせ IoU 0.929（6パラメータ）。凡例表が名指しした検査地点との代表一致率 86%
TRACE_KWS:14137731005,14137731005,FAC_KGD_NISHINAGASAWA,1.0,medium,2026-04-01,,DOC_KWS_SUISHITSU_R8,令和8年度水質検査計画 p11 図−7「水質検査地点概要図」の塗り分けからのラスタ読み取り。企業団西長沢浄水場のみ。図は配水系統の概略で町丁目単位の断定ではない。純度 100%（判定に使った画素 3348）。位置合わせ IoU 0.929（6パラメータ）。凡例表が名指しした検査地点との代表一致率 86%
KEN_ODW2:142061270,142061270,FAC_KEN_ODAWARA,1.0,low,2026-04-01,,DOC_KEN_KUIKI_ODAWARA,"県営水道の給水区域「前川（1番地から245番地まで及び1,580番地から1,595番地までを除く。）」（DOC_KEN_KUIKI_ODAWARA）。除かれるのは番地単位の一部だけで大半が県営なので県営側に置いた。町丁目の一部が小田原市営であることは分からないままなので confidence は low"
KEN_ODW2:14206096005,14206096005,FAC_KEN_ODAWARA,1.0,low,2026-04-01,,DOC_KEN_KUIKI_ODAWARA,県営水道の給水区域「国府津五丁目（1番から6番までを除く）」（DOC_KEN_KUIKI_ODAWARA）。同上。国府津四丁目は「1番1号の一部に限る」で大半が市営なので市営側に残してある
MTD:14363001000,14363001000,FAC_MTD_JOSUI,1.0,medium,2026-04-01,,DOC_MTD_VISION,松田町上水道事業は町の南部（松田惣領・松田庶子・神山）に給水する（DOC_MTD_VISION p10・p14-17）。水源が地下水 1 種類なので系統がどれでも答えは変わらない
MTD:14363001001,14363001001,FAC_MTD_JOSUI,1.0,medium,2026-04-01,,DOC_MTD_VISION,松田町上水道事業は町の南部（松田惣領・松田庶子・神山）に給水する（DOC_MTD_VISION p10・p14-17）。水源が地下水 1 種類なので系統がどれでも答えは変わらない
MTD:14363002001,14363002001,FAC_MTD_JOSUI,1.0,medium,2026-04-01,,DOC_MTD_VISION,松田町上水道事業は町の南部（松田惣領・松田庶子・神山）に給水する（DOC_MTD_VISION p10・p14-17）。水源が地下水 1 種類なので系統がどれでも答えは変わらない
MTD:14363002002,14363002002,FAC_MTD_JOSUI,1.0,medium,2026-04-01,,DOC_MTD_VISION,松田町上水道事業は町の南部（松田惣領・松田庶子・神山）に給水する（DOC_MTD_VISION p10・p14-17）。水源が地下水 1 種類なので系統がどれでも答えは変わらない
MTD:143630030,143630030,FAC_MTD_JOSUI,1.0,medium,2026-04-01,,DOC_MTD_VISION,松田町上水道事業は町の南部（松田惣領・松田庶子・神山）に給水する（DOC_MTD_VISION p10・p14-17）。水源が地下水 1 種類なので系統がどれでも答えは変わらない
MTD:143630040,143630040,FAC_MTD_YADORIKI,1.0,low,2026-04-01,,DOC_MTD_VISION,寄簡易水道事業は寄地区（弥勒寺・中山・萱沼・虫沢・宮地・田代・宇津茂・大寺・土佐原・稲郷）に給水する（DOC_MTD_VISION p18-25）。ただし**同じ大字「寄」の中の湯の沢地区は秦野市から給水を受けている**（同 p2「湯の沢地区については、給水協定により秦野市の水道事業から給水を受けています」・p10 図2-4 では「湯の沢専用水道」）。湯の沢の給水人口は 309 人（DOC_KAN_SUIDOU_R5 p17 注2）で寄簡易水道の 1428 人（同 p50）より小さいので多数側に置いたが、町丁目の一部が別事業なのでconfidence は low
YMK:14364001000,14364001000,FAC_YMK_JOSUI,1.0,low,2026-04-01,,DOC_YMK_WEP_R8,山北町の上水道の給水区域。上水道の 4 水源（皆瀬川・怒杭・前耕地第1・第2）はいずれも山北・向原地内にあり（DOC_YMK_WEP_R8 p4 表1）、残る大字（谷ケ・川西・湯触・山市場・神縄・神尾田・世附・中川・玄倉）はそれぞれ谷ケ・川西・清水東部・共和・三保・箒沢・透間の簡易水道が名指しで給水している（同 p3-p4）。国勢調査人口でも上水道側 6 大字が 8404 人で上水道の給水人口 7762 人（DOC_KAN_SUIDOU_R5 p50・p17）に、簡易水道側 9 大字が 1357 人で簡易水道の給水人口 1255 人におおむね対応する。ただし**上水道と簡易水道の区域を大字単位で書き分けた資料は無く**（給水条例別表第1 は簡易水道の地区も含めて列挙している）、この対応は施設の所在地と人口から置いたものなので confidence は low
YMK:14364001001,14364001001,FAC_YMK_JOSUI,1.0,low,2026-04-01,,DOC_YMK_WEP_R8,山北町の上水道の給水区域。上水道の 4 水源（皆瀬川・怒杭・前耕地第1・第2）はいずれも山北・向原地内にあり（DOC_YMK_WEP_R8 p4 表1）、残る大字（谷ケ・川西・湯触・山市場・神縄・神尾田・世附・中川・玄倉）はそれぞれ谷ケ・川西・清水東部・共和・三保・箒沢・透間の簡易水道が名指しで給水している（同 p3-p4）。国勢調査人口でも上水道側 6 大字が 8404 人で上水道の給水人口 7762 人（DOC_KAN_SUIDOU_R5 p50・p17）に、簡易水道側 9 大字が 1357 人で簡易水道の給水人口 1255 人におおむね対応する。ただし**上水道と簡易水道の区域を大字単位で書き分けた資料は無く**（給水条例別表第1 は簡易水道の地区も含めて列挙している）、この対応は施設の所在地と人口から置いたものなので confidence は low
YMK:143640020,143640020,FAC_YMK_JOSUI,1.0,low,2026-04-01,,DOC_YMK_WEP_R8,山北町の上水道の給水区域。上水道の 4 水源（皆瀬川・怒杭・前耕地第1・第2）はいずれも山北・向原地内にあり（DOC_YMK_WEP_R8 p4 表1）、残る大字（谷ケ・川西・湯触・山市場・神縄・神尾田・世附・中川・玄倉）はそれぞれ谷ケ・川西・清水東部・共和・三保・箒沢・透間の簡易水道が名指しで給水している（同 p3-p4）。国勢調査人口でも上水道側 6 大字が 8404 人で上水道の給水人口 7762 人（DOC_KAN_SUIDOU_R5 p50・p17）に、簡易水道側 9 大字が 1357 人で簡易水道の給水人口 1255 人におおむね対応する。ただし**上水道と簡易水道の区域を大字単位で書き分けた資料は無く**（給水条例別表第1 は簡易水道の地区も含めて列挙している）、この対応は施設の所在地と人口から置いたものなので confidence は low
YMK:14364003000,14364003000,FAC_YMK_JOSUI,1.0,low,2026-04-01,,DOC_YMK_WEP_R8,山北町の上水道の給水区域。上水道の 4 水源（皆瀬川・怒杭・前耕地第1・第2）はいずれも山北・向原地内にあり（DOC_YMK_WEP_R8 p4 表1）、残る大字（谷ケ・川西・湯触・山市場・神縄・神尾田・世附・中川・玄倉）はそれぞれ谷ケ・川西・清水東部・共和・三保・箒沢・透間の簡易水道が名指しで給水している（同 p3-p4）。国勢調査人口でも上水道側 6 大字が 8404 人で上水道の給水人口 7762 人（DOC_KAN_SUIDOU_R5 p50・p17）に、簡易水道側 9 大字が 1357 人で簡易水道の給水人口 1255 人におおむね対応する。ただし**上水道と簡易水道の区域を大字単位で書き分けた資料は無く**（給水条例別表第1 は簡易水道の地区も含めて列挙している）、この対応は施設の所在地と人口から置いたものなので confidence は low
YMK:14364003001,14364003001,FAC_YMK_JOSUI,1.0,low,2026-04-01,,DOC_YMK_WEP_R8,山北町の上水道の給水区域。上水道の 4 水源（皆瀬川・怒杭・前耕地第1・第2）はいずれも山北・向原地内にあり（DOC_YMK_WEP_R8 p4 表1）、残る大字（谷ケ・川西・湯触・山市場・神縄・神尾田・世附・中川・玄倉）はそれぞれ谷ケ・川西・清水東部・共和・三保・箒沢・透間の簡易水道が名指しで給水している（同 p3-p4）。国勢調査人口でも上水道側 6 大字が 8404 人で上水道の給水人口 7762 人（DOC_KAN_SUIDOU_R5 p50・p17）に、簡易水道側 9 大字が 1357 人で簡易水道の給水人口 1255 人におおむね対応する。ただし**上水道と簡易水道の区域を大字単位で書き分けた資料は無く**（給水条例別表第1 は簡易水道の地区も含めて列挙している）、この対応は施設の所在地と人口から置いたものなので confidence は low
YMK:143640040,143640040,FAC_YMK_JOSUI,1.0,low,2026-04-01,,DOC_YMK_WEP_R8,山北町の上水道の給水区域。上水道の 4 水源（皆瀬川・怒杭・前耕地第1・第2）はいずれも山北・向原地内にあり（DOC_YMK_WEP_R8 p4 表1）、残る大字（谷ケ・川西・湯触・山市場・神縄・神尾田・世附・中川・玄倉）はそれぞれ谷ケ・川西・清水東部・共和・三保・箒沢・透間の簡易水道が名指しで給水している（同 p3-p4）。国勢調査人口でも上水道側 6 大字が 8404 人で上水道の給水人口 7762 人（DOC_KAN_SUIDOU_R5 p50・p17）に、簡易水道側 9 大字が 1357 人で簡易水道の給水人口 1255 人におおむね対応する。ただし**上水道と簡易水道の区域を大字単位で書き分けた資料は無く**（給水条例別表第1 は簡易水道の地区も含めて列挙している）、この対応は施設の所在地と人口から置いたものなので confidence は low
YMK:143640050,143640050,FAC_YMK_JOSUI,1.0,low,2026-04-01,,DOC_YMK_WEP_R8,山北町の上水道の給水区域。上水道の 4 水源（皆瀬川・怒杭・前耕地第1・第2）はいずれも山北・向原地内にあり（DOC_YMK_WEP_R8 p4 表1）、残る大字（谷ケ・川西・湯触・山市場・神縄・神尾田・世附・中川・玄倉）はそれぞれ谷ケ・川西・清水東部・共和・三保・箒沢・透間の簡易水道が名指しで給水している（同 p3-p4）。国勢調査人口でも上水道側 6 大字が 8404 人で上水道の給水人口 7762 人（DOC_KAN_SUIDOU_R5 p50・p17）に、簡易水道側 9 大字が 1357 人で簡易水道の給水人口 1255 人におおむね対応する。ただし**上水道と簡易水道の区域を大字単位で書き分けた資料は無く**（給水条例別表第1 は簡易水道の地区も含めて列挙している）、この対応は施設の所在地と人口から置いたものなので confidence は low
YMK:143640060,143640060,FAC_YMK_JOSUI,1.0,low,2026-04-01,,DOC_YMK_WEP_R8,山北町の上水道の給水区域。上水道の 4 水源（皆瀬川・怒杭・前耕地第1・第2）はいずれも山北・向原地内にあり（DOC_YMK_WEP_R8 p4 表1）、残る大字（谷ケ・川西・湯触・山市場・神縄・神尾田・世附・中川・玄倉）はそれぞれ谷ケ・川西・清水東部・共和・三保・箒沢・透間の簡易水道が名指しで給水している（同 p3-p4）。国勢調査人口でも上水道側 6 大字が 8404 人で上水道の給水人口 7762 人（DOC_KAN_SUIDOU_R5 p50・p17）に、簡易水道側 9 大字が 1357 人で簡易水道の給水人口 1255 人におおむね対応する。ただし**上水道と簡易水道の区域を大字単位で書き分けた資料は無く**（給水条例別表第1 は簡易水道の地区も含めて列挙している）、この対応は施設の所在地と人口から置いたものなので confidence は low
YGW:14384001001,14384001001,FAC_YGW_YUGAWARA,1.0,medium,2026-04-01,,DOC_YGW_WEP_R8,湯河原上水道の主な配水先は「広河原、温泉場、宮上、宮下地区」（DOC_YGW_WEP_R8 p2-3 表2.1）。広河原・温泉場はいずれも大字宮上の中の地区名。宮上 3 町丁目の国勢調査人口 2809 人は湯河原系統の給水区域内人口 2697 人（同 p2-1）とほぼ一致する。宮下は宮下簡易水道の区域として別に割り付けた
YGW:14384001002,14384001002,FAC_YGW_YUGAWARA,1.0,medium,2026-04-01,,DOC_YGW_WEP_R8,湯河原上水道の主な配水先は「広河原、温泉場、宮上、宮下地区」（DOC_YGW_WEP_R8 p2-3 表2.1）。広河原・温泉場はいずれも大字宮上の中の地区名。宮上 3 町丁目の国勢調査人口 2809 人は湯河原系統の給水区域内人口 2697 人（同 p2-1）とほぼ一致する。宮下は宮下簡易水道の区域として別に割り付けた
YGW:14384001003,14384001003,FAC_YGW_YUGAWARA,1.0,medium,2026-04-01,,DOC_YGW_WEP_R8,湯河原上水道の主な配水先は「広河原、温泉場、宮上、宮下地区」（DOC_YGW_WEP_R8 p2-3 表2.1）。広河原・温泉場はいずれも大字宮上の中の地区名。宮上 3 町丁目の国勢調査人口 2809 人は湯河原系統の給水区域内人口 2697 人（同 p2-1）とほぼ一致する。宮下は宮下簡易水道の区域として別に割り付けた
YGW:14384003002,14384003002,FAC_YGW_YOSHIHAMA,1.0,low,2026-04-01,,DOC_YGW_WEP_R8,吉浜上水道の主な配水先は「山田、小松団地、前栗場、福浦地区」（幕山系）・「中央地区」（南郷系）・「土肥、門川地区」（尾崎系）・「土肥地区」（城堀第1系）・「城堀地区」（城堀第4系）（DOC_YGW_WEP_R8 p2-3 表2.1）。鍛冶屋・吉浜は p2-7〜p2-12 の配水池ごとの記述に出てくる。土肥は 1・4・5・6 丁目が宮下簡易水道と重なる（DOC_YGW_KUIKI）ので 2・3 丁目だけを入れてある。系統ごとの水源が違うのに事業全体の平均を当てているので confidence は low
YGW:14384003003,14384003003,FAC_YGW_YOSHIHAMA,1.0,low,2026-04-01,,DOC_YGW_WEP_R8,吉浜上水道の主な配水先は「山田、小松団地、前栗場、福浦地区」（幕山系）・「中央地区」（南郷系）・「土肥、門川地区」（尾崎系）・「土肥地区」（城堀第1系）・「城堀地区」（城堀第4系）（DOC_YGW_WEP_R8 p2-3 表2.1）。鍛冶屋・吉浜は p2-7〜p2-12 の配水池ごとの記述に出てくる。土肥は 1・4・5・6 丁目が宮下簡易水道と重なる（DOC_YGW_KUIKI）ので 2・3 丁目だけを入れてある。系統ごとの水源が違うのに事業全体の平均を当てているので confidence は low
YGW:143840040,143840040,FAC_YGW_YOSHIHAMA,1.0,low,2026-04-01,,DOC_YGW_WEP_R8,吉浜上水道の主な配水先は「山田、小松団地、前栗場、福浦地区」（幕山系）・「中央地区」（南郷系）・「土肥、門川地区」（尾崎系）・「土肥地区」（城堀第1系）・「城堀地区」（城堀第4系）（DOC_YGW_WEP_R8 p2-3 表2.1）。鍛冶屋・吉浜は p2-7〜p2-12 の配水池ごとの記述に出てくる。土肥は 1・4・5・6 丁目が宮下簡易水道と重なる（DOC_YGW_KUIKI）ので 2・3 丁目だけを入れてある。系統ごとの水源が違うのに事業全体の平均を当てているので confidence は low
YGW:143840050,143840050,FAC_YGW_YOSHIHAMA,1.0,low,2026-04-01,,DOC_YGW_WEP_R8,吉浜上水道の主な配水先は「山田、小松団地、前栗場、福浦地区」（幕山系）・「中央地区」（南郷系）・「土肥、門川地区」（尾崎系）・「土肥地区」（城堀第1系）・「城堀地区」（城堀第4系）（DOC_YGW_WEP_R8 p2-3 表2.1）。鍛冶屋・吉浜は p2-7〜p2-12 の配水池ごとの記述に出てくる。土肥は 1・4・5・6 丁目が宮下簡易水道と重なる（DOC_YGW_KUIKI）ので 2・3 丁目だけを入れてある。系統ごとの水源が違うのに事業全体の平均を当てているので confidence は low
YGW:143840060,143840060,FAC_YGW_YOSHIHAMA,1.0,low,2026-04-01,,DOC_YGW_WEP_R8,吉浜上水道の主な配水先は「山田、小松団地、前栗場、福浦地区」（幕山系）・「中央地区」（南郷系）・「土肥、門川地区」（尾崎系）・「土肥地区」（城堀第1系）・「城堀地区」（城堀第4系）（DOC_YGW_WEP_R8 p2-3 表2.1）。鍛冶屋・吉浜は p2-7〜p2-12 の配水池ごとの記述に出てくる。土肥は 1・4・5・6 丁目が宮下簡易水道と重なる（DOC_YGW_KUIKI）ので 2・3 丁目だけを入れてある。系統ごとの水源が違うのに事業全体の平均を当てているので confidence は low
YGW:14384007001,14384007001,FAC_YGW_YOSHIHAMA,1.0,low,2026-04-01,,DOC_YGW_WEP_R8,吉浜上水道の主な配水先は「山田、小松団地、前栗場、福浦地区」（幕山系）・「中央地区」（南郷系）・「土肥、門川地区」（尾崎系）・「土肥地区」（城堀第1系）・「城堀地区」（城堀第4系）（DOC_YGW_WEP_R8 p2-3 表2.1）。鍛冶屋・吉浜は p2-7〜p2-12 の配水池ごとの記述に出てくる。土肥は 1・4・5・6 丁目が宮下簡易水道と重なる（DOC_YGW_KUIKI）ので 2・3 丁目だけを入れてある。系統ごとの水源が違うのに事業全体の平均を当てているので confidence は low
YGW:14384007003,14384007003,FAC_YGW_YOSHIHAMA,1.0,low,2026-04-01,,DOC_YGW_WEP_R8,吉浜上水道の主な配水先は「山田、小松団地、前栗場、福浦地区」（幕山系）・「中央地区」（南郷系）・「土肥、門川地区」（尾崎系）・「土肥地区」（城堀第1系）・「城堀地区」（城堀第4系）（DOC_YGW_WEP_R8 p2-3 表2.1）。鍛冶屋・吉浜は p2-7〜p2-12 の配水池ごとの記述に出てくる。土肥は 1・4・5・6 丁目が宮下簡易水道と重なる（DOC_YGW_KUIKI）ので 2・3 丁目だけを入れてある。系統ごとの水源が違うのに事業全体の平均を当てているので confidence は low
YGW:14384007004,14384007004,FAC_YGW_YOSHIHAMA,1.0,low,2026-04-01,,DOC_YGW_WEP_R8,吉浜上水道の主な配水先は「山田、小松団地、前栗場、福浦地区」（幕山系）・「中央地区」（南郷系）・「土肥、門川地区」（尾崎系）・「土肥地区」（城堀第1系）・「城堀地区」（城堀第4系）（DOC_YGW_WEP_R8 p2-3 表2.1）。鍛冶屋・吉浜は p2-7〜p2-12 の配水池ごとの記述に出てくる。土肥は 1・4・5・6 丁目が宮下簡易水道と重なる（DOC_YGW_KUIKI）ので 2・3 丁目だけを入れてある。系統ごとの水源が違うのに事業全体の平均を当てているので confidence は low
YGW:143840080,143840080,FAC_YGW_YOSHIHAMA,1.0,low,2026-04-01,,DOC_YGW_WEP_R8,吉浜上水道の主な配水先は「山田、小松団地、前栗場、福浦地区」（幕山系）・「中央地区」（南郷系）・「土肥、門川地区」（尾崎系）・「土肥地区」（城堀第1系）・「城堀地区」（城堀第4系）（DOC_YGW_WEP_R8 p2-3 表2.1）。鍛冶屋・吉浜は p2-7〜p2-12 の配水池ごとの記述に出てくる。土肥は 1・4・5・6 丁目が宮下簡易水道と重なる（DOC_YGW_KUIKI）ので 2・3 丁目だけを入れてある。系統ごとの水源が違うのに事業全体の平均を当てているので confidence は low
YGW:14384012001,14384012001,FAC_YGW_YOSHIHAMA,1.0,low,2026-04-01,,DOC_YGW_WEP_R8,吉浜上水道の主な配水先は「山田、小松団地、前栗場、福浦地区」（幕山系）・「中央地区」（南郷系）・「土肥、門川地区」（尾崎系）・「土肥地区」（城堀第1系）・「城堀地区」（城堀第4系）（DOC_YGW_WEP_R8 p2-3 表2.1）。鍛冶屋・吉浜は p2-7〜p2-12 の配水池ごとの記述に出てくる。土肥は 1・4・5・6 丁目が宮下簡易水道と重なる（DOC_YGW_KUIKI）ので 2・3 丁目だけを入れてある。系統ごとの水源が違うのに事業全体の平均を当てているので confidence は low
YGW:14384012002,14384012002,FAC_YGW_YOSHIHAMA,1.0,low,2026-04-01,,DOC_YGW_WEP_R8,吉浜上水道の主な配水先は「山田、小松団地、前栗場、福浦地区」（幕山系）・「中央地区」（南郷系）・「土肥、門川地区」（尾崎系）・「土肥地区」（城堀第1系）・「城堀地区」（城堀第4系）（DOC_YGW_WEP_R8 p2-3 表2.1）。鍛冶屋・吉浜は p2-7〜p2-12 の配水池ごとの記述に出てくる。土肥は 1・4・5・6 丁目が宮下簡易水道と重なる（DOC_YGW_KUIKI）ので 2・3 丁目だけを入れてある。系統ごとの水源が違うのに事業全体の平均を当てているので confidence は low
YGW:14384012003,14384012003,FAC_YGW_YOSHIHAMA,1.0,low,2026-04-01,,DOC_YGW_WEP_R8,吉浜上水道の主な配水先は「山田、小松団地、前栗場、福浦地区」（幕山系）・「中央地区」（南郷系）・「土肥、門川地区」（尾崎系）・「土肥地区」（城堀第1系）・「城堀地区」（城堀第4系）（DOC_YGW_WEP_R8 p2-3 表2.1）。鍛冶屋・吉浜は p2-7〜p2-12 の配水池ごとの記述に出てくる。土肥は 1・4・5・6 丁目が宮下簡易水道と重なる（DOC_YGW_KUIKI）ので 2・3 丁目だけを入れてある。系統ごとの水源が違うのに事業全体の平均を当てているので confidence は low
YGW:14384012004,14384012004,FAC_YGW_YOSHIHAMA,1.0,low,2026-04-01,,DOC_YGW_WEP_R8,吉浜上水道の主な配水先は「山田、小松団地、前栗場、福浦地区」（幕山系）・「中央地区」（南郷系）・「土肥、門川地区」（尾崎系）・「土肥地区」（城堀第1系）・「城堀地区」（城堀第4系）（DOC_YGW_WEP_R8 p2-3 表2.1）。鍛冶屋・吉浜は p2-7〜p2-12 の配水池ごとの記述に出てくる。土肥は 1・4・5・6 丁目が宮下簡易水道と重なる（DOC_YGW_KUIKI）ので 2・3 丁目だけを入れてある。系統ごとの水源が違うのに事業全体の平均を当てているので confidence は low
YGW:14384012005,14384012005,FAC_YGW_YOSHIHAMA,1.0,low,2026-04-01,,DOC_YGW_WEP_R8,吉浜上水道の主な配水先は「山田、小松団地、前栗場、福浦地区」（幕山系）・「中央地区」（南郷系）・「土肥、門川地区」（尾崎系）・「土肥地区」（城堀第1系）・「城堀地区」（城堀第4系）（DOC_YGW_WEP_R8 p2-3 表2.1）。鍛冶屋・吉浜は p2-7〜p2-12 の配水池ごとの記述に出てくる。土肥は 1・4・5・6 丁目が宮下簡易水道と重なる（DOC_YGW_KUIKI）ので 2・3 丁目だけを入れてある。系統ごとの水源が違うのに事業全体の平均を当てているので confidence は low
MYS:143840020,143840020,FAC_MYS_CITY,1.0,low,2026-04-01,,DOC_YGW_KUIKI,宮下簡易水道組合の給水区域は「宮下番地の一部、土肥4・5丁目、土肥1・6丁目の一部」（DOC_YGW_KUIKI）。全部入るのは土肥4・5丁目で、宮下は「番地の一部」。ただし宮下・土肥4・土肥5 の国勢調査人口の合計 3516 人に土肥1・6丁目の一部を足すと組合の給水人口 4106 人（DOC_KAN_SUIDOU_R5 p50）にほぼ一致するので、宮下の大半は組合側とみて割り付けた。土肥1丁目・土肥6丁目は「一部」としか書かれておらず吉浜上水道との切り分けができないので割り付けていない。confidence は low
MYS:14384003004,14384003004,FAC_MYS_CITY,1.0,low,2026-04-01,,DOC_YGW_KUIKI,宮下簡易水道組合の給水区域は「宮下番地の一部、土肥4・5丁目、土肥1・6丁目の一部」（DOC_YGW_KUIKI）。全部入るのは土肥4・5丁目で、宮下は「番地の一部」。ただし宮下・土肥4・土肥5 の国勢調査人口の合計 3516 人に土肥1・6丁目の一部を足すと組合の給水人口 4106 人（DOC_KAN_SUIDOU_R5 p50）にほぼ一致するので、宮下の大半は組合側とみて割り付けた。土肥1丁目・土肥6丁目は「一部」としか書かれておらず吉浜上水道との切り分けができないので割り付けていない。confidence は low
MYS:14384003005,14384003005,FAC_MYS_CITY,1.0,low,2026-04-01,,DOC_YGW_KUIKI,宮下簡易水道組合の給水区域は「宮下番地の一部、土肥4・5丁目、土肥1・6丁目の一部」（DOC_YGW_KUIKI）。全部入るのは土肥4・5丁目で、宮下は「番地の一部」。ただし宮下・土肥4・土肥5 の国勢調査人口の合計 3516 人に土肥1・6丁目の一部を足すと組合の給水人口 4106 人（DOC_KAN_SUIDOU_R5 p50）にほぼ一致するので、宮下の大半は組合側とみて割り付けた。土肥1丁目・土肥6丁目は「一部」としか書かれておらず吉浜上水道との切り分けができないので割り付けていない。confidence は low
AIK:144010010,144010010,FAC_AIK_CITY,1.0,low,2026-04-01,,DOC_AIK_KUIKI,「町営水道の給水区域は、半原、田代、三増、角田（箕輪下原を除く）、中津（一ッ井、下菅原、上菅原、大塚前、下大塚、大塚、諏訪前、諏訪東、諏訪、上六倉、下六倉、桜台の一部及び吹上を除く）、八菅山、棚沢（向原の一部を除く）」（DOC_AIK_KUIKI）。角田は字箕輪下原だけ、棚沢は字向原の一部だけが県営水道なので大半が町営とみて町営側に置いた。中津は除かれる字が 12 も並び県営との折半に近い（県営の愛川町給水人口 12491 人・DOC_KEN_KYUSUIKUIKI）ので割り付けていない。町営の中でも高峰浄水場系だけ水源が違うのに町全体の平均を当てているので confidence は low
AIK:144010020,144010020,FAC_AIK_CITY,1.0,low,2026-04-01,,DOC_AIK_KUIKI,「町営水道の給水区域は、半原、田代、三増、角田（箕輪下原を除く）、中津（一ッ井、下菅原、上菅原、大塚前、下大塚、大塚、諏訪前、諏訪東、諏訪、上六倉、下六倉、桜台の一部及び吹上を除く）、八菅山、棚沢（向原の一部を除く）」（DOC_AIK_KUIKI）。角田は字箕輪下原だけ、棚沢は字向原の一部だけが県営水道なので大半が町営とみて町営側に置いた。中津は除かれる字が 12 も並び県営との折半に近い（県営の愛川町給水人口 12491 人・DOC_KEN_KYUSUIKUIKI）ので割り付けていない。町営の中でも高峰浄水場系だけ水源が違うのに町全体の平均を当てているので confidence は low
AIK:144010030,144010030,FAC_AIK_CITY,1.0,low,2026-04-01,,DOC_AIK_KUIKI,「町営水道の給水区域は、半原、田代、三増、角田（箕輪下原を除く）、中津（一ッ井、下菅原、上菅原、大塚前、下大塚、大塚、諏訪前、諏訪東、諏訪、上六倉、下六倉、桜台の一部及び吹上を除く）、八菅山、棚沢（向原の一部を除く）」（DOC_AIK_KUIKI）。角田は字箕輪下原だけ、棚沢は字向原の一部だけが県営水道なので大半が町営とみて町営側に置いた。中津は除かれる字が 12 も並び県営との折半に近い（県営の愛川町給水人口 12491 人・DOC_KEN_KYUSUIKUIKI）ので割り付けていない。町営の中でも高峰浄水場系だけ水源が違うのに町全体の平均を当てているので confidence は low
AIK:144010040,144010040,FAC_AIK_CITY,1.0,low,2026-04-01,,DOC_AIK_KUIKI,「町営水道の給水区域は、半原、田代、三増、角田（箕輪下原を除く）、中津（一ッ井、下菅原、上菅原、大塚前、下大塚、大塚、諏訪前、諏訪東、諏訪、上六倉、下六倉、桜台の一部及び吹上を除く）、八菅山、棚沢（向原の一部を除く）」（DOC_AIK_KUIKI）。角田は字箕輪下原だけ、棚沢は字向原の一部だけが県営水道なので大半が町営とみて町営側に置いた。中津は除かれる字が 12 も並び県営との折半に近い（県営の愛川町給水人口 12491 人・DOC_KEN_KYUSUIKUIKI）ので割り付けていない。町営の中でも高峰浄水場系だけ水源が違うのに町全体の平均を当てているので confidence は low
AIK:144010070,144010070,FAC_AIK_CITY,1.0,low,2026-04-01,,DOC_AIK_KUIKI,「町営水道の給水区域は、半原、田代、三増、角田（箕輪下原を除く）、中津（一ッ井、下菅原、上菅原、大塚前、下大塚、大塚、諏訪前、諏訪東、諏訪、上六倉、下六倉、桜台の一部及び吹上を除く）、八菅山、棚沢（向原の一部を除く）」（DOC_AIK_KUIKI）。角田は字箕輪下原だけ、棚沢は字向原の一部だけが県営水道なので大半が町営とみて町営側に置いた。中津は除かれる字が 12 も並び県営との折半に近い（県営の愛川町給水人口 12491 人・DOC_KEN_KYUSUIKUIKI）ので割り付けていない。町営の中でも高峰浄水場系だけ水源が違うのに町全体の平均を当てているので confidence は low
AIK:144010080,144010080,FAC_AIK_CITY,1.0,low,2026-04-01,,DOC_AIK_KUIKI,「町営水道の給水区域は、半原、田代、三増、角田（箕輪下原を除く）、中津（一ッ井、下菅原、上菅原、大塚前、下大塚、大塚、諏訪前、諏訪東、諏訪、上六倉、下六倉、桜台の一部及び吹上を除く）、八菅山、棚沢（向原の一部を除く）」（DOC_AIK_KUIKI）。角田は字箕輪下原だけ、棚沢は字向原の一部だけが県営水道なので大半が町営とみて町営側に置いた。中津は除かれる字が 12 も並び県営との折半に近い（県営の愛川町給水人口 12491 人・DOC_KEN_KYUSUIKUIKI）ので割り付けていない。町営の中でも高峰浄水場系だけ水源が違うのに町全体の平均を当てているので confidence は low
HKN:143820040,143820040,FAC_HKN_CITY,1.0,low,2026-04-01,,DOC_HKN_KUIKI,「町営水道区域 湯本、湯本茶屋、須雲川、畑宿、塔之澤、大平台、宮ノ下、底倉、小涌谷、木賀の一部、二ノ平、芦之湯、箱根、元箱根の一部」（DOC_HKN_KUIKI）。木賀と元箱根は県営と町営が字単位で分かれる（県営は木賀のうち字木賀・新田・川向、元箱根のうち字旧札場・三右エ門平・禅月山・神宮山。DOC_KEN_KUIKI_HAKONE）ので割り付けていない。地区によって水源構成が大きく違うのに町全体の平均を当てているので confidence は low
HKN:143820060,143820060,FAC_HKN_CITY,1.0,low,2026-04-01,,DOC_HKN_KUIKI,「町営水道区域 湯本、湯本茶屋、須雲川、畑宿、塔之澤、大平台、宮ノ下、底倉、小涌谷、木賀の一部、二ノ平、芦之湯、箱根、元箱根の一部」（DOC_HKN_KUIKI）。木賀と元箱根は県営と町営が字単位で分かれる（県営は木賀のうち字木賀・新田・川向、元箱根のうち字旧札場・三右エ門平・禅月山・神宮山。DOC_KEN_KUIKI_HAKONE）ので割り付けていない。地区によって水源構成が大きく違うのに町全体の平均を当てているので confidence は low
HKN:143820070,143820070,FAC_HKN_CITY,1.0,low,2026-04-01,,DOC_HKN_KUIKI,「町営水道区域 湯本、湯本茶屋、須雲川、畑宿、塔之澤、大平台、宮ノ下、底倉、小涌谷、木賀の一部、二ノ平、芦之湯、箱根、元箱根の一部」（DOC_HKN_KUIKI）。木賀と元箱根は県営と町営が字単位で分かれる（県営は木賀のうち字木賀・新田・川向、元箱根のうち字旧札場・三右エ門平・禅月山・神宮山。DOC_KEN_KUIKI_HAKONE）ので割り付けていない。地区によって水源構成が大きく違うのに町全体の平均を当てているので confidence は low
HKN:143820080,143820080,FAC_HKN_CITY,1.0,low,2026-04-01,,DOC_HKN_KUIKI,「町営水道区域 湯本、湯本茶屋、須雲川、畑宿、塔之澤、大平台、宮ノ下、底倉、小涌谷、木賀の一部、二ノ平、芦之湯、箱根、元箱根の一部」（DOC_HKN_KUIKI）。木賀と元箱根は県営と町営が字単位で分かれる（県営は木賀のうち字木賀・新田・川向、元箱根のうち字旧札場・三右エ門平・禅月山・神宮山。DOC_KEN_KUIKI_HAKONE）ので割り付けていない。地区によって水源構成が大きく違うのに町全体の平均を当てているので confidence は low
HKN:143820090,143820090,FAC_HKN_CITY,1.0,low,2026-04-01,,DOC_HKN_KUIKI,「町営水道区域 湯本、湯本茶屋、須雲川、畑宿、塔之澤、大平台、宮ノ下、底倉、小涌谷、木賀の一部、二ノ平、芦之湯、箱根、元箱根の一部」（DOC_HKN_KUIKI）。木賀と元箱根は県営と町営が字単位で分かれる（県営は木賀のうち字木賀・新田・川向、元箱根のうち字旧札場・三右エ門平・禅月山・神宮山。DOC_KEN_KUIKI_HAKONE）ので割り付けていない。地区によって水源構成が大きく違うのに町全体の平均を当てているので confidence は low
HKN:143820100,143820100,FAC_HKN_CITY,1.0,low,2026-04-01,,DOC_HKN_KUIKI,「町営水道区域 湯本、湯本茶屋、須雲川、畑宿、塔之澤、大平台、宮ノ下、底倉、小涌谷、木賀の一部、二ノ平、芦之湯、箱根、元箱根の一部」（DOC_HKN_KUIKI）。木賀と元箱根は県営と町営が字単位で分かれる（県営は木賀のうち字木賀・新田・川向、元箱根のうち字旧札場・三右エ門平・禅月山・神宮山。DOC_KEN_KUIKI_HAKONE）ので割り付けていない。地区によって水源構成が大きく違うのに町全体の平均を当てているので confidence は low
HKN:143820110,143820110,FAC_HKN_CITY,1.0,low,2026-04-01,,DOC_HKN_KUIKI,「町営水道区域 湯本、湯本茶屋、須雲川、畑宿、塔之澤、大平台、宮ノ下、底倉、小涌谷、木賀の一部、二ノ平、芦之湯、箱根、元箱根の一部」（DOC_HKN_KUIKI）。木賀と元箱根は県営と町営が字単位で分かれる（県営は木賀のうち字木賀・新田・川向、元箱根のうち字旧札場・三右エ門平・禅月山・神宮山。DOC_KEN_KUIKI_HAKONE）ので割り付けていない。地区によって水源構成が大きく違うのに町全体の平均を当てているので confidence は low
HKN:143820120,143820120,FAC_HKN_CITY,1.0,low,2026-04-01,,DOC_HKN_KUIKI,「町営水道区域 湯本、湯本茶屋、須雲川、畑宿、塔之澤、大平台、宮ノ下、底倉、小涌谷、木賀の一部、二ノ平、芦之湯、箱根、元箱根の一部」（DOC_HKN_KUIKI）。木賀と元箱根は県営と町営が字単位で分かれる（県営は木賀のうち字木賀・新田・川向、元箱根のうち字旧札場・三右エ門平・禅月山・神宮山。DOC_KEN_KUIKI_HAKONE）ので割り付けていない。地区によって水源構成が大きく違うのに町全体の平均を当てているので confidence は low
HKN:143820130,143820130,FAC_HKN_CITY,1.0,low,2026-04-01,,DOC_HKN_KUIKI,「町営水道区域 湯本、湯本茶屋、須雲川、畑宿、塔之澤、大平台、宮ノ下、底倉、小涌谷、木賀の一部、二ノ平、芦之湯、箱根、元箱根の一部」（DOC_HKN_KUIKI）。木賀と元箱根は県営と町営が字単位で分かれる（県営は木賀のうち字木賀・新田・川向、元箱根のうち字旧札場・三右エ門平・禅月山・神宮山。DOC_KEN_KUIKI_HAKONE）ので割り付けていない。地区によって水源構成が大きく違うのに町全体の平均を当てているので confidence は low
HKN:143820140,143820140,FAC_HKN_CITY,1.0,low,2026-04-01,,DOC_HKN_KUIKI,「町営水道区域 湯本、湯本茶屋、須雲川、畑宿、塔之澤、大平台、宮ノ下、底倉、小涌谷、木賀の一部、二ノ平、芦之湯、箱根、元箱根の一部」（DOC_HKN_KUIKI）。木賀と元箱根は県営と町営が字単位で分かれる（県営は木賀のうち字木賀・新田・川向、元箱根のうち字旧札場・三右エ門平・禅月山・神宮山。DOC_KEN_KUIKI_HAKONE）ので割り付けていない。地区によって水源構成が大きく違うのに町全体の平均を当てているので confidence は low
HKN:143820150,143820150,FAC_HKN_CITY,1.0,low,2026-04-01,,DOC_HKN_KUIKI,「町営水道区域 湯本、湯本茶屋、須雲川、畑宿、塔之澤、大平台、宮ノ下、底倉、小涌谷、木賀の一部、二ノ平、芦之湯、箱根、元箱根の一部」（DOC_HKN_KUIKI）。木賀と元箱根は県営と町営が字単位で分かれる（県営は木賀のうち字木賀・新田・川向、元箱根のうち字旧札場・三右エ門平・禅月山・神宮山。DOC_KEN_KUIKI_HAKONE）ので割り付けていない。地区によって水源構成が大きく違うのに町全体の平均を当てているので confidence は low
HKN:143820170,143820170,FAC_HKN_CITY,1.0,low,2026-04-01,,DOC_HKN_KUIKI,「町営水道区域 湯本、湯本茶屋、須雲川、畑宿、塔之澤、大平台、宮ノ下、底倉、小涌谷、木賀の一部、二ノ平、芦之湯、箱根、元箱根の一部」（DOC_HKN_KUIKI）。木賀と元箱根は県営と町営が字単位で分かれる（県営は木賀のうち字木賀・新田・川向、元箱根のうち字旧札場・三右エ門平・禅月山・神宮山。DOC_KEN_KUIKI_HAKONE）ので割り付けていない。地区によって水源構成が大きく違うのに町全体の平均を当てているので confidence は low
KEN_MIDORI:14151002001,14151002001,FAC_KEN_SAGAMIHARA,1.0,low,2026-04-01,,DOC_KEN_KUIKI_SAGAMIHARA,県営水道の相模原水道営業所の管轄は「相模原市中央区全域」＋「相模原市緑区の以下の区域に限る（橋本周辺地域）相原、相原(1丁目～6丁目)、大島、大山町、上九沢、下九沢、田名、西橋本(1丁目～5丁目)、二本松(1丁目～4丁目)、橋本(1丁目～8丁目)、橋本台(1丁目～4丁目)、東橋本(1丁目～4丁目)、元橋本町」（DOC_KEN_KUIKI_SAGAMIHARA）。緑区の 5 系統のうち小規模浄水場 4 つ（落合＝緑区澤井、鎌沢・和田＝緑区佐野川、鳥屋＝緑区鳥屋）はいずれも津久井水道営業所の管内にあり、この橋本周辺地域には来ない。残る顔ぶれは中央区・南区と同じ谷ケ原浄水場と企業団相模原浄水場の 2 つで、主要配水系統図（DOC_KEN_NENPO_R4 p41）の給水地域「相模原市内」も両者から出ている。混合比は非公表なので FAC_KEN_SAGAMIHARA（流入辺 basis=unknown）に繋いである。町丁目ごとにどちらの系統が来るかまでは分からないので confidence は low
KEN_MIDORI:14151002002,14151002002,FAC_KEN_SAGAMIHARA,1.0,low,2026-04-01,,DOC_KEN_KUIKI_SAGAMIHARA,県営水道の相模原水道営業所の管轄は「相模原市中央区全域」＋「相模原市緑区の以下の区域に限る（橋本周辺地域）相原、相原(1丁目～6丁目)、大島、大山町、上九沢、下九沢、田名、西橋本(1丁目～5丁目)、二本松(1丁目～4丁目)、橋本(1丁目～8丁目)、橋本台(1丁目～4丁目)、東橋本(1丁目～4丁目)、元橋本町」（DOC_KEN_KUIKI_SAGAMIHARA）。緑区の 5 系統のうち小規模浄水場 4 つ（落合＝緑区澤井、鎌沢・和田＝緑区佐野川、鳥屋＝緑区鳥屋）はいずれも津久井水道営業所の管内にあり、この橋本周辺地域には来ない。残る顔ぶれは中央区・南区と同じ谷ケ原浄水場と企業団相模原浄水場の 2 つで、主要配水系統図（DOC_KEN_NENPO_R4 p41）の給水地域「相模原市内」も両者から出ている。混合比は非公表なので FAC_KEN_SAGAMIHARA（流入辺 basis=unknown）に繋いである。町丁目ごとにどちらの系統が来るかまでは分からないので confidence は low
KEN_MIDORI:14151002003,14151002003,FAC_KEN_SAGAMIHARA,1.0,low,2026-04-01,,DOC_KEN_KUIKI_SAGAMIHARA,県営水道の相模原水道営業所の管轄は「相模原市中央区全域」＋「相模原市緑区の以下の区域に限る（橋本周辺地域）相原、相原(1丁目～6丁目)、大島、大山町、上九沢、下九沢、田名、西橋本(1丁目～5丁目)、二本松(1丁目～4丁目)、橋本(1丁目～8丁目)、橋本台(1丁目～4丁目)、東橋本(1丁目～4丁目)、元橋本町」（DOC_KEN_KUIKI_SAGAMIHARA）。緑区の 5 系統のうち小規模浄水場 4 つ（落合＝緑区澤井、鎌沢・和田＝緑区佐野川、鳥屋＝緑区鳥屋）はいずれも津久井水道営業所の管内にあり、この橋本周辺地域には来ない。残る顔ぶれは中央区・南区と同じ谷ケ原浄水場と企業団相模原浄水場の 2 つで、主要配水系統図（DOC_KEN_NENPO_R4 p41）の給水地域「相模原市内」も両者から出ている。混合比は非公表なので FAC_KEN_SAGAMIHARA（流入辺 basis=unknown）に繋いである。町丁目ごとにどちらの系統が来るかまでは分からないので confidence は low
KEN_MIDORI:14151002004,14151002004,FAC_KEN_SAGAMIHARA,1.0,low,2026-04-01,,DOC_KEN_KUIKI_SAGAMIHARA,県営水道の相模原水道営業所の管轄は「相模原市中央区全域」＋「相模原市緑区の以下の区域に限る（橋本周辺地域）相原、相原(1丁目～6丁目)、大島、大山町、上九沢、下九沢、田名、西橋本(1丁目～5丁目)、二本松(1丁目～4丁目)、橋本(1丁目～8丁目)、橋本台(1丁目～4丁目)、東橋本(1丁目～4丁目)、元橋本町」（DOC_KEN_KUIKI_SAGAMIHARA）。緑区の 5 系統のうち小規模浄水場 4 つ（落合＝緑区澤井、鎌沢・和田＝緑区佐野川、鳥屋＝緑区鳥屋）はいずれも津久井水道営業所の管内にあり、この橋本周辺地域には来ない。残る顔ぶれは中央区・南区と同じ谷ケ原浄水場と企業団相模原浄水場の 2 つで、主要配水系統図（DOC_KEN_NENPO_R4 p41）の給水地域「相模原市内」も両者から出ている。混合比は非公表なので FAC_KEN_SAGAMIHARA（流入辺 basis=unknown）に繋いである。町丁目ごとにどちらの系統が来るかまでは分からないので confidence は low
KEN_MIDORI:14151002005,14151002005,FAC_KEN_SAGAMIHARA,1.0,low,2026-04-01,,DOC_KEN_KUIKI_SAGAMIHARA,県営水道の相模原水道営業所の管轄は「相模原市中央区全域」＋「相模原市緑区の以下の区域に限る（橋本周辺地域）相原、相原(1丁目～6丁目)、大島、大山町、上九沢、下九沢、田名、西橋本(1丁目～5丁目)、二本松(1丁目～4丁目)、橋本(1丁目～8丁目)、橋本台(1丁目～4丁目)、東橋本(1丁目～4丁目)、元橋本町」（DOC_KEN_KUIKI_SAGAMIHARA）。緑区の 5 系統のうち小規模浄水場 4 つ（落合＝緑区澤井、鎌沢・和田＝緑区佐野川、鳥屋＝緑区鳥屋）はいずれも津久井水道営業所の管内にあり、この橋本周辺地域には来ない。残る顔ぶれは中央区・南区と同じ谷ケ原浄水場と企業団相模原浄水場の 2 つで、主要配水系統図（DOC_KEN_NENPO_R4 p41）の給水地域「相模原市内」も両者から出ている。混合比は非公表なので FAC_KEN_SAGAMIHARA（流入辺 basis=unknown）に繋いである。町丁目ごとにどちらの系統が来るかまでは分からないので confidence は low
KEN_MIDORI:14151002006,14151002006,FAC_KEN_SAGAMIHARA,1.0,low,2026-04-01,,DOC_KEN_KUIKI_SAGAMIHARA,県営水道の相模原水道営業所の管轄は「相模原市中央区全域」＋「相模原市緑区の以下の区域に限る（橋本周辺地域）相原、相原(1丁目～6丁目)、大島、大山町、上九沢、下九沢、田名、西橋本(1丁目～5丁目)、二本松(1丁目～4丁目)、橋本(1丁目～8丁目)、橋本台(1丁目～4丁目)、東橋本(1丁目～4丁目)、元橋本町」（DOC_KEN_KUIKI_SAGAMIHARA）。緑区の 5 系統のうち小規模浄水場 4 つ（落合＝緑区澤井、鎌沢・和田＝緑区佐野川、鳥屋＝緑区鳥屋）はいずれも津久井水道営業所の管内にあり、この橋本周辺地域には来ない。残る顔ぶれは中央区・南区と同じ谷ケ原浄水場と企業団相模原浄水場の 2 つで、主要配水系統図（DOC_KEN_NENPO_R4 p41）の給水地域「相模原市内」も両者から出ている。混合比は非公表なので FAC_KEN_SAGAMIHARA（流入辺 basis=unknown）に繋いである。町丁目ごとにどちらの系統が来るかまでは分からないので confidence は low
KEN_MIDORI:141510030,141510030,FAC_KEN_SAGAMIHARA,1.0,low,2026-04-01,,DOC_KEN_KUIKI_SAGAMIHARA,県営水道の相模原水道営業所の管轄は「相模原市中央区全域」＋「相模原市緑区の以下の区域に限る（橋本周辺地域）相原、相原(1丁目～6丁目)、大島、大山町、上九沢、下九沢、田名、西橋本(1丁目～5丁目)、二本松(1丁目～4丁目)、橋本(1丁目～8丁目)、橋本台(1丁目～4丁目)、東橋本(1丁目～4丁目)、元橋本町」（DOC_KEN_KUIKI_SAGAMIHARA）。緑区の 5 系統のうち小規模浄水場 4 つ（落合＝緑区澤井、鎌沢・和田＝緑区佐野川、鳥屋＝緑区鳥屋）はいずれも津久井水道営業所の管内にあり、この橋本周辺地域には来ない。残る顔ぶれは中央区・南区と同じ谷ケ原浄水場と企業団相模原浄水場の 2 つで、主要配水系統図（DOC_KEN_NENPO_R4 p41）の給水地域「相模原市内」も両者から出ている。混合比は非公表なので FAC_KEN_SAGAMIHARA（流入辺 basis=unknown）に繋いである。町丁目ごとにどちらの系統が来るかまでは分からないので confidence は low
KEN_MIDORI:14151004001,14151004001,FAC_KEN_SAGAMIHARA,1.0,low,2026-04-01,,DOC_KEN_KUIKI_SAGAMIHARA,県営水道の相模原水道営業所の管轄は「相模原市中央区全域」＋「相模原市緑区の以下の区域に限る（橋本周辺地域）相原、相原(1丁目～6丁目)、大島、大山町、上九沢、下九沢、田名、西橋本(1丁目～5丁目)、二本松(1丁目～4丁目)、橋本(1丁目～8丁目)、橋本台(1丁目～4丁目)、東橋本(1丁目～4丁目)、元橋本町」（DOC_KEN_KUIKI_SAGAMIHARA）。緑区の 5 系統のうち小規模浄水場 4 つ（落合＝緑区澤井、鎌沢・和田＝緑区佐野川、鳥屋＝緑区鳥屋）はいずれも津久井水道営業所の管内にあり、この橋本周辺地域には来ない。残る顔ぶれは中央区・南区と同じ谷ケ原浄水場と企業団相模原浄水場の 2 つで、主要配水系統図（DOC_KEN_NENPO_R4 p41）の給水地域「相模原市内」も両者から出ている。混合比は非公表なので FAC_KEN_SAGAMIHARA（流入辺 basis=unknown）に繋いである。町丁目ごとにどちらの系統が来るかまでは分からないので confidence は low
KEN_MIDORI:14151004002,14151004002,FAC_KEN_SAGAMIHARA,1.0,low,2026-04-01,,DOC_KEN_KUIKI_SAGAMIHARA,県営水道の相模原水道営業所の管轄は「相模原市中央区全域」＋「相模原市緑区の以下の区域に限る（橋本周辺地域）相原、相原(1丁目～6丁目)、大島、大山町、上九沢、下九沢、田名、西橋本(1丁目～5丁目)、二本松(1丁目～4丁目)、橋本(1丁目～8丁目)、橋本台(1丁目～4丁目)、東橋本(1丁目～4丁目)、元橋本町」（DOC_KEN_KUIKI_SAGAMIHARA）。緑区の 5 系統のうち小規模浄水場 4 つ（落合＝緑区澤井、鎌沢・和田＝緑区佐野川、鳥屋＝緑区鳥屋）はいずれも津久井水道営業所の管内にあり、この橋本周辺地域には来ない。残る顔ぶれは中央区・南区と同じ谷ケ原浄水場と企業団相模原浄水場の 2 つで、主要配水系統図（DOC_KEN_NENPO_R4 p41）の給水地域「相模原市内」も両者から出ている。混合比は非公表なので FAC_KEN_SAGAMIHARA（流入辺 basis=unknown）に繋いである。町丁目ごとにどちらの系統が来るかまでは分からないので confidence は low
KEN_MIDORI:14151004003,14151004003,FAC_KEN_SAGAMIHARA,1.0,low,2026-04-01,,DOC_KEN_KUIKI_SAGAMIHARA,県営水道の相模原水道営業所の管轄は「相模原市中央区全域」＋「相模原市緑区の以下の区域に限る（橋本周辺地域）相原、相原(1丁目～6丁目)、大島、大山町、上九沢、下九沢、田名、西橋本(1丁目～5丁目)、二本松(1丁目～4丁目)、橋本(1丁目～8丁目)、橋本台(1丁目～4丁目)、東橋本(1丁目～4丁目)、元橋本町」（DOC_KEN_KUIKI_SAGAMIHARA）。緑区の 5 系統のうち小規模浄水場 4 つ（落合＝緑区澤井、鎌沢・和田＝緑区佐野川、鳥屋＝緑区鳥屋）はいずれも津久井水道営業所の管内にあり、この橋本周辺地域には来ない。残る顔ぶれは中央区・南区と同じ谷ケ原浄水場と企業団相模原浄水場の 2 つで、主要配水系統図（DOC_KEN_NENPO_R4 p41）の給水地域「相模原市内」も両者から出ている。混合比は非公表なので FAC_KEN_SAGAMIHARA（流入辺 basis=unknown）に繋いである。町丁目ごとにどちらの系統が来るかまでは分からないので confidence は low
KEN_MIDORI:14151004004,14151004004,FAC_KEN_SAGAMIHARA,1.0,low,2026-04-01,,DOC_KEN_KUIKI_SAGAMIHARA,県営水道の相模原水道営業所の管轄は「相模原市中央区全域」＋「相模原市緑区の以下の区域に限る（橋本周辺地域）相原、相原(1丁目～6丁目)、大島、大山町、上九沢、下九沢、田名、西橋本(1丁目～5丁目)、二本松(1丁目～4丁目)、橋本(1丁目～8丁目)、橋本台(1丁目～4丁目)、東橋本(1丁目～4丁目)、元橋本町」（DOC_KEN_KUIKI_SAGAMIHARA）。緑区の 5 系統のうち小規模浄水場 4 つ（落合＝緑区澤井、鎌沢・和田＝緑区佐野川、鳥屋＝緑区鳥屋）はいずれも津久井水道営業所の管内にあり、この橋本周辺地域には来ない。残る顔ぶれは中央区・南区と同じ谷ケ原浄水場と企業団相模原浄水場の 2 つで、主要配水系統図（DOC_KEN_NENPO_R4 p41）の給水地域「相模原市内」も両者から出ている。混合比は非公表なので FAC_KEN_SAGAMIHARA（流入辺 basis=unknown）に繋いである。町丁目ごとにどちらの系統が来るかまでは分からないので confidence は low
KEN_MIDORI:14151005001,14151005001,FAC_KEN_SAGAMIHARA,1.0,low,2026-04-01,,DOC_KEN_KUIKI_SAGAMIHARA,県営水道の相模原水道営業所の管轄は「相模原市中央区全域」＋「相模原市緑区の以下の区域に限る（橋本周辺地域）相原、相原(1丁目～6丁目)、大島、大山町、上九沢、下九沢、田名、西橋本(1丁目～5丁目)、二本松(1丁目～4丁目)、橋本(1丁目～8丁目)、橋本台(1丁目～4丁目)、東橋本(1丁目～4丁目)、元橋本町」（DOC_KEN_KUIKI_SAGAMIHARA）。緑区の 5 系統のうち小規模浄水場 4 つ（落合＝緑区澤井、鎌沢・和田＝緑区佐野川、鳥屋＝緑区鳥屋）はいずれも津久井水道営業所の管内にあり、この橋本周辺地域には来ない。残る顔ぶれは中央区・南区と同じ谷ケ原浄水場と企業団相模原浄水場の 2 つで、主要配水系統図（DOC_KEN_NENPO_R4 p41）の給水地域「相模原市内」も両者から出ている。混合比は非公表なので FAC_KEN_SAGAMIHARA（流入辺 basis=unknown）に繋いである。町丁目ごとにどちらの系統が来るかまでは分からないので confidence は low
KEN_MIDORI:14151005002,14151005002,FAC_KEN_SAGAMIHARA,1.0,low,2026-04-01,,DOC_KEN_KUIKI_SAGAMIHARA,県営水道の相模原水道営業所の管轄は「相模原市中央区全域」＋「相模原市緑区の以下の区域に限る（橋本周辺地域）相原、相原(1丁目～6丁目)、大島、大山町、上九沢、下九沢、田名、西橋本(1丁目～5丁目)、二本松(1丁目～4丁目)、橋本(1丁目～8丁目)、橋本台(1丁目～4丁目)、東橋本(1丁目～4丁目)、元橋本町」（DOC_KEN_KUIKI_SAGAMIHARA）。緑区の 5 系統のうち小規模浄水場 4 つ（落合＝緑区澤井、鎌沢・和田＝緑区佐野川、鳥屋＝緑区鳥屋）はいずれも津久井水道営業所の管内にあり、この橋本周辺地域には来ない。残る顔ぶれは中央区・南区と同じ谷ケ原浄水場と企業団相模原浄水場の 2 つで、主要配水系統図（DOC_KEN_NENPO_R4 p41）の給水地域「相模原市内」も両者から出ている。混合比は非公表なので FAC_KEN_SAGAMIHARA（流入辺 basis=unknown）に繋いである。町丁目ごとにどちらの系統が来るかまでは分からないので confidence は low
KEN_MIDORI:14151005003,14151005003,FAC_KEN_SAGAMIHARA,1.0,low,2026-04-01,,DOC_KEN_KUIKI_SAGAMIHARA,県営水道の相模原水道営業所の管轄は「相模原市中央区全域」＋「相模原市緑区の以下の区域に限る（橋本周辺地域）相原、相原(1丁目～6丁目)、大島、大山町、上九沢、下九沢、田名、西橋本(1丁目～5丁目)、二本松(1丁目～4丁目)、橋本(1丁目～8丁目)、橋本台(1丁目～4丁目)、東橋本(1丁目～4丁目)、元橋本町」（DOC_KEN_KUIKI_SAGAMIHARA）。緑区の 5 系統のうち小規模浄水場 4 つ（落合＝緑区澤井、鎌沢・和田＝緑区佐野川、鳥屋＝緑区鳥屋）はいずれも津久井水道営業所の管内にあり、この橋本周辺地域には来ない。残る顔ぶれは中央区・南区と同じ谷ケ原浄水場と企業団相模原浄水場の 2 つで、主要配水系統図（DOC_KEN_NENPO_R4 p41）の給水地域「相模原市内」も両者から出ている。混合比は非公表なので FAC_KEN_SAGAMIHARA（流入辺 basis=unknown）に繋いである。町丁目ごとにどちらの系統が来るかまでは分からないので confidence は low
KEN_MIDORI:14151005004,14151005004,FAC_KEN_SAGAMIHARA,1.0,low,2026-04-01,,DOC_KEN_KUIKI_SAGAMIHARA,県営水道の相模原水道営業所の管轄は「相模原市中央区全域」＋「相模原市緑区の以下の区域に限る（橋本周辺地域）相原、相原(1丁目～6丁目)、大島、大山町、上九沢、下九沢、田名、西橋本(1丁目～5丁目)、二本松(1丁目～4丁目)、橋本(1丁目～8丁目)、橋本台(1丁目～4丁目)、東橋本(1丁目～4丁目)、元橋本町」（DOC_KEN_KUIKI_SAGAMIHARA）。緑区の 5 系統のうち小規模浄水場 4 つ（落合＝緑区澤井、鎌沢・和田＝緑区佐野川、鳥屋＝緑区鳥屋）はいずれも津久井水道営業所の管内にあり、この橋本周辺地域には来ない。残る顔ぶれは中央区・南区と同じ谷ケ原浄水場と企業団相模原浄水場の 2 つで、主要配水系統図（DOC_KEN_NENPO_R4 p41）の給水地域「相模原市内」も両者から出ている。混合比は非公表なので FAC_KEN_SAGAMIHARA（流入辺 basis=unknown）に繋いである。町丁目ごとにどちらの系統が来るかまでは分からないので confidence は low
KEN_MIDORI:14151005005,14151005005,FAC_KEN_SAGAMIHARA,1.0,low,2026-04-01,,DOC_KEN_KUIKI_SAGAMIHARA,県営水道の相模原水道営業所の管轄は「相模原市中央区全域」＋「相模原市緑区の以下の区域に限る（橋本周辺地域）相原、相原(1丁目～6丁目)、大島、大山町、上九沢、下九沢、田名、西橋本(1丁目～5丁目)、二本松(1丁目～4丁目)、橋本(1丁目～8丁目)、橋本台(1丁目～4丁目)、東橋本(1丁目～4丁目)、元橋本町」（DOC_KEN_KUIKI_SAGAMIHARA）。緑区の 5 系統のうち小規模浄水場 4 つ（落合＝緑区澤井、鎌沢・和田＝緑区佐野川、鳥屋＝緑区鳥屋）はいずれも津久井水道営業所の管内にあり、この橋本周辺地域には来ない。残る顔ぶれは中央区・南区と同じ谷ケ原浄水場と企業団相模原浄水場の 2 つで、主要配水系統図（DOC_KEN_NENPO_R4 p41）の給水地域「相模原市内」も両者から出ている。混合比は非公表なので FAC_KEN_SAGAMIHARA（流入辺 basis=unknown）に繋いである。町丁目ごとにどちらの系統が来るかまでは分からないので confidence は low
KEN_MIDORI:14151005006,14151005006,FAC_KEN_SAGAMIHARA,1.0,low,2026-04-01,,DOC_KEN_KUIKI_SAGAMIHARA,県営水道の相模原水道営業所の管轄は「相模原市中央区全域」＋「相模原市緑区の以下の区域に限る（橋本周辺地域）相原、相原(1丁目～6丁目)、大島、大山町、上九沢、下九沢、田名、西橋本(1丁目～5丁目)、二本松(1丁目～4丁目)、橋本(1丁目～8丁目)、橋本台(1丁目～4丁目)、東橋本(1丁目～4丁目)、元橋本町」（DOC_KEN_KUIKI_SAGAMIHARA）。緑区の 5 系統のうち小規模浄水場 4 つ（落合＝緑区澤井、鎌沢・和田＝緑区佐野川、鳥屋＝緑区鳥屋）はいずれも津久井水道営業所の管内にあり、この橋本周辺地域には来ない。残る顔ぶれは中央区・南区と同じ谷ケ原浄水場と企業団相模原浄水場の 2 つで、主要配水系統図（DOC_KEN_NENPO_R4 p41）の給水地域「相模原市内」も両者から出ている。混合比は非公表なので FAC_KEN_SAGAMIHARA（流入辺 basis=unknown）に繋いである。町丁目ごとにどちらの系統が来るかまでは分からないので confidence は low
KEN_MIDORI:14151005007,14151005007,FAC_KEN_SAGAMIHARA,1.0,low,2026-04-01,,DOC_KEN_KUIKI_SAGAMIHARA,県営水道の相模原水道営業所の管轄は「相模原市中央区全域」＋「相模原市緑区の以下の区域に限る（橋本周辺地域）相原、相原(1丁目～6丁目)、大島、大山町、上九沢、下九沢、田名、西橋本(1丁目～5丁目)、二本松(1丁目～4丁目)、橋本(1丁目～8丁目)、橋本台(1丁目～4丁目)、東橋本(1丁目～4丁目)、元橋本町」（DOC_KEN_KUIKI_SAGAMIHARA）。緑区の 5 系統のうち小規模浄水場 4 つ（落合＝緑区澤井、鎌沢・和田＝緑区佐野川、鳥屋＝緑区鳥屋）はいずれも津久井水道営業所の管内にあり、この橋本周辺地域には来ない。残る顔ぶれは中央区・南区と同じ谷ケ原浄水場と企業団相模原浄水場の 2 つで、主要配水系統図（DOC_KEN_NENPO_R4 p41）の給水地域「相模原市内」も両者から出ている。混合比は非公表なので FAC_KEN_SAGAMIHARA（流入辺 basis=unknown）に繋いである。町丁目ごとにどちらの系統が来るかまでは分からないので confidence は low
KEN_MIDORI:14151005008,14151005008,FAC_KEN_SAGAMIHARA,1.0,low,2026-04-01,,DOC_KEN_KUIKI_SAGAMIHARA,県営水道の相模原水道営業所の管轄は「相模原市中央区全域」＋「相模原市緑区の以下の区域に限る（橋本周辺地域）相原、相原(1丁目～6丁目)、大島、大山町、上九沢、下九沢、田名、西橋本(1丁目～5丁目)、二本松(1丁目～4丁目)、橋本(1丁目～8丁目)、橋本台(1丁目～4丁目)、東橋本(1丁目～4丁目)、元橋本町」（DOC_KEN_KUIKI_SAGAMIHARA）。緑区の 5 系統のうち小規模浄水場 4 つ（落合＝緑区澤井、鎌沢・和田＝緑区佐野川、鳥屋＝緑区鳥屋）はいずれも津久井水道営業所の管内にあり、この橋本周辺地域には来ない。残る顔ぶれは中央区・南区と同じ谷ケ原浄水場と企業団相模原浄水場の 2 つで、主要配水系統図（DOC_KEN_NENPO_R4 p41）の給水地域「相模原市内」も両者から出ている。混合比は非公表なので FAC_KEN_SAGAMIHARA（流入辺 basis=unknown）に繋いである。町丁目ごとにどちらの系統が来るかまでは分からないので confidence は low
KEN_MIDORI:141510060,141510060,FAC_KEN_SAGAMIHARA,1.0,low,2026-04-01,,DOC_KEN_KUIKI_SAGAMIHARA,県営水道の相模原水道営業所の管轄は「相模原市中央区全域」＋「相模原市緑区の以下の区域に限る（橋本周辺地域）相原、相原(1丁目～6丁目)、大島、大山町、上九沢、下九沢、田名、西橋本(1丁目～5丁目)、二本松(1丁目～4丁目)、橋本(1丁目～8丁目)、橋本台(1丁目～4丁目)、東橋本(1丁目～4丁目)、元橋本町」（DOC_KEN_KUIKI_SAGAMIHARA）。緑区の 5 系統のうち小規模浄水場 4 つ（落合＝緑区澤井、鎌沢・和田＝緑区佐野川、鳥屋＝緑区鳥屋）はいずれも津久井水道営業所の管内にあり、この橋本周辺地域には来ない。残る顔ぶれは中央区・南区と同じ谷ケ原浄水場と企業団相模原浄水場の 2 つで、主要配水系統図（DOC_KEN_NENPO_R4 p41）の給水地域「相模原市内」も両者から出ている。混合比は非公表なので FAC_KEN_SAGAMIHARA（流入辺 basis=unknown）に繋いである。町丁目ごとにどちらの系統が来るかまでは分からないので confidence は low
KEN_MIDORI:14151007001,14151007001,FAC_KEN_SAGAMIHARA,1.0,low,2026-04-01,,DOC_KEN_KUIKI_SAGAMIHARA,県営水道の相模原水道営業所の管轄は「相模原市中央区全域」＋「相模原市緑区の以下の区域に限る（橋本周辺地域）相原、相原(1丁目～6丁目)、大島、大山町、上九沢、下九沢、田名、西橋本(1丁目～5丁目)、二本松(1丁目～4丁目)、橋本(1丁目～8丁目)、橋本台(1丁目～4丁目)、東橋本(1丁目～4丁目)、元橋本町」（DOC_KEN_KUIKI_SAGAMIHARA）。緑区の 5 系統のうち小規模浄水場 4 つ（落合＝緑区澤井、鎌沢・和田＝緑区佐野川、鳥屋＝緑区鳥屋）はいずれも津久井水道営業所の管内にあり、この橋本周辺地域には来ない。残る顔ぶれは中央区・南区と同じ谷ケ原浄水場と企業団相模原浄水場の 2 つで、主要配水系統図（DOC_KEN_NENPO_R4 p41）の給水地域「相模原市内」も両者から出ている。混合比は非公表なので FAC_KEN_SAGAMIHARA（流入辺 basis=unknown）に繋いである。町丁目ごとにどちらの系統が来るかまでは分からないので confidence は low
KEN_MIDORI:14151007002,14151007002,FAC_KEN_SAGAMIHARA,1.0,low,2026-04-01,,DOC_KEN_KUIKI_SAGAMIHARA,県営水道の相模原水道営業所の管轄は「相模原市中央区全域」＋「相模原市緑区の以下の区域に限る（橋本周辺地域）相原、相原(1丁目～6丁目)、大島、大山町、上九沢、下九沢、田名、西橋本(1丁目～5丁目)、二本松(1丁目～4丁目)、橋本(1丁目～8丁目)、橋本台(1丁目～4丁目)、東橋本(1丁目～4丁目)、元橋本町」（DOC_KEN_KUIKI_SAGAMIHARA）。緑区の 5 系統のうち小規模浄水場 4 つ（落合＝緑区澤井、鎌沢・和田＝緑区佐野川、鳥屋＝緑区鳥屋）はいずれも津久井水道営業所の管内にあり、この橋本周辺地域には来ない。残る顔ぶれは中央区・南区と同じ谷ケ原浄水場と企業団相模原浄水場の 2 つで、主要配水系統図（DOC_KEN_NENPO_R4 p41）の給水地域「相模原市内」も両者から出ている。混合比は非公表なので FAC_KEN_SAGAMIHARA（流入辺 basis=unknown）に繋いである。町丁目ごとにどちらの系統が来るかまでは分からないので confidence は low
KEN_MIDORI:14151007003,14151007003,FAC_KEN_SAGAMIHARA,1.0,low,2026-04-01,,DOC_KEN_KUIKI_SAGAMIHARA,県営水道の相模原水道営業所の管轄は「相模原市中央区全域」＋「相模原市緑区の以下の区域に限る（橋本周辺地域）相原、相原(1丁目～6丁目)、大島、大山町、上九沢、下九沢、田名、西橋本(1丁目～5丁目)、二本松(1丁目～4丁目)、橋本(1丁目～8丁目)、橋本台(1丁目～4丁目)、東橋本(1丁目～4丁目)、元橋本町」（DOC_KEN_KUIKI_SAGAMIHARA）。緑区の 5 系統のうち小規模浄水場 4 つ（落合＝緑区澤井、鎌沢・和田＝緑区佐野川、鳥屋＝緑区鳥屋）はいずれも津久井水道営業所の管内にあり、この橋本周辺地域には来ない。残る顔ぶれは中央区・南区と同じ谷ケ原浄水場と企業団相模原浄水場の 2 つで、主要配水系統図（DOC_KEN_NENPO_R4 p41）の給水地域「相模原市内」も両者から出ている。混合比は非公表なので FAC_KEN_SAGAMIHARA（流入辺 basis=unknown）に繋いである。町丁目ごとにどちらの系統が来るかまでは分からないので confidence は low
KEN_MIDORI:14151007004,14151007004,FAC_KEN_SAGAMIHARA,1.0,low,2026-04-01,,DOC_KEN_KUIKI_SAGAMIHARA,県営水道の相模原水道営業所の管轄は「相模原市中央区全域」＋「相模原市緑区の以下の区域に限る（橋本周辺地域）相原、相原(1丁目～6丁目)、大島、大山町、上九沢、下九沢、田名、西橋本(1丁目～5丁目)、二本松(1丁目～4丁目)、橋本(1丁目～8丁目)、橋本台(1丁目～4丁目)、東橋本(1丁目～4丁目)、元橋本町」（DOC_KEN_KUIKI_SAGAMIHARA）。緑区の 5 系統のうち小規模浄水場 4 つ（落合＝緑区澤井、鎌沢・和田＝緑区佐野川、鳥屋＝緑区鳥屋）はいずれも津久井水道営業所の管内にあり、この橋本周辺地域には来ない。残る顔ぶれは中央区・南区と同じ谷ケ原浄水場と企業団相模原浄水場の 2 つで、主要配水系統図（DOC_KEN_NENPO_R4 p41）の給水地域「相模原市内」も両者から出ている。混合比は非公表なので FAC_KEN_SAGAMIHARA（流入辺 basis=unknown）に繋いである。町丁目ごとにどちらの系統が来るかまでは分からないので confidence は low
KEN_MIDORI:14151007005,14151007005,FAC_KEN_SAGAMIHARA,1.0,low,2026-04-01,,DOC_KEN_KUIKI_SAGAMIHARA,県営水道の相模原水道営業所の管轄は「相模原市中央区全域」＋「相模原市緑区の以下の区域に限る（橋本周辺地域）相原、相原(1丁目～6丁目)、大島、大山町、上九沢、下九沢、田名、西橋本(1丁目～5丁目)、二本松(1丁目～4丁目)、橋本(1丁目～8丁目)、橋本台(1丁目～4丁目)、東橋本(1丁目～4丁目)、元橋本町」（DOC_KEN_KUIKI_SAGAMIHARA）。緑区の 5 系統のうち小規模浄水場 4 つ（落合＝緑区澤井、鎌沢・和田＝緑区佐野川、鳥屋＝緑区鳥屋）はいずれも津久井水道営業所の管内にあり、この橋本周辺地域には来ない。残る顔ぶれは中央区・南区と同じ谷ケ原浄水場と企業団相模原浄水場の 2 つで、主要配水系統図（DOC_KEN_NENPO_R4 p41）の給水地域「相模原市内」も両者から出ている。混合比は非公表なので FAC_KEN_SAGAMIHARA（流入辺 basis=unknown）に繋いである。町丁目ごとにどちらの系統が来るかまでは分からないので confidence は low
KEN_MIDORI:14151008001,14151008001,FAC_KEN_SAGAMIHARA,1.0,low,2026-04-01,,DOC_KEN_KUIKI_SAGAMIHARA,県営水道の相模原水道営業所の管轄は「相模原市中央区全域」＋「相模原市緑区の以下の区域に限る（橋本周辺地域）相原、相原(1丁目～6丁目)、大島、大山町、上九沢、下九沢、田名、西橋本(1丁目～5丁目)、二本松(1丁目～4丁目)、橋本(1丁目～8丁目)、橋本台(1丁目～4丁目)、東橋本(1丁目～4丁目)、元橋本町」（DOC_KEN_KUIKI_SAGAMIHARA）。緑区の 5 系統のうち小規模浄水場 4 つ（落合＝緑区澤井、鎌沢・和田＝緑区佐野川、鳥屋＝緑区鳥屋）はいずれも津久井水道営業所の管内にあり、この橋本周辺地域には来ない。残る顔ぶれは中央区・南区と同じ谷ケ原浄水場と企業団相模原浄水場の 2 つで、主要配水系統図（DOC_KEN_NENPO_R4 p41）の給水地域「相模原市内」も両者から出ている。混合比は非公表なので FAC_KEN_SAGAMIHARA（流入辺 basis=unknown）に繋いである。町丁目ごとにどちらの系統が来るかまでは分からないので confidence は low
KEN_MIDORI:14151008002,14151008002,FAC_KEN_SAGAMIHARA,1.0,low,2026-04-01,,DOC_KEN_KUIKI_SAGAMIHARA,県営水道の相模原水道営業所の管轄は「相模原市中央区全域」＋「相模原市緑区の以下の区域に限る（橋本周辺地域）相原、相原(1丁目～6丁目)、大島、大山町、上九沢、下九沢、田名、西橋本(1丁目～5丁目)、二本松(1丁目～4丁目)、橋本(1丁目～8丁目)、橋本台(1丁目～4丁目)、東橋本(1丁目～4丁目)、元橋本町」（DOC_KEN_KUIKI_SAGAMIHARA）。緑区の 5 系統のうち小規模浄水場 4 つ（落合＝緑区澤井、鎌沢・和田＝緑区佐野川、鳥屋＝緑区鳥屋）はいずれも津久井水道営業所の管内にあり、この橋本周辺地域には来ない。残る顔ぶれは中央区・南区と同じ谷ケ原浄水場と企業団相模原浄水場の 2 つで、主要配水系統図（DOC_KEN_NENPO_R4 p41）の給水地域「相模原市内」も両者から出ている。混合比は非公表なので FAC_KEN_SAGAMIHARA（流入辺 basis=unknown）に繋いである。町丁目ごとにどちらの系統が来るかまでは分からないので confidence は low
KEN_MIDORI:14151008003,14151008003,FAC_KEN_SAGAMIHARA,1.0,low,2026-04-01,,DOC_KEN_KUIKI_SAGAMIHARA,県営水道の相模原水道営業所の管轄は「相模原市中央区全域」＋「相模原市緑区の以下の区域に限る（橋本周辺地域）相原、相原(1丁目～6丁目)、大島、大山町、上九沢、下九沢、田名、西橋本(1丁目～5丁目)、二本松(1丁目～4丁目)、橋本(1丁目～8丁目)、橋本台(1丁目～4丁目)、東橋本(1丁目～4丁目)、元橋本町」（DOC_KEN_KUIKI_SAGAMIHARA）。緑区の 5 系統のうち小規模浄水場 4 つ（落合＝緑区澤井、鎌沢・和田＝緑区佐野川、鳥屋＝緑区鳥屋）はいずれも津久井水道営業所の管内にあり、この橋本周辺地域には来ない。残る顔ぶれは中央区・南区と同じ谷ケ原浄水場と企業団相模原浄水場の 2 つで、主要配水系統図（DOC_KEN_NENPO_R4 p41）の給水地域「相模原市内」も両者から出ている。混合比は非公表なので FAC_KEN_SAGAMIHARA（流入辺 basis=unknown）に繋いである。町丁目ごとにどちらの系統が来るかまでは分からないので confidence は low
KEN_MIDORI:14151008004,14151008004,FAC_KEN_SAGAMIHARA,1.0,low,2026-04-01,,DOC_KEN_KUIKI_SAGAMIHARA,県営水道の相模原水道営業所の管轄は「相模原市中央区全域」＋「相模原市緑区の以下の区域に限る（橋本周辺地域）相原、相原(1丁目～6丁目)、大島、大山町、上九沢、下九沢、田名、西橋本(1丁目～5丁目)、二本松(1丁目～4丁目)、橋本(1丁目～8丁目)、橋本台(1丁目～4丁目)、東橋本(1丁目～4丁目)、元橋本町」（DOC_KEN_KUIKI_SAGAMIHARA）。緑区の 5 系統のうち小規模浄水場 4 つ（落合＝緑区澤井、鎌沢・和田＝緑区佐野川、鳥屋＝緑区鳥屋）はいずれも津久井水道営業所の管内にあり、この橋本周辺地域には来ない。残る顔ぶれは中央区・南区と同じ谷ケ原浄水場と企業団相模原浄水場の 2 つで、主要配水系統図（DOC_KEN_NENPO_R4 p41）の給水地域「相模原市内」も両者から出ている。混合比は非公表なので FAC_KEN_SAGAMIHARA（流入辺 basis=unknown）に繋いである。町丁目ごとにどちらの系統が来るかまでは分からないので confidence は low
KEN_MIDORI:14151009001,14151009001,FAC_KEN_SAGAMIHARA,1.0,low,2026-04-01,,DOC_KEN_KUIKI_SAGAMIHARA,県営水道の相模原水道営業所の管轄は「相模原市中央区全域」＋「相模原市緑区の以下の区域に限る（橋本周辺地域）相原、相原(1丁目～6丁目)、大島、大山町、上九沢、下九沢、田名、西橋本(1丁目～5丁目)、二本松(1丁目～4丁目)、橋本(1丁目～8丁目)、橋本台(1丁目～4丁目)、東橋本(1丁目～4丁目)、元橋本町」（DOC_KEN_KUIKI_SAGAMIHARA）。緑区の 5 系統のうち小規模浄水場 4 つ（落合＝緑区澤井、鎌沢・和田＝緑区佐野川、鳥屋＝緑区鳥屋）はいずれも津久井水道営業所の管内にあり、この橋本周辺地域には来ない。残る顔ぶれは中央区・南区と同じ谷ケ原浄水場と企業団相模原浄水場の 2 つで、主要配水系統図（DOC_KEN_NENPO_R4 p41）の給水地域「相模原市内」も両者から出ている。混合比は非公表なので FAC_KEN_SAGAMIHARA（流入辺 basis=unknown）に繋いである。町丁目ごとにどちらの系統が来るかまでは分からないので confidence は low
KEN_MIDORI:14151009002,14151009002,FAC_KEN_SAGAMIHARA,1.0,low,2026-04-01,,DOC_KEN_KUIKI_SAGAMIHARA,県営水道の相模原水道営業所の管轄は「相模原市中央区全域」＋「相模原市緑区の以下の区域に限る（橋本周辺地域）相原、相原(1丁目～6丁目)、大島、大山町、上九沢、下九沢、田名、西橋本(1丁目～5丁目)、二本松(1丁目～4丁目)、橋本(1丁目～8丁目)、橋本台(1丁目～4丁目)、東橋本(1丁目～4丁目)、元橋本町」（DOC_KEN_KUIKI_SAGAMIHARA）。緑区の 5 系統のうち小規模浄水場 4 つ（落合＝緑区澤井、鎌沢・和田＝緑区佐野川、鳥屋＝緑区鳥屋）はいずれも津久井水道営業所の管内にあり、この橋本周辺地域には来ない。残る顔ぶれは中央区・南区と同じ谷ケ原浄水場と企業団相模原浄水場の 2 つで、主要配水系統図（DOC_KEN_NENPO_R4 p41）の給水地域「相模原市内」も両者から出ている。混合比は非公表なので FAC_KEN_SAGAMIHARA（流入辺 basis=unknown）に繋いである。町丁目ごとにどちらの系統が来るかまでは分からないので confidence は low
KEN_MIDORI:14151009003,14151009003,FAC_KEN_SAGAMIHARA,1.0,low,2026-04-01,,DOC_KEN_KUIKI_SAGAMIHARA,県営水道の相模原水道営業所の管轄は「相模原市中央区全域」＋「相模原市緑区の以下の区域に限る（橋本周辺地域）相原、相原(1丁目～6丁目)、大島、大山町、上九沢、下九沢、田名、西橋本(1丁目～5丁目)、二本松(1丁目～4丁目)、橋本(1丁目～8丁目)、橋本台(1丁目～4丁目)、東橋本(1丁目～4丁目)、元橋本町」（DOC_KEN_KUIKI_SAGAMIHARA）。緑区の 5 系統のうち小規模浄水場 4 つ（落合＝緑区澤井、鎌沢・和田＝緑区佐野川、鳥屋＝緑区鳥屋）はいずれも津久井水道営業所の管内にあり、この橋本周辺地域には来ない。残る顔ぶれは中央区・南区と同じ谷ケ原浄水場と企業団相模原浄水場の 2 つで、主要配水系統図（DOC_KEN_NENPO_R4 p41）の給水地域「相模原市内」も両者から出ている。混合比は非公表なので FAC_KEN_SAGAMIHARA（流入辺 basis=unknown）に繋いである。町丁目ごとにどちらの系統が来るかまでは分からないので confidence は low
KEN_MIDORI:14151009004,14151009004,FAC_KEN_SAGAMIHARA,1.0,low,2026-04-01,,DOC_KEN_KUIKI_SAGAMIHARA,県営水道の相模原水道営業所の管轄は「相模原市中央区全域」＋「相模原市緑区の以下の区域に限る（橋本周辺地域）相原、相原(1丁目～6丁目)、大島、大山町、上九沢、下九沢、田名、西橋本(1丁目～5丁目)、二本松(1丁目～4丁目)、橋本(1丁目～8丁目)、橋本台(1丁目～4丁目)、東橋本(1丁目～4丁目)、元橋本町」（DOC_KEN_KUIKI_SAGAMIHARA）。緑区の 5 系統のうち小規模浄水場 4 つ（落合＝緑区澤井、鎌沢・和田＝緑区佐野川、鳥屋＝緑区鳥屋）はいずれも津久井水道営業所の管内にあり、この橋本周辺地域には来ない。残る顔ぶれは中央区・南区と同じ谷ケ原浄水場と企業団相模原浄水場の 2 つで、主要配水系統図（DOC_KEN_NENPO_R4 p41）の給水地域「相模原市内」も両者から出ている。混合比は非公表なので FAC_KEN_SAGAMIHARA（流入辺 basis=unknown）に繋いである。町丁目ごとにどちらの系統が来るかまでは分からないので confidence は low
KEN_MIDORI:14151010000,14151010000,FAC_KEN_SAGAMIHARA,1.0,low,2026-04-01,,DOC_KEN_KUIKI_SAGAMIHARA,県営水道の相模原水道営業所の管轄は「相模原市中央区全域」＋「相模原市緑区の以下の区域に限る（橋本周辺地域）相原、相原(1丁目～6丁目)、大島、大山町、上九沢、下九沢、田名、西橋本(1丁目～5丁目)、二本松(1丁目～4丁目)、橋本(1丁目～8丁目)、橋本台(1丁目～4丁目)、東橋本(1丁目～4丁目)、元橋本町」（DOC_KEN_KUIKI_SAGAMIHARA）。緑区の 5 系統のうち小規模浄水場 4 つ（落合＝緑区澤井、鎌沢・和田＝緑区佐野川、鳥屋＝緑区鳥屋）はいずれも津久井水道営業所の管内にあり、この橋本周辺地域には来ない。残る顔ぶれは中央区・南区と同じ谷ケ原浄水場と企業団相模原浄水場の 2 つで、主要配水系統図（DOC_KEN_NENPO_R4 p41）の給水地域「相模原市内」も両者から出ている。混合比は非公表なので FAC_KEN_SAGAMIHARA（流入辺 basis=unknown）に繋いである。町丁目ごとにどちらの系統が来るかまでは分からないので confidence は low
KEN_MIDORI:14151010001,14151010001,FAC_KEN_SAGAMIHARA,1.0,low,2026-04-01,,DOC_KEN_KUIKI_SAGAMIHARA,県営水道の相模原水道営業所の管轄は「相模原市中央区全域」＋「相模原市緑区の以下の区域に限る（橋本周辺地域）相原、相原(1丁目～6丁目)、大島、大山町、上九沢、下九沢、田名、西橋本(1丁目～5丁目)、二本松(1丁目～4丁目)、橋本(1丁目～8丁目)、橋本台(1丁目～4丁目)、東橋本(1丁目～4丁目)、元橋本町」（DOC_KEN_KUIKI_SAGAMIHARA）。緑区の 5 系統のうち小規模浄水場 4 つ（落合＝緑区澤井、鎌沢・和田＝緑区佐野川、鳥屋＝緑区鳥屋）はいずれも津久井水道営業所の管内にあり、この橋本周辺地域には来ない。残る顔ぶれは中央区・南区と同じ谷ケ原浄水場と企業団相模原浄水場の 2 つで、主要配水系統図（DOC_KEN_NENPO_R4 p41）の給水地域「相模原市内」も両者から出ている。混合比は非公表なので FAC_KEN_SAGAMIHARA（流入辺 basis=unknown）に繋いである。町丁目ごとにどちらの系統が来るかまでは分からないので confidence は low
KEN_MIDORI:141510110,141510110,FAC_KEN_SAGAMIHARA,1.0,low,2026-04-01,,DOC_KEN_KUIKI_SAGAMIHARA,県営水道の相模原水道営業所の管轄は「相模原市中央区全域」＋「相模原市緑区の以下の区域に限る（橋本周辺地域）相原、相原(1丁目～6丁目)、大島、大山町、上九沢、下九沢、田名、西橋本(1丁目～5丁目)、二本松(1丁目～4丁目)、橋本(1丁目～8丁目)、橋本台(1丁目～4丁目)、東橋本(1丁目～4丁目)、元橋本町」（DOC_KEN_KUIKI_SAGAMIHARA）。緑区の 5 系統のうち小規模浄水場 4 つ（落合＝緑区澤井、鎌沢・和田＝緑区佐野川、鳥屋＝緑区鳥屋）はいずれも津久井水道営業所の管内にあり、この橋本周辺地域には来ない。残る顔ぶれは中央区・南区と同じ谷ケ原浄水場と企業団相模原浄水場の 2 つで、主要配水系統図（DOC_KEN_NENPO_R4 p41）の給水地域「相模原市内」も両者から出ている。混合比は非公表なので FAC_KEN_SAGAMIHARA（流入辺 basis=unknown）に繋いである。町丁目ごとにどちらの系統が来るかまでは分からないので confidence は low
KEN_MIDORI:14151012100,14151012100,FAC_KEN_SAGAMIHARA,1.0,low,2026-04-01,,DOC_KEN_KUIKI_SAGAMIHARA,県営水道の相模原水道営業所の管轄は「相模原市中央区全域」＋「相模原市緑区の以下の区域に限る（橋本周辺地域）相原、相原(1丁目～6丁目)、大島、大山町、上九沢、下九沢、田名、西橋本(1丁目～5丁目)、二本松(1丁目～4丁目)、橋本(1丁目～8丁目)、橋本台(1丁目～4丁目)、東橋本(1丁目～4丁目)、元橋本町」（DOC_KEN_KUIKI_SAGAMIHARA）。緑区の 5 系統のうち小規模浄水場 4 つ（落合＝緑区澤井、鎌沢・和田＝緑区佐野川、鳥屋＝緑区鳥屋）はいずれも津久井水道営業所の管内にあり、この橋本周辺地域には来ない。残る顔ぶれは中央区・南区と同じ谷ケ原浄水場と企業団相模原浄水場の 2 つで、主要配水系統図（DOC_KEN_NENPO_R4 p41）の給水地域「相模原市内」も両者から出ている。混合比は非公表なので FAC_KEN_SAGAMIHARA（流入辺 basis=unknown）に繋いである。町丁目ごとにどちらの系統が来るかまでは分からないので confidence は low
KEN_MIDORI:14151012101,14151012101,FAC_KEN_SAGAMIHARA,1.0,low,2026-04-01,,DOC_KEN_KUIKI_SAGAMIHARA,県営水道の相模原水道営業所の管轄は「相模原市中央区全域」＋「相模原市緑区の以下の区域に限る（橋本周辺地域）相原、相原(1丁目～6丁目)、大島、大山町、上九沢、下九沢、田名、西橋本(1丁目～5丁目)、二本松(1丁目～4丁目)、橋本(1丁目～8丁目)、橋本台(1丁目～4丁目)、東橋本(1丁目～4丁目)、元橋本町」（DOC_KEN_KUIKI_SAGAMIHARA）。緑区の 5 系統のうち小規模浄水場 4 つ（落合＝緑区澤井、鎌沢・和田＝緑区佐野川、鳥屋＝緑区鳥屋）はいずれも津久井水道営業所の管内にあり、この橋本周辺地域には来ない。残る顔ぶれは中央区・南区と同じ谷ケ原浄水場と企業団相模原浄水場の 2 つで、主要配水系統図（DOC_KEN_NENPO_R4 p41）の給水地域「相模原市内」も両者から出ている。混合比は非公表なので FAC_KEN_SAGAMIHARA（流入辺 basis=unknown）に繋いである。町丁目ごとにどちらの系統が来るかまでは分からないので confidence は low
KEN_MIDORI:141510122,141510122,FAC_KEN_SAGAMIHARA,1.0,low,2026-04-01,,DOC_KEN_KUIKI_SAGAMIHARA,県営水道の相模原水道営業所の管轄は「相模原市中央区全域」＋「相模原市緑区の以下の区域に限る（橋本周辺地域）相原、相原(1丁目～6丁目)、大島、大山町、上九沢、下九沢、田名、西橋本(1丁目～5丁目)、二本松(1丁目～4丁目)、橋本(1丁目～8丁目)、橋本台(1丁目～4丁目)、東橋本(1丁目～4丁目)、元橋本町」（DOC_KEN_KUIKI_SAGAMIHARA）。緑区の 5 系統のうち小規模浄水場 4 つ（落合＝緑区澤井、鎌沢・和田＝緑区佐野川、鳥屋＝緑区鳥屋）はいずれも津久井水道営業所の管内にあり、この橋本周辺地域には来ない。残る顔ぶれは中央区・南区と同じ谷ケ原浄水場と企業団相模原浄水場の 2 つで、主要配水系統図（DOC_KEN_NENPO_R4 p41）の給水地域「相模原市内」も両者から出ている。混合比は非公表なので FAC_KEN_SAGAMIHARA（流入辺 basis=unknown）に繋いである。町丁目ごとにどちらの系統が来るかまでは分からないので confidence は low
KEN_MIDORI:141510130,141510130,FAC_KEN_SAGAMIHARA,1.0,low,2026-04-01,,DOC_KEN_KUIKI_SAGAMIHARA,県営水道の相模原水道営業所の管轄は「相模原市中央区全域」＋「相模原市緑区の以下の区域に限る（橋本周辺地域）相原、相原(1丁目～6丁目)、大島、大山町、上九沢、下九沢、田名、西橋本(1丁目～5丁目)、二本松(1丁目～4丁目)、橋本(1丁目～8丁目)、橋本台(1丁目～4丁目)、東橋本(1丁目～4丁目)、元橋本町」（DOC_KEN_KUIKI_SAGAMIHARA）。緑区の 5 系統のうち小規模浄水場 4 つ（落合＝緑区澤井、鎌沢・和田＝緑区佐野川、鳥屋＝緑区鳥屋）はいずれも津久井水道営業所の管内にあり、この橋本周辺地域には来ない。残る顔ぶれは中央区・南区と同じ谷ケ原浄水場と企業団相模原浄水場の 2 つで、主要配水系統図（DOC_KEN_NENPO_R4 p41）の給水地域「相模原市内」も両者から出ている。混合比は非公表なので FAC_KEN_SAGAMIHARA（流入辺 basis=unknown）に繋いである。町丁目ごとにどちらの系統が来るかまでは分からないので confidence は low
KEN_MIDORI:141510460,141510460,FAC_KEN_YAGAHARA,1.0,low,2026-04-01,,DOC_KEN_WEP_R8,給水栓検査地点「相模原市緑区 日連＝谷ケ原浄水場系」（DOC_KEN_WEP_R8 p8 大規模浄水場系統 毎月検査）。伊勢原市大山を大山浄水場に割り付けたのと同じ根拠。大字の一部が別系統である可能性は残るので low。なお日連には県営水道の給水区域から外れる指定地番がある（DOC_KEN_KUIKI_SAGAMIHARA）
KEN_MIDORI:141510470,141510470,FAC_KEN_OCHIAI,1.0,low,2026-04-01,,DOC_KEN_WEP_R8,給水栓検査地点「相模原市緑区 名倉＝落合浄水場系」（DOC_KEN_WEP_R8 p8 小規模浄水場系統 毎月検査）。落合浄水場は「昭和42年度から藤野町沢井地区の給水を開始」（DOC_KEN_SHOUSUIGEN）。名倉の一部は葛原簡易水道（緑区名倉葛原及び日向・給水人口 291 人。DOC_SGH_KANSUI）の区域で、県営水道の区域からも指定地番が外れている（DOC_KEN_KUIKI_SAGAMIHARA）ので low
KEN_MIDORI:141510450,141510450,FAC_KEN_OCHIAI,1.0,low,2026-04-01,,DOC_KEN_SHOUSUIGEN,落合浄水場（緑区澤井・栃谷川より取水）は「昭和42年度から藤野町沢井地区の給水を開始し、昭和57年7月1日に藤野町から移管」（DOC_KEN_SHOUSUIGEN）。澤井には県営水道の区域から外れる指定地番がある（DOC_KEN_KUIKI_SAGAMIHARA）ので low
KEN_MIDORI:141510440,141510440,FAC_KEN_KAMASAWA,1.0,low,2026-04-01,,DOC_KEN_WEP_R8,給水栓検査地点「相模原市緑区 小渕＝鎌沢浄水場系」（DOC_KEN_WEP_R8 p8）
KEN_MIDORI:141510490,141510490,FAC_KEN_WADA,1.0,low,2026-04-01,,DOC_KEN_WEP_R8,給水栓検査地点「相模原市緑区 佐野川＝和田浄水場系」（DOC_KEN_WEP_R8 p8）。大字佐野川には鎌沢浄水場と和田浄水場の両方があり、県企業局のページは鎌沢浄水場を「昭和42年度から藤野町佐野川地区の給水を開始」としている（DOC_KEN_SHOUSUIGEN）。同じ大字に 2 系統があるので、令和8年度の給水栓検査地点の方を採って和田浄水場に置いた。沢井川（和田）と佐野川（鎌沢）のどちらが実際に来るかは町丁目単位では確定できないので low
KEN_MIDORI:141510320,141510320,FAC_KEN_TORIYA,1.0,low,2026-04-01,,DOC_KEN_TORIYA,「津久井町上水道事業として平成6年度から津久井町鳥屋、青山、長竹地区の給水を開始。その後、平成16年度に津久井町から県営水道への移管を受け給水を行っています」（DOC_KEN_TORIYA）。給水栓検査地点「相模原市緑区 長竹＝鳥屋浄水場系」（DOC_KEN_WEP_R8 p8）とも一致する。3 大字の全域が鳥屋系かどうかまでは書かれていないので low
KEN_MIDORI:141510330,141510330,FAC_KEN_TORIYA,1.0,low,2026-04-01,,DOC_KEN_TORIYA,「津久井町上水道事業として平成6年度から津久井町鳥屋、青山、長竹地区の給水を開始。その後、平成16年度に津久井町から県営水道への移管を受け給水を行っています」（DOC_KEN_TORIYA）。給水栓検査地点「相模原市緑区 長竹＝鳥屋浄水場系」（DOC_KEN_WEP_R8 p8）とも一致する。3 大字の全域が鳥屋系かどうかまでは書かれていないので low
KEN_MIDORI:141510350,141510350,FAC_KEN_TORIYA,1.0,low,2026-04-01,,DOC_KEN_TORIYA,「津久井町上水道事業として平成6年度から津久井町鳥屋、青山、長竹地区の給水を開始。その後、平成16年度に津久井町から県営水道への移管を受け給水を行っています」（DOC_KEN_TORIYA）。給水栓検査地点「相模原市緑区 長竹＝鳥屋浄水場系」（DOC_KEN_WEP_R8 p8）とも一致する。3 大字の全域が鳥屋系かどうかまでは書かれていないので low
KEN_MIDORI:141510290,141510290,FAC_KEN_YAGAHARA,1.0,low,2026-04-01,,DOC_KEN_NENPO_R4,"主要配水系統図（DOC_KEN_NENPO_R4 p41）で谷ケ原浄水場の中野送水管 φ500, φ200 から中野低区 → 中野高区 → 寸沢嵐 → 与瀬 と配水池が連なっている。配水池名がそのまま大字名なのでその大字に配っているとみて割り付けた。**大字全域が谷ケ原系だと書いた資料は無い**ので low。同じ連なりの貝沢・横道・奈良本・都井沢・小松は e-Stat の大字名に無いので割り付けていない"
KEN_MIDORI:141510380,141510380,FAC_KEN_YAGAHARA,1.0,low,2026-04-01,,DOC_KEN_NENPO_R4,"主要配水系統図（DOC_KEN_NENPO_R4 p41）で谷ケ原浄水場の中野送水管 φ500, φ200 から中野低区 → 中野高区 → 寸沢嵐 → 与瀬 と配水池が連なっている。配水池名がそのまま大字名なのでその大字に配っているとみて割り付けた。**大字全域が谷ケ原系だと書いた資料は無い**ので low。同じ連なりの貝沢・横道・奈良本・都井沢・小松は e-Stat の大字名に無いので割り付けていない"
KEN_MIDORI:141510420,141510420,FAC_KEN_YAGAHARA,1.0,low,2026-04-01,,DOC_KEN_NENPO_R4,"主要配水系統図（DOC_KEN_NENPO_R4 p41）で谷ケ原浄水場の中野送水管 φ500, φ200 から中野低区 → 中野高区 → 寸沢嵐 → 与瀬 と配水池が連なっている。配水池名がそのまま大字名なのでその大字に配っているとみて割り付けた。**大字全域が谷ケ原系だと書いた資料は無い**ので low。同じ連なりの貝沢・横道・奈良本・都井沢・小松は e-Stat の大字名に無いので割り付けていない"
